match_key,market_key,family,selection,point,team_side,best_price,consensus_fair_odds,books,sources,snapshots_count,dispersion_pct,steam_score
soccer|brisbane roar|wynnum wolves|2026-06-02,h2h|wynnum wolves fc||home,h2h,Wynnum Wolves FC,,home,1.615,1.615,"[""Bet365""]","[""odds_api_io""]",1,,
soccer|brisbane roar|wynnum wolves|2026-06-02,h2h|draw||,h2h,Draw,,,4.2,4.2,"[""Bet365""]","[""odds_api_io""]",1,,
soccer|brisbane roar|wynnum wolves|2026-06-02,h2h|brisbane roar fc||away,h2h,Brisbane Roar FC,,away,3.9,3.9,"[""Bet365""]","[""odds_api_io""]",1,,
soccer|brisbane roar|wynnum wolves|2026-06-02,dnb|wynnum wolves fc|0.00|home,dnb,Wynnum Wolves FC,0.0,home,1.25,1.25,"[""Bet365""]","[""odds_api_io""]",1,,
soccer|brisbane roar|wynnum wolves|2026-06-02,dnb|brisbane roar fc|0.00|away,dnb,Brisbane Roar FC,0.0,away,3.75,3.75,"[""Bet365""]","[""odds_api_io""]",1,,
soccer|brisbane roar|wynnum wolves|2026-06-02,spreads|wynnum wolves fc|-0.75|home,spreads,Wynnum Wolves FC,-0.75,home,1.8,1.7353,"[""Bet365""]","[""odds_api_io""]",2,4.146,
soccer|brisbane roar|wynnum wolves|2026-06-02,spreads|brisbane roar fc|0.75|away,spreads,Brisbane Roar FC,0.75,away,5.75,2.9677,"[""Bet365""]","[""odds_api_io""]",2,32.609,
soccer|brisbane roar|wynnum wolves|2026-06-02,totals|over|3.75|,totals,Over,3.75,,1.9,1.9,"[""Bet365""]","[""odds_api_io""]",1,,
soccer|brisbane roar|wynnum wolves|2026-06-02,totals|under|3.75|,totals,Under,3.75,,1.9,1.9,"[""Bet365""]","[""odds_api_io""]",1,,
soccer|brisbane roar|wynnum wolves|2026-06-02,totals|over|2.50|,totals,Over,2.5,,1.285,1.285,"[""Bet365""]","[""odds_api_io""]",1,,
soccer|brisbane roar|wynnum wolves|2026-06-02,totals|under|2.50|,totals,Under,2.5,,3.5,3.5,"[""Bet365""]","[""odds_api_io""]",1,,
soccer|brisbane roar|wynnum wolves|2026-06-02,btts|yes||,btts,Yes,,,1.363,1.363,"[""Bet365""]","[""odds_api_io""]",1,,
soccer|brisbane roar|wynnum wolves|2026-06-02,btts|no||,btts,No,,,3.0,3.0,"[""Bet365""]","[""odds_api_io""]",1,,
soccer|brisbane roar|wynnum wolves|2026-06-02,spreads|wynnum wolves fc|1.00|home,spreads,Wynnum Wolves FC,1.0,home,1.125,1.125,"[""Bet365""]","[""odds_api_io""]",1,,
soccer|brisbane roar|wynnum wolves|2026-06-02,spreads|brisbane roar fc|1.00|away,spreads,Brisbane Roar FC,1.0,away,8.5,3.1722,"[""Bet365""]","[""odds_api_io""]",2,39.517,
soccer|brisbane roar|wynnum wolves|2026-06-02,teamTotals|over|4.50|,teamTotals,Over,4.5,,17.0,9.4043,"[""Bet365""]","[""odds_api_io""]",2,9.502,
soccer|brisbane roar|wynnum wolves|2026-06-02,teamTotals|under|4.50|,teamTotals,Under,4.5,,1.1,1.0504,"[""Bet365""]","[""odds_api_io""]",2,8.593,
soccer|brisbane roar|wynnum wolves|2026-06-02,teamTotals|over|0.50|,teamTotals,Over,0.5,,1.25,1.1484,"[""Bet365""]","[""odds_api_io""]",2,14.162,
soccer|brisbane roar|wynnum wolves|2026-06-02,teamTotals|under|0.50|,teamTotals,Under,0.5,,8.0,5.1064,"[""Bet365""]","[""odds_api_io""]",2,14.167,
soccer|brisbane roar|wynnum wolves|2026-06-02,teamTotals|over|1.50|,teamTotals,Over,1.5,,2.2,1.6601,"[""Bet365""]","[""odds_api_io""]",2,29.564,
soccer|brisbane roar|wynnum wolves|2026-06-02,teamTotals|under|1.50|,teamTotals,Under,1.5,,3.25,2.1578,"[""Bet365""]","[""odds_api_io""]",2,31.15,
soccer|brisbane roar|wynnum wolves|2026-06-02,teamTotals|over|2.50|,teamTotals,Over,2.5,,4.5,2.7692,"[""Bet365""]","[""odds_api_io""]",2,27.778,
soccer|brisbane roar|wynnum wolves|2026-06-02,teamTotals|under|2.50|,teamTotals,Under,2.5,,1.727,1.3921,"[""Bet365""]","[""odds_api_io""]",2,27.859,
soccer|brisbane roar|wynnum wolves|2026-06-02,teamTotals|over|3.50|,teamTotals,Over,3.5,,9.0,5.2941,"[""Bet365""]","[""odds_api_io""]",2,15.556,
soccer|brisbane roar|wynnum wolves|2026-06-02,teamTotals|under|3.50|,teamTotals,Under,3.5,,1.25,1.1354,"[""Bet365""]","[""odds_api_io""]",2,16.154,
soccer|brisbane roar|wynnum wolves|2026-06-02,teamTotals|over|6.50|,teamTotals,Over,6.5,,17.0,17.0,"[""Bet365""]","[""odds_api_io""]",1,,
soccer|brisbane roar|wynnum wolves|2026-06-02,teamTotals|under|6.50|,teamTotals,Under,6.5,,1.005,1.005,"[""Bet365""]","[""odds_api_io""]",1,,
soccer|brisbane roar|wynnum wolves|2026-06-02,teamTotals|over|5.50|,teamTotals,Over,5.5,,10.5,10.5,"[""Bet365""]","[""odds_api_io""]",1,,
soccer|brisbane roar|wynnum wolves|2026-06-02,teamTotals|under|5.50|,teamTotals,Under,5.5,,1.025,1.025,"[""Bet365""]","[""odds_api_io""]",1,,
soccer|brisbane roar|wynnum wolves|2026-06-02,spreads|wynnum wolves fc|-1.75|home,spreads,Wynnum Wolves FC,-1.75,home,2.6,2.6,"[""Bet365""]","[""odds_api_io""]",1,,
soccer|brisbane roar|wynnum wolves|2026-06-02,spreads|brisbane roar fc|1.75|away,spreads,Brisbane Roar FC,1.75,away,1.475,1.475,"[""Bet365""]","[""odds_api_io""]",1,,
soccer|brisbane roar|wynnum wolves|2026-06-02,spreads|wynnum wolves fc|-3.00|home,spreads,Wynnum Wolves FC,-3.0,home,6.4,6.4,"[""Bet365""]","[""odds_api_io""]",1,,
soccer|brisbane roar|wynnum wolves|2026-06-02,spreads|brisbane roar fc|3.00|away,spreads,Brisbane Roar FC,3.0,away,1.115,1.115,"[""Bet365""]","[""odds_api_io""]",1,,
soccer|brisbane roar|wynnum wolves|2026-06-02,spreads|wynnum wolves fc|-2.75|home,spreads,Wynnum Wolves FC,-2.75,home,4.65,4.65,"[""Bet365""]","[""odds_api_io""]",1,,
soccer|brisbane roar|wynnum wolves|2026-06-02,spreads|brisbane roar fc|2.75|away,spreads,Brisbane Roar FC,2.75,away,1.18,1.18,"[""Bet365""]","[""odds_api_io""]",1,,
soccer|brisbane roar|wynnum wolves|2026-06-02,spreads|wynnum wolves fc|-2.50|home,spreads,Wynnum Wolves FC,-2.5,home,3.8,3.8,"[""Bet365""]","[""odds_api_io""]",1,,
soccer|brisbane roar|wynnum wolves|2026-06-02,spreads|brisbane roar fc|2.50|away,spreads,Brisbane Roar FC,2.5,away,1.25,1.25,"[""Bet365""]","[""odds_api_io""]",1,,
soccer|brisbane roar|wynnum wolves|2026-06-02,spreads|wynnum wolves fc|-2.00|home,spreads,Wynnum Wolves FC,-2.0,home,3.3,3.3,"[""Bet365""]","[""odds_api_io""]",1,,
soccer|brisbane roar|wynnum wolves|2026-06-02,spreads|brisbane roar fc|2.00|away,spreads,Brisbane Roar FC,2.0,away,1.325,1.325,"[""Bet365""]","[""odds_api_io""]",1,,
soccer|brisbane roar|wynnum wolves|2026-06-02,spreads|wynnum wolves fc|-1.50|home,spreads,Wynnum Wolves FC,-1.5,home,2.3,2.3,"[""Bet365""]","[""odds_api_io""]",1,,
soccer|brisbane roar|wynnum wolves|2026-06-02,spreads|brisbane roar fc|1.50|away,spreads,Brisbane Roar FC,1.5,away,1.6,1.6,"[""Bet365""]","[""odds_api_io""]",1,,
soccer|brisbane roar|wynnum wolves|2026-06-02,spreads|wynnum wolves fc|-1.25|home,spreads,Wynnum Wolves FC,-1.25,home,2.075,2.075,"[""Bet365""]","[""odds_api_io""]",1,,
soccer|brisbane roar|wynnum wolves|2026-06-02,spreads|brisbane roar fc|1.25|away,spreads,Brisbane Roar FC,1.25,away,1.725,1.725,"[""Bet365""]","[""odds_api_io""]",1,,
soccer|brisbane roar|wynnum wolves|2026-06-02,spreads|wynnum wolves fc|-0.25|home,spreads,Wynnum Wolves FC,-0.25,home,1.425,1.425,"[""Bet365""]","[""odds_api_io""]",1,,
soccer|brisbane roar|wynnum wolves|2026-06-02,spreads|brisbane roar fc|0.25|away,spreads,Brisbane Roar FC,0.25,away,3.9,3.9,"[""Bet365""]","[""odds_api_io""]",1,,
soccer|brisbane roar|wynnum wolves|2026-06-02,spreads|wynnum wolves fc|0.00|home,spreads,Wynnum Wolves FC,0.0,home,1.275,1.275,"[""Bet365""]","[""odds_api_io""]",1,,
soccer|brisbane roar|wynnum wolves|2026-06-02,spreads|brisbane roar fc|-0.00|away,spreads,Brisbane Roar FC,-0.0,away,3.55,3.55,"[""Bet365""]","[""odds_api_io""]",1,,
soccer|brisbane roar|wynnum wolves|2026-06-02,spreads|wynnum wolves fc|0.25|home,spreads,Wynnum Wolves FC,0.25,home,1.24,1.24,"[""Bet365""]","[""odds_api_io""]",1,,
soccer|brisbane roar|wynnum wolves|2026-06-02,spreads|brisbane roar fc|-0.25|away,spreads,Brisbane Roar FC,-0.25,away,2.75,2.75,"[""Bet365""]","[""odds_api_io""]",1,,
soccer|brisbane roar|wynnum wolves|2026-06-02,spreads|wynnum wolves fc|0.75|home,spreads,Wynnum Wolves FC,0.75,home,1.14,1.14,"[""Bet365""]","[""odds_api_io""]",1,,
soccer|brisbane roar|wynnum wolves|2026-06-02,spreads|brisbane roar fc|-0.75|away,spreads,Brisbane Roar FC,-0.75,away,2.15,2.15,"[""Bet365""]","[""odds_api_io""]",1,,
soccer|brisbane roar|wynnum wolves|2026-06-02,spreads|wynnum wolves fc|-2.25|home,spreads,Wynnum Wolves FC,-2.25,home,3.55,3.55,"[""Bet365""]","[""odds_api_io""]",1,,
soccer|brisbane roar|wynnum wolves|2026-06-02,spreads|brisbane roar fc|2.25|away,spreads,Brisbane Roar FC,2.25,away,1.275,1.275,"[""Bet365""]","[""odds_api_io""]",1,,
soccer|brisbane roar|wynnum wolves|2026-06-02,spreads|wynnum wolves fc|-0.50|home,spreads,Wynnum Wolves FC,-0.5,home,1.55,1.55,"[""Bet365""]","[""odds_api_io""]",1,,
soccer|brisbane roar|wynnum wolves|2026-06-02,spreads|brisbane roar fc|0.50|away,spreads,Brisbane Roar FC,0.5,away,4.4,4.4,"[""Bet365""]","[""odds_api_io""]",1,,
soccer|brisbane roar|wynnum wolves|2026-06-02,spreads|wynnum wolves fc|0.50|home,spreads,Wynnum Wolves FC,0.5,home,1.2,1.2,"[""Bet365""]","[""odds_api_io""]",1,,
soccer|brisbane roar|wynnum wolves|2026-06-02,spreads|brisbane roar fc|-0.50|away,spreads,Brisbane Roar FC,-0.5,away,2.375,2.375,"[""Bet365""]","[""odds_api_io""]",1,,
soccer|brisbane roar|wynnum wolves|2026-06-02,spreads|wynnum wolves fc|-1.00|home,spreads,Wynnum Wolves FC,-1.0,home,1.85,1.85,"[""Bet365""]","[""odds_api_io""]",1,,
soccer|darwin olympic|hellenic athletic|2026-06-02,h2h|hellenic athletic club||home,h2h,Hellenic Athletic Club,,home,5.3,5.2743,"[""Bet365"", ""Unibet""]","[""odds_api_io""]",2,0.18,
soccer|darwin olympic|hellenic athletic|2026-06-02,h2h|draw||,h2h,Draw,,,4.7,4.5955,"[""Bet365"", ""Unibet""]","[""odds_api_io""]",2,0.946,
soccer|darwin olympic|hellenic athletic|2026-06-02,h2h|darwin olympic sc||away,h2h,Darwin Olympic SC,,away,1.4,1.3902,"[""Bet365"", ""Unibet""]","[""odds_api_io""]",2,1.035,
soccer|darwin olympic|hellenic athletic|2026-06-02,dnb|hellenic athletic club|0.00|home,dnb,Hellenic Athletic Club,0.0,home,6.0,6.0,"[""Bet365""]","[""odds_api_io""]",1,,
soccer|darwin olympic|hellenic athletic|2026-06-02,dnb|darwin olympic sc|0.00|away,dnb,Darwin Olympic SC,0.0,away,1.111,1.111,"[""Bet365""]","[""odds_api_io""]",1,,
soccer|darwin olympic|hellenic athletic|2026-06-02,spreads|hellenic athletic club|1.50|home,spreads,Hellenic Athletic Club,1.5,home,2.1,1.9671,"[""Bet365""]","[""odds_api_io""]",2,6.435,
soccer|darwin olympic|hellenic athletic|2026-06-02,spreads|darwin olympic sc|-1.50|away,spreads,Darwin Olympic SC,-1.5,away,1.95,1.8164,"[""Bet365""]","[""odds_api_io""]",2,7.541,
soccer|darwin olympic|hellenic athletic|2026-06-02,totals|over|4.00|,totals,Over,4.0,,1.95,1.95,"[""Bet365""]","[""odds_api_io""]",1,,
soccer|darwin olympic|hellenic athletic|2026-06-02,totals|under|4.00|,totals,Under,4.0,,1.85,1.85,"[""Bet365""]","[""odds_api_io""]",1,,
soccer|darwin olympic|hellenic athletic|2026-06-02,totals|over|2.50|,totals,Over,2.5,,1.25,1.2352,"[""Bet365"", ""Unibet""]","[""odds_api_io""]",2,1.967,
soccer|darwin olympic|hellenic athletic|2026-06-02,totals|under|2.50|,totals,Under,2.5,,3.75,3.6752,"[""Bet365"", ""Unibet""]","[""odds_api_io""]",2,1.111,
soccer|darwin olympic|hellenic athletic|2026-06-02,spreads|hellenic athletic club|-0.25|home,spreads,Hellenic Athletic Club,-0.25,home,6.8,6.8,"[""Bet365""]","[""odds_api_io""]",1,,
soccer|darwin olympic|hellenic athletic|2026-06-02,spreads|darwin olympic sc|0.25|away,spreads,Darwin Olympic SC,0.25,away,1.21,1.21,"[""Bet365""]","[""odds_api_io""]",1,,
soccer|darwin olympic|hellenic athletic|2026-06-02,spreads|hellenic athletic club|0.00|home,spreads,Hellenic Athletic Club,0.0,home,6.4,6.4,"[""Bet365""]","[""odds_api_io""]",1,,
soccer|darwin olympic|hellenic athletic|2026-06-02,spreads|darwin olympic sc|-0.00|away,spreads,Darwin Olympic SC,-0.0,away,1.115,1.115,"[""Bet365""]","[""odds_api_io""]",1,,
soccer|darwin olympic|hellenic athletic|2026-06-02,spreads|hellenic athletic club|0.25|home,spreads,Hellenic Athletic Club,0.25,home,4.25,4.25,"[""Bet365""]","[""odds_api_io""]",1,,
soccer|darwin olympic|hellenic athletic|2026-06-02,spreads|darwin olympic sc|-0.25|away,spreads,Darwin Olympic SC,-0.25,away,1.105,1.105,"[""Bet365""]","[""odds_api_io""]",1,,
soccer|darwin olympic|hellenic athletic|2026-06-02,spreads|hellenic athletic club|0.50|home,spreads,Hellenic Athletic Club,0.5,home,3.45,3.45,"[""Bet365""]","[""odds_api_io""]",1,,
soccer|darwin olympic|hellenic athletic|2026-06-02,spreads|darwin olympic sc|-0.50|away,spreads,Darwin Olympic SC,-0.5,away,1.3,1.3,"[""Bet365""]","[""odds_api_io""]",1,,
soccer|darwin olympic|hellenic athletic|2026-06-02,spreads|hellenic athletic club|0.75|home,spreads,Hellenic Athletic Club,0.75,home,3.1,3.1,"[""Bet365""]","[""odds_api_io""]",1,,
soccer|darwin olympic|hellenic athletic|2026-06-02,spreads|darwin olympic sc|-0.75|away,spreads,Darwin Olympic SC,-0.75,away,1.35,1.35,"[""Bet365""]","[""odds_api_io""]",1,,
soccer|darwin olympic|hellenic athletic|2026-06-02,spreads|hellenic athletic club|1.00|home,spreads,Hellenic Athletic Club,1.0,home,2.85,2.85,"[""Bet365""]","[""odds_api_io""]",1,,
soccer|darwin olympic|hellenic athletic|2026-06-02,spreads|darwin olympic sc|-1.00|away,spreads,Darwin Olympic SC,-1.0,away,1.4,1.4,"[""Bet365""]","[""odds_api_io""]",1,,
soccer|darwin olympic|hellenic athletic|2026-06-02,spreads|hellenic athletic club|1.25|home,spreads,Hellenic Athletic Club,1.25,home,2.375,2.375,"[""Bet365""]","[""odds_api_io""]",1,,
soccer|darwin olympic|hellenic athletic|2026-06-02,spreads|darwin olympic sc|-1.25|away,spreads,Darwin Olympic SC,-1.25,away,1.55,1.55,"[""Bet365""]","[""odds_api_io""]",1,,
soccer|darwin olympic|hellenic athletic|2026-06-02,spreads|hellenic athletic club|2.00|home,spreads,Hellenic Athletic Club,2.0,home,1.75,1.75,"[""Bet365""]","[""odds_api_io""]",1,,
soccer|darwin olympic|hellenic athletic|2026-06-02,spreads|darwin olympic sc|-2.00|away,spreads,Darwin Olympic SC,-2.0,away,2.05,2.05,"[""Bet365""]","[""odds_api_io""]",1,,
soccer|darwin olympic|hellenic athletic|2026-06-02,spreads|hellenic athletic club|2.25|home,spreads,Hellenic Athletic Club,2.25,home,1.625,1.625,"[""Bet365""]","[""odds_api_io""]",1,,
soccer|darwin olympic|hellenic athletic|2026-06-02,spreads|darwin olympic sc|-2.25|away,spreads,Darwin Olympic SC,-2.25,away,2.25,2.25,"[""Bet365""]","[""odds_api_io""]",1,,
soccer|darwin olympic|hellenic athletic|2026-06-02,spreads|hellenic athletic club|2.50|home,spreads,Hellenic Athletic Club,2.5,home,1.525,1.525,"[""Bet365""]","[""odds_api_io""]",1,,
soccer|darwin olympic|hellenic athletic|2026-06-02,spreads|darwin olympic sc|-2.50|away,spreads,Darwin Olympic SC,-2.5,away,2.425,2.425,"[""Bet365""]","[""odds_api_io""]",1,,
soccer|darwin olympic|hellenic athletic|2026-06-02,spreads|hellenic athletic club|2.75|home,spreads,Hellenic Athletic Club,2.75,home,1.425,1.425,"[""Bet365""]","[""odds_api_io""]",1,,
soccer|darwin olympic|hellenic athletic|2026-06-02,spreads|darwin olympic sc|-2.75|away,spreads,Darwin Olympic SC,-2.75,away,2.75,2.75,"[""Bet365""]","[""odds_api_io""]",1,,
soccer|darwin olympic|hellenic athletic|2026-06-02,spreads|hellenic athletic club|3.00|home,spreads,Hellenic Athletic Club,3.0,home,1.3,1.3,"[""Bet365""]","[""odds_api_io""]",1,,
soccer|darwin olympic|hellenic athletic|2026-06-02,spreads|darwin olympic sc|-3.00|away,spreads,Darwin Olympic SC,-3.0,away,3.45,3.45,"[""Bet365""]","[""odds_api_io""]",1,,
soccer|darwin olympic|hellenic athletic|2026-06-02,spreads|hellenic athletic club|3.25|home,spreads,Hellenic Athletic Club,3.25,home,1.275,1.275,"[""Bet365""]","[""odds_api_io""]",1,,
soccer|darwin olympic|hellenic athletic|2026-06-02,spreads|darwin olympic sc|-3.25|away,spreads,Darwin Olympic SC,-3.25,away,3.55,3.55,"[""Bet365""]","[""odds_api_io""]",1,,
soccer|darwin olympic|hellenic athletic|2026-06-02,spreads|hellenic athletic club|3.50|home,spreads,Hellenic Athletic Club,3.5,home,1.25,1.25,"[""Bet365""]","[""odds_api_io""]",1,,
soccer|darwin olympic|hellenic athletic|2026-06-02,spreads|darwin olympic sc|-3.50|away,spreads,Darwin Olympic SC,-3.5,away,3.8,3.8,"[""Bet365""]","[""odds_api_io""]",1,,
soccer|darwin olympic|hellenic athletic|2026-06-02,spreads|hellenic athletic club|3.75|home,spreads,Hellenic Athletic Club,3.75,home,1.19,1.19,"[""Bet365""]","[""odds_api_io""]",1,,
soccer|darwin olympic|hellenic athletic|2026-06-02,spreads|darwin olympic sc|-3.75|away,spreads,Darwin Olympic SC,-3.75,away,4.5,4.5,"[""Bet365""]","[""odds_api_io""]",1,,
soccer|darwin olympic|hellenic athletic|2026-06-02,doubleChance|1x||,doubleChance,1X,,,2.43,2.43,"[""Unibet""]","[""odds_api_io""]",1,,
soccer|darwin olympic|hellenic athletic|2026-06-02,doubleChance|12||,doubleChance,12,,,1.11,1.11,"[""Unibet""]","[""odds_api_io""]",1,,
soccer|darwin olympic|hellenic athletic|2026-06-02,doubleChance|x2||,doubleChance,X2,,,1.09,1.09,"[""Unibet""]","[""odds_api_io""]",1,,
soccer|darwin olympic|hellenic athletic|2026-06-02,totals|over|3.50|,totals,Over,3.5,,1.58,1.58,"[""Unibet""]","[""odds_api_io""]",1,,
soccer|darwin olympic|hellenic athletic|2026-06-02,totals|under|3.50|,totals,Under,3.5,,2.14,2.14,"[""Unibet""]","[""odds_api_io""]",1,,
soccer|darwin olympic|hellenic athletic|2026-06-02,totals|over|4.50|,totals,Over,4.5,,2.33,2.33,"[""Unibet""]","[""odds_api_io""]",1,,
soccer|darwin olympic|hellenic athletic|2026-06-02,totals|under|4.50|,totals,Under,4.5,,1.49,1.49,"[""Unibet""]","[""odds_api_io""]",1,,
soccer|darwin olympic|hellenic athletic|2026-06-02,totals|over|5.50|,totals,Over,5.5,,3.7,3.7,"[""Unibet""]","[""odds_api_io""]",1,,
soccer|darwin olympic|hellenic athletic|2026-06-02,totals|under|5.50|,totals,Under,5.5,,1.21,1.21,"[""Unibet""]","[""odds_api_io""]",1,,
soccer|podbeskidzie bielsko bia a|slask 2 wroclaw|2026-06-02,h2h|podbeskidzie bielsko-biała||home,h2h,Podbeskidzie Bielsko-Biała,,home,1.72,1.5579,"[""Bet365"", ""Unibet"", ""Betfair Exchange"", ""Sbobet""]","[""odds_api_io""]",4,9.428,
soccer|podbeskidzie bielsko bia a|slask 2 wroclaw|2026-06-02,h2h|draw||,h2h,Draw,,,4.6,4.0219,"[""Bet365"", ""Unibet"", ""Betfair Exchange"", ""Sbobet""]","[""odds_api_io""]",4,6.43,
soccer|podbeskidzie bielsko bia a|slask 2 wroclaw|2026-06-02,h2h|slask ii wroclaw||away,h2h,Slask II Wroclaw,,away,5.9,4.6688,"[""Bet365"", ""Unibet"", ""Betfair Exchange"", ""Sbobet""]","[""odds_api_io""]",4,9.025,
soccer|podbeskidzie bielsko bia a|slask 2 wroclaw|2026-06-02,dnb|podbeskidzie bielsko-biała|0.00|home,dnb,Podbeskidzie Bielsko-Biała,0.0,home,1.3,1.2547,"[""Bet365"", ""Unibet"", ""Betfair Exchange""]","[""odds_api_io""]",3,5.044,
soccer|podbeskidzie bielsko bia a|slask 2 wroclaw|2026-06-02,dnb|slask ii wroclaw|0.00|away,dnb,Slask II Wroclaw,0.0,away,4.7,3.6386,"[""Bet365"", ""Unibet"", ""Betfair Exchange""]","[""odds_api_io""]",3,13.811,
soccer|podbeskidzie bielsko bia a|slask 2 wroclaw|2026-06-02,spreads|podbeskidzie bielsko-biała|-1.00|home,spreads,Podbeskidzie Bielsko-Biała,-1.0,home,2.6,2.1577,"[""Bet365"", ""Unibet"", ""Betfair Exchange""]","[""odds_api_io""]",4,17.876,
soccer|podbeskidzie bielsko bia a|slask 2 wroclaw|2026-06-02,spreads|slask ii wroclaw|1.00|away,spreads,Slask II Wroclaw,1.0,away,2.68,2.1032,"[""Bet365"", ""Unibet"", ""Betfair Exchange""]","[""odds_api_io""]",4,17.034,
soccer|podbeskidzie bielsko bia a|slask 2 wroclaw|2026-06-02,totals|over|3.00|,totals,Over,3.0,,2.0,1.9747,"[""Bet365"", ""Betfair Exchange"", ""Sbobet""]","[""odds_api_io""]",3,1.948,
soccer|podbeskidzie bielsko bia a|slask 2 wroclaw|2026-06-02,totals|under|3.00|,totals,Under,3.0,,1.88,1.8513,"[""Bet365"", ""Betfair Exchange"", ""Sbobet""]","[""odds_api_io""]",3,2.364,
soccer|podbeskidzie bielsko bia a|slask 2 wroclaw|2026-06-02,totals|over|2.50|,totals,Over,2.5,,1.62,1.5971,"[""Bet365"", ""Unibet"", ""Betfair Exchange""]","[""odds_api_io""]",3,1.966,
soccer|podbeskidzie bielsko bia a|slask 2 wroclaw|2026-06-02,totals|under|2.50|,totals,Under,2.5,,2.44,2.3018,"[""Bet365"", ""Unibet"", ""Betfair Exchange""]","[""odds_api_io""]",3,5.099,
soccer|podbeskidzie bielsko bia a|slask 2 wroclaw|2026-06-02,spreads|podbeskidzie bielsko-biała|-3.00|home,spreads,Podbeskidzie Bielsko-Biała,-3.0,home,8.8,7.8525,"[""Bet365"", ""Betfair Exchange""]","[""odds_api_io""]",3,2.922,
soccer|podbeskidzie bielsko bia a|slask 2 wroclaw|2026-06-02,spreads|slask ii wroclaw|3.00|away,spreads,Slask II Wroclaw,3.0,away,1.22,1.1341,"[""Bet365"", ""Betfair Exchange""]","[""odds_api_io""]",3,9.776,
soccer|podbeskidzie bielsko bia a|slask 2 wroclaw|2026-06-02,spreads|podbeskidzie bielsko-biała|-2.75|home,spreads,Podbeskidzie Bielsko-Biała,-2.75,home,5.39,5.3204,"[""Bet365"", ""Betfair Exchange""]","[""odds_api_io""]",2,0.495,
soccer|podbeskidzie bielsko bia a|slask 2 wroclaw|2026-06-02,spreads|slask ii wroclaw|2.75|away,spreads,Slask II Wroclaw,2.75,away,1.16,1.1549,"[""Bet365"", ""Betfair Exchange""]","[""odds_api_io""]",2,0.75,
soccer|podbeskidzie bielsko bia a|slask 2 wroclaw|2026-06-02,spreads|podbeskidzie bielsko-biała|-2.25|home,spreads,Podbeskidzie Bielsko-Biała,-2.25,home,3.87,3.8353,"[""Bet365"", ""Betfair Exchange""]","[""odds_api_io""]",2,0.476,
soccer|podbeskidzie bielsko bia a|slask 2 wroclaw|2026-06-02,spreads|slask ii wroclaw|2.25|away,spreads,Slask II Wroclaw,2.25,away,1.25,1.25,"[""Bet365"", ""Betfair Exchange""]","[""odds_api_io""]",2,,
soccer|podbeskidzie bielsko bia a|slask 2 wroclaw|2026-06-02,spreads|podbeskidzie bielsko-biała|-2.00|home,spreads,Podbeskidzie Bielsko-Biała,-2.0,home,4.7,3.8901,"[""Bet365"", ""Unibet"", ""Betfair Exchange""]","[""odds_api_io""]",4,7.709,
soccer|podbeskidzie bielsko bia a|slask 2 wroclaw|2026-06-02,spreads|slask ii wroclaw|2.00|away,spreads,Slask II Wroclaw,2.0,away,1.6,1.3549,"[""Bet365"", ""Unibet"", ""Betfair Exchange""]","[""odds_api_io""]",4,15.625,
soccer|podbeskidzie bielsko bia a|slask 2 wroclaw|2026-06-02,spreads|podbeskidzie bielsko-biała|-1.75|home,spreads,Podbeskidzie Bielsko-Biała,-1.75,home,2.97,2.8578,"[""Bet365"", ""Betfair Exchange""]","[""odds_api_io""]",2,2.694,
soccer|podbeskidzie bielsko bia a|slask 2 wroclaw|2026-06-02,spreads|slask ii wroclaw|1.75|away,spreads,Slask II Wroclaw,1.75,away,1.44,1.4326,"[""Bet365"", ""Betfair Exchange""]","[""odds_api_io""]",2,0.731,
soccer|podbeskidzie bielsko bia a|slask 2 wroclaw|2026-06-02,spreads|podbeskidzie bielsko-biała|-1.50|home,spreads,Podbeskidzie Bielsko-Biała,-1.5,home,2.59,2.4798,"[""Bet365"", ""Betfair Exchange""]","[""odds_api_io""]",2,3.495,
soccer|podbeskidzie bielsko bia a|slask 2 wroclaw|2026-06-02,spreads|slask ii wroclaw|1.50|away,spreads,Slask II Wroclaw,1.5,away,1.6,1.5751,"[""Bet365"", ""Betfair Exchange""]","[""odds_api_io""]",2,2.016,
soccer|podbeskidzie bielsko bia a|slask 2 wroclaw|2026-06-02,spreads|podbeskidzie bielsko-biała|-1.25|home,spreads,Podbeskidzie Bielsko-Biała,-1.25,home,2.28,2.2143,"[""Bet365"", ""Betfair Exchange""]","[""odds_api_io""]",2,2.652,
soccer|podbeskidzie bielsko bia a|slask 2 wroclaw|2026-06-02,spreads|slask ii wroclaw|1.25|away,spreads,Slask II Wroclaw,1.25,away,1.75,1.7124,"[""Bet365"", ""Betfair Exchange""]","[""odds_api_io""]",2,2.559,
soccer|podbeskidzie bielsko bia a|slask 2 wroclaw|2026-06-02,spreads|podbeskidzie bielsko-biała|-0.25|home,spreads,Podbeskidzie Bielsko-Biała,-0.25,home,1.425,1.407,"[""Bet365"", ""Betfair Exchange""]","[""odds_api_io""]",2,1.767,
soccer|podbeskidzie bielsko bia a|slask 2 wroclaw|2026-06-02,spreads|slask ii wroclaw|0.25|away,spreads,Slask II Wroclaw,0.25,away,4.0,3.6283,"[""Bet365"", ""Betfair Exchange""]","[""odds_api_io""]",2,5.03,
soccer|podbeskidzie bielsko bia a|slask 2 wroclaw|2026-06-02,spreads|podbeskidzie bielsko-biała|0.00|home,spreads,Podbeskidzie Bielsko-Biała,0.0,home,1.275,1.2464,"[""Bet365"", ""Betfair Exchange""]","[""odds_api_io""]",2,3.536,
soccer|podbeskidzie bielsko bia a|slask 2 wroclaw|2026-06-02,spreads|slask ii wroclaw|-0.00|away,spreads,Slask II Wroclaw,-0.0,away,4.76,4.0777,"[""Bet365"", ""Betfair Exchange""]","[""odds_api_io""]",2,7.161,
soccer|podbeskidzie bielsko bia a|slask 2 wroclaw|2026-06-02,spreads|podbeskidzie bielsko-biała|0.25|home,spreads,Podbeskidzie Bielsko-Biała,0.25,home,1.23,1.2093,"[""Bet365"", ""Betfair Exchange""]","[""odds_api_io""]",2,2.733,
soccer|podbeskidzie bielsko bia a|slask 2 wroclaw|2026-06-02,spreads|slask ii wroclaw|-0.25|away,spreads,Slask II Wroclaw,-0.25,away,5.37,3.6588,"[""Bet365"", ""Betfair Exchange""]","[""odds_api_io""]",2,17.742,
soccer|podbeskidzie bielsko bia a|slask 2 wroclaw|2026-06-02,spreads|podbeskidzie bielsko-biała|-2.50|home,spreads,Podbeskidzie Bielsko-Biała,-2.5,home,4.18,4.1652,"[""Bet365"", ""Betfair Exchange""]","[""odds_api_io""]",2,0.173,
soccer|podbeskidzie bielsko bia a|slask 2 wroclaw|2026-06-02,spreads|slask ii wroclaw|2.50|away,spreads,Slask II Wroclaw,2.5,away,1.22,1.22,"[""Bet365"", ""Betfair Exchange""]","[""odds_api_io""]",2,,
soccer|podbeskidzie bielsko bia a|slask 2 wroclaw|2026-06-02,spreads|podbeskidzie bielsko-biała|-0.75|home,spreads,Podbeskidzie Bielsko-Biała,-0.75,home,1.725,1.7115,"[""Bet365"", ""Betfair Exchange"", ""Sbobet""]","[""odds_api_io""]",3,0.853,
soccer|podbeskidzie bielsko bia a|slask 2 wroclaw|2026-06-02,spreads|slask ii wroclaw|0.75|away,spreads,Slask II Wroclaw,0.75,away,5.9,2.7882,"[""Bet365"", ""Betfair Exchange"", ""Sbobet""]","[""odds_api_io""]",3,30.898,
soccer|podbeskidzie bielsko bia a|slask 2 wroclaw|2026-06-02,spreads|podbeskidzie bielsko-biała|-0.50|home,spreads,Podbeskidzie Bielsko-Biała,-0.5,home,1.575,1.5673,"[""Bet365"", ""Betfair Exchange""]","[""odds_api_io""]",2,0.611,
soccer|podbeskidzie bielsko bia a|slask 2 wroclaw|2026-06-02,spreads|slask ii wroclaw|0.50|away,spreads,Slask II Wroclaw,0.5,away,4.4,3.3242,"[""Bet365"", ""Betfair Exchange""]","[""odds_api_io""]",2,14.447,
soccer|podbeskidzie bielsko bia a|slask 2 wroclaw|2026-06-02,spreads|podbeskidzie bielsko-biała|0.50|home,spreads,Podbeskidzie Bielsko-Biała,0.5,home,1.2,1.1845,"[""Bet365"", ""Betfair Exchange""]","[""odds_api_io""]",2,2.137,
soccer|podbeskidzie bielsko bia a|slask 2 wroclaw|2026-06-02,spreads|slask ii wroclaw|-0.50|away,spreads,Slask II Wroclaw,-0.5,away,5.8,3.3707,"[""Bet365"", ""Betfair Exchange""]","[""odds_api_io""]",2,25.312,
soccer|podbeskidzie bielsko bia a|slask 2 wroclaw|2026-06-02,spreads|podbeskidzie bielsko-biała|0.75|home,spreads,Podbeskidzie Bielsko-Biała,0.75,home,1.13,1.1145,"[""Bet365"", ""Betfair Exchange""]","[""odds_api_io""]",2,2.414,
soccer|podbeskidzie bielsko bia a|slask 2 wroclaw|2026-06-02,spreads|slask ii wroclaw|-0.75|away,spreads,Slask II Wroclaw,-0.75,away,8.02,3.3327,"[""Bet365"", ""Betfair Exchange""]","[""odds_api_io""]",2,35.724,
soccer|podbeskidzie bielsko bia a|slask 2 wroclaw|2026-06-02,doubleChance|1x||,doubleChance,1X,,,1.17,1.1603,"[""Unibet"", ""Betfair Exchange""]","[""odds_api_io""]",2,1.486,
soccer|podbeskidzie bielsko bia a|slask 2 wroclaw|2026-06-02,doubleChance|12||,doubleChance,12,,,1.42,1.3261,"[""Unibet"", ""Betfair Exchange""]","[""odds_api_io""]",2,9.577,
soccer|podbeskidzie bielsko bia a|slask 2 wroclaw|2026-06-02,doubleChance|x2||,doubleChance,X2,,,2.68,1.9384,"[""Unibet"", ""Betfair Exchange""]","[""odds_api_io""]",2,29.801,
soccer|podbeskidzie bielsko bia a|slask 2 wroclaw|2026-06-02,totals|over|3.50|,totals,Over,3.5,,2.6,2.5157,"[""Unibet"", ""Betfair Exchange""]","[""odds_api_io""]",2,2.691,
soccer|podbeskidzie bielsko bia a|slask 2 wroclaw|2026-06-02,totals|under|3.50|,totals,Under,3.5,,1.56,1.5104,"[""Unibet"", ""Betfair Exchange""]","[""odds_api_io""]",2,4.391,
soccer|podbeskidzie bielsko bia a|slask 2 wroclaw|2026-06-02,totals|over|4.50|,totals,Over,4.5,,4.84,4.5107,"[""Unibet"", ""Betfair Exchange""]","[""odds_api_io""]",2,3.148,
soccer|podbeskidzie bielsko bia a|slask 2 wroclaw|2026-06-02,totals|under|4.50|,totals,Under,4.5,,1.24,1.2003,"[""Unibet"", ""Betfair Exchange""]","[""odds_api_io""]",2,5.562,
soccer|podbeskidzie bielsko bia a|slask 2 wroclaw|2026-06-02,totals|over|1.50|,totals,Over,1.5,,1.2,1.1805,"[""Unibet"", ""Betfair Exchange""]","[""odds_api_io""]",2,2.874,
soccer|podbeskidzie bielsko bia a|slask 2 wroclaw|2026-06-02,totals|under|1.50|,totals,Under,1.5,,5.3,4.7091,"[""Unibet"", ""Betfair Exchange""]","[""odds_api_io""]",2,4.942,
soccer|podbeskidzie bielsko bia a|slask 2 wroclaw|2026-06-02,btts|yes||,btts,Yes,,,1.71,1.6134,"[""Unibet"", ""Betfair Exchange""]","[""odds_api_io""]",2,7.31,
soccer|podbeskidzie bielsko bia a|slask 2 wroclaw|2026-06-02,btts|no||,btts,No,,,2.23,2.2248,"[""Unibet"", ""Betfair Exchange""]","[""odds_api_io""]",2,0.202,
soccer|podbeskidzie bielsko bia a|slask 2 wroclaw|2026-06-02,teamTotals|over|1.50|,teamTotals,Over,1.5,,2.63,1.9973,"[""Unibet""]","[""odds_api_io""]",2,24.089,
soccer|podbeskidzie bielsko bia a|slask 2 wroclaw|2026-06-02,teamTotals|under|1.50|,teamTotals,Under,1.5,,2.04,1.6392,"[""Unibet""]","[""odds_api_io""]",2,23.973,
soccer|podbeskidzie bielsko bia a|slask 2 wroclaw|2026-06-02,spreads|podbeskidzie bielsko-biała|1.00|home,spreads,Podbeskidzie Bielsko-Biała,1.0,home,1.17,1.1012,"[""Betfair Exchange""]","[""odds_api_io""]",2,10.684,
soccer|podbeskidzie bielsko bia a|slask 2 wroclaw|2026-06-02,spreads|slask ii wroclaw|-1.00|away,spreads,Slask II Wroclaw,-1.0,away,13.0,12.9498,"[""Betfair Exchange""]","[""odds_api_io""]",2,0.06,
soccer|podbeskidzie bielsko bia a|slask 2 wroclaw|2026-06-02,spreads|podbeskidzie bielsko-biała|1.25|home,spreads,Podbeskidzie Bielsko-Biała,1.25,home,1.04,1.04,"[""Betfair Exchange""]","[""odds_api_io""]",1,,
soccer|podbeskidzie bielsko bia a|slask 2 wroclaw|2026-06-02,spreads|slask ii wroclaw|-1.25|away,spreads,Slask II Wroclaw,-1.25,away,12.67,12.67,"[""Betfair Exchange""]","[""odds_api_io""]",1,,
soccer|podbeskidzie bielsko bia a|slask 2 wroclaw|2026-06-02,spreads|podbeskidzie bielsko-biała|1.50|home,spreads,Podbeskidzie Bielsko-Biała,1.5,home,1.04,1.04,"[""Betfair Exchange""]","[""odds_api_io""]",1,,
soccer|podbeskidzie bielsko bia a|slask 2 wroclaw|2026-06-02,spreads|slask ii wroclaw|-1.50|away,spreads,Slask II Wroclaw,-1.5,away,13.26,13.26,"[""Betfair Exchange""]","[""odds_api_io""]",1,,
soccer|podbeskidzie bielsko bia a|slask 2 wroclaw|2026-06-02,spreads|podbeskidzie bielsko-biała|1.75|home,spreads,Podbeskidzie Bielsko-Biała,1.75,home,1.02,1.02,"[""Betfair Exchange""]","[""odds_api_io""]",1,,
soccer|podbeskidzie bielsko bia a|slask 2 wroclaw|2026-06-02,spreads|slask ii wroclaw|-1.75|away,spreads,Slask II Wroclaw,-1.75,away,20.96,20.96,"[""Betfair Exchange""]","[""odds_api_io""]",1,,
soccer|podbeskidzie bielsko bia a|slask 2 wroclaw|2026-06-02,spreads|podbeskidzie bielsko-biała|2.50|home,spreads,Podbeskidzie Bielsko-Biała,2.5,home,1.01,1.01,"[""Betfair Exchange""]","[""odds_api_io""]",1,,
soccer|podbeskidzie bielsko bia a|slask 2 wroclaw|2026-06-02,spreads|slask ii wroclaw|-2.50|away,spreads,Slask II Wroclaw,-2.5,away,34.33,34.33,"[""Betfair Exchange""]","[""odds_api_io""]",1,,
soccer|podbeskidzie bielsko bia a|slask 2 wroclaw|2026-06-02,spreads|podbeskidzie bielsko-biała|2.25|home,spreads,Podbeskidzie Bielsko-Biała,2.25,home,1.01,1.01,"[""Betfair Exchange""]","[""odds_api_io""]",1,,
soccer|podbeskidzie bielsko bia a|slask 2 wroclaw|2026-06-02,spreads|slask ii wroclaw|-2.25|away,spreads,Slask II Wroclaw,-2.25,away,33.66,33.66,"[""Betfair Exchange""]","[""odds_api_io""]",1,,
soccer|podbeskidzie bielsko bia a|slask 2 wroclaw|2026-06-02,spreads|podbeskidzie bielsko-biała|-3.25|home,spreads,Podbeskidzie Bielsko-Biała,-3.25,home,8.41,8.41,"[""Betfair Exchange""]","[""odds_api_io""]",1,,
soccer|podbeskidzie bielsko bia a|slask 2 wroclaw|2026-06-02,spreads|slask ii wroclaw|3.25|away,spreads,Slask II Wroclaw,3.25,away,1.09,1.09,"[""Betfair Exchange""]","[""odds_api_io""]",1,,
soccer|podbeskidzie bielsko bia a|slask 2 wroclaw|2026-06-02,spreads|podbeskidzie bielsko-biała|-3.50|home,spreads,Podbeskidzie Bielsko-Biała,-3.5,home,8.83,8.83,"[""Betfair Exchange""]","[""odds_api_io""]",1,,
soccer|podbeskidzie bielsko bia a|slask 2 wroclaw|2026-06-02,spreads|slask ii wroclaw|3.50|away,spreads,Slask II Wroclaw,3.5,away,1.08,1.08,"[""Betfair Exchange""]","[""odds_api_io""]",1,,
soccer|podbeskidzie bielsko bia a|slask 2 wroclaw|2026-06-02,spreads|podbeskidzie bielsko-biała|-3.75|home,spreads,Podbeskidzie Bielsko-Biała,-3.75,home,12.11,12.11,"[""Betfair Exchange""]","[""odds_api_io""]",1,,
soccer|podbeskidzie bielsko bia a|slask 2 wroclaw|2026-06-02,spreads|slask ii wroclaw|3.75|away,spreads,Slask II Wroclaw,3.75,away,1.06,1.06,"[""Betfair Exchange""]","[""odds_api_io""]",1,,
soccer|podbeskidzie bielsko bia a|slask 2 wroclaw|2026-06-02,spreads|podbeskidzie bielsko-biała|2.00|home,spreads,Podbeskidzie Bielsko-Biała,2.0,home,1.04,1.0248,"[""Betfair Exchange""]","[""odds_api_io""]",2,2.856,
soccer|podbeskidzie bielsko bia a|slask 2 wroclaw|2026-06-02,spreads|slask ii wroclaw|-2.00|away,spreads,Slask II Wroclaw,-2.0,away,34.0,33.4874,"[""Betfair Exchange""]","[""odds_api_io""]",2,0.09,
soccer|podbeskidzie bielsko bia a|slask 2 wroclaw|2026-06-02,totals|over|6.00|,totals,Over,6.0,,19.91,19.91,"[""Betfair Exchange""]","[""odds_api_io""]",1,,
soccer|podbeskidzie bielsko bia a|slask 2 wroclaw|2026-06-02,totals|under|6.00|,totals,Under,6.0,,1.02,1.02,"[""Betfair Exchange""]","[""odds_api_io""]",1,,
soccer|podbeskidzie bielsko bia a|slask 2 wroclaw|2026-06-02,totals|over|5.50|,totals,Over,5.5,,10.09,10.09,"[""Betfair Exchange""]","[""odds_api_io""]",1,,
soccer|podbeskidzie bielsko bia a|slask 2 wroclaw|2026-06-02,totals|under|5.50|,totals,Under,5.5,,1.09,1.09,"[""Betfair Exchange""]","[""odds_api_io""]",1,,
soccer|podbeskidzie bielsko bia a|slask 2 wroclaw|2026-06-02,totals|over|3.25|,totals,Over,3.25,,2.3,2.3,"[""Betfair Exchange""]","[""odds_api_io""]",1,,
soccer|podbeskidzie bielsko bia a|slask 2 wroclaw|2026-06-02,totals|under|3.25|,totals,Under,3.25,,1.68,1.68,"[""Betfair Exchange""]","[""odds_api_io""]",1,,
soccer|podbeskidzie bielsko bia a|slask 2 wroclaw|2026-06-02,totals|over|2.75|,totals,Over,2.75,,1.76,1.76,"[""Betfair Exchange""]","[""odds_api_io""]",1,,
soccer|podbeskidzie bielsko bia a|slask 2 wroclaw|2026-06-02,totals|under|2.75|,totals,Under,2.75,,2.14,2.14,"[""Betfair Exchange""]","[""odds_api_io""]",1,,
soccer|podbeskidzie bielsko bia a|slask 2 wroclaw|2026-06-02,totals|over|6.25|,totals,Over,6.25,,20.45,20.45,"[""Betfair Exchange""]","[""odds_api_io""]",1,,
soccer|podbeskidzie bielsko bia a|slask 2 wroclaw|2026-06-02,totals|under|6.25|,totals,Under,6.25,,1.02,1.02,"[""Betfair Exchange""]","[""odds_api_io""]",1,,
soccer|podbeskidzie bielsko bia a|slask 2 wroclaw|2026-06-02,totals|over|4.25|,totals,Over,4.25,,4.41,4.41,"[""Betfair Exchange""]","[""odds_api_io""]",1,,
soccer|podbeskidzie bielsko bia a|slask 2 wroclaw|2026-06-02,totals|under|4.25|,totals,Under,4.25,,1.26,1.26,"[""Betfair Exchange""]","[""odds_api_io""]",1,,
soccer|podbeskidzie bielsko bia a|slask 2 wroclaw|2026-06-02,totals|over|6.50|,totals,Over,6.5,,21.0,21.0,"[""Betfair Exchange""]","[""odds_api_io""]",1,,
soccer|podbeskidzie bielsko bia a|slask 2 wroclaw|2026-06-02,totals|under|6.50|,totals,Under,6.5,,1.02,1.02,"[""Betfair Exchange""]","[""odds_api_io""]",1,,
soccer|podbeskidzie bielsko bia a|slask 2 wroclaw|2026-06-02,totals|over|7.00|,totals,Over,7.0,,49.57,49.57,"[""Betfair Exchange""]","[""odds_api_io""]",1,,
soccer|podbeskidzie bielsko bia a|slask 2 wroclaw|2026-06-02,totals|under|7.00|,totals,Under,7.0,,1.01,1.01,"[""Betfair Exchange""]","[""odds_api_io""]",1,,
soccer|podbeskidzie bielsko bia a|slask 2 wroclaw|2026-06-02,totals|over|6.75|,totals,Over,6.75,,29.33,29.33,"[""Betfair Exchange""]","[""odds_api_io""]",1,,
soccer|podbeskidzie bielsko bia a|slask 2 wroclaw|2026-06-02,totals|under|6.75|,totals,Under,6.75,,1.01,1.01,"[""Betfair Exchange""]","[""odds_api_io""]",1,,
soccer|podbeskidzie bielsko bia a|slask 2 wroclaw|2026-06-02,totals|over|7.25|,totals,Over,7.25,,50.28,50.28,"[""Betfair Exchange""]","[""odds_api_io""]",1,,
soccer|podbeskidzie bielsko bia a|slask 2 wroclaw|2026-06-02,totals|under|7.25|,totals,Under,7.25,,1.01,1.01,"[""Betfair Exchange""]","[""odds_api_io""]",1,,
soccer|podbeskidzie bielsko bia a|slask 2 wroclaw|2026-06-02,totals|over|5.75|,totals,Over,5.75,,13.28,13.28,"[""Betfair Exchange""]","[""odds_api_io""]",1,,
soccer|podbeskidzie bielsko bia a|slask 2 wroclaw|2026-06-02,totals|under|5.75|,totals,Under,5.75,,1.05,1.05,"[""Betfair Exchange""]","[""odds_api_io""]",1,,
soccer|podbeskidzie bielsko bia a|slask 2 wroclaw|2026-06-02,totals|over|2.25|,totals,Over,2.25,,1.44,1.44,"[""Betfair Exchange""]","[""odds_api_io""]",1,,
soccer|podbeskidzie bielsko bia a|slask 2 wroclaw|2026-06-02,totals|under|2.25|,totals,Under,2.25,,2.93,2.93,"[""Betfair Exchange""]","[""odds_api_io""]",1,,
soccer|podbeskidzie bielsko bia a|slask 2 wroclaw|2026-06-02,totals|over|4.75|,totals,Over,4.75,,6.19,6.19,"[""Betfair Exchange""]","[""odds_api_io""]",1,,
soccer|podbeskidzie bielsko bia a|slask 2 wroclaw|2026-06-02,totals|under|4.75|,totals,Under,4.75,,1.15,1.15,"[""Betfair Exchange""]","[""odds_api_io""]",1,,
soccer|podbeskidzie bielsko bia a|slask 2 wroclaw|2026-06-02,totals|over|4.00|,totals,Over,4.0,,3.98,3.98,"[""Betfair Exchange""]","[""odds_api_io""]",1,,
soccer|podbeskidzie bielsko bia a|slask 2 wroclaw|2026-06-02,totals|under|4.00|,totals,Under,4.0,,1.29,1.29,"[""Betfair Exchange""]","[""odds_api_io""]",1,,
soccer|podbeskidzie bielsko bia a|slask 2 wroclaw|2026-06-02,totals|over|3.75|,totals,Over,3.75,,3.08,3.08,"[""Betfair Exchange""]","[""odds_api_io""]",1,,
soccer|podbeskidzie bielsko bia a|slask 2 wroclaw|2026-06-02,totals|under|3.75|,totals,Under,3.75,,1.42,1.42,"[""Betfair Exchange""]","[""odds_api_io""]",1,,
soccer|podbeskidzie bielsko bia a|slask 2 wroclaw|2026-06-02,totals|over|1.75|,totals,Over,1.75,,1.23,1.23,"[""Betfair Exchange""]","[""odds_api_io""]",1,,
soccer|podbeskidzie bielsko bia a|slask 2 wroclaw|2026-06-02,totals|under|1.75|,totals,Under,1.75,,4.35,4.35,"[""Betfair Exchange""]","[""odds_api_io""]",1,,
soccer|podbeskidzie bielsko bia a|slask 2 wroclaw|2026-06-02,totals|over|5.00|,totals,Over,5.0,,9.0,9.0,"[""Betfair Exchange""]","[""odds_api_io""]",1,,
soccer|podbeskidzie bielsko bia a|slask 2 wroclaw|2026-06-02,totals|under|5.00|,totals,Under,5.0,,1.1,1.1,"[""Betfair Exchange""]","[""odds_api_io""]",1,,
soccer|podbeskidzie bielsko bia a|slask 2 wroclaw|2026-06-02,totals|over|0.75|,totals,Over,0.75,,1.04,1.04,"[""Betfair Exchange""]","[""odds_api_io""]",1,,
soccer|podbeskidzie bielsko bia a|slask 2 wroclaw|2026-06-02,totals|under|0.75|,totals,Under,0.75,,16.51,16.51,"[""Betfair Exchange""]","[""odds_api_io""]",1,,
soccer|podbeskidzie bielsko bia a|slask 2 wroclaw|2026-06-02,totals|over|2.00|,totals,Over,2.0,,1.27,1.27,"[""Betfair Exchange""]","[""odds_api_io""]",1,,
soccer|podbeskidzie bielsko bia a|slask 2 wroclaw|2026-06-02,totals|under|2.00|,totals,Under,2.0,,3.94,3.94,"[""Betfair Exchange""]","[""odds_api_io""]",1,,
soccer|podbeskidzie bielsko bia a|slask 2 wroclaw|2026-06-02,totals|over|5.25|,totals,Over,5.25,,9.54,9.54,"[""Betfair Exchange""]","[""odds_api_io""]",1,,
soccer|podbeskidzie bielsko bia a|slask 2 wroclaw|2026-06-02,totals|under|5.25|,totals,Under,5.25,,1.09,1.09,"[""Betfair Exchange""]","[""odds_api_io""]",1,,
soccer|podbeskidzie bielsko bia a|slask 2 wroclaw|2026-06-02,totals|over|1.25|,totals,Over,1.25,,1.12,1.12,"[""Betfair Exchange""]","[""odds_api_io""]",1,,
soccer|podbeskidzie bielsko bia a|slask 2 wroclaw|2026-06-02,totals|under|1.25|,totals,Under,1.25,,7.63,7.63,"[""Betfair Exchange""]","[""odds_api_io""]",1,,
soccer|podbeskidzie bielsko bia a|slask 2 wroclaw|2026-06-02,totals|over|7.50|,totals,Over,7.5,,51.0,51.0,"[""Betfair Exchange""]","[""odds_api_io""]",1,,
soccer|podbeskidzie bielsko bia a|slask 2 wroclaw|2026-06-02,totals|under|7.50|,totals,Under,7.5,,1.01,1.01,"[""Betfair Exchange""]","[""odds_api_io""]",1,,
soccer|podbeskidzie bielsko bia a|slask 2 wroclaw|2026-06-02,totals|over|1.00|,totals,Over,1.0,,1.04,1.04,"[""Betfair Exchange""]","[""odds_api_io""]",1,,
soccer|podbeskidzie bielsko bia a|slask 2 wroclaw|2026-06-02,totals|under|1.00|,totals,Under,1.0,,15.56,15.56,"[""Betfair Exchange""]","[""odds_api_io""]",1,,
soccer|podbeskidzie bielsko bia a|slask 2 wroclaw|2026-06-02,totals|over|0.50|,totals,Over,0.5,,1.04,1.04,"[""Betfair Exchange""]","[""odds_api_io""]",1,,
soccer|podbeskidzie bielsko bia a|slask 2 wroclaw|2026-06-02,totals|under|0.50|,totals,Under,0.5,,17.66,17.66,"[""Betfair Exchange""]","[""odds_api_io""]",1,,
soccer|podbeskidzie bielsko bia a|slask 2 wroclaw|2026-06-02,spreads|podbeskidzie bielsko-biała|3.00|home,spreads,Podbeskidzie Bielsko-Biała,3.0,home,1.01,1.01,"[""Betfair Exchange""]","[""odds_api_io""]",1,,
soccer|podbeskidzie bielsko bia a|slask 2 wroclaw|2026-06-02,spreads|slask ii wroclaw|-3.00|away,spreads,Slask II Wroclaw,-3.0,away,1.02,1.02,"[""Betfair Exchange""]","[""odds_api_io""]",1,,
soccer|lake macquarie city|new lambton|2026-06-02,h2h|lake macquarie city fc||home,h2h,Lake Macquarie City FC,,home,2.35,2.35,"[""Bet365""]","[""odds_api_io""]",1,,
soccer|lake macquarie city|new lambton|2026-06-02,h2h|draw||,h2h,Draw,,,4.2,4.2,"[""Bet365""]","[""odds_api_io""]",1,,
soccer|lake macquarie city|new lambton|2026-06-02,h2h|new lambton fc||away,h2h,New Lambton FC,,away,2.25,2.25,"[""Bet365""]","[""odds_api_io""]",1,,
soccer|lake macquarie city|new lambton|2026-06-02,dnb|lake macquarie city fc|0.00|home,dnb,Lake Macquarie City FC,0.0,home,1.833,1.833,"[""Bet365""]","[""odds_api_io""]",1,,
soccer|lake macquarie city|new lambton|2026-06-02,dnb|new lambton fc|0.00|away,dnb,New Lambton FC,0.0,away,1.833,1.833,"[""Bet365""]","[""odds_api_io""]",1,,
soccer|lake macquarie city|new lambton|2026-06-02,spreads|lake macquarie city fc|0.00|home,spreads,Lake Macquarie City FC,0.0,home,1.95,1.95,"[""Bet365""]","[""odds_api_io""]",1,,
soccer|lake macquarie city|new lambton|2026-06-02,totals|over|4.00|,totals,Over,4.0,,1.825,1.825,"[""Bet365""]","[""odds_api_io""]",1,,
soccer|lake macquarie city|new lambton|2026-06-02,totals|under|4.00|,totals,Under,4.0,,1.975,1.975,"[""Bet365""]","[""odds_api_io""]",1,,
soccer|lake macquarie city|new lambton|2026-06-02,totals|over|2.50|,totals,Over,2.5,,1.222,1.222,"[""Bet365""]","[""odds_api_io""]",1,,
soccer|lake macquarie city|new lambton|2026-06-02,totals|under|2.50|,totals,Under,2.5,,4.0,4.0,"[""Bet365""]","[""odds_api_io""]",1,,
soccer|lake macquarie city|new lambton|2026-06-02,spreads|lake macquarie city fc|-2.00|home,spreads,Lake Macquarie City FC,-2.0,home,6.8,6.8,"[""Bet365""]","[""odds_api_io""]",1,,
soccer|lake macquarie city|new lambton|2026-06-02,spreads|new lambton fc|2.00|away,spreads,New Lambton FC,2.0,away,6.4,6.4,"[""Bet365""]","[""odds_api_io""]",1,,
soccer|lake macquarie city|new lambton|2026-06-02,spreads|lake macquarie city fc|-1.75|home,spreads,Lake Macquarie City FC,-1.75,home,5.0,5.0,"[""Bet365""]","[""odds_api_io""]",1,,
soccer|lake macquarie city|new lambton|2026-06-02,spreads|new lambton fc|1.75|away,spreads,New Lambton FC,1.75,away,4.65,4.65,"[""Bet365""]","[""odds_api_io""]",1,,
soccer|lake macquarie city|new lambton|2026-06-02,spreads|lake macquarie city fc|-1.50|home,spreads,Lake Macquarie City FC,-1.5,home,3.9,3.9,"[""Bet365""]","[""odds_api_io""]",1,,
soccer|lake macquarie city|new lambton|2026-06-02,spreads|new lambton fc|1.50|away,spreads,New Lambton FC,1.5,away,3.8,3.8,"[""Bet365""]","[""odds_api_io""]",1,,
soccer|lake macquarie city|new lambton|2026-06-02,spreads|lake macquarie city fc|-1.25|home,spreads,Lake Macquarie City FC,-1.25,home,3.7,3.7,"[""Bet365""]","[""odds_api_io""]",1,,
soccer|lake macquarie city|new lambton|2026-06-02,spreads|new lambton fc|1.25|away,spreads,New Lambton FC,1.25,away,3.55,3.55,"[""Bet365""]","[""odds_api_io""]",1,,
soccer|lake macquarie city|new lambton|2026-06-02,spreads|lake macquarie city fc|-1.00|home,spreads,Lake Macquarie City FC,-1.0,home,3.45,3.45,"[""Bet365""]","[""odds_api_io""]",1,,
soccer|lake macquarie city|new lambton|2026-06-02,spreads|new lambton fc|1.00|away,spreads,New Lambton FC,1.0,away,3.3,3.3,"[""Bet365""]","[""odds_api_io""]",1,,
soccer|lake macquarie city|new lambton|2026-06-02,spreads|lake macquarie city fc|-0.75|home,spreads,Lake Macquarie City FC,-0.75,home,2.75,2.75,"[""Bet365""]","[""odds_api_io""]",1,,
soccer|lake macquarie city|new lambton|2026-06-02,spreads|new lambton fc|0.75|away,spreads,New Lambton FC,0.75,away,2.675,2.675,"[""Bet365""]","[""odds_api_io""]",1,,
soccer|lake macquarie city|new lambton|2026-06-02,spreads|lake macquarie city fc|-0.50|home,spreads,Lake Macquarie City FC,-0.5,home,2.375,2.375,"[""Bet365""]","[""odds_api_io""]",1,,
soccer|lake macquarie city|new lambton|2026-06-02,spreads|new lambton fc|0.50|away,spreads,New Lambton FC,0.5,away,2.3,2.3,"[""Bet365""]","[""odds_api_io""]",1,,
soccer|lake macquarie city|new lambton|2026-06-02,spreads|lake macquarie city fc|-0.25|home,spreads,Lake Macquarie City FC,-0.25,home,2.15,2.15,"[""Bet365""]","[""odds_api_io""]",1,,
soccer|lake macquarie city|new lambton|2026-06-02,spreads|new lambton fc|0.25|away,spreads,New Lambton FC,0.25,away,2.075,2.075,"[""Bet365""]","[""odds_api_io""]",1,,
soccer|lake macquarie city|new lambton|2026-06-02,spreads|lake macquarie city fc|0.25|home,spreads,Lake Macquarie City FC,0.25,home,1.725,1.725,"[""Bet365""]","[""odds_api_io""]",1,,
soccer|lake macquarie city|new lambton|2026-06-02,spreads|new lambton fc|-0.25|away,spreads,New Lambton FC,-0.25,away,1.675,1.675,"[""Bet365""]","[""odds_api_io""]",1,,
soccer|lake macquarie city|new lambton|2026-06-02,spreads|lake macquarie city fc|0.50|home,spreads,Lake Macquarie City FC,0.5,home,1.6,1.6,"[""Bet365""]","[""odds_api_io""]",1,,
soccer|lake macquarie city|new lambton|2026-06-02,spreads|new lambton fc|-0.50|away,spreads,New Lambton FC,-0.5,away,1.55,1.55,"[""Bet365""]","[""odds_api_io""]",1,,
soccer|lake macquarie city|new lambton|2026-06-02,spreads|lake macquarie city fc|0.75|home,spreads,Lake Macquarie City FC,0.75,home,1.45,1.45,"[""Bet365""]","[""odds_api_io""]",1,,
soccer|lake macquarie city|new lambton|2026-06-02,spreads|new lambton fc|-0.75|away,spreads,New Lambton FC,-0.75,away,1.425,1.425,"[""Bet365""]","[""odds_api_io""]",1,,
soccer|lake macquarie city|new lambton|2026-06-02,spreads|lake macquarie city fc|1.00|home,spreads,Lake Macquarie City FC,1.0,home,1.325,1.325,"[""Bet365""]","[""odds_api_io""]",1,,
soccer|lake macquarie city|new lambton|2026-06-02,spreads|new lambton fc|-1.00|away,spreads,New Lambton FC,-1.0,away,1.3,1.3,"[""Bet365""]","[""odds_api_io""]",1,,
soccer|lake macquarie city|new lambton|2026-06-02,spreads|lake macquarie city fc|1.25|home,spreads,Lake Macquarie City FC,1.25,home,1.275,1.275,"[""Bet365""]","[""odds_api_io""]",1,,
soccer|lake macquarie city|new lambton|2026-06-02,spreads|new lambton fc|-1.25|away,spreads,New Lambton FC,-1.25,away,1.26,1.26,"[""Bet365""]","[""odds_api_io""]",1,,
soccer|lake macquarie city|new lambton|2026-06-02,spreads|lake macquarie city fc|1.50|home,spreads,Lake Macquarie City FC,1.5,home,1.25,1.25,"[""Bet365""]","[""odds_api_io""]",1,,
soccer|lake macquarie city|new lambton|2026-06-02,spreads|new lambton fc|-1.50|away,spreads,New Lambton FC,-1.5,away,1.24,1.24,"[""Bet365""]","[""odds_api_io""]",1,,
soccer|lake macquarie city|new lambton|2026-06-02,spreads|lake macquarie city fc|1.75|home,spreads,Lake Macquarie City FC,1.75,home,1.18,1.18,"[""Bet365""]","[""odds_api_io""]",1,,
soccer|lake macquarie city|new lambton|2026-06-02,spreads|new lambton fc|-1.75|away,spreads,New Lambton FC,-1.75,away,1.17,1.17,"[""Bet365""]","[""odds_api_io""]",1,,
soccer|lake macquarie city|new lambton|2026-06-02,spreads|lake macquarie city fc|2.00|home,spreads,Lake Macquarie City FC,2.0,home,1.115,1.115,"[""Bet365""]","[""odds_api_io""]",1,,
soccer|lake macquarie city|new lambton|2026-06-02,spreads|new lambton fc|-2.00|away,spreads,New Lambton FC,-2.0,away,1.105,1.105,"[""Bet365""]","[""odds_api_io""]",1,,
soccer|brisbane strikers|north star|2026-06-02,h2h|north star fc||home,h2h,North Star FC,,home,4.89,4.6911,"[""Bet365"", ""Unibet"", ""Sbobet""]","[""odds_api_io""]",3,1.772,
soccer|brisbane strikers|north star|2026-06-02,h2h|draw||,h2h,Draw,,,4.75,4.3409,"[""Bet365"", ""Unibet"", ""Sbobet""]","[""odds_api_io""]",3,3.947,
soccer|brisbane strikers|north star|2026-06-02,h2h|brisbane strikers fc||away,h2h,Brisbane Strikers FC,,away,1.55,1.4949,"[""Bet365"", ""Unibet"", ""Sbobet""]","[""odds_api_io""]",3,3.977,
soccer|brisbane strikers|north star|2026-06-02,dnb|north star fc|0.00|home,dnb,North Star FC,0.0,home,4.0,3.7392,"[""Bet365"", ""Unibet""]","[""odds_api_io""]",2,3.571,
soccer|brisbane strikers|north star|2026-06-02,dnb|brisbane strikers fc|0.00|away,dnb,Brisbane Strikers FC,0.0,away,1.222,1.2161,"[""Bet365"", ""Unibet""]","[""odds_api_io""]",2,0.812,
soccer|brisbane strikers|north star|2026-06-02,spreads|north star fc|1.25|home,spreads,North Star FC,1.25,home,1.85,1.8247,"[""Bet365"", ""Sbobet""]","[""odds_api_io""]",2,1.502,
soccer|brisbane strikers|north star|2026-06-02,spreads|brisbane strikers fc|-1.25|away,spreads,Brisbane Strikers FC,-1.25,away,2.04,1.994,"[""Bet365"", ""Sbobet""]","[""odds_api_io""]",2,2.262,
soccer|brisbane strikers|north star|2026-06-02,totals|over|3.50|,totals,Over,3.5,,2.05,1.9984,"[""Bet365"", ""Unibet"", ""Sbobet""]","[""odds_api_io""]",3,2.502,
soccer|brisbane strikers|north star|2026-06-02,totals|under|3.50|,totals,Under,3.5,,1.85,1.7671,"[""Bet365"", ""Unibet"", ""Sbobet""]","[""odds_api_io""]",3,6.922,
soccer|brisbane strikers|north star|2026-06-02,totals|over|2.50|,totals,Over,2.5,,1.42,1.3902,"[""Bet365"", ""Unibet""]","[""odds_api_io""]",2,2.945,
soccer|brisbane strikers|north star|2026-06-02,totals|under|2.50|,totals,Under,2.5,,3.0,2.7621,"[""Bet365"", ""Unibet""]","[""odds_api_io""]",2,5.882,
soccer|brisbane strikers|north star|2026-06-02,spreads|north star fc|-0.75|home,spreads,North Star FC,-0.75,home,6.0,6.0,"[""Bet365""]","[""odds_api_io""]",1,,
soccer|brisbane strikers|north star|2026-06-02,spreads|brisbane strikers fc|0.75|away,spreads,Brisbane Strikers FC,0.75,away,1.575,1.575,"[""Bet365""]","[""odds_api_io""]",1,,
soccer|brisbane strikers|north star|2026-06-02,spreads|north star fc|-0.50|home,spreads,North Star FC,-0.5,home,4.65,4.65,"[""Bet365""]","[""odds_api_io""]",1,,
soccer|brisbane strikers|north star|2026-06-02,spreads|brisbane strikers fc|0.50|away,spreads,Brisbane Strikers FC,0.5,away,1.475,1.475,"[""Bet365""]","[""odds_api_io""]",1,,
soccer|brisbane strikers|north star|2026-06-02,spreads|north star fc|-0.25|home,spreads,North Star FC,-0.25,home,4.4,4.4,"[""Bet365""]","[""odds_api_io""]",1,,
soccer|brisbane strikers|north star|2026-06-02,spreads|brisbane strikers fc|0.25|away,spreads,Brisbane Strikers FC,0.25,away,1.35,1.35,"[""Bet365""]","[""odds_api_io""]",1,,
soccer|brisbane strikers|north star|2026-06-02,spreads|north star fc|0.00|home,spreads,North Star FC,0.0,home,4.0,4.0,"[""Bet365""]","[""odds_api_io""]",1,,
soccer|brisbane strikers|north star|2026-06-02,spreads|brisbane strikers fc|-0.00|away,spreads,Brisbane Strikers FC,-0.0,away,1.23,1.23,"[""Bet365""]","[""odds_api_io""]",1,,
soccer|brisbane strikers|north star|2026-06-02,spreads|north star fc|0.25|home,spreads,North Star FC,0.25,home,3.1,3.1,"[""Bet365""]","[""odds_api_io""]",1,,
soccer|brisbane strikers|north star|2026-06-02,spreads|brisbane strikers fc|-0.25|away,spreads,Brisbane Strikers FC,-0.25,away,1.2,1.2,"[""Bet365""]","[""odds_api_io""]",1,,
soccer|brisbane strikers|north star|2026-06-02,spreads|north star fc|0.50|home,spreads,North Star FC,0.5,home,2.6,2.6,"[""Bet365""]","[""odds_api_io""]",1,,
soccer|brisbane strikers|north star|2026-06-02,spreads|brisbane strikers fc|-0.50|away,spreads,Brisbane Strikers FC,-0.5,away,1.18,1.18,"[""Bet365""]","[""odds_api_io""]",1,,
soccer|brisbane strikers|north star|2026-06-02,spreads|north star fc|0.75|home,spreads,North Star FC,0.75,home,2.35,2.35,"[""Bet365""]","[""odds_api_io""]",1,,
soccer|brisbane strikers|north star|2026-06-02,spreads|brisbane strikers fc|-0.75|away,spreads,Brisbane Strikers FC,-0.75,away,1.125,1.125,"[""Bet365""]","[""odds_api_io""]",1,,
soccer|brisbane strikers|north star|2026-06-02,spreads|north star fc|1.00|home,spreads,North Star FC,1.0,home,2.1,2.1,"[""Bet365"", ""Unibet""]","[""odds_api_io""]",2,,
soccer|brisbane strikers|north star|2026-06-02,spreads|brisbane strikers fc|-1.00|away,spreads,Brisbane Strikers FC,-1.0,away,2.17,1.901,"[""Bet365"", ""Unibet""]","[""odds_api_io""]",2,12.741,
soccer|brisbane strikers|north star|2026-06-02,spreads|north star fc|1.50|home,spreads,North Star FC,1.5,home,1.725,1.725,"[""Bet365""]","[""odds_api_io""]",1,,
soccer|brisbane strikers|north star|2026-06-02,spreads|brisbane strikers fc|-1.50|away,spreads,Brisbane Strikers FC,-1.5,away,2.075,2.075,"[""Bet365""]","[""odds_api_io""]",1,,
soccer|brisbane strikers|north star|2026-06-02,spreads|north star fc|1.75|home,spreads,North Star FC,1.75,home,1.575,1.575,"[""Bet365""]","[""odds_api_io""]",1,,
soccer|brisbane strikers|north star|2026-06-02,spreads|brisbane strikers fc|-1.75|away,spreads,Brisbane Strikers FC,-1.75,away,2.35,2.35,"[""Bet365""]","[""odds_api_io""]",1,,
soccer|brisbane strikers|north star|2026-06-02,spreads|north star fc|2.00|home,spreads,North Star FC,2.0,home,1.425,1.4226,"[""Bet365"", ""Unibet""]","[""odds_api_io""]",2,0.247,
soccer|brisbane strikers|north star|2026-06-02,spreads|brisbane strikers fc|-2.00|away,spreads,Brisbane Strikers FC,-2.0,away,3.65,3.1263,"[""Bet365"", ""Unibet""]","[""odds_api_io""]",2,8.966,
soccer|brisbane strikers|north star|2026-06-02,spreads|north star fc|2.25|home,spreads,North Star FC,2.25,home,1.375,1.375,"[""Bet365""]","[""odds_api_io""]",1,,
soccer|brisbane strikers|north star|2026-06-02,spreads|brisbane strikers fc|-2.25|away,spreads,Brisbane Strikers FC,-2.25,away,3.0,3.0,"[""Bet365""]","[""odds_api_io""]",1,,
soccer|brisbane strikers|north star|2026-06-02,spreads|north star fc|2.50|home,spreads,North Star FC,2.5,home,1.325,1.325,"[""Bet365""]","[""odds_api_io""]",1,,
soccer|brisbane strikers|north star|2026-06-02,spreads|brisbane strikers fc|-2.50|away,spreads,Brisbane Strikers FC,-2.5,away,3.3,3.3,"[""Bet365""]","[""odds_api_io""]",1,,
soccer|brisbane strikers|north star|2026-06-02,spreads|north star fc|2.75|home,spreads,North Star FC,2.75,home,1.24,1.24,"[""Bet365""]","[""odds_api_io""]",1,,
soccer|brisbane strikers|north star|2026-06-02,spreads|brisbane strikers fc|-2.75|away,spreads,Brisbane Strikers FC,-2.75,away,3.9,3.9,"[""Bet365""]","[""odds_api_io""]",1,,
soccer|brisbane strikers|north star|2026-06-02,spreads|north star fc|3.00|home,spreads,North Star FC,3.0,home,1.16,1.16,"[""Bet365""]","[""odds_api_io""]",1,,
soccer|brisbane strikers|north star|2026-06-02,spreads|brisbane strikers fc|-3.00|away,spreads,Brisbane Strikers FC,-3.0,away,5.25,5.25,"[""Bet365""]","[""odds_api_io""]",1,,
soccer|brisbane strikers|north star|2026-06-02,spreads|north star fc|3.25|home,spreads,North Star FC,3.25,home,1.15,1.15,"[""Bet365""]","[""odds_api_io""]",1,,
soccer|brisbane strikers|north star|2026-06-02,spreads|brisbane strikers fc|-3.25|away,spreads,Brisbane Strikers FC,-3.25,away,5.5,5.5,"[""Bet365""]","[""odds_api_io""]",1,,
soccer|brisbane strikers|north star|2026-06-02,doubleChance|1x||,doubleChance,1X,,,2.1,2.1,"[""Unibet""]","[""odds_api_io""]",1,,
soccer|brisbane strikers|north star|2026-06-02,doubleChance|12||,doubleChance,12,,,1.16,1.16,"[""Unibet""]","[""odds_api_io""]",1,,
soccer|brisbane strikers|north star|2026-06-02,doubleChance|x2||,doubleChance,X2,,,1.11,1.11,"[""Unibet""]","[""odds_api_io""]",1,,
soccer|brisbane strikers|north star|2026-06-02,totals|over|4.50|,totals,Over,4.5,,3.3,3.3,"[""Unibet""]","[""odds_api_io""]",1,,
soccer|brisbane strikers|north star|2026-06-02,totals|under|4.50|,totals,Under,4.5,,1.25,1.25,"[""Unibet""]","[""odds_api_io""]",1,,
soccer|brisbane strikers|north star|2026-06-02,totals|over|1.50|,totals,Over,1.5,,1.11,1.11,"[""Unibet""]","[""odds_api_io""]",1,,
soccer|brisbane strikers|north star|2026-06-02,totals|under|1.50|,totals,Under,1.5,,5.0,5.0,"[""Unibet""]","[""odds_api_io""]",1,,
soccer|brisbane strikers|north star|2026-06-02,totals|over|5.50|,totals,Over,5.5,,5.5,5.5,"[""Unibet""]","[""odds_api_io""]",1,,
soccer|brisbane strikers|north star|2026-06-02,totals|under|5.50|,totals,Under,5.5,,1.09,1.09,"[""Unibet""]","[""odds_api_io""]",1,,
soccer|brisbane strikers|north star|2026-06-02,btts|yes||,btts,Yes,,,1.49,1.49,"[""Unibet""]","[""odds_api_io""]",1,,
soccer|brisbane strikers|north star|2026-06-02,btts|no||,btts,No,,,2.43,2.43,"[""Unibet""]","[""odds_api_io""]",1,,
soccer|brisbane strikers|north star|2026-06-02,teamTotals|over|0.50|,teamTotals,Over,0.5,,1.33,1.33,"[""Unibet""]","[""odds_api_io""]",1,,
soccer|brisbane strikers|north star|2026-06-02,teamTotals|under|0.50|,teamTotals,Under,0.5,,2.8,2.8,"[""Unibet""]","[""odds_api_io""]",1,,
soccer|brisbane strikers|north star|2026-06-02,teamTotals|over|1.50|,teamTotals,Over,1.5,,1.42,1.42,"[""Unibet""]","[""odds_api_io""]",1,,
soccer|brisbane strikers|north star|2026-06-02,teamTotals|under|1.50|,teamTotals,Under,1.5,,2.48,2.48,"[""Unibet""]","[""odds_api_io""]",1,,
soccer|brisbane strikers|north star|2026-06-02,teamTotals|over|2.50|,teamTotals,Over,2.5,,2.3,2.3,"[""Unibet""]","[""odds_api_io""]",1,,
soccer|brisbane strikers|north star|2026-06-02,teamTotals|under|2.50|,teamTotals,Under,2.5,,1.48,1.48,"[""Unibet""]","[""odds_api_io""]",1,,
soccer|grange thistle|souths united|2026-06-02,h2h|grange thistle||home,h2h,Grange Thistle,,home,1.615,1.615,"[""Bet365""]","[""odds_api_io""]",1,,
soccer|grange thistle|souths united|2026-06-02,h2h|draw||,h2h,Draw,,,4.5,4.5,"[""Bet365""]","[""odds_api_io""]",1,,
soccer|grange thistle|souths united|2026-06-02,h2h|souths united fc||away,h2h,Souths United FC,,away,3.7,3.7,"[""Bet365""]","[""odds_api_io""]",1,,
soccer|grange thistle|souths united|2026-06-02,dnb|grange thistle|0.00|home,dnb,Grange Thistle,0.0,home,1.333,1.333,"[""Bet365""]","[""odds_api_io""]",1,,
soccer|grange thistle|souths united|2026-06-02,dnb|souths united fc|0.00|away,dnb,Souths United FC,0.0,away,3.25,3.25,"[""Bet365""]","[""odds_api_io""]",1,,
soccer|grange thistle|souths united|2026-06-02,spreads|grange thistle|-1.00|home,spreads,Grange Thistle,-1.0,home,1.95,1.95,"[""Bet365""]","[""odds_api_io""]",1,,
soccer|grange thistle|souths united|2026-06-02,spreads|souths united fc|1.00|away,spreads,Souths United FC,1.0,away,1.85,1.85,"[""Bet365""]","[""odds_api_io""]",1,,
soccer|grange thistle|souths united|2026-06-02,totals|over|4.25|,totals,Over,4.25,,1.925,1.925,"[""Bet365""]","[""odds_api_io""]",1,,
soccer|grange thistle|souths united|2026-06-02,totals|under|4.25|,totals,Under,4.25,,1.875,1.875,"[""Bet365""]","[""odds_api_io""]",1,,
soccer|grange thistle|souths united|2026-06-02,totals|over|2.50|,totals,Over,2.5,,1.2,1.2,"[""Bet365""]","[""odds_api_io""]",1,,
soccer|grange thistle|souths united|2026-06-02,totals|under|2.50|,totals,Under,2.5,,4.333,4.333,"[""Bet365""]","[""odds_api_io""]",1,,
soccer|grange thistle|souths united|2026-06-02,spreads|grange thistle|-3.00|home,spreads,Grange Thistle,-3.0,home,5.75,5.75,"[""Bet365""]","[""odds_api_io""]",1,,
soccer|grange thistle|souths united|2026-06-02,spreads|souths united fc|3.00|away,spreads,Souths United FC,3.0,away,1.14,1.14,"[""Bet365""]","[""odds_api_io""]",1,,
soccer|grange thistle|souths united|2026-06-02,spreads|grange thistle|-2.75|home,spreads,Grange Thistle,-2.75,home,4.25,4.25,"[""Bet365""]","[""odds_api_io""]",1,,
soccer|grange thistle|souths united|2026-06-02,spreads|souths united fc|2.75|away,spreads,Souths United FC,2.75,away,1.21,1.21,"[""Bet365""]","[""odds_api_io""]",1,,
soccer|grange thistle|souths united|2026-06-02,spreads|grange thistle|-2.50|home,spreads,Grange Thistle,-2.5,home,3.55,3.55,"[""Bet365""]","[""odds_api_io""]",1,,
soccer|grange thistle|souths united|2026-06-02,spreads|souths united fc|2.50|away,spreads,Souths United FC,2.5,away,1.275,1.275,"[""Bet365""]","[""odds_api_io""]",1,,
soccer|grange thistle|souths united|2026-06-02,spreads|grange thistle|-1.75|home,spreads,Grange Thistle,-1.75,home,2.6,2.6,"[""Bet365""]","[""odds_api_io""]",1,,
soccer|grange thistle|souths united|2026-06-02,spreads|souths united fc|1.75|away,spreads,Souths United FC,1.75,away,1.475,1.475,"[""Bet365""]","[""odds_api_io""]",1,,
soccer|grange thistle|souths united|2026-06-02,spreads|grange thistle|-1.50|home,spreads,Grange Thistle,-1.5,home,2.3,2.3,"[""Bet365""]","[""odds_api_io""]",1,,
soccer|grange thistle|souths united|2026-06-02,spreads|souths united fc|1.50|away,spreads,Souths United FC,1.5,away,1.6,1.6,"[""Bet365""]","[""odds_api_io""]",1,,
soccer|grange thistle|souths united|2026-06-02,spreads|grange thistle|-0.75|home,spreads,Grange Thistle,-0.75,home,1.75,1.75,"[""Bet365""]","[""odds_api_io""]",1,,
soccer|grange thistle|souths united|2026-06-02,spreads|souths united fc|0.75|away,spreads,Souths United FC,0.75,away,4.5,4.5,"[""Bet365""]","[""odds_api_io""]",1,,
soccer|grange thistle|souths united|2026-06-02,spreads|grange thistle|-0.50|home,spreads,Grange Thistle,-0.5,home,1.65,1.65,"[""Bet365""]","[""odds_api_io""]",1,,
soccer|grange thistle|souths united|2026-06-02,spreads|souths united fc|0.50|away,spreads,Souths United FC,0.5,away,3.8,3.8,"[""Bet365""]","[""odds_api_io""]",1,,
soccer|grange thistle|souths united|2026-06-02,spreads|grange thistle|-0.25|home,spreads,Grange Thistle,-0.25,home,1.5,1.5,"[""Bet365""]","[""odds_api_io""]",1,,
soccer|grange thistle|souths united|2026-06-02,spreads|souths united fc|0.25|away,spreads,Souths United FC,0.25,away,3.45,3.45,"[""Bet365""]","[""odds_api_io""]",1,,
soccer|grange thistle|souths united|2026-06-02,spreads|grange thistle|0.00|home,spreads,Grange Thistle,0.0,home,1.35,1.35,"[""Bet365""]","[""odds_api_io""]",1,,
soccer|grange thistle|souths united|2026-06-02,spreads|souths united fc|-0.00|away,spreads,Souths United FC,-0.0,away,3.1,3.1,"[""Bet365""]","[""odds_api_io""]",1,,
soccer|grange thistle|souths united|2026-06-02,spreads|grange thistle|0.25|home,spreads,Grange Thistle,0.25,home,1.3,1.3,"[""Bet365""]","[""odds_api_io""]",1,,
soccer|grange thistle|souths united|2026-06-02,spreads|souths united fc|-0.25|away,spreads,Souths United FC,-0.25,away,2.5,2.5,"[""Bet365""]","[""odds_api_io""]",1,,
soccer|grange thistle|souths united|2026-06-02,spreads|grange thistle|0.50|home,spreads,Grange Thistle,0.5,home,1.25,1.25,"[""Bet365""]","[""odds_api_io""]",1,,
soccer|grange thistle|souths united|2026-06-02,spreads|souths united fc|-0.50|away,spreads,Souths United FC,-0.5,away,2.2,2.2,"[""Bet365""]","[""odds_api_io""]",1,,
soccer|grange thistle|souths united|2026-06-02,spreads|grange thistle|0.75|home,spreads,Grange Thistle,0.75,home,1.19,1.19,"[""Bet365""]","[""odds_api_io""]",1,,
soccer|grange thistle|souths united|2026-06-02,spreads|souths united fc|-0.75|away,spreads,Souths United FC,-0.75,away,2.05,2.05,"[""Bet365""]","[""odds_api_io""]",1,,
soccer|grange thistle|souths united|2026-06-02,spreads|grange thistle|1.00|home,spreads,Grange Thistle,1.0,home,1.12,1.12,"[""Bet365""]","[""odds_api_io""]",1,,
soccer|grange thistle|souths united|2026-06-02,spreads|souths united fc|-1.00|away,spreads,Souths United FC,-1.0,away,6.25,6.25,"[""Bet365""]","[""odds_api_io""]",1,,
soccer|grange thistle|souths united|2026-06-02,spreads|grange thistle|-2.25|home,spreads,Grange Thistle,-2.25,home,3.45,3.45,"[""Bet365""]","[""odds_api_io""]",1,,
soccer|grange thistle|souths united|2026-06-02,spreads|souths united fc|2.25|away,spreads,Souths United FC,2.25,away,1.3,1.3,"[""Bet365""]","[""odds_api_io""]",1,,
soccer|grange thistle|souths united|2026-06-02,spreads|grange thistle|-2.00|home,spreads,Grange Thistle,-2.0,home,3.1,3.1,"[""Bet365""]","[""odds_api_io""]",1,,
soccer|grange thistle|souths united|2026-06-02,spreads|souths united fc|2.00|away,spreads,Souths United FC,2.0,away,1.35,1.35,"[""Bet365""]","[""odds_api_io""]",1,,
soccer|grange thistle|souths united|2026-06-02,spreads|grange thistle|-1.25|home,spreads,Grange Thistle,-1.25,home,2.1,2.1,"[""Bet365""]","[""odds_api_io""]",1,,
soccer|grange thistle|souths united|2026-06-02,spreads|souths united fc|1.25|away,spreads,Souths United FC,1.25,away,1.7,1.7,"[""Bet365""]","[""odds_api_io""]",1,,
soccer|fsc bukovyna chernivtsi|mfc metalurh zaporizhya|2026-06-02,h2h|mfc metalurh zaporizhya||home,h2h,MFC Metalurh Zaporizhya,,home,25.0,25.0,"[""Betfair Exchange""]","[""odds_api_io""]",1,,
soccer|fsc bukovyna chernivtsi|mfc metalurh zaporizhya|2026-06-02,h2h|draw||,h2h,Draw,,,9.4,9.4,"[""Betfair Exchange""]","[""odds_api_io""]",1,,
soccer|fsc bukovyna chernivtsi|mfc metalurh zaporizhya|2026-06-02,h2h|fsc bukovyna chernivtsi||away,h2h,FSC Bukovyna Chernivtsi,,away,1.13,1.13,"[""Betfair Exchange""]","[""odds_api_io""]",1,,
soccer|fsc bukovyna chernivtsi|mfc metalurh zaporizhya|2026-06-02,dnb|mfc metalurh zaporizhya|0.00|home,dnb,MFC Metalurh Zaporizhya,0.0,home,23.0,23.0,"[""Betfair Exchange""]","[""odds_api_io""]",1,,
soccer|fsc bukovyna chernivtsi|mfc metalurh zaporizhya|2026-06-02,dnb|fsc bukovyna chernivtsi|0.00|away,dnb,FSC Bukovyna Chernivtsi,0.0,away,1.03,1.03,"[""Betfair Exchange""]","[""odds_api_io""]",1,,
soccer|fsc bukovyna chernivtsi|mfc metalurh zaporizhya|2026-06-02,doubleChance|1x||,doubleChance,1X,,,7.2,7.2,"[""Betfair Exchange""]","[""odds_api_io""]",1,,
soccer|fsc bukovyna chernivtsi|mfc metalurh zaporizhya|2026-06-02,doubleChance|12||,doubleChance,12,,,1.08,1.08,"[""Betfair Exchange""]","[""odds_api_io""]",1,,
soccer|fsc bukovyna chernivtsi|mfc metalurh zaporizhya|2026-06-02,doubleChance|x2||,doubleChance,X2,,,1.03,1.03,"[""Betfair Exchange""]","[""odds_api_io""]",1,,
soccer|fsc bukovyna chernivtsi|mfc metalurh zaporizhya|2026-06-02,spreads|mfc metalurh zaporizhya|1.25|home,spreads,MFC Metalurh Zaporizhya,1.25,home,3.3,3.3,"[""Betfair Exchange""]","[""odds_api_io""]",1,,
soccer|fsc bukovyna chernivtsi|mfc metalurh zaporizhya|2026-06-02,spreads|fsc bukovyna chernivtsi|-1.25|away,spreads,FSC Bukovyna Chernivtsi,-1.25,away,1.32,1.32,"[""Betfair Exchange""]","[""odds_api_io""]",1,,
soccer|fsc bukovyna chernivtsi|mfc metalurh zaporizhya|2026-06-02,spreads|mfc metalurh zaporizhya|-0.50|home,spreads,MFC Metalurh Zaporizhya,-0.5,home,25.0,25.0,"[""Betfair Exchange""]","[""odds_api_io""]",1,,
soccer|fsc bukovyna chernivtsi|mfc metalurh zaporizhya|2026-06-02,spreads|fsc bukovyna chernivtsi|0.50|away,spreads,FSC Bukovyna Chernivtsi,0.5,away,1.03,1.03,"[""Betfair Exchange""]","[""odds_api_io""]",1,,
soccer|fsc bukovyna chernivtsi|mfc metalurh zaporizhya|2026-06-02,spreads|mfc metalurh zaporizhya|0.00|home,spreads,MFC Metalurh Zaporizhya,0.0,home,23.41,23.41,"[""Betfair Exchange""]","[""odds_api_io""]",1,,
soccer|fsc bukovyna chernivtsi|mfc metalurh zaporizhya|2026-06-02,spreads|fsc bukovyna chernivtsi|-0.00|away,spreads,FSC Bukovyna Chernivtsi,-0.0,away,1.03,1.03,"[""Betfair Exchange""]","[""odds_api_io""]",1,,
soccer|fsc bukovyna chernivtsi|mfc metalurh zaporizhya|2026-06-02,spreads|mfc metalurh zaporizhya|0.75|home,spreads,MFC Metalurh Zaporizhya,0.75,home,6.39,6.39,"[""Betfair Exchange""]","[""odds_api_io""]",1,,
soccer|fsc bukovyna chernivtsi|mfc metalurh zaporizhya|2026-06-02,spreads|fsc bukovyna chernivtsi|-0.75|away,spreads,FSC Bukovyna Chernivtsi,-0.75,away,1.14,1.14,"[""Betfair Exchange""]","[""odds_api_io""]",1,,
soccer|fsc bukovyna chernivtsi|mfc metalurh zaporizhya|2026-06-02,spreads|mfc metalurh zaporizhya|0.50|home,spreads,MFC Metalurh Zaporizhya,0.5,home,7.25,7.25,"[""Betfair Exchange""]","[""odds_api_io""]",1,,
soccer|fsc bukovyna chernivtsi|mfc metalurh zaporizhya|2026-06-02,spreads|fsc bukovyna chernivtsi|-0.50|away,spreads,FSC Bukovyna Chernivtsi,-0.5,away,1.13,1.13,"[""Betfair Exchange""]","[""odds_api_io""]",1,,
soccer|fsc bukovyna chernivtsi|mfc metalurh zaporizhya|2026-06-02,spreads|mfc metalurh zaporizhya|1.75|home,spreads,MFC Metalurh Zaporizhya,1.75,home,2.23,2.23,"[""Betfair Exchange""]","[""odds_api_io""]",1,,
soccer|fsc bukovyna chernivtsi|mfc metalurh zaporizhya|2026-06-02,spreads|fsc bukovyna chernivtsi|-1.75|away,spreads,FSC Bukovyna Chernivtsi,-1.75,away,1.58,1.58,"[""Betfair Exchange""]","[""odds_api_io""]",1,,
soccer|fsc bukovyna chernivtsi|mfc metalurh zaporizhya|2026-06-02,spreads|mfc metalurh zaporizhya|2.00|home,spreads,MFC Metalurh Zaporizhya,2.0,home,1.92,1.92,"[""Betfair Exchange""]","[""odds_api_io""]",1,,
soccer|fsc bukovyna chernivtsi|mfc metalurh zaporizhya|2026-06-02,spreads|fsc bukovyna chernivtsi|-2.00|away,spreads,FSC Bukovyna Chernivtsi,-2.0,away,1.74,1.74,"[""Betfair Exchange""]","[""odds_api_io""]",1,,
soccer|fsc bukovyna chernivtsi|mfc metalurh zaporizhya|2026-06-02,spreads|mfc metalurh zaporizhya|-0.25|home,spreads,MFC Metalurh Zaporizhya,-0.25,home,23.77,23.77,"[""Betfair Exchange""]","[""odds_api_io""]",1,,
soccer|fsc bukovyna chernivtsi|mfc metalurh zaporizhya|2026-06-02,spreads|fsc bukovyna chernivtsi|0.25|away,spreads,FSC Bukovyna Chernivtsi,0.25,away,1.03,1.03,"[""Betfair Exchange""]","[""odds_api_io""]",1,,
soccer|fsc bukovyna chernivtsi|mfc metalurh zaporizhya|2026-06-02,spreads|mfc metalurh zaporizhya|3.00|home,spreads,MFC Metalurh Zaporizhya,3.0,home,1.29,1.29,"[""Betfair Exchange""]","[""odds_api_io""]",1,,
soccer|fsc bukovyna chernivtsi|mfc metalurh zaporizhya|2026-06-02,spreads|fsc bukovyna chernivtsi|-3.00|away,spreads,FSC Bukovyna Chernivtsi,-3.0,away,3.08,3.08,"[""Betfair Exchange""]","[""odds_api_io""]",1,,
soccer|fsc bukovyna chernivtsi|mfc metalurh zaporizhya|2026-06-02,spreads|mfc metalurh zaporizhya|2.75|home,spreads,MFC Metalurh Zaporizhya,2.75,home,1.47,1.47,"[""Betfair Exchange""]","[""odds_api_io""]",1,,
soccer|fsc bukovyna chernivtsi|mfc metalurh zaporizhya|2026-06-02,spreads|fsc bukovyna chernivtsi|-2.75|away,spreads,FSC Bukovyna Chernivtsi,-2.75,away,2.55,2.55,"[""Betfair Exchange""]","[""odds_api_io""]",1,,
soccer|fsc bukovyna chernivtsi|mfc metalurh zaporizhya|2026-06-02,spreads|mfc metalurh zaporizhya|-0.75|home,spreads,MFC Metalurh Zaporizhya,-0.75,home,26.91,26.91,"[""Betfair Exchange""]","[""odds_api_io""]",1,,
soccer|fsc bukovyna chernivtsi|mfc metalurh zaporizhya|2026-06-02,spreads|fsc bukovyna chernivtsi|0.75|away,spreads,FSC Bukovyna Chernivtsi,0.75,away,1.01,1.01,"[""Betfair Exchange""]","[""odds_api_io""]",1,,
soccer|fsc bukovyna chernivtsi|mfc metalurh zaporizhya|2026-06-02,spreads|mfc metalurh zaporizhya|3.75|home,spreads,MFC Metalurh Zaporizhya,3.75,home,1.15,1.15,"[""Betfair Exchange""]","[""odds_api_io""]",1,,
soccer|fsc bukovyna chernivtsi|mfc metalurh zaporizhya|2026-06-02,spreads|fsc bukovyna chernivtsi|-3.75|away,spreads,FSC Bukovyna Chernivtsi,-3.75,away,3.49,3.49,"[""Betfair Exchange""]","[""odds_api_io""]",1,,
soccer|fsc bukovyna chernivtsi|mfc metalurh zaporizhya|2026-06-02,spreads|mfc metalurh zaporizhya|4.00|home,spreads,MFC Metalurh Zaporizhya,4.0,home,1.09,1.09,"[""Betfair Exchange""]","[""odds_api_io""]",1,,
soccer|fsc bukovyna chernivtsi|mfc metalurh zaporizhya|2026-06-02,spreads|fsc bukovyna chernivtsi|-4.00|away,spreads,FSC Bukovyna Chernivtsi,-4.0,away,1.49,1.49,"[""Betfair Exchange""]","[""odds_api_io""]",1,,
soccer|fsc bukovyna chernivtsi|mfc metalurh zaporizhya|2026-06-02,spreads|mfc metalurh zaporizhya|1.50|home,spreads,MFC Metalurh Zaporizhya,1.5,home,2.55,2.55,"[""Betfair Exchange""]","[""odds_api_io""]",1,,
soccer|fsc bukovyna chernivtsi|mfc metalurh zaporizhya|2026-06-02,spreads|fsc bukovyna chernivtsi|-1.50|away,spreads,FSC Bukovyna Chernivtsi,-1.5,away,1.47,1.47,"[""Betfair Exchange""]","[""odds_api_io""]",1,,
soccer|fsc bukovyna chernivtsi|mfc metalurh zaporizhya|2026-06-02,spreads|mfc metalurh zaporizhya|3.25|home,spreads,MFC Metalurh Zaporizhya,3.25,home,1.25,1.25,"[""Betfair Exchange""]","[""odds_api_io""]",1,,
soccer|fsc bukovyna chernivtsi|mfc metalurh zaporizhya|2026-06-02,spreads|fsc bukovyna chernivtsi|-3.25|away,spreads,FSC Bukovyna Chernivtsi,-3.25,away,3.14,3.14,"[""Betfair Exchange""]","[""odds_api_io""]",1,,
soccer|fsc bukovyna chernivtsi|mfc metalurh zaporizhya|2026-06-02,spreads|mfc metalurh zaporizhya|1.00|home,spreads,MFC Metalurh Zaporizhya,1.0,home,7.2,6.178,"[""Betfair Exchange""]","[""odds_api_io""]",2,4.595,
soccer|fsc bukovyna chernivtsi|mfc metalurh zaporizhya|2026-06-02,spreads|fsc bukovyna chernivtsi|-1.00|away,spreads,FSC Bukovyna Chernivtsi,-1.0,away,1.47,1.2967,"[""Betfair Exchange""]","[""odds_api_io""]",2,18.18,
soccer|fsc bukovyna chernivtsi|mfc metalurh zaporizhya|2026-06-02,spreads|mfc metalurh zaporizhya|2.50|home,spreads,MFC Metalurh Zaporizhya,2.5,home,1.54,1.54,"[""Betfair Exchange""]","[""odds_api_io""]",1,,
soccer|fsc bukovyna chernivtsi|mfc metalurh zaporizhya|2026-06-02,spreads|fsc bukovyna chernivtsi|-2.50|away,spreads,FSC Bukovyna Chernivtsi,-2.5,away,2.15,2.15,"[""Betfair Exchange""]","[""odds_api_io""]",1,,
soccer|fsc bukovyna chernivtsi|mfc metalurh zaporizhya|2026-06-02,spreads|mfc metalurh zaporizhya|0.25|home,spreads,MFC Metalurh Zaporizhya,0.25,home,10.77,10.77,"[""Betfair Exchange""]","[""odds_api_io""]",1,,
soccer|fsc bukovyna chernivtsi|mfc metalurh zaporizhya|2026-06-02,spreads|fsc bukovyna chernivtsi|-0.25|away,spreads,FSC Bukovyna Chernivtsi,-0.25,away,1.08,1.08,"[""Betfair Exchange""]","[""odds_api_io""]",1,,
soccer|fsc bukovyna chernivtsi|mfc metalurh zaporizhya|2026-06-02,spreads|mfc metalurh zaporizhya|3.50|home,spreads,MFC Metalurh Zaporizhya,3.5,home,1.21,1.21,"[""Betfair Exchange""]","[""odds_api_io""]",1,,
soccer|fsc bukovyna chernivtsi|mfc metalurh zaporizhya|2026-06-02,spreads|fsc bukovyna chernivtsi|-3.50|away,spreads,FSC Bukovyna Chernivtsi,-3.5,away,1.49,1.49,"[""Betfair Exchange""]","[""odds_api_io""]",1,,
soccer|fsc bukovyna chernivtsi|mfc metalurh zaporizhya|2026-06-02,spreads|mfc metalurh zaporizhya|2.25|home,spreads,MFC Metalurh Zaporizhya,2.25,home,1.68,1.68,"[""Betfair Exchange""]","[""odds_api_io""]",1,,
soccer|fsc bukovyna chernivtsi|mfc metalurh zaporizhya|2026-06-02,spreads|fsc bukovyna chernivtsi|-2.25|away,spreads,FSC Bukovyna Chernivtsi,-2.25,away,1.99,1.99,"[""Betfair Exchange""]","[""odds_api_io""]",1,,
soccer|fsc bukovyna chernivtsi|mfc metalurh zaporizhya|2026-06-02,totals|over|3.00|,totals,Over,3.0,,1.82,1.82,"[""Betfair Exchange""]","[""odds_api_io""]",1,,
soccer|fsc bukovyna chernivtsi|mfc metalurh zaporizhya|2026-06-02,totals|under|3.00|,totals,Under,3.0,,1.94,1.94,"[""Betfair Exchange""]","[""odds_api_io""]",1,,
soccer|fsc bukovyna chernivtsi|mfc metalurh zaporizhya|2026-06-02,totals|over|6.25|,totals,Over,6.25,,12.11,12.11,"[""Betfair Exchange""]","[""odds_api_io""]",1,,
soccer|fsc bukovyna chernivtsi|mfc metalurh zaporizhya|2026-06-02,totals|under|6.25|,totals,Under,6.25,,1.01,1.01,"[""Betfair Exchange""]","[""odds_api_io""]",1,,
soccer|fsc bukovyna chernivtsi|mfc metalurh zaporizhya|2026-06-02,totals|over|4.25|,totals,Over,4.25,,3.98,3.98,"[""Betfair Exchange""]","[""odds_api_io""]",1,,
soccer|fsc bukovyna chernivtsi|mfc metalurh zaporizhya|2026-06-02,totals|under|4.25|,totals,Under,4.25,,1.25,1.25,"[""Betfair Exchange""]","[""odds_api_io""]",1,,
soccer|fsc bukovyna chernivtsi|mfc metalurh zaporizhya|2026-06-02,totals|over|0.50|,totals,Over,0.5,,1.02,1.02,"[""Betfair Exchange""]","[""odds_api_io""]",1,,
soccer|fsc bukovyna chernivtsi|mfc metalurh zaporizhya|2026-06-02,totals|under|0.50|,totals,Under,0.5,,9.18,9.18,"[""Betfair Exchange""]","[""odds_api_io""]",1,,
soccer|fsc bukovyna chernivtsi|mfc metalurh zaporizhya|2026-06-02,totals|over|4.75|,totals,Over,4.75,,5.72,5.72,"[""Betfair Exchange""]","[""odds_api_io""]",1,,
soccer|fsc bukovyna chernivtsi|mfc metalurh zaporizhya|2026-06-02,totals|under|4.75|,totals,Under,4.75,,1.14,1.14,"[""Betfair Exchange""]","[""odds_api_io""]",1,,
soccer|fsc bukovyna chernivtsi|mfc metalurh zaporizhya|2026-06-02,totals|over|2.75|,totals,Over,2.75,,1.63,1.63,"[""Betfair Exchange""]","[""odds_api_io""]",1,,
soccer|fsc bukovyna chernivtsi|mfc metalurh zaporizhya|2026-06-02,totals|under|2.75|,totals,Under,2.75,,2.23,2.23,"[""Betfair Exchange""]","[""odds_api_io""]",1,,
soccer|fsc bukovyna chernivtsi|mfc metalurh zaporizhya|2026-06-02,totals|over|3.25|,totals,Over,3.25,,2.11,2.11,"[""Betfair Exchange""]","[""odds_api_io""]",1,,
soccer|fsc bukovyna chernivtsi|mfc metalurh zaporizhya|2026-06-02,totals|under|3.25|,totals,Under,3.25,,1.7,1.7,"[""Betfair Exchange""]","[""odds_api_io""]",1,,
soccer|fsc bukovyna chernivtsi|mfc metalurh zaporizhya|2026-06-02,totals|over|4.50|,totals,Over,4.5,,4.4,4.4,"[""Betfair Exchange""]","[""odds_api_io""]",1,,
soccer|fsc bukovyna chernivtsi|mfc metalurh zaporizhya|2026-06-02,totals|under|4.50|,totals,Under,4.5,,1.23,1.23,"[""Betfair Exchange""]","[""odds_api_io""]",1,,
soccer|fsc bukovyna chernivtsi|mfc metalurh zaporizhya|2026-06-02,totals|over|1.75|,totals,Over,1.75,,1.19,1.19,"[""Betfair Exchange""]","[""odds_api_io""]",1,,
soccer|fsc bukovyna chernivtsi|mfc metalurh zaporizhya|2026-06-02,totals|under|1.75|,totals,Under,1.75,,4.44,4.44,"[""Betfair Exchange""]","[""odds_api_io""]",1,,
soccer|fsc bukovyna chernivtsi|mfc metalurh zaporizhya|2026-06-02,totals|over|5.50|,totals,Over,5.5,,10.0,10.0,"[""Betfair Exchange""]","[""odds_api_io""]",1,,
soccer|fsc bukovyna chernivtsi|mfc metalurh zaporizhya|2026-06-02,totals|under|5.50|,totals,Under,5.5,,1.08,1.08,"[""Betfair Exchange""]","[""odds_api_io""]",1,,
soccer|fsc bukovyna chernivtsi|mfc metalurh zaporizhya|2026-06-02,totals|over|1.25|,totals,Over,1.25,,1.09,1.09,"[""Betfair Exchange""]","[""odds_api_io""]",1,,
soccer|fsc bukovyna chernivtsi|mfc metalurh zaporizhya|2026-06-02,totals|under|1.25|,totals,Under,1.25,,5.5,5.5,"[""Betfair Exchange""]","[""odds_api_io""]",1,,
soccer|fsc bukovyna chernivtsi|mfc metalurh zaporizhya|2026-06-02,totals|over|2.00|,totals,Over,2.0,,1.22,1.22,"[""Betfair Exchange""]","[""odds_api_io""]",1,,
soccer|fsc bukovyna chernivtsi|mfc metalurh zaporizhya|2026-06-02,totals|under|2.00|,totals,Under,2.0,,4.03,4.03,"[""Betfair Exchange""]","[""odds_api_io""]",1,,
soccer|fsc bukovyna chernivtsi|mfc metalurh zaporizhya|2026-06-02,totals|over|7.00|,totals,Over,7.0,,33.08,33.08,"[""Betfair Exchange""]","[""odds_api_io""]",1,,
soccer|fsc bukovyna chernivtsi|mfc metalurh zaporizhya|2026-06-02,totals|under|7.00|,totals,Under,7.0,,1.01,1.01,"[""Betfair Exchange""]","[""odds_api_io""]",1,,
soccer|fsc bukovyna chernivtsi|mfc metalurh zaporizhya|2026-06-02,totals|over|5.25|,totals,Over,5.25,,9.36,9.36,"[""Betfair Exchange""]","[""odds_api_io""]",1,,
soccer|fsc bukovyna chernivtsi|mfc metalurh zaporizhya|2026-06-02,totals|under|5.25|,totals,Under,5.25,,1.09,1.09,"[""Betfair Exchange""]","[""odds_api_io""]",1,,
soccer|fsc bukovyna chernivtsi|mfc metalurh zaporizhya|2026-06-02,totals|over|3.75|,totals,Over,3.75,,2.81,2.81,"[""Betfair Exchange""]","[""odds_api_io""]",1,,
soccer|fsc bukovyna chernivtsi|mfc metalurh zaporizhya|2026-06-02,totals|under|3.75|,totals,Under,3.75,,1.42,1.42,"[""Betfair Exchange""]","[""odds_api_io""]",1,,
soccer|fsc bukovyna chernivtsi|mfc metalurh zaporizhya|2026-06-02,totals|over|7.50|,totals,Over,7.5,,34.33,34.33,"[""Betfair Exchange""]","[""odds_api_io""]",1,,
soccer|fsc bukovyna chernivtsi|mfc metalurh zaporizhya|2026-06-02,totals|under|7.50|,totals,Under,7.5,,1.01,1.01,"[""Betfair Exchange""]","[""odds_api_io""]",1,,
soccer|fsc bukovyna chernivtsi|mfc metalurh zaporizhya|2026-06-02,totals|over|6.50|,totals,Over,6.5,,12.11,12.11,"[""Betfair Exchange""]","[""odds_api_io""]",1,,
soccer|fsc bukovyna chernivtsi|mfc metalurh zaporizhya|2026-06-02,totals|under|6.50|,totals,Under,6.5,,1.01,1.01,"[""Betfair Exchange""]","[""odds_api_io""]",1,,
soccer|fsc bukovyna chernivtsi|mfc metalurh zaporizhya|2026-06-02,totals|over|3.50|,totals,Over,3.5,,2.4,2.4,"[""Betfair Exchange""]","[""odds_api_io""]",1,,
soccer|fsc bukovyna chernivtsi|mfc metalurh zaporizhya|2026-06-02,totals|under|3.50|,totals,Under,3.5,,1.56,1.56,"[""Betfair Exchange""]","[""odds_api_io""]",1,,
soccer|fsc bukovyna chernivtsi|mfc metalurh zaporizhya|2026-06-02,totals|over|1.00|,totals,Over,1.0,,1.02,1.02,"[""Betfair Exchange""]","[""odds_api_io""]",1,,
soccer|fsc bukovyna chernivtsi|mfc metalurh zaporizhya|2026-06-02,totals|under|1.00|,totals,Under,1.0,,5.5,5.5,"[""Betfair Exchange""]","[""odds_api_io""]",1,,
soccer|fsc bukovyna chernivtsi|mfc metalurh zaporizhya|2026-06-02,totals|over|5.00|,totals,Over,5.0,,8.72,8.72,"[""Betfair Exchange""]","[""odds_api_io""]",1,,
soccer|fsc bukovyna chernivtsi|mfc metalurh zaporizhya|2026-06-02,totals|under|5.00|,totals,Under,5.0,,1.09,1.09,"[""Betfair Exchange""]","[""odds_api_io""]",1,,
soccer|fsc bukovyna chernivtsi|mfc metalurh zaporizhya|2026-06-02,totals|over|2.50|,totals,Over,2.5,,1.51,1.51,"[""Betfair Exchange""]","[""odds_api_io""]",1,,
soccer|fsc bukovyna chernivtsi|mfc metalurh zaporizhya|2026-06-02,totals|under|2.50|,totals,Under,2.5,,2.54,2.54,"[""Betfair Exchange""]","[""odds_api_io""]",1,,
soccer|fsc bukovyna chernivtsi|mfc metalurh zaporizhya|2026-06-02,totals|over|1.50|,totals,Over,1.5,,1.17,1.17,"[""Betfair Exchange""]","[""odds_api_io""]",1,,
soccer|fsc bukovyna chernivtsi|mfc metalurh zaporizhya|2026-06-02,totals|under|1.50|,totals,Under,1.5,,5.5,5.5,"[""Betfair Exchange""]","[""odds_api_io""]",1,,
soccer|fsc bukovyna chernivtsi|mfc metalurh zaporizhya|2026-06-02,totals|over|6.00|,totals,Over,6.0,,12.11,12.11,"[""Betfair Exchange""]","[""odds_api_io""]",1,,
soccer|fsc bukovyna chernivtsi|mfc metalurh zaporizhya|2026-06-02,totals|under|6.00|,totals,Under,6.0,,1.01,1.01,"[""Betfair Exchange""]","[""odds_api_io""]",1,,
soccer|fsc bukovyna chernivtsi|mfc metalurh zaporizhya|2026-06-02,totals|over|5.75|,totals,Over,5.75,,11.88,11.88,"[""Betfair Exchange""]","[""odds_api_io""]",1,,
soccer|fsc bukovyna chernivtsi|mfc metalurh zaporizhya|2026-06-02,totals|under|5.75|,totals,Under,5.75,,1.05,1.05,"[""Betfair Exchange""]","[""odds_api_io""]",1,,
soccer|fsc bukovyna chernivtsi|mfc metalurh zaporizhya|2026-06-02,totals|over|6.75|,totals,Over,6.75,,17.42,17.42,"[""Betfair Exchange""]","[""odds_api_io""]",1,,
soccer|fsc bukovyna chernivtsi|mfc metalurh zaporizhya|2026-06-02,totals|under|6.75|,totals,Under,6.75,,1.01,1.01,"[""Betfair Exchange""]","[""odds_api_io""]",1,,
soccer|fsc bukovyna chernivtsi|mfc metalurh zaporizhya|2026-06-02,totals|over|7.25|,totals,Over,7.25,,33.71,33.71,"[""Betfair Exchange""]","[""odds_api_io""]",1,,
soccer|fsc bukovyna chernivtsi|mfc metalurh zaporizhya|2026-06-02,totals|under|7.25|,totals,Under,7.25,,1.01,1.01,"[""Betfair Exchange""]","[""odds_api_io""]",1,,
soccer|fsc bukovyna chernivtsi|mfc metalurh zaporizhya|2026-06-02,totals|over|2.25|,totals,Over,2.25,,1.36,1.36,"[""Betfair Exchange""]","[""odds_api_io""]",1,,
soccer|fsc bukovyna chernivtsi|mfc metalurh zaporizhya|2026-06-02,totals|under|2.25|,totals,Under,2.25,,3.08,3.08,"[""Betfair Exchange""]","[""odds_api_io""]",1,,
soccer|fsc bukovyna chernivtsi|mfc metalurh zaporizhya|2026-06-02,totals|over|0.75|,totals,Over,0.75,,1.02,1.02,"[""Betfair Exchange""]","[""odds_api_io""]",1,,
soccer|fsc bukovyna chernivtsi|mfc metalurh zaporizhya|2026-06-02,totals|under|0.75|,totals,Under,0.75,,5.5,5.5,"[""Betfair Exchange""]","[""odds_api_io""]",1,,
soccer|fsc bukovyna chernivtsi|mfc metalurh zaporizhya|2026-06-02,totals|over|4.00|,totals,Over,4.0,,3.57,3.57,"[""Betfair Exchange""]","[""odds_api_io""]",1,,
soccer|fsc bukovyna chernivtsi|mfc metalurh zaporizhya|2026-06-02,totals|under|4.00|,totals,Under,4.0,,1.29,1.29,"[""Betfair Exchange""]","[""odds_api_io""]",1,,
soccer|fsc bukovyna chernivtsi|mfc metalurh zaporizhya|2026-06-02,btts|yes||,btts,Yes,,,2.64,2.64,"[""Betfair Exchange""]","[""odds_api_io""]",1,,
soccer|fsc bukovyna chernivtsi|mfc metalurh zaporizhya|2026-06-02,btts|no||,btts,No,,,1.46,1.46,"[""Betfair Exchange""]","[""odds_api_io""]",1,,
soccer|fsc bukovyna chernivtsi|mfc metalurh zaporizhya|2026-06-02,spreads|mfc metalurh zaporizhya|-1.00|home,spreads,MFC Metalurh Zaporizhya,-1.0,home,1.03,1.03,"[""Betfair Exchange""]","[""odds_api_io""]",1,,
soccer|fsc bukovyna chernivtsi|mfc metalurh zaporizhya|2026-06-02,spreads|fsc bukovyna chernivtsi|1.00|away,spreads,FSC Bukovyna Chernivtsi,1.0,away,1.03,1.03,"[""Betfair Exchange""]","[""odds_api_io""]",1,,
soccer|havadar|navad urmia|2026-06-02,h2h|havadar sc||home,h2h,Havadar SC,,home,1.666,1.666,"[""Bet365""]","[""odds_api_io""]",1,,
soccer|havadar|navad urmia|2026-06-02,h2h|draw||,h2h,Draw,,,3.0,3.0,"[""Bet365""]","[""odds_api_io""]",1,,
soccer|havadar|navad urmia|2026-06-02,h2h|navad urmia fc||away,h2h,Navad Urmia FC,,away,5.5,5.5,"[""Bet365""]","[""odds_api_io""]",1,,
soccer|havadar|navad urmia|2026-06-02,dnb|havadar sc|0.00|home,dnb,Havadar SC,0.0,home,1.2,1.2,"[""Bet365""]","[""odds_api_io""]",1,,
soccer|havadar|navad urmia|2026-06-02,dnb|navad urmia fc|0.00|away,dnb,Navad Urmia FC,0.0,away,4.333,4.333,"[""Bet365""]","[""odds_api_io""]",1,,
soccer|havadar|navad urmia|2026-06-02,spreads|havadar sc|-0.75|home,spreads,Havadar SC,-0.75,home,1.95,1.95,"[""Bet365""]","[""odds_api_io""]",1,,
soccer|havadar|navad urmia|2026-06-02,spreads|navad urmia fc|0.75|away,spreads,Navad Urmia FC,0.75,away,1.85,1.85,"[""Bet365""]","[""odds_api_io""]",1,,
soccer|havadar|navad urmia|2026-06-02,totals|over|1.75|,totals,Over,1.75,,1.875,1.875,"[""Bet365""]","[""odds_api_io""]",1,,
soccer|havadar|navad urmia|2026-06-02,totals|under|1.75|,totals,Under,1.75,,1.925,1.925,"[""Bet365""]","[""odds_api_io""]",1,,
soccer|havadar|navad urmia|2026-06-02,totals|over|2.50|,totals,Over,2.5,,2.75,2.75,"[""Bet365""]","[""odds_api_io""]",1,,
soccer|havadar|navad urmia|2026-06-02,totals|under|2.50|,totals,Under,2.5,,1.4,1.4,"[""Bet365""]","[""odds_api_io""]",1,,
soccer|havadar|navad urmia|2026-06-02,spreads|havadar sc|-2.50|home,spreads,Havadar SC,-2.5,home,5.9,5.9,"[""Bet365""]","[""odds_api_io""]",1,,
soccer|havadar|navad urmia|2026-06-02,spreads|navad urmia fc|2.50|away,spreads,Navad Urmia FC,2.5,away,1.13,1.13,"[""Bet365""]","[""odds_api_io""]",1,,
soccer|havadar|navad urmia|2026-06-02,spreads|havadar sc|-2.25|home,spreads,Havadar SC,-2.25,home,5.5,5.5,"[""Bet365""]","[""odds_api_io""]",1,,
soccer|havadar|navad urmia|2026-06-02,spreads|navad urmia fc|2.25|away,spreads,Navad Urmia FC,2.25,away,1.15,1.15,"[""Bet365""]","[""odds_api_io""]",1,,
soccer|havadar|navad urmia|2026-06-02,spreads|havadar sc|-2.00|home,spreads,Havadar SC,-2.0,home,5.0,5.0,"[""Bet365""]","[""odds_api_io""]",1,,
soccer|havadar|navad urmia|2026-06-02,spreads|navad urmia fc|2.00|away,spreads,Navad Urmia FC,2.0,away,1.17,1.17,"[""Bet365""]","[""odds_api_io""]",1,,
soccer|havadar|navad urmia|2026-06-02,spreads|havadar sc|-1.75|home,spreads,Havadar SC,-1.75,home,3.55,3.55,"[""Bet365""]","[""odds_api_io""]",1,,
soccer|havadar|navad urmia|2026-06-02,spreads|navad urmia fc|1.75|away,spreads,Navad Urmia FC,1.75,away,1.275,1.275,"[""Bet365""]","[""odds_api_io""]",1,,
soccer|havadar|navad urmia|2026-06-02,spreads|havadar sc|-1.50|home,spreads,Havadar SC,-1.5,home,2.85,2.85,"[""Bet365""]","[""odds_api_io""]",1,,
soccer|havadar|navad urmia|2026-06-02,spreads|navad urmia fc|1.50|away,spreads,Navad Urmia FC,1.5,away,1.4,1.4,"[""Bet365""]","[""odds_api_io""]",1,,
soccer|havadar|navad urmia|2026-06-02,spreads|havadar sc|-1.25|home,spreads,Havadar SC,-1.25,home,2.5,2.5,"[""Bet365""]","[""odds_api_io""]",1,,
soccer|havadar|navad urmia|2026-06-02,spreads|navad urmia fc|1.25|away,spreads,Navad Urmia FC,1.25,away,1.5,1.5,"[""Bet365""]","[""odds_api_io""]",1,,
soccer|havadar|navad urmia|2026-06-02,spreads|havadar sc|-1.00|home,spreads,Havadar SC,-1.0,home,2.15,2.15,"[""Bet365""]","[""odds_api_io""]",1,,
soccer|havadar|navad urmia|2026-06-02,spreads|navad urmia fc|1.00|away,spreads,Navad Urmia FC,1.0,away,1.675,1.675,"[""Bet365""]","[""odds_api_io""]",1,,
soccer|havadar|navad urmia|2026-06-02,spreads|havadar sc|-0.50|home,spreads,Havadar SC,-0.5,home,1.625,1.625,"[""Bet365""]","[""odds_api_io""]",1,,
soccer|havadar|navad urmia|2026-06-02,spreads|navad urmia fc|0.50|away,spreads,Navad Urmia FC,0.5,away,6.0,6.0,"[""Bet365""]","[""odds_api_io""]",1,,
soccer|havadar|navad urmia|2026-06-02,spreads|havadar sc|-0.25|home,spreads,Havadar SC,-0.25,home,1.4,1.4,"[""Bet365""]","[""odds_api_io""]",1,,
soccer|havadar|navad urmia|2026-06-02,spreads|navad urmia fc|0.25|away,spreads,Navad Urmia FC,0.25,away,5.5,5.5,"[""Bet365""]","[""odds_api_io""]",1,,
soccer|havadar|navad urmia|2026-06-02,spreads|havadar sc|0.00|home,spreads,Havadar SC,0.0,home,1.19,1.19,"[""Bet365""]","[""odds_api_io""]",1,,
soccer|havadar|navad urmia|2026-06-02,spreads|navad urmia fc|-0.00|away,spreads,Navad Urmia FC,-0.0,away,4.5,4.5,"[""Bet365""]","[""odds_api_io""]",1,,
soccer|havadar|navad urmia|2026-06-02,spreads|havadar sc|0.25|home,spreads,Havadar SC,0.25,home,1.15,1.15,"[""Bet365""]","[""odds_api_io""]",1,,
soccer|havadar|navad urmia|2026-06-02,spreads|navad urmia fc|-0.25|away,spreads,Navad Urmia FC,-0.25,away,2.85,2.85,"[""Bet365""]","[""odds_api_io""]",1,,
soccer|havadar|navad urmia|2026-06-02,spreads|havadar sc|0.50|home,spreads,Havadar SC,0.5,home,1.125,1.125,"[""Bet365""]","[""odds_api_io""]",1,,
soccer|havadar|navad urmia|2026-06-02,spreads|navad urmia fc|-0.50|away,spreads,Navad Urmia FC,-0.5,away,2.25,2.25,"[""Bet365""]","[""odds_api_io""]",1,,
soccer|brunei darussalam|timor leste|2026-06-02,h2h|brunei darussalam||home,h2h,Brunei Darussalam,,home,2.58,2.3795,"[""Bet365"", ""Unibet"", ""Betfair Exchange"", ""Sbobet""]","[""odds_api_io""]",4,7.752,
soccer|brunei darussalam|timor leste|2026-06-02,h2h|draw||,h2h,Draw,,,3.6,3.1927,"[""Bet365"", ""Unibet"", ""Betfair Exchange"", ""Sbobet""]","[""odds_api_io""]",4,6.352,
soccer|brunei darussalam|timor leste|2026-06-02,h2h|timor-leste||away,h2h,Timor-Leste,,away,3.0,2.7739,"[""Bet365"", ""Unibet"", ""Betfair Exchange"", ""Sbobet""]","[""odds_api_io""]",4,6.192,
soccer|brunei darussalam|timor leste|2026-06-02,dnb|brunei darussalam|0.00|home,dnb,Brunei Darussalam,0.0,home,1.8,1.3609,"[""Bet365"", ""Unibet"", ""Betfair Exchange""]","[""odds_api_io""]",3,43.454,
soccer|brunei darussalam|timor leste|2026-06-02,dnb|timor-leste|0.00|away,dnb,Timor-Leste,0.0,away,2.12,1.495,"[""Bet365"", ""Unibet"", ""Betfair Exchange""]","[""odds_api_io""]",3,51.84,
soccer|brunei darussalam|timor leste|2026-06-02,spreads|brunei darussalam|0.00|home,spreads,Brunei Darussalam,0.0,home,1.85,1.7449,"[""Bet365"", ""Sbobet""]","[""odds_api_io""]",3,7.484,
soccer|brunei darussalam|timor leste|2026-06-02,totals|over|2.25|,totals,Over,2.25,,2.0,1.9487,"[""Bet365"", ""Sbobet""]","[""odds_api_io""]",2,2.632,
soccer|brunei darussalam|timor leste|2026-06-02,totals|under|2.25|,totals,Under,2.25,,1.9,1.8486,"[""Bet365"", ""Sbobet""]","[""odds_api_io""]",2,2.924,
soccer|brunei darussalam|timor leste|2026-06-02,totals|over|2.50|,totals,Over,2.5,,2.075,2.0377,"[""Bet365"", ""Unibet""]","[""odds_api_io""]",2,1.807,
soccer|brunei darussalam|timor leste|2026-06-02,totals|under|2.50|,totals,Under,2.5,,1.727,1.6987,"[""Bet365"", ""Unibet""]","[""odds_api_io""]",2,1.976,
soccer|brunei darussalam|timor leste|2026-06-02,spreads|brunei darussalam|-1.75|home,spreads,Brunei Darussalam,-1.75,home,5.25,5.25,"[""Bet365""]","[""odds_api_io""]",1,,
soccer|brunei darussalam|timor leste|2026-06-02,spreads|timor-leste|1.75|away,spreads,Timor-Leste,1.75,away,1.16,1.16,"[""Bet365""]","[""odds_api_io""]",1,,
soccer|brunei darussalam|timor leste|2026-06-02,spreads|brunei darussalam|-1.50|home,spreads,Brunei Darussalam,-1.5,home,4.0,4.0,"[""Bet365""]","[""odds_api_io""]",1,,
soccer|brunei darussalam|timor leste|2026-06-02,spreads|timor-leste|1.50|away,spreads,Timor-Leste,1.5,away,6.25,6.25,"[""Bet365""]","[""odds_api_io""]",1,,
soccer|brunei darussalam|timor leste|2026-06-02,spreads|brunei darussalam|-1.25|home,spreads,Brunei Darussalam,-1.25,home,3.55,3.55,"[""Bet365""]","[""odds_api_io""]",1,,
soccer|brunei darussalam|timor leste|2026-06-02,spreads|timor-leste|1.25|away,spreads,Timor-Leste,1.25,away,5.75,5.75,"[""Bet365""]","[""odds_api_io""]",1,,
soccer|brunei darussalam|timor leste|2026-06-02,spreads|brunei darussalam|-1.00|home,spreads,Brunei Darussalam,-1.0,home,3.7,1.8839,"[""Bet365"", ""Unibet"", ""Betfair Exchange""]","[""odds_api_io""]",3,71.983,
soccer|brunei darussalam|timor leste|2026-06-02,spreads|timor-leste|1.00|away,spreads,Timor-Leste,1.0,away,5.5,1.6326,"[""Bet365"", ""Unibet"", ""Betfair Exchange""]","[""odds_api_io""]",3,80.828,
soccer|brunei darussalam|timor leste|2026-06-02,spreads|brunei darussalam|-0.75|home,spreads,Brunei Darussalam,-0.75,home,2.5,2.5,"[""Bet365""]","[""odds_api_io""]",1,,
soccer|brunei darussalam|timor leste|2026-06-02,spreads|timor-leste|0.75|away,spreads,Timor-Leste,0.75,away,3.7,3.7,"[""Bet365""]","[""odds_api_io""]",1,,
soccer|brunei darussalam|timor leste|2026-06-02,spreads|brunei darussalam|-0.50|home,spreads,Brunei Darussalam,-0.5,home,2.2,2.2,"[""Bet365""]","[""odds_api_io""]",1,,
soccer|brunei darussalam|timor leste|2026-06-02,spreads|timor-leste|0.50|away,spreads,Timor-Leste,0.5,away,3.0,3.0,"[""Bet365""]","[""odds_api_io""]",1,,
soccer|brunei darussalam|timor leste|2026-06-02,spreads|timor-leste|-0.00|away,spreads,Timor-Leste,-0.0,away,2.25,2.0893,"[""Bet365"", ""Sbobet""]","[""odds_api_io""]",2,6.838,
soccer|brunei darussalam|timor leste|2026-06-02,spreads|brunei darussalam|0.25|home,spreads,Brunei Darussalam,0.25,home,1.475,1.475,"[""Bet365""]","[""odds_api_io""]",1,,
soccer|brunei darussalam|timor leste|2026-06-02,spreads|timor-leste|-0.25|away,spreads,Timor-Leste,-0.25,away,2.6,2.6,"[""Bet365""]","[""odds_api_io""]",1,,
soccer|brunei darussalam|timor leste|2026-06-02,spreads|brunei darussalam|0.50|home,spreads,Brunei Darussalam,0.5,home,1.375,1.375,"[""Bet365""]","[""odds_api_io""]",1,,
soccer|brunei darussalam|timor leste|2026-06-02,spreads|timor-leste|-0.50|away,spreads,Timor-Leste,-0.5,away,1.65,1.65,"[""Bet365""]","[""odds_api_io""]",1,,
soccer|brunei darussalam|timor leste|2026-06-02,spreads|brunei darussalam|0.75|home,spreads,Brunei Darussalam,0.75,home,1.26,1.26,"[""Bet365""]","[""odds_api_io""]",1,,
soccer|brunei darussalam|timor leste|2026-06-02,spreads|timor-leste|-0.75|away,spreads,Timor-Leste,-0.75,away,1.5,1.5,"[""Bet365""]","[""odds_api_io""]",1,,
soccer|brunei darussalam|timor leste|2026-06-02,spreads|brunei darussalam|1.00|home,spreads,Brunei Darussalam,1.0,home,1.27,1.1297,"[""Bet365"", ""Unibet"", ""Betfair Exchange""]","[""odds_api_io""]",3,20.27,
soccer|brunei darussalam|timor leste|2026-06-02,spreads|timor-leste|-1.00|away,spreads,Timor-Leste,-1.0,away,5.2,1.5221,"[""Bet365"", ""Unibet"", ""Betfair Exchange""]","[""odds_api_io""]",3,79.779,
soccer|brunei darussalam|timor leste|2026-06-02,spreads|brunei darussalam|1.25|home,spreads,Brunei Darussalam,1.25,home,1.14,1.14,"[""Bet365""]","[""odds_api_io""]",1,,
soccer|brunei darussalam|timor leste|2026-06-02,spreads|timor-leste|-1.25|away,spreads,Timor-Leste,-1.25,away,1.275,1.275,"[""Bet365""]","[""odds_api_io""]",1,,
soccer|brunei darussalam|timor leste|2026-06-02,spreads|brunei darussalam|1.50|home,spreads,Brunei Darussalam,1.5,home,1.12,1.12,"[""Bet365""]","[""odds_api_io""]",1,,
soccer|brunei darussalam|timor leste|2026-06-02,spreads|timor-leste|-1.50|away,spreads,Timor-Leste,-1.5,away,1.23,1.23,"[""Bet365""]","[""odds_api_io""]",1,,
soccer|brunei darussalam|timor leste|2026-06-02,doubleChance|1x||,doubleChance,1X,,,1.27,1.1198,"[""Unibet"", ""Betfair Exchange""]","[""odds_api_io""]",2,20.27,
soccer|brunei darussalam|timor leste|2026-06-02,doubleChance|12||,doubleChance,12,,,1.24,1.1085,"[""Unibet"", ""Betfair Exchange""]","[""odds_api_io""]",2,18.365,
soccer|brunei darussalam|timor leste|2026-06-02,doubleChance|x2||,doubleChance,X2,,,1.53,1.2064,"[""Unibet"", ""Betfair Exchange""]","[""odds_api_io""]",2,33.65,
soccer|brunei darussalam|timor leste|2026-06-02,totals|over|1.50|,totals,Over,1.5,,1.3,1.3,"[""Unibet""]","[""odds_api_io""]",1,,
soccer|brunei darussalam|timor leste|2026-06-02,totals|under|1.50|,totals,Under,1.5,,2.95,2.95,"[""Unibet""]","[""odds_api_io""]",1,,
soccer|brunei darussalam|timor leste|2026-06-02,totals|over|3.50|,totals,Over,3.5,,3.5,1.5322,"[""Unibet"", ""Betfair Exchange""]","[""odds_api_io""]",2,70.438,
soccer|brunei darussalam|timor leste|2026-06-02,totals|under|3.50|,totals,Under,3.5,,1.23,1.1047,"[""Unibet"", ""Betfair Exchange""]","[""odds_api_io""]",2,17.709,
soccer|brunei darussalam|timor leste|2026-06-02,totals|over|4.50|,totals,Over,4.5,,6.5,6.5,"[""Unibet""]","[""odds_api_io""]",1,,
soccer|brunei darussalam|timor leste|2026-06-02,totals|under|4.50|,totals,Under,4.5,,1.07,1.07,"[""Unibet""]","[""odds_api_io""]",1,,
soccer|brunei darussalam|timor leste|2026-06-02,btts|yes||,btts,Yes,,,1.79,1.5696,"[""Unibet"", ""Betfair Exchange""]","[""odds_api_io""]",2,15.056,
soccer|brunei darussalam|timor leste|2026-06-02,btts|no||,btts,No,,,1.9,1.4022,"[""Unibet"", ""Betfair Exchange""]","[""odds_api_io""]",2,35.864,
soccer|brunei darussalam|timor leste|2026-06-02,teamTotals|over|1.50|,teamTotals,Over,1.5,,2.75,2.4444,"[""Unibet""]","[""odds_api_io""]",2,9.091,
soccer|brunei darussalam|timor leste|2026-06-02,teamTotals|under|1.50|,teamTotals,Under,1.5,,1.52,1.4187,"[""Unibet""]","[""odds_api_io""]",2,9.398,
soccer|brunei darussalam|timor leste|2026-06-02,totals|over|3.25|,totals,Over,3.25,,1.01,1.01,"[""Betfair Exchange""]","[""odds_api_io""]",1,,
soccer|brunei darussalam|timor leste|2026-06-02,totals|under|3.25|,totals,Under,3.25,,1.01,1.01,"[""Betfair Exchange""]","[""odds_api_io""]",1,,
soccer|brunei darussalam|timor leste|2026-06-02,totals|over|3.75|,totals,Over,3.75,,1.01,1.01,"[""Betfair Exchange""]","[""odds_api_io""]",1,,
soccer|brunei darussalam|timor leste|2026-06-02,totals|under|3.75|,totals,Under,3.75,,1.01,1.01,"[""Betfair Exchange""]","[""odds_api_io""]",1,,
soccer|brunei darussalam|timor leste|2026-06-02,spreads|brunei darussalam|3.00|home,spreads,Brunei Darussalam,3.0,home,1.01,1.01,"[""Betfair Exchange""]","[""odds_api_io""]",1,,
soccer|brunei darussalam|timor leste|2026-06-02,spreads|timor-leste|-3.00|away,spreads,Timor-Leste,-3.0,away,1.01,1.01,"[""Betfair Exchange""]","[""odds_api_io""]",1,,
soccer|brunei darussalam|timor leste|2026-06-02,spreads|brunei darussalam|2.00|home,spreads,Brunei Darussalam,2.0,home,1.01,1.01,"[""Betfair Exchange""]","[""odds_api_io""]",1,,
soccer|brunei darussalam|timor leste|2026-06-02,spreads|timor-leste|-2.00|away,spreads,Timor-Leste,-2.0,away,1.01,1.01,"[""Betfair Exchange""]","[""odds_api_io""]",1,,
soccer|brunei darussalam|timor leste|2026-06-02,spreads|brunei darussalam|-3.00|home,spreads,Brunei Darussalam,-3.0,home,1.01,1.01,"[""Betfair Exchange""]","[""odds_api_io""]",1,,
soccer|brunei darussalam|timor leste|2026-06-02,spreads|timor-leste|3.00|away,spreads,Timor-Leste,3.0,away,1.01,1.01,"[""Betfair Exchange""]","[""odds_api_io""]",1,,
soccer|brunei darussalam|timor leste|2026-06-02,spreads|brunei darussalam|-2.00|home,spreads,Brunei Darussalam,-2.0,home,1.01,1.01,"[""Betfair Exchange""]","[""odds_api_io""]",1,,
soccer|brunei darussalam|timor leste|2026-06-02,spreads|timor-leste|2.00|away,spreads,Timor-Leste,2.0,away,1.01,1.01,"[""Betfair Exchange""]","[""odds_api_io""]",1,,
soccer|brunei darussalam|timor leste|2026-06-02,spreads|brunei darussalam|-0.25|home,spreads,Brunei Darussalam,-0.25,home,2.08,2.08,"[""Sbobet""]","[""odds_api_io""]",1,,
soccer|brunei darussalam|timor leste|2026-06-02,spreads|timor-leste|0.25|away,spreads,Timor-Leste,0.25,away,1.72,1.72,"[""Sbobet""]","[""odds_api_io""]",1,,
soccer|brunei darussalam|timor leste|2026-06-02,totals|over|2.00|,totals,Over,2.0,,1.65,1.65,"[""Sbobet""]","[""odds_api_io""]",1,,
soccer|brunei darussalam|timor leste|2026-06-02,totals|under|2.00|,totals,Under,2.0,,2.17,2.17,"[""Sbobet""]","[""odds_api_io""]",1,,
soccer|china|congo dr youth|2026-06-02,h2h|china||home,h2h,China,,home,3.25,3.0682,"[""Bet365"", ""Betfair Exchange""]","[""odds_api_io""]",2,3.714,
soccer|china|congo dr youth|2026-06-02,h2h|draw||,h2h,Draw,,,3.35,3.3002,"[""Bet365"", ""Betfair Exchange""]","[""odds_api_io""]",2,0.918,
soccer|china|congo dr youth|2026-06-02,h2h|congo dr youth||away,h2h,Congo Dr Youth,,away,2.15,1.8626,"[""Bet365"", ""Betfair Exchange""]","[""odds_api_io""]",2,14.094,
soccer|china|congo dr youth|2026-06-02,dnb|china|0.00|home,dnb,China,0.0,home,2.2,1.3752,"[""Bet365"", ""Betfair Exchange""]","[""odds_api_io""]",2,53.555,
soccer|china|congo dr youth|2026-06-02,dnb|congo dr youth|0.00|away,dnb,Congo Dr Youth,0.0,away,1.615,1.2376,"[""Bet365"", ""Betfair Exchange""]","[""odds_api_io""]",2,37.09,
soccer|china|congo dr youth|2026-06-02,spreads|china|0.25|home,spreads,China,0.25,home,1.875,1.875,"[""Bet365""]","[""odds_api_io""]",1,,
soccer|china|congo dr youth|2026-06-02,spreads|congo dr youth|-0.25|away,spreads,Congo Dr Youth,-0.25,away,1.925,1.925,"[""Bet365""]","[""odds_api_io""]",1,,
soccer|china|congo dr youth|2026-06-02,totals|over|2.50|,totals,Over,2.5,,2.0,2.0,"[""Bet365""]","[""odds_api_io""]",1,,
soccer|china|congo dr youth|2026-06-02,totals|under|2.50|,totals,Under,2.5,,1.8,1.8,"[""Bet365""]","[""odds_api_io""]",1,,
soccer|china|congo dr youth|2026-06-02,btts|yes||,btts,Yes,,,1.8,1.5778,"[""Bet365"", ""Betfair Exchange""]","[""odds_api_io""]",2,15.366,
soccer|china|congo dr youth|2026-06-02,btts|no||,btts,No,,,1.909,1.4131,"[""Bet365"", ""Betfair Exchange""]","[""odds_api_io""]",2,36.112,
soccer|china|congo dr youth|2026-06-02,spreads|china|1.00|home,spreads,China,1.0,home,1.571,1.2485,"[""Bet365"", ""Betfair Exchange""]","[""odds_api_io""]",3,35.356,
soccer|china|congo dr youth|2026-06-02,spreads|congo dr youth|1.00|away,spreads,Congo Dr Youth,1.0,away,4.0,1.9386,"[""Bet365"", ""Betfair Exchange""]","[""odds_api_io""]",3,74.01,
soccer|china|congo dr youth|2026-06-02,spreads|china|-2.00|home,spreads,China,-2.0,home,17.0,1.8764,"[""Bet365"", ""Betfair Exchange""]","[""odds_api_io""]",2,93.128,
soccer|china|congo dr youth|2026-06-02,spreads|congo dr youth|2.00|away,spreads,Congo Dr Youth,2.0,away,9.0,1.7902,"[""Bet365"", ""Betfair Exchange""]","[""odds_api_io""]",2,87.899,
soccer|china|congo dr youth|2026-06-02,spreads|china|2.00|home,spreads,China,2.0,home,1.2,1.0951,"[""Bet365"", ""Betfair Exchange""]","[""odds_api_io""]",2,15.677,
soccer|china|congo dr youth|2026-06-02,spreads|congo dr youth|-2.00|away,spreads,Congo Dr Youth,-2.0,away,1.1,1.0523,"[""Bet365"", ""Betfair Exchange""]","[""odds_api_io""]",2,8.101,
soccer|china|congo dr youth|2026-06-02,spreads|china|3.00|home,spreads,China,3.0,home,1.05,1.0292,"[""Bet365"", ""Betfair Exchange""]","[""odds_api_io""]",2,3.772,
soccer|china|congo dr youth|2026-06-02,spreads|congo dr youth|3.00|away,spreads,Congo Dr Youth,3.0,away,23.0,1.9033,"[""Bet365"", ""Betfair Exchange""]","[""odds_api_io""]",2,94.662,
soccer|china|congo dr youth|2026-06-02,teamTotals|over|0.50|,teamTotals,Over,0.5,,1.4,1.3208,"[""Bet365""]","[""odds_api_io""]",2,8.571,
soccer|china|congo dr youth|2026-06-02,teamTotals|under|0.50|,teamTotals,Under,0.5,,3.75,3.1731,"[""Bet365""]","[""odds_api_io""]",2,9.697,
soccer|china|congo dr youth|2026-06-02,teamTotals|over|1.50|,teamTotals,Over,1.5,,2.75,2.4444,"[""Bet365""]","[""odds_api_io""]",2,9.091,
soccer|china|congo dr youth|2026-06-02,teamTotals|under|1.50|,teamTotals,Under,1.5,,1.615,1.4998,"[""Bet365""]","[""odds_api_io""]",2,9.509,
soccer|china|congo dr youth|2026-06-02,teamTotals|over|2.50|,teamTotals,Over,2.5,,6.5,5.3182,"[""Bet365""]","[""odds_api_io""]",2,6.838,
soccer|china|congo dr youth|2026-06-02,teamTotals|under|2.50|,teamTotals,Under,2.5,,1.166,1.132,"[""Bet365""]","[""odds_api_io""]",2,5.146,
soccer|china|congo dr youth|2026-06-02,teamTotals|over|3.50|,teamTotals,Over,3.5,,12.0,10.2857,"[""Bet365""]","[""odds_api_io""]",2,2.778,
soccer|china|congo dr youth|2026-06-02,teamTotals|under|3.50|,teamTotals,Under,3.5,,1.04,1.0273,"[""Bet365""]","[""odds_api_io""]",2,2.368,
soccer|china|congo dr youth|2026-06-02,teamTotals|over|4.50|,teamTotals,Over,4.5,,21.0,18.7895,"[""Bet365""]","[""odds_api_io""]",2,1.12,
soccer|china|congo dr youth|2026-06-02,teamTotals|under|4.50|,teamTotals,Under,4.5,,1.005,1.0035,"[""Bet365""]","[""odds_api_io""]",2,0.298,
soccer|china|congo dr youth|2026-06-02,spreads|china|-1.50|home,spreads,China,-1.5,home,6.6,6.6,"[""Bet365""]","[""odds_api_io""]",1,,
soccer|china|congo dr youth|2026-06-02,spreads|congo dr youth|1.50|away,spreads,Congo Dr Youth,1.5,away,4.15,4.15,"[""Bet365""]","[""odds_api_io""]",1,,
soccer|china|congo dr youth|2026-06-02,spreads|china|-1.25|home,spreads,China,-1.25,home,6.0,6.0,"[""Bet365""]","[""odds_api_io""]",1,,
soccer|china|congo dr youth|2026-06-02,spreads|congo dr youth|1.25|away,spreads,Congo Dr Youth,1.25,away,3.7,3.7,"[""Bet365""]","[""odds_api_io""]",1,,
soccer|china|congo dr youth|2026-06-02,spreads|china|-1.00|home,spreads,China,-1.0,home,5.75,1.6966,"[""Bet365"", ""Betfair Exchange""]","[""odds_api_io""]",2,81.619,
soccer|china|congo dr youth|2026-06-02,spreads|china|-0.75|home,spreads,China,-0.75,home,3.7,3.7,"[""Bet365""]","[""odds_api_io""]",1,,
soccer|china|congo dr youth|2026-06-02,spreads|congo dr youth|0.75|away,spreads,Congo Dr Youth,0.75,away,2.6,2.6,"[""Bet365""]","[""odds_api_io""]",1,,
soccer|china|congo dr youth|2026-06-02,spreads|china|-0.50|home,spreads,China,-0.5,home,3.0,3.0,"[""Bet365""]","[""odds_api_io""]",1,,
soccer|china|congo dr youth|2026-06-02,spreads|congo dr youth|0.50|away,spreads,Congo Dr Youth,0.5,away,2.2,2.2,"[""Bet365""]","[""odds_api_io""]",1,,
soccer|china|congo dr youth|2026-06-02,spreads|china|-0.25|home,spreads,China,-0.25,home,2.6,2.6,"[""Bet365""]","[""odds_api_io""]",1,,
soccer|china|congo dr youth|2026-06-02,spreads|congo dr youth|0.25|away,spreads,Congo Dr Youth,0.25,away,1.475,1.475,"[""Bet365""]","[""odds_api_io""]",1,,
soccer|china|congo dr youth|2026-06-02,spreads|china|0.00|home,spreads,China,0.0,home,2.25,2.25,"[""Bet365""]","[""odds_api_io""]",1,,
soccer|china|congo dr youth|2026-06-02,spreads|congo dr youth|-0.00|away,spreads,Congo Dr Youth,-0.0,away,1.625,1.625,"[""Bet365""]","[""odds_api_io""]",1,,
soccer|china|congo dr youth|2026-06-02,spreads|china|0.50|home,spreads,China,0.5,home,1.65,1.65,"[""Bet365""]","[""odds_api_io""]",1,,
soccer|china|congo dr youth|2026-06-02,spreads|congo dr youth|-0.50|away,spreads,Congo Dr Youth,-0.5,away,1.375,1.375,"[""Bet365""]","[""odds_api_io""]",1,,
soccer|china|congo dr youth|2026-06-02,spreads|china|0.75|home,spreads,China,0.75,home,1.475,1.475,"[""Bet365""]","[""odds_api_io""]",1,,
soccer|china|congo dr youth|2026-06-02,spreads|congo dr youth|-0.75|away,spreads,Congo Dr Youth,-0.75,away,1.26,1.26,"[""Bet365""]","[""odds_api_io""]",1,,
soccer|china|congo dr youth|2026-06-02,spreads|congo dr youth|-1.00|away,spreads,Congo Dr Youth,-1.0,away,1.14,1.0699,"[""Bet365"", ""Betfair Exchange""]","[""odds_api_io""]",2,11.291,
soccer|china|congo dr youth|2026-06-02,spreads|china|1.25|home,spreads,China,1.25,home,1.26,1.26,"[""Bet365""]","[""odds_api_io""]",1,,
soccer|china|congo dr youth|2026-06-02,spreads|congo dr youth|-1.25|away,spreads,Congo Dr Youth,-1.25,away,1.125,1.125,"[""Bet365""]","[""odds_api_io""]",1,,
soccer|china|congo dr youth|2026-06-02,spreads|china|1.50|home,spreads,China,1.5,home,1.22,1.22,"[""Bet365""]","[""odds_api_io""]",1,,
soccer|china|congo dr youth|2026-06-02,spreads|congo dr youth|-1.50|away,spreads,Congo Dr Youth,-1.5,away,1.11,1.11,"[""Bet365""]","[""odds_api_io""]",1,,
soccer|china|congo dr youth|2026-06-02,spreads|china|1.75|home,spreads,China,1.75,home,1.15,1.15,"[""Bet365""]","[""odds_api_io""]",1,,
soccer|china|congo dr youth|2026-06-02,spreads|congo dr youth|-1.75|away,spreads,Congo Dr Youth,-1.75,away,5.5,5.5,"[""Bet365""]","[""odds_api_io""]",1,,
soccer|china|congo dr youth|2026-06-02,totals|over|2.25|,totals,Over,2.25,,1.9,1.9,"[""Bet365""]","[""odds_api_io""]",1,,
soccer|china|congo dr youth|2026-06-02,totals|under|2.25|,totals,Under,2.25,,1.9,1.9,"[""Bet365""]","[""odds_api_io""]",1,,
soccer|china|congo dr youth|2026-06-02,doubleChance|1x||,doubleChance,1X,,,1.01,1.01,"[""Betfair Exchange""]","[""odds_api_io""]",1,,
soccer|china|congo dr youth|2026-06-02,doubleChance|12||,doubleChance,12,,,1.01,1.01,"[""Betfair Exchange""]","[""odds_api_io""]",1,,
soccer|china|congo dr youth|2026-06-02,doubleChance|x2||,doubleChance,X2,,,1.01,1.01,"[""Betfair Exchange""]","[""odds_api_io""]",1,,
soccer|china|congo dr youth|2026-06-02,totals|over|3.50|,totals,Over,3.5,,1.01,1.01,"[""Betfair Exchange""]","[""odds_api_io""]",1,,
soccer|china|congo dr youth|2026-06-02,totals|under|3.50|,totals,Under,3.5,,1.01,1.01,"[""Betfair Exchange""]","[""odds_api_io""]",1,,
soccer|china|congo dr youth|2026-06-02,totals|over|3.75|,totals,Over,3.75,,1.01,1.01,"[""Betfair Exchange""]","[""odds_api_io""]",1,,
soccer|china|congo dr youth|2026-06-02,totals|under|3.75|,totals,Under,3.75,,1.01,1.01,"[""Betfair Exchange""]","[""odds_api_io""]",1,,
soccer|china|congo dr youth|2026-06-02,totals|over|3.25|,totals,Over,3.25,,1.01,1.01,"[""Betfair Exchange""]","[""odds_api_io""]",1,,
soccer|china|congo dr youth|2026-06-02,totals|under|3.25|,totals,Under,3.25,,1.01,1.01,"[""Betfair Exchange""]","[""odds_api_io""]",1,,
soccer|china|congo dr youth|2026-06-02,spreads|china|-3.00|home,spreads,China,-3.0,home,1.01,1.01,"[""Betfair Exchange""]","[""odds_api_io""]",1,,
soccer|china|congo dr youth|2026-06-02,spreads|congo dr youth|-3.00|away,spreads,Congo Dr Youth,-3.0,away,1.01,1.01,"[""Betfair Exchange""]","[""odds_api_io""]",1,,
soccer|malaysia|singapore|2026-06-02,h2h|malaysia||home,h2h,Malaysia,,home,1.27,1.2395,"[""Bet365"", ""Betfair Exchange"", ""Sbobet""]","[""odds_api_io""]",3,3.904,
soccer|malaysia|singapore|2026-06-02,h2h|draw||,h2h,Draw,,,6.0,5.4755,"[""Bet365"", ""Betfair Exchange"", ""Sbobet""]","[""odds_api_io""]",3,3.333,
soccer|malaysia|singapore|2026-06-02,h2h|singapore||away,h2h,Singapore,,away,13.0,8.6157,"[""Bet365"", ""Betfair Exchange"", ""Sbobet""]","[""odds_api_io""]",3,6.593,
soccer|malaysia|singapore|2026-06-02,dnb|malaysia|0.00|home,dnb,Malaysia,0.0,home,1.083,1.0763,"[""Bet365"", ""Betfair Exchange""]","[""odds_api_io""]",2,1.122,
soccer|malaysia|singapore|2026-06-02,dnb|singapore|0.00|away,dnb,Singapore,0.0,away,7.0,3.0679,"[""Bet365"", ""Betfair Exchange""]","[""odds_api_io""]",2,35.966,
soccer|malaysia|singapore|2026-06-02,spreads|malaysia|-1.75|home,spreads,Malaysia,-1.75,home,1.925,1.7491,"[""Bet365"", ""Betfair Exchange"", ""Sbobet""]","[""odds_api_io""]",3,15.166,
soccer|malaysia|singapore|2026-06-02,spreads|singapore|1.75|away,spreads,Singapore,1.75,away,1.88,1.7244,"[""Bet365"", ""Betfair Exchange"", ""Sbobet""]","[""odds_api_io""]",3,13.923,
soccer|malaysia|singapore|2026-06-02,totals|over|3.00|,totals,Over,3.0,,1.89,1.8107,"[""Bet365"", ""Betfair Exchange"", ""Sbobet""]","[""odds_api_io""]",3,4.233,
soccer|malaysia|singapore|2026-06-02,totals|under|3.00|,totals,Under,3.0,,2.0,1.9245,"[""Bet365"", ""Betfair Exchange"", ""Sbobet""]","[""odds_api_io""]",3,3.476,
soccer|malaysia|singapore|2026-06-02,totals|over|2.50|,totals,Over,2.5,,1.5,1.4898,"[""Bet365"", ""Betfair Exchange""]","[""odds_api_io""]",2,0.901,
soccer|malaysia|singapore|2026-06-02,totals|under|2.50|,totals,Under,2.5,,2.5,2.4267,"[""Bet365"", ""Betfair Exchange""]","[""odds_api_io""]",2,2.373,
soccer|malaysia|singapore|2026-06-02,doubleChance|1x||,doubleChance,1X,,,1.06,1.06,"[""Betfair Exchange""]","[""odds_api_io""]",1,,
soccer|malaysia|singapore|2026-06-02,doubleChance|12||,doubleChance,12,,,1.14,1.14,"[""Betfair Exchange""]","[""odds_api_io""]",1,,
soccer|malaysia|singapore|2026-06-02,doubleChance|x2||,doubleChance,X2,,,1.99,1.99,"[""Betfair Exchange""]","[""odds_api_io""]",1,,
soccer|malaysia|singapore|2026-06-02,spreads|malaysia|-2.50|home,spreads,Malaysia,-2.5,home,1.49,1.49,"[""Betfair Exchange""]","[""odds_api_io""]",1,,
soccer|malaysia|singapore|2026-06-02,spreads|singapore|2.50|away,spreads,Singapore,2.5,away,1.4,1.4,"[""Betfair Exchange""]","[""odds_api_io""]",1,,
soccer|malaysia|singapore|2026-06-02,spreads|malaysia|-1.50|home,spreads,Malaysia,-1.5,home,1.49,1.49,"[""Betfair Exchange""]","[""odds_api_io""]",1,,
soccer|malaysia|singapore|2026-06-02,spreads|singapore|1.50|away,spreads,Singapore,1.5,away,1.49,1.49,"[""Betfair Exchange""]","[""odds_api_io""]",1,,
soccer|malaysia|singapore|2026-06-02,spreads|malaysia|-2.75|home,spreads,Malaysia,-2.75,home,1.49,1.49,"[""Betfair Exchange""]","[""odds_api_io""]",1,,
soccer|malaysia|singapore|2026-06-02,spreads|singapore|2.75|away,spreads,Singapore,2.75,away,1.3,1.3,"[""Betfair Exchange""]","[""odds_api_io""]",1,,
soccer|malaysia|singapore|2026-06-02,spreads|malaysia|-3.25|home,spreads,Malaysia,-3.25,home,1.49,1.49,"[""Betfair Exchange""]","[""odds_api_io""]",1,,
soccer|malaysia|singapore|2026-06-02,spreads|singapore|3.25|away,spreads,Singapore,3.25,away,1.18,1.18,"[""Betfair Exchange""]","[""odds_api_io""]",1,,
soccer|malaysia|singapore|2026-06-02,spreads|malaysia|-1.25|home,spreads,Malaysia,-1.25,home,1.49,1.49,"[""Betfair Exchange""]","[""odds_api_io""]",1,,
soccer|malaysia|singapore|2026-06-02,spreads|singapore|1.25|away,spreads,Singapore,1.25,away,1.49,1.49,"[""Betfair Exchange""]","[""odds_api_io""]",1,,
soccer|malaysia|singapore|2026-06-02,spreads|malaysia|-2.00|home,spreads,Malaysia,-2.0,home,2.6,2.0219,"[""Betfair Exchange"", ""Sbobet""]","[""odds_api_io""]",3,28.653,
soccer|malaysia|singapore|2026-06-02,spreads|singapore|2.00|away,spreads,Singapore,2.0,away,2.0,1.6493,"[""Betfair Exchange"", ""Sbobet""]","[""odds_api_io""]",3,17.114,
soccer|malaysia|singapore|2026-06-02,spreads|malaysia|-2.25|home,spreads,Malaysia,-2.25,home,1.49,1.49,"[""Betfair Exchange""]","[""odds_api_io""]",1,,
soccer|malaysia|singapore|2026-06-02,spreads|singapore|2.25|away,spreads,Singapore,2.25,away,1.48,1.48,"[""Betfair Exchange""]","[""odds_api_io""]",1,,
soccer|malaysia|singapore|2026-06-02,spreads|malaysia|-3.75|home,spreads,Malaysia,-3.75,home,1.49,1.49,"[""Betfair Exchange""]","[""odds_api_io""]",1,,
soccer|malaysia|singapore|2026-06-02,spreads|singapore|3.75|away,spreads,Singapore,3.75,away,1.11,1.11,"[""Betfair Exchange""]","[""odds_api_io""]",1,,
soccer|malaysia|singapore|2026-06-02,spreads|malaysia|-4.00|home,spreads,Malaysia,-4.0,home,1.49,1.49,"[""Betfair Exchange""]","[""odds_api_io""]",1,,
soccer|malaysia|singapore|2026-06-02,spreads|singapore|4.00|away,spreads,Singapore,4.0,away,1.07,1.07,"[""Betfair Exchange""]","[""odds_api_io""]",1,,
soccer|malaysia|singapore|2026-06-02,spreads|malaysia|-3.50|home,spreads,Malaysia,-3.5,home,1.49,1.49,"[""Betfair Exchange""]","[""odds_api_io""]",1,,
soccer|malaysia|singapore|2026-06-02,spreads|singapore|3.50|away,spreads,Singapore,3.5,away,1.16,1.16,"[""Betfair Exchange""]","[""odds_api_io""]",1,,
soccer|malaysia|singapore|2026-06-02,spreads|malaysia|-3.00|home,spreads,Malaysia,-3.0,home,4.9,2.2851,"[""Betfair Exchange""]","[""odds_api_io""]",2,46.706,
soccer|malaysia|singapore|2026-06-02,spreads|singapore|3.00|away,spreads,Singapore,3.0,away,1.4,1.2923,"[""Betfair Exchange""]","[""odds_api_io""]",2,11.905,
soccer|malaysia|singapore|2026-06-02,spreads|malaysia|-0.25|home,spreads,Malaysia,-0.25,home,1.15,1.15,"[""Betfair Exchange""]","[""odds_api_io""]",1,,
soccer|malaysia|singapore|2026-06-02,spreads|singapore|0.25|away,spreads,Singapore,0.25,away,1.49,1.49,"[""Betfair Exchange""]","[""odds_api_io""]",1,,
soccer|malaysia|singapore|2026-06-02,spreads|malaysia|0.50|home,spreads,Malaysia,0.5,home,1.06,1.06,"[""Betfair Exchange""]","[""odds_api_io""]",1,,
soccer|malaysia|singapore|2026-06-02,spreads|singapore|-0.50|away,spreads,Singapore,-0.5,away,1.49,1.49,"[""Betfair Exchange""]","[""odds_api_io""]",1,,
soccer|malaysia|singapore|2026-06-02,spreads|malaysia|0.00|home,spreads,Malaysia,0.0,home,1.07,1.07,"[""Betfair Exchange""]","[""odds_api_io""]",1,,
soccer|malaysia|singapore|2026-06-02,spreads|singapore|-0.00|away,spreads,Singapore,-0.0,away,1.49,1.49,"[""Betfair Exchange""]","[""odds_api_io""]",1,,
soccer|malaysia|singapore|2026-06-02,spreads|malaysia|0.25|home,spreads,Malaysia,0.25,home,1.07,1.07,"[""Betfair Exchange""]","[""odds_api_io""]",1,,
soccer|malaysia|singapore|2026-06-02,spreads|singapore|-0.25|away,spreads,Singapore,-0.25,away,1.49,1.49,"[""Betfair Exchange""]","[""odds_api_io""]",1,,
soccer|malaysia|singapore|2026-06-02,spreads|malaysia|-1.00|home,spreads,Malaysia,-1.0,home,1.65,1.4728,"[""Betfair Exchange""]","[""odds_api_io""]",2,14.582,
soccer|malaysia|singapore|2026-06-02,spreads|singapore|1.00|away,spreads,Singapore,1.0,away,3.9,2.1562,"[""Betfair Exchange""]","[""odds_api_io""]",2,41.473,
soccer|malaysia|singapore|2026-06-02,spreads|malaysia|-0.75|home,spreads,Malaysia,-0.75,home,1.27,1.27,"[""Betfair Exchange""]","[""odds_api_io""]",1,,
soccer|malaysia|singapore|2026-06-02,spreads|singapore|0.75|away,spreads,Singapore,0.75,away,1.49,1.49,"[""Betfair Exchange""]","[""odds_api_io""]",1,,
soccer|malaysia|singapore|2026-06-02,spreads|malaysia|-0.50|home,spreads,Malaysia,-0.5,home,1.23,1.23,"[""Betfair Exchange""]","[""odds_api_io""]",1,,
soccer|malaysia|singapore|2026-06-02,spreads|singapore|0.50|away,spreads,Singapore,0.5,away,1.49,1.49,"[""Betfair Exchange""]","[""odds_api_io""]",1,,
soccer|malaysia|singapore|2026-06-02,spreads|malaysia|0.75|home,spreads,Malaysia,0.75,home,1.04,1.04,"[""Betfair Exchange""]","[""odds_api_io""]",1,,
soccer|malaysia|singapore|2026-06-02,spreads|singapore|-0.75|away,spreads,Singapore,-0.75,away,1.49,1.49,"[""Betfair Exchange""]","[""odds_api_io""]",1,,
soccer|malaysia|singapore|2026-06-02,totals|over|4.75|,totals,Over,4.75,,3.49,3.49,"[""Betfair Exchange""]","[""odds_api_io""]",1,,
soccer|malaysia|singapore|2026-06-02,totals|under|4.75|,totals,Under,4.75,,1.16,1.16,"[""Betfair Exchange""]","[""odds_api_io""]",1,,
soccer|malaysia|singapore|2026-06-02,totals|over|4.50|,totals,Over,4.5,,3.49,3.49,"[""Betfair Exchange""]","[""odds_api_io""]",1,,
soccer|malaysia|singapore|2026-06-02,totals|under|4.50|,totals,Under,4.5,,1.22,1.22,"[""Betfair Exchange""]","[""odds_api_io""]",1,,
soccer|malaysia|singapore|2026-06-02,totals|over|3.50|,totals,Over,3.5,,2.2,2.2,"[""Betfair Exchange""]","[""odds_api_io""]",1,,
soccer|malaysia|singapore|2026-06-02,totals|under|3.50|,totals,Under,3.5,,1.54,1.54,"[""Betfair Exchange""]","[""odds_api_io""]",1,,
soccer|malaysia|singapore|2026-06-02,totals|over|1.25|,totals,Over,1.25,,1.1,1.1,"[""Betfair Exchange""]","[""odds_api_io""]",1,,
soccer|malaysia|singapore|2026-06-02,totals|under|1.25|,totals,Under,1.25,,3.49,3.49,"[""Betfair Exchange""]","[""odds_api_io""]",1,,
soccer|malaysia|singapore|2026-06-02,totals|over|3.25|,totals,Over,3.25,,2.08,2.0225,"[""Betfair Exchange"", ""Sbobet""]","[""odds_api_io""]",2,2.684,
soccer|malaysia|singapore|2026-06-02,totals|under|3.25|,totals,Under,3.25,,1.72,1.6942,"[""Betfair Exchange"", ""Sbobet""]","[""odds_api_io""]",2,1.741,
soccer|malaysia|singapore|2026-06-02,totals|over|4.25|,totals,Over,4.25,,3.49,3.49,"[""Betfair Exchange""]","[""odds_api_io""]",1,,
soccer|malaysia|singapore|2026-06-02,totals|under|4.25|,totals,Under,4.25,,1.25,1.25,"[""Betfair Exchange""]","[""odds_api_io""]",1,,
soccer|malaysia|singapore|2026-06-02,totals|over|2.00|,totals,Over,2.0,,1.21,1.21,"[""Betfair Exchange""]","[""odds_api_io""]",1,,
soccer|malaysia|singapore|2026-06-02,totals|under|2.00|,totals,Under,2.0,,3.49,3.49,"[""Betfair Exchange""]","[""odds_api_io""]",1,,
soccer|malaysia|singapore|2026-06-02,totals|over|1.50|,totals,Over,1.5,,1.16,1.16,"[""Betfair Exchange""]","[""odds_api_io""]",1,,
soccer|malaysia|singapore|2026-06-02,totals|under|1.50|,totals,Under,1.5,,3.49,3.49,"[""Betfair Exchange""]","[""odds_api_io""]",1,,
soccer|malaysia|singapore|2026-06-02,totals|over|1.75|,totals,Over,1.75,,1.18,1.18,"[""Betfair Exchange""]","[""odds_api_io""]",1,,
soccer|malaysia|singapore|2026-06-02,totals|under|1.75|,totals,Under,1.75,,3.49,3.49,"[""Betfair Exchange""]","[""odds_api_io""]",1,,
soccer|malaysia|singapore|2026-06-02,totals|over|3.75|,totals,Over,3.75,,2.55,2.55,"[""Betfair Exchange""]","[""odds_api_io""]",1,,
soccer|malaysia|singapore|2026-06-02,totals|under|3.75|,totals,Under,3.75,,1.42,1.42,"[""Betfair Exchange""]","[""odds_api_io""]",1,,
soccer|malaysia|singapore|2026-06-02,totals|over|2.25|,totals,Over,2.25,,1.34,1.34,"[""Betfair Exchange""]","[""odds_api_io""]",1,,
soccer|malaysia|singapore|2026-06-02,totals|under|2.25|,totals,Under,2.25,,2.87,2.87,"[""Betfair Exchange""]","[""odds_api_io""]",1,,
soccer|malaysia|singapore|2026-06-02,totals|over|2.75|,totals,Over,2.75,,1.58,1.58,"[""Betfair Exchange""]","[""odds_api_io""]",1,,
soccer|malaysia|singapore|2026-06-02,totals|under|2.75|,totals,Under,2.75,,2.11,2.11,"[""Betfair Exchange""]","[""odds_api_io""]",1,,
soccer|malaysia|singapore|2026-06-02,totals|over|5.50|,totals,Over,5.5,,3.49,3.49,"[""Betfair Exchange""]","[""odds_api_io""]",1,,
soccer|malaysia|singapore|2026-06-02,totals|under|5.50|,totals,Under,5.5,,1.09,1.09,"[""Betfair Exchange""]","[""odds_api_io""]",1,,
soccer|malaysia|singapore|2026-06-02,totals|over|5.25|,totals,Over,5.25,,3.49,3.49,"[""Betfair Exchange""]","[""odds_api_io""]",1,,
soccer|malaysia|singapore|2026-06-02,totals|under|5.25|,totals,Under,5.25,,1.09,1.09,"[""Betfair Exchange""]","[""odds_api_io""]",1,,
soccer|malaysia|singapore|2026-06-02,totals|over|5.75|,totals,Over,5.75,,3.49,3.49,"[""Betfair Exchange""]","[""odds_api_io""]",1,,
soccer|malaysia|singapore|2026-06-02,totals|under|5.75|,totals,Under,5.75,,1.06,1.06,"[""Betfair Exchange""]","[""odds_api_io""]",1,,
soccer|malaysia|singapore|2026-06-02,totals|over|5.00|,totals,Over,5.0,,3.49,3.49,"[""Betfair Exchange""]","[""odds_api_io""]",1,,
soccer|malaysia|singapore|2026-06-02,totals|under|5.00|,totals,Under,5.0,,1.1,1.1,"[""Betfair Exchange""]","[""odds_api_io""]",1,,
soccer|malaysia|singapore|2026-06-02,totals|over|4.00|,totals,Over,4.0,,3.2,3.2,"[""Betfair Exchange""]","[""odds_api_io""]",1,,
soccer|malaysia|singapore|2026-06-02,totals|under|4.00|,totals,Under,4.0,,1.29,1.29,"[""Betfair Exchange""]","[""odds_api_io""]",1,,
soccer|malaysia|singapore|2026-06-02,btts|yes||,btts,Yes,,,2.06,2.06,"[""Betfair Exchange""]","[""odds_api_io""]",1,,
soccer|malaysia|singapore|2026-06-02,btts|no||,btts,No,,,1.75,1.75,"[""Betfair Exchange""]","[""odds_api_io""]",1,,
soccer|malaysia|singapore|2026-06-02,spreads|malaysia|1.00|home,spreads,Malaysia,1.0,home,1.06,1.06,"[""Betfair Exchange""]","[""odds_api_io""]",1,,
soccer|malaysia|singapore|2026-06-02,spreads|singapore|-1.00|away,spreads,Singapore,-1.0,away,20.0,20.0,"[""Betfair Exchange""]","[""odds_api_io""]",1,,
soccer|malaysia|singapore|2026-06-02,spreads|malaysia|3.00|home,spreads,Malaysia,3.0,home,1.01,1.01,"[""Betfair Exchange""]","[""odds_api_io""]",1,,
soccer|malaysia|singapore|2026-06-02,spreads|singapore|-3.00|away,spreads,Singapore,-3.0,away,1.01,1.01,"[""Betfair Exchange""]","[""odds_api_io""]",1,,
soccer|malaysia|singapore|2026-06-02,spreads|malaysia|2.00|home,spreads,Malaysia,2.0,home,1.01,1.01,"[""Betfair Exchange""]","[""odds_api_io""]",1,,
soccer|malaysia|singapore|2026-06-02,spreads|singapore|-2.00|away,spreads,Singapore,-2.0,away,1.01,1.01,"[""Betfair Exchange""]","[""odds_api_io""]",1,,
soccer|damash gilan|nassaji mazandaran|2026-06-02,h2h|nassaji mazandaran fc||home,h2h,Nassaji Mazandaran FC,,home,1.285,1.285,"[""Bet365""]","[""odds_api_io""]",1,,
soccer|damash gilan|nassaji mazandaran|2026-06-02,h2h|draw||,h2h,Draw,,,4.333,4.333,"[""Bet365""]","[""odds_api_io""]",1,,
soccer|damash gilan|nassaji mazandaran|2026-06-02,h2h|damash gilan fc||away,h2h,Damash Gilan FC,,away,9.5,9.5,"[""Bet365""]","[""odds_api_io""]",1,,
soccer|damash gilan|nassaji mazandaran|2026-06-02,dnb|nassaji mazandaran fc|0.00|home,dnb,Nassaji Mazandaran FC,0.0,home,1.062,1.062,"[""Bet365""]","[""odds_api_io""]",1,,
soccer|damash gilan|nassaji mazandaran|2026-06-02,dnb|damash gilan fc|0.00|away,dnb,Damash Gilan FC,0.0,away,8.0,8.0,"[""Bet365""]","[""odds_api_io""]",1,,
soccer|damash gilan|nassaji mazandaran|2026-06-02,spreads|nassaji mazandaran fc|-1.50|home,spreads,Nassaji Mazandaran FC,-1.5,home,1.975,1.975,"[""Bet365""]","[""odds_api_io""]",1,,
soccer|damash gilan|nassaji mazandaran|2026-06-02,spreads|damash gilan fc|1.50|away,spreads,Damash Gilan FC,1.5,away,1.825,1.825,"[""Bet365""]","[""odds_api_io""]",1,,
soccer|damash gilan|nassaji mazandaran|2026-06-02,totals|over|2.25|,totals,Over,2.25,,1.925,1.925,"[""Bet365""]","[""odds_api_io""]",1,,
soccer|damash gilan|nassaji mazandaran|2026-06-02,totals|under|2.25|,totals,Under,2.25,,1.875,1.875,"[""Bet365""]","[""odds_api_io""]",1,,
soccer|damash gilan|nassaji mazandaran|2026-06-02,totals|over|2.50|,totals,Over,2.5,,2.1,2.1,"[""Bet365""]","[""odds_api_io""]",1,,
soccer|damash gilan|nassaji mazandaran|2026-06-02,totals|under|2.50|,totals,Under,2.5,,1.7,1.7,"[""Bet365""]","[""odds_api_io""]",1,,
soccer|damash gilan|nassaji mazandaran|2026-06-02,spreads|nassaji mazandaran fc|-3.50|home,spreads,Nassaji Mazandaran FC,-3.5,home,5.9,5.9,"[""Bet365""]","[""odds_api_io""]",1,,
soccer|damash gilan|nassaji mazandaran|2026-06-02,spreads|damash gilan fc|3.50|away,spreads,Damash Gilan FC,3.5,away,1.13,1.13,"[""Bet365""]","[""odds_api_io""]",1,,
soccer|damash gilan|nassaji mazandaran|2026-06-02,spreads|nassaji mazandaran fc|-3.25|home,spreads,Nassaji Mazandaran FC,-3.25,home,5.5,5.5,"[""Bet365""]","[""odds_api_io""]",1,,
soccer|damash gilan|nassaji mazandaran|2026-06-02,spreads|damash gilan fc|3.25|away,spreads,Damash Gilan FC,3.25,away,1.15,1.15,"[""Bet365""]","[""odds_api_io""]",1,,
soccer|damash gilan|nassaji mazandaran|2026-06-02,spreads|nassaji mazandaran fc|-3.00|home,spreads,Nassaji Mazandaran FC,-3.0,home,5.0,5.0,"[""Bet365""]","[""odds_api_io""]",1,,
soccer|damash gilan|nassaji mazandaran|2026-06-02,spreads|damash gilan fc|3.00|away,spreads,Damash Gilan FC,3.0,away,1.17,1.17,"[""Bet365""]","[""odds_api_io""]",1,,
soccer|damash gilan|nassaji mazandaran|2026-06-02,spreads|nassaji mazandaran fc|-2.75|home,spreads,Nassaji Mazandaran FC,-2.75,home,3.7,3.7,"[""Bet365""]","[""odds_api_io""]",1,,
soccer|damash gilan|nassaji mazandaran|2026-06-02,spreads|damash gilan fc|2.75|away,spreads,Damash Gilan FC,2.75,away,1.26,1.26,"[""Bet365""]","[""odds_api_io""]",1,,
soccer|damash gilan|nassaji mazandaran|2026-06-02,spreads|nassaji mazandaran fc|-2.50|home,spreads,Nassaji Mazandaran FC,-2.5,home,3.1,3.1,"[""Bet365""]","[""odds_api_io""]",1,,
soccer|damash gilan|nassaji mazandaran|2026-06-02,spreads|damash gilan fc|2.50|away,spreads,Damash Gilan FC,2.5,away,1.35,1.35,"[""Bet365""]","[""odds_api_io""]",1,,
soccer|damash gilan|nassaji mazandaran|2026-06-02,spreads|nassaji mazandaran fc|-2.25|home,spreads,Nassaji Mazandaran FC,-2.25,home,2.75,2.75,"[""Bet365""]","[""odds_api_io""]",1,,
soccer|damash gilan|nassaji mazandaran|2026-06-02,spreads|damash gilan fc|2.25|away,spreads,Damash Gilan FC,2.25,away,1.425,1.425,"[""Bet365""]","[""odds_api_io""]",1,,
soccer|damash gilan|nassaji mazandaran|2026-06-02,spreads|nassaji mazandaran fc|-2.00|home,spreads,Nassaji Mazandaran FC,-2.0,home,2.425,2.425,"[""Bet365""]","[""odds_api_io""]",1,,
soccer|damash gilan|nassaji mazandaran|2026-06-02,spreads|damash gilan fc|2.00|away,spreads,Damash Gilan FC,2.0,away,1.525,1.525,"[""Bet365""]","[""odds_api_io""]",1,,
soccer|damash gilan|nassaji mazandaran|2026-06-02,spreads|nassaji mazandaran fc|-1.75|home,spreads,Nassaji Mazandaran FC,-1.75,home,2.075,2.075,"[""Bet365""]","[""odds_api_io""]",1,,
soccer|damash gilan|nassaji mazandaran|2026-06-02,spreads|damash gilan fc|1.75|away,spreads,Damash Gilan FC,1.75,away,1.725,1.725,"[""Bet365""]","[""odds_api_io""]",1,,
soccer|damash gilan|nassaji mazandaran|2026-06-02,spreads|nassaji mazandaran fc|-1.25|home,spreads,Nassaji Mazandaran FC,-1.25,home,1.65,1.65,"[""Bet365""]","[""odds_api_io""]",1,,
soccer|damash gilan|nassaji mazandaran|2026-06-02,spreads|damash gilan fc|1.25|away,spreads,Damash Gilan FC,1.25,away,2.2,2.2,"[""Bet365""]","[""odds_api_io""]",1,,
soccer|damash gilan|nassaji mazandaran|2026-06-02,spreads|nassaji mazandaran fc|-1.00|home,spreads,Nassaji Mazandaran FC,-1.0,home,1.425,1.425,"[""Bet365""]","[""odds_api_io""]",1,,
soccer|damash gilan|nassaji mazandaran|2026-06-02,spreads|damash gilan fc|1.00|away,spreads,Damash Gilan FC,1.0,away,2.75,2.75,"[""Bet365""]","[""odds_api_io""]",1,,
soccer|damash gilan|nassaji mazandaran|2026-06-02,spreads|nassaji mazandaran fc|-0.75|home,spreads,Nassaji Mazandaran FC,-0.75,home,1.35,1.35,"[""Bet365""]","[""odds_api_io""]",1,,
soccer|damash gilan|nassaji mazandaran|2026-06-02,spreads|damash gilan fc|0.75|away,spreads,Damash Gilan FC,0.75,away,3.1,3.1,"[""Bet365""]","[""odds_api_io""]",1,,
soccer|damash gilan|nassaji mazandaran|2026-06-02,spreads|nassaji mazandaran fc|-0.50|home,spreads,Nassaji Mazandaran FC,-0.5,home,1.275,1.275,"[""Bet365""]","[""odds_api_io""]",1,,
soccer|damash gilan|nassaji mazandaran|2026-06-02,spreads|damash gilan fc|0.50|away,spreads,Damash Gilan FC,0.5,away,3.55,3.55,"[""Bet365""]","[""odds_api_io""]",1,,
soccer|damash gilan|nassaji mazandaran|2026-06-02,spreads|nassaji mazandaran fc|-0.25|home,spreads,Nassaji Mazandaran FC,-0.25,home,1.175,1.175,"[""Bet365""]","[""odds_api_io""]",1,,
soccer|damash gilan|nassaji mazandaran|2026-06-02,spreads|damash gilan fc|0.25|away,spreads,Damash Gilan FC,0.25,away,4.8,4.8,"[""Bet365""]","[""odds_api_io""]",1,,
soccer|fard alborz|sanat mes kerman|2026-06-02,h2h|fc fard alborz||home,h2h,FC Fard Alborz,,home,2.2,2.2,"[""Bet365""]","[""odds_api_io""]",1,,
soccer|fard alborz|sanat mes kerman|2026-06-02,h2h|draw||,h2h,Draw,,,2.625,2.625,"[""Bet365""]","[""odds_api_io""]",1,,
soccer|fard alborz|sanat mes kerman|2026-06-02,h2h|sanat mes kerman fc||away,h2h,Sanat Mes Kerman FC,,away,3.6,3.6,"[""Bet365""]","[""odds_api_io""]",1,,
soccer|fard alborz|sanat mes kerman|2026-06-02,dnb|fc fard alborz|0.00|home,dnb,FC Fard Alborz,0.0,home,1.4,1.4,"[""Bet365""]","[""odds_api_io""]",1,,
soccer|fard alborz|sanat mes kerman|2026-06-02,dnb|sanat mes kerman fc|0.00|away,dnb,Sanat Mes Kerman FC,0.0,away,2.75,2.75,"[""Bet365""]","[""odds_api_io""]",1,,
soccer|fard alborz|sanat mes kerman|2026-06-02,spreads|fc fard alborz|-0.25|home,spreads,FC Fard Alborz,-0.25,home,1.9,1.9,"[""Bet365""]","[""odds_api_io""]",1,,
soccer|fard alborz|sanat mes kerman|2026-06-02,spreads|sanat mes kerman fc|0.25|away,spreads,Sanat Mes Kerman FC,0.25,away,1.9,1.9,"[""Bet365""]","[""odds_api_io""]",1,,
soccer|fard alborz|sanat mes kerman|2026-06-02,totals|over|1.25|,totals,Over,1.25,,1.75,1.75,"[""Bet365""]","[""odds_api_io""]",1,,
soccer|fard alborz|sanat mes kerman|2026-06-02,totals|under|1.25|,totals,Under,1.25,,2.05,2.05,"[""Bet365""]","[""odds_api_io""]",1,,
soccer|fard alborz|sanat mes kerman|2026-06-02,totals|over|2.50|,totals,Over,2.5,,4.333,4.333,"[""Bet365""]","[""odds_api_io""]",1,,
soccer|fard alborz|sanat mes kerman|2026-06-02,totals|under|2.50|,totals,Under,2.5,,1.2,1.2,"[""Bet365""]","[""odds_api_io""]",1,,
soccer|fard alborz|sanat mes kerman|2026-06-02,spreads|fc fard alborz|-1.75|home,spreads,FC Fard Alborz,-1.75,home,6.25,6.25,"[""Bet365""]","[""odds_api_io""]",1,,
soccer|fard alborz|sanat mes kerman|2026-06-02,spreads|sanat mes kerman fc|1.75|away,spreads,Sanat Mes Kerman FC,1.75,away,1.12,1.12,"[""Bet365""]","[""odds_api_io""]",1,,
soccer|fard alborz|sanat mes kerman|2026-06-02,spreads|fc fard alborz|-1.50|home,spreads,FC Fard Alborz,-1.5,home,4.5,4.5,"[""Bet365""]","[""odds_api_io""]",1,,
soccer|fard alborz|sanat mes kerman|2026-06-02,spreads|sanat mes kerman fc|1.50|away,spreads,Sanat Mes Kerman FC,1.5,away,1.19,1.19,"[""Bet365""]","[""odds_api_io""]",1,,
soccer|fard alborz|sanat mes kerman|2026-06-02,spreads|fc fard alborz|-1.25|home,spreads,FC Fard Alborz,-1.25,home,4.0,4.0,"[""Bet365""]","[""odds_api_io""]",1,,
soccer|fard alborz|sanat mes kerman|2026-06-02,spreads|sanat mes kerman fc|1.25|away,spreads,Sanat Mes Kerman FC,1.25,away,1.23,1.23,"[""Bet365""]","[""odds_api_io""]",1,,
soccer|fard alborz|sanat mes kerman|2026-06-02,spreads|fc fard alborz|-1.00|home,spreads,FC Fard Alborz,-1.0,home,3.45,3.45,"[""Bet365""]","[""odds_api_io""]",1,,
soccer|fard alborz|sanat mes kerman|2026-06-02,spreads|sanat mes kerman fc|1.00|away,spreads,Sanat Mes Kerman FC,1.0,away,1.3,1.3,"[""Bet365""]","[""odds_api_io""]",1,,
soccer|fard alborz|sanat mes kerman|2026-06-02,spreads|fc fard alborz|-0.75|home,spreads,FC Fard Alborz,-0.75,home,2.5,2.5,"[""Bet365""]","[""odds_api_io""]",1,,
soccer|fard alborz|sanat mes kerman|2026-06-02,spreads|sanat mes kerman fc|0.75|away,spreads,Sanat Mes Kerman FC,0.75,away,5.9,5.9,"[""Bet365""]","[""odds_api_io""]",1,,
soccer|fard alborz|sanat mes kerman|2026-06-02,spreads|fc fard alborz|-0.50|home,spreads,FC Fard Alborz,-0.5,home,2.075,2.075,"[""Bet365""]","[""odds_api_io""]",1,,
soccer|fard alborz|sanat mes kerman|2026-06-02,spreads|sanat mes kerman fc|0.50|away,spreads,Sanat Mes Kerman FC,0.5,away,4.25,4.25,"[""Bet365""]","[""odds_api_io""]",1,,
soccer|fard alborz|sanat mes kerman|2026-06-02,spreads|fc fard alborz|0.00|home,spreads,FC Fard Alborz,0.0,home,1.4,1.4,"[""Bet365""]","[""odds_api_io""]",1,,
soccer|fard alborz|sanat mes kerman|2026-06-02,spreads|sanat mes kerman fc|-0.00|away,spreads,Sanat Mes Kerman FC,-0.0,away,2.85,2.85,"[""Bet365""]","[""odds_api_io""]",1,,
soccer|fard alborz|sanat mes kerman|2026-06-02,spreads|fc fard alborz|0.25|home,spreads,FC Fard Alborz,0.25,home,1.275,1.275,"[""Bet365""]","[""odds_api_io""]",1,,
soccer|fard alborz|sanat mes kerman|2026-06-02,spreads|sanat mes kerman fc|-0.25|away,spreads,Sanat Mes Kerman FC,-0.25,away,3.55,3.55,"[""Bet365""]","[""odds_api_io""]",1,,
soccer|fard alborz|sanat mes kerman|2026-06-02,spreads|fc fard alborz|0.50|home,spreads,FC Fard Alborz,0.5,home,1.21,1.21,"[""Bet365""]","[""odds_api_io""]",1,,
soccer|fard alborz|sanat mes kerman|2026-06-02,spreads|sanat mes kerman fc|-0.50|away,spreads,Sanat Mes Kerman FC,-0.5,away,1.725,1.725,"[""Bet365""]","[""odds_api_io""]",1,,
soccer|fard alborz|sanat mes kerman|2026-06-02,spreads|fc fard alborz|0.75|home,spreads,FC Fard Alborz,0.75,home,1.13,1.13,"[""Bet365""]","[""odds_api_io""]",1,,
soccer|fard alborz|sanat mes kerman|2026-06-02,spreads|sanat mes kerman fc|-0.75|away,spreads,Sanat Mes Kerman FC,-0.75,away,1.5,1.5,"[""Bet365""]","[""odds_api_io""]",1,,
soccer|mes shahr e babak|sanat naft abadan|2026-06-02,h2h|mes shahr-e babak||home,h2h,Mes Shahr-e Babak,,home,2.2,2.2,"[""Bet365""]","[""odds_api_io""]",1,,
soccer|mes shahr e babak|sanat naft abadan|2026-06-02,h2h|draw||,h2h,Draw,,,2.625,2.625,"[""Bet365""]","[""odds_api_io""]",1,,
soccer|mes shahr e babak|sanat naft abadan|2026-06-02,h2h|sanat naft abadan fc||away,h2h,Sanat Naft Abadan FC,,away,3.6,3.6,"[""Bet365""]","[""odds_api_io""]",1,,
soccer|mes shahr e babak|sanat naft abadan|2026-06-02,dnb|mes shahr-e babak|0.00|home,dnb,Mes Shahr-e Babak,0.0,home,1.5,1.5,"[""Bet365""]","[""odds_api_io""]",1,,
soccer|mes shahr e babak|sanat naft abadan|2026-06-02,dnb|sanat naft abadan fc|0.00|away,dnb,Sanat Naft Abadan FC,0.0,away,2.5,2.5,"[""Bet365""]","[""odds_api_io""]",1,,
soccer|mes shahr e babak|sanat naft abadan|2026-06-02,spreads|mes shahr-e babak|-0.25|home,spreads,Mes Shahr-e Babak,-0.25,home,1.9,1.9,"[""Bet365""]","[""odds_api_io""]",1,,
soccer|mes shahr e babak|sanat naft abadan|2026-06-02,spreads|sanat naft abadan fc|0.25|away,spreads,Sanat Naft Abadan FC,0.25,away,1.9,1.9,"[""Bet365""]","[""odds_api_io""]",1,,
soccer|mes shahr e babak|sanat naft abadan|2026-06-02,totals|under|1.50|,totals,Under,1.5,,1.9,1.9,"[""Bet365""]","[""odds_api_io""]",1,,
soccer|mes shahr e babak|sanat naft abadan|2026-06-02,totals|over|2.50|,totals,Over,2.5,,3.5,3.5,"[""Bet365""]","[""odds_api_io""]",1,,
soccer|mes shahr e babak|sanat naft abadan|2026-06-02,totals|under|2.50|,totals,Under,2.5,,1.285,1.285,"[""Bet365""]","[""odds_api_io""]",1,,
soccer|mes shahr e babak|sanat naft abadan|2026-06-02,spreads|mes shahr-e babak|-1.75|home,spreads,Mes Shahr-e Babak,-1.75,home,6.6,6.6,"[""Bet365""]","[""odds_api_io""]",1,,
soccer|mes shahr e babak|sanat naft abadan|2026-06-02,spreads|sanat naft abadan fc|1.75|away,spreads,Sanat Naft Abadan FC,1.75,away,1.11,1.11,"[""Bet365""]","[""odds_api_io""]",1,,
soccer|mes shahr e babak|sanat naft abadan|2026-06-02,spreads|mes shahr-e babak|-1.50|home,spreads,Mes Shahr-e Babak,-1.5,home,4.8,4.8,"[""Bet365""]","[""odds_api_io""]",1,,
soccer|mes shahr e babak|sanat naft abadan|2026-06-02,spreads|sanat naft abadan fc|1.50|away,spreads,Sanat Naft Abadan FC,1.5,away,1.175,1.175,"[""Bet365""]","[""odds_api_io""]",1,,
soccer|mes shahr e babak|sanat naft abadan|2026-06-02,spreads|mes shahr-e babak|-1.25|home,spreads,Mes Shahr-e Babak,-1.25,home,4.25,4.25,"[""Bet365""]","[""odds_api_io""]",1,,
soccer|mes shahr e babak|sanat naft abadan|2026-06-02,spreads|sanat naft abadan fc|1.25|away,spreads,Sanat Naft Abadan FC,1.25,away,1.21,1.21,"[""Bet365""]","[""odds_api_io""]",1,,
soccer|mes shahr e babak|sanat naft abadan|2026-06-02,spreads|mes shahr-e babak|-1.00|home,spreads,Mes Shahr-e Babak,-1.0,home,3.8,3.8,"[""Bet365""]","[""odds_api_io""]",1,,
soccer|mes shahr e babak|sanat naft abadan|2026-06-02,spreads|sanat naft abadan fc|1.00|away,spreads,Sanat Naft Abadan FC,1.0,away,1.25,1.25,"[""Bet365""]","[""odds_api_io""]",1,,
soccer|mes shahr e babak|sanat naft abadan|2026-06-02,spreads|mes shahr-e babak|-0.75|home,spreads,Mes Shahr-e Babak,-0.75,home,2.675,2.675,"[""Bet365""]","[""odds_api_io""]",1,,
soccer|mes shahr e babak|sanat naft abadan|2026-06-02,spreads|sanat naft abadan fc|0.75|away,spreads,Sanat Naft Abadan FC,0.75,away,4.8,4.8,"[""Bet365""]","[""odds_api_io""]",1,,
soccer|mes shahr e babak|sanat naft abadan|2026-06-02,spreads|mes shahr-e babak|-0.50|home,spreads,Mes Shahr-e Babak,-0.5,home,2.25,2.25,"[""Bet365""]","[""odds_api_io""]",1,,
soccer|mes shahr e babak|sanat naft abadan|2026-06-02,spreads|sanat naft abadan fc|0.50|away,spreads,Sanat Naft Abadan FC,0.5,away,3.55,3.55,"[""Bet365""]","[""odds_api_io""]",1,,
soccer|mes shahr e babak|sanat naft abadan|2026-06-02,spreads|mes shahr-e babak|0.00|home,spreads,Mes Shahr-e Babak,0.0,home,1.525,1.525,"[""Bet365""]","[""odds_api_io""]",1,,
soccer|mes shahr e babak|sanat naft abadan|2026-06-02,spreads|sanat naft abadan fc|-0.00|away,spreads,Sanat Naft Abadan FC,-0.0,away,2.425,2.425,"[""Bet365""]","[""odds_api_io""]",1,,
soccer|mes shahr e babak|sanat naft abadan|2026-06-02,spreads|mes shahr-e babak|0.25|home,spreads,Mes Shahr-e Babak,0.25,home,1.35,1.35,"[""Bet365""]","[""odds_api_io""]",1,,
soccer|mes shahr e babak|sanat naft abadan|2026-06-02,spreads|sanat naft abadan fc|-0.25|away,spreads,Sanat Naft Abadan FC,-0.25,away,3.1,3.1,"[""Bet365""]","[""odds_api_io""]",1,,
soccer|mes shahr e babak|sanat naft abadan|2026-06-02,spreads|mes shahr-e babak|0.50|home,spreads,Mes Shahr-e Babak,0.5,home,1.275,1.275,"[""Bet365""]","[""odds_api_io""]",1,,
soccer|mes shahr e babak|sanat naft abadan|2026-06-02,spreads|sanat naft abadan fc|-0.50|away,spreads,Sanat Naft Abadan FC,-0.5,away,1.625,1.625,"[""Bet365""]","[""odds_api_io""]",1,,
soccer|mes shahr e babak|sanat naft abadan|2026-06-02,spreads|mes shahr-e babak|0.75|home,spreads,Mes Shahr-e Babak,0.75,home,1.175,1.175,"[""Bet365""]","[""odds_api_io""]",1,,
soccer|mes shahr e babak|sanat naft abadan|2026-06-02,spreads|sanat naft abadan fc|-0.75|away,spreads,Sanat Naft Abadan FC,-0.75,away,1.45,1.45,"[""Bet365""]","[""odds_api_io""]",1,,
soccer|ario eslamshahr|shahrdari nowshahr|2026-06-02,h2h|ario eslamshahr||home,h2h,Ario Eslamshahr,,home,2.0,2.0,"[""Bet365""]","[""odds_api_io""]",1,,
soccer|ario eslamshahr|shahrdari nowshahr|2026-06-02,h2h|draw||,h2h,Draw,,,2.7,2.7,"[""Bet365""]","[""odds_api_io""]",1,,
soccer|ario eslamshahr|shahrdari nowshahr|2026-06-02,h2h|shahrdari nowshahr||away,h2h,Shahrdari Nowshahr,,away,4.1,4.1,"[""Bet365""]","[""odds_api_io""]",1,,
soccer|ario eslamshahr|shahrdari nowshahr|2026-06-02,dnb|ario eslamshahr|0.00|home,dnb,Ario Eslamshahr,0.0,home,1.363,1.363,"[""Bet365""]","[""odds_api_io""]",1,,
soccer|ario eslamshahr|shahrdari nowshahr|2026-06-02,dnb|shahrdari nowshahr|0.00|away,dnb,Shahrdari Nowshahr,0.0,away,3.0,3.0,"[""Bet365""]","[""odds_api_io""]",1,,
soccer|ario eslamshahr|shahrdari nowshahr|2026-06-02,spreads|ario eslamshahr|-0.50|home,spreads,Ario Eslamshahr,-0.5,home,2.05,2.05,"[""Bet365""]","[""odds_api_io""]",1,,
soccer|ario eslamshahr|shahrdari nowshahr|2026-06-02,spreads|shahrdari nowshahr|0.50|away,spreads,Shahrdari Nowshahr,0.5,away,1.75,1.75,"[""Bet365""]","[""odds_api_io""]",1,,
soccer|ario eslamshahr|shahrdari nowshahr|2026-06-02,totals|under|1.50|,totals,Under,1.5,,1.9,1.9,"[""Bet365""]","[""odds_api_io""]",1,,
soccer|ario eslamshahr|shahrdari nowshahr|2026-06-02,totals|over|2.50|,totals,Over,2.5,,3.75,3.75,"[""Bet365""]","[""odds_api_io""]",1,,
soccer|ario eslamshahr|shahrdari nowshahr|2026-06-02,totals|under|2.50|,totals,Under,2.5,,1.25,1.25,"[""Bet365""]","[""odds_api_io""]",1,,
soccer|ario eslamshahr|shahrdari nowshahr|2026-06-02,spreads|ario eslamshahr|-1.75|home,spreads,Ario Eslamshahr,-1.75,home,5.75,5.75,"[""Bet365""]","[""odds_api_io""]",1,,
soccer|ario eslamshahr|shahrdari nowshahr|2026-06-02,spreads|shahrdari nowshahr|1.75|away,spreads,Shahrdari Nowshahr,1.75,away,1.14,1.14,"[""Bet365""]","[""odds_api_io""]",1,,
soccer|ario eslamshahr|shahrdari nowshahr|2026-06-02,spreads|ario eslamshahr|-1.50|home,spreads,Ario Eslamshahr,-1.5,home,4.25,4.25,"[""Bet365""]","[""odds_api_io""]",1,,
soccer|ario eslamshahr|shahrdari nowshahr|2026-06-02,spreads|shahrdari nowshahr|1.50|away,spreads,Shahrdari Nowshahr,1.5,away,1.21,1.21,"[""Bet365""]","[""odds_api_io""]",1,,
soccer|ario eslamshahr|shahrdari nowshahr|2026-06-02,spreads|ario eslamshahr|-1.25|home,spreads,Ario Eslamshahr,-1.25,home,3.8,3.8,"[""Bet365""]","[""odds_api_io""]",1,,
soccer|ario eslamshahr|shahrdari nowshahr|2026-06-02,spreads|shahrdari nowshahr|1.25|away,spreads,Shahrdari Nowshahr,1.25,away,1.25,1.25,"[""Bet365""]","[""odds_api_io""]",1,,
soccer|ario eslamshahr|shahrdari nowshahr|2026-06-02,spreads|ario eslamshahr|-1.00|home,spreads,Ario Eslamshahr,-1.0,home,3.3,3.3,"[""Bet365""]","[""odds_api_io""]",1,,
soccer|ario eslamshahr|shahrdari nowshahr|2026-06-02,spreads|shahrdari nowshahr|1.00|away,spreads,Shahrdari Nowshahr,1.0,away,1.325,1.325,"[""Bet365""]","[""odds_api_io""]",1,,
soccer|ario eslamshahr|shahrdari nowshahr|2026-06-02,spreads|ario eslamshahr|-0.75|home,spreads,Ario Eslamshahr,-0.75,home,2.425,2.425,"[""Bet365""]","[""odds_api_io""]",1,,
soccer|ario eslamshahr|shahrdari nowshahr|2026-06-02,spreads|shahrdari nowshahr|0.75|away,spreads,Shahrdari Nowshahr,0.75,away,5.9,5.9,"[""Bet365""]","[""odds_api_io""]",1,,
soccer|ario eslamshahr|shahrdari nowshahr|2026-06-02,spreads|ario eslamshahr|-0.25|home,spreads,Ario Eslamshahr,-0.25,home,1.725,1.725,"[""Bet365""]","[""odds_api_io""]",1,,
soccer|ario eslamshahr|shahrdari nowshahr|2026-06-02,spreads|shahrdari nowshahr|0.25|away,spreads,Shahrdari Nowshahr,0.25,away,3.55,3.55,"[""Bet365""]","[""odds_api_io""]",1,,
soccer|ario eslamshahr|shahrdari nowshahr|2026-06-02,spreads|ario eslamshahr|0.00|home,spreads,Ario Eslamshahr,0.0,home,1.4,1.4,"[""Bet365""]","[""odds_api_io""]",1,,
soccer|ario eslamshahr|shahrdari nowshahr|2026-06-02,spreads|shahrdari nowshahr|-0.00|away,spreads,Shahrdari Nowshahr,-0.0,away,2.85,2.85,"[""Bet365""]","[""odds_api_io""]",1,,
soccer|ario eslamshahr|shahrdari nowshahr|2026-06-02,spreads|ario eslamshahr|0.25|home,spreads,Ario Eslamshahr,0.25,home,1.275,1.275,"[""Bet365""]","[""odds_api_io""]",1,,
soccer|ario eslamshahr|shahrdari nowshahr|2026-06-02,spreads|shahrdari nowshahr|-0.25|away,spreads,Shahrdari Nowshahr,-0.25,away,2.075,2.075,"[""Bet365""]","[""odds_api_io""]",1,,
soccer|ario eslamshahr|shahrdari nowshahr|2026-06-02,spreads|ario eslamshahr|0.50|home,spreads,Ario Eslamshahr,0.5,home,1.22,1.22,"[""Bet365""]","[""odds_api_io""]",1,,
soccer|ario eslamshahr|shahrdari nowshahr|2026-06-02,spreads|shahrdari nowshahr|-0.50|away,spreads,Shahrdari Nowshahr,-0.5,away,4.15,4.15,"[""Bet365""]","[""odds_api_io""]",1,,
soccer|ario eslamshahr|shahrdari nowshahr|2026-06-02,spreads|ario eslamshahr|0.75|home,spreads,Ario Eslamshahr,0.75,home,1.13,1.13,"[""Bet365""]","[""odds_api_io""]",1,,
soccer|ario eslamshahr|shahrdari nowshahr|2026-06-02,spreads|shahrdari nowshahr|-0.75|away,spreads,Shahrdari Nowshahr,-0.75,away,1.525,1.525,"[""Bet365""]","[""odds_api_io""]",1,,
soccer|olimpia grudziadz|sandecja nowy sacz|2026-06-02,h2h|olimpia grudziadz||home,h2h,Olimpia Grudziadz,,home,2.1,1.9144,"[""Bet365"", ""Unibet"", ""Betfair Exchange"", ""Sbobet""]","[""odds_api_io""]",4,7.937,
soccer|olimpia grudziadz|sandecja nowy sacz|2026-06-02,h2h|draw||,h2h,Draw,,,4.0,3.5749,"[""Bet365"", ""Unibet"", ""Betfair Exchange"", ""Sbobet""]","[""odds_api_io""]",4,5.211,
soccer|olimpia grudziadz|sandecja nowy sacz|2026-06-02,h2h|sandecja nowy sacz||away,h2h,Sandecja Nowy Sacz,,away,3.95,3.3519,"[""Bet365"", ""Unibet"", ""Betfair Exchange"", ""Sbobet""]","[""odds_api_io""]",4,9.166,
soccer|olimpia grudziadz|sandecja nowy sacz|2026-06-02,dnb|olimpia grudziadz|0.00|home,dnb,Olimpia Grudziadz,0.0,home,1.55,1.5012,"[""Bet365"", ""Unibet"", ""Betfair Exchange""]","[""odds_api_io""]",3,3.977,
soccer|olimpia grudziadz|sandecja nowy sacz|2026-06-02,dnb|sandecja nowy sacz|0.00|away,dnb,Sandecja Nowy Sacz,0.0,away,3.0,2.5148,"[""Bet365"", ""Unibet"", ""Betfair Exchange""]","[""odds_api_io""]",3,13.178,
soccer|olimpia grudziadz|sandecja nowy sacz|2026-06-02,spreads|olimpia grudziadz|-0.50|home,spreads,Olimpia Grudziadz,-0.5,home,1.92,1.88,"[""Bet365"", ""Betfair Exchange"", ""Sbobet""]","[""odds_api_io""]",3,1.971,
soccer|olimpia grudziadz|sandecja nowy sacz|2026-06-02,spreads|sandecja nowy sacz|0.50|away,spreads,Sandecja Nowy Sacz,0.5,away,2.03,1.9698,"[""Bet365"", ""Betfair Exchange"", ""Sbobet""]","[""odds_api_io""]",3,2.552,
soccer|olimpia grudziadz|sandecja nowy sacz|2026-06-02,totals|over|3.00|,totals,Over,3.0,,1.92,1.8776,"[""Bet365"", ""Betfair Exchange"", ""Sbobet""]","[""odds_api_io""]",3,2.711,
soccer|olimpia grudziadz|sandecja nowy sacz|2026-06-02,totals|under|3.00|,totals,Under,3.0,,1.975,1.9343,"[""Bet365"", ""Betfair Exchange"", ""Sbobet""]","[""odds_api_io""]",3,2.559,
soccer|olimpia grudziadz|sandecja nowy sacz|2026-06-02,totals|over|2.50|,totals,Over,2.5,,1.6,1.5667,"[""Bet365"", ""Unibet"", ""Betfair Exchange""]","[""odds_api_io""]",3,2.732,
soccer|olimpia grudziadz|sandecja nowy sacz|2026-06-02,totals|under|2.50|,totals,Under,2.5,,2.58,2.3496,"[""Bet365"", ""Unibet"", ""Betfair Exchange""]","[""odds_api_io""]",3,8.41,
soccer|olimpia grudziadz|sandecja nowy sacz|2026-06-02,spreads|olimpia grudziadz|-2.50|home,spreads,Olimpia Grudziadz,-2.5,home,5.89,5.8204,"[""Bet365"", ""Betfair Exchange""]","[""odds_api_io""]",2,0.413,
soccer|olimpia grudziadz|sandecja nowy sacz|2026-06-02,spreads|sandecja nowy sacz|2.50|away,spreads,Sandecja Nowy Sacz,2.5,away,1.14,1.1297,"[""Bet365"", ""Betfair Exchange""]","[""odds_api_io""]",2,1.566,
soccer|olimpia grudziadz|sandecja nowy sacz|2026-06-02,spreads|olimpia grudziadz|-2.00|home,spreads,Olimpia Grudziadz,-2.0,home,5.8,5.2661,"[""Bet365"", ""Betfair Exchange""]","[""odds_api_io""]",3,2.759,
soccer|olimpia grudziadz|sandecja nowy sacz|2026-06-02,spreads|sandecja nowy sacz|2.00|away,spreads,Sandecja Nowy Sacz,2.0,away,1.35,1.2176,"[""Bet365"", ""Betfair Exchange""]","[""odds_api_io""]",3,12.882,
soccer|olimpia grudziadz|sandecja nowy sacz|2026-06-02,spreads|olimpia grudziadz|-1.75|home,spreads,Olimpia Grudziadz,-1.75,home,3.7,3.6744,"[""Bet365"", ""Betfair Exchange""]","[""odds_api_io""]",2,0.37,
soccer|olimpia grudziadz|sandecja nowy sacz|2026-06-02,spreads|sandecja nowy sacz|1.75|away,spreads,Sandecja Nowy Sacz,1.75,away,1.26,1.2549,"[""Bet365"", ""Betfair Exchange""]","[""odds_api_io""]",2,0.635,
soccer|olimpia grudziadz|sandecja nowy sacz|2026-06-02,spreads|olimpia grudziadz|-1.50|home,spreads,Olimpia Grudziadz,-1.5,home,3.1,3.0324,"[""Bet365"", ""Betfair Exchange""]","[""odds_api_io""]",2,1.412,
soccer|olimpia grudziadz|sandecja nowy sacz|2026-06-02,spreads|sandecja nowy sacz|1.50|away,spreads,Sandecja Nowy Sacz,1.5,away,6.0,2.179,"[""Bet365"", ""Betfair Exchange""]","[""odds_api_io""]",2,57.407,
soccer|olimpia grudziadz|sandecja nowy sacz|2026-06-02,spreads|olimpia grudziadz|-1.25|home,spreads,Olimpia Grudziadz,-1.25,home,2.75,2.7243,"[""Bet365"", ""Betfair Exchange""]","[""odds_api_io""]",2,0.673,
soccer|olimpia grudziadz|sandecja nowy sacz|2026-06-02,spreads|sandecja nowy sacz|1.25|away,spreads,Sandecja Nowy Sacz,1.25,away,5.75,2.2528,"[""Bet365"", ""Betfair Exchange""]","[""odds_api_io""]",2,53.031,
soccer|olimpia grudziadz|sandecja nowy sacz|2026-06-02,spreads|olimpia grudziadz|-1.00|home,spreads,Olimpia Grudziadz,-1.0,home,3.25,2.7357,"[""Bet365"", ""Unibet"", ""Betfair Exchange""]","[""odds_api_io""]",4,10.553,
soccer|olimpia grudziadz|sandecja nowy sacz|2026-06-02,spreads|sandecja nowy sacz|1.00|away,spreads,Sandecja Nowy Sacz,1.0,away,5.5,2.0172,"[""Bet365"", ""Unibet"", ""Betfair Exchange""]","[""odds_api_io""]",4,47.608,
soccer|olimpia grudziadz|sandecja nowy sacz|2026-06-02,spreads|olimpia grudziadz|-0.75|home,spreads,Olimpia Grudziadz,-0.75,home,2.15,2.1294,"[""Bet365"", ""Betfair Exchange""]","[""odds_api_io""]",2,0.882,
soccer|olimpia grudziadz|sandecja nowy sacz|2026-06-02,spreads|sandecja nowy sacz|0.75|away,spreads,Sandecja Nowy Sacz,0.75,away,3.9,2.4184,"[""Bet365"", ""Betfair Exchange""]","[""odds_api_io""]",2,30.856,
soccer|olimpia grudziadz|sandecja nowy sacz|2026-06-02,spreads|olimpia grudziadz|-0.25|home,spreads,Olimpia Grudziadz,-0.25,home,1.7,1.6949,"[""Bet365"", ""Betfair Exchange""]","[""odds_api_io""]",2,0.348,
soccer|olimpia grudziadz|sandecja nowy sacz|2026-06-02,spreads|sandecja nowy sacz|0.25|away,spreads,Sandecja Nowy Sacz,0.25,away,2.85,2.5776,"[""Bet365"", ""Betfair Exchange""]","[""odds_api_io""]",2,7.285,
soccer|olimpia grudziadz|sandecja nowy sacz|2026-06-02,spreads|olimpia grudziadz|0.00|home,spreads,Olimpia Grudziadz,0.0,home,1.5,1.4794,"[""Bet365"", ""Betfair Exchange""]","[""odds_api_io""]",2,1.826,
soccer|olimpia grudziadz|sandecja nowy sacz|2026-06-02,spreads|sandecja nowy sacz|-0.00|away,spreads,Sandecja Nowy Sacz,-0.0,away,3.0,2.7318,"[""Bet365"", ""Betfair Exchange""]","[""odds_api_io""]",2,6.667,
soccer|olimpia grudziadz|sandecja nowy sacz|2026-06-02,spreads|olimpia grudziadz|0.25|home,spreads,Olimpia Grudziadz,0.25,home,1.4,1.3897,"[""Bet365"", ""Betfair Exchange""]","[""odds_api_io""]",2,1.035,
soccer|olimpia grudziadz|sandecja nowy sacz|2026-06-02,spreads|sandecja nowy sacz|-0.25|away,spreads,Sandecja Nowy Sacz,-0.25,away,3.47,2.6283,"[""Bet365"", ""Betfair Exchange""]","[""odds_api_io""]",2,18.801,
soccer|olimpia grudziadz|sandecja nowy sacz|2026-06-02,spreads|olimpia grudziadz|0.50|home,spreads,Olimpia Grudziadz,0.5,home,1.325,1.3224,"[""Bet365"", ""Betfair Exchange""]","[""odds_api_io""]",2,0.286,
soccer|olimpia grudziadz|sandecja nowy sacz|2026-06-02,spreads|sandecja nowy sacz|-0.50|away,spreads,Sandecja Nowy Sacz,-0.5,away,3.95,3.6017,"[""Bet365"", ""Betfair Exchange""]","[""odds_api_io""]",2,4.987,
soccer|olimpia grudziadz|sandecja nowy sacz|2026-06-02,spreads|olimpia grudziadz|0.75|home,spreads,Olimpia Grudziadz,0.75,home,1.24,1.2297,"[""Bet365"", ""Betfair Exchange""]","[""odds_api_io""]",2,1.322,
soccer|olimpia grudziadz|sandecja nowy sacz|2026-06-02,spreads|sandecja nowy sacz|-0.75|away,spreads,Sandecja Nowy Sacz,-0.75,away,4.95,2.5257,"[""Bet365"", ""Betfair Exchange""]","[""odds_api_io""]",2,39.499,
soccer|olimpia grudziadz|sandecja nowy sacz|2026-06-02,spreads|olimpia grudziadz|1.00|home,spreads,Olimpia Grudziadz,1.0,home,1.32,1.2109,"[""Bet365"", ""Unibet"", ""Betfair Exchange""]","[""odds_api_io""]",4,13.528,
soccer|olimpia grudziadz|sandecja nowy sacz|2026-06-02,spreads|sandecja nowy sacz|-1.00|away,spreads,Sandecja Nowy Sacz,-1.0,away,7.8,3.5237,"[""Bet365"", ""Unibet"", ""Betfair Exchange""]","[""odds_api_io""]",4,53.846,
soccer|olimpia grudziadz|sandecja nowy sacz|2026-06-02,spreads|olimpia grudziadz|1.25|home,spreads,Olimpia Grudziadz,1.25,home,1.14,1.1193,"[""Bet365"", ""Betfair Exchange""]","[""odds_api_io""]",2,3.19,
soccer|olimpia grudziadz|sandecja nowy sacz|2026-06-02,spreads|sandecja nowy sacz|-1.25|away,spreads,Sandecja Nowy Sacz,-1.25,away,7.48,2.4239,"[""Bet365"", ""Betfair Exchange""]","[""odds_api_io""]",2,56.806,
soccer|olimpia grudziadz|sandecja nowy sacz|2026-06-02,spreads|olimpia grudziadz|1.50|home,spreads,Olimpia Grudziadz,1.5,home,1.125,1.1121,"[""Bet365"", ""Betfair Exchange""]","[""odds_api_io""]",2,2.02,
soccer|olimpia grudziadz|sandecja nowy sacz|2026-06-02,spreads|sandecja nowy sacz|-1.50|away,spreads,Sandecja Nowy Sacz,-1.5,away,7.8,2.3315,"[""Bet365"", ""Betfair Exchange""]","[""odds_api_io""]",2,61.254,
soccer|olimpia grudziadz|sandecja nowy sacz|2026-06-02,spreads|olimpia grudziadz|-2.25|home,spreads,Olimpia Grudziadz,-2.25,home,5.5,5.4898,"[""Bet365"", ""Betfair Exchange""]","[""odds_api_io""]",2,0.066,
soccer|olimpia grudziadz|sandecja nowy sacz|2026-06-02,spreads|sandecja nowy sacz|2.25|away,spreads,Sandecja Nowy Sacz,2.25,away,1.15,1.1397,"[""Bet365"", ""Betfair Exchange""]","[""odds_api_io""]",2,1.539,
soccer|olimpia grudziadz|sandecja nowy sacz|2026-06-02,doubleChance|1x||,doubleChance,1X,,,1.32,1.2701,"[""Unibet"", ""Betfair Exchange""]","[""odds_api_io""]",2,6.21,
soccer|olimpia grudziadz|sandecja nowy sacz|2026-06-02,doubleChance|12||,doubleChance,12,,,1.43,1.3592,"[""Unibet"", ""Betfair Exchange""]","[""odds_api_io""]",2,6.993,
soccer|olimpia grudziadz|sandecja nowy sacz|2026-06-02,doubleChance|x2||,doubleChance,X2,,,2.02,1.639,"[""Unibet"", ""Betfair Exchange""]","[""odds_api_io""]",2,24.024,
soccer|olimpia grudziadz|sandecja nowy sacz|2026-06-02,totals|over|3.50|,totals,Over,3.5,,2.45,2.4448,"[""Unibet"", ""Betfair Exchange""]","[""odds_api_io""]",2,0.167,
soccer|olimpia grudziadz|sandecja nowy sacz|2026-06-02,totals|under|3.50|,totals,Under,3.5,,1.62,1.5338,"[""Unibet"", ""Betfair Exchange""]","[""odds_api_io""]",2,7.237,
soccer|olimpia grudziadz|sandecja nowy sacz|2026-06-02,totals|over|1.50|,totals,Over,1.5,,1.19,1.1803,"[""Unibet"", ""Betfair Exchange""]","[""odds_api_io""]",2,1.436,
soccer|olimpia grudziadz|sandecja nowy sacz|2026-06-02,totals|under|1.50|,totals,Under,1.5,,5.6,4.6995,"[""Unibet"", ""Betfair Exchange""]","[""odds_api_io""]",2,7.143,
soccer|olimpia grudziadz|sandecja nowy sacz|2026-06-02,totals|over|4.50|,totals,Over,4.5,,4.44,4.3217,"[""Unibet"", ""Betfair Exchange""]","[""odds_api_io""]",2,1.287,
soccer|olimpia grudziadz|sandecja nowy sacz|2026-06-02,totals|under|4.50|,totals,Under,4.5,,1.25,1.2052,"[""Unibet"", ""Betfair Exchange""]","[""odds_api_io""]",2,6.207,
soccer|olimpia grudziadz|sandecja nowy sacz|2026-06-02,btts|yes||,btts,Yes,,,1.57,1.5256,"[""Unibet"", ""Betfair Exchange""]","[""odds_api_io""]",2,3.873,
soccer|olimpia grudziadz|sandecja nowy sacz|2026-06-02,btts|no||,btts,No,,,2.5,2.4,"[""Unibet"", ""Betfair Exchange""]","[""odds_api_io""]",2,3.478,
soccer|olimpia grudziadz|sandecja nowy sacz|2026-06-02,teamTotals|over|1.50|,teamTotals,Over,1.5,,2.23,1.9982,"[""Unibet""]","[""odds_api_io""]",2,10.406,
soccer|olimpia grudziadz|sandecja nowy sacz|2026-06-02,teamTotals|under|1.50|,teamTotals,Under,1.5,,1.79,1.6322,"[""Unibet""]","[""odds_api_io""]",2,10.801,
soccer|olimpia grudziadz|sandecja nowy sacz|2026-06-02,spreads|olimpia grudziadz|1.75|home,spreads,Olimpia Grudziadz,1.75,home,1.06,1.06,"[""Betfair Exchange""]","[""odds_api_io""]",1,,
soccer|olimpia grudziadz|sandecja nowy sacz|2026-06-02,spreads|sandecja nowy sacz|-1.75|away,spreads,Sandecja Nowy Sacz,-1.75,away,11.14,11.14,"[""Betfair Exchange""]","[""odds_api_io""]",1,,
soccer|olimpia grudziadz|sandecja nowy sacz|2026-06-02,spreads|olimpia grudziadz|2.75|home,spreads,Olimpia Grudziadz,2.75,home,1.01,1.01,"[""Betfair Exchange""]","[""odds_api_io""]",1,,
soccer|olimpia grudziadz|sandecja nowy sacz|2026-06-02,spreads|sandecja nowy sacz|-2.75|away,spreads,Sandecja Nowy Sacz,-2.75,away,28.46,28.46,"[""Betfair Exchange""]","[""odds_api_io""]",1,,
soccer|olimpia grudziadz|sandecja nowy sacz|2026-06-02,spreads|olimpia grudziadz|2.25|home,spreads,Olimpia Grudziadz,2.25,home,1.03,1.03,"[""Betfair Exchange""]","[""odds_api_io""]",1,,
soccer|olimpia grudziadz|sandecja nowy sacz|2026-06-02,spreads|sandecja nowy sacz|-2.25|away,spreads,Sandecja Nowy Sacz,-2.25,away,20.18,20.18,"[""Betfair Exchange""]","[""odds_api_io""]",1,,
soccer|olimpia grudziadz|sandecja nowy sacz|2026-06-02,spreads|olimpia grudziadz|3.00|home,spreads,Olimpia Grudziadz,3.0,home,1.03,1.0199,"[""Betfair Exchange""]","[""odds_api_io""]",2,1.923,
soccer|olimpia grudziadz|sandecja nowy sacz|2026-06-02,spreads|sandecja nowy sacz|-3.00|away,spreads,Sandecja Nowy Sacz,-3.0,away,37.8,27.8127,"[""Betfair Exchange""]","[""odds_api_io""]",2,1.9,
soccer|olimpia grudziadz|sandecja nowy sacz|2026-06-02,spreads|olimpia grudziadz|3.50|home,spreads,Olimpia Grudziadz,3.5,home,1.01,1.01,"[""Betfair Exchange""]","[""odds_api_io""]",1,,
soccer|olimpia grudziadz|sandecja nowy sacz|2026-06-02,spreads|sandecja nowy sacz|-3.50|away,spreads,Sandecja Nowy Sacz,-3.5,away,22.25,22.25,"[""Betfair Exchange""]","[""odds_api_io""]",1,,
soccer|olimpia grudziadz|sandecja nowy sacz|2026-06-02,spreads|olimpia grudziadz|2.00|home,spreads,Olimpia Grudziadz,2.0,home,1.1,1.0638,"[""Betfair Exchange""]","[""odds_api_io""]",2,6.178,
soccer|olimpia grudziadz|sandecja nowy sacz|2026-06-02,spreads|sandecja nowy sacz|-2.00|away,spreads,Sandecja Nowy Sacz,-2.0,away,21.0,20.1521,"[""Betfair Exchange""]","[""odds_api_io""]",2,0.401,
soccer|olimpia grudziadz|sandecja nowy sacz|2026-06-02,spreads|olimpia grudziadz|2.50|home,spreads,Olimpia Grudziadz,2.5,home,1.03,1.03,"[""Betfair Exchange""]","[""odds_api_io""]",1,,
soccer|olimpia grudziadz|sandecja nowy sacz|2026-06-02,spreads|sandecja nowy sacz|-2.50|away,spreads,Sandecja Nowy Sacz,-2.5,away,21.0,21.0,"[""Betfair Exchange""]","[""odds_api_io""]",1,,
soccer|olimpia grudziadz|sandecja nowy sacz|2026-06-02,spreads|olimpia grudziadz|3.25|home,spreads,Olimpia Grudziadz,3.25,home,1.01,1.01,"[""Betfair Exchange""]","[""odds_api_io""]",1,,
soccer|olimpia grudziadz|sandecja nowy sacz|2026-06-02,spreads|sandecja nowy sacz|-3.25|away,spreads,Sandecja Nowy Sacz,-3.25,away,22.01,22.01,"[""Betfair Exchange""]","[""odds_api_io""]",1,,
soccer|olimpia grudziadz|sandecja nowy sacz|2026-06-02,spreads|olimpia grudziadz|-2.75|home,spreads,Olimpia Grudziadz,-2.75,home,7.98,7.98,"[""Betfair Exchange""]","[""odds_api_io""]",1,,
soccer|olimpia grudziadz|sandecja nowy sacz|2026-06-02,spreads|sandecja nowy sacz|2.75|away,spreads,Sandecja Nowy Sacz,2.75,away,1.08,1.08,"[""Betfair Exchange""]","[""odds_api_io""]",1,,
soccer|olimpia grudziadz|sandecja nowy sacz|2026-06-02,spreads|olimpia grudziadz|-3.75|home,spreads,Olimpia Grudziadz,-3.75,home,14.2,14.2,"[""Betfair Exchange""]","[""odds_api_io""]",1,,
soccer|olimpia grudziadz|sandecja nowy sacz|2026-06-02,spreads|sandecja nowy sacz|3.75|away,spreads,Sandecja Nowy Sacz,3.75,away,1.02,1.02,"[""Betfair Exchange""]","[""odds_api_io""]",1,,
soccer|olimpia grudziadz|sandecja nowy sacz|2026-06-02,spreads|olimpia grudziadz|-3.25|home,spreads,Olimpia Grudziadz,-3.25,home,13.75,13.75,"[""Betfair Exchange""]","[""odds_api_io""]",1,,
soccer|olimpia grudziadz|sandecja nowy sacz|2026-06-02,spreads|sandecja nowy sacz|3.25|away,spreads,Sandecja Nowy Sacz,3.25,away,1.05,1.05,"[""Betfair Exchange""]","[""odds_api_io""]",1,,
soccer|olimpia grudziadz|sandecja nowy sacz|2026-06-02,spreads|olimpia grudziadz|-3.00|home,spreads,Olimpia Grudziadz,-3.0,home,14.0,13.4922,"[""Betfair Exchange""]","[""odds_api_io""]",2,0.538,
soccer|olimpia grudziadz|sandecja nowy sacz|2026-06-02,spreads|sandecja nowy sacz|3.00|away,spreads,Sandecja Nowy Sacz,3.0,away,1.12,1.0839,"[""Betfair Exchange""]","[""odds_api_io""]",2,5.952,
soccer|olimpia grudziadz|sandecja nowy sacz|2026-06-02,spreads|olimpia grudziadz|-3.50|home,spreads,Olimpia Grudziadz,-3.5,home,14.2,14.2,"[""Betfair Exchange""]","[""odds_api_io""]",1,,
soccer|olimpia grudziadz|sandecja nowy sacz|2026-06-02,spreads|sandecja nowy sacz|3.50|away,spreads,Sandecja Nowy Sacz,3.5,away,1.05,1.05,"[""Betfair Exchange""]","[""odds_api_io""]",1,,
soccer|olimpia grudziadz|sandecja nowy sacz|2026-06-02,totals|over|2.25|,totals,Over,2.25,,1.41,1.41,"[""Betfair Exchange""]","[""odds_api_io""]",1,,
soccer|olimpia grudziadz|sandecja nowy sacz|2026-06-02,totals|under|2.25|,totals,Under,2.25,,3.06,3.06,"[""Betfair Exchange""]","[""odds_api_io""]",1,,
soccer|olimpia grudziadz|sandecja nowy sacz|2026-06-02,totals|over|2.75|,totals,Over,2.75,,1.69,1.69,"[""Betfair Exchange""]","[""odds_api_io""]",1,,
soccer|olimpia grudziadz|sandecja nowy sacz|2026-06-02,totals|under|2.75|,totals,Under,2.75,,2.22,2.22,"[""Betfair Exchange""]","[""odds_api_io""]",1,,
soccer|olimpia grudziadz|sandecja nowy sacz|2026-06-02,totals|over|5.25|,totals,Over,5.25,,8.48,8.48,"[""Betfair Exchange""]","[""odds_api_io""]",1,,
soccer|olimpia grudziadz|sandecja nowy sacz|2026-06-02,totals|under|5.25|,totals,Under,5.25,,1.1,1.1,"[""Betfair Exchange""]","[""odds_api_io""]",1,,
soccer|olimpia grudziadz|sandecja nowy sacz|2026-06-02,totals|over|6.50|,totals,Over,6.5,,20.0,20.0,"[""Betfair Exchange""]","[""odds_api_io""]",1,,
soccer|olimpia grudziadz|sandecja nowy sacz|2026-06-02,totals|under|6.50|,totals,Under,6.5,,1.03,1.03,"[""Betfair Exchange""]","[""odds_api_io""]",1,,
soccer|olimpia grudziadz|sandecja nowy sacz|2026-06-02,totals|over|3.75|,totals,Over,3.75,,2.86,2.86,"[""Betfair Exchange""]","[""odds_api_io""]",1,,
soccer|olimpia grudziadz|sandecja nowy sacz|2026-06-02,totals|under|3.75|,totals,Under,3.75,,1.46,1.46,"[""Betfair Exchange""]","[""odds_api_io""]",1,,
soccer|olimpia grudziadz|sandecja nowy sacz|2026-06-02,totals|over|5.00|,totals,Over,5.0,,7.97,7.97,"[""Betfair Exchange""]","[""odds_api_io""]",1,,
soccer|olimpia grudziadz|sandecja nowy sacz|2026-06-02,totals|under|5.00|,totals,Under,5.0,,1.11,1.11,"[""Betfair Exchange""]","[""odds_api_io""]",1,,
soccer|olimpia grudziadz|sandecja nowy sacz|2026-06-02,totals|over|3.25|,totals,Over,3.25,,2.17,2.17,"[""Betfair Exchange""]","[""odds_api_io""]",1,,
soccer|olimpia grudziadz|sandecja nowy sacz|2026-06-02,totals|under|3.25|,totals,Under,3.25,,1.75,1.75,"[""Betfair Exchange""]","[""odds_api_io""]",1,,
soccer|olimpia grudziadz|sandecja nowy sacz|2026-06-02,totals|over|1.75|,totals,Over,1.75,,1.21,1.21,"[""Betfair Exchange""]","[""odds_api_io""]",1,,
soccer|olimpia grudziadz|sandecja nowy sacz|2026-06-02,totals|under|1.75|,totals,Under,1.75,,4.4,4.4,"[""Betfair Exchange""]","[""odds_api_io""]",1,,
soccer|olimpia grudziadz|sandecja nowy sacz|2026-06-02,totals|over|6.25|,totals,Over,6.25,,19.38,19.38,"[""Betfair Exchange""]","[""odds_api_io""]",1,,
soccer|olimpia grudziadz|sandecja nowy sacz|2026-06-02,totals|under|6.25|,totals,Under,6.25,,1.03,1.03,"[""Betfair Exchange""]","[""odds_api_io""]",1,,
soccer|olimpia grudziadz|sandecja nowy sacz|2026-06-02,totals|over|5.50|,totals,Over,5.5,,9.0,9.0,"[""Betfair Exchange""]","[""odds_api_io""]",1,,
soccer|olimpia grudziadz|sandecja nowy sacz|2026-06-02,totals|under|5.50|,totals,Under,5.5,,1.1,1.1,"[""Betfair Exchange""]","[""odds_api_io""]",1,,
soccer|olimpia grudziadz|sandecja nowy sacz|2026-06-02,totals|over|4.75|,totals,Over,4.75,,5.61,5.61,"[""Betfair Exchange""]","[""odds_api_io""]",1,,
soccer|olimpia grudziadz|sandecja nowy sacz|2026-06-02,totals|under|4.75|,totals,Under,4.75,,1.16,1.16,"[""Betfair Exchange""]","[""odds_api_io""]",1,,
soccer|olimpia grudziadz|sandecja nowy sacz|2026-06-02,totals|over|2.00|,totals,Over,2.0,,1.25,1.25,"[""Betfair Exchange""]","[""odds_api_io""]",1,,
soccer|olimpia grudziadz|sandecja nowy sacz|2026-06-02,totals|under|2.00|,totals,Under,2.0,,3.96,3.96,"[""Betfair Exchange""]","[""odds_api_io""]",1,,
soccer|olimpia grudziadz|sandecja nowy sacz|2026-06-02,totals|over|1.25|,totals,Over,1.25,,1.11,1.11,"[""Betfair Exchange""]","[""odds_api_io""]",1,,
soccer|olimpia grudziadz|sandecja nowy sacz|2026-06-02,totals|under|1.25|,totals,Under,1.25,,7.22,7.22,"[""Betfair Exchange""]","[""odds_api_io""]",1,,
soccer|olimpia grudziadz|sandecja nowy sacz|2026-06-02,totals|over|5.75|,totals,Over,5.75,,12.03,12.03,"[""Betfair Exchange""]","[""odds_api_io""]",1,,
soccer|olimpia grudziadz|sandecja nowy sacz|2026-06-02,totals|under|5.75|,totals,Under,5.75,,1.06,1.06,"[""Betfair Exchange""]","[""odds_api_io""]",1,,
soccer|olimpia grudziadz|sandecja nowy sacz|2026-06-02,totals|over|0.75|,totals,Over,0.75,,1.04,1.04,"[""Betfair Exchange""]","[""odds_api_io""]",1,,
soccer|olimpia grudziadz|sandecja nowy sacz|2026-06-02,totals|under|0.75|,totals,Under,0.75,,8.82,8.82,"[""Betfair Exchange""]","[""odds_api_io""]",1,,
soccer|olimpia grudziadz|sandecja nowy sacz|2026-06-02,totals|over|1.00|,totals,Over,1.0,,1.04,1.04,"[""Betfair Exchange""]","[""odds_api_io""]",1,,
soccer|olimpia grudziadz|sandecja nowy sacz|2026-06-02,totals|under|1.00|,totals,Under,1.0,,8.6,8.6,"[""Betfair Exchange""]","[""odds_api_io""]",1,,
soccer|olimpia grudziadz|sandecja nowy sacz|2026-06-02,totals|over|0.50|,totals,Over,0.5,,1.04,1.04,"[""Betfair Exchange""]","[""odds_api_io""]",1,,
soccer|olimpia grudziadz|sandecja nowy sacz|2026-06-02,totals|under|0.50|,totals,Under,0.5,,21.0,21.0,"[""Betfair Exchange""]","[""odds_api_io""]",1,,
soccer|olimpia grudziadz|sandecja nowy sacz|2026-06-02,totals|over|6.00|,totals,Over,6.0,,18.77,18.77,"[""Betfair Exchange""]","[""odds_api_io""]",1,,
soccer|olimpia grudziadz|sandecja nowy sacz|2026-06-02,totals|under|6.00|,totals,Under,6.0,,1.03,1.03,"[""Betfair Exchange""]","[""odds_api_io""]",1,,
soccer|olimpia grudziadz|sandecja nowy sacz|2026-06-02,totals|over|4.25|,totals,Over,4.25,,4.04,4.04,"[""Betfair Exchange""]","[""odds_api_io""]",1,,
soccer|olimpia grudziadz|sandecja nowy sacz|2026-06-02,totals|under|4.25|,totals,Under,4.25,,1.28,1.28,"[""Betfair Exchange""]","[""odds_api_io""]",1,,
soccer|olimpia grudziadz|sandecja nowy sacz|2026-06-02,totals|over|4.00|,totals,Over,4.0,,3.63,3.63,"[""Betfair Exchange""]","[""odds_api_io""]",1,,
soccer|olimpia grudziadz|sandecja nowy sacz|2026-06-02,totals|under|4.00|,totals,Under,4.0,,1.32,1.32,"[""Betfair Exchange""]","[""odds_api_io""]",1,,
soccer|olimpia grudziadz|sandecja nowy sacz|2026-06-02,totals|over|7.25|,totals,Over,7.25,,50.22,50.22,"[""Betfair Exchange""]","[""odds_api_io""]",1,,
soccer|olimpia grudziadz|sandecja nowy sacz|2026-06-02,totals|under|7.25|,totals,Under,7.25,,1.01,1.01,"[""Betfair Exchange""]","[""odds_api_io""]",1,,
soccer|olimpia grudziadz|sandecja nowy sacz|2026-06-02,totals|over|6.75|,totals,Over,6.75,,28.29,28.29,"[""Betfair Exchange""]","[""odds_api_io""]",1,,
soccer|olimpia grudziadz|sandecja nowy sacz|2026-06-02,totals|under|6.75|,totals,Under,6.75,,1.01,1.01,"[""Betfair Exchange""]","[""odds_api_io""]",1,,
soccer|olimpia grudziadz|sandecja nowy sacz|2026-06-02,totals|over|7.00|,totals,Over,7.0,,49.45,49.45,"[""Betfair Exchange""]","[""odds_api_io""]",1,,
soccer|olimpia grudziadz|sandecja nowy sacz|2026-06-02,totals|under|7.00|,totals,Under,7.0,,1.01,1.01,"[""Betfair Exchange""]","[""odds_api_io""]",1,,
soccer|olimpia grudziadz|sandecja nowy sacz|2026-06-02,totals|over|7.50|,totals,Over,7.5,,51.0,51.0,"[""Betfair Exchange""]","[""odds_api_io""]",1,,
soccer|olimpia grudziadz|sandecja nowy sacz|2026-06-02,totals|under|7.50|,totals,Under,7.5,,1.01,1.01,"[""Betfair Exchange""]","[""odds_api_io""]",1,,
soccer|al kahrabaa|al karma|2026-06-02,h2h|al kahrabaa sc||home,h2h,Al Kahrabaa SC,,home,3.65,3.4621,"[""Bet365"", ""Unibet""]","[""odds_api_io""]",2,2.906,
soccer|al kahrabaa|al karma|2026-06-02,h2h|draw||,h2h,Draw,,,3.2,3.2,"[""Bet365"", ""Unibet""]","[""odds_api_io""]",2,,
soccer|al kahrabaa|al karma|2026-06-02,h2h|al karma||away,h2h,AL Karma,,away,2.0,1.9499,"[""Bet365"", ""Unibet""]","[""odds_api_io""]",2,2.632,
soccer|al kahrabaa|al karma|2026-06-02,dnb|al kahrabaa sc|0.00|home,dnb,Al Kahrabaa SC,0.0,home,2.6,2.5478,"[""Bet365"", ""Unibet""]","[""odds_api_io""]",2,1.538,
soccer|al kahrabaa|al karma|2026-06-02,dnb|al karma|0.00|away,dnb,AL Karma,0.0,away,1.5,1.4336,"[""Bet365"", ""Unibet""]","[""odds_api_io""]",2,6.326,
soccer|al kahrabaa|al karma|2026-06-02,spreads|al kahrabaa sc|0.25|home,spreads,Al Kahrabaa SC,0.25,home,2.0,2.0,"[""Bet365""]","[""odds_api_io""]",1,,
soccer|al kahrabaa|al karma|2026-06-02,spreads|al karma|-0.25|away,spreads,AL Karma,-0.25,away,1.8,1.8,"[""Bet365""]","[""odds_api_io""]",1,,
soccer|al kahrabaa|al karma|2026-06-02,totals|over|2.50|,totals,Over,2.5,,1.975,1.9518,"[""Bet365"", ""Unibet""]","[""odds_api_io""]",3,1.181,
soccer|al kahrabaa|al karma|2026-06-02,totals|under|2.50|,totals,Under,2.5,,1.85,1.7835,"[""Bet365"", ""Unibet""]","[""odds_api_io""]",3,5.47,
soccer|al kahrabaa|al karma|2026-06-02,doubleChance|1x||,doubleChance,1X,,,1.68,1.68,"[""Unibet""]","[""odds_api_io""]",1,,
soccer|al kahrabaa|al karma|2026-06-02,doubleChance|12||,doubleChance,12,,,1.24,1.24,"[""Unibet""]","[""odds_api_io""]",1,,
soccer|al kahrabaa|al karma|2026-06-02,doubleChance|x2||,doubleChance,X2,,,1.18,1.18,"[""Unibet""]","[""odds_api_io""]",1,,
soccer|al kahrabaa|al karma|2026-06-02,totals|over|1.50|,totals,Over,1.5,,1.27,1.27,"[""Unibet""]","[""odds_api_io""]",1,,
soccer|al kahrabaa|al karma|2026-06-02,totals|under|1.50|,totals,Under,1.5,,3.05,3.05,"[""Unibet""]","[""odds_api_io""]",1,,
soccer|al kahrabaa|al karma|2026-06-02,totals|over|3.50|,totals,Over,3.5,,3.35,3.35,"[""Unibet""]","[""odds_api_io""]",1,,
soccer|al kahrabaa|al karma|2026-06-02,totals|under|3.50|,totals,Under,3.5,,1.23,1.23,"[""Unibet""]","[""odds_api_io""]",1,,
soccer|al kahrabaa|al karma|2026-06-02,totals|over|4.50|,totals,Over,4.5,,6.0,6.0,"[""Unibet""]","[""odds_api_io""]",1,,
soccer|al kahrabaa|al karma|2026-06-02,totals|under|4.50|,totals,Under,4.5,,1.05,1.05,"[""Unibet""]","[""odds_api_io""]",1,,
soccer|al kahrabaa|al karma|2026-06-02,btts|yes||,btts,Yes,,,1.75,1.75,"[""Unibet""]","[""odds_api_io""]",1,,
soccer|al kahrabaa|al karma|2026-06-02,btts|no||,btts,No,,,1.85,1.85,"[""Unibet""]","[""odds_api_io""]",1,,
soccer|al kahrabaa|al karma|2026-06-02,teamTotals|over|0.50|,teamTotals,Over,0.5,,1.44,1.44,"[""Unibet""]","[""odds_api_io""]",1,,
soccer|al kahrabaa|al karma|2026-06-02,teamTotals|under|0.50|,teamTotals,Under,0.5,,2.4,2.4,"[""Unibet""]","[""odds_api_io""]",1,,
soccer|al kahrabaa|al karma|2026-06-02,teamTotals|over|1.50|,teamTotals,Over,1.5,,1.97,1.97,"[""Unibet""]","[""odds_api_io""]",1,,
soccer|al kahrabaa|al karma|2026-06-02,teamTotals|under|1.50|,teamTotals,Under,1.5,,1.66,1.66,"[""Unibet""]","[""odds_api_io""]",1,,
soccer|al kahrabaa|al karma|2026-06-02,spreads|al kahrabaa sc|1.00|home,spreads,Al Kahrabaa SC,1.0,home,1.68,1.68,"[""Unibet""]","[""odds_api_io""]",1,,
soccer|al kahrabaa|al karma|2026-06-02,spreads|al karma|-1.00|away,spreads,AL Karma,-1.0,away,3.05,3.05,"[""Unibet""]","[""odds_api_io""]",1,,
soccer|al kahrabaa|al karma|2026-06-02,spreads|al kahrabaa sc|2.00|home,spreads,Al Kahrabaa SC,2.0,home,1.19,1.19,"[""Unibet""]","[""odds_api_io""]",1,,
soccer|al kahrabaa|al karma|2026-06-02,spreads|al karma|-2.00|away,spreads,AL Karma,-2.0,away,5.8,5.8,"[""Unibet""]","[""odds_api_io""]",1,,
soccer|amanat baghdad|erbil|2026-06-02,h2h|erbil sc||home,h2h,Erbil SC,,home,1.6,1.5338,"[""Bet365"", ""Unibet""]","[""odds_api_io""]",2,5.527,
soccer|amanat baghdad|erbil|2026-06-02,h2h|draw||,h2h,Draw,,,3.85,3.8242,"[""Bet365"", ""Unibet""]","[""odds_api_io""]",2,0.342,
soccer|amanat baghdad|erbil|2026-06-02,h2h|amanat baghdad sc||away,h2h,Amanat Baghdad SC,,away,5.8,5.0528,"[""Bet365"", ""Unibet""]","[""odds_api_io""]",2,4.981,
soccer|amanat baghdad|erbil|2026-06-02,dnb|erbil sc|0.00|home,dnb,Erbil SC,0.0,home,1.25,1.1991,"[""Bet365"", ""Unibet""]","[""odds_api_io""]",2,6.957,
soccer|amanat baghdad|erbil|2026-06-02,dnb|amanat baghdad sc|0.00|away,dnb,Amanat Baghdad SC,0.0,away,4.2,3.957,"[""Bet365"", ""Unibet""]","[""odds_api_io""]",2,2.857,
soccer|amanat baghdad|erbil|2026-06-02,spreads|erbil sc|-1.00|home,spreads,Erbil SC,-1.0,home,2.15,2.0705,"[""Bet365"", ""Unibet""]","[""odds_api_io""]",2,3.488,
soccer|amanat baghdad|erbil|2026-06-02,spreads|amanat baghdad sc|1.00|away,spreads,Amanat Baghdad SC,1.0,away,2.25,1.9947,"[""Bet365"", ""Unibet""]","[""odds_api_io""]",2,11.111,
soccer|amanat baghdad|erbil|2026-06-02,totals|over|2.75|,totals,Over,2.75,,1.825,1.825,"[""Bet365""]","[""odds_api_io""]",1,,
soccer|amanat baghdad|erbil|2026-06-02,totals|under|2.75|,totals,Under,2.75,,1.975,1.975,"[""Bet365""]","[""odds_api_io""]",1,,
soccer|amanat baghdad|erbil|2026-06-02,totals|over|2.50|,totals,Over,2.5,,1.82,1.7835,"[""Bet365"", ""Unibet""]","[""odds_api_io""]",2,2.198,
soccer|amanat baghdad|erbil|2026-06-02,totals|under|2.50|,totals,Under,2.5,,2.05,1.9143,"[""Bet365"", ""Unibet""]","[""odds_api_io""]",2,7.085,
soccer|amanat baghdad|erbil|2026-06-02,doubleChance|1x||,doubleChance,1X,,,1.07,1.07,"[""Unibet""]","[""odds_api_io""]",1,,
soccer|amanat baghdad|erbil|2026-06-02,doubleChance|12||,doubleChance,12,,,1.45,1.45,"[""Unibet""]","[""odds_api_io""]",1,,
soccer|amanat baghdad|erbil|2026-06-02,doubleChance|x2||,doubleChance,X2,,,1.63,1.63,"[""Unibet""]","[""odds_api_io""]",1,,
soccer|amanat baghdad|erbil|2026-06-02,totals|over|3.50|,totals,Over,3.5,,3.1,3.1,"[""Unibet""]","[""odds_api_io""]",1,,
soccer|amanat baghdad|erbil|2026-06-02,totals|under|3.50|,totals,Under,3.5,,1.27,1.27,"[""Unibet""]","[""odds_api_io""]",1,,
soccer|amanat baghdad|erbil|2026-06-02,totals|over|1.50|,totals,Over,1.5,,1.23,1.23,"[""Unibet""]","[""odds_api_io""]",1,,
soccer|amanat baghdad|erbil|2026-06-02,totals|under|1.50|,totals,Under,1.5,,3.35,3.35,"[""Unibet""]","[""odds_api_io""]",1,,
soccer|amanat baghdad|erbil|2026-06-02,totals|over|4.50|,totals,Over,4.5,,5.5,5.5,"[""Unibet""]","[""odds_api_io""]",1,,
soccer|amanat baghdad|erbil|2026-06-02,totals|under|4.50|,totals,Under,4.5,,1.06,1.06,"[""Unibet""]","[""odds_api_io""]",1,,
soccer|amanat baghdad|erbil|2026-06-02,btts|yes||,btts,Yes,,,1.92,1.92,"[""Unibet""]","[""odds_api_io""]",1,,
soccer|amanat baghdad|erbil|2026-06-02,btts|no||,btts,No,,,1.7,1.7,"[""Unibet""]","[""odds_api_io""]",1,,
soccer|amanat baghdad|erbil|2026-06-02,teamTotals|over|1.50|,teamTotals,Over,1.5,,1.61,1.61,"[""Unibet""]","[""odds_api_io""]",1,,
soccer|amanat baghdad|erbil|2026-06-02,teamTotals|under|1.50|,teamTotals,Under,1.5,,2.05,2.05,"[""Unibet""]","[""odds_api_io""]",1,,
soccer|amanat baghdad|erbil|2026-06-02,teamTotals|over|0.50|,teamTotals,Over,0.5,,1.67,1.67,"[""Unibet""]","[""odds_api_io""]",1,,
soccer|amanat baghdad|erbil|2026-06-02,teamTotals|under|0.50|,teamTotals,Under,0.5,,1.95,1.95,"[""Unibet""]","[""odds_api_io""]",1,,
soccer|amanat baghdad|erbil|2026-06-02,spreads|erbil sc|-2.00|home,spreads,Erbil SC,-2.0,home,3.8,3.8,"[""Unibet""]","[""odds_api_io""]",1,,
soccer|amanat baghdad|erbil|2026-06-02,spreads|amanat baghdad sc|2.00|away,spreads,Amanat Baghdad SC,2.0,away,1.43,1.43,"[""Unibet""]","[""odds_api_io""]",1,,
soccer|al quwa al jawiya|zakho|2026-06-02,h2h|al quwa al jawiya||home,h2h,Al Quwa Al Jawiya,,home,1.9,1.8201,"[""Bet365"", ""Unibet""]","[""odds_api_io""]",2,4.511,
soccer|al quwa al jawiya|zakho|2026-06-02,h2h|draw||,h2h,Draw,,,3.4,3.2466,"[""Bet365"", ""Unibet""]","[""odds_api_io""]",2,2.846,
soccer|al quwa al jawiya|zakho|2026-06-02,h2h|zakho fc||away,h2h,Zakho FC,,away,4.1,3.9479,"[""Bet365"", ""Unibet""]","[""odds_api_io""]",2,1.926,
soccer|al quwa al jawiya|zakho|2026-06-02,dnb|al quwa al jawiya|0.00|home,dnb,Al Quwa Al Jawiya,0.0,home,1.36,1.3286,"[""Bet365"", ""Unibet""]","[""odds_api_io""]",2,3.394,
soccer|al quwa al jawiya|zakho|2026-06-02,dnb|zakho fc|0.00|away,dnb,Zakho FC,0.0,away,3.4,3.018,"[""Bet365"", ""Unibet""]","[""odds_api_io""]",2,7.625,
soccer|al quwa al jawiya|zakho|2026-06-02,spreads|al quwa al jawiya|-0.75|home,spreads,Al Quwa Al Jawiya,-0.75,home,1.95,1.95,"[""Bet365""]","[""odds_api_io""]",1,,
soccer|al quwa al jawiya|zakho|2026-06-02,spreads|zakho fc|0.75|away,spreads,Zakho FC,0.75,away,1.85,1.85,"[""Bet365""]","[""odds_api_io""]",1,,
soccer|al quwa al jawiya|zakho|2026-06-02,totals|over|2.50|,totals,Over,2.5,,2.16,2.0221,"[""Bet365"", ""Unibet""]","[""odds_api_io""]",3,4.986,
soccer|al quwa al jawiya|zakho|2026-06-02,totals|under|2.50|,totals,Under,2.5,,1.85,1.7296,"[""Bet365"", ""Unibet""]","[""odds_api_io""]",3,10.881,
soccer|al quwa al jawiya|zakho|2026-06-02,doubleChance|1x||,doubleChance,1X,,,1.17,1.17,"[""Unibet""]","[""odds_api_io""]",1,,
soccer|al quwa al jawiya|zakho|2026-06-02,doubleChance|12||,doubleChance,12,,,1.25,1.25,"[""Unibet""]","[""odds_api_io""]",1,,
soccer|al quwa al jawiya|zakho|2026-06-02,doubleChance|x2||,doubleChance,X2,,,1.68,1.68,"[""Unibet""]","[""odds_api_io""]",1,,
soccer|al quwa al jawiya|zakho|2026-06-02,totals|over|1.50|,totals,Over,1.5,,1.35,1.35,"[""Unibet""]","[""odds_api_io""]",1,,
soccer|al quwa al jawiya|zakho|2026-06-02,totals|under|1.50|,totals,Under,1.5,,2.7,2.7,"[""Unibet""]","[""odds_api_io""]",1,,
soccer|al quwa al jawiya|zakho|2026-06-02,totals|over|3.50|,totals,Over,3.5,,3.9,3.9,"[""Unibet""]","[""odds_api_io""]",1,,
soccer|al quwa al jawiya|zakho|2026-06-02,totals|under|3.50|,totals,Under,3.5,,1.16,1.16,"[""Unibet""]","[""odds_api_io""]",1,,
soccer|al quwa al jawiya|zakho|2026-06-02,btts|yes||,btts,Yes,,,1.92,1.92,"[""Unibet""]","[""odds_api_io""]",1,,
soccer|al quwa al jawiya|zakho|2026-06-02,btts|no||,btts,No,,,1.7,1.7,"[""Unibet""]","[""odds_api_io""]",1,,
soccer|al quwa al jawiya|zakho|2026-06-02,teamTotals|over|1.50|,teamTotals,Over,1.5,,2.1,2.1,"[""Unibet""]","[""odds_api_io""]",1,,
soccer|al quwa al jawiya|zakho|2026-06-02,teamTotals|under|1.50|,teamTotals,Under,1.5,,1.57,1.57,"[""Unibet""]","[""odds_api_io""]",1,,
soccer|al quwa al jawiya|zakho|2026-06-02,teamTotals|over|0.50|,teamTotals,Over,0.5,,1.53,1.53,"[""Unibet""]","[""odds_api_io""]",1,,
soccer|al quwa al jawiya|zakho|2026-06-02,teamTotals|under|0.50|,teamTotals,Under,0.5,,2.18,2.18,"[""Unibet""]","[""odds_api_io""]",1,,
soccer|al quwa al jawiya|zakho|2026-06-02,spreads|al quwa al jawiya|-1.00|home,spreads,Al Quwa Al Jawiya,-1.0,home,3.1,3.1,"[""Unibet""]","[""odds_api_io""]",1,,
soccer|al quwa al jawiya|zakho|2026-06-02,spreads|zakho fc|1.00|away,spreads,Zakho FC,1.0,away,1.68,1.68,"[""Unibet""]","[""odds_api_io""]",1,,
soccer|al minaa|al shorta|2026-06-02,h2h|al shorta sc||home,h2h,Al Shorta SC,,home,1.34,1.34,"[""Unibet""]","[""odds_api_io""]",1,,
soccer|al minaa|al shorta|2026-06-02,h2h|draw||,h2h,Draw,,,4.5,4.5,"[""Unibet""]","[""odds_api_io""]",1,,
soccer|al minaa|al shorta|2026-06-02,h2h|al minaa||away,h2h,AL Minaa,,away,7.0,7.0,"[""Unibet""]","[""odds_api_io""]",1,,
soccer|al minaa|al shorta|2026-06-02,dnb|al shorta sc|0.00|home,dnb,Al Shorta SC,0.0,home,1.1,1.1,"[""Unibet""]","[""odds_api_io""]",1,,
soccer|al minaa|al shorta|2026-06-02,dnb|al minaa|0.00|away,dnb,AL Minaa,0.0,away,5.0,5.0,"[""Unibet""]","[""odds_api_io""]",1,,
soccer|al minaa|al shorta|2026-06-02,doubleChance|1x||,doubleChance,1X,,,1.05,1.05,"[""Unibet""]","[""odds_api_io""]",1,,
soccer|al minaa|al shorta|2026-06-02,doubleChance|12||,doubleChance,12,,,1.12,1.12,"[""Unibet""]","[""odds_api_io""]",1,,
soccer|al minaa|al shorta|2026-06-02,doubleChance|x2||,doubleChance,X2,,,2.63,2.63,"[""Unibet""]","[""odds_api_io""]",1,,
soccer|al minaa|al shorta|2026-06-02,totals|over|2.50|,totals,Over,2.5,,1.54,1.54,"[""Unibet""]","[""odds_api_io""]",1,,
soccer|al minaa|al shorta|2026-06-02,totals|under|2.50|,totals,Under,2.5,,2.17,2.17,"[""Unibet""]","[""odds_api_io""]",1,,
soccer|al minaa|al shorta|2026-06-02,totals|over|3.50|,totals,Over,3.5,,2.4,2.4,"[""Unibet""]","[""odds_api_io""]",1,,
soccer|al minaa|al shorta|2026-06-02,totals|under|3.50|,totals,Under,3.5,,1.45,1.45,"[""Unibet""]","[""odds_api_io""]",1,,
soccer|al minaa|al shorta|2026-06-02,totals|over|4.50|,totals,Over,4.5,,4.2,4.2,"[""Unibet""]","[""odds_api_io""]",1,,
soccer|al minaa|al shorta|2026-06-02,totals|under|4.50|,totals,Under,4.5,,1.14,1.14,"[""Unibet""]","[""odds_api_io""]",1,,
soccer|al minaa|al shorta|2026-06-02,totals|over|1.50|,totals,Over,1.5,,1.14,1.14,"[""Unibet""]","[""odds_api_io""]",1,,
soccer|al minaa|al shorta|2026-06-02,totals|under|1.50|,totals,Under,1.5,,4.25,4.25,"[""Unibet""]","[""odds_api_io""]",1,,
soccer|al minaa|al shorta|2026-06-02,btts|yes||,btts,Yes,,,1.8,1.8,"[""Unibet""]","[""odds_api_io""]",1,,
soccer|al minaa|al shorta|2026-06-02,btts|no||,btts,No,,,1.8,1.8,"[""Unibet""]","[""odds_api_io""]",1,,
soccer|al minaa|al shorta|2026-06-02,teamTotals|over|1.50|,teamTotals,Over,1.5,,1.38,1.38,"[""Unibet""]","[""odds_api_io""]",1,,
soccer|al minaa|al shorta|2026-06-02,teamTotals|under|1.50|,teamTotals,Under,1.5,,2.55,2.55,"[""Unibet""]","[""odds_api_io""]",1,,
soccer|al minaa|al shorta|2026-06-02,teamTotals|over|2.50|,teamTotals,Over,2.5,,2.23,2.23,"[""Unibet""]","[""odds_api_io""]",1,,
soccer|al minaa|al shorta|2026-06-02,teamTotals|under|2.50|,teamTotals,Under,2.5,,1.5,1.5,"[""Unibet""]","[""odds_api_io""]",1,,
soccer|al minaa|al shorta|2026-06-02,teamTotals|over|0.50|,teamTotals,Over,0.5,,1.64,1.64,"[""Unibet""]","[""odds_api_io""]",1,,
soccer|al minaa|al shorta|2026-06-02,teamTotals|under|0.50|,teamTotals,Under,0.5,,1.98,1.98,"[""Unibet""]","[""odds_api_io""]",1,,
soccer|al minaa|al shorta|2026-06-02,spreads|al shorta sc|-2.00|home,spreads,Al Shorta SC,-2.0,home,2.95,2.95,"[""Unibet""]","[""odds_api_io""]",1,,
soccer|al minaa|al shorta|2026-06-02,spreads|al minaa|2.00|away,spreads,AL Minaa,2.0,away,1.64,1.64,"[""Unibet""]","[""odds_api_io""]",1,,
soccer|al minaa|al shorta|2026-06-02,spreads|al shorta sc|-1.00|home,spreads,Al Shorta SC,-1.0,home,1.82,1.82,"[""Unibet""]","[""odds_api_io""]",1,,
soccer|al minaa|al shorta|2026-06-02,spreads|al minaa|1.00|away,spreads,AL Minaa,1.0,away,2.63,2.63,"[""Unibet""]","[""odds_api_io""]",1,,
soccer|al gharraf|al naft maysan|2026-06-02,h2h|al-gharraf sc||home,h2h,Al-Gharraf SC,,home,2.12,2.0294,"[""Bet365"", ""Unibet""]","[""odds_api_io""]",2,4.112,
soccer|al gharraf|al naft maysan|2026-06-02,h2h|draw||,h2h,Draw,,,3.2,3.125,"[""Bet365"", ""Unibet""]","[""odds_api_io""]",2,1.537,
soccer|al gharraf|al naft maysan|2026-06-02,h2h|al naft maysan||away,h2h,AL Naft Maysan,,away,3.5,3.3468,"[""Bet365"", ""Unibet""]","[""odds_api_io""]",2,2.679,
soccer|al gharraf|al naft maysan|2026-06-02,dnb|al-gharraf sc|0.00|home,dnb,Al-Gharraf SC,0.0,home,1.5,1.4708,"[""Bet365"", ""Unibet""]","[""odds_api_io""]",2,2.585,
soccer|al gharraf|al naft maysan|2026-06-02,dnb|al naft maysan|0.00|away,dnb,AL Naft Maysan,0.0,away,2.625,2.4161,"[""Bet365"", ""Unibet""]","[""odds_api_io""]",2,6.748,
soccer|al gharraf|al naft maysan|2026-06-02,spreads|al-gharraf sc|-0.50|home,spreads,Al-Gharraf SC,-0.5,home,2.0,2.0,"[""Bet365""]","[""odds_api_io""]",1,,
soccer|al gharraf|al naft maysan|2026-06-02,spreads|al naft maysan|0.50|away,spreads,AL Naft Maysan,0.5,away,1.8,1.8,"[""Bet365""]","[""odds_api_io""]",1,,
soccer|al gharraf|al naft maysan|2026-06-02,totals|over|2.25|,totals,Over,2.25,,1.8,1.8,"[""Bet365""]","[""odds_api_io""]",1,,
soccer|al gharraf|al naft maysan|2026-06-02,totals|under|2.25|,totals,Under,2.25,,2.0,2.0,"[""Bet365""]","[""odds_api_io""]",1,,
soccer|al gharraf|al naft maysan|2026-06-02,totals|over|2.50|,totals,Over,2.5,,2.16,2.1023,"[""Bet365"", ""Unibet""]","[""odds_api_io""]",2,2.484,
soccer|al gharraf|al naft maysan|2026-06-02,totals|under|2.50|,totals,Under,2.5,,1.75,1.6408,"[""Bet365"", ""Unibet""]","[""odds_api_io""]",2,7.792,
soccer|al gharraf|al naft maysan|2026-06-02,doubleChance|1x||,doubleChance,1X,,,1.17,1.17,"[""Unibet""]","[""odds_api_io""]",1,,
soccer|al gharraf|al naft maysan|2026-06-02,doubleChance|12||,doubleChance,12,,,1.58,1.58,"[""Unibet""]","[""odds_api_io""]",1,,
soccer|al gharraf|al naft maysan|2026-06-02,doubleChance|x2||,doubleChance,X2,,,1.3,1.3,"[""Unibet""]","[""odds_api_io""]",1,,
soccer|al gharraf|al naft maysan|2026-06-02,totals|over|1.50|,totals,Over,1.5,,1.35,1.35,"[""Unibet""]","[""odds_api_io""]",1,,
soccer|al gharraf|al naft maysan|2026-06-02,totals|under|1.50|,totals,Under,1.5,,2.7,2.7,"[""Unibet""]","[""odds_api_io""]",1,,
soccer|al gharraf|al naft maysan|2026-06-02,totals|over|3.50|,totals,Over,3.5,,3.9,3.9,"[""Unibet""]","[""odds_api_io""]",1,,
soccer|al gharraf|al naft maysan|2026-06-02,totals|under|3.50|,totals,Under,3.5,,1.16,1.16,"[""Unibet""]","[""odds_api_io""]",1,,
soccer|al gharraf|al naft maysan|2026-06-02,btts|yes||,btts,Yes,,,1.86,1.86,"[""Unibet""]","[""odds_api_io""]",1,,
soccer|al gharraf|al naft maysan|2026-06-02,btts|no||,btts,No,,,1.74,1.74,"[""Unibet""]","[""odds_api_io""]",1,,
soccer|al gharraf|al naft maysan|2026-06-02,teamTotals|over|1.50|,teamTotals,Over,1.5,,2.3,2.3,"[""Unibet""]","[""odds_api_io""]",1,,
soccer|al gharraf|al naft maysan|2026-06-02,teamTotals|under|1.50|,teamTotals,Under,1.5,,1.48,1.48,"[""Unibet""]","[""odds_api_io""]",1,,
soccer|al gharraf|al naft maysan|2026-06-02,teamTotals|over|0.50|,teamTotals,Over,0.5,,1.43,1.43,"[""Unibet""]","[""odds_api_io""]",1,,
soccer|al gharraf|al naft maysan|2026-06-02,teamTotals|under|0.50|,teamTotals,Under,0.5,,2.43,2.43,"[""Unibet""]","[""odds_api_io""]",1,,
soccer|al gharraf|al naft maysan|2026-06-02,spreads|al-gharraf sc|-1.00|home,spreads,Al-Gharraf SC,-1.0,home,3.65,3.65,"[""Unibet""]","[""odds_api_io""]",1,,
soccer|al gharraf|al naft maysan|2026-06-02,spreads|al naft maysan|1.00|away,spreads,AL Naft Maysan,1.0,away,1.54,1.54,"[""Unibet""]","[""odds_api_io""]",1,,
soccer|al gharraf|al naft maysan|2026-06-02,spreads|al-gharraf sc|1.00|home,spreads,Al-Gharraf SC,1.0,home,1.24,1.24,"[""Unibet""]","[""odds_api_io""]",1,,
soccer|al gharraf|al naft maysan|2026-06-02,spreads|al naft maysan|-1.00|away,spreads,AL Naft Maysan,-1.0,away,5.8,5.8,"[""Unibet""]","[""odds_api_io""]",1,,
soccer|jjk jyvaskyla|vjs|2026-06-02,h2h|jjk jyvaskyla||home,h2h,JJK Jyvaskyla,,home,2.86,2.6655,"[""Bet365"", ""Betfair Exchange"", ""Sbobet""]","[""odds_api_io""]",3,4.251,
soccer|jjk jyvaskyla|vjs|2026-06-02,h2h|draw||,h2h,Draw,,,3.95,3.6471,"[""Bet365"", ""Betfair Exchange"", ""Sbobet""]","[""odds_api_io""]",3,3.923,
soccer|jjk jyvaskyla|vjs|2026-06-02,h2h|vjs||away,h2h,VJS,,away,2.36,2.2691,"[""Bet365"", ""Betfair Exchange"", ""Sbobet""]","[""odds_api_io""]",3,3.082,
soccer|jjk jyvaskyla|vjs|2026-06-02,dnb|jjk jyvaskyla|0.00|home,dnb,JJK Jyvaskyla,0.0,home,2.14,2.0689,"[""Bet365"", ""Betfair Exchange""]","[""odds_api_io""]",2,3.271,
soccer|jjk jyvaskyla|vjs|2026-06-02,dnb|vjs|0.00|away,dnb,VJS,0.0,away,1.79,1.7585,"[""Bet365"", ""Betfair Exchange""]","[""odds_api_io""]",2,2.038,
soccer|jjk jyvaskyla|vjs|2026-06-02,spreads|jjk jyvaskyla|0.25|home,spreads,JJK Jyvaskyla,0.25,home,1.85,1.8168,"[""Bet365"", ""Betfair Exchange"", ""Sbobet""]","[""odds_api_io""]",3,1.502,
soccer|jjk jyvaskyla|vjs|2026-06-02,spreads|vjs|-0.25|away,spreads,VJS,-0.25,away,2.07,2.0367,"[""Bet365"", ""Betfair Exchange"", ""Sbobet""]","[""odds_api_io""]",3,1.691,
soccer|jjk jyvaskyla|vjs|2026-06-02,totals|over|3.00|,totals,Over,3.0,,1.87,1.8517,"[""Bet365"", ""Betfair Exchange"", ""Sbobet""]","[""odds_api_io""]",3,1.319,
soccer|jjk jyvaskyla|vjs|2026-06-02,totals|under|3.00|,totals,Under,3.0,,1.99,1.9751,"[""Bet365"", ""Betfair Exchange"", ""Sbobet""]","[""odds_api_io""]",3,0.769,
soccer|jjk jyvaskyla|vjs|2026-06-02,totals|over|2.50|,totals,Over,2.5,,1.56,1.5466,"[""Bet365"", ""Betfair Exchange""]","[""odds_api_io""]",2,1.129,
soccer|jjk jyvaskyla|vjs|2026-06-02,totals|under|2.50|,totals,Under,2.5,,2.61,2.5025,"[""Bet365"", ""Betfair Exchange""]","[""odds_api_io""]",2,3.352,
soccer|jjk jyvaskyla|vjs|2026-06-02,btts|yes||,btts,Yes,,,1.51,1.5051,"[""Bet365"", ""Betfair Exchange""]","[""odds_api_io""]",2,0.442,
soccer|jjk jyvaskyla|vjs|2026-06-02,btts|no||,btts,No,,,2.66,2.579,"[""Bet365"", ""Betfair Exchange""]","[""odds_api_io""]",2,2.406,
soccer|jjk jyvaskyla|vjs|2026-06-02,spreads|jjk jyvaskyla|1.00|home,spreads,JJK Jyvaskyla,1.0,home,1.67,1.4561,"[""Bet365"", ""Betfair Exchange""]","[""odds_api_io""]",4,15.877,
soccer|jjk jyvaskyla|vjs|2026-06-02,spreads|vjs|1.00|away,spreads,VJS,1.0,away,4.333,1.9632,"[""Bet365"", ""Betfair Exchange""]","[""odds_api_io""]",4,58.889,
soccer|jjk jyvaskyla|vjs|2026-06-02,spreads|jjk jyvaskyla|-2.00|home,spreads,JJK Jyvaskyla,-2.0,home,13.5,12.1094,"[""Bet365"", ""Betfair Exchange""]","[""odds_api_io""]",3,1.684,
soccer|jjk jyvaskyla|vjs|2026-06-02,spreads|vjs|2.00|away,spreads,VJS,2.0,away,9.0,1.5559,"[""Bet365"", ""Betfair Exchange""]","[""odds_api_io""]",3,83.229,
soccer|jjk jyvaskyla|vjs|2026-06-02,spreads|jjk jyvaskyla|2.00|home,spreads,JJK Jyvaskyla,2.0,home,1.24,1.1767,"[""Bet365"", ""Betfair Exchange""]","[""odds_api_io""]",3,10.264,
soccer|jjk jyvaskyla|vjs|2026-06-02,spreads|vjs|-2.00|away,spreads,VJS,-2.0,away,9.0,2.7442,"[""Bet365"", ""Betfair Exchange""]","[""odds_api_io""]",3,76.455,
soccer|jjk jyvaskyla|vjs|2026-06-02,teamTotals|over|0.50|,teamTotals,Over,0.5,,1.222,1.2012,"[""Bet365""]","[""odds_api_io""]",2,2.841,
soccer|jjk jyvaskyla|vjs|2026-06-02,teamTotals|under|0.50|,teamTotals,Under,0.5,,4.5,4.2353,"[""Bet365""]","[""odds_api_io""]",2,2.778,
soccer|jjk jyvaskyla|vjs|2026-06-02,teamTotals|over|1.50|,teamTotals,Over,1.5,,2.0,1.9129,"[""Bet365""]","[""odds_api_io""]",2,4.555,
soccer|jjk jyvaskyla|vjs|2026-06-02,teamTotals|under|1.50|,teamTotals,Under,1.5,,1.833,1.7784,"[""Bet365""]","[""odds_api_io""]",2,3.349,
soccer|jjk jyvaskyla|vjs|2026-06-02,teamTotals|over|2.50|,teamTotals,Over,2.5,,4.333,4.0205,"[""Bet365""]","[""odds_api_io""]",2,3.588,
soccer|jjk jyvaskyla|vjs|2026-06-02,teamTotals|under|2.50|,teamTotals,Under,2.5,,1.25,1.2245,"[""Bet365""]","[""odds_api_io""]",2,3.333,
soccer|jjk jyvaskyla|vjs|2026-06-02,teamTotals|over|3.50|,teamTotals,Over,3.5,,11.0,10.4762,"[""Bet365""]","[""odds_api_io""]",2,0.909,
soccer|jjk jyvaskyla|vjs|2026-06-02,teamTotals|under|3.50|,teamTotals,Under,3.5,,1.062,1.056,"[""Bet365""]","[""odds_api_io""]",2,1.076,
soccer|jjk jyvaskyla|vjs|2026-06-02,teamTotals|over|4.50|,teamTotals,Over,4.5,,26.0,24.4082,"[""Bet365""]","[""odds_api_io""]",2,0.502,
soccer|jjk jyvaskyla|vjs|2026-06-02,teamTotals|under|4.50|,teamTotals,Under,4.5,,1.012,1.011,"[""Bet365""]","[""odds_api_io""]",2,0.196,
soccer|jjk jyvaskyla|vjs|2026-06-02,spreads|jjk jyvaskyla|-1.75|home,spreads,JJK Jyvaskyla,-1.75,home,7.39,7.0881,"[""Bet365"", ""Betfair Exchange""]","[""odds_api_io""]",2,1.174,
soccer|jjk jyvaskyla|vjs|2026-06-02,spreads|vjs|1.75|away,spreads,VJS,1.75,away,5.25,1.8246,"[""Bet365"", ""Betfair Exchange""]","[""odds_api_io""]",2,70.238,
soccer|jjk jyvaskyla|vjs|2026-06-02,spreads|jjk jyvaskyla|-1.50|home,spreads,JJK Jyvaskyla,-1.5,home,5.5,5.3744,"[""Bet365"", ""Betfair Exchange""]","[""odds_api_io""]",2,0.866,
soccer|jjk jyvaskyla|vjs|2026-06-02,spreads|vjs|1.50|away,spreads,VJS,1.5,away,4.0,1.7926,"[""Bet365"", ""Betfair Exchange""]","[""odds_api_io""]",2,60.47,
soccer|jjk jyvaskyla|vjs|2026-06-02,spreads|jjk jyvaskyla|-1.25|home,spreads,JJK Jyvaskyla,-1.25,home,5.03,4.9144,"[""Bet365"", ""Betfair Exchange""]","[""odds_api_io""]",2,0.953,
soccer|jjk jyvaskyla|vjs|2026-06-02,spreads|vjs|1.25|away,spreads,VJS,1.25,away,3.7,1.7956,"[""Bet365"", ""Betfair Exchange""]","[""odds_api_io""]",2,56.306,
soccer|jjk jyvaskyla|vjs|2026-06-02,spreads|jjk jyvaskyla|-1.00|home,spreads,JJK Jyvaskyla,-1.0,home,5.5,4.7827,"[""Bet365"", ""Betfair Exchange""]","[""odds_api_io""]",3,4.545,
soccer|jjk jyvaskyla|vjs|2026-06-02,spreads|jjk jyvaskyla|-0.75|home,spreads,JJK Jyvaskyla,-0.75,home,3.44,3.3698,"[""Bet365"", ""Betfair Exchange""]","[""odds_api_io""]",2,1.233,
soccer|jjk jyvaskyla|vjs|2026-06-02,spreads|vjs|0.75|away,spreads,VJS,0.75,away,2.6,1.7757,"[""Bet365"", ""Betfair Exchange""]","[""odds_api_io""]",2,35.068,
soccer|jjk jyvaskyla|vjs|2026-06-02,spreads|jjk jyvaskyla|-0.50|home,spreads,JJK Jyvaskyla,-0.5,home,2.86,2.7661,"[""Bet365"", ""Betfair Exchange""]","[""odds_api_io""]",2,2.418,
soccer|jjk jyvaskyla|vjs|2026-06-02,spreads|vjs|0.50|away,spreads,VJS,0.5,away,2.25,1.7935,"[""Bet365"", ""Betfair Exchange""]","[""odds_api_io""]",2,22.222,
soccer|jjk jyvaskyla|vjs|2026-06-02,spreads|jjk jyvaskyla|-0.25|home,spreads,JJK Jyvaskyla,-0.25,home,2.5,2.437,"[""Bet365"", ""Betfair Exchange""]","[""odds_api_io""]",2,2.105,
soccer|jjk jyvaskyla|vjs|2026-06-02,spreads|vjs|0.25|away,spreads,VJS,0.25,away,1.61,1.58,"[""Bet365"", ""Betfair Exchange""]","[""odds_api_io""]",2,2.404,
soccer|jjk jyvaskyla|vjs|2026-06-02,spreads|jjk jyvaskyla|0.00|home,spreads,JJK Jyvaskyla,0.0,home,2.15,2.0949,"[""Bet365"", ""Betfair Exchange"", ""Sbobet""]","[""odds_api_io""]",3,2.032,
soccer|jjk jyvaskyla|vjs|2026-06-02,spreads|vjs|-0.00|away,spreads,VJS,-0.0,away,1.79,1.7648,"[""Bet365"", ""Betfair Exchange"", ""Sbobet""]","[""odds_api_io""]",3,2.105,
soccer|jjk jyvaskyla|vjs|2026-06-02,spreads|jjk jyvaskyla|0.50|home,spreads,JJK Jyvaskyla,0.5,home,1.67,1.6476,"[""Bet365"", ""Betfair Exchange""]","[""odds_api_io""]",2,1.658,
soccer|jjk jyvaskyla|vjs|2026-06-02,spreads|vjs|-0.50|away,spreads,VJS,-0.5,away,2.36,1.8042,"[""Bet365"", ""Betfair Exchange""]","[""odds_api_io""]",2,26.593,
soccer|jjk jyvaskyla|vjs|2026-06-02,spreads|jjk jyvaskyla|0.75|home,spreads,JJK Jyvaskyla,0.75,home,1.5,1.4876,"[""Bet365"", ""Betfair Exchange""]","[""odds_api_io""]",2,1.13,
soccer|jjk jyvaskyla|vjs|2026-06-02,spreads|vjs|-0.75|away,spreads,VJS,-0.75,away,2.76,1.802,"[""Bet365"", ""Betfair Exchange""]","[""odds_api_io""]",2,39.24,
soccer|jjk jyvaskyla|vjs|2026-06-02,spreads|vjs|-1.00|away,spreads,VJS,-1.0,away,4.3,2.2425,"[""Bet365"", ""Betfair Exchange""]","[""odds_api_io""]",3,60.078,
soccer|jjk jyvaskyla|vjs|2026-06-02,spreads|jjk jyvaskyla|1.25|home,spreads,JJK Jyvaskyla,1.25,home,1.27,1.2651,"[""Bet365"", ""Betfair Exchange""]","[""odds_api_io""]",2,0.625,
soccer|jjk jyvaskyla|vjs|2026-06-02,spreads|vjs|-1.25|away,spreads,VJS,-1.25,away,3.92,1.8259,"[""Bet365"", ""Betfair Exchange""]","[""odds_api_io""]",2,59.596,
soccer|jjk jyvaskyla|vjs|2026-06-02,spreads|jjk jyvaskyla|1.50|home,spreads,JJK Jyvaskyla,1.5,home,1.24,1.2351,"[""Bet365"", ""Betfair Exchange""]","[""odds_api_io""]",2,0.656,
soccer|jjk jyvaskyla|vjs|2026-06-02,spreads|vjs|-1.50|away,spreads,VJS,-1.5,away,4.33,1.8492,"[""Bet365"", ""Betfair Exchange""]","[""odds_api_io""]",2,63.112,
soccer|jjk jyvaskyla|vjs|2026-06-02,spreads|jjk jyvaskyla|1.75|home,spreads,JJK Jyvaskyla,1.75,home,1.17,1.1651,"[""Bet365"", ""Betfair Exchange""]","[""odds_api_io""]",2,0.737,
soccer|jjk jyvaskyla|vjs|2026-06-02,spreads|vjs|-1.75|away,spreads,VJS,-1.75,away,5.52,1.864,"[""Bet365"", ""Betfair Exchange""]","[""odds_api_io""]",2,72.382,
soccer|jjk jyvaskyla|vjs|2026-06-02,teamTotals|over|5.50|,teamTotals,Over,5.5,,51.0,51.0,"[""Bet365""]","[""odds_api_io""]",1,,
soccer|jjk jyvaskyla|vjs|2026-06-02,teamTotals|under|5.50|,teamTotals,Under,5.5,,1.002,1.002,"[""Bet365""]","[""odds_api_io""]",1,,
soccer|jjk jyvaskyla|vjs|2026-06-02,doubleChance|1x||,doubleChance,1X,,,1.67,1.67,"[""Betfair Exchange""]","[""odds_api_io""]",1,,
soccer|jjk jyvaskyla|vjs|2026-06-02,doubleChance|12||,doubleChance,12,,,1.31,1.31,"[""Betfair Exchange""]","[""odds_api_io""]",1,,
soccer|jjk jyvaskyla|vjs|2026-06-02,doubleChance|x2||,doubleChance,X2,,,1.5,1.5,"[""Betfair Exchange""]","[""odds_api_io""]",1,,
soccer|jjk jyvaskyla|vjs|2026-06-02,spreads|jjk jyvaskyla|2.50|home,spreads,JJK Jyvaskyla,2.5,home,1.09,1.09,"[""Betfair Exchange""]","[""odds_api_io""]",1,,
soccer|jjk jyvaskyla|vjs|2026-06-02,spreads|vjs|-2.50|away,spreads,VJS,-2.5,away,9.0,9.0,"[""Betfair Exchange""]","[""odds_api_io""]",1,,
soccer|jjk jyvaskyla|vjs|2026-06-02,spreads|jjk jyvaskyla|-2.50|home,spreads,JJK Jyvaskyla,-2.5,home,13.5,13.5,"[""Betfair Exchange""]","[""odds_api_io""]",1,,
soccer|jjk jyvaskyla|vjs|2026-06-02,spreads|vjs|2.50|away,spreads,VJS,2.5,away,1.06,1.06,"[""Betfair Exchange""]","[""odds_api_io""]",1,,
soccer|jjk jyvaskyla|vjs|2026-06-02,spreads|jjk jyvaskyla|-3.50|home,spreads,JJK Jyvaskyla,-3.5,home,34.0,34.0,"[""Betfair Exchange""]","[""odds_api_io""]",1,,
soccer|jjk jyvaskyla|vjs|2026-06-02,spreads|vjs|3.50|away,spreads,VJS,3.5,away,1.01,1.01,"[""Betfair Exchange""]","[""odds_api_io""]",1,,
soccer|jjk jyvaskyla|vjs|2026-06-02,spreads|jjk jyvaskyla|-2.25|home,spreads,JJK Jyvaskyla,-2.25,home,12.77,12.77,"[""Betfair Exchange""]","[""odds_api_io""]",1,,
soccer|jjk jyvaskyla|vjs|2026-06-02,spreads|vjs|2.25|away,spreads,VJS,2.25,away,1.06,1.06,"[""Betfair Exchange""]","[""odds_api_io""]",1,,
soccer|jjk jyvaskyla|vjs|2026-06-02,spreads|jjk jyvaskyla|-3.75|home,spreads,JJK Jyvaskyla,-3.75,home,34.0,34.0,"[""Betfair Exchange""]","[""odds_api_io""]",1,,
soccer|jjk jyvaskyla|vjs|2026-06-02,spreads|vjs|3.75|away,spreads,VJS,3.75,away,1.01,1.01,"[""Betfair Exchange""]","[""odds_api_io""]",1,,
soccer|jjk jyvaskyla|vjs|2026-06-02,spreads|jjk jyvaskyla|-3.00|home,spreads,JJK Jyvaskyla,-3.0,home,34.0,33.2226,"[""Betfair Exchange""]","[""odds_api_io""]",2,0.138,
soccer|jjk jyvaskyla|vjs|2026-06-02,spreads|vjs|3.00|away,spreads,VJS,3.0,away,1.06,1.0344,"[""Betfair Exchange""]","[""odds_api_io""]",2,4.67,
soccer|jjk jyvaskyla|vjs|2026-06-02,spreads|jjk jyvaskyla|2.25|home,spreads,JJK Jyvaskyla,2.25,home,1.09,1.09,"[""Betfair Exchange""]","[""odds_api_io""]",1,,
soccer|jjk jyvaskyla|vjs|2026-06-02,spreads|vjs|-2.25|away,spreads,VJS,-2.25,away,8.51,8.51,"[""Betfair Exchange""]","[""odds_api_io""]",1,,
soccer|jjk jyvaskyla|vjs|2026-06-02,spreads|jjk jyvaskyla|-3.25|home,spreads,JJK Jyvaskyla,-3.25,home,33.24,33.24,"[""Betfair Exchange""]","[""odds_api_io""]",1,,
soccer|jjk jyvaskyla|vjs|2026-06-02,spreads|vjs|3.25|away,spreads,VJS,3.25,away,1.01,1.01,"[""Betfair Exchange""]","[""odds_api_io""]",1,,
soccer|jjk jyvaskyla|vjs|2026-06-02,spreads|jjk jyvaskyla|3.00|home,spreads,JJK Jyvaskyla,3.0,home,1.09,1.0592,"[""Betfair Exchange""]","[""odds_api_io""]",2,5.344,
soccer|jjk jyvaskyla|vjs|2026-06-02,spreads|vjs|-3.00|away,spreads,VJS,-3.0,away,24.0,23.1349,"[""Betfair Exchange""]","[""odds_api_io""]",2,0.312,
soccer|jjk jyvaskyla|vjs|2026-06-02,spreads|jjk jyvaskyla|3.50|home,spreads,JJK Jyvaskyla,3.5,home,1.02,1.02,"[""Betfair Exchange""]","[""odds_api_io""]",1,,
soccer|jjk jyvaskyla|vjs|2026-06-02,spreads|vjs|-3.50|away,spreads,VJS,-3.5,away,24.0,24.0,"[""Betfair Exchange""]","[""odds_api_io""]",1,,
soccer|jjk jyvaskyla|vjs|2026-06-02,spreads|jjk jyvaskyla|3.25|home,spreads,JJK Jyvaskyla,3.25,home,1.02,1.02,"[""Betfair Exchange""]","[""odds_api_io""]",1,,
soccer|jjk jyvaskyla|vjs|2026-06-02,spreads|vjs|-3.25|away,spreads,VJS,-3.25,away,23.16,23.16,"[""Betfair Exchange""]","[""odds_api_io""]",1,,
soccer|jjk jyvaskyla|vjs|2026-06-02,spreads|jjk jyvaskyla|-2.75|home,spreads,JJK Jyvaskyla,-2.75,home,18.89,18.89,"[""Betfair Exchange""]","[""odds_api_io""]",1,,
soccer|jjk jyvaskyla|vjs|2026-06-02,spreads|vjs|2.75|away,spreads,VJS,2.75,away,1.04,1.04,"[""Betfair Exchange""]","[""odds_api_io""]",1,,
soccer|jjk jyvaskyla|vjs|2026-06-02,spreads|jjk jyvaskyla|3.75|home,spreads,JJK Jyvaskyla,3.75,home,1.01,1.01,"[""Betfair Exchange""]","[""odds_api_io""]",1,,
soccer|jjk jyvaskyla|vjs|2026-06-02,spreads|vjs|-3.75|away,spreads,VJS,-3.75,away,24.0,24.0,"[""Betfair Exchange""]","[""odds_api_io""]",1,,
soccer|jjk jyvaskyla|vjs|2026-06-02,spreads|jjk jyvaskyla|2.75|home,spreads,JJK Jyvaskyla,2.75,home,1.06,1.06,"[""Betfair Exchange""]","[""odds_api_io""]",1,,
soccer|jjk jyvaskyla|vjs|2026-06-02,spreads|vjs|-2.75|away,spreads,VJS,-2.75,away,12.63,12.63,"[""Betfair Exchange""]","[""odds_api_io""]",1,,
soccer|jjk jyvaskyla|vjs|2026-06-02,totals|over|4.25|,totals,Over,4.25,,3.99,3.99,"[""Betfair Exchange""]","[""odds_api_io""]",1,,
soccer|jjk jyvaskyla|vjs|2026-06-02,totals|under|4.25|,totals,Under,4.25,,1.29,1.29,"[""Betfair Exchange""]","[""odds_api_io""]",1,,
soccer|jjk jyvaskyla|vjs|2026-06-02,totals|over|3.75|,totals,Over,3.75,,2.85,2.85,"[""Betfair Exchange""]","[""odds_api_io""]",1,,
soccer|jjk jyvaskyla|vjs|2026-06-02,totals|under|3.75|,totals,Under,3.75,,1.45,1.45,"[""Betfair Exchange""]","[""odds_api_io""]",1,,
soccer|jjk jyvaskyla|vjs|2026-06-02,totals|over|3.25|,totals,Over,3.25,,2.15,2.1401,"[""Betfair Exchange"", ""Sbobet""]","[""odds_api_io""]",2,0.437,
soccer|jjk jyvaskyla|vjs|2026-06-02,totals|under|3.25|,totals,Under,3.25,,1.77,1.7349,"[""Betfair Exchange"", ""Sbobet""]","[""odds_api_io""]",2,2.326,
soccer|jjk jyvaskyla|vjs|2026-06-02,totals|over|2.75|,totals,Over,2.75,,1.68,1.68,"[""Betfair Exchange""]","[""odds_api_io""]",1,,
soccer|jjk jyvaskyla|vjs|2026-06-02,totals|under|2.75|,totals,Under,2.75,,2.24,2.24,"[""Betfair Exchange""]","[""odds_api_io""]",1,,
soccer|jjk jyvaskyla|vjs|2026-06-02,totals|over|2.25|,totals,Over,2.25,,1.4,1.4,"[""Betfair Exchange""]","[""odds_api_io""]",1,,
soccer|jjk jyvaskyla|vjs|2026-06-02,totals|under|2.25|,totals,Under,2.25,,3.16,3.16,"[""Betfair Exchange""]","[""odds_api_io""]",1,,
soccer|jjk jyvaskyla|vjs|2026-06-02,totals|over|4.00|,totals,Over,4.0,,3.59,3.59,"[""Betfair Exchange""]","[""odds_api_io""]",1,,
soccer|jjk jyvaskyla|vjs|2026-06-02,totals|under|4.00|,totals,Under,4.0,,1.32,1.32,"[""Betfair Exchange""]","[""odds_api_io""]",1,,
soccer|jjk jyvaskyla|vjs|2026-06-02,totals|over|1.75|,totals,Over,1.75,,1.21,1.21,"[""Betfair Exchange""]","[""odds_api_io""]",1,,
soccer|jjk jyvaskyla|vjs|2026-06-02,totals|under|1.75|,totals,Under,1.75,,4.81,4.81,"[""Betfair Exchange""]","[""odds_api_io""]",1,,
soccer|jjk jyvaskyla|vjs|2026-06-02,totals|over|4.50|,totals,Over,4.5,,4.4,4.4,"[""Betfair Exchange""]","[""odds_api_io""]",1,,
soccer|jjk jyvaskyla|vjs|2026-06-02,totals|under|4.50|,totals,Under,4.5,,1.26,1.26,"[""Betfair Exchange""]","[""odds_api_io""]",1,,
soccer|jjk jyvaskyla|vjs|2026-06-02,totals|over|2.00|,totals,Over,2.0,,1.24,1.24,"[""Betfair Exchange""]","[""odds_api_io""]",1,,
soccer|jjk jyvaskyla|vjs|2026-06-02,totals|under|2.00|,totals,Under,2.0,,4.29,4.29,"[""Betfair Exchange""]","[""odds_api_io""]",1,,
soccer|jjk jyvaskyla|vjs|2026-06-02,totals|over|3.50|,totals,Over,3.5,,2.44,2.44,"[""Betfair Exchange""]","[""odds_api_io""]",1,,
soccer|jjk jyvaskyla|vjs|2026-06-02,totals|under|3.50|,totals,Under,3.5,,1.63,1.63,"[""Betfair Exchange""]","[""odds_api_io""]",1,,
soccer|jjk jyvaskyla|vjs|2026-06-02,totals|over|0.50|,totals,Over,0.5,,1.03,1.03,"[""Betfair Exchange""]","[""odds_api_io""]",1,,
soccer|jjk jyvaskyla|vjs|2026-06-02,totals|under|0.50|,totals,Under,0.5,,21.0,21.0,"[""Betfair Exchange""]","[""odds_api_io""]",1,,
soccer|jjk jyvaskyla|vjs|2026-06-02,totals|over|5.25|,totals,Over,5.25,,8.2,8.2,"[""Betfair Exchange""]","[""odds_api_io""]",1,,
soccer|jjk jyvaskyla|vjs|2026-06-02,totals|under|5.25|,totals,Under,5.25,,1.11,1.11,"[""Betfair Exchange""]","[""odds_api_io""]",1,,
soccer|jjk jyvaskyla|vjs|2026-06-02,totals|over|1.00|,totals,Over,1.0,,1.04,1.04,"[""Betfair Exchange""]","[""odds_api_io""]",1,,
soccer|jjk jyvaskyla|vjs|2026-06-02,totals|under|1.00|,totals,Under,1.0,,17.08,17.08,"[""Betfair Exchange""]","[""odds_api_io""]",1,,
soccer|jjk jyvaskyla|vjs|2026-06-02,totals|over|4.75|,totals,Over,4.75,,5.51,5.51,"[""Betfair Exchange""]","[""odds_api_io""]",1,,
soccer|jjk jyvaskyla|vjs|2026-06-02,totals|under|4.75|,totals,Under,4.75,,1.17,1.17,"[""Betfair Exchange""]","[""odds_api_io""]",1,,
soccer|jjk jyvaskyla|vjs|2026-06-02,totals|over|5.00|,totals,Over,5.0,,7.71,7.71,"[""Betfair Exchange""]","[""odds_api_io""]",1,,
soccer|jjk jyvaskyla|vjs|2026-06-02,totals|under|5.00|,totals,Under,5.0,,1.11,1.11,"[""Betfair Exchange""]","[""odds_api_io""]",1,,
soccer|jjk jyvaskyla|vjs|2026-06-02,totals|over|5.50|,totals,Over,5.5,,8.69,8.69,"[""Betfair Exchange""]","[""odds_api_io""]",1,,
soccer|jjk jyvaskyla|vjs|2026-06-02,totals|under|5.50|,totals,Under,5.5,,1.1,1.1,"[""Betfair Exchange""]","[""odds_api_io""]",1,,
soccer|jjk jyvaskyla|vjs|2026-06-02,totals|over|0.75|,totals,Over,0.75,,1.03,1.03,"[""Betfair Exchange""]","[""odds_api_io""]",1,,
soccer|jjk jyvaskyla|vjs|2026-06-02,totals|under|0.75|,totals,Under,0.75,,18.06,18.06,"[""Betfair Exchange""]","[""odds_api_io""]",1,,
soccer|jjk jyvaskyla|vjs|2026-06-02,totals|over|6.50|,totals,Over,6.5,,21.0,21.0,"[""Betfair Exchange""]","[""odds_api_io""]",1,,
soccer|jjk jyvaskyla|vjs|2026-06-02,totals|under|6.50|,totals,Under,6.5,,1.03,1.03,"[""Betfair Exchange""]","[""odds_api_io""]",1,,
soccer|jjk jyvaskyla|vjs|2026-06-02,totals|over|6.00|,totals,Over,6.0,,19.58,19.58,"[""Betfair Exchange""]","[""odds_api_io""]",1,,
soccer|jjk jyvaskyla|vjs|2026-06-02,totals|under|6.00|,totals,Under,6.0,,1.03,1.03,"[""Betfair Exchange""]","[""odds_api_io""]",1,,
soccer|jjk jyvaskyla|vjs|2026-06-02,totals|over|5.75|,totals,Over,5.75,,11.88,11.88,"[""Betfair Exchange""]","[""odds_api_io""]",1,,
soccer|jjk jyvaskyla|vjs|2026-06-02,totals|under|5.75|,totals,Under,5.75,,1.06,1.06,"[""Betfair Exchange""]","[""odds_api_io""]",1,,
soccer|jjk jyvaskyla|vjs|2026-06-02,totals|over|7.50|,totals,Over,7.5,,51.0,51.0,"[""Betfair Exchange""]","[""odds_api_io""]",1,,
soccer|jjk jyvaskyla|vjs|2026-06-02,totals|under|7.50|,totals,Under,7.5,,1.01,1.01,"[""Betfair Exchange""]","[""odds_api_io""]",1,,
soccer|jjk jyvaskyla|vjs|2026-06-02,totals|over|6.25|,totals,Over,6.25,,20.29,20.29,"[""Betfair Exchange""]","[""odds_api_io""]",1,,
soccer|jjk jyvaskyla|vjs|2026-06-02,totals|under|6.25|,totals,Under,6.25,,1.03,1.03,"[""Betfair Exchange""]","[""odds_api_io""]",1,,
soccer|jjk jyvaskyla|vjs|2026-06-02,totals|over|7.25|,totals,Over,7.25,,50.28,50.28,"[""Betfair Exchange""]","[""odds_api_io""]",1,,
soccer|jjk jyvaskyla|vjs|2026-06-02,totals|under|7.25|,totals,Under,7.25,,1.01,1.01,"[""Betfair Exchange""]","[""odds_api_io""]",1,,
soccer|jjk jyvaskyla|vjs|2026-06-02,totals|over|7.00|,totals,Over,7.0,,49.57,49.57,"[""Betfair Exchange""]","[""odds_api_io""]",1,,
soccer|jjk jyvaskyla|vjs|2026-06-02,totals|under|7.00|,totals,Under,7.0,,1.01,1.01,"[""Betfair Exchange""]","[""odds_api_io""]",1,,
soccer|jjk jyvaskyla|vjs|2026-06-02,totals|over|6.75|,totals,Over,6.75,,29.33,29.33,"[""Betfair Exchange""]","[""odds_api_io""]",1,,
soccer|jjk jyvaskyla|vjs|2026-06-02,totals|under|6.75|,totals,Under,6.75,,1.01,1.01,"[""Betfair Exchange""]","[""odds_api_io""]",1,,
soccer|jjk jyvaskyla|vjs|2026-06-02,totals|over|1.50|,totals,Over,1.5,,1.18,1.18,"[""Betfair Exchange""]","[""odds_api_io""]",1,,
soccer|jjk jyvaskyla|vjs|2026-06-02,totals|under|1.50|,totals,Under,1.5,,5.76,5.76,"[""Betfair Exchange""]","[""odds_api_io""]",1,,
soccer|jjk jyvaskyla|vjs|2026-06-02,totals|over|1.25|,totals,Over,1.25,,1.11,1.11,"[""Betfair Exchange""]","[""odds_api_io""]",1,,
soccer|jjk jyvaskyla|vjs|2026-06-02,totals|under|1.25|,totals,Under,1.25,,8.34,8.34,"[""Betfair Exchange""]","[""odds_api_io""]",1,,
soccer|sv grodig|tsv neumarkt|2026-06-02,h2h|sv grodig||home,h2h,SV Grodig,,home,1.21,1.1756,"[""Bet365"", ""Betfair Exchange""]","[""odds_api_io""]",2,4.921,
soccer|sv grodig|tsv neumarkt|2026-06-02,h2h|draw||,h2h,Draw,,,7.0,6.8967,"[""Bet365"", ""Betfair Exchange""]","[""odds_api_io""]",2,0.42,
soccer|sv grodig|tsv neumarkt|2026-06-02,h2h|tsv neumarkt||away,h2h,TSV Neumarkt,,away,12.0,7.204,"[""Bet365"", ""Betfair Exchange""]","[""odds_api_io""]",2,10.897,
soccer|sv grodig|tsv neumarkt|2026-06-02,dnb|sv grodig|0.00|home,dnb,SV Grodig,0.0,home,1.05,1.0397,"[""Bet365"", ""Betfair Exchange""]","[""odds_api_io""]",2,1.849,
soccer|sv grodig|tsv neumarkt|2026-06-02,dnb|tsv neumarkt|0.00|away,dnb,TSV Neumarkt,0.0,away,8.5,6.2668,"[""Bet365"", ""Betfair Exchange""]","[""odds_api_io""]",2,8.235,
soccer|sv grodig|tsv neumarkt|2026-06-02,spreads|sv grodig|-2.25|home,spreads,SV Grodig,-2.25,home,1.8,1.442,"[""Bet365"", ""Betfair Exchange""]","[""odds_api_io""]",2,27.089,
soccer|sv grodig|tsv neumarkt|2026-06-02,spreads|tsv neumarkt|2.25|away,spreads,TSV Neumarkt,2.25,away,2.0,1.3431,"[""Bet365"", ""Betfair Exchange""]","[""odds_api_io""]",2,48.039,
soccer|sv grodig|tsv neumarkt|2026-06-02,totals|over|4.00|,totals,Over,4.0,,1.9,1.3866,"[""Bet365"", ""Betfair Exchange""]","[""odds_api_io""]",2,38.278,
soccer|sv grodig|tsv neumarkt|2026-06-02,totals|under|4.00|,totals,Under,4.0,,1.9,1.6077,"[""Bet365"", ""Betfair Exchange""]","[""odds_api_io""]",2,18.797,
soccer|sv grodig|tsv neumarkt|2026-06-02,totals|over|2.50|,totals,Over,2.5,,1.25,1.1631,"[""Bet365"", ""Betfair Exchange""]","[""odds_api_io""]",2,11.743,
soccer|sv grodig|tsv neumarkt|2026-06-02,totals|under|2.50|,totals,Under,2.5,,3.75,3.4893,"[""Bet365"", ""Betfair Exchange""]","[""odds_api_io""]",2,3.914,
soccer|sv grodig|tsv neumarkt|2026-06-02,spreads|sv grodig|-2.50|home,spreads,SV Grodig,-2.5,home,2.0,1.5011,"[""Bet365"", ""Betfair Exchange""]","[""odds_api_io""]",2,32.645,
soccer|sv grodig|tsv neumarkt|2026-06-02,spreads|tsv neumarkt|2.50|away,spreads,TSV Neumarkt,2.5,away,1.8,1.2956,"[""Bet365"", ""Betfair Exchange""]","[""odds_api_io""]",2,42.484,
soccer|sv grodig|tsv neumarkt|2026-06-02,spreads|sv grodig|-1.00|home,spreads,SV Grodig,-1.0,home,1.225,1.2173,"[""Bet365"", ""Betfair Exchange""]","[""odds_api_io""]",2,1.012,
soccer|sv grodig|tsv neumarkt|2026-06-02,spreads|tsv neumarkt|1.00|away,spreads,TSV Neumarkt,1.0,away,4.3,2.127,"[""Bet365"", ""Betfair Exchange""]","[""odds_api_io""]",3,69.337,
soccer|sv grodig|tsv neumarkt|2026-06-02,spreads|sv grodig|-0.75|home,spreads,SV Grodig,-0.75,home,1.21,1.2051,"[""Bet365"", ""Betfair Exchange""]","[""odds_api_io""]",2,0.689,
soccer|sv grodig|tsv neumarkt|2026-06-02,spreads|tsv neumarkt|0.75|away,spreads,TSV Neumarkt,0.75,away,4.4,3.332,"[""Bet365"", ""Betfair Exchange""]","[""odds_api_io""]",2,14.31,
soccer|sv grodig|tsv neumarkt|2026-06-02,spreads|sv grodig|-0.50|home,spreads,SV Grodig,-0.5,home,1.21,1.1926,"[""Bet365"", ""Betfair Exchange""]","[""odds_api_io""]",2,2.462,
soccer|sv grodig|tsv neumarkt|2026-06-02,spreads|tsv neumarkt|0.50|away,spreads,TSV Neumarkt,0.5,away,4.8,4.5486,"[""Bet365"", ""Betfair Exchange""]","[""odds_api_io""]",2,2.261,
soccer|sv grodig|tsv neumarkt|2026-06-02,spreads|sv grodig|-0.25|home,spreads,SV Grodig,-0.25,home,1.12,1.1175,"[""Bet365"", ""Betfair Exchange""]","[""odds_api_io""]",2,0.4,
soccer|sv grodig|tsv neumarkt|2026-06-02,spreads|tsv neumarkt|0.25|away,spreads,TSV Neumarkt,0.25,away,6.4,5.3574,"[""Bet365"", ""Betfair Exchange""]","[""odds_api_io""]",2,5.973,
soccer|sv grodig|tsv neumarkt|2026-06-02,spreads|sv grodig|-4.25|home,spreads,SV Grodig,-4.25,home,4.5,4.5,"[""Bet365""]","[""odds_api_io""]",1,,
soccer|sv grodig|tsv neumarkt|2026-06-02,spreads|tsv neumarkt|4.25|away,spreads,TSV Neumarkt,4.25,away,1.19,1.19,"[""Bet365""]","[""odds_api_io""]",1,,
soccer|sv grodig|tsv neumarkt|2026-06-02,spreads|sv grodig|-4.00|home,spreads,SV Grodig,-4.0,home,4.25,4.25,"[""Bet365""]","[""odds_api_io""]",1,,
soccer|sv grodig|tsv neumarkt|2026-06-02,spreads|tsv neumarkt|4.00|away,spreads,TSV Neumarkt,4.0,away,1.21,1.21,"[""Bet365""]","[""odds_api_io""]",1,,
soccer|sv grodig|tsv neumarkt|2026-06-02,spreads|sv grodig|-3.75|home,spreads,SV Grodig,-3.75,home,3.45,3.45,"[""Bet365""]","[""odds_api_io""]",1,,
soccer|sv grodig|tsv neumarkt|2026-06-02,spreads|tsv neumarkt|3.75|away,spreads,TSV Neumarkt,3.75,away,1.3,1.3,"[""Bet365""]","[""odds_api_io""]",1,,
soccer|sv grodig|tsv neumarkt|2026-06-02,spreads|sv grodig|-3.50|home,spreads,SV Grodig,-3.5,home,3.0,3.0,"[""Bet365""]","[""odds_api_io""]",1,,
soccer|sv grodig|tsv neumarkt|2026-06-02,spreads|tsv neumarkt|3.50|away,spreads,TSV Neumarkt,3.5,away,1.375,1.375,"[""Bet365""]","[""odds_api_io""]",1,,
soccer|sv grodig|tsv neumarkt|2026-06-02,spreads|sv grodig|-3.25|home,spreads,SV Grodig,-3.25,home,2.75,2.75,"[""Bet365""]","[""odds_api_io""]",1,,
soccer|sv grodig|tsv neumarkt|2026-06-02,spreads|tsv neumarkt|3.25|away,spreads,TSV Neumarkt,3.25,away,1.425,1.425,"[""Bet365""]","[""odds_api_io""]",1,,
soccer|sv grodig|tsv neumarkt|2026-06-02,spreads|sv grodig|-3.00|home,spreads,SV Grodig,-3.0,home,2.5,1.6205,"[""Bet365"", ""Betfair Exchange""]","[""odds_api_io""]",2,42.645,
soccer|sv grodig|tsv neumarkt|2026-06-02,spreads|tsv neumarkt|3.00|away,spreads,TSV Neumarkt,3.0,away,1.5,1.2101,"[""Bet365"", ""Betfair Exchange""]","[""odds_api_io""]",2,31.373,
soccer|sv grodig|tsv neumarkt|2026-06-02,spreads|sv grodig|-2.75|home,spreads,SV Grodig,-2.75,home,2.2,1.5531,"[""Bet365"", ""Betfair Exchange""]","[""odds_api_io""]",2,37.19,
soccer|sv grodig|tsv neumarkt|2026-06-02,spreads|tsv neumarkt|2.75|away,spreads,TSV Neumarkt,2.75,away,1.65,1.2476,"[""Bet365"", ""Betfair Exchange""]","[""odds_api_io""]",2,38.404,
soccer|sv grodig|tsv neumarkt|2026-06-02,spreads|sv grodig|-2.00|home,spreads,SV Grodig,-2.0,home,1.625,1.3834,"[""Bet365"", ""Betfair Exchange""]","[""odds_api_io""]",2,21.106,
soccer|sv grodig|tsv neumarkt|2026-06-02,spreads|tsv neumarkt|2.00|away,spreads,TSV Neumarkt,2.0,away,2.25,1.3941,"[""Bet365"", ""Betfair Exchange""]","[""odds_api_io""]",2,53.595,
soccer|sv grodig|tsv neumarkt|2026-06-02,spreads|sv grodig|-1.75|home,spreads,SV Grodig,-1.75,home,1.525,1.3465,"[""Bet365"", ""Betfair Exchange""]","[""odds_api_io""]",2,17.071,
soccer|sv grodig|tsv neumarkt|2026-06-02,spreads|tsv neumarkt|1.75|away,spreads,TSV Neumarkt,1.75,away,2.425,1.4254,"[""Bet365"", ""Betfair Exchange""]","[""odds_api_io""]",2,56.802,
soccer|sv grodig|tsv neumarkt|2026-06-02,spreads|sv grodig|-1.50|home,spreads,SV Grodig,-1.5,home,1.45,1.317,"[""Bet365"", ""Betfair Exchange""]","[""odds_api_io""]",2,13.679,
soccer|sv grodig|tsv neumarkt|2026-06-02,spreads|tsv neumarkt|1.50|away,spreads,TSV Neumarkt,1.5,away,2.675,1.4649,"[""Bet365"", ""Betfair Exchange""]","[""odds_api_io""]",2,60.656,
soccer|sv grodig|tsv neumarkt|2026-06-02,spreads|sv grodig|-1.25|home,spreads,SV Grodig,-1.25,home,1.325,1.2638,"[""Bet365"", ""Betfair Exchange""]","[""odds_api_io""]",2,7.173,
soccer|sv grodig|tsv neumarkt|2026-06-02,spreads|tsv neumarkt|1.25|away,spreads,TSV Neumarkt,1.25,away,3.3,1.5552,"[""Bet365"", ""Betfair Exchange""]","[""odds_api_io""]",2,66.784,
soccer|sv grodig|tsv neumarkt|2026-06-02,doubleChance|1x||,doubleChance,1X,,,1.02,1.02,"[""Betfair Exchange""]","[""odds_api_io""]",1,,
soccer|sv grodig|tsv neumarkt|2026-06-02,doubleChance|12||,doubleChance,12,,,1.02,1.02,"[""Betfair Exchange""]","[""odds_api_io""]",1,,
soccer|sv grodig|tsv neumarkt|2026-06-02,doubleChance|x2||,doubleChance,X2,,,4.3,4.3,"[""Betfair Exchange""]","[""odds_api_io""]",1,,
soccer|sv grodig|tsv neumarkt|2026-06-02,spreads|sv grodig|0.25|home,spreads,SV Grodig,0.25,home,1.02,1.02,"[""Betfair Exchange""]","[""odds_api_io""]",1,,
soccer|sv grodig|tsv neumarkt|2026-06-02,spreads|tsv neumarkt|-0.25|away,spreads,TSV Neumarkt,-0.25,away,5.1,5.1,"[""Betfair Exchange""]","[""odds_api_io""]",1,,
soccer|sv grodig|tsv neumarkt|2026-06-02,spreads|sv grodig|1.25|home,spreads,SV Grodig,1.25,home,1.01,1.01,"[""Betfair Exchange""]","[""odds_api_io""]",1,,
soccer|sv grodig|tsv neumarkt|2026-06-02,spreads|tsv neumarkt|-1.25|away,spreads,TSV Neumarkt,-1.25,away,5.19,5.19,"[""Betfair Exchange""]","[""odds_api_io""]",1,,
soccer|sv grodig|tsv neumarkt|2026-06-02,spreads|sv grodig|0.00|home,spreads,SV Grodig,0.0,home,1.03,1.03,"[""Betfair Exchange""]","[""odds_api_io""]",1,,
soccer|sv grodig|tsv neumarkt|2026-06-02,spreads|tsv neumarkt|-0.00|away,spreads,TSV Neumarkt,-0.0,away,5.0,5.0,"[""Betfair Exchange""]","[""odds_api_io""]",1,,
soccer|sv grodig|tsv neumarkt|2026-06-02,spreads|sv grodig|1.00|home,spreads,SV Grodig,1.0,home,1.02,1.015,"[""Betfair Exchange""]","[""odds_api_io""]",2,0.971,
soccer|sv grodig|tsv neumarkt|2026-06-02,spreads|tsv neumarkt|-1.00|away,spreads,TSV Neumarkt,-1.0,away,5.2,5.2,"[""Betfair Exchange""]","[""odds_api_io""]",1,,
soccer|sv grodig|tsv neumarkt|2026-06-02,spreads|sv grodig|2.50|home,spreads,SV Grodig,2.5,home,1.01,1.01,"[""Betfair Exchange""]","[""odds_api_io""]",1,,
soccer|sv grodig|tsv neumarkt|2026-06-02,spreads|tsv neumarkt|-2.50|away,spreads,TSV Neumarkt,-2.5,away,5.2,5.2,"[""Betfair Exchange""]","[""odds_api_io""]",1,,
soccer|sv grodig|tsv neumarkt|2026-06-02,spreads|sv grodig|0.75|home,spreads,SV Grodig,0.75,home,1.01,1.01,"[""Betfair Exchange""]","[""odds_api_io""]",1,,
soccer|sv grodig|tsv neumarkt|2026-06-02,spreads|tsv neumarkt|-0.75|away,spreads,TSV Neumarkt,-0.75,away,5.2,5.2,"[""Betfair Exchange""]","[""odds_api_io""]",1,,
soccer|sv grodig|tsv neumarkt|2026-06-02,spreads|sv grodig|2.25|home,spreads,SV Grodig,2.25,home,1.01,1.01,"[""Betfair Exchange""]","[""odds_api_io""]",1,,
soccer|sv grodig|tsv neumarkt|2026-06-02,spreads|tsv neumarkt|-2.25|away,spreads,TSV Neumarkt,-2.25,away,5.2,5.2,"[""Betfair Exchange""]","[""odds_api_io""]",1,,
soccer|sv grodig|tsv neumarkt|2026-06-02,spreads|sv grodig|0.50|home,spreads,SV Grodig,0.5,home,1.02,1.02,"[""Betfair Exchange""]","[""odds_api_io""]",1,,
soccer|sv grodig|tsv neumarkt|2026-06-02,spreads|tsv neumarkt|-0.50|away,spreads,TSV Neumarkt,-0.5,away,5.2,5.2,"[""Betfair Exchange""]","[""odds_api_io""]",1,,
soccer|sv grodig|tsv neumarkt|2026-06-02,spreads|sv grodig|1.50|home,spreads,SV Grodig,1.5,home,1.01,1.01,"[""Betfair Exchange""]","[""odds_api_io""]",1,,
soccer|sv grodig|tsv neumarkt|2026-06-02,spreads|tsv neumarkt|-1.50|away,spreads,TSV Neumarkt,-1.5,away,5.2,5.2,"[""Betfair Exchange""]","[""odds_api_io""]",1,,
soccer|sv grodig|tsv neumarkt|2026-06-02,spreads|sv grodig|2.00|home,spreads,SV Grodig,2.0,home,1.01,1.01,"[""Betfair Exchange""]","[""odds_api_io""]",1,,
soccer|sv grodig|tsv neumarkt|2026-06-02,spreads|tsv neumarkt|-2.00|away,spreads,TSV Neumarkt,-2.0,away,5.2,5.2,"[""Betfair Exchange""]","[""odds_api_io""]",1,,
soccer|sv grodig|tsv neumarkt|2026-06-02,spreads|sv grodig|1.75|home,spreads,SV Grodig,1.75,home,1.01,1.01,"[""Betfair Exchange""]","[""odds_api_io""]",1,,
soccer|sv grodig|tsv neumarkt|2026-06-02,spreads|tsv neumarkt|-1.75|away,spreads,TSV Neumarkt,-1.75,away,5.2,5.2,"[""Betfair Exchange""]","[""odds_api_io""]",1,,
soccer|sv grodig|tsv neumarkt|2026-06-02,totals|over|3.00|,totals,Over,3.0,,1.09,1.09,"[""Betfair Exchange""]","[""odds_api_io""]",1,,
soccer|sv grodig|tsv neumarkt|2026-06-02,totals|under|3.00|,totals,Under,3.0,,2.05,2.05,"[""Betfair Exchange""]","[""odds_api_io""]",1,,
soccer|sv grodig|tsv neumarkt|2026-06-02,totals|over|3.50|,totals,Over,3.5,,1.1,1.1,"[""Betfair Exchange""]","[""odds_api_io""]",1,,
soccer|sv grodig|tsv neumarkt|2026-06-02,totals|under|3.50|,totals,Under,3.5,,2.05,2.05,"[""Betfair Exchange""]","[""odds_api_io""]",1,,
soccer|sv grodig|tsv neumarkt|2026-06-02,totals|over|4.75|,totals,Over,4.75,,1.11,1.11,"[""Betfair Exchange""]","[""odds_api_io""]",1,,
soccer|sv grodig|tsv neumarkt|2026-06-02,totals|under|4.75|,totals,Under,4.75,,1.2,1.2,"[""Betfair Exchange""]","[""odds_api_io""]",1,,
soccer|sv grodig|tsv neumarkt|2026-06-02,totals|over|1.75|,totals,Over,1.75,,1.08,1.08,"[""Betfair Exchange""]","[""odds_api_io""]",1,,
soccer|sv grodig|tsv neumarkt|2026-06-02,totals|under|1.75|,totals,Under,1.75,,3.27,3.27,"[""Betfair Exchange""]","[""odds_api_io""]",1,,
soccer|sv grodig|tsv neumarkt|2026-06-02,totals|over|0.75|,totals,Over,0.75,,1.02,1.02,"[""Betfair Exchange""]","[""odds_api_io""]",1,,
soccer|sv grodig|tsv neumarkt|2026-06-02,totals|under|0.75|,totals,Under,0.75,,9.4,9.4,"[""Betfair Exchange""]","[""odds_api_io""]",1,,
soccer|sv grodig|tsv neumarkt|2026-06-02,totals|over|4.25|,totals,Over,4.25,,1.1,1.1,"[""Betfair Exchange""]","[""odds_api_io""]",1,,
soccer|sv grodig|tsv neumarkt|2026-06-02,totals|under|4.25|,totals,Under,4.25,,1.4,1.4,"[""Betfair Exchange""]","[""odds_api_io""]",1,,
soccer|sv grodig|tsv neumarkt|2026-06-02,totals|over|5.00|,totals,Over,5.0,,1.11,1.11,"[""Betfair Exchange""]","[""odds_api_io""]",1,,
soccer|sv grodig|tsv neumarkt|2026-06-02,totals|under|5.00|,totals,Under,5.0,,1.19,1.19,"[""Betfair Exchange""]","[""odds_api_io""]",1,,
soccer|sv grodig|tsv neumarkt|2026-06-02,totals|over|0.50|,totals,Over,0.5,,1.02,1.02,"[""Betfair Exchange""]","[""odds_api_io""]",1,,
soccer|sv grodig|tsv neumarkt|2026-06-02,totals|under|0.50|,totals,Under,0.5,,9.4,9.4,"[""Betfair Exchange""]","[""odds_api_io""]",1,,
soccer|sv grodig|tsv neumarkt|2026-06-02,totals|over|2.75|,totals,Over,2.75,,1.09,1.09,"[""Betfair Exchange""]","[""odds_api_io""]",1,,
soccer|sv grodig|tsv neumarkt|2026-06-02,totals|under|2.75|,totals,Under,2.75,,2.05,2.05,"[""Betfair Exchange""]","[""odds_api_io""]",1,,
soccer|sv grodig|tsv neumarkt|2026-06-02,totals|over|7.50|,totals,Over,7.5,,1.21,1.21,"[""Betfair Exchange""]","[""odds_api_io""]",1,,
soccer|sv grodig|tsv neumarkt|2026-06-02,totals|under|7.50|,totals,Under,7.5,,1.03,1.03,"[""Betfair Exchange""]","[""odds_api_io""]",1,,
soccer|sv grodig|tsv neumarkt|2026-06-02,totals|over|5.25|,totals,Over,5.25,,1.13,1.13,"[""Betfair Exchange""]","[""odds_api_io""]",1,,
soccer|sv grodig|tsv neumarkt|2026-06-02,totals|under|5.25|,totals,Under,5.25,,1.21,1.21,"[""Betfair Exchange""]","[""odds_api_io""]",1,,
soccer|sv grodig|tsv neumarkt|2026-06-02,totals|over|3.75|,totals,Over,3.75,,1.1,1.1,"[""Betfair Exchange""]","[""odds_api_io""]",1,,
soccer|sv grodig|tsv neumarkt|2026-06-02,totals|under|3.75|,totals,Under,3.75,,1.4,1.4,"[""Betfair Exchange""]","[""odds_api_io""]",1,,
soccer|sv grodig|tsv neumarkt|2026-06-02,totals|over|7.75|,totals,Over,7.75,,1.21,1.21,"[""Betfair Exchange""]","[""odds_api_io""]",1,,
soccer|sv grodig|tsv neumarkt|2026-06-02,totals|under|7.75|,totals,Under,7.75,,1.01,1.01,"[""Betfair Exchange""]","[""odds_api_io""]",1,,
soccer|sv grodig|tsv neumarkt|2026-06-02,totals|over|6.25|,totals,Over,6.25,,1.18,1.18,"[""Betfair Exchange""]","[""odds_api_io""]",1,,
soccer|sv grodig|tsv neumarkt|2026-06-02,totals|under|6.25|,totals,Under,6.25,,1.07,1.07,"[""Betfair Exchange""]","[""odds_api_io""]",1,,
soccer|sv grodig|tsv neumarkt|2026-06-02,totals|over|5.50|,totals,Over,5.5,,1.16,1.16,"[""Betfair Exchange""]","[""odds_api_io""]",1,,
soccer|sv grodig|tsv neumarkt|2026-06-02,totals|under|5.50|,totals,Under,5.5,,1.2,1.2,"[""Betfair Exchange""]","[""odds_api_io""]",1,,
soccer|sv grodig|tsv neumarkt|2026-06-02,totals|over|4.50|,totals,Over,4.5,,1.11,1.11,"[""Betfair Exchange""]","[""odds_api_io""]",1,,
soccer|sv grodig|tsv neumarkt|2026-06-02,totals|under|4.50|,totals,Under,4.5,,1.4,1.4,"[""Betfair Exchange""]","[""odds_api_io""]",1,,
soccer|sv grodig|tsv neumarkt|2026-06-02,totals|over|3.25|,totals,Over,3.25,,1.09,1.09,"[""Betfair Exchange""]","[""odds_api_io""]",1,,
soccer|sv grodig|tsv neumarkt|2026-06-02,totals|under|3.25|,totals,Under,3.25,,2.05,2.05,"[""Betfair Exchange""]","[""odds_api_io""]",1,,
soccer|sv grodig|tsv neumarkt|2026-06-02,totals|over|7.00|,totals,Over,7.0,,1.21,1.21,"[""Betfair Exchange""]","[""odds_api_io""]",1,,
soccer|sv grodig|tsv neumarkt|2026-06-02,totals|under|7.00|,totals,Under,7.0,,1.03,1.03,"[""Betfair Exchange""]","[""odds_api_io""]",1,,
soccer|sv grodig|tsv neumarkt|2026-06-02,totals|over|6.50|,totals,Over,6.5,,1.21,1.21,"[""Betfair Exchange""]","[""odds_api_io""]",1,,
soccer|sv grodig|tsv neumarkt|2026-06-02,totals|under|6.50|,totals,Under,6.5,,1.08,1.08,"[""Betfair Exchange""]","[""odds_api_io""]",1,,
soccer|sv grodig|tsv neumarkt|2026-06-02,totals|over|1.50|,totals,Over,1.5,,1.08,1.08,"[""Betfair Exchange""]","[""odds_api_io""]",1,,
soccer|sv grodig|tsv neumarkt|2026-06-02,totals|under|1.50|,totals,Under,1.5,,9.4,9.4,"[""Betfair Exchange""]","[""odds_api_io""]",1,,
soccer|sv grodig|tsv neumarkt|2026-06-02,totals|over|6.75|,totals,Over,6.75,,1.2,1.2,"[""Betfair Exchange""]","[""odds_api_io""]",1,,
soccer|sv grodig|tsv neumarkt|2026-06-02,totals|under|6.75|,totals,Under,6.75,,1.02,1.02,"[""Betfair Exchange""]","[""odds_api_io""]",1,,
soccer|sv grodig|tsv neumarkt|2026-06-02,totals|over|1.25|,totals,Over,1.25,,1.05,1.05,"[""Betfair Exchange""]","[""odds_api_io""]",1,,
soccer|sv grodig|tsv neumarkt|2026-06-02,totals|under|1.25|,totals,Under,1.25,,9.4,9.4,"[""Betfair Exchange""]","[""odds_api_io""]",1,,
soccer|sv grodig|tsv neumarkt|2026-06-02,totals|over|5.75|,totals,Over,5.75,,1.16,1.16,"[""Betfair Exchange""]","[""odds_api_io""]",1,,
soccer|sv grodig|tsv neumarkt|2026-06-02,totals|under|5.75|,totals,Under,5.75,,1.08,1.08,"[""Betfair Exchange""]","[""odds_api_io""]",1,,
soccer|sv grodig|tsv neumarkt|2026-06-02,totals|over|2.00|,totals,Over,2.0,,1.08,1.08,"[""Betfair Exchange""]","[""odds_api_io""]",1,,
soccer|sv grodig|tsv neumarkt|2026-06-02,totals|under|2.00|,totals,Under,2.0,,3.27,3.27,"[""Betfair Exchange""]","[""odds_api_io""]",1,,
soccer|sv grodig|tsv neumarkt|2026-06-02,totals|over|1.00|,totals,Over,1.0,,1.02,1.02,"[""Betfair Exchange""]","[""odds_api_io""]",1,,
soccer|sv grodig|tsv neumarkt|2026-06-02,totals|under|1.00|,totals,Under,1.0,,9.4,9.4,"[""Betfair Exchange""]","[""odds_api_io""]",1,,
soccer|sv grodig|tsv neumarkt|2026-06-02,totals|over|2.25|,totals,Over,2.25,,1.08,1.08,"[""Betfair Exchange""]","[""odds_api_io""]",1,,
soccer|sv grodig|tsv neumarkt|2026-06-02,totals|under|2.25|,totals,Under,2.25,,3.27,3.27,"[""Betfair Exchange""]","[""odds_api_io""]",1,,
soccer|sv grodig|tsv neumarkt|2026-06-02,totals|over|7.25|,totals,Over,7.25,,1.21,1.21,"[""Betfair Exchange""]","[""odds_api_io""]",1,,
soccer|sv grodig|tsv neumarkt|2026-06-02,totals|under|7.25|,totals,Under,7.25,,1.03,1.03,"[""Betfair Exchange""]","[""odds_api_io""]",1,,
soccer|sv grodig|tsv neumarkt|2026-06-02,totals|over|6.00|,totals,Over,6.0,,1.16,1.16,"[""Betfair Exchange""]","[""odds_api_io""]",1,,
soccer|sv grodig|tsv neumarkt|2026-06-02,totals|under|6.00|,totals,Under,6.0,,1.07,1.07,"[""Betfair Exchange""]","[""odds_api_io""]",1,,
soccer|sv grodig|tsv neumarkt|2026-06-02,btts|yes||,btts,Yes,,,1.41,1.41,"[""Betfair Exchange""]","[""odds_api_io""]",1,,
soccer|sv grodig|tsv neumarkt|2026-06-02,btts|no||,btts,No,,,2.24,2.24,"[""Betfair Exchange""]","[""odds_api_io""]",1,,
soccer|sv grodig|tsv neumarkt|2026-06-02,spreads|sv grodig|3.00|home,spreads,SV Grodig,3.0,home,1.01,1.01,"[""Betfair Exchange""]","[""odds_api_io""]",1,,
soccer|sv grodig|tsv neumarkt|2026-06-02,spreads|tsv neumarkt|-3.00|away,spreads,TSV Neumarkt,-3.0,away,5.2,5.2,"[""Betfair Exchange""]","[""odds_api_io""]",1,,
soccer|hjs|ktp|2026-06-02,h2h|hjs||home,h2h,HJS,,home,1.8,1.7368,"[""Bet365"", ""Betfair Exchange""]","[""odds_api_io""]",2,3.968,
soccer|hjs|ktp|2026-06-02,h2h|draw||,h2h,Draw,,,4.333,4.2643,"[""Bet365"", ""Betfair Exchange""]","[""odds_api_io""]",2,0.731,
soccer|hjs|ktp|2026-06-02,h2h|fc ktp||away,h2h,FC KTP,,away,3.2,1.6228,"[""Bet365"", ""Betfair Exchange""]","[""odds_api_io""]",2,59.659,
soccer|hjs|ktp|2026-06-02,dnb|hjs|0.00|home,dnb,HJS,0.0,home,1.444,1.3556,"[""Bet365"", ""Betfair Exchange""]","[""odds_api_io""]",2,8.873,
soccer|hjs|ktp|2026-06-02,dnb|fc ktp|0.00|away,dnb,FC KTP,0.0,away,2.625,1.4575,"[""Bet365"", ""Betfair Exchange""]","[""odds_api_io""]",2,59.944,
soccer|hjs|ktp|2026-06-02,spreads|hjs|-0.50|home,spreads,HJS,-0.5,home,1.825,1.7482,"[""Bet365"", ""Betfair Exchange""]","[""odds_api_io""]",2,4.729,
soccer|hjs|ktp|2026-06-02,spreads|fc ktp|0.50|away,spreads,FC KTP,0.5,away,1.975,1.7394,"[""Bet365"", ""Betfair Exchange""]","[""odds_api_io""]",2,13.47,
soccer|hjs|ktp|2026-06-02,totals|over|3.50|,totals,Over,3.5,,2.0,1.7425,"[""Bet365"", ""Betfair Exchange""]","[""odds_api_io""]",2,14.516,
soccer|hjs|ktp|2026-06-02,totals|under|3.50|,totals,Under,3.5,,1.8,1.4706,"[""Bet365"", ""Betfair Exchange""]","[""odds_api_io""]",2,24.444,
soccer|hjs|ktp|2026-06-02,totals|over|2.50|,totals,Over,2.5,,1.4,1.1836,"[""Bet365"", ""Betfair Exchange""]","[""odds_api_io""]",2,25.659,
soccer|hjs|ktp|2026-06-02,totals|under|2.50|,totals,Under,2.5,,2.75,1.7071,"[""Bet365"", ""Betfair Exchange""]","[""odds_api_io""]",2,43.636,
soccer|hjs|ktp|2026-06-02,spreads|hjs|-2.50|home,spreads,HJS,-2.5,home,5.0,5.0,"[""Bet365""]","[""odds_api_io""]",1,,
soccer|hjs|ktp|2026-06-02,spreads|fc ktp|2.50|away,spreads,FC KTP,2.5,away,1.17,1.17,"[""Bet365""]","[""odds_api_io""]",1,,
soccer|hjs|ktp|2026-06-02,spreads|hjs|-2.25|home,spreads,HJS,-2.25,home,4.5,4.5,"[""Bet365""]","[""odds_api_io""]",1,,
soccer|hjs|ktp|2026-06-02,spreads|fc ktp|2.25|away,spreads,FC KTP,2.25,away,1.19,1.19,"[""Bet365""]","[""odds_api_io""]",1,,
soccer|hjs|ktp|2026-06-02,spreads|hjs|-2.00|home,spreads,HJS,-2.0,home,4.25,4.25,"[""Bet365""]","[""odds_api_io""]",1,,
soccer|hjs|ktp|2026-06-02,spreads|fc ktp|2.00|away,spreads,FC KTP,2.0,away,1.21,1.21,"[""Bet365""]","[""odds_api_io""]",1,,
soccer|hjs|ktp|2026-06-02,spreads|hjs|-1.75|home,spreads,HJS,-1.75,home,3.45,3.45,"[""Bet365""]","[""odds_api_io""]",1,,
soccer|hjs|ktp|2026-06-02,spreads|fc ktp|1.75|away,spreads,FC KTP,1.75,away,1.3,1.3,"[""Bet365""]","[""odds_api_io""]",1,,
soccer|hjs|ktp|2026-06-02,spreads|hjs|-1.50|home,spreads,HJS,-1.5,home,2.85,2.85,"[""Bet365""]","[""odds_api_io""]",1,,
soccer|hjs|ktp|2026-06-02,spreads|fc ktp|1.50|away,spreads,FC KTP,1.5,away,6.0,6.0,"[""Bet365""]","[""odds_api_io""]",1,,
soccer|hjs|ktp|2026-06-02,spreads|hjs|-1.25|home,spreads,HJS,-1.25,home,2.6,2.6,"[""Bet365""]","[""odds_api_io""]",1,,
soccer|hjs|ktp|2026-06-02,spreads|fc ktp|1.25|away,spreads,FC KTP,1.25,away,5.75,5.75,"[""Bet365""]","[""odds_api_io""]",1,,
soccer|hjs|ktp|2026-06-02,spreads|hjs|-1.00|home,spreads,HJS,-1.0,home,2.3,1.9362,"[""Bet365"", ""Betfair Exchange""]","[""odds_api_io""]",2,16.046,
soccer|hjs|ktp|2026-06-02,spreads|fc ktp|1.00|away,spreads,FC KTP,1.0,away,5.5,2.4062,"[""Bet365"", ""Betfair Exchange""]","[""odds_api_io""]",2,45.921,
soccer|hjs|ktp|2026-06-02,spreads|hjs|-0.75|home,spreads,HJS,-0.75,home,2.025,1.8333,"[""Bet365"", ""Betfair Exchange""]","[""odds_api_io""]",2,10.141,
soccer|hjs|ktp|2026-06-02,spreads|fc ktp|0.75|away,spreads,FC KTP,0.75,away,3.9,1.9098,"[""Bet365"", ""Betfair Exchange""]","[""odds_api_io""]",2,52.484,
soccer|hjs|ktp|2026-06-02,spreads|hjs|-0.25|home,spreads,HJS,-0.25,home,1.65,1.5588,"[""Bet365"", ""Betfair Exchange""]","[""odds_api_io""]",2,6.962,
soccer|hjs|ktp|2026-06-02,spreads|fc ktp|0.25|away,spreads,FC KTP,0.25,away,3.0,2.1511,"[""Bet365"", ""Betfair Exchange""]","[""odds_api_io""]",2,25.838,
soccer|hjs|ktp|2026-06-02,spreads|hjs|0.00|home,spreads,HJS,0.0,home,1.475,1.3688,"[""Bet365"", ""Betfair Exchange""]","[""odds_api_io""]",2,10.328,
soccer|hjs|ktp|2026-06-02,spreads|fc ktp|-0.00|away,spreads,FC KTP,-0.0,away,2.6,1.4537,"[""Bet365"", ""Betfair Exchange""]","[""odds_api_io""]",2,59.578,
soccer|hjs|ktp|2026-06-02,spreads|hjs|0.25|home,spreads,HJS,0.25,home,1.375,1.2972,"[""Bet365"", ""Betfair Exchange""]","[""odds_api_io""]",2,8.574,
soccer|hjs|ktp|2026-06-02,spreads|fc ktp|-0.25|away,spreads,FC KTP,-0.25,away,2.2,1.4216,"[""Bet365"", ""Betfair Exchange""]","[""odds_api_io""]",2,48.885,
soccer|hjs|ktp|2026-06-02,spreads|hjs|0.50|home,spreads,HJS,0.5,home,1.325,1.2583,"[""Bet365"", ""Betfair Exchange""]","[""odds_api_io""]",2,7.862,
soccer|hjs|ktp|2026-06-02,spreads|fc ktp|-0.50|away,spreads,FC KTP,-0.5,away,3.3,1.6351,"[""Bet365"", ""Betfair Exchange""]","[""odds_api_io""]",2,60.606,
soccer|hjs|ktp|2026-06-02,spreads|hjs|0.75|home,spreads,HJS,0.75,home,1.24,1.1645,"[""Bet365"", ""Betfair Exchange""]","[""odds_api_io""]",2,10.264,
soccer|hjs|ktp|2026-06-02,spreads|fc ktp|-0.75|away,spreads,FC KTP,-0.75,away,1.775,1.3525,"[""Bet365"", ""Betfair Exchange""]","[""odds_api_io""]",2,34.571,
soccer|hjs|ktp|2026-06-02,spreads|hjs|1.00|home,spreads,HJS,1.0,home,1.2,1.1749,"[""Bet365"", ""Betfair Exchange""]","[""odds_api_io""]",2,3.623,
soccer|hjs|ktp|2026-06-02,spreads|fc ktp|-1.00|away,spreads,FC KTP,-1.0,away,1.6,1.2993,"[""Bet365"", ""Betfair Exchange""]","[""odds_api_io""]",2,28.409,
soccer|hjs|ktp|2026-06-02,spreads|hjs|1.25|home,spreads,HJS,1.25,home,1.14,1.14,"[""Bet365""]","[""odds_api_io""]",1,,
soccer|hjs|ktp|2026-06-02,spreads|fc ktp|-1.25|away,spreads,FC KTP,-1.25,away,1.475,1.475,"[""Bet365""]","[""odds_api_io""]",1,,
soccer|hjs|ktp|2026-06-02,spreads|hjs|1.50|home,spreads,HJS,1.5,home,1.125,1.125,"[""Bet365""]","[""odds_api_io""]",1,,
soccer|hjs|ktp|2026-06-02,spreads|fc ktp|-1.50|away,spreads,FC KTP,-1.5,away,1.4,1.4,"[""Bet365""]","[""odds_api_io""]",1,,
soccer|hjs|ktp|2026-06-02,doubleChance|1x||,doubleChance,1X,,,1.2,1.2,"[""Betfair Exchange""]","[""odds_api_io""]",1,,
soccer|hjs|ktp|2026-06-02,doubleChance|12||,doubleChance,12,,,1.02,1.02,"[""Betfair Exchange""]","[""odds_api_io""]",1,,
soccer|hjs|ktp|2026-06-02,doubleChance|x2||,doubleChance,X2,,,1.56,1.56,"[""Betfair Exchange""]","[""odds_api_io""]",1,,
soccer|hjs|ktp|2026-06-02,totals|over|1.00|,totals,Over,1.0,,1.02,1.02,"[""Betfair Exchange""]","[""odds_api_io""]",1,,
soccer|hjs|ktp|2026-06-02,totals|under|1.00|,totals,Under,1.0,,1.25,1.25,"[""Betfair Exchange""]","[""odds_api_io""]",1,,
soccer|hjs|ktp|2026-06-02,totals|over|2.00|,totals,Over,2.0,,1.02,1.02,"[""Betfair Exchange""]","[""odds_api_io""]",1,,
soccer|hjs|ktp|2026-06-02,totals|under|2.00|,totals,Under,2.0,,1.25,1.25,"[""Betfair Exchange""]","[""odds_api_io""]",1,,
soccer|hjs|ktp|2026-06-02,totals|over|4.00|,totals,Over,4.0,,1.55,1.55,"[""Betfair Exchange""]","[""odds_api_io""]",1,,
soccer|hjs|ktp|2026-06-02,totals|under|4.00|,totals,Under,4.0,,1.15,1.15,"[""Betfair Exchange""]","[""odds_api_io""]",1,,
soccer|hjs|ktp|2026-06-02,totals|over|5.50|,totals,Over,5.5,,3.5,3.5,"[""Betfair Exchange""]","[""odds_api_io""]",1,,
soccer|hjs|ktp|2026-06-02,totals|under|5.50|,totals,Under,5.5,,1.07,1.07,"[""Betfair Exchange""]","[""odds_api_io""]",1,,
soccer|hjs|ktp|2026-06-02,totals|over|7.25|,totals,Over,7.25,,17.01,17.01,"[""Betfair Exchange""]","[""odds_api_io""]",1,,
soccer|hjs|ktp|2026-06-02,totals|under|7.25|,totals,Under,7.25,,1.01,1.01,"[""Betfair Exchange""]","[""odds_api_io""]",1,,
soccer|hjs|ktp|2026-06-02,totals|over|0.50|,totals,Over,0.5,,1.02,1.02,"[""Betfair Exchange""]","[""odds_api_io""]",1,,
soccer|hjs|ktp|2026-06-02,totals|under|0.50|,totals,Under,0.5,,21.0,21.0,"[""Betfair Exchange""]","[""odds_api_io""]",1,,
soccer|hjs|ktp|2026-06-02,totals|over|6.75|,totals,Over,6.75,,10.29,10.29,"[""Betfair Exchange""]","[""odds_api_io""]",1,,
soccer|hjs|ktp|2026-06-02,totals|under|6.75|,totals,Under,6.75,,1.01,1.01,"[""Betfair Exchange""]","[""odds_api_io""]",1,,
soccer|hjs|ktp|2026-06-02,totals|over|2.75|,totals,Over,2.75,,1.03,1.03,"[""Betfair Exchange""]","[""odds_api_io""]",1,,
soccer|hjs|ktp|2026-06-02,totals|under|2.75|,totals,Under,2.75,,1.25,1.25,"[""Betfair Exchange""]","[""odds_api_io""]",1,,
soccer|hjs|ktp|2026-06-02,totals|over|4.75|,totals,Over,4.75,,1.76,1.76,"[""Betfair Exchange""]","[""odds_api_io""]",1,,
soccer|hjs|ktp|2026-06-02,totals|under|4.75|,totals,Under,4.75,,1.07,1.07,"[""Betfair Exchange""]","[""odds_api_io""]",1,,
soccer|hjs|ktp|2026-06-02,totals|over|6.50|,totals,Over,6.5,,7.66,7.66,"[""Betfair Exchange""]","[""odds_api_io""]",1,,
soccer|hjs|ktp|2026-06-02,totals|under|6.50|,totals,Under,6.5,,1.03,1.03,"[""Betfair Exchange""]","[""odds_api_io""]",1,,
soccer|hjs|ktp|2026-06-02,totals|over|5.00|,totals,Over,5.0,,2.24,2.24,"[""Betfair Exchange""]","[""odds_api_io""]",1,,
soccer|hjs|ktp|2026-06-02,totals|under|5.00|,totals,Under,5.0,,1.07,1.07,"[""Betfair Exchange""]","[""odds_api_io""]",1,,
soccer|hjs|ktp|2026-06-02,totals|over|4.50|,totals,Over,4.5,,1.55,1.55,"[""Betfair Exchange""]","[""odds_api_io""]",1,,
soccer|hjs|ktp|2026-06-02,totals|under|4.50|,totals,Under,4.5,,1.15,1.15,"[""Betfair Exchange""]","[""odds_api_io""]",1,,
soccer|hjs|ktp|2026-06-02,totals|over|1.75|,totals,Over,1.75,,1.02,1.02,"[""Betfair Exchange""]","[""odds_api_io""]",1,,
soccer|hjs|ktp|2026-06-02,totals|under|1.75|,totals,Under,1.75,,1.25,1.25,"[""Betfair Exchange""]","[""odds_api_io""]",1,,
soccer|hjs|ktp|2026-06-02,totals|over|0.75|,totals,Over,0.75,,1.02,1.02,"[""Betfair Exchange""]","[""odds_api_io""]",1,,
soccer|hjs|ktp|2026-06-02,totals|under|0.75|,totals,Under,0.75,,1.25,1.25,"[""Betfair Exchange""]","[""odds_api_io""]",1,,
soccer|hjs|ktp|2026-06-02,totals|over|2.25|,totals,Over,2.25,,1.02,1.02,"[""Betfair Exchange""]","[""odds_api_io""]",1,,
soccer|hjs|ktp|2026-06-02,totals|under|2.25|,totals,Under,2.25,,1.25,1.25,"[""Betfair Exchange""]","[""odds_api_io""]",1,,
soccer|hjs|ktp|2026-06-02,totals|over|5.75|,totals,Over,5.75,,4.43,4.43,"[""Betfair Exchange""]","[""odds_api_io""]",1,,
soccer|hjs|ktp|2026-06-02,totals|under|5.75|,totals,Under,5.75,,1.03,1.03,"[""Betfair Exchange""]","[""odds_api_io""]",1,,
soccer|hjs|ktp|2026-06-02,totals|over|3.00|,totals,Over,3.0,,1.04,1.04,"[""Betfair Exchange""]","[""odds_api_io""]",1,,
soccer|hjs|ktp|2026-06-02,totals|under|3.00|,totals,Under,3.0,,1.25,1.25,"[""Betfair Exchange""]","[""odds_api_io""]",1,,
soccer|hjs|ktp|2026-06-02,totals|over|4.25|,totals,Over,4.25,,1.55,1.55,"[""Betfair Exchange""]","[""odds_api_io""]",1,,
soccer|hjs|ktp|2026-06-02,totals|under|4.25|,totals,Under,4.25,,1.15,1.15,"[""Betfair Exchange""]","[""odds_api_io""]",1,,
soccer|hjs|ktp|2026-06-02,totals|over|3.75|,totals,Over,3.75,,1.55,1.55,"[""Betfair Exchange""]","[""odds_api_io""]",1,,
soccer|hjs|ktp|2026-06-02,totals|under|3.75|,totals,Under,3.75,,1.15,1.15,"[""Betfair Exchange""]","[""odds_api_io""]",1,,
soccer|hjs|ktp|2026-06-02,totals|over|6.00|,totals,Over,6.0,,6.47,6.47,"[""Betfair Exchange""]","[""odds_api_io""]",1,,
soccer|hjs|ktp|2026-06-02,totals|under|6.00|,totals,Under,6.0,,1.03,1.03,"[""Betfair Exchange""]","[""odds_api_io""]",1,,
soccer|hjs|ktp|2026-06-02,totals|over|5.25|,totals,Over,5.25,,2.87,2.87,"[""Betfair Exchange""]","[""odds_api_io""]",1,,
soccer|hjs|ktp|2026-06-02,totals|under|5.25|,totals,Under,5.25,,1.07,1.07,"[""Betfair Exchange""]","[""odds_api_io""]",1,,
soccer|hjs|ktp|2026-06-02,totals|over|7.00|,totals,Over,7.0,,16.36,16.36,"[""Betfair Exchange""]","[""odds_api_io""]",1,,
soccer|hjs|ktp|2026-06-02,totals|under|7.00|,totals,Under,7.0,,1.01,1.01,"[""Betfair Exchange""]","[""odds_api_io""]",1,,
soccer|hjs|ktp|2026-06-02,totals|over|1.25|,totals,Over,1.25,,1.02,1.02,"[""Betfair Exchange""]","[""odds_api_io""]",1,,
soccer|hjs|ktp|2026-06-02,totals|under|1.25|,totals,Under,1.25,,1.25,1.25,"[""Betfair Exchange""]","[""odds_api_io""]",1,,
soccer|hjs|ktp|2026-06-02,totals|over|6.25|,totals,Over,6.25,,7.07,7.07,"[""Betfair Exchange""]","[""odds_api_io""]",1,,
soccer|hjs|ktp|2026-06-02,totals|under|6.25|,totals,Under,6.25,,1.03,1.03,"[""Betfair Exchange""]","[""odds_api_io""]",1,,
soccer|hjs|ktp|2026-06-02,totals|over|3.25|,totals,Over,3.25,,1.29,1.29,"[""Betfair Exchange""]","[""odds_api_io""]",1,,
soccer|hjs|ktp|2026-06-02,totals|under|3.25|,totals,Under,3.25,,1.25,1.25,"[""Betfair Exchange""]","[""odds_api_io""]",1,,
soccer|hjs|ktp|2026-06-02,totals|over|7.50|,totals,Over,7.5,,17.66,17.66,"[""Betfair Exchange""]","[""odds_api_io""]",1,,
soccer|hjs|ktp|2026-06-02,totals|under|7.50|,totals,Under,7.5,,1.01,1.01,"[""Betfair Exchange""]","[""odds_api_io""]",1,,
soccer|hjs|ktp|2026-06-02,totals|over|1.50|,totals,Over,1.5,,1.02,1.02,"[""Betfair Exchange""]","[""odds_api_io""]",1,,
soccer|hjs|ktp|2026-06-02,totals|under|1.50|,totals,Under,1.5,,1.25,1.25,"[""Betfair Exchange""]","[""odds_api_io""]",1,,
soccer|hjs|ktp|2026-06-02,btts|yes||,btts,Yes,,,1.01,1.01,"[""Betfair Exchange""]","[""odds_api_io""]",1,,
soccer|hjs|ktp|2026-06-02,btts|no||,btts,No,,,1.01,1.01,"[""Betfair Exchange""]","[""odds_api_io""]",1,,
soccer|belgium|croatia|2026-06-02,h2h|croatia||home,h2h,Croatia,,home,2.758,2.5912,"[""Bet365"", ""Unibet"", ""Betfair Exchange"", ""Sbobet"", ""oddssafari-consensus"", ""1xbet"", ""betano"", ""pinnacle"", ""interwetten"", ""unibet"", ""novibet"", ""bwin"", ""sportingbet"", ""betway"", ""888sport"", ""william-hill"", ""bet365"", ""betsson"", ""marathon"", ""bzzoiro"", ""bzzoiro-consensus""]","[""odds_api_io"", ""bzzoiro""]",21,4.725,
soccer|belgium|croatia|2026-06-02,h2h|draw||,h2h,Draw,,,3.7,3.3965,"[""Bet365"", ""Unibet"", ""Betfair Exchange"", ""Sbobet"", ""oddssafari-consensus"", ""1xbet"", ""betano"", ""pinnacle"", ""interwetten"", ""unibet"", ""novibet"", ""bwin"", ""sportingbet"", ""betway"", ""888sport"", ""william-hill"", ""bet365"", ""betsson"", ""marathon"", ""bzzoiro"", ""bzzoiro-consensus""]","[""odds_api_io"", ""bzzoiro""]",21,4.719,
soccer|belgium|croatia|2026-06-02,h2h|belgium||away,h2h,Belgium,,away,2.74,2.5859,"[""Bet365"", ""Unibet"", ""Betfair Exchange"", ""Sbobet"", ""oddssafari-consensus"", ""1xbet"", ""betano"", ""pinnacle"", ""interwetten"", ""unibet"", ""novibet"", ""bwin"", ""sportingbet"", ""betway"", ""888sport"", ""william-hill"", ""bet365"", ""betsson"", ""marathon"", ""bzzoiro"", ""bzzoiro-consensus""]","[""odds_api_io"", ""bzzoiro""]",21,4.32,
soccer|belgium|croatia|2026-06-02,dnb|croatia|0.00|home,dnb,Croatia,0.0,home,1.98,1.8736,"[""Bet365"", ""Unibet"", ""Betfair Exchange""]","[""odds_api_io""]",3,4.744,
soccer|belgium|croatia|2026-06-02,dnb|belgium|0.00|away,dnb,Belgium,0.0,away,2.0,1.9,"[""Bet365"", ""Unibet"", ""Betfair Exchange""]","[""odds_api_io""]",3,4.555,
soccer|belgium|croatia|2026-06-02,spreads|croatia|0.00|home,spreads,Croatia,0.0,home,1.98,1.9198,"[""Bet365"", ""Betfair Exchange"", ""Sbobet""]","[""odds_api_io""]",3,2.686,
soccer|belgium|croatia|2026-06-02,totals|over|2.75|,totals,Over,2.75,,2.05,2.03,"[""Bet365"", ""Betfair Exchange"", ""Sbobet""]","[""odds_api_io""]",3,1.22,
soccer|belgium|croatia|2026-06-02,totals|under|2.75|,totals,Under,2.75,,1.86,1.8133,"[""Bet365"", ""Betfair Exchange"", ""Sbobet""]","[""odds_api_io""]",3,2.416,
soccer|belgium|croatia|2026-06-02,totals|over|2.50|,totals,Over,2.5,,1.877,1.8116,"[""Bet365"", ""Unibet"", ""Betfair Exchange"", ""Sbobet"", ""1xbet"", ""bzzoiro-consensus""]","[""odds_api_io"", ""bzzoiro""]",6,3.221,
soccer|belgium|croatia|2026-06-02,totals|under|2.50|,totals,Under,2.5,,2.16,2.0193,"[""Bet365"", ""Unibet"", ""Betfair Exchange"", ""Sbobet"", ""1xbet"", ""bzzoiro-consensus""]","[""odds_api_io"", ""bzzoiro""]",6,5.25,
soccer|belgium|croatia|2026-06-02,btts|yes||,btts,Yes,,,1.69,1.6374,"[""Bet365"", ""Unibet"", ""Betfair Exchange"", ""oddssafari-consensus"", ""1xbet"", ""betano"", ""pinnacle"", ""interwetten"", ""unibet"", ""novibet"", ""bwin"", ""sportingbet"", ""betway"", ""888sport"", ""william-hill"", ""bet365"", ""betsson"", ""marathon"", ""bzzoiro"", ""bzzoiro-consensus""]","[""odds_api_io"", ""bzzoiro""]",20,4.12,
soccer|belgium|croatia|2026-06-02,btts|no||,btts,No,,,2.38,2.1512,"[""Bet365"", ""Unibet"", ""Betfair Exchange"", ""oddssafari-consensus"", ""1xbet"", ""betano"", ""pinnacle"", ""interwetten"", ""unibet"", ""novibet"", ""bwin"", ""sportingbet"", ""betway"", ""888sport"", ""william-hill"", ""bet365"", ""betsson"", ""marathon"", ""bzzoiro"", ""bzzoiro-consensus""]","[""odds_api_io"", ""bzzoiro""]",20,7.983,
soccer|belgium|croatia|2026-06-02,spreads|croatia|1.00|home,spreads,Croatia,1.0,home,1.56,1.3869,"[""Bet365"", ""Unibet"", ""Betfair Exchange""]","[""odds_api_io""]",5,17.865,
soccer|belgium|croatia|2026-06-02,spreads|belgium|1.00|away,spreads,Belgium,1.0,away,5.0,1.9337,"[""Bet365"", ""Unibet"", ""Betfair Exchange""]","[""odds_api_io""]",5,60.645,
soccer|belgium|croatia|2026-06-02,spreads|croatia|-2.00|home,spreads,Croatia,-2.0,home,15.5,12.7592,"[""Bet365"", ""Unibet"", ""Betfair Exchange""]","[""odds_api_io""]",4,2.639,
soccer|belgium|croatia|2026-06-02,spreads|belgium|2.00|away,spreads,Belgium,2.0,away,12.0,1.4465,"[""Bet365"", ""Unibet"", ""Betfair Exchange""]","[""odds_api_io""]",4,86.006,
soccer|belgium|croatia|2026-06-02,spreads|croatia|2.00|home,spreads,Croatia,2.0,home,1.19,1.1284,"[""Bet365"", ""Unibet"", ""Betfair Exchange""]","[""odds_api_io""]",4,10.306,
soccer|belgium|croatia|2026-06-02,spreads|belgium|-2.00|away,spreads,Belgium,-2.0,away,13.5,3.6394,"[""Bet365"", ""Unibet"", ""Betfair Exchange""]","[""odds_api_io""]",4,78.356,
soccer|belgium|croatia|2026-06-02,spreads|belgium|3.00|away,spreads,Belgium,3.0,away,29.0,1.4324,"[""Bet365"", ""Unibet"", ""Betfair Exchange""]","[""odds_api_io""]",4,95.562,
soccer|belgium|croatia|2026-06-02,spreads|croatia|-1.75|home,spreads,Croatia,-1.75,home,8.01,7.2497,"[""Bet365"", ""Betfair Exchange""]","[""odds_api_io""]",2,2.667,
soccer|belgium|croatia|2026-06-02,spreads|belgium|1.75|away,spreads,Belgium,1.75,away,6.8,1.8985,"[""Bet365"", ""Betfair Exchange""]","[""odds_api_io""]",2,74.58,
soccer|belgium|croatia|2026-06-02,spreads|croatia|-1.50|home,spreads,Croatia,-1.5,home,5.82,5.3863,"[""Bet365"", ""Betfair Exchange""]","[""odds_api_io""]",2,2.818,
soccer|belgium|croatia|2026-06-02,spreads|belgium|1.50|away,spreads,Belgium,1.5,away,5.25,1.905,"[""Bet365"", ""Betfair Exchange""]","[""odds_api_io""]",2,65.698,
soccer|belgium|croatia|2026-06-02,spreads|croatia|-1.25|home,spreads,Croatia,-1.25,home,5.25,4.7952,"[""Bet365"", ""Betfair Exchange""]","[""odds_api_io""]",2,3.68,
soccer|belgium|croatia|2026-06-02,spreads|belgium|1.25|away,spreads,Belgium,1.25,away,4.5,1.8874,"[""Bet365"", ""Betfair Exchange""]","[""odds_api_io""]",2,60.422,
soccer|belgium|croatia|2026-06-02,spreads|croatia|-1.00|home,spreads,Croatia,-1.0,home,5.8,4.6959,"[""Bet365"", ""Unibet"", ""Betfair Exchange""]","[""odds_api_io""]",4,7.759,
soccer|belgium|croatia|2026-06-02,spreads|croatia|-0.50|home,spreads,Croatia,-0.5,home,2.72,2.4934,"[""Bet365"", ""Unibet"", ""Betfair Exchange""]","[""odds_api_io""]",3,5.788,
soccer|belgium|croatia|2026-06-02,spreads|belgium|0.50|away,spreads,Belgium,0.5,away,2.5,1.9208,"[""Bet365"", ""Betfair Exchange""]","[""odds_api_io""]",2,23.694,
soccer|belgium|croatia|2026-06-02,spreads|croatia|-0.25|home,spreads,Croatia,-0.25,home,2.35,2.2612,"[""Bet365"", ""Betfair Exchange"", ""Sbobet""]","[""odds_api_io""]",3,3.958,
soccer|belgium|croatia|2026-06-02,spreads|belgium|0.25|away,spreads,Belgium,0.25,away,2.2,1.8093,"[""Bet365"", ""Betfair Exchange"", ""Sbobet""]","[""odds_api_io""]",3,16.657,
soccer|belgium|croatia|2026-06-02,spreads|croatia|0.25|home,spreads,Croatia,0.25,home,1.72,1.656,"[""Bet365"", ""Betfair Exchange"", ""Sbobet""]","[""odds_api_io""]",3,4.36,
soccer|belgium|croatia|2026-06-02,spreads|belgium|-0.25|away,spreads,Belgium,-0.25,away,2.37,2.0696,"[""Bet365"", ""Betfair Exchange"", ""Sbobet""]","[""odds_api_io""]",3,17.507,
soccer|belgium|croatia|2026-06-02,spreads|croatia|0.50|home,spreads,Croatia,0.5,home,1.56,1.5137,"[""Bet365"", ""Unibet"", ""Betfair Exchange""]","[""odds_api_io""]",3,3.465,
soccer|belgium|croatia|2026-06-02,spreads|belgium|-0.50|away,spreads,Belgium,-0.5,away,2.74,2.1585,"[""Bet365"", ""Unibet"", ""Betfair Exchange""]","[""odds_api_io""]",4,29.077,
soccer|belgium|croatia|2026-06-02,spreads|belgium|-1.00|away,spreads,Belgium,-1.0,away,5.6,2.8477,"[""Bet365"", ""Unibet"", ""Betfair Exchange""]","[""odds_api_io""]",4,63.444,
soccer|belgium|croatia|2026-06-02,spreads|croatia|1.25|home,spreads,Croatia,1.25,home,1.21,1.2001,"[""Bet365"", ""Betfair Exchange""]","[""odds_api_io""]",2,1.389,
soccer|belgium|croatia|2026-06-02,spreads|belgium|-1.25|away,spreads,Belgium,-1.25,away,5.13,1.9672,"[""Bet365"", ""Betfair Exchange""]","[""odds_api_io""]",2,63.84,
soccer|belgium|croatia|2026-06-02,spreads|croatia|1.50|home,spreads,Croatia,1.5,home,1.19,1.1751,"[""Bet365"", ""Betfair Exchange""]","[""odds_api_io""]",2,2.173,
soccer|belgium|croatia|2026-06-02,spreads|belgium|-1.50|away,spreads,Belgium,-1.5,away,5.67,1.9632,"[""Bet365"", ""Betfair Exchange""]","[""odds_api_io""]",2,67.833,
soccer|belgium|croatia|2026-06-02,spreads|croatia|1.75|home,spreads,Croatia,1.75,home,1.13,1.1176,"[""Bet365"", ""Betfair Exchange""]","[""odds_api_io""]",2,2.002,
soccer|belgium|croatia|2026-06-02,spreads|belgium|-1.75|away,spreads,Belgium,-1.75,away,7.65,1.9654,"[""Bet365"", ""Betfair Exchange""]","[""odds_api_io""]",2,77.018,
soccer|belgium|croatia|2026-06-02,spreads|croatia|-0.75|home,spreads,Croatia,-0.75,home,3.34,3.164,"[""Bet365"", ""Betfair Exchange""]","[""odds_api_io""]",2,3.393,
soccer|belgium|croatia|2026-06-02,spreads|belgium|0.75|away,spreads,Belgium,0.75,away,3.0,1.9059,"[""Bet365"", ""Betfair Exchange""]","[""odds_api_io""]",2,37.589,
soccer|belgium|croatia|2026-06-02,spreads|croatia|0.75|home,spreads,Croatia,0.75,home,1.41,1.3926,"[""Bet365"", ""Betfair Exchange""]","[""odds_api_io""]",2,1.805,
soccer|belgium|croatia|2026-06-02,spreads|belgium|-0.75|away,spreads,Belgium,-0.75,away,3.34,1.9629,"[""Bet365"", ""Betfair Exchange""]","[""odds_api_io""]",2,42.787,
soccer|belgium|croatia|2026-06-02,teamTotals|over|1.50|,teamTotals,Over,1.5,,2.25,2.25,"[""Bet365"", ""Unibet""]","[""odds_api_io""]",2,,
soccer|belgium|croatia|2026-06-02,teamTotals|under|1.50|,teamTotals,Under,1.5,,1.571,1.5605,"[""Bet365"", ""Unibet""]","[""odds_api_io""]",3,0.862,
soccer|belgium|croatia|2026-06-02,teamTotals|over|2.50|,teamTotals,Over,2.5,,5.5,5.1959,"[""Bet365"", ""Unibet""]","[""odds_api_io""]",3,1.818,
soccer|belgium|croatia|2026-06-02,teamTotals|under|2.50|,teamTotals,Under,2.5,,1.142,1.1312,"[""Bet365"", ""Unibet""]","[""odds_api_io""]",2,1.72,
soccer|belgium|croatia|2026-06-02,teamTotals|over|3.50|,teamTotals,Over,3.5,,15.0,13.44,"[""Bet365"", ""Unibet""]","[""odds_api_io""]",3,1.333,
soccer|belgium|croatia|2026-06-02,teamTotals|under|3.50|,teamTotals,Under,3.5,,1.03,1.03,"[""Bet365""]","[""odds_api_io""]",1,,
soccer|belgium|croatia|2026-06-02,teamTotals|over|4.50|,teamTotals,Over,4.5,,34.0,34.0,"[""Bet365""]","[""odds_api_io""]",1,,
soccer|belgium|croatia|2026-06-02,teamTotals|under|4.50|,teamTotals,Under,4.5,,1.005,1.005,"[""Bet365""]","[""odds_api_io""]",1,,
soccer|belgium|croatia|2026-06-02,teamTotals|over|0.50|,teamTotals,Over,0.5,,1.285,1.2513,"[""Bet365"", ""Unibet""]","[""odds_api_io""]",4,3.48,
soccer|belgium|croatia|2026-06-02,teamTotals|under|0.50|,teamTotals,Under,0.5,,3.75,3.6102,"[""Bet365"", ""Unibet""]","[""odds_api_io""]",4,1.905,
soccer|belgium|croatia|2026-06-02,doubleChance|1x||,doubleChance,1X,,,1.56,1.4178,"[""Unibet"", ""Betfair Exchange""]","[""odds_api_io""]",2,13.417,
soccer|belgium|croatia|2026-06-02,doubleChance|12||,doubleChance,12,,,1.56,1.449,"[""Unibet"", ""Betfair Exchange""]","[""odds_api_io""]",2,9.427,
soccer|belgium|croatia|2026-06-02,doubleChance|x2||,doubleChance,X2,,,1.57,1.4279,"[""Unibet"", ""Betfair Exchange""]","[""odds_api_io""]",2,13.229,
soccer|belgium|croatia|2026-06-02,totals|over|0.50|,totals,Over,0.5,,1.06,1.0354,"[""Unibet"", ""Betfair Exchange""]","[""odds_api_io""]",2,4.67,
soccer|belgium|croatia|2026-06-02,totals|under|0.50|,totals,Under,0.5,,15.5,12.96,"[""Unibet"", ""Betfair Exchange""]","[""odds_api_io""]",2,2.639,
soccer|belgium|croatia|2026-06-02,totals|over|5.50|,totals,Over,5.5,,14.0,12.9648,"[""Unibet"", ""Betfair Exchange""]","[""odds_api_io""]",2,1.19,
soccer|belgium|croatia|2026-06-02,totals|under|5.50|,totals,Under,5.5,,1.06,1.0354,"[""Unibet"", ""Betfair Exchange""]","[""odds_api_io""]",2,4.67,
soccer|belgium|croatia|2026-06-02,totals|over|3.50|,totals,Over,3.5,,3.12,3.0234,"[""Unibet"", ""Betfair Exchange"", ""betsson"", ""bzzoiro-consensus""]","[""odds_api_io"", ""bzzoiro""]",4,2.195,
soccer|belgium|croatia|2026-06-02,totals|under|3.50|,totals,Under,3.5,,1.46,1.3903,"[""Unibet"", ""Betfair Exchange"", ""bzzoiro-consensus""]","[""odds_api_io"", ""bzzoiro""]",3,6.134,
soccer|belgium|croatia|2026-06-02,totals|over|1.50|,totals,Over,1.5,,1.27,1.2504,"[""Unibet"", ""Betfair Exchange"", ""bzzoiro-consensus""]","[""odds_api_io"", ""bzzoiro""]",3,2.561,
soccer|belgium|croatia|2026-06-02,totals|under|1.50|,totals,Under,1.5,,4.33,3.9222,"[""Unibet"", ""Betfair Exchange"", ""pinnacle"", ""bzzoiro-consensus""]","[""odds_api_io"", ""bzzoiro""]",4,4.153,
soccer|belgium|croatia|2026-06-02,totals|over|4.50|,totals,Over,4.5,,6.4,6.0978,"[""Unibet"", ""Betfair Exchange""]","[""odds_api_io""]",2,1.616,
soccer|belgium|croatia|2026-06-02,totals|under|4.50|,totals,Under,4.5,,1.18,1.1403,"[""Unibet"", ""Betfair Exchange""]","[""odds_api_io""]",2,6.163,
soccer|belgium|croatia|2026-06-02,spreads|croatia|-4.00|home,spreads,Croatia,-4.0,home,5.5,5.5,"[""Unibet""]","[""odds_api_io""]",1,,
soccer|belgium|croatia|2026-06-02,spreads|belgium|4.00|away,spreads,Belgium,4.0,away,1.14,1.14,"[""Unibet""]","[""odds_api_io""]",1,,
soccer|belgium|croatia|2026-06-02,spreads|croatia|-3.00|home,spreads,Croatia,-3.0,home,46.0,10.8636,"[""Unibet"", ""Betfair Exchange""]","[""odds_api_io""]",3,22.216,
soccer|belgium|croatia|2026-06-02,spreads|croatia|3.00|home,spreads,Croatia,3.0,home,1.26,1.0962,"[""Unibet"", ""Betfair Exchange""]","[""odds_api_io""]",3,19.645,
soccer|belgium|croatia|2026-06-02,spreads|belgium|-3.00|away,spreads,Belgium,-3.0,away,40.0,10.3854,"[""Unibet"", ""Betfair Exchange""]","[""odds_api_io""]",3,22.5,
soccer|belgium|croatia|2026-06-02,spreads|croatia|4.00|home,spreads,Croatia,4.0,home,1.15,1.15,"[""Unibet""]","[""odds_api_io""]",1,,
soccer|belgium|croatia|2026-06-02,spreads|belgium|-4.00|away,spreads,Belgium,-4.0,away,5.4,5.4,"[""Unibet""]","[""odds_api_io""]",1,,
soccer|belgium|croatia|2026-06-02,spreads|belgium|-0.00|away,spreads,Belgium,-0.0,away,2.0,1.9802,"[""Betfair Exchange"", ""Sbobet""]","[""odds_api_io""]",2,1.02,
soccer|belgium|croatia|2026-06-02,spreads|croatia|3.50|home,spreads,Croatia,3.5,home,1.01,1.01,"[""Betfair Exchange""]","[""odds_api_io""]",1,,
soccer|belgium|croatia|2026-06-02,spreads|belgium|-3.50|away,spreads,Belgium,-3.5,away,40.0,40.0,"[""Betfair Exchange""]","[""odds_api_io""]",1,,
soccer|belgium|croatia|2026-06-02,spreads|croatia|2.25|home,spreads,Croatia,2.25,home,1.06,1.06,"[""Betfair Exchange""]","[""odds_api_io""]",1,,
soccer|belgium|croatia|2026-06-02,spreads|belgium|-2.25|away,spreads,Belgium,-2.25,away,12.81,12.81,"[""Betfair Exchange""]","[""odds_api_io""]",1,,
soccer|belgium|croatia|2026-06-02,spreads|croatia|3.25|home,spreads,Croatia,3.25,home,1.01,1.01,"[""Betfair Exchange""]","[""odds_api_io""]",1,,
soccer|belgium|croatia|2026-06-02,spreads|belgium|-3.25|away,spreads,Belgium,-3.25,away,39.07,39.07,"[""Betfair Exchange""]","[""odds_api_io""]",1,,
soccer|belgium|croatia|2026-06-02,spreads|croatia|2.50|home,spreads,Croatia,2.5,home,1.06,1.06,"[""Betfair Exchange""]","[""odds_api_io""]",1,,
soccer|belgium|croatia|2026-06-02,spreads|belgium|-2.50|away,spreads,Belgium,-2.5,away,13.5,13.5,"[""Betfair Exchange""]","[""odds_api_io""]",1,,
soccer|belgium|croatia|2026-06-02,spreads|croatia|2.75|home,spreads,Croatia,2.75,home,1.03,1.03,"[""Betfair Exchange""]","[""odds_api_io""]",1,,
soccer|belgium|croatia|2026-06-02,spreads|belgium|-2.75|away,spreads,Belgium,-2.75,away,19.69,19.69,"[""Betfair Exchange""]","[""odds_api_io""]",1,,
soccer|belgium|croatia|2026-06-02,spreads|croatia|-2.25|home,spreads,Croatia,-2.25,home,14.67,14.67,"[""Betfair Exchange""]","[""odds_api_io""]",1,,
soccer|belgium|croatia|2026-06-02,spreads|belgium|2.25|away,spreads,Belgium,2.25,away,1.05,1.05,"[""Betfair Exchange""]","[""odds_api_io""]",1,,
soccer|belgium|croatia|2026-06-02,spreads|croatia|-2.50|home,spreads,Croatia,-2.5,home,15.5,15.5,"[""Betfair Exchange""]","[""odds_api_io""]",1,,
soccer|belgium|croatia|2026-06-02,spreads|belgium|2.50|away,spreads,Belgium,2.5,away,1.05,1.05,"[""Betfair Exchange""]","[""odds_api_io""]",1,,
soccer|belgium|croatia|2026-06-02,spreads|croatia|-3.50|home,spreads,Croatia,-3.5,home,46.0,46.0,"[""Betfair Exchange""]","[""odds_api_io""]",1,,
soccer|belgium|croatia|2026-06-02,spreads|belgium|3.50|away,spreads,Belgium,3.5,away,1.01,1.01,"[""Betfair Exchange""]","[""odds_api_io""]",1,,
soccer|belgium|croatia|2026-06-02,spreads|croatia|-2.75|home,spreads,Croatia,-2.75,home,22.69,22.69,"[""Betfair Exchange""]","[""odds_api_io""]",1,,
soccer|belgium|croatia|2026-06-02,spreads|belgium|2.75|away,spreads,Belgium,2.75,away,1.03,1.03,"[""Betfair Exchange""]","[""odds_api_io""]",1,,
soccer|belgium|croatia|2026-06-02,spreads|croatia|-3.25|home,spreads,Croatia,-3.25,home,45.01,45.01,"[""Betfair Exchange""]","[""odds_api_io""]",1,,
soccer|belgium|croatia|2026-06-02,spreads|belgium|3.25|away,spreads,Belgium,3.25,away,1.01,1.01,"[""Betfair Exchange""]","[""odds_api_io""]",1,,
soccer|belgium|croatia|2026-06-02,totals|over|2.25|,totals,Over,2.25,,1.61,1.6051,"[""Betfair Exchange"", ""Sbobet""]","[""odds_api_io""]",2,0.388,
soccer|belgium|croatia|2026-06-02,totals|under|2.25|,totals,Under,2.25,,2.53,2.4008,"[""Betfair Exchange"", ""Sbobet""]","[""odds_api_io""]",2,4.334,
soccer|belgium|croatia|2026-06-02,totals|over|1.00|,totals,Over,1.0,,1.07,1.07,"[""Betfair Exchange""]","[""odds_api_io""]",1,,
soccer|belgium|croatia|2026-06-02,totals|under|1.00|,totals,Under,1.0,,12.11,12.11,"[""Betfair Exchange""]","[""odds_api_io""]",1,,
soccer|belgium|croatia|2026-06-02,totals|over|1.75|,totals,Over,1.75,,1.32,1.32,"[""Betfair Exchange""]","[""odds_api_io""]",1,,
soccer|belgium|croatia|2026-06-02,totals|under|1.75|,totals,Under,1.75,,3.71,3.71,"[""Betfair Exchange""]","[""odds_api_io""]",1,,
soccer|belgium|croatia|2026-06-02,totals|over|1.25|,totals,Over,1.25,,1.17,1.17,"[""Betfair Exchange""]","[""odds_api_io""]",1,,
soccer|belgium|croatia|2026-06-02,totals|under|1.25|,totals,Under,1.25,,6.12,6.12,"[""Betfair Exchange""]","[""odds_api_io""]",1,,
soccer|belgium|croatia|2026-06-02,totals|over|2.00|,totals,Over,2.0,,1.39,1.39,"[""Betfair Exchange""]","[""odds_api_io""]",1,,
soccer|belgium|croatia|2026-06-02,totals|under|2.00|,totals,Under,2.0,,3.27,3.27,"[""Betfair Exchange""]","[""odds_api_io""]",1,,
soccer|belgium|croatia|2026-06-02,totals|over|0.75|,totals,Over,0.75,,1.06,1.06,"[""Betfair Exchange""]","[""odds_api_io""]",1,,
soccer|belgium|croatia|2026-06-02,totals|under|0.75|,totals,Under,0.75,,13.15,13.15,"[""Betfair Exchange""]","[""odds_api_io""]",1,,
soccer|belgium|croatia|2026-06-02,totals|over|3.75|,totals,Over,3.75,,3.85,3.85,"[""Betfair Exchange""]","[""odds_api_io""]",1,,
soccer|belgium|croatia|2026-06-02,totals|under|3.75|,totals,Under,3.75,,1.32,1.32,"[""Betfair Exchange""]","[""odds_api_io""]",1,,
soccer|belgium|croatia|2026-06-02,totals|over|4.75|,totals,Over,4.75,,8.41,8.41,"[""Betfair Exchange""]","[""odds_api_io""]",1,,
soccer|belgium|croatia|2026-06-02,totals|under|4.75|,totals,Under,4.75,,1.11,1.11,"[""Betfair Exchange""]","[""odds_api_io""]",1,,
soccer|belgium|croatia|2026-06-02,totals|over|3.00|,totals,Over,3.0,,2.42,2.42,"[""Betfair Exchange""]","[""odds_api_io""]",1,,
soccer|belgium|croatia|2026-06-02,totals|under|3.00|,totals,Under,3.0,,1.66,1.66,"[""Betfair Exchange""]","[""odds_api_io""]",1,,
soccer|belgium|croatia|2026-06-02,totals|over|4.25|,totals,Over,4.25,,5.87,5.87,"[""Betfair Exchange""]","[""odds_api_io""]",1,,
soccer|belgium|croatia|2026-06-02,totals|under|4.25|,totals,Under,4.25,,1.19,1.19,"[""Betfair Exchange""]","[""odds_api_io""]",1,,
soccer|belgium|croatia|2026-06-02,totals|over|3.25|,totals,Over,3.25,,2.77,2.77,"[""Betfair Exchange""]","[""odds_api_io""]",1,,
soccer|belgium|croatia|2026-06-02,totals|under|3.25|,totals,Under,3.25,,1.54,1.54,"[""Betfair Exchange""]","[""odds_api_io""]",1,,
soccer|belgium|croatia|2026-06-02,totals|over|4.00|,totals,Over,4.0,,5.35,5.35,"[""Betfair Exchange""]","[""odds_api_io""]",1,,
soccer|belgium|croatia|2026-06-02,totals|under|4.00|,totals,Under,4.0,,1.21,1.21,"[""Betfair Exchange""]","[""odds_api_io""]",1,,
soccer|belgium|croatia|2026-06-02,totals|over|5.00|,totals,Over,5.0,,12.81,12.81,"[""Betfair Exchange""]","[""odds_api_io""]",1,,
soccer|belgium|croatia|2026-06-02,totals|under|5.00|,totals,Under,5.0,,1.07,1.07,"[""Betfair Exchange""]","[""odds_api_io""]",1,,
soccer|belgium|croatia|2026-06-02,totals|over|5.25|,totals,Over,5.25,,13.4,13.4,"[""Betfair Exchange""]","[""odds_api_io""]",1,,
soccer|belgium|croatia|2026-06-02,totals|under|5.25|,totals,Under,5.25,,1.06,1.06,"[""Betfair Exchange""]","[""odds_api_io""]",1,,
soccer|belgium|croatia|2026-06-02,totals|over|5.75|,totals,Over,5.75,,19.71,19.71,"[""Betfair Exchange""]","[""odds_api_io""]",1,,
soccer|belgium|croatia|2026-06-02,totals|under|5.75|,totals,Under,5.75,,1.01,1.01,"[""Betfair Exchange""]","[""odds_api_io""]",1,,
soccer|belgium|croatia|2026-06-02,totals|over|6.00|,totals,Over,6.0,,34.42,34.42,"[""Betfair Exchange""]","[""odds_api_io""]",1,,
soccer|belgium|croatia|2026-06-02,totals|under|6.00|,totals,Under,6.0,,1.01,1.01,"[""Betfair Exchange""]","[""odds_api_io""]",1,,
soccer|belgium|croatia|2026-06-02,totals|over|6.25|,totals,Over,6.25,,35.21,35.21,"[""Betfair Exchange""]","[""odds_api_io""]",1,,
soccer|belgium|croatia|2026-06-02,totals|under|6.25|,totals,Under,6.25,,1.01,1.01,"[""Betfair Exchange""]","[""odds_api_io""]",1,,
soccer|belgium|croatia|2026-06-02,totals|over|6.50|,totals,Over,6.5,,36.0,36.0,"[""Betfair Exchange""]","[""odds_api_io""]",1,,
soccer|belgium|croatia|2026-06-02,totals|under|6.50|,totals,Under,6.5,,1.01,1.01,"[""Betfair Exchange""]","[""odds_api_io""]",1,,
soccer|belgium|croatia|2026-06-02,totals|over|7.75|,totals,Over,7.75,,146.55,146.55,"[""Betfair Exchange""]","[""odds_api_io""]",1,,
soccer|belgium|croatia|2026-06-02,totals|under|7.75|,totals,Under,7.75,,1.09,1.09,"[""Betfair Exchange""]","[""odds_api_io""]",1,,
soccer|belgium|croatia|2026-06-02,totals|under|25.00|,totals,Under,25.0,,2.051,1.9982,"[""1xbet"", ""under@2.5""]","[""bzzoiro""]",2,2.525,
soccer|belgium|croatia|2026-06-02,totals|over|25.00|,totals,Over,25.0,,1.877,1.8369,"[""1xbet"", ""over@2.5""]","[""bzzoiro""]",2,2.279,
soccer|belgium|croatia|2026-06-02,totals|under|15.00|,totals,Under,15.0,,3.91,3.7951,"[""pinnacle"", ""under@1.5""]","[""bzzoiro""]",2,1.673,
soccer|belgium|croatia|2026-06-02,totals|over|35.00|,totals,Over,35.0,,3.05,2.9839,"[""betsson"", ""over@3.5""]","[""bzzoiro""]",2,1.46,
soccer|belgium|croatia|2026-06-02,totals|over|15.00|,totals,Over,15.0,,1.25,1.25,"[""over@1.5""]","[""bzzoiro""]",1,,
soccer|belgium|croatia|2026-06-02,totals|under|35.00|,totals,Under,35.0,,1.37,1.37,"[""under@3.5""]","[""bzzoiro""]",1,,
soccer|belgium|croatia|2026-06-02,totals|over||,totals,Over,,,14.5,2.128,"[""over@0.5"", ""over@4.5"", ""over@5.5"", ""over@6.5"", ""over@7.5"", ""over@8.5"", ""over@9.0"", ""over@9.5"", ""over@10.0"", ""over@10.5"", ""over@11.5"", ""over@12.5"", ""over@13.5"", ""over@14.5"", ""over@15.5"", ""over@16.5"", ""over@8.0""]","[""bzzoiro""]",17,92.113,
soccer|belgium|croatia|2026-06-02,totals|under||,totals,Under,,,12.25,1.6502,"[""under@0.5"", ""under@4.5"", ""under@5.5"", ""under@6.5"", ""under@7.5"", ""under@8.5"", ""under@9.0"", ""under@9.5"", ""under@10.0"", ""under@10.5"", ""under@11.5"", ""under@12.5"", ""under@13.5"", ""under@14.5"", ""under@15.5"", ""under@8.0"", ""under@16.5""]","[""bzzoiro""]",17,91.737,
soccer|martin ledesma|sportivo iteno|2026-06-02,h2h|sportivo iteno||home,h2h,Sportivo Iteno,,home,2.9,2.3819,"[""Bet365"", ""Unibet"", ""Betfair Exchange""]","[""odds_api_io""]",3,21.073,
soccer|martin ledesma|sportivo iteno|2026-06-02,h2h|draw||,h2h,Draw,,,3.3,3.1816,"[""Bet365"", ""Unibet"", ""Betfair Exchange""]","[""odds_api_io""]",3,3.03,
soccer|martin ledesma|sportivo iteno|2026-06-02,h2h|martin ledesma||away,h2h,Martin Ledesma,,away,2.32,2.2835,"[""Bet365"", ""Unibet"", ""Betfair Exchange""]","[""odds_api_io""]",3,1.341,
soccer|martin ledesma|sportivo iteno|2026-06-02,dnb|sportivo iteno|0.00|home,dnb,Sportivo Iteno,0.0,home,2.2,1.6425,"[""Bet365"", ""Betfair Exchange""]","[""odds_api_io""]",2,30.303,
soccer|martin ledesma|sportivo iteno|2026-06-02,dnb|martin ledesma|0.00|away,dnb,Martin Ledesma,0.0,away,1.74,1.6763,"[""Bet365"", ""Betfair Exchange""]","[""odds_api_io""]",2,4.448,
soccer|martin ledesma|sportivo iteno|2026-06-02,spreads|sportivo iteno|0.25|home,spreads,Sportivo Iteno,0.25,home,1.825,1.4858,"[""Bet365"", ""Betfair Exchange""]","[""odds_api_io""]",2,24.571,
soccer|martin ledesma|sportivo iteno|2026-06-02,spreads|martin ledesma|-0.25|away,spreads,Martin Ledesma,-0.25,away,2.03,2.0026,"[""Bet365"", ""Betfair Exchange""]","[""odds_api_io""]",2,1.372,
soccer|martin ledesma|sportivo iteno|2026-06-02,totals|over|2.25|,totals,Over,2.25,,1.92,1.9101,"[""Bet365"", ""Betfair Exchange""]","[""odds_api_io""]",2,0.548,
soccer|martin ledesma|sportivo iteno|2026-06-02,totals|under|2.25|,totals,Under,2.25,,1.9,1.7926,"[""Bet365"", ""Betfair Exchange""]","[""odds_api_io""]",2,6.192,
soccer|martin ledesma|sportivo iteno|2026-06-02,totals|over|2.50|,totals,Over,2.5,,2.22,2.1504,"[""Bet365"", ""Unibet"", ""Betfair Exchange""]","[""odds_api_io""]",3,3.032,
soccer|martin ledesma|sportivo iteno|2026-06-02,totals|under|2.50|,totals,Under,2.5,,1.71,1.6624,"[""Bet365"", ""Unibet"", ""Betfair Exchange""]","[""odds_api_io""]",3,3.632,
soccer|martin ledesma|sportivo iteno|2026-06-02,spreads|sportivo iteno|-1.50|home,spreads,Sportivo Iteno,-1.5,home,6.0,1.7069,"[""Bet365"", ""Betfair Exchange""]","[""odds_api_io""]",2,82.343,
soccer|martin ledesma|sportivo iteno|2026-06-02,spreads|martin ledesma|1.50|away,spreads,Martin Ledesma,1.5,away,4.15,1.6197,"[""Bet365"", ""Betfair Exchange""]","[""odds_api_io""]",2,73.943,
soccer|martin ledesma|sportivo iteno|2026-06-02,spreads|sportivo iteno|-1.25|home,spreads,Sportivo Iteno,-1.25,home,5.75,1.6966,"[""Bet365"", ""Betfair Exchange""]","[""odds_api_io""]",2,81.619,
soccer|martin ledesma|sportivo iteno|2026-06-02,spreads|martin ledesma|1.25|away,spreads,Martin Ledesma,1.25,away,3.8,1.5916,"[""Bet365"", ""Betfair Exchange""]","[""odds_api_io""]",2,71.723,
soccer|martin ledesma|sportivo iteno|2026-06-02,spreads|sportivo iteno|-1.00|home,spreads,Sportivo Iteno,-1.0,home,5.25,1.6735,"[""Bet365"", ""Betfair Exchange""]","[""odds_api_io""]",2,79.962,
soccer|martin ledesma|sportivo iteno|2026-06-02,spreads|martin ledesma|1.00|away,spreads,Martin Ledesma,1.0,away,3.45,1.5279,"[""Bet365"", ""Betfair Exchange""]","[""odds_api_io""]",3,69.054,
soccer|martin ledesma|sportivo iteno|2026-06-02,spreads|sportivo iteno|-0.75|home,spreads,Sportivo Iteno,-0.75,home,3.55,1.5568,"[""Bet365"", ""Betfair Exchange""]","[""odds_api_io""]",2,70.841,
soccer|martin ledesma|sportivo iteno|2026-06-02,spreads|martin ledesma|0.75|away,spreads,Martin Ledesma,0.75,away,2.6,1.6684,"[""Bet365"", ""Betfair Exchange""]","[""odds_api_io""]",2,42.184,
soccer|martin ledesma|sportivo iteno|2026-06-02,spreads|sportivo iteno|-0.50|home,spreads,Sportivo Iteno,-0.5,home,3.0,2.2398,"[""Bet365"", ""Betfair Exchange""]","[""odds_api_io""]",2,22.222,
soccer|martin ledesma|sportivo iteno|2026-06-02,spreads|martin ledesma|0.50|away,spreads,Martin Ledesma,0.5,away,2.25,1.7715,"[""Bet365"", ""Betfair Exchange""]","[""odds_api_io""]",2,23.583,
soccer|martin ledesma|sportivo iteno|2026-06-02,spreads|sportivo iteno|-0.25|home,spreads,Sportivo Iteno,-0.25,home,2.5,1.4277,"[""Bet365"", ""Betfair Exchange""]","[""odds_api_io""]",2,59.01,
soccer|martin ledesma|sportivo iteno|2026-06-02,spreads|martin ledesma|0.25|away,spreads,Martin Ledesma,0.25,away,1.57,1.5348,"[""Bet365"", ""Betfair Exchange""]","[""odds_api_io""]",2,2.972,
soccer|martin ledesma|sportivo iteno|2026-06-02,spreads|sportivo iteno|0.00|home,spreads,Sportivo Iteno,0.0,home,2.2,1.6425,"[""Bet365"", ""Betfair Exchange""]","[""odds_api_io""]",2,30.303,
soccer|martin ledesma|sportivo iteno|2026-06-02,spreads|martin ledesma|-0.00|away,spreads,Martin Ledesma,-0.0,away,1.74,1.6946,"[""Bet365"", ""Betfair Exchange""]","[""odds_api_io""]",2,3.135,
soccer|martin ledesma|sportivo iteno|2026-06-02,spreads|sportivo iteno|0.50|home,spreads,Sportivo Iteno,0.5,home,1.625,1.3901,"[""Bet365"", ""Betfair Exchange""]","[""odds_api_io""]",2,20.429,
soccer|martin ledesma|sportivo iteno|2026-06-02,spreads|martin ledesma|-0.50|away,spreads,Martin Ledesma,-0.5,away,2.32,1.7347,"[""Bet365"", ""Betfair Exchange""]","[""odds_api_io""]",2,29.624,
soccer|martin ledesma|sportivo iteno|2026-06-02,spreads|sportivo iteno|0.75|home,spreads,Sportivo Iteno,0.75,home,1.475,1.2701,"[""Bet365"", ""Betfair Exchange""]","[""odds_api_io""]",2,21.489,
soccer|martin ledesma|sportivo iteno|2026-06-02,spreads|martin ledesma|-0.75|away,spreads,Martin Ledesma,-0.75,away,2.32,1.6544,"[""Bet365"", ""Betfair Exchange""]","[""odds_api_io""]",2,35.328,
soccer|martin ledesma|sportivo iteno|2026-06-02,spreads|sportivo iteno|1.00|home,spreads,Sportivo Iteno,1.0,home,1.3,1.1706,"[""Bet365"", ""Betfair Exchange""]","[""odds_api_io""]",3,20.164,
soccer|martin ledesma|sportivo iteno|2026-06-02,spreads|martin ledesma|-1.00|away,spreads,Martin Ledesma,-1.0,away,2.32,1.5561,"[""Bet365"", ""Betfair Exchange""]","[""odds_api_io""]",2,43.103,
soccer|martin ledesma|sportivo iteno|2026-06-02,spreads|sportivo iteno|1.25|home,spreads,Sportivo Iteno,1.25,home,1.25,1.1274,"[""Bet365"", ""Betfair Exchange""]","[""odds_api_io""]",2,17.087,
soccer|martin ledesma|sportivo iteno|2026-06-02,spreads|martin ledesma|-1.25|away,spreads,Martin Ledesma,-1.25,away,2.32,1.5383,"[""Bet365"", ""Betfair Exchange""]","[""odds_api_io""]",2,44.616,
soccer|martin ledesma|sportivo iteno|2026-06-02,spreads|sportivo iteno|1.50|home,spreads,Sportivo Iteno,1.5,home,1.22,1.1153,"[""Bet365"", ""Betfair Exchange""]","[""odds_api_io""]",2,15.12,
soccer|martin ledesma|sportivo iteno|2026-06-02,spreads|martin ledesma|-1.50|away,spreads,Martin Ledesma,-1.5,away,2.32,1.5249,"[""Bet365"", ""Betfair Exchange""]","[""odds_api_io""]",2,45.785,
soccer|martin ledesma|sportivo iteno|2026-06-02,spreads|sportivo iteno|1.75|home,spreads,Sportivo Iteno,1.75,home,1.15,1.0799,"[""Bet365"", ""Betfair Exchange""]","[""odds_api_io""]",2,11.083,
soccer|martin ledesma|sportivo iteno|2026-06-02,spreads|martin ledesma|-1.75|away,spreads,Martin Ledesma,-1.75,away,5.5,3.2395,"[""Bet365"", ""Betfair Exchange""]","[""odds_api_io""]",2,24.922,
soccer|martin ledesma|sportivo iteno|2026-06-02,totals|over|1.50|,totals,Over,1.5,,1.4,1.3756,"[""Unibet"", ""Betfair Exchange""]","[""odds_api_io""]",2,2.646,
soccer|martin ledesma|sportivo iteno|2026-06-02,totals|under|1.50|,totals,Under,1.5,,3.1,2.9486,"[""Unibet"", ""Betfair Exchange""]","[""odds_api_io""]",2,3.456,
soccer|martin ledesma|sportivo iteno|2026-06-02,totals|over|3.50|,totals,Over,3.5,,3.7,2.8478,"[""Unibet"", ""Betfair Exchange""]","[""odds_api_io""]",2,15.526,
soccer|martin ledesma|sportivo iteno|2026-06-02,totals|under|3.50|,totals,Under,3.5,,1.21,1.1995,"[""Unibet"", ""Betfair Exchange""]","[""odds_api_io""]",2,1.389,
soccer|martin ledesma|sportivo iteno|2026-06-02,doubleChance|1x||,doubleChance,1X,,,1.22,1.22,"[""Betfair Exchange""]","[""odds_api_io""]",1,,
soccer|martin ledesma|sportivo iteno|2026-06-02,doubleChance|12||,doubleChance,12,,,1.26,1.26,"[""Betfair Exchange""]","[""odds_api_io""]",1,,
soccer|martin ledesma|sportivo iteno|2026-06-02,doubleChance|x2||,doubleChance,X2,,,1.47,1.47,"[""Betfair Exchange""]","[""odds_api_io""]",1,,
soccer|martin ledesma|sportivo iteno|2026-06-02,spreads|sportivo iteno|2.25|home,spreads,Sportivo Iteno,2.25,home,1.02,1.02,"[""Betfair Exchange""]","[""odds_api_io""]",1,,
soccer|martin ledesma|sportivo iteno|2026-06-02,spreads|martin ledesma|-2.25|away,spreads,Martin Ledesma,-2.25,away,2.32,2.32,"[""Betfair Exchange""]","[""odds_api_io""]",1,,
soccer|martin ledesma|sportivo iteno|2026-06-02,spreads|sportivo iteno|-2.75|home,spreads,Sportivo Iteno,-2.75,home,1.01,1.01,"[""Betfair Exchange""]","[""odds_api_io""]",1,,
soccer|martin ledesma|sportivo iteno|2026-06-02,spreads|martin ledesma|2.75|away,spreads,Martin Ledesma,2.75,away,1.01,1.01,"[""Betfair Exchange""]","[""odds_api_io""]",1,,
soccer|martin ledesma|sportivo iteno|2026-06-02,spreads|sportivo iteno|-2.50|home,spreads,Sportivo Iteno,-2.5,home,1.01,1.01,"[""Betfair Exchange""]","[""odds_api_io""]",1,,
soccer|martin ledesma|sportivo iteno|2026-06-02,spreads|martin ledesma|2.50|away,spreads,Martin Ledesma,2.5,away,1.02,1.02,"[""Betfair Exchange""]","[""odds_api_io""]",1,,
soccer|martin ledesma|sportivo iteno|2026-06-02,spreads|sportivo iteno|2.00|home,spreads,Sportivo Iteno,2.0,home,1.03,1.025,"[""Betfair Exchange""]","[""odds_api_io""]",2,0.952,
soccer|martin ledesma|sportivo iteno|2026-06-02,spreads|martin ledesma|-2.00|away,spreads,Martin Ledesma,-2.0,away,2.32,2.32,"[""Betfair Exchange""]","[""odds_api_io""]",1,,
soccer|martin ledesma|sportivo iteno|2026-06-02,spreads|sportivo iteno|2.75|home,spreads,Sportivo Iteno,2.75,home,1.01,1.01,"[""Betfair Exchange""]","[""odds_api_io""]",1,,
soccer|martin ledesma|sportivo iteno|2026-06-02,spreads|martin ledesma|-2.75|away,spreads,Martin Ledesma,-2.75,away,2.32,2.32,"[""Betfair Exchange""]","[""odds_api_io""]",1,,
soccer|martin ledesma|sportivo iteno|2026-06-02,spreads|sportivo iteno|-2.00|home,spreads,Sportivo Iteno,-2.0,home,1.01,1.01,"[""Betfair Exchange""]","[""odds_api_io""]",1,,
soccer|martin ledesma|sportivo iteno|2026-06-02,spreads|martin ledesma|2.00|away,spreads,Martin Ledesma,2.0,away,1.02,1.02,"[""Betfair Exchange""]","[""odds_api_io""]",1,,
soccer|martin ledesma|sportivo iteno|2026-06-02,spreads|sportivo iteno|-2.25|home,spreads,Sportivo Iteno,-2.25,home,1.01,1.01,"[""Betfair Exchange""]","[""odds_api_io""]",1,,
soccer|martin ledesma|sportivo iteno|2026-06-02,spreads|martin ledesma|2.25|away,spreads,Martin Ledesma,2.25,away,1.02,1.02,"[""Betfair Exchange""]","[""odds_api_io""]",1,,
soccer|martin ledesma|sportivo iteno|2026-06-02,spreads|sportivo iteno|2.50|home,spreads,Sportivo Iteno,2.5,home,1.02,1.02,"[""Betfair Exchange""]","[""odds_api_io""]",1,,
soccer|martin ledesma|sportivo iteno|2026-06-02,spreads|martin ledesma|-2.50|away,spreads,Martin Ledesma,-2.5,away,2.32,2.32,"[""Betfair Exchange""]","[""odds_api_io""]",1,,
soccer|martin ledesma|sportivo iteno|2026-06-02,spreads|sportivo iteno|-1.75|home,spreads,Sportivo Iteno,-1.75,home,1.01,1.01,"[""Betfair Exchange""]","[""odds_api_io""]",1,,
soccer|martin ledesma|sportivo iteno|2026-06-02,spreads|martin ledesma|1.75|away,spreads,Martin Ledesma,1.75,away,1.02,1.02,"[""Betfair Exchange""]","[""odds_api_io""]",1,,
soccer|martin ledesma|sportivo iteno|2026-06-02,totals|over|1.75|,totals,Over,1.75,,1.49,1.49,"[""Betfair Exchange""]","[""odds_api_io""]",1,,
soccer|martin ledesma|sportivo iteno|2026-06-02,totals|under|1.75|,totals,Under,1.75,,1.71,1.71,"[""Betfair Exchange""]","[""odds_api_io""]",1,,
soccer|martin ledesma|sportivo iteno|2026-06-02,totals|over|7.25|,totals,Over,7.25,,1.01,1.01,"[""Betfair Exchange""]","[""odds_api_io""]",1,,
soccer|martin ledesma|sportivo iteno|2026-06-02,totals|under|7.25|,totals,Under,7.25,,1.01,1.01,"[""Betfair Exchange""]","[""odds_api_io""]",1,,
soccer|martin ledesma|sportivo iteno|2026-06-02,totals|over|7.50|,totals,Over,7.5,,2.77,2.77,"[""Betfair Exchange""]","[""odds_api_io""]",1,,
soccer|martin ledesma|sportivo iteno|2026-06-02,totals|under|7.50|,totals,Under,7.5,,1.01,1.01,"[""Betfair Exchange""]","[""odds_api_io""]",1,,
soccer|martin ledesma|sportivo iteno|2026-06-02,totals|over|4.75|,totals,Over,4.75,,2.81,2.81,"[""Betfair Exchange""]","[""odds_api_io""]",1,,
soccer|martin ledesma|sportivo iteno|2026-06-02,totals|under|4.75|,totals,Under,4.75,,1.18,1.18,"[""Betfair Exchange""]","[""odds_api_io""]",1,,
soccer|martin ledesma|sportivo iteno|2026-06-02,totals|over|2.00|,totals,Over,2.0,,1.63,1.63,"[""Betfair Exchange""]","[""odds_api_io""]",1,,
soccer|martin ledesma|sportivo iteno|2026-06-02,totals|under|2.00|,totals,Under,2.0,,1.7,1.7,"[""Betfair Exchange""]","[""odds_api_io""]",1,,
soccer|martin ledesma|sportivo iteno|2026-06-02,totals|over|5.50|,totals,Over,5.5,,2.82,2.82,"[""Betfair Exchange""]","[""odds_api_io""]",1,,
soccer|martin ledesma|sportivo iteno|2026-06-02,totals|under|5.50|,totals,Under,5.5,,1.01,1.01,"[""Betfair Exchange""]","[""odds_api_io""]",1,,
soccer|martin ledesma|sportivo iteno|2026-06-02,totals|over|0.75|,totals,Over,0.75,,1.07,1.07,"[""Betfair Exchange""]","[""odds_api_io""]",1,,
soccer|martin ledesma|sportivo iteno|2026-06-02,totals|under|0.75|,totals,Under,0.75,,3.1,3.1,"[""Betfair Exchange""]","[""odds_api_io""]",1,,
soccer|martin ledesma|sportivo iteno|2026-06-02,totals|over|7.00|,totals,Over,7.0,,1.01,1.01,"[""Betfair Exchange""]","[""odds_api_io""]",1,,
soccer|martin ledesma|sportivo iteno|2026-06-02,totals|under|7.00|,totals,Under,7.0,,1.01,1.01,"[""Betfair Exchange""]","[""odds_api_io""]",1,,
soccer|martin ledesma|sportivo iteno|2026-06-02,totals|over|4.25|,totals,Over,4.25,,2.72,2.72,"[""Betfair Exchange""]","[""odds_api_io""]",1,,
soccer|martin ledesma|sportivo iteno|2026-06-02,totals|under|4.25|,totals,Under,4.25,,1.06,1.06,"[""Betfair Exchange""]","[""odds_api_io""]",1,,
soccer|martin ledesma|sportivo iteno|2026-06-02,totals|over|5.25|,totals,Over,5.25,,2.82,2.82,"[""Betfair Exchange""]","[""odds_api_io""]",1,,
soccer|martin ledesma|sportivo iteno|2026-06-02,totals|under|5.25|,totals,Under,5.25,,1.01,1.01,"[""Betfair Exchange""]","[""odds_api_io""]",1,,
soccer|martin ledesma|sportivo iteno|2026-06-02,totals|over|4.50|,totals,Over,4.5,,2.35,2.35,"[""Betfair Exchange""]","[""odds_api_io""]",1,,
soccer|martin ledesma|sportivo iteno|2026-06-02,totals|under|4.50|,totals,Under,4.5,,1.07,1.07,"[""Betfair Exchange""]","[""odds_api_io""]",1,,
soccer|martin ledesma|sportivo iteno|2026-06-02,totals|over|5.00|,totals,Over,5.0,,2.82,2.82,"[""Betfair Exchange""]","[""odds_api_io""]",1,,
soccer|martin ledesma|sportivo iteno|2026-06-02,totals|under|5.00|,totals,Under,5.0,,1.01,1.01,"[""Betfair Exchange""]","[""odds_api_io""]",1,,
soccer|martin ledesma|sportivo iteno|2026-06-02,totals|over|3.25|,totals,Over,3.25,,2.32,2.32,"[""Betfair Exchange""]","[""odds_api_io""]",1,,
soccer|martin ledesma|sportivo iteno|2026-06-02,totals|under|3.25|,totals,Under,3.25,,1.19,1.19,"[""Betfair Exchange""]","[""odds_api_io""]",1,,
soccer|martin ledesma|sportivo iteno|2026-06-02,totals|over|1.00|,totals,Over,1.0,,1.09,1.09,"[""Betfair Exchange""]","[""odds_api_io""]",1,,
soccer|martin ledesma|sportivo iteno|2026-06-02,totals|under|1.00|,totals,Under,1.0,,3.1,3.1,"[""Betfair Exchange""]","[""odds_api_io""]",1,,
soccer|martin ledesma|sportivo iteno|2026-06-02,totals|over|5.75|,totals,Over,5.75,,2.81,2.81,"[""Betfair Exchange""]","[""odds_api_io""]",1,,
soccer|martin ledesma|sportivo iteno|2026-06-02,totals|under|5.75|,totals,Under,5.75,,1.01,1.01,"[""Betfair Exchange""]","[""odds_api_io""]",1,,
soccer|martin ledesma|sportivo iteno|2026-06-02,totals|over|2.75|,totals,Over,2.75,,2.25,2.25,"[""Betfair Exchange""]","[""odds_api_io""]",1,,
soccer|martin ledesma|sportivo iteno|2026-06-02,totals|under|2.75|,totals,Under,2.75,,1.19,1.19,"[""Betfair Exchange""]","[""odds_api_io""]",1,,
soccer|martin ledesma|sportivo iteno|2026-06-02,totals|over|3.00|,totals,Over,3.0,,2.29,2.29,"[""Betfair Exchange""]","[""odds_api_io""]",1,,
soccer|martin ledesma|sportivo iteno|2026-06-02,totals|under|3.00|,totals,Under,3.0,,1.19,1.19,"[""Betfair Exchange""]","[""odds_api_io""]",1,,
soccer|martin ledesma|sportivo iteno|2026-06-02,totals|over|0.50|,totals,Over,0.5,,1.07,1.07,"[""Betfair Exchange""]","[""odds_api_io""]",1,,
soccer|martin ledesma|sportivo iteno|2026-06-02,totals|under|0.50|,totals,Under,0.5,,7.25,7.25,"[""Betfair Exchange""]","[""odds_api_io""]",1,,
soccer|martin ledesma|sportivo iteno|2026-06-02,totals|over|6.75|,totals,Over,6.75,,2.81,2.81,"[""Betfair Exchange""]","[""odds_api_io""]",1,,
soccer|martin ledesma|sportivo iteno|2026-06-02,totals|under|6.75|,totals,Under,6.75,,1.01,1.01,"[""Betfair Exchange""]","[""odds_api_io""]",1,,
soccer|martin ledesma|sportivo iteno|2026-06-02,totals|over|6.00|,totals,Over,6.0,,2.82,2.82,"[""Betfair Exchange""]","[""odds_api_io""]",1,,
soccer|martin ledesma|sportivo iteno|2026-06-02,totals|under|6.00|,totals,Under,6.0,,1.01,1.01,"[""Betfair Exchange""]","[""odds_api_io""]",1,,
soccer|martin ledesma|sportivo iteno|2026-06-02,totals|over|1.25|,totals,Over,1.25,,1.24,1.24,"[""Betfair Exchange""]","[""odds_api_io""]",1,,
soccer|martin ledesma|sportivo iteno|2026-06-02,totals|under|1.25|,totals,Under,1.25,,1.01,1.01,"[""Betfair Exchange""]","[""odds_api_io""]",1,,
soccer|martin ledesma|sportivo iteno|2026-06-02,totals|over|4.00|,totals,Over,4.0,,2.62,2.62,"[""Betfair Exchange""]","[""odds_api_io""]",1,,
soccer|martin ledesma|sportivo iteno|2026-06-02,totals|under|4.00|,totals,Under,4.0,,1.07,1.07,"[""Betfair Exchange""]","[""odds_api_io""]",1,,
soccer|martin ledesma|sportivo iteno|2026-06-02,totals|over|6.25|,totals,Over,6.25,,2.82,2.82,"[""Betfair Exchange""]","[""odds_api_io""]",1,,
soccer|martin ledesma|sportivo iteno|2026-06-02,totals|under|6.25|,totals,Under,6.25,,1.01,1.01,"[""Betfair Exchange""]","[""odds_api_io""]",1,,
soccer|martin ledesma|sportivo iteno|2026-06-02,totals|over|3.75|,totals,Over,3.75,,2.47,2.47,"[""Betfair Exchange""]","[""odds_api_io""]",1,,
soccer|martin ledesma|sportivo iteno|2026-06-02,totals|under|3.75|,totals,Under,3.75,,1.07,1.07,"[""Betfair Exchange""]","[""odds_api_io""]",1,,
soccer|martin ledesma|sportivo iteno|2026-06-02,totals|over|6.50|,totals,Over,6.5,,2.81,2.81,"[""Betfair Exchange""]","[""odds_api_io""]",1,,
soccer|martin ledesma|sportivo iteno|2026-06-02,totals|under|6.50|,totals,Under,6.5,,1.01,1.01,"[""Betfair Exchange""]","[""odds_api_io""]",1,,
soccer|martin ledesma|sportivo iteno|2026-06-02,btts|yes||,btts,Yes,,,1.41,1.41,"[""Betfair Exchange""]","[""odds_api_io""]",1,,
soccer|martin ledesma|sportivo iteno|2026-06-02,btts|no||,btts,No,,,1.12,1.12,"[""Betfair Exchange""]","[""odds_api_io""]",1,,
soccer|martin ledesma|sportivo iteno|2026-06-02,spreads|sportivo iteno|3.00|home,spreads,Sportivo Iteno,3.0,home,1.02,1.02,"[""Betfair Exchange""]","[""odds_api_io""]",1,,
soccer|martin ledesma|sportivo iteno|2026-06-02,spreads|martin ledesma|-3.00|away,spreads,Martin Ledesma,-3.0,away,2.3,2.3,"[""Betfair Exchange""]","[""odds_api_io""]",1,,
soccer|martin ledesma|sportivo iteno|2026-06-02,spreads|sportivo iteno|-3.00|home,spreads,Sportivo Iteno,-3.0,home,1.01,1.01,"[""Betfair Exchange""]","[""odds_api_io""]",1,,
soccer|martin ledesma|sportivo iteno|2026-06-02,spreads|martin ledesma|3.00|away,spreads,Martin Ledesma,3.0,away,1.02,1.02,"[""Betfair Exchange""]","[""odds_api_io""]",1,,
soccer|oulun luistinseura|rovaniemen palloseura|2026-06-02,h2h|rovaniemen palloseura||home,h2h,Rovaniemen Palloseura,,home,2.1,2.1,"[""Betfair Exchange""]","[""odds_api_io""]",1,,
soccer|oulun luistinseura|rovaniemen palloseura|2026-06-02,h2h|draw||,h2h,Draw,,,4.0,4.0,"[""Betfair Exchange""]","[""odds_api_io""]",1,,
soccer|oulun luistinseura|rovaniemen palloseura|2026-06-02,h2h|oulun luistinseura||away,h2h,Oulun Luistinseura,,away,3.4,3.4,"[""Betfair Exchange""]","[""odds_api_io""]",1,,
soccer|oulun luistinseura|rovaniemen palloseura|2026-06-02,dnb|rovaniemen palloseura|0.00|home,dnb,Rovaniemen Palloseura,0.0,home,1.59,1.59,"[""Betfair Exchange""]","[""odds_api_io""]",1,,
soccer|oulun luistinseura|rovaniemen palloseura|2026-06-02,dnb|oulun luistinseura|0.00|away,dnb,Oulun Luistinseura,0.0,away,2.54,2.54,"[""Betfair Exchange""]","[""odds_api_io""]",1,,
soccer|oulun luistinseura|rovaniemen palloseura|2026-06-02,doubleChance|1x||,doubleChance,1X,,,1.39,1.39,"[""Betfair Exchange""]","[""odds_api_io""]",1,,
soccer|oulun luistinseura|rovaniemen palloseura|2026-06-02,doubleChance|12||,doubleChance,12,,,1.31,1.31,"[""Betfair Exchange""]","[""odds_api_io""]",1,,
soccer|oulun luistinseura|rovaniemen palloseura|2026-06-02,doubleChance|x2||,doubleChance,X2,,,1.84,1.84,"[""Betfair Exchange""]","[""odds_api_io""]",1,,
soccer|oulun luistinseura|rovaniemen palloseura|2026-06-02,spreads|rovaniemen palloseura|0.00|home,spreads,Rovaniemen Palloseura,0.0,home,1.59,1.59,"[""Betfair Exchange""]","[""odds_api_io""]",1,,
soccer|oulun luistinseura|rovaniemen palloseura|2026-06-02,spreads|oulun luistinseura|-0.00|away,spreads,Oulun Luistinseura,-0.0,away,2.55,2.55,"[""Betfair Exchange""]","[""odds_api_io""]",1,,
soccer|oulun luistinseura|rovaniemen palloseura|2026-06-02,spreads|rovaniemen palloseura|-0.25|home,spreads,Rovaniemen Palloseura,-0.25,home,1.84,1.84,"[""Betfair Exchange""]","[""odds_api_io""]",1,,
soccer|oulun luistinseura|rovaniemen palloseura|2026-06-02,spreads|oulun luistinseura|0.25|away,spreads,Oulun Luistinseura,0.25,away,2.09,2.09,"[""Betfair Exchange""]","[""odds_api_io""]",1,,
soccer|oulun luistinseura|rovaniemen palloseura|2026-06-02,spreads|rovaniemen palloseura|1.25|home,spreads,Rovaniemen Palloseura,1.25,home,1.15,1.15,"[""Betfair Exchange""]","[""odds_api_io""]",1,,
soccer|oulun luistinseura|rovaniemen palloseura|2026-06-02,spreads|oulun luistinseura|-1.25|away,spreads,Oulun Luistinseura,-1.25,away,5.64,5.64,"[""Betfair Exchange""]","[""odds_api_io""]",1,,
soccer|oulun luistinseura|rovaniemen palloseura|2026-06-02,spreads|rovaniemen palloseura|0.25|home,spreads,Rovaniemen Palloseura,0.25,home,1.47,1.47,"[""Betfair Exchange""]","[""odds_api_io""]",1,,
soccer|oulun luistinseura|rovaniemen palloseura|2026-06-02,spreads|oulun luistinseura|-0.25|away,spreads,Oulun Luistinseura,-0.25,away,2.97,2.97,"[""Betfair Exchange""]","[""odds_api_io""]",1,,
soccer|oulun luistinseura|rovaniemen palloseura|2026-06-02,spreads|rovaniemen palloseura|0.75|home,spreads,Rovaniemen Palloseura,0.75,home,1.28,1.28,"[""Betfair Exchange""]","[""odds_api_io""]",1,,
soccer|oulun luistinseura|rovaniemen palloseura|2026-06-02,spreads|oulun luistinseura|-0.75|away,spreads,Oulun Luistinseura,-0.75,away,4.06,4.06,"[""Betfair Exchange""]","[""odds_api_io""]",1,,
soccer|oulun luistinseura|rovaniemen palloseura|2026-06-02,spreads|rovaniemen palloseura|-0.50|home,spreads,Rovaniemen Palloseura,-0.5,home,2.1,2.1,"[""Betfair Exchange""]","[""odds_api_io""]",1,,
soccer|oulun luistinseura|rovaniemen palloseura|2026-06-02,spreads|oulun luistinseura|0.50|away,spreads,Oulun Luistinseura,0.5,away,1.84,1.84,"[""Betfair Exchange""]","[""odds_api_io""]",1,,
soccer|oulun luistinseura|rovaniemen palloseura|2026-06-02,spreads|rovaniemen palloseura|0.50|home,spreads,Rovaniemen Palloseura,0.5,home,1.39,1.39,"[""Betfair Exchange""]","[""odds_api_io""]",1,,
soccer|oulun luistinseura|rovaniemen palloseura|2026-06-02,spreads|oulun luistinseura|-0.50|away,spreads,Oulun Luistinseura,-0.5,away,3.4,3.4,"[""Betfair Exchange""]","[""odds_api_io""]",1,,
soccer|oulun luistinseura|rovaniemen palloseura|2026-06-02,spreads|rovaniemen palloseura|-1.00|home,spreads,Rovaniemen Palloseura,-1.0,home,3.7,3.2703,"[""Betfair Exchange""]","[""odds_api_io""]",2,7.103,
soccer|oulun luistinseura|rovaniemen palloseura|2026-06-02,spreads|oulun luistinseura|1.00|away,spreads,Oulun Luistinseura,1.0,away,1.84,1.6219,"[""Betfair Exchange""]","[""odds_api_io""]",2,14.618,
soccer|oulun luistinseura|rovaniemen palloseura|2026-06-02,spreads|rovaniemen palloseura|-0.75|home,spreads,Rovaniemen Palloseura,-0.75,home,2.4,2.4,"[""Betfair Exchange""]","[""odds_api_io""]",1,,
soccer|oulun luistinseura|rovaniemen palloseura|2026-06-02,spreads|oulun luistinseura|0.75|away,spreads,Oulun Luistinseura,0.75,away,1.64,1.64,"[""Betfair Exchange""]","[""odds_api_io""]",1,,
soccer|oulun luistinseura|rovaniemen palloseura|2026-06-02,spreads|rovaniemen palloseura|-1.25|home,spreads,Rovaniemen Palloseura,-1.25,home,3.32,3.32,"[""Betfair Exchange""]","[""odds_api_io""]",1,,
soccer|oulun luistinseura|rovaniemen palloseura|2026-06-02,spreads|oulun luistinseura|1.25|away,spreads,Oulun Luistinseura,1.25,away,1.36,1.36,"[""Betfair Exchange""]","[""odds_api_io""]",1,,
soccer|oulun luistinseura|rovaniemen palloseura|2026-06-02,spreads|rovaniemen palloseura|1.00|home,spreads,Rovaniemen Palloseura,1.0,home,1.39,1.2705,"[""Betfair Exchange""]","[""odds_api_io""]",2,13.528,
soccer|oulun luistinseura|rovaniemen palloseura|2026-06-02,spreads|oulun luistinseura|-1.00|away,spreads,Oulun Luistinseura,-1.0,away,6.0,5.6,"[""Betfair Exchange""]","[""odds_api_io""]",2,2.381,
soccer|oulun luistinseura|rovaniemen palloseura|2026-06-02,spreads|rovaniemen palloseura|-2.50|home,spreads,Rovaniemen Palloseura,-2.5,home,6.66,6.66,"[""Betfair Exchange""]","[""odds_api_io""]",1,,
soccer|oulun luistinseura|rovaniemen palloseura|2026-06-02,spreads|oulun luistinseura|2.50|away,spreads,Oulun Luistinseura,2.5,away,1.12,1.12,"[""Betfair Exchange""]","[""odds_api_io""]",1,,
soccer|oulun luistinseura|rovaniemen palloseura|2026-06-02,spreads|rovaniemen palloseura|-1.75|home,spreads,Rovaniemen Palloseura,-1.75,home,4.48,4.48,"[""Betfair Exchange""]","[""odds_api_io""]",1,,
soccer|oulun luistinseura|rovaniemen palloseura|2026-06-02,spreads|oulun luistinseura|1.75|away,spreads,Oulun Luistinseura,1.75,away,1.22,1.22,"[""Betfair Exchange""]","[""odds_api_io""]",1,,
soccer|oulun luistinseura|rovaniemen palloseura|2026-06-02,spreads|rovaniemen palloseura|1.50|home,spreads,Rovaniemen Palloseura,1.5,home,1.14,1.14,"[""Betfair Exchange""]","[""odds_api_io""]",1,,
soccer|oulun luistinseura|rovaniemen palloseura|2026-06-02,spreads|oulun luistinseura|-1.50|away,spreads,Oulun Luistinseura,-1.5,away,6.02,6.02,"[""Betfair Exchange""]","[""odds_api_io""]",1,,
soccer|oulun luistinseura|rovaniemen palloseura|2026-06-02,spreads|rovaniemen palloseura|2.50|home,spreads,Rovaniemen Palloseura,2.5,home,1.04,1.04,"[""Betfair Exchange""]","[""odds_api_io""]",1,,
soccer|oulun luistinseura|rovaniemen palloseura|2026-06-02,spreads|oulun luistinseura|-2.50|away,spreads,Oulun Luistinseura,-2.5,away,15.28,15.28,"[""Betfair Exchange""]","[""odds_api_io""]",1,,
soccer|oulun luistinseura|rovaniemen palloseura|2026-06-02,spreads|rovaniemen palloseura|1.75|home,spreads,Rovaniemen Palloseura,1.75,home,1.09,1.09,"[""Betfair Exchange""]","[""odds_api_io""]",1,,
soccer|oulun luistinseura|rovaniemen palloseura|2026-06-02,spreads|oulun luistinseura|-1.75|away,spreads,Oulun Luistinseura,-1.75,away,8.27,8.27,"[""Betfair Exchange""]","[""odds_api_io""]",1,,
soccer|oulun luistinseura|rovaniemen palloseura|2026-06-02,spreads|rovaniemen palloseura|3.25|home,spreads,Rovaniemen Palloseura,3.25,home,1.01,1.01,"[""Betfair Exchange""]","[""odds_api_io""]",1,,
soccer|oulun luistinseura|rovaniemen palloseura|2026-06-02,spreads|oulun luistinseura|-3.25|away,spreads,Oulun Luistinseura,-3.25,away,46.92,46.92,"[""Betfair Exchange""]","[""odds_api_io""]",1,,
soccer|oulun luistinseura|rovaniemen palloseura|2026-06-02,spreads|rovaniemen palloseura|2.00|home,spreads,Rovaniemen Palloseura,2.0,home,1.14,1.0877,"[""Betfair Exchange""]","[""odds_api_io""]",2,8.435,
soccer|oulun luistinseura|rovaniemen palloseura|2026-06-02,spreads|oulun luistinseura|-2.00|away,spreads,Oulun Luistinseura,-2.0,away,15.0,14.3533,"[""Betfair Exchange""]","[""odds_api_io""]",2,0.601,
soccer|oulun luistinseura|rovaniemen palloseura|2026-06-02,spreads|rovaniemen palloseura|2.75|home,spreads,Rovaniemen Palloseura,2.75,home,1.02,1.02,"[""Betfair Exchange""]","[""odds_api_io""]",1,,
soccer|oulun luistinseura|rovaniemen palloseura|2026-06-02,spreads|oulun luistinseura|-2.75|away,spreads,Oulun Luistinseura,-2.75,away,22.67,22.67,"[""Betfair Exchange""]","[""odds_api_io""]",1,,
soccer|oulun luistinseura|rovaniemen palloseura|2026-06-02,spreads|rovaniemen palloseura|-1.50|home,spreads,Rovaniemen Palloseura,-1.5,home,3.7,3.7,"[""Betfair Exchange""]","[""odds_api_io""]",1,,
soccer|oulun luistinseura|rovaniemen palloseura|2026-06-02,spreads|oulun luistinseura|1.50|away,spreads,Oulun Luistinseura,1.5,away,1.31,1.31,"[""Betfair Exchange""]","[""odds_api_io""]",1,,
soccer|oulun luistinseura|rovaniemen palloseura|2026-06-02,spreads|rovaniemen palloseura|-2.00|home,spreads,Rovaniemen Palloseura,-2.0,home,6.6,6.2304,"[""Betfair Exchange""]","[""odds_api_io""]",2,1.798,
soccer|oulun luistinseura|rovaniemen palloseura|2026-06-02,spreads|oulun luistinseura|2.00|away,spreads,Oulun Luistinseura,2.0,away,1.31,1.2191,"[""Betfair Exchange""]","[""odds_api_io""]",2,11.383,
soccer|oulun luistinseura|rovaniemen palloseura|2026-06-02,spreads|rovaniemen palloseura|3.00|home,spreads,Rovaniemen Palloseura,3.0,home,1.04,1.0248,"[""Betfair Exchange""]","[""odds_api_io""]",2,2.856,
soccer|oulun luistinseura|rovaniemen palloseura|2026-06-02,spreads|oulun luistinseura|-3.00|away,spreads,Oulun Luistinseura,-3.0,away,48.0,46.9004,"[""Betfair Exchange""]","[""odds_api_io""]",2,0.098,
soccer|oulun luistinseura|rovaniemen palloseura|2026-06-02,spreads|rovaniemen palloseura|-2.75|home,spreads,Rovaniemen Palloseura,-2.75,home,9.29,9.29,"[""Betfair Exchange""]","[""odds_api_io""]",1,,
soccer|oulun luistinseura|rovaniemen palloseura|2026-06-02,spreads|oulun luistinseura|2.75|away,spreads,Oulun Luistinseura,2.75,away,1.08,1.08,"[""Betfair Exchange""]","[""odds_api_io""]",1,,
soccer|oulun luistinseura|rovaniemen palloseura|2026-06-02,spreads|rovaniemen palloseura|3.50|home,spreads,Rovaniemen Palloseura,3.5,home,1.01,1.01,"[""Betfair Exchange""]","[""odds_api_io""]",1,,
soccer|oulun luistinseura|rovaniemen palloseura|2026-06-02,spreads|oulun luistinseura|-3.50|away,spreads,Oulun Luistinseura,-3.5,away,48.0,48.0,"[""Betfair Exchange""]","[""odds_api_io""]",1,,
soccer|oulun luistinseura|rovaniemen palloseura|2026-06-02,spreads|rovaniemen palloseura|-2.25|home,spreads,Rovaniemen Palloseura,-2.25,home,6.31,6.31,"[""Betfair Exchange""]","[""odds_api_io""]",1,,
soccer|oulun luistinseura|rovaniemen palloseura|2026-06-02,spreads|oulun luistinseura|2.25|away,spreads,Oulun Luistinseura,2.25,away,1.13,1.13,"[""Betfair Exchange""]","[""odds_api_io""]",1,,
soccer|oulun luistinseura|rovaniemen palloseura|2026-06-02,spreads|rovaniemen palloseura|2.25|home,spreads,Rovaniemen Palloseura,2.25,home,1.04,1.04,"[""Betfair Exchange""]","[""odds_api_io""]",1,,
soccer|oulun luistinseura|rovaniemen palloseura|2026-06-02,spreads|oulun luistinseura|-2.25|away,spreads,Oulun Luistinseura,-2.25,away,14.73,14.73,"[""Betfair Exchange""]","[""odds_api_io""]",1,,
soccer|oulun luistinseura|rovaniemen palloseura|2026-06-02,spreads|rovaniemen palloseura|-3.50|home,spreads,Rovaniemen Palloseura,-3.5,home,16.0,16.0,"[""Betfair Exchange""]","[""odds_api_io""]",1,,
soccer|oulun luistinseura|rovaniemen palloseura|2026-06-02,spreads|oulun luistinseura|3.50|away,spreads,Oulun Luistinseura,3.5,away,1.03,1.03,"[""Betfair Exchange""]","[""odds_api_io""]",1,,
soccer|oulun luistinseura|rovaniemen palloseura|2026-06-02,spreads|rovaniemen palloseura|-3.00|home,spreads,Rovaniemen Palloseura,-3.0,home,16.0,15.317,"[""Betfair Exchange""]","[""odds_api_io""]",2,0.557,
soccer|oulun luistinseura|rovaniemen palloseura|2026-06-02,spreads|oulun luistinseura|3.00|away,spreads,Oulun Luistinseura,3.0,away,1.12,1.0731,"[""Betfair Exchange""]","[""odds_api_io""]",2,7.802,
soccer|oulun luistinseura|rovaniemen palloseura|2026-06-02,spreads|rovaniemen palloseura|-3.75|home,spreads,Rovaniemen Palloseura,-3.75,home,16.0,16.0,"[""Betfair Exchange""]","[""odds_api_io""]",1,,
soccer|oulun luistinseura|rovaniemen palloseura|2026-06-02,spreads|oulun luistinseura|3.75|away,spreads,Oulun Luistinseura,3.75,away,1.01,1.01,"[""Betfair Exchange""]","[""odds_api_io""]",1,,
soccer|oulun luistinseura|rovaniemen palloseura|2026-06-02,spreads|rovaniemen palloseura|-3.25|home,spreads,Rovaniemen Palloseura,-3.25,home,15.34,15.34,"[""Betfair Exchange""]","[""odds_api_io""]",1,,
soccer|oulun luistinseura|rovaniemen palloseura|2026-06-02,spreads|oulun luistinseura|3.25|away,spreads,Oulun Luistinseura,3.25,away,1.03,1.03,"[""Betfair Exchange""]","[""odds_api_io""]",1,,
soccer|oulun luistinseura|rovaniemen palloseura|2026-06-02,totals|over|3.50|,totals,Over,3.5,,2.42,2.42,"[""Betfair Exchange""]","[""odds_api_io""]",1,,
soccer|oulun luistinseura|rovaniemen palloseura|2026-06-02,totals|under|3.50|,totals,Under,3.5,,1.65,1.65,"[""Betfair Exchange""]","[""odds_api_io""]",1,,
soccer|oulun luistinseura|rovaniemen palloseura|2026-06-02,totals|over|1.75|,totals,Over,1.75,,1.21,1.21,"[""Betfair Exchange""]","[""odds_api_io""]",1,,
soccer|oulun luistinseura|rovaniemen palloseura|2026-06-02,totals|under|1.75|,totals,Under,1.75,,4.4,4.4,"[""Betfair Exchange""]","[""odds_api_io""]",1,,
soccer|oulun luistinseura|rovaniemen palloseura|2026-06-02,totals|over|1.50|,totals,Over,1.5,,1.18,1.18,"[""Betfair Exchange""]","[""odds_api_io""]",1,,
soccer|oulun luistinseura|rovaniemen palloseura|2026-06-02,totals|under|1.50|,totals,Under,1.5,,5.8,5.8,"[""Betfair Exchange""]","[""odds_api_io""]",1,,
soccer|oulun luistinseura|rovaniemen palloseura|2026-06-02,totals|over|2.00|,totals,Over,2.0,,1.24,1.24,"[""Betfair Exchange""]","[""odds_api_io""]",1,,
soccer|oulun luistinseura|rovaniemen palloseura|2026-06-02,totals|under|2.00|,totals,Under,2.0,,4.03,4.03,"[""Betfair Exchange""]","[""odds_api_io""]",1,,
soccer|oulun luistinseura|rovaniemen palloseura|2026-06-02,totals|over|5.25|,totals,Over,5.25,,8.2,8.2,"[""Betfair Exchange""]","[""odds_api_io""]",1,,
soccer|oulun luistinseura|rovaniemen palloseura|2026-06-02,totals|under|5.25|,totals,Under,5.25,,1.11,1.11,"[""Betfair Exchange""]","[""odds_api_io""]",1,,
soccer|oulun luistinseura|rovaniemen palloseura|2026-06-02,totals|over|5.50|,totals,Over,5.5,,8.69,8.69,"[""Betfair Exchange""]","[""odds_api_io""]",1,,
soccer|oulun luistinseura|rovaniemen palloseura|2026-06-02,totals|under|5.50|,totals,Under,5.5,,1.1,1.1,"[""Betfair Exchange""]","[""odds_api_io""]",1,,
soccer|oulun luistinseura|rovaniemen palloseura|2026-06-02,totals|over|4.75|,totals,Over,4.75,,5.51,5.51,"[""Betfair Exchange""]","[""odds_api_io""]",1,,
soccer|oulun luistinseura|rovaniemen palloseura|2026-06-02,totals|under|4.75|,totals,Under,4.75,,1.16,1.16,"[""Betfair Exchange""]","[""odds_api_io""]",1,,
soccer|oulun luistinseura|rovaniemen palloseura|2026-06-02,totals|over|5.00|,totals,Over,5.0,,7.71,7.71,"[""Betfair Exchange""]","[""odds_api_io""]",1,,
soccer|oulun luistinseura|rovaniemen palloseura|2026-06-02,totals|under|5.00|,totals,Under,5.0,,1.11,1.11,"[""Betfair Exchange""]","[""odds_api_io""]",1,,
soccer|oulun luistinseura|rovaniemen palloseura|2026-06-02,totals|over|1.25|,totals,Over,1.25,,1.1,1.1,"[""Betfair Exchange""]","[""odds_api_io""]",1,,
soccer|oulun luistinseura|rovaniemen palloseura|2026-06-02,totals|under|1.25|,totals,Under,1.25,,7.21,7.21,"[""Betfair Exchange""]","[""odds_api_io""]",1,,
soccer|oulun luistinseura|rovaniemen palloseura|2026-06-02,totals|over|4.00|,totals,Over,4.0,,3.58,3.58,"[""Betfair Exchange""]","[""odds_api_io""]",1,,
soccer|oulun luistinseura|rovaniemen palloseura|2026-06-02,totals|under|4.00|,totals,Under,4.0,,1.34,1.34,"[""Betfair Exchange""]","[""odds_api_io""]",1,,
soccer|oulun luistinseura|rovaniemen palloseura|2026-06-02,totals|over|3.00|,totals,Over,3.0,,1.87,1.87,"[""Betfair Exchange""]","[""odds_api_io""]",1,,
soccer|oulun luistinseura|rovaniemen palloseura|2026-06-02,totals|under|3.00|,totals,Under,3.0,,2.02,2.02,"[""Betfair Exchange""]","[""odds_api_io""]",1,,
soccer|oulun luistinseura|rovaniemen palloseura|2026-06-02,totals|over|4.50|,totals,Over,4.5,,4.4,4.4,"[""Betfair Exchange""]","[""odds_api_io""]",1,,
soccer|oulun luistinseura|rovaniemen palloseura|2026-06-02,totals|under|4.50|,totals,Under,4.5,,1.26,1.26,"[""Betfair Exchange""]","[""odds_api_io""]",1,,
soccer|oulun luistinseura|rovaniemen palloseura|2026-06-02,totals|over|3.75|,totals,Over,3.75,,2.83,2.83,"[""Betfair Exchange""]","[""odds_api_io""]",1,,
soccer|oulun luistinseura|rovaniemen palloseura|2026-06-02,totals|under|3.75|,totals,Under,3.75,,1.49,1.49,"[""Betfair Exchange""]","[""odds_api_io""]",1,,
soccer|oulun luistinseura|rovaniemen palloseura|2026-06-02,totals|over|2.75|,totals,Over,2.75,,1.68,1.68,"[""Betfair Exchange""]","[""odds_api_io""]",1,,
soccer|oulun luistinseura|rovaniemen palloseura|2026-06-02,totals|under|2.75|,totals,Under,2.75,,2.29,2.29,"[""Betfair Exchange""]","[""odds_api_io""]",1,,
soccer|oulun luistinseura|rovaniemen palloseura|2026-06-02,totals|over|0.75|,totals,Over,0.75,,1.03,1.03,"[""Betfair Exchange""]","[""odds_api_io""]",1,,
soccer|oulun luistinseura|rovaniemen palloseura|2026-06-02,totals|under|0.75|,totals,Under,0.75,,8.17,8.17,"[""Betfair Exchange""]","[""odds_api_io""]",1,,
soccer|oulun luistinseura|rovaniemen palloseura|2026-06-02,totals|over|2.25|,totals,Over,2.25,,1.4,1.4,"[""Betfair Exchange""]","[""odds_api_io""]",1,,
soccer|oulun luistinseura|rovaniemen palloseura|2026-06-02,totals|under|2.25|,totals,Under,2.25,,3.22,3.22,"[""Betfair Exchange""]","[""odds_api_io""]",1,,
soccer|oulun luistinseura|rovaniemen palloseura|2026-06-02,totals|over|7.25|,totals,Over,7.25,,50.22,50.22,"[""Betfair Exchange""]","[""odds_api_io""]",1,,
soccer|oulun luistinseura|rovaniemen palloseura|2026-06-02,totals|under|7.25|,totals,Under,7.25,,1.01,1.01,"[""Betfair Exchange""]","[""odds_api_io""]",1,,
soccer|oulun luistinseura|rovaniemen palloseura|2026-06-02,totals|over|1.00|,totals,Over,1.0,,1.03,1.03,"[""Betfair Exchange""]","[""odds_api_io""]",1,,
soccer|oulun luistinseura|rovaniemen palloseura|2026-06-02,totals|under|1.00|,totals,Under,1.0,,8.03,8.03,"[""Betfair Exchange""]","[""odds_api_io""]",1,,
soccer|oulun luistinseura|rovaniemen palloseura|2026-06-02,totals|over|4.25|,totals,Over,4.25,,3.99,3.99,"[""Betfair Exchange""]","[""odds_api_io""]",1,,
soccer|oulun luistinseura|rovaniemen palloseura|2026-06-02,totals|under|4.25|,totals,Under,4.25,,1.29,1.29,"[""Betfair Exchange""]","[""odds_api_io""]",1,,
soccer|oulun luistinseura|rovaniemen palloseura|2026-06-02,totals|over|6.50|,totals,Over,6.5,,20.0,20.0,"[""Betfair Exchange""]","[""odds_api_io""]",1,,
soccer|oulun luistinseura|rovaniemen palloseura|2026-06-02,totals|under|6.50|,totals,Under,6.5,,1.04,1.04,"[""Betfair Exchange""]","[""odds_api_io""]",1,,
soccer|oulun luistinseura|rovaniemen palloseura|2026-06-02,totals|over|3.25|,totals,Over,3.25,,2.14,2.14,"[""Betfair Exchange""]","[""odds_api_io""]",1,,
soccer|oulun luistinseura|rovaniemen palloseura|2026-06-02,totals|under|3.25|,totals,Under,3.25,,1.8,1.8,"[""Betfair Exchange""]","[""odds_api_io""]",1,,
soccer|oulun luistinseura|rovaniemen palloseura|2026-06-02,totals|over|6.75|,totals,Over,6.75,,28.29,28.29,"[""Betfair Exchange""]","[""odds_api_io""]",1,,
soccer|oulun luistinseura|rovaniemen palloseura|2026-06-02,totals|under|6.75|,totals,Under,6.75,,1.01,1.01,"[""Betfair Exchange""]","[""odds_api_io""]",1,,
soccer|oulun luistinseura|rovaniemen palloseura|2026-06-02,totals|over|0.50|,totals,Over,0.5,,1.03,1.03,"[""Betfair Exchange""]","[""odds_api_io""]",1,,
soccer|oulun luistinseura|rovaniemen palloseura|2026-06-02,totals|under|0.50|,totals,Under,0.5,,21.0,21.0,"[""Betfair Exchange""]","[""odds_api_io""]",1,,
soccer|oulun luistinseura|rovaniemen palloseura|2026-06-02,totals|over|6.00|,totals,Over,6.0,,18.69,18.69,"[""Betfair Exchange""]","[""odds_api_io""]",1,,
soccer|oulun luistinseura|rovaniemen palloseura|2026-06-02,totals|under|6.00|,totals,Under,6.0,,1.04,1.04,"[""Betfair Exchange""]","[""odds_api_io""]",1,,
soccer|oulun luistinseura|rovaniemen palloseura|2026-06-02,totals|over|7.00|,totals,Over,7.0,,49.45,49.45,"[""Betfair Exchange""]","[""odds_api_io""]",1,,
soccer|oulun luistinseura|rovaniemen palloseura|2026-06-02,totals|under|7.00|,totals,Under,7.0,,1.01,1.01,"[""Betfair Exchange""]","[""odds_api_io""]",1,,
soccer|oulun luistinseura|rovaniemen palloseura|2026-06-02,totals|over|2.50|,totals,Over,2.5,,1.56,1.56,"[""Betfair Exchange""]","[""odds_api_io""]",1,,
soccer|oulun luistinseura|rovaniemen palloseura|2026-06-02,totals|under|2.50|,totals,Under,2.5,,2.62,2.62,"[""Betfair Exchange""]","[""odds_api_io""]",1,,
soccer|oulun luistinseura|rovaniemen palloseura|2026-06-02,totals|over|6.25|,totals,Over,6.25,,19.34,19.34,"[""Betfair Exchange""]","[""odds_api_io""]",1,,
soccer|oulun luistinseura|rovaniemen palloseura|2026-06-02,totals|under|6.25|,totals,Under,6.25,,1.04,1.04,"[""Betfair Exchange""]","[""odds_api_io""]",1,,
soccer|oulun luistinseura|rovaniemen palloseura|2026-06-02,totals|over|7.50|,totals,Over,7.5,,51.0,51.0,"[""Betfair Exchange""]","[""odds_api_io""]",1,,
soccer|oulun luistinseura|rovaniemen palloseura|2026-06-02,totals|under|7.50|,totals,Under,7.5,,1.01,1.01,"[""Betfair Exchange""]","[""odds_api_io""]",1,,
soccer|oulun luistinseura|rovaniemen palloseura|2026-06-02,totals|over|5.75|,totals,Over,5.75,,11.72,11.72,"[""Betfair Exchange""]","[""odds_api_io""]",1,,
soccer|oulun luistinseura|rovaniemen palloseura|2026-06-02,totals|under|5.75|,totals,Under,5.75,,1.06,1.06,"[""Betfair Exchange""]","[""odds_api_io""]",1,,
soccer|oulun luistinseura|rovaniemen palloseura|2026-06-02,btts|yes||,btts,Yes,,,1.55,1.55,"[""Betfair Exchange""]","[""odds_api_io""]",1,,
soccer|oulun luistinseura|rovaniemen palloseura|2026-06-02,btts|no||,btts,No,,,2.64,2.64,"[""Betfair Exchange""]","[""odds_api_io""]",1,,
soccer|colombia|saudi arabia|2026-06-02,h2h|saudi arabia||home,h2h,Saudi Arabia,,home,3.2,3.2,"[""Bet365""]","[""odds_api_io""]",1,,
soccer|colombia|saudi arabia|2026-06-02,h2h|draw||,h2h,Draw,,,3.5,3.5,"[""Bet365""]","[""odds_api_io""]",1,,
soccer|colombia|saudi arabia|2026-06-02,h2h|colombia||away,h2h,Colombia,,away,1.95,1.95,"[""Bet365""]","[""odds_api_io""]",1,,
soccer|colombia|saudi arabia|2026-06-02,dnb|saudi arabia|0.00|home,dnb,Saudi Arabia,0.0,home,2.5,2.5,"[""Bet365""]","[""odds_api_io""]",1,,
soccer|colombia|saudi arabia|2026-06-02,dnb|colombia|0.00|away,dnb,Colombia,0.0,away,1.5,1.5,"[""Bet365""]","[""odds_api_io""]",1,,
soccer|colombia|saudi arabia|2026-06-02,spreads|saudi arabia|0.25|home,spreads,Saudi Arabia,0.25,home,2.05,2.0247,"[""Bet365""]","[""odds_api_io""]",2,1.22,
soccer|colombia|saudi arabia|2026-06-02,spreads|colombia|-0.25|away,spreads,Colombia,-0.25,away,1.8,1.575,"[""Bet365""]","[""odds_api_io""]",2,15.873,
soccer|colombia|saudi arabia|2026-06-02,totals|over|2.50|,totals,Over,2.5,,1.925,1.9124,"[""Bet365""]","[""odds_api_io""]",2,0.684,
soccer|colombia|saudi arabia|2026-06-02,totals|under|2.50|,totals,Under,2.5,,1.9,1.8874,"[""Bet365""]","[""odds_api_io""]",2,0.702,
soccer|colombia|saudi arabia|2026-06-02,btts|yes||,btts,Yes,,,1.8,1.8,"[""Bet365""]","[""odds_api_io""]",1,,
soccer|colombia|saudi arabia|2026-06-02,btts|no||,btts,No,,,1.909,1.909,"[""Bet365""]","[""odds_api_io""]",1,,
soccer|colombia|saudi arabia|2026-06-02,spreads|saudi arabia|1.00|home,spreads,Saudi Arabia,1.0,home,1.7,1.5355,"[""Bet365""]","[""odds_api_io""]",2,12.605,
soccer|colombia|saudi arabia|2026-06-02,spreads|colombia|1.00|away,spreads,Colombia,1.0,away,3.5,3.1417,"[""Bet365""]","[""odds_api_io""]",2,6.516,
soccer|colombia|saudi arabia|2026-06-02,teamTotals|over|0.50|,teamTotals,Over,0.5,,1.4,1.305,"[""Bet365""]","[""odds_api_io""]",2,10.404,
soccer|colombia|saudi arabia|2026-06-02,teamTotals|under|0.50|,teamTotals,Under,0.5,,4.0,3.2593,"[""Bet365""]","[""odds_api_io""]",2,11.364,
soccer|colombia|saudi arabia|2026-06-02,teamTotals|over|1.50|,teamTotals,Over,1.5,,3.0,2.4,"[""Bet365""]","[""odds_api_io""]",2,16.667,
soccer|colombia|saudi arabia|2026-06-02,teamTotals|under|1.50|,teamTotals,Under,1.5,,1.727,1.5236,"[""Bet365""]","[""odds_api_io""]",2,15.464,
soccer|colombia|saudi arabia|2026-06-02,teamTotals|over|2.50|,teamTotals,Over,2.5,,7.0,5.3527,"[""Bet365""]","[""odds_api_io""]",2,8.793,
soccer|colombia|saudi arabia|2026-06-02,teamTotals|under|2.50|,teamTotals,Under,2.5,,1.2,1.1385,"[""Bet365""]","[""odds_api_io""]",2,9.003,
soccer|colombia|saudi arabia|2026-06-02,teamTotals|over|3.50|,teamTotals,Over,3.5,,12.0,9.9512,"[""Bet365""]","[""odds_api_io""]",2,3.431,
soccer|colombia|saudi arabia|2026-06-02,teamTotals|under|3.50|,teamTotals,Under,3.5,,1.05,1.0322,"[""Bet365""]","[""odds_api_io""]",2,3.284,
soccer|colombia|saudi arabia|2026-06-02,teamTotals|over|4.50|,teamTotals,Over,4.5,,21.0,17.5,"[""Bet365""]","[""odds_api_io""]",2,1.905,
soccer|colombia|saudi arabia|2026-06-02,teamTotals|under|4.50|,teamTotals,Under,4.5,,1.01,1.006,"[""Bet365""]","[""odds_api_io""]",2,0.79,
soccer|colombia|saudi arabia|2026-06-02,teamTotals|over|5.50|,teamTotals,Over,5.5,,21.0,21.0,"[""Bet365""]","[""odds_api_io""]",1,,
soccer|colombia|saudi arabia|2026-06-02,teamTotals|under|5.50|,teamTotals,Under,5.5,,1.002,1.002,"[""Bet365""]","[""odds_api_io""]",1,,
soccer|colombia|saudi arabia|2026-06-02,spreads|saudi arabia|-1.25|home,spreads,Saudi Arabia,-1.25,home,6.8,6.8,"[""Bet365""]","[""odds_api_io""]",1,,
soccer|colombia|saudi arabia|2026-06-02,spreads|colombia|1.25|away,spreads,Colombia,1.25,away,3.3,3.3,"[""Bet365""]","[""odds_api_io""]",1,,
soccer|colombia|saudi arabia|2026-06-02,spreads|saudi arabia|-1.00|home,spreads,Saudi Arabia,-1.0,home,6.4,6.4,"[""Bet365""]","[""odds_api_io""]",1,,
soccer|colombia|saudi arabia|2026-06-02,spreads|saudi arabia|-0.75|home,spreads,Saudi Arabia,-0.75,home,4.15,4.15,"[""Bet365""]","[""odds_api_io""]",1,,
soccer|colombia|saudi arabia|2026-06-02,spreads|colombia|0.75|away,spreads,Colombia,0.75,away,2.3,2.3,"[""Bet365""]","[""odds_api_io""]",1,,
soccer|colombia|saudi arabia|2026-06-02,spreads|saudi arabia|-0.50|home,spreads,Saudi Arabia,-0.5,home,3.3,3.3,"[""Bet365""]","[""odds_api_io""]",1,,
soccer|colombia|saudi arabia|2026-06-02,spreads|colombia|0.50|away,spreads,Colombia,0.5,away,1.325,1.325,"[""Bet365""]","[""odds_api_io""]",1,,
soccer|colombia|saudi arabia|2026-06-02,spreads|saudi arabia|-0.25|home,spreads,Saudi Arabia,-0.25,home,2.85,2.85,"[""Bet365""]","[""odds_api_io""]",1,,
soccer|colombia|saudi arabia|2026-06-02,spreads|colombia|0.25|away,spreads,Colombia,0.25,away,1.75,1.75,"[""Bet365""]","[""odds_api_io""]",1,,
soccer|colombia|saudi arabia|2026-06-02,spreads|saudi arabia|0.00|home,spreads,Saudi Arabia,0.0,home,2.5,2.5,"[""Bet365""]","[""odds_api_io""]",1,,
soccer|colombia|saudi arabia|2026-06-02,spreads|colombia|-0.00|away,spreads,Colombia,-0.0,away,1.5,1.5,"[""Bet365""]","[""odds_api_io""]",1,,
soccer|colombia|saudi arabia|2026-06-02,spreads|saudi arabia|0.75|home,spreads,Saudi Arabia,0.75,home,1.6,1.6,"[""Bet365""]","[""odds_api_io""]",1,,
soccer|colombia|saudi arabia|2026-06-02,spreads|colombia|-0.75|away,spreads,Colombia,-0.75,away,1.22,1.22,"[""Bet365""]","[""odds_api_io""]",1,,
soccer|colombia|saudi arabia|2026-06-02,spreads|colombia|-1.00|away,spreads,Colombia,-1.0,away,1.115,1.115,"[""Bet365""]","[""odds_api_io""]",1,,
soccer|colombia|saudi arabia|2026-06-02,spreads|saudi arabia|1.25|home,spreads,Saudi Arabia,1.25,home,1.325,1.325,"[""Bet365""]","[""odds_api_io""]",1,,
soccer|colombia|saudi arabia|2026-06-02,spreads|colombia|-1.25|away,spreads,Colombia,-1.25,away,1.105,1.105,"[""Bet365""]","[""odds_api_io""]",1,,
soccer|colombia|saudi arabia|2026-06-02,spreads|saudi arabia|1.50|home,spreads,Saudi Arabia,1.5,home,1.275,1.275,"[""Bet365""]","[""odds_api_io""]",1,,
soccer|colombia|saudi arabia|2026-06-02,spreads|colombia|-1.50|away,spreads,Colombia,-1.5,away,3.55,3.55,"[""Bet365""]","[""odds_api_io""]",1,,
soccer|colombia|saudi arabia|2026-06-02,spreads|saudi arabia|1.75|home,spreads,Saudi Arabia,1.75,home,1.19,1.19,"[""Bet365""]","[""odds_api_io""]",1,,
soccer|colombia|saudi arabia|2026-06-02,spreads|colombia|-1.75|away,spreads,Colombia,-1.75,away,4.5,4.5,"[""Bet365""]","[""odds_api_io""]",1,,
soccer|colombia|saudi arabia|2026-06-02,spreads|saudi arabia|2.00|home,spreads,Saudi Arabia,2.0,home,1.105,1.105,"[""Bet365""]","[""odds_api_io""]",1,,
soccer|colombia|saudi arabia|2026-06-02,spreads|colombia|-2.00|away,spreads,Colombia,-2.0,away,6.8,6.8,"[""Bet365""]","[""odds_api_io""]",1,,
soccer|georgia|romania|2026-06-02,h2h|georgia||home,h2h,Georgia,,home,2.285,2.1691,"[""Bet365"", ""Unibet"", ""Betfair Exchange"", ""Sbobet"", ""oddssafari-consensus"", ""1xbet"", ""pinnacle"", ""interwetten"", ""unibet"", ""novibet"", ""bwin"", ""sportingbet"", ""betway"", ""888sport"", ""william-hill"", ""bet365"", ""betsson"", ""marathon"", ""bzzoiro"", ""bzzoiro-consensus""]","[""odds_api_io"", ""bzzoiro""]",20,4.313,
soccer|georgia|romania|2026-06-02,h2h|draw||,h2h,Draw,,,3.6,3.3166,"[""Bet365"", ""Unibet"", ""Betfair Exchange"", ""Sbobet"", ""oddssafari-consensus"", ""1xbet"", ""pinnacle"", ""interwetten"", ""unibet"", ""novibet"", ""bwin"", ""sportingbet"", ""betway"", ""888sport"", ""william-hill"", ""bet365"", ""betsson"", ""marathon"", ""bzzoiro"", ""bzzoiro-consensus""]","[""odds_api_io"", ""bzzoiro""]",20,4.274,
soccer|georgia|romania|2026-06-02,h2h|romania||away,h2h,Romania,,away,3.5,3.1958,"[""Bet365"", ""Unibet"", ""Betfair Exchange"", ""Sbobet"", ""oddssafari-consensus"", ""1xbet"", ""pinnacle"", ""interwetten"", ""unibet"", ""novibet"", ""bwin"", ""sportingbet"", ""betway"", ""888sport"", ""william-hill"", ""bet365"", ""betsson"", ""marathon"", ""bzzoiro"", ""bzzoiro-consensus""]","[""odds_api_io"", ""bzzoiro""]",20,4.108,
soccer|georgia|romania|2026-06-02,dnb|georgia|0.00|home,dnb,Georgia,0.0,home,1.62,1.5906,"[""Bet365"", ""Unibet"", ""Betfair Exchange""]","[""odds_api_io""]",3,1.925,
soccer|georgia|romania|2026-06-02,dnb|romania|0.00|away,dnb,Romania,0.0,away,2.56,2.331,"[""Bet365"", ""Unibet"", ""Betfair Exchange""]","[""odds_api_io""]",3,6.392,
soccer|georgia|romania|2026-06-02,spreads|georgia|-0.25|home,spreads,Georgia,-0.25,home,1.93,1.9101,"[""Bet365"", ""Betfair Exchange"", ""Sbobet""]","[""odds_api_io""]",3,0.818,
soccer|georgia|romania|2026-06-02,spreads|romania|0.25|away,spreads,Romania,0.25,away,2.05,1.9624,"[""Bet365"", ""Betfair Exchange"", ""Sbobet""]","[""odds_api_io""]",3,3.851,
soccer|georgia|romania|2026-06-02,totals|over|2.50|,totals,Over,2.5,,2.12,2.0215,"[""Bet365"", ""Unibet"", ""Betfair Exchange"", ""Sbobet"", ""1xbet"", ""bzzoiro-consensus""]","[""odds_api_io"", ""bzzoiro""]",7,5.462,
soccer|georgia|romania|2026-06-02,totals|under|2.50|,totals,Under,2.5,,1.85,1.7983,"[""Bet365"", ""Unibet"", ""Betfair Exchange"", ""Sbobet"", ""1xbet"", ""bzzoiro-consensus""]","[""odds_api_io"", ""bzzoiro""]",7,3.089,
soccer|georgia|romania|2026-06-02,btts|yes||,btts,Yes,,,1.875,1.7867,"[""Bet365"", ""Unibet"", ""Betfair Exchange"", ""oddssafari-consensus"", ""1xbet"", ""pinnacle"", ""interwetten"", ""unibet"", ""novibet"", ""bwin"", ""sportingbet"", ""betway"", ""888sport"", ""william-hill"", ""bet365"", ""betsson"", ""marathon"", ""bzzoiro"", ""bzzoiro-consensus""]","[""odds_api_io"", ""bzzoiro""]",19,5.49,
soccer|georgia|romania|2026-06-02,btts|no||,btts,No,,,2.06,1.9387,"[""Bet365"", ""Unibet"", ""Betfair Exchange"", ""oddssafari-consensus"", ""1xbet"", ""pinnacle"", ""interwetten"", ""unibet"", ""novibet"", ""bwin"", ""sportingbet"", ""betway"", ""888sport"", ""william-hill"", ""bet365"", ""betsson"", ""marathon"", ""bzzoiro"", ""bzzoiro-consensus""]","[""odds_api_io"", ""bzzoiro""]",19,6.012,
soccer|georgia|romania|2026-06-02,spreads|georgia|-1.00|home,spreads,Georgia,-1.0,home,4.6,3.3084,"[""Bet365"", ""Unibet"", ""Betfair Exchange""]","[""odds_api_io""]",5,27.28,
soccer|georgia|romania|2026-06-02,spreads|romania|-1.00|away,spreads,Romania,-1.0,away,8.6,2.5574,"[""Bet365"", ""Unibet"", ""Betfair Exchange""]","[""odds_api_io""]",5,63.844,
soccer|georgia|romania|2026-06-02,spreads|georgia|-3.00|home,spreads,Georgia,-3.0,home,36.0,10.0493,"[""Bet365"", ""Unibet"", ""Betfair Exchange""]","[""odds_api_io""]",4,28.472,
soccer|georgia|romania|2026-06-02,spreads|georgia|-2.00|home,spreads,Georgia,-2.0,home,12.0,6.0391,"[""Bet365"", ""Unibet"", ""Betfair Exchange""]","[""odds_api_io""]",4,31.667,
soccer|georgia|romania|2026-06-02,spreads|romania|2.00|away,spreads,Romania,2.0,away,19.0,1.6153,"[""Bet365"", ""Unibet"", ""Betfair Exchange""]","[""odds_api_io""]",4,87.329,
soccer|georgia|romania|2026-06-02,spreads|georgia|2.00|home,spreads,Georgia,2.0,home,1.1,1.0685,"[""Bet365"", ""Betfair Exchange""]","[""odds_api_io""]",3,7.13,
soccer|georgia|romania|2026-06-02,spreads|romania|-2.00|away,spreads,Romania,-2.0,away,25.0,3.3426,"[""Bet365"", ""Betfair Exchange""]","[""odds_api_io""]",3,79.333,
soccer|georgia|romania|2026-06-02,spreads|romania|-3.00|away,spreads,Romania,-3.0,away,110.0,2.1179,"[""Bet365"", ""Betfair Exchange""]","[""odds_api_io""]",2,94.329,
soccer|georgia|romania|2026-06-02,teamTotals|over|0.50|,teamTotals,Over,0.5,,1.4,1.3002,"[""Bet365"", ""Unibet""]","[""odds_api_io""]",4,11.905,
soccer|georgia|romania|2026-06-02,teamTotals|under|0.50|,teamTotals,Under,0.5,,3.8,3.1978,"[""Bet365"", ""Unibet""]","[""odds_api_io""]",4,10.048,
soccer|georgia|romania|2026-06-02,teamTotals|over|1.50|,teamTotals,Over,1.5,,3.0,2.4526,"[""Bet365"", ""Unibet""]","[""odds_api_io""]",4,14.744,
soccer|georgia|romania|2026-06-02,teamTotals|under|1.50|,teamTotals,Under,1.5,,1.65,1.4903,"[""Bet365"", ""Unibet""]","[""odds_api_io""]",4,12.762,
soccer|georgia|romania|2026-06-02,teamTotals|over|2.50|,teamTotals,Over,2.5,,8.0,5.4521,"[""Bet365"", ""Unibet""]","[""odds_api_io""]",3,10.227,
soccer|georgia|romania|2026-06-02,teamTotals|under|2.50|,teamTotals,Under,2.5,,1.166,1.1347,"[""Bet365"", ""Unibet""]","[""odds_api_io""]",3,6.573,
soccer|georgia|romania|2026-06-02,teamTotals|over|3.50|,teamTotals,Over,3.5,,23.0,18.1579,"[""Bet365""]","[""odds_api_io""]",2,2.319,
soccer|georgia|romania|2026-06-02,teamTotals|under|3.50|,teamTotals,Under,3.5,,1.03,1.0209,"[""Bet365""]","[""odds_api_io""]",2,1.727,
soccer|georgia|romania|2026-06-02,teamTotals|over|4.50|,teamTotals,Over,4.5,,34.0,34.0,"[""Bet365""]","[""odds_api_io""]",1,,
soccer|georgia|romania|2026-06-02,teamTotals|under|4.50|,teamTotals,Under,4.5,,1.005,1.005,"[""Bet365""]","[""odds_api_io""]",1,,
soccer|georgia|romania|2026-06-02,spreads|georgia|-1.75|home,spreads,Georgia,-1.75,home,6.21,5.9753,"[""Bet365"", ""Betfair Exchange""]","[""odds_api_io""]",2,1.288,
soccer|georgia|romania|2026-06-02,spreads|romania|1.75|away,spreads,Romania,1.75,away,1.16,1.1501,"[""Bet365"", ""Betfair Exchange""]","[""odds_api_io""]",2,1.512,
soccer|georgia|romania|2026-06-02,spreads|georgia|-1.50|home,spreads,Georgia,-1.5,home,4.6,4.2067,"[""Bet365"", ""Unibet"", ""Betfair Exchange""]","[""odds_api_io""]",3,3.902,
soccer|georgia|romania|2026-06-02,spreads|romania|1.50|away,spreads,Romania,1.5,away,7.0,1.6922,"[""Bet365"", ""Unibet"", ""Betfair Exchange""]","[""odds_api_io""]",3,68.359,
soccer|georgia|romania|2026-06-02,spreads|georgia|-0.75|home,spreads,Georgia,-0.75,home,2.66,2.579,"[""Bet365"", ""Betfair Exchange""]","[""odds_api_io""]",2,2.406,
soccer|georgia|romania|2026-06-02,spreads|romania|0.75|away,spreads,Romania,0.75,away,3.9,2.2216,"[""Bet365"", ""Betfair Exchange""]","[""odds_api_io""]",2,38.053,
soccer|georgia|romania|2026-06-02,spreads|georgia|-0.50|home,spreads,Georgia,-0.5,home,2.24,2.1372,"[""Bet365"", ""Unibet"", ""Betfair Exchange"", ""Sbobet""]","[""odds_api_io""]",4,4.138,
soccer|georgia|romania|2026-06-02,spreads|romania|0.50|away,spreads,Romania,0.5,away,3.1,1.9456,"[""Bet365"", ""Unibet"", ""Betfair Exchange"", ""Sbobet""]","[""odds_api_io""]",4,27.983,
soccer|georgia|romania|2026-06-02,spreads|georgia|0.50|home,spreads,Georgia,0.5,home,1.38,1.3436,"[""Bet365"", ""Unibet"", ""Betfair Exchange""]","[""odds_api_io""]",3,4.459,
soccer|georgia|romania|2026-06-02,spreads|romania|-0.50|away,spreads,Romania,-0.5,away,3.52,2.4833,"[""Bet365"", ""Unibet"", ""Betfair Exchange""]","[""odds_api_io""]",3,31.292,
soccer|georgia|romania|2026-06-02,spreads|georgia|0.75|home,spreads,Georgia,0.75,home,1.25,1.2451,"[""Bet365"", ""Betfair Exchange""]","[""odds_api_io""]",2,0.645,
soccer|georgia|romania|2026-06-02,spreads|romania|-0.75|away,spreads,Romania,-0.75,away,4.59,2.2821,"[""Bet365"", ""Betfair Exchange""]","[""odds_api_io""]",2,44.88,
soccer|georgia|romania|2026-06-02,spreads|georgia|1.50|home,spreads,Georgia,1.5,home,1.1,1.0935,"[""Bet365"", ""Unibet"", ""Betfair Exchange""]","[""odds_api_io""]",3,1.684,
soccer|georgia|romania|2026-06-02,spreads|romania|-1.50|away,spreads,Romania,-1.5,away,8.69,2.7398,"[""Bet365"", ""Unibet"", ""Betfair Exchange""]","[""odds_api_io""]",3,70.46,
soccer|georgia|romania|2026-06-02,spreads|georgia|-1.25|home,spreads,Georgia,-1.25,home,4.07,3.8795,"[""Bet365"", ""Betfair Exchange""]","[""odds_api_io""]",2,2.457,
soccer|georgia|romania|2026-06-02,spreads|romania|1.25|away,spreads,Romania,1.25,away,6.6,2.1321,"[""Bet365"", ""Betfair Exchange""]","[""odds_api_io""]",2,62.368,
soccer|georgia|romania|2026-06-02,spreads|romania|1.00|away,spreads,Romania,1.0,away,6.0,1.9644,"[""Bet365"", ""Unibet"", ""Betfair Exchange""]","[""odds_api_io""]",4,56.863,
soccer|georgia|romania|2026-06-02,spreads|georgia|0.00|home,spreads,Georgia,0.0,home,1.62,1.5984,"[""Bet365"", ""Betfair Exchange"", ""Sbobet""]","[""odds_api_io""]",3,1.764,
soccer|georgia|romania|2026-06-02,spreads|romania|-0.00|away,spreads,Romania,-0.0,away,2.56,2.4036,"[""Bet365"", ""Betfair Exchange"", ""Sbobet""]","[""odds_api_io""]",3,4.228,
soccer|georgia|romania|2026-06-02,spreads|georgia|0.25|home,spreads,Georgia,0.25,home,1.47,1.4601,"[""Bet365"", ""Betfair Exchange""]","[""odds_api_io""]",2,0.938,
soccer|georgia|romania|2026-06-02,spreads|romania|-0.25|away,spreads,Romania,-0.25,away,3.04,2.8492,"[""Bet365"", ""Betfair Exchange""]","[""odds_api_io""]",2,4.488,
soccer|georgia|romania|2026-06-02,spreads|georgia|1.00|home,spreads,Georgia,1.0,home,1.43,1.2489,"[""Bet365"", ""Unibet"", ""Betfair Exchange""]","[""odds_api_io""]",4,18.959,
soccer|georgia|romania|2026-06-02,spreads|georgia|1.25|home,spreads,Georgia,1.25,home,1.11,1.11,"[""Bet365"", ""Betfair Exchange""]","[""odds_api_io""]",2,,
soccer|georgia|romania|2026-06-02,spreads|romania|-1.25|away,spreads,Romania,-1.25,away,7.95,2.2044,"[""Bet365"", ""Betfair Exchange""]","[""odds_api_io""]",2,66.786,
soccer|georgia|romania|2026-06-02,doubleChance|1x||,doubleChance,1X,,,1.38,1.2764,"[""Unibet"", ""Betfair Exchange""]","[""odds_api_io""]",2,12.282,
soccer|georgia|romania|2026-06-02,doubleChance|12||,doubleChance,12,,,1.52,1.438,"[""Unibet"", ""Betfair Exchange""]","[""odds_api_io""]",2,7.203,
soccer|georgia|romania|2026-06-02,doubleChance|x2||,doubleChance,X2,,,1.79,1.5483,"[""Unibet"", ""Betfair Exchange""]","[""odds_api_io""]",2,18.208,
soccer|georgia|romania|2026-06-02,totals|over|3.50|,totals,Over,3.5,,3.9,3.5367,"[""Unibet"", ""Betfair Exchange"", ""novibet"", ""bzzoiro-consensus""]","[""odds_api_io"", ""bzzoiro""]",4,5.128,
soccer|georgia|romania|2026-06-02,totals|under|3.50|,totals,Under,3.5,,1.33,1.2974,"[""Unibet"", ""Betfair Exchange"", ""bzzoiro-consensus""]","[""odds_api_io"", ""bzzoiro""]",3,3.552,
soccer|georgia|romania|2026-06-02,totals|over|1.50|,totals,Over,1.5,,1.36,1.3136,"[""Unibet"", ""Betfair Exchange"", ""bzzoiro-consensus""]","[""odds_api_io"", ""bzzoiro""]",3,5.211,
soccer|georgia|romania|2026-06-02,totals|under|1.50|,totals,Under,1.5,,3.6,3.3475,"[""Unibet"", ""Betfair Exchange"", ""betway"", ""bzzoiro-consensus""]","[""odds_api_io"", ""bzzoiro""]",4,3.57,
soccer|georgia|romania|2026-06-02,totals|over|4.50|,totals,Over,4.5,,8.4,7.0492,"[""Unibet"", ""Betfair Exchange""]","[""odds_api_io""]",2,4.762,
soccer|georgia|romania|2026-06-02,totals|under|4.50|,totals,Under,4.5,,1.12,1.1054,"[""Unibet"", ""Betfair Exchange""]","[""odds_api_io""]",2,2.457,
soccer|georgia|romania|2026-06-02,spreads|romania|3.00|away,spreads,Romania,3.0,away,1.3,1.1092,"[""Unibet"", ""Betfair Exchange""]","[""odds_api_io""]",3,22.087,
soccer|georgia|romania|2026-06-02,spreads|georgia|-2.25|home,spreads,Georgia,-2.25,home,11.29,11.29,"[""Betfair Exchange""]","[""odds_api_io""]",1,,
soccer|georgia|romania|2026-06-02,spreads|romania|2.25|away,spreads,Romania,2.25,away,1.07,1.07,"[""Betfair Exchange""]","[""odds_api_io""]",1,,
soccer|georgia|romania|2026-06-02,spreads|georgia|-2.75|home,spreads,Georgia,-2.75,home,17.62,17.62,"[""Betfair Exchange""]","[""odds_api_io""]",1,,
soccer|georgia|romania|2026-06-02,spreads|romania|2.75|away,spreads,Romania,2.75,away,1.04,1.04,"[""Betfair Exchange""]","[""odds_api_io""]",1,,
soccer|georgia|romania|2026-06-02,spreads|georgia|-2.50|home,spreads,Georgia,-2.5,home,12.11,12.11,"[""Betfair Exchange""]","[""odds_api_io""]",1,,
soccer|georgia|romania|2026-06-02,spreads|romania|2.50|away,spreads,Romania,2.5,away,1.07,1.07,"[""Betfair Exchange""]","[""odds_api_io""]",1,,
soccer|georgia|romania|2026-06-02,spreads|georgia|1.75|home,spreads,Georgia,1.75,home,1.06,1.06,"[""Betfair Exchange""]","[""odds_api_io""]",1,,
soccer|georgia|romania|2026-06-02,spreads|romania|-1.75|away,spreads,Romania,-1.75,away,12.41,12.41,"[""Betfair Exchange""]","[""odds_api_io""]",1,,
soccer|georgia|romania|2026-06-02,spreads|georgia|-3.25|home,spreads,Georgia,-3.25,home,35.01,35.01,"[""Betfair Exchange""]","[""odds_api_io""]",1,,
soccer|georgia|romania|2026-06-02,spreads|romania|3.25|away,spreads,Romania,3.25,away,1.01,1.01,"[""Betfair Exchange""]","[""odds_api_io""]",1,,
soccer|georgia|romania|2026-06-02,spreads|georgia|2.25|home,spreads,Georgia,2.25,home,1.02,1.02,"[""Betfair Exchange""]","[""odds_api_io""]",1,,
soccer|georgia|romania|2026-06-02,spreads|romania|-2.25|away,spreads,Romania,-2.25,away,24.06,24.06,"[""Betfair Exchange""]","[""odds_api_io""]",1,,
soccer|georgia|romania|2026-06-02,spreads|georgia|2.50|home,spreads,Georgia,2.5,home,1.02,1.02,"[""Betfair Exchange""]","[""odds_api_io""]",1,,
soccer|georgia|romania|2026-06-02,spreads|romania|-2.50|away,spreads,Romania,-2.5,away,25.0,25.0,"[""Betfair Exchange""]","[""odds_api_io""]",1,,
soccer|georgia|romania|2026-06-02,spreads|georgia|-3.50|home,spreads,Georgia,-3.5,home,36.0,36.0,"[""Betfair Exchange""]","[""odds_api_io""]",1,,
soccer|georgia|romania|2026-06-02,spreads|romania|3.50|away,spreads,Romania,3.5,away,1.01,1.01,"[""Betfair Exchange""]","[""odds_api_io""]",1,,
soccer|georgia|romania|2026-06-02,spreads|georgia|-3.75|home,spreads,Georgia,-3.75,home,36.0,36.0,"[""Betfair Exchange""]","[""odds_api_io""]",1,,
soccer|georgia|romania|2026-06-02,spreads|romania|3.75|away,spreads,Romania,3.75,away,1.01,1.01,"[""Betfair Exchange""]","[""odds_api_io""]",1,,
soccer|georgia|romania|2026-06-02,spreads|georgia|2.75|home,spreads,Georgia,2.75,home,1.01,1.01,"[""Betfair Exchange""]","[""odds_api_io""]",1,,
soccer|georgia|romania|2026-06-02,spreads|romania|-2.75|away,spreads,Romania,-2.75,away,40.11,40.11,"[""Betfair Exchange""]","[""odds_api_io""]",1,,
soccer|georgia|romania|2026-06-02,totals|over|2.75|,totals,Over,2.75,,2.45,2.3635,"[""Betfair Exchange"", ""Sbobet""]","[""odds_api_io""]",2,3.043,
soccer|georgia|romania|2026-06-02,totals|under|2.75|,totals,Under,2.75,,1.63,1.6151,"[""Betfair Exchange"", ""Sbobet""]","[""odds_api_io""]",2,1.15,
soccer|georgia|romania|2026-06-02,totals|over|4.00|,totals,Over,4.0,,7.24,7.24,"[""Betfair Exchange""]","[""odds_api_io""]",1,,
soccer|georgia|romania|2026-06-02,totals|under|4.00|,totals,Under,4.0,,1.14,1.14,"[""Betfair Exchange""]","[""odds_api_io""]",1,,
soccer|georgia|romania|2026-06-02,totals|over|5.50|,totals,Over,5.5,,21.0,21.0,"[""Betfair Exchange""]","[""odds_api_io""]",1,,
soccer|georgia|romania|2026-06-02,totals|under|5.50|,totals,Under,5.5,,1.03,1.03,"[""Betfair Exchange""]","[""odds_api_io""]",1,,
soccer|georgia|romania|2026-06-02,totals|over|5.00|,totals,Over,5.0,,19.58,19.58,"[""Betfair Exchange""]","[""odds_api_io""]",1,,
soccer|georgia|romania|2026-06-02,totals|under|5.00|,totals,Under,5.0,,1.03,1.03,"[""Betfair Exchange""]","[""odds_api_io""]",1,,
soccer|georgia|romania|2026-06-02,totals|over|1.00|,totals,Over,1.0,,1.09,1.09,"[""Betfair Exchange""]","[""odds_api_io""]",1,,
soccer|georgia|romania|2026-06-02,totals|under|1.00|,totals,Under,1.0,,10.03,10.03,"[""Betfair Exchange""]","[""odds_api_io""]",1,,
soccer|georgia|romania|2026-06-02,totals|over|2.25|,totals,Over,2.25,,1.84,1.8251,"[""Betfair Exchange"", ""Sbobet""]","[""odds_api_io""]",2,0.901,
soccer|georgia|romania|2026-06-02,totals|under|2.25|,totals,Under,2.25,,2.11,2.0597,"[""Betfair Exchange"", ""Sbobet""]","[""odds_api_io""]",2,2.358,
soccer|georgia|romania|2026-06-02,totals|over|4.75|,totals,Over,4.75,,11.57,11.57,"[""Betfair Exchange""]","[""odds_api_io""]",1,,
soccer|georgia|romania|2026-06-02,totals|under|4.75|,totals,Under,4.75,,1.07,1.07,"[""Betfair Exchange""]","[""odds_api_io""]",1,,
soccer|georgia|romania|2026-06-02,totals|over|2.00|,totals,Over,2.0,,1.56,1.56,"[""Betfair Exchange""]","[""odds_api_io""]",1,,
soccer|georgia|romania|2026-06-02,totals|under|2.00|,totals,Under,2.0,,2.6,2.6,"[""Betfair Exchange""]","[""odds_api_io""]",1,,
soccer|georgia|romania|2026-06-02,totals|over|0.75|,totals,Over,0.75,,1.08,1.08,"[""Betfair Exchange""]","[""odds_api_io""]",1,,
soccer|georgia|romania|2026-06-02,totals|under|0.75|,totals,Under,0.75,,11.15,11.15,"[""Betfair Exchange""]","[""odds_api_io""]",1,,
soccer|georgia|romania|2026-06-02,totals|over|1.25|,totals,Over,1.25,,1.22,1.22,"[""Betfair Exchange""]","[""odds_api_io""]",1,,
soccer|georgia|romania|2026-06-02,totals|under|1.25|,totals,Under,1.25,,5.03,5.03,"[""Betfair Exchange""]","[""odds_api_io""]",1,,
soccer|georgia|romania|2026-06-02,totals|over|1.75|,totals,Over,1.75,,1.43,1.43,"[""Betfair Exchange""]","[""odds_api_io""]",1,,
soccer|georgia|romania|2026-06-02,totals|under|1.75|,totals,Under,1.75,,2.99,2.99,"[""Betfair Exchange""]","[""odds_api_io""]",1,,
soccer|georgia|romania|2026-06-02,totals|over|3.00|,totals,Over,3.0,,3.06,3.06,"[""Betfair Exchange""]","[""odds_api_io""]",1,,
soccer|georgia|romania|2026-06-02,totals|under|3.00|,totals,Under,3.0,,1.45,1.45,"[""Betfair Exchange""]","[""odds_api_io""]",1,,
soccer|georgia|romania|2026-06-02,totals|over|5.25|,totals,Over,5.25,,20.29,20.29,"[""Betfair Exchange""]","[""odds_api_io""]",1,,
soccer|georgia|romania|2026-06-02,totals|under|5.25|,totals,Under,5.25,,1.03,1.03,"[""Betfair Exchange""]","[""odds_api_io""]",1,,
soccer|georgia|romania|2026-06-02,totals|over|0.50|,totals,Over,0.5,,1.07,1.07,"[""Betfair Exchange""]","[""odds_api_io""]",1,,
soccer|georgia|romania|2026-06-02,totals|under|0.50|,totals,Under,0.5,,12.5,12.5,"[""Betfair Exchange""]","[""odds_api_io""]",1,,
soccer|georgia|romania|2026-06-02,totals|over|3.25|,totals,Over,3.25,,3.48,3.48,"[""Betfair Exchange""]","[""odds_api_io""]",1,,
soccer|georgia|romania|2026-06-02,totals|under|3.25|,totals,Under,3.25,,1.38,1.38,"[""Betfair Exchange""]","[""odds_api_io""]",1,,
soccer|georgia|romania|2026-06-02,totals|over|3.75|,totals,Over,3.75,,4.96,4.96,"[""Betfair Exchange""]","[""odds_api_io""]",1,,
soccer|georgia|romania|2026-06-02,totals|under|3.75|,totals,Under,3.75,,1.23,1.23,"[""Betfair Exchange""]","[""odds_api_io""]",1,,
soccer|georgia|romania|2026-06-02,totals|over|5.75|,totals,Over,5.75,,30.62,30.62,"[""Betfair Exchange""]","[""odds_api_io""]",1,,
soccer|georgia|romania|2026-06-02,totals|under|5.75|,totals,Under,5.75,,1.01,1.01,"[""Betfair Exchange""]","[""odds_api_io""]",1,,
soccer|georgia|romania|2026-06-02,totals|over|6.00|,totals,Over,6.0,,1.01,1.01,"[""Betfair Exchange""]","[""odds_api_io""]",1,,
soccer|georgia|romania|2026-06-02,totals|under|6.00|,totals,Under,6.0,,1.01,1.01,"[""Betfair Exchange""]","[""odds_api_io""]",1,,
soccer|georgia|romania|2026-06-02,totals|over|6.50|,totals,Over,6.5,,60.0,60.0,"[""Betfair Exchange""]","[""odds_api_io""]",1,,
soccer|georgia|romania|2026-06-02,totals|under|6.50|,totals,Under,6.5,,1.01,1.01,"[""Betfair Exchange""]","[""odds_api_io""]",1,,
soccer|georgia|romania|2026-06-02,totals|over|6.25|,totals,Over,6.25,,59.06,59.06,"[""Betfair Exchange""]","[""odds_api_io""]",1,,
soccer|georgia|romania|2026-06-02,totals|under|6.25|,totals,Under,6.25,,1.01,1.01,"[""Betfair Exchange""]","[""odds_api_io""]",1,,
soccer|georgia|romania|2026-06-02,totals|over|4.25|,totals,Over,4.25,,7.82,7.82,"[""Betfair Exchange""]","[""odds_api_io""]",1,,
soccer|georgia|romania|2026-06-02,totals|under|4.25|,totals,Under,4.25,,1.13,1.13,"[""Betfair Exchange""]","[""odds_api_io""]",1,,
soccer|georgia|romania|2026-06-02,totals|over|7.25|,totals,Over,7.25,,169.08,169.08,"[""Betfair Exchange""]","[""odds_api_io""]",1,,
soccer|georgia|romania|2026-06-02,totals|under|7.25|,totals,Under,7.25,,1.02,1.02,"[""Betfair Exchange""]","[""odds_api_io""]",1,,
soccer|georgia|romania|2026-06-02,spreads|georgia|3.00|home,spreads,Georgia,3.0,home,1.02,1.02,"[""Betfair Exchange""]","[""odds_api_io""]",1,,
soccer|georgia|romania|2026-06-02,totals|over|25.00|,totals,Over,25.0,,2.099,2.0419,"[""1xbet"", ""over@2.5""]","[""bzzoiro""]",2,2.61,
soccer|georgia|romania|2026-06-02,totals|under|25.00|,totals,Under,25.0,,1.838,1.7974,"[""1xbet"", ""under@2.5""]","[""bzzoiro""]",2,2.411,
soccer|georgia|romania|2026-06-02,totals|under|15.00|,totals,Under,15.0,,3.3,3.2441,"[""betway"", ""under@1.5""]","[""bzzoiro""]",2,1.045,
soccer|georgia|romania|2026-06-02,totals|over|35.00|,totals,Over,35.0,,3.6,3.5129,"[""novibet"", ""over@3.5""]","[""bzzoiro""]",2,1.377,
soccer|georgia|romania|2026-06-02,totals|over|15.00|,totals,Over,15.0,,1.31,1.31,"[""over@1.5""]","[""bzzoiro""]",1,,
soccer|georgia|romania|2026-06-02,totals|under|35.00|,totals,Under,35.0,,1.27,1.27,"[""under@3.5""]","[""bzzoiro""]",1,,
soccer|georgia|romania|2026-06-02,totals|over||,totals,Over,,,15.75,2.2047,"[""over@0.5"", ""over@1.5"", ""over@4.5"", ""over@5.5"", ""over@6.5"", ""over@7.5"", ""over@8.5"", ""over@9.0"", ""over@9.5"", ""over@10.5"", ""over@11.5"", ""over@12.5"", ""over@13.5"", ""over@14.5"", ""over@15.5"", ""over@8.0"", ""over@3.5""]","[""bzzoiro""]",17,93.551,
soccer|georgia|romania|2026-06-02,totals|under||,totals,Under,,,14.0,1.6141,"[""under@0.5"", ""under@1.5"", ""under@4.5"", ""under@5.5"", ""under@6.5"", ""under@7.5"", ""under@8.5"", ""under@9.0"", ""under@9.5"", ""under@10.5"", ""under@11.5"", ""under@12.5"", ""under@13.5"", ""under@14.5"", ""under@8.0"", ""under@3.5"", ""under@15.5""]","[""bzzoiro""]",17,92.757,
soccer|angelholms ff|rosengaard 1917|2026-06-02,h2h|fc rosengaard 1917||home,h2h,FC Rosengaard 1917,,home,1.86,1.7882,"[""Bet365"", ""Betfair Exchange"", ""Sbobet""]","[""odds_api_io""]",3,4.14,
soccer|angelholms ff|rosengaard 1917|2026-06-02,h2h|draw||,h2h,Draw,,,3.85,3.5923,"[""Bet365"", ""Betfair Exchange"", ""Sbobet""]","[""odds_api_io""]",3,4.607,
soccer|angelholms ff|rosengaard 1917|2026-06-02,h2h|angelholms ff||away,h2h,Angelholms FF,,away,4.4,3.883,"[""Bet365"", ""Betfair Exchange"", ""Sbobet""]","[""odds_api_io""]",3,5.601,
soccer|angelholms ff|rosengaard 1917|2026-06-02,dnb|fc rosengaard 1917|0.00|home,dnb,FC Rosengaard 1917,0.0,home,1.38,1.3716,"[""Bet365"", ""Betfair Exchange""]","[""odds_api_io""]",2,0.904,
soccer|angelholms ff|rosengaard 1917|2026-06-02,dnb|angelholms ff|0.00|away,dnb,Angelholms FF,0.0,away,3.3,3.1456,"[""Bet365"", ""Betfair Exchange""]","[""odds_api_io""]",2,3.03,
soccer|angelholms ff|rosengaard 1917|2026-06-02,spreads|fc rosengaard 1917|-0.75|home,spreads,FC Rosengaard 1917,-0.75,home,2.06,2.0284,"[""Bet365"", ""Betfair Exchange""]","[""odds_api_io""]",3,1.456,
soccer|angelholms ff|rosengaard 1917|2026-06-02,spreads|angelholms ff|0.75|away,spreads,Angelholms FF,0.75,away,4.8,2.2772,"[""Bet365"", ""Betfair Exchange""]","[""odds_api_io""]",3,34.722,
soccer|angelholms ff|rosengaard 1917|2026-06-02,totals|over|2.75|,totals,Over,2.75,,1.91,1.8967,"[""Bet365"", ""Betfair Exchange"", ""Sbobet""]","[""odds_api_io""]",3,0.835,
soccer|angelholms ff|rosengaard 1917|2026-06-02,totals|under|2.75|,totals,Under,2.75,,1.93,1.9167,"[""Bet365"", ""Betfair Exchange"", ""Sbobet""]","[""odds_api_io""]",3,0.818,
soccer|angelholms ff|rosengaard 1917|2026-06-02,totals|over|2.50|,totals,Over,2.5,,1.73,1.6636,"[""Bet365"", ""Betfair Exchange""]","[""odds_api_io""]",2,4.697,
soccer|angelholms ff|rosengaard 1917|2026-06-02,totals|under|2.50|,totals,Under,2.5,,2.3,2.2691,"[""Bet365"", ""Betfair Exchange""]","[""odds_api_io""]",2,1.165,
soccer|angelholms ff|rosengaard 1917|2026-06-02,btts|yes||,btts,Yes,,,1.65,1.6326,"[""Bet365"", ""Betfair Exchange""]","[""odds_api_io""]",2,1.313,
soccer|angelholms ff|rosengaard 1917|2026-06-02,btts|no||,btts,No,,,2.34,2.2691,"[""Bet365"", ""Betfair Exchange""]","[""odds_api_io""]",2,2.72,
soccer|angelholms ff|rosengaard 1917|2026-06-02,spreads|fc rosengaard 1917|-3.00|home,spreads,FC Rosengaard 1917,-3.0,home,16.0,13.6002,"[""Bet365"", ""Betfair Exchange""]","[""odds_api_io""]",3,2.841,
soccer|angelholms ff|rosengaard 1917|2026-06-02,spreads|fc rosengaard 1917|-2.00|home,spreads,FC Rosengaard 1917,-2.0,home,6.2,5.566,"[""Bet365"", ""Betfair Exchange""]","[""odds_api_io""]",4,2.919,
soccer|angelholms ff|rosengaard 1917|2026-06-02,spreads|angelholms ff|2.00|away,spreads,Angelholms FF,2.0,away,21.0,1.5841,"[""Bet365"", ""Betfair Exchange""]","[""odds_api_io""]",4,81.445,
soccer|angelholms ff|rosengaard 1917|2026-06-02,spreads|fc rosengaard 1917|1.00|home,spreads,FC Rosengaard 1917,1.0,home,1.26,1.1688,"[""Bet365"", ""Betfair Exchange""]","[""odds_api_io""]",3,13.228,
soccer|angelholms ff|rosengaard 1917|2026-06-02,spreads|fc rosengaard 1917|2.00|home,spreads,FC Rosengaard 1917,2.0,home,1.07,1.0501,"[""Bet365"", ""Betfair Exchange""]","[""odds_api_io""]",3,4.581,
soccer|angelholms ff|rosengaard 1917|2026-06-02,spreads|angelholms ff|-2.00|away,spreads,Angelholms FF,-2.0,away,32.0,3.8456,"[""Bet365"", ""Betfair Exchange""]","[""odds_api_io""]",3,70.243,
soccer|angelholms ff|rosengaard 1917|2026-06-02,spreads|angelholms ff|1.00|away,spreads,Angelholms FF,1.0,away,8.0,2.1024,"[""Bet365"", ""Betfair Exchange""]","[""odds_api_io""]",4,52.016,
soccer|angelholms ff|rosengaard 1917|2026-06-02,teamTotals|over|4.50|,teamTotals,Over,4.5,,21.0,14.0,"[""Bet365""]","[""odds_api_io""]",2,4.762,
soccer|angelholms ff|rosengaard 1917|2026-06-02,teamTotals|under|4.50|,teamTotals,Under,4.5,,1.025,1.0134,"[""Bet365""]","[""odds_api_io""]",2,2.239,
soccer|angelholms ff|rosengaard 1917|2026-06-02,teamTotals|over|0.50|,teamTotals,Over,0.5,,1.4,1.2579,"[""Bet365""]","[""odds_api_io""]",2,16.137,
soccer|angelholms ff|rosengaard 1917|2026-06-02,teamTotals|under|0.50|,teamTotals,Under,0.5,,5.0,3.5484,"[""Bet365""]","[""odds_api_io""]",2,16.364,
soccer|angelholms ff|rosengaard 1917|2026-06-02,teamTotals|over|2.50|,teamTotals,Over,2.5,,7.0,4.439,"[""Bet365""]","[""odds_api_io""]",2,16.484,
soccer|angelholms ff|rosengaard 1917|2026-06-02,teamTotals|under|2.50|,teamTotals,Under,2.5,,1.333,1.1951,"[""Bet365""]","[""odds_api_io""]",2,17.317,
soccer|angelholms ff|rosengaard 1917|2026-06-02,teamTotals|over|3.50|,teamTotals,Over,3.5,,12.0,8.4324,"[""Bet365""]","[""odds_api_io""]",2,7.051,
soccer|angelholms ff|rosengaard 1917|2026-06-02,teamTotals|under|3.50|,teamTotals,Under,3.5,,1.1,1.0558,"[""Bet365""]","[""odds_api_io""]",2,7.613,
soccer|angelholms ff|rosengaard 1917|2026-06-02,teamTotals|over|1.50|,teamTotals,Over,1.5,,2.75,2.075,"[""Bet365""]","[""odds_api_io""]",2,23.66,
soccer|angelholms ff|rosengaard 1917|2026-06-02,teamTotals|under|1.50|,teamTotals,Under,1.5,,2.1,1.68,"[""Bet365""]","[""odds_api_io""]",2,23.81,
soccer|angelholms ff|rosengaard 1917|2026-06-02,spreads|fc rosengaard 1917|-2.25|home,spreads,FC Rosengaard 1917,-2.25,home,5.87,5.6823,"[""Bet365"", ""Betfair Exchange""]","[""odds_api_io""]",2,1.146,
soccer|angelholms ff|rosengaard 1917|2026-06-02,spreads|angelholms ff|2.25|away,spreads,Angelholms FF,2.25,away,1.15,1.1449,"[""Bet365"", ""Betfair Exchange""]","[""odds_api_io""]",2,0.763,
soccer|angelholms ff|rosengaard 1917|2026-06-02,spreads|fc rosengaard 1917|-2.50|home,spreads,FC Rosengaard 1917,-2.5,home,6.35,6.1208,"[""Bet365"", ""Betfair Exchange""]","[""odds_api_io""]",2,1.201,
soccer|angelholms ff|rosengaard 1917|2026-06-02,spreads|angelholms ff|2.50|away,spreads,Angelholms FF,2.5,away,1.13,1.13,"[""Bet365"", ""Betfair Exchange""]","[""odds_api_io""]",2,,
soccer|angelholms ff|rosengaard 1917|2026-06-02,spreads|fc rosengaard 1917|-1.50|home,spreads,FC Rosengaard 1917,-1.5,home,3.03,3.0152,"[""Bet365"", ""Betfair Exchange""]","[""odds_api_io""]",2,0.33,
soccer|angelholms ff|rosengaard 1917|2026-06-02,spreads|angelholms ff|1.50|away,spreads,Angelholms FF,1.5,away,1.375,1.3622,"[""Bet365"", ""Betfair Exchange""]","[""odds_api_io""]",2,1.347,
soccer|angelholms ff|rosengaard 1917|2026-06-02,spreads|fc rosengaard 1917|-1.25|home,spreads,FC Rosengaard 1917,-1.25,home,2.73,2.7027,"[""Bet365"", ""Betfair Exchange""]","[""odds_api_io""]",2,0.753,
soccer|angelholms ff|rosengaard 1917|2026-06-02,spreads|angelholms ff|1.25|away,spreads,Angelholms FF,1.25,away,1.45,1.4397,"[""Bet365"", ""Betfair Exchange""]","[""odds_api_io""]",2,0.965,
soccer|angelholms ff|rosengaard 1917|2026-06-02,spreads|fc rosengaard 1917|-1.00|home,spreads,FC Rosengaard 1917,-1.0,home,3.0,2.5681,"[""Bet365"", ""Betfair Exchange""]","[""odds_api_io""]",3,8.772,
soccer|angelholms ff|rosengaard 1917|2026-06-02,spreads|fc rosengaard 1917|-0.25|home,spreads,FC Rosengaard 1917,-0.25,home,1.62,1.6101,"[""Bet365"", ""Betfair Exchange""]","[""odds_api_io""]",2,0.772,
soccer|angelholms ff|rosengaard 1917|2026-06-02,spreads|angelholms ff|0.25|away,spreads,Angelholms FF,0.25,away,3.45,2.8839,"[""Bet365"", ""Betfair Exchange""]","[""odds_api_io""]",2,11.175,
soccer|angelholms ff|rosengaard 1917|2026-06-02,spreads|fc rosengaard 1917|0.00|home,spreads,FC Rosengaard 1917,0.0,home,1.38,1.3775,"[""Bet365"", ""Betfair Exchange""]","[""odds_api_io""]",2,0.264,
soccer|angelholms ff|rosengaard 1917|2026-06-02,spreads|angelholms ff|-0.00|away,spreads,Angelholms FF,-0.0,away,3.32,3.1548,"[""Bet365"", ""Betfair Exchange""]","[""odds_api_io""]",2,3.213,
soccer|angelholms ff|rosengaard 1917|2026-06-02,spreads|fc rosengaard 1917|0.25|home,spreads,FC Rosengaard 1917,0.25,home,1.31,1.3051,"[""Bet365"", ""Betfair Exchange""]","[""odds_api_io""]",2,0.587,
soccer|angelholms ff|rosengaard 1917|2026-06-02,spreads|angelholms ff|-0.25|away,spreads,Angelholms FF,-0.25,away,3.86,2.8958,"[""Bet365"", ""Betfair Exchange""]","[""odds_api_io""]",2,17.572,
soccer|angelholms ff|rosengaard 1917|2026-06-02,spreads|fc rosengaard 1917|0.75|home,spreads,FC Rosengaard 1917,0.75,home,1.175,1.1724,"[""Bet365"", ""Betfair Exchange""]","[""odds_api_io""]",2,0.364,
soccer|angelholms ff|rosengaard 1917|2026-06-02,spreads|angelholms ff|-0.75|away,spreads,Angelholms FF,-0.75,away,5.73,2.7366,"[""Bet365"", ""Betfair Exchange""]","[""odds_api_io""]",2,38.886,
soccer|angelholms ff|rosengaard 1917|2026-06-02,spreads|fc rosengaard 1917|-1.75|home,spreads,FC Rosengaard 1917,-1.75,home,3.77,3.7353,"[""Bet365"", ""Betfair Exchange""]","[""odds_api_io""]",2,0.502,
soccer|angelholms ff|rosengaard 1917|2026-06-02,spreads|angelholms ff|1.75|away,spreads,Angelholms FF,1.75,away,1.26,1.2549,"[""Bet365"", ""Betfair Exchange""]","[""odds_api_io""]",2,0.635,
soccer|angelholms ff|rosengaard 1917|2026-06-02,spreads|fc rosengaard 1917|0.50|home,spreads,FC Rosengaard 1917,0.5,home,1.26,1.26,"[""Bet365"", ""Betfair Exchange""]","[""odds_api_io""]",2,,
soccer|angelholms ff|rosengaard 1917|2026-06-02,spreads|angelholms ff|-0.50|away,spreads,Angelholms FF,-0.5,away,4.4,4.0261,"[""Bet365"", ""Betfair Exchange""]","[""odds_api_io""]",2,4.3,
soccer|angelholms ff|rosengaard 1917|2026-06-02,teamTotals|over|5.50|,teamTotals,Over,5.5,,17.0,17.0,"[""Bet365""]","[""odds_api_io""]",1,,
soccer|angelholms ff|rosengaard 1917|2026-06-02,teamTotals|under|5.50|,teamTotals,Under,5.5,,1.005,1.005,"[""Bet365""]","[""odds_api_io""]",1,,
soccer|angelholms ff|rosengaard 1917|2026-06-02,doubleChance|1x||,doubleChance,1X,,,1.26,1.26,"[""Betfair Exchange""]","[""odds_api_io""]",1,,
soccer|angelholms ff|rosengaard 1917|2026-06-02,doubleChance|12||,doubleChance,12,,,1.31,1.31,"[""Betfair Exchange""]","[""odds_api_io""]",1,,
soccer|angelholms ff|rosengaard 1917|2026-06-02,doubleChance|x2||,doubleChance,X2,,,2.08,2.08,"[""Betfair Exchange""]","[""odds_api_io""]",1,,
soccer|angelholms ff|rosengaard 1917|2026-06-02,spreads|fc rosengaard 1917|-0.50|home,spreads,FC Rosengaard 1917,-0.5,home,1.86,1.8198,"[""Betfair Exchange"", ""Sbobet""]","[""odds_api_io""]",2,2.416,
soccer|angelholms ff|rosengaard 1917|2026-06-02,spreads|angelholms ff|0.50|away,spreads,Angelholms FF,0.5,away,2.09,2.055,"[""Betfair Exchange"", ""Sbobet""]","[""odds_api_io""]",2,1.658,
soccer|angelholms ff|rosengaard 1917|2026-06-02,spreads|fc rosengaard 1917|-3.50|home,spreads,FC Rosengaard 1917,-3.5,home,16.0,16.0,"[""Betfair Exchange""]","[""odds_api_io""]",1,,
soccer|angelholms ff|rosengaard 1917|2026-06-02,spreads|angelholms ff|3.50|away,spreads,Angelholms FF,3.5,away,1.04,1.04,"[""Betfair Exchange""]","[""odds_api_io""]",1,,
soccer|angelholms ff|rosengaard 1917|2026-06-02,spreads|fc rosengaard 1917|-2.75|home,spreads,FC Rosengaard 1917,-2.75,home,8.83,8.83,"[""Betfair Exchange""]","[""odds_api_io""]",1,,
soccer|angelholms ff|rosengaard 1917|2026-06-02,spreads|angelholms ff|2.75|away,spreads,Angelholms FF,2.75,away,1.09,1.09,"[""Betfair Exchange""]","[""odds_api_io""]",1,,
soccer|angelholms ff|rosengaard 1917|2026-06-02,spreads|fc rosengaard 1917|-3.25|home,spreads,FC Rosengaard 1917,-3.25,home,15.52,15.52,"[""Betfair Exchange""]","[""odds_api_io""]",1,,
soccer|angelholms ff|rosengaard 1917|2026-06-02,spreads|angelholms ff|3.25|away,spreads,Angelholms FF,3.25,away,1.04,1.04,"[""Betfair Exchange""]","[""odds_api_io""]",1,,
soccer|angelholms ff|rosengaard 1917|2026-06-02,spreads|angelholms ff|3.00|away,spreads,Angelholms FF,3.0,away,1.13,1.0831,"[""Betfair Exchange""]","[""odds_api_io""]",2,7.658,
soccer|angelholms ff|rosengaard 1917|2026-06-02,spreads|fc rosengaard 1917|-3.75|home,spreads,FC Rosengaard 1917,-3.75,home,16.0,16.0,"[""Betfair Exchange""]","[""odds_api_io""]",1,,
soccer|angelholms ff|rosengaard 1917|2026-06-02,spreads|angelholms ff|3.75|away,spreads,Angelholms FF,3.75,away,1.02,1.02,"[""Betfair Exchange""]","[""odds_api_io""]",1,,
soccer|angelholms ff|rosengaard 1917|2026-06-02,spreads|angelholms ff|-1.00|away,spreads,Angelholms FF,-1.0,away,10.0,9.3674,"[""Betfair Exchange""]","[""odds_api_io""]",2,1.351,
soccer|angelholms ff|rosengaard 1917|2026-06-02,spreads|fc rosengaard 1917|1.75|home,spreads,FC Rosengaard 1917,1.75,home,1.04,1.04,"[""Betfair Exchange""]","[""odds_api_io""]",1,,
soccer|angelholms ff|rosengaard 1917|2026-06-02,spreads|angelholms ff|-1.75|away,spreads,Angelholms FF,-1.75,away,14.99,14.99,"[""Betfair Exchange""]","[""odds_api_io""]",1,,
soccer|angelholms ff|rosengaard 1917|2026-06-02,spreads|fc rosengaard 1917|1.50|home,spreads,FC Rosengaard 1917,1.5,home,1.07,1.07,"[""Betfair Exchange""]","[""odds_api_io""]",1,,
soccer|angelholms ff|rosengaard 1917|2026-06-02,spreads|angelholms ff|-1.50|away,spreads,Angelholms FF,-1.5,away,10.11,10.11,"[""Betfair Exchange""]","[""odds_api_io""]",1,,
soccer|angelholms ff|rosengaard 1917|2026-06-02,spreads|fc rosengaard 1917|1.25|home,spreads,FC Rosengaard 1917,1.25,home,1.07,1.07,"[""Betfair Exchange""]","[""odds_api_io""]",1,,
soccer|angelholms ff|rosengaard 1917|2026-06-02,spreads|angelholms ff|-1.25|away,spreads,Angelholms FF,-1.25,away,9.46,9.46,"[""Betfair Exchange""]","[""odds_api_io""]",1,,
soccer|angelholms ff|rosengaard 1917|2026-06-02,spreads|fc rosengaard 1917|2.50|home,spreads,FC Rosengaard 1917,2.5,home,1.02,1.02,"[""Betfair Exchange""]","[""odds_api_io""]",1,,
soccer|angelholms ff|rosengaard 1917|2026-06-02,spreads|angelholms ff|-2.50|away,spreads,Angelholms FF,-2.5,away,33.47,33.47,"[""Betfair Exchange""]","[""odds_api_io""]",1,,
soccer|angelholms ff|rosengaard 1917|2026-06-02,spreads|fc rosengaard 1917|2.25|home,spreads,FC Rosengaard 1917,2.25,home,1.02,1.02,"[""Betfair Exchange""]","[""odds_api_io""]",1,,
soccer|angelholms ff|rosengaard 1917|2026-06-02,spreads|angelholms ff|-2.25|away,spreads,Angelholms FF,-2.25,away,32.32,32.32,"[""Betfair Exchange""]","[""odds_api_io""]",1,,
soccer|angelholms ff|rosengaard 1917|2026-06-02,spreads|fc rosengaard 1917|2.75|home,spreads,FC Rosengaard 1917,2.75,home,1.01,1.01,"[""Betfair Exchange""]","[""odds_api_io""]",1,,
soccer|angelholms ff|rosengaard 1917|2026-06-02,spreads|angelholms ff|-2.75|away,spreads,Angelholms FF,-2.75,away,53.42,53.42,"[""Betfair Exchange""]","[""odds_api_io""]",1,,
soccer|angelholms ff|rosengaard 1917|2026-06-02,totals|over|2.25|,totals,Over,2.25,,1.53,1.53,"[""Betfair Exchange""]","[""odds_api_io""]",1,,
soccer|angelholms ff|rosengaard 1917|2026-06-02,totals|under|2.25|,totals,Under,2.25,,2.64,2.64,"[""Betfair Exchange""]","[""odds_api_io""]",1,,
soccer|angelholms ff|rosengaard 1917|2026-06-02,totals|over|1.75|,totals,Over,1.75,,1.27,1.27,"[""Betfair Exchange""]","[""odds_api_io""]",1,,
soccer|angelholms ff|rosengaard 1917|2026-06-02,totals|under|1.75|,totals,Under,1.75,,3.85,3.85,"[""Betfair Exchange""]","[""odds_api_io""]",1,,
soccer|angelholms ff|rosengaard 1917|2026-06-02,totals|over|7.00|,totals,Over,7.0,,83.16,83.16,"[""Betfair Exchange""]","[""odds_api_io""]",1,,
soccer|angelholms ff|rosengaard 1917|2026-06-02,totals|under|7.00|,totals,Under,7.0,,1.01,1.01,"[""Betfair Exchange""]","[""odds_api_io""]",1,,
soccer|angelholms ff|rosengaard 1917|2026-06-02,totals|over|6.50|,totals,Over,6.5,,30.0,30.0,"[""Betfair Exchange""]","[""odds_api_io""]",1,,
soccer|angelholms ff|rosengaard 1917|2026-06-02,totals|under|6.50|,totals,Under,6.5,,1.02,1.02,"[""Betfair Exchange""]","[""odds_api_io""]",1,,
soccer|angelholms ff|rosengaard 1917|2026-06-02,totals|over|1.00|,totals,Over,1.0,,1.05,1.05,"[""Betfair Exchange""]","[""odds_api_io""]",1,,
soccer|angelholms ff|rosengaard 1917|2026-06-02,totals|under|1.00|,totals,Under,1.0,,12.48,12.48,"[""Betfair Exchange""]","[""odds_api_io""]",1,,
soccer|angelholms ff|rosengaard 1917|2026-06-02,totals|over|4.75|,totals,Over,4.75,,7.35,7.35,"[""Betfair Exchange""]","[""odds_api_io""]",1,,
soccer|angelholms ff|rosengaard 1917|2026-06-02,totals|under|4.75|,totals,Under,4.75,,1.11,1.11,"[""Betfair Exchange""]","[""odds_api_io""]",1,,
soccer|angelholms ff|rosengaard 1917|2026-06-02,totals|over|6.00|,totals,Over,6.0,,28.6,28.6,"[""Betfair Exchange""]","[""odds_api_io""]",1,,
soccer|angelholms ff|rosengaard 1917|2026-06-02,totals|under|6.00|,totals,Under,6.0,,1.02,1.02,"[""Betfair Exchange""]","[""odds_api_io""]",1,,
soccer|angelholms ff|rosengaard 1917|2026-06-02,totals|over|5.00|,totals,Over,5.0,,11.26,11.26,"[""Betfair Exchange""]","[""odds_api_io""]",1,,
soccer|angelholms ff|rosengaard 1917|2026-06-02,totals|under|5.00|,totals,Under,5.0,,1.07,1.07,"[""Betfair Exchange""]","[""odds_api_io""]",1,,
soccer|angelholms ff|rosengaard 1917|2026-06-02,totals|over|4.25|,totals,Over,4.25,,5.12,5.12,"[""Betfair Exchange""]","[""odds_api_io""]",1,,
soccer|angelholms ff|rosengaard 1917|2026-06-02,totals|under|4.25|,totals,Under,4.25,,1.2,1.2,"[""Betfair Exchange""]","[""odds_api_io""]",1,,
soccer|angelholms ff|rosengaard 1917|2026-06-02,totals|over|1.50|,totals,Over,1.5,,1.24,1.24,"[""Betfair Exchange""]","[""odds_api_io""]",1,,
soccer|angelholms ff|rosengaard 1917|2026-06-02,totals|under|1.50|,totals,Under,1.5,,4.8,4.8,"[""Betfair Exchange""]","[""odds_api_io""]",1,,
soccer|angelholms ff|rosengaard 1917|2026-06-02,totals|over|1.25|,totals,Over,1.25,,1.14,1.14,"[""Betfair Exchange""]","[""odds_api_io""]",1,,
soccer|angelholms ff|rosengaard 1917|2026-06-02,totals|under|1.25|,totals,Under,1.25,,6.71,6.71,"[""Betfair Exchange""]","[""odds_api_io""]",1,,
soccer|angelholms ff|rosengaard 1917|2026-06-02,totals|over|7.25|,totals,Over,7.25,,84.08,84.08,"[""Betfair Exchange""]","[""odds_api_io""]",1,,
soccer|angelholms ff|rosengaard 1917|2026-06-02,totals|under|7.25|,totals,Under,7.25,,1.01,1.01,"[""Betfair Exchange""]","[""odds_api_io""]",1,,
soccer|angelholms ff|rosengaard 1917|2026-06-02,totals|over|6.25|,totals,Over,6.25,,29.3,29.3,"[""Betfair Exchange""]","[""odds_api_io""]",1,,
soccer|angelholms ff|rosengaard 1917|2026-06-02,totals|under|6.25|,totals,Under,6.25,,1.02,1.02,"[""Betfair Exchange""]","[""odds_api_io""]",1,,
soccer|angelholms ff|rosengaard 1917|2026-06-02,totals|over|2.00|,totals,Over,2.0,,1.33,1.33,"[""Betfair Exchange""]","[""odds_api_io""]",1,,
soccer|angelholms ff|rosengaard 1917|2026-06-02,totals|under|2.00|,totals,Under,2.0,,3.45,3.45,"[""Betfair Exchange""]","[""odds_api_io""]",1,,
soccer|angelholms ff|rosengaard 1917|2026-06-02,totals|over|3.50|,totals,Over,3.5,,2.86,2.86,"[""Betfair Exchange""]","[""odds_api_io""]",1,,
soccer|angelholms ff|rosengaard 1917|2026-06-02,totals|under|3.50|,totals,Under,3.5,,1.47,1.47,"[""Betfair Exchange""]","[""odds_api_io""]",1,,
soccer|angelholms ff|rosengaard 1917|2026-06-02,totals|over|7.50|,totals,Over,7.5,,85.0,85.0,"[""Betfair Exchange""]","[""odds_api_io""]",1,,
soccer|angelholms ff|rosengaard 1917|2026-06-02,totals|under|7.50|,totals,Under,7.5,,1.01,1.01,"[""Betfair Exchange""]","[""odds_api_io""]",1,,
soccer|angelholms ff|rosengaard 1917|2026-06-02,totals|over|5.75|,totals,Over,5.75,,17.23,17.23,"[""Betfair Exchange""]","[""odds_api_io""]",1,,
soccer|angelholms ff|rosengaard 1917|2026-06-02,totals|under|5.75|,totals,Under,5.75,,1.04,1.04,"[""Betfair Exchange""]","[""odds_api_io""]",1,,
soccer|angelholms ff|rosengaard 1917|2026-06-02,totals|over|4.00|,totals,Over,4.0,,4.64,4.64,"[""Betfair Exchange""]","[""odds_api_io""]",1,,
soccer|angelholms ff|rosengaard 1917|2026-06-02,totals|under|4.00|,totals,Under,4.0,,1.22,1.22,"[""Betfair Exchange""]","[""odds_api_io""]",1,,
soccer|angelholms ff|rosengaard 1917|2026-06-02,totals|over|6.75|,totals,Over,6.75,,43.86,43.86,"[""Betfair Exchange""]","[""odds_api_io""]",1,,
soccer|angelholms ff|rosengaard 1917|2026-06-02,totals|under|6.75|,totals,Under,6.75,,1.01,1.01,"[""Betfair Exchange""]","[""odds_api_io""]",1,,
soccer|angelholms ff|rosengaard 1917|2026-06-02,totals|over|3.75|,totals,Over,3.75,,3.46,3.46,"[""Betfair Exchange""]","[""odds_api_io""]",1,,
soccer|angelholms ff|rosengaard 1917|2026-06-02,totals|under|3.75|,totals,Under,3.75,,1.31,1.31,"[""Betfair Exchange""]","[""odds_api_io""]",1,,
soccer|angelholms ff|rosengaard 1917|2026-06-02,totals|over|3.25|,totals,Over,3.25,,2.53,2.53,"[""Betfair Exchange""]","[""odds_api_io""]",1,,
soccer|angelholms ff|rosengaard 1917|2026-06-02,totals|under|3.25|,totals,Under,3.25,,1.56,1.56,"[""Betfair Exchange""]","[""odds_api_io""]",1,,
soccer|angelholms ff|rosengaard 1917|2026-06-02,totals|over|3.00|,totals,Over,3.0,,2.21,2.21,"[""Betfair Exchange""]","[""odds_api_io""]",1,,
soccer|angelholms ff|rosengaard 1917|2026-06-02,totals|under|3.00|,totals,Under,3.0,,1.69,1.69,"[""Betfair Exchange""]","[""odds_api_io""]",1,,
soccer|angelholms ff|rosengaard 1917|2026-06-02,totals|over|0.75|,totals,Over,0.75,,1.05,1.05,"[""Betfair Exchange""]","[""odds_api_io""]",1,,
soccer|angelholms ff|rosengaard 1917|2026-06-02,totals|under|0.75|,totals,Under,0.75,,13.5,13.5,"[""Betfair Exchange""]","[""odds_api_io""]",1,,
soccer|angelholms ff|rosengaard 1917|2026-06-02,totals|over|0.50|,totals,Over,0.5,,1.05,1.05,"[""Betfair Exchange""]","[""odds_api_io""]",1,,
soccer|angelholms ff|rosengaard 1917|2026-06-02,totals|under|0.50|,totals,Under,0.5,,17.0,17.0,"[""Betfair Exchange""]","[""odds_api_io""]",1,,
soccer|angelholms ff|rosengaard 1917|2026-06-02,totals|over|5.50|,totals,Over,5.5,,12.5,12.5,"[""Betfair Exchange""]","[""odds_api_io""]",1,,
soccer|angelholms ff|rosengaard 1917|2026-06-02,totals|under|5.50|,totals,Under,5.5,,1.07,1.07,"[""Betfair Exchange""]","[""odds_api_io""]",1,,
soccer|angelholms ff|rosengaard 1917|2026-06-02,totals|over|5.25|,totals,Over,5.25,,11.88,11.88,"[""Betfair Exchange""]","[""odds_api_io""]",1,,
soccer|angelholms ff|rosengaard 1917|2026-06-02,totals|under|5.25|,totals,Under,5.25,,1.07,1.07,"[""Betfair Exchange""]","[""odds_api_io""]",1,,
soccer|angelholms ff|rosengaard 1917|2026-06-02,totals|over|4.50|,totals,Over,4.5,,5.6,5.6,"[""Betfair Exchange""]","[""odds_api_io""]",1,,
soccer|angelholms ff|rosengaard 1917|2026-06-02,totals|under|4.50|,totals,Under,4.5,,1.18,1.18,"[""Betfair Exchange""]","[""odds_api_io""]",1,,
soccer|angelholms ff|rosengaard 1917|2026-06-02,spreads|fc rosengaard 1917|3.00|home,spreads,FC Rosengaard 1917,3.0,home,1.02,1.02,"[""Betfair Exchange""]","[""odds_api_io""]",1,,
soccer|angelholms ff|rosengaard 1917|2026-06-02,spreads|angelholms ff|-3.00|away,spreads,Angelholms FF,-3.0,away,140.0,140.0,"[""Betfair Exchange""]","[""odds_api_io""]",1,,
soccer|madagascar|morocco|2026-06-02,h2h|morocco||home,h2h,Morocco,,home,1.13,1.1103,"[""Bet365"", ""Unibet"", ""Betfair Exchange"", ""Sbobet"", ""oddssafari-consensus"", ""1xbet"", ""betano"", ""pinnacle"", ""interwetten"", ""unibet"", ""novibet"", ""bwin"", ""sportingbet"", ""betway"", ""888sport"", ""william-hill"", ""bet365"", ""betsson"", ""marathon"", ""bzzoiro"", ""bzzoiro-consensus""]","[""odds_api_io"", ""bzzoiro""]",21,3.67,
soccer|madagascar|morocco|2026-06-02,h2h|draw||,h2h,Draw,,,12.4,8.4226,"[""Bet365"", ""Unibet"", ""Betfair Exchange"", ""Sbobet"", ""oddssafari-consensus"", ""1xbet"", ""betano"", ""pinnacle"", ""interwetten"", ""unibet"", ""novibet"", ""bwin"", ""sportingbet"", ""betway"", ""888sport"", ""william-hill"", ""bet365"", ""betsson"", ""marathon"", ""bzzoiro"", ""bzzoiro-consensus""]","[""odds_api_io"", ""bzzoiro""]",21,6.221,
soccer|madagascar|morocco|2026-06-02,h2h|madagascar||away,h2h,Madagascar,,away,32.0,21.3572,"[""Bet365"", ""Unibet"", ""Betfair Exchange"", ""Sbobet"", ""oddssafari-consensus"", ""1xbet"", ""betano"", ""pinnacle"", ""interwetten"", ""unibet"", ""novibet"", ""bwin"", ""sportingbet"", ""betway"", ""888sport"", ""william-hill"", ""bet365"", ""betsson"", ""marathon"", ""bzzoiro"", ""bzzoiro-consensus""]","[""odds_api_io"", ""bzzoiro""]",21,3.327,
soccer|madagascar|morocco|2026-06-02,dnb|morocco|0.00|home,dnb,Morocco,0.0,home,1.03,1.0251,"[""Bet365"", ""Betfair Exchange""]","[""odds_api_io""]",2,0.952,
soccer|madagascar|morocco|2026-06-02,dnb|madagascar|0.00|away,dnb,Madagascar,0.0,away,29.0,23.0456,"[""Bet365"", ""Betfair Exchange""]","[""odds_api_io""]",2,1.815,
soccer|madagascar|morocco|2026-06-02,spreads|morocco|-2.50|home,spreads,Morocco,-2.5,home,2.075,2.0032,"[""Bet365"", ""Unibet"", ""Betfair Exchange""]","[""odds_api_io""]",4,4.439,
soccer|madagascar|morocco|2026-06-02,spreads|madagascar|2.50|away,spreads,Madagascar,2.5,away,1.84,1.7882,"[""Bet365"", ""Unibet"", ""Betfair Exchange""]","[""odds_api_io""]",4,3.623,
soccer|madagascar|morocco|2026-06-02,totals|over|3.25|,totals,Over,3.25,,2.0,1.9563,"[""Bet365"", ""Betfair Exchange"", ""Sbobet""]","[""odds_api_io""]",3,2.632,
soccer|madagascar|morocco|2026-06-02,totals|under|3.25|,totals,Under,3.25,,1.94,1.8965,"[""Bet365"", ""Betfair Exchange"", ""Sbobet""]","[""odds_api_io""]",3,2.508,
soccer|madagascar|morocco|2026-06-02,totals|over|2.50|,totals,Over,2.5,,1.48,1.4738,"[""Bet365"", ""Unibet"", ""Betfair Exchange"", ""bzzoiro-consensus""]","[""odds_api_io"", ""bzzoiro""]",4,0.926,
soccer|madagascar|morocco|2026-06-02,totals|under|2.50|,totals,Under,2.5,,2.92,2.6204,"[""Bet365"", ""Unibet"", ""Betfair Exchange"", ""pinnacle"", ""bzzoiro-consensus""]","[""odds_api_io"", ""bzzoiro""]",5,6.076,
soccer|madagascar|morocco|2026-06-02,btts|yes||,btts,Yes,,,3.0,2.6947,"[""Bet365"", ""Unibet"", ""Betfair Exchange"", ""oddssafari-consensus"", ""1xbet"", ""betano"", ""pinnacle"", ""interwetten"", ""unibet"", ""novibet"", ""bwin"", ""sportingbet"", ""betway"", ""888sport"", ""william-hill"", ""bet365"", ""betsson"", ""marathon"", ""bzzoiro"", ""bzzoiro-consensus""]","[""odds_api_io"", ""bzzoiro""]",20,6.667,
soccer|madagascar|morocco|2026-06-02,btts|no||,btts,No,,,1.51,1.4178,"[""Bet365"", ""Unibet"", ""Betfair Exchange"", ""oddssafari-consensus"", ""1xbet"", ""betano"", ""pinnacle"", ""interwetten"", ""unibet"", ""novibet"", ""bwin"", ""sportingbet"", ""betway"", ""888sport"", ""william-hill"", ""bet365"", ""betsson"", ""marathon"", ""bzzoiro"", ""bzzoiro-consensus""]","[""odds_api_io"", ""bzzoiro""]",20,8.963,
soccer|madagascar|morocco|2026-06-02,spreads|morocco|-2.00|home,spreads,Morocco,-2.0,home,2.05,1.7865,"[""Bet365"", ""Unibet"", ""Betfair Exchange"", ""Sbobet""]","[""odds_api_io""]",6,13.72,
soccer|madagascar|morocco|2026-06-02,spreads|madagascar|-2.00|away,spreads,Madagascar,-2.0,away,2.75,2.75,"[""Bet365""]","[""odds_api_io""]",1,,
soccer|madagascar|morocco|2026-06-02,spreads|morocco|-3.00|home,spreads,Morocco,-3.0,home,3.5,3.1327,"[""Bet365"", ""Unibet"", ""Betfair Exchange""]","[""odds_api_io""]",5,6.516,
soccer|madagascar|morocco|2026-06-02,spreads|morocco|1.00|home,spreads,Morocco,1.0,home,1.03,1.0226,"[""Bet365"", ""Betfair Exchange""]","[""odds_api_io""]",2,1.435,
soccer|madagascar|morocco|2026-06-02,spreads|madagascar|-1.00|away,spreads,Madagascar,-1.0,away,140.0,12.6325,"[""Bet365"", ""Betfair Exchange""]","[""odds_api_io""]",2,14.67,
soccer|madagascar|morocco|2026-06-02,spreads|madagascar|-3.00|away,spreads,Madagascar,-3.0,away,1.727,1.727,"[""Bet365""]","[""odds_api_io""]",1,,
soccer|madagascar|morocco|2026-06-02,teamTotals|over|0.50|,teamTotals,Over,0.5,,2.88,1.7648,"[""Bet365"", ""Unibet""]","[""odds_api_io""]",3,61.432,
soccer|madagascar|morocco|2026-06-02,teamTotals|under|0.50|,teamTotals,Under,0.5,,13.0,2.0013,"[""Bet365"", ""Unibet""]","[""odds_api_io""]",3,66.382,
soccer|madagascar|morocco|2026-06-02,teamTotals|over|1.50|,teamTotals,Over,1.5,,11.0,1.7266,"[""Bet365"", ""Unibet""]","[""odds_api_io""]",3,74.943,
soccer|madagascar|morocco|2026-06-02,teamTotals|under|1.50|,teamTotals,Under,1.5,,4.1,2.0583,"[""Bet365"", ""Unibet""]","[""odds_api_io""]",3,70.848,
soccer|madagascar|morocco|2026-06-02,teamTotals|over|2.50|,teamTotals,Over,2.5,,41.0,2.4927,"[""Bet365"", ""Unibet""]","[""odds_api_io""]",3,58.537,
soccer|madagascar|morocco|2026-06-02,teamTotals|under|2.50|,teamTotals,Under,2.5,,2.08,1.5112,"[""Bet365"", ""Unibet""]","[""odds_api_io""]",3,51.525,
soccer|madagascar|morocco|2026-06-02,teamTotals|over|7.50|,teamTotals,Over,7.5,,51.0,51.0,"[""Bet365""]","[""odds_api_io""]",1,,
soccer|madagascar|morocco|2026-06-02,teamTotals|under|7.50|,teamTotals,Under,7.5,,1.002,1.002,"[""Bet365""]","[""odds_api_io""]",1,,
soccer|madagascar|morocco|2026-06-02,teamTotals|over|3.50|,teamTotals,Over,3.5,,2.75,2.6901,"[""Bet365"", ""Unibet""]","[""odds_api_io""]",2,1.659,
soccer|madagascar|morocco|2026-06-02,teamTotals|under|3.50|,teamTotals,Under,3.5,,1.41,1.4049,"[""Bet365"", ""Unibet""]","[""odds_api_io""]",2,0.507,
soccer|madagascar|morocco|2026-06-02,teamTotals|over|5.50|,teamTotals,Over,5.5,,11.0,11.0,"[""Bet365""]","[""odds_api_io""]",1,,
soccer|madagascar|morocco|2026-06-02,teamTotals|under|5.50|,teamTotals,Under,5.5,,1.05,1.05,"[""Bet365""]","[""odds_api_io""]",1,,
soccer|madagascar|morocco|2026-06-02,teamTotals|over|6.50|,teamTotals,Over,6.5,,23.0,23.0,"[""Bet365""]","[""odds_api_io""]",1,,
soccer|madagascar|morocco|2026-06-02,teamTotals|under|6.50|,teamTotals,Under,6.5,,1.012,1.012,"[""Bet365""]","[""odds_api_io""]",1,,
soccer|madagascar|morocco|2026-06-02,teamTotals|over|4.50|,teamTotals,Over,4.5,,5.5,5.0781,"[""Bet365"", ""Unibet""]","[""odds_api_io""]",2,3.095,
soccer|madagascar|morocco|2026-06-02,teamTotals|under|4.50|,teamTotals,Under,4.5,,1.142,1.1361,"[""Bet365"", ""Unibet""]","[""odds_api_io""]",2,0.93,
soccer|madagascar|morocco|2026-06-02,spreads|morocco|-4.25|home,spreads,Morocco,-4.25,home,6.0,6.0,"[""Bet365""]","[""odds_api_io""]",1,,
soccer|madagascar|morocco|2026-06-02,spreads|madagascar|4.25|away,spreads,Madagascar,4.25,away,1.125,1.125,"[""Bet365""]","[""odds_api_io""]",1,,
soccer|madagascar|morocco|2026-06-02,spreads|morocco|-4.00|home,spreads,Morocco,-4.0,home,5.75,5.7185,"[""Bet365"", ""Unibet"", ""Betfair Exchange""]","[""odds_api_io""]",3,0.277,
soccer|madagascar|morocco|2026-06-02,spreads|madagascar|4.00|away,spreads,Madagascar,4.0,away,1.29,1.1839,"[""Bet365"", ""Unibet"", ""Betfair Exchange""]","[""odds_api_io""]",3,10.2,
soccer|madagascar|morocco|2026-06-02,spreads|morocco|-3.25|home,spreads,Morocco,-3.25,home,3.16,3.1303,"[""Bet365"", ""Betfair Exchange""]","[""odds_api_io""]",2,0.612,
soccer|madagascar|morocco|2026-06-02,spreads|madagascar|3.25|away,spreads,Madagascar,3.25,away,1.4,1.375,"[""Bet365"", ""Betfair Exchange""]","[""odds_api_io""]",2,2.646,
soccer|madagascar|morocco|2026-06-02,spreads|morocco|-2.75|home,spreads,Morocco,-2.75,home,2.35,2.3449,"[""Bet365"", ""Betfair Exchange""]","[""odds_api_io""]",2,0.182,
soccer|madagascar|morocco|2026-06-02,spreads|madagascar|2.75|away,spreads,Madagascar,2.75,away,1.66,1.6172,"[""Bet365"", ""Betfair Exchange""]","[""odds_api_io""]",2,3.251,
soccer|madagascar|morocco|2026-06-02,spreads|madagascar|2.00|away,spreads,Madagascar,2.0,away,3.15,2.573,"[""Bet365"", ""Unibet"", ""Betfair Exchange"", ""Sbobet""]","[""odds_api_io""]",5,12.698,
soccer|madagascar|morocco|2026-06-02,spreads|morocco|-1.50|home,spreads,Morocco,-1.5,home,1.4,1.3665,"[""Bet365"", ""Unibet"", ""Betfair Exchange""]","[""odds_api_io""]",3,5.495,
soccer|madagascar|morocco|2026-06-02,spreads|madagascar|1.50|away,spreads,Madagascar,1.5,away,3.17,3.0188,"[""Bet365"", ""Unibet"", ""Betfair Exchange""]","[""odds_api_io""]",3,3.542,
soccer|madagascar|morocco|2026-06-02,spreads|morocco|-1.25|home,spreads,Morocco,-1.25,home,1.28,1.2775,"[""Bet365"", ""Betfair Exchange""]","[""odds_api_io""]",2,0.306,
soccer|madagascar|morocco|2026-06-02,spreads|madagascar|1.25|away,spreads,Madagascar,1.25,away,4.19,3.8493,"[""Bet365"", ""Betfair Exchange""]","[""odds_api_io""]",2,4.303,
soccer|madagascar|morocco|2026-06-02,spreads|morocco|-3.75|home,spreads,Morocco,-3.75,home,4.25,4.2295,"[""Bet365"", ""Betfair Exchange""]","[""odds_api_io""]",2,0.224,
soccer|madagascar|morocco|2026-06-02,spreads|madagascar|3.75|away,spreads,Madagascar,3.75,away,1.24,1.2251,"[""Bet365"", ""Betfair Exchange""]","[""odds_api_io""]",2,1.999,
soccer|madagascar|morocco|2026-06-02,spreads|morocco|-3.50|home,spreads,Morocco,-3.5,home,3.45,3.3301,"[""Bet365"", ""Unibet"", ""Betfair Exchange""]","[""odds_api_io""]",3,3.273,
soccer|madagascar|morocco|2026-06-02,spreads|madagascar|3.50|away,spreads,Madagascar,3.5,away,1.35,1.3169,"[""Bet365"", ""Unibet"", ""Betfair Exchange""]","[""odds_api_io""]",3,2.849,
soccer|madagascar|morocco|2026-06-02,spreads|morocco|-1.75|home,spreads,Morocco,-1.75,home,1.5,1.4898,"[""Bet365"", ""Betfair Exchange""]","[""odds_api_io""]",2,0.901,
soccer|madagascar|morocco|2026-06-02,spreads|madagascar|1.75|away,spreads,Madagascar,1.75,away,2.81,2.6488,"[""Bet365"", ""Betfair Exchange""]","[""odds_api_io""]",2,4.413,
soccer|madagascar|morocco|2026-06-02,spreads|morocco|-1.00|home,spreads,Morocco,-1.0,home,1.4,1.2274,"[""Bet365"", ""Betfair Exchange""]","[""odds_api_io""]",3,15.528,
soccer|madagascar|morocco|2026-06-02,spreads|madagascar|1.00|away,spreads,Madagascar,1.0,away,8.6,6.6881,"[""Bet365"", ""Betfair Exchange""]","[""odds_api_io""]",3,7.42,
soccer|madagascar|morocco|2026-06-02,spreads|morocco|-0.75|home,spreads,Morocco,-0.75,home,1.14,1.1349,"[""Bet365"", ""Betfair Exchange""]","[""odds_api_io""]",2,0.776,
soccer|madagascar|morocco|2026-06-02,spreads|madagascar|0.75|away,spreads,Madagascar,0.75,away,7.85,6.6566,"[""Bet365"", ""Betfair Exchange""]","[""odds_api_io""]",2,4.652,
soccer|madagascar|morocco|2026-06-02,spreads|morocco|-0.50|home,spreads,Morocco,-0.5,home,1.125,1.1052,"[""Bet365"", ""Unibet"", ""Betfair Exchange""]","[""odds_api_io""]",3,4.569,
soccer|madagascar|morocco|2026-06-02,spreads|madagascar|0.50|away,spreads,Madagascar,0.5,away,8.72,6.9179,"[""Bet365"", ""Unibet"", ""Betfair Exchange""]","[""odds_api_io""]",3,5.199,
soccer|madagascar|morocco|2026-06-02,spreads|madagascar|3.00|away,spreads,Madagascar,3.0,away,1.84,1.6019,"[""Bet365"", ""Unibet"", ""Betfair Exchange""]","[""odds_api_io""]",4,17.081,
soccer|madagascar|morocco|2026-06-02,doubleChance|12||,doubleChance,12,,,1.08,1.0605,"[""Unibet"", ""Betfair Exchange""]","[""odds_api_io""]",2,3.561,
soccer|madagascar|morocco|2026-06-02,doubleChance|x2||,doubleChance,X2,,,8.6,7.4473,"[""Unibet"", ""Betfair Exchange""]","[""odds_api_io""]",2,3.757,
soccer|madagascar|morocco|2026-06-02,spreads|morocco|-4.50|home,spreads,Morocco,-4.5,home,5.4,5.4,"[""Unibet""]","[""odds_api_io""]",1,,
soccer|madagascar|morocco|2026-06-02,spreads|madagascar|4.50|away,spreads,Madagascar,4.5,away,1.11,1.11,"[""Unibet""]","[""odds_api_io""]",1,,
soccer|madagascar|morocco|2026-06-02,totals|over|3.50|,totals,Over,3.5,,2.329,2.2422,"[""Unibet"", ""Betfair Exchange"", ""1xbet"", ""bzzoiro-consensus""]","[""odds_api_io"", ""bzzoiro""]",4,3.359,
soccer|madagascar|morocco|2026-06-02,totals|under|3.50|,totals,Under,3.5,,1.76,1.6649,"[""Unibet"", ""Betfair Exchange"", ""1xbet"", ""bzzoiro-consensus""]","[""odds_api_io"", ""bzzoiro""]",4,5.682,
soccer|madagascar|morocco|2026-06-02,totals|over|4.50|,totals,Over,4.5,,3.9,3.7503,"[""Unibet"", ""Betfair Exchange""]","[""odds_api_io""]",2,2.137,
soccer|madagascar|morocco|2026-06-02,totals|under|4.50|,totals,Under,4.5,,1.32,1.2753,"[""Unibet"", ""Betfair Exchange""]","[""odds_api_io""]",2,5.543,
soccer|madagascar|morocco|2026-06-02,totals|over|1.50|,totals,Over,1.5,,1.16,1.1403,"[""Unibet"", ""Betfair Exchange"", ""bzzoiro-consensus""]","[""odds_api_io"", ""bzzoiro""]",3,3.079,
soccer|madagascar|morocco|2026-06-02,totals|under|1.50|,totals,Under,1.5,,6.6,5.4732,"[""Unibet"", ""Betfair Exchange"", ""bet365"", ""bzzoiro-consensus""]","[""odds_api_io"", ""bzzoiro""]",4,4.929,
soccer|madagascar|morocco|2026-06-02,totals|over|5.50|,totals,Over,5.5,,7.8,6.9717,"[""Unibet"", ""Betfair Exchange""]","[""odds_api_io""]",2,3.179,
soccer|madagascar|morocco|2026-06-02,totals|under|5.50|,totals,Under,5.5,,1.13,1.1055,"[""Unibet"", ""Betfair Exchange""]","[""odds_api_io""]",2,4.097,
soccer|madagascar|morocco|2026-06-02,spreads|morocco|-7.00|home,spreads,Morocco,-7.0,home,2.75,2.75,"[""Unibet""]","[""odds_api_io""]",1,,
soccer|madagascar|morocco|2026-06-02,spreads|madagascar|7.00|away,spreads,Madagascar,7.0,away,1.4,1.4,"[""Unibet""]","[""odds_api_io""]",1,,
soccer|madagascar|morocco|2026-06-02,spreads|morocco|-6.00|home,spreads,Morocco,-6.0,home,2.23,2.23,"[""Unibet""]","[""odds_api_io""]",1,,
soccer|madagascar|morocco|2026-06-02,spreads|madagascar|6.00|away,spreads,Madagascar,6.0,away,1.62,1.62,"[""Unibet""]","[""odds_api_io""]",1,,
soccer|madagascar|morocco|2026-06-02,spreads|morocco|-5.00|home,spreads,Morocco,-5.0,home,1.84,1.84,"[""Unibet""]","[""odds_api_io""]",1,,
soccer|madagascar|morocco|2026-06-02,spreads|madagascar|5.00|away,spreads,Madagascar,5.0,away,1.94,1.94,"[""Unibet""]","[""odds_api_io""]",1,,
soccer|madagascar|morocco|2026-06-02,doubleChance|1x||,doubleChance,1X,,,1.03,1.03,"[""Betfair Exchange""]","[""odds_api_io""]",1,,
soccer|madagascar|morocco|2026-06-02,spreads|morocco|-2.25|home,spreads,Morocco,-2.25,home,1.82,1.8001,"[""Betfair Exchange"", ""Sbobet""]","[""odds_api_io""]",2,1.235,
soccer|madagascar|morocco|2026-06-02,spreads|madagascar|2.25|away,spreads,Madagascar,2.25,away,2.06,2.06,"[""Betfair Exchange"", ""Sbobet""]","[""odds_api_io""]",2,,
soccer|madagascar|morocco|2026-06-02,spreads|morocco|0.00|home,spreads,Morocco,0.0,home,1.03,1.03,"[""Betfair Exchange""]","[""odds_api_io""]",1,,
soccer|madagascar|morocco|2026-06-02,spreads|madagascar|-0.00|away,spreads,Madagascar,-0.0,away,29.33,29.33,"[""Betfair Exchange""]","[""odds_api_io""]",1,,
soccer|madagascar|morocco|2026-06-02,spreads|morocco|0.50|home,spreads,Morocco,0.5,home,1.03,1.03,"[""Betfair Exchange""]","[""odds_api_io""]",1,,
soccer|madagascar|morocco|2026-06-02,spreads|madagascar|-0.50|away,spreads,Madagascar,-0.5,away,32.0,32.0,"[""Betfair Exchange""]","[""odds_api_io""]",1,,
soccer|madagascar|morocco|2026-06-02,spreads|morocco|0.75|home,spreads,Morocco,0.75,home,1.01,1.01,"[""Betfair Exchange""]","[""odds_api_io""]",1,,
soccer|madagascar|morocco|2026-06-02,spreads|madagascar|-0.75|away,spreads,Madagascar,-0.75,away,51.46,51.46,"[""Betfair Exchange""]","[""odds_api_io""]",1,,
soccer|madagascar|morocco|2026-06-02,spreads|morocco|0.25|home,spreads,Morocco,0.25,home,1.03,1.03,"[""Betfair Exchange""]","[""odds_api_io""]",1,,
soccer|madagascar|morocco|2026-06-02,spreads|madagascar|-0.25|away,spreads,Madagascar,-0.25,away,30.66,30.66,"[""Betfair Exchange""]","[""odds_api_io""]",1,,
soccer|madagascar|morocco|2026-06-02,spreads|morocco|-0.25|home,spreads,Morocco,-0.25,home,1.07,1.07,"[""Betfair Exchange""]","[""odds_api_io""]",1,,
soccer|madagascar|morocco|2026-06-02,spreads|madagascar|0.25|away,spreads,Madagascar,0.25,away,13.14,13.14,"[""Betfair Exchange""]","[""odds_api_io""]",1,,
soccer|madagascar|morocco|2026-06-02,totals|over|2.75|,totals,Over,2.75,,1.58,1.58,"[""Betfair Exchange""]","[""odds_api_io""]",1,,
soccer|madagascar|morocco|2026-06-02,totals|under|2.75|,totals,Under,2.75,,2.56,2.56,"[""Betfair Exchange""]","[""odds_api_io""]",1,,
soccer|madagascar|morocco|2026-06-02,totals|over|4.25|,totals,Over,4.25,,3.55,3.55,"[""Betfair Exchange""]","[""odds_api_io""]",1,,
soccer|madagascar|morocco|2026-06-02,totals|under|4.25|,totals,Under,4.25,,1.36,1.36,"[""Betfair Exchange""]","[""odds_api_io""]",1,,
soccer|madagascar|morocco|2026-06-02,totals|over|6.50|,totals,Over,6.5,,17.0,17.0,"[""Betfair Exchange""]","[""odds_api_io""]",1,,
soccer|madagascar|morocco|2026-06-02,totals|under|6.50|,totals,Under,6.5,,1.05,1.05,"[""Betfair Exchange""]","[""odds_api_io""]",1,,
soccer|madagascar|morocco|2026-06-02,totals|over|4.00|,totals,Over,4.0,,3.2,3.2,"[""Betfair Exchange""]","[""odds_api_io""]",1,,
soccer|madagascar|morocco|2026-06-02,totals|under|4.00|,totals,Under,4.0,,1.42,1.42,"[""Betfair Exchange""]","[""odds_api_io""]",1,,
soccer|madagascar|morocco|2026-06-02,totals|over|5.25|,totals,Over,5.25,,7.3,7.3,"[""Betfair Exchange""]","[""odds_api_io""]",1,,
soccer|madagascar|morocco|2026-06-02,totals|under|5.25|,totals,Under,5.25,,1.13,1.13,"[""Betfair Exchange""]","[""odds_api_io""]",1,,
soccer|madagascar|morocco|2026-06-02,totals|over|7.25|,totals,Over,7.25,,37.38,37.38,"[""Betfair Exchange""]","[""odds_api_io""]",1,,
soccer|madagascar|morocco|2026-06-02,totals|under|7.25|,totals,Under,7.25,,1.01,1.01,"[""Betfair Exchange""]","[""odds_api_io""]",1,,
soccer|madagascar|morocco|2026-06-02,totals|over|6.00|,totals,Over,6.0,,15.82,15.82,"[""Betfair Exchange""]","[""odds_api_io""]",1,,
soccer|madagascar|morocco|2026-06-02,totals|under|6.00|,totals,Under,6.0,,1.05,1.05,"[""Betfair Exchange""]","[""odds_api_io""]",1,,
soccer|madagascar|morocco|2026-06-02,totals|over|3.75|,totals,Over,3.75,,2.6,2.6,"[""Betfair Exchange""]","[""odds_api_io""]",1,,
soccer|madagascar|morocco|2026-06-02,totals|under|3.75|,totals,Under,3.75,,1.57,1.57,"[""Betfair Exchange""]","[""odds_api_io""]",1,,
soccer|madagascar|morocco|2026-06-02,totals|over|3.00|,totals,Over,3.0,,1.76,1.7498,"[""Betfair Exchange"", ""Sbobet""]","[""odds_api_io""]",2,0.653,
soccer|madagascar|morocco|2026-06-02,totals|under|3.00|,totals,Under,3.0,,2.26,2.1572,"[""Betfair Exchange"", ""Sbobet""]","[""odds_api_io""]",2,4.296,
soccer|madagascar|morocco|2026-06-02,totals|over|5.00|,totals,Over,5.0,,6.8,6.8,"[""Betfair Exchange""]","[""odds_api_io""]",1,,
soccer|madagascar|morocco|2026-06-02,totals|under|5.00|,totals,Under,5.0,,1.14,1.14,"[""Betfair Exchange""]","[""odds_api_io""]",1,,
soccer|madagascar|morocco|2026-06-02,totals|over|5.75|,totals,Over,5.75,,10.32,10.32,"[""Betfair Exchange""]","[""odds_api_io""]",1,,
soccer|madagascar|morocco|2026-06-02,totals|under|5.75|,totals,Under,5.75,,1.08,1.08,"[""Betfair Exchange""]","[""odds_api_io""]",1,,
soccer|madagascar|morocco|2026-06-02,totals|over|4.75|,totals,Over,4.75,,4.86,4.86,"[""Betfair Exchange""]","[""odds_api_io""]",1,,
soccer|madagascar|morocco|2026-06-02,totals|under|4.75|,totals,Under,4.75,,1.2,1.2,"[""Betfair Exchange""]","[""odds_api_io""]",1,,
soccer|madagascar|morocco|2026-06-02,totals|over|6.25|,totals,Over,6.25,,16.41,16.41,"[""Betfair Exchange""]","[""odds_api_io""]",1,,
soccer|madagascar|morocco|2026-06-02,totals|under|6.25|,totals,Under,6.25,,1.05,1.05,"[""Betfair Exchange""]","[""odds_api_io""]",1,,
soccer|madagascar|morocco|2026-06-02,totals|over|1.75|,totals,Over,1.75,,1.18,1.18,"[""Betfair Exchange""]","[""odds_api_io""]",1,,
soccer|madagascar|morocco|2026-06-02,totals|under|1.75|,totals,Under,1.75,,5.73,5.73,"[""Betfair Exchange""]","[""odds_api_io""]",1,,
soccer|madagascar|morocco|2026-06-02,totals|over|2.00|,totals,Over,2.0,,1.2,1.2,"[""Betfair Exchange""]","[""odds_api_io""]",1,,
soccer|madagascar|morocco|2026-06-02,totals|under|2.00|,totals,Under,2.0,,5.15,5.15,"[""Betfair Exchange""]","[""odds_api_io""]",1,,
soccer|madagascar|morocco|2026-06-02,totals|over|2.25|,totals,Over,2.25,,1.34,1.34,"[""Betfair Exchange""]","[""odds_api_io""]",1,,
soccer|madagascar|morocco|2026-06-02,totals|under|2.25|,totals,Under,2.25,,3.62,3.62,"[""Betfair Exchange""]","[""odds_api_io""]",1,,
soccer|madagascar|morocco|2026-06-02,totals|over|0.75|,totals,Over,0.75,,1.02,1.02,"[""Betfair Exchange""]","[""odds_api_io""]",1,,
soccer|madagascar|morocco|2026-06-02,totals|under|0.75|,totals,Under,0.75,,13.05,13.05,"[""Betfair Exchange""]","[""odds_api_io""]",1,,
soccer|madagascar|morocco|2026-06-02,totals|over|1.25|,totals,Over,1.25,,1.09,1.09,"[""Betfair Exchange""]","[""odds_api_io""]",1,,
soccer|madagascar|morocco|2026-06-02,totals|under|1.25|,totals,Under,1.25,,9.13,9.13,"[""Betfair Exchange""]","[""odds_api_io""]",1,,
soccer|madagascar|morocco|2026-06-02,totals|over|1.00|,totals,Over,1.0,,1.02,1.02,"[""Betfair Exchange""]","[""odds_api_io""]",1,,
soccer|madagascar|morocco|2026-06-02,totals|under|1.00|,totals,Under,1.0,,12.8,12.8,"[""Betfair Exchange""]","[""odds_api_io""]",1,,
soccer|madagascar|morocco|2026-06-02,totals|over|0.50|,totals,Over,0.5,,1.02,1.02,"[""Betfair Exchange""]","[""odds_api_io""]",1,,
soccer|madagascar|morocco|2026-06-02,totals|under|0.50|,totals,Under,0.5,,32.0,32.0,"[""Betfair Exchange""]","[""odds_api_io""]",1,,
soccer|madagascar|morocco|2026-06-02,totals|over|6.75|,totals,Over,6.75,,23.1,23.1,"[""Betfair Exchange""]","[""odds_api_io""]",1,,
soccer|madagascar|morocco|2026-06-02,totals|under|6.75|,totals,Under,6.75,,1.01,1.01,"[""Betfair Exchange""]","[""odds_api_io""]",1,,
soccer|madagascar|morocco|2026-06-02,totals|over|7.00|,totals,Over,7.0,,36.76,36.76,"[""Betfair Exchange""]","[""odds_api_io""]",1,,
soccer|madagascar|morocco|2026-06-02,totals|under|7.00|,totals,Under,7.0,,1.01,1.01,"[""Betfair Exchange""]","[""odds_api_io""]",1,,
soccer|madagascar|morocco|2026-06-02,totals|over|7.50|,totals,Over,7.5,,38.0,38.0,"[""Betfair Exchange""]","[""odds_api_io""]",1,,
soccer|madagascar|morocco|2026-06-02,totals|under|7.50|,totals,Under,7.5,,1.01,1.01,"[""Betfair Exchange""]","[""odds_api_io""]",1,,
soccer|madagascar|morocco|2026-06-02,totals|under|25.00|,totals,Under,25.0,,2.62,2.5533,"[""pinnacle"", ""under@2.5""]","[""bzzoiro""]",2,2.155,
soccer|madagascar|morocco|2026-06-02,totals|under|15.00|,totals,Under,15.0,,5.5,5.2371,"[""bet365"", ""under@1.5""]","[""bzzoiro""]",2,1.899,
soccer|madagascar|morocco|2026-06-02,totals|over|35.00|,totals,Over,35.0,,2.329,2.2774,"[""1xbet"", ""over@3.5""]","[""bzzoiro""]",2,1.906,
soccer|madagascar|morocco|2026-06-02,totals|under|35.00|,totals,Under,35.0,,1.692,1.6491,"[""1xbet"", ""under@3.5""]","[""bzzoiro""]",2,3.01,
soccer|madagascar|morocco|2026-06-02,totals|over|15.00|,totals,Over,15.0,,1.14,1.14,"[""over@1.5""]","[""bzzoiro""]",1,,
soccer|madagascar|morocco|2026-06-02,totals|over|25.00|,totals,Over,25.0,,1.48,1.48,"[""over@2.5""]","[""bzzoiro""]",1,,
soccer|madagascar|morocco|2026-06-02,totals|over||,totals,Over,,,13.0,2.2385,"[""over@6.5"", ""over@7.5"", ""over@8.5"", ""over@9.0"", ""over@9.5"", ""over@10.0"", ""over@10.5"", ""over@11.5"", ""over@12.5"", ""over@13.5"", ""over@14.5"", ""over@8.0""]","[""bzzoiro""]",12,77.053,
soccer|madagascar|morocco|2026-06-02,totals|under||,totals,Under,,,4.48,1.6063,"[""under@6.5"", ""under@7.5"", ""under@8.5"", ""under@9.0"", ""under@9.5"", ""under@10.0"", ""under@10.5"", ""under@11.5"", ""under@12.5"", ""under@13.5"", ""under@14.5"", ""under@8.0""]","[""bzzoiro""]",12,74.766,
soccer|binga|djoliba|2026-06-02,h2h|djoliba ac||home,h2h,Djoliba AC,,home,1.97,1.9092,"[""Bet365"", ""Betfair Exchange""]","[""odds_api_io""]",2,3.293,
soccer|binga|djoliba|2026-06-02,h2h|draw||,h2h,Draw,,,3.15,3.1253,"[""Bet365"", ""Betfair Exchange""]","[""odds_api_io""]",2,0.512,
soccer|binga|djoliba|2026-06-02,h2h|binga fc||away,h2h,Binga FC,,away,5.4,4.6082,"[""Bet365"", ""Betfair Exchange""]","[""odds_api_io""]",2,6.481,
soccer|binga|djoliba|2026-06-02,dnb|djoliba ac|0.00|home,dnb,Djoliba AC,0.0,home,1.363,1.3512,"[""Bet365"", ""Betfair Exchange""]","[""odds_api_io""]",2,1.259,
soccer|binga|djoliba|2026-06-02,dnb|binga fc|0.00|away,dnb,Binga FC,0.0,away,3.7,3.3197,"[""Bet365"", ""Betfair Exchange""]","[""odds_api_io""]",2,6.306,
soccer|binga|djoliba|2026-06-02,spreads|djoliba ac|-0.50|home,spreads,Djoliba AC,-0.5,home,1.97,1.935,"[""Bet365"", ""Betfair Exchange""]","[""odds_api_io""]",2,1.87,
soccer|binga|djoliba|2026-06-02,spreads|binga fc|0.50|away,spreads,Binga FC,0.5,away,2.0,1.9496,"[""Bet365"", ""Betfair Exchange""]","[""odds_api_io""]",2,2.632,
soccer|binga|djoliba|2026-06-02,totals|over|2.00|,totals,Over,2.0,,2.01,1.9545,"[""Bet365"", ""Betfair Exchange""]","[""odds_api_io""]",2,2.88,
soccer|binga|djoliba|2026-06-02,totals|under|2.00|,totals,Under,2.0,,1.9,1.837,"[""Bet365"", ""Betfair Exchange""]","[""odds_api_io""]",2,3.548,
soccer|binga|djoliba|2026-06-02,totals|over|2.50|,totals,Over,2.5,,2.72,2.6074,"[""Bet365"", ""Betfair Exchange""]","[""odds_api_io""]",2,3.235,
soccer|binga|djoliba|2026-06-02,totals|under|2.50|,totals,Under,2.5,,1.5,1.4794,"[""Bet365"", ""Betfair Exchange""]","[""odds_api_io""]",2,1.826,
soccer|binga|djoliba|2026-06-02,spreads|djoliba ac|-2.25|home,spreads,Djoliba AC,-2.25,home,6.8,2.4163,"[""Bet365"", ""Betfair Exchange""]","[""odds_api_io""]",2,52.408,
soccer|binga|djoliba|2026-06-02,spreads|binga fc|2.25|away,spreads,Binga FC,2.25,away,1.105,1.0921,"[""Bet365"", ""Betfair Exchange""]","[""odds_api_io""]",2,2.095,
soccer|binga|djoliba|2026-06-02,spreads|djoliba ac|-2.00|home,spreads,Djoliba AC,-2.0,home,6.25,2.3797,"[""Bet365"", ""Betfair Exchange""]","[""odds_api_io""]",2,51.114,
soccer|binga|djoliba|2026-06-02,spreads|binga fc|2.00|away,spreads,Binga FC,2.0,away,1.12,1.1045,"[""Bet365"", ""Betfair Exchange""]","[""odds_api_io""]",2,2.457,
soccer|binga|djoliba|2026-06-02,spreads|djoliba ac|-1.75|home,spreads,Djoliba AC,-1.75,home,4.98,4.5927,"[""Bet365"", ""Betfair Exchange""]","[""odds_api_io""]",2,3.449,
soccer|binga|djoliba|2026-06-02,spreads|binga fc|1.75|away,spreads,Binga FC,1.75,away,1.21,1.1945,"[""Bet365"", ""Betfair Exchange""]","[""odds_api_io""]",2,2.101,
soccer|binga|djoliba|2026-06-02,spreads|djoliba ac|-1.50|home,spreads,Djoliba AC,-1.5,home,3.79,3.6151,"[""Bet365"", ""Betfair Exchange""]","[""odds_api_io""]",2,2.6,
soccer|binga|djoliba|2026-06-02,spreads|binga fc|1.50|away,spreads,Binga FC,1.5,away,1.3,1.2897,"[""Bet365"", ""Betfair Exchange""]","[""odds_api_io""]",2,1.202,
soccer|binga|djoliba|2026-06-02,spreads|djoliba ac|-1.25|home,spreads,Djoliba AC,-1.25,home,3.32,3.2082,"[""Bet365"", ""Betfair Exchange""]","[""odds_api_io""]",2,2.138,
soccer|binga|djoliba|2026-06-02,spreads|binga fc|1.25|away,spreads,Binga FC,1.25,away,1.35,1.35,"[""Bet365"", ""Betfair Exchange""]","[""odds_api_io""]",2,,
soccer|binga|djoliba|2026-06-02,spreads|djoliba ac|-1.00|home,spreads,Djoliba AC,-1.0,home,3.75,3.0347,"[""Bet365"", ""Betfair Exchange""]","[""odds_api_io""]",3,10.717,
soccer|binga|djoliba|2026-06-02,spreads|binga fc|1.00|away,spreads,Binga FC,1.0,away,2.0,1.5983,"[""Bet365"", ""Betfair Exchange""]","[""odds_api_io""]",3,18.966,
soccer|binga|djoliba|2026-06-02,spreads|djoliba ac|-0.75|home,spreads,Djoliba AC,-0.75,home,2.27,2.2095,"[""Bet365"", ""Betfair Exchange""]","[""odds_api_io""]",2,2.459,
soccer|binga|djoliba|2026-06-02,spreads|binga fc|0.75|away,spreads,Binga FC,0.75,away,5.5,2.5958,"[""Bet365"", ""Betfair Exchange""]","[""odds_api_io""]",2,39.958,
soccer|binga|djoliba|2026-06-02,spreads|djoliba ac|-0.25|home,spreads,Djoliba AC,-0.25,home,1.65,1.6376,"[""Bet365"", ""Betfair Exchange""]","[""odds_api_io""]",2,0.932,
soccer|binga|djoliba|2026-06-02,spreads|binga fc|0.25|away,spreads,Binga FC,0.25,away,3.55,2.9037,"[""Bet365"", ""Betfair Exchange""]","[""odds_api_io""]",2,12.317,
soccer|binga|djoliba|2026-06-02,spreads|djoliba ac|0.00|home,spreads,Djoliba AC,0.0,home,1.375,1.357,"[""Bet365"", ""Betfair Exchange""]","[""odds_api_io""]",2,1.9,
soccer|binga|djoliba|2026-06-02,spreads|binga fc|-0.00|away,spreads,Binga FC,-0.0,away,3.72,3.3279,"[""Bet365"", ""Betfair Exchange""]","[""odds_api_io""]",2,6.452,
soccer|binga|djoliba|2026-06-02,spreads|djoliba ac|0.25|home,spreads,Djoliba AC,0.25,home,1.275,1.2673,"[""Bet365"", ""Betfair Exchange""]","[""odds_api_io""]",2,0.934,
soccer|binga|djoliba|2026-06-02,spreads|binga fc|-0.25|away,spreads,Binga FC,-0.25,away,4.55,3.0297,"[""Bet365"", ""Betfair Exchange""]","[""odds_api_io""]",2,22.466,
soccer|binga|djoliba|2026-06-02,spreads|djoliba ac|0.50|home,spreads,Djoliba AC,0.5,home,1.23,1.2197,"[""Bet365"", ""Betfair Exchange""]","[""odds_api_io""]",2,1.344,
soccer|binga|djoliba|2026-06-02,spreads|binga fc|-0.50|away,spreads,Binga FC,-0.5,away,5.4,4.6082,"[""Bet365"", ""Betfair Exchange""]","[""odds_api_io""]",2,6.481,
soccer|binga|djoliba|2026-06-02,spreads|djoliba ac|0.75|home,spreads,Djoliba AC,0.75,home,1.15,1.1345,"[""Bet365"", ""Betfair Exchange""]","[""odds_api_io""]",2,2.329,
soccer|binga|djoliba|2026-06-02,spreads|binga fc|-0.75|away,spreads,Binga FC,-0.75,away,7.92,2.7983,"[""Bet365"", ""Betfair Exchange""]","[""odds_api_io""]",2,47.075,
soccer|binga|djoliba|2026-06-02,doubleChance|1x||,doubleChance,1X,,,1.21,1.21,"[""Betfair Exchange""]","[""odds_api_io""]",1,,
soccer|binga|djoliba|2026-06-02,doubleChance|12||,doubleChance,12,,,1.44,1.44,"[""Betfair Exchange""]","[""odds_api_io""]",1,,
soccer|binga|djoliba|2026-06-02,doubleChance|x2||,doubleChance,X2,,,2.0,2.0,"[""Betfair Exchange""]","[""odds_api_io""]",1,,
soccer|binga|djoliba|2026-06-02,spreads|djoliba ac|1.50|home,spreads,Djoliba AC,1.5,home,1.03,1.03,"[""Betfair Exchange""]","[""odds_api_io""]",1,,
soccer|binga|djoliba|2026-06-02,spreads|binga fc|-1.50|away,spreads,Binga FC,-1.5,away,20.0,20.0,"[""Betfair Exchange""]","[""odds_api_io""]",1,,
soccer|binga|djoliba|2026-06-02,spreads|djoliba ac|-3.50|home,spreads,Djoliba AC,-3.5,home,1.01,1.01,"[""Betfair Exchange""]","[""odds_api_io""]",1,,
soccer|binga|djoliba|2026-06-02,spreads|binga fc|3.50|away,spreads,Binga FC,3.5,away,1.02,1.02,"[""Betfair Exchange""]","[""odds_api_io""]",1,,
soccer|binga|djoliba|2026-06-02,spreads|djoliba ac|1.75|home,spreads,Djoliba AC,1.75,home,1.01,1.01,"[""Betfair Exchange""]","[""odds_api_io""]",1,,
soccer|binga|djoliba|2026-06-02,spreads|binga fc|-1.75|away,spreads,Binga FC,-1.75,away,20.0,20.0,"[""Betfair Exchange""]","[""odds_api_io""]",1,,
soccer|binga|djoliba|2026-06-02,spreads|djoliba ac|-2.50|home,spreads,Djoliba AC,-2.5,home,1.01,1.01,"[""Betfair Exchange""]","[""odds_api_io""]",1,,
soccer|binga|djoliba|2026-06-02,spreads|binga fc|2.50|away,spreads,Binga FC,2.5,away,1.07,1.07,"[""Betfair Exchange""]","[""odds_api_io""]",1,,
soccer|binga|djoliba|2026-06-02,spreads|djoliba ac|1.25|home,spreads,Djoliba AC,1.25,home,1.03,1.03,"[""Betfair Exchange""]","[""odds_api_io""]",1,,
soccer|binga|djoliba|2026-06-02,spreads|binga fc|-1.25|away,spreads,Binga FC,-1.25,away,18.67,18.67,"[""Betfair Exchange""]","[""odds_api_io""]",1,,
soccer|binga|djoliba|2026-06-02,spreads|djoliba ac|1.00|home,spreads,Djoliba AC,1.0,home,1.21,1.1128,"[""Betfair Exchange""]","[""odds_api_io""]",2,14.443,
soccer|binga|djoliba|2026-06-02,spreads|binga fc|-1.00|away,spreads,Binga FC,-1.0,away,20.0,18.5753,"[""Betfair Exchange""]","[""odds_api_io""]",2,0.767,
soccer|binga|djoliba|2026-06-02,spreads|djoliba ac|-2.75|home,spreads,Djoliba AC,-2.75,home,1.49,1.49,"[""Betfair Exchange""]","[""odds_api_io""]",1,,
soccer|binga|djoliba|2026-06-02,spreads|binga fc|2.75|away,spreads,Binga FC,2.75,away,1.04,1.04,"[""Betfair Exchange""]","[""odds_api_io""]",1,,
soccer|binga|djoliba|2026-06-02,totals|over|4.50|,totals,Over,4.5,,14.0,14.0,"[""Betfair Exchange""]","[""odds_api_io""]",1,,
soccer|binga|djoliba|2026-06-02,totals|under|4.50|,totals,Under,4.5,,1.06,1.06,"[""Betfair Exchange""]","[""odds_api_io""]",1,,
soccer|binga|djoliba|2026-06-02,totals|over|6.50|,totals,Over,6.5,,34.33,34.33,"[""Betfair Exchange""]","[""odds_api_io""]",1,,
soccer|binga|djoliba|2026-06-02,totals|under|6.50|,totals,Under,6.5,,1.01,1.01,"[""Betfair Exchange""]","[""odds_api_io""]",1,,
soccer|binga|djoliba|2026-06-02,totals|over|0.75|,totals,Over,0.75,,1.15,1.15,"[""Betfair Exchange""]","[""odds_api_io""]",1,,
soccer|binga|djoliba|2026-06-02,totals|under|0.75|,totals,Under,0.75,,5.54,5.54,"[""Betfair Exchange""]","[""odds_api_io""]",1,,
soccer|binga|djoliba|2026-06-02,totals|over|5.00|,totals,Over,5.0,,33.08,33.08,"[""Betfair Exchange""]","[""odds_api_io""]",1,,
soccer|binga|djoliba|2026-06-02,totals|under|5.00|,totals,Under,5.0,,1.01,1.01,"[""Betfair Exchange""]","[""odds_api_io""]",1,,
soccer|binga|djoliba|2026-06-02,totals|over|5.50|,totals,Over,5.5,,34.33,34.33,"[""Betfair Exchange""]","[""odds_api_io""]",1,,
soccer|binga|djoliba|2026-06-02,totals|under|5.50|,totals,Under,5.5,,1.01,1.01,"[""Betfair Exchange""]","[""odds_api_io""]",1,,
soccer|binga|djoliba|2026-06-02,totals|over|1.00|,totals,Over,1.0,,1.18,1.18,"[""Betfair Exchange""]","[""odds_api_io""]",1,,
soccer|binga|djoliba|2026-06-02,totals|under|1.00|,totals,Under,1.0,,4.74,4.74,"[""Betfair Exchange""]","[""odds_api_io""]",1,,
soccer|binga|djoliba|2026-06-02,totals|over|0.50|,totals,Over,0.5,,1.13,1.13,"[""Betfair Exchange""]","[""odds_api_io""]",1,,
soccer|binga|djoliba|2026-06-02,totals|under|0.50|,totals,Under,0.5,,6.88,6.88,"[""Betfair Exchange""]","[""odds_api_io""]",1,,
soccer|binga|djoliba|2026-06-02,totals|over|2.25|,totals,Over,2.25,,2.36,2.36,"[""Betfair Exchange""]","[""odds_api_io""]",1,,
soccer|binga|djoliba|2026-06-02,totals|under|2.25|,totals,Under,2.25,,1.58,1.58,"[""Betfair Exchange""]","[""odds_api_io""]",1,,
soccer|binga|djoliba|2026-06-02,totals|over|4.75|,totals,Over,4.75,,19.46,19.46,"[""Betfair Exchange""]","[""odds_api_io""]",1,,
soccer|binga|djoliba|2026-06-02,totals|under|4.75|,totals,Under,4.75,,1.01,1.01,"[""Betfair Exchange""]","[""odds_api_io""]",1,,
soccer|binga|djoliba|2026-06-02,totals|over|6.25|,totals,Over,6.25,,34.33,34.33,"[""Betfair Exchange""]","[""odds_api_io""]",1,,
soccer|binga|djoliba|2026-06-02,totals|under|6.25|,totals,Under,6.25,,1.01,1.01,"[""Betfair Exchange""]","[""odds_api_io""]",1,,
soccer|binga|djoliba|2026-06-02,totals|over|5.25|,totals,Over,5.25,,33.71,33.71,"[""Betfair Exchange""]","[""odds_api_io""]",1,,
soccer|binga|djoliba|2026-06-02,totals|under|5.25|,totals,Under,5.25,,1.01,1.01,"[""Betfair Exchange""]","[""odds_api_io""]",1,,
soccer|binga|djoliba|2026-06-02,totals|over|3.25|,totals,Over,3.25,,5.23,5.23,"[""Betfair Exchange""]","[""odds_api_io""]",1,,
soccer|binga|djoliba|2026-06-02,totals|under|3.25|,totals,Under,3.25,,1.2,1.2,"[""Betfair Exchange""]","[""odds_api_io""]",1,,
soccer|binga|djoliba|2026-06-02,totals|over|4.00|,totals,Over,4.0,,12.77,12.77,"[""Betfair Exchange""]","[""odds_api_io""]",1,,
soccer|binga|djoliba|2026-06-02,totals|under|4.00|,totals,Under,4.0,,1.06,1.06,"[""Betfair Exchange""]","[""odds_api_io""]",1,,
soccer|binga|djoliba|2026-06-02,totals|over|3.75|,totals,Over,3.75,,7.95,7.95,"[""Betfair Exchange""]","[""odds_api_io""]",1,,
soccer|binga|djoliba|2026-06-02,totals|under|3.75|,totals,Under,3.75,,1.1,1.1,"[""Betfair Exchange""]","[""odds_api_io""]",1,,
soccer|binga|djoliba|2026-06-02,totals|over|4.25|,totals,Over,4.25,,13.5,13.5,"[""Betfair Exchange""]","[""odds_api_io""]",1,,
soccer|binga|djoliba|2026-06-02,totals|under|4.25|,totals,Under,4.25,,1.06,1.06,"[""Betfair Exchange""]","[""odds_api_io""]",1,,
soccer|binga|djoliba|2026-06-02,totals|over|6.00|,totals,Over,6.0,,34.33,34.33,"[""Betfair Exchange""]","[""odds_api_io""]",1,,
soccer|binga|djoliba|2026-06-02,totals|under|6.00|,totals,Under,6.0,,1.01,1.01,"[""Betfair Exchange""]","[""odds_api_io""]",1,,
soccer|binga|djoliba|2026-06-02,totals|over|1.75|,totals,Over,1.75,,1.73,1.73,"[""Betfair Exchange""]","[""odds_api_io""]",1,,
soccer|binga|djoliba|2026-06-02,totals|under|1.75|,totals,Under,1.75,,2.08,2.08,"[""Betfair Exchange""]","[""odds_api_io""]",1,,
soccer|binga|djoliba|2026-06-02,totals|over|2.75|,totals,Over,2.75,,3.34,3.34,"[""Betfair Exchange""]","[""odds_api_io""]",1,,
soccer|binga|djoliba|2026-06-02,totals|under|2.75|,totals,Under,2.75,,1.33,1.33,"[""Betfair Exchange""]","[""odds_api_io""]",1,,
soccer|binga|djoliba|2026-06-02,totals|over|1.50|,totals,Over,1.5,,1.57,1.57,"[""Betfair Exchange""]","[""odds_api_io""]",1,,
soccer|binga|djoliba|2026-06-02,totals|under|1.50|,totals,Under,1.5,,2.44,2.44,"[""Betfair Exchange""]","[""odds_api_io""]",1,,
soccer|binga|djoliba|2026-06-02,totals|over|3.00|,totals,Over,3.0,,4.67,4.67,"[""Betfair Exchange""]","[""odds_api_io""]",1,,
soccer|binga|djoliba|2026-06-02,totals|under|3.00|,totals,Under,3.0,,1.23,1.23,"[""Betfair Exchange""]","[""odds_api_io""]",1,,
soccer|binga|djoliba|2026-06-02,totals|over|5.75|,totals,Over,5.75,,50.75,50.75,"[""Betfair Exchange""]","[""odds_api_io""]",1,,
soccer|binga|djoliba|2026-06-02,totals|under|5.75|,totals,Under,5.75,,1.01,1.01,"[""Betfair Exchange""]","[""odds_api_io""]",1,,
soccer|binga|djoliba|2026-06-02,totals|over|7.00|,totals,Over,7.0,,101.0,101.0,"[""Betfair Exchange""]","[""odds_api_io""]",1,,
soccer|binga|djoliba|2026-06-02,totals|under|7.00|,totals,Under,7.0,,1.01,1.01,"[""Betfair Exchange""]","[""odds_api_io""]",1,,
soccer|binga|djoliba|2026-06-02,totals|over|1.25|,totals,Over,1.25,,1.37,1.37,"[""Betfair Exchange""]","[""odds_api_io""]",1,,
soccer|binga|djoliba|2026-06-02,totals|under|1.25|,totals,Under,1.25,,3.08,3.08,"[""Betfair Exchange""]","[""odds_api_io""]",1,,
soccer|binga|djoliba|2026-06-02,totals|over|3.50|,totals,Over,3.5,,5.8,5.8,"[""Betfair Exchange""]","[""odds_api_io""]",1,,
soccer|binga|djoliba|2026-06-02,totals|under|3.50|,totals,Under,3.5,,1.19,1.19,"[""Betfair Exchange""]","[""odds_api_io""]",1,,
soccer|binga|djoliba|2026-06-02,totals|over|7.25|,totals,Over,7.25,,101.0,101.0,"[""Betfair Exchange""]","[""odds_api_io""]",1,,
soccer|binga|djoliba|2026-06-02,totals|under|7.25|,totals,Under,7.25,,1.01,1.01,"[""Betfair Exchange""]","[""odds_api_io""]",1,,
soccer|binga|djoliba|2026-06-02,totals|over|6.75|,totals,Over,6.75,,101.0,101.0,"[""Betfair Exchange""]","[""odds_api_io""]",1,,
soccer|binga|djoliba|2026-06-02,totals|under|6.75|,totals,Under,6.75,,1.01,1.01,"[""Betfair Exchange""]","[""odds_api_io""]",1,,
soccer|binga|djoliba|2026-06-02,totals|over|7.50|,totals,Over,7.5,,101.0,101.0,"[""Betfair Exchange""]","[""odds_api_io""]",1,,
soccer|binga|djoliba|2026-06-02,totals|under|7.50|,totals,Under,7.5,,1.01,1.01,"[""Betfair Exchange""]","[""odds_api_io""]",1,,
soccer|binga|djoliba|2026-06-02,btts|yes||,btts,Yes,,,2.3,2.3,"[""Betfair Exchange""]","[""odds_api_io""]",1,,
soccer|binga|djoliba|2026-06-02,btts|no||,btts,No,,,1.6,1.6,"[""Betfair Exchange""]","[""odds_api_io""]",1,,
soccer|cerro largo|maldonado reserves|2026-06-02,h2h|deportivo maldonado reserve||home,h2h,Deportivo Maldonado Reserve,,home,2.2,2.2,"[""Bet365"", ""Betfair Exchange""]","[""odds_api_io""]",2,,
soccer|cerro largo|maldonado reserves|2026-06-02,h2h|draw||,h2h,Draw,,,3.7,3.4645,"[""Bet365"", ""Betfair Exchange""]","[""odds_api_io""]",2,3.742,
soccer|cerro largo|maldonado reserves|2026-06-02,h2h|cerro largo fc||away,h2h,Cerro Largo FC,,away,3.3,3.1456,"[""Bet365"", ""Betfair Exchange""]","[""odds_api_io""]",2,3.03,
soccer|cerro largo|maldonado reserves|2026-06-02,dnb|deportivo maldonado reserve|0.00|home,dnb,Deportivo Maldonado Reserve,0.0,home,1.62,1.6175,"[""Bet365"", ""Betfair Exchange""]","[""odds_api_io""]",2,0.191,
soccer|cerro largo|maldonado reserves|2026-06-02,dnb|cerro largo fc|0.00|away,dnb,Cerro Largo FC,0.0,away,2.4,2.2975,"[""Bet365"", ""Betfair Exchange""]","[""odds_api_io""]",2,3.788,
soccer|cerro largo|maldonado reserves|2026-06-02,spreads|deportivo maldonado reserve|-0.25|home,spreads,Deportivo Maldonado Reserve,-0.25,home,1.95,1.9294,"[""Bet365"", ""Betfair Exchange""]","[""odds_api_io""]",2,1.074,
soccer|cerro largo|maldonado reserves|2026-06-02,spreads|cerro largo fc|0.25|away,spreads,Cerro Largo FC,0.25,away,1.97,1.9092,"[""Bet365"", ""Betfair Exchange""]","[""odds_api_io""]",2,3.293,
soccer|cerro largo|maldonado reserves|2026-06-02,totals|over|2.50|,totals,Over,2.5,,1.8,1.7949,"[""Bet365"", ""Betfair Exchange""]","[""odds_api_io""]",2,0.31,
soccer|cerro largo|maldonado reserves|2026-06-02,totals|under|2.50|,totals,Under,2.5,,2.07,2.035,"[""Bet365"", ""Betfair Exchange""]","[""odds_api_io""]",2,1.691,
soccer|cerro largo|maldonado reserves|2026-06-02,spreads|deportivo maldonado reserve|-2.00|home,spreads,Deportivo Maldonado Reserve,-2.0,home,9.4,8.0235,"[""Bet365"", ""Betfair Exchange""]","[""odds_api_io""]",3,3.647,
soccer|cerro largo|maldonado reserves|2026-06-02,spreads|cerro largo fc|2.00|away,spreads,Cerro Largo FC,2.0,away,1.2,1.1246,"[""Bet365"", ""Betfair Exchange""]","[""odds_api_io""]",3,9.259,
soccer|cerro largo|maldonado reserves|2026-06-02,spreads|deportivo maldonado reserve|-1.75|home,spreads,Deportivo Maldonado Reserve,-1.75,home,5.09,5.0454,"[""Bet365"", ""Betfair Exchange""]","[""odds_api_io""]",2,0.354,
soccer|cerro largo|maldonado reserves|2026-06-02,spreads|cerro largo fc|1.75|away,spreads,Cerro Largo FC,1.75,away,1.17,1.1545,"[""Bet365"", ""Betfair Exchange""]","[""odds_api_io""]",2,2.249,
soccer|cerro largo|maldonado reserves|2026-06-02,spreads|deportivo maldonado reserve|-1.50|home,spreads,Deportivo Maldonado Reserve,-1.5,home,3.9,3.9,"[""Bet365"", ""Betfair Exchange""]","[""odds_api_io""]",2,,
soccer|cerro largo|maldonado reserves|2026-06-02,spreads|cerro largo fc|1.50|away,spreads,Cerro Largo FC,1.5,away,5.75,1.9623,"[""Bet365"", ""Betfair Exchange""]","[""odds_api_io""]",2,65.942,
soccer|cerro largo|maldonado reserves|2026-06-02,spreads|deportivo maldonado reserve|-1.25|home,spreads,Deportivo Maldonado Reserve,-1.25,home,3.55,3.5295,"[""Bet365"", ""Betfair Exchange""]","[""odds_api_io""]",2,0.321,
soccer|cerro largo|maldonado reserves|2026-06-02,spreads|cerro largo fc|1.25|away,spreads,Cerro Largo FC,1.25,away,5.5,1.9875,"[""Bet365"", ""Betfair Exchange""]","[""odds_api_io""]",2,63.119,
soccer|cerro largo|maldonado reserves|2026-06-02,spreads|deportivo maldonado reserve|-1.00|home,spreads,Deportivo Maldonado Reserve,-1.0,home,3.9,3.4106,"[""Bet365"", ""Betfair Exchange""]","[""odds_api_io""]",3,6.41,
soccer|cerro largo|maldonado reserves|2026-06-02,spreads|cerro largo fc|1.00|away,spreads,Cerro Largo FC,1.0,away,5.0,1.9214,"[""Bet365"", ""Betfair Exchange""]","[""odds_api_io""]",3,57.519,
soccer|cerro largo|maldonado reserves|2026-06-02,spreads|deportivo maldonado reserve|-0.75|home,spreads,Deportivo Maldonado Reserve,-0.75,home,2.53,2.5152,"[""Bet365"", ""Betfair Exchange""]","[""odds_api_io""]",2,0.474,
soccer|cerro largo|maldonado reserves|2026-06-02,spreads|cerro largo fc|0.75|away,spreads,Cerro Largo FC,0.75,away,3.55,2.1034,"[""Bet365"", ""Betfair Exchange""]","[""odds_api_io""]",2,38.056,
soccer|cerro largo|maldonado reserves|2026-06-02,spreads|deportivo maldonado reserve|-0.50|home,spreads,Deportivo Maldonado Reserve,-0.5,home,2.2,2.2,"[""Bet365"", ""Betfair Exchange""]","[""odds_api_io""]",2,,
soccer|cerro largo|maldonado reserves|2026-06-02,spreads|cerro largo fc|0.50|away,spreads,Cerro Largo FC,0.5,away,3.0,2.1919,"[""Bet365"", ""Betfair Exchange""]","[""odds_api_io""]",2,24.138,
soccer|cerro largo|maldonado reserves|2026-06-02,spreads|deportivo maldonado reserve|0.00|home,spreads,Deportivo Maldonado Reserve,0.0,home,1.625,1.6225,"[""Bet365"", ""Betfair Exchange""]","[""odds_api_io""]",2,0.19,
soccer|cerro largo|maldonado reserves|2026-06-02,spreads|cerro largo fc|-0.00|away,spreads,Cerro Largo FC,-0.0,away,2.4,2.3239,"[""Bet365"", ""Betfair Exchange""]","[""odds_api_io""]",2,2.778,
soccer|cerro largo|maldonado reserves|2026-06-02,spreads|deportivo maldonado reserve|0.25|home,spreads,Deportivo Maldonado Reserve,0.25,home,1.48,1.4775,"[""Bet365"", ""Betfair Exchange""]","[""odds_api_io""]",2,0.229,
soccer|cerro largo|maldonado reserves|2026-06-02,spreads|cerro largo fc|-0.25|away,spreads,Cerro Largo FC,-0.25,away,2.85,2.7215,"[""Bet365"", ""Betfair Exchange""]","[""odds_api_io""]",2,3.374,
soccer|cerro largo|maldonado reserves|2026-06-02,spreads|deportivo maldonado reserve|0.50|home,spreads,Deportivo Maldonado Reserve,0.5,home,1.4,1.3876,"[""Bet365"", ""Betfair Exchange""]","[""odds_api_io""]",2,1.299,
soccer|cerro largo|maldonado reserves|2026-06-02,spreads|cerro largo fc|-0.50|away,spreads,Cerro Largo FC,-0.5,away,3.3,2.2134,"[""Bet365"", ""Betfair Exchange""]","[""odds_api_io""]",2,30.303,
soccer|cerro largo|maldonado reserves|2026-06-02,spreads|deportivo maldonado reserve|0.75|home,spreads,Deportivo Maldonado Reserve,0.75,home,1.275,1.2673,"[""Bet365"", ""Betfair Exchange""]","[""odds_api_io""]",2,0.934,
soccer|cerro largo|maldonado reserves|2026-06-02,spreads|cerro largo fc|-0.75|away,spreads,Cerro Largo FC,-0.75,away,4.03,2.2046,"[""Bet365"", ""Betfair Exchange""]","[""odds_api_io""]",2,41.853,
soccer|cerro largo|maldonado reserves|2026-06-02,spreads|deportivo maldonado reserve|1.00|home,spreads,Deportivo Maldonado Reserve,1.0,home,1.4,1.2232,"[""Bet365"", ""Betfair Exchange""]","[""odds_api_io""]",3,17.067,
soccer|cerro largo|maldonado reserves|2026-06-02,spreads|cerro largo fc|-1.00|away,spreads,Cerro Largo FC,-1.0,away,6.4,2.7777,"[""Bet365"", ""Betfair Exchange""]","[""odds_api_io""]",3,59.847,
soccer|cerro largo|maldonado reserves|2026-06-02,spreads|deportivo maldonado reserve|1.25|home,spreads,Deportivo Maldonado Reserve,1.25,home,1.15,1.1345,"[""Bet365"", ""Betfair Exchange""]","[""odds_api_io""]",2,2.329,
soccer|cerro largo|maldonado reserves|2026-06-02,spreads|cerro largo fc|-1.25|away,spreads,Cerro Largo FC,-1.25,away,5.93,2.1237,"[""Bet365"", ""Betfair Exchange""]","[""odds_api_io""]",2,61.568,
soccer|cerro largo|maldonado reserves|2026-06-02,spreads|deportivo maldonado reserve|1.50|home,spreads,Deportivo Maldonado Reserve,1.5,home,1.14,1.1193,"[""Bet365"", ""Betfair Exchange""]","[""odds_api_io""]",2,3.19,
soccer|cerro largo|maldonado reserves|2026-06-02,spreads|cerro largo fc|-1.50|away,spreads,Cerro Largo FC,-1.5,away,6.4,2.1033,"[""Bet365"", ""Betfair Exchange""]","[""odds_api_io""]",2,65.02,
soccer|cerro largo|maldonado reserves|2026-06-02,doubleChance|1x||,doubleChance,1X,,,1.4,1.4,"[""Betfair Exchange""]","[""odds_api_io""]",1,,
soccer|cerro largo|maldonado reserves|2026-06-02,doubleChance|12||,doubleChance,12,,,1.32,1.32,"[""Betfair Exchange""]","[""odds_api_io""]",1,,
soccer|cerro largo|maldonado reserves|2026-06-02,doubleChance|x2||,doubleChance,X2,,,1.74,1.74,"[""Betfair Exchange""]","[""odds_api_io""]",1,,
soccer|cerro largo|maldonado reserves|2026-06-02,spreads|deportivo maldonado reserve|-3.00|home,spreads,Deportivo Maldonado Reserve,-3.0,home,15.5,15.3485,"[""Betfair Exchange""]","[""odds_api_io""]",2,0.127,
soccer|cerro largo|maldonado reserves|2026-06-02,spreads|cerro largo fc|3.00|away,spreads,Cerro Largo FC,3.0,away,1.07,1.0444,"[""Betfair Exchange""]","[""odds_api_io""]",2,4.581,
soccer|cerro largo|maldonado reserves|2026-06-02,spreads|deportivo maldonado reserve|2.25|home,spreads,Deportivo Maldonado Reserve,2.25,home,1.03,1.03,"[""Betfair Exchange""]","[""odds_api_io""]",1,,
soccer|cerro largo|maldonado reserves|2026-06-02,spreads|cerro largo fc|-2.25|away,spreads,Cerro Largo FC,-2.25,away,17.14,17.14,"[""Betfair Exchange""]","[""odds_api_io""]",1,,
soccer|cerro largo|maldonado reserves|2026-06-02,spreads|deportivo maldonado reserve|2.75|home,spreads,Deportivo Maldonado Reserve,2.75,home,1.02,1.02,"[""Betfair Exchange""]","[""odds_api_io""]",1,,
soccer|cerro largo|maldonado reserves|2026-06-02,spreads|cerro largo fc|-2.75|away,spreads,Cerro Largo FC,-2.75,away,22.37,22.37,"[""Betfair Exchange""]","[""odds_api_io""]",1,,
soccer|cerro largo|maldonado reserves|2026-06-02,spreads|deportivo maldonado reserve|-2.50|home,spreads,Deportivo Maldonado Reserve,-2.5,home,9.4,9.4,"[""Betfair Exchange""]","[""odds_api_io""]",1,,
soccer|cerro largo|maldonado reserves|2026-06-02,spreads|cerro largo fc|2.50|away,spreads,Cerro Largo FC,2.5,away,1.07,1.07,"[""Betfair Exchange""]","[""odds_api_io""]",1,,
soccer|cerro largo|maldonado reserves|2026-06-02,spreads|deportivo maldonado reserve|2.00|home,spreads,Deportivo Maldonado Reserve,2.0,home,1.1,1.0638,"[""Betfair Exchange""]","[""odds_api_io""]",2,6.178,
soccer|cerro largo|maldonado reserves|2026-06-02,spreads|cerro largo fc|-2.00|away,spreads,Cerro Largo FC,-2.0,away,18.0,17.0692,"[""Betfair Exchange""]","[""odds_api_io""]",2,0.606,
soccer|cerro largo|maldonado reserves|2026-06-02,spreads|deportivo maldonado reserve|-2.25|home,spreads,Deportivo Maldonado Reserve,-2.25,home,8.71,8.71,"[""Betfair Exchange""]","[""odds_api_io""]",1,,
soccer|cerro largo|maldonado reserves|2026-06-02,spreads|cerro largo fc|2.25|away,spreads,Cerro Largo FC,2.25,away,1.07,1.07,"[""Betfair Exchange""]","[""odds_api_io""]",1,,
soccer|cerro largo|maldonado reserves|2026-06-02,spreads|deportivo maldonado reserve|-3.50|home,spreads,Deportivo Maldonado Reserve,-3.5,home,15.89,15.89,"[""Betfair Exchange""]","[""odds_api_io""]",1,,
soccer|cerro largo|maldonado reserves|2026-06-02,spreads|cerro largo fc|3.50|away,spreads,Cerro Largo FC,3.5,away,1.02,1.02,"[""Betfair Exchange""]","[""odds_api_io""]",1,,
soccer|cerro largo|maldonado reserves|2026-06-02,spreads|deportivo maldonado reserve|-2.75|home,spreads,Deportivo Maldonado Reserve,-2.75,home,13.57,13.57,"[""Betfair Exchange""]","[""odds_api_io""]",1,,
soccer|cerro largo|maldonado reserves|2026-06-02,spreads|cerro largo fc|2.75|away,spreads,Cerro Largo FC,2.75,away,1.04,1.04,"[""Betfair Exchange""]","[""odds_api_io""]",1,,
soccer|cerro largo|maldonado reserves|2026-06-02,spreads|deportivo maldonado reserve|-3.75|home,spreads,Deportivo Maldonado Reserve,-3.75,home,15.89,15.89,"[""Betfair Exchange""]","[""odds_api_io""]",1,,
soccer|cerro largo|maldonado reserves|2026-06-02,spreads|cerro largo fc|3.75|away,spreads,Cerro Largo FC,3.75,away,1.01,1.01,"[""Betfair Exchange""]","[""odds_api_io""]",1,,
soccer|cerro largo|maldonado reserves|2026-06-02,spreads|deportivo maldonado reserve|-3.25|home,spreads,Deportivo Maldonado Reserve,-3.25,home,15.55,15.55,"[""Betfair Exchange""]","[""odds_api_io""]",1,,
soccer|cerro largo|maldonado reserves|2026-06-02,spreads|cerro largo fc|3.25|away,spreads,Cerro Largo FC,3.25,away,1.02,1.02,"[""Betfair Exchange""]","[""odds_api_io""]",1,,
soccer|cerro largo|maldonado reserves|2026-06-02,spreads|deportivo maldonado reserve|1.75|home,spreads,Deportivo Maldonado Reserve,1.75,home,1.07,1.07,"[""Betfair Exchange""]","[""odds_api_io""]",1,,
soccer|cerro largo|maldonado reserves|2026-06-02,spreads|cerro largo fc|-1.75|away,spreads,Cerro Largo FC,-1.75,away,8.97,8.97,"[""Betfair Exchange""]","[""odds_api_io""]",1,,
soccer|cerro largo|maldonado reserves|2026-06-02,spreads|deportivo maldonado reserve|2.50|home,spreads,Deportivo Maldonado Reserve,2.5,home,1.03,1.03,"[""Betfair Exchange""]","[""odds_api_io""]",1,,
soccer|cerro largo|maldonado reserves|2026-06-02,spreads|cerro largo fc|-2.50|away,spreads,Cerro Largo FC,-2.5,away,18.05,18.05,"[""Betfair Exchange""]","[""odds_api_io""]",1,,
soccer|cerro largo|maldonado reserves|2026-06-02,totals|over|3.75|,totals,Over,3.75,,3.71,3.71,"[""Betfair Exchange""]","[""odds_api_io""]",1,,
soccer|cerro largo|maldonado reserves|2026-06-02,totals|under|3.75|,totals,Under,3.75,,1.26,1.26,"[""Betfair Exchange""]","[""odds_api_io""]",1,,
soccer|cerro largo|maldonado reserves|2026-06-02,totals|over|4.00|,totals,Over,4.0,,5.03,5.03,"[""Betfair Exchange""]","[""odds_api_io""]",1,,
soccer|cerro largo|maldonado reserves|2026-06-02,totals|under|4.00|,totals,Under,4.0,,1.18,1.18,"[""Betfair Exchange""]","[""odds_api_io""]",1,,
soccer|cerro largo|maldonado reserves|2026-06-02,totals|over|4.50|,totals,Over,4.5,,6.0,6.0,"[""Betfair Exchange""]","[""odds_api_io""]",1,,
soccer|cerro largo|maldonado reserves|2026-06-02,totals|under|4.50|,totals,Under,4.5,,1.15,1.15,"[""Betfair Exchange""]","[""odds_api_io""]",1,,
soccer|cerro largo|maldonado reserves|2026-06-02,totals|over|3.25|,totals,Over,3.25,,2.69,2.69,"[""Betfair Exchange""]","[""odds_api_io""]",1,,
soccer|cerro largo|maldonado reserves|2026-06-02,totals|under|3.25|,totals,Under,3.25,,1.46,1.46,"[""Betfair Exchange""]","[""odds_api_io""]",1,,
soccer|cerro largo|maldonado reserves|2026-06-02,totals|over|0.75|,totals,Over,0.75,,1.05,1.05,"[""Betfair Exchange""]","[""odds_api_io""]",1,,
soccer|cerro largo|maldonado reserves|2026-06-02,totals|under|0.75|,totals,Under,0.75,,5.0,5.0,"[""Betfair Exchange""]","[""odds_api_io""]",1,,
soccer|cerro largo|maldonado reserves|2026-06-02,totals|over|1.00|,totals,Over,1.0,,1.06,1.06,"[""Betfair Exchange""]","[""odds_api_io""]",1,,
soccer|cerro largo|maldonado reserves|2026-06-02,totals|under|1.00|,totals,Under,1.0,,10.09,10.09,"[""Betfair Exchange""]","[""odds_api_io""]",1,,
soccer|cerro largo|maldonado reserves|2026-06-02,totals|over|2.25|,totals,Over,2.25,,1.57,1.57,"[""Betfair Exchange""]","[""odds_api_io""]",1,,
soccer|cerro largo|maldonado reserves|2026-06-02,totals|under|2.25|,totals,Under,2.25,,2.35,2.35,"[""Betfair Exchange""]","[""odds_api_io""]",1,,
soccer|cerro largo|maldonado reserves|2026-06-02,totals|over|7.00|,totals,Over,7.0,,50.03,50.03,"[""Betfair Exchange""]","[""odds_api_io""]",1,,
soccer|cerro largo|maldonado reserves|2026-06-02,totals|under|7.00|,totals,Under,7.0,,1.01,1.01,"[""Betfair Exchange""]","[""odds_api_io""]",1,,
soccer|cerro largo|maldonado reserves|2026-06-02,totals|over|6.50|,totals,Over,6.5,,26.0,26.0,"[""Betfair Exchange""]","[""odds_api_io""]",1,,
soccer|cerro largo|maldonado reserves|2026-06-02,totals|under|6.50|,totals,Under,6.5,,1.01,1.01,"[""Betfair Exchange""]","[""odds_api_io""]",1,,
soccer|cerro largo|maldonado reserves|2026-06-02,totals|over|2.00|,totals,Over,2.0,,1.35,1.35,"[""Betfair Exchange""]","[""odds_api_io""]",1,,
soccer|cerro largo|maldonado reserves|2026-06-02,totals|under|2.00|,totals,Under,2.0,,2.84,2.84,"[""Betfair Exchange""]","[""odds_api_io""]",1,,
soccer|cerro largo|maldonado reserves|2026-06-02,totals|over|1.25|,totals,Over,1.25,,1.15,1.15,"[""Betfair Exchange""]","[""odds_api_io""]",1,,
soccer|cerro largo|maldonado reserves|2026-06-02,totals|under|1.25|,totals,Under,1.25,,5.84,5.84,"[""Betfair Exchange""]","[""odds_api_io""]",1,,
soccer|cerro largo|maldonado reserves|2026-06-02,totals|over|7.25|,totals,Over,7.25,,50.51,50.51,"[""Betfair Exchange""]","[""odds_api_io""]",1,,
soccer|cerro largo|maldonado reserves|2026-06-02,totals|under|7.25|,totals,Under,7.25,,1.01,1.01,"[""Betfair Exchange""]","[""odds_api_io""]",1,,
soccer|cerro largo|maldonado reserves|2026-06-02,totals|over|1.50|,totals,Over,1.5,,1.25,1.25,"[""Betfair Exchange""]","[""odds_api_io""]",1,,
soccer|cerro largo|maldonado reserves|2026-06-02,totals|under|1.50|,totals,Under,1.5,,4.3,4.3,"[""Betfair Exchange""]","[""odds_api_io""]",1,,
soccer|cerro largo|maldonado reserves|2026-06-02,totals|over|5.25|,totals,Over,5.25,,12.87,12.87,"[""Betfair Exchange""]","[""odds_api_io""]",1,,
soccer|cerro largo|maldonado reserves|2026-06-02,totals|under|5.25|,totals,Under,5.25,,1.05,1.05,"[""Betfair Exchange""]","[""odds_api_io""]",1,,
soccer|cerro largo|maldonado reserves|2026-06-02,totals|over|5.50|,totals,Over,5.5,,13.5,13.5,"[""Betfair Exchange""]","[""odds_api_io""]",1,,
soccer|cerro largo|maldonado reserves|2026-06-02,totals|under|5.50|,totals,Under,5.5,,1.05,1.05,"[""Betfair Exchange""]","[""odds_api_io""]",1,,
soccer|cerro largo|maldonado reserves|2026-06-02,totals|over|5.75|,totals,Over,5.75,,17.45,17.45,"[""Betfair Exchange""]","[""odds_api_io""]",1,,
soccer|cerro largo|maldonado reserves|2026-06-02,totals|under|5.75|,totals,Under,5.75,,1.01,1.01,"[""Betfair Exchange""]","[""odds_api_io""]",1,,
soccer|cerro largo|maldonado reserves|2026-06-02,totals|over|1.75|,totals,Over,1.75,,1.29,1.29,"[""Betfair Exchange""]","[""odds_api_io""]",1,,
soccer|cerro largo|maldonado reserves|2026-06-02,totals|under|1.75|,totals,Under,1.75,,3.2,3.2,"[""Betfair Exchange""]","[""odds_api_io""]",1,,
soccer|cerro largo|maldonado reserves|2026-06-02,totals|over|2.75|,totals,Over,2.75,,1.99,1.99,"[""Betfair Exchange""]","[""odds_api_io""]",1,,
soccer|cerro largo|maldonado reserves|2026-06-02,totals|under|2.75|,totals,Under,2.75,,1.7,1.7,"[""Betfair Exchange""]","[""odds_api_io""]",1,,
soccer|cerro largo|maldonado reserves|2026-06-02,totals|over|4.25|,totals,Over,4.25,,5.51,5.51,"[""Betfair Exchange""]","[""odds_api_io""]",1,,
soccer|cerro largo|maldonado reserves|2026-06-02,totals|under|4.25|,totals,Under,4.25,,1.16,1.16,"[""Betfair Exchange""]","[""odds_api_io""]",1,,
soccer|cerro largo|maldonado reserves|2026-06-02,totals|over|5.00|,totals,Over,5.0,,12.25,12.25,"[""Betfair Exchange""]","[""odds_api_io""]",1,,
soccer|cerro largo|maldonado reserves|2026-06-02,totals|under|5.00|,totals,Under,5.0,,1.05,1.05,"[""Betfair Exchange""]","[""odds_api_io""]",1,,
soccer|cerro largo|maldonado reserves|2026-06-02,totals|over|3.00|,totals,Over,3.0,,2.34,2.34,"[""Betfair Exchange""]","[""odds_api_io""]",1,,
soccer|cerro largo|maldonado reserves|2026-06-02,totals|under|3.00|,totals,Under,3.0,,1.54,1.54,"[""Betfair Exchange""]","[""odds_api_io""]",1,,
soccer|cerro largo|maldonado reserves|2026-06-02,totals|over|4.75|,totals,Over,4.75,,7.92,7.92,"[""Betfair Exchange""]","[""odds_api_io""]",1,,
soccer|cerro largo|maldonado reserves|2026-06-02,totals|under|4.75|,totals,Under,4.75,,1.09,1.09,"[""Betfair Exchange""]","[""odds_api_io""]",1,,
soccer|cerro largo|maldonado reserves|2026-06-02,totals|over|7.50|,totals,Over,7.5,,51.0,51.0,"[""Betfair Exchange""]","[""odds_api_io""]",1,,
soccer|cerro largo|maldonado reserves|2026-06-02,totals|under|7.50|,totals,Under,7.5,,1.01,1.01,"[""Betfair Exchange""]","[""odds_api_io""]",1,,
soccer|cerro largo|maldonado reserves|2026-06-02,totals|over|3.50|,totals,Over,3.5,,3.05,3.05,"[""Betfair Exchange""]","[""odds_api_io""]",1,,
soccer|cerro largo|maldonado reserves|2026-06-02,totals|under|3.50|,totals,Under,3.5,,1.4,1.4,"[""Betfair Exchange""]","[""odds_api_io""]",1,,
soccer|cerro largo|maldonado reserves|2026-06-02,totals|over|0.50|,totals,Over,0.5,,1.05,1.05,"[""Betfair Exchange""]","[""odds_api_io""]",1,,
soccer|cerro largo|maldonado reserves|2026-06-02,totals|under|0.50|,totals,Under,0.5,,13.5,13.5,"[""Betfair Exchange""]","[""odds_api_io""]",1,,
soccer|cerro largo|maldonado reserves|2026-06-02,totals|over|6.25|,totals,Over,6.25,,25.53,25.53,"[""Betfair Exchange""]","[""odds_api_io""]",1,,
soccer|cerro largo|maldonado reserves|2026-06-02,totals|under|6.25|,totals,Under,6.25,,1.01,1.01,"[""Betfair Exchange""]","[""odds_api_io""]",1,,
soccer|cerro largo|maldonado reserves|2026-06-02,totals|over|6.75|,totals,Over,6.75,,34.11,34.11,"[""Betfair Exchange""]","[""odds_api_io""]",1,,
soccer|cerro largo|maldonado reserves|2026-06-02,totals|under|6.75|,totals,Under,6.75,,1.01,1.01,"[""Betfair Exchange""]","[""odds_api_io""]",1,,
soccer|cerro largo|maldonado reserves|2026-06-02,totals|over|6.00|,totals,Over,6.0,,25.07,25.07,"[""Betfair Exchange""]","[""odds_api_io""]",1,,
soccer|cerro largo|maldonado reserves|2026-06-02,totals|under|6.00|,totals,Under,6.0,,1.01,1.01,"[""Betfair Exchange""]","[""odds_api_io""]",1,,
soccer|cerro largo|maldonado reserves|2026-06-02,btts|yes||,btts,Yes,,,1.65,1.65,"[""Betfair Exchange""]","[""odds_api_io""]",1,,
soccer|cerro largo|maldonado reserves|2026-06-02,btts|no||,btts,No,,,2.22,2.22,"[""Betfair Exchange""]","[""odds_api_io""]",1,,
soccer|cerro largo|maldonado reserves|2026-06-02,spreads|deportivo maldonado reserve|3.00|home,spreads,Deportivo Maldonado Reserve,3.0,home,1.03,1.03,"[""Betfair Exchange""]","[""odds_api_io""]",1,,
soccer|cerro largo|maldonado reserves|2026-06-02,spreads|cerro largo fc|-3.00|away,spreads,Cerro Largo FC,-3.0,away,30.0,30.0,"[""Betfair Exchange""]","[""odds_api_io""]",1,,
soccer|penarol montevideo|torque|2026-06-02,h2h|penarol montevideo||home,h2h,Penarol Montevideo,,home,2.2,2.2,"[""Bet365""]","[""odds_api_io""]",1,,
soccer|penarol montevideo|torque|2026-06-02,h2h|draw||,h2h,Draw,,,3.2,3.2,"[""Bet365""]","[""odds_api_io""]",1,,
soccer|penarol montevideo|torque|2026-06-02,h2h|torque||away,h2h,Torque,,away,3.1,3.1,"[""Bet365""]","[""odds_api_io""]",1,,
soccer|penarol montevideo|torque|2026-06-02,dnb|penarol montevideo|0.00|home,dnb,Penarol Montevideo,0.0,home,1.571,1.571,"[""Bet365""]","[""odds_api_io""]",1,,
soccer|penarol montevideo|torque|2026-06-02,dnb|torque|0.00|away,dnb,Torque,0.0,away,2.25,2.25,"[""Bet365""]","[""odds_api_io""]",1,,
soccer|penarol montevideo|torque|2026-06-02,spreads|penarol montevideo|-0.25|home,spreads,Penarol Montevideo,-0.25,home,1.925,1.925,"[""Bet365""]","[""odds_api_io""]",1,,
soccer|penarol montevideo|torque|2026-06-02,spreads|torque|0.25|away,spreads,Torque,0.25,away,1.875,1.875,"[""Bet365""]","[""odds_api_io""]",1,,
soccer|penarol montevideo|torque|2026-06-02,totals|over|2.25|,totals,Over,2.25,,1.825,1.825,"[""Bet365""]","[""odds_api_io""]",1,,
soccer|penarol montevideo|torque|2026-06-02,totals|under|2.25|,totals,Under,2.25,,1.975,1.975,"[""Bet365""]","[""odds_api_io""]",1,,
soccer|penarol montevideo|torque|2026-06-02,totals|over|2.50|,totals,Over,2.5,,2.2,2.2,"[""Bet365""]","[""odds_api_io""]",1,,
soccer|penarol montevideo|torque|2026-06-02,totals|under|2.50|,totals,Under,2.5,,1.65,1.65,"[""Bet365""]","[""odds_api_io""]",1,,
soccer|penarol montevideo|torque|2026-06-02,spreads|penarol montevideo|-1.75|home,spreads,Penarol Montevideo,-1.75,home,5.5,5.5,"[""Bet365""]","[""odds_api_io""]",1,,
soccer|penarol montevideo|torque|2026-06-02,spreads|torque|1.75|away,spreads,Torque,1.75,away,1.15,1.15,"[""Bet365""]","[""odds_api_io""]",1,,
soccer|penarol montevideo|torque|2026-06-02,spreads|penarol montevideo|-1.50|home,spreads,Penarol Montevideo,-1.5,home,4.15,4.15,"[""Bet365""]","[""odds_api_io""]",1,,
soccer|penarol montevideo|torque|2026-06-02,spreads|torque|1.50|away,spreads,Torque,1.5,away,6.6,6.6,"[""Bet365""]","[""odds_api_io""]",1,,
soccer|penarol montevideo|torque|2026-06-02,spreads|penarol montevideo|-1.25|home,spreads,Penarol Montevideo,-1.25,home,3.7,3.7,"[""Bet365""]","[""odds_api_io""]",1,,
soccer|penarol montevideo|torque|2026-06-02,spreads|torque|1.25|away,spreads,Torque,1.25,away,6.0,6.0,"[""Bet365""]","[""odds_api_io""]",1,,
soccer|penarol montevideo|torque|2026-06-02,spreads|penarol montevideo|-1.00|home,spreads,Penarol Montevideo,-1.0,home,3.45,3.45,"[""Bet365""]","[""odds_api_io""]",1,,
soccer|penarol montevideo|torque|2026-06-02,spreads|torque|1.00|away,spreads,Torque,1.0,away,5.75,5.75,"[""Bet365""]","[""odds_api_io""]",1,,
soccer|penarol montevideo|torque|2026-06-02,spreads|penarol montevideo|-0.75|home,spreads,Penarol Montevideo,-0.75,home,2.6,2.6,"[""Bet365""]","[""odds_api_io""]",1,,
soccer|penarol montevideo|torque|2026-06-02,spreads|torque|0.75|away,spreads,Torque,0.75,away,3.8,3.8,"[""Bet365""]","[""odds_api_io""]",1,,
soccer|penarol montevideo|torque|2026-06-02,spreads|penarol montevideo|-0.50|home,spreads,Penarol Montevideo,-0.5,home,2.2,2.2,"[""Bet365""]","[""odds_api_io""]",1,,
soccer|penarol montevideo|torque|2026-06-02,spreads|torque|0.50|away,spreads,Torque,0.5,away,3.1,3.1,"[""Bet365""]","[""odds_api_io""]",1,,
soccer|penarol montevideo|torque|2026-06-02,spreads|penarol montevideo|0.00|home,spreads,Penarol Montevideo,0.0,home,1.6,1.6,"[""Bet365""]","[""odds_api_io""]",1,,
soccer|penarol montevideo|torque|2026-06-02,spreads|torque|-0.00|away,spreads,Torque,-0.0,away,2.3,2.3,"[""Bet365""]","[""odds_api_io""]",1,,
soccer|penarol montevideo|torque|2026-06-02,spreads|penarol montevideo|0.25|home,spreads,Penarol Montevideo,0.25,home,1.45,1.45,"[""Bet365""]","[""odds_api_io""]",1,,
soccer|penarol montevideo|torque|2026-06-02,spreads|torque|-0.25|away,spreads,Torque,-0.25,away,2.675,2.675,"[""Bet365""]","[""odds_api_io""]",1,,
soccer|penarol montevideo|torque|2026-06-02,spreads|penarol montevideo|0.50|home,spreads,Penarol Montevideo,0.5,home,1.35,1.35,"[""Bet365""]","[""odds_api_io""]",1,,
soccer|penarol montevideo|torque|2026-06-02,spreads|torque|-0.50|away,spreads,Torque,-0.5,away,1.65,1.65,"[""Bet365""]","[""odds_api_io""]",1,,
soccer|penarol montevideo|torque|2026-06-02,spreads|penarol montevideo|0.75|home,spreads,Penarol Montevideo,0.75,home,1.25,1.25,"[""Bet365""]","[""odds_api_io""]",1,,
soccer|penarol montevideo|torque|2026-06-02,spreads|torque|-0.75|away,spreads,Torque,-0.75,away,1.475,1.475,"[""Bet365""]","[""odds_api_io""]",1,,
soccer|penarol montevideo|torque|2026-06-02,spreads|penarol montevideo|1.00|home,spreads,Penarol Montevideo,1.0,home,1.14,1.14,"[""Bet365""]","[""odds_api_io""]",1,,
soccer|penarol montevideo|torque|2026-06-02,spreads|torque|-1.00|away,spreads,Torque,-1.0,away,1.3,1.3,"[""Bet365""]","[""odds_api_io""]",1,,
soccer|penarol montevideo|torque|2026-06-02,spreads|penarol montevideo|1.25|home,spreads,Penarol Montevideo,1.25,home,1.125,1.125,"[""Bet365""]","[""odds_api_io""]",1,,
soccer|penarol montevideo|torque|2026-06-02,spreads|torque|-1.25|away,spreads,Torque,-1.25,away,1.26,1.26,"[""Bet365""]","[""odds_api_io""]",1,,
soccer|penarol montevideo|torque|2026-06-02,spreads|penarol montevideo|1.50|home,spreads,Penarol Montevideo,1.5,home,1.11,1.11,"[""Bet365""]","[""odds_api_io""]",1,,
soccer|penarol montevideo|torque|2026-06-02,spreads|torque|-1.50|away,spreads,Torque,-1.5,away,1.22,1.22,"[""Bet365""]","[""odds_api_io""]",1,,
soccer|boston river|defensor sporting|2026-06-02,h2h|boston river||home,h2h,Boston River,,home,3.0,2.9587,"[""Bet365"", ""Betfair Exchange""]","[""odds_api_io""]",2,0.913,
soccer|boston river|defensor sporting|2026-06-02,h2h|draw||,h2h,Draw,,,3.5,3.3726,"[""Bet365"", ""Betfair Exchange""]","[""odds_api_io""]",2,2.198,
soccer|boston river|defensor sporting|2026-06-02,h2h|defensor sporting||away,h2h,Defensor Sporting,,away,2.46,2.3522,"[""Bet365"", ""Betfair Exchange""]","[""odds_api_io""]",2,3.794,
soccer|boston river|defensor sporting|2026-06-02,dnb|boston river|0.00|home,dnb,Boston River,0.0,home,2.1,2.0898,"[""Bet365"", ""Betfair Exchange""]","[""odds_api_io""]",2,0.458,
soccer|boston river|defensor sporting|2026-06-02,dnb|defensor sporting|0.00|away,dnb,Defensor Sporting,0.0,away,1.79,1.7269,"[""Bet365"", ""Betfair Exchange""]","[""odds_api_io""]",2,4.158,
soccer|boston river|defensor sporting|2026-06-02,spreads|boston river|0.25|home,spreads,Boston River,0.25,home,1.8,1.7794,"[""Bet365"", ""Betfair Exchange""]","[""odds_api_io""]",2,1.263,
soccer|boston river|defensor sporting|2026-06-02,spreads|defensor sporting|-0.25|away,spreads,Defensor Sporting,-0.25,away,2.12,2.0593,"[""Bet365"", ""Betfair Exchange""]","[""odds_api_io""]",2,2.83,
soccer|boston river|defensor sporting|2026-06-02,totals|over|2.50|,totals,Over,2.5,,2.0,1.9585,"[""Bet365"", ""Betfair Exchange""]","[""odds_api_io""]",2,2.083,
soccer|boston river|defensor sporting|2026-06-02,totals|under|2.50|,totals,Under,2.5,,1.92,1.8592,"[""Bet365"", ""Betfair Exchange""]","[""odds_api_io""]",2,3.472,
soccer|boston river|defensor sporting|2026-06-02,spreads|boston river|-1.50|home,spreads,Boston River,-1.5,home,5.75,5.6726,"[""Bet365"", ""Betfair Exchange""]","[""odds_api_io""]",2,0.466,
soccer|boston river|defensor sporting|2026-06-02,spreads|defensor sporting|1.50|away,spreads,Defensor Sporting,1.5,away,4.15,1.7457,"[""Bet365"", ""Betfair Exchange""]","[""odds_api_io""]",2,65.189,
soccer|boston river|defensor sporting|2026-06-02,spreads|boston river|-1.25|home,spreads,Boston River,-1.25,home,5.5,5.3106,"[""Bet365"", ""Betfair Exchange""]","[""odds_api_io""]",2,1.273,
soccer|boston river|defensor sporting|2026-06-02,spreads|defensor sporting|1.25|away,spreads,Defensor Sporting,1.25,away,3.8,1.7368,"[""Bet365"", ""Betfair Exchange""]","[""odds_api_io""]",2,61.404,
soccer|boston river|defensor sporting|2026-06-02,spreads|boston river|-1.00|home,spreads,Boston River,-1.0,home,5.6,5.0663,"[""Bet365"", ""Betfair Exchange""]","[""odds_api_io""]",3,3.51,
soccer|boston river|defensor sporting|2026-06-02,spreads|defensor sporting|1.00|away,spreads,Defensor Sporting,1.0,away,3.45,1.6271,"[""Bet365"", ""Betfair Exchange""]","[""odds_api_io""]",3,57.221,
soccer|boston river|defensor sporting|2026-06-02,spreads|boston river|-0.75|home,spreads,Boston River,-0.75,home,3.55,3.5347,"[""Bet365"", ""Betfair Exchange""]","[""odds_api_io""]",2,0.24,
soccer|boston river|defensor sporting|2026-06-02,spreads|defensor sporting|0.75|away,spreads,Defensor Sporting,0.75,away,2.675,1.7569,"[""Bet365"", ""Betfair Exchange""]","[""odds_api_io""]",2,38.374,
soccer|boston river|defensor sporting|2026-06-02,spreads|boston river|-0.50|home,spreads,Boston River,-0.5,home,2.92,2.8852,"[""Bet365"", ""Betfair Exchange""]","[""odds_api_io""]",2,0.841,
soccer|boston river|defensor sporting|2026-06-02,spreads|defensor sporting|0.50|away,spreads,Defensor Sporting,0.5,away,2.3,1.7865,"[""Bet365"", ""Betfair Exchange""]","[""odds_api_io""]",2,24.549,
soccer|boston river|defensor sporting|2026-06-02,spreads|boston river|-0.25|home,spreads,Boston River,-0.25,home,2.5,2.5,"[""Bet365"", ""Betfair Exchange""]","[""odds_api_io""]",2,,
soccer|boston river|defensor sporting|2026-06-02,spreads|defensor sporting|0.25|away,spreads,Defensor Sporting,0.25,away,1.59,1.5445,"[""Bet365"", ""Betfair Exchange""]","[""odds_api_io""]",2,3.774,
soccer|boston river|defensor sporting|2026-06-02,spreads|boston river|0.00|home,spreads,Boston River,0.0,home,2.15,2.1138,"[""Bet365"", ""Betfair Exchange""]","[""odds_api_io""]",2,1.565,
soccer|boston river|defensor sporting|2026-06-02,spreads|defensor sporting|-0.00|away,spreads,Defensor Sporting,-0.0,away,1.79,1.7316,"[""Bet365"", ""Betfair Exchange""]","[""odds_api_io""]",2,3.836,
soccer|boston river|defensor sporting|2026-06-02,spreads|boston river|0.50|home,spreads,Boston River,0.5,home,1.6,1.5949,"[""Bet365"", ""Betfair Exchange""]","[""odds_api_io""]",2,0.393,
soccer|boston river|defensor sporting|2026-06-02,spreads|defensor sporting|-0.50|away,spreads,Defensor Sporting,-0.5,away,2.46,1.7934,"[""Bet365"", ""Betfair Exchange""]","[""odds_api_io""]",2,30.778,
soccer|boston river|defensor sporting|2026-06-02,spreads|boston river|0.75|home,spreads,Boston River,0.75,home,1.45,1.4241,"[""Bet365"", ""Betfair Exchange""]","[""odds_api_io""]",2,2.463,
soccer|boston river|defensor sporting|2026-06-02,spreads|defensor sporting|-0.75|away,spreads,Defensor Sporting,-0.75,away,2.93,1.7896,"[""Bet365"", ""Betfair Exchange""]","[""odds_api_io""]",2,44.302,
soccer|boston river|defensor sporting|2026-06-02,spreads|boston river|1.00|home,spreads,Boston River,1.0,home,1.59,1.3533,"[""Bet365"", ""Betfair Exchange""]","[""odds_api_io""]",3,19.074,
soccer|boston river|defensor sporting|2026-06-02,spreads|defensor sporting|-1.00|away,spreads,Defensor Sporting,-1.0,away,4.8,2.2927,"[""Bet365"", ""Betfair Exchange""]","[""odds_api_io""]",3,64.637,
soccer|boston river|defensor sporting|2026-06-02,spreads|boston river|1.25|home,spreads,Boston River,1.25,home,1.25,1.2134,"[""Bet365"", ""Betfair Exchange""]","[""odds_api_io""]",2,4.746,
soccer|boston river|defensor sporting|2026-06-02,spreads|defensor sporting|-1.25|away,spreads,Defensor Sporting,-1.25,away,4.32,1.8358,"[""Bet365"", ""Betfair Exchange""]","[""odds_api_io""]",2,63.808,
soccer|boston river|defensor sporting|2026-06-02,spreads|boston river|1.50|home,spreads,Boston River,1.5,home,1.22,1.1887,"[""Bet365"", ""Betfair Exchange""]","[""odds_api_io""]",2,4.24,
soccer|boston river|defensor sporting|2026-06-02,spreads|defensor sporting|-1.50|away,spreads,Defensor Sporting,-1.5,away,4.8,1.8633,"[""Bet365"", ""Betfair Exchange""]","[""odds_api_io""]",2,66.886,
soccer|boston river|defensor sporting|2026-06-02,spreads|boston river|1.75|home,spreads,Boston River,1.75,home,1.15,1.1293,"[""Bet365"", ""Betfair Exchange""]","[""odds_api_io""]",2,3.134,
soccer|boston river|defensor sporting|2026-06-02,spreads|defensor sporting|-1.75|away,spreads,Defensor Sporting,-1.75,away,6.5,5.9674,"[""Bet365"", ""Betfair Exchange""]","[""odds_api_io""]",2,2.797,
soccer|boston river|defensor sporting|2026-06-02,doubleChance|1x||,doubleChance,1X,,,1.59,1.59,"[""Betfair Exchange""]","[""odds_api_io""]",1,,
soccer|boston river|defensor sporting|2026-06-02,doubleChance|12||,doubleChance,12,,,1.34,1.34,"[""Betfair Exchange""]","[""odds_api_io""]",1,,
soccer|boston river|defensor sporting|2026-06-02,doubleChance|x2||,doubleChance,X2,,,1.47,1.47,"[""Betfair Exchange""]","[""odds_api_io""]",1,,
soccer|boston river|defensor sporting|2026-06-02,spreads|boston river|-3.50|home,spreads,Boston River,-3.5,home,27.63,27.63,"[""Betfair Exchange""]","[""odds_api_io""]",1,,
soccer|boston river|defensor sporting|2026-06-02,spreads|defensor sporting|3.50|away,spreads,Defensor Sporting,3.5,away,1.01,1.01,"[""Betfair Exchange""]","[""odds_api_io""]",1,,
soccer|boston river|defensor sporting|2026-06-02,spreads|boston river|3.25|home,spreads,Boston River,3.25,home,1.01,1.01,"[""Betfair Exchange""]","[""odds_api_io""]",1,,
soccer|boston river|defensor sporting|2026-06-02,spreads|defensor sporting|-3.25|away,spreads,Defensor Sporting,-3.25,away,21.07,21.07,"[""Betfair Exchange""]","[""odds_api_io""]",1,,
soccer|boston river|defensor sporting|2026-06-02,spreads|boston river|3.00|home,spreads,Boston River,3.0,home,1.05,1.0296,"[""Betfair Exchange""]","[""odds_api_io""]",2,3.772,
soccer|boston river|defensor sporting|2026-06-02,spreads|defensor sporting|-3.00|away,spreads,Defensor Sporting,-3.0,away,21.0,20.854,"[""Betfair Exchange""]","[""odds_api_io""]",2,0.067,
soccer|boston river|defensor sporting|2026-06-02,spreads|boston river|-2.50|home,spreads,Boston River,-2.5,home,16.0,16.0,"[""Betfair Exchange""]","[""odds_api_io""]",1,,
soccer|boston river|defensor sporting|2026-06-02,spreads|defensor sporting|2.50|away,spreads,Defensor Sporting,2.5,away,1.03,1.03,"[""Betfair Exchange""]","[""odds_api_io""]",1,,
soccer|boston river|defensor sporting|2026-06-02,spreads|boston river|-3.00|home,spreads,Boston River,-3.0,home,27.0,26.9499,"[""Betfair Exchange""]","[""odds_api_io""]",2,0.014,
soccer|boston river|defensor sporting|2026-06-02,spreads|defensor sporting|3.00|away,spreads,Defensor Sporting,3.0,away,1.03,1.0199,"[""Betfair Exchange""]","[""odds_api_io""]",2,1.923,
soccer|boston river|defensor sporting|2026-06-02,spreads|boston river|2.75|home,spreads,Boston River,2.75,home,1.03,1.03,"[""Betfair Exchange""]","[""odds_api_io""]",1,,
soccer|boston river|defensor sporting|2026-06-02,spreads|defensor sporting|-2.75|away,spreads,Defensor Sporting,-2.75,away,18.84,18.84,"[""Betfair Exchange""]","[""odds_api_io""]",1,,
soccer|boston river|defensor sporting|2026-06-02,spreads|boston river|2.25|home,spreads,Boston River,2.25,home,1.05,1.05,"[""Betfair Exchange""]","[""odds_api_io""]",1,,
soccer|boston river|defensor sporting|2026-06-02,spreads|defensor sporting|-2.25|away,spreads,Defensor Sporting,-2.25,away,11.8,11.8,"[""Betfair Exchange""]","[""odds_api_io""]",1,,
soccer|boston river|defensor sporting|2026-06-02,spreads|boston river|-2.00|home,spreads,Boston River,-2.0,home,16.0,15.0126,"[""Betfair Exchange""]","[""odds_api_io""]",2,0.822,
soccer|boston river|defensor sporting|2026-06-02,spreads|defensor sporting|2.00|away,spreads,Defensor Sporting,2.0,away,1.12,1.0785,"[""Betfair Exchange""]","[""odds_api_io""]",2,6.868,
soccer|boston river|defensor sporting|2026-06-02,spreads|boston river|-2.25|home,spreads,Boston River,-2.25,home,15.07,15.07,"[""Betfair Exchange""]","[""odds_api_io""]",1,,
soccer|boston river|defensor sporting|2026-06-02,spreads|defensor sporting|2.25|away,spreads,Defensor Sporting,2.25,away,1.04,1.04,"[""Betfair Exchange""]","[""odds_api_io""]",1,,
soccer|boston river|defensor sporting|2026-06-02,spreads|boston river|-2.75|home,spreads,Boston River,-2.75,home,24.23,24.23,"[""Betfair Exchange""]","[""odds_api_io""]",1,,
soccer|boston river|defensor sporting|2026-06-02,spreads|defensor sporting|2.75|away,spreads,Defensor Sporting,2.75,away,1.02,1.02,"[""Betfair Exchange""]","[""odds_api_io""]",1,,
soccer|boston river|defensor sporting|2026-06-02,spreads|boston river|-3.25|home,spreads,Boston River,-3.25,home,27.27,27.27,"[""Betfair Exchange""]","[""odds_api_io""]",1,,
soccer|boston river|defensor sporting|2026-06-02,spreads|defensor sporting|3.25|away,spreads,Defensor Sporting,3.25,away,1.01,1.01,"[""Betfair Exchange""]","[""odds_api_io""]",1,,
soccer|boston river|defensor sporting|2026-06-02,spreads|boston river|2.00|home,spreads,Boston River,2.0,home,1.16,1.1077,"[""Betfair Exchange""]","[""odds_api_io""]",2,8.133,
soccer|boston river|defensor sporting|2026-06-02,spreads|defensor sporting|-2.00|away,spreads,Defensor Sporting,-2.0,away,12.5,11.6851,"[""Betfair Exchange""]","[""odds_api_io""]",2,1.116,
soccer|boston river|defensor sporting|2026-06-02,spreads|boston river|-1.75|home,spreads,Boston River,-1.75,home,7.81,7.81,"[""Betfair Exchange""]","[""odds_api_io""]",1,,
soccer|boston river|defensor sporting|2026-06-02,spreads|defensor sporting|1.75|away,spreads,Defensor Sporting,1.75,away,1.08,1.08,"[""Betfair Exchange""]","[""odds_api_io""]",1,,
soccer|boston river|defensor sporting|2026-06-02,spreads|boston river|3.50|home,spreads,Boston River,3.5,home,1.01,1.01,"[""Betfair Exchange""]","[""odds_api_io""]",1,,
soccer|boston river|defensor sporting|2026-06-02,spreads|defensor sporting|-3.50|away,spreads,Defensor Sporting,-3.5,away,21.42,21.42,"[""Betfair Exchange""]","[""odds_api_io""]",1,,
soccer|boston river|defensor sporting|2026-06-02,spreads|boston river|2.50|home,spreads,Boston River,2.5,home,1.05,1.05,"[""Betfair Exchange""]","[""odds_api_io""]",1,,
soccer|boston river|defensor sporting|2026-06-02,spreads|defensor sporting|-2.50|away,spreads,Defensor Sporting,-2.5,away,12.6,12.6,"[""Betfair Exchange""]","[""odds_api_io""]",1,,
soccer|boston river|defensor sporting|2026-06-02,totals|over|0.75|,totals,Over,0.75,,1.06,1.06,"[""Betfair Exchange""]","[""odds_api_io""]",1,,
soccer|boston river|defensor sporting|2026-06-02,totals|under|0.75|,totals,Under,0.75,,9.33,9.33,"[""Betfair Exchange""]","[""odds_api_io""]",1,,
soccer|boston river|defensor sporting|2026-06-02,totals|over|5.50|,totals,Over,5.5,,17.0,17.0,"[""Betfair Exchange""]","[""odds_api_io""]",1,,
soccer|boston river|defensor sporting|2026-06-02,totals|under|5.50|,totals,Under,5.5,,1.04,1.04,"[""Betfair Exchange""]","[""odds_api_io""]",1,,
soccer|boston river|defensor sporting|2026-06-02,totals|over|1.50|,totals,Over,1.5,,1.3,1.3,"[""Betfair Exchange""]","[""odds_api_io""]",1,,
soccer|boston river|defensor sporting|2026-06-02,totals|under|1.50|,totals,Under,1.5,,3.9,3.9,"[""Betfair Exchange""]","[""odds_api_io""]",1,,
soccer|boston river|defensor sporting|2026-06-02,totals|over|7.00|,totals,Over,7.0,,118.27,118.27,"[""Betfair Exchange""]","[""odds_api_io""]",1,,
soccer|boston river|defensor sporting|2026-06-02,totals|under|7.00|,totals,Under,7.0,,1.01,1.01,"[""Betfair Exchange""]","[""odds_api_io""]",1,,
soccer|boston river|defensor sporting|2026-06-02,totals|over|6.25|,totals,Over,6.25,,43.2,43.2,"[""Betfair Exchange""]","[""odds_api_io""]",1,,
soccer|boston river|defensor sporting|2026-06-02,totals|under|6.25|,totals,Under,6.25,,1.01,1.01,"[""Betfair Exchange""]","[""odds_api_io""]",1,,
soccer|boston river|defensor sporting|2026-06-02,totals|over|7.50|,totals,Over,7.5,,120.0,120.0,"[""Betfair Exchange""]","[""odds_api_io""]",1,,
soccer|boston river|defensor sporting|2026-06-02,totals|under|7.50|,totals,Under,7.5,,1.01,1.01,"[""Betfair Exchange""]","[""odds_api_io""]",1,,
soccer|boston river|defensor sporting|2026-06-02,totals|over|5.25|,totals,Over,5.25,,16.28,16.28,"[""Betfair Exchange""]","[""odds_api_io""]",1,,
soccer|boston river|defensor sporting|2026-06-02,totals|under|5.25|,totals,Under,5.25,,1.04,1.04,"[""Betfair Exchange""]","[""odds_api_io""]",1,,
soccer|boston river|defensor sporting|2026-06-02,totals|over|2.75|,totals,Over,2.75,,2.18,2.18,"[""Betfair Exchange""]","[""odds_api_io""]",1,,
soccer|boston river|defensor sporting|2026-06-02,totals|under|2.75|,totals,Under,2.75,,1.6,1.6,"[""Betfair Exchange""]","[""odds_api_io""]",1,,
soccer|boston river|defensor sporting|2026-06-02,totals|over|1.00|,totals,Over,1.0,,1.07,1.07,"[""Betfair Exchange""]","[""odds_api_io""]",1,,
soccer|boston river|defensor sporting|2026-06-02,totals|under|1.00|,totals,Under,1.0,,8.53,8.53,"[""Betfair Exchange""]","[""odds_api_io""]",1,,
soccer|boston river|defensor sporting|2026-06-02,totals|over|5.75|,totals,Over,5.75,,24.08,24.08,"[""Betfair Exchange""]","[""odds_api_io""]",1,,
soccer|boston river|defensor sporting|2026-06-02,totals|under|5.75|,totals,Under,5.75,,1.01,1.01,"[""Betfair Exchange""]","[""odds_api_io""]",1,,
soccer|boston river|defensor sporting|2026-06-02,totals|over|3.25|,totals,Over,3.25,,3.01,3.01,"[""Betfair Exchange""]","[""odds_api_io""]",1,,
soccer|boston river|defensor sporting|2026-06-02,totals|under|3.25|,totals,Under,3.25,,1.42,1.42,"[""Betfair Exchange""]","[""odds_api_io""]",1,,
soccer|boston river|defensor sporting|2026-06-02,totals|over|5.00|,totals,Over,5.0,,15.57,15.57,"[""Betfair Exchange""]","[""odds_api_io""]",1,,
soccer|boston river|defensor sporting|2026-06-02,totals|under|5.00|,totals,Under,5.0,,1.04,1.04,"[""Betfair Exchange""]","[""odds_api_io""]",1,,
soccer|boston river|defensor sporting|2026-06-02,totals|over|3.75|,totals,Over,3.75,,4.23,4.23,"[""Betfair Exchange""]","[""odds_api_io""]",1,,
soccer|boston river|defensor sporting|2026-06-02,totals|under|3.75|,totals,Under,3.75,,1.22,1.22,"[""Betfair Exchange""]","[""odds_api_io""]",1,,
soccer|boston river|defensor sporting|2026-06-02,totals|over|1.75|,totals,Over,1.75,,1.35,1.35,"[""Betfair Exchange""]","[""odds_api_io""]",1,,
soccer|boston river|defensor sporting|2026-06-02,totals|under|1.75|,totals,Under,1.75,,2.9,2.9,"[""Betfair Exchange""]","[""odds_api_io""]",1,,
soccer|boston river|defensor sporting|2026-06-02,totals|over|4.00|,totals,Over,4.0,,5.94,5.94,"[""Betfair Exchange""]","[""odds_api_io""]",1,,
soccer|boston river|defensor sporting|2026-06-02,totals|under|4.00|,totals,Under,4.0,,1.14,1.14,"[""Betfair Exchange""]","[""odds_api_io""]",1,,
soccer|boston river|defensor sporting|2026-06-02,totals|over|6.00|,totals,Over,6.0,,42.41,42.41,"[""Betfair Exchange""]","[""odds_api_io""]",1,,
soccer|boston river|defensor sporting|2026-06-02,totals|under|6.00|,totals,Under,6.0,,1.01,1.01,"[""Betfair Exchange""]","[""odds_api_io""]",1,,
soccer|boston river|defensor sporting|2026-06-02,totals|over|3.50|,totals,Over,3.5,,3.4,3.4,"[""Betfair Exchange""]","[""odds_api_io""]",1,,
soccer|boston river|defensor sporting|2026-06-02,totals|under|3.50|,totals,Under,3.5,,1.38,1.38,"[""Betfair Exchange""]","[""odds_api_io""]",1,,
soccer|boston river|defensor sporting|2026-06-02,totals|over|4.75|,totals,Over,4.75,,9.5,9.5,"[""Betfair Exchange""]","[""odds_api_io""]",1,,
soccer|boston river|defensor sporting|2026-06-02,totals|under|4.75|,totals,Under,4.75,,1.08,1.08,"[""Betfair Exchange""]","[""odds_api_io""]",1,,
soccer|boston river|defensor sporting|2026-06-02,totals|over|1.25|,totals,Over,1.25,,1.18,1.18,"[""Betfair Exchange""]","[""odds_api_io""]",1,,
soccer|boston river|defensor sporting|2026-06-02,totals|under|1.25|,totals,Under,1.25,,5.21,5.21,"[""Betfair Exchange""]","[""odds_api_io""]",1,,
soccer|boston river|defensor sporting|2026-06-02,totals|over|4.50|,totals,Over,4.5,,7.0,7.0,"[""Betfair Exchange""]","[""odds_api_io""]",1,,
soccer|boston river|defensor sporting|2026-06-02,totals|under|4.50|,totals,Under,4.5,,1.13,1.13,"[""Betfair Exchange""]","[""odds_api_io""]",1,,
soccer|boston river|defensor sporting|2026-06-02,totals|over|2.25|,totals,Over,2.25,,1.68,1.68,"[""Betfair Exchange""]","[""odds_api_io""]",1,,
soccer|boston river|defensor sporting|2026-06-02,totals|under|2.25|,totals,Under,2.25,,2.15,2.15,"[""Betfair Exchange""]","[""odds_api_io""]",1,,
soccer|boston river|defensor sporting|2026-06-02,totals|over|6.50|,totals,Over,6.5,,44.0,44.0,"[""Betfair Exchange""]","[""odds_api_io""]",1,,
soccer|boston river|defensor sporting|2026-06-02,totals|under|6.50|,totals,Under,6.5,,1.01,1.01,"[""Betfair Exchange""]","[""odds_api_io""]",1,,
soccer|boston river|defensor sporting|2026-06-02,totals|over|3.00|,totals,Over,3.0,,2.63,2.63,"[""Betfair Exchange""]","[""odds_api_io""]",1,,
soccer|boston river|defensor sporting|2026-06-02,totals|under|3.00|,totals,Under,3.0,,1.47,1.47,"[""Betfair Exchange""]","[""odds_api_io""]",1,,
soccer|boston river|defensor sporting|2026-06-02,totals|over|0.50|,totals,Over,0.5,,1.06,1.06,"[""Betfair Exchange""]","[""odds_api_io""]",1,,
soccer|boston river|defensor sporting|2026-06-02,totals|under|0.50|,totals,Under,0.5,,12.11,12.11,"[""Betfair Exchange""]","[""odds_api_io""]",1,,
soccer|boston river|defensor sporting|2026-06-02,totals|over|2.00|,totals,Over,2.0,,1.44,1.44,"[""Betfair Exchange""]","[""odds_api_io""]",1,,
soccer|boston river|defensor sporting|2026-06-02,totals|under|2.00|,totals,Under,2.0,,2.55,2.55,"[""Betfair Exchange""]","[""odds_api_io""]",1,,
soccer|boston river|defensor sporting|2026-06-02,totals|over|7.25|,totals,Over,7.25,,119.13,119.13,"[""Betfair Exchange""]","[""odds_api_io""]",1,,
soccer|boston river|defensor sporting|2026-06-02,totals|under|7.25|,totals,Under,7.25,,1.01,1.01,"[""Betfair Exchange""]","[""odds_api_io""]",1,,
soccer|boston river|defensor sporting|2026-06-02,totals|over|4.25|,totals,Over,4.25,,6.47,6.47,"[""Betfair Exchange""]","[""odds_api_io""]",1,,
soccer|boston river|defensor sporting|2026-06-02,totals|under|4.25|,totals,Under,4.25,,1.13,1.13,"[""Betfair Exchange""]","[""odds_api_io""]",1,,
soccer|boston river|defensor sporting|2026-06-02,totals|over|6.75|,totals,Over,6.75,,63.92,63.92,"[""Betfair Exchange""]","[""odds_api_io""]",1,,
soccer|boston river|defensor sporting|2026-06-02,totals|under|6.75|,totals,Under,6.75,,1.01,1.01,"[""Betfair Exchange""]","[""odds_api_io""]",1,,
soccer|boston river|defensor sporting|2026-06-02,btts|yes||,btts,Yes,,,1.7,1.7,"[""Betfair Exchange""]","[""odds_api_io""]",1,,
soccer|boston river|defensor sporting|2026-06-02,btts|no||,btts,No,,,2.14,2.14,"[""Betfair Exchange""]","[""odds_api_io""]",1,,
soccer|central espanol reserves|oriental|2026-06-02,h2h|central espanol reserve||home,h2h,Central Espanol Reserve,,home,2.4,1.6604,"[""Bet365"", ""Betfair Exchange""]","[""odds_api_io""]",2,36.458,
soccer|central espanol reserves|oriental|2026-06-02,h2h|draw||,h2h,Draw,,,3.4,3.3483,"[""Bet365"", ""Betfair Exchange""]","[""odds_api_io""]",2,0.891,
soccer|central espanol reserves|oriental|2026-06-02,h2h|club oriental de football||away,h2h,Club Oriental de Football,,away,2.625,1.7102,"[""Bet365"", ""Betfair Exchange""]","[""odds_api_io""]",2,40.03,
soccer|central espanol reserves|oriental|2026-06-02,dnb|central espanol reserve|0.00|home,dnb,Central Espanol Reserve,0.0,home,1.727,1.5373,"[""Bet365"", ""Betfair Exchange""]","[""odds_api_io""]",2,14.039,
soccer|central espanol reserves|oriental|2026-06-02,dnb|club oriental de football|0.00|away,dnb,Club Oriental de Football,0.0,away,2.0,1.6348,"[""Bet365"", ""Betfair Exchange""]","[""odds_api_io""]",2,21.942,
soccer|central espanol reserves|oriental|2026-06-02,spreads|central espanol reserve|0.00|home,spreads,Central Espanol Reserve,0.0,home,1.8,1.565,"[""Bet365"", ""Betfair Exchange""]","[""odds_api_io""]",2,16.387,
soccer|central espanol reserves|oriental|2026-06-02,totals|over|2.50|,totals,Over,2.5,,2.15,1.7166,"[""Bet365"", ""Betfair Exchange""]","[""odds_api_io""]",3,30.411,
soccer|central espanol reserves|oriental|2026-06-02,totals|under|2.50|,totals,Under,2.5,,1.825,1.5407,"[""Bet365"", ""Betfair Exchange""]","[""odds_api_io""]",3,24.571,
soccer|central espanol reserves|oriental|2026-06-02,spreads|central espanol reserve|-1.75|home,spreads,Central Espanol Reserve,-1.75,home,6.0,2.0853,"[""Bet365"", ""Betfair Exchange""]","[""odds_api_io""]",2,61.458,
soccer|central espanol reserves|oriental|2026-06-02,spreads|club oriental de football|1.75|away,spreads,Club Oriental de Football,1.75,away,1.125,1.069,"[""Bet365"", ""Betfair Exchange""]","[""odds_api_io""]",2,9.15,
soccer|central espanol reserves|oriental|2026-06-02,spreads|central espanol reserve|-1.50|home,spreads,Central Espanol Reserve,-1.5,home,4.5,1.9731,"[""Bet365"", ""Betfair Exchange""]","[""odds_api_io""]",2,55.903,
soccer|central espanol reserves|oriental|2026-06-02,spreads|club oriental de football|1.50|away,spreads,Club Oriental de Football,1.5,away,5.5,1.7137,"[""Bet365"", ""Betfair Exchange""]","[""odds_api_io""]",2,78.906,
soccer|central espanol reserves|oriental|2026-06-02,spreads|central espanol reserve|-1.25|home,spreads,Central Espanol Reserve,-1.25,home,4.25,1.9484,"[""Bet365"", ""Betfair Exchange""]","[""odds_api_io""]",2,54.596,
soccer|central espanol reserves|oriental|2026-06-02,spreads|club oriental de football|1.25|away,spreads,Club Oriental de Football,1.25,away,5.0,1.6879,"[""Bet365"", ""Betfair Exchange""]","[""odds_api_io""]",2,77.087,
soccer|central espanol reserves|oriental|2026-06-02,spreads|central espanol reserve|-1.00|home,spreads,Central Espanol Reserve,-1.0,home,3.8,1.8978,"[""Bet365"", ""Betfair Exchange""]","[""odds_api_io""]",2,51.809,
soccer|central espanol reserves|oriental|2026-06-02,spreads|club oriental de football|1.00|away,spreads,Club Oriental de Football,1.0,away,4.5,1.4884,"[""Bet365"", ""Betfair Exchange""]","[""odds_api_io""]",3,74.865,
soccer|central espanol reserves|oriental|2026-06-02,spreads|central espanol reserve|-0.75|home,spreads,Central Espanol Reserve,-0.75,home,2.85,1.7545,"[""Bet365"", ""Betfair Exchange""]","[""odds_api_io""]",2,43.037,
soccer|central espanol reserves|oriental|2026-06-02,spreads|club oriental de football|0.75|away,spreads,Club Oriental de Football,0.75,away,3.3,1.6797,"[""Bet365"", ""Betfair Exchange""]","[""odds_api_io""]",2,57.416,
soccer|central espanol reserves|oriental|2026-06-02,spreads|central espanol reserve|-0.50|home,spreads,Central Espanol Reserve,-0.5,home,2.375,1.6545,"[""Bet365"", ""Betfair Exchange""]","[""odds_api_io""]",2,36.02,
soccer|central espanol reserves|oriental|2026-06-02,spreads|club oriental de football|0.50|away,spreads,Club Oriental de Football,0.5,away,2.675,1.6833,"[""Bet365"", ""Betfair Exchange""]","[""odds_api_io""]",2,43.262,
soccer|central espanol reserves|oriental|2026-06-02,spreads|central espanol reserve|-0.25|home,spreads,Central Espanol Reserve,-0.25,home,2.1,1.56,"[""Bet365"", ""Betfair Exchange""]","[""odds_api_io""]",2,32.381,
soccer|central espanol reserves|oriental|2026-06-02,spreads|club oriental de football|0.25|away,spreads,Club Oriental de Football,0.25,away,2.35,1.6653,"[""Bet365"", ""Betfair Exchange""]","[""odds_api_io""]",2,34.37,
soccer|central espanol reserves|oriental|2026-06-02,spreads|central espanol reserve|0.25|home,spreads,Central Espanol Reserve,0.25,home,1.575,1.4219,"[""Bet365"", ""Betfair Exchange""]","[""odds_api_io""]",2,13.431,
soccer|central espanol reserves|oriental|2026-06-02,spreads|club oriental de football|-0.25|away,spreads,Club Oriental de Football,-0.25,away,1.7,1.4367,"[""Bet365"", ""Betfair Exchange""]","[""odds_api_io""]",2,21.176,
soccer|central espanol reserves|oriental|2026-06-02,spreads|central espanol reserve|0.50|home,spreads,Central Espanol Reserve,0.5,home,1.45,1.3349,"[""Bet365"", ""Betfair Exchange""]","[""odds_api_io""]",2,11.68,
soccer|central espanol reserves|oriental|2026-06-02,spreads|club oriental de football|-0.50|away,spreads,Club Oriental de Football,-0.5,away,1.55,1.3997,"[""Bet365"", ""Betfair Exchange""]","[""odds_api_io""]",2,13.609,
soccer|central espanol reserves|oriental|2026-06-02,spreads|central espanol reserve|0.75|home,spreads,Central Espanol Reserve,0.75,home,1.325,1.2239,"[""Bet365"", ""Betfair Exchange""]","[""odds_api_io""]",2,12.248,
soccer|central espanol reserves|oriental|2026-06-02,spreads|club oriental de football|-0.75|away,spreads,Club Oriental de Football,-0.75,away,1.4,1.3362,"[""Bet365"", ""Betfair Exchange""]","[""odds_api_io""]",2,6.696,
soccer|central espanol reserves|oriental|2026-06-02,spreads|central espanol reserve|1.00|home,spreads,Central Espanol Reserve,1.0,home,1.24,1.1456,"[""Bet365"", ""Betfair Exchange""]","[""odds_api_io""]",3,16.442,
soccer|central espanol reserves|oriental|2026-06-02,spreads|club oriental de football|-1.00|away,spreads,Club Oriental de Football,-1.0,away,1.28,1.2651,"[""Bet365"", ""Betfair Exchange""]","[""odds_api_io""]",2,1.875,
soccer|central espanol reserves|oriental|2026-06-02,spreads|central espanol reserve|1.25|home,spreads,Central Espanol Reserve,1.25,home,1.17,1.0943,"[""Bet365"", ""Betfair Exchange""]","[""odds_api_io""]",2,11.617,
soccer|central espanol reserves|oriental|2026-06-02,spreads|club oriental de football|-1.25|away,spreads,Club Oriental de Football,-1.25,away,1.28,1.2447,"[""Bet365"", ""Betfair Exchange""]","[""odds_api_io""]",2,4.52,
soccer|central espanol reserves|oriental|2026-06-02,spreads|central espanol reserve|1.50|home,spreads,Central Espanol Reserve,1.5,home,1.15,1.0856,"[""Bet365"", ""Betfair Exchange""]","[""odds_api_io""]",2,10.131,
soccer|central espanol reserves|oriental|2026-06-02,spreads|club oriental de football|-1.50|away,spreads,Club Oriental de Football,-1.5,away,1.28,1.2342,"[""Bet365"", ""Betfair Exchange""]","[""odds_api_io""]",2,5.909,
soccer|central espanol reserves|oriental|2026-06-02,doubleChance|1x||,doubleChance,1X,,,1.24,1.24,"[""Betfair Exchange""]","[""odds_api_io""]",1,,
soccer|central espanol reserves|oriental|2026-06-02,doubleChance|12||,doubleChance,12,,,1.03,1.03,"[""Betfair Exchange""]","[""odds_api_io""]",1,,
soccer|central espanol reserves|oriental|2026-06-02,doubleChance|x2||,doubleChance,X2,,,1.24,1.24,"[""Betfair Exchange""]","[""odds_api_io""]",1,,
soccer|central espanol reserves|oriental|2026-06-02,spreads|club oriental de football|-0.00|away,spreads,Club Oriental de Football,-0.0,away,1.39,1.39,"[""Betfair Exchange""]","[""odds_api_io""]",1,,
soccer|central espanol reserves|oriental|2026-06-02,spreads|central espanol reserve|2.25|home,spreads,Central Espanol Reserve,2.25,home,1.02,1.02,"[""Betfair Exchange""]","[""odds_api_io""]",1,,
soccer|central espanol reserves|oriental|2026-06-02,spreads|club oriental de football|-2.25|away,spreads,Club Oriental de Football,-2.25,away,1.28,1.28,"[""Betfair Exchange""]","[""odds_api_io""]",1,,
soccer|central espanol reserves|oriental|2026-06-02,spreads|central espanol reserve|-2.00|home,spreads,Central Espanol Reserve,-2.0,home,1.28,1.28,"[""Betfair Exchange""]","[""odds_api_io""]",1,,
soccer|central espanol reserves|oriental|2026-06-02,spreads|club oriental de football|2.00|away,spreads,Club Oriental de Football,2.0,away,1.03,1.025,"[""Betfair Exchange""]","[""odds_api_io""]",2,0.952,
soccer|central espanol reserves|oriental|2026-06-02,spreads|central espanol reserve|2.75|home,spreads,Central Espanol Reserve,2.75,home,1.01,1.01,"[""Betfair Exchange""]","[""odds_api_io""]",1,,
soccer|central espanol reserves|oriental|2026-06-02,spreads|club oriental de football|-2.75|away,spreads,Club Oriental de Football,-2.75,away,1.28,1.28,"[""Betfair Exchange""]","[""odds_api_io""]",1,,
soccer|central espanol reserves|oriental|2026-06-02,spreads|central espanol reserve|-2.75|home,spreads,Central Espanol Reserve,-2.75,home,1.28,1.28,"[""Betfair Exchange""]","[""odds_api_io""]",1,,
soccer|central espanol reserves|oriental|2026-06-02,spreads|club oriental de football|2.75|away,spreads,Club Oriental de Football,2.75,away,1.01,1.01,"[""Betfair Exchange""]","[""odds_api_io""]",1,,
soccer|central espanol reserves|oriental|2026-06-02,spreads|central espanol reserve|-2.25|home,spreads,Central Espanol Reserve,-2.25,home,1.28,1.28,"[""Betfair Exchange""]","[""odds_api_io""]",1,,
soccer|central espanol reserves|oriental|2026-06-02,spreads|club oriental de football|2.25|away,spreads,Club Oriental de Football,2.25,away,1.02,1.02,"[""Betfair Exchange""]","[""odds_api_io""]",1,,
soccer|central espanol reserves|oriental|2026-06-02,spreads|central espanol reserve|-2.50|home,spreads,Central Espanol Reserve,-2.5,home,1.28,1.28,"[""Betfair Exchange""]","[""odds_api_io""]",1,,
soccer|central espanol reserves|oriental|2026-06-02,spreads|club oriental de football|2.50|away,spreads,Club Oriental de Football,2.5,away,1.02,1.02,"[""Betfair Exchange""]","[""odds_api_io""]",1,,
soccer|central espanol reserves|oriental|2026-06-02,spreads|central espanol reserve|1.75|home,spreads,Central Espanol Reserve,1.75,home,1.02,1.02,"[""Betfair Exchange""]","[""odds_api_io""]",1,,
soccer|central espanol reserves|oriental|2026-06-02,spreads|club oriental de football|-1.75|away,spreads,Club Oriental de Football,-1.75,away,1.28,1.28,"[""Betfair Exchange""]","[""odds_api_io""]",1,,
soccer|central espanol reserves|oriental|2026-06-02,spreads|central espanol reserve|2.50|home,spreads,Central Espanol Reserve,2.5,home,1.02,1.02,"[""Betfair Exchange""]","[""odds_api_io""]",1,,
soccer|central espanol reserves|oriental|2026-06-02,spreads|club oriental de football|-2.50|away,spreads,Club Oriental de Football,-2.5,away,1.28,1.28,"[""Betfair Exchange""]","[""odds_api_io""]",1,,
soccer|central espanol reserves|oriental|2026-06-02,spreads|central espanol reserve|2.00|home,spreads,Central Espanol Reserve,2.0,home,1.03,1.025,"[""Betfair Exchange""]","[""odds_api_io""]",2,0.952,
soccer|central espanol reserves|oriental|2026-06-02,spreads|club oriental de football|-2.00|away,spreads,Club Oriental de Football,-2.0,away,1.28,1.28,"[""Betfair Exchange""]","[""odds_api_io""]",1,,
soccer|central espanol reserves|oriental|2026-06-02,totals|over|7.00|,totals,Over,7.0,,1.32,1.32,"[""Betfair Exchange""]","[""odds_api_io""]",1,,
soccer|central espanol reserves|oriental|2026-06-02,totals|under|7.00|,totals,Under,7.0,,1.01,1.01,"[""Betfair Exchange""]","[""odds_api_io""]",1,,
soccer|central espanol reserves|oriental|2026-06-02,totals|over|7.25|,totals,Over,7.25,,1.31,1.31,"[""Betfair Exchange""]","[""odds_api_io""]",1,,
soccer|central espanol reserves|oriental|2026-06-02,totals|under|7.25|,totals,Under,7.25,,1.01,1.01,"[""Betfair Exchange""]","[""odds_api_io""]",1,,
soccer|central espanol reserves|oriental|2026-06-02,totals|over|3.75|,totals,Over,3.75,,1.31,1.31,"[""Betfair Exchange""]","[""odds_api_io""]",1,,
soccer|central espanol reserves|oriental|2026-06-02,totals|under|3.75|,totals,Under,3.75,,1.05,1.05,"[""Betfair Exchange""]","[""odds_api_io""]",1,,
soccer|central espanol reserves|oriental|2026-06-02,totals|over|4.50|,totals,Over,4.5,,1.32,1.32,"[""Betfair Exchange""]","[""odds_api_io""]",1,,
soccer|central espanol reserves|oriental|2026-06-02,totals|under|4.50|,totals,Under,4.5,,1.05,1.05,"[""Betfair Exchange""]","[""odds_api_io""]",1,,
soccer|central espanol reserves|oriental|2026-06-02,totals|over|4.25|,totals,Over,4.25,,1.31,1.31,"[""Betfair Exchange""]","[""odds_api_io""]",1,,
soccer|central espanol reserves|oriental|2026-06-02,totals|under|4.25|,totals,Under,4.25,,1.05,1.05,"[""Betfair Exchange""]","[""odds_api_io""]",1,,
soccer|central espanol reserves|oriental|2026-06-02,totals|over|1.75|,totals,Over,1.75,,1.3,1.3,"[""Betfair Exchange""]","[""odds_api_io""]",1,,
soccer|central espanol reserves|oriental|2026-06-02,totals|under|1.75|,totals,Under,1.75,,1.26,1.26,"[""Betfair Exchange""]","[""odds_api_io""]",1,,
soccer|central espanol reserves|oriental|2026-06-02,totals|over|7.50|,totals,Over,7.5,,1.32,1.32,"[""Betfair Exchange""]","[""odds_api_io""]",1,,
soccer|central espanol reserves|oriental|2026-06-02,totals|under|7.50|,totals,Under,7.5,,1.01,1.01,"[""Betfair Exchange""]","[""odds_api_io""]",1,,
soccer|central espanol reserves|oriental|2026-06-02,totals|over|1.25|,totals,Over,1.25,,1.15,1.15,"[""Betfair Exchange""]","[""odds_api_io""]",1,,
soccer|central espanol reserves|oriental|2026-06-02,totals|under|1.25|,totals,Under,1.25,,3.85,3.85,"[""Betfair Exchange""]","[""odds_api_io""]",1,,
soccer|central espanol reserves|oriental|2026-06-02,totals|over|6.75|,totals,Over,6.75,,1.32,1.32,"[""Betfair Exchange""]","[""odds_api_io""]",1,,
soccer|central espanol reserves|oriental|2026-06-02,totals|under|6.75|,totals,Under,6.75,,1.01,1.01,"[""Betfair Exchange""]","[""odds_api_io""]",1,,
soccer|central espanol reserves|oriental|2026-06-02,totals|over|2.00|,totals,Over,2.0,,1.3,1.3,"[""Betfair Exchange""]","[""odds_api_io""]",1,,
soccer|central espanol reserves|oriental|2026-06-02,totals|under|2.00|,totals,Under,2.0,,1.26,1.26,"[""Betfair Exchange""]","[""odds_api_io""]",1,,
soccer|central espanol reserves|oriental|2026-06-02,totals|over|6.00|,totals,Over,6.0,,1.32,1.32,"[""Betfair Exchange""]","[""odds_api_io""]",1,,
soccer|central espanol reserves|oriental|2026-06-02,totals|under|6.00|,totals,Under,6.0,,1.01,1.01,"[""Betfair Exchange""]","[""odds_api_io""]",1,,
soccer|central espanol reserves|oriental|2026-06-02,totals|over|4.75|,totals,Over,4.75,,1.32,1.32,"[""Betfair Exchange""]","[""odds_api_io""]",1,,
soccer|central espanol reserves|oriental|2026-06-02,totals|under|4.75|,totals,Under,4.75,,1.01,1.01,"[""Betfair Exchange""]","[""odds_api_io""]",1,,
soccer|central espanol reserves|oriental|2026-06-02,totals|over|2.75|,totals,Over,2.75,,1.3,1.3,"[""Betfair Exchange""]","[""odds_api_io""]",1,,
soccer|central espanol reserves|oriental|2026-06-02,totals|under|2.75|,totals,Under,2.75,,1.09,1.09,"[""Betfair Exchange""]","[""odds_api_io""]",1,,
soccer|central espanol reserves|oriental|2026-06-02,totals|over|6.25|,totals,Over,6.25,,1.32,1.32,"[""Betfair Exchange""]","[""odds_api_io""]",1,,
soccer|central espanol reserves|oriental|2026-06-02,totals|under|6.25|,totals,Under,6.25,,1.01,1.01,"[""Betfair Exchange""]","[""odds_api_io""]",1,,
soccer|central espanol reserves|oriental|2026-06-02,totals|over|3.25|,totals,Over,3.25,,1.3,1.3,"[""Betfair Exchange""]","[""odds_api_io""]",1,,
soccer|central espanol reserves|oriental|2026-06-02,totals|under|3.25|,totals,Under,3.25,,1.09,1.09,"[""Betfair Exchange""]","[""odds_api_io""]",1,,
soccer|central espanol reserves|oriental|2026-06-02,totals|over|5.50|,totals,Over,5.5,,1.32,1.32,"[""Betfair Exchange""]","[""odds_api_io""]",1,,
soccer|central espanol reserves|oriental|2026-06-02,totals|under|5.50|,totals,Under,5.5,,1.01,1.01,"[""Betfair Exchange""]","[""odds_api_io""]",1,,
soccer|central espanol reserves|oriental|2026-06-02,totals|over|3.00|,totals,Over,3.0,,1.3,1.3,"[""Betfair Exchange""]","[""odds_api_io""]",1,,
soccer|central espanol reserves|oriental|2026-06-02,totals|under|3.00|,totals,Under,3.0,,1.09,1.09,"[""Betfair Exchange""]","[""odds_api_io""]",1,,
soccer|central espanol reserves|oriental|2026-06-02,totals|over|5.00|,totals,Over,5.0,,1.32,1.32,"[""Betfair Exchange""]","[""odds_api_io""]",1,,
soccer|central espanol reserves|oriental|2026-06-02,totals|under|5.00|,totals,Under,5.0,,1.01,1.01,"[""Betfair Exchange""]","[""odds_api_io""]",1,,
soccer|central espanol reserves|oriental|2026-06-02,totals|over|0.50|,totals,Over,0.5,,1.01,1.01,"[""Betfair Exchange""]","[""odds_api_io""]",1,,
soccer|central espanol reserves|oriental|2026-06-02,totals|under|0.50|,totals,Under,0.5,,3.85,3.85,"[""Betfair Exchange""]","[""odds_api_io""]",1,,
soccer|central espanol reserves|oriental|2026-06-02,totals|over|5.75|,totals,Over,5.75,,1.32,1.32,"[""Betfair Exchange""]","[""odds_api_io""]",1,,
soccer|central espanol reserves|oriental|2026-06-02,totals|under|5.75|,totals,Under,5.75,,1.01,1.01,"[""Betfair Exchange""]","[""odds_api_io""]",1,,
soccer|central espanol reserves|oriental|2026-06-02,totals|over|6.50|,totals,Over,6.5,,1.31,1.31,"[""Betfair Exchange""]","[""odds_api_io""]",1,,
soccer|central espanol reserves|oriental|2026-06-02,totals|under|6.50|,totals,Under,6.5,,1.01,1.01,"[""Betfair Exchange""]","[""odds_api_io""]",1,,
soccer|central espanol reserves|oriental|2026-06-02,totals|over|1.50|,totals,Over,1.5,,1.3,1.3,"[""Betfair Exchange""]","[""odds_api_io""]",1,,
soccer|central espanol reserves|oriental|2026-06-02,totals|under|1.50|,totals,Under,1.5,,3.85,3.85,"[""Betfair Exchange""]","[""odds_api_io""]",1,,
soccer|central espanol reserves|oriental|2026-06-02,totals|over|2.25|,totals,Over,2.25,,1.3,1.3,"[""Betfair Exchange""]","[""odds_api_io""]",1,,
soccer|central espanol reserves|oriental|2026-06-02,totals|under|2.25|,totals,Under,2.25,,1.26,1.26,"[""Betfair Exchange""]","[""odds_api_io""]",1,,
soccer|central espanol reserves|oriental|2026-06-02,totals|over|1.00|,totals,Over,1.0,,1.01,1.01,"[""Betfair Exchange""]","[""odds_api_io""]",1,,
soccer|central espanol reserves|oriental|2026-06-02,totals|under|1.00|,totals,Under,1.0,,3.85,3.85,"[""Betfair Exchange""]","[""odds_api_io""]",1,,
soccer|central espanol reserves|oriental|2026-06-02,totals|over|0.75|,totals,Over,0.75,,1.01,1.01,"[""Betfair Exchange""]","[""odds_api_io""]",1,,
soccer|central espanol reserves|oriental|2026-06-02,totals|under|0.75|,totals,Under,0.75,,3.85,3.85,"[""Betfair Exchange""]","[""odds_api_io""]",1,,
soccer|central espanol reserves|oriental|2026-06-02,totals|over|5.25|,totals,Over,5.25,,1.32,1.32,"[""Betfair Exchange""]","[""odds_api_io""]",1,,
soccer|central espanol reserves|oriental|2026-06-02,totals|under|5.25|,totals,Under,5.25,,1.01,1.01,"[""Betfair Exchange""]","[""odds_api_io""]",1,,
soccer|central espanol reserves|oriental|2026-06-02,totals|over|4.00|,totals,Over,4.0,,1.31,1.31,"[""Betfair Exchange""]","[""odds_api_io""]",1,,
soccer|central espanol reserves|oriental|2026-06-02,totals|under|4.00|,totals,Under,4.0,,1.05,1.05,"[""Betfair Exchange""]","[""odds_api_io""]",1,,
soccer|central espanol reserves|oriental|2026-06-02,totals|over|3.50|,totals,Over,3.5,,1.31,1.31,"[""Betfair Exchange""]","[""odds_api_io""]",1,,
soccer|central espanol reserves|oriental|2026-06-02,totals|under|3.50|,totals,Under,3.5,,1.09,1.09,"[""Betfair Exchange""]","[""odds_api_io""]",1,,
soccer|central espanol reserves|oriental|2026-06-02,btts|yes||,btts,Yes,,,1.12,1.12,"[""Betfair Exchange""]","[""odds_api_io""]",1,,
soccer|central espanol reserves|oriental|2026-06-02,btts|no||,btts,No,,,1.12,1.12,"[""Betfair Exchange""]","[""odds_api_io""]",1,,
soccer|central espanol reserves|oriental|2026-06-02,spreads|central espanol reserve|3.00|home,spreads,Central Espanol Reserve,3.0,home,1.02,1.02,"[""Betfair Exchange""]","[""odds_api_io""]",1,,
soccer|central espanol reserves|oriental|2026-06-02,spreads|club oriental de football|-3.00|away,spreads,Club Oriental de Football,-3.0,away,1.28,1.28,"[""Betfair Exchange""]","[""odds_api_io""]",1,,
soccer|central espanol reserves|oriental|2026-06-02,spreads|central espanol reserve|-3.00|home,spreads,Central Espanol Reserve,-3.0,home,1.28,1.28,"[""Betfair Exchange""]","[""odds_api_io""]",1,,
soccer|central espanol reserves|oriental|2026-06-02,spreads|club oriental de football|3.00|away,spreads,Club Oriental de Football,3.0,away,1.02,1.02,"[""Betfair Exchange""]","[""odds_api_io""]",1,,
