match_key,market_key,family,selection,point,team_side,best_price,consensus_fair_odds,books,sources,snapshots_count,dispersion_pct,steam_score
soccer|lake macquarie city|new lambton|2026-06-02,h2h|lake macquarie city fc||home,h2h,Lake Macquarie City FC,,home,1.8,1.8,"[""Bet365""]","[""odds_api_io""]",1,,
soccer|lake macquarie city|new lambton|2026-06-02,h2h|draw||,h2h,Draw,,,4.5,4.5,"[""Bet365""]","[""odds_api_io""]",1,,
soccer|lake macquarie city|new lambton|2026-06-02,h2h|new lambton fc||away,h2h,New Lambton FC,,away,3.1,3.1,"[""Bet365""]","[""odds_api_io""]",1,,
soccer|lake macquarie city|new lambton|2026-06-02,dnb|lake macquarie city fc|0.00|home,dnb,Lake Macquarie City FC,0.0,home,1.833,1.833,"[""Bet365""]","[""odds_api_io""]",1,,
soccer|lake macquarie city|new lambton|2026-06-02,dnb|new lambton fc|0.00|away,dnb,New Lambton FC,0.0,away,1.833,1.833,"[""Bet365""]","[""odds_api_io""]",1,,
soccer|lake macquarie city|new lambton|2026-06-02,spreads|lake macquarie city fc|-0.50|home,spreads,Lake Macquarie City FC,-0.5,home,2.375,2.064,"[""Bet365""]","[""odds_api_io""]",2,12.689,
soccer|lake macquarie city|new lambton|2026-06-02,spreads|new lambton fc|0.50|away,spreads,New Lambton FC,0.5,away,2.3,2.1251,"[""Bet365""]","[""odds_api_io""]",2,7.155,
soccer|lake macquarie city|new lambton|2026-06-02,totals|over|4.25|,totals,Over,4.25,,1.95,1.95,"[""Bet365""]","[""odds_api_io""]",1,,
soccer|lake macquarie city|new lambton|2026-06-02,totals|under|4.25|,totals,Under,4.25,,1.85,1.85,"[""Bet365""]","[""odds_api_io""]",1,,
soccer|lake macquarie city|new lambton|2026-06-02,totals|over|2.50|,totals,Over,2.5,,1.222,1.222,"[""Bet365""]","[""odds_api_io""]",1,,
soccer|lake macquarie city|new lambton|2026-06-02,totals|under|2.50|,totals,Under,2.5,,4.0,4.0,"[""Bet365""]","[""odds_api_io""]",1,,
soccer|lake macquarie city|new lambton|2026-06-02,spreads|lake macquarie city fc|-2.00|home,spreads,Lake Macquarie City FC,-2.0,home,6.8,6.8,"[""Bet365""]","[""odds_api_io""]",1,,
soccer|lake macquarie city|new lambton|2026-06-02,spreads|new lambton fc|2.00|away,spreads,New Lambton FC,2.0,away,6.4,6.4,"[""Bet365""]","[""odds_api_io""]",1,,
soccer|lake macquarie city|new lambton|2026-06-02,spreads|lake macquarie city fc|-1.75|home,spreads,Lake Macquarie City FC,-1.75,home,5.0,5.0,"[""Bet365""]","[""odds_api_io""]",1,,
soccer|lake macquarie city|new lambton|2026-06-02,spreads|new lambton fc|1.75|away,spreads,New Lambton FC,1.75,away,4.65,4.65,"[""Bet365""]","[""odds_api_io""]",1,,
soccer|lake macquarie city|new lambton|2026-06-02,spreads|lake macquarie city fc|-1.50|home,spreads,Lake Macquarie City FC,-1.5,home,3.9,3.9,"[""Bet365""]","[""odds_api_io""]",1,,
soccer|lake macquarie city|new lambton|2026-06-02,spreads|new lambton fc|1.50|away,spreads,New Lambton FC,1.5,away,3.8,3.8,"[""Bet365""]","[""odds_api_io""]",1,,
soccer|lake macquarie city|new lambton|2026-06-02,spreads|lake macquarie city fc|-1.25|home,spreads,Lake Macquarie City FC,-1.25,home,3.7,3.7,"[""Bet365""]","[""odds_api_io""]",1,,
soccer|lake macquarie city|new lambton|2026-06-02,spreads|new lambton fc|1.25|away,spreads,New Lambton FC,1.25,away,3.55,3.55,"[""Bet365""]","[""odds_api_io""]",1,,
soccer|lake macquarie city|new lambton|2026-06-02,spreads|lake macquarie city fc|-1.00|home,spreads,Lake Macquarie City FC,-1.0,home,3.45,3.45,"[""Bet365""]","[""odds_api_io""]",1,,
soccer|lake macquarie city|new lambton|2026-06-02,spreads|new lambton fc|1.00|away,spreads,New Lambton FC,1.0,away,3.3,3.3,"[""Bet365""]","[""odds_api_io""]",1,,
soccer|lake macquarie city|new lambton|2026-06-02,spreads|lake macquarie city fc|-0.75|home,spreads,Lake Macquarie City FC,-0.75,home,2.75,2.75,"[""Bet365""]","[""odds_api_io""]",1,,
soccer|lake macquarie city|new lambton|2026-06-02,spreads|new lambton fc|0.75|away,spreads,New Lambton FC,0.75,away,2.675,2.675,"[""Bet365""]","[""odds_api_io""]",1,,
soccer|lake macquarie city|new lambton|2026-06-02,spreads|lake macquarie city fc|-0.25|home,spreads,Lake Macquarie City FC,-0.25,home,2.15,2.15,"[""Bet365""]","[""odds_api_io""]",1,,
soccer|lake macquarie city|new lambton|2026-06-02,spreads|new lambton fc|0.25|away,spreads,New Lambton FC,0.25,away,2.075,2.075,"[""Bet365""]","[""odds_api_io""]",1,,
soccer|lake macquarie city|new lambton|2026-06-02,spreads|lake macquarie city fc|0.25|home,spreads,Lake Macquarie City FC,0.25,home,1.725,1.725,"[""Bet365""]","[""odds_api_io""]",1,,
soccer|lake macquarie city|new lambton|2026-06-02,spreads|new lambton fc|-0.25|away,spreads,New Lambton FC,-0.25,away,1.675,1.675,"[""Bet365""]","[""odds_api_io""]",1,,
soccer|lake macquarie city|new lambton|2026-06-02,spreads|lake macquarie city fc|0.50|home,spreads,Lake Macquarie City FC,0.5,home,1.6,1.6,"[""Bet365""]","[""odds_api_io""]",1,,
soccer|lake macquarie city|new lambton|2026-06-02,spreads|new lambton fc|-0.50|away,spreads,New Lambton FC,-0.5,away,1.55,1.55,"[""Bet365""]","[""odds_api_io""]",1,,
soccer|lake macquarie city|new lambton|2026-06-02,spreads|lake macquarie city fc|0.75|home,spreads,Lake Macquarie City FC,0.75,home,1.45,1.45,"[""Bet365""]","[""odds_api_io""]",1,,
soccer|lake macquarie city|new lambton|2026-06-02,spreads|new lambton fc|-0.75|away,spreads,New Lambton FC,-0.75,away,1.425,1.425,"[""Bet365""]","[""odds_api_io""]",1,,
soccer|lake macquarie city|new lambton|2026-06-02,spreads|lake macquarie city fc|1.00|home,spreads,Lake Macquarie City FC,1.0,home,1.325,1.325,"[""Bet365""]","[""odds_api_io""]",1,,
soccer|lake macquarie city|new lambton|2026-06-02,spreads|new lambton fc|-1.00|away,spreads,New Lambton FC,-1.0,away,1.3,1.3,"[""Bet365""]","[""odds_api_io""]",1,,
soccer|lake macquarie city|new lambton|2026-06-02,spreads|lake macquarie city fc|1.25|home,spreads,Lake Macquarie City FC,1.25,home,1.275,1.275,"[""Bet365""]","[""odds_api_io""]",1,,
soccer|lake macquarie city|new lambton|2026-06-02,spreads|new lambton fc|-1.25|away,spreads,New Lambton FC,-1.25,away,1.26,1.26,"[""Bet365""]","[""odds_api_io""]",1,,
soccer|lake macquarie city|new lambton|2026-06-02,spreads|lake macquarie city fc|1.50|home,spreads,Lake Macquarie City FC,1.5,home,1.25,1.25,"[""Bet365""]","[""odds_api_io""]",1,,
soccer|lake macquarie city|new lambton|2026-06-02,spreads|new lambton fc|-1.50|away,spreads,New Lambton FC,-1.5,away,1.24,1.24,"[""Bet365""]","[""odds_api_io""]",1,,
soccer|lake macquarie city|new lambton|2026-06-02,spreads|lake macquarie city fc|1.75|home,spreads,Lake Macquarie City FC,1.75,home,1.18,1.18,"[""Bet365""]","[""odds_api_io""]",1,,
soccer|lake macquarie city|new lambton|2026-06-02,spreads|new lambton fc|-1.75|away,spreads,New Lambton FC,-1.75,away,1.17,1.17,"[""Bet365""]","[""odds_api_io""]",1,,
soccer|lake macquarie city|new lambton|2026-06-02,spreads|lake macquarie city fc|2.00|home,spreads,Lake Macquarie City FC,2.0,home,1.115,1.115,"[""Bet365""]","[""odds_api_io""]",1,,
soccer|lake macquarie city|new lambton|2026-06-02,spreads|new lambton fc|-2.00|away,spreads,New Lambton FC,-2.0,away,1.105,1.105,"[""Bet365""]","[""odds_api_io""]",1,,
soccer|darwin olympic|hellenic athletic|2026-06-02,h2h|hellenic athletic club||home,h2h,Hellenic Athletic Club,,home,5.3,5.1615,"[""Bet365"", ""Unibet"", ""Sbobet""]","[""odds_api_io""]",3,1.132,
soccer|darwin olympic|hellenic athletic|2026-06-02,h2h|draw||,h2h,Draw,,,5.1,4.8459,"[""Bet365"", ""Unibet"", ""Sbobet""]","[""odds_api_io""]",3,1.669,
soccer|darwin olympic|hellenic athletic|2026-06-02,h2h|darwin olympic sc||away,h2h,Darwin Olympic SC,,away,1.4,1.3763,"[""Bet365"", ""Unibet"", ""Sbobet""]","[""odds_api_io""]",3,2.646,
soccer|darwin olympic|hellenic athletic|2026-06-02,dnb|hellenic athletic club|0.00|home,dnb,Hellenic Athletic Club,0.0,home,4.333,4.333,"[""Bet365""]","[""odds_api_io""]",1,,
soccer|darwin olympic|hellenic athletic|2026-06-02,dnb|darwin olympic sc|0.00|away,dnb,Darwin Olympic SC,0.0,away,1.2,1.2,"[""Bet365""]","[""odds_api_io""]",1,,
soccer|darwin olympic|hellenic athletic|2026-06-02,spreads|hellenic athletic club|1.50|home,spreads,Hellenic Athletic Club,1.5,home,1.85,1.85,"[""Bet365""]","[""odds_api_io""]",1,,
soccer|darwin olympic|hellenic athletic|2026-06-02,spreads|darwin olympic sc|-1.50|away,spreads,Darwin Olympic SC,-1.5,away,1.95,1.95,"[""Bet365""]","[""odds_api_io""]",1,,
soccer|darwin olympic|hellenic athletic|2026-06-02,totals|over|4.25|,totals,Over,4.25,,1.975,1.975,"[""Bet365""]","[""odds_api_io""]",1,,
soccer|darwin olympic|hellenic athletic|2026-06-02,totals|under|4.25|,totals,Under,4.25,,1.825,1.825,"[""Bet365""]","[""odds_api_io""]",1,,
soccer|darwin olympic|hellenic athletic|2026-06-02,totals|over|2.50|,totals,Over,2.5,,1.25,1.2352,"[""Bet365"", ""Unibet""]","[""odds_api_io""]",2,1.967,
soccer|darwin olympic|hellenic athletic|2026-06-02,totals|under|2.50|,totals,Under,2.5,,3.75,3.6752,"[""Bet365"", ""Unibet""]","[""odds_api_io""]",2,1.111,
soccer|darwin olympic|hellenic athletic|2026-06-02,spreads|hellenic athletic club|2.25|home,spreads,Hellenic Athletic Club,2.25,home,1.45,1.45,"[""Bet365""]","[""odds_api_io""]",1,,
soccer|darwin olympic|hellenic athletic|2026-06-02,spreads|darwin olympic sc|-2.25|away,spreads,Darwin Olympic SC,-2.25,away,2.675,2.675,"[""Bet365""]","[""odds_api_io""]",1,,
soccer|darwin olympic|hellenic athletic|2026-06-02,spreads|hellenic athletic club|2.75|home,spreads,Hellenic Athletic Club,2.75,home,1.3,1.3,"[""Bet365""]","[""odds_api_io""]",1,,
soccer|darwin olympic|hellenic athletic|2026-06-02,spreads|darwin olympic sc|-2.75|away,spreads,Darwin Olympic SC,-2.75,away,3.45,3.45,"[""Bet365""]","[""odds_api_io""]",1,,
soccer|darwin olympic|hellenic athletic|2026-06-02,spreads|hellenic athletic club|-0.50|home,spreads,Hellenic Athletic Club,-0.5,home,5.5,5.5,"[""Bet365""]","[""odds_api_io""]",1,,
soccer|darwin olympic|hellenic athletic|2026-06-02,spreads|darwin olympic sc|0.50|away,spreads,Darwin Olympic SC,0.5,away,1.425,1.425,"[""Bet365""]","[""odds_api_io""]",1,,
soccer|darwin olympic|hellenic athletic|2026-06-02,spreads|hellenic athletic club|-0.25|home,spreads,Hellenic Athletic Club,-0.25,home,4.8,4.8,"[""Bet365""]","[""odds_api_io""]",1,,
soccer|darwin olympic|hellenic athletic|2026-06-02,spreads|darwin olympic sc|0.25|away,spreads,Darwin Olympic SC,0.25,away,1.325,1.325,"[""Bet365""]","[""odds_api_io""]",1,,
soccer|darwin olympic|hellenic athletic|2026-06-02,spreads|hellenic athletic club|0.00|home,spreads,Hellenic Athletic Club,0.0,home,4.4,4.4,"[""Bet365""]","[""odds_api_io""]",1,,
soccer|darwin olympic|hellenic athletic|2026-06-02,spreads|darwin olympic sc|-0.00|away,spreads,Darwin Olympic SC,-0.0,away,1.2,1.2,"[""Bet365""]","[""odds_api_io""]",1,,
soccer|darwin olympic|hellenic athletic|2026-06-02,spreads|hellenic athletic club|0.25|home,spreads,Hellenic Athletic Club,0.25,home,3.3,3.3,"[""Bet365""]","[""odds_api_io""]",1,,
soccer|darwin olympic|hellenic athletic|2026-06-02,spreads|darwin olympic sc|-0.25|away,spreads,Darwin Olympic SC,-0.25,away,1.175,1.175,"[""Bet365""]","[""odds_api_io""]",1,,
soccer|darwin olympic|hellenic athletic|2026-06-02,spreads|hellenic athletic club|0.50|home,spreads,Hellenic Athletic Club,0.5,home,2.75,2.75,"[""Bet365""]","[""odds_api_io""]",1,,
soccer|darwin olympic|hellenic athletic|2026-06-02,spreads|darwin olympic sc|-0.50|away,spreads,Darwin Olympic SC,-0.5,away,1.15,1.15,"[""Bet365""]","[""odds_api_io""]",1,,
soccer|darwin olympic|hellenic athletic|2026-06-02,spreads|hellenic athletic club|0.75|home,spreads,Hellenic Athletic Club,0.75,home,2.5,2.5,"[""Bet365""]","[""odds_api_io""]",1,,
soccer|darwin olympic|hellenic athletic|2026-06-02,spreads|darwin olympic sc|-0.75|away,spreads,Darwin Olympic SC,-0.75,away,1.5,1.5,"[""Bet365""]","[""odds_api_io""]",1,,
soccer|darwin olympic|hellenic athletic|2026-06-02,spreads|hellenic athletic club|1.00|home,spreads,Hellenic Athletic Club,1.0,home,2.3,2.3,"[""Bet365""]","[""odds_api_io""]",1,,
soccer|darwin olympic|hellenic athletic|2026-06-02,spreads|darwin olympic sc|-1.00|away,spreads,Darwin Olympic SC,-1.0,away,1.6,1.6,"[""Bet365""]","[""odds_api_io""]",1,,
soccer|darwin olympic|hellenic athletic|2026-06-02,spreads|hellenic athletic club|1.25|home,spreads,Hellenic Athletic Club,1.25,home,2.12,2.0714,"[""Bet365"", ""Sbobet""]","[""odds_api_io""]",2,2.213,
soccer|darwin olympic|hellenic athletic|2026-06-02,spreads|darwin olympic sc|-1.25|away,spreads,Darwin Olympic SC,-1.25,away,1.775,1.7522,"[""Bet365"", ""Sbobet""]","[""odds_api_io""]",2,1.465,
soccer|darwin olympic|hellenic athletic|2026-06-02,spreads|hellenic athletic club|1.75|home,spreads,Hellenic Athletic Club,1.75,home,1.675,1.675,"[""Bet365""]","[""odds_api_io""]",1,,
soccer|darwin olympic|hellenic athletic|2026-06-02,spreads|darwin olympic sc|-1.75|away,spreads,Darwin Olympic SC,-1.75,away,2.15,2.15,"[""Bet365""]","[""odds_api_io""]",1,,
soccer|darwin olympic|hellenic athletic|2026-06-02,spreads|hellenic athletic club|2.00|home,spreads,Hellenic Athletic Club,2.0,home,1.525,1.525,"[""Bet365""]","[""odds_api_io""]",1,,
soccer|darwin olympic|hellenic athletic|2026-06-02,spreads|darwin olympic sc|-2.00|away,spreads,Darwin Olympic SC,-2.0,away,2.425,2.425,"[""Bet365""]","[""odds_api_io""]",1,,
soccer|darwin olympic|hellenic athletic|2026-06-02,spreads|hellenic athletic club|2.50|home,spreads,Hellenic Athletic Club,2.5,home,1.375,1.375,"[""Bet365""]","[""odds_api_io""]",1,,
soccer|darwin olympic|hellenic athletic|2026-06-02,spreads|darwin olympic sc|-2.50|away,spreads,Darwin Olympic SC,-2.5,away,3.0,3.0,"[""Bet365""]","[""odds_api_io""]",1,,
soccer|darwin olympic|hellenic athletic|2026-06-02,spreads|hellenic athletic club|3.00|home,spreads,Hellenic Athletic Club,3.0,home,1.21,1.21,"[""Bet365""]","[""odds_api_io""]",1,,
soccer|darwin olympic|hellenic athletic|2026-06-02,spreads|darwin olympic sc|-3.00|away,spreads,Darwin Olympic SC,-3.0,away,4.25,4.25,"[""Bet365""]","[""odds_api_io""]",1,,
soccer|darwin olympic|hellenic athletic|2026-06-02,spreads|hellenic athletic club|3.25|home,spreads,Hellenic Athletic Club,3.25,home,1.19,1.19,"[""Bet365""]","[""odds_api_io""]",1,,
soccer|darwin olympic|hellenic athletic|2026-06-02,spreads|darwin olympic sc|-3.25|away,spreads,Darwin Olympic SC,-3.25,away,4.5,4.5,"[""Bet365""]","[""odds_api_io""]",1,,
soccer|darwin olympic|hellenic athletic|2026-06-02,spreads|hellenic athletic club|3.50|home,spreads,Hellenic Athletic Club,3.5,home,1.175,1.175,"[""Bet365""]","[""odds_api_io""]",1,,
soccer|darwin olympic|hellenic athletic|2026-06-02,spreads|darwin olympic sc|-3.50|away,spreads,Darwin Olympic SC,-3.5,away,4.8,4.8,"[""Bet365""]","[""odds_api_io""]",1,,
soccer|darwin olympic|hellenic athletic|2026-06-02,doubleChance|1x||,doubleChance,1X,,,2.43,2.43,"[""Unibet""]","[""odds_api_io""]",1,,
soccer|darwin olympic|hellenic athletic|2026-06-02,doubleChance|12||,doubleChance,12,,,1.11,1.11,"[""Unibet""]","[""odds_api_io""]",1,,
soccer|darwin olympic|hellenic athletic|2026-06-02,doubleChance|x2||,doubleChance,X2,,,1.09,1.09,"[""Unibet""]","[""odds_api_io""]",1,,
soccer|darwin olympic|hellenic athletic|2026-06-02,totals|over|3.50|,totals,Over,3.5,,1.58,1.58,"[""Unibet""]","[""odds_api_io""]",1,,
soccer|darwin olympic|hellenic athletic|2026-06-02,totals|under|3.50|,totals,Under,3.5,,2.14,2.14,"[""Unibet""]","[""odds_api_io""]",1,,
soccer|darwin olympic|hellenic athletic|2026-06-02,totals|over|4.50|,totals,Over,4.5,,2.33,2.33,"[""Unibet""]","[""odds_api_io""]",1,,
soccer|darwin olympic|hellenic athletic|2026-06-02,totals|under|4.50|,totals,Under,4.5,,1.49,1.49,"[""Unibet""]","[""odds_api_io""]",1,,
soccer|darwin olympic|hellenic athletic|2026-06-02,totals|over|5.50|,totals,Over,5.5,,3.7,3.7,"[""Unibet""]","[""odds_api_io""]",1,,
soccer|darwin olympic|hellenic athletic|2026-06-02,totals|under|5.50|,totals,Under,5.5,,1.21,1.21,"[""Unibet""]","[""odds_api_io""]",1,,
soccer|darwin olympic|hellenic athletic|2026-06-02,totals|over|3.75|,totals,Over,3.75,,1.7,1.7,"[""Sbobet""]","[""odds_api_io""]",1,,
soccer|darwin olympic|hellenic athletic|2026-06-02,totals|under|3.75|,totals,Under,3.75,,2.13,2.13,"[""Sbobet""]","[""odds_api_io""]",1,,
soccer|podbeskidzie bielsko bia a|slask 2 wroclaw|2026-06-02,h2h|podbeskidzie bielsko-biała||home,h2h,Podbeskidzie Bielsko-Biała,,home,1.54,1.4823,"[""Bet365"", ""Unibet"", ""Betfair Exchange"", ""Sbobet""]","[""odds_api_io""]",4,4.509,
soccer|podbeskidzie bielsko bia a|slask 2 wroclaw|2026-06-02,h2h|draw||,h2h,Draw,,,4.6,4.2052,"[""Bet365"", ""Unibet"", ""Betfair Exchange"", ""Sbobet""]","[""odds_api_io""]",4,4.101,
soccer|podbeskidzie bielsko bia a|slask 2 wroclaw|2026-06-02,h2h|slask ii wroclaw||away,h2h,Slask II Wroclaw,,away,6.2,5.2181,"[""Bet365"", ""Unibet"", ""Betfair Exchange"", ""Sbobet""]","[""odds_api_io""]",4,4.924,
soccer|podbeskidzie bielsko bia a|slask 2 wroclaw|2026-06-02,dnb|podbeskidzie bielsko-biała|0.00|home,dnb,Podbeskidzie Bielsko-Biała,0.0,home,1.22,1.197,"[""Bet365"", ""Unibet"", ""Betfair Exchange""]","[""odds_api_io""]",3,3.503,
soccer|podbeskidzie bielsko bia a|slask 2 wroclaw|2026-06-02,dnb|slask ii wroclaw|0.00|away,dnb,Slask II Wroclaw,0.0,away,4.8,4.306,"[""Bet365"", ""Unibet"", ""Betfair Exchange""]","[""odds_api_io""]",3,5.141,
soccer|podbeskidzie bielsko bia a|slask 2 wroclaw|2026-06-02,spreads|podbeskidzie bielsko-biała|-1.00|home,spreads,Podbeskidzie Bielsko-Biała,-1.0,home,2.44,1.9355,"[""Bet365"", ""Unibet"", ""Betfair Exchange"", ""Sbobet""]","[""odds_api_io""]",6,16.159,
soccer|podbeskidzie bielsko bia a|slask 2 wroclaw|2026-06-02,spreads|slask ii wroclaw|1.00|away,spreads,Slask II Wroclaw,1.0,away,2.66,2.1331,"[""Bet365"", ""Unibet"", ""Betfair Exchange"", ""Sbobet""]","[""odds_api_io""]",6,13.039,
soccer|podbeskidzie bielsko bia a|slask 2 wroclaw|2026-06-02,totals|over|3.00|,totals,Over,3.0,,2.03,1.9757,"[""Bet365"", ""Betfair Exchange"", ""Sbobet""]","[""odds_api_io""]",3,3.37,
soccer|podbeskidzie bielsko bia a|slask 2 wroclaw|2026-06-02,totals|under|3.00|,totals,Under,3.0,,1.9,1.8525,"[""Bet365"", ""Betfair Exchange"", ""Sbobet""]","[""odds_api_io""]",3,2.924,
soccer|podbeskidzie bielsko bia a|slask 2 wroclaw|2026-06-02,totals|over|2.50|,totals,Over,2.5,,1.64,1.5596,"[""Bet365"", ""Unibet"", ""Betfair Exchange""]","[""odds_api_io""]",3,7.052,
soccer|podbeskidzie bielsko bia a|slask 2 wroclaw|2026-06-02,totals|under|2.50|,totals,Under,2.5,,2.44,2.3902,"[""Bet365"", ""Unibet"", ""Betfair Exchange""]","[""odds_api_io""]",3,1.57,
soccer|podbeskidzie bielsko bia a|slask 2 wroclaw|2026-06-02,spreads|podbeskidzie bielsko-biała|-2.75|home,spreads,Podbeskidzie Bielsko-Biała,-2.75,home,6.07,5.1824,"[""Bet365"", ""Betfair Exchange""]","[""odds_api_io""]",2,5.748,
soccer|podbeskidzie bielsko bia a|slask 2 wroclaw|2026-06-02,spreads|slask ii wroclaw|2.75|away,spreads,Slask II Wroclaw,2.75,away,1.19,1.1693,"[""Bet365"", ""Betfair Exchange""]","[""odds_api_io""]",2,2.923,
soccer|podbeskidzie bielsko bia a|slask 2 wroclaw|2026-06-02,spreads|podbeskidzie bielsko-biała|-2.50|home,spreads,Podbeskidzie Bielsko-Biała,-2.5,home,4.6,4.1093,"[""Bet365"", ""Betfair Exchange""]","[""odds_api_io""]",2,5.288,
soccer|podbeskidzie bielsko bia a|slask 2 wroclaw|2026-06-02,spreads|slask ii wroclaw|2.50|away,spreads,Slask II Wroclaw,2.5,away,1.26,1.2393,"[""Bet365"", ""Betfair Exchange""]","[""odds_api_io""]",2,2.602,
soccer|podbeskidzie bielsko bia a|slask 2 wroclaw|2026-06-02,spreads|podbeskidzie bielsko-biała|-2.25|home,spreads,Podbeskidzie Bielsko-Biała,-2.25,home,4.22,3.8033,"[""Bet365"", ""Betfair Exchange""]","[""odds_api_io""]",2,5.289,
soccer|podbeskidzie bielsko bia a|slask 2 wroclaw|2026-06-02,spreads|slask ii wroclaw|2.25|away,spreads,Slask II Wroclaw,2.25,away,1.3,1.2741,"[""Bet365"", ""Betfair Exchange""]","[""odds_api_io""]",2,3.077,
soccer|podbeskidzie bielsko bia a|slask 2 wroclaw|2026-06-02,spreads|podbeskidzie bielsko-biała|-2.00|home,spreads,Podbeskidzie Bielsko-Biała,-2.0,home,4.6,3.6497,"[""Bet365"", ""Unibet"", ""Betfair Exchange""]","[""odds_api_io""]",4,10.519,
soccer|podbeskidzie bielsko bia a|slask 2 wroclaw|2026-06-02,spreads|slask ii wroclaw|2.00|away,spreads,Slask II Wroclaw,2.0,away,1.59,1.4154,"[""Bet365"", ""Unibet"", ""Betfair Exchange""]","[""odds_api_io""]",4,14.626,
soccer|podbeskidzie bielsko bia a|slask 2 wroclaw|2026-06-02,spreads|podbeskidzie bielsko-biała|-3.25|home,spreads,Podbeskidzie Bielsko-Biała,-3.25,home,9.53,7.685,"[""Bet365"", ""Betfair Exchange""]","[""odds_api_io""]",2,5.132,
soccer|podbeskidzie bielsko bia a|slask 2 wroclaw|2026-06-02,spreads|slask ii wroclaw|3.25|away,spreads,Slask II Wroclaw,3.25,away,1.115,1.0969,"[""Bet365"", ""Betfair Exchange""]","[""odds_api_io""]",2,2.906,
soccer|podbeskidzie bielsko bia a|slask 2 wroclaw|2026-06-02,spreads|podbeskidzie bielsko-biała|-3.00|home,spreads,Podbeskidzie Bielsko-Biała,-3.0,home,9.8,7.9182,"[""Bet365"", ""Betfair Exchange""]","[""odds_api_io""]",3,6.463,
soccer|podbeskidzie bielsko bia a|slask 2 wroclaw|2026-06-02,spreads|slask ii wroclaw|3.00|away,spreads,Slask II Wroclaw,3.0,away,1.22,1.1426,"[""Bet365"", ""Betfair Exchange""]","[""odds_api_io""]",3,9.776,
soccer|podbeskidzie bielsko bia a|slask 2 wroclaw|2026-06-02,spreads|podbeskidzie bielsko-biała|-1.50|home,spreads,Podbeskidzie Bielsko-Biała,-1.5,home,2.45,2.3205,"[""Bet365"", ""Betfair Exchange""]","[""odds_api_io""]",2,4.638,
soccer|podbeskidzie bielsko bia a|slask 2 wroclaw|2026-06-02,spreads|slask ii wroclaw|1.50|away,spreads,Slask II Wroclaw,1.5,away,1.65,1.6189,"[""Bet365"", ""Betfair Exchange""]","[""odds_api_io""]",2,2.287,
soccer|podbeskidzie bielsko bia a|slask 2 wroclaw|2026-06-02,spreads|podbeskidzie bielsko-biała|-0.75|home,spreads,Podbeskidzie Bielsko-Biała,-0.75,home,1.66,1.63,"[""Bet365"", ""Betfair Exchange""]","[""odds_api_io""]",2,2.259,
soccer|podbeskidzie bielsko bia a|slask 2 wroclaw|2026-06-02,spreads|slask ii wroclaw|0.75|away,spreads,Slask II Wroclaw,0.75,away,6.8,3.4401,"[""Bet365"", ""Betfair Exchange""]","[""odds_api_io""]",2,28.213,
soccer|podbeskidzie bielsko bia a|slask 2 wroclaw|2026-06-02,spreads|podbeskidzie bielsko-biała|-0.50|home,spreads,Podbeskidzie Bielsko-Biała,-0.5,home,1.54,1.5201,"[""Bet365"", ""Betfair Exchange""]","[""odds_api_io""]",2,1.732,
soccer|podbeskidzie bielsko bia a|slask 2 wroclaw|2026-06-02,spreads|slask ii wroclaw|0.50|away,spreads,Slask II Wroclaw,0.5,away,5.25,3.5101,"[""Bet365"", ""Betfair Exchange""]","[""odds_api_io""]",2,18.546,
soccer|podbeskidzie bielsko bia a|slask 2 wroclaw|2026-06-02,spreads|podbeskidzie bielsko-biała|-0.25|home,spreads,Podbeskidzie Bielsko-Biała,-0.25,home,1.38,1.3651,"[""Bet365"", ""Betfair Exchange""]","[""odds_api_io""]",2,1.61,
soccer|podbeskidzie bielsko bia a|slask 2 wroclaw|2026-06-02,spreads|slask ii wroclaw|0.25|away,spreads,Slask II Wroclaw,0.25,away,4.65,3.8692,"[""Bet365"", ""Betfair Exchange""]","[""odds_api_io""]",2,8.525,
soccer|podbeskidzie bielsko bia a|slask 2 wroclaw|2026-06-02,spreads|podbeskidzie bielsko-biała|0.00|home,spreads,Podbeskidzie Bielsko-Biała,0.0,home,1.22,1.2151,"[""Bet365"", ""Betfair Exchange""]","[""odds_api_io""]",2,0.677,
soccer|podbeskidzie bielsko bia a|slask 2 wroclaw|2026-06-02,spreads|slask ii wroclaw|-0.00|away,spreads,Slask II Wroclaw,-0.0,away,4.87,4.5445,"[""Bet365"", ""Betfair Exchange""]","[""odds_api_io""]",2,2.996,
soccer|podbeskidzie bielsko bia a|slask 2 wroclaw|2026-06-02,spreads|podbeskidzie bielsko-biała|0.25|home,spreads,Podbeskidzie Bielsko-Biała,0.25,home,1.18,1.18,"[""Bet365"", ""Betfair Exchange""]","[""odds_api_io""]",2,,
soccer|podbeskidzie bielsko bia a|slask 2 wroclaw|2026-06-02,spreads|slask ii wroclaw|-0.25|away,spreads,Slask II Wroclaw,-0.25,away,5.53,3.9933,"[""Bet365"", ""Betfair Exchange""]","[""odds_api_io""]",2,14.175,
soccer|podbeskidzie bielsko bia a|slask 2 wroclaw|2026-06-02,spreads|podbeskidzie bielsko-biała|0.50|home,spreads,Podbeskidzie Bielsko-Biała,0.5,home,1.16,1.16,"[""Bet365"", ""Betfair Exchange""]","[""odds_api_io""]",2,,
soccer|podbeskidzie bielsko bia a|slask 2 wroclaw|2026-06-02,spreads|slask ii wroclaw|-0.50|away,spreads,Slask II Wroclaw,-0.5,away,6.2,3.591,"[""Bet365"", ""Betfair Exchange""]","[""odds_api_io""]",2,23.871,
soccer|podbeskidzie bielsko bia a|slask 2 wroclaw|2026-06-02,spreads|podbeskidzie bielsko-biała|0.75|home,spreads,Podbeskidzie Bielsko-Biała,0.75,home,1.11,1.1075,"[""Bet365"", ""Betfair Exchange""]","[""odds_api_io""]",2,0.408,
soccer|podbeskidzie bielsko bia a|slask 2 wroclaw|2026-06-02,spreads|slask ii wroclaw|-0.75|away,spreads,Slask II Wroclaw,-0.75,away,8.69,3.6762,"[""Bet365"", ""Betfair Exchange""]","[""odds_api_io""]",2,31.971,
soccer|podbeskidzie bielsko bia a|slask 2 wroclaw|2026-06-02,spreads|podbeskidzie bielsko-biała|-1.75|home,spreads,Podbeskidzie Bielsko-Biała,-1.75,home,2.92,2.6975,"[""Bet365"", ""Betfair Exchange""]","[""odds_api_io""]",2,5.753,
soccer|podbeskidzie bielsko bia a|slask 2 wroclaw|2026-06-02,spreads|slask ii wroclaw|1.75|away,spreads,Slask II Wroclaw,1.75,away,1.5,1.4688,"[""Bet365"", ""Betfair Exchange""]","[""odds_api_io""]",2,2.778,
soccer|podbeskidzie bielsko bia a|slask 2 wroclaw|2026-06-02,doubleChance|1x||,doubleChance,1X,,,1.16,1.1305,"[""Unibet"", ""Betfair Exchange""]","[""odds_api_io""]",2,4.702,
soccer|podbeskidzie bielsko bia a|slask 2 wroclaw|2026-06-02,doubleChance|12||,doubleChance,12,,,1.36,1.306,"[""Unibet"", ""Betfair Exchange""]","[""odds_api_io""]",2,5.836,
soccer|podbeskidzie bielsko bia a|slask 2 wroclaw|2026-06-02,doubleChance|x2||,doubleChance,X2,,,2.66,2.079,"[""Unibet"", ""Betfair Exchange""]","[""odds_api_io""]",2,21.93,
soccer|podbeskidzie bielsko bia a|slask 2 wroclaw|2026-06-02,totals|over|3.50|,totals,Over,3.5,,2.62,2.4005,"[""Unibet"", ""Betfair Exchange""]","[""odds_api_io""]",2,7.287,
soccer|podbeskidzie bielsko bia a|slask 2 wroclaw|2026-06-02,totals|under|3.50|,totals,Under,3.5,,1.57,1.5604,"[""Unibet"", ""Betfair Exchange""]","[""odds_api_io""]",2,0.822,
soccer|podbeskidzie bielsko bia a|slask 2 wroclaw|2026-06-02,totals|over|4.50|,totals,Over,4.5,,4.9,4.2094,"[""Unibet"", ""Betfair Exchange""]","[""odds_api_io""]",2,6.989,
soccer|podbeskidzie bielsko bia a|slask 2 wroclaw|2026-06-02,totals|under|4.50|,totals,Under,4.5,,1.23,1.2203,"[""Unibet"", ""Betfair Exchange""]","[""odds_api_io""]",2,1.344,
soccer|podbeskidzie bielsko bia a|slask 2 wroclaw|2026-06-02,totals|over|1.50|,totals,Over,1.5,,1.2,1.1654,"[""Unibet"", ""Betfair Exchange""]","[""odds_api_io""]",2,5.162,
soccer|podbeskidzie bielsko bia a|slask 2 wroclaw|2026-06-02,totals|under|1.50|,totals,Under,1.5,,5.3,4.9399,"[""Unibet"", ""Betfair Exchange""]","[""odds_api_io""]",2,2.871,
soccer|podbeskidzie bielsko bia a|slask 2 wroclaw|2026-06-02,totals|over|5.50|,totals,Over,5.5,,10.09,7.9788,"[""Unibet"", ""Betfair Exchange""]","[""odds_api_io""]",2,5.474,
soccer|podbeskidzie bielsko bia a|slask 2 wroclaw|2026-06-02,totals|under|5.50|,totals,Under,5.5,,1.09,1.0705,"[""Unibet"", ""Betfair Exchange""]","[""odds_api_io""]",2,3.495,
soccer|podbeskidzie bielsko bia a|slask 2 wroclaw|2026-06-02,btts|yes||,btts,Yes,,,1.76,1.6527,"[""Unibet"", ""Betfair Exchange""]","[""odds_api_io""]",2,7.698,
soccer|podbeskidzie bielsko bia a|slask 2 wroclaw|2026-06-02,btts|no||,btts,No,,,2.24,2.191,"[""Unibet"", ""Betfair Exchange""]","[""odds_api_io""]",2,2.086,
soccer|podbeskidzie bielsko bia a|slask 2 wroclaw|2026-06-02,teamTotals|over|1.50|,teamTotals,Over,1.5,,1.42,1.42,"[""Unibet""]","[""odds_api_io""]",1,,
soccer|podbeskidzie bielsko bia a|slask 2 wroclaw|2026-06-02,teamTotals|under|1.50|,teamTotals,Under,1.5,,2.48,2.48,"[""Unibet""]","[""odds_api_io""]",1,,
soccer|podbeskidzie bielsko bia a|slask 2 wroclaw|2026-06-02,teamTotals|over|2.50|,teamTotals,Over,2.5,,2.3,2.3,"[""Unibet""]","[""odds_api_io""]",1,,
soccer|podbeskidzie bielsko bia a|slask 2 wroclaw|2026-06-02,teamTotals|under|2.50|,teamTotals,Under,2.5,,1.47,1.47,"[""Unibet""]","[""odds_api_io""]",1,,
soccer|podbeskidzie bielsko bia a|slask 2 wroclaw|2026-06-02,teamTotals|over|0.50|,teamTotals,Over,0.5,,1.42,1.42,"[""Unibet""]","[""odds_api_io""]",1,,
soccer|podbeskidzie bielsko bia a|slask 2 wroclaw|2026-06-02,teamTotals|under|0.50|,teamTotals,Under,0.5,,2.45,2.45,"[""Unibet""]","[""odds_api_io""]",1,,
soccer|podbeskidzie bielsko bia a|slask 2 wroclaw|2026-06-02,spreads|podbeskidzie bielsko-biała|-3.75|home,spreads,Podbeskidzie Bielsko-Biała,-3.75,home,12.11,12.11,"[""Betfair Exchange""]","[""odds_api_io""]",1,,
soccer|podbeskidzie bielsko bia a|slask 2 wroclaw|2026-06-02,spreads|slask ii wroclaw|3.75|away,spreads,Slask II Wroclaw,3.75,away,1.05,1.05,"[""Betfair Exchange""]","[""odds_api_io""]",1,,
soccer|podbeskidzie bielsko bia a|slask 2 wroclaw|2026-06-02,spreads|podbeskidzie bielsko-biała|-3.50|home,spreads,Podbeskidzie Bielsko-Biała,-3.5,home,9.85,9.85,"[""Betfair Exchange""]","[""odds_api_io""]",1,,
soccer|podbeskidzie bielsko bia a|slask 2 wroclaw|2026-06-02,spreads|slask ii wroclaw|3.50|away,spreads,Slask II Wroclaw,3.5,away,1.08,1.08,"[""Betfair Exchange""]","[""odds_api_io""]",1,,
soccer|podbeskidzie bielsko bia a|slask 2 wroclaw|2026-06-02,spreads|podbeskidzie bielsko-biała|-1.25|home,spreads,Podbeskidzie Bielsko-Biała,-1.25,home,2.16,2.16,"[""Betfair Exchange""]","[""odds_api_io""]",1,,
soccer|podbeskidzie bielsko bia a|slask 2 wroclaw|2026-06-02,spreads|slask ii wroclaw|1.25|away,spreads,Slask II Wroclaw,1.25,away,1.75,1.75,"[""Betfair Exchange""]","[""odds_api_io""]",1,,
soccer|podbeskidzie bielsko bia a|slask 2 wroclaw|2026-06-02,spreads|podbeskidzie bielsko-biała|1.00|home,spreads,Podbeskidzie Bielsko-Biała,1.0,home,1.16,1.1023,"[""Betfair Exchange""]","[""odds_api_io""]",2,9.031,
soccer|podbeskidzie bielsko bia a|slask 2 wroclaw|2026-06-02,spreads|slask ii wroclaw|-1.00|away,spreads,Slask II Wroclaw,-1.0,away,17.5,16.6121,"[""Betfair Exchange""]","[""odds_api_io""]",2,0.611,
soccer|podbeskidzie bielsko bia a|slask 2 wroclaw|2026-06-02,spreads|podbeskidzie bielsko-biała|2.00|home,spreads,Podbeskidzie Bielsko-Biała,2.0,home,1.04,1.0248,"[""Betfair Exchange""]","[""odds_api_io""]",2,2.856,
soccer|podbeskidzie bielsko bia a|slask 2 wroclaw|2026-06-02,spreads|slask ii wroclaw|-2.00|away,spreads,Slask II Wroclaw,-2.0,away,55.0,53.9192,"[""Betfair Exchange""]","[""odds_api_io""]",2,0.073,
soccer|podbeskidzie bielsko bia a|slask 2 wroclaw|2026-06-02,spreads|podbeskidzie bielsko-biała|1.25|home,spreads,Podbeskidzie Bielsko-Biała,1.25,home,1.05,1.05,"[""Betfair Exchange""]","[""odds_api_io""]",1,,
soccer|podbeskidzie bielsko bia a|slask 2 wroclaw|2026-06-02,spreads|slask ii wroclaw|-1.25|away,spreads,Slask II Wroclaw,-1.25,away,16.74,16.74,"[""Betfair Exchange""]","[""odds_api_io""]",1,,
soccer|podbeskidzie bielsko bia a|slask 2 wroclaw|2026-06-02,spreads|podbeskidzie bielsko-biała|1.75|home,spreads,Podbeskidzie Bielsko-Biała,1.75,home,1.03,1.03,"[""Betfair Exchange""]","[""odds_api_io""]",1,,
soccer|podbeskidzie bielsko bia a|slask 2 wroclaw|2026-06-02,spreads|slask ii wroclaw|-1.75|away,spreads,Slask II Wroclaw,-1.75,away,26.22,26.22,"[""Betfair Exchange""]","[""odds_api_io""]",1,,
soccer|podbeskidzie bielsko bia a|slask 2 wroclaw|2026-06-02,spreads|podbeskidzie bielsko-biała|2.25|home,spreads,Podbeskidzie Bielsko-Biała,2.25,home,1.01,1.01,"[""Betfair Exchange""]","[""odds_api_io""]",1,,
soccer|podbeskidzie bielsko bia a|slask 2 wroclaw|2026-06-02,spreads|slask ii wroclaw|-2.25|away,spreads,Slask II Wroclaw,-2.25,away,53.94,53.94,"[""Betfair Exchange""]","[""odds_api_io""]",1,,
soccer|podbeskidzie bielsko bia a|slask 2 wroclaw|2026-06-02,spreads|podbeskidzie bielsko-biała|1.50|home,spreads,Podbeskidzie Bielsko-Biała,1.5,home,1.04,1.04,"[""Betfair Exchange""]","[""odds_api_io""]",1,,
soccer|podbeskidzie bielsko bia a|slask 2 wroclaw|2026-06-02,spreads|slask ii wroclaw|-1.50|away,spreads,Slask II Wroclaw,-1.5,away,17.66,17.66,"[""Betfair Exchange""]","[""odds_api_io""]",1,,
soccer|podbeskidzie bielsko bia a|slask 2 wroclaw|2026-06-02,spreads|podbeskidzie bielsko-biała|2.50|home,spreads,Podbeskidzie Bielsko-Biała,2.5,home,1.01,1.01,"[""Betfair Exchange""]","[""odds_api_io""]",1,,
soccer|podbeskidzie bielsko bia a|slask 2 wroclaw|2026-06-02,spreads|slask ii wroclaw|-2.50|away,spreads,Slask II Wroclaw,-2.5,away,55.0,55.0,"[""Betfair Exchange""]","[""odds_api_io""]",1,,
soccer|podbeskidzie bielsko bia a|slask 2 wroclaw|2026-06-02,totals|over|3.25|,totals,Over,3.25,,2.32,2.32,"[""Betfair Exchange""]","[""odds_api_io""]",1,,
soccer|podbeskidzie bielsko bia a|slask 2 wroclaw|2026-06-02,totals|under|3.25|,totals,Under,3.25,,1.68,1.68,"[""Betfair Exchange""]","[""odds_api_io""]",1,,
soccer|podbeskidzie bielsko bia a|slask 2 wroclaw|2026-06-02,totals|over|1.25|,totals,Over,1.25,,1.13,1.13,"[""Betfair Exchange""]","[""odds_api_io""]",1,,
soccer|podbeskidzie bielsko bia a|slask 2 wroclaw|2026-06-02,totals|under|1.25|,totals,Under,1.25,,7.68,7.68,"[""Betfair Exchange""]","[""odds_api_io""]",1,,
soccer|podbeskidzie bielsko bia a|slask 2 wroclaw|2026-06-02,totals|over|1.00|,totals,Over,1.0,,1.05,1.05,"[""Betfair Exchange""]","[""odds_api_io""]",1,,
soccer|podbeskidzie bielsko bia a|slask 2 wroclaw|2026-06-02,totals|under|1.00|,totals,Under,1.0,,16.05,16.05,"[""Betfair Exchange""]","[""odds_api_io""]",1,,
soccer|podbeskidzie bielsko bia a|slask 2 wroclaw|2026-06-02,totals|over|2.00|,totals,Over,2.0,,1.28,1.28,"[""Betfair Exchange""]","[""odds_api_io""]",1,,
soccer|podbeskidzie bielsko bia a|slask 2 wroclaw|2026-06-02,totals|under|2.00|,totals,Under,2.0,,3.98,3.98,"[""Betfair Exchange""]","[""odds_api_io""]",1,,
soccer|podbeskidzie bielsko bia a|slask 2 wroclaw|2026-06-02,totals|over|4.00|,totals,Over,4.0,,4.02,4.02,"[""Betfair Exchange""]","[""odds_api_io""]",1,,
soccer|podbeskidzie bielsko bia a|slask 2 wroclaw|2026-06-02,totals|under|4.00|,totals,Under,4.0,,1.29,1.29,"[""Betfair Exchange""]","[""odds_api_io""]",1,,
soccer|podbeskidzie bielsko bia a|slask 2 wroclaw|2026-06-02,totals|over|3.75|,totals,Over,3.75,,3.11,3.11,"[""Betfair Exchange""]","[""odds_api_io""]",1,,
soccer|podbeskidzie bielsko bia a|slask 2 wroclaw|2026-06-02,totals|under|3.75|,totals,Under,3.75,,1.41,1.41,"[""Betfair Exchange""]","[""odds_api_io""]",1,,
soccer|podbeskidzie bielsko bia a|slask 2 wroclaw|2026-06-02,totals|over|2.25|,totals,Over,2.25,,1.47,1.47,"[""Betfair Exchange""]","[""odds_api_io""]",1,,
soccer|podbeskidzie bielsko bia a|slask 2 wroclaw|2026-06-02,totals|under|2.25|,totals,Under,2.25,,2.95,2.95,"[""Betfair Exchange""]","[""odds_api_io""]",1,,
soccer|podbeskidzie bielsko bia a|slask 2 wroclaw|2026-06-02,totals|over|4.25|,totals,Over,4.25,,4.46,4.46,"[""Betfair Exchange""]","[""odds_api_io""]",1,,
soccer|podbeskidzie bielsko bia a|slask 2 wroclaw|2026-06-02,totals|under|4.25|,totals,Under,4.25,,1.26,1.26,"[""Betfair Exchange""]","[""odds_api_io""]",1,,
soccer|podbeskidzie bielsko bia a|slask 2 wroclaw|2026-06-02,totals|over|1.75|,totals,Over,1.75,,1.24,1.24,"[""Betfair Exchange""]","[""odds_api_io""]",1,,
soccer|podbeskidzie bielsko bia a|slask 2 wroclaw|2026-06-02,totals|under|1.75|,totals,Under,1.75,,4.51,4.51,"[""Betfair Exchange""]","[""odds_api_io""]",1,,
soccer|podbeskidzie bielsko bia a|slask 2 wroclaw|2026-06-02,totals|over|2.75|,totals,Over,2.75,,1.78,1.78,"[""Betfair Exchange""]","[""odds_api_io""]",1,,
soccer|podbeskidzie bielsko bia a|slask 2 wroclaw|2026-06-02,totals|under|2.75|,totals,Under,2.75,,2.12,2.12,"[""Betfair Exchange""]","[""odds_api_io""]",1,,
soccer|podbeskidzie bielsko bia a|slask 2 wroclaw|2026-06-02,totals|over|6.25|,totals,Over,6.25,,23.4,23.4,"[""Betfair Exchange""]","[""odds_api_io""]",1,,
soccer|podbeskidzie bielsko bia a|slask 2 wroclaw|2026-06-02,totals|under|6.25|,totals,Under,6.25,,1.03,1.03,"[""Betfair Exchange""]","[""odds_api_io""]",1,,
soccer|podbeskidzie bielsko bia a|slask 2 wroclaw|2026-06-02,totals|over|4.75|,totals,Over,4.75,,6.39,6.39,"[""Betfair Exchange""]","[""odds_api_io""]",1,,
soccer|podbeskidzie bielsko bia a|slask 2 wroclaw|2026-06-02,totals|under|4.75|,totals,Under,4.75,,1.14,1.14,"[""Betfair Exchange""]","[""odds_api_io""]",1,,
soccer|podbeskidzie bielsko bia a|slask 2 wroclaw|2026-06-02,totals|over|5.00|,totals,Over,5.0,,9.03,9.03,"[""Betfair Exchange""]","[""odds_api_io""]",1,,
soccer|podbeskidzie bielsko bia a|slask 2 wroclaw|2026-06-02,totals|under|5.00|,totals,Under,5.0,,1.09,1.09,"[""Betfair Exchange""]","[""odds_api_io""]",1,,
soccer|podbeskidzie bielsko bia a|slask 2 wroclaw|2026-06-02,totals|over|0.75|,totals,Over,0.75,,1.05,1.05,"[""Betfair Exchange""]","[""odds_api_io""]",1,,
soccer|podbeskidzie bielsko bia a|slask 2 wroclaw|2026-06-02,totals|under|0.75|,totals,Under,0.75,,17.11,17.11,"[""Betfair Exchange""]","[""odds_api_io""]",1,,
soccer|podbeskidzie bielsko bia a|slask 2 wroclaw|2026-06-02,totals|over|5.75|,totals,Over,5.75,,15.05,15.05,"[""Betfair Exchange""]","[""odds_api_io""]",1,,
soccer|podbeskidzie bielsko bia a|slask 2 wroclaw|2026-06-02,totals|under|5.75|,totals,Under,5.75,,1.05,1.05,"[""Betfair Exchange""]","[""odds_api_io""]",1,,
soccer|podbeskidzie bielsko bia a|slask 2 wroclaw|2026-06-02,totals|over|5.25|,totals,Over,5.25,,9.56,9.56,"[""Betfair Exchange""]","[""odds_api_io""]",1,,
soccer|podbeskidzie bielsko bia a|slask 2 wroclaw|2026-06-02,totals|under|5.25|,totals,Under,5.25,,1.09,1.09,"[""Betfair Exchange""]","[""odds_api_io""]",1,,
soccer|podbeskidzie bielsko bia a|slask 2 wroclaw|2026-06-02,totals|over|6.00|,totals,Over,6.0,,22.81,22.81,"[""Betfair Exchange""]","[""odds_api_io""]",1,,
soccer|podbeskidzie bielsko bia a|slask 2 wroclaw|2026-06-02,totals|under|6.00|,totals,Under,6.0,,1.03,1.03,"[""Betfair Exchange""]","[""odds_api_io""]",1,,
soccer|podbeskidzie bielsko bia a|slask 2 wroclaw|2026-06-02,totals|over|0.50|,totals,Over,0.5,,1.05,1.05,"[""Betfair Exchange""]","[""odds_api_io""]",1,,
soccer|podbeskidzie bielsko bia a|slask 2 wroclaw|2026-06-02,totals|under|0.50|,totals,Under,0.5,,18.5,18.5,"[""Betfair Exchange""]","[""odds_api_io""]",1,,
soccer|podbeskidzie bielsko bia a|slask 2 wroclaw|2026-06-02,totals|over|6.50|,totals,Over,6.5,,24.0,24.0,"[""Betfair Exchange""]","[""odds_api_io""]",1,,
soccer|podbeskidzie bielsko bia a|slask 2 wroclaw|2026-06-02,totals|under|6.50|,totals,Under,6.5,,1.03,1.03,"[""Betfair Exchange""]","[""odds_api_io""]",1,,
soccer|podbeskidzie bielsko bia a|slask 2 wroclaw|2026-06-02,spreads|podbeskidzie bielsko-biała|3.00|home,spreads,Podbeskidzie Bielsko-Biała,3.0,home,1.01,1.01,"[""Betfair Exchange""]","[""odds_api_io""]",1,,
soccer|podbeskidzie bielsko bia a|slask 2 wroclaw|2026-06-02,spreads|slask ii wroclaw|-3.00|away,spreads,Slask II Wroclaw,-3.0,away,120.0,120.0,"[""Betfair Exchange""]","[""odds_api_io""]",1,,
soccer|brunei darussalam|timor leste|2026-06-02,h2h|brunei darussalam||home,h2h,Brunei Darussalam,,home,3.1,2.7515,"[""Bet365"", ""Unibet"", ""Betfair Exchange"", ""Sbobet""]","[""odds_api_io""]",4,11.22,
soccer|brunei darussalam|timor leste|2026-06-02,h2h|draw||,h2h,Draw,,,3.3,3.1009,"[""Bet365"", ""Unibet"", ""Betfair Exchange"", ""Sbobet""]","[""odds_api_io""]",4,4.908,
soccer|brunei darussalam|timor leste|2026-06-02,h2h|timor-leste||away,h2h,Timor-Leste,,away,2.75,2.4717,"[""Bet365"", ""Unibet"", ""Betfair Exchange"", ""Sbobet""]","[""odds_api_io""]",4,8.279,
soccer|brunei darussalam|timor leste|2026-06-02,dnb|brunei darussalam|0.00|home,dnb,Brunei Darussalam,0.0,home,1.727,1.6936,"[""Bet365"", ""Unibet""]","[""odds_api_io""]",2,2.337,
soccer|brunei darussalam|timor leste|2026-06-02,dnb|timor-leste|0.00|away,dnb,Timor-Leste,0.0,away,2.0,1.9803,"[""Bet365"", ""Unibet""]","[""odds_api_io""]",2,1.02,
soccer|brunei darussalam|timor leste|2026-06-02,spreads|brunei darussalam|0.25|home,spreads,Brunei Darussalam,0.25,home,1.83,1.7038,"[""Bet365"", ""Betfair Exchange"", ""Sbobet""]","[""odds_api_io""]",4,9.871,
soccer|brunei darussalam|timor leste|2026-06-02,spreads|timor-leste|-0.25|away,spreads,Timor-Leste,-0.25,away,2.22,1.9685,"[""Bet365"", ""Betfair Exchange"", ""Sbobet""]","[""odds_api_io""]",4,13.778,
soccer|brunei darussalam|timor leste|2026-06-02,totals|over|2.00|,totals,Over,2.0,,1.84,1.7462,"[""Bet365"", ""Betfair Exchange"", ""Sbobet""]","[""odds_api_io""]",3,7.381,
soccer|brunei darussalam|timor leste|2026-06-02,totals|under|2.00|,totals,Under,2.0,,2.18,2.0439,"[""Bet365"", ""Betfair Exchange"", ""Sbobet""]","[""odds_api_io""]",3,5.149,
soccer|brunei darussalam|timor leste|2026-06-02,totals|over|2.50|,totals,Over,2.5,,2.3,2.1431,"[""Bet365"", ""Unibet""]","[""odds_api_io""]",2,6.522,
soccer|brunei darussalam|timor leste|2026-06-02,totals|under|2.50|,totals,Under,2.5,,1.67,1.6334,"[""Bet365"", ""Unibet""]","[""odds_api_io""]",2,2.62,
soccer|brunei darussalam|timor leste|2026-06-02,spreads|brunei darussalam|-1.75|home,spreads,Brunei Darussalam,-1.75,home,10.48,7.982,"[""Bet365"", ""Betfair Exchange""]","[""odds_api_io""]",2,6.083,
soccer|brunei darussalam|timor leste|2026-06-02,spreads|timor-leste|1.75|away,spreads,Timor-Leste,1.75,away,1.115,1.0969,"[""Bet365"", ""Betfair Exchange""]","[""odds_api_io""]",2,2.906,
soccer|brunei darussalam|timor leste|2026-06-02,spreads|brunei darussalam|-1.50|home,spreads,Brunei Darussalam,-1.5,home,4.8,4.8,"[""Bet365""]","[""odds_api_io""]",1,,
soccer|brunei darussalam|timor leste|2026-06-02,spreads|timor-leste|1.50|away,spreads,Timor-Leste,1.5,away,5.75,5.75,"[""Bet365""]","[""odds_api_io""]",1,,
soccer|brunei darussalam|timor leste|2026-06-02,spreads|brunei darussalam|-1.25|home,spreads,Brunei Darussalam,-1.25,home,6.82,5.3701,"[""Bet365"", ""Betfair Exchange""]","[""odds_api_io""]",2,8.065,
soccer|brunei darussalam|timor leste|2026-06-02,spreads|timor-leste|1.25|away,spreads,Timor-Leste,1.25,away,5.25,1.8516,"[""Bet365"", ""Betfair Exchange""]","[""odds_api_io""]",2,68.672,
soccer|brunei darussalam|timor leste|2026-06-02,spreads|brunei darussalam|-0.75|home,spreads,Brunei Darussalam,-0.75,home,3.81,3.3641,"[""Bet365"", ""Betfair Exchange""]","[""odds_api_io""]",2,7.087,
soccer|brunei darussalam|timor leste|2026-06-02,spreads|timor-leste|0.75|away,spreads,Timor-Leste,0.75,away,3.45,1.873,"[""Bet365"", ""Betfair Exchange""]","[""odds_api_io""]",2,47.938,
soccer|brunei darussalam|timor leste|2026-06-02,spreads|brunei darussalam|0.75|home,spreads,Brunei Darussalam,0.75,home,1.37,1.3347,"[""Bet365"", ""Betfair Exchange""]","[""odds_api_io""]",2,3.93,
soccer|brunei darussalam|timor leste|2026-06-02,spreads|timor-leste|-0.75|away,spreads,Timor-Leste,-0.75,away,3.07,1.9126,"[""Bet365"", ""Betfair Exchange""]","[""odds_api_io""]",2,40.154,
soccer|brunei darussalam|timor leste|2026-06-02,spreads|brunei darussalam|1.25|home,spreads,Brunei Darussalam,1.25,home,1.17,1.1651,"[""Bet365"", ""Betfair Exchange""]","[""odds_api_io""]",2,0.737,
soccer|brunei darussalam|timor leste|2026-06-02,spreads|timor-leste|-1.25|away,spreads,Timor-Leste,-1.25,away,5.0,1.9573,"[""Bet365"", ""Betfair Exchange""]","[""odds_api_io""]",2,63.333,
soccer|brunei darussalam|timor leste|2026-06-02,spreads|brunei darussalam|1.50|home,spreads,Brunei Darussalam,1.5,home,1.14,1.14,"[""Bet365""]","[""odds_api_io""]",1,,
soccer|brunei darussalam|timor leste|2026-06-02,spreads|timor-leste|-1.50|away,spreads,Timor-Leste,-1.5,away,1.175,1.175,"[""Bet365""]","[""odds_api_io""]",1,,
soccer|brunei darussalam|timor leste|2026-06-02,spreads|brunei darussalam|-1.00|home,spreads,Brunei Darussalam,-1.0,home,6.06,4.4908,"[""Bet365"", ""Unibet"", ""Betfair Exchange""]","[""odds_api_io""]",3,9.139,
soccer|brunei darussalam|timor leste|2026-06-02,spreads|timor-leste|1.00|away,spreads,Timor-Leste,1.0,away,4.65,1.6971,"[""Bet365"", ""Unibet"", ""Betfair Exchange""]","[""odds_api_io""]",3,64.702,
soccer|brunei darussalam|timor leste|2026-06-02,spreads|brunei darussalam|-0.50|home,spreads,Brunei Darussalam,-0.5,home,2.425,2.425,"[""Bet365""]","[""odds_api_io""]",1,,
soccer|brunei darussalam|timor leste|2026-06-02,spreads|timor-leste|0.50|away,spreads,Timor-Leste,0.5,away,2.75,2.75,"[""Bet365""]","[""odds_api_io""]",1,,
soccer|brunei darussalam|timor leste|2026-06-02,spreads|brunei darussalam|-0.25|home,spreads,Brunei Darussalam,-0.25,home,2.5,2.2862,"[""Bet365"", ""Betfair Exchange""]","[""odds_api_io""]",2,7.619,
soccer|brunei darussalam|timor leste|2026-06-02,spreads|timor-leste|0.25|away,spreads,Timor-Leste,0.25,away,2.375,1.8834,"[""Bet365"", ""Betfair Exchange""]","[""odds_api_io""]",2,21.589,
soccer|brunei darussalam|timor leste|2026-06-02,spreads|brunei darussalam|0.50|home,spreads,Brunei Darussalam,0.5,home,1.425,1.425,"[""Bet365""]","[""odds_api_io""]",1,,
soccer|brunei darussalam|timor leste|2026-06-02,spreads|timor-leste|-0.50|away,spreads,Timor-Leste,-0.5,away,1.525,1.525,"[""Bet365""]","[""odds_api_io""]",1,,
soccer|brunei darussalam|timor leste|2026-06-02,spreads|brunei darussalam|1.00|home,spreads,Brunei Darussalam,1.0,home,1.32,1.1662,"[""Bet365"", ""Unibet"", ""Betfair Exchange""]","[""odds_api_io""]",4,23.252,
soccer|brunei darussalam|timor leste|2026-06-02,spreads|timor-leste|-1.00|away,spreads,Timor-Leste,-1.0,away,6.2,2.8562,"[""Bet365"", ""Unibet"", ""Betfair Exchange""]","[""odds_api_io""]",4,64.516,
soccer|brunei darussalam|timor leste|2026-06-02,doubleChance|1x||,doubleChance,1X,,,1.32,1.32,"[""Unibet""]","[""odds_api_io""]",1,,
soccer|brunei darussalam|timor leste|2026-06-02,doubleChance|12||,doubleChance,12,,,1.24,1.24,"[""Unibet""]","[""odds_api_io""]",1,,
soccer|brunei darussalam|timor leste|2026-06-02,doubleChance|x2||,doubleChance,X2,,,1.46,1.46,"[""Unibet""]","[""odds_api_io""]",1,,
soccer|brunei darussalam|timor leste|2026-06-02,totals|over|1.50|,totals,Over,1.5,,1.3,1.3,"[""Unibet""]","[""odds_api_io""]",1,,
soccer|brunei darussalam|timor leste|2026-06-02,totals|under|1.50|,totals,Under,1.5,,2.95,2.95,"[""Unibet""]","[""odds_api_io""]",1,,
soccer|brunei darussalam|timor leste|2026-06-02,totals|over|3.50|,totals,Over,3.5,,3.5,1.5322,"[""Unibet"", ""Betfair Exchange""]","[""odds_api_io""]",2,70.438,
soccer|brunei darussalam|timor leste|2026-06-02,totals|under|3.50|,totals,Under,3.5,,1.23,1.1047,"[""Unibet"", ""Betfair Exchange""]","[""odds_api_io""]",2,17.709,
soccer|brunei darussalam|timor leste|2026-06-02,totals|over|4.50|,totals,Over,4.5,,6.5,6.5,"[""Unibet""]","[""odds_api_io""]",1,,
soccer|brunei darussalam|timor leste|2026-06-02,totals|under|4.50|,totals,Under,4.5,,1.07,1.07,"[""Unibet""]","[""odds_api_io""]",1,,
soccer|brunei darussalam|timor leste|2026-06-02,btts|yes||,btts,Yes,,,1.99,1.8889,"[""Unibet"", ""Betfair Exchange""]","[""odds_api_io""]",2,5.615,
soccer|brunei darussalam|timor leste|2026-06-02,btts|no||,btts,No,,,1.92,1.9104,"[""Unibet"", ""Betfair Exchange""]","[""odds_api_io""]",2,0.548,
soccer|brunei darussalam|timor leste|2026-06-02,teamTotals|over|1.50|,teamTotals,Over,1.5,,2.63,2.4653,"[""Unibet""]","[""odds_api_io""]",2,5.081,
soccer|brunei darussalam|timor leste|2026-06-02,teamTotals|under|1.50|,teamTotals,Under,1.5,,1.47,1.4182,"[""Unibet""]","[""odds_api_io""]",2,4.965,
soccer|brunei darussalam|timor leste|2026-06-02,spreads|brunei darussalam|1.75|home,spreads,Brunei Darussalam,1.75,home,1.08,1.08,"[""Betfair Exchange""]","[""odds_api_io""]",1,,
soccer|brunei darussalam|timor leste|2026-06-02,spreads|timor-leste|-1.75|away,spreads,Timor-Leste,-1.75,away,9.35,9.35,"[""Betfair Exchange""]","[""odds_api_io""]",1,,
soccer|brunei darussalam|timor leste|2026-06-02,spreads|brunei darussalam|2.00|home,spreads,Brunei Darussalam,2.0,home,1.04,1.04,"[""Betfair Exchange""]","[""odds_api_io""]",1,,
soccer|brunei darussalam|timor leste|2026-06-02,spreads|timor-leste|-2.00|away,spreads,Timor-Leste,-2.0,away,1.01,1.01,"[""Betfair Exchange""]","[""odds_api_io""]",1,,
soccer|brunei darussalam|timor leste|2026-06-02,spreads|brunei darussalam|2.25|home,spreads,Brunei Darussalam,2.25,home,1.03,1.03,"[""Betfair Exchange""]","[""odds_api_io""]",1,,
soccer|brunei darussalam|timor leste|2026-06-02,spreads|timor-leste|-2.25|away,spreads,Timor-Leste,-2.25,away,1.01,1.01,"[""Betfair Exchange""]","[""odds_api_io""]",1,,
soccer|brunei darussalam|timor leste|2026-06-02,totals|over|1.75|,totals,Over,1.75,,1.47,1.47,"[""Betfair Exchange""]","[""odds_api_io""]",1,,
soccer|brunei darussalam|timor leste|2026-06-02,totals|under|1.75|,totals,Under,1.75,,2.53,2.53,"[""Betfair Exchange""]","[""odds_api_io""]",1,,
soccer|brunei darussalam|timor leste|2026-06-02,totals|over|3.25|,totals,Over,3.25,,4.07,4.07,"[""Betfair Exchange""]","[""odds_api_io""]",1,,
soccer|brunei darussalam|timor leste|2026-06-02,totals|under|3.25|,totals,Under,3.25,,1.24,1.24,"[""Betfair Exchange""]","[""odds_api_io""]",1,,
soccer|brunei darussalam|timor leste|2026-06-02,totals|over|4.00|,totals,Over,4.0,,9.45,9.45,"[""Betfair Exchange""]","[""odds_api_io""]",1,,
soccer|brunei darussalam|timor leste|2026-06-02,totals|under|4.00|,totals,Under,4.0,,1.08,1.08,"[""Betfair Exchange""]","[""odds_api_io""]",1,,
soccer|brunei darussalam|timor leste|2026-06-02,totals|over|3.00|,totals,Over,3.0,,3.25,3.25,"[""Betfair Exchange""]","[""odds_api_io""]",1,,
soccer|brunei darussalam|timor leste|2026-06-02,totals|under|3.00|,totals,Under,3.0,,1.29,1.29,"[""Betfair Exchange""]","[""odds_api_io""]",1,,
soccer|brunei darussalam|timor leste|2026-06-02,totals|over|2.25|,totals,Over,2.25,,2.13,1.9892,"[""Betfair Exchange"", ""Sbobet""]","[""odds_api_io""]",2,6.528,
soccer|brunei darussalam|timor leste|2026-06-02,totals|under|2.25|,totals,Under,2.25,,1.83,1.7532,"[""Betfair Exchange"", ""Sbobet""]","[""odds_api_io""]",2,4.879,
soccer|brunei darussalam|timor leste|2026-06-02,totals|over|1.25|,totals,Over,1.25,,1.3,1.3,"[""Betfair Exchange""]","[""odds_api_io""]",1,,
soccer|brunei darussalam|timor leste|2026-06-02,totals|under|1.25|,totals,Under,1.25,,3.49,3.49,"[""Betfair Exchange""]","[""odds_api_io""]",1,,
soccer|brunei darussalam|timor leste|2026-06-02,totals|over|2.75|,totals,Over,2.75,,2.5,2.5,"[""Betfair Exchange""]","[""odds_api_io""]",1,,
soccer|brunei darussalam|timor leste|2026-06-02,totals|under|2.75|,totals,Under,2.75,,1.48,1.48,"[""Betfair Exchange""]","[""odds_api_io""]",1,,
soccer|brunei darussalam|timor leste|2026-06-02,totals|over|1.00|,totals,Over,1.0,,1.12,1.12,"[""Betfair Exchange""]","[""odds_api_io""]",1,,
soccer|brunei darussalam|timor leste|2026-06-02,totals|under|1.00|,totals,Under,1.0,,6.17,6.17,"[""Betfair Exchange""]","[""odds_api_io""]",1,,
soccer|brunei darussalam|timor leste|2026-06-02,totals|over|0.75|,totals,Over,0.75,,1.1,1.1,"[""Betfair Exchange""]","[""odds_api_io""]",1,,
soccer|brunei darussalam|timor leste|2026-06-02,totals|under|0.75|,totals,Under,0.75,,7.02,7.02,"[""Betfair Exchange""]","[""odds_api_io""]",1,,
soccer|brunei darussalam|timor leste|2026-06-02,totals|over|3.75|,totals,Over,3.75,,5.95,5.95,"[""Betfair Exchange""]","[""odds_api_io""]",1,,
soccer|brunei darussalam|timor leste|2026-06-02,totals|under|3.75|,totals,Under,3.75,,1.15,1.15,"[""Betfair Exchange""]","[""odds_api_io""]",1,,
soccer|brunei darussalam|timor leste|2026-06-02,spreads|brunei darussalam|3.00|home,spreads,Brunei Darussalam,3.0,home,1.03,1.03,"[""Betfair Exchange""]","[""odds_api_io""]",1,,
soccer|brunei darussalam|timor leste|2026-06-02,spreads|timor-leste|-3.00|away,spreads,Timor-Leste,-3.0,away,70.0,70.0,"[""Betfair Exchange""]","[""odds_api_io""]",1,,
soccer|brunei darussalam|timor leste|2026-06-02,spreads|brunei darussalam|0.00|home,spreads,Brunei Darussalam,0.0,home,2.14,2.14,"[""Sbobet""]","[""odds_api_io""]",1,,
soccer|brunei darussalam|timor leste|2026-06-02,spreads|timor-leste|-0.00|away,spreads,Timor-Leste,-0.0,away,1.67,1.67,"[""Sbobet""]","[""odds_api_io""]",1,,
soccer|brisbane strikers|north star|2026-06-02,h2h|north star fc||home,h2h,North Star FC,,home,4.94,4.6432,"[""Bet365"", ""Unibet"", ""Sbobet""]","[""odds_api_io""]",3,2.836,
soccer|brisbane strikers|north star|2026-06-02,h2h|draw||,h2h,Draw,,,4.75,4.3646,"[""Bet365"", ""Unibet"", ""Sbobet""]","[""odds_api_io""]",3,3.947,
soccer|brisbane strikers|north star|2026-06-02,h2h|brisbane strikers fc||away,h2h,Brisbane Strikers FC,,away,1.55,1.4877,"[""Bet365"", ""Unibet"", ""Sbobet""]","[""odds_api_io""]",3,4.928,
soccer|brisbane strikers|north star|2026-06-02,dnb|north star fc|0.00|home,dnb,North Star FC,0.0,home,4.0,3.7392,"[""Bet365"", ""Unibet""]","[""odds_api_io""]",2,3.571,
soccer|brisbane strikers|north star|2026-06-02,dnb|brisbane strikers fc|0.00|away,dnb,Brisbane Strikers FC,0.0,away,1.222,1.2161,"[""Bet365"", ""Unibet""]","[""odds_api_io""]",2,0.812,
soccer|brisbane strikers|north star|2026-06-02,spreads|north star fc|1.25|home,spreads,North Star FC,1.25,home,1.85,1.8399,"[""Bet365"", ""Sbobet""]","[""odds_api_io""]",2,0.591,
soccer|brisbane strikers|north star|2026-06-02,spreads|brisbane strikers fc|-1.25|away,spreads,Brisbane Strikers FC,-1.25,away,2.01,1.9795,"[""Bet365"", ""Sbobet""]","[""odds_api_io""]",2,1.531,
soccer|brisbane strikers|north star|2026-06-02,totals|over|3.50|,totals,Over,3.5,,2.05,1.9417,"[""Bet365"", ""Unibet"", ""Sbobet""]","[""odds_api_io""]",3,5.274,
soccer|brisbane strikers|north star|2026-06-02,totals|under|3.50|,totals,Under,3.5,,1.95,1.8163,"[""Bet365"", ""Unibet"", ""Sbobet""]","[""odds_api_io""]",3,9.694,
soccer|brisbane strikers|north star|2026-06-02,totals|over|2.50|,totals,Over,2.5,,1.42,1.3902,"[""Bet365"", ""Unibet""]","[""odds_api_io""]",2,2.945,
soccer|brisbane strikers|north star|2026-06-02,totals|under|2.50|,totals,Under,2.5,,3.0,2.7621,"[""Bet365"", ""Unibet""]","[""odds_api_io""]",2,5.882,
soccer|brisbane strikers|north star|2026-06-02,spreads|north star fc|-0.75|home,spreads,North Star FC,-0.75,home,6.0,6.0,"[""Bet365""]","[""odds_api_io""]",1,,
soccer|brisbane strikers|north star|2026-06-02,spreads|brisbane strikers fc|0.75|away,spreads,Brisbane Strikers FC,0.75,away,1.575,1.575,"[""Bet365""]","[""odds_api_io""]",1,,
soccer|brisbane strikers|north star|2026-06-02,spreads|north star fc|-0.50|home,spreads,North Star FC,-0.5,home,4.65,4.65,"[""Bet365""]","[""odds_api_io""]",1,,
soccer|brisbane strikers|north star|2026-06-02,spreads|brisbane strikers fc|0.50|away,spreads,Brisbane Strikers FC,0.5,away,1.5,1.5,"[""Bet365""]","[""odds_api_io""]",1,,
soccer|brisbane strikers|north star|2026-06-02,spreads|north star fc|-0.25|home,spreads,North Star FC,-0.25,home,4.25,4.25,"[""Bet365""]","[""odds_api_io""]",1,,
soccer|brisbane strikers|north star|2026-06-02,spreads|brisbane strikers fc|0.25|away,spreads,Brisbane Strikers FC,0.25,away,1.375,1.375,"[""Bet365""]","[""odds_api_io""]",1,,
soccer|brisbane strikers|north star|2026-06-02,spreads|north star fc|0.00|home,spreads,North Star FC,0.0,home,3.9,3.9,"[""Bet365""]","[""odds_api_io""]",1,,
soccer|brisbane strikers|north star|2026-06-02,spreads|brisbane strikers fc|-0.00|away,spreads,Brisbane Strikers FC,-0.0,away,1.24,1.24,"[""Bet365""]","[""odds_api_io""]",1,,
soccer|brisbane strikers|north star|2026-06-02,spreads|north star fc|0.25|home,spreads,North Star FC,0.25,home,3.0,3.0,"[""Bet365""]","[""odds_api_io""]",1,,
soccer|brisbane strikers|north star|2026-06-02,spreads|brisbane strikers fc|-0.25|away,spreads,Brisbane Strikers FC,-0.25,away,1.21,1.21,"[""Bet365""]","[""odds_api_io""]",1,,
soccer|brisbane strikers|north star|2026-06-02,spreads|north star fc|0.50|home,spreads,North Star FC,0.5,home,2.5,2.5,"[""Bet365""]","[""odds_api_io""]",1,,
soccer|brisbane strikers|north star|2026-06-02,spreads|brisbane strikers fc|-0.50|away,spreads,Brisbane Strikers FC,-0.5,away,1.18,1.18,"[""Bet365""]","[""odds_api_io""]",1,,
soccer|brisbane strikers|north star|2026-06-02,spreads|north star fc|0.75|home,spreads,North Star FC,0.75,home,2.35,2.35,"[""Bet365""]","[""odds_api_io""]",1,,
soccer|brisbane strikers|north star|2026-06-02,spreads|brisbane strikers fc|-0.75|away,spreads,Brisbane Strikers FC,-0.75,away,1.125,1.125,"[""Bet365""]","[""odds_api_io""]",1,,
soccer|brisbane strikers|north star|2026-06-02,spreads|north star fc|1.00|home,spreads,North Star FC,1.0,home,2.1,2.0871,"[""Bet365"", ""Unibet""]","[""odds_api_io""]",2,0.574,
soccer|brisbane strikers|north star|2026-06-02,spreads|brisbane strikers fc|-1.00|away,spreads,Brisbane Strikers FC,-1.0,away,2.17,1.9169,"[""Bet365"", ""Unibet""]","[""odds_api_io""]",2,11.888,
soccer|brisbane strikers|north star|2026-06-02,spreads|north star fc|1.50|home,spreads,North Star FC,1.5,home,1.7,1.7,"[""Bet365""]","[""odds_api_io""]",1,,
soccer|brisbane strikers|north star|2026-06-02,spreads|brisbane strikers fc|-1.50|away,spreads,Brisbane Strikers FC,-1.5,away,2.1,2.1,"[""Bet365""]","[""odds_api_io""]",1,,
soccer|brisbane strikers|north star|2026-06-02,spreads|north star fc|1.75|home,spreads,North Star FC,1.75,home,1.55,1.55,"[""Bet365""]","[""odds_api_io""]",1,,
soccer|brisbane strikers|north star|2026-06-02,spreads|brisbane strikers fc|-1.75|away,spreads,Brisbane Strikers FC,-1.75,away,2.375,2.375,"[""Bet365""]","[""odds_api_io""]",1,,
soccer|brisbane strikers|north star|2026-06-02,spreads|north star fc|2.00|home,spreads,North Star FC,2.0,home,1.42,1.4097,"[""Bet365"", ""Unibet""]","[""odds_api_io""]",2,1.006,
soccer|brisbane strikers|north star|2026-06-02,spreads|brisbane strikers fc|-2.00|away,spreads,Brisbane Strikers FC,-2.0,away,3.65,3.1915,"[""Bet365"", ""Unibet""]","[""odds_api_io""]",2,7.69,
soccer|brisbane strikers|north star|2026-06-02,spreads|north star fc|2.25|home,spreads,North Star FC,2.25,home,1.35,1.35,"[""Bet365""]","[""odds_api_io""]",1,,
soccer|brisbane strikers|north star|2026-06-02,spreads|brisbane strikers fc|-2.25|away,spreads,Brisbane Strikers FC,-2.25,away,3.1,3.1,"[""Bet365""]","[""odds_api_io""]",1,,
soccer|brisbane strikers|north star|2026-06-02,spreads|north star fc|2.50|home,spreads,North Star FC,2.5,home,1.3,1.3,"[""Bet365""]","[""odds_api_io""]",1,,
soccer|brisbane strikers|north star|2026-06-02,spreads|brisbane strikers fc|-2.50|away,spreads,Brisbane Strikers FC,-2.5,away,3.45,3.45,"[""Bet365""]","[""odds_api_io""]",1,,
soccer|brisbane strikers|north star|2026-06-02,spreads|north star fc|2.75|home,spreads,North Star FC,2.75,home,1.23,1.23,"[""Bet365""]","[""odds_api_io""]",1,,
soccer|brisbane strikers|north star|2026-06-02,spreads|brisbane strikers fc|-2.75|away,spreads,Brisbane Strikers FC,-2.75,away,4.0,4.0,"[""Bet365""]","[""odds_api_io""]",1,,
soccer|brisbane strikers|north star|2026-06-02,spreads|north star fc|3.00|home,spreads,North Star FC,3.0,home,1.15,1.15,"[""Bet365""]","[""odds_api_io""]",1,,
soccer|brisbane strikers|north star|2026-06-02,spreads|brisbane strikers fc|-3.00|away,spreads,Brisbane Strikers FC,-3.0,away,5.5,5.5,"[""Bet365""]","[""odds_api_io""]",1,,
soccer|brisbane strikers|north star|2026-06-02,spreads|north star fc|3.25|home,spreads,North Star FC,3.25,home,1.14,1.14,"[""Bet365""]","[""odds_api_io""]",1,,
soccer|brisbane strikers|north star|2026-06-02,spreads|brisbane strikers fc|-3.25|away,spreads,Brisbane Strikers FC,-3.25,away,5.75,5.75,"[""Bet365""]","[""odds_api_io""]",1,,
soccer|brisbane strikers|north star|2026-06-02,doubleChance|1x||,doubleChance,1X,,,2.1,2.1,"[""Unibet""]","[""odds_api_io""]",1,,
soccer|brisbane strikers|north star|2026-06-02,doubleChance|12||,doubleChance,12,,,1.16,1.16,"[""Unibet""]","[""odds_api_io""]",1,,
soccer|brisbane strikers|north star|2026-06-02,doubleChance|x2||,doubleChance,X2,,,1.11,1.11,"[""Unibet""]","[""odds_api_io""]",1,,
soccer|brisbane strikers|north star|2026-06-02,totals|over|4.50|,totals,Over,4.5,,3.3,3.3,"[""Unibet""]","[""odds_api_io""]",1,,
soccer|brisbane strikers|north star|2026-06-02,totals|under|4.50|,totals,Under,4.5,,1.25,1.25,"[""Unibet""]","[""odds_api_io""]",1,,
soccer|brisbane strikers|north star|2026-06-02,totals|over|1.50|,totals,Over,1.5,,1.11,1.11,"[""Unibet""]","[""odds_api_io""]",1,,
soccer|brisbane strikers|north star|2026-06-02,totals|under|1.50|,totals,Under,1.5,,5.0,5.0,"[""Unibet""]","[""odds_api_io""]",1,,
soccer|brisbane strikers|north star|2026-06-02,totals|over|5.50|,totals,Over,5.5,,5.5,5.5,"[""Unibet""]","[""odds_api_io""]",1,,
soccer|brisbane strikers|north star|2026-06-02,totals|under|5.50|,totals,Under,5.5,,1.09,1.09,"[""Unibet""]","[""odds_api_io""]",1,,
soccer|brisbane strikers|north star|2026-06-02,btts|yes||,btts,Yes,,,1.49,1.49,"[""Unibet""]","[""odds_api_io""]",1,,
soccer|brisbane strikers|north star|2026-06-02,btts|no||,btts,No,,,2.43,2.43,"[""Unibet""]","[""odds_api_io""]",1,,
soccer|brisbane strikers|north star|2026-06-02,teamTotals|over|0.50|,teamTotals,Over,0.5,,1.33,1.33,"[""Unibet""]","[""odds_api_io""]",1,,
soccer|brisbane strikers|north star|2026-06-02,teamTotals|under|0.50|,teamTotals,Under,0.5,,2.8,2.8,"[""Unibet""]","[""odds_api_io""]",1,,
soccer|brisbane strikers|north star|2026-06-02,teamTotals|over|1.50|,teamTotals,Over,1.5,,1.42,1.42,"[""Unibet""]","[""odds_api_io""]",1,,
soccer|brisbane strikers|north star|2026-06-02,teamTotals|under|1.50|,teamTotals,Under,1.5,,2.48,2.48,"[""Unibet""]","[""odds_api_io""]",1,,
soccer|brisbane strikers|north star|2026-06-02,teamTotals|over|2.50|,teamTotals,Over,2.5,,2.3,2.3,"[""Unibet""]","[""odds_api_io""]",1,,
soccer|brisbane strikers|north star|2026-06-02,teamTotals|under|2.50|,teamTotals,Under,2.5,,1.48,1.48,"[""Unibet""]","[""odds_api_io""]",1,,
soccer|grange thistle|souths united|2026-06-02,h2h|grange thistle||home,h2h,Grange Thistle,,home,1.571,1.571,"[""Bet365""]","[""odds_api_io""]",1,,
soccer|grange thistle|souths united|2026-06-02,h2h|draw||,h2h,Draw,,,4.75,4.75,"[""Bet365""]","[""odds_api_io""]",1,,
soccer|grange thistle|souths united|2026-06-02,h2h|souths united fc||away,h2h,Souths United FC,,away,3.9,3.9,"[""Bet365""]","[""odds_api_io""]",1,,
soccer|grange thistle|souths united|2026-06-02,dnb|grange thistle|0.00|home,dnb,Grange Thistle,0.0,home,1.333,1.333,"[""Bet365""]","[""odds_api_io""]",1,,
soccer|grange thistle|souths united|2026-06-02,dnb|souths united fc|0.00|away,dnb,Souths United FC,0.0,away,3.25,3.25,"[""Bet365""]","[""odds_api_io""]",1,,
soccer|grange thistle|souths united|2026-06-02,spreads|grange thistle|-1.00|home,spreads,Grange Thistle,-1.0,home,1.875,1.875,"[""Bet365""]","[""odds_api_io""]",1,,
soccer|grange thistle|souths united|2026-06-02,spreads|souths united fc|1.00|away,spreads,Souths United FC,1.0,away,1.925,1.925,"[""Bet365""]","[""odds_api_io""]",1,,
soccer|grange thistle|souths united|2026-06-02,totals|over|4.00|,totals,Over,4.0,,1.8,1.8,"[""Bet365""]","[""odds_api_io""]",1,,
soccer|grange thistle|souths united|2026-06-02,totals|under|4.00|,totals,Under,4.0,,2.0,2.0,"[""Bet365""]","[""odds_api_io""]",1,,
soccer|grange thistle|souths united|2026-06-02,totals|over|2.50|,totals,Over,2.5,,1.222,1.222,"[""Bet365""]","[""odds_api_io""]",1,,
soccer|grange thistle|souths united|2026-06-02,totals|under|2.50|,totals,Under,2.5,,4.0,4.0,"[""Bet365""]","[""odds_api_io""]",1,,
soccer|grange thistle|souths united|2026-06-02,spreads|grange thistle|-0.50|home,spreads,Grange Thistle,-0.5,home,1.65,1.65,"[""Bet365""]","[""odds_api_io""]",1,,
soccer|grange thistle|souths united|2026-06-02,spreads|souths united fc|0.50|away,spreads,Souths United FC,0.5,away,3.8,3.8,"[""Bet365""]","[""odds_api_io""]",1,,
soccer|grange thistle|souths united|2026-06-02,spreads|grange thistle|-0.25|home,spreads,Grange Thistle,-0.25,home,1.5,1.5,"[""Bet365""]","[""odds_api_io""]",1,,
soccer|grange thistle|souths united|2026-06-02,spreads|souths united fc|0.25|away,spreads,Souths United FC,0.25,away,3.45,3.45,"[""Bet365""]","[""odds_api_io""]",1,,
soccer|grange thistle|souths united|2026-06-02,spreads|grange thistle|0.00|home,spreads,Grange Thistle,0.0,home,1.35,1.35,"[""Bet365""]","[""odds_api_io""]",1,,
soccer|grange thistle|souths united|2026-06-02,spreads|souths united fc|-0.00|away,spreads,Souths United FC,-0.0,away,3.1,3.1,"[""Bet365""]","[""odds_api_io""]",1,,
soccer|grange thistle|souths united|2026-06-02,spreads|grange thistle|0.25|home,spreads,Grange Thistle,0.25,home,1.3,1.3,"[""Bet365""]","[""odds_api_io""]",1,,
soccer|grange thistle|souths united|2026-06-02,spreads|souths united fc|-0.25|away,spreads,Souths United FC,-0.25,away,2.5,2.5,"[""Bet365""]","[""odds_api_io""]",1,,
soccer|grange thistle|souths united|2026-06-02,spreads|grange thistle|0.50|home,spreads,Grange Thistle,0.5,home,1.25,1.25,"[""Bet365""]","[""odds_api_io""]",1,,
soccer|grange thistle|souths united|2026-06-02,spreads|souths united fc|-0.50|away,spreads,Souths United FC,-0.5,away,2.2,2.2,"[""Bet365""]","[""odds_api_io""]",1,,
soccer|grange thistle|souths united|2026-06-02,spreads|grange thistle|1.00|home,spreads,Grange Thistle,1.0,home,1.12,1.12,"[""Bet365""]","[""odds_api_io""]",1,,
soccer|grange thistle|souths united|2026-06-02,spreads|souths united fc|-1.00|away,spreads,Souths United FC,-1.0,away,6.25,6.25,"[""Bet365""]","[""odds_api_io""]",1,,
soccer|grange thistle|souths united|2026-06-02,spreads|grange thistle|-3.00|home,spreads,Grange Thistle,-3.0,home,5.9,5.9,"[""Bet365""]","[""odds_api_io""]",1,,
soccer|grange thistle|souths united|2026-06-02,spreads|souths united fc|3.00|away,spreads,Souths United FC,3.0,away,1.13,1.13,"[""Bet365""]","[""odds_api_io""]",1,,
soccer|grange thistle|souths united|2026-06-02,spreads|grange thistle|-2.75|home,spreads,Grange Thistle,-2.75,home,4.4,4.4,"[""Bet365""]","[""odds_api_io""]",1,,
soccer|grange thistle|souths united|2026-06-02,spreads|souths united fc|2.75|away,spreads,Souths United FC,2.75,away,1.2,1.2,"[""Bet365""]","[""odds_api_io""]",1,,
soccer|grange thistle|souths united|2026-06-02,spreads|grange thistle|-2.50|home,spreads,Grange Thistle,-2.5,home,3.7,3.7,"[""Bet365""]","[""odds_api_io""]",1,,
soccer|grange thistle|souths united|2026-06-02,spreads|souths united fc|2.50|away,spreads,Souths United FC,2.5,away,1.26,1.26,"[""Bet365""]","[""odds_api_io""]",1,,
soccer|grange thistle|souths united|2026-06-02,spreads|grange thistle|-2.00|home,spreads,Grange Thistle,-2.0,home,3.3,3.3,"[""Bet365""]","[""odds_api_io""]",1,,
soccer|grange thistle|souths united|2026-06-02,spreads|souths united fc|2.00|away,spreads,Souths United FC,2.0,away,1.325,1.325,"[""Bet365""]","[""odds_api_io""]",1,,
soccer|grange thistle|souths united|2026-06-02,spreads|grange thistle|-1.75|home,spreads,Grange Thistle,-1.75,home,2.675,2.675,"[""Bet365""]","[""odds_api_io""]",1,,
soccer|grange thistle|souths united|2026-06-02,spreads|souths united fc|1.75|away,spreads,Souths United FC,1.75,away,1.45,1.45,"[""Bet365""]","[""odds_api_io""]",1,,
soccer|grange thistle|souths united|2026-06-02,spreads|grange thistle|-1.50|home,spreads,Grange Thistle,-1.5,home,2.35,2.35,"[""Bet365""]","[""odds_api_io""]",1,,
soccer|grange thistle|souths united|2026-06-02,spreads|souths united fc|1.50|away,spreads,Souths United FC,1.5,away,1.575,1.575,"[""Bet365""]","[""odds_api_io""]",1,,
soccer|grange thistle|souths united|2026-06-02,spreads|grange thistle|-1.25|home,spreads,Grange Thistle,-1.25,home,2.15,2.15,"[""Bet365""]","[""odds_api_io""]",1,,
soccer|grange thistle|souths united|2026-06-02,spreads|souths united fc|1.25|away,spreads,Souths United FC,1.25,away,1.675,1.675,"[""Bet365""]","[""odds_api_io""]",1,,
soccer|grange thistle|souths united|2026-06-02,spreads|grange thistle|-0.75|home,spreads,Grange Thistle,-0.75,home,1.775,1.775,"[""Bet365""]","[""odds_api_io""]",1,,
soccer|grange thistle|souths united|2026-06-02,spreads|souths united fc|0.75|away,spreads,Souths United FC,0.75,away,4.5,4.5,"[""Bet365""]","[""odds_api_io""]",1,,
soccer|grange thistle|souths united|2026-06-02,spreads|grange thistle|0.75|home,spreads,Grange Thistle,0.75,home,1.19,1.19,"[""Bet365""]","[""odds_api_io""]",1,,
soccer|grange thistle|souths united|2026-06-02,spreads|souths united fc|-0.75|away,spreads,Souths United FC,-0.75,away,2.025,2.025,"[""Bet365""]","[""odds_api_io""]",1,,
soccer|grange thistle|souths united|2026-06-02,spreads|grange thistle|-2.25|home,spreads,Grange Thistle,-2.25,home,3.45,3.45,"[""Bet365""]","[""odds_api_io""]",1,,
soccer|grange thistle|souths united|2026-06-02,spreads|souths united fc|2.25|away,spreads,Souths United FC,2.25,away,1.3,1.3,"[""Bet365""]","[""odds_api_io""]",1,,
soccer|china|congo dr youth|2026-06-02,h2h|china||home,h2h,China,,home,4.5,3.9919,"[""Bet365"", ""Betfair Exchange""]","[""odds_api_io""]",2,5.556,
soccer|china|congo dr youth|2026-06-02,h2h|draw||,h2h,Draw,,,3.7,3.6221,"[""Bet365"", ""Betfair Exchange""]","[""odds_api_io""]",2,1.142,
soccer|china|congo dr youth|2026-06-02,h2h|congo dr youth||away,h2h,Congo Dr Youth,,away,1.67,1.6601,"[""Bet365"", ""Betfair Exchange""]","[""odds_api_io""]",2,0.726,
soccer|china|congo dr youth|2026-06-02,dnb|china|0.00|home,dnb,China,0.0,home,2.625,2.625,"[""Bet365""]","[""odds_api_io""]",1,,
soccer|china|congo dr youth|2026-06-02,dnb|congo dr youth|0.00|away,dnb,Congo Dr Youth,0.0,away,1.444,1.444,"[""Bet365""]","[""odds_api_io""]",1,,
soccer|china|congo dr youth|2026-06-02,spreads|china|0.75|home,spreads,China,0.75,home,1.95,1.95,"[""Bet365""]","[""odds_api_io""]",1,,
soccer|china|congo dr youth|2026-06-02,spreads|congo dr youth|-0.75|away,spreads,Congo Dr Youth,-0.75,away,1.85,1.85,"[""Bet365""]","[""odds_api_io""]",1,,
soccer|china|congo dr youth|2026-06-02,totals|over|2.50|,totals,Over,2.5,,2.0,1.9487,"[""Bet365""]","[""odds_api_io""]",2,2.632,
soccer|china|congo dr youth|2026-06-02,totals|under|2.50|,totals,Under,2.5,,1.9,1.8486,"[""Bet365""]","[""odds_api_io""]",2,2.924,
soccer|china|congo dr youth|2026-06-02,btts|yes||,btts,Yes,,,1.833,1.5901,"[""Bet365"", ""Betfair Exchange""]","[""odds_api_io""]",2,16.367,
soccer|china|congo dr youth|2026-06-02,btts|no||,btts,No,,,1.833,1.3921,"[""Bet365"", ""Betfair Exchange""]","[""odds_api_io""]",2,33.94,
soccer|china|congo dr youth|2026-06-02,spreads|china|-2.00|home,spreads,China,-2.0,home,29.0,29.0,"[""Bet365""]","[""odds_api_io""]",1,,
soccer|china|congo dr youth|2026-06-02,spreads|congo dr youth|2.00|away,spreads,Congo Dr Youth,2.0,away,5.5,5.5,"[""Bet365""]","[""odds_api_io""]",1,,
soccer|china|congo dr youth|2026-06-02,spreads|china|-1.00|home,spreads,China,-1.0,home,11.0,11.0,"[""Bet365""]","[""odds_api_io""]",1,,
soccer|china|congo dr youth|2026-06-02,spreads|china|2.00|home,spreads,China,2.0,home,1.4,1.2865,"[""Bet365""]","[""odds_api_io""]",2,12.605,
soccer|china|congo dr youth|2026-06-02,spreads|congo dr youth|-2.00|away,spreads,Congo Dr Youth,-2.0,away,4.5,1.6895,"[""Bet365""]","[""odds_api_io""]",2,73.932,
soccer|china|congo dr youth|2026-06-02,spreads|china|3.00|home,spreads,China,3.0,home,1.111,1.111,"[""Bet365""]","[""odds_api_io""]",1,,
soccer|china|congo dr youth|2026-06-02,spreads|congo dr youth|-1.00|away,spreads,Congo Dr Youth,-1.0,away,2.1,1.4651,"[""Bet365""]","[""odds_api_io""]",2,41.27,
soccer|china|congo dr youth|2026-06-02,spreads|congo dr youth|3.00|away,spreads,Congo Dr Youth,3.0,away,11.0,1.8226,"[""Bet365"", ""Betfair Exchange""]","[""odds_api_io""]",2,89.919,
soccer|china|congo dr youth|2026-06-02,teamTotals|over|0.50|,teamTotals,Over,0.5,,1.5,1.3468,"[""Bet365""]","[""odds_api_io""]",2,15.166,
soccer|china|congo dr youth|2026-06-02,teamTotals|under|0.50|,teamTotals,Under,0.5,,4.0,3.0769,"[""Bet365""]","[""odds_api_io""]",2,15.0,
soccer|china|congo dr youth|2026-06-02,teamTotals|over|1.50|,teamTotals,Over,1.5,,3.4,2.5185,"[""Bet365""]","[""odds_api_io""]",2,20.588,
soccer|china|congo dr youth|2026-06-02,teamTotals|under|1.50|,teamTotals,Under,1.5,,1.727,1.4834,"[""Bet365""]","[""odds_api_io""]",2,19.019,
soccer|china|congo dr youth|2026-06-02,teamTotals|over|2.50|,teamTotals,Over,2.5,,8.0,5.6213,"[""Bet365""]","[""odds_api_io""]",2,10.579,
soccer|china|congo dr youth|2026-06-02,teamTotals|under|2.50|,teamTotals,Under,2.5,,1.2,1.1268,"[""Bet365""]","[""odds_api_io""]",2,10.829,
soccer|china|congo dr youth|2026-06-02,teamTotals|over|3.50|,teamTotals,Over,3.5,,15.0,10.8511,"[""Bet365""]","[""odds_api_io""]",2,5.098,
soccer|china|congo dr youth|2026-06-02,teamTotals|under|3.50|,teamTotals,Under,3.5,,1.05,1.0296,"[""Bet365""]","[""odds_api_io""]",2,3.772,
soccer|china|congo dr youth|2026-06-02,teamTotals|over|4.50|,teamTotals,Over,4.5,,15.0,15.0,"[""Bet365""]","[""odds_api_io""]",1,,
soccer|china|congo dr youth|2026-06-02,teamTotals|under|4.50|,teamTotals,Under,4.5,,1.01,1.01,"[""Bet365""]","[""odds_api_io""]",1,,
soccer|china|congo dr youth|2026-06-02,teamTotals|over|5.50|,teamTotals,Over,5.5,,21.0,21.0,"[""Bet365""]","[""odds_api_io""]",1,,
soccer|china|congo dr youth|2026-06-02,teamTotals|under|5.50|,teamTotals,Under,5.5,,1.002,1.002,"[""Bet365""]","[""odds_api_io""]",1,,
soccer|china|congo dr youth|2026-06-02,spreads|china|-0.75|home,spreads,China,-0.75,home,6.4,6.4,"[""Bet365""]","[""odds_api_io""]",1,,
soccer|china|congo dr youth|2026-06-02,spreads|congo dr youth|0.75|away,spreads,Congo Dr Youth,0.75,away,1.115,1.115,"[""Bet365""]","[""odds_api_io""]",1,,
soccer|china|congo dr youth|2026-06-02,spreads|china|-0.50|home,spreads,China,-0.5,home,4.65,4.65,"[""Bet365""]","[""odds_api_io""]",1,,
soccer|china|congo dr youth|2026-06-02,spreads|congo dr youth|0.50|away,spreads,Congo Dr Youth,0.5,away,1.65,1.65,"[""Bet365""]","[""odds_api_io""]",1,,
soccer|china|congo dr youth|2026-06-02,spreads|china|-0.25|home,spreads,China,-0.25,home,4.25,4.25,"[""Bet365""]","[""odds_api_io""]",1,,
soccer|china|congo dr youth|2026-06-02,spreads|congo dr youth|0.25|away,spreads,Congo Dr Youth,0.25,away,1.45,1.45,"[""Bet365""]","[""odds_api_io""]",1,,
soccer|china|congo dr youth|2026-06-02,spreads|china|0.00|home,spreads,China,0.0,home,3.7,3.7,"[""Bet365""]","[""odds_api_io""]",1,,
soccer|china|congo dr youth|2026-06-02,spreads|congo dr youth|-0.00|away,spreads,Congo Dr Youth,-0.0,away,1.26,1.26,"[""Bet365""]","[""odds_api_io""]",1,,
soccer|china|congo dr youth|2026-06-02,spreads|china|0.25|home,spreads,China,0.25,home,2.675,2.675,"[""Bet365""]","[""odds_api_io""]",1,,
soccer|china|congo dr youth|2026-06-02,spreads|congo dr youth|-0.25|away,spreads,Congo Dr Youth,-0.25,away,1.21,1.21,"[""Bet365""]","[""odds_api_io""]",1,,
soccer|china|congo dr youth|2026-06-02,spreads|china|0.50|home,spreads,China,0.5,home,2.2,2.2,"[""Bet365""]","[""odds_api_io""]",1,,
soccer|china|congo dr youth|2026-06-02,spreads|congo dr youth|-0.50|away,spreads,Congo Dr Youth,-0.5,away,1.18,1.18,"[""Bet365""]","[""odds_api_io""]",1,,
soccer|china|congo dr youth|2026-06-02,spreads|china|1.00|home,spreads,China,1.0,home,1.7,1.7,"[""Bet365""]","[""odds_api_io""]",1,,
soccer|china|congo dr youth|2026-06-02,spreads|china|1.25|home,spreads,China,1.25,home,1.525,1.525,"[""Bet365""]","[""odds_api_io""]",1,,
soccer|china|congo dr youth|2026-06-02,spreads|congo dr youth|-1.25|away,spreads,Congo Dr Youth,-1.25,away,2.425,2.425,"[""Bet365""]","[""odds_api_io""]",1,,
soccer|china|congo dr youth|2026-06-02,spreads|china|1.50|home,spreads,China,1.5,home,1.425,1.425,"[""Bet365""]","[""odds_api_io""]",1,,
soccer|china|congo dr youth|2026-06-02,spreads|congo dr youth|-1.50|away,spreads,Congo Dr Youth,-1.5,away,2.75,2.75,"[""Bet365""]","[""odds_api_io""]",1,,
soccer|china|congo dr youth|2026-06-02,spreads|china|1.75|home,spreads,China,1.75,home,1.3,1.3,"[""Bet365""]","[""odds_api_io""]",1,,
soccer|china|congo dr youth|2026-06-02,spreads|congo dr youth|-1.75|away,spreads,Congo Dr Youth,-1.75,away,3.45,3.45,"[""Bet365""]","[""odds_api_io""]",1,,
soccer|china|congo dr youth|2026-06-02,spreads|china|2.25|home,spreads,China,2.25,home,1.16,1.16,"[""Bet365""]","[""odds_api_io""]",1,,
soccer|china|congo dr youth|2026-06-02,spreads|congo dr youth|-2.25|away,spreads,Congo Dr Youth,-2.25,away,5.25,5.25,"[""Bet365""]","[""odds_api_io""]",1,,
soccer|china|congo dr youth|2026-06-02,spreads|china|2.50|home,spreads,China,2.5,home,1.14,1.14,"[""Bet365""]","[""odds_api_io""]",1,,
soccer|china|congo dr youth|2026-06-02,spreads|congo dr youth|-2.50|away,spreads,Congo Dr Youth,-2.5,away,5.75,5.75,"[""Bet365""]","[""odds_api_io""]",1,,
soccer|china|congo dr youth|2026-06-02,spreads|china|-3.00|home,spreads,China,-3.0,home,1.01,1.01,"[""Betfair Exchange""]","[""odds_api_io""]",1,,
soccer|fsc bukovyna chernivtsi|mfc metalurh zaporizhya|2026-06-02,h2h|mfc metalurh zaporizhya||home,h2h,MFC Metalurh Zaporizhya,,home,22.0,22.0,"[""Betfair Exchange""]","[""odds_api_io""]",1,,
soccer|fsc bukovyna chernivtsi|mfc metalurh zaporizhya|2026-06-02,h2h|draw||,h2h,Draw,,,9.8,9.8,"[""Betfair Exchange""]","[""odds_api_io""]",1,,
soccer|fsc bukovyna chernivtsi|mfc metalurh zaporizhya|2026-06-02,h2h|fsc bukovyna chernivtsi||away,h2h,FSC Bukovyna Chernivtsi,,away,1.12,1.12,"[""Betfair Exchange""]","[""odds_api_io""]",1,,
soccer|fsc bukovyna chernivtsi|mfc metalurh zaporizhya|2026-06-02,dnb|mfc metalurh zaporizhya|0.00|home,dnb,MFC Metalurh Zaporizhya,0.0,home,20.0,20.0,"[""Betfair Exchange""]","[""odds_api_io""]",1,,
soccer|fsc bukovyna chernivtsi|mfc metalurh zaporizhya|2026-06-02,dnb|fsc bukovyna chernivtsi|0.00|away,dnb,FSC Bukovyna Chernivtsi,0.0,away,1.04,1.04,"[""Betfair Exchange""]","[""odds_api_io""]",1,,
soccer|fsc bukovyna chernivtsi|mfc metalurh zaporizhya|2026-06-02,doubleChance|1x||,doubleChance,1X,,,7.2,7.2,"[""Betfair Exchange""]","[""odds_api_io""]",1,,
soccer|fsc bukovyna chernivtsi|mfc metalurh zaporizhya|2026-06-02,doubleChance|12||,doubleChance,12,,,1.08,1.08,"[""Betfair Exchange""]","[""odds_api_io""]",1,,
soccer|fsc bukovyna chernivtsi|mfc metalurh zaporizhya|2026-06-02,doubleChance|x2||,doubleChance,X2,,,1.03,1.03,"[""Betfair Exchange""]","[""odds_api_io""]",1,,
soccer|fsc bukovyna chernivtsi|mfc metalurh zaporizhya|2026-06-02,spreads|mfc metalurh zaporizhya|2.00|home,spreads,MFC Metalurh Zaporizhya,2.0,home,2.16,2.16,"[""Betfair Exchange""]","[""odds_api_io""]",1,,
soccer|fsc bukovyna chernivtsi|mfc metalurh zaporizhya|2026-06-02,spreads|fsc bukovyna chernivtsi|-2.00|away,spreads,FSC Bukovyna Chernivtsi,-2.0,away,1.71,1.71,"[""Betfair Exchange""]","[""odds_api_io""]",1,,
soccer|fsc bukovyna chernivtsi|mfc metalurh zaporizhya|2026-06-02,spreads|mfc metalurh zaporizhya|1.00|home,spreads,MFC Metalurh Zaporizhya,1.0,home,7.2,6.2362,"[""Betfair Exchange""]","[""odds_api_io""]",2,4.293,
soccer|fsc bukovyna chernivtsi|mfc metalurh zaporizhya|2026-06-02,spreads|fsc bukovyna chernivtsi|-1.00|away,spreads,FSC Bukovyna Chernivtsi,-1.0,away,1.48,1.3069,"[""Betfair Exchange""]","[""odds_api_io""]",2,17.903,
soccer|fsc bukovyna chernivtsi|mfc metalurh zaporizhya|2026-06-02,spreads|mfc metalurh zaporizhya|0.75|home,spreads,MFC Metalurh Zaporizhya,0.75,home,6.37,6.37,"[""Betfair Exchange""]","[""odds_api_io""]",1,,
soccer|fsc bukovyna chernivtsi|mfc metalurh zaporizhya|2026-06-02,spreads|fsc bukovyna chernivtsi|-0.75|away,spreads,FSC Bukovyna Chernivtsi,-0.75,away,1.14,1.14,"[""Betfair Exchange""]","[""odds_api_io""]",1,,
soccer|fsc bukovyna chernivtsi|mfc metalurh zaporizhya|2026-06-02,spreads|mfc metalurh zaporizhya|0.50|home,spreads,MFC Metalurh Zaporizhya,0.5,home,7.25,7.25,"[""Betfair Exchange""]","[""odds_api_io""]",1,,
soccer|fsc bukovyna chernivtsi|mfc metalurh zaporizhya|2026-06-02,spreads|fsc bukovyna chernivtsi|-0.50|away,spreads,FSC Bukovyna Chernivtsi,-0.5,away,1.12,1.12,"[""Betfair Exchange""]","[""odds_api_io""]",1,,
soccer|fsc bukovyna chernivtsi|mfc metalurh zaporizhya|2026-06-02,spreads|mfc metalurh zaporizhya|0.25|home,spreads,MFC Metalurh Zaporizhya,0.25,home,10.4,10.4,"[""Betfair Exchange""]","[""odds_api_io""]",1,,
soccer|fsc bukovyna chernivtsi|mfc metalurh zaporizhya|2026-06-02,spreads|fsc bukovyna chernivtsi|-0.25|away,spreads,FSC Bukovyna Chernivtsi,-0.25,away,1.08,1.08,"[""Betfair Exchange""]","[""odds_api_io""]",1,,
soccer|fsc bukovyna chernivtsi|mfc metalurh zaporizhya|2026-06-02,spreads|mfc metalurh zaporizhya|1.25|home,spreads,MFC Metalurh Zaporizhya,1.25,home,3.4,3.4,"[""Betfair Exchange""]","[""odds_api_io""]",1,,
soccer|fsc bukovyna chernivtsi|mfc metalurh zaporizhya|2026-06-02,spreads|fsc bukovyna chernivtsi|-1.25|away,spreads,FSC Bukovyna Chernivtsi,-1.25,away,1.32,1.32,"[""Betfair Exchange""]","[""odds_api_io""]",1,,
soccer|fsc bukovyna chernivtsi|mfc metalurh zaporizhya|2026-06-02,spreads|mfc metalurh zaporizhya|2.25|home,spreads,MFC Metalurh Zaporizhya,2.25,home,1.9,1.9,"[""Betfair Exchange""]","[""odds_api_io""]",1,,
soccer|fsc bukovyna chernivtsi|mfc metalurh zaporizhya|2026-06-02,spreads|fsc bukovyna chernivtsi|-2.25|away,spreads,FSC Bukovyna Chernivtsi,-2.25,away,1.95,1.95,"[""Betfair Exchange""]","[""odds_api_io""]",1,,
soccer|fsc bukovyna chernivtsi|mfc metalurh zaporizhya|2026-06-02,spreads|mfc metalurh zaporizhya|1.50|home,spreads,MFC Metalurh Zaporizhya,1.5,home,2.64,2.64,"[""Betfair Exchange""]","[""odds_api_io""]",1,,
soccer|fsc bukovyna chernivtsi|mfc metalurh zaporizhya|2026-06-02,spreads|fsc bukovyna chernivtsi|-1.50|away,spreads,FSC Bukovyna Chernivtsi,-1.5,away,1.48,1.48,"[""Betfair Exchange""]","[""odds_api_io""]",1,,
soccer|fsc bukovyna chernivtsi|mfc metalurh zaporizhya|2026-06-02,spreads|mfc metalurh zaporizhya|-0.50|home,spreads,MFC Metalurh Zaporizhya,-0.5,home,22.0,22.0,"[""Betfair Exchange""]","[""odds_api_io""]",1,,
soccer|fsc bukovyna chernivtsi|mfc metalurh zaporizhya|2026-06-02,spreads|fsc bukovyna chernivtsi|0.50|away,spreads,FSC Bukovyna Chernivtsi,0.5,away,1.03,1.03,"[""Betfair Exchange""]","[""odds_api_io""]",1,,
soccer|fsc bukovyna chernivtsi|mfc metalurh zaporizhya|2026-06-02,spreads|mfc metalurh zaporizhya|1.75|home,spreads,MFC Metalurh Zaporizhya,1.75,home,2.43,2.43,"[""Betfair Exchange""]","[""odds_api_io""]",1,,
soccer|fsc bukovyna chernivtsi|mfc metalurh zaporizhya|2026-06-02,spreads|fsc bukovyna chernivtsi|-1.75|away,spreads,FSC Bukovyna Chernivtsi,-1.75,away,1.58,1.58,"[""Betfair Exchange""]","[""odds_api_io""]",1,,
soccer|fsc bukovyna chernivtsi|mfc metalurh zaporizhya|2026-06-02,spreads|mfc metalurh zaporizhya|-0.75|home,spreads,MFC Metalurh Zaporizhya,-0.75,home,33.47,33.47,"[""Betfair Exchange""]","[""odds_api_io""]",1,,
soccer|fsc bukovyna chernivtsi|mfc metalurh zaporizhya|2026-06-02,spreads|fsc bukovyna chernivtsi|0.75|away,spreads,FSC Bukovyna Chernivtsi,0.75,away,1.02,1.02,"[""Betfair Exchange""]","[""odds_api_io""]",1,,
soccer|fsc bukovyna chernivtsi|mfc metalurh zaporizhya|2026-06-02,spreads|mfc metalurh zaporizhya|-0.25|home,spreads,MFC Metalurh Zaporizhya,-0.25,home,21.02,21.02,"[""Betfair Exchange""]","[""odds_api_io""]",1,,
soccer|fsc bukovyna chernivtsi|mfc metalurh zaporizhya|2026-06-02,spreads|fsc bukovyna chernivtsi|0.25|away,spreads,FSC Bukovyna Chernivtsi,0.25,away,1.04,1.04,"[""Betfair Exchange""]","[""odds_api_io""]",1,,
soccer|fsc bukovyna chernivtsi|mfc metalurh zaporizhya|2026-06-02,spreads|mfc metalurh zaporizhya|4.00|home,spreads,MFC Metalurh Zaporizhya,4.0,home,1.16,1.16,"[""Betfair Exchange""]","[""odds_api_io""]",1,,
soccer|fsc bukovyna chernivtsi|mfc metalurh zaporizhya|2026-06-02,spreads|fsc bukovyna chernivtsi|-4.00|away,spreads,FSC Bukovyna Chernivtsi,-4.0,away,6.89,6.89,"[""Betfair Exchange""]","[""odds_api_io""]",1,,
soccer|fsc bukovyna chernivtsi|mfc metalurh zaporizhya|2026-06-02,spreads|mfc metalurh zaporizhya|3.75|home,spreads,MFC Metalurh Zaporizhya,3.75,home,1.24,1.24,"[""Betfair Exchange""]","[""odds_api_io""]",1,,
soccer|fsc bukovyna chernivtsi|mfc metalurh zaporizhya|2026-06-02,spreads|fsc bukovyna chernivtsi|-3.75|away,spreads,FSC Bukovyna Chernivtsi,-3.75,away,4.7,4.7,"[""Betfair Exchange""]","[""odds_api_io""]",1,,
soccer|fsc bukovyna chernivtsi|mfc metalurh zaporizhya|2026-06-02,spreads|mfc metalurh zaporizhya|2.75|home,spreads,MFC Metalurh Zaporizhya,2.75,home,1.58,1.58,"[""Betfair Exchange""]","[""odds_api_io""]",1,,
soccer|fsc bukovyna chernivtsi|mfc metalurh zaporizhya|2026-06-02,spreads|fsc bukovyna chernivtsi|-2.75|away,spreads,FSC Bukovyna Chernivtsi,-2.75,away,2.49,2.49,"[""Betfair Exchange""]","[""odds_api_io""]",1,,
soccer|fsc bukovyna chernivtsi|mfc metalurh zaporizhya|2026-06-02,spreads|mfc metalurh zaporizhya|0.00|home,spreads,MFC Metalurh Zaporizhya,0.0,home,20.04,20.04,"[""Betfair Exchange""]","[""odds_api_io""]",1,,
soccer|fsc bukovyna chernivtsi|mfc metalurh zaporizhya|2026-06-02,spreads|fsc bukovyna chernivtsi|-0.00|away,spreads,FSC Bukovyna Chernivtsi,-0.0,away,1.04,1.04,"[""Betfair Exchange""]","[""odds_api_io""]",1,,
soccer|fsc bukovyna chernivtsi|mfc metalurh zaporizhya|2026-06-02,spreads|mfc metalurh zaporizhya|2.50|home,spreads,MFC Metalurh Zaporizhya,2.5,home,1.74,1.74,"[""Betfair Exchange""]","[""odds_api_io""]",1,,
soccer|fsc bukovyna chernivtsi|mfc metalurh zaporizhya|2026-06-02,spreads|fsc bukovyna chernivtsi|-2.50|away,spreads,FSC Bukovyna Chernivtsi,-2.5,away,2.17,2.17,"[""Betfair Exchange""]","[""odds_api_io""]",1,,
soccer|fsc bukovyna chernivtsi|mfc metalurh zaporizhya|2026-06-02,spreads|mfc metalurh zaporizhya|3.25|home,spreads,MFC Metalurh Zaporizhya,3.25,home,1.37,1.37,"[""Betfair Exchange""]","[""odds_api_io""]",1,,
soccer|fsc bukovyna chernivtsi|mfc metalurh zaporizhya|2026-06-02,spreads|fsc bukovyna chernivtsi|-3.25|away,spreads,FSC Bukovyna Chernivtsi,-3.25,away,3.39,3.39,"[""Betfair Exchange""]","[""odds_api_io""]",1,,
soccer|fsc bukovyna chernivtsi|mfc metalurh zaporizhya|2026-06-02,spreads|mfc metalurh zaporizhya|3.50|home,spreads,MFC Metalurh Zaporizhya,3.5,home,1.31,1.31,"[""Betfair Exchange""]","[""odds_api_io""]",1,,
soccer|fsc bukovyna chernivtsi|mfc metalurh zaporizhya|2026-06-02,spreads|fsc bukovyna chernivtsi|-3.50|away,spreads,FSC Bukovyna Chernivtsi,-3.5,away,3.7,3.7,"[""Betfair Exchange""]","[""odds_api_io""]",1,,
soccer|fsc bukovyna chernivtsi|mfc metalurh zaporizhya|2026-06-02,spreads|mfc metalurh zaporizhya|3.00|home,spreads,MFC Metalurh Zaporizhya,3.0,home,1.43,1.43,"[""Betfair Exchange""]","[""odds_api_io""]",1,,
soccer|fsc bukovyna chernivtsi|mfc metalurh zaporizhya|2026-06-02,spreads|fsc bukovyna chernivtsi|-3.00|away,spreads,FSC Bukovyna Chernivtsi,-3.0,away,3.08,3.08,"[""Betfair Exchange""]","[""odds_api_io""]",1,,
soccer|fsc bukovyna chernivtsi|mfc metalurh zaporizhya|2026-06-02,totals|over|3.75|,totals,Over,3.75,,2.42,2.42,"[""Betfair Exchange""]","[""odds_api_io""]",1,,
soccer|fsc bukovyna chernivtsi|mfc metalurh zaporizhya|2026-06-02,totals|under|3.75|,totals,Under,3.75,,1.49,1.49,"[""Betfair Exchange""]","[""odds_api_io""]",1,,
soccer|fsc bukovyna chernivtsi|mfc metalurh zaporizhya|2026-06-02,totals|over|1.75|,totals,Over,1.75,,1.17,1.17,"[""Betfair Exchange""]","[""odds_api_io""]",1,,
soccer|fsc bukovyna chernivtsi|mfc metalurh zaporizhya|2026-06-02,totals|under|1.75|,totals,Under,1.75,,5.16,5.16,"[""Betfair Exchange""]","[""odds_api_io""]",1,,
soccer|fsc bukovyna chernivtsi|mfc metalurh zaporizhya|2026-06-02,totals|over|0.50|,totals,Over,0.5,,1.02,1.02,"[""Betfair Exchange""]","[""odds_api_io""]",1,,
soccer|fsc bukovyna chernivtsi|mfc metalurh zaporizhya|2026-06-02,totals|under|0.50|,totals,Under,0.5,,34.33,34.33,"[""Betfair Exchange""]","[""odds_api_io""]",1,,
soccer|fsc bukovyna chernivtsi|mfc metalurh zaporizhya|2026-06-02,totals|over|5.75|,totals,Over,5.75,,8.69,8.69,"[""Betfair Exchange""]","[""odds_api_io""]",1,,
soccer|fsc bukovyna chernivtsi|mfc metalurh zaporizhya|2026-06-02,totals|under|5.75|,totals,Under,5.75,,1.08,1.08,"[""Betfair Exchange""]","[""odds_api_io""]",1,,
soccer|fsc bukovyna chernivtsi|mfc metalurh zaporizhya|2026-06-02,totals|over|3.00|,totals,Over,3.0,,1.65,1.65,"[""Betfair Exchange""]","[""odds_api_io""]",1,,
soccer|fsc bukovyna chernivtsi|mfc metalurh zaporizhya|2026-06-02,totals|under|3.00|,totals,Under,3.0,,2.19,2.19,"[""Betfair Exchange""]","[""odds_api_io""]",1,,
soccer|fsc bukovyna chernivtsi|mfc metalurh zaporizhya|2026-06-02,totals|over|2.75|,totals,Over,2.75,,1.51,1.51,"[""Betfair Exchange""]","[""odds_api_io""]",1,,
soccer|fsc bukovyna chernivtsi|mfc metalurh zaporizhya|2026-06-02,totals|under|2.75|,totals,Under,2.75,,2.49,2.49,"[""Betfair Exchange""]","[""odds_api_io""]",1,,
soccer|fsc bukovyna chernivtsi|mfc metalurh zaporizhya|2026-06-02,totals|over|3.50|,totals,Over,3.5,,2.12,2.12,"[""Betfair Exchange""]","[""odds_api_io""]",1,,
soccer|fsc bukovyna chernivtsi|mfc metalurh zaporizhya|2026-06-02,totals|under|3.50|,totals,Under,3.5,,1.74,1.74,"[""Betfair Exchange""]","[""odds_api_io""]",1,,
soccer|fsc bukovyna chernivtsi|mfc metalurh zaporizhya|2026-06-02,totals|over|3.25|,totals,Over,3.25,,1.88,1.88,"[""Betfair Exchange""]","[""odds_api_io""]",1,,
soccer|fsc bukovyna chernivtsi|mfc metalurh zaporizhya|2026-06-02,totals|under|3.25|,totals,Under,3.25,,1.93,1.93,"[""Betfair Exchange""]","[""odds_api_io""]",1,,
soccer|fsc bukovyna chernivtsi|mfc metalurh zaporizhya|2026-06-02,totals|over|1.50|,totals,Over,1.5,,1.16,1.16,"[""Betfair Exchange""]","[""odds_api_io""]",1,,
soccer|fsc bukovyna chernivtsi|mfc metalurh zaporizhya|2026-06-02,totals|under|1.50|,totals,Under,1.5,,6.6,6.6,"[""Betfair Exchange""]","[""odds_api_io""]",1,,
soccer|fsc bukovyna chernivtsi|mfc metalurh zaporizhya|2026-06-02,totals|over|5.50|,totals,Over,5.5,,6.6,6.6,"[""Betfair Exchange""]","[""odds_api_io""]",1,,
soccer|fsc bukovyna chernivtsi|mfc metalurh zaporizhya|2026-06-02,totals|under|5.50|,totals,Under,5.5,,1.13,1.13,"[""Betfair Exchange""]","[""odds_api_io""]",1,,
soccer|fsc bukovyna chernivtsi|mfc metalurh zaporizhya|2026-06-02,totals|over|2.25|,totals,Over,2.25,,1.32,1.32,"[""Betfair Exchange""]","[""odds_api_io""]",1,,
soccer|fsc bukovyna chernivtsi|mfc metalurh zaporizhya|2026-06-02,totals|under|2.25|,totals,Under,2.25,,3.58,3.58,"[""Betfair Exchange""]","[""odds_api_io""]",1,,
soccer|fsc bukovyna chernivtsi|mfc metalurh zaporizhya|2026-06-02,totals|over|6.25|,totals,Over,6.25,,13.0,13.0,"[""Betfair Exchange""]","[""odds_api_io""]",1,,
soccer|fsc bukovyna chernivtsi|mfc metalurh zaporizhya|2026-06-02,totals|under|6.25|,totals,Under,6.25,,1.05,1.05,"[""Betfair Exchange""]","[""odds_api_io""]",1,,
soccer|fsc bukovyna chernivtsi|mfc metalurh zaporizhya|2026-06-02,totals|over|6.00|,totals,Over,6.0,,12.5,12.5,"[""Betfair Exchange""]","[""odds_api_io""]",1,,
soccer|fsc bukovyna chernivtsi|mfc metalurh zaporizhya|2026-06-02,totals|under|6.00|,totals,Under,6.0,,1.05,1.05,"[""Betfair Exchange""]","[""odds_api_io""]",1,,
soccer|fsc bukovyna chernivtsi|mfc metalurh zaporizhya|2026-06-02,totals|over|4.50|,totals,Over,4.5,,3.56,3.56,"[""Betfair Exchange""]","[""odds_api_io""]",1,,
soccer|fsc bukovyna chernivtsi|mfc metalurh zaporizhya|2026-06-02,totals|under|4.50|,totals,Under,4.5,,1.31,1.31,"[""Betfair Exchange""]","[""odds_api_io""]",1,,
soccer|fsc bukovyna chernivtsi|mfc metalurh zaporizhya|2026-06-02,totals|over|2.50|,totals,Over,2.5,,1.43,1.43,"[""Betfair Exchange""]","[""odds_api_io""]",1,,
soccer|fsc bukovyna chernivtsi|mfc metalurh zaporizhya|2026-06-02,totals|under|2.50|,totals,Under,2.5,,2.98,2.98,"[""Betfair Exchange""]","[""odds_api_io""]",1,,
soccer|fsc bukovyna chernivtsi|mfc metalurh zaporizhya|2026-06-02,totals|over|6.50|,totals,Over,6.5,,13.5,13.5,"[""Betfair Exchange""]","[""odds_api_io""]",1,,
soccer|fsc bukovyna chernivtsi|mfc metalurh zaporizhya|2026-06-02,totals|under|6.50|,totals,Under,6.5,,1.05,1.05,"[""Betfair Exchange""]","[""odds_api_io""]",1,,
soccer|fsc bukovyna chernivtsi|mfc metalurh zaporizhya|2026-06-02,totals|over|4.75|,totals,Over,4.75,,4.33,4.33,"[""Betfair Exchange""]","[""odds_api_io""]",1,,
soccer|fsc bukovyna chernivtsi|mfc metalurh zaporizhya|2026-06-02,totals|under|4.75|,totals,Under,4.75,,1.2,1.2,"[""Betfair Exchange""]","[""odds_api_io""]",1,,
soccer|fsc bukovyna chernivtsi|mfc metalurh zaporizhya|2026-06-02,totals|over|5.25|,totals,Over,5.25,,6.19,6.19,"[""Betfair Exchange""]","[""odds_api_io""]",1,,
soccer|fsc bukovyna chernivtsi|mfc metalurh zaporizhya|2026-06-02,totals|under|5.25|,totals,Under,5.25,,1.14,1.14,"[""Betfair Exchange""]","[""odds_api_io""]",1,,
soccer|fsc bukovyna chernivtsi|mfc metalurh zaporizhya|2026-06-02,totals|over|4.00|,totals,Over,4.0,,2.94,2.94,"[""Betfair Exchange""]","[""odds_api_io""]",1,,
soccer|fsc bukovyna chernivtsi|mfc metalurh zaporizhya|2026-06-02,totals|under|4.00|,totals,Under,4.0,,1.38,1.38,"[""Betfair Exchange""]","[""odds_api_io""]",1,,
soccer|fsc bukovyna chernivtsi|mfc metalurh zaporizhya|2026-06-02,totals|over|2.00|,totals,Over,2.0,,1.2,1.2,"[""Betfair Exchange""]","[""odds_api_io""]",1,,
soccer|fsc bukovyna chernivtsi|mfc metalurh zaporizhya|2026-06-02,totals|under|2.00|,totals,Under,2.0,,4.72,4.72,"[""Betfair Exchange""]","[""odds_api_io""]",1,,
soccer|fsc bukovyna chernivtsi|mfc metalurh zaporizhya|2026-06-02,totals|over|4.25|,totals,Over,4.25,,3.28,3.28,"[""Betfair Exchange""]","[""odds_api_io""]",1,,
soccer|fsc bukovyna chernivtsi|mfc metalurh zaporizhya|2026-06-02,totals|under|4.25|,totals,Under,4.25,,1.34,1.34,"[""Betfair Exchange""]","[""odds_api_io""]",1,,
soccer|fsc bukovyna chernivtsi|mfc metalurh zaporizhya|2026-06-02,totals|over|5.00|,totals,Over,5.0,,5.78,5.78,"[""Betfair Exchange""]","[""odds_api_io""]",1,,
soccer|fsc bukovyna chernivtsi|mfc metalurh zaporizhya|2026-06-02,totals|under|5.00|,totals,Under,5.0,,1.15,1.15,"[""Betfair Exchange""]","[""odds_api_io""]",1,,
soccer|fsc bukovyna chernivtsi|mfc metalurh zaporizhya|2026-06-02,totals|over|1.25|,totals,Over,1.25,,1.09,1.09,"[""Betfair Exchange""]","[""odds_api_io""]",1,,
soccer|fsc bukovyna chernivtsi|mfc metalurh zaporizhya|2026-06-02,totals|under|1.25|,totals,Under,1.25,,8.83,8.83,"[""Betfair Exchange""]","[""odds_api_io""]",1,,
soccer|fsc bukovyna chernivtsi|mfc metalurh zaporizhya|2026-06-02,totals|over|1.00|,totals,Over,1.0,,1.03,1.03,"[""Betfair Exchange""]","[""odds_api_io""]",1,,
soccer|fsc bukovyna chernivtsi|mfc metalurh zaporizhya|2026-06-02,totals|under|1.00|,totals,Under,1.0,,11.62,11.62,"[""Betfair Exchange""]","[""odds_api_io""]",1,,
soccer|fsc bukovyna chernivtsi|mfc metalurh zaporizhya|2026-06-02,totals|over|0.75|,totals,Over,0.75,,1.02,1.02,"[""Betfair Exchange""]","[""odds_api_io""]",1,,
soccer|fsc bukovyna chernivtsi|mfc metalurh zaporizhya|2026-06-02,totals|under|0.75|,totals,Under,0.75,,11.97,11.97,"[""Betfair Exchange""]","[""odds_api_io""]",1,,
soccer|fsc bukovyna chernivtsi|mfc metalurh zaporizhya|2026-06-02,totals|over|6.75|,totals,Over,6.75,,17.45,17.45,"[""Betfair Exchange""]","[""odds_api_io""]",1,,
soccer|fsc bukovyna chernivtsi|mfc metalurh zaporizhya|2026-06-02,totals|under|6.75|,totals,Under,6.75,,1.01,1.01,"[""Betfair Exchange""]","[""odds_api_io""]",1,,
soccer|fsc bukovyna chernivtsi|mfc metalurh zaporizhya|2026-06-02,totals|over|7.00|,totals,Over,7.0,,25.07,25.07,"[""Betfair Exchange""]","[""odds_api_io""]",1,,
soccer|fsc bukovyna chernivtsi|mfc metalurh zaporizhya|2026-06-02,totals|under|7.00|,totals,Under,7.0,,1.01,1.01,"[""Betfair Exchange""]","[""odds_api_io""]",1,,
soccer|fsc bukovyna chernivtsi|mfc metalurh zaporizhya|2026-06-02,totals|over|7.25|,totals,Over,7.25,,25.53,25.53,"[""Betfair Exchange""]","[""odds_api_io""]",1,,
soccer|fsc bukovyna chernivtsi|mfc metalurh zaporizhya|2026-06-02,totals|under|7.25|,totals,Under,7.25,,1.01,1.01,"[""Betfair Exchange""]","[""odds_api_io""]",1,,
soccer|fsc bukovyna chernivtsi|mfc metalurh zaporizhya|2026-06-02,totals|over|7.50|,totals,Over,7.5,,26.0,26.0,"[""Betfair Exchange""]","[""odds_api_io""]",1,,
soccer|fsc bukovyna chernivtsi|mfc metalurh zaporizhya|2026-06-02,totals|under|7.50|,totals,Under,7.5,,1.01,1.01,"[""Betfair Exchange""]","[""odds_api_io""]",1,,
soccer|fsc bukovyna chernivtsi|mfc metalurh zaporizhya|2026-06-02,btts|yes||,btts,Yes,,,2.32,2.32,"[""Betfair Exchange""]","[""odds_api_io""]",1,,
soccer|fsc bukovyna chernivtsi|mfc metalurh zaporizhya|2026-06-02,btts|no||,btts,No,,,1.67,1.67,"[""Betfair Exchange""]","[""odds_api_io""]",1,,
soccer|fsc bukovyna chernivtsi|mfc metalurh zaporizhya|2026-06-02,spreads|mfc metalurh zaporizhya|-1.00|home,spreads,MFC Metalurh Zaporizhya,-1.0,home,55.0,55.0,"[""Betfair Exchange""]","[""odds_api_io""]",1,,
soccer|fsc bukovyna chernivtsi|mfc metalurh zaporizhya|2026-06-02,spreads|fsc bukovyna chernivtsi|1.00|away,spreads,FSC Bukovyna Chernivtsi,1.0,away,1.03,1.03,"[""Betfair Exchange""]","[""odds_api_io""]",1,,
soccer|ario eslamshahr|shahrdari nowshahr|2026-06-02,h2h|ario eslamshahr||home,h2h,Ario Eslamshahr,,home,2.0,2.0,"[""Bet365""]","[""odds_api_io""]",1,,
soccer|ario eslamshahr|shahrdari nowshahr|2026-06-02,h2h|draw||,h2h,Draw,,,2.8,2.8,"[""Bet365""]","[""odds_api_io""]",1,,
soccer|ario eslamshahr|shahrdari nowshahr|2026-06-02,h2h|shahrdari nowshahr||away,h2h,Shahrdari Nowshahr,,away,3.9,3.9,"[""Bet365""]","[""odds_api_io""]",1,,
soccer|ario eslamshahr|shahrdari nowshahr|2026-06-02,dnb|ario eslamshahr|0.00|home,dnb,Ario Eslamshahr,0.0,home,1.4,1.4,"[""Bet365""]","[""odds_api_io""]",1,,
soccer|ario eslamshahr|shahrdari nowshahr|2026-06-02,dnb|shahrdari nowshahr|0.00|away,dnb,Shahrdari Nowshahr,0.0,away,2.75,2.75,"[""Bet365""]","[""odds_api_io""]",1,,
soccer|ario eslamshahr|shahrdari nowshahr|2026-06-02,spreads|ario eslamshahr|-0.50|home,spreads,Ario Eslamshahr,-0.5,home,2.05,2.05,"[""Bet365""]","[""odds_api_io""]",1,,
soccer|ario eslamshahr|shahrdari nowshahr|2026-06-02,spreads|shahrdari nowshahr|0.50|away,spreads,Shahrdari Nowshahr,0.5,away,1.75,1.75,"[""Bet365""]","[""odds_api_io""]",1,,
soccer|ario eslamshahr|shahrdari nowshahr|2026-06-02,totals|over|1.75|,totals,Over,1.75,,2.0,2.0,"[""Bet365""]","[""odds_api_io""]",1,,
soccer|ario eslamshahr|shahrdari nowshahr|2026-06-02,totals|under|1.75|,totals,Under,1.75,,1.8,1.8,"[""Bet365""]","[""odds_api_io""]",1,,
soccer|ario eslamshahr|shahrdari nowshahr|2026-06-02,totals|over|2.50|,totals,Over,2.5,,3.25,3.25,"[""Bet365""]","[""odds_api_io""]",1,,
soccer|ario eslamshahr|shahrdari nowshahr|2026-06-02,totals|under|2.50|,totals,Under,2.5,,1.333,1.333,"[""Bet365""]","[""odds_api_io""]",1,,
soccer|ario eslamshahr|shahrdari nowshahr|2026-06-02,spreads|ario eslamshahr|-1.75|home,spreads,Ario Eslamshahr,-1.75,home,5.5,5.5,"[""Bet365""]","[""odds_api_io""]",1,,
soccer|ario eslamshahr|shahrdari nowshahr|2026-06-02,spreads|shahrdari nowshahr|1.75|away,spreads,Shahrdari Nowshahr,1.75,away,1.15,1.15,"[""Bet365""]","[""odds_api_io""]",1,,
soccer|ario eslamshahr|shahrdari nowshahr|2026-06-02,spreads|ario eslamshahr|-1.50|home,spreads,Ario Eslamshahr,-1.5,home,4.1,4.1,"[""Bet365""]","[""odds_api_io""]",1,,
soccer|ario eslamshahr|shahrdari nowshahr|2026-06-02,spreads|shahrdari nowshahr|1.50|away,spreads,Shahrdari Nowshahr,1.5,away,1.225,1.225,"[""Bet365""]","[""odds_api_io""]",1,,
soccer|ario eslamshahr|shahrdari nowshahr|2026-06-02,spreads|ario eslamshahr|-1.25|home,spreads,Ario Eslamshahr,-1.25,home,3.55,3.55,"[""Bet365""]","[""odds_api_io""]",1,,
soccer|ario eslamshahr|shahrdari nowshahr|2026-06-02,spreads|shahrdari nowshahr|1.25|away,spreads,Shahrdari Nowshahr,1.25,away,1.275,1.275,"[""Bet365""]","[""odds_api_io""]",1,,
soccer|ario eslamshahr|shahrdari nowshahr|2026-06-02,spreads|ario eslamshahr|-1.00|home,spreads,Ario Eslamshahr,-1.0,home,3.1,3.1,"[""Bet365""]","[""odds_api_io""]",1,,
soccer|ario eslamshahr|shahrdari nowshahr|2026-06-02,spreads|shahrdari nowshahr|1.00|away,spreads,Shahrdari Nowshahr,1.0,away,1.35,1.35,"[""Bet365""]","[""odds_api_io""]",1,,
soccer|ario eslamshahr|shahrdari nowshahr|2026-06-02,spreads|ario eslamshahr|-0.75|home,spreads,Ario Eslamshahr,-0.75,home,2.375,2.375,"[""Bet365""]","[""odds_api_io""]",1,,
soccer|ario eslamshahr|shahrdari nowshahr|2026-06-02,spreads|shahrdari nowshahr|0.75|away,spreads,Shahrdari Nowshahr,0.75,away,5.5,5.5,"[""Bet365""]","[""odds_api_io""]",1,,
soccer|ario eslamshahr|shahrdari nowshahr|2026-06-02,spreads|ario eslamshahr|-0.25|home,spreads,Ario Eslamshahr,-0.25,home,1.725,1.725,"[""Bet365""]","[""odds_api_io""]",1,,
soccer|ario eslamshahr|shahrdari nowshahr|2026-06-02,spreads|shahrdari nowshahr|0.25|away,spreads,Shahrdari Nowshahr,0.25,away,3.45,3.45,"[""Bet365""]","[""odds_api_io""]",1,,
soccer|ario eslamshahr|shahrdari nowshahr|2026-06-02,spreads|ario eslamshahr|0.00|home,spreads,Ario Eslamshahr,0.0,home,1.425,1.425,"[""Bet365""]","[""odds_api_io""]",1,,
soccer|ario eslamshahr|shahrdari nowshahr|2026-06-02,spreads|shahrdari nowshahr|-0.00|away,spreads,Shahrdari Nowshahr,-0.0,away,2.75,2.75,"[""Bet365""]","[""odds_api_io""]",1,,
soccer|ario eslamshahr|shahrdari nowshahr|2026-06-02,spreads|ario eslamshahr|0.25|home,spreads,Ario Eslamshahr,0.25,home,1.3,1.3,"[""Bet365""]","[""odds_api_io""]",1,,
soccer|ario eslamshahr|shahrdari nowshahr|2026-06-02,spreads|shahrdari nowshahr|-0.25|away,spreads,Shahrdari Nowshahr,-0.25,away,2.075,2.075,"[""Bet365""]","[""odds_api_io""]",1,,
soccer|ario eslamshahr|shahrdari nowshahr|2026-06-02,spreads|ario eslamshahr|0.50|home,spreads,Ario Eslamshahr,0.5,home,1.24,1.24,"[""Bet365""]","[""odds_api_io""]",1,,
soccer|ario eslamshahr|shahrdari nowshahr|2026-06-02,spreads|shahrdari nowshahr|-0.50|away,spreads,Shahrdari Nowshahr,-0.5,away,3.9,3.9,"[""Bet365""]","[""odds_api_io""]",1,,
soccer|ario eslamshahr|shahrdari nowshahr|2026-06-02,spreads|ario eslamshahr|0.75|home,spreads,Ario Eslamshahr,0.75,home,1.15,1.15,"[""Bet365""]","[""odds_api_io""]",1,,
soccer|ario eslamshahr|shahrdari nowshahr|2026-06-02,spreads|shahrdari nowshahr|-0.75|away,spreads,Shahrdari Nowshahr,-0.75,away,1.55,1.55,"[""Bet365""]","[""odds_api_io""]",1,,
soccer|havadar|navad urmia|2026-06-02,h2h|havadar sc||home,h2h,Havadar SC,,home,1.666,1.666,"[""Bet365""]","[""odds_api_io""]",1,,
soccer|havadar|navad urmia|2026-06-02,h2h|draw||,h2h,Draw,,,3.0,3.0,"[""Bet365""]","[""odds_api_io""]",1,,
soccer|havadar|navad urmia|2026-06-02,h2h|navad urmia fc||away,h2h,Navad Urmia FC,,away,5.5,5.5,"[""Bet365""]","[""odds_api_io""]",1,,
soccer|havadar|navad urmia|2026-06-02,dnb|havadar sc|0.00|home,dnb,Havadar SC,0.0,home,1.222,1.222,"[""Bet365""]","[""odds_api_io""]",1,,
soccer|havadar|navad urmia|2026-06-02,dnb|navad urmia fc|0.00|away,dnb,Navad Urmia FC,0.0,away,4.0,4.0,"[""Bet365""]","[""odds_api_io""]",1,,
soccer|havadar|navad urmia|2026-06-02,spreads|havadar sc|-0.75|home,spreads,Havadar SC,-0.75,home,1.95,1.95,"[""Bet365""]","[""odds_api_io""]",1,,
soccer|havadar|navad urmia|2026-06-02,spreads|navad urmia fc|0.75|away,spreads,Navad Urmia FC,0.75,away,1.85,1.85,"[""Bet365""]","[""odds_api_io""]",1,,
soccer|havadar|navad urmia|2026-06-02,totals|over|1.75|,totals,Over,1.75,,1.875,1.875,"[""Bet365""]","[""odds_api_io""]",1,,
soccer|havadar|navad urmia|2026-06-02,totals|under|1.75|,totals,Under,1.75,,1.925,1.925,"[""Bet365""]","[""odds_api_io""]",1,,
soccer|havadar|navad urmia|2026-06-02,totals|over|2.50|,totals,Over,2.5,,3.0,3.0,"[""Bet365""]","[""odds_api_io""]",1,,
soccer|havadar|navad urmia|2026-06-02,totals|under|2.50|,totals,Under,2.5,,1.363,1.3615,"[""Bet365""]","[""odds_api_io""]",2,0.162,
soccer|havadar|navad urmia|2026-06-02,spreads|havadar sc|-2.50|home,spreads,Havadar SC,-2.5,home,6.4,6.4,"[""Bet365""]","[""odds_api_io""]",1,,
soccer|havadar|navad urmia|2026-06-02,spreads|navad urmia fc|2.50|away,spreads,Navad Urmia FC,2.5,away,1.115,1.115,"[""Bet365""]","[""odds_api_io""]",1,,
soccer|havadar|navad urmia|2026-06-02,spreads|havadar sc|-2.25|home,spreads,Havadar SC,-2.25,home,6.0,6.0,"[""Bet365""]","[""odds_api_io""]",1,,
soccer|havadar|navad urmia|2026-06-02,spreads|navad urmia fc|2.25|away,spreads,Navad Urmia FC,2.25,away,1.125,1.125,"[""Bet365""]","[""odds_api_io""]",1,,
soccer|havadar|navad urmia|2026-06-02,spreads|havadar sc|-2.00|home,spreads,Havadar SC,-2.0,home,5.75,5.75,"[""Bet365""]","[""odds_api_io""]",1,,
soccer|havadar|navad urmia|2026-06-02,spreads|navad urmia fc|2.00|away,spreads,Navad Urmia FC,2.0,away,1.14,1.14,"[""Bet365""]","[""odds_api_io""]",1,,
soccer|havadar|navad urmia|2026-06-02,spreads|havadar sc|-1.75|home,spreads,Havadar SC,-1.75,home,3.8,3.8,"[""Bet365""]","[""odds_api_io""]",1,,
soccer|havadar|navad urmia|2026-06-02,spreads|navad urmia fc|1.75|away,spreads,Navad Urmia FC,1.75,away,1.25,1.25,"[""Bet365""]","[""odds_api_io""]",1,,
soccer|havadar|navad urmia|2026-06-02,spreads|havadar sc|-1.50|home,spreads,Havadar SC,-1.5,home,3.1,3.1,"[""Bet365""]","[""odds_api_io""]",1,,
soccer|havadar|navad urmia|2026-06-02,spreads|navad urmia fc|1.50|away,spreads,Navad Urmia FC,1.5,away,1.35,1.35,"[""Bet365""]","[""odds_api_io""]",1,,
soccer|havadar|navad urmia|2026-06-02,spreads|havadar sc|-1.25|home,spreads,Havadar SC,-1.25,home,2.675,2.675,"[""Bet365""]","[""odds_api_io""]",1,,
soccer|havadar|navad urmia|2026-06-02,spreads|navad urmia fc|1.25|away,spreads,Navad Urmia FC,1.25,away,1.45,1.45,"[""Bet365""]","[""odds_api_io""]",1,,
soccer|havadar|navad urmia|2026-06-02,spreads|havadar sc|-1.00|home,spreads,Havadar SC,-1.0,home,2.35,2.35,"[""Bet365""]","[""odds_api_io""]",1,,
soccer|havadar|navad urmia|2026-06-02,spreads|navad urmia fc|1.00|away,spreads,Navad Urmia FC,1.0,away,1.575,1.575,"[""Bet365""]","[""odds_api_io""]",1,,
soccer|havadar|navad urmia|2026-06-02,spreads|havadar sc|-0.50|home,spreads,Havadar SC,-0.5,home,1.7,1.7,"[""Bet365""]","[""odds_api_io""]",1,,
soccer|havadar|navad urmia|2026-06-02,spreads|navad urmia fc|0.50|away,spreads,Navad Urmia FC,0.5,away,5.75,5.75,"[""Bet365""]","[""odds_api_io""]",1,,
soccer|havadar|navad urmia|2026-06-02,spreads|havadar sc|-0.25|home,spreads,Havadar SC,-0.25,home,1.475,1.475,"[""Bet365""]","[""odds_api_io""]",1,,
soccer|havadar|navad urmia|2026-06-02,spreads|navad urmia fc|0.25|away,spreads,Navad Urmia FC,0.25,away,4.8,4.8,"[""Bet365""]","[""odds_api_io""]",1,,
soccer|havadar|navad urmia|2026-06-02,spreads|havadar sc|0.00|home,spreads,Havadar SC,0.0,home,1.23,1.23,"[""Bet365""]","[""odds_api_io""]",1,,
soccer|havadar|navad urmia|2026-06-02,spreads|navad urmia fc|-0.00|away,spreads,Navad Urmia FC,-0.0,away,4.0,4.0,"[""Bet365""]","[""odds_api_io""]",1,,
soccer|havadar|navad urmia|2026-06-02,spreads|havadar sc|0.25|home,spreads,Havadar SC,0.25,home,1.175,1.175,"[""Bet365""]","[""odds_api_io""]",1,,
soccer|havadar|navad urmia|2026-06-02,spreads|navad urmia fc|-0.25|away,spreads,Navad Urmia FC,-0.25,away,2.6,2.6,"[""Bet365""]","[""odds_api_io""]",1,,
soccer|havadar|navad urmia|2026-06-02,spreads|havadar sc|0.50|home,spreads,Havadar SC,0.5,home,1.14,1.14,"[""Bet365""]","[""odds_api_io""]",1,,
soccer|havadar|navad urmia|2026-06-02,spreads|navad urmia fc|-0.50|away,spreads,Navad Urmia FC,-0.5,away,2.1,2.1,"[""Bet365""]","[""odds_api_io""]",1,,
soccer|mes shahr e babak|sanat naft abadan|2026-06-02,h2h|mes shahr-e babak||home,h2h,Mes Shahr-e Babak,,home,2.25,2.25,"[""Bet365""]","[""odds_api_io""]",1,,
soccer|mes shahr e babak|sanat naft abadan|2026-06-02,h2h|draw||,h2h,Draw,,,2.5,2.5,"[""Bet365""]","[""odds_api_io""]",1,,
soccer|mes shahr e babak|sanat naft abadan|2026-06-02,h2h|sanat naft abadan fc||away,h2h,Sanat Naft Abadan FC,,away,3.7,3.7,"[""Bet365""]","[""odds_api_io""]",1,,
soccer|mes shahr e babak|sanat naft abadan|2026-06-02,dnb|mes shahr-e babak|0.00|home,dnb,Mes Shahr-e Babak,0.0,home,1.5,1.5,"[""Bet365""]","[""odds_api_io""]",1,,
soccer|mes shahr e babak|sanat naft abadan|2026-06-02,dnb|sanat naft abadan fc|0.00|away,dnb,Sanat Naft Abadan FC,0.0,away,2.5,2.5,"[""Bet365""]","[""odds_api_io""]",1,,
soccer|mes shahr e babak|sanat naft abadan|2026-06-02,spreads|mes shahr-e babak|-0.25|home,spreads,Mes Shahr-e Babak,-0.25,home,1.925,1.925,"[""Bet365""]","[""odds_api_io""]",1,,
soccer|mes shahr e babak|sanat naft abadan|2026-06-02,spreads|sanat naft abadan fc|0.25|away,spreads,Sanat Naft Abadan FC,0.25,away,1.875,1.875,"[""Bet365""]","[""odds_api_io""]",1,,
soccer|mes shahr e babak|sanat naft abadan|2026-06-02,totals|under|1.50|,totals,Under,1.5,,1.85,1.85,"[""Bet365""]","[""odds_api_io""]",1,,
soccer|mes shahr e babak|sanat naft abadan|2026-06-02,totals|over|2.50|,totals,Over,2.5,,3.5,3.5,"[""Bet365""]","[""odds_api_io""]",1,,
soccer|mes shahr e babak|sanat naft abadan|2026-06-02,totals|under|2.50|,totals,Under,2.5,,1.285,1.285,"[""Bet365""]","[""odds_api_io""]",1,,
soccer|mes shahr e babak|sanat naft abadan|2026-06-02,spreads|mes shahr-e babak|0.00|home,spreads,Mes Shahr-e Babak,0.0,home,1.525,1.525,"[""Bet365""]","[""odds_api_io""]",1,,
soccer|mes shahr e babak|sanat naft abadan|2026-06-02,spreads|sanat naft abadan fc|-0.00|away,spreads,Sanat Naft Abadan FC,-0.0,away,2.425,2.425,"[""Bet365""]","[""odds_api_io""]",1,,
soccer|mes shahr e babak|sanat naft abadan|2026-06-02,spreads|mes shahr-e babak|0.25|home,spreads,Mes Shahr-e Babak,0.25,home,1.35,1.35,"[""Bet365""]","[""odds_api_io""]",1,,
soccer|mes shahr e babak|sanat naft abadan|2026-06-02,spreads|sanat naft abadan fc|-0.25|away,spreads,Sanat Naft Abadan FC,-0.25,away,3.1,3.1,"[""Bet365""]","[""odds_api_io""]",1,,
soccer|mes shahr e babak|sanat naft abadan|2026-06-02,spreads|mes shahr-e babak|-1.75|home,spreads,Mes Shahr-e Babak,-1.75,home,6.8,6.8,"[""Bet365""]","[""odds_api_io""]",1,,
soccer|mes shahr e babak|sanat naft abadan|2026-06-02,spreads|sanat naft abadan fc|1.75|away,spreads,Sanat Naft Abadan FC,1.75,away,1.105,1.105,"[""Bet365""]","[""odds_api_io""]",1,,
soccer|mes shahr e babak|sanat naft abadan|2026-06-02,spreads|mes shahr-e babak|-1.50|home,spreads,Mes Shahr-e Babak,-1.5,home,5.25,5.25,"[""Bet365""]","[""odds_api_io""]",1,,
soccer|mes shahr e babak|sanat naft abadan|2026-06-02,spreads|sanat naft abadan fc|1.50|away,spreads,Sanat Naft Abadan FC,1.5,away,1.16,1.16,"[""Bet365""]","[""odds_api_io""]",1,,
soccer|mes shahr e babak|sanat naft abadan|2026-06-02,spreads|mes shahr-e babak|-1.25|home,spreads,Mes Shahr-e Babak,-1.25,home,4.5,4.5,"[""Bet365""]","[""odds_api_io""]",1,,
soccer|mes shahr e babak|sanat naft abadan|2026-06-02,spreads|sanat naft abadan fc|1.25|away,spreads,Sanat Naft Abadan FC,1.25,away,1.19,1.19,"[""Bet365""]","[""odds_api_io""]",1,,
soccer|mes shahr e babak|sanat naft abadan|2026-06-02,spreads|mes shahr-e babak|-1.00|home,spreads,Mes Shahr-e Babak,-1.0,home,4.0,4.0,"[""Bet365""]","[""odds_api_io""]",1,,
soccer|mes shahr e babak|sanat naft abadan|2026-06-02,spreads|sanat naft abadan fc|1.00|away,spreads,Sanat Naft Abadan FC,1.0,away,1.23,1.23,"[""Bet365""]","[""odds_api_io""]",1,,
soccer|mes shahr e babak|sanat naft abadan|2026-06-02,spreads|mes shahr-e babak|-0.75|home,spreads,Mes Shahr-e Babak,-0.75,home,2.85,2.85,"[""Bet365""]","[""odds_api_io""]",1,,
soccer|mes shahr e babak|sanat naft abadan|2026-06-02,spreads|sanat naft abadan fc|0.75|away,spreads,Sanat Naft Abadan FC,0.75,away,5.0,5.0,"[""Bet365""]","[""odds_api_io""]",1,,
soccer|mes shahr e babak|sanat naft abadan|2026-06-02,spreads|mes shahr-e babak|-0.50|home,spreads,Mes Shahr-e Babak,-0.5,home,2.3,2.3,"[""Bet365""]","[""odds_api_io""]",1,,
soccer|mes shahr e babak|sanat naft abadan|2026-06-02,spreads|sanat naft abadan fc|0.50|away,spreads,Sanat Naft Abadan FC,0.5,away,3.7,3.7,"[""Bet365""]","[""odds_api_io""]",1,,
soccer|mes shahr e babak|sanat naft abadan|2026-06-02,spreads|mes shahr-e babak|0.50|home,spreads,Mes Shahr-e Babak,0.5,home,1.26,1.26,"[""Bet365""]","[""odds_api_io""]",1,,
soccer|mes shahr e babak|sanat naft abadan|2026-06-02,spreads|sanat naft abadan fc|-0.50|away,spreads,Sanat Naft Abadan FC,-0.5,away,1.6,1.6,"[""Bet365""]","[""odds_api_io""]",1,,
soccer|mes shahr e babak|sanat naft abadan|2026-06-02,spreads|mes shahr-e babak|0.75|home,spreads,Mes Shahr-e Babak,0.75,home,1.17,1.17,"[""Bet365""]","[""odds_api_io""]",1,,
soccer|mes shahr e babak|sanat naft abadan|2026-06-02,spreads|sanat naft abadan fc|-0.75|away,spreads,Sanat Naft Abadan FC,-0.75,away,1.4,1.4,"[""Bet365""]","[""odds_api_io""]",1,,
soccer|damash gilan|nassaji mazandaran|2026-06-02,h2h|nassaji mazandaran fc||home,h2h,Nassaji Mazandaran FC,,home,1.2,1.2,"[""Bet365""]","[""odds_api_io""]",1,,
soccer|damash gilan|nassaji mazandaran|2026-06-02,h2h|draw||,h2h,Draw,,,5.5,5.5,"[""Bet365""]","[""odds_api_io""]",1,,
soccer|damash gilan|nassaji mazandaran|2026-06-02,h2h|damash gilan fc||away,h2h,Damash Gilan FC,,away,12.0,12.0,"[""Bet365""]","[""odds_api_io""]",1,,
soccer|damash gilan|nassaji mazandaran|2026-06-02,dnb|nassaji mazandaran fc|0.00|home,dnb,Nassaji Mazandaran FC,0.0,home,1.071,1.071,"[""Bet365""]","[""odds_api_io""]",1,,
soccer|damash gilan|nassaji mazandaran|2026-06-02,dnb|damash gilan fc|0.00|away,dnb,Damash Gilan FC,0.0,away,7.5,7.5,"[""Bet365""]","[""odds_api_io""]",1,,
soccer|damash gilan|nassaji mazandaran|2026-06-02,spreads|nassaji mazandaran fc|-1.75|home,spreads,Nassaji Mazandaran FC,-1.75,home,2.25,2.0602,"[""Bet365""]","[""odds_api_io""]",2,8.187,
soccer|damash gilan|nassaji mazandaran|2026-06-02,spreads|damash gilan fc|1.75|away,spreads,Damash Gilan FC,1.75,away,1.9,1.7518,"[""Bet365""]","[""odds_api_io""]",2,8.907,
soccer|damash gilan|nassaji mazandaran|2026-06-02,totals|over|2.50|,totals,Over,2.5,,2.05,1.9987,"[""Bet365""]","[""odds_api_io""]",2,2.502,
soccer|damash gilan|nassaji mazandaran|2026-06-02,totals|under|2.50|,totals,Under,2.5,,1.85,1.7986,"[""Bet365""]","[""odds_api_io""]",2,3.089,
soccer|damash gilan|nassaji mazandaran|2026-06-02,spreads|nassaji mazandaran fc|-3.25|home,spreads,Nassaji Mazandaran FC,-3.25,home,6.0,6.0,"[""Bet365""]","[""odds_api_io""]",1,,
soccer|damash gilan|nassaji mazandaran|2026-06-02,spreads|damash gilan fc|3.25|away,spreads,Damash Gilan FC,3.25,away,1.125,1.125,"[""Bet365""]","[""odds_api_io""]",1,,
soccer|damash gilan|nassaji mazandaran|2026-06-02,spreads|nassaji mazandaran fc|-3.00|home,spreads,Nassaji Mazandaran FC,-3.0,home,5.75,5.75,"[""Bet365""]","[""odds_api_io""]",1,,
soccer|damash gilan|nassaji mazandaran|2026-06-02,spreads|damash gilan fc|3.00|away,spreads,Damash Gilan FC,3.0,away,1.14,1.14,"[""Bet365""]","[""odds_api_io""]",1,,
soccer|damash gilan|nassaji mazandaran|2026-06-02,spreads|nassaji mazandaran fc|-2.50|home,spreads,Nassaji Mazandaran FC,-2.5,home,3.45,3.45,"[""Bet365""]","[""odds_api_io""]",1,,
soccer|damash gilan|nassaji mazandaran|2026-06-02,spreads|damash gilan fc|2.50|away,spreads,Damash Gilan FC,2.5,away,1.3,1.3,"[""Bet365""]","[""odds_api_io""]",1,,
soccer|damash gilan|nassaji mazandaran|2026-06-02,spreads|nassaji mazandaran fc|-3.50|home,spreads,Nassaji Mazandaran FC,-3.5,home,6.6,6.6,"[""Bet365""]","[""odds_api_io""]",1,,
soccer|damash gilan|nassaji mazandaran|2026-06-02,spreads|damash gilan fc|3.50|away,spreads,Damash Gilan FC,3.5,away,1.11,1.11,"[""Bet365""]","[""odds_api_io""]",1,,
soccer|damash gilan|nassaji mazandaran|2026-06-02,spreads|nassaji mazandaran fc|-2.75|home,spreads,Nassaji Mazandaran FC,-2.75,home,4.15,4.15,"[""Bet365""]","[""odds_api_io""]",1,,
soccer|damash gilan|nassaji mazandaran|2026-06-02,spreads|damash gilan fc|2.75|away,spreads,Damash Gilan FC,2.75,away,1.22,1.22,"[""Bet365""]","[""odds_api_io""]",1,,
soccer|damash gilan|nassaji mazandaran|2026-06-02,spreads|nassaji mazandaran fc|-2.25|home,spreads,Nassaji Mazandaran FC,-2.25,home,3.1,3.1,"[""Bet365""]","[""odds_api_io""]",1,,
soccer|damash gilan|nassaji mazandaran|2026-06-02,spreads|damash gilan fc|2.25|away,spreads,Damash Gilan FC,2.25,away,1.35,1.35,"[""Bet365""]","[""odds_api_io""]",1,,
soccer|damash gilan|nassaji mazandaran|2026-06-02,spreads|nassaji mazandaran fc|-2.00|home,spreads,Nassaji Mazandaran FC,-2.0,home,2.75,2.75,"[""Bet365""]","[""odds_api_io""]",1,,
soccer|damash gilan|nassaji mazandaran|2026-06-02,spreads|damash gilan fc|2.00|away,spreads,Damash Gilan FC,2.0,away,1.425,1.425,"[""Bet365""]","[""odds_api_io""]",1,,
soccer|damash gilan|nassaji mazandaran|2026-06-02,spreads|nassaji mazandaran fc|-1.25|home,spreads,Nassaji Mazandaran FC,-1.25,home,1.75,1.75,"[""Bet365""]","[""odds_api_io""]",1,,
soccer|damash gilan|nassaji mazandaran|2026-06-02,spreads|damash gilan fc|1.25|away,spreads,Damash Gilan FC,1.25,away,2.05,2.05,"[""Bet365""]","[""odds_api_io""]",1,,
soccer|damash gilan|nassaji mazandaran|2026-06-02,spreads|nassaji mazandaran fc|-1.00|home,spreads,Nassaji Mazandaran FC,-1.0,home,1.5,1.5,"[""Bet365""]","[""odds_api_io""]",1,,
soccer|damash gilan|nassaji mazandaran|2026-06-02,spreads|damash gilan fc|1.00|away,spreads,Damash Gilan FC,1.0,away,2.5,2.5,"[""Bet365""]","[""odds_api_io""]",1,,
soccer|damash gilan|nassaji mazandaran|2026-06-02,spreads|nassaji mazandaran fc|-0.75|home,spreads,Nassaji Mazandaran FC,-0.75,home,1.4,1.4,"[""Bet365""]","[""odds_api_io""]",1,,
soccer|damash gilan|nassaji mazandaran|2026-06-02,spreads|damash gilan fc|0.75|away,spreads,Damash Gilan FC,0.75,away,2.85,2.85,"[""Bet365""]","[""odds_api_io""]",1,,
soccer|damash gilan|nassaji mazandaran|2026-06-02,spreads|nassaji mazandaran fc|-0.50|home,spreads,Nassaji Mazandaran FC,-0.5,home,1.325,1.325,"[""Bet365""]","[""odds_api_io""]",1,,
soccer|damash gilan|nassaji mazandaran|2026-06-02,spreads|damash gilan fc|0.50|away,spreads,Damash Gilan FC,0.5,away,3.3,3.3,"[""Bet365""]","[""odds_api_io""]",1,,
soccer|damash gilan|nassaji mazandaran|2026-06-02,spreads|nassaji mazandaran fc|-0.25|home,spreads,Nassaji Mazandaran FC,-0.25,home,1.2,1.2,"[""Bet365""]","[""odds_api_io""]",1,,
soccer|damash gilan|nassaji mazandaran|2026-06-02,spreads|damash gilan fc|0.25|away,spreads,Damash Gilan FC,0.25,away,4.4,4.4,"[""Bet365""]","[""odds_api_io""]",1,,
soccer|olimpia grudziadz|sandecja nowy sacz|2026-06-02,h2h|olimpia grudziadz||home,h2h,Olimpia Grudziadz,,home,1.99,1.9472,"[""Bet365"", ""Unibet"", ""Betfair Exchange"", ""Sbobet""]","[""odds_api_io""]",4,2.38,
soccer|olimpia grudziadz|sandecja nowy sacz|2026-06-02,h2h|draw||,h2h,Draw,,,3.85,3.4634,"[""Bet365"", ""Unibet"", ""Betfair Exchange"", ""Sbobet""]","[""odds_api_io""]",4,5.276,
soccer|olimpia grudziadz|sandecja nowy sacz|2026-06-02,h2h|sandecja nowy sacz||away,h2h,Sandecja Nowy Sacz,,away,3.75,3.347,"[""Bet365"", ""Unibet"", ""Betfair Exchange"", ""Sbobet""]","[""odds_api_io""]",4,5.696,
soccer|olimpia grudziadz|sandecja nowy sacz|2026-06-02,dnb|olimpia grudziadz|0.00|home,dnb,Olimpia Grudziadz,0.0,home,1.48,1.4492,"[""Bet365"", ""Unibet"", ""Betfair Exchange""]","[""odds_api_io""]",3,3.861,
soccer|olimpia grudziadz|sandecja nowy sacz|2026-06-02,dnb|sandecja nowy sacz|0.00|away,dnb,Sandecja Nowy Sacz,0.0,away,2.82,2.6219,"[""Bet365"", ""Unibet"", ""Betfair Exchange""]","[""odds_api_io""]",3,7.457,
soccer|olimpia grudziadz|sandecja nowy sacz|2026-06-02,spreads|olimpia grudziadz|-0.50|home,spreads,Olimpia Grudziadz,-0.5,home,1.99,1.9601,"[""Bet365"", ""Betfair Exchange"", ""Sbobet""]","[""odds_api_io""]",3,1.295,
soccer|olimpia grudziadz|sandecja nowy sacz|2026-06-02,spreads|sandecja nowy sacz|0.50|away,spreads,Sandecja Nowy Sacz,0.5,away,1.94,1.8832,"[""Bet365"", ""Betfair Exchange"", ""Sbobet""]","[""odds_api_io""]",3,2.508,
soccer|olimpia grudziadz|sandecja nowy sacz|2026-06-02,totals|over|2.75|,totals,Over,2.75,,1.85,1.8376,"[""Bet365"", ""Betfair Exchange""]","[""odds_api_io""]",2,0.74,
soccer|olimpia grudziadz|sandecja nowy sacz|2026-06-02,totals|under|2.75|,totals,Under,2.75,,1.98,1.9775,"[""Bet365"", ""Betfair Exchange""]","[""odds_api_io""]",2,0.128,
soccer|olimpia grudziadz|sandecja nowy sacz|2026-06-02,totals|over|2.50|,totals,Over,2.5,,1.69,1.6471,"[""Bet365"", ""Unibet"", ""Betfair Exchange""]","[""odds_api_io""]",3,3.328,
soccer|olimpia grudziadz|sandecja nowy sacz|2026-06-02,totals|under|2.50|,totals,Under,2.5,,2.33,2.2162,"[""Bet365"", ""Unibet"", ""Betfair Exchange""]","[""odds_api_io""]",3,4.251,
soccer|olimpia grudziadz|sandecja nowy sacz|2026-06-02,spreads|olimpia grudziadz|-2.50|home,spreads,Olimpia Grudziadz,-2.5,home,7.72,6.4433,"[""Bet365"", ""Betfair Exchange""]","[""odds_api_io""]",2,5.228,
soccer|olimpia grudziadz|sandecja nowy sacz|2026-06-02,spreads|sandecja nowy sacz|2.50|away,spreads,Sandecja Nowy Sacz,2.5,away,1.15,1.1345,"[""Bet365"", ""Betfair Exchange""]","[""odds_api_io""]",2,2.329,
soccer|olimpia grudziadz|sandecja nowy sacz|2026-06-02,spreads|olimpia grudziadz|-2.25|home,spreads,Olimpia Grudziadz,-2.25,home,7.17,6.0787,"[""Bet365"", ""Betfair Exchange""]","[""odds_api_io""]",2,5.101,
soccer|olimpia grudziadz|sandecja nowy sacz|2026-06-02,spreads|sandecja nowy sacz|2.25|away,spreads,Sandecja Nowy Sacz,2.25,away,1.16,1.1445,"[""Bet365"", ""Betfair Exchange""]","[""odds_api_io""]",2,2.289,
soccer|olimpia grudziadz|sandecja nowy sacz|2026-06-02,spreads|olimpia grudziadz|-2.00|home,spreads,Olimpia Grudziadz,-2.0,home,7.6,6.0523,"[""Bet365"", ""Betfair Exchange""]","[""odds_api_io""]",3,8.347,
soccer|olimpia grudziadz|sandecja nowy sacz|2026-06-02,spreads|sandecja nowy sacz|2.00|away,spreads,Sandecja Nowy Sacz,2.0,away,1.32,1.2089,"[""Bet365"", ""Betfair Exchange""]","[""odds_api_io""]",3,11.962,
soccer|olimpia grudziadz|sandecja nowy sacz|2026-06-02,spreads|olimpia grudziadz|-1.75|home,spreads,Olimpia Grudziadz,-1.75,home,4.48,3.9695,"[""Bet365"", ""Betfair Exchange""]","[""odds_api_io""]",2,5.848,
soccer|olimpia grudziadz|sandecja nowy sacz|2026-06-02,spreads|sandecja nowy sacz|1.75|away,spreads,Sandecja Nowy Sacz,1.75,away,1.275,1.2517,"[""Bet365"", ""Betfair Exchange""]","[""odds_api_io""]",2,2.869,
soccer|olimpia grudziadz|sandecja nowy sacz|2026-06-02,spreads|olimpia grudziadz|-1.50|home,spreads,Olimpia Grudziadz,-1.5,home,3.52,3.244,"[""Bet365"", ""Betfair Exchange""]","[""odds_api_io""]",2,4.924,
soccer|olimpia grudziadz|sandecja nowy sacz|2026-06-02,spreads|sandecja nowy sacz|1.50|away,spreads,Sandecja Nowy Sacz,1.5,away,1.375,1.3464,"[""Bet365"", ""Betfair Exchange""]","[""odds_api_io""]",2,3.03,
soccer|olimpia grudziadz|sandecja nowy sacz|2026-06-02,spreads|olimpia grudziadz|-1.25|home,spreads,Olimpia Grudziadz,-1.25,home,3.13,2.8888,"[""Bet365"", ""Betfair Exchange""]","[""odds_api_io""]",2,5.434,
soccer|olimpia grudziadz|sandecja nowy sacz|2026-06-02,spreads|sandecja nowy sacz|1.25|away,spreads,Sandecja Nowy Sacz,1.25,away,7.0,2.2777,"[""Bet365"", ""Betfair Exchange""]","[""odds_api_io""]",2,58.178,
soccer|olimpia grudziadz|sandecja nowy sacz|2026-06-02,spreads|olimpia grudziadz|-1.00|home,spreads,Olimpia Grudziadz,-1.0,home,3.5,2.8518,"[""Bet365"", ""Unibet"", ""Betfair Exchange""]","[""odds_api_io""]",4,13.534,
soccer|olimpia grudziadz|sandecja nowy sacz|2026-06-02,spreads|sandecja nowy sacz|1.00|away,spreads,Sandecja Nowy Sacz,1.0,away,6.6,2.0377,"[""Bet365"", ""Unibet"", ""Betfair Exchange""]","[""odds_api_io""]",4,52.876,
soccer|olimpia grudziadz|sandecja nowy sacz|2026-06-02,spreads|olimpia grudziadz|-0.75|home,spreads,Olimpia Grudziadz,-0.75,home,2.26,2.1518,"[""Bet365"", ""Betfair Exchange""]","[""odds_api_io""]",2,4.533,
soccer|olimpia grudziadz|sandecja nowy sacz|2026-06-02,spreads|sandecja nowy sacz|0.75|away,spreads,Sandecja Nowy Sacz,0.75,away,4.5,2.4476,"[""Bet365"", ""Betfair Exchange""]","[""odds_api_io""]",2,36.601,
soccer|olimpia grudziadz|sandecja nowy sacz|2026-06-02,spreads|olimpia grudziadz|-0.25|home,spreads,Olimpia Grudziadz,-0.25,home,1.73,1.6768,"[""Bet365"", ""Betfair Exchange""]","[""odds_api_io""]",2,3.735,
soccer|olimpia grudziadz|sandecja nowy sacz|2026-06-02,spreads|sandecja nowy sacz|0.25|away,spreads,Sandecja Nowy Sacz,0.25,away,3.3,2.6593,"[""Bet365"", ""Betfair Exchange""]","[""odds_api_io""]",2,14.34,
soccer|olimpia grudziadz|sandecja nowy sacz|2026-06-02,spreads|olimpia grudziadz|0.00|home,spreads,Olimpia Grudziadz,0.0,home,1.48,1.4396,"[""Bet365"", ""Betfair Exchange""]","[""odds_api_io""]",2,3.861,
soccer|olimpia grudziadz|sandecja nowy sacz|2026-06-02,spreads|sandecja nowy sacz|-0.00|away,spreads,Sandecja Nowy Sacz,-0.0,away,2.85,2.8346,"[""Bet365"", ""Betfair Exchange""]","[""odds_api_io""]",2,0.373,
soccer|olimpia grudziadz|sandecja nowy sacz|2026-06-02,spreads|olimpia grudziadz|0.25|home,spreads,Olimpia Grudziadz,0.25,home,1.38,1.3524,"[""Bet365"", ""Betfair Exchange""]","[""odds_api_io""]",2,3.008,
soccer|olimpia grudziadz|sandecja nowy sacz|2026-06-02,spreads|sandecja nowy sacz|-0.25|away,spreads,Sandecja Nowy Sacz,-0.25,away,3.28,2.6781,"[""Bet365"", ""Betfair Exchange""]","[""odds_api_io""]",2,13.957,
soccer|olimpia grudziadz|sandecja nowy sacz|2026-06-02,spreads|olimpia grudziadz|0.50|home,spreads,Olimpia Grudziadz,0.5,home,1.32,1.2898,"[""Bet365"", ""Betfair Exchange""]","[""odds_api_io""]",2,3.608,
soccer|olimpia grudziadz|sandecja nowy sacz|2026-06-02,spreads|sandecja nowy sacz|-0.50|away,spreads,Sandecja Nowy Sacz,-0.5,away,3.75,3.7253,"[""Bet365"", ""Betfair Exchange""]","[""odds_api_io""]",2,0.36,
soccer|olimpia grudziadz|sandecja nowy sacz|2026-06-02,spreads|olimpia grudziadz|0.75|home,spreads,Olimpia Grudziadz,0.75,home,1.22,1.2051,"[""Bet365"", ""Betfair Exchange""]","[""odds_api_io""]",2,2.066,
soccer|olimpia grudziadz|sandecja nowy sacz|2026-06-02,spreads|sandecja nowy sacz|-0.75|away,spreads,Sandecja Nowy Sacz,-0.75,away,4.8,2.5868,"[""Bet365"", ""Betfair Exchange""]","[""odds_api_io""]",2,36.31,
soccer|olimpia grudziadz|sandecja nowy sacz|2026-06-02,spreads|olimpia grudziadz|1.00|home,spreads,Olimpia Grudziadz,1.0,home,1.32,1.1911,"[""Bet365"", ""Unibet"", ""Betfair Exchange""]","[""odds_api_io""]",4,14.333,
soccer|olimpia grudziadz|sandecja nowy sacz|2026-06-02,spreads|sandecja nowy sacz|-1.00|away,spreads,Sandecja Nowy Sacz,-1.0,away,8.2,3.6736,"[""Bet365"", ""Unibet"", ""Betfair Exchange""]","[""odds_api_io""]",4,52.321,
soccer|olimpia grudziadz|sandecja nowy sacz|2026-06-02,spreads|olimpia grudziadz|1.25|home,spreads,Olimpia Grudziadz,1.25,home,1.11,1.1051,"[""Bet365"", ""Betfair Exchange""]","[""odds_api_io""]",2,0.819,
soccer|olimpia grudziadz|sandecja nowy sacz|2026-06-02,spreads|sandecja nowy sacz|-1.25|away,spreads,Sandecja Nowy Sacz,-1.25,away,7.78,2.4753,"[""Bet365"", ""Betfair Exchange""]","[""odds_api_io""]",2,56.112,
soccer|olimpia grudziadz|sandecja nowy sacz|2026-06-02,doubleChance|1x||,doubleChance,1X,,,1.32,1.2597,"[""Unibet"", ""Betfair Exchange""]","[""odds_api_io""]",2,7.576,
soccer|olimpia grudziadz|sandecja nowy sacz|2026-06-02,doubleChance|12||,doubleChance,12,,,1.43,1.3705,"[""Unibet"", ""Betfair Exchange""]","[""odds_api_io""]",2,5.828,
soccer|olimpia grudziadz|sandecja nowy sacz|2026-06-02,doubleChance|x2||,doubleChance,X2,,,1.94,1.6374,"[""Unibet"", ""Betfair Exchange""]","[""odds_api_io""]",2,19.882,
soccer|olimpia grudziadz|sandecja nowy sacz|2026-06-02,totals|over|1.50|,totals,Over,1.5,,1.23,1.2005,"[""Unibet"", ""Betfair Exchange""]","[""odds_api_io""]",2,4.169,
soccer|olimpia grudziadz|sandecja nowy sacz|2026-06-02,totals|under|1.50|,totals,Under,1.5,,4.9,4.4232,"[""Unibet"", ""Betfair Exchange""]","[""odds_api_io""]",2,4.592,
soccer|olimpia grudziadz|sandecja nowy sacz|2026-06-02,totals|over|3.50|,totals,Over,3.5,,2.74,2.5822,"[""Unibet"", ""Betfair Exchange""]","[""odds_api_io""]",2,4.656,
soccer|olimpia grudziadz|sandecja nowy sacz|2026-06-02,totals|under|3.50|,totals,Under,3.5,,1.51,1.4806,"[""Unibet"", ""Betfair Exchange""]","[""odds_api_io""]",2,2.74,
soccer|olimpia grudziadz|sandecja nowy sacz|2026-06-02,totals|over|4.50|,totals,Over,4.5,,5.2,4.6078,"[""Unibet"", ""Betfair Exchange""]","[""odds_api_io""]",2,5.159,
soccer|olimpia grudziadz|sandecja nowy sacz|2026-06-02,totals|under|4.50|,totals,Under,4.5,,1.2,1.1854,"[""Unibet"", ""Betfair Exchange""]","[""odds_api_io""]",2,2.137,
soccer|olimpia grudziadz|sandecja nowy sacz|2026-06-02,btts|yes||,btts,Yes,,,1.67,1.5732,"[""Unibet"", ""Betfair Exchange""]","[""odds_api_io""]",2,7.687,
soccer|olimpia grudziadz|sandecja nowy sacz|2026-06-02,btts|no||,btts,No,,,2.32,2.3104,"[""Unibet"", ""Betfair Exchange""]","[""odds_api_io""]",2,0.375,
soccer|olimpia grudziadz|sandecja nowy sacz|2026-06-02,teamTotals|over|1.50|,teamTotals,Over,1.5,,2.33,1.9857,"[""Unibet""]","[""odds_api_io""]",2,14.885,
soccer|olimpia grudziadz|sandecja nowy sacz|2026-06-02,teamTotals|under|1.50|,teamTotals,Under,1.5,,1.88,1.6436,"[""Unibet""]","[""odds_api_io""]",2,15.302,
soccer|olimpia grudziadz|sandecja nowy sacz|2026-06-02,spreads|olimpia grudziadz|-3.75|home,spreads,Olimpia Grudziadz,-3.75,home,16.31,16.31,"[""Betfair Exchange""]","[""odds_api_io""]",1,,
soccer|olimpia grudziadz|sandecja nowy sacz|2026-06-02,spreads|sandecja nowy sacz|3.75|away,spreads,Sandecja Nowy Sacz,3.75,away,1.01,1.01,"[""Betfair Exchange""]","[""odds_api_io""]",1,,
soccer|olimpia grudziadz|sandecja nowy sacz|2026-06-02,spreads|olimpia grudziadz|-3.00|home,spreads,Olimpia Grudziadz,-3.0,home,16.0,15.6839,"[""Betfair Exchange""]","[""odds_api_io""]",2,0.252,
soccer|olimpia grudziadz|sandecja nowy sacz|2026-06-02,spreads|sandecja nowy sacz|3.00|away,spreads,Sandecja Nowy Sacz,3.0,away,1.12,1.0731,"[""Betfair Exchange""]","[""odds_api_io""]",2,7.802,
soccer|olimpia grudziadz|sandecja nowy sacz|2026-06-02,spreads|olimpia grudziadz|-3.25|home,spreads,Olimpia Grudziadz,-3.25,home,15.84,15.84,"[""Betfair Exchange""]","[""odds_api_io""]",1,,
soccer|olimpia grudziadz|sandecja nowy sacz|2026-06-02,spreads|sandecja nowy sacz|3.25|away,spreads,Sandecja Nowy Sacz,3.25,away,1.03,1.03,"[""Betfair Exchange""]","[""odds_api_io""]",1,,
soccer|olimpia grudziadz|sandecja nowy sacz|2026-06-02,spreads|olimpia grudziadz|-2.75|home,spreads,Olimpia Grudziadz,-2.75,home,10.35,10.35,"[""Betfair Exchange""]","[""odds_api_io""]",1,,
soccer|olimpia grudziadz|sandecja nowy sacz|2026-06-02,spreads|sandecja nowy sacz|2.75|away,spreads,Sandecja Nowy Sacz,2.75,away,1.08,1.08,"[""Betfair Exchange""]","[""odds_api_io""]",1,,
soccer|olimpia grudziadz|sandecja nowy sacz|2026-06-02,spreads|olimpia grudziadz|-3.50|home,spreads,Olimpia Grudziadz,-3.5,home,16.31,16.31,"[""Betfair Exchange""]","[""odds_api_io""]",1,,
soccer|olimpia grudziadz|sandecja nowy sacz|2026-06-02,spreads|sandecja nowy sacz|3.50|away,spreads,Sandecja Nowy Sacz,3.5,away,1.03,1.03,"[""Betfair Exchange""]","[""odds_api_io""]",1,,
soccer|olimpia grudziadz|sandecja nowy sacz|2026-06-02,spreads|olimpia grudziadz|2.00|home,spreads,Olimpia Grudziadz,2.0,home,1.1,1.0638,"[""Betfair Exchange""]","[""odds_api_io""]",2,6.178,
soccer|olimpia grudziadz|sandecja nowy sacz|2026-06-02,spreads|sandecja nowy sacz|-2.00|away,spreads,Sandecja Nowy Sacz,-2.0,away,23.0,22.0742,"[""Betfair Exchange""]","[""odds_api_io""]",2,0.365,
soccer|olimpia grudziadz|sandecja nowy sacz|2026-06-02,spreads|olimpia grudziadz|1.75|home,spreads,Olimpia Grudziadz,1.75,home,1.07,1.07,"[""Betfair Exchange""]","[""odds_api_io""]",1,,
soccer|olimpia grudziadz|sandecja nowy sacz|2026-06-02,spreads|sandecja nowy sacz|-1.75|away,spreads,Sandecja Nowy Sacz,-1.75,away,11.8,11.8,"[""Betfair Exchange""]","[""odds_api_io""]",1,,
soccer|olimpia grudziadz|sandecja nowy sacz|2026-06-02,spreads|olimpia grudziadz|1.50|home,spreads,Olimpia Grudziadz,1.5,home,1.1,1.1,"[""Betfair Exchange""]","[""odds_api_io""]",1,,
soccer|olimpia grudziadz|sandecja nowy sacz|2026-06-02,spreads|sandecja nowy sacz|-1.50|away,spreads,Sandecja Nowy Sacz,-1.5,away,8.22,8.22,"[""Betfair Exchange""]","[""odds_api_io""]",1,,
soccer|olimpia grudziadz|sandecja nowy sacz|2026-06-02,spreads|olimpia grudziadz|2.50|home,spreads,Olimpia Grudziadz,2.5,home,1.02,1.02,"[""Betfair Exchange""]","[""odds_api_io""]",1,,
soccer|olimpia grudziadz|sandecja nowy sacz|2026-06-02,spreads|sandecja nowy sacz|-2.50|away,spreads,Sandecja Nowy Sacz,-2.5,away,23.0,23.0,"[""Betfair Exchange""]","[""odds_api_io""]",1,,
soccer|olimpia grudziadz|sandecja nowy sacz|2026-06-02,spreads|olimpia grudziadz|2.25|home,spreads,Olimpia Grudziadz,2.25,home,1.02,1.02,"[""Betfair Exchange""]","[""odds_api_io""]",1,,
soccer|olimpia grudziadz|sandecja nowy sacz|2026-06-02,spreads|sandecja nowy sacz|-2.25|away,spreads,Sandecja Nowy Sacz,-2.25,away,22.11,22.11,"[""Betfair Exchange""]","[""odds_api_io""]",1,,
soccer|olimpia grudziadz|sandecja nowy sacz|2026-06-02,spreads|olimpia grudziadz|2.75|home,spreads,Olimpia Grudziadz,2.75,home,1.01,1.01,"[""Betfair Exchange""]","[""odds_api_io""]",1,,
soccer|olimpia grudziadz|sandecja nowy sacz|2026-06-02,spreads|sandecja nowy sacz|-2.75|away,spreads,Sandecja Nowy Sacz,-2.75,away,29.57,29.57,"[""Betfair Exchange""]","[""odds_api_io""]",1,,
soccer|olimpia grudziadz|sandecja nowy sacz|2026-06-02,totals|over|3.00|,totals,Over,3.0,,2.12,2.0901,"[""Betfair Exchange"", ""Sbobet""]","[""odds_api_io""]",2,1.374,
soccer|olimpia grudziadz|sandecja nowy sacz|2026-06-02,totals|under|3.00|,totals,Under,3.0,,1.75,1.7451,"[""Betfair Exchange"", ""Sbobet""]","[""odds_api_io""]",2,0.328,
soccer|olimpia grudziadz|sandecja nowy sacz|2026-06-02,totals|over|4.75|,totals,Over,4.75,,6.76,6.76,"[""Betfair Exchange""]","[""odds_api_io""]",1,,
soccer|olimpia grudziadz|sandecja nowy sacz|2026-06-02,totals|under|4.75|,totals,Under,4.75,,1.15,1.15,"[""Betfair Exchange""]","[""odds_api_io""]",1,,
soccer|olimpia grudziadz|sandecja nowy sacz|2026-06-02,totals|over|2.00|,totals,Over,2.0,,1.31,1.31,"[""Betfair Exchange""]","[""odds_api_io""]",1,,
soccer|olimpia grudziadz|sandecja nowy sacz|2026-06-02,totals|under|2.00|,totals,Under,2.0,,3.63,3.63,"[""Betfair Exchange""]","[""odds_api_io""]",1,,
soccer|olimpia grudziadz|sandecja nowy sacz|2026-06-02,totals|over|2.25|,totals,Over,2.25,,1.5,1.5,"[""Betfair Exchange""]","[""odds_api_io""]",1,,
soccer|olimpia grudziadz|sandecja nowy sacz|2026-06-02,totals|under|2.25|,totals,Under,2.25,,2.77,2.77,"[""Betfair Exchange""]","[""odds_api_io""]",1,,
soccer|olimpia grudziadz|sandecja nowy sacz|2026-06-02,totals|over|4.25|,totals,Over,4.25,,4.75,4.75,"[""Betfair Exchange""]","[""odds_api_io""]",1,,
soccer|olimpia grudziadz|sandecja nowy sacz|2026-06-02,totals|under|4.25|,totals,Under,4.25,,1.22,1.22,"[""Betfair Exchange""]","[""odds_api_io""]",1,,
soccer|olimpia grudziadz|sandecja nowy sacz|2026-06-02,totals|over|5.00|,totals,Over,5.0,,10.18,10.18,"[""Betfair Exchange""]","[""odds_api_io""]",1,,
soccer|olimpia grudziadz|sandecja nowy sacz|2026-06-02,totals|under|5.00|,totals,Under,5.0,,1.08,1.08,"[""Betfair Exchange""]","[""odds_api_io""]",1,,
soccer|olimpia grudziadz|sandecja nowy sacz|2026-06-02,totals|over|4.00|,totals,Over,4.0,,4.3,4.3,"[""Betfair Exchange""]","[""odds_api_io""]",1,,
soccer|olimpia grudziadz|sandecja nowy sacz|2026-06-02,totals|under|4.00|,totals,Under,4.0,,1.23,1.23,"[""Betfair Exchange""]","[""odds_api_io""]",1,,
soccer|olimpia grudziadz|sandecja nowy sacz|2026-06-02,totals|over|3.75|,totals,Over,3.75,,3.27,3.27,"[""Betfair Exchange""]","[""odds_api_io""]",1,,
soccer|olimpia grudziadz|sandecja nowy sacz|2026-06-02,totals|under|3.75|,totals,Under,3.75,,1.32,1.32,"[""Betfair Exchange""]","[""odds_api_io""]",1,,
soccer|olimpia grudziadz|sandecja nowy sacz|2026-06-02,totals|over|5.25|,totals,Over,5.25,,10.59,10.59,"[""Betfair Exchange""]","[""odds_api_io""]",1,,
soccer|olimpia grudziadz|sandecja nowy sacz|2026-06-02,totals|under|5.25|,totals,Under,5.25,,1.08,1.08,"[""Betfair Exchange""]","[""odds_api_io""]",1,,
soccer|olimpia grudziadz|sandecja nowy sacz|2026-06-02,totals|over|5.50|,totals,Over,5.5,,11.0,11.0,"[""Betfair Exchange""]","[""odds_api_io""]",1,,
soccer|olimpia grudziadz|sandecja nowy sacz|2026-06-02,totals|under|5.50|,totals,Under,5.5,,1.07,1.07,"[""Betfair Exchange""]","[""odds_api_io""]",1,,
soccer|olimpia grudziadz|sandecja nowy sacz|2026-06-02,totals|over|1.25|,totals,Over,1.25,,1.14,1.14,"[""Betfair Exchange""]","[""odds_api_io""]",1,,
soccer|olimpia grudziadz|sandecja nowy sacz|2026-06-02,totals|under|1.25|,totals,Under,1.25,,7.01,7.01,"[""Betfair Exchange""]","[""odds_api_io""]",1,,
soccer|olimpia grudziadz|sandecja nowy sacz|2026-06-02,totals|over|1.75|,totals,Over,1.75,,1.26,1.26,"[""Betfair Exchange""]","[""odds_api_io""]",1,,
soccer|olimpia grudziadz|sandecja nowy sacz|2026-06-02,totals|under|1.75|,totals,Under,1.75,,4.12,4.12,"[""Betfair Exchange""]","[""odds_api_io""]",1,,
soccer|olimpia grudziadz|sandecja nowy sacz|2026-06-02,totals|over|1.00|,totals,Over,1.0,,1.06,1.06,"[""Betfair Exchange""]","[""odds_api_io""]",1,,
soccer|olimpia grudziadz|sandecja nowy sacz|2026-06-02,totals|under|1.00|,totals,Under,1.0,,12.83,12.83,"[""Betfair Exchange""]","[""odds_api_io""]",1,,
soccer|olimpia grudziadz|sandecja nowy sacz|2026-06-02,totals|over|0.75|,totals,Over,0.75,,1.05,1.05,"[""Betfair Exchange""]","[""odds_api_io""]",1,,
soccer|olimpia grudziadz|sandecja nowy sacz|2026-06-02,totals|under|0.75|,totals,Under,0.75,,13.85,13.85,"[""Betfair Exchange""]","[""odds_api_io""]",1,,
soccer|olimpia grudziadz|sandecja nowy sacz|2026-06-02,totals|over|3.25|,totals,Over,3.25,,2.43,2.43,"[""Betfair Exchange""]","[""odds_api_io""]",1,,
soccer|olimpia grudziadz|sandecja nowy sacz|2026-06-02,totals|under|3.25|,totals,Under,3.25,,1.62,1.62,"[""Betfair Exchange""]","[""odds_api_io""]",1,,
soccer|olimpia grudziadz|sandecja nowy sacz|2026-06-02,totals|over|0.50|,totals,Over,0.5,,1.05,1.05,"[""Betfair Exchange""]","[""odds_api_io""]",1,,
soccer|olimpia grudziadz|sandecja nowy sacz|2026-06-02,totals|under|0.50|,totals,Under,0.5,,17.66,17.66,"[""Betfair Exchange""]","[""odds_api_io""]",1,,
soccer|olimpia grudziadz|sandecja nowy sacz|2026-06-02,totals|over|5.75|,totals,Over,5.75,,15.05,15.05,"[""Betfair Exchange""]","[""odds_api_io""]",1,,
soccer|olimpia grudziadz|sandecja nowy sacz|2026-06-02,totals|under|5.75|,totals,Under,5.75,,1.05,1.05,"[""Betfair Exchange""]","[""odds_api_io""]",1,,
soccer|olimpia grudziadz|sandecja nowy sacz|2026-06-02,spreads|olimpia grudziadz|3.00|home,spreads,Olimpia Grudziadz,3.0,home,1.02,1.02,"[""Betfair Exchange""]","[""odds_api_io""]",1,,
soccer|olimpia grudziadz|sandecja nowy sacz|2026-06-02,spreads|sandecja nowy sacz|-3.00|away,spreads,Sandecja Nowy Sacz,-3.0,away,42.0,42.0,"[""Betfair Exchange""]","[""odds_api_io""]",1,,
soccer|malaysia|singapore|2026-06-02,h2h|malaysia u19||home,h2h,Malaysia U19,,home,1.22,1.2,"[""Bet365"", ""Betfair Exchange"", ""Sbobet""]","[""odds_api_io""]",3,2.779,
soccer|malaysia|singapore|2026-06-02,h2h|draw||,h2h,Draw,,,7.6,6.518,"[""Bet365"", ""Betfair Exchange"", ""Sbobet""]","[""odds_api_io""]",3,3.791,
soccer|malaysia|singapore|2026-06-02,h2h|singapore u19||away,h2h,Singapore U19,,away,17.0,10.7231,"[""Bet365"", ""Betfair Exchange"", ""Sbobet""]","[""odds_api_io""]",3,5.229,
soccer|malaysia|singapore|2026-06-02,dnb|malaysia u19|0.00|home,dnb,Malaysia U19,0.0,home,1.062,1.0559,"[""Bet365"", ""Betfair Exchange""]","[""odds_api_io""]",2,1.076,
soccer|malaysia|singapore|2026-06-02,dnb|singapore u19|0.00|away,dnb,Singapore U19,0.0,away,8.0,3.1527,"[""Bet365"", ""Betfair Exchange""]","[""odds_api_io""]",2,37.751,
soccer|malaysia|singapore|2026-06-02,spreads|malaysia u19|-2.00|home,spreads,Malaysia U19,-2.0,home,2.26,1.8627,"[""Bet365"", ""Betfair Exchange"", ""Sbobet""]","[""odds_api_io""]",4,22.866,
soccer|malaysia|singapore|2026-06-02,spreads|singapore u19|2.00|away,spreads,Singapore U19,2.0,away,2.26,1.9512,"[""Bet365"", ""Betfair Exchange"", ""Sbobet""]","[""odds_api_io""]",4,10.397,
soccer|malaysia|singapore|2026-06-02,totals|over|3.25|,totals,Over,3.25,,1.925,1.8603,"[""Bet365"", ""Betfair Exchange"", ""Sbobet""]","[""odds_api_io""]",3,2.997,
soccer|malaysia|singapore|2026-06-02,totals|under|3.25|,totals,Under,3.25,,2.0,1.8756,"[""Bet365"", ""Betfair Exchange"", ""Sbobet""]","[""odds_api_io""]",3,6.497,
soccer|malaysia|singapore|2026-06-02,totals|over|2.50|,totals,Over,2.5,,1.533,1.4733,"[""Bet365"", ""Betfair Exchange""]","[""odds_api_io""]",2,5.191,
soccer|malaysia|singapore|2026-06-02,totals|under|2.50|,totals,Under,2.5,,2.55,2.461,"[""Bet365"", ""Betfair Exchange""]","[""odds_api_io""]",2,2.89,
soccer|malaysia|singapore|2026-06-02,doubleChance|1x||,doubleChance,1X,,,1.04,1.04,"[""Betfair Exchange""]","[""odds_api_io""]",1,,
soccer|malaysia|singapore|2026-06-02,doubleChance|12||,doubleChance,12,,,1.1,1.1,"[""Betfair Exchange""]","[""odds_api_io""]",1,,
soccer|malaysia|singapore|2026-06-02,doubleChance|x2||,doubleChance,X2,,,1.99,1.99,"[""Betfair Exchange""]","[""odds_api_io""]",1,,
soccer|malaysia|singapore|2026-06-02,spreads|malaysia u19|-2.50|home,spreads,Malaysia U19,-2.5,home,1.49,1.49,"[""Betfair Exchange""]","[""odds_api_io""]",1,,
soccer|malaysia|singapore|2026-06-02,spreads|singapore u19|2.50|away,spreads,Singapore U19,2.5,away,1.57,1.57,"[""Betfair Exchange""]","[""odds_api_io""]",1,,
soccer|malaysia|singapore|2026-06-02,spreads|malaysia u19|-3.00|home,spreads,Malaysia U19,-3.0,home,4.0,2.1712,"[""Betfair Exchange""]","[""odds_api_io""]",2,42.114,
soccer|malaysia|singapore|2026-06-02,spreads|singapore u19|3.00|away,spreads,Singapore U19,3.0,away,1.51,1.3855,"[""Betfair Exchange""]","[""odds_api_io""]",2,11.9,
soccer|malaysia|singapore|2026-06-02,spreads|malaysia u19|-0.75|home,spreads,Malaysia U19,-0.75,home,1.19,1.19,"[""Betfair Exchange""]","[""odds_api_io""]",1,,
soccer|malaysia|singapore|2026-06-02,spreads|singapore u19|0.75|away,spreads,Singapore U19,0.75,away,1.49,1.49,"[""Betfair Exchange""]","[""odds_api_io""]",1,,
soccer|malaysia|singapore|2026-06-02,spreads|malaysia u19|0.50|home,spreads,Malaysia U19,0.5,home,1.04,1.04,"[""Betfair Exchange""]","[""odds_api_io""]",1,,
soccer|malaysia|singapore|2026-06-02,spreads|singapore u19|-0.50|away,spreads,Singapore U19,-0.5,away,1.49,1.49,"[""Betfair Exchange""]","[""odds_api_io""]",1,,
soccer|malaysia|singapore|2026-06-02,spreads|malaysia u19|-1.50|home,spreads,Malaysia U19,-1.5,home,1.49,1.49,"[""Betfair Exchange""]","[""odds_api_io""]",1,,
soccer|malaysia|singapore|2026-06-02,spreads|singapore u19|1.50|away,spreads,Singapore U19,1.5,away,1.49,1.49,"[""Betfair Exchange""]","[""odds_api_io""]",1,,
soccer|malaysia|singapore|2026-06-02,spreads|malaysia u19|-2.75|home,spreads,Malaysia U19,-2.75,home,1.49,1.49,"[""Betfair Exchange""]","[""odds_api_io""]",1,,
soccer|malaysia|singapore|2026-06-02,spreads|singapore u19|2.75|away,spreads,Singapore U19,2.75,away,1.39,1.39,"[""Betfair Exchange""]","[""odds_api_io""]",1,,
soccer|malaysia|singapore|2026-06-02,spreads|malaysia u19|-0.50|home,spreads,Malaysia U19,-0.5,home,1.16,1.16,"[""Betfair Exchange""]","[""odds_api_io""]",1,,
soccer|malaysia|singapore|2026-06-02,spreads|singapore u19|0.50|away,spreads,Singapore U19,0.5,away,1.49,1.49,"[""Betfair Exchange""]","[""odds_api_io""]",1,,
soccer|malaysia|singapore|2026-06-02,spreads|malaysia u19|-1.25|home,spreads,Malaysia U19,-1.25,home,1.37,1.37,"[""Betfair Exchange""]","[""odds_api_io""]",1,,
soccer|malaysia|singapore|2026-06-02,spreads|singapore u19|1.25|away,spreads,Singapore U19,1.25,away,1.49,1.49,"[""Betfair Exchange""]","[""odds_api_io""]",1,,
soccer|malaysia|singapore|2026-06-02,spreads|malaysia u19|-3.25|home,spreads,Malaysia U19,-3.25,home,1.49,1.49,"[""Betfair Exchange""]","[""odds_api_io""]",1,,
soccer|malaysia|singapore|2026-06-02,spreads|singapore u19|3.25|away,spreads,Singapore U19,3.25,away,1.24,1.24,"[""Betfair Exchange""]","[""odds_api_io""]",1,,
soccer|malaysia|singapore|2026-06-02,spreads|malaysia u19|-3.75|home,spreads,Malaysia U19,-3.75,home,1.49,1.49,"[""Betfair Exchange""]","[""odds_api_io""]",1,,
soccer|malaysia|singapore|2026-06-02,spreads|singapore u19|3.75|away,spreads,Singapore U19,3.75,away,1.17,1.17,"[""Betfair Exchange""]","[""odds_api_io""]",1,,
soccer|malaysia|singapore|2026-06-02,spreads|malaysia u19|-1.00|home,spreads,Malaysia U19,-1.0,home,1.51,1.3496,"[""Betfair Exchange""]","[""odds_api_io""]",2,15.742,
soccer|malaysia|singapore|2026-06-02,spreads|singapore u19|1.00|away,spreads,Singapore U19,1.0,away,4.9,2.2851,"[""Betfair Exchange""]","[""odds_api_io""]",2,46.706,
soccer|malaysia|singapore|2026-06-02,spreads|malaysia u19|-1.75|home,spreads,Malaysia U19,-1.75,home,1.7,1.6583,"[""Betfair Exchange"", ""Sbobet""]","[""odds_api_io""]",2,2.905,
soccer|malaysia|singapore|2026-06-02,spreads|singapore u19|1.75|away,spreads,Singapore U19,1.75,away,2.16,1.7576,"[""Betfair Exchange"", ""Sbobet""]","[""odds_api_io""]",2,20.818,
soccer|malaysia|singapore|2026-06-02,spreads|malaysia u19|-4.00|home,spreads,Malaysia U19,-4.0,home,6.48,6.48,"[""Betfair Exchange""]","[""odds_api_io""]",1,,
soccer|malaysia|singapore|2026-06-02,spreads|singapore u19|4.00|away,spreads,Singapore U19,4.0,away,1.09,1.09,"[""Betfair Exchange""]","[""odds_api_io""]",1,,
soccer|malaysia|singapore|2026-06-02,spreads|malaysia u19|-3.50|home,spreads,Malaysia U19,-3.5,home,1.49,1.49,"[""Betfair Exchange""]","[""odds_api_io""]",1,,
soccer|malaysia|singapore|2026-06-02,spreads|singapore u19|3.50|away,spreads,Singapore U19,3.5,away,1.24,1.24,"[""Betfair Exchange""]","[""odds_api_io""]",1,,
soccer|malaysia|singapore|2026-06-02,spreads|malaysia u19|-0.25|home,spreads,Malaysia U19,-0.25,home,1.1,1.1,"[""Betfair Exchange""]","[""odds_api_io""]",1,,
soccer|malaysia|singapore|2026-06-02,spreads|singapore u19|0.25|away,spreads,Singapore U19,0.25,away,1.49,1.49,"[""Betfair Exchange""]","[""odds_api_io""]",1,,
soccer|malaysia|singapore|2026-06-02,spreads|malaysia u19|-2.25|home,spreads,Malaysia U19,-2.25,home,1.49,1.49,"[""Betfair Exchange""]","[""odds_api_io""]",1,,
soccer|malaysia|singapore|2026-06-02,spreads|singapore u19|2.25|away,spreads,Singapore U19,2.25,away,1.49,1.49,"[""Betfair Exchange""]","[""odds_api_io""]",1,,
soccer|malaysia|singapore|2026-06-02,spreads|malaysia u19|0.00|home,spreads,Malaysia U19,0.0,home,1.05,1.05,"[""Betfair Exchange""]","[""odds_api_io""]",1,,
soccer|malaysia|singapore|2026-06-02,spreads|singapore u19|-0.00|away,spreads,Singapore U19,-0.0,away,1.49,1.49,"[""Betfair Exchange""]","[""odds_api_io""]",1,,
soccer|malaysia|singapore|2026-06-02,spreads|malaysia u19|0.25|home,spreads,Malaysia U19,0.25,home,1.04,1.04,"[""Betfair Exchange""]","[""odds_api_io""]",1,,
soccer|malaysia|singapore|2026-06-02,spreads|singapore u19|-0.25|away,spreads,Singapore U19,-0.25,away,1.49,1.49,"[""Betfair Exchange""]","[""odds_api_io""]",1,,
soccer|malaysia|singapore|2026-06-02,spreads|malaysia u19|0.75|home,spreads,Malaysia U19,0.75,home,1.04,1.04,"[""Betfair Exchange""]","[""odds_api_io""]",1,,
soccer|malaysia|singapore|2026-06-02,spreads|singapore u19|-0.75|away,spreads,Singapore U19,-0.75,away,1.49,1.49,"[""Betfair Exchange""]","[""odds_api_io""]",1,,
soccer|malaysia|singapore|2026-06-02,totals|over|3.75|,totals,Over,3.75,,2.35,2.35,"[""Betfair Exchange""]","[""odds_api_io""]",1,,
soccer|malaysia|singapore|2026-06-02,totals|under|3.75|,totals,Under,3.75,,1.48,1.48,"[""Betfair Exchange""]","[""odds_api_io""]",1,,
soccer|malaysia|singapore|2026-06-02,totals|over|6.00|,totals,Over,6.0,,3.49,3.49,"[""Betfair Exchange""]","[""odds_api_io""]",1,,
soccer|malaysia|singapore|2026-06-02,totals|under|6.00|,totals,Under,6.0,,1.04,1.04,"[""Betfair Exchange""]","[""odds_api_io""]",1,,
soccer|malaysia|singapore|2026-06-02,totals|over|5.75|,totals,Over,5.75,,3.49,3.49,"[""Betfair Exchange""]","[""odds_api_io""]",1,,
soccer|malaysia|singapore|2026-06-02,totals|under|5.75|,totals,Under,5.75,,1.07,1.07,"[""Betfair Exchange""]","[""odds_api_io""]",1,,
soccer|malaysia|singapore|2026-06-02,totals|over|2.00|,totals,Over,2.0,,1.18,1.18,"[""Betfair Exchange""]","[""odds_api_io""]",1,,
soccer|malaysia|singapore|2026-06-02,totals|under|2.00|,totals,Under,2.0,,3.49,3.49,"[""Betfair Exchange""]","[""odds_api_io""]",1,,
soccer|malaysia|singapore|2026-06-02,totals|over|2.25|,totals,Over,2.25,,1.3,1.3,"[""Betfair Exchange""]","[""odds_api_io""]",1,,
soccer|malaysia|singapore|2026-06-02,totals|under|2.25|,totals,Under,2.25,,3.16,3.16,"[""Betfair Exchange""]","[""odds_api_io""]",1,,
soccer|malaysia|singapore|2026-06-02,totals|over|6.25|,totals,Over,6.25,,3.49,3.49,"[""Betfair Exchange""]","[""odds_api_io""]",1,,
soccer|malaysia|singapore|2026-06-02,totals|under|6.25|,totals,Under,6.25,,1.04,1.04,"[""Betfair Exchange""]","[""odds_api_io""]",1,,
soccer|malaysia|singapore|2026-06-02,totals|over|4.50|,totals,Over,4.5,,3.48,3.48,"[""Betfair Exchange""]","[""odds_api_io""]",1,,
soccer|malaysia|singapore|2026-06-02,totals|under|4.50|,totals,Under,4.5,,1.26,1.26,"[""Betfair Exchange""]","[""odds_api_io""]",1,,
soccer|malaysia|singapore|2026-06-02,totals|over|1.75|,totals,Over,1.75,,1.16,1.16,"[""Betfair Exchange""]","[""odds_api_io""]",1,,
soccer|malaysia|singapore|2026-06-02,totals|under|1.75|,totals,Under,1.75,,3.49,3.49,"[""Betfair Exchange""]","[""odds_api_io""]",1,,
soccer|malaysia|singapore|2026-06-02,totals|over|3.50|,totals,Over,3.5,,2.09,2.0694,"[""Betfair Exchange"", ""Sbobet""]","[""odds_api_io""]",2,0.934,
soccer|malaysia|singapore|2026-06-02,totals|under|3.50|,totals,Under,3.5,,1.73,1.6722,"[""Betfair Exchange"", ""Sbobet""]","[""odds_api_io""]",2,3.925,
soccer|malaysia|singapore|2026-06-02,totals|over|4.25|,totals,Over,4.25,,3.17,3.17,"[""Betfair Exchange""]","[""odds_api_io""]",1,,
soccer|malaysia|singapore|2026-06-02,totals|under|4.25|,totals,Under,4.25,,1.3,1.3,"[""Betfair Exchange""]","[""odds_api_io""]",1,,
soccer|malaysia|singapore|2026-06-02,totals|over|2.75|,totals,Over,2.75,,1.5,1.5,"[""Betfair Exchange""]","[""odds_api_io""]",1,,
soccer|malaysia|singapore|2026-06-02,totals|under|2.75|,totals,Under,2.75,,2.29,2.29,"[""Betfair Exchange""]","[""odds_api_io""]",1,,
soccer|malaysia|singapore|2026-06-02,totals|over|1.50|,totals,Over,1.5,,1.14,1.14,"[""Betfair Exchange""]","[""odds_api_io""]",1,,
soccer|malaysia|singapore|2026-06-02,totals|under|1.50|,totals,Under,1.5,,3.49,3.49,"[""Betfair Exchange""]","[""odds_api_io""]",1,,
soccer|malaysia|singapore|2026-06-02,totals|over|4.75|,totals,Over,4.75,,3.49,3.49,"[""Betfair Exchange""]","[""odds_api_io""]",1,,
soccer|malaysia|singapore|2026-06-02,totals|under|4.75|,totals,Under,4.75,,1.19,1.19,"[""Betfair Exchange""]","[""odds_api_io""]",1,,
soccer|malaysia|singapore|2026-06-02,totals|over|3.00|,totals,Over,3.0,,1.63,1.63,"[""Betfair Exchange""]","[""odds_api_io""]",1,,
soccer|malaysia|singapore|2026-06-02,totals|under|3.00|,totals,Under,3.0,,2.02,2.02,"[""Betfair Exchange""]","[""odds_api_io""]",1,,
soccer|malaysia|singapore|2026-06-02,totals|over|6.50|,totals,Over,6.5,,3.49,3.49,"[""Betfair Exchange""]","[""odds_api_io""]",1,,
soccer|malaysia|singapore|2026-06-02,totals|under|6.50|,totals,Under,6.5,,1.04,1.04,"[""Betfair Exchange""]","[""odds_api_io""]",1,,
soccer|malaysia|singapore|2026-06-02,totals|over|5.50|,totals,Over,5.5,,3.49,3.49,"[""Betfair Exchange""]","[""odds_api_io""]",1,,
soccer|malaysia|singapore|2026-06-02,totals|under|5.50|,totals,Under,5.5,,1.1,1.1,"[""Betfair Exchange""]","[""odds_api_io""]",1,,
soccer|malaysia|singapore|2026-06-02,totals|over|4.00|,totals,Over,4.0,,2.86,2.86,"[""Betfair Exchange""]","[""odds_api_io""]",1,,
soccer|malaysia|singapore|2026-06-02,totals|under|4.00|,totals,Under,4.0,,1.35,1.35,"[""Betfair Exchange""]","[""odds_api_io""]",1,,
soccer|malaysia|singapore|2026-06-02,totals|over|5.00|,totals,Over,5.0,,3.49,3.49,"[""Betfair Exchange""]","[""odds_api_io""]",1,,
soccer|malaysia|singapore|2026-06-02,totals|under|5.00|,totals,Under,5.0,,1.12,1.12,"[""Betfair Exchange""]","[""odds_api_io""]",1,,
soccer|malaysia|singapore|2026-06-02,totals|over|5.25|,totals,Over,5.25,,3.49,3.49,"[""Betfair Exchange""]","[""odds_api_io""]",1,,
soccer|malaysia|singapore|2026-06-02,totals|under|5.25|,totals,Under,5.25,,1.11,1.11,"[""Betfair Exchange""]","[""odds_api_io""]",1,,
soccer|malaysia|singapore|2026-06-02,totals|over|1.25|,totals,Over,1.25,,1.08,1.08,"[""Betfair Exchange""]","[""odds_api_io""]",1,,
soccer|malaysia|singapore|2026-06-02,totals|under|1.25|,totals,Under,1.25,,3.49,3.49,"[""Betfair Exchange""]","[""odds_api_io""]",1,,
soccer|malaysia|singapore|2026-06-02,btts|yes||,btts,Yes,,,2.26,2.26,"[""Betfair Exchange""]","[""odds_api_io""]",1,,
soccer|malaysia|singapore|2026-06-02,btts|no||,btts,No,,,1.67,1.67,"[""Betfair Exchange""]","[""odds_api_io""]",1,,
soccer|malaysia|singapore|2026-06-02,spreads|malaysia u19|2.00|home,spreads,Malaysia U19,2.0,home,1.01,1.01,"[""Betfair Exchange""]","[""odds_api_io""]",1,,
soccer|malaysia|singapore|2026-06-02,spreads|singapore u19|-2.00|away,spreads,Singapore U19,-2.0,away,1.01,1.01,"[""Betfair Exchange""]","[""odds_api_io""]",1,,
soccer|malaysia|singapore|2026-06-02,spreads|malaysia u19|1.00|home,spreads,Malaysia U19,1.0,home,1.04,1.04,"[""Betfair Exchange""]","[""odds_api_io""]",1,,
soccer|malaysia|singapore|2026-06-02,spreads|singapore u19|-1.00|away,spreads,Singapore U19,-1.0,away,29.0,29.0,"[""Betfair Exchange""]","[""odds_api_io""]",1,,
soccer|fard alborz|sanat mes kerman|2026-06-02,h2h|fc fard alborz||home,h2h,FC Fard Alborz,,home,2.25,2.25,"[""Bet365""]","[""odds_api_io""]",1,,
soccer|fard alborz|sanat mes kerman|2026-06-02,h2h|draw||,h2h,Draw,,,2.625,2.625,"[""Bet365""]","[""odds_api_io""]",1,,
soccer|fard alborz|sanat mes kerman|2026-06-02,h2h|sanat mes kerman fc||away,h2h,Sanat Mes Kerman FC,,away,3.4,3.4,"[""Bet365""]","[""odds_api_io""]",1,,
soccer|fard alborz|sanat mes kerman|2026-06-02,dnb|fc fard alborz|0.00|home,dnb,FC Fard Alborz,0.0,home,1.615,1.615,"[""Bet365""]","[""odds_api_io""]",1,,
soccer|fard alborz|sanat mes kerman|2026-06-02,dnb|sanat mes kerman fc|0.00|away,dnb,Sanat Mes Kerman FC,0.0,away,2.2,2.2,"[""Bet365""]","[""odds_api_io""]",1,,
soccer|fard alborz|sanat mes kerman|2026-06-02,spreads|fc fard alborz|-0.25|home,spreads,FC Fard Alborz,-0.25,home,1.975,1.975,"[""Bet365""]","[""odds_api_io""]",1,,
soccer|fard alborz|sanat mes kerman|2026-06-02,spreads|sanat mes kerman fc|0.25|away,spreads,Sanat Mes Kerman FC,0.25,away,1.825,1.825,"[""Bet365""]","[""odds_api_io""]",1,,
soccer|fard alborz|sanat mes kerman|2026-06-02,totals|over|1.25|,totals,Over,1.25,,1.75,1.75,"[""Bet365""]","[""odds_api_io""]",1,,
soccer|fard alborz|sanat mes kerman|2026-06-02,totals|under|1.25|,totals,Under,1.25,,2.05,2.05,"[""Bet365""]","[""odds_api_io""]",1,,
soccer|fard alborz|sanat mes kerman|2026-06-02,totals|over|2.50|,totals,Over,2.5,,4.0,4.0,"[""Bet365""]","[""odds_api_io""]",1,,
soccer|fard alborz|sanat mes kerman|2026-06-02,totals|under|2.50|,totals,Under,2.5,,1.222,1.222,"[""Bet365""]","[""odds_api_io""]",1,,
soccer|fard alborz|sanat mes kerman|2026-06-02,spreads|fc fard alborz|-1.50|home,spreads,FC Fard Alborz,-1.5,home,5.5,5.5,"[""Bet365""]","[""odds_api_io""]",1,,
soccer|fard alborz|sanat mes kerman|2026-06-02,spreads|sanat mes kerman fc|1.50|away,spreads,Sanat Mes Kerman FC,1.5,away,1.15,1.15,"[""Bet365""]","[""odds_api_io""]",1,,
soccer|fard alborz|sanat mes kerman|2026-06-02,spreads|fc fard alborz|-1.25|home,spreads,FC Fard Alborz,-1.25,home,4.65,4.65,"[""Bet365""]","[""odds_api_io""]",1,,
soccer|fard alborz|sanat mes kerman|2026-06-02,spreads|sanat mes kerman fc|1.25|away,spreads,Sanat Mes Kerman FC,1.25,away,1.18,1.18,"[""Bet365""]","[""odds_api_io""]",1,,
soccer|fard alborz|sanat mes kerman|2026-06-02,spreads|fc fard alborz|-1.00|home,spreads,FC Fard Alborz,-1.0,home,4.1,4.1,"[""Bet365""]","[""odds_api_io""]",1,,
soccer|fard alborz|sanat mes kerman|2026-06-02,spreads|sanat mes kerman fc|1.00|away,spreads,Sanat Mes Kerman FC,1.0,away,1.225,1.225,"[""Bet365""]","[""odds_api_io""]",1,,
soccer|fard alborz|sanat mes kerman|2026-06-02,spreads|fc fard alborz|-0.75|home,spreads,FC Fard Alborz,-0.75,home,2.85,2.85,"[""Bet365""]","[""odds_api_io""]",1,,
soccer|fard alborz|sanat mes kerman|2026-06-02,spreads|sanat mes kerman fc|0.75|away,spreads,Sanat Mes Kerman FC,0.75,away,4.5,4.5,"[""Bet365""]","[""odds_api_io""]",1,,
soccer|fard alborz|sanat mes kerman|2026-06-02,spreads|fc fard alborz|-0.50|home,spreads,FC Fard Alborz,-0.5,home,2.35,2.35,"[""Bet365""]","[""odds_api_io""]",1,,
soccer|fard alborz|sanat mes kerman|2026-06-02,spreads|sanat mes kerman fc|0.50|away,spreads,Sanat Mes Kerman FC,0.5,away,3.45,3.45,"[""Bet365""]","[""odds_api_io""]",1,,
soccer|fard alborz|sanat mes kerman|2026-06-02,spreads|fc fard alborz|0.00|home,spreads,FC Fard Alborz,0.0,home,1.575,1.575,"[""Bet365""]","[""odds_api_io""]",1,,
soccer|fard alborz|sanat mes kerman|2026-06-02,spreads|sanat mes kerman fc|-0.00|away,spreads,Sanat Mes Kerman FC,-0.0,away,2.35,2.35,"[""Bet365""]","[""odds_api_io""]",1,,
soccer|fard alborz|sanat mes kerman|2026-06-02,spreads|fc fard alborz|0.25|home,spreads,FC Fard Alborz,0.25,home,1.4,1.4,"[""Bet365""]","[""odds_api_io""]",1,,
soccer|fard alborz|sanat mes kerman|2026-06-02,spreads|sanat mes kerman fc|-0.25|away,spreads,Sanat Mes Kerman FC,-0.25,away,2.85,2.85,"[""Bet365""]","[""odds_api_io""]",1,,
soccer|fard alborz|sanat mes kerman|2026-06-02,spreads|fc fard alborz|0.50|home,spreads,FC Fard Alborz,0.5,home,1.3,1.3,"[""Bet365""]","[""odds_api_io""]",1,,
soccer|fard alborz|sanat mes kerman|2026-06-02,spreads|sanat mes kerman fc|-0.50|away,spreads,Sanat Mes Kerman FC,-0.5,away,1.575,1.575,"[""Bet365""]","[""odds_api_io""]",1,,
soccer|fard alborz|sanat mes kerman|2026-06-02,spreads|fc fard alborz|0.75|home,spreads,FC Fard Alborz,0.75,home,1.19,1.19,"[""Bet365""]","[""odds_api_io""]",1,,
soccer|fard alborz|sanat mes kerman|2026-06-02,spreads|sanat mes kerman fc|-0.75|away,spreads,Sanat Mes Kerman FC,-0.75,away,1.4,1.4,"[""Bet365""]","[""odds_api_io""]",1,,
soccer|al kahrabaa|al karma|2026-06-02,h2h|al kahrabaa sc||home,h2h,Al Kahrabaa SC,,home,3.75,3.7005,"[""Bet365"", ""Unibet""]","[""odds_api_io""]",2,0.731,
soccer|al kahrabaa|al karma|2026-06-02,h2h|draw||,h2h,Draw,,,3.25,3.2254,"[""Bet365"", ""Unibet""]","[""odds_api_io""]",2,0.481,
soccer|al kahrabaa|al karma|2026-06-02,h2h|al karma||away,h2h,AL Karma,,away,1.909,1.9046,"[""Bet365"", ""Unibet""]","[""odds_api_io""]",2,0.248,
soccer|al kahrabaa|al karma|2026-06-02,dnb|al kahrabaa sc|0.00|home,dnb,Al Kahrabaa SC,0.0,home,2.75,2.6747,"[""Bet365"", ""Unibet""]","[""odds_api_io""]",2,2.098,
soccer|al kahrabaa|al karma|2026-06-02,dnb|al karma|0.00|away,dnb,AL Karma,0.0,away,1.4,1.3852,"[""Bet365"", ""Unibet""]","[""odds_api_io""]",2,1.564,
soccer|al kahrabaa|al karma|2026-06-02,spreads|al kahrabaa sc|0.50|home,spreads,Al Kahrabaa SC,0.5,home,1.85,1.85,"[""Bet365""]","[""odds_api_io""]",1,,
soccer|al kahrabaa|al karma|2026-06-02,spreads|al karma|-0.50|away,spreads,AL Karma,-0.5,away,1.95,1.95,"[""Bet365""]","[""odds_api_io""]",1,,
soccer|al kahrabaa|al karma|2026-06-02,totals|over|2.50|,totals,Over,2.5,,1.975,1.9518,"[""Bet365"", ""Unibet""]","[""odds_api_io""]",3,1.181,
soccer|al kahrabaa|al karma|2026-06-02,totals|under|2.50|,totals,Under,2.5,,1.85,1.7835,"[""Bet365"", ""Unibet""]","[""odds_api_io""]",3,5.47,
soccer|al kahrabaa|al karma|2026-06-02,doubleChance|1x||,doubleChance,1X,,,1.68,1.68,"[""Unibet""]","[""odds_api_io""]",1,,
soccer|al kahrabaa|al karma|2026-06-02,doubleChance|12||,doubleChance,12,,,1.24,1.24,"[""Unibet""]","[""odds_api_io""]",1,,
soccer|al kahrabaa|al karma|2026-06-02,doubleChance|x2||,doubleChance,X2,,,1.18,1.18,"[""Unibet""]","[""odds_api_io""]",1,,
soccer|al kahrabaa|al karma|2026-06-02,totals|over|1.50|,totals,Over,1.5,,1.27,1.27,"[""Unibet""]","[""odds_api_io""]",1,,
soccer|al kahrabaa|al karma|2026-06-02,totals|under|1.50|,totals,Under,1.5,,3.05,3.05,"[""Unibet""]","[""odds_api_io""]",1,,
soccer|al kahrabaa|al karma|2026-06-02,totals|over|3.50|,totals,Over,3.5,,3.35,3.35,"[""Unibet""]","[""odds_api_io""]",1,,
soccer|al kahrabaa|al karma|2026-06-02,totals|under|3.50|,totals,Under,3.5,,1.23,1.23,"[""Unibet""]","[""odds_api_io""]",1,,
soccer|al kahrabaa|al karma|2026-06-02,totals|over|4.50|,totals,Over,4.5,,6.0,6.0,"[""Unibet""]","[""odds_api_io""]",1,,
soccer|al kahrabaa|al karma|2026-06-02,totals|under|4.50|,totals,Under,4.5,,1.05,1.05,"[""Unibet""]","[""odds_api_io""]",1,,
soccer|al kahrabaa|al karma|2026-06-02,btts|yes||,btts,Yes,,,1.75,1.75,"[""Unibet""]","[""odds_api_io""]",1,,
soccer|al kahrabaa|al karma|2026-06-02,btts|no||,btts,No,,,1.85,1.85,"[""Unibet""]","[""odds_api_io""]",1,,
soccer|al kahrabaa|al karma|2026-06-02,teamTotals|over|0.50|,teamTotals,Over,0.5,,1.44,1.44,"[""Unibet""]","[""odds_api_io""]",1,,
soccer|al kahrabaa|al karma|2026-06-02,teamTotals|under|0.50|,teamTotals,Under,0.5,,2.4,2.4,"[""Unibet""]","[""odds_api_io""]",1,,
soccer|al kahrabaa|al karma|2026-06-02,teamTotals|over|1.50|,teamTotals,Over,1.5,,1.97,1.97,"[""Unibet""]","[""odds_api_io""]",1,,
soccer|al kahrabaa|al karma|2026-06-02,teamTotals|under|1.50|,teamTotals,Under,1.5,,1.66,1.66,"[""Unibet""]","[""odds_api_io""]",1,,
soccer|al kahrabaa|al karma|2026-06-02,spreads|al kahrabaa sc|1.00|home,spreads,Al Kahrabaa SC,1.0,home,1.68,1.68,"[""Unibet""]","[""odds_api_io""]",1,,
soccer|al kahrabaa|al karma|2026-06-02,spreads|al karma|-1.00|away,spreads,AL Karma,-1.0,away,3.05,3.05,"[""Unibet""]","[""odds_api_io""]",1,,
soccer|al kahrabaa|al karma|2026-06-02,spreads|al kahrabaa sc|2.00|home,spreads,Al Kahrabaa SC,2.0,home,1.19,1.19,"[""Unibet""]","[""odds_api_io""]",1,,
soccer|al kahrabaa|al karma|2026-06-02,spreads|al karma|-2.00|away,spreads,AL Karma,-2.0,away,5.8,5.8,"[""Unibet""]","[""odds_api_io""]",1,,
soccer|al gharraf|al naft maysan|2026-06-02,h2h|al-gharraf sc||home,h2h,Al-Gharraf SC,,home,2.12,2.1097,"[""Bet365"", ""Unibet""]","[""odds_api_io""]",2,0.449,
soccer|al gharraf|al naft maysan|2026-06-02,h2h|draw||,h2h,Draw,,,3.1,3.0754,"[""Bet365"", ""Unibet""]","[""odds_api_io""]",2,0.529,
soccer|al gharraf|al naft maysan|2026-06-02,h2h|al naft maysan||away,h2h,AL Naft Maysan,,away,3.4,3.2993,"[""Bet365"", ""Unibet""]","[""odds_api_io""]",2,1.838,
soccer|al gharraf|al naft maysan|2026-06-02,dnb|al-gharraf sc|0.00|home,dnb,Al-Gharraf SC,0.0,home,1.533,1.5167,"[""Bet365"", ""Unibet""]","[""odds_api_io""]",2,1.435,
soccer|al gharraf|al naft maysan|2026-06-02,dnb|al naft maysan|0.00|away,dnb,AL Naft Maysan,0.0,away,2.375,2.3019,"[""Bet365"", ""Unibet""]","[""odds_api_io""]",2,2.738,
soccer|al gharraf|al naft maysan|2026-06-02,spreads|al-gharraf sc|-0.25|home,spreads,Al-Gharraf SC,-0.25,home,1.875,1.875,"[""Bet365""]","[""odds_api_io""]",1,,
soccer|al gharraf|al naft maysan|2026-06-02,spreads|al naft maysan|0.25|away,spreads,AL Naft Maysan,0.25,away,1.925,1.925,"[""Bet365""]","[""odds_api_io""]",1,,
soccer|al gharraf|al naft maysan|2026-06-02,totals|over|2.25|,totals,Over,2.25,,1.8,1.8,"[""Bet365""]","[""odds_api_io""]",1,,
soccer|al gharraf|al naft maysan|2026-06-02,totals|under|2.25|,totals,Under,2.25,,2.0,2.0,"[""Bet365""]","[""odds_api_io""]",1,,
soccer|al gharraf|al naft maysan|2026-06-02,totals|over|2.50|,totals,Over,2.5,,2.16,2.1023,"[""Bet365"", ""Unibet""]","[""odds_api_io""]",2,2.484,
soccer|al gharraf|al naft maysan|2026-06-02,totals|under|2.50|,totals,Under,2.5,,1.75,1.6408,"[""Bet365"", ""Unibet""]","[""odds_api_io""]",2,7.792,
soccer|al gharraf|al naft maysan|2026-06-02,doubleChance|1x||,doubleChance,1X,,,1.17,1.17,"[""Unibet""]","[""odds_api_io""]",1,,
soccer|al gharraf|al naft maysan|2026-06-02,doubleChance|12||,doubleChance,12,,,1.58,1.58,"[""Unibet""]","[""odds_api_io""]",1,,
soccer|al gharraf|al naft maysan|2026-06-02,doubleChance|x2||,doubleChance,X2,,,1.3,1.3,"[""Unibet""]","[""odds_api_io""]",1,,
soccer|al gharraf|al naft maysan|2026-06-02,totals|over|1.50|,totals,Over,1.5,,1.35,1.35,"[""Unibet""]","[""odds_api_io""]",1,,
soccer|al gharraf|al naft maysan|2026-06-02,totals|under|1.50|,totals,Under,1.5,,2.7,2.7,"[""Unibet""]","[""odds_api_io""]",1,,
soccer|al gharraf|al naft maysan|2026-06-02,totals|over|3.50|,totals,Over,3.5,,3.9,3.9,"[""Unibet""]","[""odds_api_io""]",1,,
soccer|al gharraf|al naft maysan|2026-06-02,totals|under|3.50|,totals,Under,3.5,,1.16,1.16,"[""Unibet""]","[""odds_api_io""]",1,,
soccer|al gharraf|al naft maysan|2026-06-02,btts|yes||,btts,Yes,,,1.86,1.86,"[""Unibet""]","[""odds_api_io""]",1,,
soccer|al gharraf|al naft maysan|2026-06-02,btts|no||,btts,No,,,1.74,1.74,"[""Unibet""]","[""odds_api_io""]",1,,
soccer|al gharraf|al naft maysan|2026-06-02,teamTotals|over|1.50|,teamTotals,Over,1.5,,2.3,2.3,"[""Unibet""]","[""odds_api_io""]",1,,
soccer|al gharraf|al naft maysan|2026-06-02,teamTotals|under|1.50|,teamTotals,Under,1.5,,1.48,1.48,"[""Unibet""]","[""odds_api_io""]",1,,
soccer|al gharraf|al naft maysan|2026-06-02,teamTotals|over|0.50|,teamTotals,Over,0.5,,1.43,1.43,"[""Unibet""]","[""odds_api_io""]",1,,
soccer|al gharraf|al naft maysan|2026-06-02,teamTotals|under|0.50|,teamTotals,Under,0.5,,2.43,2.43,"[""Unibet""]","[""odds_api_io""]",1,,
soccer|al gharraf|al naft maysan|2026-06-02,spreads|al-gharraf sc|-1.00|home,spreads,Al-Gharraf SC,-1.0,home,3.65,3.65,"[""Unibet""]","[""odds_api_io""]",1,,
soccer|al gharraf|al naft maysan|2026-06-02,spreads|al naft maysan|1.00|away,spreads,AL Naft Maysan,1.0,away,1.54,1.54,"[""Unibet""]","[""odds_api_io""]",1,,
soccer|al gharraf|al naft maysan|2026-06-02,spreads|al-gharraf sc|1.00|home,spreads,Al-Gharraf SC,1.0,home,1.24,1.24,"[""Unibet""]","[""odds_api_io""]",1,,
soccer|al gharraf|al naft maysan|2026-06-02,spreads|al naft maysan|-1.00|away,spreads,AL Naft Maysan,-1.0,away,5.8,5.8,"[""Unibet""]","[""odds_api_io""]",1,,
soccer|al quwa al jawiya|zakho|2026-06-02,h2h|al quwa al jawiya||home,h2h,Al Quwa Al Jawiya,,home,1.9,1.8651,"[""Bet365"", ""Unibet""]","[""odds_api_io""]",2,1.924,
soccer|al quwa al jawiya|zakho|2026-06-02,h2h|draw||,h2h,Draw,,,3.4,3.2466,"[""Bet365"", ""Unibet""]","[""odds_api_io""]",2,2.846,
soccer|al quwa al jawiya|zakho|2026-06-02,h2h|zakho fc||away,h2h,Zakho FC,,away,3.8,3.7742,"[""Bet365"", ""Unibet""]","[""odds_api_io""]",2,0.351,
soccer|al quwa al jawiya|zakho|2026-06-02,dnb|al quwa al jawiya|0.00|home,dnb,Al Quwa Al Jawiya,0.0,home,1.4,1.3802,"[""Bet365"", ""Unibet""]","[""odds_api_io""]",2,2.101,
soccer|al quwa al jawiya|zakho|2026-06-02,dnb|zakho fc|0.00|away,dnb,Zakho FC,0.0,away,2.75,2.7254,"[""Bet365"", ""Unibet""]","[""odds_api_io""]",2,0.673,
soccer|al quwa al jawiya|zakho|2026-06-02,spreads|al quwa al jawiya|-0.50|home,spreads,Al Quwa Al Jawiya,-0.5,home,1.875,1.875,"[""Bet365""]","[""odds_api_io""]",1,,
soccer|al quwa al jawiya|zakho|2026-06-02,spreads|zakho fc|0.50|away,spreads,Zakho FC,0.5,away,1.925,1.925,"[""Bet365""]","[""odds_api_io""]",1,,
soccer|al quwa al jawiya|zakho|2026-06-02,totals|over|2.50|,totals,Over,2.5,,2.16,1.9854,"[""Bet365"", ""Unibet""]","[""odds_api_io""]",3,7.037,
soccer|al quwa al jawiya|zakho|2026-06-02,totals|under|2.50|,totals,Under,2.5,,1.925,1.7589,"[""Bet365"", ""Unibet""]","[""odds_api_io""]",3,12.987,
soccer|al quwa al jawiya|zakho|2026-06-02,doubleChance|1x||,doubleChance,1X,,,1.17,1.17,"[""Unibet""]","[""odds_api_io""]",1,,
soccer|al quwa al jawiya|zakho|2026-06-02,doubleChance|12||,doubleChance,12,,,1.25,1.25,"[""Unibet""]","[""odds_api_io""]",1,,
soccer|al quwa al jawiya|zakho|2026-06-02,doubleChance|x2||,doubleChance,X2,,,1.68,1.68,"[""Unibet""]","[""odds_api_io""]",1,,
soccer|al quwa al jawiya|zakho|2026-06-02,totals|over|1.50|,totals,Over,1.5,,1.35,1.35,"[""Unibet""]","[""odds_api_io""]",1,,
soccer|al quwa al jawiya|zakho|2026-06-02,totals|under|1.50|,totals,Under,1.5,,2.7,2.7,"[""Unibet""]","[""odds_api_io""]",1,,
soccer|al quwa al jawiya|zakho|2026-06-02,totals|over|3.50|,totals,Over,3.5,,3.9,3.9,"[""Unibet""]","[""odds_api_io""]",1,,
soccer|al quwa al jawiya|zakho|2026-06-02,totals|under|3.50|,totals,Under,3.5,,1.16,1.16,"[""Unibet""]","[""odds_api_io""]",1,,
soccer|al quwa al jawiya|zakho|2026-06-02,btts|yes||,btts,Yes,,,1.92,1.92,"[""Unibet""]","[""odds_api_io""]",1,,
soccer|al quwa al jawiya|zakho|2026-06-02,btts|no||,btts,No,,,1.7,1.7,"[""Unibet""]","[""odds_api_io""]",1,,
soccer|al quwa al jawiya|zakho|2026-06-02,teamTotals|over|1.50|,teamTotals,Over,1.5,,2.1,2.1,"[""Unibet""]","[""odds_api_io""]",1,,
soccer|al quwa al jawiya|zakho|2026-06-02,teamTotals|under|1.50|,teamTotals,Under,1.5,,1.57,1.57,"[""Unibet""]","[""odds_api_io""]",1,,
soccer|al quwa al jawiya|zakho|2026-06-02,teamTotals|over|0.50|,teamTotals,Over,0.5,,1.53,1.53,"[""Unibet""]","[""odds_api_io""]",1,,
soccer|al quwa al jawiya|zakho|2026-06-02,teamTotals|under|0.50|,teamTotals,Under,0.5,,2.18,2.18,"[""Unibet""]","[""odds_api_io""]",1,,
soccer|al quwa al jawiya|zakho|2026-06-02,spreads|al quwa al jawiya|-1.00|home,spreads,Al Quwa Al Jawiya,-1.0,home,3.1,3.1,"[""Unibet""]","[""odds_api_io""]",1,,
soccer|al quwa al jawiya|zakho|2026-06-02,spreads|zakho fc|1.00|away,spreads,Zakho FC,1.0,away,1.68,1.68,"[""Unibet""]","[""odds_api_io""]",1,,
soccer|al minaa|al shorta|2026-06-02,h2h|al shorta sc||home,h2h,Al Shorta SC,,home,1.34,1.3364,"[""Bet365"", ""Unibet""]","[""odds_api_io""]",2,0.392,
soccer|al minaa|al shorta|2026-06-02,h2h|draw||,h2h,Draw,,,4.75,4.6246,"[""Bet365"", ""Unibet""]","[""odds_api_io""]",2,1.17,
soccer|al minaa|al shorta|2026-06-02,h2h|al minaa||away,h2h,AL Minaa,,away,7.0,6.5949,"[""Bet365"", ""Unibet""]","[""odds_api_io""]",2,1.714,
soccer|al minaa|al shorta|2026-06-02,dnb|al shorta sc|0.00|home,dnb,Al Shorta SC,0.0,home,1.125,1.1127,"[""Bet365"", ""Unibet""]","[""odds_api_io""]",2,2.02,
soccer|al minaa|al shorta|2026-06-02,dnb|al minaa|0.00|away,dnb,AL Minaa,0.0,away,5.5,5.244,"[""Bet365"", ""Unibet""]","[""odds_api_io""]",2,1.818,
soccer|al minaa|al shorta|2026-06-02,spreads|al shorta sc|-1.50|home,spreads,Al Shorta SC,-1.5,home,1.95,1.95,"[""Bet365""]","[""odds_api_io""]",1,,
soccer|al minaa|al shorta|2026-06-02,spreads|al minaa|1.50|away,spreads,AL Minaa,1.5,away,1.85,1.85,"[""Bet365""]","[""odds_api_io""]",1,,
soccer|al minaa|al shorta|2026-06-02,totals|over|3.00|,totals,Over,3.0,,1.875,1.875,"[""Bet365""]","[""odds_api_io""]",1,,
soccer|al minaa|al shorta|2026-06-02,totals|under|3.00|,totals,Under,3.0,,1.925,1.925,"[""Bet365""]","[""odds_api_io""]",1,,
soccer|al minaa|al shorta|2026-06-02,totals|over|2.50|,totals,Over,2.5,,1.571,1.5557,"[""Bet365"", ""Unibet""]","[""odds_api_io""]",2,1.281,
soccer|al minaa|al shorta|2026-06-02,totals|under|2.50|,totals,Under,2.5,,2.35,2.2585,"[""Bet365"", ""Unibet""]","[""odds_api_io""]",2,3.53,
soccer|al minaa|al shorta|2026-06-02,doubleChance|1x||,doubleChance,1X,,,1.05,1.05,"[""Unibet""]","[""odds_api_io""]",1,,
soccer|al minaa|al shorta|2026-06-02,doubleChance|12||,doubleChance,12,,,1.12,1.12,"[""Unibet""]","[""odds_api_io""]",1,,
soccer|al minaa|al shorta|2026-06-02,doubleChance|x2||,doubleChance,X2,,,2.63,2.63,"[""Unibet""]","[""odds_api_io""]",1,,
soccer|al minaa|al shorta|2026-06-02,totals|over|3.50|,totals,Over,3.5,,2.4,2.4,"[""Unibet""]","[""odds_api_io""]",1,,
soccer|al minaa|al shorta|2026-06-02,totals|under|3.50|,totals,Under,3.5,,1.45,1.45,"[""Unibet""]","[""odds_api_io""]",1,,
soccer|al minaa|al shorta|2026-06-02,totals|over|4.50|,totals,Over,4.5,,4.2,4.2,"[""Unibet""]","[""odds_api_io""]",1,,
soccer|al minaa|al shorta|2026-06-02,totals|under|4.50|,totals,Under,4.5,,1.14,1.14,"[""Unibet""]","[""odds_api_io""]",1,,
soccer|al minaa|al shorta|2026-06-02,totals|over|1.50|,totals,Over,1.5,,1.14,1.14,"[""Unibet""]","[""odds_api_io""]",1,,
soccer|al minaa|al shorta|2026-06-02,totals|under|1.50|,totals,Under,1.5,,4.25,4.25,"[""Unibet""]","[""odds_api_io""]",1,,
soccer|al minaa|al shorta|2026-06-02,btts|yes||,btts,Yes,,,1.8,1.8,"[""Unibet""]","[""odds_api_io""]",1,,
soccer|al minaa|al shorta|2026-06-02,btts|no||,btts,No,,,1.8,1.8,"[""Unibet""]","[""odds_api_io""]",1,,
soccer|al minaa|al shorta|2026-06-02,teamTotals|over|1.50|,teamTotals,Over,1.5,,1.38,1.38,"[""Unibet""]","[""odds_api_io""]",1,,
soccer|al minaa|al shorta|2026-06-02,teamTotals|under|1.50|,teamTotals,Under,1.5,,2.55,2.55,"[""Unibet""]","[""odds_api_io""]",1,,
soccer|al minaa|al shorta|2026-06-02,teamTotals|over|2.50|,teamTotals,Over,2.5,,2.23,2.23,"[""Unibet""]","[""odds_api_io""]",1,,
soccer|al minaa|al shorta|2026-06-02,teamTotals|under|2.50|,teamTotals,Under,2.5,,1.5,1.5,"[""Unibet""]","[""odds_api_io""]",1,,
soccer|al minaa|al shorta|2026-06-02,teamTotals|over|0.50|,teamTotals,Over,0.5,,1.64,1.64,"[""Unibet""]","[""odds_api_io""]",1,,
soccer|al minaa|al shorta|2026-06-02,teamTotals|under|0.50|,teamTotals,Under,0.5,,1.98,1.98,"[""Unibet""]","[""odds_api_io""]",1,,
soccer|al minaa|al shorta|2026-06-02,spreads|al shorta sc|-2.00|home,spreads,Al Shorta SC,-2.0,home,2.95,2.95,"[""Unibet""]","[""odds_api_io""]",1,,
soccer|al minaa|al shorta|2026-06-02,spreads|al minaa|2.00|away,spreads,AL Minaa,2.0,away,1.64,1.64,"[""Unibet""]","[""odds_api_io""]",1,,
soccer|al minaa|al shorta|2026-06-02,spreads|al shorta sc|-1.00|home,spreads,Al Shorta SC,-1.0,home,1.82,1.82,"[""Unibet""]","[""odds_api_io""]",1,,
soccer|al minaa|al shorta|2026-06-02,spreads|al minaa|1.00|away,spreads,AL Minaa,1.0,away,2.63,2.63,"[""Unibet""]","[""odds_api_io""]",1,,
soccer|amanat baghdad|erbil|2026-06-02,h2h|erbil sc||home,h2h,Erbil SC,,home,1.571,1.4716,"[""Bet365"", ""Unibet""]","[""odds_api_io""]",2,8.81,
soccer|amanat baghdad|erbil|2026-06-02,h2h|draw||,h2h,Draw,,,4.5,4.1123,"[""Bet365"", ""Unibet""]","[""odds_api_io""]",2,4.094,
soccer|amanat baghdad|erbil|2026-06-02,h2h|amanat baghdad sc||away,h2h,Amanat Baghdad SC,,away,6.0,5.1255,"[""Bet365"", ""Unibet""]","[""odds_api_io""]",2,5.556,
soccer|amanat baghdad|erbil|2026-06-02,dnb|erbil sc|0.00|home,dnb,Erbil SC,0.0,home,1.25,1.1991,"[""Bet365"", ""Unibet""]","[""odds_api_io""]",2,6.957,
soccer|amanat baghdad|erbil|2026-06-02,dnb|amanat baghdad sc|0.00|away,dnb,Amanat Baghdad SC,0.0,away,4.1,3.9131,"[""Bet365"", ""Unibet""]","[""odds_api_io""]",2,2.276,
soccer|amanat baghdad|erbil|2026-06-02,spreads|erbil sc|-1.00|home,spreads,Erbil SC,-1.0,home,2.0,1.9652,"[""Bet365"", ""Unibet""]","[""odds_api_io""]",2,1.813,
soccer|amanat baghdad|erbil|2026-06-02,spreads|amanat baghdad sc|1.00|away,spreads,Amanat Baghdad SC,1.0,away,2.48,2.0782,"[""Bet365"", ""Unibet""]","[""odds_api_io""]",2,15.233,
soccer|amanat baghdad|erbil|2026-06-02,totals|over|3.00|,totals,Over,3.0,,2.0,2.0,"[""Bet365""]","[""odds_api_io""]",1,,
soccer|amanat baghdad|erbil|2026-06-02,totals|under|3.00|,totals,Under,3.0,,1.8,1.8,"[""Bet365""]","[""odds_api_io""]",1,,
soccer|amanat baghdad|erbil|2026-06-02,totals|over|2.50|,totals,Over,2.5,,1.74,1.6516,"[""Bet365"", ""Unibet""]","[""odds_api_io""]",3,4.641,
soccer|amanat baghdad|erbil|2026-06-02,totals|under|2.50|,totals,Under,2.5,,2.25,2.0469,"[""Bet365"", ""Unibet""]","[""odds_api_io""]",2,9.031,
soccer|amanat baghdad|erbil|2026-06-02,doubleChance|1x||,doubleChance,1X,,,1.07,1.07,"[""Unibet""]","[""odds_api_io""]",1,,
soccer|amanat baghdad|erbil|2026-06-02,doubleChance|12||,doubleChance,12,,,1.37,1.37,"[""Unibet""]","[""odds_api_io""]",1,,
soccer|amanat baghdad|erbil|2026-06-02,doubleChance|x2||,doubleChance,X2,,,1.75,1.75,"[""Unibet""]","[""odds_api_io""]",1,,
soccer|amanat baghdad|erbil|2026-06-02,totals|over|3.50|,totals,Over,3.5,,2.7,2.7,"[""Unibet""]","[""odds_api_io""]",1,,
soccer|amanat baghdad|erbil|2026-06-02,totals|under|3.50|,totals,Under,3.5,,1.35,1.35,"[""Unibet""]","[""odds_api_io""]",1,,
soccer|amanat baghdad|erbil|2026-06-02,totals|over|1.50|,totals,Over,1.5,,1.17,1.17,"[""Unibet""]","[""odds_api_io""]",1,,
soccer|amanat baghdad|erbil|2026-06-02,totals|under|1.50|,totals,Under,1.5,,3.8,3.8,"[""Unibet""]","[""odds_api_io""]",1,,
soccer|amanat baghdad|erbil|2026-06-02,totals|over|4.50|,totals,Over,4.5,,4.1,4.1,"[""Unibet""]","[""odds_api_io""]",1,,
soccer|amanat baghdad|erbil|2026-06-02,totals|under|4.50|,totals,Under,4.5,,1.14,1.14,"[""Unibet""]","[""odds_api_io""]",1,,
soccer|amanat baghdad|erbil|2026-06-02,btts|yes||,btts,Yes,,,1.72,1.72,"[""Unibet""]","[""odds_api_io""]",1,,
soccer|amanat baghdad|erbil|2026-06-02,btts|no||,btts,No,,,1.89,1.89,"[""Unibet""]","[""odds_api_io""]",1,,
soccer|amanat baghdad|erbil|2026-06-02,teamTotals|over|1.50|,teamTotals,Over,1.5,,1.42,1.42,"[""Unibet""]","[""odds_api_io""]",1,,
soccer|amanat baghdad|erbil|2026-06-02,teamTotals|under|1.50|,teamTotals,Under,1.5,,2.45,2.45,"[""Unibet""]","[""odds_api_io""]",1,,
soccer|amanat baghdad|erbil|2026-06-02,teamTotals|over|0.50|,teamTotals,Over,0.5,,1.56,1.56,"[""Unibet""]","[""odds_api_io""]",1,,
soccer|amanat baghdad|erbil|2026-06-02,teamTotals|under|0.50|,teamTotals,Under,0.5,,2.12,2.12,"[""Unibet""]","[""odds_api_io""]",1,,
soccer|amanat baghdad|erbil|2026-06-02,spreads|erbil sc|-2.00|home,spreads,Erbil SC,-2.0,home,3.25,3.25,"[""Unibet""]","[""odds_api_io""]",1,,
soccer|amanat baghdad|erbil|2026-06-02,spreads|amanat baghdad sc|2.00|away,spreads,Amanat Baghdad SC,2.0,away,1.55,1.55,"[""Unibet""]","[""odds_api_io""]",1,,
soccer|jjk jyvaskyla|vjs|2026-06-02,h2h|jjk jyvaskyla||home,h2h,JJK Jyvaskyla,,home,2.92,2.7345,"[""Bet365"", ""Betfair Exchange"", ""Sbobet""]","[""odds_api_io""]",3,3.849,
soccer|jjk jyvaskyla|vjs|2026-06-02,h2h|draw||,h2h,Draw,,,4.0,3.7141,"[""Bet365"", ""Betfair Exchange"", ""Sbobet""]","[""odds_api_io""]",3,3.818,
soccer|jjk jyvaskyla|vjs|2026-06-02,h2h|vjs||away,h2h,VJS,,away,2.32,2.2155,"[""Bet365"", ""Betfair Exchange"", ""Sbobet""]","[""odds_api_io""]",3,3.408,
soccer|jjk jyvaskyla|vjs|2026-06-02,dnb|jjk jyvaskyla|0.00|home,dnb,JJK Jyvaskyla,0.0,home,2.2,2.1497,"[""Bet365"", ""Betfair Exchange""]","[""odds_api_io""]",2,2.165,
soccer|jjk jyvaskyla|vjs|2026-06-02,dnb|vjs|0.00|away,dnb,VJS,0.0,away,1.74,1.7029,"[""Bet365"", ""Betfair Exchange""]","[""odds_api_io""]",2,2.553,
soccer|jjk jyvaskyla|vjs|2026-06-02,spreads|jjk jyvaskyla|0.25|home,spreads,JJK Jyvaskyla,0.25,home,1.94,1.896,"[""Bet365"", ""Betfair Exchange"", ""Sbobet""]","[""odds_api_io""]",3,2.508,
soccer|jjk jyvaskyla|vjs|2026-06-02,spreads|vjs|-0.25|away,spreads,VJS,-0.25,away,2.03,1.9594,"[""Bet365"", ""Betfair Exchange"", ""Sbobet""]","[""odds_api_io""]",3,3.37,
soccer|jjk jyvaskyla|vjs|2026-06-02,totals|over|3.25|,totals,Over,3.25,,2.13,2.0687,"[""Bet365"", ""Betfair Exchange"", ""Sbobet""]","[""odds_api_io""]",3,3.052,
soccer|jjk jyvaskyla|vjs|2026-06-02,totals|under|3.25|,totals,Under,3.25,,1.84,1.7788,"[""Bet365"", ""Betfair Exchange"", ""Sbobet""]","[""odds_api_io""]",3,4.476,
soccer|jjk jyvaskyla|vjs|2026-06-02,totals|over|2.50|,totals,Over,2.5,,1.54,1.5366,"[""Bet365"", ""Betfair Exchange""]","[""odds_api_io""]",2,0.297,
soccer|jjk jyvaskyla|vjs|2026-06-02,totals|under|2.50|,totals,Under,2.5,,2.72,2.5529,"[""Bet365"", ""Betfair Exchange""]","[""odds_api_io""]",2,4.902,
soccer|jjk jyvaskyla|vjs|2026-06-02,btts|yes||,btts,Yes,,,1.54,1.5201,"[""Bet365"", ""Betfair Exchange""]","[""odds_api_io""]",2,1.732,
soccer|jjk jyvaskyla|vjs|2026-06-02,btts|no||,btts,No,,,2.76,2.6259,"[""Bet365"", ""Betfair Exchange""]","[""odds_api_io""]",2,3.768,
soccer|jjk jyvaskyla|vjs|2026-06-02,spreads|jjk jyvaskyla|1.00|home,spreads,JJK Jyvaskyla,1.0,home,1.71,1.4853,"[""Bet365"", ""Betfair Exchange""]","[""odds_api_io""]",4,16.992,
soccer|jjk jyvaskyla|vjs|2026-06-02,spreads|vjs|1.00|away,spreads,VJS,1.0,away,4.0,1.9258,"[""Bet365"", ""Betfair Exchange""]","[""odds_api_io""]",4,57.645,
soccer|jjk jyvaskyla|vjs|2026-06-02,teamTotals|over|1.50|,teamTotals,Over,1.5,,2.1,1.9574,"[""Bet365""]","[""odds_api_io""]",2,6.936,
soccer|jjk jyvaskyla|vjs|2026-06-02,teamTotals|under|1.50|,teamTotals,Under,1.5,,1.833,1.7455,"[""Bet365""]","[""odds_api_io""]",2,5.469,
soccer|jjk jyvaskyla|vjs|2026-06-02,teamTotals|over|2.50|,teamTotals,Over,2.5,,4.5,4.0909,"[""Bet365""]","[""odds_api_io""]",2,4.444,
soccer|jjk jyvaskyla|vjs|2026-06-02,teamTotals|under|2.50|,teamTotals,Under,2.5,,1.25,1.2145,"[""Bet365""]","[""odds_api_io""]",2,4.674,
soccer|jjk jyvaskyla|vjs|2026-06-02,teamTotals|over|5.50|,teamTotals,Over,5.5,,51.0,51.0,"[""Bet365""]","[""odds_api_io""]",1,,
soccer|jjk jyvaskyla|vjs|2026-06-02,teamTotals|under|5.50|,teamTotals,Under,5.5,,1.002,1.002,"[""Bet365""]","[""odds_api_io""]",1,,
soccer|jjk jyvaskyla|vjs|2026-06-02,teamTotals|over|0.50|,teamTotals,Over,0.5,,1.222,1.1933,"[""Bet365""]","[""odds_api_io""]",2,3.93,
soccer|jjk jyvaskyla|vjs|2026-06-02,teamTotals|under|0.50|,teamTotals,Under,0.5,,5.0,4.4444,"[""Bet365""]","[""odds_api_io""]",2,5.0,
soccer|jjk jyvaskyla|vjs|2026-06-02,teamTotals|over|3.50|,teamTotals,Over,3.5,,11.0,9.9,"[""Bet365""]","[""odds_api_io""]",2,2.02,
soccer|jjk jyvaskyla|vjs|2026-06-02,teamTotals|under|3.50|,teamTotals,Under,3.5,,1.071,1.0604,"[""Bet365""]","[""odds_api_io""]",2,1.867,
soccer|jjk jyvaskyla|vjs|2026-06-02,teamTotals|over|4.50|,teamTotals,Over,4.5,,29.0,24.36,"[""Bet365""]","[""odds_api_io""]",2,1.314,
soccer|jjk jyvaskyla|vjs|2026-06-02,teamTotals|under|4.50|,teamTotals,Under,4.5,,1.015,1.0105,"[""Bet365""]","[""odds_api_io""]",2,0.881,
soccer|jjk jyvaskyla|vjs|2026-06-02,spreads|jjk jyvaskyla|-1.75|home,spreads,JJK Jyvaskyla,-1.75,home,7.89,7.4265,"[""Bet365"", ""Betfair Exchange""]","[""odds_api_io""]",2,1.611,
soccer|jjk jyvaskyla|vjs|2026-06-02,spreads|vjs|1.75|away,spreads,VJS,1.75,away,5.25,1.8111,"[""Bet365"", ""Betfair Exchange""]","[""odds_api_io""]",2,71.042,
soccer|jjk jyvaskyla|vjs|2026-06-02,spreads|jjk jyvaskyla|-1.50|home,spreads,JJK Jyvaskyla,-1.5,home,5.9,5.6966,"[""Bet365"", ""Betfair Exchange""]","[""odds_api_io""]",2,1.233,
soccer|jjk jyvaskyla|vjs|2026-06-02,spreads|vjs|1.50|away,spreads,VJS,1.5,away,3.9,1.7825,"[""Bet365"", ""Betfair Exchange""]","[""odds_api_io""]",2,59.829,
soccer|jjk jyvaskyla|vjs|2026-06-02,spreads|jjk jyvaskyla|-1.25|home,spreads,JJK Jyvaskyla,-1.25,home,5.38,5.1865,"[""Bet365"", ""Betfair Exchange""]","[""odds_api_io""]",2,1.413,
soccer|jjk jyvaskyla|vjs|2026-06-02,spreads|vjs|1.25|away,spreads,VJS,1.25,away,3.55,1.7553,"[""Bet365"", ""Betfair Exchange""]","[""odds_api_io""]",2,56.577,
soccer|jjk jyvaskyla|vjs|2026-06-02,spreads|jjk jyvaskyla|-1.00|home,spreads,JJK Jyvaskyla,-1.0,home,5.9,5.0318,"[""Bet365"", ""Betfair Exchange""]","[""odds_api_io""]",3,5.273,
soccer|jjk jyvaskyla|vjs|2026-06-02,spreads|jjk jyvaskyla|-0.50|home,spreads,JJK Jyvaskyla,-0.5,home,2.92,2.834,"[""Bet365"", ""Betfair Exchange""]","[""odds_api_io""]",2,2.117,
soccer|jjk jyvaskyla|vjs|2026-06-02,spreads|vjs|0.50|away,spreads,VJS,0.5,away,2.2,1.756,"[""Bet365"", ""Betfair Exchange""]","[""odds_api_io""]",2,22.573,
soccer|jjk jyvaskyla|vjs|2026-06-02,spreads|jjk jyvaskyla|-0.25|home,spreads,JJK Jyvaskyla,-0.25,home,2.56,2.4919,"[""Bet365"", ""Betfair Exchange""]","[""odds_api_io""]",2,2.175,
soccer|jjk jyvaskyla|vjs|2026-06-02,spreads|vjs|0.25|away,spreads,VJS,0.25,away,1.58,1.5525,"[""Bet365"", ""Betfair Exchange""]","[""odds_api_io""]",2,2.283,
soccer|jjk jyvaskyla|vjs|2026-06-02,spreads|jjk jyvaskyla|0.00|home,spreads,JJK Jyvaskyla,0.0,home,2.21,2.1431,"[""Bet365"", ""Betfair Exchange"", ""Sbobet""]","[""odds_api_io""]",3,2.37,
soccer|jjk jyvaskyla|vjs|2026-06-02,spreads|vjs|-0.00|away,spreads,VJS,-0.0,away,1.74,1.7234,"[""Bet365"", ""Betfair Exchange"", ""Sbobet""]","[""odds_api_io""]",3,1.352,
soccer|jjk jyvaskyla|vjs|2026-06-02,spreads|jjk jyvaskyla|0.50|home,spreads,JJK Jyvaskyla,0.5,home,1.71,1.68,"[""Bet365"", ""Betfair Exchange""]","[""odds_api_io""]",2,2.127,
soccer|jjk jyvaskyla|vjs|2026-06-02,spreads|vjs|-0.50|away,spreads,VJS,-0.5,away,2.32,1.7733,"[""Bet365"", ""Betfair Exchange""]","[""odds_api_io""]",2,27.072,
soccer|jjk jyvaskyla|vjs|2026-06-02,spreads|vjs|-1.00|away,spreads,VJS,-1.0,away,4.0,2.1728,"[""Bet365"", ""Betfair Exchange""]","[""odds_api_io""]",3,59.034,
soccer|jjk jyvaskyla|vjs|2026-06-02,spreads|jjk jyvaskyla|1.25|home,spreads,JJK Jyvaskyla,1.25,home,1.3,1.2876,"[""Bet365"", ""Betfair Exchange""]","[""odds_api_io""]",2,1.508,
soccer|jjk jyvaskyla|vjs|2026-06-02,spreads|vjs|-1.25|away,spreads,VJS,-1.25,away,3.66,1.7899,"[""Bet365"", ""Betfair Exchange""]","[""odds_api_io""]",2,58.148,
soccer|jjk jyvaskyla|vjs|2026-06-02,spreads|jjk jyvaskyla|1.50|home,spreads,JJK Jyvaskyla,1.5,home,1.26,1.2501,"[""Bet365"", ""Betfair Exchange""]","[""odds_api_io""]",2,1.28,
soccer|jjk jyvaskyla|vjs|2026-06-02,spreads|vjs|-1.50|away,spreads,VJS,-1.5,away,4.03,1.8077,"[""Bet365"", ""Betfair Exchange""]","[""odds_api_io""]",2,62.143,
soccer|jjk jyvaskyla|vjs|2026-06-02,spreads|jjk jyvaskyla|1.75|home,spreads,JJK Jyvaskyla,1.75,home,1.18,1.1701,"[""Bet365"", ""Betfair Exchange""]","[""odds_api_io""]",2,1.461,
soccer|jjk jyvaskyla|vjs|2026-06-02,spreads|vjs|-1.75|away,spreads,VJS,-1.75,away,5.14,1.8338,"[""Bet365"", ""Betfair Exchange""]","[""odds_api_io""]",2,71.454,
soccer|jjk jyvaskyla|vjs|2026-06-02,spreads|jjk jyvaskyla|-0.75|home,spreads,JJK Jyvaskyla,-0.75,home,3.56,3.4274,"[""Bet365"", ""Betfair Exchange""]","[""odds_api_io""]",2,2.213,
soccer|jjk jyvaskyla|vjs|2026-06-02,spreads|vjs|0.75|away,spreads,VJS,0.75,away,2.6,1.7583,"[""Bet365"", ""Betfair Exchange""]","[""odds_api_io""]",2,36.165,
soccer|jjk jyvaskyla|vjs|2026-06-02,spreads|jjk jyvaskyla|0.75|home,spreads,JJK Jyvaskyla,0.75,home,1.53,1.5025,"[""Bet365"", ""Betfair Exchange""]","[""odds_api_io""]",2,2.437,
soccer|jjk jyvaskyla|vjs|2026-06-02,spreads|vjs|-0.75|away,spreads,VJS,-0.75,away,2.67,1.782,"[""Bet365"", ""Betfair Exchange""]","[""odds_api_io""]",2,38.019,
soccer|jjk jyvaskyla|vjs|2026-06-02,doubleChance|1x||,doubleChance,1X,,,1.71,1.71,"[""Betfair Exchange""]","[""odds_api_io""]",1,,
soccer|jjk jyvaskyla|vjs|2026-06-02,doubleChance|12||,doubleChance,12,,,1.31,1.31,"[""Betfair Exchange""]","[""odds_api_io""]",1,,
soccer|jjk jyvaskyla|vjs|2026-06-02,doubleChance|x2||,doubleChance,X2,,,1.47,1.47,"[""Betfair Exchange""]","[""odds_api_io""]",1,,
soccer|jjk jyvaskyla|vjs|2026-06-02,spreads|jjk jyvaskyla|3.50|home,spreads,JJK Jyvaskyla,3.5,home,1.03,1.03,"[""Betfair Exchange""]","[""odds_api_io""]",1,,
soccer|jjk jyvaskyla|vjs|2026-06-02,spreads|vjs|-3.50|away,spreads,VJS,-3.5,away,23.0,23.0,"[""Betfair Exchange""]","[""odds_api_io""]",1,,
soccer|jjk jyvaskyla|vjs|2026-06-02,spreads|jjk jyvaskyla|3.00|home,spreads,JJK Jyvaskyla,3.0,home,1.1,1.0638,"[""Betfair Exchange""]","[""odds_api_io""]",2,6.178,
soccer|jjk jyvaskyla|vjs|2026-06-02,spreads|vjs|-3.00|away,spreads,VJS,-3.0,away,23.0,22.1443,"[""Betfair Exchange""]","[""odds_api_io""]",2,0.336,
soccer|jjk jyvaskyla|vjs|2026-06-02,spreads|jjk jyvaskyla|2.75|home,spreads,JJK Jyvaskyla,2.75,home,1.06,1.06,"[""Betfair Exchange""]","[""odds_api_io""]",1,,
soccer|jjk jyvaskyla|vjs|2026-06-02,spreads|vjs|-2.75|away,spreads,VJS,-2.75,away,12.16,12.16,"[""Betfair Exchange""]","[""odds_api_io""]",1,,
soccer|jjk jyvaskyla|vjs|2026-06-02,spreads|jjk jyvaskyla|2.00|home,spreads,JJK Jyvaskyla,2.0,home,1.26,1.1803,"[""Betfair Exchange""]","[""odds_api_io""]",2,10.725,
soccer|jjk jyvaskyla|vjs|2026-06-02,spreads|vjs|-2.00|away,spreads,VJS,-2.0,away,8.6,8.0295,"[""Betfair Exchange""]","[""odds_api_io""]",2,1.652,
soccer|jjk jyvaskyla|vjs|2026-06-02,spreads|jjk jyvaskyla|2.50|home,spreads,JJK Jyvaskyla,2.5,home,1.1,1.1,"[""Betfair Exchange""]","[""odds_api_io""]",1,,
soccer|jjk jyvaskyla|vjs|2026-06-02,spreads|vjs|-2.50|away,spreads,VJS,-2.5,away,8.69,8.69,"[""Betfair Exchange""]","[""odds_api_io""]",1,,
soccer|jjk jyvaskyla|vjs|2026-06-02,spreads|jjk jyvaskyla|2.25|home,spreads,JJK Jyvaskyla,2.25,home,1.1,1.1,"[""Betfair Exchange""]","[""odds_api_io""]",1,,
soccer|jjk jyvaskyla|vjs|2026-06-02,spreads|vjs|-2.25|away,spreads,VJS,-2.25,away,8.11,8.11,"[""Betfair Exchange""]","[""odds_api_io""]",1,,
soccer|jjk jyvaskyla|vjs|2026-06-02,spreads|jjk jyvaskyla|3.25|home,spreads,JJK Jyvaskyla,3.25,home,1.03,1.03,"[""Betfair Exchange""]","[""odds_api_io""]",1,,
soccer|jjk jyvaskyla|vjs|2026-06-02,spreads|vjs|-3.25|away,spreads,VJS,-3.25,away,22.17,22.17,"[""Betfair Exchange""]","[""odds_api_io""]",1,,
soccer|jjk jyvaskyla|vjs|2026-06-02,spreads|jjk jyvaskyla|3.75|home,spreads,JJK Jyvaskyla,3.75,home,1.01,1.01,"[""Betfair Exchange""]","[""odds_api_io""]",1,,
soccer|jjk jyvaskyla|vjs|2026-06-02,spreads|vjs|-3.75|away,spreads,VJS,-3.75,away,23.0,23.0,"[""Betfair Exchange""]","[""odds_api_io""]",1,,
soccer|jjk jyvaskyla|vjs|2026-06-02,spreads|jjk jyvaskyla|-3.25|home,spreads,JJK Jyvaskyla,-3.25,home,39.07,39.07,"[""Betfair Exchange""]","[""odds_api_io""]",1,,
soccer|jjk jyvaskyla|vjs|2026-06-02,spreads|vjs|3.25|away,spreads,VJS,3.25,away,1.01,1.01,"[""Betfair Exchange""]","[""odds_api_io""]",1,,
soccer|jjk jyvaskyla|vjs|2026-06-02,spreads|jjk jyvaskyla|-3.50|home,spreads,JJK Jyvaskyla,-3.5,home,40.0,40.0,"[""Betfair Exchange""]","[""odds_api_io""]",1,,
soccer|jjk jyvaskyla|vjs|2026-06-02,spreads|vjs|3.50|away,spreads,VJS,3.5,away,1.01,1.01,"[""Betfair Exchange""]","[""odds_api_io""]",1,,
soccer|jjk jyvaskyla|vjs|2026-06-02,spreads|jjk jyvaskyla|-2.50|home,spreads,JJK Jyvaskyla,-2.5,home,14.0,14.0,"[""Betfair Exchange""]","[""odds_api_io""]",1,,
soccer|jjk jyvaskyla|vjs|2026-06-02,spreads|vjs|2.50|away,spreads,VJS,2.5,away,1.05,1.05,"[""Betfair Exchange""]","[""odds_api_io""]",1,,
soccer|jjk jyvaskyla|vjs|2026-06-02,spreads|jjk jyvaskyla|-2.75|home,spreads,JJK Jyvaskyla,-2.75,home,20.25,20.25,"[""Betfair Exchange""]","[""odds_api_io""]",1,,
soccer|jjk jyvaskyla|vjs|2026-06-02,spreads|vjs|2.75|away,spreads,VJS,2.75,away,1.03,1.03,"[""Betfair Exchange""]","[""odds_api_io""]",1,,
soccer|jjk jyvaskyla|vjs|2026-06-02,spreads|jjk jyvaskyla|-2.00|home,spreads,JJK Jyvaskyla,-2.0,home,14.0,13.2742,"[""Betfair Exchange""]","[""odds_api_io""]",2,0.781,
soccer|jjk jyvaskyla|vjs|2026-06-02,spreads|vjs|2.00|away,spreads,VJS,2.0,away,1.17,1.1123,"[""Betfair Exchange""]","[""odds_api_io""]",2,8.87,
soccer|jjk jyvaskyla|vjs|2026-06-02,spreads|jjk jyvaskyla|-2.25|home,spreads,JJK Jyvaskyla,-2.25,home,13.31,13.31,"[""Betfair Exchange""]","[""odds_api_io""]",1,,
soccer|jjk jyvaskyla|vjs|2026-06-02,spreads|vjs|2.25|away,spreads,VJS,2.25,away,1.06,1.06,"[""Betfair Exchange""]","[""odds_api_io""]",1,,
soccer|jjk jyvaskyla|vjs|2026-06-02,spreads|jjk jyvaskyla|-3.00|home,spreads,JJK Jyvaskyla,-3.0,home,40.0,39.0479,"[""Betfair Exchange""]","[""odds_api_io""]",2,0.122,
soccer|jjk jyvaskyla|vjs|2026-06-02,spreads|vjs|3.00|away,spreads,VJS,3.0,away,1.05,1.0296,"[""Betfair Exchange""]","[""odds_api_io""]",2,3.772,
soccer|jjk jyvaskyla|vjs|2026-06-02,totals|over|2.75|,totals,Over,2.75,,1.65,1.65,"[""Betfair Exchange""]","[""odds_api_io""]",1,,
soccer|jjk jyvaskyla|vjs|2026-06-02,totals|under|2.75|,totals,Under,2.75,,2.36,2.36,"[""Betfair Exchange""]","[""odds_api_io""]",1,,
soccer|jjk jyvaskyla|vjs|2026-06-02,totals|over|3.00|,totals,Over,3.0,,1.82,1.8051,"[""Betfair Exchange"", ""Sbobet""]","[""odds_api_io""]",2,0.921,
soccer|jjk jyvaskyla|vjs|2026-06-02,totals|under|3.00|,totals,Under,3.0,,2.09,2.0601,"[""Betfair Exchange"", ""Sbobet""]","[""odds_api_io""]",2,1.414,
soccer|jjk jyvaskyla|vjs|2026-06-02,totals|over|4.50|,totals,Over,4.5,,4.12,4.12,"[""Betfair Exchange""]","[""odds_api_io""]",1,,
soccer|jjk jyvaskyla|vjs|2026-06-02,totals|under|4.50|,totals,Under,4.5,,1.28,1.28,"[""Betfair Exchange""]","[""odds_api_io""]",1,,
soccer|jjk jyvaskyla|vjs|2026-06-02,totals|over|1.25|,totals,Over,1.25,,1.1,1.1,"[""Betfair Exchange""]","[""odds_api_io""]",1,,
soccer|jjk jyvaskyla|vjs|2026-06-02,totals|under|1.25|,totals,Under,1.25,,8.17,8.17,"[""Betfair Exchange""]","[""odds_api_io""]",1,,
soccer|jjk jyvaskyla|vjs|2026-06-02,totals|over|4.25|,totals,Over,4.25,,3.74,3.74,"[""Betfair Exchange""]","[""odds_api_io""]",1,,
soccer|jjk jyvaskyla|vjs|2026-06-02,totals|under|4.25|,totals,Under,4.25,,1.31,1.31,"[""Betfair Exchange""]","[""odds_api_io""]",1,,
soccer|jjk jyvaskyla|vjs|2026-06-02,totals|over|3.75|,totals,Over,3.75,,2.7,2.7,"[""Betfair Exchange""]","[""odds_api_io""]",1,,
soccer|jjk jyvaskyla|vjs|2026-06-02,totals|under|3.75|,totals,Under,3.75,,1.49,1.49,"[""Betfair Exchange""]","[""odds_api_io""]",1,,
soccer|jjk jyvaskyla|vjs|2026-06-02,totals|over|5.75|,totals,Over,5.75,,10.97,10.97,"[""Betfair Exchange""]","[""odds_api_io""]",1,,
soccer|jjk jyvaskyla|vjs|2026-06-02,totals|under|5.75|,totals,Under,5.75,,1.07,1.07,"[""Betfair Exchange""]","[""odds_api_io""]",1,,
soccer|jjk jyvaskyla|vjs|2026-06-02,totals|over|4.00|,totals,Over,4.0,,3.36,3.36,"[""Betfair Exchange""]","[""odds_api_io""]",1,,
soccer|jjk jyvaskyla|vjs|2026-06-02,totals|under|4.00|,totals,Under,4.0,,1.35,1.35,"[""Betfair Exchange""]","[""odds_api_io""]",1,,
soccer|jjk jyvaskyla|vjs|2026-06-02,totals|over|2.25|,totals,Over,2.25,,1.38,1.38,"[""Betfair Exchange""]","[""odds_api_io""]",1,,
soccer|jjk jyvaskyla|vjs|2026-06-02,totals|under|2.25|,totals,Under,2.25,,3.33,3.33,"[""Betfair Exchange""]","[""odds_api_io""]",1,,
soccer|jjk jyvaskyla|vjs|2026-06-02,totals|over|2.00|,totals,Over,2.0,,1.22,1.22,"[""Betfair Exchange""]","[""odds_api_io""]",1,,
soccer|jjk jyvaskyla|vjs|2026-06-02,totals|under|2.00|,totals,Under,2.0,,4.61,4.61,"[""Betfair Exchange""]","[""odds_api_io""]",1,,
soccer|jjk jyvaskyla|vjs|2026-06-02,totals|over|0.75|,totals,Over,0.75,,1.03,1.03,"[""Betfair Exchange""]","[""odds_api_io""]",1,,
soccer|jjk jyvaskyla|vjs|2026-06-02,totals|under|0.75|,totals,Under,0.75,,10.14,10.14,"[""Betfair Exchange""]","[""odds_api_io""]",1,,
soccer|jjk jyvaskyla|vjs|2026-06-02,totals|over|1.50|,totals,Over,1.5,,1.17,1.17,"[""Betfair Exchange""]","[""odds_api_io""]",1,,
soccer|jjk jyvaskyla|vjs|2026-06-02,totals|under|1.50|,totals,Under,1.5,,6.26,6.26,"[""Betfair Exchange""]","[""odds_api_io""]",1,,
soccer|jjk jyvaskyla|vjs|2026-06-02,totals|over|1.00|,totals,Over,1.0,,1.04,1.04,"[""Betfair Exchange""]","[""odds_api_io""]",1,,
soccer|jjk jyvaskyla|vjs|2026-06-02,totals|under|1.00|,totals,Under,1.0,,9.9,9.9,"[""Betfair Exchange""]","[""odds_api_io""]",1,,
soccer|jjk jyvaskyla|vjs|2026-06-02,totals|over|1.75|,totals,Over,1.75,,1.19,1.19,"[""Betfair Exchange""]","[""odds_api_io""]",1,,
soccer|jjk jyvaskyla|vjs|2026-06-02,totals|under|1.75|,totals,Under,1.75,,5.16,5.16,"[""Betfair Exchange""]","[""odds_api_io""]",1,,
soccer|jjk jyvaskyla|vjs|2026-06-02,totals|over|6.00|,totals,Over,6.0,,17.24,17.24,"[""Betfair Exchange""]","[""odds_api_io""]",1,,
soccer|jjk jyvaskyla|vjs|2026-06-02,totals|under|6.00|,totals,Under,6.0,,1.04,1.04,"[""Betfair Exchange""]","[""odds_api_io""]",1,,
soccer|jjk jyvaskyla|vjs|2026-06-02,totals|over|6.25|,totals,Over,6.25,,17.87,17.87,"[""Betfair Exchange""]","[""odds_api_io""]",1,,
soccer|jjk jyvaskyla|vjs|2026-06-02,totals|under|6.25|,totals,Under,6.25,,1.04,1.04,"[""Betfair Exchange""]","[""odds_api_io""]",1,,
soccer|jjk jyvaskyla|vjs|2026-06-02,totals|over|6.50|,totals,Over,6.5,,18.5,18.5,"[""Betfair Exchange""]","[""odds_api_io""]",1,,
soccer|jjk jyvaskyla|vjs|2026-06-02,totals|under|6.50|,totals,Under,6.5,,1.04,1.04,"[""Betfair Exchange""]","[""odds_api_io""]",1,,
soccer|jjk jyvaskyla|vjs|2026-06-02,totals|over|6.75|,totals,Over,6.75,,26.68,26.68,"[""Betfair Exchange""]","[""odds_api_io""]",1,,
soccer|jjk jyvaskyla|vjs|2026-06-02,totals|under|6.75|,totals,Under,6.75,,1.01,1.01,"[""Betfair Exchange""]","[""odds_api_io""]",1,,
soccer|jjk jyvaskyla|vjs|2026-06-02,totals|over|7.25|,totals,Over,7.25,,50.12,50.12,"[""Betfair Exchange""]","[""odds_api_io""]",1,,
soccer|jjk jyvaskyla|vjs|2026-06-02,totals|under|7.25|,totals,Under,7.25,,1.01,1.01,"[""Betfair Exchange""]","[""odds_api_io""]",1,,
soccer|jjk jyvaskyla|vjs|2026-06-02,totals|over|7.50|,totals,Over,7.5,,51.0,51.0,"[""Betfair Exchange""]","[""odds_api_io""]",1,,
soccer|jjk jyvaskyla|vjs|2026-06-02,totals|under|7.50|,totals,Under,7.5,,1.01,1.01,"[""Betfair Exchange""]","[""odds_api_io""]",1,,
soccer|jjk jyvaskyla|vjs|2026-06-02,totals|over|7.00|,totals,Over,7.0,,49.24,49.24,"[""Betfair Exchange""]","[""odds_api_io""]",1,,
soccer|jjk jyvaskyla|vjs|2026-06-02,totals|under|7.00|,totals,Under,7.0,,1.01,1.01,"[""Betfair Exchange""]","[""odds_api_io""]",1,,
soccer|jjk jyvaskyla|vjs|2026-06-02,totals|over|3.50|,totals,Over,3.5,,2.34,2.34,"[""Betfair Exchange""]","[""odds_api_io""]",1,,
soccer|jjk jyvaskyla|vjs|2026-06-02,totals|under|3.50|,totals,Under,3.5,,1.68,1.68,"[""Betfair Exchange""]","[""odds_api_io""]",1,,
soccer|hjs|ktp|2026-06-02,h2h|hjs||home,h2h,HJS,,home,1.64,1.6276,"[""Bet365"", ""Betfair Exchange""]","[""odds_api_io""]",2,0.944,
soccer|hjs|ktp|2026-06-02,h2h|draw||,h2h,Draw,,,4.5,4.3421,"[""Bet365"", ""Betfair Exchange""]","[""odds_api_io""]",2,1.587,
soccer|hjs|ktp|2026-06-02,h2h|fc ktp||away,h2h,FC KTP,,away,3.9,2.6981,"[""Bet365"", ""Betfair Exchange""]","[""odds_api_io""]",2,22.436,
soccer|hjs|ktp|2026-06-02,dnb|hjs|0.00|home,dnb,HJS,0.0,home,1.444,1.3324,"[""Bet365"", ""Betfair Exchange""]","[""odds_api_io""]",2,11.393,
soccer|hjs|ktp|2026-06-02,dnb|fc ktp|0.00|away,dnb,FC KTP,0.0,away,2.625,2.0704,"[""Bet365"", ""Betfair Exchange""]","[""odds_api_io""]",2,20.044,
soccer|hjs|ktp|2026-06-02,spreads|hjs|-1.00|home,spreads,HJS,-1.0,home,2.3,1.938,"[""Bet365"", ""Betfair Exchange""]","[""odds_api_io""]",3,17.497,
soccer|hjs|ktp|2026-06-02,spreads|fc ktp|1.00|away,spreads,FC KTP,1.0,away,5.5,2.166,"[""Bet365"", ""Betfair Exchange""]","[""odds_api_io""]",3,45.921,
soccer|hjs|ktp|2026-06-02,totals|over|3.25|,totals,Over,3.25,,1.85,1.85,"[""Bet365""]","[""odds_api_io""]",1,,
soccer|hjs|ktp|2026-06-02,totals|under|3.25|,totals,Under,3.25,,1.95,1.95,"[""Bet365""]","[""odds_api_io""]",1,,
soccer|hjs|ktp|2026-06-02,totals|over|2.50|,totals,Over,2.5,,1.4,1.4,"[""Bet365""]","[""odds_api_io""]",1,,
soccer|hjs|ktp|2026-06-02,totals|under|2.50|,totals,Under,2.5,,2.75,2.75,"[""Bet365""]","[""odds_api_io""]",1,,
soccer|hjs|ktp|2026-06-02,spreads|hjs|-2.50|home,spreads,HJS,-2.5,home,5.0,5.0,"[""Bet365""]","[""odds_api_io""]",1,,
soccer|hjs|ktp|2026-06-02,spreads|fc ktp|2.50|away,spreads,FC KTP,2.5,away,1.17,1.17,"[""Bet365""]","[""odds_api_io""]",1,,
soccer|hjs|ktp|2026-06-02,spreads|hjs|-2.25|home,spreads,HJS,-2.25,home,4.5,4.5,"[""Bet365""]","[""odds_api_io""]",1,,
soccer|hjs|ktp|2026-06-02,spreads|fc ktp|2.25|away,spreads,FC KTP,2.25,away,1.19,1.19,"[""Bet365""]","[""odds_api_io""]",1,,
soccer|hjs|ktp|2026-06-02,spreads|hjs|-2.00|home,spreads,HJS,-2.0,home,4.25,4.25,"[""Bet365""]","[""odds_api_io""]",1,,
soccer|hjs|ktp|2026-06-02,spreads|fc ktp|2.00|away,spreads,FC KTP,2.0,away,1.21,1.21,"[""Bet365""]","[""odds_api_io""]",1,,
soccer|hjs|ktp|2026-06-02,spreads|hjs|-1.75|home,spreads,HJS,-1.75,home,3.45,3.45,"[""Bet365""]","[""odds_api_io""]",1,,
soccer|hjs|ktp|2026-06-02,spreads|fc ktp|1.75|away,spreads,FC KTP,1.75,away,1.3,1.3,"[""Bet365""]","[""odds_api_io""]",1,,
soccer|hjs|ktp|2026-06-02,spreads|hjs|-1.50|home,spreads,HJS,-1.5,home,2.85,2.85,"[""Bet365""]","[""odds_api_io""]",1,,
soccer|hjs|ktp|2026-06-02,spreads|fc ktp|1.50|away,spreads,FC KTP,1.5,away,6.0,6.0,"[""Bet365""]","[""odds_api_io""]",1,,
soccer|hjs|ktp|2026-06-02,spreads|hjs|-1.25|home,spreads,HJS,-1.25,home,2.6,2.6,"[""Bet365""]","[""odds_api_io""]",1,,
soccer|hjs|ktp|2026-06-02,spreads|fc ktp|1.25|away,spreads,FC KTP,1.25,away,5.75,5.75,"[""Bet365""]","[""odds_api_io""]",1,,
soccer|hjs|ktp|2026-06-02,spreads|hjs|-0.75|home,spreads,HJS,-0.75,home,2.025,1.8088,"[""Bet365"", ""Betfair Exchange""]","[""odds_api_io""]",2,11.593,
soccer|hjs|ktp|2026-06-02,spreads|fc ktp|0.75|away,spreads,FC KTP,0.75,away,3.9,1.9098,"[""Bet365"", ""Betfair Exchange""]","[""odds_api_io""]",2,52.484,
soccer|hjs|ktp|2026-06-02,spreads|hjs|-0.25|home,spreads,HJS,-0.25,home,1.65,1.536,"[""Bet365"", ""Betfair Exchange""]","[""odds_api_io""]",2,8.838,
soccer|hjs|ktp|2026-06-02,spreads|fc ktp|0.25|away,spreads,FC KTP,0.25,away,3.0,2.1511,"[""Bet365"", ""Betfair Exchange""]","[""odds_api_io""]",2,25.838,
soccer|hjs|ktp|2026-06-02,spreads|hjs|0.00|home,spreads,HJS,0.0,home,1.475,1.3452,"[""Bet365"", ""Betfair Exchange""]","[""odds_api_io""]",2,12.849,
soccer|hjs|ktp|2026-06-02,spreads|fc ktp|-0.00|away,spreads,FC KTP,-0.0,away,2.6,2.0627,"[""Bet365"", ""Betfair Exchange""]","[""odds_api_io""]",2,19.678,
soccer|hjs|ktp|2026-06-02,spreads|hjs|0.25|home,spreads,HJS,0.25,home,1.375,1.28,"[""Bet365"", ""Betfair Exchange""]","[""odds_api_io""]",2,10.606,
soccer|hjs|ktp|2026-06-02,spreads|fc ktp|-0.25|away,spreads,FC KTP,-0.25,away,2.2,2.0363,"[""Bet365"", ""Betfair Exchange""]","[""odds_api_io""]",2,7.177,
soccer|hjs|ktp|2026-06-02,spreads|hjs|0.50|home,spreads,HJS,0.5,home,1.325,1.2413,"[""Bet365"", ""Betfair Exchange""]","[""odds_api_io""]",2,9.998,
soccer|hjs|ktp|2026-06-02,spreads|fc ktp|-0.50|away,spreads,FC KTP,-0.5,away,3.3,2.5412,"[""Bet365"", ""Betfair Exchange""]","[""odds_api_io""]",2,17.774,
soccer|hjs|ktp|2026-06-02,spreads|hjs|0.75|home,spreads,HJS,0.75,home,1.24,1.153,"[""Bet365"", ""Betfair Exchange""]","[""odds_api_io""]",2,11.947,
soccer|hjs|ktp|2026-06-02,spreads|fc ktp|-0.75|away,spreads,FC KTP,-0.75,away,2.08,1.9182,"[""Bet365"", ""Betfair Exchange""]","[""odds_api_io""]",2,8.261,
soccer|hjs|ktp|2026-06-02,spreads|hjs|1.00|home,spreads,HJS,1.0,home,1.17,1.1601,"[""Bet365"", ""Betfair Exchange""]","[""odds_api_io""]",2,1.486,
soccer|hjs|ktp|2026-06-02,spreads|fc ktp|-1.00|away,spreads,FC KTP,-1.0,away,2.08,1.813,"[""Bet365"", ""Betfair Exchange""]","[""odds_api_io""]",2,14.423,
soccer|hjs|ktp|2026-06-02,spreads|hjs|1.25|home,spreads,HJS,1.25,home,1.14,1.14,"[""Bet365""]","[""odds_api_io""]",1,,
soccer|hjs|ktp|2026-06-02,spreads|fc ktp|-1.25|away,spreads,FC KTP,-1.25,away,1.475,1.475,"[""Bet365""]","[""odds_api_io""]",1,,
soccer|hjs|ktp|2026-06-02,spreads|hjs|1.50|home,spreads,HJS,1.5,home,1.125,1.125,"[""Bet365""]","[""odds_api_io""]",1,,
soccer|hjs|ktp|2026-06-02,spreads|fc ktp|-1.50|away,spreads,FC KTP,-1.5,away,1.4,1.4,"[""Bet365""]","[""odds_api_io""]",1,,
soccer|hjs|ktp|2026-06-02,doubleChance|1x||,doubleChance,1X,,,1.17,1.17,"[""Betfair Exchange""]","[""odds_api_io""]",1,,
soccer|hjs|ktp|2026-06-02,doubleChance|12||,doubleChance,12,,,1.18,1.18,"[""Betfair Exchange""]","[""odds_api_io""]",1,,
soccer|hjs|ktp|2026-06-02,doubleChance|x2||,doubleChance,X2,,,1.56,1.56,"[""Betfair Exchange""]","[""odds_api_io""]",1,,
soccer|hjs|ktp|2026-06-02,spreads|hjs|-0.50|home,spreads,HJS,-0.5,home,1.64,1.64,"[""Betfair Exchange""]","[""odds_api_io""]",1,,
soccer|hjs|ktp|2026-06-02,spreads|fc ktp|0.50|away,spreads,FC KTP,0.5,away,1.56,1.56,"[""Betfair Exchange""]","[""odds_api_io""]",1,,
soccer|hjs|ktp|2026-06-02,totals|over|5.25|,totals,Over,5.25,,3.06,3.06,"[""Betfair Exchange""]","[""odds_api_io""]",1,,
soccer|hjs|ktp|2026-06-02,totals|under|5.25|,totals,Under,5.25,,1.07,1.07,"[""Betfair Exchange""]","[""odds_api_io""]",1,,
soccer|hjs|ktp|2026-06-02,btts|yes||,btts,Yes,,,1.57,1.57,"[""Betfair Exchange""]","[""odds_api_io""]",1,,
soccer|hjs|ktp|2026-06-02,btts|no||,btts,No,,,1.02,1.02,"[""Betfair Exchange""]","[""odds_api_io""]",1,,
soccer|oulun luistinseura|rovaniemen palloseura|2026-06-02,h2h|rovaniemen palloseura||home,h2h,Rovaniemen Palloseura,,home,2.1,2.1,"[""Betfair Exchange""]","[""odds_api_io""]",1,,
soccer|oulun luistinseura|rovaniemen palloseura|2026-06-02,h2h|draw||,h2h,Draw,,,3.95,3.95,"[""Betfair Exchange""]","[""odds_api_io""]",1,,
soccer|oulun luistinseura|rovaniemen palloseura|2026-06-02,h2h|oulun luistinseura||away,h2h,Oulun Luistinseura,,away,3.4,3.4,"[""Betfair Exchange""]","[""odds_api_io""]",1,,
soccer|oulun luistinseura|rovaniemen palloseura|2026-06-02,dnb|rovaniemen palloseura|0.00|home,dnb,Rovaniemen Palloseura,0.0,home,1.58,1.58,"[""Betfair Exchange""]","[""odds_api_io""]",1,,
soccer|oulun luistinseura|rovaniemen palloseura|2026-06-02,dnb|oulun luistinseura|0.00|away,dnb,Oulun Luistinseura,0.0,away,2.54,2.54,"[""Betfair Exchange""]","[""odds_api_io""]",1,,
soccer|oulun luistinseura|rovaniemen palloseura|2026-06-02,doubleChance|1x||,doubleChance,1X,,,1.38,1.38,"[""Betfair Exchange""]","[""odds_api_io""]",1,,
soccer|oulun luistinseura|rovaniemen palloseura|2026-06-02,doubleChance|12||,doubleChance,12,,,1.33,1.33,"[""Betfair Exchange""]","[""odds_api_io""]",1,,
soccer|oulun luistinseura|rovaniemen palloseura|2026-06-02,doubleChance|x2||,doubleChance,X2,,,1.83,1.83,"[""Betfair Exchange""]","[""odds_api_io""]",1,,
soccer|oulun luistinseura|rovaniemen palloseura|2026-06-02,spreads|rovaniemen palloseura|-0.75|home,spreads,Rovaniemen Palloseura,-0.75,home,2.42,2.42,"[""Betfair Exchange""]","[""odds_api_io""]",1,,
soccer|oulun luistinseura|rovaniemen palloseura|2026-06-02,spreads|oulun luistinseura|0.75|away,spreads,Oulun Luistinseura,0.75,away,1.64,1.64,"[""Betfair Exchange""]","[""odds_api_io""]",1,,
soccer|oulun luistinseura|rovaniemen palloseura|2026-06-02,spreads|rovaniemen palloseura|0.25|home,spreads,Rovaniemen Palloseura,0.25,home,1.46,1.46,"[""Betfair Exchange""]","[""odds_api_io""]",1,,
soccer|oulun luistinseura|rovaniemen palloseura|2026-06-02,spreads|oulun luistinseura|-0.25|away,spreads,Oulun Luistinseura,-0.25,away,2.97,2.97,"[""Betfair Exchange""]","[""odds_api_io""]",1,,
soccer|oulun luistinseura|rovaniemen palloseura|2026-06-02,spreads|rovaniemen palloseura|0.75|home,spreads,Rovaniemen Palloseura,0.75,home,1.27,1.27,"[""Betfair Exchange""]","[""odds_api_io""]",1,,
soccer|oulun luistinseura|rovaniemen palloseura|2026-06-02,spreads|oulun luistinseura|-0.75|away,spreads,Oulun Luistinseura,-0.75,away,4.11,4.11,"[""Betfair Exchange""]","[""odds_api_io""]",1,,
soccer|oulun luistinseura|rovaniemen palloseura|2026-06-02,spreads|rovaniemen palloseura|0.00|home,spreads,Rovaniemen Palloseura,0.0,home,1.58,1.58,"[""Betfair Exchange""]","[""odds_api_io""]",1,,
soccer|oulun luistinseura|rovaniemen palloseura|2026-06-02,spreads|oulun luistinseura|-0.00|away,spreads,Oulun Luistinseura,-0.0,away,2.54,2.54,"[""Betfair Exchange""]","[""odds_api_io""]",1,,
soccer|oulun luistinseura|rovaniemen palloseura|2026-06-02,spreads|rovaniemen palloseura|-0.25|home,spreads,Rovaniemen Palloseura,-0.25,home,1.85,1.85,"[""Betfair Exchange""]","[""odds_api_io""]",1,,
soccer|oulun luistinseura|rovaniemen palloseura|2026-06-02,spreads|oulun luistinseura|0.25|away,spreads,Oulun Luistinseura,0.25,away,2.08,2.08,"[""Betfair Exchange""]","[""odds_api_io""]",1,,
soccer|oulun luistinseura|rovaniemen palloseura|2026-06-02,spreads|rovaniemen palloseura|1.50|home,spreads,Rovaniemen Palloseura,1.5,home,1.13,1.13,"[""Betfair Exchange""]","[""odds_api_io""]",1,,
soccer|oulun luistinseura|rovaniemen palloseura|2026-06-02,spreads|oulun luistinseura|-1.50|away,spreads,Oulun Luistinseura,-1.5,away,6.26,6.26,"[""Betfair Exchange""]","[""odds_api_io""]",1,,
soccer|oulun luistinseura|rovaniemen palloseura|2026-06-02,spreads|rovaniemen palloseura|-1.00|home,spreads,Rovaniemen Palloseura,-1.0,home,3.7,3.2889,"[""Betfair Exchange""]","[""odds_api_io""]",2,6.757,
soccer|oulun luistinseura|rovaniemen palloseura|2026-06-02,spreads|oulun luistinseura|1.00|away,spreads,Oulun Luistinseura,1.0,away,1.83,1.6117,"[""Betfair Exchange""]","[""odds_api_io""]",2,14.8,
soccer|oulun luistinseura|rovaniemen palloseura|2026-06-02,spreads|rovaniemen palloseura|-1.50|home,spreads,Rovaniemen Palloseura,-1.5,home,3.7,3.7,"[""Betfair Exchange""]","[""odds_api_io""]",1,,
soccer|oulun luistinseura|rovaniemen palloseura|2026-06-02,spreads|oulun luistinseura|1.50|away,spreads,Oulun Luistinseura,1.5,away,1.31,1.31,"[""Betfair Exchange""]","[""odds_api_io""]",1,,
soccer|oulun luistinseura|rovaniemen palloseura|2026-06-02,spreads|rovaniemen palloseura|0.50|home,spreads,Rovaniemen Palloseura,0.5,home,1.38,1.38,"[""Betfair Exchange""]","[""odds_api_io""]",1,,
soccer|oulun luistinseura|rovaniemen palloseura|2026-06-02,spreads|oulun luistinseura|-0.50|away,spreads,Oulun Luistinseura,-0.5,away,3.4,3.4,"[""Betfair Exchange""]","[""odds_api_io""]",1,,
soccer|oulun luistinseura|rovaniemen palloseura|2026-06-02,spreads|rovaniemen palloseura|-1.25|home,spreads,Rovaniemen Palloseura,-1.25,home,3.35,3.35,"[""Betfair Exchange""]","[""odds_api_io""]",1,,
soccer|oulun luistinseura|rovaniemen palloseura|2026-06-02,spreads|oulun luistinseura|1.25|away,spreads,Oulun Luistinseura,1.25,away,1.37,1.37,"[""Betfair Exchange""]","[""odds_api_io""]",1,,
soccer|oulun luistinseura|rovaniemen palloseura|2026-06-02,spreads|rovaniemen palloseura|-0.50|home,spreads,Rovaniemen Palloseura,-0.5,home,2.11,2.11,"[""Betfair Exchange""]","[""odds_api_io""]",1,,
soccer|oulun luistinseura|rovaniemen palloseura|2026-06-02,spreads|oulun luistinseura|0.50|away,spreads,Oulun Luistinseura,0.5,away,1.83,1.83,"[""Betfair Exchange""]","[""odds_api_io""]",1,,
soccer|oulun luistinseura|rovaniemen palloseura|2026-06-02,spreads|rovaniemen palloseura|1.25|home,spreads,Rovaniemen Palloseura,1.25,home,1.14,1.14,"[""Betfair Exchange""]","[""odds_api_io""]",1,,
soccer|oulun luistinseura|rovaniemen palloseura|2026-06-02,spreads|oulun luistinseura|-1.25|away,spreads,Oulun Luistinseura,-1.25,away,5.84,5.84,"[""Betfair Exchange""]","[""odds_api_io""]",1,,
soccer|oulun luistinseura|rovaniemen palloseura|2026-06-02,spreads|rovaniemen palloseura|1.75|home,spreads,Rovaniemen Palloseura,1.75,home,1.08,1.08,"[""Betfair Exchange""]","[""odds_api_io""]",1,,
soccer|oulun luistinseura|rovaniemen palloseura|2026-06-02,spreads|oulun luistinseura|-1.75|away,spreads,Oulun Luistinseura,-1.75,away,8.58,8.58,"[""Betfair Exchange""]","[""odds_api_io""]",1,,
soccer|oulun luistinseura|rovaniemen palloseura|2026-06-02,spreads|rovaniemen palloseura|-1.75|home,spreads,Rovaniemen Palloseura,-1.75,home,4.66,4.66,"[""Betfair Exchange""]","[""odds_api_io""]",1,,
soccer|oulun luistinseura|rovaniemen palloseura|2026-06-02,spreads|oulun luistinseura|1.75|away,spreads,Oulun Luistinseura,1.75,away,1.22,1.22,"[""Betfair Exchange""]","[""odds_api_io""]",1,,
soccer|oulun luistinseura|rovaniemen palloseura|2026-06-02,spreads|rovaniemen palloseura|2.00|home,spreads,Rovaniemen Palloseura,2.0,home,1.13,1.0831,"[""Betfair Exchange""]","[""odds_api_io""]",2,7.658,
soccer|oulun luistinseura|rovaniemen palloseura|2026-06-02,spreads|oulun luistinseura|-2.00|away,spreads,Oulun Luistinseura,-2.0,away,15.5,14.7229,"[""Betfair Exchange""]","[""odds_api_io""]",2,0.681,
soccer|oulun luistinseura|rovaniemen palloseura|2026-06-02,spreads|rovaniemen palloseura|1.00|home,spreads,Rovaniemen Palloseura,1.0,home,1.38,1.2605,"[""Betfair Exchange""]","[""odds_api_io""]",2,13.743,
soccer|oulun luistinseura|rovaniemen palloseura|2026-06-02,spreads|oulun luistinseura|-1.00|away,spreads,Oulun Luistinseura,-1.0,away,6.2,5.7838,"[""Betfair Exchange""]","[""odds_api_io""]",2,2.321,
soccer|oulun luistinseura|rovaniemen palloseura|2026-06-02,spreads|rovaniemen palloseura|2.25|home,spreads,Rovaniemen Palloseura,2.25,home,1.04,1.04,"[""Betfair Exchange""]","[""odds_api_io""]",1,,
soccer|oulun luistinseura|rovaniemen palloseura|2026-06-02,spreads|oulun luistinseura|-2.25|away,spreads,Oulun Luistinseura,-2.25,away,14.76,14.76,"[""Betfair Exchange""]","[""odds_api_io""]",1,,
soccer|oulun luistinseura|rovaniemen palloseura|2026-06-02,totals|over|3.25|,totals,Over,3.25,,2.14,2.14,"[""Betfair Exchange""]","[""odds_api_io""]",1,,
soccer|oulun luistinseura|rovaniemen palloseura|2026-06-02,totals|under|3.25|,totals,Under,3.25,,1.83,1.83,"[""Betfair Exchange""]","[""odds_api_io""]",1,,
soccer|oulun luistinseura|rovaniemen palloseura|2026-06-02,totals|over|1.25|,totals,Over,1.25,,1.11,1.11,"[""Betfair Exchange""]","[""odds_api_io""]",1,,
soccer|oulun luistinseura|rovaniemen palloseura|2026-06-02,totals|under|1.25|,totals,Under,1.25,,7.29,7.29,"[""Betfair Exchange""]","[""odds_api_io""]",1,,
soccer|oulun luistinseura|rovaniemen palloseura|2026-06-02,totals|over|1.50|,totals,Over,1.5,,1.18,1.18,"[""Betfair Exchange""]","[""odds_api_io""]",1,,
soccer|oulun luistinseura|rovaniemen palloseura|2026-06-02,totals|under|1.50|,totals,Under,1.5,,6.0,6.0,"[""Betfair Exchange""]","[""odds_api_io""]",1,,
soccer|oulun luistinseura|rovaniemen palloseura|2026-06-02,totals|over|2.00|,totals,Over,2.0,,1.24,1.24,"[""Betfair Exchange""]","[""odds_api_io""]",1,,
soccer|oulun luistinseura|rovaniemen palloseura|2026-06-02,totals|under|2.00|,totals,Under,2.0,,4.01,4.01,"[""Betfair Exchange""]","[""odds_api_io""]",1,,
soccer|oulun luistinseura|rovaniemen palloseura|2026-06-02,totals|over|1.75|,totals,Over,1.75,,1.21,1.21,"[""Betfair Exchange""]","[""odds_api_io""]",1,,
soccer|oulun luistinseura|rovaniemen palloseura|2026-06-02,totals|under|1.75|,totals,Under,1.75,,4.42,4.42,"[""Betfair Exchange""]","[""odds_api_io""]",1,,
soccer|oulun luistinseura|rovaniemen palloseura|2026-06-02,btts|yes||,btts,Yes,,,1.54,1.54,"[""Betfair Exchange""]","[""odds_api_io""]",1,,
soccer|oulun luistinseura|rovaniemen palloseura|2026-06-02,btts|no||,btts,No,,,2.66,2.66,"[""Betfair Exchange""]","[""odds_api_io""]",1,,
soccer|belgium|croatia|2026-06-02,h2h|croatia||home,h2h,Croatia,,home,2.72,2.5615,"[""Bet365"", ""Unibet"", ""Betfair Exchange"", ""Sbobet"", ""oddssafari-consensus"", ""1xbet"", ""betano"", ""pinnacle"", ""interwetten"", ""unibet"", ""novibet"", ""bwin"", ""sportingbet"", ""betway"", ""888sport"", ""william-hill"", ""bet365"", ""betsson"", ""marathon"", ""bzzoiro"", ""bzzoiro-consensus""]","[""odds_api_io"", ""bzzoiro""]",21,4.729,
soccer|belgium|croatia|2026-06-02,h2h|draw||,h2h,Draw,,,3.65,3.3789,"[""Bet365"", ""Unibet"", ""Betfair Exchange"", ""Sbobet"", ""oddssafari-consensus"", ""1xbet"", ""betano"", ""pinnacle"", ""interwetten"", ""unibet"", ""novibet"", ""bwin"", ""sportingbet"", ""betway"", ""888sport"", ""william-hill"", ""bet365"", ""betsson"", ""marathon"", ""bzzoiro"", ""bzzoiro-consensus""]","[""odds_api_io"", ""bzzoiro""]",21,4.349,
soccer|belgium|croatia|2026-06-02,h2h|belgium||away,h2h,Belgium,,away,2.78,2.6307,"[""Bet365"", ""Unibet"", ""Betfair Exchange"", ""Sbobet"", ""oddssafari-consensus"", ""1xbet"", ""betano"", ""pinnacle"", ""interwetten"", ""unibet"", ""novibet"", ""bwin"", ""sportingbet"", ""betway"", ""888sport"", ""william-hill"", ""bet365"", ""betsson"", ""marathon"", ""bzzoiro"", ""bzzoiro-consensus""]","[""odds_api_io"", ""bzzoiro""]",21,4.845,
soccer|belgium|croatia|2026-06-02,dnb|croatia|0.00|home,dnb,Croatia,0.0,home,1.96,1.8571,"[""Bet365"", ""Unibet"", ""Betfair Exchange""]","[""odds_api_io""]",3,5.159,
soccer|belgium|croatia|2026-06-02,dnb|belgium|0.00|away,dnb,Belgium,0.0,away,2.02,1.9161,"[""Bet365"", ""Unibet"", ""Betfair Exchange""]","[""odds_api_io""]",3,5.05,
soccer|belgium|croatia|2026-06-02,spreads|croatia|0.00|home,spreads,Croatia,0.0,home,1.96,1.9064,"[""Bet365"", ""Betfair Exchange"", ""Sbobet""]","[""odds_api_io""]",3,2.743,
soccer|belgium|croatia|2026-06-02,totals|over|2.75|,totals,Over,2.75,,2.15,2.0624,"[""Bet365"", ""Betfair Exchange"", ""Sbobet""]","[""odds_api_io""]",3,3.488,
soccer|belgium|croatia|2026-06-02,totals|under|2.75|,totals,Under,2.75,,1.81,1.7967,"[""Bet365"", ""Betfair Exchange"", ""Sbobet""]","[""odds_api_io""]",3,0.931,
soccer|belgium|croatia|2026-06-02,totals|over|2.50|,totals,Over,2.5,,1.91,1.827,"[""Bet365"", ""Unibet"", ""Betfair Exchange"", ""Sbobet"", ""1xbet"", ""bzzoiro-consensus""]","[""odds_api_io"", ""bzzoiro""]",6,4.141,
soccer|belgium|croatia|2026-06-02,totals|under|2.50|,totals,Under,2.5,,2.08,2.0047,"[""Bet365"", ""Unibet"", ""Betfair Exchange"", ""Sbobet"", ""1xbet"", ""bzzoiro-consensus""]","[""odds_api_io"", ""bzzoiro""]",6,3.469,
soccer|belgium|croatia|2026-06-02,btts|yes||,btts,Yes,,,1.75,1.6294,"[""Bet365"", ""Unibet"", ""Betfair Exchange"", ""oddssafari-consensus"", ""1xbet"", ""betano"", ""pinnacle"", ""interwetten"", ""unibet"", ""novibet"", ""bwin"", ""sportingbet"", ""betway"", ""888sport"", ""william-hill"", ""bet365"", ""betsson"", ""marathon"", ""bzzoiro"", ""bzzoiro-consensus""]","[""odds_api_io"", ""bzzoiro""]",20,6.148,
soccer|belgium|croatia|2026-06-02,btts|no||,btts,No,,,2.3,2.1643,"[""Bet365"", ""Unibet"", ""Betfair Exchange"", ""oddssafari-consensus"", ""1xbet"", ""betano"", ""pinnacle"", ""interwetten"", ""unibet"", ""novibet"", ""bwin"", ""sportingbet"", ""betway"", ""888sport"", ""william-hill"", ""bet365"", ""betsson"", ""marathon"", ""bzzoiro"", ""bzzoiro-consensus""]","[""odds_api_io"", ""bzzoiro""]",20,4.141,
soccer|belgium|croatia|2026-06-02,spreads|croatia|-1.00|home,spreads,Croatia,-1.0,home,5.8,4.6915,"[""Bet365"", ""Unibet"", ""Betfair Exchange""]","[""odds_api_io""]",5,8.4,
soccer|belgium|croatia|2026-06-02,spreads|belgium|-1.00|away,spreads,Belgium,-1.0,away,5.9,2.4529,"[""Bet365"", ""Unibet"", ""Betfair Exchange""]","[""odds_api_io""]",5,63.696,
soccer|belgium|croatia|2026-06-02,teamTotals|over|2.50|,teamTotals,Over,2.5,,5.5,5.1423,"[""Bet365"", ""Unibet""]","[""odds_api_io""]",4,2.226,
soccer|belgium|croatia|2026-06-02,teamTotals|under|2.50|,teamTotals,Under,2.5,,1.166,1.1346,"[""Bet365"", ""Unibet""]","[""odds_api_io""]",4,4.327,
soccer|belgium|croatia|2026-06-02,teamTotals|over|3.50|,teamTotals,Over,3.5,,15.0,13.44,"[""Bet365"", ""Unibet""]","[""odds_api_io""]",3,1.333,
soccer|belgium|croatia|2026-06-02,teamTotals|under|3.50|,teamTotals,Under,3.5,,1.03,1.03,"[""Bet365""]","[""odds_api_io""]",1,,
soccer|belgium|croatia|2026-06-02,teamTotals|over|0.50|,teamTotals,Over,0.5,,1.285,1.2513,"[""Bet365"", ""Unibet""]","[""odds_api_io""]",4,3.48,
soccer|belgium|croatia|2026-06-02,teamTotals|under|0.50|,teamTotals,Under,0.5,,3.75,3.5982,"[""Bet365"", ""Unibet""]","[""odds_api_io""]",4,1.905,
soccer|belgium|croatia|2026-06-02,teamTotals|over|1.50|,teamTotals,Over,1.5,,2.3,2.2365,"[""Bet365"", ""Unibet""]","[""odds_api_io""]",4,1.976,
soccer|belgium|croatia|2026-06-02,teamTotals|under|1.50|,teamTotals,Under,1.5,,1.615,1.5739,"[""Bet365"", ""Unibet""]","[""odds_api_io""]",4,3.44,
soccer|belgium|croatia|2026-06-02,teamTotals|over|4.50|,teamTotals,Over,4.5,,34.0,34.0,"[""Bet365""]","[""odds_api_io""]",1,,
soccer|belgium|croatia|2026-06-02,teamTotals|under|4.50|,teamTotals,Under,4.5,,1.005,1.005,"[""Bet365""]","[""odds_api_io""]",1,,
soccer|belgium|croatia|2026-06-02,spreads|croatia|-1.75|home,spreads,Croatia,-1.75,home,7.92,7.093,"[""Bet365"", ""Betfair Exchange""]","[""odds_api_io""]",2,2.999,
soccer|belgium|croatia|2026-06-02,spreads|belgium|1.75|away,spreads,Belgium,1.75,away,6.8,1.9131,"[""Bet365"", ""Betfair Exchange""]","[""odds_api_io""]",2,73.79,
soccer|belgium|croatia|2026-06-02,spreads|croatia|-1.50|home,spreads,Croatia,-1.5,home,5.8,5.2619,"[""Bet365"", ""Betfair Exchange""]","[""odds_api_io""]",2,3.592,
soccer|belgium|croatia|2026-06-02,spreads|belgium|1.50|away,spreads,Belgium,1.5,away,5.25,1.9182,"[""Bet365"", ""Betfair Exchange""]","[""odds_api_io""]",2,64.986,
soccer|belgium|croatia|2026-06-02,spreads|croatia|-1.25|home,spreads,Croatia,-1.25,home,5.22,4.7825,"[""Bet365"", ""Betfair Exchange""]","[""odds_api_io""]",2,3.57,
soccer|belgium|croatia|2026-06-02,spreads|belgium|1.25|away,spreads,Belgium,1.25,away,4.5,1.8874,"[""Bet365"", ""Betfair Exchange""]","[""odds_api_io""]",2,60.422,
soccer|belgium|croatia|2026-06-02,spreads|belgium|1.00|away,spreads,Belgium,1.0,away,4.15,1.6825,"[""Bet365"", ""Unibet"", ""Betfair Exchange""]","[""odds_api_io""]",4,55.904,
soccer|belgium|croatia|2026-06-02,spreads|croatia|-0.75|home,spreads,Croatia,-0.75,home,3.32,3.1548,"[""Bet365"", ""Betfair Exchange""]","[""odds_api_io""]",2,3.213,
soccer|belgium|croatia|2026-06-02,spreads|belgium|0.75|away,spreads,Belgium,0.75,away,3.1,1.9252,"[""Bet365"", ""Betfair Exchange""]","[""odds_api_io""]",2,38.664,
soccer|belgium|croatia|2026-06-02,spreads|croatia|-0.50|home,spreads,Croatia,-0.5,home,2.7,2.4982,"[""Bet365"", ""Unibet"", ""Betfair Exchange""]","[""odds_api_io""]",3,4.98,
soccer|belgium|croatia|2026-06-02,spreads|belgium|0.50|away,spreads,Belgium,0.5,away,2.5,1.9284,"[""Bet365"", ""Betfair Exchange""]","[""odds_api_io""]",2,23.291,
soccer|belgium|croatia|2026-06-02,spreads|croatia|-0.25|home,spreads,Croatia,-0.25,home,2.33,2.2549,"[""Bet365"", ""Betfair Exchange"", ""Sbobet""]","[""odds_api_io""]",3,3.593,
soccer|belgium|croatia|2026-06-02,spreads|belgium|0.25|away,spreads,Belgium,0.25,away,2.25,1.8278,"[""Bet365"", ""Betfair Exchange"", ""Sbobet""]","[""odds_api_io""]",3,17.667,
soccer|belgium|croatia|2026-06-02,spreads|croatia|0.25|home,spreads,Croatia,0.25,home,1.7,1.6413,"[""Bet365"", ""Betfair Exchange"", ""Sbobet""]","[""odds_api_io""]",3,3.676,
soccer|belgium|croatia|2026-06-02,spreads|belgium|-0.25|away,spreads,Belgium,-0.25,away,2.4,2.0773,"[""Bet365"", ""Betfair Exchange"", ""Sbobet""]","[""odds_api_io""]",3,18.035,
soccer|belgium|croatia|2026-06-02,spreads|croatia|0.50|home,spreads,Croatia,0.5,home,1.55,1.5003,"[""Bet365"", ""Unibet"", ""Betfair Exchange""]","[""odds_api_io""]",3,4.449,
soccer|belgium|croatia|2026-06-02,spreads|belgium|-0.50|away,spreads,Belgium,-0.5,away,2.78,2.1719,"[""Bet365"", ""Unibet"", ""Betfair Exchange""]","[""odds_api_io""]",4,29.603,
soccer|belgium|croatia|2026-06-02,spreads|croatia|0.75|home,spreads,Croatia,0.75,home,1.39,1.3701,"[""Bet365"", ""Betfair Exchange""]","[""odds_api_io""]",2,2.132,
soccer|belgium|croatia|2026-06-02,spreads|belgium|-0.75|away,spreads,Belgium,-0.75,away,3.41,1.975,"[""Bet365"", ""Betfair Exchange""]","[""odds_api_io""]",2,43.402,
soccer|belgium|croatia|2026-06-02,spreads|croatia|1.00|home,spreads,Croatia,1.0,home,1.55,1.3503,"[""Bet365"", ""Unibet"", ""Betfair Exchange""]","[""odds_api_io""]",4,17.451,
soccer|belgium|croatia|2026-06-02,spreads|croatia|1.25|home,spreads,Croatia,1.25,home,1.21,1.2001,"[""Bet365"", ""Betfair Exchange""]","[""odds_api_io""]",2,1.389,
soccer|belgium|croatia|2026-06-02,spreads|belgium|-1.25|away,spreads,Belgium,-1.25,away,5.33,1.9817,"[""Bet365"", ""Betfair Exchange""]","[""odds_api_io""]",2,64.572,
soccer|belgium|croatia|2026-06-02,spreads|croatia|1.50|home,spreads,Croatia,1.5,home,1.18,1.1701,"[""Bet365"", ""Betfair Exchange""]","[""odds_api_io""]",2,1.461,
soccer|belgium|croatia|2026-06-02,spreads|belgium|-1.50|away,spreads,Belgium,-1.5,away,5.9,1.9838,"[""Bet365"", ""Betfair Exchange""]","[""odds_api_io""]",2,68.157,
soccer|belgium|croatia|2026-06-02,spreads|croatia|1.75|home,spreads,Croatia,1.75,home,1.12,1.1126,"[""Bet365"", ""Betfair Exchange""]","[""odds_api_io""]",2,1.212,
soccer|belgium|croatia|2026-06-02,spreads|belgium|-1.75|away,spreads,Belgium,-1.75,away,8.09,1.9873,"[""Bet365"", ""Betfair Exchange""]","[""odds_api_io""]",2,77.325,
soccer|belgium|croatia|2026-06-02,spreads|belgium|-0.00|away,spreads,Belgium,-0.0,away,2.02,1.966,"[""Bet365"", ""Betfair Exchange"", ""Sbobet""]","[""odds_api_io""]",3,3.127,
soccer|belgium|croatia|2026-06-02,doubleChance|1x||,doubleChance,1X,,,1.55,1.4077,"[""Unibet"", ""Betfair Exchange""]","[""odds_api_io""]",2,13.609,
soccer|belgium|croatia|2026-06-02,doubleChance|12||,doubleChance,12,,,1.56,1.449,"[""Unibet"", ""Betfair Exchange""]","[""odds_api_io""]",2,9.427,
soccer|belgium|croatia|2026-06-02,doubleChance|x2||,doubleChance,X2,,,1.58,1.4438,"[""Unibet"", ""Betfair Exchange""]","[""odds_api_io""]",2,12.466,
soccer|belgium|croatia|2026-06-02,totals|over|0.50|,totals,Over,0.5,,1.06,1.0354,"[""Unibet"", ""Betfair Exchange""]","[""odds_api_io""]",2,4.67,
soccer|belgium|croatia|2026-06-02,totals|under|0.50|,totals,Under,0.5,,15.28,12.8793,"[""Unibet"", ""Betfair Exchange""]","[""odds_api_io""]",2,2.546,
soccer|belgium|croatia|2026-06-02,totals|over|5.50|,totals,Over,5.5,,16.5,13.9872,"[""Unibet"", ""Betfair Exchange""]","[""odds_api_io""]",2,2.273,
soccer|belgium|croatia|2026-06-02,totals|under|5.50|,totals,Under,5.5,,1.05,1.0304,"[""Unibet"", ""Betfair Exchange""]","[""odds_api_io""]",2,3.772,
soccer|belgium|croatia|2026-06-02,totals|over|3.50|,totals,Over,3.5,,3.3,3.0521,"[""Unibet"", ""Betfair Exchange"", ""novibet"", ""bzzoiro-consensus""]","[""odds_api_io"", ""bzzoiro""]",4,4.061,
soccer|belgium|croatia|2026-06-02,totals|under|3.50|,totals,Under,3.5,,1.42,1.3772,"[""Unibet"", ""Betfair Exchange"", ""bzzoiro-consensus""]","[""odds_api_io"", ""bzzoiro""]",3,4.204,
soccer|belgium|croatia|2026-06-02,totals|over|1.50|,totals,Over,1.5,,1.29,1.2539,"[""Unibet"", ""Betfair Exchange"", ""bzzoiro-consensus""]","[""odds_api_io"", ""bzzoiro""]",3,3.781,
soccer|belgium|croatia|2026-06-02,totals|under|1.50|,totals,Under,1.5,,4.22,3.9167,"[""Unibet"", ""Betfair Exchange"", ""pinnacle"", ""bzzoiro-consensus""]","[""odds_api_io"", ""bzzoiro""]",4,3.257,
soccer|belgium|croatia|2026-06-02,totals|over|4.50|,totals,Over,4.5,,6.8,6.2812,"[""Unibet"", ""Betfair Exchange""]","[""odds_api_io""]",2,2.535,
soccer|belgium|croatia|2026-06-02,totals|under|4.50|,totals,Under,4.5,,1.16,1.1305,"[""Unibet"", ""Betfair Exchange""]","[""odds_api_io""]",2,4.702,
soccer|belgium|croatia|2026-06-02,spreads|croatia|-4.00|home,spreads,Croatia,-4.0,home,5.4,5.4,"[""Unibet""]","[""odds_api_io""]",1,,
soccer|belgium|croatia|2026-06-02,spreads|belgium|4.00|away,spreads,Belgium,4.0,away,1.15,1.15,"[""Unibet""]","[""odds_api_io""]",1,,
soccer|belgium|croatia|2026-06-02,spreads|croatia|-3.00|home,spreads,Croatia,-3.0,home,44.0,10.5626,"[""Unibet"", ""Betfair Exchange""]","[""odds_api_io""]",3,22.727,
soccer|belgium|croatia|2026-06-02,spreads|belgium|3.00|away,spreads,Belgium,3.0,away,1.25,1.0938,"[""Unibet"", ""Betfair Exchange""]","[""odds_api_io""]",3,19.01,
soccer|belgium|croatia|2026-06-02,spreads|croatia|-2.00|home,spreads,Croatia,-2.0,home,14.5,12.7222,"[""Unibet"", ""Betfair Exchange""]","[""odds_api_io""]",3,2.194,
soccer|belgium|croatia|2026-06-02,spreads|belgium|2.00|away,spreads,Belgium,2.0,away,1.19,1.1271,"[""Unibet"", ""Betfair Exchange""]","[""odds_api_io""]",3,10.306,
soccer|belgium|croatia|2026-06-02,spreads|croatia|2.00|home,spreads,Croatia,2.0,home,1.18,1.1178,"[""Unibet"", ""Betfair Exchange""]","[""odds_api_io""]",3,9.594,
soccer|belgium|croatia|2026-06-02,spreads|belgium|-2.00|away,spreads,Belgium,-2.0,away,15.5,13.4805,"[""Unibet"", ""Betfair Exchange""]","[""odds_api_io""]",3,2.244,
soccer|belgium|croatia|2026-06-02,spreads|croatia|3.00|home,spreads,Croatia,3.0,home,1.25,1.0902,"[""Unibet"", ""Betfair Exchange""]","[""odds_api_io""]",3,19.01,
soccer|belgium|croatia|2026-06-02,spreads|belgium|-3.00|away,spreads,Belgium,-3.0,away,50.0,11.2339,"[""Unibet"", ""Betfair Exchange""]","[""odds_api_io""]",3,21.81,
soccer|belgium|croatia|2026-06-02,spreads|croatia|4.00|home,spreads,Croatia,4.0,home,1.14,1.14,"[""Unibet""]","[""odds_api_io""]",1,,
soccer|belgium|croatia|2026-06-02,spreads|belgium|-4.00|away,spreads,Belgium,-4.0,away,5.5,5.5,"[""Unibet""]","[""odds_api_io""]",1,,
soccer|belgium|croatia|2026-06-02,spreads|croatia|-2.25|home,spreads,Croatia,-2.25,home,13.75,13.75,"[""Betfair Exchange""]","[""odds_api_io""]",1,,
soccer|belgium|croatia|2026-06-02,spreads|belgium|2.25|away,spreads,Belgium,2.25,away,1.06,1.06,"[""Betfair Exchange""]","[""odds_api_io""]",1,,
soccer|belgium|croatia|2026-06-02,spreads|croatia|-2.75|home,spreads,Croatia,-2.75,home,21.3,21.3,"[""Betfair Exchange""]","[""odds_api_io""]",1,,
soccer|belgium|croatia|2026-06-02,spreads|belgium|2.75|away,spreads,Belgium,2.75,away,1.03,1.03,"[""Betfair Exchange""]","[""odds_api_io""]",1,,
soccer|belgium|croatia|2026-06-02,spreads|croatia|-2.50|home,spreads,Croatia,-2.5,home,14.5,14.5,"[""Betfair Exchange""]","[""odds_api_io""]",1,,
soccer|belgium|croatia|2026-06-02,spreads|belgium|2.50|away,spreads,Belgium,2.5,away,1.06,1.06,"[""Betfair Exchange""]","[""odds_api_io""]",1,,
soccer|belgium|croatia|2026-06-02,spreads|croatia|-3.50|home,spreads,Croatia,-3.5,home,44.0,44.0,"[""Betfair Exchange""]","[""odds_api_io""]",1,,
soccer|belgium|croatia|2026-06-02,spreads|belgium|3.50|away,spreads,Belgium,3.5,away,1.01,1.01,"[""Betfair Exchange""]","[""odds_api_io""]",1,,
soccer|belgium|croatia|2026-06-02,spreads|croatia|-3.25|home,spreads,Croatia,-3.25,home,43.03,43.03,"[""Betfair Exchange""]","[""odds_api_io""]",1,,
soccer|belgium|croatia|2026-06-02,spreads|belgium|3.25|away,spreads,Belgium,3.25,away,1.01,1.01,"[""Betfair Exchange""]","[""odds_api_io""]",1,,
soccer|belgium|croatia|2026-06-02,spreads|croatia|3.25|home,spreads,Croatia,3.25,home,1.01,1.01,"[""Betfair Exchange""]","[""odds_api_io""]",1,,
soccer|belgium|croatia|2026-06-02,spreads|belgium|-3.25|away,spreads,Belgium,-3.25,away,48.88,48.88,"[""Betfair Exchange""]","[""odds_api_io""]",1,,
soccer|belgium|croatia|2026-06-02,spreads|croatia|2.75|home,spreads,Croatia,2.75,home,1.03,1.03,"[""Betfair Exchange""]","[""odds_api_io""]",1,,
soccer|belgium|croatia|2026-06-02,spreads|belgium|-2.75|away,spreads,Belgium,-2.75,away,23.13,23.13,"[""Betfair Exchange""]","[""odds_api_io""]",1,,
soccer|belgium|croatia|2026-06-02,spreads|croatia|3.50|home,spreads,Croatia,3.5,home,1.01,1.01,"[""Betfair Exchange""]","[""odds_api_io""]",1,,
soccer|belgium|croatia|2026-06-02,spreads|belgium|-3.50|away,spreads,Belgium,-3.5,away,50.0,50.0,"[""Betfair Exchange""]","[""odds_api_io""]",1,,
soccer|belgium|croatia|2026-06-02,spreads|croatia|2.25|home,spreads,Croatia,2.25,home,1.06,1.06,"[""Betfair Exchange""]","[""odds_api_io""]",1,,
soccer|belgium|croatia|2026-06-02,spreads|belgium|-2.25|away,spreads,Belgium,-2.25,away,14.68,14.68,"[""Betfair Exchange""]","[""odds_api_io""]",1,,
soccer|belgium|croatia|2026-06-02,spreads|croatia|2.50|home,spreads,Croatia,2.5,home,1.05,1.05,"[""Betfair Exchange""]","[""odds_api_io""]",1,,
soccer|belgium|croatia|2026-06-02,spreads|belgium|-2.50|away,spreads,Belgium,-2.5,away,15.5,15.5,"[""Betfair Exchange""]","[""odds_api_io""]",1,,
soccer|belgium|croatia|2026-06-02,totals|over|2.25|,totals,Over,2.25,,1.67,1.6349,"[""Betfair Exchange"", ""Sbobet""]","[""odds_api_io""]",2,2.62,
soccer|belgium|croatia|2026-06-02,totals|under|2.25|,totals,Under,2.25,,2.43,2.354,"[""Betfair Exchange"", ""Sbobet""]","[""odds_api_io""]",2,2.707,
soccer|belgium|croatia|2026-06-02,totals|over|1.75|,totals,Over,1.75,,1.35,1.35,"[""Betfair Exchange""]","[""odds_api_io""]",1,,
soccer|belgium|croatia|2026-06-02,totals|under|1.75|,totals,Under,1.75,,3.59,3.59,"[""Betfair Exchange""]","[""odds_api_io""]",1,,
soccer|belgium|croatia|2026-06-02,totals|over|3.25|,totals,Over,3.25,,2.93,2.93,"[""Betfair Exchange""]","[""odds_api_io""]",1,,
soccer|belgium|croatia|2026-06-02,totals|under|3.25|,totals,Under,3.25,,1.49,1.49,"[""Betfair Exchange""]","[""odds_api_io""]",1,,
soccer|belgium|croatia|2026-06-02,totals|over|2.00|,totals,Over,2.0,,1.43,1.43,"[""Betfair Exchange""]","[""odds_api_io""]",1,,
soccer|belgium|croatia|2026-06-02,totals|under|2.00|,totals,Under,2.0,,3.12,3.12,"[""Betfair Exchange""]","[""odds_api_io""]",1,,
soccer|belgium|croatia|2026-06-02,totals|over|3.00|,totals,Over,3.0,,2.57,2.57,"[""Betfair Exchange""]","[""odds_api_io""]",1,,
soccer|belgium|croatia|2026-06-02,totals|under|3.00|,totals,Under,3.0,,1.61,1.61,"[""Betfair Exchange""]","[""odds_api_io""]",1,,
soccer|belgium|croatia|2026-06-02,totals|over|4.00|,totals,Over,4.0,,5.73,5.73,"[""Betfair Exchange""]","[""odds_api_io""]",1,,
soccer|belgium|croatia|2026-06-02,totals|under|4.00|,totals,Under,4.0,,1.19,1.19,"[""Betfair Exchange""]","[""odds_api_io""]",1,,
soccer|belgium|croatia|2026-06-02,totals|over|3.75|,totals,Over,3.75,,4.09,4.09,"[""Betfair Exchange""]","[""odds_api_io""]",1,,
soccer|belgium|croatia|2026-06-02,totals|under|3.75|,totals,Under,3.75,,1.29,1.29,"[""Betfair Exchange""]","[""odds_api_io""]",1,,
soccer|belgium|croatia|2026-06-02,totals|over|1.00|,totals,Over,1.0,,1.08,1.08,"[""Betfair Exchange""]","[""odds_api_io""]",1,,
soccer|belgium|croatia|2026-06-02,totals|under|1.00|,totals,Under,1.0,,10.6,10.6,"[""Betfair Exchange""]","[""odds_api_io""]",1,,
soccer|belgium|croatia|2026-06-02,totals|over|1.25|,totals,Over,1.25,,1.18,1.18,"[""Betfair Exchange""]","[""odds_api_io""]",1,,
soccer|belgium|croatia|2026-06-02,totals|under|1.25|,totals,Under,1.25,,5.82,5.82,"[""Betfair Exchange""]","[""odds_api_io""]",1,,
soccer|belgium|croatia|2026-06-02,totals|over|0.75|,totals,Over,0.75,,1.07,1.07,"[""Betfair Exchange""]","[""odds_api_io""]",1,,
soccer|belgium|croatia|2026-06-02,totals|under|0.75|,totals,Under,0.75,,11.59,11.59,"[""Betfair Exchange""]","[""odds_api_io""]",1,,
soccer|belgium|croatia|2026-06-02,totals|over|6.25|,totals,Over,6.25,,37.34,37.34,"[""Betfair Exchange""]","[""odds_api_io""]",1,,
soccer|belgium|croatia|2026-06-02,totals|under|6.25|,totals,Under,6.25,,1.01,1.01,"[""Betfair Exchange""]","[""odds_api_io""]",1,,
soccer|belgium|croatia|2026-06-02,totals|over|5.75|,totals,Over,5.75,,22.94,22.94,"[""Betfair Exchange""]","[""odds_api_io""]",1,,
soccer|belgium|croatia|2026-06-02,totals|under|5.75|,totals,Under,5.75,,1.01,1.01,"[""Betfair Exchange""]","[""odds_api_io""]",1,,
soccer|belgium|croatia|2026-06-02,totals|over|6.50|,totals,Over,6.5,,38.0,38.0,"[""Betfair Exchange""]","[""odds_api_io""]",1,,
soccer|belgium|croatia|2026-06-02,totals|under|6.50|,totals,Under,6.5,,1.01,1.01,"[""Betfair Exchange""]","[""odds_api_io""]",1,,
soccer|belgium|croatia|2026-06-02,totals|over|6.00|,totals,Over,6.0,,36.69,36.69,"[""Betfair Exchange""]","[""odds_api_io""]",1,,
soccer|belgium|croatia|2026-06-02,totals|under|6.00|,totals,Under,6.0,,1.01,1.01,"[""Betfair Exchange""]","[""odds_api_io""]",1,,
soccer|belgium|croatia|2026-06-02,totals|over|4.75|,totals,Over,4.75,,9.21,9.21,"[""Betfair Exchange""]","[""odds_api_io""]",1,,
soccer|belgium|croatia|2026-06-02,totals|under|4.75|,totals,Under,4.75,,1.1,1.1,"[""Betfair Exchange""]","[""odds_api_io""]",1,,
soccer|belgium|croatia|2026-06-02,totals|over|5.00|,totals,Over,5.0,,15.07,15.07,"[""Betfair Exchange""]","[""odds_api_io""]",1,,
soccer|belgium|croatia|2026-06-02,totals|under|5.00|,totals,Under,5.0,,1.06,1.06,"[""Betfair Exchange""]","[""odds_api_io""]",1,,
soccer|belgium|croatia|2026-06-02,totals|over|5.25|,totals,Over,5.25,,15.78,15.78,"[""Betfair Exchange""]","[""odds_api_io""]",1,,
soccer|belgium|croatia|2026-06-02,totals|under|5.25|,totals,Under,5.25,,1.06,1.06,"[""Betfair Exchange""]","[""odds_api_io""]",1,,
soccer|belgium|croatia|2026-06-02,totals|over|4.25|,totals,Over,4.25,,6.26,6.26,"[""Betfair Exchange""]","[""odds_api_io""]",1,,
soccer|belgium|croatia|2026-06-02,totals|under|4.25|,totals,Under,4.25,,1.17,1.17,"[""Betfair Exchange""]","[""odds_api_io""]",1,,
soccer|belgium|croatia|2026-06-02,totals|under|25.00|,totals,Under,25.0,,2.051,2.0035,"[""1xbet"", ""under@2.5""]","[""bzzoiro""]",2,2.264,
soccer|belgium|croatia|2026-06-02,totals|over|25.00|,totals,Over,25.0,,1.877,1.8316,"[""1xbet"", ""over@2.5""]","[""bzzoiro""]",2,2.589,
soccer|belgium|croatia|2026-06-02,totals|under|15.00|,totals,Under,15.0,,3.94,3.8301,"[""pinnacle"", ""under@1.5""]","[""bzzoiro""]",2,1.573,
soccer|belgium|croatia|2026-06-02,totals|over|35.00|,totals,Over,35.0,,3.0,2.9543,"[""novibet"", ""over@3.5""]","[""bzzoiro""]",2,1.031,
soccer|belgium|croatia|2026-06-02,totals|over|15.00|,totals,Over,15.0,,1.24,1.24,"[""over@1.5""]","[""bzzoiro""]",1,,
soccer|belgium|croatia|2026-06-02,totals|under|35.00|,totals,Under,35.0,,1.37,1.37,"[""under@3.5""]","[""bzzoiro""]",1,,
soccer|belgium|croatia|2026-06-02,totals|over||,totals,Over,,,15.5,2.0181,"[""over@0.5"", ""over@4.5"", ""over@5.5"", ""over@6.5"", ""over@7.5"", ""over@8.5"", ""over@9.0"", ""over@9.5"", ""over@10.0"", ""over@10.5"", ""over@11.5"", ""over@12.5"", ""over@13.5"", ""over@14.5"", ""over@15.5"", ""over@16.5"", ""over@8.0"", ""over@3.5""]","[""bzzoiro""]",18,93.448,
soccer|belgium|croatia|2026-06-02,totals|under||,totals,Under,,,15.5,1.733,"[""under@0.5"", ""under@4.5"", ""under@5.5"", ""under@6.5"", ""under@7.5"", ""under@8.5"", ""under@9.0"", ""under@9.5"", ""under@10.0"", ""under@10.5"", ""under@11.5"", ""under@12.5"", ""under@13.5"", ""under@14.5"", ""under@15.5"", ""under@8.0"", ""under@3.5"", ""under@16.5""]","[""bzzoiro""]",18,93.448,
soccer|martin ledesma|sportivo iteno|2026-06-02,h2h|sportivo iteno||home,h2h,Sportivo Iteno,,home,3.25,2.9951,"[""Bet365"", ""Unibet"", ""Betfair Exchange""]","[""odds_api_io""]",3,4.318,
soccer|martin ledesma|sportivo iteno|2026-06-02,h2h|draw||,h2h,Draw,,,3.3,3.1816,"[""Bet365"", ""Unibet"", ""Betfair Exchange""]","[""odds_api_io""]",3,3.03,
soccer|martin ledesma|sportivo iteno|2026-06-02,h2h|martin ledesma||away,h2h,Martin Ledesma,,away,2.3,2.2767,"[""Bet365"", ""Unibet"", ""Betfair Exchange""]","[""odds_api_io""]",3,0.966,
soccer|martin ledesma|sportivo iteno|2026-06-02,dnb|sportivo iteno|0.00|home,dnb,Sportivo Iteno,0.0,home,2.28,2.24,"[""Bet365"", ""Betfair Exchange""]","[""odds_api_io""]",2,1.595,
soccer|martin ledesma|sportivo iteno|2026-06-02,dnb|martin ledesma|0.00|away,dnb,Martin Ledesma,0.0,away,1.615,1.6125,"[""Bet365"", ""Betfair Exchange""]","[""odds_api_io""]",2,0.192,
soccer|martin ledesma|sportivo iteno|2026-06-02,spreads|sportivo iteno|0.25|home,spreads,Sportivo Iteno,0.25,home,1.9,1.8742,"[""Bet365"", ""Betfair Exchange""]","[""odds_api_io""]",2,1.422,
soccer|martin ledesma|sportivo iteno|2026-06-02,spreads|martin ledesma|-0.25|away,spreads,Martin Ledesma,-0.25,away,1.95,1.9251,"[""Bet365"", ""Betfair Exchange""]","[""odds_api_io""]",2,1.35,
soccer|martin ledesma|sportivo iteno|2026-06-02,totals|over|2.25|,totals,Over,2.25,,1.92,1.9101,"[""Bet365"", ""Betfair Exchange""]","[""odds_api_io""]",2,0.548,
soccer|martin ledesma|sportivo iteno|2026-06-02,totals|under|2.25|,totals,Under,2.25,,1.9,1.9,"[""Bet365"", ""Betfair Exchange""]","[""odds_api_io""]",2,,
soccer|martin ledesma|sportivo iteno|2026-06-02,totals|over|2.50|,totals,Over,2.5,,2.22,2.1504,"[""Bet365"", ""Unibet"", ""Betfair Exchange""]","[""odds_api_io""]",3,3.032,
soccer|martin ledesma|sportivo iteno|2026-06-02,totals|under|2.50|,totals,Under,2.5,,1.71,1.6624,"[""Bet365"", ""Unibet"", ""Betfair Exchange""]","[""odds_api_io""]",3,3.632,
soccer|martin ledesma|sportivo iteno|2026-06-02,spreads|sportivo iteno|-1.50|home,spreads,Sportivo Iteno,-1.5,home,8.89,7.1899,"[""Bet365"", ""Betfair Exchange""]","[""odds_api_io""]",2,5.418,
soccer|martin ledesma|sportivo iteno|2026-06-02,spreads|martin ledesma|1.50|away,spreads,Martin Ledesma,1.5,away,4.15,1.7209,"[""Bet365"", ""Betfair Exchange""]","[""odds_api_io""]",2,66.813,
soccer|martin ledesma|sportivo iteno|2026-06-02,spreads|sportivo iteno|-1.25|home,spreads,Sportivo Iteno,-1.25,home,8.02,6.718,"[""Bet365"", ""Betfair Exchange""]","[""odds_api_io""]",2,4.922,
soccer|martin ledesma|sportivo iteno|2026-06-02,spreads|martin ledesma|1.25|away,spreads,Martin Ledesma,1.25,away,3.8,1.7012,"[""Bet365"", ""Betfair Exchange""]","[""odds_api_io""]",2,63.774,
soccer|martin ledesma|sportivo iteno|2026-06-02,spreads|sportivo iteno|-1.00|home,spreads,Sportivo Iteno,-1.0,home,8.8,6.7806,"[""Bet365"", ""Betfair Exchange""]","[""odds_api_io""]",3,7.684,
soccer|martin ledesma|sportivo iteno|2026-06-02,spreads|martin ledesma|1.00|away,spreads,Martin Ledesma,1.0,away,3.45,1.5539,"[""Bet365"", ""Betfair Exchange""]","[""odds_api_io""]",3,60.3,
soccer|martin ledesma|sportivo iteno|2026-06-02,spreads|sportivo iteno|-0.75|home,spreads,Sportivo Iteno,-0.75,home,4.29,3.8918,"[""Bet365"", ""Betfair Exchange""]","[""odds_api_io""]",2,4.859,
soccer|martin ledesma|sportivo iteno|2026-06-02,spreads|martin ledesma|0.75|away,spreads,Martin Ledesma,0.75,away,2.6,1.6684,"[""Bet365"", ""Betfair Exchange""]","[""odds_api_io""]",2,42.184,
soccer|martin ledesma|sportivo iteno|2026-06-02,spreads|sportivo iteno|-0.50|home,spreads,Sportivo Iteno,-0.5,home,3.25,3.1223,"[""Bet365"", ""Betfair Exchange""]","[""odds_api_io""]",2,2.564,
soccer|martin ledesma|sportivo iteno|2026-06-02,spreads|martin ledesma|0.50|away,spreads,Martin Ledesma,0.5,away,2.25,1.6877,"[""Bet365"", ""Betfair Exchange""]","[""odds_api_io""]",2,29.085,
soccer|martin ledesma|sportivo iteno|2026-06-02,spreads|sportivo iteno|-0.25|home,spreads,Sportivo Iteno,-0.25,home,2.76,2.6259,"[""Bet365"", ""Betfair Exchange""]","[""odds_api_io""]",2,3.768,
soccer|martin ledesma|sportivo iteno|2026-06-02,spreads|martin ledesma|0.25|away,spreads,Martin Ledesma,0.25,away,1.5,1.4741,"[""Bet365"", ""Betfair Exchange""]","[""odds_api_io""]",2,2.299,
soccer|martin ledesma|sportivo iteno|2026-06-02,spreads|sportivo iteno|0.00|home,spreads,Sportivo Iteno,0.0,home,2.28,2.24,"[""Bet365"", ""Betfair Exchange""]","[""odds_api_io""]",2,1.595,
soccer|martin ledesma|sportivo iteno|2026-06-02,spreads|martin ledesma|-0.00|away,spreads,Martin Ledesma,-0.0,away,1.65,1.6294,"[""Bet365"", ""Betfair Exchange""]","[""odds_api_io""]",2,1.506,
soccer|martin ledesma|sportivo iteno|2026-06-02,spreads|sportivo iteno|0.50|home,spreads,Sportivo Iteno,0.5,home,1.64,1.6326,"[""Bet365"", ""Betfair Exchange""]","[""odds_api_io""]",2,0.563,
soccer|martin ledesma|sportivo iteno|2026-06-02,spreads|martin ledesma|-0.50|away,spreads,Martin Ledesma,-0.5,away,2.3,1.729,"[""Bet365"", ""Betfair Exchange""]","[""odds_api_io""]",2,29.249,
soccer|martin ledesma|sportivo iteno|2026-06-02,spreads|sportivo iteno|0.75|home,spreads,Sportivo Iteno,0.75,home,1.475,1.4725,"[""Bet365"", ""Betfair Exchange""]","[""odds_api_io""]",2,0.231,
soccer|martin ledesma|sportivo iteno|2026-06-02,spreads|martin ledesma|-0.75|away,spreads,Martin Ledesma,-0.75,away,2.79,1.7621,"[""Bet365"", ""Betfair Exchange""]","[""odds_api_io""]",2,42.589,
soccer|martin ledesma|sportivo iteno|2026-06-02,spreads|sportivo iteno|1.00|home,spreads,Sportivo Iteno,1.0,home,1.64,1.3899,"[""Bet365"", ""Betfair Exchange""]","[""odds_api_io""]",3,17.149,
soccer|martin ledesma|sportivo iteno|2026-06-02,spreads|martin ledesma|-1.00|away,spreads,Martin Ledesma,-1.0,away,5.0,2.2997,"[""Bet365"", ""Betfair Exchange""]","[""odds_api_io""]",3,66.207,
soccer|martin ledesma|sportivo iteno|2026-06-02,spreads|sportivo iteno|1.25|home,spreads,Sportivo Iteno,1.25,home,1.25,1.2397,"[""Bet365"", ""Betfair Exchange""]","[""odds_api_io""]",2,1.301,
soccer|martin ledesma|sportivo iteno|2026-06-02,spreads|martin ledesma|-1.25|away,spreads,Martin Ledesma,-1.25,away,4.47,1.8365,"[""Bet365"", ""Betfair Exchange""]","[""odds_api_io""]",2,65.348,
soccer|martin ledesma|sportivo iteno|2026-06-02,spreads|sportivo iteno|1.50|home,spreads,Sportivo Iteno,1.5,home,1.22,1.2045,"[""Bet365"", ""Betfair Exchange""]","[""odds_api_io""]",2,2.066,
soccer|martin ledesma|sportivo iteno|2026-06-02,spreads|martin ledesma|-1.50|away,spreads,Martin Ledesma,-1.5,away,5.05,1.8616,"[""Bet365"", ""Betfair Exchange""]","[""odds_api_io""]",2,69.087,
soccer|martin ledesma|sportivo iteno|2026-06-02,spreads|sportivo iteno|1.75|home,spreads,Sportivo Iteno,1.75,home,1.15,1.1397,"[""Bet365"", ""Betfair Exchange""]","[""odds_api_io""]",2,1.539,
soccer|martin ledesma|sportivo iteno|2026-06-02,spreads|martin ledesma|-1.75|away,spreads,Martin Ledesma,-1.75,away,7.0,6.1735,"[""Bet365"", ""Betfair Exchange""]","[""odds_api_io""]",2,3.896,
soccer|martin ledesma|sportivo iteno|2026-06-02,totals|over|1.50|,totals,Over,1.5,,1.4,1.3756,"[""Unibet"", ""Betfair Exchange""]","[""odds_api_io""]",2,2.646,
soccer|martin ledesma|sportivo iteno|2026-06-02,totals|under|1.50|,totals,Under,1.5,,3.1,2.9486,"[""Unibet"", ""Betfair Exchange""]","[""odds_api_io""]",2,3.456,
soccer|martin ledesma|sportivo iteno|2026-06-02,totals|over|3.50|,totals,Over,3.5,,4.1,3.8981,"[""Unibet"", ""Betfair Exchange""]","[""odds_api_io""]",2,2.637,
soccer|martin ledesma|sportivo iteno|2026-06-02,totals|under|3.50|,totals,Under,3.5,,1.25,1.2305,"[""Unibet"", ""Betfair Exchange""]","[""odds_api_io""]",2,2.645,
soccer|martin ledesma|sportivo iteno|2026-06-02,doubleChance|1x||,doubleChance,1X,,,1.64,1.64,"[""Betfair Exchange""]","[""odds_api_io""]",1,,
soccer|martin ledesma|sportivo iteno|2026-06-02,doubleChance|12||,doubleChance,12,,,1.38,1.38,"[""Betfair Exchange""]","[""odds_api_io""]",1,,
soccer|martin ledesma|sportivo iteno|2026-06-02,doubleChance|x2||,doubleChance,X2,,,1.36,1.36,"[""Betfair Exchange""]","[""odds_api_io""]",1,,
soccer|martin ledesma|sportivo iteno|2026-06-02,spreads|sportivo iteno|-1.75|home,spreads,Sportivo Iteno,-1.75,home,12.97,12.97,"[""Betfair Exchange""]","[""odds_api_io""]",1,,
soccer|martin ledesma|sportivo iteno|2026-06-02,spreads|martin ledesma|1.75|away,spreads,Martin Ledesma,1.75,away,1.06,1.06,"[""Betfair Exchange""]","[""odds_api_io""]",1,,
soccer|martin ledesma|sportivo iteno|2026-06-02,spreads|sportivo iteno|-2.50|home,spreads,Sportivo Iteno,-2.5,home,28.0,28.0,"[""Betfair Exchange""]","[""odds_api_io""]",1,,
soccer|martin ledesma|sportivo iteno|2026-06-02,spreads|martin ledesma|2.50|away,spreads,Martin Ledesma,2.5,away,1.02,1.02,"[""Betfair Exchange""]","[""odds_api_io""]",1,,
soccer|martin ledesma|sportivo iteno|2026-06-02,spreads|sportivo iteno|-2.00|home,spreads,Sportivo Iteno,-2.0,home,28.0,26.8821,"[""Betfair Exchange""]","[""odds_api_io""]",2,0.297,
soccer|martin ledesma|sportivo iteno|2026-06-02,spreads|martin ledesma|2.00|away,spreads,Martin Ledesma,2.0,away,1.1,1.0585,"[""Betfair Exchange""]","[""odds_api_io""]",2,7.13,
soccer|martin ledesma|sportivo iteno|2026-06-02,spreads|sportivo iteno|-2.75|home,spreads,Sportivo Iteno,-2.75,home,44.78,44.78,"[""Betfair Exchange""]","[""odds_api_io""]",1,,
soccer|martin ledesma|sportivo iteno|2026-06-02,spreads|martin ledesma|2.75|away,spreads,Martin Ledesma,2.75,away,1.01,1.01,"[""Betfair Exchange""]","[""odds_api_io""]",1,,
soccer|martin ledesma|sportivo iteno|2026-06-02,spreads|sportivo iteno|3.25|home,spreads,Sportivo Iteno,3.25,home,1.01,1.01,"[""Betfair Exchange""]","[""odds_api_io""]",1,,
soccer|martin ledesma|sportivo iteno|2026-06-02,spreads|martin ledesma|-3.25|away,spreads,Martin Ledesma,-3.25,away,42.8,42.8,"[""Betfair Exchange""]","[""odds_api_io""]",1,,
soccer|martin ledesma|sportivo iteno|2026-06-02,spreads|sportivo iteno|3.50|home,spreads,Sportivo Iteno,3.5,home,1.01,1.01,"[""Betfair Exchange""]","[""odds_api_io""]",1,,
soccer|martin ledesma|sportivo iteno|2026-06-02,spreads|martin ledesma|-3.50|away,spreads,Martin Ledesma,-3.5,away,44.0,44.0,"[""Betfair Exchange""]","[""odds_api_io""]",1,,
soccer|martin ledesma|sportivo iteno|2026-06-02,spreads|sportivo iteno|3.00|home,spreads,Sportivo Iteno,3.0,home,1.06,1.0344,"[""Betfair Exchange""]","[""odds_api_io""]",2,4.67,
soccer|martin ledesma|sportivo iteno|2026-06-02,spreads|martin ledesma|-3.00|away,spreads,Martin Ledesma,-3.0,away,44.0,42.7716,"[""Betfair Exchange""]","[""odds_api_io""]",2,0.131,
soccer|martin ledesma|sportivo iteno|2026-06-02,spreads|sportivo iteno|-2.25|home,spreads,Sportivo Iteno,-2.25,home,26.92,26.92,"[""Betfair Exchange""]","[""odds_api_io""]",1,,
soccer|martin ledesma|sportivo iteno|2026-06-02,spreads|martin ledesma|2.25|away,spreads,Martin Ledesma,2.25,away,1.02,1.02,"[""Betfair Exchange""]","[""odds_api_io""]",1,,
soccer|martin ledesma|sportivo iteno|2026-06-02,spreads|sportivo iteno|2.50|home,spreads,Sportivo Iteno,2.5,home,1.06,1.06,"[""Betfair Exchange""]","[""odds_api_io""]",1,,
soccer|martin ledesma|sportivo iteno|2026-06-02,spreads|martin ledesma|-2.50|away,spreads,Martin Ledesma,-2.5,away,12.84,12.84,"[""Betfair Exchange""]","[""odds_api_io""]",1,,
soccer|martin ledesma|sportivo iteno|2026-06-02,spreads|sportivo iteno|2.75|home,spreads,Sportivo Iteno,2.75,home,1.03,1.03,"[""Betfair Exchange""]","[""odds_api_io""]",1,,
soccer|martin ledesma|sportivo iteno|2026-06-02,spreads|martin ledesma|-2.75|away,spreads,Martin Ledesma,-2.75,away,19.5,19.5,"[""Betfair Exchange""]","[""odds_api_io""]",1,,
soccer|martin ledesma|sportivo iteno|2026-06-02,spreads|sportivo iteno|2.00|home,spreads,Sportivo Iteno,2.0,home,1.19,1.1212,"[""Betfair Exchange""]","[""odds_api_io""]",2,10.306,
soccer|martin ledesma|sportivo iteno|2026-06-02,spreads|martin ledesma|-2.00|away,spreads,Martin Ledesma,-2.0,away,12.5,11.9683,"[""Betfair Exchange""]","[""odds_api_io""]",2,0.711,
soccer|martin ledesma|sportivo iteno|2026-06-02,spreads|sportivo iteno|2.25|home,spreads,Sportivo Iteno,2.25,home,1.06,1.06,"[""Betfair Exchange""]","[""odds_api_io""]",1,,
soccer|martin ledesma|sportivo iteno|2026-06-02,spreads|martin ledesma|-2.25|away,spreads,Martin Ledesma,-2.25,away,12.23,12.23,"[""Betfair Exchange""]","[""odds_api_io""]",1,,
soccer|martin ledesma|sportivo iteno|2026-06-02,totals|over|3.75|,totals,Over,3.75,,5.3,5.3,"[""Betfair Exchange""]","[""odds_api_io""]",1,,
soccer|martin ledesma|sportivo iteno|2026-06-02,totals|under|3.75|,totals,Under,3.75,,1.16,1.16,"[""Betfair Exchange""]","[""odds_api_io""]",1,,
soccer|martin ledesma|sportivo iteno|2026-06-02,totals|over|6.25|,totals,Over,6.25,,50.28,50.28,"[""Betfair Exchange""]","[""odds_api_io""]",1,,
soccer|martin ledesma|sportivo iteno|2026-06-02,totals|under|6.25|,totals,Under,6.25,,1.01,1.01,"[""Betfair Exchange""]","[""odds_api_io""]",1,,
soccer|martin ledesma|sportivo iteno|2026-06-02,totals|over|5.25|,totals,Over,5.25,,20.37,20.37,"[""Betfair Exchange""]","[""odds_api_io""]",1,,
soccer|martin ledesma|sportivo iteno|2026-06-02,totals|under|5.25|,totals,Under,5.25,,1.01,1.01,"[""Betfair Exchange""]","[""odds_api_io""]",1,,
soccer|martin ledesma|sportivo iteno|2026-06-02,totals|over|4.75|,totals,Over,4.75,,12.53,12.53,"[""Betfair Exchange""]","[""odds_api_io""]",1,,
soccer|martin ledesma|sportivo iteno|2026-06-02,totals|under|4.75|,totals,Under,4.75,,1.05,1.05,"[""Betfair Exchange""]","[""odds_api_io""]",1,,
soccer|martin ledesma|sportivo iteno|2026-06-02,totals|over|3.25|,totals,Over,3.25,,3.67,3.67,"[""Betfair Exchange""]","[""odds_api_io""]",1,,
soccer|martin ledesma|sportivo iteno|2026-06-02,totals|under|3.25|,totals,Under,3.25,,1.29,1.29,"[""Betfair Exchange""]","[""odds_api_io""]",1,,
soccer|martin ledesma|sportivo iteno|2026-06-02,totals|over|5.00|,totals,Over,5.0,,19.75,19.75,"[""Betfair Exchange""]","[""odds_api_io""]",1,,
soccer|martin ledesma|sportivo iteno|2026-06-02,totals|under|5.00|,totals,Under,5.0,,1.01,1.01,"[""Betfair Exchange""]","[""odds_api_io""]",1,,
soccer|martin ledesma|sportivo iteno|2026-06-02,totals|over|6.50|,totals,Over,6.5,,51.0,51.0,"[""Betfair Exchange""]","[""odds_api_io""]",1,,
soccer|martin ledesma|sportivo iteno|2026-06-02,totals|under|6.50|,totals,Under,6.5,,1.01,1.01,"[""Betfair Exchange""]","[""odds_api_io""]",1,,
soccer|martin ledesma|sportivo iteno|2026-06-02,totals|over|5.50|,totals,Over,5.5,,21.0,21.0,"[""Betfair Exchange""]","[""odds_api_io""]",1,,
soccer|martin ledesma|sportivo iteno|2026-06-02,totals|under|5.50|,totals,Under,5.5,,1.01,1.01,"[""Betfair Exchange""]","[""odds_api_io""]",1,,
soccer|martin ledesma|sportivo iteno|2026-06-02,totals|over|5.75|,totals,Over,5.75,,29.33,29.33,"[""Betfair Exchange""]","[""odds_api_io""]",1,,
soccer|martin ledesma|sportivo iteno|2026-06-02,totals|under|5.75|,totals,Under,5.75,,1.01,1.01,"[""Betfair Exchange""]","[""odds_api_io""]",1,,
soccer|martin ledesma|sportivo iteno|2026-06-02,totals|over|0.50|,totals,Over,0.5,,1.09,1.09,"[""Betfair Exchange""]","[""odds_api_io""]",1,,
soccer|martin ledesma|sportivo iteno|2026-06-02,totals|under|0.50|,totals,Under,0.5,,9.6,9.6,"[""Betfair Exchange""]","[""odds_api_io""]",1,,
soccer|martin ledesma|sportivo iteno|2026-06-02,totals|over|1.25|,totals,Over,1.25,,1.25,1.25,"[""Betfair Exchange""]","[""odds_api_io""]",1,,
soccer|martin ledesma|sportivo iteno|2026-06-02,totals|under|1.25|,totals,Under,1.25,,4.11,4.11,"[""Betfair Exchange""]","[""odds_api_io""]",1,,
soccer|martin ledesma|sportivo iteno|2026-06-02,totals|over|4.00|,totals,Over,4.0,,8.05,8.05,"[""Betfair Exchange""]","[""odds_api_io""]",1,,
soccer|martin ledesma|sportivo iteno|2026-06-02,totals|under|4.00|,totals,Under,4.0,,1.1,1.1,"[""Betfair Exchange""]","[""odds_api_io""]",1,,
soccer|martin ledesma|sportivo iteno|2026-06-02,totals|over|6.00|,totals,Over,6.0,,49.57,49.57,"[""Betfair Exchange""]","[""odds_api_io""]",1,,
soccer|martin ledesma|sportivo iteno|2026-06-02,totals|under|6.00|,totals,Under,6.0,,1.01,1.01,"[""Betfair Exchange""]","[""odds_api_io""]",1,,
soccer|martin ledesma|sportivo iteno|2026-06-02,totals|over|1.00|,totals,Over,1.0,,1.11,1.11,"[""Betfair Exchange""]","[""odds_api_io""]",1,,
soccer|martin ledesma|sportivo iteno|2026-06-02,totals|under|1.00|,totals,Under,1.0,,7.01,7.01,"[""Betfair Exchange""]","[""odds_api_io""]",1,,
soccer|martin ledesma|sportivo iteno|2026-06-02,totals|over|4.25|,totals,Over,4.25,,8.69,8.69,"[""Betfair Exchange""]","[""odds_api_io""]",1,,
soccer|martin ledesma|sportivo iteno|2026-06-02,totals|under|4.25|,totals,Under,4.25,,1.09,1.09,"[""Betfair Exchange""]","[""odds_api_io""]",1,,
soccer|martin ledesma|sportivo iteno|2026-06-02,totals|over|4.50|,totals,Over,4.5,,9.33,9.33,"[""Betfair Exchange""]","[""odds_api_io""]",1,,
soccer|martin ledesma|sportivo iteno|2026-06-02,totals|under|4.50|,totals,Under,4.5,,1.09,1.09,"[""Betfair Exchange""]","[""odds_api_io""]",1,,
soccer|martin ledesma|sportivo iteno|2026-06-02,totals|over|3.00|,totals,Over,3.0,,3.25,3.25,"[""Betfair Exchange""]","[""odds_api_io""]",1,,
soccer|martin ledesma|sportivo iteno|2026-06-02,totals|under|3.00|,totals,Under,3.0,,1.35,1.35,"[""Betfair Exchange""]","[""odds_api_io""]",1,,
soccer|martin ledesma|sportivo iteno|2026-06-02,totals|over|1.75|,totals,Over,1.75,,1.49,1.49,"[""Betfair Exchange""]","[""odds_api_io""]",1,,
soccer|martin ledesma|sportivo iteno|2026-06-02,totals|under|1.75|,totals,Under,1.75,,2.61,2.61,"[""Betfair Exchange""]","[""odds_api_io""]",1,,
soccer|martin ledesma|sportivo iteno|2026-06-02,totals|over|2.00|,totals,Over,2.0,,1.63,1.63,"[""Betfair Exchange""]","[""odds_api_io""]",1,,
soccer|martin ledesma|sportivo iteno|2026-06-02,totals|under|2.00|,totals,Under,2.0,,2.25,2.25,"[""Betfair Exchange""]","[""odds_api_io""]",1,,
soccer|martin ledesma|sportivo iteno|2026-06-02,totals|over|2.75|,totals,Over,2.75,,2.58,2.58,"[""Betfair Exchange""]","[""odds_api_io""]",1,,
soccer|martin ledesma|sportivo iteno|2026-06-02,totals|under|2.75|,totals,Under,2.75,,1.51,1.51,"[""Betfair Exchange""]","[""odds_api_io""]",1,,
soccer|martin ledesma|sportivo iteno|2026-06-02,totals|over|0.75|,totals,Over,0.75,,1.1,1.1,"[""Betfair Exchange""]","[""odds_api_io""]",1,,
soccer|martin ledesma|sportivo iteno|2026-06-02,totals|under|0.75|,totals,Under,0.75,,7.95,7.95,"[""Betfair Exchange""]","[""odds_api_io""]",1,,
soccer|martin ledesma|sportivo iteno|2026-06-02,btts|yes||,btts,Yes,,,1.88,1.88,"[""Betfair Exchange""]","[""odds_api_io""]",1,,
soccer|martin ledesma|sportivo iteno|2026-06-02,btts|no||,btts,No,,,1.92,1.92,"[""Betfair Exchange""]","[""odds_api_io""]",1,,
soccer|martin ledesma|sportivo iteno|2026-06-02,spreads|sportivo iteno|-3.00|home,spreads,Sportivo Iteno,-3.0,home,50.0,50.0,"[""Betfair Exchange""]","[""odds_api_io""]",1,,
soccer|martin ledesma|sportivo iteno|2026-06-02,spreads|martin ledesma|3.00|away,spreads,Martin Ledesma,3.0,away,1.02,1.02,"[""Betfair Exchange""]","[""odds_api_io""]",1,,
soccer|sv grodig|tsv neumarkt|2026-06-02,h2h|sv grodig||home,h2h,SV Grodig,,home,1.16,1.1511,"[""Bet365"", ""Betfair Exchange""]","[""odds_api_io""]",2,1.359,
soccer|sv grodig|tsv neumarkt|2026-06-02,h2h|draw||,h2h,Draw,,,10.0,8.2618,"[""Bet365"", ""Betfair Exchange""]","[""odds_api_io""]",2,4.286,
soccer|sv grodig|tsv neumarkt|2026-06-02,h2h|tsv neumarkt||away,h2h,TSV Neumarkt,,away,20.0,15.0685,"[""Bet365"", ""Betfair Exchange""]","[""odds_api_io""]",2,3.333,
soccer|sv grodig|tsv neumarkt|2026-06-02,dnb|sv grodig|0.00|home,dnb,SV Grodig,0.0,home,1.05,1.05,"[""Bet365""]","[""odds_api_io""]",1,,
soccer|sv grodig|tsv neumarkt|2026-06-02,dnb|tsv neumarkt|0.00|away,dnb,TSV Neumarkt,0.0,away,8.5,8.5,"[""Bet365""]","[""odds_api_io""]",1,,
soccer|sv grodig|tsv neumarkt|2026-06-02,spreads|sv grodig|-2.25|home,spreads,SV Grodig,-2.25,home,1.8,1.8,"[""Bet365""]","[""odds_api_io""]",1,,
soccer|sv grodig|tsv neumarkt|2026-06-02,spreads|tsv neumarkt|2.25|away,spreads,TSV Neumarkt,2.25,away,2.0,2.0,"[""Bet365""]","[""odds_api_io""]",1,,
soccer|sv grodig|tsv neumarkt|2026-06-02,totals|over|4.00|,totals,Over,4.0,,1.9,1.8039,"[""Bet365"", ""Betfair Exchange""]","[""odds_api_io""]",2,5.508,
soccer|sv grodig|tsv neumarkt|2026-06-02,totals|under|4.00|,totals,Under,4.0,,2.06,1.9782,"[""Bet365"", ""Betfair Exchange""]","[""odds_api_io""]",2,4.088,
soccer|sv grodig|tsv neumarkt|2026-06-02,totals|over|2.50|,totals,Over,2.5,,1.25,1.25,"[""Bet365""]","[""odds_api_io""]",1,,
soccer|sv grodig|tsv neumarkt|2026-06-02,totals|under|2.50|,totals,Under,2.5,,3.75,3.75,"[""Bet365""]","[""odds_api_io""]",1,,
soccer|sv grodig|tsv neumarkt|2026-06-02,spreads|sv grodig|-2.50|home,spreads,SV Grodig,-2.5,home,2.0,2.0,"[""Bet365""]","[""odds_api_io""]",1,,
soccer|sv grodig|tsv neumarkt|2026-06-02,spreads|tsv neumarkt|2.50|away,spreads,TSV Neumarkt,2.5,away,1.8,1.8,"[""Bet365""]","[""odds_api_io""]",1,,
soccer|sv grodig|tsv neumarkt|2026-06-02,spreads|sv grodig|-1.00|home,spreads,SV Grodig,-1.0,home,1.35,1.2856,"[""Bet365"", ""Betfair Exchange""]","[""odds_api_io""]",2,7.559,
soccer|sv grodig|tsv neumarkt|2026-06-02,spreads|tsv neumarkt|1.00|away,spreads,TSV Neumarkt,1.0,away,6.6,5.0795,"[""Bet365"", ""Betfair Exchange""]","[""odds_api_io""]",2,9.239,
soccer|sv grodig|tsv neumarkt|2026-06-02,spreads|sv grodig|-0.75|home,spreads,SV Grodig,-0.75,home,1.2,1.2,"[""Bet365""]","[""odds_api_io""]",1,,
soccer|sv grodig|tsv neumarkt|2026-06-02,spreads|tsv neumarkt|0.75|away,spreads,TSV Neumarkt,0.75,away,4.4,4.4,"[""Bet365""]","[""odds_api_io""]",1,,
soccer|sv grodig|tsv neumarkt|2026-06-02,spreads|sv grodig|-0.50|home,spreads,SV Grodig,-0.5,home,1.175,1.175,"[""Bet365""]","[""odds_api_io""]",1,,
soccer|sv grodig|tsv neumarkt|2026-06-02,spreads|tsv neumarkt|0.50|away,spreads,TSV Neumarkt,0.5,away,4.8,4.8,"[""Bet365""]","[""odds_api_io""]",1,,
soccer|sv grodig|tsv neumarkt|2026-06-02,spreads|sv grodig|-0.25|home,spreads,SV Grodig,-0.25,home,1.115,1.115,"[""Bet365""]","[""odds_api_io""]",1,,
soccer|sv grodig|tsv neumarkt|2026-06-02,spreads|tsv neumarkt|0.25|away,spreads,TSV Neumarkt,0.25,away,6.4,6.4,"[""Bet365""]","[""odds_api_io""]",1,,
soccer|sv grodig|tsv neumarkt|2026-06-02,spreads|sv grodig|-4.25|home,spreads,SV Grodig,-4.25,home,4.5,4.5,"[""Bet365""]","[""odds_api_io""]",1,,
soccer|sv grodig|tsv neumarkt|2026-06-02,spreads|tsv neumarkt|4.25|away,spreads,TSV Neumarkt,4.25,away,1.19,1.19,"[""Bet365""]","[""odds_api_io""]",1,,
soccer|sv grodig|tsv neumarkt|2026-06-02,spreads|sv grodig|-4.00|home,spreads,SV Grodig,-4.0,home,4.25,4.25,"[""Bet365""]","[""odds_api_io""]",1,,
soccer|sv grodig|tsv neumarkt|2026-06-02,spreads|tsv neumarkt|4.00|away,spreads,TSV Neumarkt,4.0,away,1.21,1.21,"[""Bet365""]","[""odds_api_io""]",1,,
soccer|sv grodig|tsv neumarkt|2026-06-02,spreads|sv grodig|-3.75|home,spreads,SV Grodig,-3.75,home,3.45,3.45,"[""Bet365""]","[""odds_api_io""]",1,,
soccer|sv grodig|tsv neumarkt|2026-06-02,spreads|tsv neumarkt|3.75|away,spreads,TSV Neumarkt,3.75,away,1.3,1.3,"[""Bet365""]","[""odds_api_io""]",1,,
soccer|sv grodig|tsv neumarkt|2026-06-02,spreads|sv grodig|-3.50|home,spreads,SV Grodig,-3.5,home,3.0,3.0,"[""Bet365""]","[""odds_api_io""]",1,,
soccer|sv grodig|tsv neumarkt|2026-06-02,spreads|tsv neumarkt|3.50|away,spreads,TSV Neumarkt,3.5,away,1.375,1.375,"[""Bet365""]","[""odds_api_io""]",1,,
soccer|sv grodig|tsv neumarkt|2026-06-02,spreads|sv grodig|-3.25|home,spreads,SV Grodig,-3.25,home,2.75,2.6,"[""Bet365"", ""Betfair Exchange""]","[""odds_api_io""]",2,4.122,
soccer|sv grodig|tsv neumarkt|2026-06-02,spreads|tsv neumarkt|3.25|away,spreads,TSV Neumarkt,3.25,away,1.55,1.486,"[""Bet365"", ""Betfair Exchange""]","[""odds_api_io""]",2,5.659,
soccer|sv grodig|tsv neumarkt|2026-06-02,spreads|sv grodig|-3.00|home,spreads,SV Grodig,-3.0,home,2.72,2.4371,"[""Bet365"", ""Betfair Exchange""]","[""odds_api_io""]",3,9.532,
soccer|sv grodig|tsv neumarkt|2026-06-02,spreads|tsv neumarkt|3.00|away,spreads,TSV Neumarkt,3.0,away,2.0,1.6949,"[""Bet365"", ""Betfair Exchange""]","[""odds_api_io""]",3,16.667,
soccer|sv grodig|tsv neumarkt|2026-06-02,spreads|sv grodig|-2.75|home,spreads,SV Grodig,-2.75,home,2.2,2.0305,"[""Bet365"", ""Betfair Exchange""]","[""odds_api_io""]",2,7.456,
soccer|sv grodig|tsv neumarkt|2026-06-02,spreads|tsv neumarkt|2.75|away,spreads,TSV Neumarkt,2.75,away,1.83,1.737,"[""Bet365"", ""Betfair Exchange""]","[""odds_api_io""]",2,5.961,
soccer|sv grodig|tsv neumarkt|2026-06-02,spreads|sv grodig|-2.00|home,spreads,SV Grodig,-2.0,home,1.72,1.5939,"[""Bet365"", ""Betfair Exchange""]","[""odds_api_io""]",3,10.354,
soccer|sv grodig|tsv neumarkt|2026-06-02,spreads|tsv neumarkt|2.00|away,spreads,TSV Neumarkt,2.0,away,3.1,2.6065,"[""Bet365"", ""Betfair Exchange""]","[""odds_api_io""]",3,12.186,
soccer|sv grodig|tsv neumarkt|2026-06-02,spreads|sv grodig|-1.75|home,spreads,SV Grodig,-1.75,home,1.525,1.4587,"[""Bet365"", ""Betfair Exchange""]","[""odds_api_io""]",2,5.855,
soccer|sv grodig|tsv neumarkt|2026-06-02,spreads|tsv neumarkt|1.75|away,spreads,TSV Neumarkt,1.75,away,2.88,2.6371,"[""Bet365"", ""Betfair Exchange""]","[""odds_api_io""]",2,6.515,
soccer|sv grodig|tsv neumarkt|2026-06-02,spreads|sv grodig|-1.50|home,spreads,SV Grodig,-1.5,home,1.45,1.45,"[""Bet365""]","[""odds_api_io""]",1,,
soccer|sv grodig|tsv neumarkt|2026-06-02,spreads|tsv neumarkt|1.50|away,spreads,TSV Neumarkt,1.5,away,2.675,2.675,"[""Bet365""]","[""odds_api_io""]",1,,
soccer|sv grodig|tsv neumarkt|2026-06-02,spreads|sv grodig|-1.25|home,spreads,SV Grodig,-1.25,home,1.325,1.2964,"[""Bet365"", ""Betfair Exchange""]","[""odds_api_io""]",2,3.268,
soccer|sv grodig|tsv neumarkt|2026-06-02,spreads|tsv neumarkt|1.25|away,spreads,TSV Neumarkt,1.25,away,3.89,3.5761,"[""Bet365"", ""Betfair Exchange""]","[""odds_api_io""]",2,4.596,
soccer|sv grodig|tsv neumarkt|2026-06-02,doubleChance|1x||,doubleChance,1X,,,1.04,1.04,"[""Betfair Exchange""]","[""odds_api_io""]",1,,
soccer|sv grodig|tsv neumarkt|2026-06-02,doubleChance|x2||,doubleChance,X2,,,6.6,6.6,"[""Betfair Exchange""]","[""odds_api_io""]",1,,
soccer|sv grodig|tsv neumarkt|2026-06-02,spreads|sv grodig|0.50|home,spreads,SV Grodig,0.5,home,1.04,1.04,"[""Betfair Exchange""]","[""odds_api_io""]",1,,
soccer|sv grodig|tsv neumarkt|2026-06-02,spreads|tsv neumarkt|-0.50|away,spreads,TSV Neumarkt,-0.5,away,20.0,20.0,"[""Betfair Exchange""]","[""odds_api_io""]",1,,
soccer|sv grodig|tsv neumarkt|2026-06-02,spreads|sv grodig|0.25|home,spreads,SV Grodig,0.25,home,1.04,1.04,"[""Betfair Exchange""]","[""odds_api_io""]",1,,
soccer|sv grodig|tsv neumarkt|2026-06-02,spreads|tsv neumarkt|-0.25|away,spreads,TSV Neumarkt,-0.25,away,19.0,19.0,"[""Betfair Exchange""]","[""odds_api_io""]",1,,
soccer|sv grodig|tsv neumarkt|2026-06-02,totals|over|3.50|,totals,Over,3.5,,1.52,1.52,"[""Betfair Exchange""]","[""odds_api_io""]",1,,
soccer|sv grodig|tsv neumarkt|2026-06-02,totals|under|3.50|,totals,Under,3.5,,2.54,2.54,"[""Betfair Exchange""]","[""odds_api_io""]",1,,
soccer|sv grodig|tsv neumarkt|2026-06-02,totals|over|2.25|,totals,Over,2.25,,1.14,1.14,"[""Betfair Exchange""]","[""odds_api_io""]",1,,
soccer|sv grodig|tsv neumarkt|2026-06-02,totals|under|2.25|,totals,Under,2.25,,6.44,6.44,"[""Betfair Exchange""]","[""odds_api_io""]",1,,
soccer|sv grodig|tsv neumarkt|2026-06-02,totals|over|0.75|,totals,Over,0.75,,1.01,1.01,"[""Betfair Exchange""]","[""odds_api_io""]",1,,
soccer|sv grodig|tsv neumarkt|2026-06-02,totals|under|0.75|,totals,Under,0.75,,11.0,11.0,"[""Betfair Exchange""]","[""odds_api_io""]",1,,
soccer|sv grodig|tsv neumarkt|2026-06-02,totals|over|1.00|,totals,Over,1.0,,1.01,1.01,"[""Betfair Exchange""]","[""odds_api_io""]",1,,
soccer|sv grodig|tsv neumarkt|2026-06-02,totals|under|1.00|,totals,Under,1.0,,11.0,11.0,"[""Betfair Exchange""]","[""odds_api_io""]",1,,
soccer|sv grodig|tsv neumarkt|2026-06-02,totals|over|0.50|,totals,Over,0.5,,1.01,1.01,"[""Betfair Exchange""]","[""odds_api_io""]",1,,
soccer|sv grodig|tsv neumarkt|2026-06-02,totals|under|0.50|,totals,Under,0.5,,34.33,34.33,"[""Betfair Exchange""]","[""odds_api_io""]",1,,
soccer|sv grodig|tsv neumarkt|2026-06-02,totals|over|1.25|,totals,Over,1.25,,1.03,1.03,"[""Betfair Exchange""]","[""odds_api_io""]",1,,
soccer|sv grodig|tsv neumarkt|2026-06-02,totals|under|1.25|,totals,Under,1.25,,10.99,10.99,"[""Betfair Exchange""]","[""odds_api_io""]",1,,
soccer|sv grodig|tsv neumarkt|2026-06-02,totals|over|3.00|,totals,Over,3.0,,1.26,1.26,"[""Betfair Exchange""]","[""odds_api_io""]",1,,
soccer|sv grodig|tsv neumarkt|2026-06-02,totals|under|3.00|,totals,Under,3.0,,3.7,3.7,"[""Betfair Exchange""]","[""odds_api_io""]",1,,
soccer|sv grodig|tsv neumarkt|2026-06-02,totals|over|3.25|,totals,Over,3.25,,1.39,1.39,"[""Betfair Exchange""]","[""odds_api_io""]",1,,
soccer|sv grodig|tsv neumarkt|2026-06-02,totals|under|3.25|,totals,Under,3.25,,2.96,2.96,"[""Betfair Exchange""]","[""odds_api_io""]",1,,
soccer|sv grodig|tsv neumarkt|2026-06-02,totals|over|1.50|,totals,Over,1.5,,1.06,1.06,"[""Betfair Exchange""]","[""odds_api_io""]",1,,
soccer|sv grodig|tsv neumarkt|2026-06-02,totals|under|1.50|,totals,Under,1.5,,11.0,11.0,"[""Betfair Exchange""]","[""odds_api_io""]",1,,
soccer|sv grodig|tsv neumarkt|2026-06-02,totals|over|2.75|,totals,Over,2.75,,1.23,1.23,"[""Betfair Exchange""]","[""odds_api_io""]",1,,
soccer|sv grodig|tsv neumarkt|2026-06-02,totals|under|2.75|,totals,Under,2.75,,4.03,4.03,"[""Betfair Exchange""]","[""odds_api_io""]",1,,
soccer|sv grodig|tsv neumarkt|2026-06-02,totals|over|2.00|,totals,Over,2.0,,1.07,1.07,"[""Betfair Exchange""]","[""odds_api_io""]",1,,
soccer|sv grodig|tsv neumarkt|2026-06-02,totals|under|2.00|,totals,Under,2.0,,10.09,10.09,"[""Betfair Exchange""]","[""odds_api_io""]",1,,
soccer|sv grodig|tsv neumarkt|2026-06-02,totals|over|1.75|,totals,Over,1.75,,1.06,1.06,"[""Betfair Exchange""]","[""odds_api_io""]",1,,
soccer|sv grodig|tsv neumarkt|2026-06-02,totals|under|1.75|,totals,Under,1.75,,6.31,6.31,"[""Betfair Exchange""]","[""odds_api_io""]",1,,
soccer|sv grodig|tsv neumarkt|2026-06-02,totals|over|3.75|,totals,Over,3.75,,1.6,1.6,"[""Betfair Exchange""]","[""odds_api_io""]",1,,
soccer|sv grodig|tsv neumarkt|2026-06-02,totals|under|3.75|,totals,Under,3.75,,2.3,2.3,"[""Betfair Exchange""]","[""odds_api_io""]",1,,
soccer|sv grodig|tsv neumarkt|2026-06-02,totals|over|4.25|,totals,Over,4.25,,1.92,1.92,"[""Betfair Exchange""]","[""odds_api_io""]",1,,
soccer|sv grodig|tsv neumarkt|2026-06-02,totals|under|4.25|,totals,Under,4.25,,1.84,1.84,"[""Betfair Exchange""]","[""odds_api_io""]",1,,
soccer|colombia|saudi arabia|2026-06-02,h2h|saudi arabia||home,h2h,Saudi Arabia,,home,3.91,3.6372,"[""Bet365"", ""Sbobet""]","[""odds_api_io""]",2,3.836,
soccer|colombia|saudi arabia|2026-06-02,h2h|draw||,h2h,Draw,,,3.5,3.3757,"[""Bet365"", ""Sbobet""]","[""odds_api_io""]",2,2.103,
soccer|colombia|saudi arabia|2026-06-02,h2h|colombia||away,h2h,Colombia,,away,1.9,1.8434,"[""Bet365"", ""Sbobet""]","[""odds_api_io""]",2,3.234,
soccer|colombia|saudi arabia|2026-06-02,dnb|saudi arabia|0.00|home,dnb,Saudi Arabia,0.0,home,2.625,2.625,"[""Bet365""]","[""odds_api_io""]",1,,
soccer|colombia|saudi arabia|2026-06-02,dnb|colombia|0.00|away,dnb,Colombia,0.0,away,1.444,1.444,"[""Bet365""]","[""odds_api_io""]",1,,
soccer|colombia|saudi arabia|2026-06-02,spreads|saudi arabia|0.50|home,spreads,Saudi Arabia,0.5,home,2.05,1.9855,"[""Bet365"", ""Sbobet""]","[""odds_api_io""]",2,3.168,
soccer|colombia|saudi arabia|2026-06-02,spreads|colombia|-0.50|away,spreads,Colombia,-0.5,away,1.875,1.8315,"[""Bet365"", ""Sbobet""]","[""odds_api_io""]",2,2.533,
soccer|colombia|saudi arabia|2026-06-02,totals|over|2.50|,totals,Over,2.5,,1.9,1.895,"[""Bet365"", ""Sbobet""]","[""odds_api_io""]",2,0.278,
soccer|colombia|saudi arabia|2026-06-02,totals|under|2.50|,totals,Under,2.5,,1.93,1.9149,"[""Bet365"", ""Sbobet""]","[""odds_api_io""]",2,0.818,
soccer|colombia|saudi arabia|2026-06-02,btts|yes||,btts,Yes,,,1.8,1.8,"[""Bet365""]","[""odds_api_io""]",1,,
soccer|colombia|saudi arabia|2026-06-02,btts|no||,btts,No,,,1.909,1.909,"[""Bet365""]","[""odds_api_io""]",1,,
soccer|colombia|saudi arabia|2026-06-02,spreads|colombia|1.00|away,spreads,Colombia,1.0,away,3.25,2.8889,"[""Bet365""]","[""odds_api_io""]",2,7.692,
soccer|colombia|saudi arabia|2026-06-02,spreads|saudi arabia|-2.00|home,spreads,Saudi Arabia,-2.0,home,21.0,21.0,"[""Bet365""]","[""odds_api_io""]",1,,
soccer|colombia|saudi arabia|2026-06-02,spreads|colombia|2.00|away,spreads,Colombia,2.0,away,6.5,6.5,"[""Bet365""]","[""odds_api_io""]",1,,
soccer|colombia|saudi arabia|2026-06-02,spreads|saudi arabia|2.00|home,spreads,Saudi Arabia,2.0,home,1.285,1.1997,"[""Bet365""]","[""odds_api_io""]",2,11.068,
soccer|colombia|saudi arabia|2026-06-02,spreads|colombia|-2.00|away,spreads,Colombia,-2.0,away,6.0,1.8176,"[""Bet365""]","[""odds_api_io""]",2,76.704,
soccer|colombia|saudi arabia|2026-06-02,spreads|saudi arabia|3.00|home,spreads,Saudi Arabia,3.0,home,1.083,1.083,"[""Bet365""]","[""odds_api_io""]",1,,
soccer|colombia|saudi arabia|2026-06-02,spreads|colombia|-1.00|away,spreads,Colombia,-1.0,away,1.222,1.1578,"[""Bet365""]","[""odds_api_io""]",2,9.076,
soccer|colombia|saudi arabia|2026-06-02,spreads|colombia|3.00|away,spreads,Colombia,3.0,away,17.0,17.0,"[""Bet365""]","[""odds_api_io""]",1,,
soccer|colombia|saudi arabia|2026-06-02,teamTotals|over|0.50|,teamTotals,Over,0.5,,1.4,1.305,"[""Bet365""]","[""odds_api_io""]",2,10.404,
soccer|colombia|saudi arabia|2026-06-02,teamTotals|under|0.50|,teamTotals,Under,0.5,,4.0,3.2593,"[""Bet365""]","[""odds_api_io""]",2,11.364,
soccer|colombia|saudi arabia|2026-06-02,teamTotals|over|1.50|,teamTotals,Over,1.5,,3.0,2.4,"[""Bet365""]","[""odds_api_io""]",2,16.667,
soccer|colombia|saudi arabia|2026-06-02,teamTotals|under|1.50|,teamTotals,Under,1.5,,1.727,1.5236,"[""Bet365""]","[""odds_api_io""]",2,15.464,
soccer|colombia|saudi arabia|2026-06-02,teamTotals|over|2.50|,teamTotals,Over,2.5,,7.0,5.3527,"[""Bet365""]","[""odds_api_io""]",2,8.793,
soccer|colombia|saudi arabia|2026-06-02,teamTotals|under|2.50|,teamTotals,Under,2.5,,1.2,1.1385,"[""Bet365""]","[""odds_api_io""]",2,9.003,
soccer|colombia|saudi arabia|2026-06-02,teamTotals|over|3.50|,teamTotals,Over,3.5,,12.0,9.9512,"[""Bet365""]","[""odds_api_io""]",2,3.431,
soccer|colombia|saudi arabia|2026-06-02,teamTotals|under|3.50|,teamTotals,Under,3.5,,1.05,1.0322,"[""Bet365""]","[""odds_api_io""]",2,3.284,
soccer|colombia|saudi arabia|2026-06-02,teamTotals|over|4.50|,teamTotals,Over,4.5,,21.0,17.5,"[""Bet365""]","[""odds_api_io""]",2,1.905,
soccer|colombia|saudi arabia|2026-06-02,teamTotals|under|4.50|,teamTotals,Under,4.5,,1.01,1.006,"[""Bet365""]","[""odds_api_io""]",2,0.79,
soccer|colombia|saudi arabia|2026-06-02,teamTotals|over|5.50|,teamTotals,Over,5.5,,21.0,21.0,"[""Bet365""]","[""odds_api_io""]",1,,
soccer|colombia|saudi arabia|2026-06-02,teamTotals|under|5.50|,teamTotals,Under,5.5,,1.002,1.002,"[""Bet365""]","[""odds_api_io""]",1,,
soccer|colombia|saudi arabia|2026-06-02,spreads|saudi arabia|-1.00|home,spreads,Saudi Arabia,-1.0,home,7.0,7.0,"[""Bet365""]","[""odds_api_io""]",1,,
soccer|colombia|saudi arabia|2026-06-02,spreads|saudi arabia|-0.75|home,spreads,Saudi Arabia,-0.75,home,4.5,4.5,"[""Bet365""]","[""odds_api_io""]",1,,
soccer|colombia|saudi arabia|2026-06-02,spreads|colombia|0.75|away,spreads,Colombia,0.75,away,2.15,2.15,"[""Bet365""]","[""odds_api_io""]",1,,
soccer|colombia|saudi arabia|2026-06-02,spreads|saudi arabia|-0.50|home,spreads,Saudi Arabia,-0.5,home,3.55,3.55,"[""Bet365""]","[""odds_api_io""]",1,,
soccer|colombia|saudi arabia|2026-06-02,spreads|colombia|0.50|away,spreads,Colombia,0.5,away,1.275,1.275,"[""Bet365""]","[""odds_api_io""]",1,,
soccer|colombia|saudi arabia|2026-06-02,spreads|saudi arabia|-0.25|home,spreads,Saudi Arabia,-0.25,home,3.1,3.1,"[""Bet365""]","[""odds_api_io""]",1,,
soccer|colombia|saudi arabia|2026-06-02,spreads|colombia|0.25|away,spreads,Colombia,0.25,away,1.675,1.675,"[""Bet365""]","[""odds_api_io""]",1,,
soccer|colombia|saudi arabia|2026-06-02,spreads|saudi arabia|0.00|home,spreads,Saudi Arabia,0.0,home,2.675,2.675,"[""Bet365""]","[""odds_api_io""]",1,,
soccer|colombia|saudi arabia|2026-06-02,spreads|colombia|-0.00|away,spreads,Colombia,-0.0,away,1.45,1.45,"[""Bet365""]","[""odds_api_io""]",1,,
soccer|colombia|saudi arabia|2026-06-02,spreads|saudi arabia|0.25|home,spreads,Saudi Arabia,0.25,home,2.15,2.15,"[""Bet365""]","[""odds_api_io""]",1,,
soccer|colombia|saudi arabia|2026-06-02,spreads|colombia|-0.25|away,spreads,Colombia,-0.25,away,1.35,1.35,"[""Bet365""]","[""odds_api_io""]",1,,
soccer|colombia|saudi arabia|2026-06-02,spreads|saudi arabia|0.75|home,spreads,Saudi Arabia,0.75,home,1.86,1.7627,"[""Bet365"", ""Sbobet""]","[""odds_api_io""]",2,5.938,
soccer|colombia|saudi arabia|2026-06-02,spreads|colombia|-0.75|away,spreads,Colombia,-0.75,away,1.98,1.4866,"[""Bet365"", ""Sbobet""]","[""odds_api_io""]",2,33.529,
soccer|colombia|saudi arabia|2026-06-02,spreads|saudi arabia|1.00|home,spreads,Saudi Arabia,1.0,home,1.475,1.475,"[""Bet365""]","[""odds_api_io""]",1,,
soccer|colombia|saudi arabia|2026-06-02,spreads|saudi arabia|1.25|home,spreads,Saudi Arabia,1.25,home,1.375,1.375,"[""Bet365""]","[""odds_api_io""]",1,,
soccer|colombia|saudi arabia|2026-06-02,spreads|colombia|-1.25|away,spreads,Colombia,-1.25,away,3.0,3.0,"[""Bet365""]","[""odds_api_io""]",1,,
soccer|colombia|saudi arabia|2026-06-02,spreads|saudi arabia|1.50|home,spreads,Saudi Arabia,1.5,home,1.3,1.3,"[""Bet365""]","[""odds_api_io""]",1,,
soccer|colombia|saudi arabia|2026-06-02,spreads|colombia|-1.50|away,spreads,Colombia,-1.5,away,3.45,3.45,"[""Bet365""]","[""odds_api_io""]",1,,
soccer|colombia|saudi arabia|2026-06-02,spreads|saudi arabia|1.75|home,spreads,Saudi Arabia,1.75,home,1.22,1.22,"[""Bet365""]","[""odds_api_io""]",1,,
soccer|colombia|saudi arabia|2026-06-02,spreads|colombia|-1.75|away,spreads,Colombia,-1.75,away,4.15,4.15,"[""Bet365""]","[""odds_api_io""]",1,,
soccer|colombia|saudi arabia|2026-06-02,spreads|saudi arabia|2.25|home,spreads,Saudi Arabia,2.25,home,1.11,1.11,"[""Bet365""]","[""odds_api_io""]",1,,
soccer|colombia|saudi arabia|2026-06-02,spreads|colombia|-2.25|away,spreads,Colombia,-2.25,away,6.6,6.6,"[""Bet365""]","[""odds_api_io""]",1,,
soccer|colombia|saudi arabia|2026-06-02,spreads|saudi arabia|2.50|home,spreads,Saudi Arabia,2.5,home,1.1,1.1,"[""Bet365""]","[""odds_api_io""]",1,,
soccer|colombia|saudi arabia|2026-06-02,spreads|colombia|-2.50|away,spreads,Colombia,-2.5,away,7.0,7.0,"[""Bet365""]","[""odds_api_io""]",1,,
soccer|colombia|saudi arabia|2026-06-02,totals|over|2.25|,totals,Over,2.25,,1.65,1.65,"[""Sbobet""]","[""odds_api_io""]",1,,
soccer|colombia|saudi arabia|2026-06-02,totals|under|2.25|,totals,Under,2.25,,2.2,2.2,"[""Sbobet""]","[""odds_api_io""]",1,,
soccer|binga|djoliba|2026-06-02,h2h|djoliba ac||home,h2h,Djoliba AC,,home,1.97,1.9092,"[""Bet365"", ""Betfair Exchange""]","[""odds_api_io""]",2,3.293,
soccer|binga|djoliba|2026-06-02,h2h|draw||,h2h,Draw,,,3.15,3.1253,"[""Bet365"", ""Betfair Exchange""]","[""odds_api_io""]",2,0.512,
soccer|binga|djoliba|2026-06-02,h2h|binga fc||away,h2h,Binga FC,,away,5.0,4.4534,"[""Bet365"", ""Betfair Exchange""]","[""odds_api_io""]",2,5.0,
soccer|binga|djoliba|2026-06-02,dnb|djoliba ac|0.00|home,dnb,Djoliba AC,0.0,home,1.363,1.3512,"[""Bet365"", ""Betfair Exchange""]","[""odds_api_io""]",2,1.259,
soccer|binga|djoliba|2026-06-02,dnb|binga fc|0.00|away,dnb,Binga FC,0.0,away,3.4,3.1911,"[""Bet365"", ""Betfair Exchange""]","[""odds_api_io""]",2,3.922,
soccer|binga|djoliba|2026-06-02,spreads|djoliba ac|-0.50|home,spreads,Djoliba AC,-0.5,home,1.97,1.935,"[""Bet365"", ""Betfair Exchange""]","[""odds_api_io""]",2,1.87,
soccer|binga|djoliba|2026-06-02,spreads|binga fc|0.50|away,spreads,Binga FC,0.5,away,1.93,1.9152,"[""Bet365"", ""Betfair Exchange""]","[""odds_api_io""]",2,0.818,
soccer|binga|djoliba|2026-06-02,totals|over|2.00|,totals,Over,2.0,,2.0,2.0,"[""Bet365""]","[""odds_api_io""]",1,,
soccer|binga|djoliba|2026-06-02,totals|under|2.00|,totals,Under,2.0,,1.8,1.8,"[""Bet365""]","[""odds_api_io""]",1,,
soccer|binga|djoliba|2026-06-02,totals|over|2.50|,totals,Over,2.5,,2.625,2.625,"[""Bet365""]","[""odds_api_io""]",1,,
soccer|binga|djoliba|2026-06-02,totals|under|2.50|,totals,Under,2.5,,1.444,1.444,"[""Bet365""]","[""odds_api_io""]",1,,
soccer|binga|djoliba|2026-06-02,spreads|djoliba ac|-2.25|home,spreads,Djoliba AC,-2.25,home,7.0,7.0,"[""Bet365""]","[""odds_api_io""]",1,,
soccer|binga|djoliba|2026-06-02,spreads|binga fc|2.25|away,spreads,Binga FC,2.25,away,1.1,1.1,"[""Bet365""]","[""odds_api_io""]",1,,
soccer|binga|djoliba|2026-06-02,spreads|djoliba ac|-2.00|home,spreads,Djoliba AC,-2.0,home,6.4,6.4,"[""Bet365""]","[""odds_api_io""]",1,,
soccer|binga|djoliba|2026-06-02,spreads|binga fc|2.00|away,spreads,Binga FC,2.0,away,1.115,1.115,"[""Bet365""]","[""odds_api_io""]",1,,
soccer|binga|djoliba|2026-06-02,spreads|djoliba ac|-1.75|home,spreads,Djoliba AC,-1.75,home,4.4,4.4,"[""Bet365""]","[""odds_api_io""]",1,,
soccer|binga|djoliba|2026-06-02,spreads|binga fc|1.75|away,spreads,Binga FC,1.75,away,1.2,1.2,"[""Bet365""]","[""odds_api_io""]",1,,
soccer|binga|djoliba|2026-06-02,spreads|djoliba ac|0.50|home,spreads,Djoliba AC,0.5,home,1.225,1.2173,"[""Bet365"", ""Betfair Exchange""]","[""odds_api_io""]",2,1.012,
soccer|binga|djoliba|2026-06-02,spreads|binga fc|-0.50|away,spreads,Binga FC,-0.5,away,5.0,4.5136,"[""Bet365"", ""Betfair Exchange""]","[""odds_api_io""]",2,4.39,
soccer|binga|djoliba|2026-06-02,spreads|djoliba ac|-1.50|home,spreads,Djoliba AC,-1.5,home,3.45,3.45,"[""Bet365""]","[""odds_api_io""]",1,,
soccer|binga|djoliba|2026-06-02,spreads|binga fc|1.50|away,spreads,Binga FC,1.5,away,1.3,1.3,"[""Bet365""]","[""odds_api_io""]",1,,
soccer|binga|djoliba|2026-06-02,spreads|djoliba ac|-1.25|home,spreads,Djoliba AC,-1.25,home,3.1,3.1,"[""Bet365""]","[""odds_api_io""]",1,,
soccer|binga|djoliba|2026-06-02,spreads|binga fc|1.25|away,spreads,Binga FC,1.25,away,1.35,1.35,"[""Bet365""]","[""odds_api_io""]",1,,
soccer|binga|djoliba|2026-06-02,spreads|djoliba ac|-1.00|home,spreads,Djoliba AC,-1.0,home,3.85,3.0679,"[""Bet365"", ""Betfair Exchange""]","[""odds_api_io""]",3,11.409,
soccer|binga|djoliba|2026-06-02,spreads|binga fc|1.00|away,spreads,Binga FC,1.0,away,1.93,1.5664,"[""Bet365"", ""Betfair Exchange""]","[""odds_api_io""]",3,19.109,
soccer|binga|djoliba|2026-06-02,spreads|djoliba ac|-0.75|home,spreads,Djoliba AC,-0.75,home,2.28,2.2143,"[""Bet365"", ""Betfair Exchange""]","[""odds_api_io""]",2,2.652,
soccer|binga|djoliba|2026-06-02,spreads|binga fc|0.75|away,spreads,Binga FC,0.75,away,5.5,2.5374,"[""Bet365"", ""Betfair Exchange""]","[""odds_api_io""]",2,41.698,
soccer|binga|djoliba|2026-06-02,spreads|djoliba ac|-0.25|home,spreads,Djoliba AC,-0.25,home,1.65,1.6376,"[""Bet365"", ""Betfair Exchange""]","[""odds_api_io""]",2,0.932,
soccer|binga|djoliba|2026-06-02,spreads|binga fc|0.25|away,spreads,Binga FC,0.25,away,3.55,2.8102,"[""Bet365"", ""Betfair Exchange""]","[""odds_api_io""]",2,14.566,
soccer|binga|djoliba|2026-06-02,spreads|djoliba ac|0.00|home,spreads,Djoliba AC,0.0,home,1.375,1.357,"[""Bet365"", ""Betfair Exchange""]","[""odds_api_io""]",2,1.9,
soccer|binga|djoliba|2026-06-02,spreads|binga fc|-0.00|away,spreads,Binga FC,-0.0,away,3.41,3.1956,"[""Bet365"", ""Betfair Exchange""]","[""odds_api_io""]",2,4.008,
soccer|binga|djoliba|2026-06-02,spreads|djoliba ac|0.25|home,spreads,Djoliba AC,0.25,home,1.275,1.2673,"[""Bet365"", ""Betfair Exchange""]","[""odds_api_io""]",2,0.934,
soccer|binga|djoliba|2026-06-02,spreads|binga fc|-0.25|away,spreads,Binga FC,-0.25,away,4.2,2.9464,"[""Bet365"", ""Betfair Exchange""]","[""odds_api_io""]",2,20.635,
soccer|binga|djoliba|2026-06-02,spreads|djoliba ac|0.75|home,spreads,Djoliba AC,0.75,home,1.15,1.1345,"[""Bet365"", ""Betfair Exchange""]","[""odds_api_io""]",2,2.329,
soccer|binga|djoliba|2026-06-02,spreads|binga fc|-0.75|away,spreads,Binga FC,-0.75,away,7.22,2.7503,"[""Bet365"", ""Betfair Exchange""]","[""odds_api_io""]",2,45.851,
soccer|binga|djoliba|2026-06-02,doubleChance|1x||,doubleChance,1X,,,1.21,1.21,"[""Betfair Exchange""]","[""odds_api_io""]",1,,
soccer|binga|djoliba|2026-06-02,doubleChance|12||,doubleChance,12,,,1.43,1.43,"[""Betfair Exchange""]","[""odds_api_io""]",1,,
soccer|binga|djoliba|2026-06-02,doubleChance|x2||,doubleChance,X2,,,1.93,1.93,"[""Betfair Exchange""]","[""odds_api_io""]",1,,
soccer|binga|djoliba|2026-06-02,spreads|djoliba ac|1.50|home,spreads,Djoliba AC,1.5,home,1.03,1.03,"[""Betfair Exchange""]","[""odds_api_io""]",1,,
soccer|binga|djoliba|2026-06-02,spreads|binga fc|-1.50|away,spreads,Binga FC,-1.5,away,17.5,17.5,"[""Betfair Exchange""]","[""odds_api_io""]",1,,
soccer|binga|djoliba|2026-06-02,spreads|djoliba ac|1.00|home,spreads,Djoliba AC,1.0,home,1.21,1.1186,"[""Betfair Exchange""]","[""odds_api_io""]",2,13.509,
soccer|binga|djoliba|2026-06-02,spreads|binga fc|-1.00|away,spreads,Binga FC,-1.0,away,17.5,16.1538,"[""Betfair Exchange""]","[""odds_api_io""]",2,0.952,
soccer|binga|djoliba|2026-06-02,spreads|djoliba ac|1.25|home,spreads,Djoliba AC,1.25,home,1.04,1.04,"[""Betfair Exchange""]","[""odds_api_io""]",1,,
soccer|binga|djoliba|2026-06-02,spreads|binga fc|-1.25|away,spreads,Binga FC,-1.25,away,16.25,16.25,"[""Betfair Exchange""]","[""odds_api_io""]",1,,
soccer|binga|djoliba|2026-06-02,spreads|djoliba ac|1.75|home,spreads,Djoliba AC,1.75,home,1.01,1.01,"[""Betfair Exchange""]","[""odds_api_io""]",1,,
soccer|binga|djoliba|2026-06-02,spreads|binga fc|-1.75|away,spreads,Binga FC,-1.75,away,17.5,17.5,"[""Betfair Exchange""]","[""odds_api_io""]",1,,
soccer|binga|djoliba|2026-06-02,totals|over|2.25|,totals,Over,2.25,,2.46,2.46,"[""Betfair Exchange""]","[""odds_api_io""]",1,,
soccer|binga|djoliba|2026-06-02,totals|under|2.25|,totals,Under,2.25,,1.57,1.57,"[""Betfair Exchange""]","[""odds_api_io""]",1,,
soccer|binga|djoliba|2026-06-02,totals|over|5.00|,totals,Over,5.0,,33.08,33.08,"[""Betfair Exchange""]","[""odds_api_io""]",1,,
soccer|binga|djoliba|2026-06-02,totals|under|5.00|,totals,Under,5.0,,1.01,1.01,"[""Betfair Exchange""]","[""odds_api_io""]",1,,
soccer|binga|djoliba|2026-06-02,totals|over|5.25|,totals,Over,5.25,,33.71,33.71,"[""Betfair Exchange""]","[""odds_api_io""]",1,,
soccer|binga|djoliba|2026-06-02,totals|under|5.25|,totals,Under,5.25,,1.01,1.01,"[""Betfair Exchange""]","[""odds_api_io""]",1,,
soccer|binga|djoliba|2026-06-02,totals|over|4.75|,totals,Over,4.75,,20.76,20.76,"[""Betfair Exchange""]","[""odds_api_io""]",1,,
soccer|binga|djoliba|2026-06-02,totals|under|4.75|,totals,Under,4.75,,1.01,1.01,"[""Betfair Exchange""]","[""odds_api_io""]",1,,
soccer|binga|djoliba|2026-06-02,totals|over|5.50|,totals,Over,5.5,,34.33,34.33,"[""Betfair Exchange""]","[""odds_api_io""]",1,,
soccer|binga|djoliba|2026-06-02,totals|under|5.50|,totals,Under,5.5,,1.01,1.01,"[""Betfair Exchange""]","[""odds_api_io""]",1,,
soccer|boston river|defensor sporting|2026-06-02,h2h|boston river||home,h2h,Boston River,,home,2.94,2.8436,"[""Bet365"", ""Betfair Exchange""]","[""odds_api_io""]",2,2.35,
soccer|boston river|defensor sporting|2026-06-02,h2h|draw||,h2h,Draw,,,3.5,3.3726,"[""Bet365"", ""Betfair Exchange""]","[""odds_api_io""]",2,2.198,
soccer|boston river|defensor sporting|2026-06-02,h2h|defensor sporting||away,h2h,Defensor Sporting,,away,2.4,2.3898,"[""Bet365"", ""Betfair Exchange""]","[""odds_api_io""]",2,0.35,
soccer|boston river|defensor sporting|2026-06-02,dnb|boston river|0.00|home,dnb,Boston River,0.0,home,2.0,2.0,"[""Bet365""]","[""odds_api_io""]",1,,
soccer|boston river|defensor sporting|2026-06-02,dnb|defensor sporting|0.00|away,dnb,Defensor Sporting,0.0,away,1.727,1.727,"[""Bet365""]","[""odds_api_io""]",1,,
soccer|boston river|defensor sporting|2026-06-02,spreads|boston river|0.00|home,spreads,Boston River,0.0,home,2.025,2.025,"[""Bet365""]","[""odds_api_io""]",1,,
soccer|boston river|defensor sporting|2026-06-02,totals|over|2.50|,totals,Over,2.5,,1.9,1.9,"[""Bet365""]","[""odds_api_io""]",1,,
soccer|boston river|defensor sporting|2026-06-02,totals|under|2.50|,totals,Under,2.5,,1.9,1.9,"[""Bet365""]","[""odds_api_io""]",1,,
soccer|boston river|defensor sporting|2026-06-02,spreads|boston river|-1.75|home,spreads,Boston River,-1.75,home,6.8,6.8,"[""Bet365""]","[""odds_api_io""]",1,,
soccer|boston river|defensor sporting|2026-06-02,spreads|defensor sporting|1.75|away,spreads,Defensor Sporting,1.75,away,5.75,5.75,"[""Bet365""]","[""odds_api_io""]",1,,
soccer|boston river|defensor sporting|2026-06-02,spreads|boston river|-1.50|home,spreads,Boston River,-1.5,home,5.25,5.25,"[""Bet365""]","[""odds_api_io""]",1,,
soccer|boston river|defensor sporting|2026-06-02,spreads|defensor sporting|1.50|away,spreads,Defensor Sporting,1.5,away,4.4,4.4,"[""Bet365""]","[""odds_api_io""]",1,,
soccer|boston river|defensor sporting|2026-06-02,spreads|boston river|-1.25|home,spreads,Boston River,-1.25,home,4.65,4.65,"[""Bet365""]","[""odds_api_io""]",1,,
soccer|boston river|defensor sporting|2026-06-02,spreads|defensor sporting|1.25|away,spreads,Defensor Sporting,1.25,away,4.0,4.0,"[""Bet365""]","[""odds_api_io""]",1,,
soccer|boston river|defensor sporting|2026-06-02,spreads|boston river|-1.00|home,spreads,Boston River,-1.0,home,4.4,4.4,"[""Bet365""]","[""odds_api_io""]",1,,
soccer|boston river|defensor sporting|2026-06-02,spreads|defensor sporting|1.00|away,spreads,Defensor Sporting,1.0,away,3.7,3.7,"[""Bet365""]","[""odds_api_io""]",1,,
soccer|boston river|defensor sporting|2026-06-02,spreads|boston river|-0.75|home,spreads,Boston River,-0.75,home,3.3,3.3,"[""Bet365""]","[""odds_api_io""]",1,,
soccer|boston river|defensor sporting|2026-06-02,spreads|defensor sporting|0.75|away,spreads,Defensor Sporting,0.75,away,2.85,2.85,"[""Bet365""]","[""odds_api_io""]",1,,
soccer|boston river|defensor sporting|2026-06-02,spreads|boston river|-0.50|home,spreads,Boston River,-0.5,home,2.75,2.75,"[""Bet365""]","[""odds_api_io""]",1,,
soccer|boston river|defensor sporting|2026-06-02,spreads|defensor sporting|0.50|away,spreads,Defensor Sporting,0.5,away,2.375,2.375,"[""Bet365""]","[""odds_api_io""]",1,,
soccer|boston river|defensor sporting|2026-06-02,spreads|boston river|-0.25|home,spreads,Boston River,-0.25,home,2.375,2.375,"[""Bet365""]","[""odds_api_io""]",1,,
soccer|boston river|defensor sporting|2026-06-02,spreads|defensor sporting|0.25|away,spreads,Defensor Sporting,0.25,away,2.1,2.1,"[""Bet365""]","[""odds_api_io""]",1,,
soccer|boston river|defensor sporting|2026-06-02,spreads|boston river|0.25|home,spreads,Boston River,0.25,home,1.7,1.7,"[""Bet365""]","[""odds_api_io""]",1,,
soccer|boston river|defensor sporting|2026-06-02,spreads|defensor sporting|-0.25|away,spreads,Defensor Sporting,-0.25,away,1.55,1.55,"[""Bet365""]","[""odds_api_io""]",1,,
soccer|boston river|defensor sporting|2026-06-02,spreads|boston river|0.50|home,spreads,Boston River,0.5,home,1.62,1.5849,"[""Bet365"", ""Betfair Exchange""]","[""odds_api_io""]",2,2.788,
soccer|boston river|defensor sporting|2026-06-02,spreads|defensor sporting|-0.50|away,spreads,Defensor Sporting,-0.5,away,2.38,1.7908,"[""Bet365"", ""Betfair Exchange""]","[""odds_api_io""]",2,28.159,
soccer|boston river|defensor sporting|2026-06-02,spreads|boston river|0.75|home,spreads,Boston River,0.75,home,1.4,1.4,"[""Bet365""]","[""odds_api_io""]",1,,
soccer|boston river|defensor sporting|2026-06-02,spreads|defensor sporting|-0.75|away,spreads,Defensor Sporting,-0.75,away,1.325,1.325,"[""Bet365""]","[""odds_api_io""]",1,,
soccer|boston river|defensor sporting|2026-06-02,spreads|boston river|1.00|home,spreads,Boston River,1.0,home,1.62,1.4207,"[""Bet365"", ""Betfair Exchange""]","[""odds_api_io""]",2,17.637,
soccer|boston river|defensor sporting|2026-06-02,spreads|defensor sporting|-1.00|away,spreads,Defensor Sporting,-1.0,away,4.5,1.9149,"[""Bet365"", ""Betfair Exchange""]","[""odds_api_io""]",2,61.111,
soccer|boston river|defensor sporting|2026-06-02,spreads|boston river|1.25|home,spreads,Boston River,1.25,home,1.23,1.23,"[""Bet365""]","[""odds_api_io""]",1,,
soccer|boston river|defensor sporting|2026-06-02,spreads|defensor sporting|-1.25|away,spreads,Defensor Sporting,-1.25,away,1.18,1.18,"[""Bet365""]","[""odds_api_io""]",1,,
soccer|boston river|defensor sporting|2026-06-02,spreads|boston river|1.50|home,spreads,Boston River,1.5,home,1.2,1.2,"[""Bet365""]","[""odds_api_io""]",1,,
soccer|boston river|defensor sporting|2026-06-02,spreads|defensor sporting|-1.50|away,spreads,Defensor Sporting,-1.5,away,1.16,1.16,"[""Bet365""]","[""odds_api_io""]",1,,
soccer|boston river|defensor sporting|2026-06-02,spreads|boston river|1.75|home,spreads,Boston River,1.75,home,1.14,1.14,"[""Bet365""]","[""odds_api_io""]",1,,
soccer|boston river|defensor sporting|2026-06-02,spreads|defensor sporting|-1.75|away,spreads,Defensor Sporting,-1.75,away,1.105,1.105,"[""Bet365""]","[""odds_api_io""]",1,,
soccer|boston river|defensor sporting|2026-06-02,spreads|defensor sporting|-0.00|away,spreads,Defensor Sporting,-0.0,away,1.775,1.775,"[""Bet365""]","[""odds_api_io""]",1,,
soccer|boston river|defensor sporting|2026-06-02,doubleChance|1x||,doubleChance,1X,,,1.62,1.62,"[""Betfair Exchange""]","[""odds_api_io""]",1,,
soccer|boston river|defensor sporting|2026-06-02,doubleChance|12||,doubleChance,12,,,1.35,1.35,"[""Betfair Exchange""]","[""odds_api_io""]",1,,
soccer|boston river|defensor sporting|2026-06-02,totals|over|2.75|,totals,Over,2.75,,2.18,2.18,"[""Betfair Exchange""]","[""odds_api_io""]",1,,
soccer|boston river|defensor sporting|2026-06-02,totals|under|2.75|,totals,Under,2.75,,1.75,1.75,"[""Betfair Exchange""]","[""odds_api_io""]",1,,
soccer|central espanol reserves|oriental|2026-06-02,h2h|central espanol reserve||home,h2h,Central Espanol Reserve,,home,2.4,1.9979,"[""Bet365"", ""Betfair Exchange""]","[""odds_api_io""]",2,16.473,
soccer|central espanol reserves|oriental|2026-06-02,h2h|draw||,h2h,Draw,,,3.4,3.3219,"[""Bet365"", ""Betfair Exchange""]","[""odds_api_io""]",2,1.357,
soccer|central espanol reserves|oriental|2026-06-02,h2h|club oriental de football||away,h2h,Club Oriental de Football,,away,2.625,2.3535,"[""Bet365"", ""Betfair Exchange""]","[""odds_api_io""]",2,8.634,
soccer|central espanol reserves|oriental|2026-06-02,dnb|central espanol reserve|0.00|home,dnb,Central Espanol Reserve,0.0,home,1.8,1.5455,"[""Bet365"", ""Betfair Exchange""]","[""odds_api_io""]",2,17.974,
soccer|central espanol reserves|oriental|2026-06-02,dnb|club oriental de football|0.00|away,dnb,Club Oriental de Football,0.0,away,1.909,1.7909,"[""Bet365"", ""Betfair Exchange""]","[""odds_api_io""]",2,6.788,
soccer|central espanol reserves|oriental|2026-06-02,spreads|central espanol reserve|-0.25|home,spreads,Central Espanol Reserve,-0.25,home,2.0,1.736,"[""Bet365"", ""Betfair Exchange""]","[""odds_api_io""]",2,14.935,
soccer|central espanol reserves|oriental|2026-06-02,spreads|club oriental de football|0.25|away,spreads,Club Oriental de Football,0.25,away,1.8,1.6634,"[""Bet365"", ""Betfair Exchange""]","[""odds_api_io""]",2,8.961,
soccer|central espanol reserves|oriental|2026-06-02,totals|over|2.50|,totals,Over,2.5,,2.0,1.9874,"[""Bet365""]","[""odds_api_io""]",2,0.633,
soccer|central espanol reserves|oriental|2026-06-02,totals|under|2.50|,totals,Under,2.5,,1.825,1.8124,"[""Bet365""]","[""odds_api_io""]",2,0.761,
soccer|central espanol reserves|oriental|2026-06-02,spreads|central espanol reserve|-0.75|home,spreads,Central Espanol Reserve,-0.75,home,2.675,2.0855,"[""Bet365"", ""Betfair Exchange""]","[""odds_api_io""]",2,20.756,
soccer|central espanol reserves|oriental|2026-06-02,spreads|club oriental de football|0.75|away,spreads,Club Oriental de Football,0.75,away,3.45,1.8196,"[""Bet365"", ""Betfair Exchange""]","[""odds_api_io""]",2,51.014,
soccer|central espanol reserves|oriental|2026-06-02,spreads|central espanol reserve|0.25|home,spreads,Central Espanol Reserve,0.25,home,1.525,1.4015,"[""Bet365"", ""Betfair Exchange""]","[""odds_api_io""]",2,11.349,
soccer|central espanol reserves|oriental|2026-06-02,spreads|club oriental de football|-0.25|away,spreads,Club Oriental de Football,-0.25,away,2.425,2.1323,"[""Bet365"", ""Betfair Exchange""]","[""odds_api_io""]",2,11.119,
soccer|central espanol reserves|oriental|2026-06-02,spreads|central espanol reserve|0.75|home,spreads,Central Espanol Reserve,0.75,home,1.3,1.2133,"[""Bet365"", ""Betfair Exchange""]","[""odds_api_io""]",2,10.796,
soccer|central espanol reserves|oriental|2026-06-02,spreads|club oriental de football|-0.75|away,spreads,Club Oriental de Football,-0.75,away,2.14,1.7348,"[""Bet365"", ""Betfair Exchange""]","[""odds_api_io""]",2,22.237,
soccer|central espanol reserves|oriental|2026-06-02,spreads|central espanol reserve|-1.75|home,spreads,Central Espanol Reserve,-1.75,home,5.5,2.5958,"[""Bet365"", ""Betfair Exchange""]","[""odds_api_io""]",2,39.958,
soccer|central espanol reserves|oriental|2026-06-02,spreads|club oriental de football|1.75|away,spreads,Club Oriental de Football,1.75,away,1.15,1.0799,"[""Bet365"", ""Betfair Exchange""]","[""odds_api_io""]",2,11.083,
soccer|central espanol reserves|oriental|2026-06-02,spreads|central espanol reserve|-1.50|home,spreads,Central Espanol Reserve,-1.5,home,4.15,2.4139,"[""Bet365"", ""Betfair Exchange""]","[""odds_api_io""]",2,34.043,
soccer|central espanol reserves|oriental|2026-06-02,spreads|club oriental de football|1.50|away,spreads,Club Oriental de Football,1.5,away,5.75,1.7252,"[""Bet365"", ""Betfair Exchange""]","[""odds_api_io""]",2,79.696,
soccer|central espanol reserves|oriental|2026-06-02,spreads|central espanol reserve|-1.25|home,spreads,Central Espanol Reserve,-1.25,home,3.7,2.3328,"[""Bet365"", ""Betfair Exchange""]","[""odds_api_io""]",2,31.113,
soccer|central espanol reserves|oriental|2026-06-02,spreads|club oriental de football|1.25|away,spreads,Club Oriental de Football,1.25,away,5.25,1.7013,"[""Bet365"", ""Betfair Exchange""]","[""odds_api_io""]",2,78.04,
soccer|central espanol reserves|oriental|2026-06-02,spreads|central espanol reserve|-1.00|home,spreads,Central Espanol Reserve,-1.0,home,3.45,2.2817,"[""Bet365"", ""Betfair Exchange""]","[""odds_api_io""]",2,29.154,
soccer|central espanol reserves|oriental|2026-06-02,spreads|club oriental de football|1.00|away,spreads,Club Oriental de Football,1.0,away,4.65,1.599,"[""Bet365"", ""Betfair Exchange""]","[""odds_api_io""]",3,74.648,
soccer|central espanol reserves|oriental|2026-06-02,spreads|central espanol reserve|-0.50|home,spreads,Central Espanol Reserve,-0.5,home,2.25,1.9449,"[""Bet365"", ""Betfair Exchange""]","[""odds_api_io""]",2,13.695,
soccer|central espanol reserves|oriental|2026-06-02,spreads|club oriental de football|0.50|away,spreads,Club Oriental de Football,0.5,away,2.85,1.9196,"[""Bet365"", ""Betfair Exchange""]","[""odds_api_io""]",2,33.405,
soccer|central espanol reserves|oriental|2026-06-02,spreads|central espanol reserve|0.00|home,spreads,Central Espanol Reserve,0.0,home,1.7,1.5081,"[""Bet365"", ""Betfair Exchange""]","[""odds_api_io""]",2,14.706,
soccer|central espanol reserves|oriental|2026-06-02,spreads|club oriental de football|-0.00|away,spreads,Club Oriental de Football,-0.0,away,2.1,1.8691,"[""Bet365"", ""Betfair Exchange""]","[""odds_api_io""]",2,11.553,
soccer|central espanol reserves|oriental|2026-06-02,spreads|central espanol reserve|0.50|home,spreads,Central Espanol Reserve,0.5,home,1.4,1.325,"[""Bet365"", ""Betfair Exchange""]","[""odds_api_io""]",2,7.937,
soccer|central espanol reserves|oriental|2026-06-02,spreads|club oriental de football|-0.50|away,spreads,Club Oriental de Football,-0.5,away,2.14,1.8519,"[""Bet365"", ""Betfair Exchange""]","[""odds_api_io""]",2,14.809,
soccer|central espanol reserves|oriental|2026-06-02,spreads|central espanol reserve|1.00|home,spreads,Central Espanol Reserve,1.0,home,1.26,1.1482,"[""Bet365"", ""Betfair Exchange""]","[""odds_api_io""]",3,17.722,
soccer|central espanol reserves|oriental|2026-06-02,spreads|club oriental de football|-1.00|away,spreads,Club Oriental de Football,-1.0,away,2.14,1.6247,"[""Bet365"", ""Betfair Exchange""]","[""odds_api_io""]",2,30.194,
soccer|central espanol reserves|oriental|2026-06-02,spreads|central espanol reserve|1.25|home,spreads,Central Espanol Reserve,1.25,home,1.16,1.09,"[""Bet365"", ""Betfair Exchange""]","[""odds_api_io""]",2,10.88,
soccer|central espanol reserves|oriental|2026-06-02,spreads|club oriental de football|-1.25|away,spreads,Club Oriental de Football,-1.25,away,2.14,1.5936,"[""Bet365"", ""Betfair Exchange""]","[""odds_api_io""]",2,32.636,
soccer|central espanol reserves|oriental|2026-06-02,spreads|central espanol reserve|1.50|home,spreads,Central Espanol Reserve,1.5,home,1.14,1.0812,"[""Bet365"", ""Betfair Exchange""]","[""odds_api_io""]",2,9.368,
soccer|central espanol reserves|oriental|2026-06-02,spreads|club oriental de football|-1.50|away,spreads,Club Oriental de Football,-1.5,away,2.14,1.5618,"[""Bet365"", ""Betfair Exchange""]","[""odds_api_io""]",2,35.238,
soccer|central espanol reserves|oriental|2026-06-02,doubleChance|1x||,doubleChance,1X,,,1.26,1.26,"[""Betfair Exchange""]","[""odds_api_io""]",1,,
soccer|central espanol reserves|oriental|2026-06-02,doubleChance|12||,doubleChance,12,,,1.26,1.26,"[""Betfair Exchange""]","[""odds_api_io""]",1,,
soccer|central espanol reserves|oriental|2026-06-02,doubleChance|x2||,doubleChance,X2,,,1.46,1.46,"[""Betfair Exchange""]","[""odds_api_io""]",1,,
soccer|central espanol reserves|oriental|2026-06-02,spreads|central espanol reserve|-2.75|home,spreads,Central Espanol Reserve,-2.75,home,1.72,1.72,"[""Betfair Exchange""]","[""odds_api_io""]",1,,
soccer|central espanol reserves|oriental|2026-06-02,spreads|club oriental de football|2.75|away,spreads,Club Oriental de Football,2.75,away,1.01,1.01,"[""Betfair Exchange""]","[""odds_api_io""]",1,,
soccer|central espanol reserves|oriental|2026-06-02,spreads|central espanol reserve|2.75|home,spreads,Central Espanol Reserve,2.75,home,1.01,1.01,"[""Betfair Exchange""]","[""odds_api_io""]",1,,
soccer|central espanol reserves|oriental|2026-06-02,spreads|club oriental de football|-2.75|away,spreads,Club Oriental de Football,-2.75,away,2.14,2.14,"[""Betfair Exchange""]","[""odds_api_io""]",1,,
soccer|central espanol reserves|oriental|2026-06-02,spreads|central espanol reserve|2.25|home,spreads,Central Espanol Reserve,2.25,home,1.02,1.02,"[""Betfair Exchange""]","[""odds_api_io""]",1,,
soccer|central espanol reserves|oriental|2026-06-02,spreads|club oriental de football|-2.25|away,spreads,Club Oriental de Football,-2.25,away,2.14,2.14,"[""Betfair Exchange""]","[""odds_api_io""]",1,,
soccer|central espanol reserves|oriental|2026-06-02,spreads|central espanol reserve|-2.50|home,spreads,Central Espanol Reserve,-2.5,home,1.72,1.72,"[""Betfair Exchange""]","[""odds_api_io""]",1,,
soccer|central espanol reserves|oriental|2026-06-02,spreads|club oriental de football|2.50|away,spreads,Club Oriental de Football,2.5,away,1.02,1.02,"[""Betfair Exchange""]","[""odds_api_io""]",1,,
soccer|central espanol reserves|oriental|2026-06-02,spreads|central espanol reserve|-2.00|home,spreads,Central Espanol Reserve,-2.0,home,1.72,1.72,"[""Betfair Exchange""]","[""odds_api_io""]",1,,
soccer|central espanol reserves|oriental|2026-06-02,spreads|club oriental de football|2.00|away,spreads,Club Oriental de Football,2.0,away,1.03,1.025,"[""Betfair Exchange""]","[""odds_api_io""]",2,0.952,
soccer|central espanol reserves|oriental|2026-06-02,spreads|central espanol reserve|2.50|home,spreads,Central Espanol Reserve,2.5,home,1.02,1.02,"[""Betfair Exchange""]","[""odds_api_io""]",1,,
soccer|central espanol reserves|oriental|2026-06-02,spreads|club oriental de football|-2.50|away,spreads,Club Oriental de Football,-2.5,away,2.14,2.14,"[""Betfair Exchange""]","[""odds_api_io""]",1,,
soccer|central espanol reserves|oriental|2026-06-02,spreads|central espanol reserve|-2.25|home,spreads,Central Espanol Reserve,-2.25,home,1.72,1.72,"[""Betfair Exchange""]","[""odds_api_io""]",1,,
soccer|central espanol reserves|oriental|2026-06-02,spreads|club oriental de football|2.25|away,spreads,Club Oriental de Football,2.25,away,1.02,1.02,"[""Betfair Exchange""]","[""odds_api_io""]",1,,
soccer|central espanol reserves|oriental|2026-06-02,spreads|central espanol reserve|2.00|home,spreads,Central Espanol Reserve,2.0,home,1.03,1.025,"[""Betfair Exchange""]","[""odds_api_io""]",2,0.952,
soccer|central espanol reserves|oriental|2026-06-02,spreads|club oriental de football|-2.00|away,spreads,Club Oriental de Football,-2.0,away,2.14,2.14,"[""Betfair Exchange""]","[""odds_api_io""]",1,,
soccer|central espanol reserves|oriental|2026-06-02,spreads|central espanol reserve|1.75|home,spreads,Central Espanol Reserve,1.75,home,1.02,1.02,"[""Betfair Exchange""]","[""odds_api_io""]",1,,
soccer|central espanol reserves|oriental|2026-06-02,spreads|club oriental de football|-1.75|away,spreads,Club Oriental de Football,-1.75,away,2.14,2.14,"[""Betfair Exchange""]","[""odds_api_io""]",1,,
soccer|central espanol reserves|oriental|2026-06-02,spreads|central espanol reserve|-3.00|home,spreads,Central Espanol Reserve,-3.0,home,1.72,1.72,"[""Betfair Exchange""]","[""odds_api_io""]",1,,
soccer|central espanol reserves|oriental|2026-06-02,spreads|club oriental de football|3.00|away,spreads,Club Oriental de Football,3.0,away,1.02,1.02,"[""Betfair Exchange""]","[""odds_api_io""]",1,,
soccer|central espanol reserves|oriental|2026-06-02,spreads|central espanol reserve|3.00|home,spreads,Central Espanol Reserve,3.0,home,1.02,1.02,"[""Betfair Exchange""]","[""odds_api_io""]",1,,
soccer|central espanol reserves|oriental|2026-06-02,spreads|club oriental de football|-3.00|away,spreads,Club Oriental de Football,-3.0,away,2.14,2.14,"[""Betfair Exchange""]","[""odds_api_io""]",1,,
soccer|cerro largo|maldonado reserves|2026-06-02,h2h|deportivo maldonado reserve||home,h2h,Deportivo Maldonado Reserve,,home,2.22,2.2101,"[""Bet365"", ""Betfair Exchange""]","[""odds_api_io""]",2,0.41,
soccer|cerro largo|maldonado reserves|2026-06-02,h2h|draw||,h2h,Draw,,,3.5,3.3726,"[""Bet365"", ""Betfair Exchange""]","[""odds_api_io""]",2,2.198,
soccer|cerro largo|maldonado reserves|2026-06-02,h2h|cerro largo fc||away,h2h,Cerro Largo FC,,away,3.3,3.1456,"[""Bet365"", ""Betfair Exchange""]","[""odds_api_io""]",2,3.03,
soccer|cerro largo|maldonado reserves|2026-06-02,dnb|deportivo maldonado reserve|0.00|home,dnb,Deportivo Maldonado Reserve,0.0,home,1.615,1.615,"[""Bet365""]","[""odds_api_io""]",1,,
soccer|cerro largo|maldonado reserves|2026-06-02,dnb|cerro largo fc|0.00|away,dnb,Cerro Largo FC,0.0,away,2.2,2.2,"[""Bet365""]","[""odds_api_io""]",1,,
soccer|cerro largo|maldonado reserves|2026-06-02,spreads|deportivo maldonado reserve|-0.25|home,spreads,Deportivo Maldonado Reserve,-0.25,home,1.9,1.9,"[""Bet365""]","[""odds_api_io""]",1,,
soccer|cerro largo|maldonado reserves|2026-06-02,spreads|cerro largo fc|0.25|away,spreads,Cerro Largo FC,0.25,away,1.9,1.9,"[""Bet365""]","[""odds_api_io""]",1,,
soccer|cerro largo|maldonado reserves|2026-06-02,totals|over|2.50|,totals,Over,2.5,,1.85,1.8374,"[""Bet365""]","[""odds_api_io""]",2,0.74,
soccer|cerro largo|maldonado reserves|2026-06-02,totals|under|2.50|,totals,Under,2.5,,1.975,1.9624,"[""Bet365""]","[""odds_api_io""]",2,0.649,
soccer|cerro largo|maldonado reserves|2026-06-02,spreads|deportivo maldonado reserve|-2.00|home,spreads,Deportivo Maldonado Reserve,-2.0,home,6.8,6.8,"[""Bet365""]","[""odds_api_io""]",1,,
soccer|cerro largo|maldonado reserves|2026-06-02,spreads|cerro largo fc|2.00|away,spreads,Cerro Largo FC,2.0,away,1.105,1.105,"[""Bet365""]","[""odds_api_io""]",1,,
soccer|cerro largo|maldonado reserves|2026-06-02,spreads|deportivo maldonado reserve|-1.25|home,spreads,Deportivo Maldonado Reserve,-1.25,home,3.45,3.45,"[""Bet365""]","[""odds_api_io""]",1,,
soccer|cerro largo|maldonado reserves|2026-06-02,spreads|cerro largo fc|1.25|away,spreads,Cerro Largo FC,1.25,away,5.75,5.75,"[""Bet365""]","[""odds_api_io""]",1,,
soccer|cerro largo|maldonado reserves|2026-06-02,spreads|deportivo maldonado reserve|-1.00|home,spreads,Deportivo Maldonado Reserve,-1.0,home,4.2,3.5769,"[""Bet365"", ""Betfair Exchange""]","[""odds_api_io""]",2,8.449,
soccer|cerro largo|maldonado reserves|2026-06-02,spreads|cerro largo fc|1.00|away,spreads,Cerro Largo FC,1.0,away,5.25,2.5675,"[""Bet365"", ""Betfair Exchange""]","[""odds_api_io""]",2,39.092,
soccer|cerro largo|maldonado reserves|2026-06-02,spreads|deportivo maldonado reserve|-0.75|home,spreads,Deportivo Maldonado Reserve,-0.75,home,2.5,2.5,"[""Bet365""]","[""odds_api_io""]",1,,
soccer|cerro largo|maldonado reserves|2026-06-02,spreads|cerro largo fc|0.75|away,spreads,Cerro Largo FC,0.75,away,3.7,3.7,"[""Bet365""]","[""odds_api_io""]",1,,
soccer|cerro largo|maldonado reserves|2026-06-02,spreads|deportivo maldonado reserve|-0.50|home,spreads,Deportivo Maldonado Reserve,-0.5,home,2.15,2.15,"[""Bet365""]","[""odds_api_io""]",1,,
soccer|cerro largo|maldonado reserves|2026-06-02,spreads|cerro largo fc|0.50|away,spreads,Cerro Largo FC,0.5,away,3.1,3.1,"[""Bet365""]","[""odds_api_io""]",1,,
soccer|cerro largo|maldonado reserves|2026-06-02,spreads|deportivo maldonado reserve|0.00|home,spreads,Deportivo Maldonado Reserve,0.0,home,1.62,1.6101,"[""Bet365"", ""Betfair Exchange""]","[""odds_api_io""]",2,0.772,
soccer|cerro largo|maldonado reserves|2026-06-02,spreads|cerro largo fc|-0.00|away,spreads,Cerro Largo FC,-0.0,away,2.38,2.34,"[""Bet365"", ""Betfair Exchange""]","[""odds_api_io""]",2,1.461,
soccer|cerro largo|maldonado reserves|2026-06-02,spreads|deportivo maldonado reserve|0.25|home,spreads,Deportivo Maldonado Reserve,0.25,home,1.45,1.45,"[""Bet365""]","[""odds_api_io""]",1,,
soccer|cerro largo|maldonado reserves|2026-06-02,spreads|cerro largo fc|-0.25|away,spreads,Cerro Largo FC,-0.25,away,2.675,2.675,"[""Bet365""]","[""odds_api_io""]",1,,
soccer|cerro largo|maldonado reserves|2026-06-02,spreads|deportivo maldonado reserve|0.50|home,spreads,Deportivo Maldonado Reserve,0.5,home,1.35,1.35,"[""Bet365""]","[""odds_api_io""]",1,,
soccer|cerro largo|maldonado reserves|2026-06-02,spreads|cerro largo fc|-0.50|away,spreads,Cerro Largo FC,-0.5,away,1.675,1.675,"[""Bet365""]","[""odds_api_io""]",1,,
soccer|cerro largo|maldonado reserves|2026-06-02,spreads|deportivo maldonado reserve|0.75|home,spreads,Deportivo Maldonado Reserve,0.75,home,1.26,1.26,"[""Bet365""]","[""odds_api_io""]",1,,
soccer|cerro largo|maldonado reserves|2026-06-02,spreads|cerro largo fc|-0.75|away,spreads,Cerro Largo FC,-0.75,away,1.5,1.5,"[""Bet365""]","[""odds_api_io""]",1,,
soccer|cerro largo|maldonado reserves|2026-06-02,spreads|deportivo maldonado reserve|1.00|home,spreads,Deportivo Maldonado Reserve,1.0,home,1.16,1.16,"[""Bet365""]","[""odds_api_io""]",1,,
soccer|cerro largo|maldonado reserves|2026-06-02,spreads|cerro largo fc|-1.00|away,spreads,Cerro Largo FC,-1.0,away,1.35,1.35,"[""Bet365""]","[""odds_api_io""]",1,,
soccer|cerro largo|maldonado reserves|2026-06-02,spreads|deportivo maldonado reserve|1.25|home,spreads,Deportivo Maldonado Reserve,1.25,home,1.14,1.14,"[""Bet365""]","[""odds_api_io""]",1,,
soccer|cerro largo|maldonado reserves|2026-06-02,spreads|cerro largo fc|-1.25|away,spreads,Cerro Largo FC,-1.25,away,1.3,1.3,"[""Bet365""]","[""odds_api_io""]",1,,
soccer|cerro largo|maldonado reserves|2026-06-02,spreads|deportivo maldonado reserve|-1.75|home,spreads,Deportivo Maldonado Reserve,-1.75,home,4.65,4.65,"[""Bet365""]","[""odds_api_io""]",1,,
soccer|cerro largo|maldonado reserves|2026-06-02,spreads|cerro largo fc|1.75|away,spreads,Cerro Largo FC,1.75,away,1.18,1.18,"[""Bet365""]","[""odds_api_io""]",1,,
soccer|cerro largo|maldonado reserves|2026-06-02,spreads|deportivo maldonado reserve|-1.50|home,spreads,Deportivo Maldonado Reserve,-1.5,home,3.8,3.8,"[""Bet365""]","[""odds_api_io""]",1,,
soccer|cerro largo|maldonado reserves|2026-06-02,spreads|cerro largo fc|1.50|away,spreads,Cerro Largo FC,1.5,away,5.9,5.9,"[""Bet365""]","[""odds_api_io""]",1,,
soccer|cerro largo|maldonado reserves|2026-06-02,spreads|deportivo maldonado reserve|1.50|home,spreads,Deportivo Maldonado Reserve,1.5,home,1.13,1.13,"[""Bet365""]","[""odds_api_io""]",1,,
soccer|cerro largo|maldonado reserves|2026-06-02,spreads|cerro largo fc|-1.50|away,spreads,Cerro Largo FC,-1.5,away,1.25,1.25,"[""Bet365""]","[""odds_api_io""]",1,,
soccer|cerro largo|maldonado reserves|2026-06-02,doubleChance|12||,doubleChance,12,,,1.33,1.33,"[""Betfair Exchange""]","[""odds_api_io""]",1,,
soccer|cerro largo|maldonado reserves|2026-06-02,doubleChance|x2||,doubleChance,X2,,,1.72,1.72,"[""Betfair Exchange""]","[""odds_api_io""]",1,,
soccer|cerro largo|maldonado reserves|2026-06-02,totals|over|2.25|,totals,Over,2.25,,1.62,1.62,"[""Betfair Exchange""]","[""odds_api_io""]",1,,
soccer|cerro largo|maldonado reserves|2026-06-02,totals|under|2.25|,totals,Under,2.25,,2.35,2.35,"[""Betfair Exchange""]","[""odds_api_io""]",1,,
soccer|cerro largo|maldonado reserves|2026-06-02,totals|over|5.00|,totals,Over,5.0,,14.07,14.07,"[""Betfair Exchange""]","[""odds_api_io""]",1,,
soccer|cerro largo|maldonado reserves|2026-06-02,totals|under|5.00|,totals,Under,5.0,,1.05,1.05,"[""Betfair Exchange""]","[""odds_api_io""]",1,,
soccer|cerro largo|maldonado reserves|2026-06-02,totals|over|4.75|,totals,Over,4.75,,8.64,8.64,"[""Betfair Exchange""]","[""odds_api_io""]",1,,
soccer|cerro largo|maldonado reserves|2026-06-02,totals|under|4.75|,totals,Under,4.75,,1.09,1.09,"[""Betfair Exchange""]","[""odds_api_io""]",1,,
soccer|cerro largo|maldonado reserves|2026-06-02,totals|over|6.00|,totals,Over,6.0,,36.54,36.54,"[""Betfair Exchange""]","[""odds_api_io""]",1,,
soccer|cerro largo|maldonado reserves|2026-06-02,totals|under|6.00|,totals,Under,6.0,,1.01,1.01,"[""Betfair Exchange""]","[""odds_api_io""]",1,,
soccer|cerro largo|maldonado reserves|2026-06-02,totals|over|5.50|,totals,Over,5.5,,15.5,15.5,"[""Betfair Exchange""]","[""odds_api_io""]",1,,
soccer|cerro largo|maldonado reserves|2026-06-02,totals|under|5.50|,totals,Under,5.5,,1.05,1.05,"[""Betfair Exchange""]","[""odds_api_io""]",1,,
soccer|cerro largo|maldonado reserves|2026-06-02,totals|over|6.25|,totals,Over,6.25,,37.27,37.27,"[""Betfair Exchange""]","[""odds_api_io""]",1,,
soccer|cerro largo|maldonado reserves|2026-06-02,totals|under|6.25|,totals,Under,6.25,,1.01,1.01,"[""Betfair Exchange""]","[""odds_api_io""]",1,,
soccer|cerro largo|maldonado reserves|2026-06-02,totals|over|5.75|,totals,Over,5.75,,21.9,21.9,"[""Betfair Exchange""]","[""odds_api_io""]",1,,
soccer|cerro largo|maldonado reserves|2026-06-02,totals|under|5.75|,totals,Under,5.75,,1.01,1.01,"[""Betfair Exchange""]","[""odds_api_io""]",1,,
soccer|cerro largo|maldonado reserves|2026-06-02,totals|over|5.25|,totals,Over,5.25,,14.78,14.78,"[""Betfair Exchange""]","[""odds_api_io""]",1,,
soccer|cerro largo|maldonado reserves|2026-06-02,totals|under|5.25|,totals,Under,5.25,,1.05,1.05,"[""Betfair Exchange""]","[""odds_api_io""]",1,,
soccer|cerro largo|maldonado reserves|2026-06-02,btts|yes||,btts,Yes,,,1.67,1.67,"[""Betfair Exchange""]","[""odds_api_io""]",1,,
soccer|cerro largo|maldonado reserves|2026-06-02,btts|no||,btts,No,,,2.18,2.18,"[""Betfair Exchange""]","[""odds_api_io""]",1,,
soccer|penarol montevideo|torque|2026-06-02,h2h|penarol montevideo||home,h2h,Penarol Montevideo,,home,2.1,2.1,"[""Bet365""]","[""odds_api_io""]",1,,
soccer|penarol montevideo|torque|2026-06-02,h2h|draw||,h2h,Draw,,,3.25,3.25,"[""Bet365""]","[""odds_api_io""]",1,,
soccer|penarol montevideo|torque|2026-06-02,h2h|torque||away,h2h,Torque,,away,3.3,3.3,"[""Bet365""]","[""odds_api_io""]",1,,
soccer|penarol montevideo|torque|2026-06-02,dnb|penarol montevideo|0.00|home,dnb,Penarol Montevideo,0.0,home,1.571,1.571,"[""Bet365""]","[""odds_api_io""]",1,,
soccer|penarol montevideo|torque|2026-06-02,dnb|torque|0.00|away,dnb,Torque,0.0,away,2.25,2.25,"[""Bet365""]","[""odds_api_io""]",1,,
soccer|penarol montevideo|torque|2026-06-02,spreads|penarol montevideo|-0.25|home,spreads,Penarol Montevideo,-0.25,home,1.8,1.8,"[""Bet365""]","[""odds_api_io""]",1,,
soccer|penarol montevideo|torque|2026-06-02,spreads|torque|0.25|away,spreads,Torque,0.25,away,2.0,2.0,"[""Bet365""]","[""odds_api_io""]",1,,
soccer|penarol montevideo|torque|2026-06-02,totals|over|2.25|,totals,Over,2.25,,1.825,1.825,"[""Bet365""]","[""odds_api_io""]",1,,
soccer|penarol montevideo|torque|2026-06-02,totals|under|2.25|,totals,Under,2.25,,1.975,1.975,"[""Bet365""]","[""odds_api_io""]",1,,
soccer|penarol montevideo|torque|2026-06-02,totals|over|2.50|,totals,Over,2.5,,2.05,2.05,"[""Bet365""]","[""odds_api_io""]",1,,
soccer|penarol montevideo|torque|2026-06-02,totals|under|2.50|,totals,Under,2.5,,1.75,1.75,"[""Bet365""]","[""odds_api_io""]",1,,
soccer|penarol montevideo|torque|2026-06-02,spreads|penarol montevideo|-1.75|home,spreads,Penarol Montevideo,-1.75,home,5.0,5.0,"[""Bet365""]","[""odds_api_io""]",1,,
soccer|penarol montevideo|torque|2026-06-02,spreads|torque|1.75|away,spreads,Torque,1.75,away,1.17,1.17,"[""Bet365""]","[""odds_api_io""]",1,,
soccer|penarol montevideo|torque|2026-06-02,spreads|penarol montevideo|-1.50|home,spreads,Penarol Montevideo,-1.5,home,3.9,3.9,"[""Bet365""]","[""odds_api_io""]",1,,
soccer|penarol montevideo|torque|2026-06-02,spreads|torque|1.50|away,spreads,Torque,1.5,away,6.6,6.6,"[""Bet365""]","[""odds_api_io""]",1,,
soccer|penarol montevideo|torque|2026-06-02,spreads|penarol montevideo|-1.25|home,spreads,Penarol Montevideo,-1.25,home,3.55,3.55,"[""Bet365""]","[""odds_api_io""]",1,,
soccer|penarol montevideo|torque|2026-06-02,spreads|torque|1.25|away,spreads,Torque,1.25,away,6.0,6.0,"[""Bet365""]","[""odds_api_io""]",1,,
soccer|penarol montevideo|torque|2026-06-02,spreads|penarol montevideo|-1.00|home,spreads,Penarol Montevideo,-1.0,home,3.1,3.1,"[""Bet365""]","[""odds_api_io""]",1,,
soccer|penarol montevideo|torque|2026-06-02,spreads|torque|1.00|away,spreads,Torque,1.0,away,5.75,5.75,"[""Bet365""]","[""odds_api_io""]",1,,
soccer|penarol montevideo|torque|2026-06-02,spreads|penarol montevideo|-0.75|home,spreads,Penarol Montevideo,-0.75,home,2.5,2.5,"[""Bet365""]","[""odds_api_io""]",1,,
soccer|penarol montevideo|torque|2026-06-02,spreads|torque|0.75|away,spreads,Torque,0.75,away,3.9,3.9,"[""Bet365""]","[""odds_api_io""]",1,,
soccer|penarol montevideo|torque|2026-06-02,spreads|penarol montevideo|-0.50|home,spreads,Penarol Montevideo,-0.5,home,2.15,2.15,"[""Bet365""]","[""odds_api_io""]",1,,
soccer|penarol montevideo|torque|2026-06-02,spreads|torque|0.50|away,spreads,Torque,0.5,away,3.3,3.3,"[""Bet365""]","[""odds_api_io""]",1,,
soccer|penarol montevideo|torque|2026-06-02,spreads|penarol montevideo|0.00|home,spreads,Penarol Montevideo,0.0,home,1.575,1.575,"[""Bet365""]","[""odds_api_io""]",1,,
soccer|penarol montevideo|torque|2026-06-02,spreads|torque|-0.00|away,spreads,Torque,-0.0,away,2.35,2.35,"[""Bet365""]","[""odds_api_io""]",1,,
soccer|penarol montevideo|torque|2026-06-02,spreads|penarol montevideo|0.25|home,spreads,Penarol Montevideo,0.25,home,1.425,1.425,"[""Bet365""]","[""odds_api_io""]",1,,
soccer|penarol montevideo|torque|2026-06-02,spreads|torque|-0.25|away,spreads,Torque,-0.25,away,2.75,2.75,"[""Bet365""]","[""odds_api_io""]",1,,
soccer|penarol montevideo|torque|2026-06-02,spreads|penarol montevideo|0.50|home,spreads,Penarol Montevideo,0.5,home,1.325,1.325,"[""Bet365""]","[""odds_api_io""]",1,,
soccer|penarol montevideo|torque|2026-06-02,spreads|torque|-0.50|away,spreads,Torque,-0.5,away,1.675,1.675,"[""Bet365""]","[""odds_api_io""]",1,,
soccer|penarol montevideo|torque|2026-06-02,spreads|penarol montevideo|0.75|home,spreads,Penarol Montevideo,0.75,home,1.24,1.24,"[""Bet365""]","[""odds_api_io""]",1,,
soccer|penarol montevideo|torque|2026-06-02,spreads|torque|-0.75|away,spreads,Torque,-0.75,away,1.5,1.5,"[""Bet365""]","[""odds_api_io""]",1,,
soccer|penarol montevideo|torque|2026-06-02,spreads|penarol montevideo|1.00|home,spreads,Penarol Montevideo,1.0,home,1.14,1.14,"[""Bet365""]","[""odds_api_io""]",1,,
soccer|penarol montevideo|torque|2026-06-02,spreads|torque|-1.00|away,spreads,Torque,-1.0,away,1.35,1.35,"[""Bet365""]","[""odds_api_io""]",1,,
soccer|penarol montevideo|torque|2026-06-02,spreads|penarol montevideo|1.25|home,spreads,Penarol Montevideo,1.25,home,1.125,1.125,"[""Bet365""]","[""odds_api_io""]",1,,
soccer|penarol montevideo|torque|2026-06-02,spreads|torque|-1.25|away,spreads,Torque,-1.25,away,1.275,1.275,"[""Bet365""]","[""odds_api_io""]",1,,
soccer|penarol montevideo|torque|2026-06-02,spreads|penarol montevideo|1.50|home,spreads,Penarol Montevideo,1.5,home,1.11,1.11,"[""Bet365""]","[""odds_api_io""]",1,,
soccer|penarol montevideo|torque|2026-06-02,spreads|torque|-1.50|away,spreads,Torque,-1.5,away,1.24,1.24,"[""Bet365""]","[""odds_api_io""]",1,,
soccer|georgia|romania|2026-06-02,h2h|georgia||home,h2h,Georgia,,home,2.28,2.1632,"[""Bet365"", ""Unibet"", ""Betfair Exchange"", ""Sbobet"", ""oddssafari-consensus"", ""1xbet"", ""pinnacle"", ""interwetten"", ""unibet"", ""novibet"", ""bwin"", ""sportingbet"", ""betway"", ""888sport"", ""william-hill"", ""bet365"", ""betsson"", ""marathon"", ""bzzoiro"", ""bzzoiro-consensus""]","[""odds_api_io"", ""bzzoiro""]",20,4.217,
soccer|georgia|romania|2026-06-02,h2h|draw||,h2h,Draw,,,3.6,3.2911,"[""Bet365"", ""Unibet"", ""Betfair Exchange"", ""Sbobet"", ""oddssafari-consensus"", ""1xbet"", ""pinnacle"", ""interwetten"", ""unibet"", ""novibet"", ""bwin"", ""sportingbet"", ""betway"", ""888sport"", ""william-hill"", ""bet365"", ""betsson"", ""marathon"", ""bzzoiro"", ""bzzoiro-consensus""]","[""odds_api_io"", ""bzzoiro""]",20,4.69,
soccer|georgia|romania|2026-06-02,h2h|romania||away,h2h,Romania,,away,3.45,3.2166,"[""Bet365"", ""Unibet"", ""Betfair Exchange"", ""Sbobet"", ""oddssafari-consensus"", ""1xbet"", ""pinnacle"", ""interwetten"", ""unibet"", ""novibet"", ""bwin"", ""sportingbet"", ""betway"", ""888sport"", ""william-hill"", ""bet365"", ""betsson"", ""marathon"", ""bzzoiro"", ""bzzoiro-consensus""]","[""odds_api_io"", ""bzzoiro""]",20,4.348,
soccer|georgia|romania|2026-06-02,dnb|georgia|0.00|home,dnb,Georgia,0.0,home,1.65,1.5838,"[""Bet365"", ""Unibet"", ""Betfair Exchange""]","[""odds_api_io""]",3,4.753,
soccer|georgia|romania|2026-06-02,dnb|romania|0.00|away,dnb,Romania,0.0,away,2.52,2.347,"[""Bet365"", ""Unibet"", ""Betfair Exchange""]","[""odds_api_io""]",3,4.762,
soccer|georgia|romania|2026-06-02,spreads|georgia|-0.25|home,spreads,Georgia,-0.25,home,1.96,1.8877,"[""Bet365"", ""Betfair Exchange"", ""Sbobet""]","[""odds_api_io""]",3,3.624,
soccer|georgia|romania|2026-06-02,spreads|romania|0.25|away,spreads,Romania,0.25,away,2.02,1.9845,"[""Bet365"", ""Betfair Exchange"", ""Sbobet""]","[""odds_api_io""]",3,2.443,
soccer|georgia|romania|2026-06-02,totals|over|2.25|,totals,Over,2.25,,1.85,1.8284,"[""Bet365"", ""Betfair Exchange"", ""Sbobet""]","[""odds_api_io""]",3,1.195,
soccer|georgia|romania|2026-06-02,totals|under|2.25|,totals,Under,2.25,,2.09,2.0246,"[""Bet365"", ""Betfair Exchange"", ""Sbobet""]","[""odds_api_io""]",3,2.786,
soccer|georgia|romania|2026-06-02,totals|over|2.50|,totals,Over,2.5,,2.129,2.0195,"[""Bet365"", ""Unibet"", ""Betfair Exchange"", ""Sbobet"", ""1xbet"", ""bzzoiro-consensus""]","[""odds_api_io"", ""bzzoiro""]",6,5.94,
soccer|georgia|romania|2026-06-02,totals|under|2.50|,totals,Under,2.5,,1.84,1.8046,"[""Bet365"", ""Unibet"", ""Betfair Exchange"", ""Sbobet"", ""1xbet"", ""bzzoiro-consensus""]","[""odds_api_io"", ""bzzoiro""]",6,3.123,
soccer|georgia|romania|2026-06-02,btts|yes||,btts,Yes,,,1.9,1.7989,"[""Bet365"", ""Unibet"", ""Betfair Exchange"", ""oddssafari-consensus"", ""1xbet"", ""pinnacle"", ""interwetten"", ""unibet"", ""novibet"", ""bwin"", ""sportingbet"", ""betway"", ""888sport"", ""william-hill"", ""bet365"", ""betsson"", ""marathon"", ""bzzoiro"", ""bzzoiro-consensus""]","[""odds_api_io"", ""bzzoiro""]",19,6.192,
soccer|georgia|romania|2026-06-02,btts|no||,btts,No,,,2.04,1.9219,"[""Bet365"", ""Unibet"", ""Betfair Exchange"", ""oddssafari-consensus"", ""1xbet"", ""pinnacle"", ""interwetten"", ""unibet"", ""novibet"", ""bwin"", ""sportingbet"", ""betway"", ""888sport"", ""william-hill"", ""bet365"", ""betsson"", ""marathon"", ""bzzoiro"", ""bzzoiro-consensus""]","[""odds_api_io"", ""bzzoiro""]",19,5.536,
soccer|georgia|romania|2026-06-02,spreads|georgia|-1.00|home,spreads,Georgia,-1.0,home,4.7,3.3361,"[""Bet365"", ""Unibet"", ""Betfair Exchange""]","[""odds_api_io""]",5,29.228,
soccer|georgia|romania|2026-06-02,spreads|georgia|-3.00|home,spreads,Georgia,-3.0,home,40.0,9.9581,"[""Bet365"", ""Unibet"", ""Betfair Exchange""]","[""odds_api_io""]",4,29.758,
soccer|georgia|romania|2026-06-02,spreads|georgia|1.00|home,spreads,Georgia,1.0,home,1.4,1.2728,"[""Bet365"", ""Unibet"", ""Betfair Exchange""]","[""odds_api_io""]",5,17.067,
soccer|georgia|romania|2026-06-02,spreads|georgia|2.00|home,spreads,Georgia,2.0,home,1.11,1.0717,"[""Bet365"", ""Betfair Exchange""]","[""odds_api_io""]",3,7.949,
soccer|georgia|romania|2026-06-02,spreads|romania|-2.00|away,spreads,Romania,-2.0,away,29.0,3.3869,"[""Bet365"", ""Betfair Exchange""]","[""odds_api_io""]",3,79.885,
soccer|georgia|romania|2026-06-02,teamTotals|over|0.50|,teamTotals,Over,0.5,,1.4,1.3024,"[""Bet365"", ""Unibet""]","[""odds_api_io""]",4,11.905,
soccer|georgia|romania|2026-06-02,teamTotals|under|0.50|,teamTotals,Under,0.5,,3.9,3.1985,"[""Bet365"", ""Unibet""]","[""odds_api_io""]",4,10.723,
soccer|georgia|romania|2026-06-02,teamTotals|over|2.50|,teamTotals,Over,2.5,,8.0,5.3762,"[""Bet365"", ""Unibet""]","[""odds_api_io""]",3,11.029,
soccer|georgia|romania|2026-06-02,teamTotals|under|2.50|,teamTotals,Under,2.5,,1.17,1.1377,"[""Bet365"", ""Unibet""]","[""odds_api_io""]",3,6.866,
soccer|georgia|romania|2026-06-02,teamTotals|over|4.50|,teamTotals,Over,4.5,,51.0,40.8,"[""Bet365""]","[""odds_api_io""]",2,0.98,
soccer|georgia|romania|2026-06-02,teamTotals|under|4.50|,teamTotals,Under,4.5,,1.005,1.0035,"[""Bet365""]","[""odds_api_io""]",2,0.298,
soccer|georgia|romania|2026-06-02,teamTotals|over|1.50|,teamTotals,Over,1.5,,2.85,2.4197,"[""Bet365"", ""Unibet""]","[""odds_api_io""]",4,14.417,
soccer|georgia|romania|2026-06-02,teamTotals|under|1.50|,teamTotals,Under,1.5,,1.68,1.4915,"[""Bet365"", ""Unibet""]","[""odds_api_io""]",4,14.006,
soccer|georgia|romania|2026-06-02,teamTotals|over|3.50|,teamTotals,Over,3.5,,21.0,17.5,"[""Bet365""]","[""odds_api_io""]",2,1.905,
soccer|georgia|romania|2026-06-02,teamTotals|under|3.50|,teamTotals,Under,3.5,,1.03,1.0224,"[""Bet365""]","[""odds_api_io""]",2,1.435,
soccer|georgia|romania|2026-06-02,spreads|georgia|-1.75|home,spreads,Georgia,-1.75,home,6.41,6.0681,"[""Bet365"", ""Betfair Exchange""]","[""odds_api_io""]",2,1.791,
soccer|georgia|romania|2026-06-02,spreads|romania|1.75|away,spreads,Romania,1.75,away,1.16,1.1501,"[""Bet365"", ""Betfair Exchange""]","[""odds_api_io""]",2,1.512,
soccer|georgia|romania|2026-06-02,spreads|georgia|-1.50|home,spreads,Georgia,-1.5,home,4.73,4.1987,"[""Bet365"", ""Unibet"", ""Betfair Exchange""]","[""odds_api_io""]",3,5.885,
soccer|georgia|romania|2026-06-02,spreads|romania|1.50|away,spreads,Romania,1.5,away,6.8,1.6944,"[""Bet365"", ""Unibet"", ""Betfair Exchange""]","[""odds_api_io""]",3,67.261,
soccer|georgia|romania|2026-06-02,spreads|georgia|1.50|home,spreads,Georgia,1.5,home,1.11,1.0953,"[""Bet365"", ""Unibet"", ""Betfair Exchange""]","[""odds_api_io""]",3,3.368,
soccer|georgia|romania|2026-06-02,spreads|romania|-1.50|away,spreads,Romania,-1.5,away,9.4,2.7603,"[""Bet365"", ""Unibet"", ""Betfair Exchange""]","[""odds_api_io""]",3,72.006,
soccer|georgia|romania|2026-06-02,spreads|georgia|-1.25|home,spreads,Georgia,-1.25,home,4.19,3.989,"[""Bet365"", ""Betfair Exchange""]","[""odds_api_io""]",2,2.449,
soccer|georgia|romania|2026-06-02,spreads|romania|1.25|away,spreads,Romania,1.25,away,6.4,2.1078,"[""Bet365"", ""Betfair Exchange""]","[""odds_api_io""]",2,62.5,
soccer|georgia|romania|2026-06-02,spreads|romania|1.00|away,spreads,Romania,1.0,away,5.9,1.9561,"[""Bet365"", ""Unibet"", ""Betfair Exchange""]","[""odds_api_io""]",4,57.678,
soccer|georgia|romania|2026-06-02,spreads|georgia|-0.75|home,spreads,Georgia,-0.75,home,2.72,2.6074,"[""Bet365"", ""Betfair Exchange""]","[""odds_api_io""]",2,3.235,
soccer|georgia|romania|2026-06-02,spreads|romania|0.75|away,spreads,Romania,0.75,away,3.8,2.1852,"[""Bet365"", ""Betfair Exchange""]","[""odds_api_io""]",2,38.2,
soccer|georgia|romania|2026-06-02,spreads|georgia|-0.50|home,spreads,Georgia,-0.5,home,2.28,2.1278,"[""Bet365"", ""Unibet"", ""Betfair Exchange"", ""Sbobet""]","[""odds_api_io""]",4,6.645,
soccer|georgia|romania|2026-06-02,spreads|romania|0.50|away,spreads,Romania,0.5,away,3.1,1.9554,"[""Bet365"", ""Unibet"", ""Betfair Exchange"", ""Sbobet""]","[""odds_api_io""]",4,26.221,
soccer|georgia|romania|2026-06-02,spreads|georgia|0.00|home,spreads,Georgia,0.0,home,1.65,1.6167,"[""Bet365"", ""Betfair Exchange"", ""Sbobet""]","[""odds_api_io""]",3,1.894,
soccer|georgia|romania|2026-06-02,spreads|romania|-0.00|away,spreads,Romania,-0.0,away,2.52,2.3742,"[""Bet365"", ""Betfair Exchange"", ""Sbobet""]","[""odds_api_io""]",3,3.796,
soccer|georgia|romania|2026-06-02,spreads|georgia|0.25|home,spreads,Georgia,0.25,home,1.49,1.4701,"[""Bet365"", ""Betfair Exchange""]","[""odds_api_io""]",2,1.851,
soccer|georgia|romania|2026-06-02,spreads|romania|-0.25|away,spreads,Romania,-0.25,away,2.99,2.8266,"[""Bet365"", ""Betfair Exchange""]","[""odds_api_io""]",2,3.938,
soccer|georgia|romania|2026-06-02,spreads|georgia|0.50|home,spreads,Georgia,0.5,home,1.4,1.3467,"[""Bet365"", ""Unibet"", ""Betfair Exchange""]","[""odds_api_io""]",3,6.091,
soccer|georgia|romania|2026-06-02,spreads|romania|-0.50|away,spreads,Romania,-0.5,away,3.47,2.505,"[""Bet365"", ""Unibet"", ""Betfair Exchange""]","[""odds_api_io""]",3,30.883,
soccer|georgia|romania|2026-06-02,spreads|georgia|0.75|home,spreads,Georgia,0.75,home,1.27,1.2601,"[""Bet365"", ""Betfair Exchange""]","[""odds_api_io""]",2,1.26,
soccer|georgia|romania|2026-06-02,spreads|romania|-0.75|away,spreads,Romania,-0.75,away,4.6,2.2834,"[""Bet365"", ""Betfair Exchange""]","[""odds_api_io""]",2,44.928,
soccer|georgia|romania|2026-06-02,spreads|romania|-1.00|away,spreads,Romania,-1.0,away,9.4,2.9725,"[""Bet365"", ""Unibet"", ""Betfair Exchange""]","[""odds_api_io""]",4,66.285,
soccer|georgia|romania|2026-06-02,spreads|georgia|1.25|home,spreads,Georgia,1.25,home,1.12,1.1175,"[""Bet365"", ""Betfair Exchange""]","[""odds_api_io""]",2,0.4,
soccer|georgia|romania|2026-06-02,spreads|romania|-1.25|away,spreads,Romania,-1.25,away,8.54,2.2107,"[""Bet365"", ""Betfair Exchange""]","[""odds_api_io""]",2,68.29,
soccer|georgia|romania|2026-06-02,doubleChance|1x||,doubleChance,1X,,,1.4,1.2795,"[""Unibet"", ""Betfair Exchange""]","[""odds_api_io""]",2,14.042,
soccer|georgia|romania|2026-06-02,doubleChance|12||,doubleChance,12,,,1.5,1.4293,"[""Unibet"", ""Betfair Exchange""]","[""odds_api_io""]",2,6.326,
soccer|georgia|romania|2026-06-02,doubleChance|x2||,doubleChance,X2,,,1.77,1.5528,"[""Unibet"", ""Betfair Exchange""]","[""odds_api_io""]",2,16.496,
soccer|georgia|romania|2026-06-02,totals|over|3.50|,totals,Over,3.5,,4.03,3.612,"[""Unibet"", ""Betfair Exchange"", ""novibet"", ""bzzoiro-consensus""]","[""odds_api_io"", ""bzzoiro""]",4,6.436,
soccer|georgia|romania|2026-06-02,totals|under|3.50|,totals,Under,3.5,,1.32,1.2907,"[""Unibet"", ""Betfair Exchange"", ""bzzoiro-consensus""]","[""odds_api_io"", ""bzzoiro""]",3,3.608,
soccer|georgia|romania|2026-06-02,totals|over|1.50|,totals,Over,1.5,,1.38,1.3234,"[""Unibet"", ""Betfair Exchange"", ""bzzoiro-consensus""]","[""odds_api_io"", ""bzzoiro""]",3,6.276,
soccer|georgia|romania|2026-06-02,totals|under|1.50|,totals,Under,1.5,,3.5,3.3066,"[""Unibet"", ""Betfair Exchange"", ""bet365"", ""bzzoiro-consensus""]","[""odds_api_io"", ""bzzoiro""]",4,3.377,
soccer|georgia|romania|2026-06-02,totals|over|4.50|,totals,Over,4.5,,8.8,7.1921,"[""Unibet"", ""Betfair Exchange""]","[""odds_api_io""]",2,5.303,
soccer|georgia|romania|2026-06-02,totals|under|4.50|,totals,Under,4.5,,1.11,1.1003,"[""Unibet"", ""Betfair Exchange""]","[""odds_api_io""]",2,1.653,
soccer|georgia|romania|2026-06-02,spreads|romania|3.00|away,spreads,Romania,3.0,away,1.32,1.1138,"[""Unibet"", ""Betfair Exchange""]","[""odds_api_io""]",3,23.252,
soccer|georgia|romania|2026-06-02,spreads|georgia|-2.00|home,spreads,Georgia,-2.0,home,12.5,5.3324,"[""Unibet"", ""Betfair Exchange""]","[""odds_api_io""]",3,32.816,
soccer|georgia|romania|2026-06-02,spreads|romania|2.00|away,spreads,Romania,2.0,away,1.5,1.2448,"[""Unibet"", ""Betfair Exchange""]","[""odds_api_io""]",3,25.926,
soccer|georgia|romania|2026-06-02,spreads|georgia|1.75|home,spreads,Georgia,1.75,home,1.07,1.07,"[""Betfair Exchange""]","[""odds_api_io""]",1,,
soccer|georgia|romania|2026-06-02,spreads|romania|-1.75|away,spreads,Romania,-1.75,away,13.68,13.68,"[""Betfair Exchange""]","[""odds_api_io""]",1,,
soccer|georgia|romania|2026-06-02,spreads|georgia|-2.25|home,spreads,Georgia,-2.25,home,11.67,11.67,"[""Betfair Exchange""]","[""odds_api_io""]",1,,
soccer|georgia|romania|2026-06-02,spreads|romania|2.25|away,spreads,Romania,2.25,away,1.07,1.07,"[""Betfair Exchange""]","[""odds_api_io""]",1,,
soccer|georgia|romania|2026-06-02,spreads|georgia|-2.75|home,spreads,Georgia,-2.75,home,18.52,18.52,"[""Betfair Exchange""]","[""odds_api_io""]",1,,
soccer|georgia|romania|2026-06-02,spreads|romania|2.75|away,spreads,Romania,2.75,away,1.04,1.04,"[""Betfair Exchange""]","[""odds_api_io""]",1,,
soccer|georgia|romania|2026-06-02,spreads|georgia|-2.50|home,spreads,Georgia,-2.5,home,12.5,12.5,"[""Betfair Exchange""]","[""odds_api_io""]",1,,
soccer|georgia|romania|2026-06-02,spreads|romania|2.50|away,spreads,Romania,2.5,away,1.07,1.07,"[""Betfair Exchange""]","[""odds_api_io""]",1,,
soccer|georgia|romania|2026-06-02,spreads|georgia|2.25|home,spreads,Georgia,2.25,home,1.02,1.02,"[""Betfair Exchange""]","[""odds_api_io""]",1,,
soccer|georgia|romania|2026-06-02,spreads|romania|-2.25|away,spreads,Romania,-2.25,away,27.95,27.95,"[""Betfair Exchange""]","[""odds_api_io""]",1,,
soccer|georgia|romania|2026-06-02,spreads|georgia|2.50|home,spreads,Georgia,2.5,home,1.02,1.02,"[""Betfair Exchange""]","[""odds_api_io""]",1,,
soccer|georgia|romania|2026-06-02,spreads|romania|-2.50|away,spreads,Romania,-2.5,away,29.0,29.0,"[""Betfair Exchange""]","[""odds_api_io""]",1,,
soccer|georgia|romania|2026-06-02,spreads|georgia|-3.50|home,spreads,Georgia,-3.5,home,40.0,40.0,"[""Betfair Exchange""]","[""odds_api_io""]",1,,
soccer|georgia|romania|2026-06-02,spreads|romania|3.50|away,spreads,Romania,3.5,away,1.01,1.01,"[""Betfair Exchange""]","[""odds_api_io""]",1,,
soccer|georgia|romania|2026-06-02,spreads|georgia|2.75|home,spreads,Georgia,2.75,home,1.01,1.01,"[""Betfair Exchange""]","[""odds_api_io""]",1,,
soccer|georgia|romania|2026-06-02,spreads|romania|-2.75|away,spreads,Romania,-2.75,away,45.31,45.31,"[""Betfair Exchange""]","[""odds_api_io""]",1,,
soccer|georgia|romania|2026-06-02,spreads|georgia|-3.25|home,spreads,Georgia,-3.25,home,38.91,38.91,"[""Betfair Exchange""]","[""odds_api_io""]",1,,
soccer|georgia|romania|2026-06-02,spreads|romania|3.25|away,spreads,Romania,3.25,away,1.01,1.01,"[""Betfair Exchange""]","[""odds_api_io""]",1,,
soccer|georgia|romania|2026-06-02,totals|over|1.25|,totals,Over,1.25,,1.24,1.24,"[""Betfair Exchange""]","[""odds_api_io""]",1,,
soccer|georgia|romania|2026-06-02,totals|under|1.25|,totals,Under,1.25,,4.77,4.77,"[""Betfair Exchange""]","[""odds_api_io""]",1,,
soccer|georgia|romania|2026-06-02,totals|over|4.00|,totals,Over,4.0,,7.61,7.61,"[""Betfair Exchange""]","[""odds_api_io""]",1,,
soccer|georgia|romania|2026-06-02,totals|under|4.00|,totals,Under,4.0,,1.13,1.13,"[""Betfair Exchange""]","[""odds_api_io""]",1,,
soccer|georgia|romania|2026-06-02,totals|over|3.25|,totals,Over,3.25,,3.58,3.58,"[""Betfair Exchange""]","[""odds_api_io""]",1,,
soccer|georgia|romania|2026-06-02,totals|under|3.25|,totals,Under,3.25,,1.36,1.36,"[""Betfair Exchange""]","[""odds_api_io""]",1,,
soccer|georgia|romania|2026-06-02,totals|over|2.75|,totals,Over,2.75,,2.47,2.3729,"[""Betfair Exchange"", ""Sbobet""]","[""odds_api_io""]",2,3.374,
soccer|georgia|romania|2026-06-02,totals|under|2.75|,totals,Under,2.75,,1.6,1.6,"[""Betfair Exchange"", ""Sbobet""]","[""odds_api_io""]",2,,
soccer|georgia|romania|2026-06-02,totals|over|2.00|,totals,Over,2.0,,1.58,1.58,"[""Betfair Exchange""]","[""odds_api_io""]",1,,
soccer|georgia|romania|2026-06-02,totals|under|2.00|,totals,Under,2.0,,2.53,2.53,"[""Betfair Exchange""]","[""odds_api_io""]",1,,
soccer|georgia|romania|2026-06-02,totals|over|1.75|,totals,Over,1.75,,1.46,1.46,"[""Betfair Exchange""]","[""odds_api_io""]",1,,
soccer|georgia|romania|2026-06-02,totals|under|1.75|,totals,Under,1.75,,2.9,2.9,"[""Betfair Exchange""]","[""odds_api_io""]",1,,
soccer|georgia|romania|2026-06-02,totals|over|3.00|,totals,Over,3.0,,3.13,3.13,"[""Betfair Exchange""]","[""odds_api_io""]",1,,
soccer|georgia|romania|2026-06-02,totals|under|3.00|,totals,Under,3.0,,1.43,1.43,"[""Betfair Exchange""]","[""odds_api_io""]",1,,
soccer|georgia|romania|2026-06-02,totals|over|0.75|,totals,Over,0.75,,1.09,1.09,"[""Betfair Exchange""]","[""odds_api_io""]",1,,
soccer|georgia|romania|2026-06-02,totals|under|0.75|,totals,Under,0.75,,9.65,9.65,"[""Betfair Exchange""]","[""odds_api_io""]",1,,
soccer|georgia|romania|2026-06-02,totals|over|1.00|,totals,Over,1.0,,1.1,1.1,"[""Betfair Exchange""]","[""odds_api_io""]",1,,
soccer|georgia|romania|2026-06-02,totals|under|1.00|,totals,Under,1.0,,8.69,8.69,"[""Betfair Exchange""]","[""odds_api_io""]",1,,
soccer|georgia|romania|2026-06-02,totals|over|6.00|,totals,Over,6.0,,53.5,53.5,"[""Betfair Exchange""]","[""odds_api_io""]",1,,
soccer|georgia|romania|2026-06-02,totals|under|6.00|,totals,Under,6.0,,1.01,1.01,"[""Betfair Exchange""]","[""odds_api_io""]",1,,
soccer|georgia|romania|2026-06-02,totals|over|6.25|,totals,Over,6.25,,54.24,54.24,"[""Betfair Exchange""]","[""odds_api_io""]",1,,
soccer|georgia|romania|2026-06-02,totals|under|6.25|,totals,Under,6.25,,1.01,1.01,"[""Betfair Exchange""]","[""odds_api_io""]",1,,
soccer|georgia|romania|2026-06-02,totals|over|5.25|,totals,Over,5.25,,21.25,21.25,"[""Betfair Exchange""]","[""odds_api_io""]",1,,
soccer|georgia|romania|2026-06-02,totals|under|5.25|,totals,Under,5.25,,1.03,1.03,"[""Betfair Exchange""]","[""odds_api_io""]",1,,
soccer|georgia|romania|2026-06-02,totals|over|6.50|,totals,Over,6.5,,55.0,55.0,"[""Betfair Exchange""]","[""odds_api_io""]",1,,
soccer|georgia|romania|2026-06-02,totals|under|6.50|,totals,Under,6.5,,1.01,1.01,"[""Betfair Exchange""]","[""odds_api_io""]",1,,
soccer|georgia|romania|2026-06-02,totals|over|3.75|,totals,Over,3.75,,5.15,5.15,"[""Betfair Exchange""]","[""odds_api_io""]",1,,
soccer|georgia|romania|2026-06-02,totals|under|3.75|,totals,Under,3.75,,1.21,1.21,"[""Betfair Exchange""]","[""odds_api_io""]",1,,
soccer|georgia|romania|2026-06-02,totals|over|4.25|,totals,Over,4.25,,8.2,8.2,"[""Betfair Exchange""]","[""odds_api_io""]",1,,
soccer|georgia|romania|2026-06-02,totals|under|4.25|,totals,Under,4.25,,1.12,1.12,"[""Betfair Exchange""]","[""odds_api_io""]",1,,
soccer|georgia|romania|2026-06-02,totals|over|4.75|,totals,Over,4.75,,12.14,12.14,"[""Betfair Exchange""]","[""odds_api_io""]",1,,
soccer|georgia|romania|2026-06-02,totals|under|4.75|,totals,Under,4.75,,1.07,1.07,"[""Betfair Exchange""]","[""odds_api_io""]",1,,
soccer|georgia|romania|2026-06-02,totals|over|5.00|,totals,Over,5.0,,20.5,20.5,"[""Betfair Exchange""]","[""odds_api_io""]",1,,
soccer|georgia|romania|2026-06-02,totals|under|5.00|,totals,Under,5.0,,1.03,1.03,"[""Betfair Exchange""]","[""odds_api_io""]",1,,
soccer|georgia|romania|2026-06-02,totals|over|5.50|,totals,Over,5.5,,22.0,22.0,"[""Betfair Exchange""]","[""odds_api_io""]",1,,
soccer|georgia|romania|2026-06-02,totals|under|5.50|,totals,Under,5.5,,1.03,1.03,"[""Betfair Exchange""]","[""odds_api_io""]",1,,
soccer|georgia|romania|2026-06-02,totals|over|0.50|,totals,Over,0.5,,1.08,1.08,"[""Betfair Exchange""]","[""odds_api_io""]",1,,
soccer|georgia|romania|2026-06-02,totals|under|0.50|,totals,Under,0.5,,12.0,12.0,"[""Betfair Exchange""]","[""odds_api_io""]",1,,
soccer|georgia|romania|2026-06-02,spreads|georgia|3.00|home,spreads,Georgia,3.0,home,1.02,1.02,"[""Betfair Exchange""]","[""odds_api_io""]",1,,
soccer|georgia|romania|2026-06-02,spreads|romania|-3.00|away,spreads,Romania,-3.0,away,110.0,110.0,"[""Betfair Exchange""]","[""odds_api_io""]",1,,
soccer|georgia|romania|2026-06-02,totals|over|25.00|,totals,Over,25.0,,2.129,2.072,"[""1xbet"", ""over@2.5""]","[""bzzoiro""]",2,2.535,
soccer|georgia|romania|2026-06-02,totals|under|25.00|,totals,Under,25.0,,1.816,1.7764,"[""1xbet"", ""under@2.5""]","[""bzzoiro""]",2,2.405,
soccer|georgia|romania|2026-06-02,totals|under|15.00|,totals,Under,15.0,,3.25,3.1962,"[""bet365"", ""under@1.5""]","[""bzzoiro""]",2,1.078,
soccer|georgia|romania|2026-06-02,totals|over|35.00|,totals,Over,35.0,,3.75,3.6367,"[""novibet"", ""over@3.5""]","[""bzzoiro""]",2,1.662,
soccer|georgia|romania|2026-06-02,totals|over|15.00|,totals,Over,15.0,,1.32,1.32,"[""over@1.5""]","[""bzzoiro""]",1,,
soccer|georgia|romania|2026-06-02,totals|under|35.00|,totals,Under,35.0,,1.26,1.26,"[""under@3.5""]","[""bzzoiro""]",1,,
soccer|georgia|romania|2026-06-02,totals|over||,totals,Over,,,15.75,2.2242,"[""over@0.5"", ""over@1.5"", ""over@4.5"", ""over@5.5"", ""over@6.5"", ""over@7.5"", ""over@8.5"", ""over@9.0"", ""over@9.5"", ""over@10.0"", ""over@10.5"", ""over@11.5"", ""over@12.5"", ""over@13.5"", ""over@14.5"", ""over@15.5"", ""over@8.0"", ""over@3.5""]","[""bzzoiro""]",18,93.551,
soccer|georgia|romania|2026-06-02,totals|under||,totals,Under,,,14.0,1.6029,"[""under@0.5"", ""under@1.5"", ""under@4.5"", ""under@5.5"", ""under@6.5"", ""under@7.5"", ""under@8.5"", ""under@9.0"", ""under@9.5"", ""under@10.0"", ""under@10.5"", ""under@11.5"", ""under@12.5"", ""under@13.5"", ""under@14.5"", ""under@8.0"", ""under@3.5"", ""under@15.5""]","[""bzzoiro""]",18,92.757,
soccer|madagascar|morocco|2026-06-02,h2h|morocco||home,h2h,Morocco,,home,1.13,1.1043,"[""Bet365"", ""Unibet"", ""Betfair Exchange"", ""Sbobet"", ""oddssafari-consensus"", ""1xbet"", ""betano"", ""pinnacle"", ""interwetten"", ""unibet"", ""novibet"", ""bwin"", ""sportingbet"", ""betway"", ""888sport"", ""william-hill"", ""bet365"", ""betsson"", ""marathon"", ""bzzoiro"", ""bzzoiro-consensus""]","[""odds_api_io"", ""bzzoiro""]",21,3.585,
soccer|madagascar|morocco|2026-06-02,h2h|draw||,h2h,Draw,,,13.5,8.8965,"[""Bet365"", ""Unibet"", ""Betfair Exchange"", ""Sbobet"", ""oddssafari-consensus"", ""1xbet"", ""betano"", ""pinnacle"", ""interwetten"", ""unibet"", ""novibet"", ""bwin"", ""sportingbet"", ""betway"", ""888sport"", ""william-hill"", ""bet365"", ""betsson"", ""marathon"", ""bzzoiro"", ""bzzoiro-consensus""]","[""odds_api_io"", ""bzzoiro""]",21,6.878,
soccer|madagascar|morocco|2026-06-02,h2h|madagascar||away,h2h,Madagascar,,away,30.0,21.1746,"[""Bet365"", ""Unibet"", ""Betfair Exchange"", ""Sbobet"", ""oddssafari-consensus"", ""1xbet"", ""betano"", ""pinnacle"", ""interwetten"", ""unibet"", ""novibet"", ""bwin"", ""sportingbet"", ""betway"", ""888sport"", ""william-hill"", ""bet365"", ""betsson"", ""marathon"", ""bzzoiro"", ""bzzoiro-consensus""]","[""odds_api_io"", ""bzzoiro""]",21,4.359,
soccer|madagascar|morocco|2026-06-02,dnb|morocco|0.00|home,dnb,Morocco,0.0,home,1.03,1.0251,"[""Bet365"", ""Betfair Exchange""]","[""odds_api_io""]",2,0.952,
soccer|madagascar|morocco|2026-06-02,dnb|madagascar|0.00|away,dnb,Madagascar,0.0,away,26.0,22.0178,"[""Bet365"", ""Betfair Exchange""]","[""odds_api_io""]",2,1.417,
soccer|madagascar|morocco|2026-06-02,spreads|morocco|-2.50|home,spreads,Morocco,-2.5,home,2.08,2.0086,"[""Bet365"", ""Unibet"", ""Betfair Exchange"", ""Sbobet""]","[""odds_api_io""]",4,2.556,
soccer|madagascar|morocco|2026-06-02,spreads|madagascar|2.50|away,spreads,Madagascar,2.5,away,1.89,1.8206,"[""Bet365"", ""Unibet"", ""Betfair Exchange"", ""Sbobet""]","[""odds_api_io""]",4,5.569,
soccer|madagascar|morocco|2026-06-02,totals|over|3.25|,totals,Over,3.25,,1.93,1.8558,"[""Bet365"", ""Betfair Exchange"", ""Sbobet""]","[""odds_api_io""]",3,4.052,
soccer|madagascar|morocco|2026-06-02,totals|under|3.25|,totals,Under,3.25,,2.03,1.9929,"[""Bet365"", ""Betfair Exchange"", ""Sbobet""]","[""odds_api_io""]",3,2.021,
soccer|madagascar|morocco|2026-06-02,totals|over|2.50|,totals,Over,2.5,,1.5,1.4532,"[""Bet365"", ""Unibet"", ""Betfair Exchange"", ""bzzoiro-consensus""]","[""odds_api_io"", ""bzzoiro""]",4,4.762,
soccer|madagascar|morocco|2026-06-02,totals|under|2.50|,totals,Under,2.5,,3.05,2.7325,"[""Bet365"", ""Unibet"", ""Betfair Exchange"", ""bet365"", ""bzzoiro-consensus""]","[""odds_api_io"", ""bzzoiro""]",5,9.23,
soccer|madagascar|morocco|2026-06-02,btts|yes||,btts,Yes,,,2.95,2.5741,"[""Bet365"", ""Unibet"", ""Betfair Exchange"", ""oddssafari-consensus"", ""1xbet"", ""betano"", ""pinnacle"", ""interwetten"", ""unibet"", ""novibet"", ""bwin"", ""sportingbet"", ""betway"", ""888sport"", ""william-hill"", ""bet365"", ""betsson"", ""marathon"", ""bzzoiro"", ""bzzoiro-consensus""]","[""odds_api_io"", ""bzzoiro""]",20,7.768,
soccer|madagascar|morocco|2026-06-02,btts|no||,btts,No,,,1.53,1.4556,"[""Bet365"", ""Unibet"", ""Betfair Exchange"", ""oddssafari-consensus"", ""1xbet"", ""betano"", ""pinnacle"", ""interwetten"", ""unibet"", ""novibet"", ""bwin"", ""sportingbet"", ""betway"", ""888sport"", ""william-hill"", ""bet365"", ""betsson"", ""marathon"", ""bzzoiro"", ""bzzoiro-consensus""]","[""odds_api_io"", ""bzzoiro""]",20,9.267,
soccer|madagascar|morocco|2026-06-02,spreads|morocco|-2.00|home,spreads,Morocco,-2.0,home,2.08,1.8148,"[""Bet365"", ""Unibet"", ""Betfair Exchange""]","[""odds_api_io""]",5,16.439,
soccer|madagascar|morocco|2026-06-02,spreads|madagascar|-2.00|away,spreads,Madagascar,-2.0,away,2.875,2.875,"[""Bet365""]","[""odds_api_io""]",1,,
soccer|madagascar|morocco|2026-06-02,spreads|morocco|-4.00|home,spreads,Morocco,-4.0,home,6.25,5.5902,"[""Bet365"", ""Unibet"", ""Betfair Exchange""]","[""odds_api_io""]",4,3.685,
soccer|madagascar|morocco|2026-06-02,spreads|morocco|-3.00|home,spreads,Morocco,-3.0,home,3.55,2.5673,"[""Bet365"", ""Unibet"", ""Betfair Exchange""]","[""odds_api_io""]",5,35.934,
soccer|madagascar|morocco|2026-06-02,spreads|morocco|-4.50|home,spreads,Morocco,-4.5,home,5.9,5.8258,"[""Bet365"", ""Unibet""]","[""odds_api_io""]",2,0.442,
soccer|madagascar|morocco|2026-06-02,spreads|madagascar|4.50|away,spreads,Madagascar,4.5,away,1.13,1.1152,"[""Bet365"", ""Unibet""]","[""odds_api_io""]",2,2.414,
soccer|madagascar|morocco|2026-06-02,spreads|madagascar|4.00|away,spreads,Madagascar,4.0,away,1.26,1.179,"[""Bet365"", ""Unibet"", ""Betfair Exchange""]","[""odds_api_io""]",3,9.13,
soccer|madagascar|morocco|2026-06-02,spreads|morocco|-1.75|home,spreads,Morocco,-1.75,home,1.49,1.4701,"[""Bet365"", ""Betfair Exchange""]","[""odds_api_io""]",2,1.851,
soccer|madagascar|morocco|2026-06-02,spreads|madagascar|1.75|away,spreads,Madagascar,1.75,away,2.89,2.7803,"[""Bet365"", ""Betfair Exchange""]","[""odds_api_io""]",2,2.781,
soccer|madagascar|morocco|2026-06-02,spreads|morocco|-1.50|home,spreads,Morocco,-1.5,home,1.41,1.3787,"[""Bet365"", ""Unibet"", ""Betfair Exchange""]","[""odds_api_io""]",3,3.152,
soccer|madagascar|morocco|2026-06-02,spreads|madagascar|1.50|away,spreads,Madagascar,1.5,away,3.25,3.03,"[""Bet365"", ""Unibet"", ""Betfair Exchange""]","[""odds_api_io""]",3,4.318,
soccer|madagascar|morocco|2026-06-02,spreads|morocco|-4.25|home,spreads,Morocco,-4.25,home,5.5,5.5,"[""Bet365""]","[""odds_api_io""]",1,,
soccer|madagascar|morocco|2026-06-02,spreads|madagascar|4.25|away,spreads,Madagascar,4.25,away,1.15,1.15,"[""Bet365""]","[""odds_api_io""]",1,,
soccer|madagascar|morocco|2026-06-02,spreads|morocco|-3.75|home,spreads,Morocco,-3.75,home,4.76,4.2348,"[""Bet365"", ""Betfair Exchange""]","[""odds_api_io""]",2,5.307,
soccer|madagascar|morocco|2026-06-02,spreads|madagascar|3.75|away,spreads,Madagascar,3.75,away,1.25,1.25,"[""Bet365"", ""Betfair Exchange""]","[""odds_api_io""]",2,,
soccer|madagascar|morocco|2026-06-02,spreads|morocco|-3.50|home,spreads,Morocco,-3.5,home,3.58,3.3184,"[""Bet365"", ""Unibet"", ""Betfair Exchange""]","[""odds_api_io""]",3,4.325,
soccer|madagascar|morocco|2026-06-02,spreads|madagascar|3.50|away,spreads,Madagascar,3.5,away,1.36,1.3267,"[""Bet365"", ""Unibet"", ""Betfair Exchange""]","[""odds_api_io""]",3,5.211,
soccer|madagascar|morocco|2026-06-02,spreads|morocco|-3.25|home,spreads,Morocco,-3.25,home,3.22,3.0271,"[""Bet365"", ""Betfair Exchange""]","[""odds_api_io""]",2,4.032,
soccer|madagascar|morocco|2026-06-02,spreads|madagascar|3.25|away,spreads,Madagascar,3.25,away,1.42,1.4101,"[""Bet365"", ""Betfair Exchange""]","[""odds_api_io""]",2,1.006,
soccer|madagascar|morocco|2026-06-02,spreads|madagascar|3.00|away,spreads,Madagascar,3.0,away,2.38,1.7371,"[""Bet365"", ""Unibet"", ""Betfair Exchange""]","[""odds_api_io""]",4,25.78,
soccer|madagascar|morocco|2026-06-02,spreads|morocco|-2.75|home,spreads,Morocco,-2.75,home,2.37,2.2834,"[""Bet365"", ""Betfair Exchange""]","[""odds_api_io""]",2,3.26,
soccer|madagascar|morocco|2026-06-02,spreads|madagascar|2.75|away,spreads,Madagascar,2.75,away,1.69,1.6701,"[""Bet365"", ""Betfair Exchange""]","[""odds_api_io""]",2,1.434,
soccer|madagascar|morocco|2026-06-02,spreads|morocco|-2.25|home,spreads,Morocco,-2.25,home,1.86,1.8127,"[""Bet365"", ""Betfair Exchange"", ""Sbobet""]","[""odds_api_io""]",3,3.379,
soccer|madagascar|morocco|2026-06-02,spreads|madagascar|2.25|away,spreads,Madagascar,2.25,away,2.12,2.0597,"[""Bet365"", ""Betfair Exchange"", ""Sbobet""]","[""odds_api_io""]",3,2.581,
soccer|madagascar|morocco|2026-06-02,spreads|madagascar|2.00|away,spreads,Madagascar,2.0,away,3.25,2.7338,"[""Bet365"", ""Unibet"", ""Betfair Exchange""]","[""odds_api_io""]",4,11.336,
soccer|madagascar|morocco|2026-06-02,spreads|morocco|-1.25|home,spreads,Morocco,-1.25,home,1.28,1.2651,"[""Bet365"", ""Betfair Exchange""]","[""odds_api_io""]",2,1.875,
soccer|madagascar|morocco|2026-06-02,spreads|madagascar|1.25|away,spreads,Madagascar,1.25,away,4.25,4.0165,"[""Bet365"", ""Betfair Exchange""]","[""odds_api_io""]",2,2.786,
soccer|madagascar|morocco|2026-06-02,spreads|morocco|-1.00|home,spreads,Morocco,-1.0,home,1.41,1.2264,"[""Bet365"", ""Betfair Exchange""]","[""odds_api_io""]",3,16.797,
soccer|madagascar|morocco|2026-06-02,spreads|madagascar|1.00|away,spreads,Madagascar,1.0,away,8.4,6.8569,"[""Bet365"", ""Betfair Exchange""]","[""odds_api_io""]",3,5.487,
soccer|madagascar|morocco|2026-06-02,spreads|morocco|-0.75|home,spreads,Morocco,-0.75,home,1.14,1.1326,"[""Bet365"", ""Betfair Exchange""]","[""odds_api_io""]",2,1.17,
soccer|madagascar|morocco|2026-06-02,spreads|madagascar|0.75|away,spreads,Madagascar,0.75,away,7.68,6.7519,"[""Bet365"", ""Betfair Exchange""]","[""odds_api_io""]",2,3.646,
soccer|madagascar|morocco|2026-06-02,spreads|morocco|-0.50|home,spreads,Morocco,-0.5,home,1.13,1.1103,"[""Bet365"", ""Unibet"", ""Betfair Exchange""]","[""odds_api_io""]",3,3.248,
soccer|madagascar|morocco|2026-06-02,spreads|madagascar|0.50|away,spreads,Madagascar,0.5,away,8.48,6.9109,"[""Bet365"", ""Unibet"", ""Betfair Exchange""]","[""odds_api_io""]",3,4.874,
soccer|madagascar|morocco|2026-06-02,teamTotals|over|1.50|,teamTotals,Over,1.5,,10.0,1.7092,"[""Bet365"", ""Unibet""]","[""odds_api_io""]",3,73.333,
soccer|madagascar|morocco|2026-06-02,teamTotals|under|1.50|,teamTotals,Under,1.5,,4.333,2.0891,"[""Bet365"", ""Unibet""]","[""odds_api_io""]",3,71.083,
soccer|madagascar|morocco|2026-06-02,teamTotals|over|0.50|,teamTotals,Over,0.5,,2.8,1.7258,"[""Bet365"", ""Unibet""]","[""odds_api_io""]",3,61.373,
soccer|madagascar|morocco|2026-06-02,teamTotals|under|0.50|,teamTotals,Under,0.5,,15.0,2.0663,"[""Bet365"", ""Unibet""]","[""odds_api_io""]",3,66.326,
soccer|madagascar|morocco|2026-06-02,teamTotals|over|2.50|,teamTotals,Over,2.5,,41.0,2.4773,"[""Bet365"", ""Unibet""]","[""odds_api_io""]",3,57.585,
soccer|madagascar|morocco|2026-06-02,teamTotals|under|2.50|,teamTotals,Under,2.5,,2.1,1.5191,"[""Bet365"", ""Unibet""]","[""odds_api_io""]",3,51.983,
soccer|madagascar|morocco|2026-06-02,teamTotals|over|3.50|,teamTotals,Over,3.5,,2.8,2.7076,"[""Bet365"", ""Unibet""]","[""odds_api_io""]",2,2.381,
soccer|madagascar|morocco|2026-06-02,teamTotals|under|3.50|,teamTotals,Under,3.5,,1.444,1.4069,"[""Bet365"", ""Unibet""]","[""odds_api_io""]",2,3.741,
soccer|madagascar|morocco|2026-06-02,teamTotals|over|4.50|,teamTotals,Over,4.5,,5.0,5.0,"[""Bet365"", ""Unibet""]","[""odds_api_io""]",2,,
soccer|madagascar|morocco|2026-06-02,teamTotals|under|4.50|,teamTotals,Under,4.5,,1.166,1.1481,"[""Bet365"", ""Unibet""]","[""odds_api_io""]",2,2.732,
soccer|madagascar|morocco|2026-06-02,teamTotals|over|5.50|,teamTotals,Over,5.5,,10.0,10.0,"[""Bet365""]","[""odds_api_io""]",1,,
soccer|madagascar|morocco|2026-06-02,teamTotals|under|5.50|,teamTotals,Under,5.5,,1.062,1.062,"[""Bet365""]","[""odds_api_io""]",1,,
soccer|madagascar|morocco|2026-06-02,teamTotals|over|6.50|,teamTotals,Over,6.5,,21.0,21.0,"[""Bet365""]","[""odds_api_io""]",1,,
soccer|madagascar|morocco|2026-06-02,teamTotals|under|6.50|,teamTotals,Under,6.5,,1.015,1.015,"[""Bet365""]","[""odds_api_io""]",1,,
soccer|madagascar|morocco|2026-06-02,teamTotals|over|7.50|,teamTotals,Over,7.5,,41.0,41.0,"[""Bet365""]","[""odds_api_io""]",1,,
soccer|madagascar|morocco|2026-06-02,teamTotals|under|7.50|,teamTotals,Under,7.5,,1.004,1.004,"[""Bet365""]","[""odds_api_io""]",1,,
soccer|madagascar|morocco|2026-06-02,doubleChance|12||,doubleChance,12,,,1.08,1.0605,"[""Unibet"", ""Betfair Exchange""]","[""odds_api_io""]",2,3.561,
soccer|madagascar|morocco|2026-06-02,doubleChance|x2||,doubleChance,X2,,,8.4,7.2115,"[""Unibet"", ""Betfair Exchange""]","[""odds_api_io""]",2,4.095,
soccer|madagascar|morocco|2026-06-02,totals|over|3.50|,totals,Over,3.5,,2.25,2.17,"[""Unibet"", ""Betfair Exchange"", ""1xbet"", ""bzzoiro-consensus""]","[""odds_api_io"", ""bzzoiro""]",4,3.865,
soccer|madagascar|morocco|2026-06-02,totals|under|3.50|,totals,Under,3.5,,1.8,1.7072,"[""Unibet"", ""Betfair Exchange"", ""1xbet"", ""bzzoiro-consensus""]","[""odds_api_io"", ""bzzoiro""]",4,8.547,
soccer|madagascar|morocco|2026-06-02,totals|over|1.50|,totals,Over,1.5,,1.15,1.1371,"[""Unibet"", ""Betfair Exchange"", ""bzzoiro-consensus""]","[""odds_api_io"", ""bzzoiro""]",3,2.329,
soccer|madagascar|morocco|2026-06-02,totals|under|1.50|,totals,Under,1.5,,7.0,5.7669,"[""Unibet"", ""Betfair Exchange"", ""888sport"", ""bzzoiro-consensus""]","[""odds_api_io"", ""bzzoiro""]",4,6.548,
soccer|madagascar|morocco|2026-06-02,totals|over|4.50|,totals,Over,4.5,,3.85,3.7973,"[""Unibet"", ""Betfair Exchange""]","[""odds_api_io""]",2,0.693,
soccer|madagascar|morocco|2026-06-02,totals|under|4.50|,totals,Under,4.5,,1.34,1.2744,"[""Unibet"", ""Betfair Exchange""]","[""odds_api_io""]",2,8.018,
soccer|madagascar|morocco|2026-06-02,totals|over|5.50|,totals,Over,5.5,,7.8,7.259,"[""Unibet"", ""Betfair Exchange""]","[""odds_api_io""]",2,1.994,
soccer|madagascar|morocco|2026-06-02,totals|under|5.50|,totals,Under,5.5,,1.13,1.1004,"[""Unibet"", ""Betfair Exchange""]","[""odds_api_io""]",2,4.962,
soccer|madagascar|morocco|2026-06-02,spreads|morocco|-7.00|home,spreads,Morocco,-7.0,home,3.5,3.5,"[""Unibet""]","[""odds_api_io""]",1,,
soccer|madagascar|morocco|2026-06-02,spreads|madagascar|7.00|away,spreads,Madagascar,7.0,away,1.24,1.24,"[""Unibet""]","[""odds_api_io""]",1,,
soccer|madagascar|morocco|2026-06-02,spreads|morocco|-6.00|home,spreads,Morocco,-6.0,home,2.75,2.75,"[""Unibet""]","[""odds_api_io""]",1,,
soccer|madagascar|morocco|2026-06-02,spreads|madagascar|6.00|away,spreads,Madagascar,6.0,away,1.38,1.38,"[""Unibet""]","[""odds_api_io""]",1,,
soccer|madagascar|morocco|2026-06-02,spreads|morocco|-5.00|home,spreads,Morocco,-5.0,home,2.25,2.25,"[""Unibet""]","[""odds_api_io""]",1,,
soccer|madagascar|morocco|2026-06-02,spreads|madagascar|5.00|away,spreads,Madagascar,5.0,away,1.61,1.61,"[""Unibet""]","[""odds_api_io""]",1,,
soccer|madagascar|morocco|2026-06-02,doubleChance|1x||,doubleChance,1X,,,1.03,1.03,"[""Betfair Exchange""]","[""odds_api_io""]",1,,
soccer|madagascar|morocco|2026-06-02,spreads|morocco|0.00|home,spreads,Morocco,0.0,home,1.03,1.03,"[""Betfair Exchange""]","[""odds_api_io""]",1,,
soccer|madagascar|morocco|2026-06-02,spreads|madagascar|-0.00|away,spreads,Madagascar,-0.0,away,26.58,26.58,"[""Betfair Exchange""]","[""odds_api_io""]",1,,
soccer|madagascar|morocco|2026-06-02,spreads|morocco|0.75|home,spreads,Morocco,0.75,home,1.01,1.01,"[""Betfair Exchange""]","[""odds_api_io""]",1,,
soccer|madagascar|morocco|2026-06-02,spreads|madagascar|-0.75|away,spreads,Madagascar,-0.75,away,46.1,46.1,"[""Betfair Exchange""]","[""odds_api_io""]",1,,
soccer|madagascar|morocco|2026-06-02,spreads|morocco|-0.25|home,spreads,Morocco,-0.25,home,1.08,1.08,"[""Betfair Exchange""]","[""odds_api_io""]",1,,
soccer|madagascar|morocco|2026-06-02,spreads|madagascar|0.25|away,spreads,Madagascar,0.25,away,12.58,12.58,"[""Betfair Exchange""]","[""odds_api_io""]",1,,
soccer|madagascar|morocco|2026-06-02,spreads|morocco|0.25|home,spreads,Morocco,0.25,home,1.03,1.03,"[""Betfair Exchange""]","[""odds_api_io""]",1,,
soccer|madagascar|morocco|2026-06-02,spreads|madagascar|-0.25|away,spreads,Madagascar,-0.25,away,27.79,27.79,"[""Betfair Exchange""]","[""odds_api_io""]",1,,
soccer|madagascar|morocco|2026-06-02,spreads|morocco|0.50|home,spreads,Morocco,0.5,home,1.03,1.03,"[""Betfair Exchange""]","[""odds_api_io""]",1,,
soccer|madagascar|morocco|2026-06-02,spreads|madagascar|-0.50|away,spreads,Madagascar,-0.5,away,29.0,29.0,"[""Betfair Exchange""]","[""odds_api_io""]",1,,
soccer|madagascar|morocco|2026-06-02,totals|over|2.00|,totals,Over,2.0,,1.19,1.19,"[""Betfair Exchange""]","[""odds_api_io""]",1,,
soccer|madagascar|morocco|2026-06-02,totals|under|2.00|,totals,Under,2.0,,5.47,5.47,"[""Betfair Exchange""]","[""odds_api_io""]",1,,
soccer|madagascar|morocco|2026-06-02,totals|over|4.25|,totals,Over,4.25,,3.38,3.38,"[""Betfair Exchange""]","[""odds_api_io""]",1,,
soccer|madagascar|morocco|2026-06-02,totals|under|4.25|,totals,Under,4.25,,1.39,1.39,"[""Betfair Exchange""]","[""odds_api_io""]",1,,
soccer|madagascar|morocco|2026-06-02,totals|over|1.75|,totals,Over,1.75,,1.16,1.16,"[""Betfair Exchange""]","[""odds_api_io""]",1,,
soccer|madagascar|morocco|2026-06-02,totals|under|1.75|,totals,Under,1.75,,6.02,6.02,"[""Betfair Exchange""]","[""odds_api_io""]",1,,
soccer|madagascar|morocco|2026-06-02,totals|over|4.00|,totals,Over,4.0,,3.02,3.02,"[""Betfair Exchange""]","[""odds_api_io""]",1,,
soccer|madagascar|morocco|2026-06-02,totals|under|4.00|,totals,Under,4.0,,1.46,1.46,"[""Betfair Exchange""]","[""odds_api_io""]",1,,
soccer|madagascar|morocco|2026-06-02,totals|over|4.75|,totals,Over,4.75,,4.71,4.71,"[""Betfair Exchange""]","[""odds_api_io""]",1,,
soccer|madagascar|morocco|2026-06-02,totals|under|4.75|,totals,Under,4.75,,1.21,1.21,"[""Betfair Exchange""]","[""odds_api_io""]",1,,
soccer|madagascar|morocco|2026-06-02,totals|over|3.00|,totals,Over,3.0,,1.69,1.6801,"[""Betfair Exchange"", ""Sbobet""]","[""odds_api_io""]",2,0.709,
soccer|madagascar|morocco|2026-06-02,totals|under|3.00|,totals,Under,3.0,,2.32,2.2439,"[""Betfair Exchange"", ""Sbobet""]","[""odds_api_io""]",2,2.98,
soccer|madagascar|morocco|2026-06-02,totals|over|1.25|,totals,Over,1.25,,1.08,1.08,"[""Betfair Exchange""]","[""odds_api_io""]",1,,
soccer|madagascar|morocco|2026-06-02,totals|under|1.25|,totals,Under,1.25,,8.65,8.65,"[""Betfair Exchange""]","[""odds_api_io""]",1,,
soccer|madagascar|morocco|2026-06-02,totals|over|3.75|,totals,Over,3.75,,2.51,2.51,"[""Betfair Exchange""]","[""odds_api_io""]",1,,
soccer|madagascar|morocco|2026-06-02,totals|under|3.75|,totals,Under,3.75,,1.62,1.62,"[""Betfair Exchange""]","[""odds_api_io""]",1,,
soccer|madagascar|morocco|2026-06-02,totals|over|5.75|,totals,Over,5.75,,10.23,10.23,"[""Betfair Exchange""]","[""odds_api_io""]",1,,
soccer|madagascar|morocco|2026-06-02,totals|under|5.75|,totals,Under,5.75,,1.08,1.08,"[""Betfair Exchange""]","[""odds_api_io""]",1,,
soccer|madagascar|morocco|2026-06-02,totals|over|6.25|,totals,Over,6.25,,15.94,15.94,"[""Betfair Exchange""]","[""odds_api_io""]",1,,
soccer|madagascar|morocco|2026-06-02,totals|under|6.25|,totals,Under,6.25,,1.05,1.05,"[""Betfair Exchange""]","[""odds_api_io""]",1,,
soccer|madagascar|morocco|2026-06-02,totals|over|2.25|,totals,Over,2.25,,1.33,1.33,"[""Betfair Exchange""]","[""odds_api_io""]",1,,
soccer|madagascar|morocco|2026-06-02,totals|under|2.25|,totals,Under,2.25,,3.81,3.81,"[""Betfair Exchange""]","[""odds_api_io""]",1,,
soccer|madagascar|morocco|2026-06-02,totals|over|2.75|,totals,Over,2.75,,1.56,1.56,"[""Betfair Exchange""]","[""odds_api_io""]",1,,
soccer|madagascar|morocco|2026-06-02,totals|under|2.75|,totals,Under,2.75,,2.63,2.63,"[""Betfair Exchange""]","[""odds_api_io""]",1,,
soccer|madagascar|morocco|2026-06-02,totals|over|5.00|,totals,Over,5.0,,6.72,6.72,"[""Betfair Exchange""]","[""odds_api_io""]",1,,
soccer|madagascar|morocco|2026-06-02,totals|under|5.00|,totals,Under,5.0,,1.15,1.15,"[""Betfair Exchange""]","[""odds_api_io""]",1,,
soccer|madagascar|morocco|2026-06-02,totals|over|5.25|,totals,Over,5.25,,7.3,7.3,"[""Betfair Exchange""]","[""odds_api_io""]",1,,
soccer|madagascar|morocco|2026-06-02,totals|under|5.25|,totals,Under,5.25,,1.14,1.14,"[""Betfair Exchange""]","[""odds_api_io""]",1,,
soccer|madagascar|morocco|2026-06-02,totals|over|7.25|,totals,Over,7.25,,37.34,37.34,"[""Betfair Exchange""]","[""odds_api_io""]",1,,
soccer|madagascar|morocco|2026-06-02,totals|under|7.25|,totals,Under,7.25,,1.01,1.01,"[""Betfair Exchange""]","[""odds_api_io""]",1,,
soccer|madagascar|morocco|2026-06-02,totals|over|7.50|,totals,Over,7.5,,38.0,38.0,"[""Betfair Exchange""]","[""odds_api_io""]",1,,
soccer|madagascar|morocco|2026-06-02,totals|under|7.50|,totals,Under,7.5,,1.01,1.01,"[""Betfair Exchange""]","[""odds_api_io""]",1,,
soccer|madagascar|morocco|2026-06-02,totals|over|6.75|,totals,Over,6.75,,22.61,22.61,"[""Betfair Exchange""]","[""odds_api_io""]",1,,
soccer|madagascar|morocco|2026-06-02,totals|under|6.75|,totals,Under,6.75,,1.01,1.01,"[""Betfair Exchange""]","[""odds_api_io""]",1,,
soccer|madagascar|morocco|2026-06-02,totals|over|7.00|,totals,Over,7.0,,36.69,36.69,"[""Betfair Exchange""]","[""odds_api_io""]",1,,
soccer|madagascar|morocco|2026-06-02,totals|under|7.00|,totals,Under,7.0,,1.01,1.01,"[""Betfair Exchange""]","[""odds_api_io""]",1,,
soccer|madagascar|morocco|2026-06-02,totals|over|0.75|,totals,Over,0.75,,1.02,1.02,"[""Betfair Exchange""]","[""odds_api_io""]",1,,
soccer|madagascar|morocco|2026-06-02,totals|under|0.75|,totals,Under,0.75,,10.14,10.14,"[""Betfair Exchange""]","[""odds_api_io""]",1,,
soccer|madagascar|morocco|2026-06-02,totals|over|1.00|,totals,Over,1.0,,1.02,1.02,"[""Betfair Exchange""]","[""odds_api_io""]",1,,
soccer|madagascar|morocco|2026-06-02,totals|under|1.00|,totals,Under,1.0,,9.97,9.97,"[""Betfair Exchange""]","[""odds_api_io""]",1,,
soccer|madagascar|morocco|2026-06-02,totals|over|6.00|,totals,Over,6.0,,15.38,15.38,"[""Betfair Exchange""]","[""odds_api_io""]",1,,
soccer|madagascar|morocco|2026-06-02,totals|under|6.00|,totals,Under,6.0,,1.05,1.05,"[""Betfair Exchange""]","[""odds_api_io""]",1,,
soccer|madagascar|morocco|2026-06-02,totals|over|6.50|,totals,Over,6.5,,16.5,16.5,"[""Betfair Exchange""]","[""odds_api_io""]",1,,
soccer|madagascar|morocco|2026-06-02,totals|under|6.50|,totals,Under,6.5,,1.05,1.05,"[""Betfair Exchange""]","[""odds_api_io""]",1,,
soccer|madagascar|morocco|2026-06-02,totals|over|0.50|,totals,Over,0.5,,1.02,1.02,"[""Betfair Exchange""]","[""odds_api_io""]",1,,
soccer|madagascar|morocco|2026-06-02,totals|under|0.50|,totals,Under,0.5,,32.0,32.0,"[""Betfair Exchange""]","[""odds_api_io""]",1,,
soccer|madagascar|morocco|2026-06-02,spreads|morocco|1.00|home,spreads,Morocco,1.0,home,1.03,1.03,"[""Betfair Exchange""]","[""odds_api_io""]",1,,
soccer|madagascar|morocco|2026-06-02,spreads|madagascar|-1.00|away,spreads,Madagascar,-1.0,away,120.0,120.0,"[""Betfair Exchange""]","[""odds_api_io""]",1,,
soccer|madagascar|morocco|2026-06-02,totals|under|25.00|,totals,Under,25.0,,2.875,2.7983,"[""bet365"", ""under@2.5""]","[""bzzoiro""]",2,1.982,
soccer|madagascar|morocco|2026-06-02,totals|under|15.00|,totals,Under,15.0,,6.0,5.7696,"[""888sport"", ""under@1.5""]","[""bzzoiro""]",2,1.351,
soccer|madagascar|morocco|2026-06-02,totals|over|35.00|,totals,Over,35.0,,2.185,2.1248,"[""1xbet"", ""over@3.5""]","[""bzzoiro""]",2,2.543,
soccer|madagascar|morocco|2026-06-02,totals|under|35.00|,totals,Under,35.0,,1.777,1.7422,"[""1xbet"", ""under@3.5""]","[""bzzoiro""]",2,2.205,
soccer|madagascar|morocco|2026-06-02,totals|over|15.00|,totals,Over,15.0,,1.12,1.12,"[""over@1.5""]","[""bzzoiro""]",1,,
soccer|madagascar|morocco|2026-06-02,totals|over|25.00|,totals,Over,25.0,,1.41,1.41,"[""over@2.5""]","[""bzzoiro""]",1,,
soccer|madagascar|morocco|2026-06-02,totals|over||,totals,Over,,,13.0,2.2334,"[""over@6.5"", ""over@7.5"", ""over@8.5"", ""over@9.0"", ""over@9.5"", ""over@10.0"", ""over@10.5"", ""over@11.5"", ""over@12.5"", ""over@13.5"", ""over@14.5"", ""over@8.0""]","[""bzzoiro""]",12,76.341,
soccer|madagascar|morocco|2026-06-02,totals|under||,totals,Under,,,4.25,1.6031,"[""under@6.5"", ""under@7.5"", ""under@8.5"", ""under@9.0"", ""under@9.5"", ""under@10.0"", ""under@10.5"", ""under@11.5"", ""under@12.5"", ""under@13.5"", ""under@14.5"", ""under@8.0""]","[""bzzoiro""]",12,73.558,
soccer|angelholms ff|rosengaard 1917|2026-06-02,h2h|fc rosengaard 1917||home,h2h,FC Rosengaard 1917,,home,1.76,1.6993,"[""Bet365"", ""Betfair Exchange"", ""Sbobet""]","[""odds_api_io""]",3,4.157,
soccer|angelholms ff|rosengaard 1917|2026-06-02,h2h|draw||,h2h,Draw,,,3.95,3.6992,"[""Bet365"", ""Betfair Exchange"", ""Sbobet""]","[""odds_api_io""]",3,3.502,
soccer|angelholms ff|rosengaard 1917|2026-06-02,h2h|angelholms ff||away,h2h,Angelholms FF,,away,5.0,4.2702,"[""Bet365"", ""Betfair Exchange"", ""Sbobet""]","[""odds_api_io""]",3,5.381,
soccer|angelholms ff|rosengaard 1917|2026-06-02,dnb|fc rosengaard 1917|0.00|home,dnb,FC Rosengaard 1917,0.0,home,1.363,1.3408,"[""Bet365"", ""Betfair Exchange""]","[""odds_api_io""]",2,2.39,
soccer|angelholms ff|rosengaard 1917|2026-06-02,dnb|angelholms ff|0.00|away,dnb,Angelholms FF,0.0,away,3.75,3.3401,"[""Bet365"", ""Betfair Exchange""]","[""odds_api_io""]",2,6.667,
soccer|angelholms ff|rosengaard 1917|2026-06-02,spreads|fc rosengaard 1917|-0.75|home,spreads,FC Rosengaard 1917,-0.75,home,1.95,1.94,"[""Bet365"", ""Betfair Exchange"", ""Sbobet""]","[""odds_api_io""]",3,0.801,
soccer|angelholms ff|rosengaard 1917|2026-06-02,spreads|angelholms ff|0.75|away,spreads,Angelholms FF,0.75,away,1.96,1.8963,"[""Bet365"", ""Betfair Exchange"", ""Sbobet""]","[""odds_api_io""]",3,3.034,
soccer|angelholms ff|rosengaard 1917|2026-06-02,totals|over|2.75|,totals,Over,2.75,,1.88,1.8666,"[""Bet365"", ""Betfair Exchange"", ""Sbobet""]","[""odds_api_io""]",3,0.863,
soccer|angelholms ff|rosengaard 1917|2026-06-02,totals|under|2.75|,totals,Under,2.75,,1.98,1.9501,"[""Bet365"", ""Betfair Exchange"", ""Sbobet""]","[""odds_api_io""]",3,1.578,
soccer|angelholms ff|rosengaard 1917|2026-06-02,totals|over|2.50|,totals,Over,2.5,,1.7,1.7,"[""Bet365"", ""Betfair Exchange""]","[""odds_api_io""]",2,,
soccer|angelholms ff|rosengaard 1917|2026-06-02,totals|under|2.50|,totals,Under,2.5,,2.33,2.2111,"[""Bet365"", ""Betfair Exchange""]","[""odds_api_io""]",2,4.701,
soccer|angelholms ff|rosengaard 1917|2026-06-02,btts|yes||,btts,Yes,,,1.68,1.6474,"[""Bet365"", ""Betfair Exchange""]","[""odds_api_io""]",2,2.396,
soccer|angelholms ff|rosengaard 1917|2026-06-02,btts|no||,btts,No,,,2.3,2.2498,"[""Bet365"", ""Betfair Exchange""]","[""odds_api_io""]",2,1.976,
soccer|angelholms ff|rosengaard 1917|2026-06-02,spreads|fc rosengaard 1917|-1.00|home,spreads,FC Rosengaard 1917,-1.0,home,3.0,2.5449,"[""Bet365"", ""Betfair Exchange""]","[""odds_api_io""]",4,12.121,
soccer|angelholms ff|rosengaard 1917|2026-06-02,spreads|angelholms ff|-1.00|away,spreads,Angelholms FF,-1.0,away,13.5,4.4646,"[""Bet365"", ""Betfair Exchange""]","[""odds_api_io""]",3,44.976,
soccer|angelholms ff|rosengaard 1917|2026-06-02,spreads|angelholms ff|-3.00|away,spreads,Angelholms FF,-3.0,away,1.1,1.1,"[""Bet365""]","[""odds_api_io""]",1,,
soccer|angelholms ff|rosengaard 1917|2026-06-02,teamTotals|over|4.50|,teamTotals,Over,4.5,,21.0,14.0,"[""Bet365""]","[""odds_api_io""]",2,4.762,
soccer|angelholms ff|rosengaard 1917|2026-06-02,teamTotals|under|4.50|,teamTotals,Under,4.5,,1.025,1.0134,"[""Bet365""]","[""odds_api_io""]",2,2.239,
soccer|angelholms ff|rosengaard 1917|2026-06-02,teamTotals|over|0.50|,teamTotals,Over,0.5,,1.4,1.2579,"[""Bet365""]","[""odds_api_io""]",2,16.137,
soccer|angelholms ff|rosengaard 1917|2026-06-02,teamTotals|under|0.50|,teamTotals,Under,0.5,,5.0,3.5484,"[""Bet365""]","[""odds_api_io""]",2,16.364,
soccer|angelholms ff|rosengaard 1917|2026-06-02,teamTotals|over|2.50|,teamTotals,Over,2.5,,7.0,4.439,"[""Bet365""]","[""odds_api_io""]",2,16.484,
soccer|angelholms ff|rosengaard 1917|2026-06-02,teamTotals|under|2.50|,teamTotals,Under,2.5,,1.333,1.1951,"[""Bet365""]","[""odds_api_io""]",2,17.317,
soccer|angelholms ff|rosengaard 1917|2026-06-02,teamTotals|over|3.50|,teamTotals,Over,3.5,,12.0,8.4324,"[""Bet365""]","[""odds_api_io""]",2,7.051,
soccer|angelholms ff|rosengaard 1917|2026-06-02,teamTotals|under|3.50|,teamTotals,Under,3.5,,1.1,1.0558,"[""Bet365""]","[""odds_api_io""]",2,7.613,
soccer|angelholms ff|rosengaard 1917|2026-06-02,teamTotals|over|1.50|,teamTotals,Over,1.5,,2.75,2.075,"[""Bet365""]","[""odds_api_io""]",2,23.66,
soccer|angelholms ff|rosengaard 1917|2026-06-02,teamTotals|under|1.50|,teamTotals,Under,1.5,,2.1,1.68,"[""Bet365""]","[""odds_api_io""]",2,23.81,
soccer|angelholms ff|rosengaard 1917|2026-06-02,spreads|fc rosengaard 1917|-2.75|home,spreads,FC Rosengaard 1917,-2.75,home,7.94,7.4489,"[""Bet365"", ""Betfair Exchange""]","[""odds_api_io""]",2,1.691,
soccer|angelholms ff|rosengaard 1917|2026-06-02,spreads|angelholms ff|2.75|away,spreads,Angelholms FF,2.75,away,1.1,1.1,"[""Bet365"", ""Betfair Exchange""]","[""odds_api_io""]",2,,
soccer|angelholms ff|rosengaard 1917|2026-06-02,spreads|fc rosengaard 1917|-2.50|home,spreads,FC Rosengaard 1917,-2.5,home,5.5,5.5,"[""Bet365""]","[""odds_api_io""]",1,,
soccer|angelholms ff|rosengaard 1917|2026-06-02,spreads|angelholms ff|2.50|away,spreads,Angelholms FF,2.5,away,1.15,1.15,"[""Bet365""]","[""odds_api_io""]",1,,
soccer|angelholms ff|rosengaard 1917|2026-06-02,spreads|fc rosengaard 1917|-2.25|home,spreads,FC Rosengaard 1917,-2.25,home,5.54,5.2611,"[""Bet365"", ""Betfair Exchange""]","[""odds_api_io""]",2,1.949,
soccer|angelholms ff|rosengaard 1917|2026-06-02,spreads|angelholms ff|2.25|away,spreads,Angelholms FF,2.25,away,1.17,1.17,"[""Bet365"", ""Betfair Exchange""]","[""odds_api_io""]",2,,
soccer|angelholms ff|rosengaard 1917|2026-06-02,spreads|fc rosengaard 1917|-2.00|home,spreads,FC Rosengaard 1917,-2.0,home,5.9,5.0882,"[""Bet365"", ""Betfair Exchange""]","[""odds_api_io""]",3,5.273,
soccer|angelholms ff|rosengaard 1917|2026-06-02,spreads|angelholms ff|2.00|away,spreads,Angelholms FF,2.0,away,1.43,1.2652,"[""Bet365"", ""Betfair Exchange""]","[""odds_api_io""]",3,14.104,
soccer|angelholms ff|rosengaard 1917|2026-06-02,spreads|fc rosengaard 1917|-1.75|home,spreads,FC Rosengaard 1917,-1.75,home,3.7,3.5729,"[""Bet365"", ""Betfair Exchange""]","[""odds_api_io""]",2,1.958,
soccer|angelholms ff|rosengaard 1917|2026-06-02,spreads|angelholms ff|1.75|away,spreads,Angelholms FF,1.75,away,1.32,1.3101,"[""Bet365"", ""Betfair Exchange""]","[""odds_api_io""]",2,1.166,
soccer|angelholms ff|rosengaard 1917|2026-06-02,spreads|fc rosengaard 1917|-1.50|home,spreads,FC Rosengaard 1917,-1.5,home,3.0,2.8718,"[""Bet365"", ""Betfair Exchange""]","[""odds_api_io""]",2,3.03,
soccer|angelholms ff|rosengaard 1917|2026-06-02,spreads|angelholms ff|1.50|away,spreads,Angelholms FF,1.5,away,1.43,1.4275,"[""Bet365"", ""Betfair Exchange""]","[""odds_api_io""]",2,0.245,
soccer|angelholms ff|rosengaard 1917|2026-06-02,spreads|fc rosengaard 1917|-1.25|home,spreads,FC Rosengaard 1917,-1.25,home,2.64,2.5694,"[""Bet365"", ""Betfair Exchange""]","[""odds_api_io""]",2,2.121,
soccer|angelholms ff|rosengaard 1917|2026-06-02,spreads|angelholms ff|1.25|away,spreads,Angelholms FF,1.25,away,1.53,1.5151,"[""Bet365"", ""Betfair Exchange""]","[""odds_api_io""]",2,1.307,
soccer|angelholms ff|rosengaard 1917|2026-06-02,spreads|angelholms ff|1.00|away,spreads,Angelholms FF,1.0,away,2.22,1.8145,"[""Bet365"", ""Betfair Exchange""]","[""odds_api_io""]",3,15.561,
soccer|angelholms ff|rosengaard 1917|2026-06-02,spreads|fc rosengaard 1917|-0.50|home,spreads,FC Rosengaard 1917,-0.5,home,1.76,1.73,"[""Bet365"", ""Betfair Exchange""]","[""odds_api_io""]",2,2.005,
soccer|angelholms ff|rosengaard 1917|2026-06-02,spreads|angelholms ff|0.50|away,spreads,Angelholms FF,0.5,away,4.15,2.8853,"[""Bet365"", ""Betfair Exchange""]","[""odds_api_io""]",2,20.747,
soccer|angelholms ff|rosengaard 1917|2026-06-02,spreads|fc rosengaard 1917|-0.25|home,spreads,FC Rosengaard 1917,-0.25,home,1.54,1.5201,"[""Bet365"", ""Betfair Exchange""]","[""odds_api_io""]",2,1.732,
soccer|angelholms ff|rosengaard 1917|2026-06-02,spreads|angelholms ff|0.25|away,spreads,Angelholms FF,0.25,away,3.7,3.113,"[""Bet365"", ""Betfair Exchange""]","[""odds_api_io""]",2,10.01,
soccer|angelholms ff|rosengaard 1917|2026-06-02,spreads|fc rosengaard 1917|0.00|home,spreads,FC Rosengaard 1917,0.0,home,1.325,1.3224,"[""Bet365"", ""Betfair Exchange""]","[""odds_api_io""]",2,0.286,
soccer|angelholms ff|rosengaard 1917|2026-06-02,spreads|angelholms ff|-0.00|away,spreads,Angelholms FF,-0.0,away,3.76,3.5192,"[""Bet365"", ""Betfair Exchange""]","[""odds_api_io""]",2,3.707,
soccer|angelholms ff|rosengaard 1917|2026-06-02,spreads|fc rosengaard 1917|0.25|home,spreads,FC Rosengaard 1917,0.25,home,1.27,1.2651,"[""Bet365"", ""Betfair Exchange""]","[""odds_api_io""]",2,0.625,
soccer|angelholms ff|rosengaard 1917|2026-06-02,spreads|angelholms ff|-0.25|away,spreads,Angelholms FF,-0.25,away,4.38,3.199,"[""Bet365"", ""Betfair Exchange""]","[""odds_api_io""]",2,17.169,
soccer|angelholms ff|rosengaard 1917|2026-06-02,spreads|fc rosengaard 1917|0.50|home,spreads,FC Rosengaard 1917,0.5,home,1.23,1.2251,"[""Bet365"", ""Betfair Exchange""]","[""odds_api_io""]",2,0.666,
soccer|angelholms ff|rosengaard 1917|2026-06-02,spreads|angelholms ff|-0.50|away,spreads,Angelholms FF,-0.5,away,5.0,2.9799,"[""Bet365"", ""Betfair Exchange""]","[""odds_api_io""]",2,27.619,
soccer|angelholms ff|rosengaard 1917|2026-06-02,spreads|fc rosengaard 1917|0.75|home,spreads,FC Rosengaard 1917,0.75,home,1.15,1.1451,"[""Bet365"", ""Betfair Exchange""]","[""odds_api_io""]",2,0.763,
soccer|angelholms ff|rosengaard 1917|2026-06-02,spreads|angelholms ff|-0.75|away,spreads,Angelholms FF,-0.75,away,6.85,6.2619,"[""Bet365"", ""Betfair Exchange""]","[""odds_api_io""]",2,2.793,
soccer|angelholms ff|rosengaard 1917|2026-06-02,teamTotals|over|5.50|,teamTotals,Over,5.5,,17.0,17.0,"[""Bet365""]","[""odds_api_io""]",1,,
soccer|angelholms ff|rosengaard 1917|2026-06-02,teamTotals|under|5.50|,teamTotals,Under,5.5,,1.005,1.005,"[""Bet365""]","[""odds_api_io""]",1,,
soccer|angelholms ff|rosengaard 1917|2026-06-02,doubleChance|1x||,doubleChance,1X,,,1.23,1.23,"[""Betfair Exchange""]","[""odds_api_io""]",1,,
soccer|angelholms ff|rosengaard 1917|2026-06-02,doubleChance|12||,doubleChance,12,,,1.3,1.3,"[""Betfair Exchange""]","[""odds_api_io""]",1,,
soccer|angelholms ff|rosengaard 1917|2026-06-02,doubleChance|x2||,doubleChance,X2,,,2.22,2.22,"[""Betfair Exchange""]","[""odds_api_io""]",1,,
soccer|angelholms ff|rosengaard 1917|2026-06-02,spreads|fc rosengaard 1917|1.00|home,spreads,FC Rosengaard 1917,1.0,home,1.23,1.1501,"[""Betfair Exchange""]","[""odds_api_io""]",2,11.292,
soccer|angelholms ff|rosengaard 1917|2026-06-02,spreads|fc rosengaard 1917|1.25|home,spreads,FC Rosengaard 1917,1.25,home,1.07,1.07,"[""Betfair Exchange""]","[""odds_api_io""]",1,,
soccer|angelholms ff|rosengaard 1917|2026-06-02,spreads|angelholms ff|-1.25|away,spreads,Angelholms FF,-1.25,away,12.69,12.69,"[""Betfair Exchange""]","[""odds_api_io""]",1,,
soccer|angelholms ff|rosengaard 1917|2026-06-02,spreads|fc rosengaard 1917|2.25|home,spreads,FC Rosengaard 1917,2.25,home,1.01,1.01,"[""Betfair Exchange""]","[""odds_api_io""]",1,,
soccer|angelholms ff|rosengaard 1917|2026-06-02,spreads|angelholms ff|-2.25|away,spreads,Angelholms FF,-2.25,away,41.06,41.06,"[""Betfair Exchange""]","[""odds_api_io""]",1,,
soccer|angelholms ff|rosengaard 1917|2026-06-02,spreads|fc rosengaard 1917|2.00|home,spreads,FC Rosengaard 1917,2.0,home,1.07,1.0391,"[""Betfair Exchange""]","[""odds_api_io""]",2,5.552,
soccer|angelholms ff|rosengaard 1917|2026-06-02,spreads|angelholms ff|-2.00|away,spreads,Angelholms FF,-2.0,away,42.0,40.9756,"[""Betfair Exchange""]","[""odds_api_io""]",2,0.119,
soccer|angelholms ff|rosengaard 1917|2026-06-02,spreads|fc rosengaard 1917|1.50|home,spreads,FC Rosengaard 1917,1.5,home,1.07,1.07,"[""Betfair Exchange""]","[""odds_api_io""]",1,,
soccer|angelholms ff|rosengaard 1917|2026-06-02,spreads|angelholms ff|-1.50|away,spreads,Angelholms FF,-1.5,away,13.5,13.5,"[""Betfair Exchange""]","[""odds_api_io""]",1,,
soccer|angelholms ff|rosengaard 1917|2026-06-02,spreads|fc rosengaard 1917|1.75|home,spreads,FC Rosengaard 1917,1.75,home,1.04,1.04,"[""Betfair Exchange""]","[""odds_api_io""]",1,,
soccer|angelholms ff|rosengaard 1917|2026-06-02,spreads|angelholms ff|-1.75|away,spreads,Angelholms FF,-1.75,away,19.93,19.93,"[""Betfair Exchange""]","[""odds_api_io""]",1,,
soccer|angelholms ff|rosengaard 1917|2026-06-02,spreads|fc rosengaard 1917|-3.75|home,spreads,FC Rosengaard 1917,-3.75,home,13.5,13.5,"[""Betfair Exchange""]","[""odds_api_io""]",1,,
soccer|angelholms ff|rosengaard 1917|2026-06-02,spreads|angelholms ff|3.75|away,spreads,Angelholms FF,3.75,away,1.02,1.02,"[""Betfair Exchange""]","[""odds_api_io""]",1,,
soccer|angelholms ff|rosengaard 1917|2026-06-02,spreads|fc rosengaard 1917|-3.50|home,spreads,FC Rosengaard 1917,-3.5,home,13.5,13.5,"[""Betfair Exchange""]","[""odds_api_io""]",1,,
soccer|angelholms ff|rosengaard 1917|2026-06-02,spreads|angelholms ff|3.50|away,spreads,Angelholms FF,3.5,away,1.05,1.05,"[""Betfair Exchange""]","[""odds_api_io""]",1,,
soccer|angelholms ff|rosengaard 1917|2026-06-02,totals|over|4.75|,totals,Over,4.75,,7.29,7.29,"[""Betfair Exchange""]","[""odds_api_io""]",1,,
soccer|angelholms ff|rosengaard 1917|2026-06-02,totals|under|4.75|,totals,Under,4.75,,1.12,1.12,"[""Betfair Exchange""]","[""odds_api_io""]",1,,
soccer|angelholms ff|rosengaard 1917|2026-06-02,totals|over|3.25|,totals,Over,3.25,,2.48,2.48,"[""Betfair Exchange""]","[""odds_api_io""]",1,,
soccer|angelholms ff|rosengaard 1917|2026-06-02,totals|under|3.25|,totals,Under,3.25,,1.62,1.62,"[""Betfair Exchange""]","[""odds_api_io""]",1,,
soccer|angelholms ff|rosengaard 1917|2026-06-02,totals|over|3.00|,totals,Over,3.0,,2.16,2.16,"[""Betfair Exchange""]","[""odds_api_io""]",1,,
soccer|angelholms ff|rosengaard 1917|2026-06-02,totals|under|3.00|,totals,Under,3.0,,1.76,1.76,"[""Betfair Exchange""]","[""odds_api_io""]",1,,
soccer|angelholms ff|rosengaard 1917|2026-06-02,totals|over|4.50|,totals,Over,4.5,,5.54,5.54,"[""Betfair Exchange""]","[""odds_api_io""]",1,,
soccer|angelholms ff|rosengaard 1917|2026-06-02,totals|under|4.50|,totals,Under,4.5,,1.19,1.19,"[""Betfair Exchange""]","[""odds_api_io""]",1,,
soccer|angelholms ff|rosengaard 1917|2026-06-02,totals|over|4.00|,totals,Over,4.0,,4.56,4.56,"[""Betfair Exchange""]","[""odds_api_io""]",1,,
soccer|angelholms ff|rosengaard 1917|2026-06-02,totals|under|4.00|,totals,Under,4.0,,1.22,1.22,"[""Betfair Exchange""]","[""odds_api_io""]",1,,
soccer|angelholms ff|rosengaard 1917|2026-06-02,totals|over|4.25|,totals,Over,4.25,,5.05,5.05,"[""Betfair Exchange""]","[""odds_api_io""]",1,,
soccer|angelholms ff|rosengaard 1917|2026-06-02,totals|under|4.25|,totals,Under,4.25,,1.2,1.2,"[""Betfair Exchange""]","[""odds_api_io""]",1,,
soccer|angelholms ff|rosengaard 1917|2026-06-02,totals|over|2.00|,totals,Over,2.0,,1.32,1.32,"[""Betfair Exchange""]","[""odds_api_io""]",1,,
soccer|angelholms ff|rosengaard 1917|2026-06-02,totals|under|2.00|,totals,Under,2.0,,3.63,3.63,"[""Betfair Exchange""]","[""odds_api_io""]",1,,
soccer|angelholms ff|rosengaard 1917|2026-06-02,totals|over|2.25|,totals,Over,2.25,,1.51,1.51,"[""Betfair Exchange""]","[""odds_api_io""]",1,,
soccer|angelholms ff|rosengaard 1917|2026-06-02,totals|under|2.25|,totals,Under,2.25,,2.77,2.77,"[""Betfair Exchange""]","[""odds_api_io""]",1,,
soccer|angelholms ff|rosengaard 1917|2026-06-02,totals|over|1.50|,totals,Over,1.5,,1.24,1.24,"[""Betfair Exchange""]","[""odds_api_io""]",1,,
soccer|angelholms ff|rosengaard 1917|2026-06-02,totals|under|1.50|,totals,Under,1.5,,4.8,4.8,"[""Betfair Exchange""]","[""odds_api_io""]",1,,
soccer|angelholms ff|rosengaard 1917|2026-06-02,totals|over|1.00|,totals,Over,1.0,,1.05,1.05,"[""Betfair Exchange""]","[""odds_api_io""]",1,,
soccer|angelholms ff|rosengaard 1917|2026-06-02,totals|under|1.00|,totals,Under,1.0,,12.48,12.48,"[""Betfair Exchange""]","[""odds_api_io""]",1,,
soccer|angelholms ff|rosengaard 1917|2026-06-02,totals|over|1.25|,totals,Over,1.25,,1.14,1.14,"[""Betfair Exchange""]","[""odds_api_io""]",1,,
soccer|angelholms ff|rosengaard 1917|2026-06-02,totals|under|1.25|,totals,Under,1.25,,6.71,6.71,"[""Betfair Exchange""]","[""odds_api_io""]",1,,
soccer|angelholms ff|rosengaard 1917|2026-06-02,totals|over|1.75|,totals,Over,1.75,,1.27,1.27,"[""Betfair Exchange""]","[""odds_api_io""]",1,,
soccer|angelholms ff|rosengaard 1917|2026-06-02,totals|under|1.75|,totals,Under,1.75,,4.12,4.12,"[""Betfair Exchange""]","[""odds_api_io""]",1,,
soccer|angelholms ff|rosengaard 1917|2026-06-02,totals|over|3.50|,totals,Over,3.5,,2.8,2.8,"[""Betfair Exchange""]","[""odds_api_io""]",1,,
soccer|angelholms ff|rosengaard 1917|2026-06-02,totals|under|3.50|,totals,Under,3.5,,1.53,1.53,"[""Betfair Exchange""]","[""odds_api_io""]",1,,
soccer|angelholms ff|rosengaard 1917|2026-06-02,totals|over|3.75|,totals,Over,3.75,,3.39,3.39,"[""Betfair Exchange""]","[""odds_api_io""]",1,,
soccer|angelholms ff|rosengaard 1917|2026-06-02,totals|under|3.75|,totals,Under,3.75,,1.31,1.31,"[""Betfair Exchange""]","[""odds_api_io""]",1,,
soccer|angelholms ff|rosengaard 1917|2026-06-02,totals|over|5.25|,totals,Over,5.25,,11.87,11.87,"[""Betfair Exchange""]","[""odds_api_io""]",1,,
soccer|angelholms ff|rosengaard 1917|2026-06-02,totals|under|5.25|,totals,Under,5.25,,1.07,1.07,"[""Betfair Exchange""]","[""odds_api_io""]",1,,
soccer|angelholms ff|rosengaard 1917|2026-06-02,totals|over|5.75|,totals,Over,5.75,,17.23,17.23,"[""Betfair Exchange""]","[""odds_api_io""]",1,,
soccer|angelholms ff|rosengaard 1917|2026-06-02,totals|under|5.75|,totals,Under,5.75,,1.04,1.04,"[""Betfair Exchange""]","[""odds_api_io""]",1,,
soccer|angelholms ff|rosengaard 1917|2026-06-02,totals|over|5.50|,totals,Over,5.5,,12.5,12.5,"[""Betfair Exchange""]","[""odds_api_io""]",1,,
soccer|angelholms ff|rosengaard 1917|2026-06-02,totals|under|5.50|,totals,Under,5.5,,1.07,1.07,"[""Betfair Exchange""]","[""odds_api_io""]",1,,
soccer|angelholms ff|rosengaard 1917|2026-06-02,totals|over|5.00|,totals,Over,5.0,,11.24,11.24,"[""Betfair Exchange""]","[""odds_api_io""]",1,,
soccer|angelholms ff|rosengaard 1917|2026-06-02,totals|under|5.00|,totals,Under,5.0,,1.07,1.07,"[""Betfair Exchange""]","[""odds_api_io""]",1,,
soccer|angelholms ff|rosengaard 1917|2026-06-02,totals|over|6.00|,totals,Over,6.0,,27.68,27.68,"[""Betfair Exchange""]","[""odds_api_io""]",1,,
soccer|angelholms ff|rosengaard 1917|2026-06-02,totals|under|6.00|,totals,Under,6.0,,1.02,1.02,"[""Betfair Exchange""]","[""odds_api_io""]",1,,
soccer|angelholms ff|rosengaard 1917|2026-06-02,totals|over|7.25|,totals,Over,7.25,,79.16,79.16,"[""Betfair Exchange""]","[""odds_api_io""]",1,,
soccer|angelholms ff|rosengaard 1917|2026-06-02,totals|under|7.25|,totals,Under,7.25,,1.01,1.01,"[""Betfair Exchange""]","[""odds_api_io""]",1,,
soccer|angelholms ff|rosengaard 1917|2026-06-02,totals|over|6.75|,totals,Over,6.75,,43.18,43.18,"[""Betfair Exchange""]","[""odds_api_io""]",1,,
soccer|angelholms ff|rosengaard 1917|2026-06-02,totals|under|6.75|,totals,Under,6.75,,1.01,1.01,"[""Betfair Exchange""]","[""odds_api_io""]",1,,
soccer|angelholms ff|rosengaard 1917|2026-06-02,totals|over|6.50|,totals,Over,6.5,,29.0,29.0,"[""Betfair Exchange""]","[""odds_api_io""]",1,,
soccer|angelholms ff|rosengaard 1917|2026-06-02,totals|under|6.50|,totals,Under,6.5,,1.02,1.02,"[""Betfair Exchange""]","[""odds_api_io""]",1,,
soccer|angelholms ff|rosengaard 1917|2026-06-02,totals|over|6.25|,totals,Over,6.25,,28.34,28.34,"[""Betfair Exchange""]","[""odds_api_io""]",1,,
soccer|angelholms ff|rosengaard 1917|2026-06-02,totals|under|6.25|,totals,Under,6.25,,1.02,1.02,"[""Betfair Exchange""]","[""odds_api_io""]",1,,
soccer|angelholms ff|rosengaard 1917|2026-06-02,totals|over|7.00|,totals,Over,7.0,,78.33,78.33,"[""Betfair Exchange""]","[""odds_api_io""]",1,,
soccer|angelholms ff|rosengaard 1917|2026-06-02,totals|under|7.00|,totals,Under,7.0,,1.01,1.01,"[""Betfair Exchange""]","[""odds_api_io""]",1,,
soccer|angelholms ff|rosengaard 1917|2026-06-02,spreads|fc rosengaard 1917|-3.00|home,spreads,FC Rosengaard 1917,-3.0,home,13.5,13.5,"[""Betfair Exchange""]","[""odds_api_io""]",1,,
soccer|angelholms ff|rosengaard 1917|2026-06-02,spreads|angelholms ff|3.00|away,spreads,Angelholms FF,3.0,away,1.15,1.15,"[""Betfair Exchange""]","[""odds_api_io""]",1,,
soccer|atus ferlach|sk austria klagenfurt amateure|2026-06-02,h2h|sk austria klagenfurt amateure||home,h2h,SK Austria Klagenfurt Amateure,,home,1.11,1.11,"[""Betfair Exchange""]","[""odds_api_io""]",1,,
soccer|atus ferlach|sk austria klagenfurt amateure|2026-06-02,h2h|draw||,h2h,Draw,,,5.3,5.3,"[""Betfair Exchange""]","[""odds_api_io""]",1,,
soccer|atus ferlach|sk austria klagenfurt amateure|2026-06-02,h2h|atus ferlach||away,h2h,ATUS Ferlach,,away,6.2,6.2,"[""Betfair Exchange""]","[""odds_api_io""]",1,,
soccer|atus ferlach|sk austria klagenfurt amateure|2026-06-02,dnb|sk austria klagenfurt amateure|0.00|home,dnb,SK Austria Klagenfurt Amateure,0.0,home,1.01,1.01,"[""Betfair Exchange""]","[""odds_api_io""]",1,,
soccer|atus ferlach|sk austria klagenfurt amateure|2026-06-02,dnb|atus ferlach|0.00|away,dnb,ATUS Ferlach,0.0,away,5.0,5.0,"[""Betfair Exchange""]","[""odds_api_io""]",1,,
soccer|atus ferlach|sk austria klagenfurt amateure|2026-06-02,doubleChance|1x||,doubleChance,1X,,,1.01,1.01,"[""Betfair Exchange""]","[""odds_api_io""]",1,,
soccer|atus ferlach|sk austria klagenfurt amateure|2026-06-02,doubleChance|12||,doubleChance,12,,,1.03,1.03,"[""Betfair Exchange""]","[""odds_api_io""]",1,,
soccer|atus ferlach|sk austria klagenfurt amateure|2026-06-02,doubleChance|x2||,doubleChance,X2,,,2.88,2.88,"[""Betfair Exchange""]","[""odds_api_io""]",1,,
soccer|atus ferlach|sk austria klagenfurt amateure|2026-06-02,spreads|sk austria klagenfurt amateure|-0.50|home,spreads,SK Austria Klagenfurt Amateure,-0.5,home,1.11,1.11,"[""Betfair Exchange""]","[""odds_api_io""]",1,,
soccer|atus ferlach|sk austria klagenfurt amateure|2026-06-02,spreads|atus ferlach|0.50|away,spreads,ATUS Ferlach,0.5,away,2.88,2.88,"[""Betfair Exchange""]","[""odds_api_io""]",1,,
soccer|atus ferlach|sk austria klagenfurt amateure|2026-06-02,spreads|sk austria klagenfurt amateure|-0.25|home,spreads,SK Austria Klagenfurt Amateure,-0.25,home,1.06,1.06,"[""Betfair Exchange""]","[""odds_api_io""]",1,,
soccer|atus ferlach|sk austria klagenfurt amateure|2026-06-02,spreads|atus ferlach|0.25|away,spreads,ATUS Ferlach,0.25,away,3.61,3.61,"[""Betfair Exchange""]","[""odds_api_io""]",1,,
soccer|atus ferlach|sk austria klagenfurt amateure|2026-06-02,spreads|sk austria klagenfurt amateure|-0.75|home,spreads,SK Austria Klagenfurt Amateure,-0.75,home,1.11,1.11,"[""Betfair Exchange""]","[""odds_api_io""]",1,,
soccer|atus ferlach|sk austria klagenfurt amateure|2026-06-02,spreads|atus ferlach|0.75|away,spreads,ATUS Ferlach,0.75,away,2.57,2.57,"[""Betfair Exchange""]","[""odds_api_io""]",1,,
soccer|atus ferlach|sk austria klagenfurt amateure|2026-06-02,spreads|sk austria klagenfurt amateure|-2.25|home,spreads,SK Austria Klagenfurt Amateure,-2.25,home,1.11,1.11,"[""Betfair Exchange""]","[""odds_api_io""]",1,,
soccer|atus ferlach|sk austria klagenfurt amateure|2026-06-02,spreads|atus ferlach|2.25|away,spreads,ATUS Ferlach,2.25,away,1.06,1.06,"[""Betfair Exchange""]","[""odds_api_io""]",1,,
soccer|atus ferlach|sk austria klagenfurt amateure|2026-06-02,spreads|sk austria klagenfurt amateure|-2.50|home,spreads,SK Austria Klagenfurt Amateure,-2.5,home,1.11,1.11,"[""Betfair Exchange""]","[""odds_api_io""]",1,,
soccer|atus ferlach|sk austria klagenfurt amateure|2026-06-02,spreads|atus ferlach|2.50|away,spreads,ATUS Ferlach,2.5,away,1.05,1.05,"[""Betfair Exchange""]","[""odds_api_io""]",1,,
soccer|atus ferlach|sk austria klagenfurt amateure|2026-06-02,spreads|sk austria klagenfurt amateure|-1.75|home,spreads,SK Austria Klagenfurt Amateure,-1.75,home,1.11,1.11,"[""Betfair Exchange""]","[""odds_api_io""]",1,,
soccer|atus ferlach|sk austria klagenfurt amateure|2026-06-02,spreads|atus ferlach|1.75|away,spreads,ATUS Ferlach,1.75,away,1.57,1.57,"[""Betfair Exchange""]","[""odds_api_io""]",1,,
soccer|atus ferlach|sk austria klagenfurt amateure|2026-06-02,spreads|sk austria klagenfurt amateure|-2.75|home,spreads,SK Austria Klagenfurt Amateure,-2.75,home,1.11,1.11,"[""Betfair Exchange""]","[""odds_api_io""]",1,,
soccer|atus ferlach|sk austria klagenfurt amateure|2026-06-02,spreads|atus ferlach|2.75|away,spreads,ATUS Ferlach,2.75,away,1.02,1.02,"[""Betfair Exchange""]","[""odds_api_io""]",1,,
soccer|atus ferlach|sk austria klagenfurt amateure|2026-06-02,spreads|sk austria klagenfurt amateure|-2.00|home,spreads,SK Austria Klagenfurt Amateure,-2.0,home,1.11,1.11,"[""Betfair Exchange""]","[""odds_api_io""]",1,,
soccer|atus ferlach|sk austria klagenfurt amateure|2026-06-02,spreads|atus ferlach|2.00|away,spreads,ATUS Ferlach,2.0,away,1.72,1.3344,"[""Betfair Exchange""]","[""odds_api_io""]",2,33.604,
soccer|atus ferlach|sk austria klagenfurt amateure|2026-06-02,spreads|sk austria klagenfurt amateure|0.25|home,spreads,SK Austria Klagenfurt Amateure,0.25,home,1.01,1.01,"[""Betfair Exchange""]","[""odds_api_io""]",1,,
soccer|atus ferlach|sk austria klagenfurt amateure|2026-06-02,spreads|atus ferlach|-0.25|away,spreads,ATUS Ferlach,-0.25,away,5.63,5.63,"[""Betfair Exchange""]","[""odds_api_io""]",1,,
soccer|atus ferlach|sk austria klagenfurt amateure|2026-06-02,spreads|sk austria klagenfurt amateure|-1.00|home,spreads,SK Austria Klagenfurt Amateure,-1.0,home,1.11,1.11,"[""Betfair Exchange""]","[""odds_api_io""]",1,,
soccer|atus ferlach|sk austria klagenfurt amateure|2026-06-02,spreads|atus ferlach|1.00|away,spreads,ATUS Ferlach,1.0,away,2.88,2.5073,"[""Betfair Exchange""]","[""odds_api_io""]",2,10.323,
soccer|atus ferlach|sk austria klagenfurt amateure|2026-06-02,spreads|sk austria klagenfurt amateure|-1.25|home,spreads,SK Austria Klagenfurt Amateure,-1.25,home,1.11,1.11,"[""Betfair Exchange""]","[""odds_api_io""]",1,,
soccer|atus ferlach|sk austria klagenfurt amateure|2026-06-02,spreads|atus ferlach|1.25|away,spreads,ATUS Ferlach,1.25,away,1.9,1.9,"[""Betfair Exchange""]","[""odds_api_io""]",1,,
soccer|atus ferlach|sk austria klagenfurt amateure|2026-06-02,spreads|sk austria klagenfurt amateure|0.00|home,spreads,SK Austria Klagenfurt Amateure,0.0,home,1.01,1.01,"[""Betfair Exchange""]","[""odds_api_io""]",1,,
soccer|atus ferlach|sk austria klagenfurt amateure|2026-06-02,spreads|atus ferlach|-0.00|away,spreads,ATUS Ferlach,-0.0,away,5.07,5.07,"[""Betfair Exchange""]","[""odds_api_io""]",1,,
soccer|atus ferlach|sk austria klagenfurt amateure|2026-06-02,spreads|sk austria klagenfurt amateure|0.75|home,spreads,SK Austria Klagenfurt Amateure,0.75,home,1.01,1.01,"[""Betfair Exchange""]","[""odds_api_io""]",1,,
soccer|atus ferlach|sk austria klagenfurt amateure|2026-06-02,spreads|atus ferlach|-0.75|away,spreads,ATUS Ferlach,-0.75,away,6.2,6.2,"[""Betfair Exchange""]","[""odds_api_io""]",1,,
soccer|atus ferlach|sk austria klagenfurt amateure|2026-06-02,spreads|sk austria klagenfurt amateure|2.00|home,spreads,SK Austria Klagenfurt Amateure,2.0,home,1.01,1.01,"[""Betfair Exchange""]","[""odds_api_io""]",1,,
soccer|atus ferlach|sk austria klagenfurt amateure|2026-06-02,spreads|atus ferlach|-2.00|away,spreads,ATUS Ferlach,-2.0,away,6.2,6.2,"[""Betfair Exchange""]","[""odds_api_io""]",1,,
soccer|atus ferlach|sk austria klagenfurt amateure|2026-06-02,spreads|sk austria klagenfurt amateure|1.00|home,spreads,SK Austria Klagenfurt Amateure,1.0,home,1.01,1.01,"[""Betfair Exchange""]","[""odds_api_io""]",1,,
soccer|atus ferlach|sk austria klagenfurt amateure|2026-06-02,spreads|atus ferlach|-1.00|away,spreads,ATUS Ferlach,-1.0,away,6.2,6.2,"[""Betfair Exchange""]","[""odds_api_io""]",1,,
soccer|independiente reserves|newells old boys|2026-06-02,h2h|independiente reserve||home,h2h,Independiente Reserve,,home,2.3,2.2767,"[""Bet365"", ""Unibet"", ""Betfair Exchange""]","[""odds_api_io""]",3,0.966,
soccer|independiente reserves|newells old boys|2026-06-02,h2h|draw||,h2h,Draw,,,3.2,3.0829,"[""Bet365"", ""Unibet"", ""Betfair Exchange""]","[""odds_api_io""]",3,2.083,
soccer|independiente reserves|newells old boys|2026-06-02,h2h|newells old boys||away,h2h,Newells Old Boys,,away,3.45,3.0689,"[""Bet365"", ""Unibet"", ""Betfair Exchange""]","[""odds_api_io""]",3,6.729,
soccer|independiente reserves|newells old boys|2026-06-02,dnb|independiente reserve|0.00|home,dnb,Independiente Reserve,0.0,home,1.62,1.6175,"[""Bet365"", ""Betfair Exchange""]","[""odds_api_io""]",2,0.191,
soccer|independiente reserves|newells old boys|2026-06-02,dnb|newells old boys|0.00|away,dnb,Newells Old Boys,0.0,away,2.38,2.2881,"[""Bet365"", ""Betfair Exchange""]","[""odds_api_io""]",2,3.438,
soccer|independiente reserves|newells old boys|2026-06-02,spreads|independiente reserve|-0.25|home,spreads,Independiente Reserve,-0.25,home,1.975,1.9673,"[""Bet365"", ""Betfair Exchange""]","[""odds_api_io""]",2,0.387,
soccer|independiente reserves|newells old boys|2026-06-02,spreads|newells old boys|0.25|away,spreads,Newells Old Boys,0.25,away,1.9,1.8624,"[""Bet365"", ""Betfair Exchange""]","[""odds_api_io""]",2,2.163,
soccer|independiente reserves|newells old boys|2026-06-02,totals|over|2.25|,totals,Over,2.25,,1.95,1.95,"[""Bet365""]","[""odds_api_io""]",1,,
soccer|independiente reserves|newells old boys|2026-06-02,totals|under|2.25|,totals,Under,2.25,,1.85,1.85,"[""Bet365""]","[""odds_api_io""]",1,,
soccer|independiente reserves|newells old boys|2026-06-02,totals|over|2.50|,totals,Over,2.5,,2.3,2.1822,"[""Bet365"", ""Unibet"", ""Betfair Exchange""]","[""odds_api_io""]",3,6.522,
soccer|independiente reserves|newells old boys|2026-06-02,totals|under|2.50|,totals,Under,2.5,,1.7,1.6528,"[""Bet365"", ""Unibet"", ""Betfair Exchange""]","[""odds_api_io""]",3,3.676,
soccer|independiente reserves|newells old boys|2026-06-02,spreads|independiente reserve|-1.75|home,spreads,Independiente Reserve,-1.75,home,7.17,6.3947,"[""Bet365"", ""Betfair Exchange""]","[""odds_api_io""]",2,3.444,
soccer|independiente reserves|newells old boys|2026-06-02,spreads|newells old boys|1.75|away,spreads,Newells Old Boys,1.75,away,1.14,1.1297,"[""Bet365"", ""Betfair Exchange""]","[""odds_api_io""]",2,1.566,
soccer|independiente reserves|newells old boys|2026-06-02,spreads|independiente reserve|-1.50|home,spreads,Independiente Reserve,-1.5,home,4.97,4.5884,"[""Bet365"", ""Betfair Exchange""]","[""odds_api_io""]",2,3.409,
soccer|independiente reserves|newells old boys|2026-06-02,spreads|newells old boys|1.50|away,spreads,Newells Old Boys,1.5,away,6.4,1.9821,"[""Bet365"", ""Betfair Exchange""]","[""odds_api_io""]",2,68.409,
soccer|independiente reserves|newells old boys|2026-06-02,spreads|independiente reserve|-1.25|home,spreads,Independiente Reserve,-1.25,home,4.55,4.1481,"[""Bet365"", ""Betfair Exchange""]","[""odds_api_io""]",2,4.338,
soccer|independiente reserves|newells old boys|2026-06-02,spreads|newells old boys|1.25|away,spreads,Newells Old Boys,1.25,away,5.9,1.998,"[""Bet365"", ""Betfair Exchange""]","[""odds_api_io""]",2,65.018,
soccer|independiente reserves|newells old boys|2026-06-02,spreads|independiente reserve|-1.00|home,spreads,Independiente Reserve,-1.0,home,4.9,4.0304,"[""Bet365"", ""Betfair Exchange""]","[""odds_api_io""]",3,8.577,
soccer|independiente reserves|newells old boys|2026-06-02,spreads|newells old boys|1.00|away,spreads,Newells Old Boys,1.0,away,5.5,1.8983,"[""Bet365"", ""Betfair Exchange""]","[""odds_api_io""]",3,60.558,
soccer|independiente reserves|newells old boys|2026-06-02,spreads|independiente reserve|-0.75|home,spreads,Independiente Reserve,-0.75,home,2.8,2.7372,"[""Bet365"", ""Betfair Exchange""]","[""odds_api_io""]",2,1.669,
soccer|independiente reserves|newells old boys|2026-06-02,spreads|newells old boys|0.75|away,spreads,Newells Old Boys,0.75,away,3.8,2.103,"[""Bet365"", ""Betfair Exchange""]","[""odds_api_io""]",2,41.711,
soccer|independiente reserves|newells old boys|2026-06-02,spreads|independiente reserve|-0.50|home,spreads,Independiente Reserve,-0.5,home,2.3,2.2752,"[""Bet365"", ""Betfair Exchange""]","[""odds_api_io""]",2,0.966,
soccer|independiente reserves|newells old boys|2026-06-02,spreads|newells old boys|0.50|away,spreads,Newells Old Boys,0.5,away,3.1,2.1589,"[""Bet365"", ""Betfair Exchange""]","[""odds_api_io""]",2,27.622,
soccer|independiente reserves|newells old boys|2026-06-02,spreads|independiente reserve|0.00|home,spreads,Independiente Reserve,0.0,home,1.625,1.6225,"[""Bet365"", ""Betfair Exchange""]","[""odds_api_io""]",2,0.19,
soccer|independiente reserves|newells old boys|2026-06-02,spreads|newells old boys|-0.00|away,spreads,Newells Old Boys,-0.0,away,2.39,2.3192,"[""Bet365"", ""Betfair Exchange""]","[""odds_api_io""]",2,2.603,
soccer|independiente reserves|newells old boys|2026-06-02,spreads|independiente reserve|0.25|home,spreads,Independiente Reserve,0.25,home,1.46,1.4551,"[""Bet365"", ""Betfair Exchange""]","[""odds_api_io""]",2,0.472,
soccer|independiente reserves|newells old boys|2026-06-02,spreads|newells old boys|-0.25|away,spreads,Newells Old Boys,-0.25,away,2.92,2.7944,"[""Bet365"", ""Betfair Exchange""]","[""odds_api_io""]",2,3.137,
soccer|independiente reserves|newells old boys|2026-06-02,spreads|independiente reserve|0.50|home,spreads,Independiente Reserve,0.5,home,1.37,1.3601,"[""Bet365"", ""Betfair Exchange""]","[""odds_api_io""]",2,1.081,
soccer|independiente reserves|newells old boys|2026-06-02,spreads|newells old boys|-0.50|away,spreads,Newells Old Boys,-0.5,away,3.45,2.2239,"[""Bet365"", ""Betfair Exchange""]","[""odds_api_io""]",2,32.553,
soccer|independiente reserves|newells old boys|2026-06-02,spreads|independiente reserve|0.75|home,spreads,Independiente Reserve,0.75,home,1.25,1.2449,"[""Bet365"", ""Betfair Exchange""]","[""odds_api_io""]",2,0.645,
soccer|independiente reserves|newells old boys|2026-06-02,spreads|newells old boys|-0.75|away,spreads,Newells Old Boys,-0.75,away,4.54,2.2188,"[""Bet365"", ""Betfair Exchange""]","[""odds_api_io""]",2,46.939,
soccer|independiente reserves|newells old boys|2026-06-02,spreads|independiente reserve|1.00|home,spreads,Independiente Reserve,1.0,home,1.37,1.2004,"[""Bet365"", ""Betfair Exchange""]","[""odds_api_io""]",3,17.097,
soccer|independiente reserves|newells old boys|2026-06-02,spreads|newells old boys|-1.00|away,spreads,Newells Old Boys,-1.0,away,7.8,2.9487,"[""Bet365"", ""Betfair Exchange""]","[""odds_api_io""]",3,64.103,
soccer|independiente reserves|newells old boys|2026-06-02,spreads|independiente reserve|1.25|home,spreads,Independiente Reserve,1.25,home,1.13,1.1145,"[""Bet365"", ""Betfair Exchange""]","[""odds_api_io""]",2,2.414,
soccer|independiente reserves|newells old boys|2026-06-02,spreads|newells old boys|-1.25|away,spreads,Newells Old Boys,-1.25,away,8.2,2.1987,"[""Bet365"", ""Betfair Exchange""]","[""odds_api_io""]",2,67.805,
soccer|independiente reserves|newells old boys|2026-06-02,spreads|independiente reserve|1.50|home,spreads,Independiente Reserve,1.5,home,1.115,1.1021,"[""Bet365"", ""Betfair Exchange""]","[""odds_api_io""]",2,2.057,
soccer|independiente reserves|newells old boys|2026-06-02,spreads|newells old boys|-1.50|away,spreads,Newells Old Boys,-1.5,away,7.89,2.1266,"[""Bet365"", ""Betfair Exchange""]","[""odds_api_io""]",2,69.97,
soccer|independiente reserves|newells old boys|2026-06-02,doubleChance|1x||,doubleChance,1X,,,1.37,1.3355,"[""Unibet"", ""Betfair Exchange""]","[""odds_api_io""]",2,3.93,
soccer|independiente reserves|newells old boys|2026-06-02,doubleChance|12||,doubleChance,12,,,1.41,1.3285,"[""Unibet"", ""Betfair Exchange""]","[""odds_api_io""]",2,9.078,
soccer|independiente reserves|newells old boys|2026-06-02,doubleChance|x2||,doubleChance,X2,,,1.67,1.5623,"[""Unibet"", ""Betfair Exchange""]","[""odds_api_io""]",2,8.613,
soccer|independiente reserves|newells old boys|2026-06-02,totals|over|1.50|,totals,Over,1.5,,1.32,1.32,"[""Unibet""]","[""odds_api_io""]",1,,
soccer|independiente reserves|newells old boys|2026-06-02,totals|under|1.50|,totals,Under,1.5,,2.95,2.95,"[""Unibet""]","[""odds_api_io""]",1,,
soccer|independiente reserves|newells old boys|2026-06-02,totals|over|3.50|,totals,Over,3.5,,3.5,3.5,"[""Unibet""]","[""odds_api_io""]",1,,
soccer|independiente reserves|newells old boys|2026-06-02,totals|under|3.50|,totals,Under,3.5,,1.23,1.23,"[""Unibet""]","[""odds_api_io""]",1,,
soccer|independiente reserves|newells old boys|2026-06-02,spreads|independiente reserve|-2.75|home,spreads,Independiente Reserve,-2.75,home,19.09,19.09,"[""Betfair Exchange""]","[""odds_api_io""]",1,,
soccer|independiente reserves|newells old boys|2026-06-02,spreads|newells old boys|2.75|away,spreads,Newells Old Boys,2.75,away,1.03,1.03,"[""Betfair Exchange""]","[""odds_api_io""]",1,,
soccer|independiente reserves|newells old boys|2026-06-02,spreads|independiente reserve|-2.00|home,spreads,Independiente Reserve,-2.0,home,12.5,11.8973,"[""Betfair Exchange""]","[""odds_api_io""]",2,0.811,
soccer|independiente reserves|newells old boys|2026-06-02,spreads|newells old boys|2.00|away,spreads,Newells Old Boys,2.0,away,1.19,1.1156,"[""Betfair Exchange""]","[""odds_api_io""]",2,11.204,
soccer|independiente reserves|newells old boys|2026-06-02,spreads|independiente reserve|-2.50|home,spreads,Independiente Reserve,-2.5,home,12.5,12.5,"[""Betfair Exchange""]","[""odds_api_io""]",1,,
soccer|independiente reserves|newells old boys|2026-06-02,spreads|newells old boys|2.50|away,spreads,Newells Old Boys,2.5,away,1.05,1.05,"[""Betfair Exchange""]","[""odds_api_io""]",1,,
soccer|independiente reserves|newells old boys|2026-06-02,spreads|independiente reserve|-2.25|home,spreads,Independiente Reserve,-2.25,home,11.92,11.92,"[""Betfair Exchange""]","[""odds_api_io""]",1,,
soccer|independiente reserves|newells old boys|2026-06-02,spreads|newells old boys|2.25|away,spreads,Newells Old Boys,2.25,away,1.05,1.05,"[""Betfair Exchange""]","[""odds_api_io""]",1,,
soccer|independiente reserves|newells old boys|2026-06-02,spreads|independiente reserve|1.75|home,spreads,Independiente Reserve,1.75,home,1.05,1.05,"[""Betfair Exchange""]","[""odds_api_io""]",1,,
soccer|independiente reserves|newells old boys|2026-06-02,spreads|newells old boys|-1.75|away,spreads,Newells Old Boys,-1.75,away,12.88,12.88,"[""Betfair Exchange""]","[""odds_api_io""]",1,,
soccer|independiente reserves|newells old boys|2026-06-02,totals|over|1.00|,totals,Over,1.0,,1.11,1.11,"[""Betfair Exchange""]","[""odds_api_io""]",1,,
soccer|independiente reserves|newells old boys|2026-06-02,totals|under|1.00|,totals,Under,1.0,,6.58,6.58,"[""Betfair Exchange""]","[""odds_api_io""]",1,,
soccer|independiente reserves|newells old boys|2026-06-02,totals|over|0.75|,totals,Over,0.75,,1.1,1.1,"[""Betfair Exchange""]","[""odds_api_io""]",1,,
soccer|independiente reserves|newells old boys|2026-06-02,totals|under|0.75|,totals,Under,0.75,,7.38,7.38,"[""Betfair Exchange""]","[""odds_api_io""]",1,,
soccer|independiente reserves|newells old boys|2026-06-02,totals|over|4.50|,totals,Over,4.5,,9.33,9.33,"[""Betfair Exchange""]","[""odds_api_io""]",1,,
soccer|independiente reserves|newells old boys|2026-06-02,totals|under|4.50|,totals,Under,4.5,,1.09,1.09,"[""Betfair Exchange""]","[""odds_api_io""]",1,,
soccer|ca river plate arg|ca tigre reserves|2026-06-02,h2h|ca tigre reserve||home,h2h,CA Tigre Reserve,,home,3.95,3.7155,"[""Bet365"", ""Betfair Exchange""]","[""odds_api_io""]",2,3.255,
soccer|ca river plate arg|ca tigre reserves|2026-06-02,h2h|draw||,h2h,Draw,,,3.7,3.599,"[""Bet365"", ""Betfair Exchange""]","[""odds_api_io""]",2,1.544,
soccer|ca river plate arg|ca tigre reserves|2026-06-02,h2h|ca river plate (arg)||away,h2h,CA River Plate (Arg),,away,1.94,1.886,"[""Bet365"", ""Betfair Exchange""]","[""odds_api_io""]",2,3.009,
soccer|ca river plate arg|ca tigre reserves|2026-06-02,dnb|ca tigre reserve|0.00|home,dnb,CA Tigre Reserve,0.0,home,2.9,2.8244,"[""Bet365"", ""Betfair Exchange""]","[""odds_api_io""]",2,1.881,
soccer|ca river plate arg|ca tigre reserves|2026-06-02,dnb|ca river plate (arg)|0.00|away,dnb,CA River Plate (Arg),0.0,away,1.43,1.4151,"[""Bet365"", ""Betfair Exchange""]","[""odds_api_io""]",2,1.499,
soccer|ca river plate arg|ca tigre reserves|2026-06-02,spreads|ca tigre reserve|0.50|home,spreads,CA Tigre Reserve,0.5,home,1.94,1.9202,"[""Bet365"", ""Betfair Exchange""]","[""odds_api_io""]",2,1.085,
soccer|ca river plate arg|ca tigre reserves|2026-06-02,spreads|ca river plate (arg)|-0.50|away,spreads,CA River Plate (Arg),-0.5,away,1.94,1.9202,"[""Bet365"", ""Betfair Exchange""]","[""odds_api_io""]",2,1.085,
soccer|ca river plate arg|ca tigre reserves|2026-06-02,totals|over|2.50|,totals,Over,2.5,,2.01,1.9545,"[""Bet365"", ""Betfair Exchange""]","[""odds_api_io""]",2,2.88,
soccer|ca river plate arg|ca tigre reserves|2026-06-02,totals|under|2.50|,totals,Under,2.5,,1.9,1.8949,"[""Bet365"", ""Betfair Exchange""]","[""odds_api_io""]",2,0.278,
soccer|ca river plate arg|ca tigre reserves|2026-06-02,spreads|ca tigre reserve|-0.50|home,spreads,CA Tigre Reserve,-0.5,home,3.95,3.743,"[""Bet365"", ""Betfair Exchange""]","[""odds_api_io""]",2,2.853,
soccer|ca river plate arg|ca tigre reserves|2026-06-02,spreads|ca river plate (arg)|0.50|away,spreads,CA River Plate (Arg),0.5,away,1.29,1.2826,"[""Bet365"", ""Betfair Exchange""]","[""odds_api_io""]",2,0.912,
soccer|ca river plate arg|ca tigre reserves|2026-06-02,spreads|ca tigre reserve|1.50|home,spreads,CA Tigre Reserve,1.5,home,1.35,1.3188,"[""Bet365"", ""Betfair Exchange""]","[""odds_api_io""]",2,3.445,
soccer|ca river plate arg|ca tigre reserves|2026-06-02,spreads|ca river plate (arg)|-1.50|away,spreads,CA River Plate (Arg),-1.5,away,3.79,3.4167,"[""Bet365"", ""Betfair Exchange""]","[""odds_api_io""]",2,5.873,
soccer|ca river plate arg|ca tigre reserves|2026-06-02,spreads|ca tigre reserve|2.25|home,spreads,CA Tigre Reserve,2.25,home,1.14,1.1193,"[""Bet365"", ""Betfair Exchange""]","[""odds_api_io""]",2,3.19,
soccer|ca river plate arg|ca tigre reserves|2026-06-02,spreads|ca river plate (arg)|-2.25|away,spreads,CA River Plate (Arg),-2.25,away,8.58,6.9104,"[""Bet365"", ""Betfair Exchange""]","[""odds_api_io""]",2,5.736,
soccer|ca river plate arg|ca tigre reserves|2026-06-02,spreads|ca tigre reserve|1.75|home,spreads,CA Tigre Reserve,1.75,home,1.25,1.224,"[""Bet365"", ""Betfair Exchange""]","[""odds_api_io""]",2,3.333,
soccer|ca river plate arg|ca tigre reserves|2026-06-02,spreads|ca river plate (arg)|-1.75|away,spreads,CA River Plate (Arg),-1.75,away,4.98,4.3213,"[""Bet365"", ""Betfair Exchange""]","[""odds_api_io""]",2,6.235,
soccer|ca river plate arg|ca tigre reserves|2026-06-02,spreads|ca tigre reserve|-1.00|home,spreads,CA Tigre Reserve,-1.0,home,11.0,8.6884,"[""Bet365"", ""Betfair Exchange""]","[""odds_api_io""]",3,5.615,
soccer|ca river plate arg|ca tigre reserves|2026-06-02,spreads|ca river plate (arg)|1.00|away,spreads,CA River Plate (Arg),1.0,away,2.425,1.4181,"[""Bet365"", ""Betfair Exchange""]","[""odds_api_io""]",3,50.506,
soccer|ca river plate arg|ca tigre reserves|2026-06-02,spreads|ca tigre reserve|-0.75|home,spreads,CA Tigre Reserve,-0.75,home,5.34,4.9774,"[""Bet365"", ""Betfair Exchange""]","[""odds_api_io""]",2,2.779,
soccer|ca river plate arg|ca tigre reserves|2026-06-02,spreads|ca river plate (arg)|0.75|away,spreads,CA River Plate (Arg),0.75,away,2.075,1.5051,"[""Bet365"", ""Betfair Exchange""]","[""odds_api_io""]",2,35.841,
soccer|ca river plate arg|ca tigre reserves|2026-06-02,spreads|ca tigre reserve|-0.25|home,spreads,CA Tigre Reserve,-0.25,home,3.43,3.3649,"[""Bet365"", ""Betfair Exchange""]","[""odds_api_io""]",2,1.149,
soccer|ca river plate arg|ca tigre reserves|2026-06-02,spreads|ca river plate (arg)|0.25|away,spreads,CA River Plate (Arg),0.25,away,1.625,1.4662,"[""Bet365"", ""Betfair Exchange""]","[""odds_api_io""]",2,13.088,
soccer|ca river plate arg|ca tigre reserves|2026-06-02,spreads|ca tigre reserve|0.00|home,spreads,CA Tigre Reserve,0.0,home,2.91,2.8802,"[""Bet365"", ""Betfair Exchange""]","[""odds_api_io""]",2,0.723,
soccer|ca river plate arg|ca tigre reserves|2026-06-02,spreads|ca river plate (arg)|-0.00|away,spreads,CA River Plate (Arg),-0.0,away,1.43,1.4151,"[""Bet365"", ""Betfair Exchange""]","[""odds_api_io""]",2,1.499,
soccer|ca river plate arg|ca tigre reserves|2026-06-02,spreads|ca tigre reserve|0.25|home,spreads,CA Tigre Reserve,0.25,home,2.26,2.2551,"[""Bet365"", ""Betfair Exchange""]","[""odds_api_io""]",2,0.197,
soccer|ca river plate arg|ca tigre reserves|2026-06-02,spreads|ca river plate (arg)|-0.25|away,spreads,CA River Plate (Arg),-0.25,away,1.68,1.4847,"[""Bet365"", ""Betfair Exchange""]","[""odds_api_io""]",2,15.948,
soccer|ca river plate arg|ca tigre reserves|2026-06-02,spreads|ca tigre reserve|0.75|home,spreads,CA Tigre Reserve,0.75,home,1.725,1.707,"[""Bet365"", ""Betfair Exchange""]","[""odds_api_io""]",2,1.201,
soccer|ca river plate arg|ca tigre reserves|2026-06-02,spreads|ca river plate (arg)|-0.75|away,spreads,CA River Plate (Arg),-0.75,away,2.25,1.5569,"[""Bet365"", ""Betfair Exchange""]","[""odds_api_io""]",2,40.301,
soccer|ca river plate arg|ca tigre reserves|2026-06-02,spreads|ca tigre reserve|1.00|home,spreads,CA Tigre Reserve,1.0,home,1.94,1.6091,"[""Bet365"", ""Betfair Exchange""]","[""odds_api_io""]",3,17.898,
soccer|ca river plate arg|ca tigre reserves|2026-06-02,spreads|ca river plate (arg)|-1.00|away,spreads,CA River Plate (Arg),-1.0,away,3.75,1.9941,"[""Bet365"", ""Betfair Exchange""]","[""odds_api_io""]",3,63.831,
soccer|ca river plate arg|ca tigre reserves|2026-06-02,spreads|ca tigre reserve|1.25|home,spreads,CA Tigre Reserve,1.25,home,1.425,1.3858,"[""Bet365"", ""Betfair Exchange""]","[""odds_api_io""]",2,3.899,
soccer|ca river plate arg|ca tigre reserves|2026-06-02,spreads|ca river plate (arg)|-1.25|away,spreads,CA River Plate (Arg),-1.25,away,3.33,3.0176,"[""Bet365"", ""Betfair Exchange""]","[""odds_api_io""]",2,6.334,
soccer|ca river plate arg|ca tigre reserves|2026-06-02,spreads|ca tigre reserve|2.00|home,spreads,CA Tigre Reserve,2.0,home,1.29,1.1822,"[""Bet365"", ""Betfair Exchange""]","[""odds_api_io""]",3,12.571,
soccer|ca river plate arg|ca tigre reserves|2026-06-02,spreads|ca river plate (arg)|-2.00|away,spreads,CA River Plate (Arg),-2.0,away,9.2,7.0809,"[""Bet365"", ""Betfair Exchange""]","[""odds_api_io""]",3,8.178,
soccer|ca river plate arg|ca tigre reserves|2026-06-02,spreads|ca tigre reserve|2.50|home,spreads,CA Tigre Reserve,2.5,home,1.125,1.1069,"[""Bet365"", ""Betfair Exchange""]","[""odds_api_io""]",2,2.854,
soccer|ca river plate arg|ca tigre reserves|2026-06-02,spreads|ca river plate (arg)|-2.50|away,spreads,CA River Plate (Arg),-2.5,away,9.24,7.3038,"[""Bet365"", ""Betfair Exchange""]","[""odds_api_io""]",2,5.844,
soccer|ca river plate arg|ca tigre reserves|2026-06-02,doubleChance|1x||,doubleChance,1X,,,1.94,1.94,"[""Betfair Exchange""]","[""odds_api_io""]",1,,
soccer|ca river plate arg|ca tigre reserves|2026-06-02,doubleChance|12||,doubleChance,12,,,1.35,1.35,"[""Betfair Exchange""]","[""odds_api_io""]",1,,
soccer|ca river plate arg|ca tigre reserves|2026-06-02,doubleChance|x2||,doubleChance,X2,,,1.29,1.29,"[""Betfair Exchange""]","[""odds_api_io""]",1,,
soccer|ca river plate arg|ca tigre reserves|2026-06-02,spreads|ca tigre reserve|2.75|home,spreads,CA Tigre Reserve,2.75,home,1.06,1.06,"[""Betfair Exchange""]","[""odds_api_io""]",1,,
soccer|ca river plate arg|ca tigre reserves|2026-06-02,spreads|ca river plate (arg)|-2.75|away,spreads,CA River Plate (Arg),-2.75,away,12.6,12.6,"[""Betfair Exchange""]","[""odds_api_io""]",1,,
soccer|ca river plate arg|ca tigre reserves|2026-06-02,spreads|ca tigre reserve|-1.25|home,spreads,CA Tigre Reserve,-1.25,home,10.11,10.11,"[""Betfair Exchange""]","[""odds_api_io""]",1,,
soccer|ca river plate arg|ca tigre reserves|2026-06-02,spreads|ca river plate (arg)|1.25|away,spreads,CA River Plate (Arg),1.25,away,1.08,1.08,"[""Betfair Exchange""]","[""odds_api_io""]",1,,
soccer|ca river plate arg|ca tigre reserves|2026-06-02,spreads|ca tigre reserve|-1.75|home,spreads,CA Tigre Reserve,-1.75,home,16.68,16.68,"[""Betfair Exchange""]","[""odds_api_io""]",1,,
soccer|ca river plate arg|ca tigre reserves|2026-06-02,spreads|ca river plate (arg)|1.75|away,spreads,CA River Plate (Arg),1.75,away,1.04,1.04,"[""Betfair Exchange""]","[""odds_api_io""]",1,,
soccer|ca river plate arg|ca tigre reserves|2026-06-02,spreads|ca tigre reserve|3.00|home,spreads,CA Tigre Reserve,3.0,home,1.09,1.0592,"[""Betfair Exchange""]","[""odds_api_io""]",2,5.344,
soccer|ca river plate arg|ca tigre reserves|2026-06-02,spreads|ca river plate (arg)|-3.00|away,spreads,CA River Plate (Arg),-3.0,away,20.61,20.0396,"[""Betfair Exchange""]","[""odds_api_io""]",2,0.276,
soccer|ca river plate arg|ca tigre reserves|2026-06-02,spreads|ca tigre reserve|3.25|home,spreads,CA Tigre Reserve,3.25,home,1.03,1.03,"[""Betfair Exchange""]","[""odds_api_io""]",1,,
soccer|ca river plate arg|ca tigre reserves|2026-06-02,spreads|ca river plate (arg)|-3.25|away,spreads,CA River Plate (Arg),-3.25,away,21.3,21.3,"[""Betfair Exchange""]","[""odds_api_io""]",1,,
soccer|ca river plate arg|ca tigre reserves|2026-06-02,spreads|ca tigre reserve|-2.25|home,spreads,CA Tigre Reserve,-2.25,home,37.85,37.85,"[""Betfair Exchange""]","[""odds_api_io""]",1,,
soccer|ca river plate arg|ca tigre reserves|2026-06-02,spreads|ca river plate (arg)|2.25|away,spreads,CA River Plate (Arg),2.25,away,1.01,1.01,"[""Betfair Exchange""]","[""odds_api_io""]",1,,
soccer|ca river plate arg|ca tigre reserves|2026-06-02,spreads|ca tigre reserve|-2.50|home,spreads,CA Tigre Reserve,-2.5,home,39.13,39.13,"[""Betfair Exchange""]","[""odds_api_io""]",1,,
soccer|ca river plate arg|ca tigre reserves|2026-06-02,spreads|ca river plate (arg)|2.50|away,spreads,CA River Plate (Arg),2.5,away,1.01,1.01,"[""Betfair Exchange""]","[""odds_api_io""]",1,,
soccer|ca river plate arg|ca tigre reserves|2026-06-02,spreads|ca tigre reserve|-1.50|home,spreads,CA Tigre Reserve,-1.5,home,11.0,11.0,"[""Betfair Exchange""]","[""odds_api_io""]",1,,
soccer|ca river plate arg|ca tigre reserves|2026-06-02,spreads|ca river plate (arg)|1.50|away,spreads,CA River Plate (Arg),1.5,away,1.08,1.08,"[""Betfair Exchange""]","[""odds_api_io""]",1,,
soccer|ca river plate arg|ca tigre reserves|2026-06-02,spreads|ca tigre reserve|-2.75|home,spreads,CA Tigre Reserve,-2.75,home,45.16,45.16,"[""Betfair Exchange""]","[""odds_api_io""]",1,,
soccer|ca river plate arg|ca tigre reserves|2026-06-02,spreads|ca river plate (arg)|2.75|away,spreads,CA River Plate (Arg),2.75,away,1.01,1.01,"[""Betfair Exchange""]","[""odds_api_io""]",1,,
soccer|ca river plate arg|ca tigre reserves|2026-06-02,totals|over|2.75|,totals,Over,2.75,,2.3,2.3,"[""Betfair Exchange""]","[""odds_api_io""]",1,,
soccer|ca river plate arg|ca tigre reserves|2026-06-02,totals|under|2.75|,totals,Under,2.75,,1.6,1.6,"[""Betfair Exchange""]","[""odds_api_io""]",1,,
soccer|ca river plate arg|ca tigre reserves|2026-06-02,totals|over|2.25|,totals,Over,2.25,,1.75,1.75,"[""Betfair Exchange""]","[""odds_api_io""]",1,,
soccer|ca river plate arg|ca tigre reserves|2026-06-02,totals|under|2.25|,totals,Under,2.25,,2.15,2.15,"[""Betfair Exchange""]","[""odds_api_io""]",1,,
soccer|ca river plate arg|ca tigre reserves|2026-06-02,totals|over|2.00|,totals,Over,2.0,,1.5,1.5,"[""Betfair Exchange""]","[""odds_api_io""]",1,,
soccer|ca river plate arg|ca tigre reserves|2026-06-02,totals|under|2.00|,totals,Under,2.0,,2.62,2.62,"[""Betfair Exchange""]","[""odds_api_io""]",1,,
soccer|ca river plate arg|ca tigre reserves|2026-06-02,totals|over|1.25|,totals,Over,1.25,,1.21,1.21,"[""Betfair Exchange""]","[""odds_api_io""]",1,,
soccer|ca river plate arg|ca tigre reserves|2026-06-02,totals|under|1.25|,totals,Under,1.25,,5.05,5.05,"[""Betfair Exchange""]","[""odds_api_io""]",1,,
soccer|ca river plate arg|ca tigre reserves|2026-06-02,totals|over|1.50|,totals,Over,1.5,,1.33,1.33,"[""Betfair Exchange""]","[""odds_api_io""]",1,,
soccer|ca river plate arg|ca tigre reserves|2026-06-02,totals|under|1.50|,totals,Under,1.5,,3.7,3.7,"[""Betfair Exchange""]","[""odds_api_io""]",1,,
soccer|ca river plate arg|ca tigre reserves|2026-06-02,totals|over|3.25|,totals,Over,3.25,,3.22,3.22,"[""Betfair Exchange""]","[""odds_api_io""]",1,,
soccer|ca river plate arg|ca tigre reserves|2026-06-02,totals|under|3.25|,totals,Under,3.25,,1.38,1.38,"[""Betfair Exchange""]","[""odds_api_io""]",1,,
soccer|ca river plate arg|ca tigre reserves|2026-06-02,totals|over|3.75|,totals,Over,3.75,,4.57,4.57,"[""Betfair Exchange""]","[""odds_api_io""]",1,,
soccer|ca river plate arg|ca tigre reserves|2026-06-02,totals|under|3.75|,totals,Under,3.75,,1.21,1.21,"[""Betfair Exchange""]","[""odds_api_io""]",1,,
soccer|ca river plate arg|ca tigre reserves|2026-06-02,totals|over|3.50|,totals,Over,3.5,,3.63,3.63,"[""Betfair Exchange""]","[""odds_api_io""]",1,,
soccer|ca river plate arg|ca tigre reserves|2026-06-02,totals|under|3.50|,totals,Under,3.5,,1.34,1.34,"[""Betfair Exchange""]","[""odds_api_io""]",1,,
soccer|ca river plate arg|ca tigre reserves|2026-06-02,totals|over|0.75|,totals,Over,0.75,,1.07,1.07,"[""Betfair Exchange""]","[""odds_api_io""]",1,,
soccer|ca river plate arg|ca tigre reserves|2026-06-02,totals|under|0.75|,totals,Under,0.75,,10.1,10.1,"[""Betfair Exchange""]","[""odds_api_io""]",1,,
soccer|ca river plate arg|ca tigre reserves|2026-06-02,totals|over|1.00|,totals,Over,1.0,,1.08,1.08,"[""Betfair Exchange""]","[""odds_api_io""]",1,,
soccer|ca river plate arg|ca tigre reserves|2026-06-02,totals|under|1.00|,totals,Under,1.0,,9.1,9.1,"[""Betfair Exchange""]","[""odds_api_io""]",1,,
soccer|ca river plate arg|ca tigre reserves|2026-06-02,totals|over|3.00|,totals,Over,3.0,,2.82,2.82,"[""Betfair Exchange""]","[""odds_api_io""]",1,,
soccer|ca river plate arg|ca tigre reserves|2026-06-02,totals|under|3.00|,totals,Under,3.0,,1.44,1.44,"[""Betfair Exchange""]","[""odds_api_io""]",1,,
soccer|ca river plate arg|ca tigre reserves|2026-06-02,totals|over|1.75|,totals,Over,1.75,,1.4,1.4,"[""Betfair Exchange""]","[""odds_api_io""]",1,,
soccer|ca river plate arg|ca tigre reserves|2026-06-02,totals|under|1.75|,totals,Under,1.75,,3.04,3.04,"[""Betfair Exchange""]","[""odds_api_io""]",1,,
soccer|ca river plate arg|ca tigre reserves|2026-06-02,totals|over|4.25|,totals,Over,4.25,,7.11,7.11,"[""Betfair Exchange""]","[""odds_api_io""]",1,,
soccer|ca river plate arg|ca tigre reserves|2026-06-02,totals|under|4.25|,totals,Under,4.25,,1.12,1.12,"[""Betfair Exchange""]","[""odds_api_io""]",1,,
soccer|ca river plate arg|ca tigre reserves|2026-06-02,totals|over|4.50|,totals,Over,4.5,,7.66,7.66,"[""Betfair Exchange""]","[""odds_api_io""]",1,,
soccer|ca river plate arg|ca tigre reserves|2026-06-02,totals|under|4.50|,totals,Under,4.5,,1.12,1.12,"[""Betfair Exchange""]","[""odds_api_io""]",1,,
soccer|ca river plate arg|ca tigre reserves|2026-06-02,totals|over|4.00|,totals,Over,4.0,,6.55,6.55,"[""Betfair Exchange""]","[""odds_api_io""]",1,,
soccer|ca river plate arg|ca tigre reserves|2026-06-02,totals|under|4.00|,totals,Under,4.0,,1.13,1.13,"[""Betfair Exchange""]","[""odds_api_io""]",1,,
soccer|ca river plate arg|ca tigre reserves|2026-06-02,totals|over|5.00|,totals,Over,5.0,,16.65,16.65,"[""Betfair Exchange""]","[""odds_api_io""]",1,,
soccer|ca river plate arg|ca tigre reserves|2026-06-02,totals|under|5.00|,totals,Under,5.0,,1.04,1.04,"[""Betfair Exchange""]","[""odds_api_io""]",1,,
soccer|ca river plate arg|ca tigre reserves|2026-06-02,totals|over|4.75|,totals,Over,4.75,,10.35,10.35,"[""Betfair Exchange""]","[""odds_api_io""]",1,,
soccer|ca river plate arg|ca tigre reserves|2026-06-02,totals|under|4.75|,totals,Under,4.75,,1.07,1.07,"[""Betfair Exchange""]","[""odds_api_io""]",1,,
soccer|ca river plate arg|ca tigre reserves|2026-06-02,totals|over|5.25|,totals,Over,5.25,,17.32,17.32,"[""Betfair Exchange""]","[""odds_api_io""]",1,,
soccer|ca river plate arg|ca tigre reserves|2026-06-02,totals|under|5.25|,totals,Under,5.25,,1.04,1.04,"[""Betfair Exchange""]","[""odds_api_io""]",1,,
soccer|ca river plate arg|ca tigre reserves|2026-06-02,totals|over|0.50|,totals,Over,0.5,,1.07,1.07,"[""Betfair Exchange""]","[""odds_api_io""]",1,,
soccer|ca river plate arg|ca tigre reserves|2026-06-02,totals|under|0.50|,totals,Under,0.5,,12.11,12.11,"[""Betfair Exchange""]","[""odds_api_io""]",1,,
soccer|ca river plate arg|ca tigre reserves|2026-06-02,totals|over|5.75|,totals,Over,5.75,,26.13,26.13,"[""Betfair Exchange""]","[""odds_api_io""]",1,,
soccer|ca river plate arg|ca tigre reserves|2026-06-02,totals|under|5.75|,totals,Under,5.75,,1.01,1.01,"[""Betfair Exchange""]","[""odds_api_io""]",1,,
soccer|ca river plate arg|ca tigre reserves|2026-06-02,totals|over|6.50|,totals,Over,6.5,,51.0,51.0,"[""Betfair Exchange""]","[""odds_api_io""]",1,,
soccer|ca river plate arg|ca tigre reserves|2026-06-02,totals|under|6.50|,totals,Under,6.5,,1.01,1.01,"[""Betfair Exchange""]","[""odds_api_io""]",1,,
soccer|ca river plate arg|ca tigre reserves|2026-06-02,totals|over|6.25|,totals,Over,6.25,,50.08,50.08,"[""Betfair Exchange""]","[""odds_api_io""]",1,,
soccer|ca river plate arg|ca tigre reserves|2026-06-02,totals|under|6.25|,totals,Under,6.25,,1.01,1.01,"[""Betfair Exchange""]","[""odds_api_io""]",1,,
soccer|ca river plate arg|ca tigre reserves|2026-06-02,totals|over|6.00|,totals,Over,6.0,,49.16,49.16,"[""Betfair Exchange""]","[""odds_api_io""]",1,,
soccer|ca river plate arg|ca tigre reserves|2026-06-02,totals|under|6.00|,totals,Under,6.0,,1.01,1.01,"[""Betfair Exchange""]","[""odds_api_io""]",1,,
soccer|ca river plate arg|ca tigre reserves|2026-06-02,btts|yes||,btts,Yes,,,1.84,1.84,"[""Betfair Exchange""]","[""odds_api_io""]",1,,
soccer|ca river plate arg|ca tigre reserves|2026-06-02,btts|no||,btts,No,,,2.04,2.04,"[""Betfair Exchange""]","[""odds_api_io""]",1,,
soccer|ca river plate arg|ca tigre reserves|2026-06-02,spreads|ca tigre reserve|-3.00|home,spreads,CA Tigre Reserve,-3.0,home,65.0,65.0,"[""Betfair Exchange""]","[""odds_api_io""]",1,,
soccer|ca river plate arg|ca tigre reserves|2026-06-02,spreads|ca river plate (arg)|3.00|away,spreads,CA River Plate (Arg),3.0,away,1.01,1.01,"[""Betfair Exchange""]","[""odds_api_io""]",1,,
soccer|ca river plate arg|ca tigre reserves|2026-06-02,spreads|ca tigre reserve|-2.00|home,spreads,CA Tigre Reserve,-2.0,home,38.0,38.0,"[""Betfair Exchange""]","[""odds_api_io""]",1,,
soccer|ca river plate arg|ca tigre reserves|2026-06-02,spreads|ca river plate (arg)|2.00|away,spreads,CA River Plate (Arg),2.0,away,1.08,1.08,"[""Betfair Exchange""]","[""odds_api_io""]",1,,
soccer|ca huracan|colon santa fe reserves|2026-06-02,h2h|colon de santa fe reserve||home,h2h,Colon de Santa Fe Reserve,,home,3.1,2.9886,"[""Bet365"", ""Unibet""]","[""odds_api_io""]",2,2.464,
soccer|ca huracan|colon santa fe reserves|2026-06-02,h2h|draw||,h2h,Draw,,,3.3,3.1299,"[""Bet365"", ""Unibet"", ""Betfair Exchange""]","[""odds_api_io""]",3,3.595,
soccer|ca huracan|colon santa fe reserves|2026-06-02,h2h|ca huracan||away,h2h,CA Huracan,,away,2.28,2.1845,"[""Bet365"", ""Unibet"", ""Betfair Exchange""]","[""odds_api_io""]",3,4.921,
soccer|ca huracan|colon santa fe reserves|2026-06-02,dnb|colon de santa fe reserve|0.00|home,dnb,Colon de Santa Fe Reserve,0.0,home,2.25,2.25,"[""Bet365""]","[""odds_api_io""]",1,,
soccer|ca huracan|colon santa fe reserves|2026-06-02,dnb|ca huracan|0.00|away,dnb,CA Huracan,0.0,away,1.571,1.571,"[""Bet365""]","[""odds_api_io""]",1,,
soccer|ca huracan|colon santa fe reserves|2026-06-02,spreads|colon de santa fe reserve|0.25|home,spreads,Colon de Santa Fe Reserve,0.25,home,2.01,1.9801,"[""Bet365"", ""Betfair Exchange""]","[""odds_api_io""]",2,1.531,
soccer|ca huracan|colon santa fe reserves|2026-06-02,spreads|ca huracan|-0.25|away,spreads,CA Huracan,-0.25,away,1.9,1.8751,"[""Bet365"", ""Betfair Exchange""]","[""odds_api_io""]",2,1.422,
soccer|ca huracan|colon santa fe reserves|2026-06-02,totals|over|2.00|,totals,Over,2.0,,1.775,1.775,"[""Bet365""]","[""odds_api_io""]",1,,
soccer|ca huracan|colon santa fe reserves|2026-06-02,totals|under|2.00|,totals,Under,2.0,,2.025,2.025,"[""Bet365""]","[""odds_api_io""]",1,,
soccer|ca huracan|colon santa fe reserves|2026-06-02,totals|over|2.50|,totals,Over,2.5,,2.35,2.2318,"[""Bet365"", ""Unibet""]","[""odds_api_io""]",2,4.617,
soccer|ca huracan|colon santa fe reserves|2026-06-02,totals|under|2.50|,totals,Under,2.5,,1.6,1.585,"[""Bet365"", ""Unibet""]","[""odds_api_io""]",2,1.154,
soccer|ca huracan|colon santa fe reserves|2026-06-02,spreads|colon de santa fe reserve|-1.50|home,spreads,Colon de Santa Fe Reserve,-1.5,home,9.71,8.0243,"[""Bet365"", ""Betfair Exchange""]","[""odds_api_io""]",2,4.407,
soccer|ca huracan|colon santa fe reserves|2026-06-02,spreads|ca huracan|1.50|away,spreads,CA Huracan,1.5,away,4.0,1.6708,"[""Bet365"", ""Betfair Exchange""]","[""odds_api_io""]",2,68.458,
soccer|ca huracan|colon santa fe reserves|2026-06-02,spreads|colon de santa fe reserve|1.50|home,spreads,Colon de Santa Fe Reserve,1.5,home,1.23,1.2145,"[""Bet365"", ""Betfair Exchange""]","[""odds_api_io""]",2,2.033,
soccer|ca huracan|colon santa fe reserves|2026-06-02,spreads|ca huracan|-1.50|away,spreads,CA Huracan,-1.5,away,5.0,1.8312,"[""Bet365"", ""Betfair Exchange""]","[""odds_api_io""]",2,70.498,
soccer|ca huracan|colon santa fe reserves|2026-06-02,spreads|colon de santa fe reserve|-1.25|home,spreads,Colon de Santa Fe Reserve,-1.25,home,8.91,7.4715,"[""Bet365"", ""Betfair Exchange""]","[""odds_api_io""]",2,4.402,
soccer|ca huracan|colon santa fe reserves|2026-06-02,spreads|ca huracan|1.25|away,spreads,CA Huracan,1.25,away,3.55,1.6402,"[""Bet365"", ""Betfair Exchange""]","[""odds_api_io""]",2,64.424,
soccer|ca huracan|colon santa fe reserves|2026-06-02,spreads|colon de santa fe reserve|-1.00|home,spreads,Colon de Santa Fe Reserve,-1.0,home,8.12,6.854,"[""Bet365"", ""Betfair Exchange""]","[""odds_api_io""]",2,4.634,
soccer|ca huracan|colon santa fe reserves|2026-06-02,spreads|ca huracan|1.00|away,spreads,CA Huracan,1.0,away,3.3,1.6239,"[""Bet365"", ""Betfair Exchange""]","[""odds_api_io""]",2,61.44,
soccer|ca huracan|colon santa fe reserves|2026-06-02,spreads|colon de santa fe reserve|-0.75|home,spreads,Colon de Santa Fe Reserve,-0.75,home,4.96,4.3761,"[""Bet365"", ""Betfair Exchange""]","[""odds_api_io""]",2,5.48,
soccer|ca huracan|colon santa fe reserves|2026-06-02,spreads|ca huracan|0.75|away,spreads,CA Huracan,0.75,away,2.425,1.6047,"[""Bet365"", ""Betfair Exchange""]","[""odds_api_io""]",2,41.408,
soccer|ca huracan|colon santa fe reserves|2026-06-02,spreads|colon de santa fe reserve|-0.50|home,spreads,Colon de Santa Fe Reserve,-0.5,home,3.75,3.4,"[""Bet365"", ""Betfair Exchange""]","[""odds_api_io""]",2,5.591,
soccer|ca huracan|colon santa fe reserves|2026-06-02,spreads|ca huracan|0.50|away,spreads,CA Huracan,0.5,away,2.1,1.622,"[""Bet365"", ""Betfair Exchange""]","[""odds_api_io""]",2,27.569,
soccer|ca huracan|colon santa fe reserves|2026-06-02,spreads|colon de santa fe reserve|-0.25|home,spreads,Colon de Santa Fe Reserve,-0.25,home,3.17,2.9489,"[""Bet365"", ""Betfair Exchange""]","[""odds_api_io""]",2,4.818,
soccer|ca huracan|colon santa fe reserves|2026-06-02,spreads|ca huracan|0.25|away,spreads,CA Huracan,0.25,away,1.425,1.4173,"[""Bet365"", ""Betfair Exchange""]","[""odds_api_io""]",2,0.747,
soccer|ca huracan|colon santa fe reserves|2026-06-02,spreads|colon de santa fe reserve|0.00|home,spreads,Colon de Santa Fe Reserve,0.0,home,2.6,2.471,"[""Bet365"", ""Betfair Exchange""]","[""odds_api_io""]",2,4.092,
soccer|ca huracan|colon santa fe reserves|2026-06-02,spreads|ca huracan|-0.00|away,spreads,CA Huracan,-0.0,away,1.575,1.5673,"[""Bet365"", ""Betfair Exchange""]","[""odds_api_io""]",2,0.611,
soccer|ca huracan|colon santa fe reserves|2026-06-02,spreads|colon de santa fe reserve|0.50|home,spreads,Colon de Santa Fe Reserve,0.5,home,1.74,1.7201,"[""Bet365"", ""Betfair Exchange""]","[""odds_api_io""]",2,1.352,
soccer|ca huracan|colon santa fe reserves|2026-06-02,spreads|ca huracan|-0.50|away,spreads,CA Huracan,-0.5,away,2.24,1.6923,"[""Bet365"", ""Betfair Exchange""]","[""odds_api_io""]",2,29.431,
soccer|ca huracan|colon santa fe reserves|2026-06-02,spreads|colon de santa fe reserve|0.75|home,spreads,Colon de Santa Fe Reserve,0.75,home,1.525,1.5225,"[""Bet365"", ""Betfair Exchange""]","[""odds_api_io""]",2,0.216,
soccer|ca huracan|colon santa fe reserves|2026-06-02,spreads|ca huracan|-0.75|away,spreads,CA Huracan,-0.75,away,2.72,1.7151,"[""Bet365"", ""Betfair Exchange""]","[""odds_api_io""]",2,43.88,
soccer|ca huracan|colon santa fe reserves|2026-06-02,spreads|colon de santa fe reserve|1.00|home,spreads,Colon de Santa Fe Reserve,1.0,home,1.325,1.3069,"[""Bet365"", ""Betfair Exchange""]","[""odds_api_io""]",2,2.048,
soccer|ca huracan|colon santa fe reserves|2026-06-02,spreads|ca huracan|-1.00|away,spreads,CA Huracan,-1.0,away,3.81,1.7604,"[""Bet365"", ""Betfair Exchange""]","[""odds_api_io""]",2,62.249,
soccer|ca huracan|colon santa fe reserves|2026-06-02,spreads|colon de santa fe reserve|1.25|home,spreads,Colon de Santa Fe Reserve,1.25,home,1.275,1.2569,"[""Bet365"", ""Betfair Exchange""]","[""odds_api_io""]",2,2.214,
soccer|ca huracan|colon santa fe reserves|2026-06-02,spreads|ca huracan|-1.25|away,spreads,CA Huracan,-1.25,away,4.45,1.8028,"[""Bet365"", ""Betfair Exchange""]","[""odds_api_io""]",2,67.214,
soccer|ca huracan|colon santa fe reserves|2026-06-02,spreads|colon de santa fe reserve|1.75|home,spreads,Colon de Santa Fe Reserve,1.75,home,1.16,1.1445,"[""Bet365"", ""Betfair Exchange""]","[""odds_api_io""]",2,2.289,
soccer|ca huracan|colon santa fe reserves|2026-06-02,spreads|ca huracan|-1.75|away,spreads,CA Huracan,-1.75,away,7.14,6.0677,"[""Bet365"", ""Betfair Exchange""]","[""odds_api_io""]",2,5.042,
soccer|ca huracan|colon santa fe reserves|2026-06-02,doubleChance|1x||,doubleChance,1X,,,1.74,1.5936,"[""Unibet"", ""Betfair Exchange""]","[""odds_api_io""]",2,11.022,
soccer|ca huracan|colon santa fe reserves|2026-06-02,doubleChance|12||,doubleChance,12,,,1.42,1.344,"[""Unibet"", ""Betfair Exchange""]","[""odds_api_io""]",2,8.318,
soccer|ca huracan|colon santa fe reserves|2026-06-02,doubleChance|x2||,doubleChance,X2,,,1.33,1.3105,"[""Unibet"", ""Betfair Exchange""]","[""odds_api_io""]",2,2.331,
soccer|ca huracan|colon santa fe reserves|2026-06-02,totals|over|1.50|,totals,Over,1.5,,1.36,1.36,"[""Unibet""]","[""odds_api_io""]",1,,
soccer|ca huracan|colon santa fe reserves|2026-06-02,totals|under|1.50|,totals,Under,1.5,,2.75,2.75,"[""Unibet""]","[""odds_api_io""]",1,,
soccer|ca huracan|colon santa fe reserves|2026-06-02,totals|over|3.50|,totals,Over,3.5,,3.8,3.8,"[""Unibet""]","[""odds_api_io""]",1,,
soccer|ca huracan|colon santa fe reserves|2026-06-02,totals|under|3.50|,totals,Under,3.5,,1.2,1.2,"[""Unibet""]","[""odds_api_io""]",1,,
soccer|ca huracan|colon santa fe reserves|2026-06-02,spreads|colon de santa fe reserve|2.75|home,spreads,Colon de Santa Fe Reserve,2.75,home,1.03,1.03,"[""Betfair Exchange""]","[""odds_api_io""]",1,,
soccer|ca huracan|colon santa fe reserves|2026-06-02,spreads|ca huracan|-2.75|away,spreads,CA Huracan,-2.75,away,21.69,21.69,"[""Betfair Exchange""]","[""odds_api_io""]",1,,
soccer|ca huracan|colon santa fe reserves|2026-06-02,spreads|colon de santa fe reserve|2.25|home,spreads,Colon de Santa Fe Reserve,2.25,home,1.06,1.06,"[""Betfair Exchange""]","[""odds_api_io""]",1,,
soccer|ca huracan|colon santa fe reserves|2026-06-02,spreads|ca huracan|-2.25|away,spreads,CA Huracan,-2.25,away,13.89,13.89,"[""Betfair Exchange""]","[""odds_api_io""]",1,,
soccer|ca huracan|colon santa fe reserves|2026-06-02,spreads|colon de santa fe reserve|2.00|home,spreads,Colon de Santa Fe Reserve,2.0,home,1.06,1.06,"[""Betfair Exchange""]","[""odds_api_io""]",1,,
soccer|ca huracan|colon santa fe reserves|2026-06-02,spreads|ca huracan|-2.00|away,spreads,CA Huracan,-2.0,away,13.09,13.09,"[""Betfair Exchange""]","[""odds_api_io""]",1,,
soccer|ca huracan|colon santa fe reserves|2026-06-02,spreads|colon de santa fe reserve|-1.75|home,spreads,Colon de Santa Fe Reserve,-1.75,home,14.77,14.77,"[""Betfair Exchange""]","[""odds_api_io""]",1,,
soccer|ca huracan|colon santa fe reserves|2026-06-02,spreads|ca huracan|1.75|away,spreads,CA Huracan,1.75,away,1.05,1.05,"[""Betfair Exchange""]","[""odds_api_io""]",1,,
soccer|ca huracan|colon santa fe reserves|2026-06-02,spreads|colon de santa fe reserve|-2.00|home,spreads,Colon de Santa Fe Reserve,-2.0,home,33.89,33.89,"[""Betfair Exchange""]","[""odds_api_io""]",1,,
soccer|ca huracan|colon santa fe reserves|2026-06-02,spreads|ca huracan|2.00|away,spreads,CA Huracan,2.0,away,1.01,1.01,"[""Betfair Exchange""]","[""odds_api_io""]",1,,
soccer|ca huracan|colon santa fe reserves|2026-06-02,spreads|colon de santa fe reserve|-2.25|home,spreads,Colon de Santa Fe Reserve,-2.25,home,35.26,35.26,"[""Betfair Exchange""]","[""odds_api_io""]",1,,
soccer|ca huracan|colon santa fe reserves|2026-06-02,spreads|ca huracan|2.25|away,spreads,CA Huracan,2.25,away,1.01,1.01,"[""Betfair Exchange""]","[""odds_api_io""]",1,,
soccer|ca huracan|colon santa fe reserves|2026-06-02,totals|over|1.75|,totals,Over,1.75,,1.61,1.61,"[""Betfair Exchange""]","[""odds_api_io""]",1,,
soccer|ca huracan|colon santa fe reserves|2026-06-02,totals|under|1.75|,totals,Under,1.75,,2.41,2.41,"[""Betfair Exchange""]","[""odds_api_io""]",1,,
soccer|ca huracan|colon santa fe reserves|2026-06-02,btts|yes||,btts,Yes,,,2.04,2.04,"[""Betfair Exchange""]","[""odds_api_io""]",1,,
soccer|ca huracan|colon santa fe reserves|2026-06-02,btts|no||,btts,No,,,1.84,1.84,"[""Betfair Exchange""]","[""odds_api_io""]",1,,
soccer|estudiantes rio cuarto reserves|ferro carril oeste|2026-06-02,h2h|ferro carril oeste||home,h2h,Ferro Carril Oeste,,home,1.96,1.6405,"[""Bet365"", ""Unibet"", ""Betfair Exchange""]","[""odds_api_io""]",3,27.105,
soccer|estudiantes rio cuarto reserves|ferro carril oeste|2026-06-02,h2h|draw||,h2h,Draw,,,3.4,2.3385,"[""Bet365"", ""Unibet"", ""Betfair Exchange""]","[""odds_api_io""]",3,37.255,
soccer|estudiantes rio cuarto reserves|ferro carril oeste|2026-06-02,h2h|estudiantes de rio cuarto reserve||away,h2h,Estudiantes de Rio Cuarto Reserve,,away,3.4,2.3044,"[""Bet365"", ""Unibet"", ""Betfair Exchange""]","[""odds_api_io""]",3,39.081,
soccer|estudiantes rio cuarto reserves|ferro carril oeste|2026-06-02,dnb|ferro carril oeste|0.00|home,dnb,Ferro Carril Oeste,0.0,home,1.444,1.3206,"[""Bet365"", ""Betfair Exchange""]","[""odds_api_io""]",2,12.715,
soccer|estudiantes rio cuarto reserves|ferro carril oeste|2026-06-02,dnb|estudiantes de rio cuarto reserve|0.00|away,dnb,Estudiantes de Rio Cuarto Reserve,0.0,away,2.625,1.816,"[""Bet365"", ""Betfair Exchange""]","[""odds_api_io""]",2,33.333,
soccer|estudiantes rio cuarto reserves|ferro carril oeste|2026-06-02,spreads|ferro carril oeste|-0.50|home,spreads,Ferro Carril Oeste,-0.5,home,1.975,1.5473,"[""Bet365"", ""Betfair Exchange""]","[""odds_api_io""]",2,27.492,
soccer|estudiantes rio cuarto reserves|ferro carril oeste|2026-06-02,spreads|estudiantes de rio cuarto reserve|0.50|away,spreads,Estudiantes de Rio Cuarto Reserve,0.5,away,1.825,1.4127,"[""Bet365"", ""Betfair Exchange""]","[""odds_api_io""]",2,31.412,
soccer|estudiantes rio cuarto reserves|ferro carril oeste|2026-06-02,totals|over|2.50|,totals,Over,2.5,,1.975,1.8759,"[""Bet365"", ""Unibet""]","[""odds_api_io""]",3,6.185,
soccer|estudiantes rio cuarto reserves|ferro carril oeste|2026-06-02,totals|under|2.50|,totals,Under,2.5,,1.9,1.8676,"[""Bet365"", ""Unibet""]","[""odds_api_io""]",3,2.163,
soccer|estudiantes rio cuarto reserves|ferro carril oeste|2026-06-02,spreads|ferro carril oeste|-2.50|home,spreads,Ferro Carril Oeste,-2.5,home,6.6,6.6,"[""Bet365""]","[""odds_api_io""]",1,,
soccer|estudiantes rio cuarto reserves|ferro carril oeste|2026-06-02,spreads|estudiantes de rio cuarto reserve|2.50|away,spreads,Estudiantes de Rio Cuarto Reserve,2.5,away,1.11,1.11,"[""Bet365""]","[""odds_api_io""]",1,,
soccer|estudiantes rio cuarto reserves|ferro carril oeste|2026-06-02,spreads|ferro carril oeste|-2.25|home,spreads,Ferro Carril Oeste,-2.25,home,6.25,6.25,"[""Bet365""]","[""odds_api_io""]",1,,
soccer|estudiantes rio cuarto reserves|ferro carril oeste|2026-06-02,spreads|estudiantes de rio cuarto reserve|2.25|away,spreads,Estudiantes de Rio Cuarto Reserve,2.25,away,1.12,1.12,"[""Bet365""]","[""odds_api_io""]",1,,
soccer|estudiantes rio cuarto reserves|ferro carril oeste|2026-06-02,spreads|ferro carril oeste|-1.75|home,spreads,Ferro Carril Oeste,-1.75,home,4.15,4.15,"[""Bet365""]","[""odds_api_io""]",1,,
soccer|estudiantes rio cuarto reserves|ferro carril oeste|2026-06-02,spreads|estudiantes de rio cuarto reserve|1.75|away,spreads,Estudiantes de Rio Cuarto Reserve,1.75,away,1.22,1.22,"[""Bet365""]","[""odds_api_io""]",1,,
soccer|estudiantes rio cuarto reserves|ferro carril oeste|2026-06-02,spreads|ferro carril oeste|-1.00|home,spreads,Ferro Carril Oeste,-1.0,home,2.675,1.7204,"[""Bet365"", ""Betfair Exchange""]","[""odds_api_io""]",2,40.742,
soccer|estudiantes rio cuarto reserves|ferro carril oeste|2026-06-02,spreads|estudiantes de rio cuarto reserve|1.00|away,spreads,Estudiantes de Rio Cuarto Reserve,1.0,away,6.0,1.9205,"[""Bet365"", ""Betfair Exchange""]","[""odds_api_io""]",2,69.54,
soccer|estudiantes rio cuarto reserves|ferro carril oeste|2026-06-02,spreads|ferro carril oeste|-0.75|home,spreads,Ferro Carril Oeste,-0.75,home,2.25,1.6236,"[""Bet365"", ""Betfair Exchange""]","[""odds_api_io""]",2,33.681,
soccer|estudiantes rio cuarto reserves|ferro carril oeste|2026-06-02,spreads|estudiantes de rio cuarto reserve|0.75|away,spreads,Estudiantes de Rio Cuarto Reserve,0.75,away,4.15,1.6959,"[""Bet365"", ""Betfair Exchange""]","[""odds_api_io""]",2,68.496,
soccer|estudiantes rio cuarto reserves|ferro carril oeste|2026-06-02,spreads|ferro carril oeste|-0.25|home,spreads,Ferro Carril Oeste,-0.25,home,1.725,1.4454,"[""Bet365"", ""Betfair Exchange""]","[""odds_api_io""]",2,22.029,
soccer|estudiantes rio cuarto reserves|ferro carril oeste|2026-06-02,spreads|estudiantes de rio cuarto reserve|0.25|away,spreads,Estudiantes de Rio Cuarto Reserve,0.25,away,3.0,1.7315,"[""Bet365"", ""Betfair Exchange""]","[""odds_api_io""]",2,47.967,
soccer|estudiantes rio cuarto reserves|ferro carril oeste|2026-06-02,spreads|ferro carril oeste|0.00|home,spreads,Ferro Carril Oeste,0.0,home,1.475,1.3331,"[""Bet365"", ""Betfair Exchange""]","[""odds_api_io""]",2,14.171,
soccer|estudiantes rio cuarto reserves|ferro carril oeste|2026-06-02,spreads|estudiantes de rio cuarto reserve|-0.00|away,spreads,Estudiantes de Rio Cuarto Reserve,-0.0,away,2.6,1.8101,"[""Bet365"", ""Betfair Exchange""]","[""odds_api_io""]",2,32.967,
soccer|estudiantes rio cuarto reserves|ferro carril oeste|2026-06-02,spreads|ferro carril oeste|0.25|home,spreads,Ferro Carril Oeste,0.25,home,1.375,1.2383,"[""Bet365"", ""Betfair Exchange""]","[""odds_api_io""]",2,15.768,
soccer|estudiantes rio cuarto reserves|ferro carril oeste|2026-06-02,spreads|estudiantes de rio cuarto reserve|-0.25|away,spreads,Estudiantes de Rio Cuarto Reserve,-0.25,away,2.075,2.0094,"[""Bet365"", ""Betfair Exchange""]","[""odds_api_io""]",2,3.089,
soccer|estudiantes rio cuarto reserves|ferro carril oeste|2026-06-02,spreads|ferro carril oeste|0.75|home,spreads,Ferro Carril Oeste,0.75,home,1.22,1.1212,"[""Bet365"", ""Betfair Exchange""]","[""odds_api_io""]",2,14.187,
soccer|estudiantes rio cuarto reserves|ferro carril oeste|2026-06-02,spreads|estudiantes de rio cuarto reserve|-0.75|away,spreads,Estudiantes de Rio Cuarto Reserve,-0.75,away,1.625,1.5366,"[""Bet365"", ""Betfair Exchange""]","[""odds_api_io""]",2,6.955,
soccer|estudiantes rio cuarto reserves|ferro carril oeste|2026-06-02,spreads|ferro carril oeste|1.00|home,spreads,Ferro Carril Oeste,1.0,home,1.125,1.1069,"[""Bet365"", ""Betfair Exchange""]","[""odds_api_io""]",2,2.854,
soccer|estudiantes rio cuarto reserves|ferro carril oeste|2026-06-02,spreads|estudiantes de rio cuarto reserve|-1.00|away,spreads,Estudiantes de Rio Cuarto Reserve,-1.0,away,1.46,1.4551,"[""Bet365"", ""Betfair Exchange""]","[""odds_api_io""]",2,0.472,
soccer|estudiantes rio cuarto reserves|ferro carril oeste|2026-06-02,spreads|ferro carril oeste|0.50|home,spreads,Ferro Carril Oeste,0.5,home,1.3,1.1839,"[""Bet365"", ""Betfair Exchange""]","[""odds_api_io""]",2,14.82,
soccer|estudiantes rio cuarto reserves|ferro carril oeste|2026-06-02,spreads|estudiantes de rio cuarto reserve|-0.50|away,spreads,Estudiantes de Rio Cuarto Reserve,-0.5,away,3.45,2.0367,"[""Bet365"", ""Betfair Exchange""]","[""odds_api_io""]",2,39.508,
soccer|estudiantes rio cuarto reserves|ferro carril oeste|2026-06-02,spreads|ferro carril oeste|-2.00|home,spreads,Ferro Carril Oeste,-2.0,home,5.9,5.9,"[""Bet365""]","[""odds_api_io""]",1,,
soccer|estudiantes rio cuarto reserves|ferro carril oeste|2026-06-02,spreads|estudiantes de rio cuarto reserve|2.00|away,spreads,Estudiantes de Rio Cuarto Reserve,2.0,away,1.13,1.13,"[""Bet365""]","[""odds_api_io""]",1,,
soccer|estudiantes rio cuarto reserves|ferro carril oeste|2026-06-02,spreads|ferro carril oeste|-1.50|home,spreads,Ferro Carril Oeste,-1.5,home,3.45,3.45,"[""Bet365""]","[""odds_api_io""]",1,,
soccer|estudiantes rio cuarto reserves|ferro carril oeste|2026-06-02,spreads|estudiantes de rio cuarto reserve|1.50|away,spreads,Estudiantes de Rio Cuarto Reserve,1.5,away,7.0,7.0,"[""Bet365""]","[""odds_api_io""]",1,,
soccer|estudiantes rio cuarto reserves|ferro carril oeste|2026-06-02,spreads|ferro carril oeste|1.50|home,spreads,Ferro Carril Oeste,1.5,home,1.1,1.1,"[""Bet365""]","[""odds_api_io""]",1,,
soccer|estudiantes rio cuarto reserves|ferro carril oeste|2026-06-02,spreads|estudiantes de rio cuarto reserve|-1.50|away,spreads,Estudiantes de Rio Cuarto Reserve,-1.5,away,1.3,1.3,"[""Bet365""]","[""odds_api_io""]",1,,
soccer|estudiantes rio cuarto reserves|ferro carril oeste|2026-06-02,spreads|ferro carril oeste|-1.25|home,spreads,Ferro Carril Oeste,-1.25,home,3.0,3.0,"[""Bet365""]","[""odds_api_io""]",1,,
soccer|estudiantes rio cuarto reserves|ferro carril oeste|2026-06-02,spreads|estudiantes de rio cuarto reserve|1.25|away,spreads,Estudiantes de Rio Cuarto Reserve,1.25,away,6.6,6.6,"[""Bet365""]","[""odds_api_io""]",1,,
soccer|estudiantes rio cuarto reserves|ferro carril oeste|2026-06-02,spreads|ferro carril oeste|1.25|home,spreads,Ferro Carril Oeste,1.25,home,1.11,1.11,"[""Bet365""]","[""odds_api_io""]",1,,
soccer|estudiantes rio cuarto reserves|ferro carril oeste|2026-06-02,spreads|estudiantes de rio cuarto reserve|-1.25|away,spreads,Estudiantes de Rio Cuarto Reserve,-1.25,away,1.375,1.375,"[""Bet365""]","[""odds_api_io""]",1,,
soccer|estudiantes rio cuarto reserves|ferro carril oeste|2026-06-02,doubleChance|1x||,doubleChance,1X,,,1.23,1.1529,"[""Unibet"", ""Betfair Exchange""]","[""odds_api_io""]",2,10.442,
soccer|estudiantes rio cuarto reserves|ferro carril oeste|2026-06-02,doubleChance|12||,doubleChance,12,,,1.22,1.113,"[""Unibet"", ""Betfair Exchange""]","[""odds_api_io""]",2,15.12,
soccer|estudiantes rio cuarto reserves|ferro carril oeste|2026-06-02,doubleChance|x2||,doubleChance,X2,,,1.64,1.3492,"[""Unibet"", ""Betfair Exchange""]","[""odds_api_io""]",2,25.231,
soccer|estudiantes rio cuarto reserves|ferro carril oeste|2026-06-02,totals|over|3.50|,totals,Over,3.5,,2.88,2.88,"[""Unibet""]","[""odds_api_io""]",1,,
soccer|estudiantes rio cuarto reserves|ferro carril oeste|2026-06-02,totals|under|3.50|,totals,Under,3.5,,1.33,1.33,"[""Unibet""]","[""odds_api_io""]",1,,
soccer|estudiantes rio cuarto reserves|ferro carril oeste|2026-06-02,totals|over|1.50|,totals,Over,1.5,,1.23,1.23,"[""Unibet""]","[""odds_api_io""]",1,,
soccer|estudiantes rio cuarto reserves|ferro carril oeste|2026-06-02,totals|under|1.50|,totals,Under,1.5,,3.5,3.5,"[""Unibet""]","[""odds_api_io""]",1,,
soccer|estudiantes rio cuarto reserves|ferro carril oeste|2026-06-02,totals|over|4.50|,totals,Over,4.5,,5.1,5.1,"[""Unibet""]","[""odds_api_io""]",1,,
soccer|estudiantes rio cuarto reserves|ferro carril oeste|2026-06-02,totals|under|4.50|,totals,Under,4.5,,1.11,1.11,"[""Unibet""]","[""odds_api_io""]",1,,
soccer|estudiantes rio cuarto reserves|ferro carril oeste|2026-06-02,btts|yes||,btts,Yes,,,1.98,1.98,"[""Betfair Exchange""]","[""odds_api_io""]",1,,
soccer|estudiantes rio cuarto reserves|ferro carril oeste|2026-06-02,btts|no||,btts,No,,,1.12,1.12,"[""Betfair Exchange""]","[""odds_api_io""]",1,,
soccer|assyriska ff|enkopings sk|2026-06-02,h2h|assyriska ff||home,h2h,Assyriska FF,,home,2.54,2.3732,"[""Bet365"", ""Betfair Exchange"", ""Sbobet""]","[""odds_api_io""]",3,4.298,
soccer|assyriska ff|enkopings sk|2026-06-02,h2h|draw||,h2h,Draw,,,4.1,3.6551,"[""Bet365"", ""Betfair Exchange"", ""Sbobet""]","[""odds_api_io""]",3,6.379,
soccer|assyriska ff|enkopings sk|2026-06-02,h2h|enkopings sk||away,h2h,Enkopings SK,,away,2.54,2.4966,"[""Bet365"", ""Betfair Exchange"", ""Sbobet""]","[""odds_api_io""]",3,1.446,
soccer|assyriska ff|enkopings sk|2026-06-02,dnb|assyriska ff|0.00|home,dnb,Assyriska FF,0.0,home,1.97,1.8827,"[""Bet365"", ""Betfair Exchange""]","[""odds_api_io""]",2,4.794,
soccer|assyriska ff|enkopings sk|2026-06-02,dnb|enkopings sk|0.00|away,dnb,Enkopings SK,0.0,away,1.94,1.9247,"[""Bet365"", ""Betfair Exchange""]","[""odds_api_io""]",2,0.837,
soccer|assyriska ff|enkopings sk|2026-06-02,spreads|assyriska ff|0.00|home,spreads,Assyriska FF,0.0,home,1.97,1.865,"[""Bet365"", ""Betfair Exchange"", ""Sbobet""]","[""odds_api_io""]",3,4.794,
soccer|assyriska ff|enkopings sk|2026-06-02,totals|over|3.00|,totals,Over,3.0,,1.94,1.8649,"[""Bet365"", ""Betfair Exchange"", ""Sbobet""]","[""odds_api_io""]",3,4.009,
soccer|assyriska ff|enkopings sk|2026-06-02,totals|under|3.00|,totals,Under,3.0,,2.0,1.9451,"[""Bet365"", ""Betfair Exchange"", ""Sbobet""]","[""odds_api_io""]",3,3.763,
soccer|assyriska ff|enkopings sk|2026-06-02,totals|over|2.50|,totals,Over,2.5,,1.6,1.5741,"[""Bet365"", ""Betfair Exchange""]","[""odds_api_io""]",2,2.016,
soccer|assyriska ff|enkopings sk|2026-06-02,totals|under|2.50|,totals,Under,2.5,,2.66,2.4702,"[""Bet365"", ""Betfair Exchange""]","[""odds_api_io""]",2,5.884,
soccer|assyriska ff|enkopings sk|2026-06-02,btts|yes||,btts,Yes,,,1.59,1.5615,"[""Bet365"", ""Betfair Exchange""]","[""odds_api_io""]",2,2.338,
soccer|assyriska ff|enkopings sk|2026-06-02,btts|no||,btts,No,,,2.62,2.4937,"[""Bet365"", ""Betfair Exchange""]","[""odds_api_io""]",2,3.937,
soccer|assyriska ff|enkopings sk|2026-06-02,spreads|assyriska ff|-1.00|home,spreads,Assyriska FF,-1.0,home,4.4,3.9672,"[""Bet365"", ""Betfair Exchange""]","[""odds_api_io""]",4,5.442,
soccer|assyriska ff|enkopings sk|2026-06-02,spreads|enkopings sk|-1.00|away,spreads,Enkopings SK,-1.0,away,4.5,2.0823,"[""Bet365"", ""Betfair Exchange""]","[""odds_api_io""]",4,56.209,
soccer|assyriska ff|enkopings sk|2026-06-02,teamTotals|over|5.50|,teamTotals,Over,5.5,,21.0,21.0,"[""Bet365""]","[""odds_api_io""]",1,,
soccer|assyriska ff|enkopings sk|2026-06-02,teamTotals|under|5.50|,teamTotals,Under,5.5,,1.002,1.002,"[""Bet365""]","[""odds_api_io""]",1,,
soccer|assyriska ff|enkopings sk|2026-06-02,teamTotals|over|1.50|,teamTotals,Over,1.5,,2.1,2.0488,"[""Bet365""]","[""odds_api_io""]",2,2.381,
soccer|assyriska ff|enkopings sk|2026-06-02,teamTotals|under|1.50|,teamTotals,Under,1.5,,1.727,1.696,"[""Bet365""]","[""odds_api_io""]",2,2.12,
soccer|assyriska ff|enkopings sk|2026-06-02,teamTotals|over|2.50|,teamTotals,Over,2.5,,4.333,4.1598,"[""Bet365""]","[""odds_api_io""]",2,1.921,
soccer|assyriska ff|enkopings sk|2026-06-02,teamTotals|under|2.50|,teamTotals,Under,2.5,,1.222,1.2109,"[""Bet365""]","[""odds_api_io""]",2,1.5,
soccer|assyriska ff|enkopings sk|2026-06-02,teamTotals|over|0.50|,teamTotals,Over,0.5,,1.222,1.2109,"[""Bet365""]","[""odds_api_io""]",2,1.5,
soccer|assyriska ff|enkopings sk|2026-06-02,teamTotals|under|0.50|,teamTotals,Under,0.5,,4.333,4.1598,"[""Bet365""]","[""odds_api_io""]",2,1.921,
soccer|assyriska ff|enkopings sk|2026-06-02,teamTotals|over|3.50|,teamTotals,Over,3.5,,8.5,8.2424,"[""Bet365""]","[""odds_api_io""]",2,0.735,
soccer|assyriska ff|enkopings sk|2026-06-02,teamTotals|under|3.50|,teamTotals,Under,3.5,,1.062,1.056,"[""Bet365""]","[""odds_api_io""]",2,1.076,
soccer|assyriska ff|enkopings sk|2026-06-02,teamTotals|over|4.50|,teamTotals,Over,4.5,,15.0,13.9286,"[""Bet365""]","[""odds_api_io""]",2,1.026,
soccer|assyriska ff|enkopings sk|2026-06-02,teamTotals|under|4.50|,teamTotals,Under,4.5,,1.012,1.011,"[""Bet365""]","[""odds_api_io""]",2,0.196,
soccer|assyriska ff|enkopings sk|2026-06-02,spreads|assyriska ff|-1.75|home,spreads,Assyriska FF,-1.75,home,5.75,5.7193,"[""Bet365"", ""Betfair Exchange""]","[""odds_api_io""]",2,0.183,
soccer|assyriska ff|enkopings sk|2026-06-02,spreads|enkopings sk|1.75|away,spreads,Enkopings SK,1.75,away,6.4,1.9253,"[""Bet365"", ""Betfair Exchange""]","[""odds_api_io""]",2,71.332,
soccer|assyriska ff|enkopings sk|2026-06-02,spreads|assyriska ff|-1.50|home,spreads,Assyriska FF,-1.5,home,4.47,4.3592,"[""Bet365"", ""Betfair Exchange""]","[""odds_api_io""]",2,1.158,
soccer|assyriska ff|enkopings sk|2026-06-02,spreads|enkopings sk|1.50|away,spreads,Enkopings SK,1.5,away,5.0,1.9528,"[""Bet365"", ""Betfair Exchange""]","[""odds_api_io""]",2,61.301,
soccer|assyriska ff|enkopings sk|2026-06-02,spreads|assyriska ff|-1.25|home,spreads,Assyriska FF,-1.25,home,4.09,3.9945,"[""Bet365"", ""Betfair Exchange""]","[""odds_api_io""]",2,1.191,
soccer|assyriska ff|enkopings sk|2026-06-02,spreads|enkopings sk|1.25|away,spreads,Enkopings SK,1.25,away,4.5,1.9366,"[""Bet365"", ""Betfair Exchange""]","[""odds_api_io""]",2,57.778,
soccer|assyriska ff|enkopings sk|2026-06-02,spreads|enkopings sk|1.00|away,spreads,Enkopings SK,1.0,away,4.1,1.8082,"[""Bet365"", ""Betfair Exchange""]","[""odds_api_io""]",3,53.129,
soccer|assyriska ff|enkopings sk|2026-06-02,spreads|assyriska ff|-0.75|home,spreads,Assyriska FF,-0.75,home,2.98,2.8625,"[""Bet365"", ""Betfair Exchange""]","[""odds_api_io""]",2,2.807,
soccer|assyriska ff|enkopings sk|2026-06-02,spreads|enkopings sk|0.75|away,spreads,Enkopings SK,0.75,away,3.1,1.9535,"[""Bet365"", ""Betfair Exchange""]","[""odds_api_io""]",2,37.186,
soccer|assyriska ff|enkopings sk|2026-06-02,spreads|assyriska ff|-0.50|home,spreads,Assyriska FF,-0.5,home,2.55,2.4477,"[""Bet365"", ""Betfair Exchange""]","[""odds_api_io""]",2,3.338,
soccer|assyriska ff|enkopings sk|2026-06-02,spreads|enkopings sk|0.50|away,spreads,Enkopings SK,0.5,away,2.6,1.9647,"[""Bet365"", ""Betfair Exchange""]","[""odds_api_io""]",2,24.432,
soccer|assyriska ff|enkopings sk|2026-06-02,spreads|assyriska ff|-0.25|home,spreads,Assyriska FF,-0.25,home,2.26,2.1652,"[""Bet365"", ""Betfair Exchange""]","[""odds_api_io""]",2,3.945,
soccer|assyriska ff|enkopings sk|2026-06-02,spreads|enkopings sk|0.25|away,spreads,Enkopings SK,0.25,away,2.3,1.9696,"[""Bet365"", ""Betfair Exchange""]","[""odds_api_io""]",2,14.325,
soccer|assyriska ff|enkopings sk|2026-06-02,spreads|assyriska ff|0.25|home,spreads,Assyriska FF,0.25,home,1.75,1.673,"[""Bet365"", ""Betfair Exchange""]","[""odds_api_io""]",2,5.357,
soccer|assyriska ff|enkopings sk|2026-06-02,spreads|enkopings sk|-0.25|away,spreads,Enkopings SK,-0.25,away,2.24,1.9537,"[""Bet365"", ""Betfair Exchange""]","[""odds_api_io""]",2,13.328,
soccer|assyriska ff|enkopings sk|2026-06-02,spreads|assyriska ff|0.50|home,spreads,Assyriska FF,0.5,home,1.61,1.5408,"[""Bet365"", ""Betfair Exchange""]","[""odds_api_io""]",2,5.685,
soccer|assyriska ff|enkopings sk|2026-06-02,spreads|enkopings sk|-0.50|away,spreads,Enkopings SK,-0.5,away,2.54,1.9527,"[""Bet365"", ""Betfair Exchange""]","[""odds_api_io""]",2,24.122,
soccer|assyriska ff|enkopings sk|2026-06-02,spreads|assyriska ff|0.75|home,spreads,Assyriska FF,0.75,home,1.43,1.3896,"[""Bet365"", ""Betfair Exchange""]","[""odds_api_io""]",2,4.144,
soccer|assyriska ff|enkopings sk|2026-06-02,spreads|enkopings sk|-0.75|away,spreads,Enkopings SK,-0.75,away,2.98,1.9405,"[""Bet365"", ""Betfair Exchange""]","[""odds_api_io""]",2,36.618,
soccer|assyriska ff|enkopings sk|2026-06-02,spreads|assyriska ff|1.00|home,spreads,Assyriska FF,1.0,home,1.61,1.3384,"[""Bet365"", ""Betfair Exchange""]","[""odds_api_io""]",3,19.521,
soccer|assyriska ff|enkopings sk|2026-06-02,spreads|assyriska ff|1.25|home,spreads,Assyriska FF,1.25,home,1.21,1.2001,"[""Bet365"", ""Betfair Exchange""]","[""odds_api_io""]",2,1.389,
soccer|assyriska ff|enkopings sk|2026-06-02,spreads|enkopings sk|-1.25|away,spreads,Enkopings SK,-1.25,away,4.17,1.9306,"[""Bet365"", ""Betfair Exchange""]","[""odds_api_io""]",2,56.664,
soccer|assyriska ff|enkopings sk|2026-06-02,spreads|assyriska ff|1.50|home,spreads,Assyriska FF,1.5,home,1.18,1.1751,"[""Bet365"", ""Betfair Exchange""]","[""odds_api_io""]",2,0.724,
soccer|assyriska ff|enkopings sk|2026-06-02,spreads|enkopings sk|-1.50|away,spreads,Enkopings SK,-1.5,away,4.57,1.9338,"[""Bet365"", ""Betfair Exchange""]","[""odds_api_io""]",2,60.763,
soccer|assyriska ff|enkopings sk|2026-06-02,spreads|assyriska ff|1.75|home,spreads,Assyriska FF,1.75,home,1.12,1.1175,"[""Bet365"", ""Betfair Exchange""]","[""odds_api_io""]",2,0.4,
soccer|assyriska ff|enkopings sk|2026-06-02,spreads|enkopings sk|-1.75|away,spreads,Enkopings SK,-1.75,away,5.94,1.9368,"[""Bet365"", ""Betfair Exchange""]","[""odds_api_io""]",2,70.884,
soccer|assyriska ff|enkopings sk|2026-06-02,doubleChance|1x||,doubleChance,1X,,,1.61,1.61,"[""Betfair Exchange""]","[""odds_api_io""]",1,,
soccer|assyriska ff|enkopings sk|2026-06-02,doubleChance|12||,doubleChance,12,,,1.29,1.29,"[""Betfair Exchange""]","[""odds_api_io""]",1,,
soccer|assyriska ff|enkopings sk|2026-06-02,doubleChance|x2||,doubleChance,X2,,,1.59,1.59,"[""Betfair Exchange""]","[""odds_api_io""]",1,,
soccer|assyriska ff|enkopings sk|2026-06-02,spreads|assyriska ff|-2.00|home,spreads,Assyriska FF,-2.0,home,9.2,8.6936,"[""Betfair Exchange""]","[""odds_api_io""]",2,1.266,
soccer|assyriska ff|enkopings sk|2026-06-02,spreads|enkopings sk|2.00|away,spreads,Enkopings SK,2.0,away,1.23,1.1501,"[""Betfair Exchange""]","[""odds_api_io""]",2,11.292,
soccer|assyriska ff|enkopings sk|2026-06-02,spreads|assyriska ff|-2.25|home,spreads,Assyriska FF,-2.25,home,8.78,8.78,"[""Betfair Exchange""]","[""odds_api_io""]",1,,
soccer|assyriska ff|enkopings sk|2026-06-02,spreads|enkopings sk|2.25|away,spreads,Enkopings SK,2.25,away,1.08,1.08,"[""Betfair Exchange""]","[""odds_api_io""]",1,,
soccer|assyriska ff|enkopings sk|2026-06-02,spreads|assyriska ff|-2.75|home,spreads,Assyriska FF,-2.75,home,13.0,13.0,"[""Betfair Exchange""]","[""odds_api_io""]",1,,
soccer|assyriska ff|enkopings sk|2026-06-02,spreads|enkopings sk|2.75|away,spreads,Enkopings SK,2.75,away,1.05,1.05,"[""Betfair Exchange""]","[""odds_api_io""]",1,,
soccer|assyriska ff|enkopings sk|2026-06-02,spreads|assyriska ff|-2.50|home,spreads,Assyriska FF,-2.5,home,9.33,9.33,"[""Betfair Exchange""]","[""odds_api_io""]",1,,
soccer|assyriska ff|enkopings sk|2026-06-02,spreads|enkopings sk|2.50|away,spreads,Enkopings SK,2.5,away,1.07,1.07,"[""Betfair Exchange""]","[""odds_api_io""]",1,,
soccer|assyriska ff|enkopings sk|2026-06-02,spreads|enkopings sk|-0.00|away,spreads,Enkopings SK,-0.0,away,1.97,1.9546,"[""Betfair Exchange"", ""Sbobet""]","[""odds_api_io""]",2,0.785,
soccer|assyriska ff|enkopings sk|2026-06-02,spreads|assyriska ff|2.75|home,spreads,Assyriska FF,2.75,home,1.04,1.04,"[""Betfair Exchange""]","[""odds_api_io""]",1,,
soccer|assyriska ff|enkopings sk|2026-06-02,spreads|enkopings sk|-2.75|away,spreads,Enkopings SK,-2.75,away,14.73,14.73,"[""Betfair Exchange""]","[""odds_api_io""]",1,,
soccer|assyriska ff|enkopings sk|2026-06-02,spreads|assyriska ff|-3.25|home,spreads,Assyriska FF,-3.25,home,15.36,15.36,"[""Betfair Exchange""]","[""odds_api_io""]",1,,
soccer|assyriska ff|enkopings sk|2026-06-02,spreads|enkopings sk|3.25|away,spreads,Enkopings SK,3.25,away,1.02,1.02,"[""Betfair Exchange""]","[""odds_api_io""]",1,,
soccer|assyriska ff|enkopings sk|2026-06-02,spreads|assyriska ff|3.50|home,spreads,Assyriska FF,3.5,home,1.02,1.02,"[""Betfair Exchange""]","[""odds_api_io""]",1,,
soccer|assyriska ff|enkopings sk|2026-06-02,spreads|enkopings sk|-3.50|away,spreads,Enkopings SK,-3.5,away,16.11,16.11,"[""Betfair Exchange""]","[""odds_api_io""]",1,,
soccer|assyriska ff|enkopings sk|2026-06-02,spreads|assyriska ff|-3.50|home,spreads,Assyriska FF,-3.5,home,15.7,15.7,"[""Betfair Exchange""]","[""odds_api_io""]",1,,
soccer|assyriska ff|enkopings sk|2026-06-02,spreads|enkopings sk|3.50|away,spreads,Enkopings SK,3.5,away,1.02,1.02,"[""Betfair Exchange""]","[""odds_api_io""]",1,,
soccer|assyriska ff|enkopings sk|2026-06-02,spreads|assyriska ff|-3.75|home,spreads,Assyriska FF,-3.75,home,15.7,15.7,"[""Betfair Exchange""]","[""odds_api_io""]",1,,
soccer|assyriska ff|enkopings sk|2026-06-02,spreads|enkopings sk|3.75|away,spreads,Enkopings SK,3.75,away,1.01,1.01,"[""Betfair Exchange""]","[""odds_api_io""]",1,,
soccer|assyriska ff|enkopings sk|2026-06-02,spreads|assyriska ff|3.00|home,spreads,Assyriska FF,3.0,home,1.06,1.0396,"[""Betfair Exchange""]","[""odds_api_io""]",2,3.7,
soccer|assyriska ff|enkopings sk|2026-06-02,spreads|enkopings sk|-3.00|away,spreads,Enkopings SK,-3.0,away,16.0,15.7512,"[""Betfair Exchange""]","[""odds_api_io""]",2,0.197,
soccer|assyriska ff|enkopings sk|2026-06-02,spreads|assyriska ff|2.00|home,spreads,Assyriska FF,2.0,home,1.18,1.1223,"[""Betfair Exchange""]","[""odds_api_io""]",2,8.712,
soccer|assyriska ff|enkopings sk|2026-06-02,spreads|enkopings sk|-2.00|away,spreads,Enkopings SK,-2.0,away,10.0,9.5013,"[""Betfair Exchange""]","[""odds_api_io""]",2,1.05,
soccer|assyriska ff|enkopings sk|2026-06-02,spreads|assyriska ff|-3.00|home,spreads,Assyriska FF,-3.0,home,15.5,15.2562,"[""Betfair Exchange""]","[""odds_api_io""]",2,0.206,
soccer|assyriska ff|enkopings sk|2026-06-02,spreads|enkopings sk|3.00|away,spreads,Enkopings SK,3.0,away,1.07,1.0444,"[""Betfair Exchange""]","[""odds_api_io""]",2,4.581,
soccer|assyriska ff|enkopings sk|2026-06-02,spreads|assyriska ff|2.25|home,spreads,Assyriska FF,2.25,home,1.07,1.07,"[""Betfair Exchange""]","[""odds_api_io""]",1,,
soccer|assyriska ff|enkopings sk|2026-06-02,spreads|enkopings sk|-2.25|away,spreads,Enkopings SK,-2.25,away,9.68,9.68,"[""Betfair Exchange""]","[""odds_api_io""]",1,,
soccer|assyriska ff|enkopings sk|2026-06-02,spreads|assyriska ff|3.25|home,spreads,Assyriska FF,3.25,home,1.02,1.02,"[""Betfair Exchange""]","[""odds_api_io""]",1,,
soccer|assyriska ff|enkopings sk|2026-06-02,spreads|enkopings sk|-3.25|away,spreads,Enkopings SK,-3.25,away,15.81,15.81,"[""Betfair Exchange""]","[""odds_api_io""]",1,,
soccer|assyriska ff|enkopings sk|2026-06-02,spreads|assyriska ff|2.50|home,spreads,Assyriska FF,2.5,home,1.06,1.06,"[""Betfair Exchange""]","[""odds_api_io""]",1,,
soccer|assyriska ff|enkopings sk|2026-06-02,spreads|enkopings sk|-2.50|away,spreads,Enkopings SK,-2.5,away,10.31,10.31,"[""Betfair Exchange""]","[""odds_api_io""]",1,,
soccer|assyriska ff|enkopings sk|2026-06-02,spreads|assyriska ff|3.75|home,spreads,Assyriska FF,3.75,home,1.01,1.01,"[""Betfair Exchange""]","[""odds_api_io""]",1,,
soccer|assyriska ff|enkopings sk|2026-06-02,spreads|enkopings sk|-3.75|away,spreads,Enkopings SK,-3.75,away,16.11,16.11,"[""Betfair Exchange""]","[""odds_api_io""]",1,,
soccer|assyriska ff|enkopings sk|2026-06-02,totals|over|3.25|,totals,Over,3.25,,2.14,2.14,"[""Betfair Exchange""]","[""odds_api_io""]",1,,
soccer|assyriska ff|enkopings sk|2026-06-02,totals|under|3.25|,totals,Under,3.25,,1.78,1.78,"[""Betfair Exchange""]","[""odds_api_io""]",1,,
soccer|assyriska ff|enkopings sk|2026-06-02,totals|over|0.75|,totals,Over,0.75,,1.03,1.03,"[""Betfair Exchange""]","[""odds_api_io""]",1,,
soccer|assyriska ff|enkopings sk|2026-06-02,totals|under|0.75|,totals,Under,0.75,,6.0,6.0,"[""Betfair Exchange""]","[""odds_api_io""]",1,,
soccer|assyriska ff|enkopings sk|2026-06-02,totals|over|2.25|,totals,Over,2.25,,1.39,1.39,"[""Betfair Exchange""]","[""odds_api_io""]",1,,
soccer|assyriska ff|enkopings sk|2026-06-02,totals|under|2.25|,totals,Under,2.25,,3.26,3.26,"[""Betfair Exchange""]","[""odds_api_io""]",1,,
soccer|assyriska ff|enkopings sk|2026-06-02,totals|over|6.25|,totals,Over,6.25,,19.36,19.36,"[""Betfair Exchange""]","[""odds_api_io""]",1,,
soccer|assyriska ff|enkopings sk|2026-06-02,totals|under|6.25|,totals,Under,6.25,,1.03,1.03,"[""Betfair Exchange""]","[""odds_api_io""]",1,,
soccer|assyriska ff|enkopings sk|2026-06-02,totals|over|5.25|,totals,Over,5.25,,8.28,8.28,"[""Betfair Exchange""]","[""odds_api_io""]",1,,
soccer|assyriska ff|enkopings sk|2026-06-02,totals|under|5.25|,totals,Under,5.25,,1.12,1.12,"[""Betfair Exchange""]","[""odds_api_io""]",1,,
soccer|assyriska ff|enkopings sk|2026-06-02,totals|over|1.25|,totals,Over,1.25,,1.1,1.1,"[""Betfair Exchange""]","[""odds_api_io""]",1,,
soccer|assyriska ff|enkopings sk|2026-06-02,totals|under|1.25|,totals,Under,1.25,,6.0,6.0,"[""Betfair Exchange""]","[""odds_api_io""]",1,,
soccer|assyriska ff|enkopings sk|2026-06-02,totals|over|5.00|,totals,Over,5.0,,7.76,7.76,"[""Betfair Exchange""]","[""odds_api_io""]",1,,
soccer|assyriska ff|enkopings sk|2026-06-02,totals|under|5.00|,totals,Under,5.0,,1.13,1.13,"[""Betfair Exchange""]","[""odds_api_io""]",1,,
soccer|assyriska ff|enkopings sk|2026-06-02,totals|over|4.75|,totals,Over,4.75,,5.46,5.46,"[""Betfair Exchange""]","[""odds_api_io""]",1,,
soccer|assyriska ff|enkopings sk|2026-06-02,totals|under|4.75|,totals,Under,4.75,,1.18,1.18,"[""Betfair Exchange""]","[""odds_api_io""]",1,,
soccer|assyriska ff|enkopings sk|2026-06-02,totals|over|2.75|,totals,Over,2.75,,1.67,1.67,"[""Betfair Exchange""]","[""odds_api_io""]",1,,
soccer|assyriska ff|enkopings sk|2026-06-02,totals|under|2.75|,totals,Under,2.75,,2.25,2.25,"[""Betfair Exchange""]","[""odds_api_io""]",1,,
soccer|assyriska ff|enkopings sk|2026-06-02,totals|over|1.50|,totals,Over,1.5,,1.17,1.17,"[""Betfair Exchange""]","[""odds_api_io""]",1,,
soccer|assyriska ff|enkopings sk|2026-06-02,totals|under|1.50|,totals,Under,1.5,,6.0,6.0,"[""Betfair Exchange""]","[""odds_api_io""]",1,,
soccer|assyriska ff|enkopings sk|2026-06-02,totals|over|5.75|,totals,Over,5.75,,11.99,11.99,"[""Betfair Exchange""]","[""odds_api_io""]",1,,
soccer|assyriska ff|enkopings sk|2026-06-02,totals|under|5.75|,totals,Under,5.75,,1.06,1.06,"[""Betfair Exchange""]","[""odds_api_io""]",1,,
soccer|assyriska ff|enkopings sk|2026-06-02,totals|over|1.00|,totals,Over,1.0,,1.03,1.03,"[""Betfair Exchange""]","[""odds_api_io""]",1,,
soccer|assyriska ff|enkopings sk|2026-06-02,totals|under|1.00|,totals,Under,1.0,,6.0,6.0,"[""Betfair Exchange""]","[""odds_api_io""]",1,,
soccer|assyriska ff|enkopings sk|2026-06-02,totals|over|5.50|,totals,Over,5.5,,8.8,8.8,"[""Betfair Exchange""]","[""odds_api_io""]",1,,
soccer|assyriska ff|enkopings sk|2026-06-02,totals|under|5.50|,totals,Under,5.5,,1.11,1.11,"[""Betfair Exchange""]","[""odds_api_io""]",1,,
soccer|assyriska ff|enkopings sk|2026-06-02,totals|over|2.00|,totals,Over,2.0,,1.23,1.23,"[""Betfair Exchange""]","[""odds_api_io""]",1,,
soccer|assyriska ff|enkopings sk|2026-06-02,totals|under|2.00|,totals,Under,2.0,,4.58,4.58,"[""Betfair Exchange""]","[""odds_api_io""]",1,,
soccer|assyriska ff|enkopings sk|2026-06-02,totals|over|0.50|,totals,Over,0.5,,1.03,1.03,"[""Betfair Exchange""]","[""odds_api_io""]",1,,
soccer|assyriska ff|enkopings sk|2026-06-02,totals|under|0.50|,totals,Under,0.5,,21.0,21.0,"[""Betfair Exchange""]","[""odds_api_io""]",1,,
soccer|assyriska ff|enkopings sk|2026-06-02,totals|over|1.75|,totals,Over,1.75,,1.2,1.2,"[""Betfair Exchange""]","[""odds_api_io""]",1,,
soccer|assyriska ff|enkopings sk|2026-06-02,totals|under|1.75|,totals,Under,1.75,,5.16,5.16,"[""Betfair Exchange""]","[""odds_api_io""]",1,,
soccer|assyriska ff|enkopings sk|2026-06-02,totals|over|4.50|,totals,Over,4.5,,4.33,4.33,"[""Betfair Exchange""]","[""odds_api_io""]",1,,
soccer|assyriska ff|enkopings sk|2026-06-02,totals|under|4.50|,totals,Under,4.5,,1.27,1.27,"[""Betfair Exchange""]","[""odds_api_io""]",1,,
soccer|assyriska ff|enkopings sk|2026-06-02,totals|over|4.25|,totals,Over,4.25,,3.93,3.93,"[""Betfair Exchange""]","[""odds_api_io""]",1,,
soccer|assyriska ff|enkopings sk|2026-06-02,totals|under|4.25|,totals,Under,4.25,,1.31,1.31,"[""Betfair Exchange""]","[""odds_api_io""]",1,,
soccer|assyriska ff|enkopings sk|2026-06-02,totals|over|3.75|,totals,Over,3.75,,2.82,2.82,"[""Betfair Exchange""]","[""odds_api_io""]",1,,
soccer|assyriska ff|enkopings sk|2026-06-02,totals|under|3.75|,totals,Under,3.75,,1.5,1.5,"[""Betfair Exchange""]","[""odds_api_io""]",1,,
soccer|assyriska ff|enkopings sk|2026-06-02,totals|over|4.00|,totals,Over,4.0,,3.54,3.54,"[""Betfair Exchange""]","[""odds_api_io""]",1,,
soccer|assyriska ff|enkopings sk|2026-06-02,totals|under|4.00|,totals,Under,4.0,,1.35,1.35,"[""Betfair Exchange""]","[""odds_api_io""]",1,,
soccer|assyriska ff|enkopings sk|2026-06-02,totals|over|3.50|,totals,Over,3.5,,2.42,2.42,"[""Betfair Exchange""]","[""odds_api_io""]",1,,
soccer|assyriska ff|enkopings sk|2026-06-02,totals|under|3.50|,totals,Under,3.5,,1.65,1.65,"[""Betfair Exchange""]","[""odds_api_io""]",1,,
soccer|assyriska ff|enkopings sk|2026-06-02,totals|over|6.00|,totals,Over,6.0,,18.72,18.72,"[""Betfair Exchange""]","[""odds_api_io""]",1,,
soccer|assyriska ff|enkopings sk|2026-06-02,totals|under|6.00|,totals,Under,6.0,,1.04,1.04,"[""Betfair Exchange""]","[""odds_api_io""]",1,,
soccer|assyriska ff|enkopings sk|2026-06-02,totals|over|6.50|,totals,Over,6.5,,20.0,20.0,"[""Betfair Exchange""]","[""odds_api_io""]",1,,
soccer|assyriska ff|enkopings sk|2026-06-02,totals|under|6.50|,totals,Under,6.5,,1.03,1.03,"[""Betfair Exchange""]","[""odds_api_io""]",1,,
soccer|assyriska ff|enkopings sk|2026-06-02,totals|over|7.50|,totals,Over,7.5,,51.0,51.0,"[""Betfair Exchange""]","[""odds_api_io""]",1,,
soccer|assyriska ff|enkopings sk|2026-06-02,totals|under|7.50|,totals,Under,7.5,,1.01,1.01,"[""Betfair Exchange""]","[""odds_api_io""]",1,,
soccer|assyriska ff|enkopings sk|2026-06-02,totals|over|6.75|,totals,Over,6.75,,28.29,28.29,"[""Betfair Exchange""]","[""odds_api_io""]",1,,
soccer|assyriska ff|enkopings sk|2026-06-02,totals|under|6.75|,totals,Under,6.75,,1.01,1.01,"[""Betfair Exchange""]","[""odds_api_io""]",1,,
soccer|assyriska ff|enkopings sk|2026-06-02,totals|over|7.00|,totals,Over,7.0,,49.57,49.57,"[""Betfair Exchange""]","[""odds_api_io""]",1,,
soccer|assyriska ff|enkopings sk|2026-06-02,totals|under|7.00|,totals,Under,7.0,,1.01,1.01,"[""Betfair Exchange""]","[""odds_api_io""]",1,,
soccer|assyriska ff|enkopings sk|2026-06-02,totals|over|7.25|,totals,Over,7.25,,50.28,50.28,"[""Betfair Exchange""]","[""odds_api_io""]",1,,
soccer|assyriska ff|enkopings sk|2026-06-02,totals|under|7.25|,totals,Under,7.25,,1.01,1.01,"[""Betfair Exchange""]","[""odds_api_io""]",1,,
soccer|ca banfield|ca sarmiento junin|2026-06-02,h2h|ca banfield||home,h2h,CA Banfield,,home,2.12,2.0112,"[""Bet365"", ""Unibet"", ""Betfair Exchange""]","[""odds_api_io""]",3,5.214,
soccer|ca banfield|ca sarmiento junin|2026-06-02,h2h|draw||,h2h,Draw,,,3.2,3.0978,"[""Bet365"", ""Unibet"", ""Betfair Exchange""]","[""odds_api_io""]",3,3.233,
soccer|ca banfield|ca sarmiento junin|2026-06-02,h2h|ca sarmiento de junin||away,h2h,CA Sarmiento de Junin,,away,4.6,3.7541,"[""Bet365"", ""Unibet"", ""Betfair Exchange""]","[""odds_api_io""]",3,9.03,
soccer|ca banfield|ca sarmiento junin|2026-06-02,dnb|ca banfield|0.00|home,dnb,CA Banfield,0.0,home,1.4,1.4,"[""Bet365"", ""Betfair Exchange""]","[""odds_api_io""]",2,,
soccer|ca banfield|ca sarmiento junin|2026-06-02,dnb|ca sarmiento de junin|0.00|away,dnb,CA Sarmiento de Junin,0.0,away,3.15,2.9401,"[""Bet365"", ""Betfair Exchange""]","[""odds_api_io""]",2,4.618,
soccer|ca banfield|ca sarmiento junin|2026-06-02,spreads|ca banfield|-0.50|home,spreads,CA Banfield,-0.5,home,2.02,1.9977,"[""Bet365"", ""Betfair Exchange""]","[""odds_api_io""]",2,1.128,
soccer|ca banfield|ca sarmiento junin|2026-06-02,spreads|ca sarmiento de junin|0.50|away,spreads,CA Sarmiento de Junin,0.5,away,1.9,1.8624,"[""Bet365"", ""Betfair Exchange""]","[""odds_api_io""]",2,2.163,
soccer|ca banfield|ca sarmiento junin|2026-06-02,totals|over|2.00|,totals,Over,2.0,,1.92,1.9101,"[""Bet365"", ""Betfair Exchange""]","[""odds_api_io""]",2,0.548,
soccer|ca banfield|ca sarmiento junin|2026-06-02,totals|under|2.00|,totals,Under,2.0,,1.91,1.9051,"[""Bet365"", ""Betfair Exchange""]","[""odds_api_io""]",2,0.276,
soccer|ca banfield|ca sarmiento junin|2026-06-02,totals|over|2.50|,totals,Over,2.5,,2.5,2.3875,"[""Bet365"", ""Unibet""]","[""odds_api_io""]",2,3.86,
soccer|ca banfield|ca sarmiento junin|2026-06-02,totals|under|2.50|,totals,Under,2.5,,1.5,1.5,"[""Bet365"", ""Unibet""]","[""odds_api_io""]",2,,
soccer|ca banfield|ca sarmiento junin|2026-06-02,spreads|ca banfield|-2.00|home,spreads,CA Banfield,-2.0,home,11.0,8.844,"[""Bet365"", ""Betfair Exchange""]","[""odds_api_io""]",3,5.615,
soccer|ca banfield|ca sarmiento junin|2026-06-02,spreads|ca sarmiento de junin|2.00|away,spreads,CA Sarmiento de Junin,2.0,away,1.24,1.1379,"[""Bet365"", ""Betfair Exchange""]","[""odds_api_io""]",3,11.947,
soccer|ca banfield|ca sarmiento junin|2026-06-02,spreads|ca banfield|-1.75|home,spreads,CA Banfield,-1.75,home,6.1,5.1935,"[""Bet365"", ""Betfair Exchange""]","[""odds_api_io""]",2,5.829,
soccer|ca banfield|ca sarmiento junin|2026-06-02,spreads|ca sarmiento de junin|1.75|away,spreads,CA Sarmiento de Junin,1.75,away,1.19,1.1745,"[""Bet365"", ""Betfair Exchange""]","[""odds_api_io""]",2,2.173,
soccer|ca banfield|ca sarmiento junin|2026-06-02,spreads|ca banfield|-1.25|home,spreads,CA Banfield,-1.25,home,3.81,3.5413,"[""Bet365"", ""Betfair Exchange""]","[""odds_api_io""]",2,4.056,
soccer|ca banfield|ca sarmiento junin|2026-06-02,spreads|ca sarmiento de junin|1.25|away,spreads,CA Sarmiento de Junin,1.25,away,1.325,1.3122,"[""Bet365"", ""Betfair Exchange""]","[""odds_api_io""]",2,1.451,
soccer|ca banfield|ca sarmiento junin|2026-06-02,spreads|ca banfield|-1.00|home,spreads,CA Banfield,-1.0,home,4.4,3.3832,"[""Bet365"", ""Betfair Exchange""]","[""odds_api_io""]",3,12.36,
soccer|ca banfield|ca sarmiento junin|2026-06-02,spreads|ca sarmiento de junin|1.00|away,spreads,CA Sarmiento de Junin,1.0,away,1.9,1.524,"[""Bet365"", ""Betfair Exchange""]","[""odds_api_io""]",3,20.361,
soccer|ca banfield|ca sarmiento junin|2026-06-02,spreads|ca banfield|-0.75|home,spreads,CA Banfield,-0.75,home,2.39,2.3192,"[""Bet365"", ""Betfair Exchange""]","[""odds_api_io""]",2,2.603,
soccer|ca banfield|ca sarmiento junin|2026-06-02,spreads|ca sarmiento de junin|0.75|away,spreads,CA Sarmiento de Junin,0.75,away,4.8,2.4231,"[""Bet365"", ""Betfair Exchange""]","[""odds_api_io""]",2,40.142,
soccer|ca banfield|ca sarmiento junin|2026-06-02,spreads|ca banfield|-0.25|home,spreads,CA Banfield,-0.25,home,1.71,1.7051,"[""Bet365"", ""Betfair Exchange""]","[""odds_api_io""]",2,0.344,
soccer|ca banfield|ca sarmiento junin|2026-06-02,spreads|ca sarmiento de junin|0.25|away,spreads,CA Sarmiento de Junin,0.25,away,3.3,2.6878,"[""Bet365"", ""Betfair Exchange""]","[""odds_api_io""]",2,13.557,
soccer|ca banfield|ca sarmiento junin|2026-06-02,spreads|ca banfield|0.00|home,spreads,CA Banfield,0.0,home,1.425,1.4122,"[""Bet365"", ""Betfair Exchange""]","[""odds_api_io""]",2,1.253,
soccer|ca banfield|ca sarmiento junin|2026-06-02,spreads|ca sarmiento de junin|-0.00|away,spreads,CA Sarmiento de Junin,-0.0,away,3.19,2.9577,"[""Bet365"", ""Betfair Exchange""]","[""odds_api_io""]",2,5.016,
soccer|ca banfield|ca sarmiento junin|2026-06-02,spreads|ca banfield|0.25|home,spreads,CA Banfield,0.25,home,1.325,1.3122,"[""Bet365"", ""Betfair Exchange""]","[""odds_api_io""]",2,1.451,
soccer|ca banfield|ca sarmiento junin|2026-06-02,spreads|ca sarmiento de junin|-0.25|away,spreads,CA Sarmiento de Junin,-0.25,away,3.89,2.7424,"[""Bet365"", ""Betfair Exchange""]","[""odds_api_io""]",2,21.912,
soccer|ca banfield|ca sarmiento junin|2026-06-02,spreads|ca banfield|0.50|home,spreads,CA Banfield,0.5,home,1.26,1.2549,"[""Bet365"", ""Betfair Exchange""]","[""odds_api_io""]",2,0.635,
soccer|ca banfield|ca sarmiento junin|2026-06-02,spreads|ca sarmiento de junin|-0.50|away,spreads,CA Sarmiento de Junin,-0.5,away,4.6,4.1093,"[""Bet365"", ""Betfair Exchange""]","[""odds_api_io""]",2,5.288,
soccer|ca banfield|ca sarmiento junin|2026-06-02,spreads|ca banfield|0.75|home,spreads,CA Banfield,0.75,home,1.175,1.1621,"[""Bet365"", ""Betfair Exchange""]","[""odds_api_io""]",2,1.85,
soccer|ca banfield|ca sarmiento junin|2026-06-02,spreads|ca sarmiento de junin|-0.75|away,spreads,CA Sarmiento de Junin,-0.75,away,6.44,2.6236,"[""Bet365"", ""Betfair Exchange""]","[""odds_api_io""]",2,46.011,
soccer|ca banfield|ca sarmiento junin|2026-06-02,spreads|ca banfield|-1.50|home,spreads,CA Banfield,-1.5,home,4.4,3.9372,"[""Bet365"", ""Betfair Exchange""]","[""odds_api_io""]",2,5.442,
soccer|ca banfield|ca sarmiento junin|2026-06-02,spreads|ca sarmiento de junin|1.50|away,spreads,CA Sarmiento de Junin,1.5,away,1.275,1.2569,"[""Bet365"", ""Betfair Exchange""]","[""odds_api_io""]",2,2.214,
soccer|ca banfield|ca sarmiento junin|2026-06-02,doubleChance|1x||,doubleChance,1X,,,1.25,1.2403,"[""Unibet"", ""Betfair Exchange""]","[""odds_api_io""]",2,1.301,
soccer|ca banfield|ca sarmiento junin|2026-06-02,doubleChance|12||,doubleChance,12,,,1.42,1.3493,"[""Unibet"", ""Betfair Exchange""]","[""odds_api_io""]",2,7.702,
soccer|ca banfield|ca sarmiento junin|2026-06-02,doubleChance|x2||,doubleChance,X2,,,1.9,1.7027,"[""Unibet"", ""Betfair Exchange""]","[""odds_api_io""]",2,12.728,
soccer|ca banfield|ca sarmiento junin|2026-06-02,totals|over|1.50|,totals,Over,1.5,,1.53,1.4648,"[""Unibet"", ""Betfair Exchange""]","[""odds_api_io""]",2,6.069,
soccer|ca banfield|ca sarmiento junin|2026-06-02,totals|under|1.50|,totals,Under,1.5,,2.64,2.6207,"[""Unibet"", ""Betfair Exchange""]","[""odds_api_io""]",2,0.583,
soccer|ca banfield|ca sarmiento junin|2026-06-02,totals|over|3.50|,totals,Over,3.5,,4.1,4.1,"[""Unibet""]","[""odds_api_io""]",1,,
soccer|ca banfield|ca sarmiento junin|2026-06-02,totals|under|3.50|,totals,Under,3.5,,1.17,1.17,"[""Unibet""]","[""odds_api_io""]",1,,
soccer|ca banfield|ca sarmiento junin|2026-06-02,spreads|ca banfield|1.00|home,spreads,CA Banfield,1.0,home,1.25,1.1413,"[""Betfair Exchange""]","[""odds_api_io""]",2,15.238,
soccer|ca banfield|ca sarmiento junin|2026-06-02,spreads|ca sarmiento de junin|-1.00|away,spreads,CA Sarmiento de Junin,-1.0,away,14.0,13.0038,"[""Betfair Exchange""]","[""odds_api_io""]",2,1.094,
soccer|ca banfield|ca sarmiento junin|2026-06-02,spreads|ca banfield|1.75|home,spreads,CA Banfield,1.75,home,1.03,1.03,"[""Betfair Exchange""]","[""odds_api_io""]",1,,
soccer|ca banfield|ca sarmiento junin|2026-06-02,spreads|ca sarmiento de junin|-1.75|away,spreads,CA Sarmiento de Junin,-1.75,away,22.34,22.34,"[""Betfair Exchange""]","[""odds_api_io""]",1,,
soccer|ca banfield|ca sarmiento junin|2026-06-02,spreads|ca banfield|1.25|home,spreads,CA Banfield,1.25,home,1.05,1.05,"[""Betfair Exchange""]","[""odds_api_io""]",1,,
soccer|ca banfield|ca sarmiento junin|2026-06-02,spreads|ca sarmiento de junin|-1.25|away,spreads,CA Sarmiento de Junin,-1.25,away,13.19,13.19,"[""Betfair Exchange""]","[""odds_api_io""]",1,,
soccer|ca banfield|ca sarmiento junin|2026-06-02,spreads|ca banfield|1.50|home,spreads,CA Banfield,1.5,home,1.04,1.04,"[""Betfair Exchange""]","[""odds_api_io""]",1,,
soccer|ca banfield|ca sarmiento junin|2026-06-02,spreads|ca sarmiento de junin|-1.50|away,spreads,CA Sarmiento de Junin,-1.5,away,14.1,14.1,"[""Betfair Exchange""]","[""odds_api_io""]",1,,
soccer|ca banfield|ca sarmiento junin|2026-06-02,spreads|ca banfield|-2.25|home,spreads,CA Banfield,-2.25,home,10.48,10.48,"[""Betfair Exchange""]","[""odds_api_io""]",1,,
soccer|ca banfield|ca sarmiento junin|2026-06-02,spreads|ca sarmiento de junin|2.25|away,spreads,CA Sarmiento de Junin,2.25,away,1.07,1.07,"[""Betfair Exchange""]","[""odds_api_io""]",1,,
soccer|ca banfield|ca sarmiento junin|2026-06-02,spreads|ca banfield|2.00|home,spreads,CA Banfield,2.0,home,1.04,1.0248,"[""Betfair Exchange""]","[""odds_api_io""]",2,2.856,
soccer|ca banfield|ca sarmiento junin|2026-06-02,spreads|ca sarmiento de junin|-2.00|away,spreads,CA Sarmiento de Junin,-2.0,away,60.0,59.348,"[""Betfair Exchange""]","[""odds_api_io""]",2,0.037,
soccer|ca banfield|ca sarmiento junin|2026-06-02,spreads|ca banfield|-2.50|home,spreads,CA Banfield,-2.5,home,11.06,11.06,"[""Betfair Exchange""]","[""odds_api_io""]",1,,
soccer|ca banfield|ca sarmiento junin|2026-06-02,spreads|ca sarmiento de junin|2.50|away,spreads,CA Sarmiento de Junin,2.5,away,1.07,1.07,"[""Betfair Exchange""]","[""odds_api_io""]",1,,
soccer|ca banfield|ca sarmiento junin|2026-06-02,spreads|ca banfield|-2.75|home,spreads,CA Banfield,-2.75,home,16.75,16.75,"[""Betfair Exchange""]","[""odds_api_io""]",1,,
soccer|ca banfield|ca sarmiento junin|2026-06-02,spreads|ca sarmiento de junin|2.75|away,spreads,CA Sarmiento de Junin,2.75,away,1.04,1.04,"[""Betfair Exchange""]","[""odds_api_io""]",1,,
soccer|ca banfield|ca sarmiento junin|2026-06-02,spreads|ca banfield|2.25|home,spreads,CA Banfield,2.25,home,1.01,1.01,"[""Betfair Exchange""]","[""odds_api_io""]",1,,
soccer|ca banfield|ca sarmiento junin|2026-06-02,spreads|ca sarmiento de junin|-2.25|away,spreads,CA Sarmiento de Junin,-2.25,away,60.38,60.38,"[""Betfair Exchange""]","[""odds_api_io""]",1,,
soccer|ca banfield|ca sarmiento junin|2026-06-02,totals|over|2.25|,totals,Over,2.25,,2.28,2.28,"[""Betfair Exchange""]","[""odds_api_io""]",1,,
soccer|ca banfield|ca sarmiento junin|2026-06-02,totals|under|2.25|,totals,Under,2.25,,1.67,1.67,"[""Betfair Exchange""]","[""odds_api_io""]",1,,
soccer|ca banfield|ca sarmiento junin|2026-06-02,totals|over|1.75|,totals,Over,1.75,,1.67,1.67,"[""Betfair Exchange""]","[""odds_api_io""]",1,,
soccer|ca banfield|ca sarmiento junin|2026-06-02,totals|under|1.75|,totals,Under,1.75,,2.25,2.25,"[""Betfair Exchange""]","[""odds_api_io""]",1,,
soccer|ca banfield|ca sarmiento junin|2026-06-02,totals|over|1.25|,totals,Over,1.25,,1.35,1.35,"[""Betfair Exchange""]","[""odds_api_io""]",1,,
soccer|ca banfield|ca sarmiento junin|2026-06-02,totals|under|1.25|,totals,Under,1.25,,3.38,3.38,"[""Betfair Exchange""]","[""odds_api_io""]",1,,
soccer|ca banfield|ca sarmiento junin|2026-06-02,totals|over|1.00|,totals,Over,1.0,,1.16,1.16,"[""Betfair Exchange""]","[""odds_api_io""]",1,,
soccer|ca banfield|ca sarmiento junin|2026-06-02,totals|under|1.00|,totals,Under,1.0,,5.28,5.28,"[""Betfair Exchange""]","[""odds_api_io""]",1,,
soccer|ca banfield|ca sarmiento junin|2026-06-02,totals|over|0.75|,totals,Over,0.75,,1.13,1.13,"[""Betfair Exchange""]","[""odds_api_io""]",1,,
soccer|ca banfield|ca sarmiento junin|2026-06-02,totals|under|0.75|,totals,Under,0.75,,6.08,6.08,"[""Betfair Exchange""]","[""odds_api_io""]",1,,
soccer|ca banfield|ca sarmiento junin|2026-06-02,spreads|ca banfield|3.00|home,spreads,CA Banfield,3.0,home,1.01,1.01,"[""Betfair Exchange""]","[""odds_api_io""]",1,,
soccer|ca banfield|ca sarmiento junin|2026-06-02,spreads|ca sarmiento de junin|-3.00|away,spreads,CA Sarmiento de Junin,-3.0,away,120.0,120.0,"[""Betfair Exchange""]","[""odds_api_io""]",1,,
soccer|ca banfield|ca sarmiento junin|2026-06-02,spreads|ca banfield|-3.00|home,spreads,CA Banfield,-3.0,home,38.0,38.0,"[""Betfair Exchange""]","[""odds_api_io""]",1,,
soccer|ca banfield|ca sarmiento junin|2026-06-02,spreads|ca sarmiento de junin|3.00|away,spreads,CA Sarmiento de Junin,3.0,away,1.07,1.07,"[""Betfair Exchange""]","[""odds_api_io""]",1,,
soccer|ca quilmes reserves|riestra afbc reserves|2026-06-02,h2h|ca quilmes reserve||home,h2h,CA Quilmes Reserve,,home,2.06,1.9694,"[""Bet365"", ""Unibet"", ""Betfair Exchange""]","[""odds_api_io""]",3,3.84,
soccer|ca quilmes reserves|riestra afbc reserves|2026-06-02,h2h|draw||,h2h,Draw,,,3.15,3.0497,"[""Bet365"", ""Unibet"", ""Betfair Exchange""]","[""odds_api_io""]",3,2.737,
soccer|ca quilmes reserves|riestra afbc reserves|2026-06-02,h2h|deportivo riestra afbc reserve||away,h2h,Deportivo Riestra Afbc Reserve,,away,4.6,3.8886,"[""Bet365"", ""Unibet"", ""Betfair Exchange""]","[""odds_api_io""]",3,7.673,
soccer|ca quilmes reserves|riestra afbc reserves|2026-06-02,dnb|ca quilmes reserve|0.00|home,dnb,CA Quilmes Reserve,0.0,home,1.4,1.3846,"[""Bet365"", ""Betfair Exchange""]","[""odds_api_io""]",2,1.564,
soccer|ca quilmes reserves|riestra afbc reserves|2026-06-02,dnb|deportivo riestra afbc reserve|0.00|away,dnb,Deportivo Riestra Afbc Reserve,0.0,away,3.2,2.9621,"[""Bet365"", ""Betfair Exchange""]","[""odds_api_io""]",2,5.114,
soccer|ca quilmes reserves|riestra afbc reserves|2026-06-02,spreads|ca quilmes reserve|-0.50|home,spreads,CA Quilmes Reserve,-0.5,home,1.975,1.9622,"[""Bet365"", ""Betfair Exchange""]","[""odds_api_io""]",2,0.649,
soccer|ca quilmes reserves|riestra afbc reserves|2026-06-02,spreads|deportivo riestra afbc reserve|0.50|away,spreads,Deportivo Riestra Afbc Reserve,0.5,away,1.94,1.8818,"[""Bet365"", ""Betfair Exchange""]","[""odds_api_io""]",2,3.248,
soccer|ca quilmes reserves|riestra afbc reserves|2026-06-02,totals|over|2.00|,totals,Over,2.0,,1.975,1.975,"[""Bet365""]","[""odds_api_io""]",1,,
soccer|ca quilmes reserves|riestra afbc reserves|2026-06-02,totals|under|2.00|,totals,Under,2.0,,1.825,1.825,"[""Bet365""]","[""odds_api_io""]",1,,
soccer|ca quilmes reserves|riestra afbc reserves|2026-06-02,totals|over|2.50|,totals,Over,2.5,,2.5,2.4245,"[""Bet365"", ""Unibet""]","[""odds_api_io""]",2,2.553,
soccer|ca quilmes reserves|riestra afbc reserves|2026-06-02,totals|under|2.50|,totals,Under,2.5,,1.5,1.4951,"[""Bet365"", ""Unibet""]","[""odds_api_io""]",2,0.447,
soccer|ca quilmes reserves|riestra afbc reserves|2026-06-02,spreads|ca quilmes reserve|-2.00|home,spreads,CA Quilmes Reserve,-2.0,home,12.0,9.2939,"[""Bet365"", ""Betfair Exchange""]","[""odds_api_io""]",3,6.373,
soccer|ca quilmes reserves|riestra afbc reserves|2026-06-02,spreads|deportivo riestra afbc reserve|2.00|away,spreads,Deportivo Riestra Afbc Reserve,2.0,away,1.24,1.1379,"[""Bet365"", ""Betfair Exchange""]","[""odds_api_io""]",3,11.947,
soccer|ca quilmes reserves|riestra afbc reserves|2026-06-02,spreads|ca quilmes reserve|-1.75|home,spreads,CA Quilmes Reserve,-1.75,home,6.0,5.1563,"[""Bet365"", ""Betfair Exchange""]","[""odds_api_io""]",2,5.556,
soccer|ca quilmes reserves|riestra afbc reserves|2026-06-02,spreads|deportivo riestra afbc reserve|1.75|away,spreads,Deportivo Riestra Afbc Reserve,1.75,away,1.19,1.1745,"[""Bet365"", ""Betfair Exchange""]","[""odds_api_io""]",2,2.173,
soccer|ca quilmes reserves|riestra afbc reserves|2026-06-02,spreads|ca quilmes reserve|-1.50|home,spreads,CA Quilmes Reserve,-1.5,home,4.22,3.8622,"[""Bet365"", ""Betfair Exchange""]","[""odds_api_io""]",2,4.472,
soccer|ca quilmes reserves|riestra afbc reserves|2026-06-02,spreads|deportivo riestra afbc reserve|1.50|away,spreads,Deportivo Riestra Afbc Reserve,1.5,away,1.275,1.2569,"[""Bet365"", ""Betfair Exchange""]","[""odds_api_io""]",2,2.214,
soccer|ca quilmes reserves|riestra afbc reserves|2026-06-02,spreads|ca quilmes reserve|-1.25|home,spreads,CA Quilmes Reserve,-1.25,home,3.77,3.5236,"[""Bet365"", ""Betfair Exchange""]","[""odds_api_io""]",2,3.778,
soccer|ca quilmes reserves|riestra afbc reserves|2026-06-02,spreads|deportivo riestra afbc reserve|1.25|away,spreads,Deportivo Riestra Afbc Reserve,1.25,away,1.325,1.3122,"[""Bet365"", ""Betfair Exchange""]","[""odds_api_io""]",2,1.451,
soccer|ca quilmes reserves|riestra afbc reserves|2026-06-02,spreads|ca quilmes reserve|-1.00|home,spreads,CA Quilmes Reserve,-1.0,home,4.2,3.3124,"[""Bet365"", ""Betfair Exchange""]","[""odds_api_io""]",3,11.278,
soccer|ca quilmes reserves|riestra afbc reserves|2026-06-02,spreads|deportivo riestra afbc reserve|1.00|away,spreads,Deportivo Riestra Afbc Reserve,1.0,away,1.94,1.541,"[""Bet365"", ""Betfair Exchange""]","[""odds_api_io""]",3,20.396,
soccer|ca quilmes reserves|riestra afbc reserves|2026-06-02,spreads|ca quilmes reserve|-0.75|home,spreads,CA Quilmes Reserve,-0.75,home,2.32,2.2851,"[""Bet365"", ""Betfair Exchange""]","[""odds_api_io""]",2,1.341,
soccer|ca quilmes reserves|riestra afbc reserves|2026-06-02,spreads|deportivo riestra afbc reserve|0.75|away,spreads,Deportivo Riestra Afbc Reserve,0.75,away,5.0,2.47,"[""Bet365"", ""Betfair Exchange""]","[""odds_api_io""]",2,40.241,
soccer|ca quilmes reserves|riestra afbc reserves|2026-06-02,spreads|ca quilmes reserve|-0.25|home,spreads,CA Quilmes Reserve,-0.25,home,1.675,1.6673,"[""Bet365"", ""Betfair Exchange""]","[""odds_api_io""]",2,0.539,
soccer|ca quilmes reserves|riestra afbc reserves|2026-06-02,spreads|deportivo riestra afbc reserve|0.25|away,spreads,Deportivo Riestra Afbc Reserve,0.25,away,3.3,2.7159,"[""Bet365"", ""Betfair Exchange""]","[""odds_api_io""]",2,12.8,
soccer|ca quilmes reserves|riestra afbc reserves|2026-06-02,spreads|ca quilmes reserve|0.00|home,spreads,CA Quilmes Reserve,0.0,home,1.425,1.3965,"[""Bet365"", ""Betfair Exchange""]","[""odds_api_io""]",2,2.817,
soccer|ca quilmes reserves|riestra afbc reserves|2026-06-02,spreads|deportivo riestra afbc reserve|-0.00|away,spreads,Deportivo Riestra Afbc Reserve,-0.0,away,3.24,2.9794,"[""Bet365"", ""Betfair Exchange""]","[""odds_api_io""]",2,5.499,
soccer|ca quilmes reserves|riestra afbc reserves|2026-06-02,spreads|ca quilmes reserve|0.25|home,spreads,CA Quilmes Reserve,0.25,home,1.325,1.3017,"[""Bet365"", ""Betfair Exchange""]","[""odds_api_io""]",2,2.653,
soccer|ca quilmes reserves|riestra afbc reserves|2026-06-02,spreads|deportivo riestra afbc reserve|-0.25|away,spreads,Deportivo Riestra Afbc Reserve,-0.25,away,3.93,2.7943,"[""Bet365"", ""Betfair Exchange""]","[""odds_api_io""]",2,21.066,
soccer|ca quilmes reserves|riestra afbc reserves|2026-06-02,spreads|ca quilmes reserve|0.50|home,spreads,CA Quilmes Reserve,0.5,home,1.25,1.2397,"[""Bet365"", ""Betfair Exchange""]","[""odds_api_io""]",2,1.301,
soccer|ca quilmes reserves|riestra afbc reserves|2026-06-02,spreads|deportivo riestra afbc reserve|-0.50|away,spreads,Deportivo Riestra Afbc Reserve,-0.5,away,4.62,4.1775,"[""Bet365"", ""Betfair Exchange""]","[""odds_api_io""]",2,4.671,
soccer|ca quilmes reserves|riestra afbc reserves|2026-06-02,spreads|ca quilmes reserve|0.75|home,spreads,CA Quilmes Reserve,0.75,home,1.17,1.1545,"[""Bet365"", ""Betfair Exchange""]","[""odds_api_io""]",2,2.249,
soccer|ca quilmes reserves|riestra afbc reserves|2026-06-02,spreads|deportivo riestra afbc reserve|-0.75|away,spreads,Deportivo Riestra Afbc Reserve,-0.75,away,6.45,2.6245,"[""Bet365"", ""Betfair Exchange""]","[""odds_api_io""]",2,46.035,
soccer|ca quilmes reserves|riestra afbc reserves|2026-06-02,doubleChance|1x||,doubleChance,1X,,,1.23,1.2203,"[""Unibet"", ""Betfair Exchange""]","[""odds_api_io""]",2,1.344,
soccer|ca quilmes reserves|riestra afbc reserves|2026-06-02,doubleChance|12||,doubleChance,12,,,1.42,1.3493,"[""Unibet"", ""Betfair Exchange""]","[""odds_api_io""]",2,7.702,
soccer|ca quilmes reserves|riestra afbc reserves|2026-06-02,doubleChance|x2||,doubleChance,X2,,,1.94,1.7432,"[""Unibet"", ""Betfair Exchange""]","[""odds_api_io""]",2,12.148,
soccer|ca quilmes reserves|riestra afbc reserves|2026-06-02,totals|over|1.50|,totals,Over,1.5,,1.43,1.43,"[""Unibet""]","[""odds_api_io""]",1,,
soccer|ca quilmes reserves|riestra afbc reserves|2026-06-02,totals|under|1.50|,totals,Under,1.5,,2.5,2.5,"[""Unibet""]","[""odds_api_io""]",1,,
soccer|ca quilmes reserves|riestra afbc reserves|2026-06-02,totals|over|3.50|,totals,Over,3.5,,4.25,4.25,"[""Unibet""]","[""odds_api_io""]",1,,
soccer|ca quilmes reserves|riestra afbc reserves|2026-06-02,totals|under|3.50|,totals,Under,3.5,,1.16,1.16,"[""Unibet""]","[""odds_api_io""]",1,,
soccer|ca quilmes reserves|riestra afbc reserves|2026-06-02,spreads|ca quilmes reserve|-2.25|home,spreads,CA Quilmes Reserve,-2.25,home,11.44,11.44,"[""Betfair Exchange""]","[""odds_api_io""]",1,,
soccer|ca quilmes reserves|riestra afbc reserves|2026-06-02,spreads|deportivo riestra afbc reserve|2.25|away,spreads,Deportivo Riestra Afbc Reserve,2.25,away,1.07,1.07,"[""Betfair Exchange""]","[""odds_api_io""]",1,,
soccer|ca quilmes reserves|riestra afbc reserves|2026-06-02,spreads|ca quilmes reserve|1.00|home,spreads,CA Quilmes Reserve,1.0,home,1.23,1.1329,"[""Betfair Exchange""]","[""odds_api_io""]",2,13.937,
soccer|ca quilmes reserves|riestra afbc reserves|2026-06-02,spreads|deportivo riestra afbc reserve|-1.00|away,spreads,Deportivo Riestra Afbc Reserve,-1.0,away,14.0,12.9115,"[""Betfair Exchange""]","[""odds_api_io""]",2,1.204,
soccer|ca quilmes reserves|riestra afbc reserves|2026-06-02,spreads|ca quilmes reserve|1.25|home,spreads,CA Quilmes Reserve,1.25,home,1.05,1.05,"[""Betfair Exchange""]","[""odds_api_io""]",1,,
soccer|ca quilmes reserves|riestra afbc reserves|2026-06-02,spreads|deportivo riestra afbc reserve|-1.25|away,spreads,Deportivo Riestra Afbc Reserve,-1.25,away,12.99,12.99,"[""Betfair Exchange""]","[""odds_api_io""]",1,,
soccer|ca quilmes reserves|riestra afbc reserves|2026-06-02,spreads|ca quilmes reserve|2.25|home,spreads,CA Quilmes Reserve,2.25,home,1.01,1.01,"[""Betfair Exchange""]","[""odds_api_io""]",1,,
soccer|ca quilmes reserves|riestra afbc reserves|2026-06-02,spreads|deportivo riestra afbc reserve|-2.25|away,spreads,Deportivo Riestra Afbc Reserve,-2.25,away,60.63,60.63,"[""Betfair Exchange""]","[""odds_api_io""]",1,,
soccer|ca quilmes reserves|riestra afbc reserves|2026-06-02,spreads|ca quilmes reserve|1.75|home,spreads,CA Quilmes Reserve,1.75,home,1.02,1.02,"[""Betfair Exchange""]","[""odds_api_io""]",1,,
soccer|ca quilmes reserves|riestra afbc reserves|2026-06-02,spreads|deportivo riestra afbc reserve|-1.75|away,spreads,Deportivo Riestra Afbc Reserve,-1.75,away,22.23,22.23,"[""Betfair Exchange""]","[""odds_api_io""]",1,,
soccer|ca quilmes reserves|riestra afbc reserves|2026-06-02,spreads|ca quilmes reserve|-2.75|home,spreads,CA Quilmes Reserve,-2.75,home,18.09,18.09,"[""Betfair Exchange""]","[""odds_api_io""]",1,,
soccer|ca quilmes reserves|riestra afbc reserves|2026-06-02,spreads|deportivo riestra afbc reserve|2.75|away,spreads,Deportivo Riestra Afbc Reserve,2.75,away,1.04,1.04,"[""Betfair Exchange""]","[""odds_api_io""]",1,,
soccer|ca quilmes reserves|riestra afbc reserves|2026-06-02,spreads|ca quilmes reserve|1.50|home,spreads,CA Quilmes Reserve,1.5,home,1.04,1.04,"[""Betfair Exchange""]","[""odds_api_io""]",1,,
soccer|ca quilmes reserves|riestra afbc reserves|2026-06-02,spreads|deportivo riestra afbc reserve|-1.50|away,spreads,Deportivo Riestra Afbc Reserve,-1.5,away,14.0,14.0,"[""Betfair Exchange""]","[""odds_api_io""]",1,,
soccer|ca quilmes reserves|riestra afbc reserves|2026-06-02,spreads|ca quilmes reserve|-2.50|home,spreads,CA Quilmes Reserve,-2.5,home,12.14,12.14,"[""Betfair Exchange""]","[""odds_api_io""]",1,,
soccer|ca quilmes reserves|riestra afbc reserves|2026-06-02,spreads|deportivo riestra afbc reserve|2.50|away,spreads,Deportivo Riestra Afbc Reserve,2.5,away,1.07,1.07,"[""Betfair Exchange""]","[""odds_api_io""]",1,,
soccer|ca quilmes reserves|riestra afbc reserves|2026-06-02,spreads|ca quilmes reserve|2.00|home,spreads,CA Quilmes Reserve,2.0,home,1.01,1.01,"[""Betfair Exchange""]","[""odds_api_io""]",1,,
soccer|ca quilmes reserves|riestra afbc reserves|2026-06-02,spreads|deportivo riestra afbc reserve|-2.00|away,spreads,Deportivo Riestra Afbc Reserve,-2.0,away,58.9,58.9,"[""Betfair Exchange""]","[""odds_api_io""]",1,,
soccer|ca quilmes reserves|riestra afbc reserves|2026-06-02,totals|over|2.25|,totals,Over,2.25,,2.39,2.39,"[""Betfair Exchange""]","[""odds_api_io""]",1,,
soccer|ca quilmes reserves|riestra afbc reserves|2026-06-02,totals|under|2.25|,totals,Under,2.25,,1.63,1.63,"[""Betfair Exchange""]","[""odds_api_io""]",1,,
soccer|ca quilmes reserves|riestra afbc reserves|2026-06-02,spreads|ca quilmes reserve|3.00|home,spreads,CA Quilmes Reserve,3.0,home,1.01,1.01,"[""Betfair Exchange""]","[""odds_api_io""]",1,,
soccer|ca quilmes reserves|riestra afbc reserves|2026-06-02,spreads|deportivo riestra afbc reserve|-3.00|away,spreads,Deportivo Riestra Afbc Reserve,-3.0,away,110.0,110.0,"[""Betfair Exchange""]","[""odds_api_io""]",1,,
soccer|liverpool montevideo|progreso|2026-06-02,h2h|liverpool montevideo||home,h2h,Liverpool Montevideo,,home,2.3,2.2238,"[""Bet365"", ""Betfair Exchange""]","[""odds_api_io""]",2,3.033,
soccer|liverpool montevideo|progreso|2026-06-02,h2h|draw||,h2h,Draw,,,3.65,3.4694,"[""Bet365"", ""Betfair Exchange""]","[""odds_api_io""]",2,2.906,
soccer|liverpool montevideo|progreso|2026-06-02,h2h|progreso||away,h2h,Progreso,,away,3.1,3.0377,"[""Bet365"", ""Betfair Exchange""]","[""odds_api_io""]",2,1.299,
soccer|liverpool montevideo|progreso|2026-06-02,dnb|liverpool montevideo|0.00|home,dnb,Liverpool Montevideo,0.0,home,1.69,1.6294,"[""Bet365"", ""Betfair Exchange""]","[""odds_api_io""]",2,4.482,
soccer|liverpool montevideo|progreso|2026-06-02,dnb|progreso|0.00|away,dnb,Progreso,0.0,away,2.25,2.2346,"[""Bet365"", ""Betfair Exchange""]","[""odds_api_io""]",2,0.601,
soccer|liverpool montevideo|progreso|2026-06-02,spreads|liverpool montevideo|-0.25|home,spreads,Liverpool Montevideo,-0.25,home,1.99,1.9702,"[""Bet365"", ""Betfair Exchange""]","[""odds_api_io""]",2,1.031,
soccer|liverpool montevideo|progreso|2026-06-02,spreads|progreso|0.25|away,spreads,Progreso,0.25,away,1.87,1.8601,"[""Bet365"", ""Betfair Exchange""]","[""odds_api_io""]",2,0.578,
soccer|liverpool montevideo|progreso|2026-06-02,totals|over|2.75|,totals,Over,2.75,,1.9,1.9,"[""Bet365""]","[""odds_api_io""]",1,,
soccer|liverpool montevideo|progreso|2026-06-02,totals|under|2.75|,totals,Under,2.75,,1.9,1.9,"[""Bet365""]","[""odds_api_io""]",1,,
soccer|liverpool montevideo|progreso|2026-06-02,totals|over|2.50|,totals,Over,2.5,,1.727,1.6928,"[""Bet365""]","[""odds_api_io""]",2,2.337,
soccer|liverpool montevideo|progreso|2026-06-02,totals|under|2.50|,totals,Under,2.5,,2.15,2.1118,"[""Bet365""]","[""odds_api_io""]",2,1.681,
soccer|liverpool montevideo|progreso|2026-06-02,spreads|liverpool montevideo|-2.25|home,spreads,Liverpool Montevideo,-2.25,home,9.77,8.045,"[""Bet365"", ""Betfair Exchange""]","[""odds_api_io""]",2,4.47,
soccer|liverpool montevideo|progreso|2026-06-02,spreads|progreso|2.25|away,spreads,Progreso,2.25,away,1.105,1.0921,"[""Bet365"", ""Betfair Exchange""]","[""odds_api_io""]",2,2.095,
soccer|liverpool montevideo|progreso|2026-06-02,spreads|liverpool montevideo|-2.00|home,spreads,Liverpool Montevideo,-2.0,home,10.5,8.3172,"[""Bet365"", ""Betfair Exchange""]","[""odds_api_io""]",3,6.101,
soccer|liverpool montevideo|progreso|2026-06-02,spreads|progreso|2.00|away,spreads,Progreso,2.0,away,1.22,1.1393,"[""Bet365"", ""Betfair Exchange""]","[""odds_api_io""]",3,9.776,
soccer|liverpool montevideo|progreso|2026-06-02,spreads|liverpool montevideo|-1.75|home,spreads,Liverpool Montevideo,-1.75,home,4.5,4.5,"[""Bet365""]","[""odds_api_io""]",1,,
soccer|liverpool montevideo|progreso|2026-06-02,spreads|progreso|1.75|away,spreads,Progreso,1.75,away,1.19,1.19,"[""Bet365""]","[""odds_api_io""]",1,,
soccer|liverpool montevideo|progreso|2026-06-02,spreads|liverpool montevideo|-1.50|home,spreads,Liverpool Montevideo,-1.5,home,4.3,3.9829,"[""Bet365"", ""Betfair Exchange""]","[""odds_api_io""]",2,3.771,
soccer|liverpool montevideo|progreso|2026-06-02,spreads|progreso|1.50|away,spreads,Progreso,1.5,away,5.75,1.9894,"[""Bet365"", ""Betfair Exchange""]","[""odds_api_io""]",2,64.576,
soccer|liverpool montevideo|progreso|2026-06-02,spreads|liverpool montevideo|-1.25|home,spreads,Liverpool Montevideo,-1.25,home,3.86,3.6472,"[""Bet365"", ""Betfair Exchange""]","[""odds_api_io""]",2,3.079,
soccer|liverpool montevideo|progreso|2026-06-02,spreads|progreso|1.25|away,spreads,Progreso,1.25,away,5.5,2.014,"[""Bet365"", ""Betfair Exchange""]","[""odds_api_io""]",2,61.818,
soccer|liverpool montevideo|progreso|2026-06-02,spreads|liverpool montevideo|-1.00|home,spreads,Liverpool Montevideo,-1.0,home,4.3,3.5493,"[""Bet365"", ""Betfair Exchange""]","[""odds_api_io""]",3,9.002,
soccer|liverpool montevideo|progreso|2026-06-02,spreads|progreso|1.00|away,spreads,Progreso,1.0,away,5.0,1.8991,"[""Bet365"", ""Betfair Exchange""]","[""odds_api_io""]",3,56.923,
soccer|liverpool montevideo|progreso|2026-06-02,spreads|liverpool montevideo|-0.75|home,spreads,Liverpool Montevideo,-0.75,home,2.69,2.553,"[""Bet365"", ""Betfair Exchange""]","[""odds_api_io""]",2,4.062,
soccer|liverpool montevideo|progreso|2026-06-02,spreads|progreso|0.75|away,spreads,Progreso,0.75,away,3.7,2.1081,"[""Bet365"", ""Betfair Exchange""]","[""odds_api_io""]",2,40.087,
soccer|liverpool montevideo|progreso|2026-06-02,spreads|liverpool montevideo|-0.50|home,spreads,Liverpool Montevideo,-0.5,home,2.3,2.2238,"[""Bet365"", ""Betfair Exchange""]","[""odds_api_io""]",2,3.033,
soccer|liverpool montevideo|progreso|2026-06-02,spreads|progreso|0.50|away,spreads,Progreso,0.5,away,3.1,2.1589,"[""Bet365"", ""Betfair Exchange""]","[""odds_api_io""]",2,27.622,
soccer|liverpool montevideo|progreso|2026-06-02,spreads|liverpool montevideo|0.00|home,spreads,Liverpool Montevideo,0.0,home,1.69,1.6446,"[""Bet365"", ""Betfair Exchange""]","[""odds_api_io""]",2,3.328,
soccer|liverpool montevideo|progreso|2026-06-02,spreads|progreso|-0.00|away,spreads,Progreso,-0.0,away,2.3,2.2638,"[""Bet365"", ""Betfair Exchange""]","[""odds_api_io""]",2,1.365,
soccer|liverpool montevideo|progreso|2026-06-02,spreads|liverpool montevideo|0.25|home,spreads,Liverpool Montevideo,0.25,home,1.53,1.4897,"[""Bet365"", ""Betfair Exchange""]","[""odds_api_io""]",2,3.606,
soccer|liverpool montevideo|progreso|2026-06-02,spreads|progreso|-0.25|away,spreads,Progreso,-0.25,away,2.675,2.6363,"[""Bet365"", ""Betfair Exchange""]","[""odds_api_io""]",2,1.078,
soccer|liverpool montevideo|progreso|2026-06-02,spreads|liverpool montevideo|0.50|home,spreads,Liverpool Montevideo,0.5,home,1.43,1.3896,"[""Bet365"", ""Betfair Exchange""]","[""odds_api_io""]",2,4.144,
soccer|liverpool montevideo|progreso|2026-06-02,spreads|progreso|-0.50|away,spreads,Progreso,-0.5,away,2.98,2.1556,"[""Bet365"", ""Betfair Exchange""]","[""odds_api_io""]",2,26.144,
soccer|liverpool montevideo|progreso|2026-06-02,spreads|liverpool montevideo|0.75|home,spreads,Liverpool Montevideo,0.75,home,1.29,1.2751,"[""Bet365"", ""Betfair Exchange""]","[""odds_api_io""]",2,1.846,
soccer|liverpool montevideo|progreso|2026-06-02,spreads|progreso|-0.75|away,spreads,Progreso,-0.75,away,3.71,2.178,"[""Bet365"", ""Betfair Exchange""]","[""odds_api_io""]",2,38.62,
soccer|liverpool montevideo|progreso|2026-06-02,spreads|liverpool montevideo|1.00|home,spreads,Liverpool Montevideo,1.0,home,1.43,1.2387,"[""Bet365"", ""Betfair Exchange""]","[""odds_api_io""]",3,17.026,
soccer|liverpool montevideo|progreso|2026-06-02,spreads|progreso|-1.00|away,spreads,Progreso,-1.0,away,6.4,2.8023,"[""Bet365"", ""Betfair Exchange""]","[""odds_api_io""]",3,58.449,
soccer|liverpool montevideo|progreso|2026-06-02,spreads|liverpool montevideo|1.25|home,spreads,Liverpool Montevideo,1.25,home,1.15,1.1397,"[""Bet365"", ""Betfair Exchange""]","[""odds_api_io""]",2,1.539,
soccer|liverpool montevideo|progreso|2026-06-02,spreads|progreso|-1.25|away,spreads,Progreso,-1.25,away,5.9,2.1556,"[""Bet365"", ""Betfair Exchange""]","[""odds_api_io""]",2,59.974,
soccer|liverpool montevideo|progreso|2026-06-02,spreads|liverpool montevideo|1.50|home,spreads,Liverpool Montevideo,1.5,home,1.14,1.1297,"[""Bet365"", ""Betfair Exchange""]","[""odds_api_io""]",2,1.566,
soccer|liverpool montevideo|progreso|2026-06-02,spreads|progreso|-1.50|away,spreads,Progreso,-1.5,away,6.46,2.1348,"[""Bet365"", ""Betfair Exchange""]","[""odds_api_io""]",2,63.885,
soccer|liverpool montevideo|progreso|2026-06-02,doubleChance|1x||,doubleChance,1X,,,1.43,1.43,"[""Betfair Exchange""]","[""odds_api_io""]",1,,
soccer|liverpool montevideo|progreso|2026-06-02,doubleChance|12||,doubleChance,12,,,1.33,1.33,"[""Betfair Exchange""]","[""odds_api_io""]",1,,
soccer|liverpool montevideo|progreso|2026-06-02,doubleChance|x2||,doubleChance,X2,,,1.67,1.67,"[""Betfair Exchange""]","[""odds_api_io""]",1,,
soccer|liverpool montevideo|progreso|2026-06-02,spreads|liverpool montevideo|-2.50|home,spreads,Liverpool Montevideo,-2.5,home,10.5,10.5,"[""Betfair Exchange""]","[""odds_api_io""]",1,,
soccer|liverpool montevideo|progreso|2026-06-02,spreads|progreso|2.50|away,spreads,Progreso,2.5,away,1.07,1.07,"[""Betfair Exchange""]","[""odds_api_io""]",1,,
soccer|liverpool montevideo|progreso|2026-06-02,spreads|liverpool montevideo|2.50|home,spreads,Liverpool Montevideo,2.5,home,1.03,1.03,"[""Betfair Exchange""]","[""odds_api_io""]",1,,
soccer|liverpool montevideo|progreso|2026-06-02,spreads|progreso|-2.50|away,spreads,Progreso,-2.5,away,17.7,17.7,"[""Betfair Exchange""]","[""odds_api_io""]",1,,
soccer|liverpool montevideo|progreso|2026-06-02,spreads|liverpool montevideo|2.25|home,spreads,Liverpool Montevideo,2.25,home,1.04,1.04,"[""Betfair Exchange""]","[""odds_api_io""]",1,,
soccer|liverpool montevideo|progreso|2026-06-02,spreads|progreso|-2.25|away,spreads,Progreso,-2.25,away,17.09,17.09,"[""Betfair Exchange""]","[""odds_api_io""]",1,,
soccer|liverpool montevideo|progreso|2026-06-02,spreads|liverpool montevideo|3.00|home,spreads,Liverpool Montevideo,3.0,home,1.03,1.0199,"[""Betfair Exchange""]","[""odds_api_io""]",2,1.923,
soccer|liverpool montevideo|progreso|2026-06-02,spreads|progreso|-3.00|away,spreads,Progreso,-3.0,away,60.0,58.7859,"[""Betfair Exchange""]","[""odds_api_io""]",2,0.069,
soccer|liverpool montevideo|progreso|2026-06-02,spreads|liverpool montevideo|-3.75|home,spreads,Liverpool Montevideo,-3.75,home,21.0,21.0,"[""Betfair Exchange""]","[""odds_api_io""]",1,,
soccer|liverpool montevideo|progreso|2026-06-02,spreads|progreso|3.75|away,spreads,Progreso,3.75,away,1.01,1.01,"[""Betfair Exchange""]","[""odds_api_io""]",1,,
soccer|liverpool montevideo|progreso|2026-06-02,spreads|liverpool montevideo|2.75|home,spreads,Liverpool Montevideo,2.75,home,1.02,1.02,"[""Betfair Exchange""]","[""odds_api_io""]",1,,
soccer|liverpool montevideo|progreso|2026-06-02,spreads|progreso|-2.75|away,spreads,Progreso,-2.75,away,26.79,26.79,"[""Betfair Exchange""]","[""odds_api_io""]",1,,
soccer|liverpool montevideo|progreso|2026-06-02,spreads|liverpool montevideo|1.75|home,spreads,Liverpool Montevideo,1.75,home,1.08,1.08,"[""Betfair Exchange""]","[""odds_api_io""]",1,,
soccer|liverpool montevideo|progreso|2026-06-02,spreads|progreso|-1.75|away,spreads,Progreso,-1.75,away,9.08,9.08,"[""Betfair Exchange""]","[""odds_api_io""]",1,,
soccer|liverpool montevideo|progreso|2026-06-02,spreads|liverpool montevideo|-3.25|home,spreads,Liverpool Montevideo,-3.25,home,20.5,20.5,"[""Betfair Exchange""]","[""odds_api_io""]",1,,
soccer|liverpool montevideo|progreso|2026-06-02,spreads|progreso|3.25|away,spreads,Progreso,3.25,away,1.02,1.02,"[""Betfair Exchange""]","[""odds_api_io""]",1,,
soccer|liverpool montevideo|progreso|2026-06-02,spreads|liverpool montevideo|-3.50|home,spreads,Liverpool Montevideo,-3.5,home,21.0,21.0,"[""Betfair Exchange""]","[""odds_api_io""]",1,,
soccer|liverpool montevideo|progreso|2026-06-02,spreads|progreso|3.50|away,spreads,Progreso,3.5,away,1.02,1.02,"[""Betfair Exchange""]","[""odds_api_io""]",1,,
soccer|liverpool montevideo|progreso|2026-06-02,spreads|liverpool montevideo|2.00|home,spreads,Liverpool Montevideo,2.0,home,1.12,1.0785,"[""Betfair Exchange""]","[""odds_api_io""]",2,6.868,
soccer|liverpool montevideo|progreso|2026-06-02,spreads|progreso|-2.00|away,spreads,Progreso,-2.0,away,17.5,16.8733,"[""Betfair Exchange""]","[""odds_api_io""]",2,0.424,
soccer|liverpool montevideo|progreso|2026-06-02,totals|over|2.25|,totals,Over,2.25,,1.59,1.59,"[""Betfair Exchange""]","[""odds_api_io""]",1,,
soccer|liverpool montevideo|progreso|2026-06-02,totals|under|2.25|,totals,Under,2.25,,2.44,2.44,"[""Betfair Exchange""]","[""odds_api_io""]",1,,
soccer|liverpool montevideo|progreso|2026-06-02,totals|over|1.00|,totals,Over,1.0,,1.06,1.06,"[""Betfair Exchange""]","[""odds_api_io""]",1,,
soccer|liverpool montevideo|progreso|2026-06-02,totals|under|1.00|,totals,Under,1.0,,12.12,12.12,"[""Betfair Exchange""]","[""odds_api_io""]",1,,
soccer|liverpool montevideo|progreso|2026-06-02,totals|over|0.50|,totals,Over,0.5,,1.05,1.05,"[""Betfair Exchange""]","[""odds_api_io""]",1,,
soccer|liverpool montevideo|progreso|2026-06-02,totals|under|0.50|,totals,Under,0.5,,15.28,15.28,"[""Betfair Exchange""]","[""odds_api_io""]",1,,
soccer|liverpool montevideo|progreso|2026-06-02,totals|over|0.75|,totals,Over,0.75,,1.05,1.05,"[""Betfair Exchange""]","[""odds_api_io""]",1,,
soccer|liverpool montevideo|progreso|2026-06-02,totals|under|0.75|,totals,Under,0.75,,13.24,13.24,"[""Betfair Exchange""]","[""odds_api_io""]",1,,
soccer|liverpool montevideo|progreso|2026-06-02,totals|over|1.75|,totals,Over,1.75,,1.31,1.31,"[""Betfair Exchange""]","[""odds_api_io""]",1,,
soccer|liverpool montevideo|progreso|2026-06-02,totals|under|1.75|,totals,Under,1.75,,3.53,3.53,"[""Betfair Exchange""]","[""odds_api_io""]",1,,
soccer|liverpool montevideo|progreso|2026-06-02,totals|over|2.00|,totals,Over,2.0,,1.38,1.38,"[""Betfair Exchange""]","[""odds_api_io""]",1,,
soccer|liverpool montevideo|progreso|2026-06-02,totals|under|2.00|,totals,Under,2.0,,3.1,3.1,"[""Betfair Exchange""]","[""odds_api_io""]",1,,
soccer|liverpool montevideo|progreso|2026-06-02,totals|over|1.50|,totals,Over,1.5,,1.27,1.27,"[""Betfair Exchange""]","[""odds_api_io""]",1,,
soccer|liverpool montevideo|progreso|2026-06-02,totals|under|1.50|,totals,Under,1.5,,4.22,4.22,"[""Betfair Exchange""]","[""odds_api_io""]",1,,
soccer|liverpool montevideo|progreso|2026-06-02,totals|over|1.25|,totals,Over,1.25,,1.16,1.16,"[""Betfair Exchange""]","[""odds_api_io""]",1,,
soccer|liverpool montevideo|progreso|2026-06-02,totals|under|1.25|,totals,Under,1.25,,6.0,6.0,"[""Betfair Exchange""]","[""odds_api_io""]",1,,
soccer|liverpool montevideo|progreso|2026-06-02,spreads|liverpool montevideo|-3.00|home,spreads,Liverpool Montevideo,-3.0,home,21.0,21.0,"[""Betfair Exchange""]","[""odds_api_io""]",1,,
soccer|liverpool montevideo|progreso|2026-06-02,spreads|progreso|3.00|away,spreads,Progreso,3.0,away,1.07,1.07,"[""Betfair Exchange""]","[""odds_api_io""]",1,,
soccer|brusque|criciuma|2026-06-02,h2h|brusque u20||home,h2h,Brusque U20,,home,7.8,6.7987,"[""Bet365"", ""Betfair Exchange""]","[""odds_api_io""]",2,3.846,
soccer|brusque|criciuma|2026-06-02,h2h|draw||,h2h,Draw,,,5.1,5.0504,"[""Bet365"", ""Betfair Exchange""]","[""odds_api_io""]",2,0.392,
soccer|brusque|criciuma|2026-06-02,h2h|criciuma u20||away,h2h,Criciuma U20,,away,1.38,1.3565,"[""Bet365"", ""Betfair Exchange""]","[""odds_api_io""]",2,2.555,
soccer|brusque|criciuma|2026-06-02,dnb|brusque u20|0.00|home,dnb,Brusque U20,0.0,home,6.2,5.5465,"[""Bet365"", ""Betfair Exchange""]","[""odds_api_io""]",2,3.871,
soccer|brusque|criciuma|2026-06-02,dnb|criciuma u20|0.00|away,dnb,Criciuma U20,0.0,away,1.142,1.141,"[""Bet365"", ""Betfair Exchange""]","[""odds_api_io""]",2,0.154,
soccer|brusque|criciuma|2026-06-02,spreads|brusque u20|1.50|home,spreads,Brusque U20,1.5,home,1.9,1.9,"[""Bet365""]","[""odds_api_io""]",1,,
soccer|brusque|criciuma|2026-06-02,spreads|criciuma u20|-1.50|away,spreads,Criciuma U20,-1.5,away,1.9,1.9,"[""Bet365""]","[""odds_api_io""]",1,,
soccer|brusque|criciuma|2026-06-02,totals|over|3.25|,totals,Over,3.25,,2.025,2.025,"[""Bet365""]","[""odds_api_io""]",1,,
soccer|brusque|criciuma|2026-06-02,totals|under|3.25|,totals,Under,3.25,,1.775,1.775,"[""Bet365""]","[""odds_api_io""]",1,,
soccer|brusque|criciuma|2026-06-02,totals|over|2.50|,totals,Over,2.5,,1.5,1.5,"[""Bet365""]","[""odds_api_io""]",1,,
soccer|brusque|criciuma|2026-06-02,totals|under|2.50|,totals,Under,2.5,,2.5,2.5,"[""Bet365""]","[""odds_api_io""]",1,,
soccer|brusque|criciuma|2026-06-02,doubleChance|1x||,doubleChance,1X,,,3.2,3.2,"[""Betfair Exchange""]","[""odds_api_io""]",1,,
soccer|brusque|criciuma|2026-06-02,doubleChance|12||,doubleChance,12,,,1.17,1.17,"[""Betfair Exchange""]","[""odds_api_io""]",1,,
soccer|brusque|criciuma|2026-06-02,doubleChance|x2||,doubleChance,X2,,,1.12,1.12,"[""Betfair Exchange""]","[""odds_api_io""]",1,,
soccer|brusque|criciuma|2026-06-02,spreads|brusque u20|0.75|home,spreads,Brusque U20,0.75,home,2.13,2.13,"[""Betfair Exchange""]","[""odds_api_io""]",1,,
soccer|brusque|criciuma|2026-06-02,spreads|criciuma u20|-0.75|away,spreads,Criciuma U20,-0.75,away,1.38,1.38,"[""Betfair Exchange""]","[""odds_api_io""]",1,,
soccer|brusque|criciuma|2026-06-02,spreads|brusque u20|-1.50|home,spreads,Brusque U20,-1.5,home,7.8,7.8,"[""Betfair Exchange""]","[""odds_api_io""]",1,,
soccer|brusque|criciuma|2026-06-02,spreads|criciuma u20|1.50|away,spreads,Criciuma U20,1.5,away,1.02,1.02,"[""Betfair Exchange""]","[""odds_api_io""]",1,,
soccer|brusque|criciuma|2026-06-02,spreads|brusque u20|-2.25|home,spreads,Brusque U20,-2.25,home,7.8,7.8,"[""Betfair Exchange""]","[""odds_api_io""]",1,,
soccer|brusque|criciuma|2026-06-02,spreads|criciuma u20|2.25|away,spreads,Criciuma U20,2.25,away,1.02,1.02,"[""Betfair Exchange""]","[""odds_api_io""]",1,,
soccer|brusque|criciuma|2026-06-02,spreads|brusque u20|-0.25|home,spreads,Brusque U20,-0.25,home,7.08,7.08,"[""Betfair Exchange""]","[""odds_api_io""]",1,,
soccer|brusque|criciuma|2026-06-02,spreads|criciuma u20|0.25|away,spreads,Criciuma U20,0.25,away,1.13,1.13,"[""Betfair Exchange""]","[""odds_api_io""]",1,,
soccer|brusque|criciuma|2026-06-02,spreads|brusque u20|-1.75|home,spreads,Brusque U20,-1.75,home,7.8,7.8,"[""Betfair Exchange""]","[""odds_api_io""]",1,,
soccer|brusque|criciuma|2026-06-02,spreads|criciuma u20|1.75|away,spreads,Criciuma U20,1.75,away,1.02,1.02,"[""Betfair Exchange""]","[""odds_api_io""]",1,,
soccer|brusque|criciuma|2026-06-02,spreads|brusque u20|-0.75|home,spreads,Brusque U20,-0.75,home,7.8,7.8,"[""Betfair Exchange""]","[""odds_api_io""]",1,,
soccer|brusque|criciuma|2026-06-02,spreads|criciuma u20|0.75|away,spreads,Criciuma U20,0.75,away,1.07,1.07,"[""Betfair Exchange""]","[""odds_api_io""]",1,,
soccer|brusque|criciuma|2026-06-02,spreads|brusque u20|-2.00|home,spreads,Brusque U20,-2.0,home,7.8,7.8,"[""Betfair Exchange""]","[""odds_api_io""]",1,,
soccer|brusque|criciuma|2026-06-02,spreads|criciuma u20|2.00|away,spreads,Criciuma U20,2.0,away,1.02,1.02,"[""Betfair Exchange""]","[""odds_api_io""]",1,,
soccer|brusque|criciuma|2026-06-02,spreads|brusque u20|0.25|home,spreads,Brusque U20,0.25,home,4.12,4.12,"[""Betfair Exchange""]","[""odds_api_io""]",1,,
soccer|brusque|criciuma|2026-06-02,spreads|criciuma u20|-0.25|away,spreads,Criciuma U20,-0.25,away,1.26,1.26,"[""Betfair Exchange""]","[""odds_api_io""]",1,,
soccer|brusque|criciuma|2026-06-02,spreads|brusque u20|-2.50|home,spreads,Brusque U20,-2.5,home,7.8,7.8,"[""Betfair Exchange""]","[""odds_api_io""]",1,,
soccer|brusque|criciuma|2026-06-02,spreads|criciuma u20|2.50|away,spreads,Criciuma U20,2.5,away,1.02,1.02,"[""Betfair Exchange""]","[""odds_api_io""]",1,,
soccer|brusque|criciuma|2026-06-02,spreads|brusque u20|-0.50|home,spreads,Brusque U20,-0.5,home,7.8,7.8,"[""Betfair Exchange""]","[""odds_api_io""]",1,,
soccer|brusque|criciuma|2026-06-02,spreads|criciuma u20|0.50|away,spreads,Criciuma U20,0.5,away,1.12,1.12,"[""Betfair Exchange""]","[""odds_api_io""]",1,,
soccer|brusque|criciuma|2026-06-02,spreads|brusque u20|-2.75|home,spreads,Brusque U20,-2.75,home,7.8,7.8,"[""Betfair Exchange""]","[""odds_api_io""]",1,,
soccer|brusque|criciuma|2026-06-02,spreads|criciuma u20|2.75|away,spreads,Criciuma U20,2.75,away,1.01,1.01,"[""Betfair Exchange""]","[""odds_api_io""]",1,,
soccer|brusque|criciuma|2026-06-02,spreads|brusque u20|-1.00|home,spreads,Brusque U20,-1.0,home,7.8,7.8,"[""Betfair Exchange""]","[""odds_api_io""]",1,,
soccer|brusque|criciuma|2026-06-02,spreads|criciuma u20|1.00|away,spreads,Criciuma U20,1.0,away,1.12,1.0677,"[""Betfair Exchange""]","[""odds_api_io""]",2,8.754,
soccer|brusque|criciuma|2026-06-02,spreads|brusque u20|-1.25|home,spreads,Brusque U20,-1.25,home,7.8,7.8,"[""Betfair Exchange""]","[""odds_api_io""]",1,,
soccer|brusque|criciuma|2026-06-02,spreads|criciuma u20|1.25|away,spreads,Criciuma U20,1.25,away,1.02,1.02,"[""Betfair Exchange""]","[""odds_api_io""]",1,,
soccer|brusque|criciuma|2026-06-02,spreads|brusque u20|0.00|home,spreads,Brusque U20,0.0,home,6.36,6.36,"[""Betfair Exchange""]","[""odds_api_io""]",1,,
soccer|brusque|criciuma|2026-06-02,spreads|criciuma u20|-0.00|away,spreads,Criciuma U20,-0.0,away,1.14,1.14,"[""Betfair Exchange""]","[""odds_api_io""]",1,,
soccer|brusque|criciuma|2026-06-02,spreads|brusque u20|0.50|home,spreads,Brusque U20,0.5,home,3.2,3.2,"[""Betfair Exchange""]","[""odds_api_io""]",1,,
soccer|brusque|criciuma|2026-06-02,spreads|criciuma u20|-0.50|away,spreads,Criciuma U20,-0.5,away,1.38,1.38,"[""Betfair Exchange""]","[""odds_api_io""]",1,,
soccer|brusque|criciuma|2026-06-02,totals|over|0.75|,totals,Over,0.75,,1.02,1.02,"[""Betfair Exchange""]","[""odds_api_io""]",1,,
soccer|brusque|criciuma|2026-06-02,totals|under|0.75|,totals,Under,0.75,,5.94,5.94,"[""Betfair Exchange""]","[""odds_api_io""]",1,,
soccer|brusque|criciuma|2026-06-02,totals|over|2.75|,totals,Over,2.75,,1.16,1.16,"[""Betfair Exchange""]","[""odds_api_io""]",1,,
soccer|brusque|criciuma|2026-06-02,totals|under|2.75|,totals,Under,2.75,,1.25,1.25,"[""Betfair Exchange""]","[""odds_api_io""]",1,,
soccer|brusque|criciuma|2026-06-02,totals|over|0.50|,totals,Over,0.5,,1.02,1.02,"[""Betfair Exchange""]","[""odds_api_io""]",1,,
soccer|brusque|criciuma|2026-06-02,totals|under|0.50|,totals,Under,0.5,,5.99,5.99,"[""Betfair Exchange""]","[""odds_api_io""]",1,,
soccer|brusque|criciuma|2026-06-02,totals|over|4.25|,totals,Over,4.25,,1.17,1.17,"[""Betfair Exchange""]","[""odds_api_io""]",1,,
soccer|brusque|criciuma|2026-06-02,totals|under|4.25|,totals,Under,4.25,,1.01,1.01,"[""Betfair Exchange""]","[""odds_api_io""]",1,,
soccer|brusque|criciuma|2026-06-02,spreads|brusque u20|1.00|home,spreads,Brusque U20,1.0,home,3.2,3.2,"[""Betfair Exchange""]","[""odds_api_io""]",1,,
soccer|brusque|criciuma|2026-06-02,spreads|criciuma u20|-1.00|away,spreads,Criciuma U20,-1.0,away,1.38,1.38,"[""Betfair Exchange""]","[""odds_api_io""]",1,,
soccer|brusque|criciuma|2026-06-02,spreads|brusque u20|-3.00|home,spreads,Brusque U20,-3.0,home,7.8,7.8,"[""Betfair Exchange""]","[""odds_api_io""]",1,,
soccer|brusque|criciuma|2026-06-02,spreads|criciuma u20|3.00|away,spreads,Criciuma U20,3.0,away,1.02,1.02,"[""Betfair Exchange""]","[""odds_api_io""]",1,,
soccer|ca colegiales|general diaz luque|2026-06-02,h2h|ca colegiales||home,h2h,CA Colegiales,,home,2.28,2.1139,"[""Bet365"", ""Unibet"", ""Betfair Exchange""]","[""odds_api_io""]",3,5.645,
soccer|ca colegiales|general diaz luque|2026-06-02,h2h|draw||,h2h,Draw,,,3.35,3.2322,"[""Bet365"", ""Unibet"", ""Betfair Exchange""]","[""odds_api_io""]",3,2.936,
soccer|ca colegiales|general diaz luque|2026-06-02,h2h|general diaz luque||away,h2h,General Diaz Luque,,away,3.3,3.2301,"[""Bet365"", ""Unibet"", ""Betfair Exchange""]","[""odds_api_io""]",3,1.443,
soccer|ca colegiales|general diaz luque|2026-06-02,dnb|ca colegiales|0.00|home,dnb,CA Colegiales,0.0,home,1.66,1.5951,"[""Bet365"", ""Betfair Exchange""]","[""odds_api_io""]",2,4.991,
soccer|ca colegiales|general diaz luque|2026-06-02,dnb|general diaz luque|0.00|away,dnb,General Diaz Luque,0.0,away,2.375,2.2935,"[""Bet365"", ""Betfair Exchange""]","[""odds_api_io""]",2,2.94,
soccer|ca colegiales|general diaz luque|2026-06-02,spreads|ca colegiales|-0.25|home,spreads,CA Colegiales,-0.25,home,1.97,1.896,"[""Bet365"", ""Betfair Exchange""]","[""odds_api_io""]",2,4.033,
soccer|ca colegiales|general diaz luque|2026-06-02,spreads|general diaz luque|0.25|away,spreads,General Diaz Luque,0.25,away,1.975,1.8984,"[""Bet365"", ""Betfair Exchange""]","[""odds_api_io""]",2,4.012,
soccer|ca colegiales|general diaz luque|2026-06-02,totals|over|2.50|,totals,Over,2.5,,1.88,1.8371,"[""Bet365"", ""Unibet"", ""Betfair Exchange""]","[""odds_api_io""]",3,2.988,
soccer|ca colegiales|general diaz luque|2026-06-02,totals|under|2.50|,totals,Under,2.5,,1.95,1.9135,"[""Bet365"", ""Unibet"", ""Betfair Exchange""]","[""odds_api_io""]",3,2.194,
soccer|ca colegiales|general diaz luque|2026-06-02,spreads|ca colegiales|-2.25|home,spreads,CA Colegiales,-2.25,home,11.37,8.5494,"[""Bet365"", ""Betfair Exchange""]","[""odds_api_io""]",2,5.911,
soccer|ca colegiales|general diaz luque|2026-06-02,spreads|general diaz luque|2.25|away,spreads,General Diaz Luque,2.25,away,1.105,1.0869,"[""Bet365"", ""Betfair Exchange""]","[""odds_api_io""]",2,2.96,
soccer|ca colegiales|general diaz luque|2026-06-02,spreads|ca colegiales|-2.00|home,spreads,CA Colegiales,-2.0,home,10.51,7.9908,"[""Bet365"", ""Betfair Exchange""]","[""odds_api_io""]",2,6.11,
soccer|ca colegiales|general diaz luque|2026-06-02,spreads|general diaz luque|2.00|away,spreads,General Diaz Luque,2.0,away,1.115,1.0916,"[""Bet365"", ""Betfair Exchange""]","[""odds_api_io""]",2,3.772,
soccer|ca colegiales|general diaz luque|2026-06-02,spreads|ca colegiales|-1.75|home,spreads,CA Colegiales,-1.75,home,6.29,5.2624,"[""Bet365"", ""Betfair Exchange""]","[""odds_api_io""]",2,6.324,
soccer|ca colegiales|general diaz luque|2026-06-02,spreads|general diaz luque|1.75|away,spreads,General Diaz Luque,1.75,away,1.19,1.164,"[""Bet365"", ""Betfair Exchange""]","[""odds_api_io""]",2,3.686,
soccer|ca colegiales|general diaz luque|2026-06-02,spreads|ca colegiales|-1.50|home,spreads,CA Colegiales,-1.5,home,4.66,4.0399,"[""Bet365"", ""Betfair Exchange""]","[""odds_api_io""]",2,6.71,
soccer|ca colegiales|general diaz luque|2026-06-02,spreads|general diaz luque|1.50|away,spreads,General Diaz Luque,1.5,away,6.4,1.9962,"[""Bet365"", ""Betfair Exchange""]","[""odds_api_io""]",2,67.708,
soccer|ca colegiales|general diaz luque|2026-06-02,spreads|ca colegiales|-1.25|home,spreads,CA Colegiales,-1.25,home,4.22,3.712,"[""Bet365"", ""Betfair Exchange""]","[""odds_api_io""]",2,6.606,
soccer|ca colegiales|general diaz luque|2026-06-02,spreads|general diaz luque|1.25|away,spreads,General Diaz Luque,1.25,away,5.9,2.0253,"[""Bet365"", ""Betfair Exchange""]","[""odds_api_io""]",2,63.696,
soccer|ca colegiales|general diaz luque|2026-06-02,spreads|ca colegiales|-1.00|home,spreads,CA Colegiales,-1.0,home,4.6,3.6538,"[""Bet365"", ""Betfair Exchange""]","[""odds_api_io""]",3,11.594,
soccer|ca colegiales|general diaz luque|2026-06-02,spreads|general diaz luque|1.00|away,spreads,General Diaz Luque,1.0,away,5.75,1.9046,"[""Bet365"", ""Betfair Exchange""]","[""odds_api_io""]",3,60.128,
soccer|ca colegiales|general diaz luque|2026-06-02,spreads|ca colegiales|-0.75|home,spreads,CA Colegiales,-0.75,home,2.73,2.5434,"[""Bet365"", ""Betfair Exchange""]","[""odds_api_io""]",2,5.475,
soccer|ca colegiales|general diaz luque|2026-06-02,spreads|general diaz luque|0.75|away,spreads,General Diaz Luque,0.75,away,3.9,2.1072,"[""Bet365"", ""Betfair Exchange""]","[""odds_api_io""]",2,42.852,
soccer|ca colegiales|general diaz luque|2026-06-02,spreads|ca colegiales|-0.50|home,spreads,CA Colegiales,-0.5,home,2.28,2.1745,"[""Bet365"", ""Betfair Exchange""]","[""odds_api_io""]",2,4.333,
soccer|ca colegiales|general diaz luque|2026-06-02,spreads|general diaz luque|0.50|away,spreads,General Diaz Luque,0.5,away,3.3,2.1688,"[""Bet365"", ""Betfair Exchange""]","[""odds_api_io""]",2,31.047,
soccer|ca colegiales|general diaz luque|2026-06-02,spreads|ca colegiales|0.00|home,spreads,CA Colegiales,0.0,home,1.66,1.6041,"[""Bet365"", ""Betfair Exchange""]","[""odds_api_io""]",2,4.275,
soccer|ca colegiales|general diaz luque|2026-06-02,spreads|general diaz luque|-0.00|away,spreads,General Diaz Luque,-0.0,away,2.375,2.2935,"[""Bet365"", ""Betfair Exchange""]","[""odds_api_io""]",2,2.94,
soccer|ca colegiales|general diaz luque|2026-06-02,spreads|ca colegiales|0.25|home,spreads,CA Colegiales,0.25,home,1.49,1.4574,"[""Bet365"", ""Betfair Exchange""]","[""odds_api_io""]",2,3.061,
soccer|ca colegiales|general diaz luque|2026-06-02,spreads|general diaz luque|-0.25|away,spreads,General Diaz Luque,-0.25,away,2.75,2.7139,"[""Bet365"", ""Betfair Exchange""]","[""odds_api_io""]",2,0.95,
soccer|ca colegiales|general diaz luque|2026-06-02,spreads|ca colegiales|0.50|home,spreads,CA Colegiales,0.5,home,1.4,1.3621,"[""Bet365"", ""Betfair Exchange""]","[""odds_api_io""]",2,4.043,
soccer|ca colegiales|general diaz luque|2026-06-02,spreads|general diaz luque|-0.50|away,spreads,General Diaz Luque,-0.5,away,3.15,2.2411,"[""Bet365"", ""Betfair Exchange""]","[""odds_api_io""]",2,26.225,
soccer|ca colegiales|general diaz luque|2026-06-02,spreads|ca colegiales|0.75|home,spreads,CA Colegiales,0.75,home,1.27,1.2551,"[""Bet365"", ""Betfair Exchange""]","[""odds_api_io""]",2,1.905,
soccer|ca colegiales|general diaz luque|2026-06-02,spreads|general diaz luque|-0.75|away,spreads,General Diaz Luque,-0.75,away,3.91,2.2375,"[""Bet365"", ""Betfair Exchange""]","[""odds_api_io""]",2,38.941,
soccer|ca colegiales|general diaz luque|2026-06-02,spreads|ca colegiales|1.00|home,spreads,CA Colegiales,1.0,home,1.4,1.22,"[""Bet365"", ""Betfair Exchange""]","[""odds_api_io""]",3,16.291,
soccer|ca colegiales|general diaz luque|2026-06-02,spreads|general diaz luque|-1.00|away,spreads,General Diaz Luque,-1.0,away,6.6,2.8651,"[""Bet365"", ""Betfair Exchange""]","[""odds_api_io""]",3,57.576,
soccer|ca colegiales|general diaz luque|2026-06-02,spreads|ca colegiales|1.25|home,spreads,CA Colegiales,1.25,home,1.14,1.1351,"[""Bet365"", ""Betfair Exchange""]","[""odds_api_io""]",2,0.776,
soccer|ca colegiales|general diaz luque|2026-06-02,spreads|general diaz luque|-1.25|away,spreads,General Diaz Luque,-1.25,away,6.05,2.1995,"[""Bet365"", ""Betfair Exchange""]","[""odds_api_io""]",2,58.943,
soccer|ca colegiales|general diaz luque|2026-06-02,spreads|ca colegiales|1.50|home,spreads,CA Colegiales,1.5,home,1.12,1.1175,"[""Bet365"", ""Betfair Exchange""]","[""odds_api_io""]",2,0.4,
soccer|ca colegiales|general diaz luque|2026-06-02,spreads|general diaz luque|-1.50|away,spreads,General Diaz Luque,-1.5,away,6.6,2.1637,"[""Bet365"", ""Betfair Exchange""]","[""odds_api_io""]",2,63.28,
soccer|ca colegiales|general diaz luque|2026-06-02,doubleChance|1x||,doubleChance,1X,,,1.4,1.3076,"[""Unibet"", ""Betfair Exchange""]","[""odds_api_io""]",2,10.539,
soccer|ca colegiales|general diaz luque|2026-06-02,doubleChance|12||,doubleChance,12,,,1.37,1.3098,"[""Unibet"", ""Betfair Exchange""]","[""odds_api_io""]",2,7.007,
soccer|ca colegiales|general diaz luque|2026-06-02,doubleChance|x2||,doubleChance,X2,,,1.63,1.6057,"[""Unibet"", ""Betfair Exchange""]","[""odds_api_io""]",2,1.941,
soccer|ca colegiales|general diaz luque|2026-06-02,totals|over|3.50|,totals,Over,3.5,,2.88,2.88,"[""Unibet""]","[""odds_api_io""]",1,,
soccer|ca colegiales|general diaz luque|2026-06-02,totals|under|3.50|,totals,Under,3.5,,1.33,1.33,"[""Unibet""]","[""odds_api_io""]",1,,
soccer|ca colegiales|general diaz luque|2026-06-02,totals|over|1.50|,totals,Over,1.5,,1.29,1.2605,"[""Unibet"", ""Betfair Exchange""]","[""odds_api_io""]",2,3.781,
soccer|ca colegiales|general diaz luque|2026-06-02,totals|under|1.50|,totals,Under,1.5,,3.9,3.6706,"[""Unibet"", ""Betfair Exchange""]","[""odds_api_io""]",2,3.344,
soccer|ca colegiales|general diaz luque|2026-06-02,spreads|ca colegiales|1.75|home,spreads,CA Colegiales,1.75,home,1.08,1.08,"[""Betfair Exchange""]","[""odds_api_io""]",1,,
soccer|ca colegiales|general diaz luque|2026-06-02,spreads|general diaz luque|-1.75|away,spreads,General Diaz Luque,-1.75,away,9.25,9.25,"[""Betfair Exchange""]","[""odds_api_io""]",1,,
soccer|ca colegiales|general diaz luque|2026-06-02,spreads|ca colegiales|2.00|home,spreads,CA Colegiales,2.0,home,1.03,1.03,"[""Betfair Exchange""]","[""odds_api_io""]",1,,
soccer|ca colegiales|general diaz luque|2026-06-02,spreads|general diaz luque|-2.00|away,spreads,General Diaz Luque,-2.0,away,16.69,16.69,"[""Betfair Exchange""]","[""odds_api_io""]",1,,
soccer|ca colegiales|general diaz luque|2026-06-02,spreads|ca colegiales|2.25|home,spreads,CA Colegiales,2.25,home,1.03,1.03,"[""Betfair Exchange""]","[""odds_api_io""]",1,,
soccer|ca colegiales|general diaz luque|2026-06-02,spreads|general diaz luque|-2.25|away,spreads,General Diaz Luque,-2.25,away,17.61,17.61,"[""Betfair Exchange""]","[""odds_api_io""]",1,,
soccer|ca colegiales|general diaz luque|2026-06-02,totals|over|3.00|,totals,Over,3.0,,2.52,2.52,"[""Betfair Exchange""]","[""odds_api_io""]",1,,
soccer|ca colegiales|general diaz luque|2026-06-02,totals|under|3.00|,totals,Under,3.0,,1.52,1.52,"[""Betfair Exchange""]","[""odds_api_io""]",1,,
soccer|ca colegiales|general diaz luque|2026-06-02,totals|over|2.00|,totals,Over,2.0,,1.43,1.43,"[""Betfair Exchange""]","[""odds_api_io""]",1,,
soccer|ca colegiales|general diaz luque|2026-06-02,totals|under|2.00|,totals,Under,2.0,,2.78,2.78,"[""Betfair Exchange""]","[""odds_api_io""]",1,,
soccer|ca colegiales|general diaz luque|2026-06-02,totals|over|2.25|,totals,Over,2.25,,1.65,1.65,"[""Betfair Exchange""]","[""odds_api_io""]",1,,
soccer|ca colegiales|general diaz luque|2026-06-02,totals|under|2.25|,totals,Under,2.25,,2.21,2.21,"[""Betfair Exchange""]","[""odds_api_io""]",1,,
soccer|ca colegiales|general diaz luque|2026-06-02,totals|over|1.75|,totals,Over,1.75,,1.35,1.35,"[""Betfair Exchange""]","[""odds_api_io""]",1,,
soccer|ca colegiales|general diaz luque|2026-06-02,totals|under|1.75|,totals,Under,1.75,,3.22,3.22,"[""Betfair Exchange""]","[""odds_api_io""]",1,,
soccer|ca colegiales|general diaz luque|2026-06-02,totals|over|1.25|,totals,Over,1.25,,1.19,1.19,"[""Betfair Exchange""]","[""odds_api_io""]",1,,
soccer|ca colegiales|general diaz luque|2026-06-02,totals|under|1.25|,totals,Under,1.25,,5.3,5.3,"[""Betfair Exchange""]","[""odds_api_io""]",1,,
soccer|ca colegiales|general diaz luque|2026-06-02,totals|over|1.00|,totals,Over,1.0,,1.07,1.07,"[""Betfair Exchange""]","[""odds_api_io""]",1,,
soccer|ca colegiales|general diaz luque|2026-06-02,totals|under|1.00|,totals,Under,1.0,,9.18,9.18,"[""Betfair Exchange""]","[""odds_api_io""]",1,,
soccer|ca colegiales|general diaz luque|2026-06-02,totals|over|0.75|,totals,Over,0.75,,1.06,1.06,"[""Betfair Exchange""]","[""odds_api_io""]",1,,
soccer|ca colegiales|general diaz luque|2026-06-02,totals|under|0.75|,totals,Under,0.75,,10.05,10.05,"[""Betfair Exchange""]","[""odds_api_io""]",1,,
soccer|ca colegiales|general diaz luque|2026-06-02,btts|yes||,btts,Yes,,,1.71,1.71,"[""Betfair Exchange""]","[""odds_api_io""]",1,,
soccer|ca colegiales|general diaz luque|2026-06-02,btts|no||,btts,No,,,2.14,2.14,"[""Betfair Exchange""]","[""odds_api_io""]",1,,
soccer|ca colegiales|general diaz luque|2026-06-02,spreads|ca colegiales|3.00|home,spreads,CA Colegiales,3.0,home,1.03,1.03,"[""Betfair Exchange""]","[""odds_api_io""]",1,,
soccer|ca colegiales|general diaz luque|2026-06-02,spreads|general diaz luque|-3.00|away,spreads,General Diaz Luque,-3.0,away,30.0,30.0,"[""Betfair Exchange""]","[""odds_api_io""]",1,,
soccer|ascoli 1898|union brescia|2026-06-02,h2h|union brescia||home,h2h,Union Brescia,,home,2.96,2.7719,"[""Bet365"", ""Betfair Exchange"", ""Sbobet""]","[""odds_api_io""]",3,4.384,
soccer|ascoli 1898|union brescia|2026-06-02,h2h|draw||,h2h,Draw,,,2.96,2.8795,"[""Bet365"", ""Betfair Exchange"", ""Sbobet""]","[""odds_api_io""]",3,1.931,
soccer|ascoli 1898|union brescia|2026-06-02,h2h|ascoli calcio 1898||away,h2h,Ascoli Calcio 1898,,away,2.96,2.7033,"[""Bet365"", ""Betfair Exchange"", ""Sbobet""]","[""odds_api_io""]",3,5.432,
soccer|ascoli 1898|union brescia|2026-06-02,dnb|union brescia|0.00|home,dnb,Union Brescia,0.0,home,1.97,1.9003,"[""Bet365"", ""Betfair Exchange""]","[""odds_api_io""]",2,3.794,
soccer|ascoli 1898|union brescia|2026-06-02,dnb|ascoli calcio 1898|0.00|away,dnb,Ascoli Calcio 1898,0.0,away,2.0,1.9144,"[""Bet365"", ""Betfair Exchange""]","[""odds_api_io""]",2,4.555,
soccer|ascoli 1898|union brescia|2026-06-02,spreads|union brescia|0.00|home,spreads,Union Brescia,0.0,home,1.97,1.9484,"[""Bet365"", ""Betfair Exchange"", ""Sbobet""]","[""odds_api_io""]",3,1.187,
soccer|ascoli 1898|union brescia|2026-06-02,totals|over|2.00|,totals,Over,2.0,,1.9,1.89,"[""Bet365"", ""Betfair Exchange"", ""Sbobet""]","[""odds_api_io""]",3,0.844,
soccer|ascoli 1898|union brescia|2026-06-02,totals|under|2.00|,totals,Under,2.0,,1.99,1.9465,"[""Bet365"", ""Betfair Exchange"", ""Sbobet""]","[""odds_api_io""]",3,2.38,
soccer|ascoli 1898|union brescia|2026-06-02,totals|over|2.50|,totals,Over,2.5,,2.62,2.5169,"[""Bet365"", ""Unibet"", ""Betfair Exchange""]","[""odds_api_io""]",3,2.984,
soccer|ascoli 1898|union brescia|2026-06-02,totals|under|2.50|,totals,Under,2.5,,1.58,1.5133,"[""Bet365"", ""Unibet"", ""Betfair Exchange""]","[""odds_api_io""]",3,5.202,
soccer|ascoli 1898|union brescia|2026-06-02,btts|yes||,btts,Yes,,,2.1,2.0479,"[""Bet365"", ""Betfair Exchange""]","[""odds_api_io""]",2,2.381,
soccer|ascoli 1898|union brescia|2026-06-02,btts|no||,btts,No,,,1.86,1.7594,"[""Bet365"", ""Betfair Exchange""]","[""odds_api_io""]",2,6.261,
soccer|ascoli 1898|union brescia|2026-06-02,spreads|ascoli calcio 1898|1.00|away,spreads,Ascoli Calcio 1898,1.0,away,5.5,1.884,"[""Bet365"", ""Unibet"", ""Betfair Exchange""]","[""odds_api_io""]",5,67.288,
soccer|ascoli 1898|union brescia|2026-06-02,spreads|union brescia|-2.00|home,spreads,Union Brescia,-2.0,home,21.09,16.1548,"[""Bet365"", ""Betfair Exchange""]","[""odds_api_io""]",2,2.951,
soccer|ascoli 1898|union brescia|2026-06-02,spreads|ascoli calcio 1898|2.00|away,spreads,Ascoli Calcio 1898,2.0,away,13.0,1.8796,"[""Bet365"", ""Betfair Exchange""]","[""odds_api_io""]",2,89.395,
soccer|ascoli 1898|union brescia|2026-06-02,spreads|union brescia|2.00|home,spreads,Union Brescia,2.0,home,1.1,1.1,"[""Bet365""]","[""odds_api_io""]",1,,
soccer|ascoli 1898|union brescia|2026-06-02,spreads|ascoli calcio 1898|-2.00|away,spreads,Ascoli Calcio 1898,-2.0,away,1.09,1.09,"[""Bet365""]","[""odds_api_io""]",1,,
soccer|ascoli 1898|union brescia|2026-06-02,spreads|union brescia|3.00|home,spreads,Union Brescia,3.0,home,1.03,1.03,"[""Bet365""]","[""odds_api_io""]",1,,
soccer|ascoli 1898|union brescia|2026-06-02,spreads|ascoli calcio 1898|-1.00|away,spreads,Ascoli Calcio 1898,-1.0,away,7.2,2.3906,"[""Bet365"", ""Unibet"", ""Betfair Exchange""]","[""odds_api_io""]",5,71.581,
soccer|ascoli 1898|union brescia|2026-06-02,spreads|ascoli calcio 1898|3.00|away,spreads,Ascoli Calcio 1898,3.0,away,34.0,34.0,"[""Bet365""]","[""odds_api_io""]",1,,
soccer|ascoli 1898|union brescia|2026-06-02,spreads|union brescia|-1.25|home,spreads,Union Brescia,-1.25,home,6.63,6.1667,"[""Bet365"", ""Betfair Exchange""]","[""odds_api_io""]",2,2.308,
soccer|ascoli 1898|union brescia|2026-06-02,spreads|ascoli calcio 1898|1.25|away,spreads,Ascoli Calcio 1898,1.25,away,5.5,1.8799,"[""Bet365"", ""Betfair Exchange""]","[""odds_api_io""]",2,68.775,
soccer|ascoli 1898|union brescia|2026-06-02,spreads|union brescia|-1.00|home,spreads,Union Brescia,-1.0,home,7.2,5.589,"[""Bet365"", ""Unibet"", ""Betfair Exchange""]","[""odds_api_io""]",4,7.388,
soccer|ascoli 1898|union brescia|2026-06-02,spreads|union brescia|-0.50|home,spreads,Union Brescia,-0.5,home,2.96,2.8129,"[""Bet365"", ""Betfair Exchange""]","[""odds_api_io""]",2,3.599,
soccer|ascoli 1898|union brescia|2026-06-02,spreads|ascoli calcio 1898|0.50|away,spreads,Ascoli Calcio 1898,0.5,away,2.675,1.9041,"[""Bet365"", ""Betfair Exchange""]","[""odds_api_io""]",2,29.731,
soccer|ascoli 1898|union brescia|2026-06-02,spreads|union brescia|0.50|home,spreads,Union Brescia,0.5,home,1.49,1.4701,"[""Bet365"", ""Betfair Exchange""]","[""odds_api_io""]",2,1.851,
soccer|ascoli 1898|union brescia|2026-06-02,spreads|ascoli calcio 1898|-0.50|away,spreads,Ascoli Calcio 1898,-0.5,away,2.97,1.9609,"[""Bet365"", ""Betfair Exchange""]","[""odds_api_io""]",2,35.295,
soccer|ascoli 1898|union brescia|2026-06-02,spreads|union brescia|1.00|home,spreads,Union Brescia,1.0,home,1.49,1.2775,"[""Bet365"", ""Unibet"", ""Betfair Exchange""]","[""odds_api_io""]",4,19.093,
soccer|ascoli 1898|union brescia|2026-06-02,spreads|union brescia|1.25|home,spreads,Union Brescia,1.25,home,1.15,1.1397,"[""Bet365"", ""Betfair Exchange""]","[""odds_api_io""]",2,1.539,
soccer|ascoli 1898|union brescia|2026-06-02,spreads|ascoli calcio 1898|-1.25|away,spreads,Ascoli Calcio 1898,-1.25,away,6.63,1.9708,"[""Bet365"", ""Betfair Exchange""]","[""odds_api_io""]",2,72.636,
soccer|ascoli 1898|union brescia|2026-06-02,spreads|union brescia|-1.50|home,spreads,Union Brescia,-1.5,home,7.35,6.6189,"[""Bet365"", ""Betfair Exchange""]","[""odds_api_io""]",2,3.061,
soccer|ascoli 1898|union brescia|2026-06-02,spreads|ascoli calcio 1898|1.50|away,spreads,Ascoli Calcio 1898,1.5,away,5.9,1.8736,"[""Bet365"", ""Betfair Exchange""]","[""odds_api_io""]",2,71.546,
soccer|ascoli 1898|union brescia|2026-06-02,spreads|union brescia|-0.75|home,spreads,Union Brescia,-0.75,home,3.82,3.6289,"[""Bet365"", ""Betfair Exchange""]","[""odds_api_io""]",2,2.807,
soccer|ascoli 1898|union brescia|2026-06-02,spreads|ascoli calcio 1898|0.75|away,spreads,Ascoli Calcio 1898,0.75,away,3.3,1.8813,"[""Bet365"", ""Betfair Exchange""]","[""odds_api_io""]",2,44.885,
soccer|ascoli 1898|union brescia|2026-06-02,spreads|union brescia|0.75|home,spreads,Union Brescia,0.75,home,1.325,1.3224,"[""Bet365"", ""Betfair Exchange""]","[""odds_api_io""]",2,0.286,
soccer|ascoli 1898|union brescia|2026-06-02,spreads|ascoli calcio 1898|-0.75|away,spreads,Ascoli Calcio 1898,-0.75,away,3.81,1.956,"[""Bet365"", ""Betfair Exchange""]","[""odds_api_io""]",2,50.676,
soccer|ascoli 1898|union brescia|2026-06-02,spreads|union brescia|1.50|home,spreads,Union Brescia,1.5,home,1.13,1.1249,"[""Bet365"", ""Betfair Exchange""]","[""odds_api_io""]",2,0.79,
soccer|ascoli 1898|union brescia|2026-06-02,spreads|ascoli calcio 1898|-1.50|away,spreads,Ascoli Calcio 1898,-1.5,away,7.25,1.974,"[""Bet365"", ""Betfair Exchange""]","[""odds_api_io""]",2,75.096,
soccer|ascoli 1898|union brescia|2026-06-02,spreads|union brescia|-0.25|home,spreads,Union Brescia,-0.25,home,2.46,2.4047,"[""Bet365"", ""Betfair Exchange""]","[""odds_api_io""]",2,1.903,
soccer|ascoli 1898|union brescia|2026-06-02,spreads|ascoli calcio 1898|0.25|away,spreads,Ascoli Calcio 1898,0.25,away,2.3,1.9226,"[""Bet365"", ""Betfair Exchange""]","[""odds_api_io""]",2,16.763,
soccer|ascoli 1898|union brescia|2026-06-02,spreads|union brescia|0.25|home,spreads,Union Brescia,0.25,home,1.65,1.6251,"[""Bet365"", ""Betfair Exchange""]","[""odds_api_io""]",2,1.894,
soccer|ascoli 1898|union brescia|2026-06-02,spreads|ascoli calcio 1898|-0.25|away,spreads,Ascoli Calcio 1898,-0.25,away,2.48,1.9344,"[""Bet365"", ""Betfair Exchange""]","[""odds_api_io""]",2,23.169,
soccer|ascoli 1898|union brescia|2026-06-02,teamTotals|over|4.50|,teamTotals,Over,4.5,,21.0,21.0,"[""Bet365""]","[""odds_api_io""]",1,,
soccer|ascoli 1898|union brescia|2026-06-02,teamTotals|under|4.50|,teamTotals,Under,4.5,,1.002,1.002,"[""Bet365""]","[""odds_api_io""]",1,,
soccer|ascoli 1898|union brescia|2026-06-02,teamTotals|over|0.50|,teamTotals,Over,0.5,,1.444,1.444,"[""Bet365""]","[""odds_api_io""]",1,,
soccer|ascoli 1898|union brescia|2026-06-02,teamTotals|under|0.50|,teamTotals,Under,0.5,,2.625,2.625,"[""Bet365""]","[""odds_api_io""]",1,,
soccer|ascoli 1898|union brescia|2026-06-02,teamTotals|over|1.50|,teamTotals,Over,1.5,,3.25,3.25,"[""Bet365""]","[""odds_api_io""]",1,,
soccer|ascoli 1898|union brescia|2026-06-02,teamTotals|under|1.50|,teamTotals,Under,1.5,,1.333,1.333,"[""Bet365""]","[""odds_api_io""]",1,,
soccer|ascoli 1898|union brescia|2026-06-02,teamTotals|over|2.50|,teamTotals,Over,2.5,,7.5,7.5,"[""Bet365""]","[""odds_api_io""]",1,,
soccer|ascoli 1898|union brescia|2026-06-02,teamTotals|under|2.50|,teamTotals,Under,2.5,,1.071,1.071,"[""Bet365""]","[""odds_api_io""]",1,,
soccer|ascoli 1898|union brescia|2026-06-02,teamTotals|over|3.50|,teamTotals,Over,3.5,,13.0,13.0,"[""Bet365""]","[""odds_api_io""]",1,,
soccer|ascoli 1898|union brescia|2026-06-02,teamTotals|under|3.50|,teamTotals,Under,3.5,,1.012,1.012,"[""Bet365""]","[""odds_api_io""]",1,,
soccer|ascoli 1898|union brescia|2026-06-02,spreads|ascoli calcio 1898|-0.00|away,spreads,Ascoli Calcio 1898,-0.0,away,2.0,1.921,"[""Bet365"", ""Betfair Exchange"", ""Sbobet""]","[""odds_api_io""]",3,3.333,
soccer|ascoli 1898|union brescia|2026-06-02,totals|over|1.50|,totals,Over,1.5,,1.52,1.4907,"[""Unibet"", ""Betfair Exchange""]","[""odds_api_io""]",2,2.704,
soccer|ascoli 1898|union brescia|2026-06-02,totals|under|1.50|,totals,Under,1.5,,2.76,2.5914,"[""Unibet"", ""Betfair Exchange""]","[""odds_api_io""]",2,4.92,
soccer|ascoli 1898|union brescia|2026-06-02,totals|over|3.50|,totals,Over,3.5,,5.34,4.9017,"[""Unibet"", ""Betfair Exchange""]","[""odds_api_io""]",2,3.496,
soccer|ascoli 1898|union brescia|2026-06-02,totals|under|3.50|,totals,Under,3.5,,1.21,1.1754,"[""Unibet"", ""Betfair Exchange""]","[""odds_api_io""]",2,5.075,
soccer|ascoli 1898|union brescia|2026-06-02,totals|over|0.50|,totals,Over,0.5,,1.13,1.1055,"[""Unibet"", ""Betfair Exchange""]","[""odds_api_io""]",2,4.097,
soccer|ascoli 1898|union brescia|2026-06-02,totals|under|0.50|,totals,Under,0.5,,7.66,6.6084,"[""Unibet"", ""Betfair Exchange""]","[""odds_api_io""]",2,4.336,
soccer|ascoli 1898|union brescia|2026-06-02,doubleChance|1x||,doubleChance,1X,,,1.49,1.49,"[""Betfair Exchange""]","[""odds_api_io""]",1,,
soccer|ascoli 1898|union brescia|2026-06-02,doubleChance|12||,doubleChance,12,,,1.48,1.48,"[""Betfair Exchange""]","[""odds_api_io""]",1,,
soccer|ascoli 1898|union brescia|2026-06-02,doubleChance|x2||,doubleChance,X2,,,1.49,1.49,"[""Betfair Exchange""]","[""odds_api_io""]",1,,
soccer|ascoli 1898|union brescia|2026-06-02,spreads|union brescia|-2.25|home,spreads,Union Brescia,-2.25,home,22.04,22.04,"[""Betfair Exchange""]","[""odds_api_io""]",1,,
soccer|ascoli 1898|union brescia|2026-06-02,spreads|ascoli calcio 1898|2.25|away,spreads,Ascoli Calcio 1898,2.25,away,1.03,1.03,"[""Betfair Exchange""]","[""odds_api_io""]",1,,
soccer|ascoli 1898|union brescia|2026-06-02,spreads|union brescia|-1.75|home,spreads,Union Brescia,-1.75,home,10.71,10.71,"[""Betfair Exchange""]","[""odds_api_io""]",1,,
soccer|ascoli 1898|union brescia|2026-06-02,spreads|ascoli calcio 1898|1.75|away,spreads,Ascoli Calcio 1898,1.75,away,1.08,1.08,"[""Betfair Exchange""]","[""odds_api_io""]",1,,
soccer|ascoli 1898|union brescia|2026-06-02,spreads|union brescia|1.75|home,spreads,Union Brescia,1.75,home,1.07,1.07,"[""Betfair Exchange""]","[""odds_api_io""]",1,,
soccer|ascoli 1898|union brescia|2026-06-02,spreads|ascoli calcio 1898|-1.75|away,spreads,Ascoli Calcio 1898,-1.75,away,10.52,10.52,"[""Betfair Exchange""]","[""odds_api_io""]",1,,
soccer|ascoli 1898|union brescia|2026-06-02,totals|over|1.75|,totals,Over,1.75,,1.66,1.66,"[""Betfair Exchange""]","[""odds_api_io""]",1,,
soccer|ascoli 1898|union brescia|2026-06-02,totals|under|1.75|,totals,Under,1.75,,2.33,2.33,"[""Betfair Exchange""]","[""odds_api_io""]",1,,
soccer|ascoli 1898|union brescia|2026-06-02,totals|over|2.25|,totals,Over,2.25,,2.26,2.26,"[""Betfair Exchange""]","[""odds_api_io""]",1,,
soccer|ascoli 1898|union brescia|2026-06-02,totals|under|2.25|,totals,Under,2.25,,1.73,1.73,"[""Betfair Exchange""]","[""odds_api_io""]",1,,
soccer|ascoli 1898|union brescia|2026-06-02,totals|over|0.75|,totals,Over,0.75,,1.14,1.14,"[""Betfair Exchange""]","[""odds_api_io""]",1,,
soccer|ascoli 1898|union brescia|2026-06-02,totals|under|0.75|,totals,Under,0.75,,6.68,6.68,"[""Betfair Exchange""]","[""odds_api_io""]",1,,
soccer|ascoli 1898|union brescia|2026-06-02,totals|over|1.00|,totals,Over,1.0,,1.17,1.17,"[""Betfair Exchange""]","[""odds_api_io""]",1,,
soccer|ascoli 1898|union brescia|2026-06-02,totals|under|1.00|,totals,Under,1.0,,5.81,5.81,"[""Betfair Exchange""]","[""odds_api_io""]",1,,
soccer|ascoli 1898|union brescia|2026-06-02,totals|over|1.25|,totals,Over,1.25,,1.35,1.35,"[""Betfair Exchange""]","[""odds_api_io""]",1,,
soccer|ascoli 1898|union brescia|2026-06-02,totals|under|1.25|,totals,Under,1.25,,3.57,3.57,"[""Betfair Exchange""]","[""odds_api_io""]",1,,
soccer|ascoli 1898|union brescia|2026-06-02,totals|over|2.75|,totals,Over,2.75,,3.17,3.17,"[""Betfair Exchange""]","[""odds_api_io""]",1,,
soccer|ascoli 1898|union brescia|2026-06-02,totals|under|2.75|,totals,Under,2.75,,1.4,1.4,"[""Betfair Exchange""]","[""odds_api_io""]",1,,
soccer|ascoli 1898|union brescia|2026-06-02,totals|over|3.25|,totals,Over,3.25,,4.82,4.82,"[""Betfair Exchange""]","[""odds_api_io""]",1,,
soccer|ascoli 1898|union brescia|2026-06-02,totals|under|3.25|,totals,Under,3.25,,1.23,1.23,"[""Betfair Exchange""]","[""odds_api_io""]",1,,
soccer|ascoli 1898|union brescia|2026-06-02,totals|over|3.75|,totals,Over,3.75,,7.22,7.22,"[""Betfair Exchange""]","[""odds_api_io""]",1,,
soccer|ascoli 1898|union brescia|2026-06-02,totals|under|3.75|,totals,Under,3.75,,1.13,1.13,"[""Betfair Exchange""]","[""odds_api_io""]",1,,
soccer|ascoli 1898|union brescia|2026-06-02,totals|over|3.00|,totals,Over,3.0,,4.3,4.3,"[""Betfair Exchange""]","[""odds_api_io""]",1,,
soccer|ascoli 1898|union brescia|2026-06-02,totals|under|3.00|,totals,Under,3.0,,1.26,1.26,"[""Betfair Exchange""]","[""odds_api_io""]",1,,
soccer|ascoli 1898|union brescia|2026-06-02,totals|over|4.75|,totals,Over,4.75,,18.63,18.63,"[""Betfair Exchange""]","[""odds_api_io""]",1,,
soccer|ascoli 1898|union brescia|2026-06-02,totals|under|4.75|,totals,Under,4.75,,1.01,1.01,"[""Betfair Exchange""]","[""odds_api_io""]",1,,
soccer|ascoli 1898|union brescia|2026-06-02,totals|over|4.00|,totals,Over,4.0,,11.56,11.56,"[""Betfair Exchange""]","[""odds_api_io""]",1,,
soccer|ascoli 1898|union brescia|2026-06-02,totals|under|4.00|,totals,Under,4.0,,1.07,1.07,"[""Betfair Exchange""]","[""odds_api_io""]",1,,
soccer|ascoli 1898|union brescia|2026-06-02,totals|over|4.50|,totals,Over,4.5,,13.0,13.0,"[""Betfair Exchange""]","[""odds_api_io""]",1,,
soccer|ascoli 1898|union brescia|2026-06-02,totals|under|4.50|,totals,Under,4.5,,1.06,1.06,"[""Betfair Exchange""]","[""odds_api_io""]",1,,
soccer|ascoli 1898|union brescia|2026-06-02,totals|over|4.25|,totals,Over,4.25,,12.28,12.28,"[""Betfair Exchange""]","[""odds_api_io""]",1,,
soccer|ascoli 1898|union brescia|2026-06-02,totals|under|4.25|,totals,Under,4.25,,1.07,1.07,"[""Betfair Exchange""]","[""odds_api_io""]",1,,
soccer|ascoli 1898|union brescia|2026-06-02,totals|over|5.25|,totals,Over,5.25,,33.56,33.56,"[""Betfair Exchange""]","[""odds_api_io""]",1,,
soccer|ascoli 1898|union brescia|2026-06-02,totals|under|5.25|,totals,Under,5.25,,1.01,1.01,"[""Betfair Exchange""]","[""odds_api_io""]",1,,
soccer|ascoli 1898|union brescia|2026-06-02,totals|over|5.00|,totals,Over,5.0,,32.79,32.79,"[""Betfair Exchange""]","[""odds_api_io""]",1,,
soccer|ascoli 1898|union brescia|2026-06-02,totals|under|5.00|,totals,Under,5.0,,1.01,1.01,"[""Betfair Exchange""]","[""odds_api_io""]",1,,
soccer|cedar stars|new jersey copa|2026-06-02,h2h|new jersey copa fc||home,h2h,New Jersey Copa FC,,home,2.875,2.875,"[""Bet365""]","[""odds_api_io""]",1,,
soccer|cedar stars|new jersey copa|2026-06-02,h2h|draw||,h2h,Draw,,,3.6,3.6,"[""Bet365""]","[""odds_api_io""]",1,,
soccer|cedar stars|new jersey copa|2026-06-02,h2h|cedar stars||away,h2h,Cedar Stars,,away,2.05,2.05,"[""Bet365""]","[""odds_api_io""]",1,,
soccer|cedar stars|new jersey copa|2026-06-02,dnb|new jersey copa fc|0.00|home,dnb,New Jersey Copa FC,0.0,home,2.2,2.2,"[""Bet365""]","[""odds_api_io""]",1,,
soccer|cedar stars|new jersey copa|2026-06-02,dnb|cedar stars|0.00|away,dnb,Cedar Stars,0.0,away,1.615,1.615,"[""Bet365""]","[""odds_api_io""]",1,,
soccer|cedar stars|new jersey copa|2026-06-02,spreads|new jersey copa fc|0.25|home,spreads,New Jersey Copa FC,0.25,home,1.925,1.925,"[""Bet365""]","[""odds_api_io""]",1,,
soccer|cedar stars|new jersey copa|2026-06-02,spreads|cedar stars|-0.25|away,spreads,Cedar Stars,-0.25,away,1.875,1.875,"[""Bet365""]","[""odds_api_io""]",1,,
soccer|cedar stars|new jersey copa|2026-06-02,totals|over|3.00|,totals,Over,3.0,,1.8,1.8,"[""Bet365""]","[""odds_api_io""]",1,,
soccer|cedar stars|new jersey copa|2026-06-02,totals|under|3.00|,totals,Under,3.0,,2.0,2.0,"[""Bet365""]","[""odds_api_io""]",1,,
soccer|cedar stars|new jersey copa|2026-06-02,totals|over|2.50|,totals,Over,2.5,,1.533,1.533,"[""Bet365""]","[""odds_api_io""]",1,,
soccer|cedar stars|new jersey copa|2026-06-02,totals|under|2.50|,totals,Under,2.5,,2.375,2.375,"[""Bet365""]","[""odds_api_io""]",1,,
soccer|cucuta|independiente medellin|2026-06-02,h2h|independiente medellin||home,h2h,Independiente Medellin,,home,1.55,1.5266,"[""Bet365"", ""Unibet"", ""Betfair Exchange""]","[""odds_api_io""]",3,2.151,
soccer|cucuta|independiente medellin|2026-06-02,h2h|draw||,h2h,Draw,,,4.1,3.9638,"[""Bet365"", ""Unibet"", ""Betfair Exchange""]","[""odds_api_io""]",3,1.926,
soccer|cucuta|independiente medellin|2026-06-02,h2h|cucuta deportivo fc||away,h2h,Cucuta Deportivo FC,,away,7.4,6.663,"[""Bet365"", ""Unibet"", ""Betfair Exchange""]","[""odds_api_io""]",3,3.878,
soccer|cucuta|independiente medellin|2026-06-02,dnb|independiente medellin|0.00|home,dnb,Independiente Medellin,0.0,home,1.28,1.2088,"[""Bet365"", ""Unibet"", ""Betfair Exchange""]","[""odds_api_io""]",3,7.638,
soccer|cucuta|independiente medellin|2026-06-02,dnb|cucuta deportivo fc|0.00|away,dnb,Cucuta Deportivo FC,0.0,away,5.6,4.4361,"[""Bet365"", ""Unibet"", ""Betfair Exchange""]","[""odds_api_io""]",3,12.446,
soccer|cucuta|independiente medellin|2026-06-02,spreads|independiente medellin|-1.00|home,spreads,Independiente Medellin,-1.0,home,2.6,2.1643,"[""Bet365"", ""Unibet"", ""Betfair Exchange""]","[""odds_api_io""]",4,15.593,
soccer|cucuta|independiente medellin|2026-06-02,spreads|cucuta deportivo fc|1.00|away,spreads,Cucuta Deportivo FC,1.0,away,17.0,2.6463,"[""Bet365"", ""Unibet"", ""Betfair Exchange""]","[""odds_api_io""]",5,45.4,
soccer|cucuta|independiente medellin|2026-06-02,totals|over|2.50|,totals,Over,2.5,,2.08,1.9669,"[""Bet365"", ""Unibet"", ""Betfair Exchange""]","[""odds_api_io""]",4,6.868,
soccer|cucuta|independiente medellin|2026-06-02,totals|under|2.50|,totals,Under,2.5,,1.87,1.8407,"[""Bet365"", ""Unibet"", ""Betfair Exchange""]","[""odds_api_io""]",4,2.08,
soccer|cucuta|independiente medellin|2026-06-02,btts|yes||,btts,Yes,,,2.14,2.0334,"[""Bet365"", ""Unibet"", ""Betfair Exchange""]","[""odds_api_io""]",3,6.747,
soccer|cucuta|independiente medellin|2026-06-02,btts|no||,btts,No,,,1.81,1.7459,"[""Bet365"", ""Unibet"", ""Betfair Exchange""]","[""odds_api_io""]",3,4.775,
soccer|cucuta|independiente medellin|2026-06-02,spreads|independiente medellin|-3.00|home,spreads,Independiente Medellin,-3.0,home,14.0,5.4155,"[""Bet365"", ""Unibet"", ""Betfair Exchange""]","[""odds_api_io""]",4,44.94,
soccer|cucuta|independiente medellin|2026-06-02,spreads|independiente medellin|-2.00|home,spreads,Independiente Medellin,-2.0,home,5.5,3.4503,"[""Bet365"", ""Unibet"", ""Betfair Exchange""]","[""odds_api_io""]",5,43.168,
soccer|cucuta|independiente medellin|2026-06-02,spreads|cucuta deportivo fc|2.00|away,spreads,Cucuta Deportivo FC,2.0,away,41.0,1.8128,"[""Bet365"", ""Unibet"", ""Betfair Exchange""]","[""odds_api_io""]",5,78.862,
soccer|cucuta|independiente medellin|2026-06-02,spreads|independiente medellin|1.00|home,spreads,Independiente Medellin,1.0,home,1.14,1.0954,"[""Bet365"", ""Unibet"", ""Betfair Exchange""]","[""odds_api_io""]",4,9.368,
soccer|cucuta|independiente medellin|2026-06-02,spreads|independiente medellin|2.00|home,spreads,Independiente Medellin,2.0,home,1.025,1.0224,"[""Bet365"", ""Betfair Exchange""]","[""odds_api_io""]",2,0.478,
soccer|cucuta|independiente medellin|2026-06-02,spreads|cucuta deportivo fc|-2.00|away,spreads,Cucuta Deportivo FC,-2.0,away,110.0,3.0129,"[""Bet365"", ""Betfair Exchange""]","[""odds_api_io""]",2,65.758,
soccer|cucuta|independiente medellin|2026-06-02,spreads|cucuta deportivo fc|-3.00|away,spreads,Cucuta Deportivo FC,-3.0,away,1.166,1.166,"[""Bet365""]","[""odds_api_io""]",1,,
soccer|cucuta|independiente medellin|2026-06-02,teamTotals|over|3.50|,teamTotals,Over,3.5,,8.0,8.0,"[""Bet365""]","[""odds_api_io""]",1,,
soccer|cucuta|independiente medellin|2026-06-02,teamTotals|under|3.50|,teamTotals,Under,3.5,,1.083,1.083,"[""Bet365""]","[""odds_api_io""]",1,,
soccer|cucuta|independiente medellin|2026-06-02,teamTotals|over|4.50|,teamTotals,Over,4.5,,19.0,19.0,"[""Bet365""]","[""odds_api_io""]",1,,
soccer|cucuta|independiente medellin|2026-06-02,teamTotals|under|4.50|,teamTotals,Under,4.5,,1.02,1.02,"[""Bet365""]","[""odds_api_io""]",1,,
soccer|cucuta|independiente medellin|2026-06-02,teamTotals|over|0.50|,teamTotals,Over,0.5,,1.8,1.3608,"[""Bet365"", ""Unibet""]","[""odds_api_io""]",4,33.73,
soccer|cucuta|independiente medellin|2026-06-02,teamTotals|under|0.50|,teamTotals,Under,0.5,,5.5,2.9105,"[""Bet365"", ""Unibet""]","[""odds_api_io""]",4,34.202,
soccer|cucuta|independiente medellin|2026-06-02,teamTotals|over|1.50|,teamTotals,Over,1.5,,5.5,2.4828,"[""Bet365"", ""Unibet""]","[""odds_api_io""]",4,42.059,
soccer|cucuta|independiente medellin|2026-06-02,teamTotals|under|1.50|,teamTotals,Under,1.5,,2.06,1.48,"[""Bet365"", ""Unibet""]","[""odds_api_io""]",4,39.022,
soccer|cucuta|independiente medellin|2026-06-02,teamTotals|over|2.50|,teamTotals,Over,2.5,,19.0,4.5136,"[""Bet365"", ""Unibet""]","[""odds_api_io""]",3,26.995,
soccer|cucuta|independiente medellin|2026-06-02,teamTotals|under|2.50|,teamTotals,Under,2.5,,1.3,1.1895,"[""Bet365"", ""Unibet""]","[""odds_api_io""]",3,21.116,
soccer|cucuta|independiente medellin|2026-06-02,teamTotals|over|5.50|,teamTotals,Over,5.5,,41.0,41.0,"[""Bet365""]","[""odds_api_io""]",1,,
soccer|cucuta|independiente medellin|2026-06-02,teamTotals|under|5.50|,teamTotals,Under,5.5,,1.004,1.004,"[""Bet365""]","[""odds_api_io""]",1,,
soccer|cucuta|independiente medellin|2026-06-02,spreads|independiente medellin|-0.25|home,spreads,Independiente Medellin,-0.25,home,1.37,1.3601,"[""Bet365"", ""Betfair Exchange""]","[""odds_api_io""]",2,1.081,
soccer|cucuta|independiente medellin|2026-06-02,spreads|cucuta deportivo fc|0.25|away,spreads,Cucuta Deportivo FC,0.25,away,5.75,4.293,"[""Bet365"", ""Betfair Exchange""]","[""odds_api_io""]",2,11.594,
soccer|cucuta|independiente medellin|2026-06-02,spreads|independiente medellin|0.25|home,spreads,Independiente Medellin,0.25,home,1.16,1.1501,"[""Bet365"", ""Betfair Exchange""]","[""odds_api_io""]",2,1.512,
soccer|cucuta|independiente medellin|2026-06-02,spreads|cucuta deportivo fc|-0.25|away,spreads,Cucuta Deportivo FC,-0.25,away,6.51,4.2273,"[""Bet365"", ""Betfair Exchange""]","[""odds_api_io""]",2,16.897,
soccer|cucuta|independiente medellin|2026-06-02,spreads|independiente medellin|-2.75|home,spreads,Independiente Medellin,-2.75,home,7.54,6.9337,"[""Bet365"", ""Betfair Exchange""]","[""odds_api_io""]",2,2.362,
soccer|cucuta|independiente medellin|2026-06-02,spreads|cucuta deportivo fc|2.75|away,spreads,Cucuta Deportivo FC,2.75,away,1.12,1.1175,"[""Bet365"", ""Betfair Exchange""]","[""odds_api_io""]",2,0.4,
soccer|cucuta|independiente medellin|2026-06-02,spreads|independiente medellin|-2.50|home,spreads,Independiente Medellin,-2.5,home,5.54,5.2611,"[""Bet365"", ""Betfair Exchange""]","[""odds_api_io""]",2,1.949,
soccer|cucuta|independiente medellin|2026-06-02,spreads|cucuta deportivo fc|2.50|away,spreads,Cucuta Deportivo FC,2.5,away,1.19,1.1801,"[""Bet365"", ""Betfair Exchange""]","[""odds_api_io""]",2,1.436,
soccer|cucuta|independiente medellin|2026-06-02,spreads|independiente medellin|-2.25|home,spreads,Independiente Medellin,-2.25,home,5.0,4.6863,"[""Bet365"", ""Betfair Exchange""]","[""odds_api_io""]",2,2.727,
soccer|cucuta|independiente medellin|2026-06-02,spreads|cucuta deportivo fc|2.25|away,spreads,Cucuta Deportivo FC,2.25,away,1.21,1.2051,"[""Bet365"", ""Betfair Exchange""]","[""odds_api_io""]",2,0.689,
soccer|cucuta|independiente medellin|2026-06-02,spreads|independiente medellin|-1.75|home,spreads,Independiente Medellin,-1.75,home,3.18,3.089,"[""Bet365"", ""Betfair Exchange""]","[""odds_api_io""]",2,1.887,
soccer|cucuta|independiente medellin|2026-06-02,spreads|cucuta deportivo fc|1.75|away,spreads,Cucuta Deportivo FC,1.75,away,1.4,1.3876,"[""Bet365"", ""Betfair Exchange""]","[""odds_api_io""]",2,1.299,
soccer|cucuta|independiente medellin|2026-06-02,spreads|independiente medellin|-1.50|home,spreads,Independiente Medellin,-1.5,home,2.6,2.5499,"[""Bet365"", ""Betfair Exchange""]","[""odds_api_io""]",2,1.538,
soccer|cucuta|independiente medellin|2026-06-02,spreads|cucuta deportivo fc|1.50|away,spreads,Cucuta Deportivo FC,1.5,away,1.55,1.525,"[""Bet365"", ""Betfair Exchange""]","[""odds_api_io""]",2,2.151,
soccer|cucuta|independiente medellin|2026-06-02,spreads|independiente medellin|-1.25|home,spreads,Independiente Medellin,-1.25,home,2.26,2.2301,"[""Bet365"", ""Betfair Exchange""]","[""odds_api_io""]",2,1.207,
soccer|cucuta|independiente medellin|2026-06-02,spreads|cucuta deportivo fc|1.25|away,spreads,Cucuta Deportivo FC,1.25,away,1.7,1.6751,"[""Bet365"", ""Betfair Exchange""]","[""odds_api_io""]",2,1.783,
soccer|cucuta|independiente medellin|2026-06-02,spreads|independiente medellin|-0.75|home,spreads,Independiente Medellin,-0.75,home,1.69,1.6826,"[""Bet365"", ""Betfair Exchange""]","[""odds_api_io""]",2,0.53,
soccer|cucuta|independiente medellin|2026-06-02,spreads|cucuta deportivo fc|0.75|away,spreads,Cucuta Deportivo FC,0.75,away,2.31,2.2286,"[""Bet365"", ""Betfair Exchange""]","[""odds_api_io""]",2,3.222,
soccer|cucuta|independiente medellin|2026-06-02,spreads|independiente medellin|-0.50|home,spreads,Independiente Medellin,-0.5,home,1.55,1.5376,"[""Bet365"", ""Betfair Exchange""]","[""odds_api_io""]",2,1.058,
soccer|cucuta|independiente medellin|2026-06-02,spreads|cucuta deportivo fc|0.50|away,spreads,Cucuta Deportivo FC,0.5,away,6.4,3.7301,"[""Bet365"", ""Betfair Exchange""]","[""odds_api_io""]",2,21.969,
soccer|cucuta|independiente medellin|2026-06-02,spreads|independiente medellin|0.00|home,spreads,Independiente Medellin,0.0,home,1.19,1.1801,"[""Bet365"", ""Betfair Exchange""]","[""odds_api_io""]",2,1.436,
soccer|cucuta|independiente medellin|2026-06-02,spreads|cucuta deportivo fc|-0.00|away,spreads,Cucuta Deportivo FC,-0.0,away,5.62,5.2975,"[""Bet365"", ""Betfair Exchange""]","[""odds_api_io""]",2,2.206,
soccer|cucuta|independiente medellin|2026-06-02,spreads|independiente medellin|0.50|home,spreads,Independiente Medellin,0.5,home,1.14,1.1276,"[""Bet365"", ""Betfair Exchange""]","[""odds_api_io""]",2,1.967,
soccer|cucuta|independiente medellin|2026-06-02,spreads|cucuta deportivo fc|-0.50|away,spreads,Cucuta Deportivo FC,-0.5,away,7.4,3.6869,"[""Bet365"", ""Betfair Exchange""]","[""odds_api_io""]",2,27.724,
soccer|cucuta|independiente medellin|2026-06-02,doubleChance|1x||,doubleChance,1X,,,1.14,1.1155,"[""Unibet"", ""Betfair Exchange""]","[""odds_api_io""]",2,4.024,
soccer|cucuta|independiente medellin|2026-06-02,doubleChance|12||,doubleChance,12,,,1.46,1.3662,"[""Unibet"", ""Betfair Exchange""]","[""odds_api_io""]",2,9.026,
soccer|cucuta|independiente medellin|2026-06-02,doubleChance|x2||,doubleChance,X2,,,2.66,2.0038,"[""Unibet"", ""Betfair Exchange""]","[""odds_api_io""]",2,25.697,
soccer|cucuta|independiente medellin|2026-06-02,totals|over|3.50|,totals,Over,3.5,,3.85,3.4501,"[""Unibet"", ""Betfair Exchange""]","[""odds_api_io""]",2,6.284,
soccer|cucuta|independiente medellin|2026-06-02,totals|under|3.50|,totals,Under,3.5,,1.33,1.3155,"[""Unibet"", ""Betfair Exchange""]","[""odds_api_io""]",2,1.735,
soccer|cucuta|independiente medellin|2026-06-02,totals|over|1.50|,totals,Over,1.5,,1.37,1.315,"[""Unibet"", ""Betfair Exchange""]","[""odds_api_io""]",2,6.372,
soccer|cucuta|independiente medellin|2026-06-02,totals|under|1.50|,totals,Under,1.5,,3.6,3.5265,"[""Unibet"", ""Betfair Exchange""]","[""odds_api_io""]",2,1.208,
soccer|cucuta|independiente medellin|2026-06-02,totals|over|4.50|,totals,Over,4.5,,8.4,6.7767,"[""Unibet"", ""Betfair Exchange""]","[""odds_api_io""]",2,5.952,
soccer|cucuta|independiente medellin|2026-06-02,totals|under|4.50|,totals,Under,4.5,,1.12,1.1103,"[""Unibet"", ""Betfair Exchange""]","[""odds_api_io""]",2,1.623,
soccer|cucuta|independiente medellin|2026-06-02,spreads|independiente medellin|-5.00|home,spreads,Independiente Medellin,-5.0,home,2.85,2.85,"[""Unibet""]","[""odds_api_io""]",1,,
soccer|cucuta|independiente medellin|2026-06-02,spreads|cucuta deportivo fc|5.00|away,spreads,Cucuta Deportivo FC,5.0,away,1.36,1.36,"[""Unibet""]","[""odds_api_io""]",1,,
soccer|cucuta|independiente medellin|2026-06-02,spreads|independiente medellin|-4.00|home,spreads,Independiente Medellin,-4.0,home,2.32,2.32,"[""Unibet""]","[""odds_api_io""]",1,,
soccer|cucuta|independiente medellin|2026-06-02,spreads|cucuta deportivo fc|4.00|away,spreads,Cucuta Deportivo FC,4.0,away,1.55,1.55,"[""Unibet""]","[""odds_api_io""]",1,,
soccer|cucuta|independiente medellin|2026-06-02,spreads|cucuta deportivo fc|3.00|away,spreads,Cucuta Deportivo FC,3.0,away,1.83,1.277,"[""Unibet"", ""Betfair Exchange""]","[""odds_api_io""]",3,39.695,
soccer|cucuta|independiente medellin|2026-06-02,spreads|cucuta deportivo fc|-1.00|away,spreads,Cucuta Deportivo FC,-1.0,away,22.0,17.0652,"[""Unibet"", ""Betfair Exchange""]","[""odds_api_io""]",3,3.788,
soccer|cucuta|independiente medellin|2026-06-02,spreads|independiente medellin|0.75|home,spreads,Independiente Medellin,0.75,home,1.08,1.08,"[""Betfair Exchange""]","[""odds_api_io""]",1,,
soccer|cucuta|independiente medellin|2026-06-02,spreads|cucuta deportivo fc|-0.75|away,spreads,Cucuta Deportivo FC,-0.75,away,11.04,11.04,"[""Betfair Exchange""]","[""odds_api_io""]",1,,
soccer|cucuta|independiente medellin|2026-06-02,spreads|independiente medellin|1.25|home,spreads,Independiente Medellin,1.25,home,1.03,1.03,"[""Betfair Exchange""]","[""odds_api_io""]",1,,
soccer|cucuta|independiente medellin|2026-06-02,spreads|cucuta deportivo fc|-1.25|away,spreads,Cucuta Deportivo FC,-1.25,away,21.36,21.36,"[""Betfair Exchange""]","[""odds_api_io""]",1,,
soccer|cucuta|independiente medellin|2026-06-02,spreads|independiente medellin|1.50|home,spreads,Independiente Medellin,1.5,home,1.02,1.02,"[""Betfair Exchange""]","[""odds_api_io""]",1,,
soccer|cucuta|independiente medellin|2026-06-02,spreads|cucuta deportivo fc|-1.50|away,spreads,Cucuta Deportivo FC,-1.5,away,22.31,22.31,"[""Betfair Exchange""]","[""odds_api_io""]",1,,
soccer|cucuta|independiente medellin|2026-06-02,spreads|independiente medellin|1.75|home,spreads,Independiente Medellin,1.75,home,1.01,1.01,"[""Betfair Exchange""]","[""odds_api_io""]",1,,
soccer|cucuta|independiente medellin|2026-06-02,spreads|cucuta deportivo fc|-1.75|away,spreads,Cucuta Deportivo FC,-1.75,away,36.44,36.44,"[""Betfair Exchange""]","[""odds_api_io""]",1,,
soccer|cucuta|independiente medellin|2026-06-02,spreads|independiente medellin|-3.75|home,spreads,Independiente Medellin,-3.75,home,14.05,14.05,"[""Betfair Exchange""]","[""odds_api_io""]",1,,
soccer|cucuta|independiente medellin|2026-06-02,spreads|cucuta deportivo fc|3.75|away,spreads,Cucuta Deportivo FC,3.75,away,1.02,1.02,"[""Betfair Exchange""]","[""odds_api_io""]",1,,
soccer|cucuta|independiente medellin|2026-06-02,spreads|independiente medellin|-3.50|home,spreads,Independiente Medellin,-3.5,home,14.05,14.05,"[""Betfair Exchange""]","[""odds_api_io""]",1,,
soccer|cucuta|independiente medellin|2026-06-02,spreads|cucuta deportivo fc|3.50|away,spreads,Cucuta Deportivo FC,3.5,away,1.05,1.05,"[""Betfair Exchange""]","[""odds_api_io""]",1,,
soccer|cucuta|independiente medellin|2026-06-02,spreads|independiente medellin|-3.25|home,spreads,Independiente Medellin,-3.25,home,13.43,13.43,"[""Betfair Exchange""]","[""odds_api_io""]",1,,
soccer|cucuta|independiente medellin|2026-06-02,spreads|cucuta deportivo fc|3.25|away,spreads,Cucuta Deportivo FC,3.25,away,1.06,1.06,"[""Betfair Exchange""]","[""odds_api_io""]",1,,
soccer|cucuta|independiente medellin|2026-06-02,totals|over|2.25|,totals,Over,2.25,,1.82,1.82,"[""Betfair Exchange""]","[""odds_api_io""]",1,,
soccer|cucuta|independiente medellin|2026-06-02,totals|under|2.25|,totals,Under,2.25,,2.14,2.14,"[""Betfair Exchange""]","[""odds_api_io""]",1,,
soccer|cucuta|independiente medellin|2026-06-02,totals|over|1.25|,totals,Over,1.25,,1.23,1.23,"[""Betfair Exchange""]","[""odds_api_io""]",1,,
soccer|cucuta|independiente medellin|2026-06-02,totals|under|1.25|,totals,Under,1.25,,4.88,4.88,"[""Betfair Exchange""]","[""odds_api_io""]",1,,
soccer|cucuta|independiente medellin|2026-06-02,totals|over|1.75|,totals,Over,1.75,,1.44,1.44,"[""Betfair Exchange""]","[""odds_api_io""]",1,,
soccer|cucuta|independiente medellin|2026-06-02,totals|under|1.75|,totals,Under,1.75,,3.1,3.1,"[""Betfair Exchange""]","[""odds_api_io""]",1,,
soccer|cucuta|independiente medellin|2026-06-02,totals|over|2.00|,totals,Over,2.0,,1.56,1.56,"[""Betfair Exchange""]","[""odds_api_io""]",1,,
soccer|cucuta|independiente medellin|2026-06-02,totals|under|2.00|,totals,Under,2.0,,2.66,2.66,"[""Betfair Exchange""]","[""odds_api_io""]",1,,
soccer|cucuta|independiente medellin|2026-06-02,totals|over|3.00|,totals,Over,3.0,,3.0,3.0,"[""Betfair Exchange""]","[""odds_api_io""]",1,,
soccer|cucuta|independiente medellin|2026-06-02,totals|under|3.00|,totals,Under,3.0,,1.46,1.46,"[""Betfair Exchange""]","[""odds_api_io""]",1,,
soccer|cucuta|independiente medellin|2026-06-02,totals|over|2.75|,totals,Over,2.75,,2.4,2.4,"[""Betfair Exchange""]","[""odds_api_io""]",1,,
soccer|cucuta|independiente medellin|2026-06-02,totals|under|2.75|,totals,Under,2.75,,1.64,1.64,"[""Betfair Exchange""]","[""odds_api_io""]",1,,
soccer|cucuta|independiente medellin|2026-06-02,totals|over|5.75|,totals,Over,5.75,,30.62,30.62,"[""Betfair Exchange""]","[""odds_api_io""]",1,,
soccer|cucuta|independiente medellin|2026-06-02,totals|under|5.75|,totals,Under,5.75,,1.01,1.01,"[""Betfair Exchange""]","[""odds_api_io""]",1,,
soccer|cucuta|independiente medellin|2026-06-02,totals|over|4.00|,totals,Over,4.0,,7.22,7.22,"[""Betfair Exchange""]","[""odds_api_io""]",1,,
soccer|cucuta|independiente medellin|2026-06-02,totals|under|4.00|,totals,Under,4.0,,1.14,1.14,"[""Betfair Exchange""]","[""odds_api_io""]",1,,
soccer|cucuta|independiente medellin|2026-06-02,totals|over|4.25|,totals,Over,4.25,,7.81,7.81,"[""Betfair Exchange""]","[""odds_api_io""]",1,,
soccer|cucuta|independiente medellin|2026-06-02,totals|under|4.25|,totals,Under,4.25,,1.13,1.13,"[""Betfair Exchange""]","[""odds_api_io""]",1,,
soccer|cucuta|independiente medellin|2026-06-02,totals|over|3.25|,totals,Over,3.25,,3.43,3.43,"[""Betfair Exchange""]","[""odds_api_io""]",1,,
soccer|cucuta|independiente medellin|2026-06-02,totals|under|3.25|,totals,Under,3.25,,1.38,1.38,"[""Betfair Exchange""]","[""odds_api_io""]",1,,
soccer|cucuta|independiente medellin|2026-06-02,totals|over|6.00|,totals,Over,6.0,,58.14,58.14,"[""Betfair Exchange""]","[""odds_api_io""]",1,,
soccer|cucuta|independiente medellin|2026-06-02,totals|under|6.00|,totals,Under,6.0,,1.01,1.01,"[""Betfair Exchange""]","[""odds_api_io""]",1,,
soccer|cucuta|independiente medellin|2026-06-02,totals|over|6.25|,totals,Over,6.25,,59.07,59.07,"[""Betfair Exchange""]","[""odds_api_io""]",1,,
soccer|cucuta|independiente medellin|2026-06-02,totals|under|6.25|,totals,Under,6.25,,1.01,1.01,"[""Betfair Exchange""]","[""odds_api_io""]",1,,
soccer|cucuta|independiente medellin|2026-06-02,totals|over|6.50|,totals,Over,6.5,,60.0,60.0,"[""Betfair Exchange""]","[""odds_api_io""]",1,,
soccer|cucuta|independiente medellin|2026-06-02,totals|under|6.50|,totals,Under,6.5,,1.01,1.01,"[""Betfair Exchange""]","[""odds_api_io""]",1,,
soccer|cucuta|independiente medellin|2026-06-02,totals|over|1.00|,totals,Over,1.0,,1.09,1.09,"[""Betfair Exchange""]","[""odds_api_io""]",1,,
soccer|cucuta|independiente medellin|2026-06-02,totals|under|1.00|,totals,Under,1.0,,8.69,8.69,"[""Betfair Exchange""]","[""odds_api_io""]",1,,
soccer|ghana|wales|2026-06-02,h2h|wales||home,h2h,Wales,,home,2.28,2.1184,"[""Bet365"", ""Unibet"", ""Betfair Exchange"", ""Sbobet"", ""oddssafari-consensus"", ""1xbet"", ""pinnacle"", ""interwetten"", ""unibet"", ""novibet"", ""bwin"", ""sportingbet"", ""betway"", ""888sport"", ""william-hill"", ""bet365"", ""betsson"", ""marathon"", ""bzzoiro"", ""bzzoiro-consensus""]","[""odds_api_io"", ""bzzoiro""]",20,6.645,
soccer|ghana|wales|2026-06-02,h2h|draw||,h2h,Draw,,,3.45,3.2471,"[""Bet365"", ""Unibet"", ""Betfair Exchange"", ""Sbobet"", ""oddssafari-consensus"", ""1xbet"", ""pinnacle"", ""interwetten"", ""unibet"", ""novibet"", ""bwin"", ""sportingbet"", ""betway"", ""888sport"", ""william-hill"", ""bet365"", ""betsson"", ""marathon"", ""bzzoiro"", ""bzzoiro-consensus""]","[""odds_api_io"", ""bzzoiro""]",20,3.909,
soccer|ghana|wales|2026-06-02,h2h|ghana||away,h2h,Ghana,,away,3.65,3.4078,"[""Bet365"", ""Unibet"", ""Betfair Exchange"", ""Sbobet"", ""oddssafari-consensus"", ""1xbet"", ""pinnacle"", ""interwetten"", ""unibet"", ""novibet"", ""bwin"", ""sportingbet"", ""betway"", ""888sport"", ""william-hill"", ""bet365"", ""betsson"", ""marathon"", ""bzzoiro"", ""bzzoiro-consensus""]","[""odds_api_io"", ""bzzoiro""]",20,3.659,
soccer|ghana|wales|2026-06-02,dnb|wales|0.00|home,dnb,Wales,0.0,home,1.61,1.5591,"[""Bet365"", ""Unibet"", ""Betfair Exchange""]","[""odds_api_io""]",3,4.555,
soccer|ghana|wales|2026-06-02,dnb|ghana|0.00|away,dnb,Ghana,0.0,away,2.58,2.4208,"[""Bet365"", ""Unibet"", ""Betfair Exchange""]","[""odds_api_io""]",3,6.695,
soccer|ghana|wales|2026-06-02,spreads|wales|-0.25|home,spreads,Wales,-0.25,home,1.95,1.8761,"[""Bet365"", ""Betfair Exchange"", ""Sbobet""]","[""odds_api_io""]",3,3.363,
soccer|ghana|wales|2026-06-02,spreads|ghana|0.25|away,spreads,Ghana,0.25,away,2.04,1.9998,"[""Bet365"", ""Betfair Exchange"", ""Sbobet""]","[""odds_api_io""]",3,2.262,
soccer|ghana|wales|2026-06-02,totals|over|2.25|,totals,Over,2.25,,1.99,1.9534,"[""Bet365"", ""Betfair Exchange"", ""Sbobet""]","[""odds_api_io""]",3,1.832,
soccer|ghana|wales|2026-06-02,totals|under|2.25|,totals,Under,2.25,,1.95,1.8997,"[""Bet365"", ""Betfair Exchange"", ""Sbobet""]","[""odds_api_io""]",3,2.772,
soccer|ghana|wales|2026-06-02,totals|over|2.50|,totals,Over,2.5,,2.3,2.1479,"[""Bet365"", ""Unibet"", ""Betfair Exchange"", ""Sbobet"", ""1xbet"", ""bzzoiro-consensus""]","[""odds_api_io"", ""bzzoiro""]",6,4.599,
soccer|ghana|wales|2026-06-02,totals|under|2.50|,totals,Under,2.5,,1.786,1.7128,"[""Bet365"", ""Unibet"", ""Betfair Exchange"", ""Sbobet"", ""1xbet"", ""bzzoiro-consensus""]","[""odds_api_io"", ""bzzoiro""]",6,3.889,
soccer|ghana|wales|2026-06-02,btts|yes||,btts,Yes,,,1.96,1.8553,"[""Bet365"", ""Unibet"", ""Betfair Exchange"", ""oddssafari-consensus"", ""1xbet"", ""pinnacle"", ""interwetten"", ""unibet"", ""novibet"", ""bwin"", ""sportingbet"", ""betway"", ""888sport"", ""william-hill"", ""bet365"", ""betsson"", ""marathon"", ""bzzoiro"", ""bzzoiro-consensus""]","[""odds_api_io"", ""bzzoiro""]",19,3.925,
soccer|ghana|wales|2026-06-02,btts|no||,btts,No,,,1.95,1.8607,"[""Bet365"", ""Unibet"", ""Betfair Exchange"", ""oddssafari-consensus"", ""1xbet"", ""pinnacle"", ""interwetten"", ""unibet"", ""novibet"", ""bwin"", ""sportingbet"", ""betway"", ""888sport"", ""william-hill"", ""bet365"", ""betsson"", ""marathon"", ""bzzoiro"", ""bzzoiro-consensus""]","[""odds_api_io"", ""bzzoiro""]",19,4.274,
soccer|ghana|wales|2026-06-02,spreads|wales|-1.00|home,spreads,Wales,-1.0,home,4.9,3.3909,"[""Bet365"", ""Unibet"", ""Betfair Exchange""]","[""odds_api_io""]",5,27.901,
soccer|ghana|wales|2026-06-02,spreads|ghana|-1.00|away,spreads,Ghana,-1.0,away,10.0,2.9597,"[""Bet365"", ""Unibet"", ""Betfair Exchange""]","[""odds_api_io""]",5,65.472,
soccer|ghana|wales|2026-06-02,teamTotals|over|0.50|,teamTotals,Over,0.5,,1.444,1.3341,"[""Bet365"", ""Unibet""]","[""odds_api_io""]",4,12.715,
soccer|ghana|wales|2026-06-02,teamTotals|under|0.50|,teamTotals,Under,0.5,,3.65,3.0276,"[""Bet365"", ""Unibet""]","[""odds_api_io""]",4,10.698,
soccer|ghana|wales|2026-06-02,teamTotals|over|1.50|,teamTotals,Over,1.5,,3.4,2.6599,"[""Bet365"", ""Unibet""]","[""odds_api_io""]",4,15.431,
soccer|ghana|wales|2026-06-02,teamTotals|under|1.50|,teamTotals,Under,1.5,,1.571,1.4225,"[""Bet365"", ""Unibet""]","[""odds_api_io""]",4,13.269,
soccer|ghana|wales|2026-06-02,teamTotals|over|2.50|,teamTotals,Over,2.5,,10.0,6.6029,"[""Bet365"", ""Unibet""]","[""odds_api_io""]",4,10.0,
soccer|ghana|wales|2026-06-02,teamTotals|under|2.50|,teamTotals,Under,2.5,,1.142,1.087,"[""Bet365"", ""Unibet""]","[""odds_api_io""]",4,9.522,
soccer|ghana|wales|2026-06-02,teamTotals|over|3.50|,teamTotals,Over,3.5,,26.0,16.2806,"[""Bet365"", ""Unibet""]","[""odds_api_io""]",3,4.154,
soccer|ghana|wales|2026-06-02,teamTotals|under|3.50|,teamTotals,Under,3.5,,1.03,1.0199,"[""Bet365""]","[""odds_api_io""]",2,1.923,
soccer|ghana|wales|2026-06-02,teamTotals|over|4.50|,teamTotals,Over,4.5,,34.0,34.0,"[""Bet365""]","[""odds_api_io""]",1,,
soccer|ghana|wales|2026-06-02,teamTotals|under|4.50|,teamTotals,Under,4.5,,1.005,1.005,"[""Bet365""]","[""odds_api_io""]",1,,
soccer|ghana|wales|2026-06-02,spreads|wales|-1.75|home,spreads,Wales,-1.75,home,6.6,6.1534,"[""Bet365"", ""Betfair Exchange""]","[""odds_api_io""]",2,2.24,
soccer|ghana|wales|2026-06-02,spreads|ghana|1.75|away,spreads,Ghana,1.75,away,1.15,1.1451,"[""Bet365"", ""Betfair Exchange""]","[""odds_api_io""]",2,0.763,
soccer|ghana|wales|2026-06-02,spreads|wales|-1.25|home,spreads,Wales,-1.25,home,4.32,3.9916,"[""Bet365"", ""Betfair Exchange""]","[""odds_api_io""]",2,3.879,
soccer|ghana|wales|2026-06-02,spreads|ghana|1.25|away,spreads,Ghana,1.25,away,7.0,2.1374,"[""Bet365"", ""Betfair Exchange""]","[""odds_api_io""]",2,63.839,
soccer|ghana|wales|2026-06-02,spreads|ghana|1.00|away,spreads,Ghana,1.0,away,6.4,1.9959,"[""Bet365"", ""Unibet"", ""Betfair Exchange""]","[""odds_api_io""]",4,59.002,
soccer|ghana|wales|2026-06-02,spreads|wales|-0.75|home,spreads,Wales,-0.75,home,2.74,2.6167,"[""Bet365"", ""Betfair Exchange""]","[""odds_api_io""]",2,3.504,
soccer|ghana|wales|2026-06-02,spreads|ghana|0.75|away,spreads,Ghana,0.75,away,4.15,2.2491,"[""Bet365"", ""Betfair Exchange""]","[""odds_api_io""]",2,40.006,
soccer|ghana|wales|2026-06-02,spreads|wales|-0.50|home,spreads,Wales,-0.5,home,2.75,2.2205,"[""Bet365"", ""Unibet"", ""Betfair Exchange"", ""Sbobet""]","[""odds_api_io""]",5,13.636,
soccer|ghana|wales|2026-06-02,spreads|ghana|0.50|away,spreads,Ghana,0.5,away,3.3,1.9806,"[""Bet365"", ""Unibet"", ""Betfair Exchange"", ""Sbobet""]","[""odds_api_io""]",4,28.52,
soccer|ghana|wales|2026-06-02,spreads|wales|0.00|home,spreads,Wales,0.0,home,1.61,1.5597,"[""Bet365"", ""Betfair Exchange"", ""Sbobet""]","[""odds_api_io""]",3,3.678,
soccer|ghana|wales|2026-06-02,spreads|ghana|-0.00|away,spreads,Ghana,-0.0,away,2.58,2.4734,"[""Bet365"", ""Betfair Exchange"", ""Sbobet""]","[""odds_api_io""]",3,3.346,
soccer|ghana|wales|2026-06-02,spreads|wales|0.50|home,spreads,Wales,0.5,home,1.37,1.3286,"[""Bet365"", ""Unibet"", ""Betfair Exchange""]","[""odds_api_io""]",3,4.527,
soccer|ghana|wales|2026-06-02,spreads|ghana|-0.50|away,spreads,Ghana,-0.5,away,3.6,2.3588,"[""Bet365"", ""Unibet"", ""Betfair Exchange""]","[""odds_api_io""]",4,31.924,
soccer|ghana|wales|2026-06-02,spreads|wales|0.75|home,spreads,Wales,0.75,home,1.24,1.2301,"[""Bet365"", ""Betfair Exchange""]","[""odds_api_io""]",2,1.322,
soccer|ghana|wales|2026-06-02,spreads|ghana|-0.75|away,spreads,Ghana,-0.75,away,4.83,2.3112,"[""Bet365"", ""Betfair Exchange""]","[""odds_api_io""]",2,45.963,
soccer|ghana|wales|2026-06-02,spreads|wales|1.00|home,spreads,Wales,1.0,home,1.37,1.2135,"[""Bet365"", ""Unibet"", ""Betfair Exchange""]","[""odds_api_io""]",4,16.693,
soccer|ghana|wales|2026-06-02,spreads|wales|1.25|home,spreads,Wales,1.25,home,1.1,1.1,"[""Bet365"", ""Betfair Exchange""]","[""odds_api_io""]",2,,
soccer|ghana|wales|2026-06-02,spreads|ghana|-1.25|away,spreads,Ghana,-1.25,away,9.19,2.2472,"[""Bet365"", ""Betfair Exchange""]","[""odds_api_io""]",2,68.484,
soccer|ghana|wales|2026-06-02,spreads|wales|-1.50|home,spreads,Wales,-1.5,home,4.9,4.29,"[""Bet365"", ""Unibet"", ""Betfair Exchange""]","[""odds_api_io""]",3,5.233,
soccer|ghana|wales|2026-06-02,spreads|ghana|1.50|away,spreads,Ghana,1.5,away,1.23,1.217,"[""Bet365"", ""Unibet"", ""Betfair Exchange""]","[""odds_api_io""]",3,2.033,
soccer|ghana|wales|2026-06-02,spreads|wales|0.25|home,spreads,Wales,0.25,home,1.46,1.4299,"[""Bet365"", ""Betfair Exchange""]","[""odds_api_io""]",2,2.935,
soccer|ghana|wales|2026-06-02,spreads|ghana|-0.25|away,spreads,Ghana,-0.25,away,3.08,2.9626,"[""Bet365"", ""Betfair Exchange""]","[""odds_api_io""]",2,2.62,
soccer|ghana|wales|2026-06-02,doubleChance|1x||,doubleChance,1X,,,1.37,1.3305,"[""Unibet"", ""Betfair Exchange""]","[""odds_api_io""]",2,4.527,
soccer|ghana|wales|2026-06-02,doubleChance|12||,doubleChance,12,,,1.39,1.3454,"[""Unibet"", ""Betfair Exchange""]","[""odds_api_io""]",2,4.981,
soccer|ghana|wales|2026-06-02,doubleChance|x2||,doubleChance,X2,,,1.77,1.7407,"[""Unibet"", ""Betfair Exchange""]","[""odds_api_io""]",2,1.982,
soccer|ghana|wales|2026-06-02,spreads|wales|1.50|home,spreads,Wales,1.5,home,1.09,1.0754,"[""Unibet"", ""Betfair Exchange""]","[""odds_api_io""]",2,2.597,
soccer|ghana|wales|2026-06-02,spreads|ghana|-1.50|away,spreads,Ghana,-1.5,away,10.09,8.1565,"[""Unibet"", ""Betfair Exchange""]","[""odds_api_io""]",2,4.904,
soccer|ghana|wales|2026-06-02,totals|over|1.50|,totals,Over,1.5,,1.43,1.3638,"[""Unibet"", ""Betfair Exchange"", ""bzzoiro-consensus""]","[""odds_api_io"", ""bzzoiro""]",3,5.828,
soccer|ghana|wales|2026-06-02,totals|under|1.50|,totals,Under,1.5,,3.25,3.1311,"[""Unibet"", ""Betfair Exchange"", ""betway"", ""bzzoiro-consensus""]","[""odds_api_io"", ""bzzoiro""]",4,2.234,
soccer|ghana|wales|2026-06-02,totals|over|3.50|,totals,Over,3.5,,4.4,3.8965,"[""Unibet"", ""Betfair Exchange"", ""888sport"", ""bzzoiro-consensus""]","[""odds_api_io"", ""bzzoiro""]",4,4.521,
soccer|ghana|wales|2026-06-02,totals|under|3.50|,totals,Under,3.5,,1.28,1.2506,"[""Unibet"", ""Betfair Exchange"", ""bzzoiro-consensus""]","[""odds_api_io"", ""bzzoiro""]",3,3.176,
soccer|ghana|wales|2026-06-02,totals|over|4.50|,totals,Over,4.5,,10.09,8.9676,"[""Unibet"", ""Betfair Exchange""]","[""odds_api_io""]",2,2.589,
soccer|ghana|wales|2026-06-02,totals|under|4.50|,totals,Under,4.5,,1.1,1.0755,"[""Unibet"", ""Betfair Exchange""]","[""odds_api_io""]",2,4.329,
soccer|ghana|wales|2026-06-02,totals|over|0.50|,totals,Over,0.5,,1.09,1.0604,"[""Unibet"", ""Betfair Exchange""]","[""odds_api_io""]",2,5.344,
soccer|ghana|wales|2026-06-02,totals|under|0.50|,totals,Under,0.5,,10.5,9.7236,"[""Unibet"", ""Betfair Exchange""]","[""odds_api_io""]",2,1.587,
soccer|ghana|wales|2026-06-02,totals|over|5.50|,totals,Over,5.5,,25.0,19.6932,"[""Unibet"", ""Betfair Exchange""]","[""odds_api_io""]",2,2.25,
soccer|ghana|wales|2026-06-02,spreads|wales|-2.00|home,spreads,Wales,-2.0,home,12.0,10.7086,"[""Unibet"", ""Betfair Exchange""]","[""odds_api_io""]",3,2.193,
soccer|ghana|wales|2026-06-02,spreads|ghana|2.00|away,spreads,Ghana,2.0,away,1.23,1.1614,"[""Unibet"", ""Betfair Exchange""]","[""odds_api_io""]",3,12.157,
soccer|ghana|wales|2026-06-02,spreads|wales|-5.00|home,spreads,Wales,-5.0,home,6.0,6.0,"[""Unibet""]","[""odds_api_io""]",1,,
soccer|ghana|wales|2026-06-02,spreads|ghana|5.00|away,spreads,Ghana,5.0,away,1.12,1.12,"[""Unibet""]","[""odds_api_io""]",1,,
soccer|ghana|wales|2026-06-02,spreads|wales|-4.00|home,spreads,Wales,-4.0,home,4.5,4.5,"[""Unibet""]","[""odds_api_io""]",1,,
soccer|ghana|wales|2026-06-02,spreads|ghana|4.00|away,spreads,Ghana,4.0,away,1.21,1.21,"[""Unibet""]","[""odds_api_io""]",1,,
soccer|ghana|wales|2026-06-02,spreads|wales|-3.00|home,spreads,Wales,-3.0,home,34.0,8.7177,"[""Unibet"", ""Betfair Exchange""]","[""odds_api_io""]",3,26.91,
soccer|ghana|wales|2026-06-02,spreads|ghana|3.00|away,spreads,Ghana,3.0,away,1.36,1.1188,"[""Unibet"", ""Betfair Exchange""]","[""odds_api_io""]",3,25.48,
soccer|ghana|wales|2026-06-02,spreads|wales|2.00|home,spreads,Wales,2.0,home,1.09,1.0558,"[""Unibet"", ""Betfair Exchange""]","[""odds_api_io""]",3,6.296,
soccer|ghana|wales|2026-06-02,spreads|ghana|-2.00|away,spreads,Ghana,-2.0,away,36.0,26.8393,"[""Unibet"", ""Betfair Exchange""]","[""odds_api_io""]",3,2.778,
soccer|ghana|wales|2026-06-02,spreads|wales|3.00|home,spreads,Wales,3.0,home,1.15,1.0784,"[""Unibet"", ""Betfair Exchange""]","[""odds_api_io""]",2,11.083,
soccer|ghana|wales|2026-06-02,spreads|ghana|-3.00|away,spreads,Ghana,-3.0,away,140.0,11.0102,"[""Unibet"", ""Betfair Exchange""]","[""odds_api_io""]",2,17.468,
soccer|ghana|wales|2026-06-02,spreads|wales|-2.25|home,spreads,Wales,-2.25,home,11.57,11.57,"[""Betfair Exchange""]","[""odds_api_io""]",1,,
soccer|ghana|wales|2026-06-02,spreads|ghana|2.25|away,spreads,Ghana,2.25,away,1.06,1.06,"[""Betfair Exchange""]","[""odds_api_io""]",1,,
soccer|ghana|wales|2026-06-02,spreads|wales|-3.50|home,spreads,Wales,-3.5,home,34.0,34.0,"[""Betfair Exchange""]","[""odds_api_io""]",1,,
soccer|ghana|wales|2026-06-02,spreads|ghana|3.50|away,spreads,Ghana,3.5,away,1.01,1.01,"[""Betfair Exchange""]","[""odds_api_io""]",1,,
soccer|ghana|wales|2026-06-02,spreads|wales|-2.50|home,spreads,Wales,-2.5,home,12.33,12.33,"[""Betfair Exchange""]","[""odds_api_io""]",1,,
soccer|ghana|wales|2026-06-02,spreads|ghana|2.50|away,spreads,Ghana,2.5,away,1.06,1.06,"[""Betfair Exchange""]","[""odds_api_io""]",1,,
soccer|ghana|wales|2026-06-02,spreads|wales|2.50|home,spreads,Wales,2.5,home,1.02,1.02,"[""Betfair Exchange""]","[""odds_api_io""]",1,,
soccer|ghana|wales|2026-06-02,spreads|ghana|-2.50|away,spreads,Ghana,-2.5,away,36.0,36.0,"[""Betfair Exchange""]","[""odds_api_io""]",1,,
soccer|ghana|wales|2026-06-02,spreads|wales|-2.75|home,spreads,Wales,-2.75,home,17.62,17.62,"[""Betfair Exchange""]","[""odds_api_io""]",1,,
soccer|ghana|wales|2026-06-02,spreads|ghana|2.75|away,spreads,Ghana,2.75,away,1.03,1.03,"[""Betfair Exchange""]","[""odds_api_io""]",1,,
soccer|ghana|wales|2026-06-02,spreads|wales|1.75|home,spreads,Wales,1.75,home,1.06,1.06,"[""Betfair Exchange""]","[""odds_api_io""]",1,,
soccer|ghana|wales|2026-06-02,spreads|ghana|-1.75|away,spreads,Ghana,-1.75,away,15.2,15.2,"[""Betfair Exchange""]","[""odds_api_io""]",1,,
soccer|ghana|wales|2026-06-02,spreads|wales|2.25|home,spreads,Wales,2.25,home,1.02,1.02,"[""Betfair Exchange""]","[""odds_api_io""]",1,,
soccer|ghana|wales|2026-06-02,spreads|ghana|-2.25|away,spreads,Ghana,-2.25,away,34.71,34.71,"[""Betfair Exchange""]","[""odds_api_io""]",1,,
soccer|ghana|wales|2026-06-02,spreads|wales|-3.25|home,spreads,Wales,-3.25,home,33.14,33.14,"[""Betfair Exchange""]","[""odds_api_io""]",1,,
soccer|ghana|wales|2026-06-02,spreads|ghana|3.25|away,spreads,Ghana,3.25,away,1.01,1.01,"[""Betfair Exchange""]","[""odds_api_io""]",1,,
soccer|ghana|wales|2026-06-02,spreads|wales|2.75|home,spreads,Wales,2.75,home,1.01,1.01,"[""Betfair Exchange""]","[""odds_api_io""]",1,,
soccer|ghana|wales|2026-06-02,spreads|ghana|-2.75|away,spreads,Ghana,-2.75,away,56.68,56.68,"[""Betfair Exchange""]","[""odds_api_io""]",1,,
soccer|ghana|wales|2026-06-02,totals|over|2.00|,totals,Over,2.0,,1.69,1.6549,"[""Betfair Exchange"", ""Sbobet""]","[""odds_api_io""]",2,2.557,
soccer|ghana|wales|2026-06-02,totals|under|2.00|,totals,Under,2.0,,2.3,2.2752,"[""Betfair Exchange"", ""Sbobet""]","[""odds_api_io""]",2,0.966,
soccer|ghana|wales|2026-06-02,totals|over|3.00|,totals,Over,3.0,,3.48,3.48,"[""Betfair Exchange""]","[""odds_api_io""]",1,,
soccer|ghana|wales|2026-06-02,totals|under|3.00|,totals,Under,3.0,,1.37,1.37,"[""Betfair Exchange""]","[""odds_api_io""]",1,,
soccer|ghana|wales|2026-06-02,totals|over|1.75|,totals,Over,1.75,,1.53,1.53,"[""Betfair Exchange""]","[""odds_api_io""]",1,,
soccer|ghana|wales|2026-06-02,totals|under|1.75|,totals,Under,1.75,,2.66,2.66,"[""Betfair Exchange""]","[""odds_api_io""]",1,,
soccer|ghana|wales|2026-06-02,totals|over|4.25|,totals,Over,4.25,,9.44,9.44,"[""Betfair Exchange""]","[""odds_api_io""]",1,,
soccer|ghana|wales|2026-06-02,totals|under|4.25|,totals,Under,4.25,,1.1,1.1,"[""Betfair Exchange""]","[""odds_api_io""]",1,,
soccer|ghana|wales|2026-06-02,totals|over|4.00|,totals,Over,4.0,,8.79,8.79,"[""Betfair Exchange""]","[""odds_api_io""]",1,,
soccer|ghana|wales|2026-06-02,totals|under|4.00|,totals,Under,4.0,,1.11,1.11,"[""Betfair Exchange""]","[""odds_api_io""]",1,,
soccer|ghana|wales|2026-06-02,totals|over|4.75|,totals,Over,4.75,,14.09,14.09,"[""Betfair Exchange""]","[""odds_api_io""]",1,,
soccer|ghana|wales|2026-06-02,totals|under|4.75|,totals,Under,4.75,,1.06,1.06,"[""Betfair Exchange""]","[""odds_api_io""]",1,,
soccer|ghana|wales|2026-06-02,totals|over|3.75|,totals,Over,3.75,,5.73,5.73,"[""Betfair Exchange""]","[""odds_api_io""]",1,,
soccer|ghana|wales|2026-06-02,totals|under|3.75|,totals,Under,3.75,,1.18,1.18,"[""Betfair Exchange""]","[""odds_api_io""]",1,,
soccer|ghana|wales|2026-06-02,totals|over|0.75|,totals,Over,0.75,,1.1,1.1,"[""Betfair Exchange""]","[""odds_api_io""]",1,,
soccer|ghana|wales|2026-06-02,totals|under|0.75|,totals,Under,0.75,,8.33,8.33,"[""Betfair Exchange""]","[""odds_api_io""]",1,,
soccer|ghana|wales|2026-06-02,totals|over|1.00|,totals,Over,1.0,,1.12,1.12,"[""Betfair Exchange""]","[""odds_api_io""]",1,,
soccer|ghana|wales|2026-06-02,totals|under|1.00|,totals,Under,1.0,,7.38,7.38,"[""Betfair Exchange""]","[""odds_api_io""]",1,,
soccer|ghana|wales|2026-06-02,totals|over|1.25|,totals,Over,1.25,,1.27,1.27,"[""Betfair Exchange""]","[""odds_api_io""]",1,,
soccer|ghana|wales|2026-06-02,totals|under|1.25|,totals,Under,1.25,,4.27,4.27,"[""Betfair Exchange""]","[""odds_api_io""]",1,,
soccer|ghana|wales|2026-06-02,totals|over|3.25|,totals,Over,3.25,,3.94,3.94,"[""Betfair Exchange""]","[""odds_api_io""]",1,,
soccer|ghana|wales|2026-06-02,totals|under|3.25|,totals,Under,3.25,,1.32,1.32,"[""Betfair Exchange""]","[""odds_api_io""]",1,,
soccer|ghana|wales|2026-06-02,totals|over|5.25|,totals,Over,5.25,,24.26,24.26,"[""Betfair Exchange""]","[""odds_api_io""]",1,,
soccer|ghana|wales|2026-06-02,totals|under|5.25|,totals,Under,5.25,,1.02,1.02,"[""Betfair Exchange""]","[""odds_api_io""]",1,,
soccer|ghana|wales|2026-06-02,totals|over|6.50|,totals,Over,6.5,,70.0,70.0,"[""Betfair Exchange""]","[""odds_api_io""]",1,,
soccer|ghana|wales|2026-06-02,totals|under|6.50|,totals,Under,6.5,,1.01,1.01,"[""Betfair Exchange""]","[""odds_api_io""]",1,,
soccer|ghana|wales|2026-06-02,totals|over|2.75|,totals,Over,2.75,,2.7,2.7,"[""Betfair Exchange""]","[""odds_api_io""]",1,,
soccer|ghana|wales|2026-06-02,totals|under|2.75|,totals,Under,2.75,,1.54,1.54,"[""Betfair Exchange""]","[""odds_api_io""]",1,,
soccer|ghana|wales|2026-06-02,totals|under|5.50|,totals,Under,5.5,,1.02,1.02,"[""Betfair Exchange""]","[""odds_api_io""]",1,,
soccer|ghana|wales|2026-06-02,totals|over|5.00|,totals,Over,5.0,,23.52,23.52,"[""Betfair Exchange""]","[""odds_api_io""]",1,,
soccer|ghana|wales|2026-06-02,totals|under|5.00|,totals,Under,5.0,,1.02,1.02,"[""Betfair Exchange""]","[""odds_api_io""]",1,,
soccer|ghana|wales|2026-06-02,totals|over|7.75|,totals,Over,7.75,,315.21,315.21,"[""Betfair Exchange""]","[""odds_api_io""]",1,,
soccer|ghana|wales|2026-06-02,totals|under|7.75|,totals,Under,7.75,,1.02,1.02,"[""Betfair Exchange""]","[""odds_api_io""]",1,,
soccer|ghana|wales|2026-06-02,totals|over|25.00|,totals,Over,25.0,,2.172,2.1241,"[""1xbet"", ""over@2.5""]","[""bzzoiro""]",2,2.036,
soccer|ghana|wales|2026-06-02,totals|under|25.00|,totals,Under,25.0,,1.786,1.7411,"[""1xbet"", ""under@2.5""]","[""bzzoiro""]",2,2.832,
soccer|ghana|wales|2026-06-02,totals|under|15.00|,totals,Under,15.0,,3.25,3.1361,"[""betway"", ""under@1.5""]","[""bzzoiro""]",2,2.234,
soccer|ghana|wales|2026-06-02,totals|over|35.00|,totals,Over,35.0,,3.8,3.7348,"[""888sport"", ""over@3.5""]","[""bzzoiro""]",2,0.932,
soccer|ghana|wales|2026-06-02,totals|over|15.00|,totals,Over,15.0,,1.34,1.34,"[""over@1.5""]","[""bzzoiro""]",1,,
soccer|ghana|wales|2026-06-02,totals|under|35.00|,totals,Under,35.0,,1.24,1.24,"[""under@3.5""]","[""bzzoiro""]",1,,
soccer|ghana|wales|2026-06-02,totals|over||,totals,Over,,,15.5,2.21,"[""over@0.5"", ""over@4.5"", ""over@5.5"", ""over@6.5"", ""over@7.5"", ""over@8.5"", ""over@9.0"", ""over@9.5"", ""over@10.5"", ""over@11.5"", ""over@12.5"", ""over@13.5"", ""over@14.5"", ""over@15.5"", ""over@8.0"", ""over@3.5""]","[""bzzoiro""]",16,93.15,
soccer|ghana|wales|2026-06-02,totals|under||,totals,Under,,,13.5,1.6089,"[""under@0.5"", ""under@4.5"", ""under@5.5"", ""under@6.5"", ""under@7.5"", ""under@8.5"", ""under@9.0"", ""under@9.5"", ""under@10.5"", ""under@11.5"", ""under@12.5"", ""under@13.5"", ""under@14.5"", ""under@8.0"", ""under@3.5"", ""under@15.5""]","[""bzzoiro""]",16,92.493,
soccer|cr belouizdad|usm alger|2026-06-02,h2h|usm alger||home,h2h,USM Alger,,home,5.4,4.8038,"[""Bet365"", ""Unibet"", ""Betfair Exchange"", ""Sbobet""]","[""odds_api_io""]",4,4.63,
soccer|cr belouizdad|usm alger|2026-06-02,h2h|draw||,h2h,Draw,,,3.35,3.1103,"[""Bet365"", ""Unibet"", ""Betfair Exchange"", ""Sbobet""]","[""odds_api_io""]",4,4.932,
soccer|cr belouizdad|usm alger|2026-06-02,h2h|cr belouizdad||away,h2h,CR Belouizdad,,away,1.88,1.7811,"[""Bet365"", ""Unibet"", ""Betfair Exchange"", ""Sbobet""]","[""odds_api_io""]",4,4.712,
soccer|cr belouizdad|usm alger|2026-06-02,dnb|usm alger|0.00|home,dnb,USM Alger,0.0,home,3.8,3.5301,"[""Bet365"", ""Unibet"", ""Betfair Exchange""]","[""odds_api_io""]",3,5.942,
soccer|cr belouizdad|usm alger|2026-06-02,dnb|cr belouizdad|0.00|away,dnb,CR Belouizdad,0.0,away,1.31,1.2734,"[""Bet365"", ""Unibet"", ""Betfair Exchange""]","[""odds_api_io""]",3,3.664,
soccer|cr belouizdad|usm alger|2026-06-02,spreads|usm alger|0.50|home,spreads,USM Alger,0.5,home,2.08,2.0045,"[""Bet365"", ""Betfair Exchange"", ""Sbobet""]","[""odds_api_io""]",3,4.555,
soccer|cr belouizdad|usm alger|2026-06-02,spreads|cr belouizdad|-0.50|away,spreads,CR Belouizdad,-0.5,away,1.9,1.8592,"[""Bet365"", ""Betfair Exchange"", ""Sbobet""]","[""odds_api_io""]",3,2.924,
soccer|cr belouizdad|usm alger|2026-06-02,totals|over|2.00|,totals,Over,2.0,,1.95,1.9384,"[""Bet365"", ""Betfair Exchange"", ""Sbobet""]","[""odds_api_io""]",3,0.666,
soccer|cr belouizdad|usm alger|2026-06-02,totals|under|2.00|,totals,Under,2.0,,1.9,1.8851,"[""Bet365"", ""Betfair Exchange"", ""Sbobet""]","[""odds_api_io""]",3,0.702,
soccer|cr belouizdad|usm alger|2026-06-02,totals|over|2.50|,totals,Over,2.5,,2.66,2.4755,"[""Bet365"", ""Unibet"", ""Betfair Exchange""]","[""odds_api_io""]",3,6.266,
soccer|cr belouizdad|usm alger|2026-06-02,totals|under|2.50|,totals,Under,2.5,,1.57,1.5236,"[""Bet365"", ""Unibet"", ""Betfair Exchange""]","[""odds_api_io""]",3,2.972,
soccer|cr belouizdad|usm alger|2026-06-02,spreads|usm alger|0.75|home,spreads,USM Alger,0.75,home,1.775,1.7725,"[""Bet365"", ""Betfair Exchange""]","[""odds_api_io""]",2,0.159,
soccer|cr belouizdad|usm alger|2026-06-02,spreads|cr belouizdad|-0.75|away,spreads,CR Belouizdad,-0.75,away,2.18,2.1011,"[""Bet365"", ""Betfair Exchange""]","[""odds_api_io""]",2,3.511,
soccer|cr belouizdad|usm alger|2026-06-02,doubleChance|1x||,doubleChance,1X,,,2.08,1.9631,"[""Unibet"", ""Betfair Exchange""]","[""odds_api_io""]",2,5.977,
soccer|cr belouizdad|usm alger|2026-06-02,doubleChance|12||,doubleChance,12,,,1.4,1.3131,"[""Unibet"", ""Betfair Exchange""]","[""odds_api_io""]",2,9.872,
soccer|cr belouizdad|usm alger|2026-06-02,doubleChance|x2||,doubleChance,X2,,,1.2,1.1654,"[""Unibet"", ""Betfair Exchange""]","[""odds_api_io""]",2,5.162,
soccer|cr belouizdad|usm alger|2026-06-02,totals|over|1.50|,totals,Over,1.5,,1.55,1.4901,"[""Unibet"", ""Betfair Exchange""]","[""odds_api_io""]",2,5.414,
soccer|cr belouizdad|usm alger|2026-06-02,totals|under|1.50|,totals,Under,1.5,,2.72,2.61,"[""Unibet"", ""Betfair Exchange""]","[""odds_api_io""]",2,3.235,
soccer|cr belouizdad|usm alger|2026-06-02,totals|over|3.50|,totals,Over,3.5,,5.6,4.8604,"[""Unibet"", ""Betfair Exchange""]","[""odds_api_io""]",2,5.672,
soccer|cr belouizdad|usm alger|2026-06-02,totals|under|3.50|,totals,Under,3.5,,1.19,1.1754,"[""Unibet"", ""Betfair Exchange""]","[""odds_api_io""]",2,2.173,
soccer|cr belouizdad|usm alger|2026-06-02,totals|over|0.50|,totals,Over,0.5,,1.13,1.1004,"[""Unibet"", ""Betfair Exchange""]","[""odds_api_io""]",2,4.962,
soccer|cr belouizdad|usm alger|2026-06-02,totals|under|0.50|,totals,Under,0.5,,8.14,7.11,"[""Unibet"", ""Betfair Exchange""]","[""odds_api_io""]",2,3.715,
soccer|cr belouizdad|usm alger|2026-06-02,btts|yes||,btts,Yes,,,2.22,2.1709,"[""Unibet"", ""Betfair Exchange""]","[""odds_api_io""]",2,2.125,
soccer|cr belouizdad|usm alger|2026-06-02,btts|no||,btts,No,,,1.65,1.6157,"[""Unibet"", ""Betfair Exchange""]","[""odds_api_io""]",2,2.685,
soccer|cr belouizdad|usm alger|2026-06-02,teamTotals|over|0.50|,teamTotals,Over,0.5,,1.68,1.68,"[""Unibet""]","[""odds_api_io""]",1,,
soccer|cr belouizdad|usm alger|2026-06-02,teamTotals|under|0.50|,teamTotals,Under,0.5,,1.94,1.94,"[""Unibet""]","[""odds_api_io""]",1,,
soccer|cr belouizdad|usm alger|2026-06-02,teamTotals|over|1.50|,teamTotals,Over,1.5,,2.05,2.05,"[""Unibet""]","[""odds_api_io""]",1,,
soccer|cr belouizdad|usm alger|2026-06-02,teamTotals|under|1.50|,teamTotals,Under,1.5,,1.6,1.6,"[""Unibet""]","[""odds_api_io""]",1,,
soccer|cr belouizdad|usm alger|2026-06-02,spreads|usm alger|1.00|home,spreads,USM Alger,1.0,home,2.08,1.7509,"[""Unibet"", ""Betfair Exchange""]","[""odds_api_io""]",3,20.889,
soccer|cr belouizdad|usm alger|2026-06-02,spreads|cr belouizdad|-1.00|away,spreads,CR Belouizdad,-1.0,away,3.5,2.9661,"[""Unibet"", ""Betfair Exchange""]","[""odds_api_io""]",3,9.023,
soccer|cr belouizdad|usm alger|2026-06-02,spreads|usm alger|-1.00|home,spreads,USM Alger,-1.0,home,19.5,18.0957,"[""Betfair Exchange""]","[""odds_api_io""]",2,0.796,
soccer|cr belouizdad|usm alger|2026-06-02,spreads|cr belouizdad|1.00|away,spreads,CR Belouizdad,1.0,away,1.2,1.1143,"[""Betfair Exchange""]","[""odds_api_io""]",2,12.821,
soccer|cr belouizdad|usm alger|2026-06-02,spreads|usm alger|0.25|home,spreads,USM Alger,0.25,home,2.56,2.56,"[""Betfair Exchange""]","[""odds_api_io""]",1,,
soccer|cr belouizdad|usm alger|2026-06-02,spreads|cr belouizdad|-0.25|away,spreads,CR Belouizdad,-0.25,away,1.59,1.59,"[""Betfair Exchange""]","[""odds_api_io""]",1,,
soccer|cr belouizdad|usm alger|2026-06-02,spreads|usm alger|-0.50|home,spreads,USM Alger,-0.5,home,5.4,5.4,"[""Betfair Exchange""]","[""odds_api_io""]",1,,
soccer|cr belouizdad|usm alger|2026-06-02,spreads|cr belouizdad|0.50|away,spreads,CR Belouizdad,0.5,away,1.2,1.2,"[""Betfair Exchange""]","[""odds_api_io""]",1,,
soccer|cr belouizdad|usm alger|2026-06-02,spreads|usm alger|-1.50|home,spreads,USM Alger,-1.5,home,19.5,19.5,"[""Betfair Exchange""]","[""odds_api_io""]",1,,
soccer|cr belouizdad|usm alger|2026-06-02,spreads|cr belouizdad|1.50|away,spreads,CR Belouizdad,1.5,away,1.03,1.03,"[""Betfair Exchange""]","[""odds_api_io""]",1,,
soccer|cr belouizdad|usm alger|2026-06-02,spreads|usm alger|0.00|home,spreads,USM Alger,0.0,home,3.81,3.81,"[""Betfair Exchange""]","[""odds_api_io""]",1,,
soccer|cr belouizdad|usm alger|2026-06-02,spreads|cr belouizdad|-0.00|away,spreads,CR Belouizdad,-0.0,away,1.31,1.31,"[""Betfair Exchange""]","[""odds_api_io""]",1,,
soccer|cr belouizdad|usm alger|2026-06-02,spreads|usm alger|-0.25|home,spreads,USM Alger,-0.25,home,4.6,4.6,"[""Betfair Exchange""]","[""odds_api_io""]",1,,
soccer|cr belouizdad|usm alger|2026-06-02,spreads|cr belouizdad|0.25|away,spreads,CR Belouizdad,0.25,away,1.24,1.24,"[""Betfair Exchange""]","[""odds_api_io""]",1,,
soccer|cr belouizdad|usm alger|2026-06-02,spreads|usm alger|-0.75|home,spreads,USM Alger,-0.75,home,7.89,7.89,"[""Betfair Exchange""]","[""odds_api_io""]",1,,
soccer|cr belouizdad|usm alger|2026-06-02,spreads|cr belouizdad|0.75|away,spreads,CR Belouizdad,0.75,away,1.12,1.12,"[""Betfair Exchange""]","[""odds_api_io""]",1,,
soccer|cr belouizdad|usm alger|2026-06-02,spreads|usm alger|1.50|home,spreads,USM Alger,1.5,home,1.28,1.28,"[""Betfair Exchange""]","[""odds_api_io""]",1,,
soccer|cr belouizdad|usm alger|2026-06-02,spreads|cr belouizdad|-1.50|away,spreads,CR Belouizdad,-1.5,away,3.5,3.5,"[""Betfair Exchange""]","[""odds_api_io""]",1,,
soccer|cr belouizdad|usm alger|2026-06-02,spreads|usm alger|1.25|home,spreads,USM Alger,1.25,home,1.34,1.34,"[""Betfair Exchange""]","[""odds_api_io""]",1,,
soccer|cr belouizdad|usm alger|2026-06-02,spreads|cr belouizdad|-1.25|away,spreads,CR Belouizdad,-1.25,away,3.08,3.08,"[""Betfair Exchange""]","[""odds_api_io""]",1,,
soccer|cr belouizdad|usm alger|2026-06-02,spreads|usm alger|3.00|home,spreads,USM Alger,3.0,home,1.08,1.0438,"[""Betfair Exchange""]","[""odds_api_io""]",2,6.417,
soccer|cr belouizdad|usm alger|2026-06-02,spreads|cr belouizdad|-3.00|away,spreads,CR Belouizdad,-3.0,away,26.0,25.0516,"[""Betfair Exchange""]","[""odds_api_io""]",2,0.291,
soccer|cr belouizdad|usm alger|2026-06-02,spreads|usm alger|3.50|home,spreads,USM Alger,3.5,home,1.01,1.01,"[""Betfair Exchange""]","[""odds_api_io""]",1,,
soccer|cr belouizdad|usm alger|2026-06-02,spreads|cr belouizdad|-3.50|away,spreads,CR Belouizdad,-3.5,away,26.0,26.0,"[""Betfair Exchange""]","[""odds_api_io""]",1,,
soccer|cr belouizdad|usm alger|2026-06-02,spreads|usm alger|2.50|home,spreads,USM Alger,2.5,home,1.08,1.08,"[""Betfair Exchange""]","[""odds_api_io""]",1,,
soccer|cr belouizdad|usm alger|2026-06-02,spreads|cr belouizdad|-2.50|away,spreads,CR Belouizdad,-2.5,away,9.2,9.2,"[""Betfair Exchange""]","[""odds_api_io""]",1,,
soccer|cr belouizdad|usm alger|2026-06-02,spreads|usm alger|2.25|home,spreads,USM Alger,2.25,home,1.09,1.09,"[""Betfair Exchange""]","[""odds_api_io""]",1,,
soccer|cr belouizdad|usm alger|2026-06-02,spreads|cr belouizdad|-2.25|away,spreads,CR Belouizdad,-2.25,away,8.38,8.38,"[""Betfair Exchange""]","[""odds_api_io""]",1,,
soccer|cr belouizdad|usm alger|2026-06-02,spreads|usm alger|2.00|home,spreads,USM Alger,2.0,home,1.28,1.1832,"[""Betfair Exchange""]","[""odds_api_io""]",2,12.784,
soccer|cr belouizdad|usm alger|2026-06-02,spreads|cr belouizdad|-2.00|away,spreads,CR Belouizdad,-2.0,away,9.2,8.3058,"[""Betfair Exchange""]","[""odds_api_io""]",2,2.34,
soccer|cr belouizdad|usm alger|2026-06-02,spreads|usm alger|1.75|home,spreads,USM Alger,1.75,home,1.19,1.19,"[""Betfair Exchange""]","[""odds_api_io""]",1,,
soccer|cr belouizdad|usm alger|2026-06-02,spreads|cr belouizdad|-1.75|away,spreads,CR Belouizdad,-1.75,away,4.62,4.62,"[""Betfair Exchange""]","[""odds_api_io""]",1,,
soccer|cr belouizdad|usm alger|2026-06-02,spreads|usm alger|2.75|home,spreads,USM Alger,2.75,home,1.05,1.05,"[""Betfair Exchange""]","[""odds_api_io""]",1,,
soccer|cr belouizdad|usm alger|2026-06-02,spreads|cr belouizdad|-2.75|away,spreads,CR Belouizdad,-2.75,away,13.11,13.11,"[""Betfair Exchange""]","[""odds_api_io""]",1,,
soccer|cr belouizdad|usm alger|2026-06-02,spreads|usm alger|3.25|home,spreads,USM Alger,3.25,home,1.01,1.01,"[""Betfair Exchange""]","[""odds_api_io""]",1,,
soccer|cr belouizdad|usm alger|2026-06-02,spreads|cr belouizdad|-3.25|away,spreads,CR Belouizdad,-3.25,away,25.08,25.08,"[""Betfair Exchange""]","[""odds_api_io""]",1,,
soccer|cr belouizdad|usm alger|2026-06-02,spreads|usm alger|-1.25|home,spreads,USM Alger,-1.25,home,18.19,18.19,"[""Betfair Exchange""]","[""odds_api_io""]",1,,
soccer|cr belouizdad|usm alger|2026-06-02,spreads|cr belouizdad|1.25|away,spreads,CR Belouizdad,1.25,away,1.03,1.03,"[""Betfair Exchange""]","[""odds_api_io""]",1,,
soccer|cr belouizdad|usm alger|2026-06-02,spreads|usm alger|-1.75|home,spreads,USM Alger,-1.75,home,31.09,31.09,"[""Betfair Exchange""]","[""odds_api_io""]",1,,
soccer|cr belouizdad|usm alger|2026-06-02,spreads|cr belouizdad|1.75|away,spreads,CR Belouizdad,1.75,away,1.02,1.02,"[""Betfair Exchange""]","[""odds_api_io""]",1,,
soccer|cr belouizdad|usm alger|2026-06-02,totals|over|2.25|,totals,Over,2.25,,2.3,2.3,"[""Betfair Exchange""]","[""odds_api_io""]",1,,
soccer|cr belouizdad|usm alger|2026-06-02,totals|under|2.25|,totals,Under,2.25,,1.7,1.7,"[""Betfair Exchange""]","[""odds_api_io""]",1,,
soccer|cr belouizdad|usm alger|2026-06-02,totals|over|1.00|,totals,Over,1.0,,1.18,1.18,"[""Betfair Exchange""]","[""odds_api_io""]",1,,
soccer|cr belouizdad|usm alger|2026-06-02,totals|under|1.00|,totals,Under,1.0,,5.36,5.36,"[""Betfair Exchange""]","[""odds_api_io""]",1,,
soccer|cr belouizdad|usm alger|2026-06-02,totals|over|4.75|,totals,Over,4.75,,20.24,20.24,"[""Betfair Exchange""]","[""odds_api_io""]",1,,
soccer|cr belouizdad|usm alger|2026-06-02,totals|under|4.75|,totals,Under,4.75,,1.01,1.01,"[""Betfair Exchange""]","[""odds_api_io""]",1,,
soccer|cr belouizdad|usm alger|2026-06-02,totals|over|3.00|,totals,Over,3.0,,4.57,4.57,"[""Betfair Exchange""]","[""odds_api_io""]",1,,
soccer|cr belouizdad|usm alger|2026-06-02,totals|under|3.00|,totals,Under,3.0,,1.23,1.23,"[""Betfair Exchange""]","[""odds_api_io""]",1,,
soccer|cr belouizdad|usm alger|2026-06-02,totals|over|3.75|,totals,Over,3.75,,7.63,7.63,"[""Betfair Exchange""]","[""odds_api_io""]",1,,
soccer|cr belouizdad|usm alger|2026-06-02,totals|under|3.75|,totals,Under,3.75,,1.1,1.1,"[""Betfair Exchange""]","[""odds_api_io""]",1,,
soccer|cr belouizdad|usm alger|2026-06-02,totals|over|0.75|,totals,Over,0.75,,1.15,1.15,"[""Betfair Exchange""]","[""odds_api_io""]",1,,
soccer|cr belouizdad|usm alger|2026-06-02,totals|under|0.75|,totals,Under,0.75,,6.13,6.13,"[""Betfair Exchange""]","[""odds_api_io""]",1,,
soccer|cr belouizdad|usm alger|2026-06-02,totals|over|4.25|,totals,Over,4.25,,13.7,13.7,"[""Betfair Exchange""]","[""odds_api_io""]",1,,
soccer|cr belouizdad|usm alger|2026-06-02,totals|under|4.25|,totals,Under,4.25,,1.06,1.06,"[""Betfair Exchange""]","[""odds_api_io""]",1,,
soccer|cr belouizdad|usm alger|2026-06-02,totals|over|1.75|,totals,Over,1.75,,1.7,1.7,"[""Betfair Exchange""]","[""odds_api_io""]",1,,
soccer|cr belouizdad|usm alger|2026-06-02,totals|under|1.75|,totals,Under,1.75,,2.2,2.2,"[""Betfair Exchange""]","[""odds_api_io""]",1,,
soccer|cr belouizdad|usm alger|2026-06-02,totals|over|7.75|,totals,Over,7.75,,495.68,495.68,"[""Betfair Exchange""]","[""odds_api_io""]",1,,
soccer|cr belouizdad|usm alger|2026-06-02,totals|under|7.75|,totals,Under,7.75,,1.14,1.14,"[""Betfair Exchange""]","[""odds_api_io""]",1,,
soccer|cr belouizdad|usm alger|2026-06-02,totals|over|4.50|,totals,Over,4.5,,14.5,14.5,"[""Betfair Exchange""]","[""odds_api_io""]",1,,
soccer|cr belouizdad|usm alger|2026-06-02,totals|under|4.50|,totals,Under,4.5,,1.06,1.06,"[""Betfair Exchange""]","[""odds_api_io""]",1,,
soccer|cr belouizdad|usm alger|2026-06-02,totals|over|2.75|,totals,Over,2.75,,3.27,3.27,"[""Betfair Exchange""]","[""odds_api_io""]",1,,
soccer|cr belouizdad|usm alger|2026-06-02,totals|under|2.75|,totals,Under,2.75,,1.33,1.33,"[""Betfair Exchange""]","[""odds_api_io""]",1,,
soccer|cr belouizdad|usm alger|2026-06-02,totals|over|4.00|,totals,Over,4.0,,12.91,12.91,"[""Betfair Exchange""]","[""odds_api_io""]",1,,
soccer|cr belouizdad|usm alger|2026-06-02,totals|under|4.00|,totals,Under,4.0,,1.06,1.06,"[""Betfair Exchange""]","[""odds_api_io""]",1,,
soccer|cr belouizdad|usm alger|2026-06-02,totals|over|3.25|,totals,Over,3.25,,5.08,5.08,"[""Betfair Exchange""]","[""odds_api_io""]",1,,
soccer|cr belouizdad|usm alger|2026-06-02,totals|under|3.25|,totals,Under,3.25,,1.2,1.2,"[""Betfair Exchange""]","[""odds_api_io""]",1,,
soccer|cr belouizdad|usm alger|2026-06-02,totals|over|1.25|,totals,Over,1.25,,1.37,1.37,"[""Betfair Exchange""]","[""odds_api_io""]",1,,
soccer|cr belouizdad|usm alger|2026-06-02,totals|under|1.25|,totals,Under,1.25,,3.46,3.46,"[""Betfair Exchange""]","[""odds_api_io""]",1,,
soccer|cr belouizdad|usm alger|2026-06-02,totals|over|5.25|,totals,Over,5.25,,35.25,35.25,"[""Betfair Exchange""]","[""odds_api_io""]",1,,
soccer|cr belouizdad|usm alger|2026-06-02,totals|under|5.25|,totals,Under,5.25,,1.01,1.01,"[""Betfair Exchange""]","[""odds_api_io""]",1,,
soccer|cr belouizdad|usm alger|2026-06-02,totals|over|5.50|,totals,Over,5.5,,36.0,36.0,"[""Betfair Exchange""]","[""odds_api_io""]",1,,
soccer|cr belouizdad|usm alger|2026-06-02,totals|under|5.50|,totals,Under,5.5,,1.01,1.01,"[""Betfair Exchange""]","[""odds_api_io""]",1,,
soccer|cr belouizdad|usm alger|2026-06-02,totals|over|5.00|,totals,Over,5.0,,34.51,34.51,"[""Betfair Exchange""]","[""odds_api_io""]",1,,
soccer|cr belouizdad|usm alger|2026-06-02,totals|under|5.00|,totals,Under,5.0,,1.01,1.01,"[""Betfair Exchange""]","[""odds_api_io""]",1,,
soccer|cr belouizdad|usm alger|2026-06-02,spreads|usm alger|-2.00|home,spreads,USM Alger,-2.0,home,85.0,85.0,"[""Betfair Exchange""]","[""odds_api_io""]",1,,
soccer|cr belouizdad|usm alger|2026-06-02,spreads|cr belouizdad|2.00|away,spreads,CR Belouizdad,2.0,away,1.03,1.03,"[""Betfair Exchange""]","[""odds_api_io""]",1,,
soccer|cr belouizdad|usm alger|2026-06-02,spreads|usm alger|-3.00|home,spreads,USM Alger,-3.0,home,160.0,160.0,"[""Betfair Exchange""]","[""odds_api_io""]",1,,
soccer|cr belouizdad|usm alger|2026-06-02,spreads|cr belouizdad|3.00|away,spreads,CR Belouizdad,3.0,away,1.01,1.01,"[""Betfair Exchange""]","[""odds_api_io""]",1,,
soccer|cuenca|la union|2026-06-02,h2h|club la union||home,h2h,Club La Union,,home,4.5,1.9244,"[""Bet365"", ""Betfair Exchange""]","[""odds_api_io""]",2,58.423,
soccer|cuenca|la union|2026-06-02,h2h|draw||,h2h,Draw,,,3.0,1.97,"[""Bet365"", ""Betfair Exchange""]","[""odds_api_io""]",2,34.234,
soccer|cuenca|la union|2026-06-02,h2h|cd cuenca||away,h2h,CD Cuenca,,away,1.8,1.4984,"[""Bet365"", ""Betfair Exchange""]","[""odds_api_io""]",2,21.964,
soccer|cuenca|la union|2026-06-02,dnb|club la union|0.00|home,dnb,Club La Union,0.0,home,4.0,2.1639,"[""Bet365"", ""Betfair Exchange""]","[""odds_api_io""]",2,41.667,
soccer|cuenca|la union|2026-06-02,dnb|cd cuenca|0.00|away,dnb,CD Cuenca,0.0,away,1.24,1.2311,"[""Bet365"", ""Betfair Exchange""]","[""odds_api_io""]",2,1.188,
soccer|cuenca|la union|2026-06-02,spreads|club la union|0.50|home,spreads,Club La Union,0.5,home,2.15,1.6545,"[""Bet365"", ""Betfair Exchange""]","[""odds_api_io""]",3,36.822,
soccer|cuenca|la union|2026-06-02,spreads|cd cuenca|-0.50|away,spreads,CD Cuenca,-0.5,away,1.825,1.3672,"[""Bet365"", ""Betfair Exchange""]","[""odds_api_io""]",3,32.162,
soccer|cuenca|la union|2026-06-02,totals|over|2.25|,totals,Over,2.25,,2.05,2.05,"[""Bet365""]","[""odds_api_io""]",1,,
soccer|cuenca|la union|2026-06-02,totals|under|2.25|,totals,Under,2.25,,1.75,1.75,"[""Bet365""]","[""odds_api_io""]",1,,
soccer|cuenca|la union|2026-06-02,totals|over|2.50|,totals,Over,2.5,,2.3,2.3,"[""Bet365""]","[""odds_api_io""]",1,,
soccer|cuenca|la union|2026-06-02,totals|under|2.50|,totals,Under,2.5,,1.6,1.6,"[""Bet365""]","[""odds_api_io""]",1,,
soccer|cuenca|la union|2026-06-02,spreads|club la union|-0.50|home,spreads,Club La Union,-0.5,home,5.5,2.0007,"[""Bet365"", ""Betfair Exchange""]","[""odds_api_io""]",2,62.463,
soccer|cuenca|la union|2026-06-02,spreads|cd cuenca|0.50|away,spreads,CD Cuenca,0.5,away,1.675,1.3941,"[""Bet365"", ""Betfair Exchange""]","[""odds_api_io""]",2,23.632,
soccer|cuenca|la union|2026-06-02,spreads|club la union|-0.25|home,spreads,Club La Union,-0.25,home,4.65,3.0136,"[""Bet365"", ""Betfair Exchange""]","[""odds_api_io""]",2,22.939,
soccer|cuenca|la union|2026-06-02,spreads|cd cuenca|0.25|away,spreads,CD Cuenca,0.25,away,1.45,1.317,"[""Bet365"", ""Betfair Exchange""]","[""odds_api_io""]",2,13.679,
soccer|cuenca|la union|2026-06-02,spreads|club la union|0.00|home,spreads,Club La Union,0.0,home,4.0,2.1639,"[""Bet365"", ""Betfair Exchange""]","[""odds_api_io""]",2,41.667,
soccer|cuenca|la union|2026-06-02,spreads|cd cuenca|-0.00|away,spreads,CD Cuenca,-0.0,away,1.24,1.2351,"[""Bet365"", ""Betfair Exchange""]","[""odds_api_io""]",2,0.656,
soccer|cuenca|la union|2026-06-02,spreads|club la union|0.25|home,spreads,Club La Union,0.25,home,2.675,1.7204,"[""Bet365"", ""Betfair Exchange""]","[""odds_api_io""]",2,40.742,
soccer|cuenca|la union|2026-06-02,spreads|cd cuenca|-0.25|away,spreads,CD Cuenca,-0.25,away,1.32,1.2474,"[""Bet365"", ""Betfair Exchange""]","[""odds_api_io""]",2,8.988,
soccer|cuenca|la union|2026-06-02,spreads|club la union|1.00|home,spreads,Club La Union,1.0,home,1.675,1.2356,"[""Bet365"", ""Betfair Exchange""]","[""odds_api_io""]",3,39.308,
soccer|cuenca|la union|2026-06-02,spreads|cd cuenca|-1.00|away,spreads,CD Cuenca,-1.0,away,2.15,1.6052,"[""Bet365"", ""Betfair Exchange""]","[""odds_api_io""]",2,31.008,
soccer|cuenca|la union|2026-06-02,spreads|club la union|1.25|home,spreads,Club La Union,1.25,home,1.525,1.2107,"[""Bet365"", ""Betfair Exchange""]","[""odds_api_io""]",2,33.436,
soccer|cuenca|la union|2026-06-02,spreads|cd cuenca|-1.25|away,spreads,CD Cuenca,-1.25,away,2.425,1.6748,"[""Bet365"", ""Betfair Exchange""]","[""odds_api_io""]",2,36.282,
soccer|cuenca|la union|2026-06-02,spreads|club la union|1.50|home,spreads,Club La Union,1.5,home,1.425,1.1785,"[""Bet365"", ""Betfair Exchange""]","[""odds_api_io""]",2,28.834,
soccer|cuenca|la union|2026-06-02,spreads|cd cuenca|-1.50|away,spreads,CD Cuenca,-1.5,away,2.75,1.7447,"[""Bet365"", ""Betfair Exchange""]","[""odds_api_io""]",2,41.156,
soccer|cuenca|la union|2026-06-02,spreads|club la union|1.75|home,spreads,Club La Union,1.75,home,1.3,1.1342,"[""Bet365"", ""Betfair Exchange""]","[""odds_api_io""]",2,22.087,
soccer|cuenca|la union|2026-06-02,spreads|cd cuenca|-1.75|away,spreads,CD Cuenca,-1.75,away,3.45,1.8624,"[""Bet365"", ""Betfair Exchange""]","[""odds_api_io""]",2,48.534,
soccer|cuenca|la union|2026-06-02,spreads|club la union|2.00|home,spreads,Club La Union,2.0,home,1.2,1.0951,"[""Bet365"", ""Betfair Exchange""]","[""odds_api_io""]",2,15.677,
soccer|cuenca|la union|2026-06-02,spreads|cd cuenca|-2.00|away,spreads,CD Cuenca,-2.0,away,4.4,1.9754,"[""Bet365"", ""Betfair Exchange""]","[""odds_api_io""]",2,54.792,
soccer|cuenca|la union|2026-06-02,spreads|club la union|2.25|home,spreads,Club La Union,2.25,home,1.17,1.0827,"[""Bet365"", ""Betfair Exchange""]","[""odds_api_io""]",2,13.54,
soccer|cuenca|la union|2026-06-02,spreads|cd cuenca|-2.25|away,spreads,CD Cuenca,-2.25,away,5.0,2.0291,"[""Bet365"", ""Betfair Exchange""]","[""odds_api_io""]",2,57.519,
soccer|cuenca|la union|2026-06-02,spreads|club la union|2.50|home,spreads,Club La Union,2.5,home,1.15,1.0742,"[""Bet365"", ""Betfair Exchange""]","[""odds_api_io""]",2,12.053,
soccer|cuenca|la union|2026-06-02,spreads|cd cuenca|-2.50|away,spreads,CD Cuenca,-2.5,away,5.5,2.0665,"[""Bet365"", ""Betfair Exchange""]","[""odds_api_io""]",2,59.338,
soccer|cuenca|la union|2026-06-02,spreads|club la union|2.75|home,spreads,Club La Union,2.75,home,1.105,1.0545,"[""Bet365"", ""Betfair Exchange""]","[""odds_api_io""]",2,8.512,
soccer|cuenca|la union|2026-06-02,spreads|cd cuenca|-2.75|away,spreads,CD Cuenca,-2.75,away,6.8,2.1421,"[""Bet365"", ""Betfair Exchange""]","[""odds_api_io""]",2,62.813,
soccer|cuenca|la union|2026-06-02,doubleChance|1x||,doubleChance,1X,,,1.2,1.2,"[""Betfair Exchange""]","[""odds_api_io""]",1,,
soccer|cuenca|la union|2026-06-02,doubleChance|12||,doubleChance,12,,,1.03,1.03,"[""Betfair Exchange""]","[""odds_api_io""]",1,,
soccer|cuenca|la union|2026-06-02,doubleChance|x2||,doubleChance,X2,,,1.2,1.2,"[""Betfair Exchange""]","[""odds_api_io""]",1,,
soccer|cuenca|la union|2026-06-02,spreads|club la union|-0.75|home,spreads,Club La Union,-0.75,home,1.24,1.24,"[""Betfair Exchange""]","[""odds_api_io""]",1,,
soccer|cuenca|la union|2026-06-02,spreads|cd cuenca|0.75|away,spreads,CD Cuenca,0.75,away,1.1,1.1,"[""Betfair Exchange""]","[""odds_api_io""]",1,,
soccer|cuenca|la union|2026-06-02,spreads|club la union|3.00|home,spreads,Club La Union,3.0,home,1.01,1.01,"[""Betfair Exchange""]","[""odds_api_io""]",1,,
soccer|cuenca|la union|2026-06-02,spreads|cd cuenca|-3.00|away,spreads,CD Cuenca,-3.0,away,1.29,1.29,"[""Betfair Exchange""]","[""odds_api_io""]",1,,
soccer|cuenca|la union|2026-06-02,spreads|club la union|0.75|home,spreads,Club La Union,0.75,home,1.1,1.1,"[""Betfair Exchange""]","[""odds_api_io""]",1,,
soccer|cuenca|la union|2026-06-02,spreads|cd cuenca|-0.75|away,spreads,CD Cuenca,-0.75,away,1.29,1.29,"[""Betfair Exchange""]","[""odds_api_io""]",1,,
soccer|cuenca|la union|2026-06-02,spreads|club la union|3.50|home,spreads,Club La Union,3.5,home,1.01,1.01,"[""Betfair Exchange""]","[""odds_api_io""]",1,,
soccer|cuenca|la union|2026-06-02,spreads|cd cuenca|-3.50|away,spreads,CD Cuenca,-3.5,away,1.29,1.29,"[""Betfair Exchange""]","[""odds_api_io""]",1,,
soccer|cuenca|la union|2026-06-02,spreads|club la union|3.25|home,spreads,Club La Union,3.25,home,1.01,1.01,"[""Betfair Exchange""]","[""odds_api_io""]",1,,
soccer|cuenca|la union|2026-06-02,spreads|cd cuenca|-3.25|away,spreads,CD Cuenca,-3.25,away,1.29,1.29,"[""Betfair Exchange""]","[""odds_api_io""]",1,,
soccer|cuenca|la union|2026-06-02,spreads|club la union|-1.00|home,spreads,Club La Union,-1.0,home,1.24,1.24,"[""Betfair Exchange""]","[""odds_api_io""]",1,,
soccer|cuenca|la union|2026-06-02,spreads|cd cuenca|1.00|away,spreads,CD Cuenca,1.0,away,1.2,1.2,"[""Betfair Exchange""]","[""odds_api_io""]",1,,
soccer|12 octubre itaugua|atlantida asuncion|2026-06-02,h2h|12 de octubre de itaugua||home,h2h,12 de Octubre de Itaugua,,home,2.33,2.2953,"[""Bet365"", ""Unibet"", ""Betfair Exchange""]","[""odds_api_io""]",3,1.329,
soccer|12 octubre itaugua|atlantida asuncion|2026-06-02,h2h|draw||,h2h,Draw,,,3.25,3.0783,"[""Bet365"", ""Unibet"", ""Betfair Exchange""]","[""odds_api_io""]",3,4.318,
soccer|12 octubre itaugua|atlantida asuncion|2026-06-02,h2h|atlantida sc asuncion||away,h2h,Atlantida SC Asuncion,,away,3.6,3.0429,"[""Bet365"", ""Unibet"", ""Betfair Exchange""]","[""odds_api_io""]",3,8.586,
soccer|12 octubre itaugua|atlantida asuncion|2026-06-02,dnb|12 de octubre de itaugua|0.00|home,dnb,12 de Octubre de Itaugua,0.0,home,1.727,1.6265,"[""Bet365"", ""Betfair Exchange""]","[""odds_api_io""]",2,7.031,
soccer|12 octubre itaugua|atlantida asuncion|2026-06-02,dnb|atlantida sc asuncion|0.00|away,dnb,Atlantida SC Asuncion,0.0,away,2.5,2.2267,"[""Bet365"", ""Betfair Exchange""]","[""odds_api_io""]",2,10.0,
soccer|12 octubre itaugua|atlantida asuncion|2026-06-02,spreads|12 de octubre de itaugua|-0.25|home,spreads,12 de Octubre de Itaugua,-0.25,home,2.05,1.9708,"[""Bet365"", ""Betfair Exchange""]","[""odds_api_io""]",2,3.851,
soccer|12 octubre itaugua|atlantida asuncion|2026-06-02,spreads|atlantida sc asuncion|0.25|away,spreads,Atlantida SC Asuncion,0.25,away,1.97,1.8555,"[""Bet365"", ""Betfair Exchange""]","[""odds_api_io""]",2,6.381,
soccer|12 octubre itaugua|atlantida asuncion|2026-06-02,totals|over|2.00|,totals,Over,2.0,,1.85,1.7815,"[""Bet365"", ""Betfair Exchange""]","[""odds_api_io""]",2,4.085,
soccer|12 octubre itaugua|atlantida asuncion|2026-06-02,totals|under|2.00|,totals,Under,2.0,,2.02,1.985,"[""Bet365"", ""Betfair Exchange""]","[""odds_api_io""]",2,1.777,
soccer|12 octubre itaugua|atlantida asuncion|2026-06-02,totals|over|2.50|,totals,Over,2.5,,2.375,2.3286,"[""Bet365"", ""Unibet"", ""Betfair Exchange""]","[""odds_api_io""]",3,2.339,
soccer|12 octubre itaugua|atlantida asuncion|2026-06-02,totals|under|2.50|,totals,Under,2.5,,1.62,1.5611,"[""Bet365"", ""Unibet"", ""Betfair Exchange""]","[""odds_api_io""]",3,3.631,
soccer|12 octubre itaugua|atlantida asuncion|2026-06-02,spreads|12 de octubre de itaugua|-1.75|home,spreads,12 de Octubre de Itaugua,-1.75,home,6.25,6.1831,"[""Bet365"", ""Betfair Exchange""]","[""odds_api_io""]",2,0.34,
soccer|12 octubre itaugua|atlantida asuncion|2026-06-02,spreads|atlantida sc asuncion|1.75|away,spreads,Atlantida SC Asuncion,1.75,away,1.13,1.1251,"[""Bet365"", ""Betfair Exchange""]","[""odds_api_io""]",2,0.79,
soccer|12 octubre itaugua|atlantida asuncion|2026-06-02,spreads|12 de octubre de itaugua|-1.50|home,spreads,12 de Octubre de Itaugua,-1.5,home,4.65,4.546,"[""Bet365"", ""Betfair Exchange""]","[""odds_api_io""]",2,0.967,
soccer|12 octubre itaugua|atlantida asuncion|2026-06-02,spreads|atlantida sc asuncion|1.50|away,spreads,Atlantida SC Asuncion,1.5,away,6.0,1.976,"[""Bet365"", ""Betfair Exchange""]","[""odds_api_io""]",2,66.667,
soccer|12 octubre itaugua|atlantida asuncion|2026-06-02,spreads|12 de octubre de itaugua|-1.25|home,spreads,12 de Octubre de Itaugua,-1.25,home,4.25,4.0972,"[""Bet365"", ""Betfair Exchange""]","[""odds_api_io""]",2,1.723,
soccer|12 octubre itaugua|atlantida asuncion|2026-06-02,spreads|atlantida sc asuncion|1.25|away,spreads,Atlantida SC Asuncion,1.25,away,5.75,2.0029,"[""Bet365"", ""Betfair Exchange""]","[""odds_api_io""]",2,63.91,
soccer|12 octubre itaugua|atlantida asuncion|2026-06-02,spreads|12 de octubre de itaugua|-1.00|home,spreads,12 de Octubre de Itaugua,-1.0,home,4.4,3.8237,"[""Bet365"", ""Betfair Exchange""]","[""odds_api_io""]",3,6.008,
soccer|12 octubre itaugua|atlantida asuncion|2026-06-02,spreads|atlantida sc asuncion|1.00|away,spreads,Atlantida SC Asuncion,1.0,away,5.0,1.9131,"[""Bet365"", ""Betfair Exchange""]","[""odds_api_io""]",3,57.519,
soccer|12 octubre itaugua|atlantida asuncion|2026-06-02,spreads|12 de octubre de itaugua|-0.75|home,spreads,12 de Octubre de Itaugua,-0.75,home,2.75,2.7087,"[""Bet365"", ""Betfair Exchange""]","[""odds_api_io""]",2,1.09,
soccer|12 octubre itaugua|atlantida asuncion|2026-06-02,spreads|atlantida sc asuncion|0.75|away,spreads,Atlantida SC Asuncion,0.75,away,3.45,2.076,"[""Bet365"", ""Betfair Exchange""]","[""odds_api_io""]",2,37.681,
soccer|12 octubre itaugua|atlantida asuncion|2026-06-02,spreads|12 de octubre de itaugua|-0.50|home,spreads,12 de Octubre de Itaugua,-0.5,home,2.35,2.3033,"[""Bet365"", ""Betfair Exchange""]","[""odds_api_io""]",2,1.695,
soccer|12 octubre itaugua|atlantida asuncion|2026-06-02,spreads|atlantida sc asuncion|0.50|away,spreads,Atlantida SC Asuncion,0.5,away,2.75,2.1075,"[""Bet365"", ""Betfair Exchange""]","[""odds_api_io""]",2,21.776,
soccer|12 octubre itaugua|atlantida asuncion|2026-06-02,spreads|12 de octubre de itaugua|0.00|home,spreads,12 de Octubre de Itaugua,0.0,home,1.725,1.6256,"[""Bet365"", ""Betfair Exchange""]","[""odds_api_io""]",2,6.964,
soccer|12 octubre itaugua|atlantida asuncion|2026-06-02,spreads|atlantida sc asuncion|-0.00|away,spreads,Atlantida SC Asuncion,-0.0,away,2.51,2.2758,"[""Bet365"", ""Betfair Exchange""]","[""odds_api_io""]",2,8.352,
soccer|12 octubre itaugua|atlantida asuncion|2026-06-02,spreads|12 de octubre de itaugua|0.25|home,spreads,12 de Octubre de Itaugua,0.25,home,1.55,1.4642,"[""Bet365"", ""Betfair Exchange""]","[""odds_api_io""]",2,7.426,
soccer|12 octubre itaugua|atlantida asuncion|2026-06-02,spreads|atlantida sc asuncion|-0.25|away,spreads,Atlantida SC Asuncion,-0.25,away,3.05,2.6766,"[""Bet365"", ""Betfair Exchange""]","[""odds_api_io""]",2,9.318,
soccer|12 octubre itaugua|atlantida asuncion|2026-06-02,spreads|12 de octubre de itaugua|0.50|home,spreads,12 de Octubre de Itaugua,0.5,home,1.425,1.364,"[""Bet365"", ""Betfair Exchange""]","[""odds_api_io""]",2,6.16,
soccer|12 octubre itaugua|atlantida asuncion|2026-06-02,spreads|atlantida sc asuncion|-0.50|away,spreads,Atlantida SC Asuncion,-0.5,away,3.6,2.207,"[""Bet365"", ""Betfair Exchange""]","[""odds_api_io""]",2,35.714,
soccer|12 octubre itaugua|atlantida asuncion|2026-06-02,spreads|12 de octubre de itaugua|0.75|home,spreads,12 de Octubre de Itaugua,0.75,home,1.3,1.2471,"[""Bet365"", ""Betfair Exchange""]","[""odds_api_io""]",2,6.41,
soccer|12 octubre itaugua|atlantida asuncion|2026-06-02,spreads|atlantida sc asuncion|-0.75|away,spreads,Atlantida SC Asuncion,-0.75,away,4.91,2.2312,"[""Bet365"", ""Betfair Exchange""]","[""odds_api_io""]",2,49.809,
soccer|12 octubre itaugua|atlantida asuncion|2026-06-02,spreads|12 de octubre de itaugua|1.00|home,spreads,12 de Octubre de Itaugua,1.0,home,1.31,1.1794,"[""Bet365"", ""Betfair Exchange""]","[""odds_api_io""]",3,16.257,
soccer|12 octubre itaugua|atlantida asuncion|2026-06-02,spreads|atlantida sc asuncion|-1.00|away,spreads,Atlantida SC Asuncion,-1.0,away,10.0,3.0336,"[""Bet365"", ""Betfair Exchange""]","[""odds_api_io""]",3,69.365,
soccer|12 octubre itaugua|atlantida asuncion|2026-06-02,spreads|12 de octubre de itaugua|1.25|home,spreads,12 de Octubre de Itaugua,1.25,home,1.14,1.1033,"[""Bet365"", ""Betfair Exchange""]","[""odds_api_io""]",2,5.739,
soccer|12 octubre itaugua|atlantida asuncion|2026-06-02,spreads|atlantida sc asuncion|-1.25|away,spreads,Atlantida SC Asuncion,-1.25,away,9.38,2.174,"[""Bet365"", ""Betfair Exchange""]","[""odds_api_io""]",2,71.984,
soccer|12 octubre itaugua|atlantida asuncion|2026-06-02,spreads|12 de octubre de itaugua|1.50|home,spreads,12 de Octubre de Itaugua,1.5,home,1.125,1.0963,"[""Bet365"", ""Betfair Exchange""]","[""odds_api_io""]",2,4.569,
soccer|12 octubre itaugua|atlantida asuncion|2026-06-02,spreads|atlantida sc asuncion|-1.50|away,spreads,Atlantida SC Asuncion,-1.5,away,10.23,2.1469,"[""Bet365"", ""Betfair Exchange""]","[""odds_api_io""]",2,74.971,
soccer|12 octubre itaugua|atlantida asuncion|2026-06-02,doubleChance|1x||,doubleChance,1X,,,1.31,1.3003,"[""Unibet"", ""Betfair Exchange""]","[""odds_api_io""]",2,1.184,
soccer|12 octubre itaugua|atlantida asuncion|2026-06-02,doubleChance|12||,doubleChance,12,,,1.4,1.3451,"[""Unibet"", ""Betfair Exchange""]","[""odds_api_io""]",2,6.091,
soccer|12 octubre itaugua|atlantida asuncion|2026-06-02,doubleChance|x2||,doubleChance,X2,,,1.72,1.5677,"[""Unibet"", ""Betfair Exchange""]","[""odds_api_io""]",2,11.791,
soccer|12 octubre itaugua|atlantida asuncion|2026-06-02,totals|over|1.50|,totals,Over,1.5,,1.44,1.4106,"[""Unibet"", ""Betfair Exchange""]","[""odds_api_io""]",2,3.019,
soccer|12 octubre itaugua|atlantida asuncion|2026-06-02,totals|under|1.50|,totals,Under,1.5,,2.94,2.7829,"[""Unibet"", ""Betfair Exchange""]","[""odds_api_io""]",2,4.009,
soccer|12 octubre itaugua|atlantida asuncion|2026-06-02,totals|over|3.50|,totals,Over,3.5,,4.41,4.2558,"[""Unibet"", ""Betfair Exchange""]","[""odds_api_io""]",2,1.715,
soccer|12 octubre itaugua|atlantida asuncion|2026-06-02,totals|under|3.50|,totals,Under,3.5,,1.21,1.1905,"[""Unibet"", ""Betfair Exchange""]","[""odds_api_io""]",2,2.825,
soccer|12 octubre itaugua|atlantida asuncion|2026-06-02,spreads|12 de octubre de itaugua|-2.00|home,spreads,12 de Octubre de Itaugua,-2.0,home,12.0,11.3684,"[""Betfair Exchange""]","[""odds_api_io""]",2,0.926,
soccer|12 octubre itaugua|atlantida asuncion|2026-06-02,spreads|atlantida sc asuncion|2.00|away,spreads,Atlantida SC Asuncion,2.0,away,1.2,1.1257,"[""Betfair Exchange""]","[""odds_api_io""]",2,11.006,
soccer|12 octubre itaugua|atlantida asuncion|2026-06-02,spreads|12 de octubre de itaugua|-2.25|home,spreads,12 de Octubre de Itaugua,-2.25,home,11.72,11.72,"[""Betfair Exchange""]","[""odds_api_io""]",1,,
soccer|12 octubre itaugua|atlantida asuncion|2026-06-02,spreads|atlantida sc asuncion|2.25|away,spreads,Atlantida SC Asuncion,2.25,away,1.06,1.06,"[""Betfair Exchange""]","[""odds_api_io""]",1,,
soccer|12 octubre itaugua|atlantida asuncion|2026-06-02,spreads|12 de octubre de itaugua|2.00|home,spreads,12 de Octubre de Itaugua,2.0,home,1.07,1.0444,"[""Betfair Exchange""]","[""odds_api_io""]",2,4.581,
soccer|12 octubre itaugua|atlantida asuncion|2026-06-02,spreads|atlantida sc asuncion|-2.00|away,spreads,Atlantida SC Asuncion,-2.0,away,38.0,36.7875,"[""Betfair Exchange""]","[""odds_api_io""]",2,0.173,
soccer|12 octubre itaugua|atlantida asuncion|2026-06-02,spreads|12 de octubre de itaugua|1.75|home,spreads,12 de Octubre de Itaugua,1.75,home,1.04,1.04,"[""Betfair Exchange""]","[""odds_api_io""]",1,,
soccer|12 octubre itaugua|atlantida asuncion|2026-06-02,spreads|atlantida sc asuncion|-1.75|away,spreads,Atlantida SC Asuncion,-1.75,away,15.69,15.69,"[""Betfair Exchange""]","[""odds_api_io""]",1,,
soccer|12 octubre itaugua|atlantida asuncion|2026-06-02,spreads|12 de octubre de itaugua|2.50|home,spreads,12 de Octubre de Itaugua,2.5,home,1.02,1.02,"[""Betfair Exchange""]","[""odds_api_io""]",1,,
soccer|12 octubre itaugua|atlantida asuncion|2026-06-02,spreads|atlantida sc asuncion|-2.50|away,spreads,Atlantida SC Asuncion,-2.5,away,38.31,38.31,"[""Betfair Exchange""]","[""odds_api_io""]",1,,
soccer|12 octubre itaugua|atlantida asuncion|2026-06-02,spreads|12 de octubre de itaugua|2.25|home,spreads,12 de Octubre de Itaugua,2.25,home,1.02,1.02,"[""Betfair Exchange""]","[""odds_api_io""]",1,,
soccer|12 octubre itaugua|atlantida asuncion|2026-06-02,spreads|atlantida sc asuncion|-2.25|away,spreads,Atlantida SC Asuncion,-2.25,away,36.98,36.98,"[""Betfair Exchange""]","[""odds_api_io""]",1,,
soccer|12 octubre itaugua|atlantida asuncion|2026-06-02,spreads|12 de octubre de itaugua|-3.00|home,spreads,12 de Octubre de Itaugua,-3.0,home,44.0,42.6976,"[""Betfair Exchange""]","[""odds_api_io""]",2,0.139,
soccer|12 octubre itaugua|atlantida asuncion|2026-06-02,spreads|atlantida sc asuncion|3.00|away,spreads,Atlantida SC Asuncion,3.0,away,1.05,1.0296,"[""Betfair Exchange""]","[""odds_api_io""]",2,3.772,
soccer|12 octubre itaugua|atlantida asuncion|2026-06-02,spreads|12 de octubre de itaugua|-2.75|home,spreads,12 de Octubre de Itaugua,-2.75,home,18.89,18.89,"[""Betfair Exchange""]","[""odds_api_io""]",1,,
soccer|12 octubre itaugua|atlantida asuncion|2026-06-02,spreads|atlantida sc asuncion|2.75|away,spreads,Atlantida SC Asuncion,2.75,away,1.03,1.03,"[""Betfair Exchange""]","[""odds_api_io""]",1,,
soccer|12 octubre itaugua|atlantida asuncion|2026-06-02,spreads|12 de octubre de itaugua|-3.50|home,spreads,12 de Octubre de Itaugua,-3.5,home,44.0,44.0,"[""Betfair Exchange""]","[""odds_api_io""]",1,,
soccer|12 octubre itaugua|atlantida asuncion|2026-06-02,spreads|atlantida sc asuncion|3.50|away,spreads,Atlantida SC Asuncion,3.5,away,1.01,1.01,"[""Betfair Exchange""]","[""odds_api_io""]",1,,
soccer|12 octubre itaugua|atlantida asuncion|2026-06-02,spreads|12 de octubre de itaugua|-2.50|home,spreads,12 de Octubre de Itaugua,-2.5,home,12.35,12.35,"[""Betfair Exchange""]","[""odds_api_io""]",1,,
soccer|12 octubre itaugua|atlantida asuncion|2026-06-02,spreads|atlantida sc asuncion|2.50|away,spreads,Atlantida SC Asuncion,2.5,away,1.05,1.05,"[""Betfair Exchange""]","[""odds_api_io""]",1,,
soccer|12 octubre itaugua|atlantida asuncion|2026-06-02,spreads|12 de octubre de itaugua|2.75|home,spreads,12 de Octubre de Itaugua,2.75,home,1.01,1.01,"[""Betfair Exchange""]","[""odds_api_io""]",1,,
soccer|12 octubre itaugua|atlantida asuncion|2026-06-02,spreads|atlantida sc asuncion|-2.75|away,spreads,Atlantida SC Asuncion,-2.75,away,63.11,63.11,"[""Betfair Exchange""]","[""odds_api_io""]",1,,
soccer|12 octubre itaugua|atlantida asuncion|2026-06-02,spreads|12 de octubre de itaugua|-3.25|home,spreads,12 de Octubre de Itaugua,-3.25,home,42.73,42.73,"[""Betfair Exchange""]","[""odds_api_io""]",1,,
soccer|12 octubre itaugua|atlantida asuncion|2026-06-02,spreads|atlantida sc asuncion|3.25|away,spreads,Atlantida SC Asuncion,3.25,away,1.01,1.01,"[""Betfair Exchange""]","[""odds_api_io""]",1,,
soccer|12 octubre itaugua|atlantida asuncion|2026-06-02,totals|over|2.75|,totals,Over,2.75,,2.8,2.8,"[""Betfair Exchange""]","[""odds_api_io""]",1,,
soccer|12 octubre itaugua|atlantida asuncion|2026-06-02,totals|under|2.75|,totals,Under,2.75,,1.4,1.4,"[""Betfair Exchange""]","[""odds_api_io""]",1,,
soccer|12 octubre itaugua|atlantida asuncion|2026-06-02,totals|over|4.00|,totals,Over,4.0,,9.29,9.29,"[""Betfair Exchange""]","[""odds_api_io""]",1,,
soccer|12 octubre itaugua|atlantida asuncion|2026-06-02,totals|under|4.00|,totals,Under,4.0,,1.08,1.08,"[""Betfair Exchange""]","[""odds_api_io""]",1,,
soccer|12 octubre itaugua|atlantida asuncion|2026-06-02,totals|over|0.75|,totals,Over,0.75,,1.11,1.11,"[""Betfair Exchange""]","[""odds_api_io""]",1,,
soccer|12 octubre itaugua|atlantida asuncion|2026-06-02,totals|under|0.75|,totals,Under,0.75,,6.93,6.93,"[""Betfair Exchange""]","[""odds_api_io""]",1,,
soccer|12 octubre itaugua|atlantida asuncion|2026-06-02,totals|over|2.25|,totals,Over,2.25,,2.04,2.04,"[""Betfair Exchange""]","[""odds_api_io""]",1,,
soccer|12 octubre itaugua|atlantida asuncion|2026-06-02,totals|under|2.25|,totals,Under,2.25,,1.77,1.77,"[""Betfair Exchange""]","[""odds_api_io""]",1,,
soccer|12 octubre itaugua|atlantida asuncion|2026-06-02,totals|over|5.25|,totals,Over,5.25,,25.27,25.27,"[""Betfair Exchange""]","[""odds_api_io""]",1,,
soccer|12 octubre itaugua|atlantida asuncion|2026-06-02,totals|under|5.25|,totals,Under,5.25,,1.01,1.01,"[""Betfair Exchange""]","[""odds_api_io""]",1,,
soccer|12 octubre itaugua|atlantida asuncion|2026-06-02,totals|over|5.00|,totals,Over,5.0,,24.55,24.55,"[""Betfair Exchange""]","[""odds_api_io""]",1,,
soccer|12 octubre itaugua|atlantida asuncion|2026-06-02,totals|under|5.00|,totals,Under,5.0,,1.01,1.01,"[""Betfair Exchange""]","[""odds_api_io""]",1,,
soccer|12 octubre itaugua|atlantida asuncion|2026-06-02,totals|over|1.25|,totals,Over,1.25,,1.28,1.28,"[""Betfair Exchange""]","[""odds_api_io""]",1,,
soccer|12 octubre itaugua|atlantida asuncion|2026-06-02,totals|under|1.25|,totals,Under,1.25,,3.81,3.81,"[""Betfair Exchange""]","[""odds_api_io""]",1,,
soccer|12 octubre itaugua|atlantida asuncion|2026-06-02,totals|over|3.00|,totals,Over,3.0,,3.57,3.57,"[""Betfair Exchange""]","[""odds_api_io""]",1,,
soccer|12 octubre itaugua|atlantida asuncion|2026-06-02,totals|under|3.00|,totals,Under,3.0,,1.27,1.27,"[""Betfair Exchange""]","[""odds_api_io""]",1,,
soccer|12 octubre itaugua|atlantida asuncion|2026-06-02,totals|over|4.25|,totals,Over,4.25,,9.95,9.95,"[""Betfair Exchange""]","[""odds_api_io""]",1,,
soccer|12 octubre itaugua|atlantida asuncion|2026-06-02,totals|under|4.25|,totals,Under,4.25,,1.07,1.07,"[""Betfair Exchange""]","[""odds_api_io""]",1,,
soccer|12 octubre itaugua|atlantida asuncion|2026-06-02,totals|over|4.75|,totals,Over,4.75,,14.66,14.66,"[""Betfair Exchange""]","[""odds_api_io""]",1,,
soccer|12 octubre itaugua|atlantida asuncion|2026-06-02,totals|under|4.75|,totals,Under,4.75,,1.04,1.04,"[""Betfair Exchange""]","[""odds_api_io""]",1,,
soccer|12 octubre itaugua|atlantida asuncion|2026-06-02,totals|over|1.75|,totals,Over,1.75,,1.54,1.54,"[""Betfair Exchange""]","[""odds_api_io""]",1,,
soccer|12 octubre itaugua|atlantida asuncion|2026-06-02,totals|under|1.75|,totals,Under,1.75,,2.36,2.36,"[""Betfair Exchange""]","[""odds_api_io""]",1,,
soccer|12 octubre itaugua|atlantida asuncion|2026-06-02,totals|over|3.25|,totals,Over,3.25,,4.0,4.0,"[""Betfair Exchange""]","[""odds_api_io""]",1,,
soccer|12 octubre itaugua|atlantida asuncion|2026-06-02,totals|under|3.25|,totals,Under,3.25,,1.23,1.23,"[""Betfair Exchange""]","[""odds_api_io""]",1,,
soccer|12 octubre itaugua|atlantida asuncion|2026-06-02,totals|over|6.50|,totals,Over,6.5,,51.0,51.0,"[""Betfair Exchange""]","[""odds_api_io""]",1,,
soccer|12 octubre itaugua|atlantida asuncion|2026-06-02,totals|under|6.50|,totals,Under,6.5,,1.01,1.01,"[""Betfair Exchange""]","[""odds_api_io""]",1,,
soccer|12 octubre itaugua|atlantida asuncion|2026-06-02,totals|over|3.75|,totals,Over,3.75,,5.86,5.86,"[""Betfair Exchange""]","[""odds_api_io""]",1,,
soccer|12 octubre itaugua|atlantida asuncion|2026-06-02,totals|under|3.75|,totals,Under,3.75,,1.14,1.14,"[""Betfair Exchange""]","[""odds_api_io""]",1,,
soccer|12 octubre itaugua|atlantida asuncion|2026-06-02,totals|over|5.75|,totals,Over,5.75,,34.11,34.11,"[""Betfair Exchange""]","[""odds_api_io""]",1,,
soccer|12 octubre itaugua|atlantida asuncion|2026-06-02,totals|under|5.75|,totals,Under,5.75,,1.01,1.01,"[""Betfair Exchange""]","[""odds_api_io""]",1,,
soccer|12 octubre itaugua|atlantida asuncion|2026-06-02,totals|over|6.25|,totals,Over,6.25,,50.51,50.51,"[""Betfair Exchange""]","[""odds_api_io""]",1,,
soccer|12 octubre itaugua|atlantida asuncion|2026-06-02,totals|under|6.25|,totals,Under,6.25,,1.01,1.01,"[""Betfair Exchange""]","[""odds_api_io""]",1,,
soccer|12 octubre itaugua|atlantida asuncion|2026-06-02,totals|over|0.50|,totals,Over,0.5,,1.1,1.1,"[""Betfair Exchange""]","[""odds_api_io""]",1,,
soccer|12 octubre itaugua|atlantida asuncion|2026-06-02,totals|under|0.50|,totals,Under,0.5,,8.14,8.14,"[""Betfair Exchange""]","[""odds_api_io""]",1,,
soccer|12 octubre itaugua|atlantida asuncion|2026-06-02,totals|over|1.00|,totals,Over,1.0,,1.13,1.13,"[""Betfair Exchange""]","[""odds_api_io""]",1,,
soccer|12 octubre itaugua|atlantida asuncion|2026-06-02,totals|under|1.00|,totals,Under,1.0,,6.11,6.11,"[""Betfair Exchange""]","[""odds_api_io""]",1,,
soccer|12 octubre itaugua|atlantida asuncion|2026-06-02,totals|over|4.50|,totals,Over,4.5,,10.62,10.62,"[""Betfair Exchange""]","[""odds_api_io""]",1,,
soccer|12 octubre itaugua|atlantida asuncion|2026-06-02,totals|under|4.50|,totals,Under,4.5,,1.07,1.07,"[""Betfair Exchange""]","[""odds_api_io""]",1,,
soccer|12 octubre itaugua|atlantida asuncion|2026-06-02,totals|over|5.50|,totals,Over,5.5,,26.0,26.0,"[""Betfair Exchange""]","[""odds_api_io""]",1,,
soccer|12 octubre itaugua|atlantida asuncion|2026-06-02,totals|under|5.50|,totals,Under,5.5,,1.01,1.01,"[""Betfair Exchange""]","[""odds_api_io""]",1,,
soccer|12 octubre itaugua|atlantida asuncion|2026-06-02,btts|yes||,btts,Yes,,,1.92,1.92,"[""Betfair Exchange""]","[""odds_api_io""]",1,,
soccer|12 octubre itaugua|atlantida asuncion|2026-06-02,btts|no||,btts,No,,,1.79,1.79,"[""Betfair Exchange""]","[""odds_api_io""]",1,,
soccer|12 octubre itaugua|atlantida asuncion|2026-06-02,spreads|12 de octubre de itaugua|3.00|home,spreads,12 de Octubre de Itaugua,3.0,home,1.02,1.02,"[""Betfair Exchange""]","[""odds_api_io""]",1,,
soccer|12 octubre itaugua|atlantida asuncion|2026-06-02,spreads|atlantida sc asuncion|-3.00|away,spreads,Atlantida SC Asuncion,-3.0,away,190.0,190.0,"[""Betfair Exchange""]","[""odds_api_io""]",1,,
