match_key,market_key,family,selection,point,team_side,best_price,consensus_fair_odds,books,sources,snapshots_count,dispersion_pct,steam_score
soccer|belgium|croatia|2026-06-02,h2h|croatia||home,h2h,Croatia,,home,2.801,2.6107,"[""Bet365"", ""Unibet"", ""Betfair Exchange"", ""Sbobet"", ""oddssafari-consensus"", ""1xbet"", ""betano"", ""pinnacle"", ""interwetten"", ""unibet"", ""novibet"", ""bwin"", ""sportingbet"", ""betway"", ""888sport"", ""william-hill"", ""bet365"", ""betsson"", ""marathon"", ""bzzoiro"", ""bzzoiro-consensus""]","[""odds_api_io"", ""bzzoiro""]",21,5.115,
soccer|belgium|croatia|2026-06-02,h2h|draw||,h2h,Draw,,,3.55,3.2874,"[""Bet365"", ""Unibet"", ""Betfair Exchange"", ""Sbobet"", ""oddssafari-consensus"", ""1xbet"", ""betano"", ""pinnacle"", ""interwetten"", ""unibet"", ""novibet"", ""bwin"", ""sportingbet"", ""betway"", ""888sport"", ""william-hill"", ""bet365"", ""betsson"", ""marathon"", ""bzzoiro"", ""bzzoiro-consensus""]","[""odds_api_io"", ""bzzoiro""]",21,4.089,
soccer|belgium|croatia|2026-06-02,h2h|belgium||away,h2h,Belgium,,away,2.81,2.6422,"[""Bet365"", ""Unibet"", ""Betfair Exchange"", ""Sbobet"", ""oddssafari-consensus"", ""1xbet"", ""betano"", ""pinnacle"", ""interwetten"", ""unibet"", ""novibet"", ""bwin"", ""sportingbet"", ""betway"", ""888sport"", ""william-hill"", ""bet365"", ""betsson"", ""marathon"", ""bzzoiro"", ""bzzoiro-consensus""]","[""odds_api_io"", ""bzzoiro""]",21,4.413,
soccer|belgium|croatia|2026-06-02,dnb|croatia|0.00|home,dnb,Croatia,0.0,home,1.99,1.8628,"[""Bet365"", ""Unibet"", ""Betfair Exchange""]","[""odds_api_io""]",3,6.246,
soccer|belgium|croatia|2026-06-02,dnb|belgium|0.00|away,dnb,Belgium,0.0,away,1.99,1.913,"[""Bet365"", ""Unibet"", ""Betfair Exchange""]","[""odds_api_io""]",3,4.304,
soccer|belgium|croatia|2026-06-02,spreads|croatia|0.00|home,spreads,Croatia,0.0,home,1.99,1.9279,"[""Bet365"", ""Betfair Exchange"", ""Sbobet""]","[""odds_api_io""]",3,3.082,
soccer|belgium|croatia|2026-06-02,totals|over|2.50|,totals,Over,2.5,,2.0,1.8938,"[""Bet365"", ""Unibet"", ""Betfair Exchange"", ""Sbobet"", ""1xbet"", ""bzzoiro-consensus""]","[""odds_api_io"", ""bzzoiro""]",7,6.18,
soccer|belgium|croatia|2026-06-02,totals|under|2.50|,totals,Under,2.5,,2.0,1.9286,"[""Bet365"", ""Unibet"", ""Betfair Exchange"", ""Sbobet"", ""1xbet"", ""bzzoiro-consensus""]","[""odds_api_io"", ""bzzoiro""]",7,3.476,
soccer|belgium|croatia|2026-06-02,btts|yes||,btts,Yes,,,1.76,1.6789,"[""Bet365"", ""Unibet"", ""Betfair Exchange"", ""oddssafari-consensus"", ""1xbet"", ""betano"", ""pinnacle"", ""interwetten"", ""unibet"", ""novibet"", ""bwin"", ""sportingbet"", ""betway"", ""888sport"", ""william-hill"", ""bet365"", ""betsson"", ""marathon"", ""bzzoiro"", ""bzzoiro-consensus""]","[""odds_api_io"", ""bzzoiro""]",20,5.682,
soccer|belgium|croatia|2026-06-02,btts|no||,btts,No,,,2.26,2.1009,"[""Bet365"", ""Unibet"", ""Betfair Exchange"", ""oddssafari-consensus"", ""1xbet"", ""betano"", ""pinnacle"", ""interwetten"", ""unibet"", ""novibet"", ""bwin"", ""sportingbet"", ""betway"", ""888sport"", ""william-hill"", ""bet365"", ""betsson"", ""marathon"", ""bzzoiro"", ""bzzoiro-consensus""]","[""odds_api_io"", ""bzzoiro""]",20,5.752,
soccer|belgium|croatia|2026-06-02,spreads|croatia|1.00|home,spreads,Croatia,1.0,home,1.56,1.3821,"[""Bet365"", ""Unibet"", ""Betfair Exchange""]","[""odds_api_io""]",5,17.865,
soccer|belgium|croatia|2026-06-02,spreads|belgium|1.00|away,spreads,Belgium,1.0,away,5.0,1.9205,"[""Bet365"", ""Unibet"", ""Betfair Exchange""]","[""odds_api_io""]",5,60.645,
soccer|belgium|croatia|2026-06-02,spreads|croatia|3.00|home,spreads,Croatia,3.0,home,1.23,1.0737,"[""Bet365"", ""Unibet"", ""Betfair Exchange""]","[""odds_api_io""]",4,17.709,
soccer|belgium|croatia|2026-06-02,teamTotals|over|4.50|,teamTotals,Over,4.5,,34.0,34.0,"[""Bet365""]","[""odds_api_io""]",1,,
soccer|belgium|croatia|2026-06-02,teamTotals|under|4.50|,teamTotals,Under,4.5,,1.005,1.005,"[""Bet365""]","[""odds_api_io""]",1,,
soccer|belgium|croatia|2026-06-02,teamTotals|over|0.50|,teamTotals,Over,0.5,,1.25,1.2401,"[""Bet365"", ""Unibet""]","[""odds_api_io""]",3,1.301,
soccer|belgium|croatia|2026-06-02,teamTotals|under|0.50|,teamTotals,Under,0.5,,3.75,3.6159,"[""Bet365"", ""Unibet""]","[""odds_api_io""]",3,1.905,
soccer|belgium|croatia|2026-06-02,teamTotals|over|1.50|,teamTotals,Over,1.5,,2.3,2.2439,"[""Bet365"", ""Unibet""]","[""odds_api_io""]",4,1.976,
soccer|belgium|croatia|2026-06-02,teamTotals|under|1.50|,teamTotals,Under,1.5,,1.615,1.574,"[""Bet365"", ""Unibet""]","[""odds_api_io""]",4,3.016,
soccer|belgium|croatia|2026-06-02,teamTotals|over|2.50|,teamTotals,Over,2.5,,5.5,5.1925,"[""Bet365"", ""Unibet""]","[""odds_api_io""]",4,1.818,
soccer|belgium|croatia|2026-06-02,teamTotals|under|2.50|,teamTotals,Under,2.5,,1.166,1.1346,"[""Bet365"", ""Unibet""]","[""odds_api_io""]",4,4.327,
soccer|belgium|croatia|2026-06-02,teamTotals|over|3.50|,teamTotals,Over,3.5,,15.0,13.3246,"[""Bet365"", ""Unibet""]","[""odds_api_io""]",4,1.333,
soccer|belgium|croatia|2026-06-02,teamTotals|under|3.50|,teamTotals,Under,3.5,,1.04,1.035,"[""Bet365""]","[""odds_api_io""]",2,0.934,
soccer|belgium|croatia|2026-06-02,spreads|croatia|-0.75|home,spreads,Croatia,-0.75,home,3.41,3.1956,"[""Bet365"", ""Betfair Exchange""]","[""odds_api_io""]",2,4.008,
soccer|belgium|croatia|2026-06-02,spreads|belgium|0.75|away,spreads,Belgium,0.75,away,3.0,1.8966,"[""Bet365"", ""Betfair Exchange""]","[""odds_api_io""]",2,38.095,
soccer|belgium|croatia|2026-06-02,spreads|croatia|0.75|home,spreads,Croatia,0.75,home,1.39,1.3826,"[""Bet365"", ""Betfair Exchange""]","[""odds_api_io""]",2,0.785,
soccer|belgium|croatia|2026-06-02,spreads|belgium|-0.75|away,spreads,Belgium,-0.75,away,3.42,1.9767,"[""Bet365"", ""Betfair Exchange""]","[""odds_api_io""]",2,43.488,
soccer|belgium|croatia|2026-06-02,spreads|croatia|-1.75|home,spreads,Croatia,-1.75,home,8.48,7.5628,"[""Bet365"", ""Betfair Exchange""]","[""odds_api_io""]",2,2.913,
soccer|belgium|croatia|2026-06-02,spreads|belgium|1.75|away,spreads,Belgium,1.75,away,6.6,1.8906,"[""Bet365"", ""Betfair Exchange""]","[""odds_api_io""]",2,74.134,
soccer|belgium|croatia|2026-06-02,spreads|croatia|-1.50|home,spreads,Croatia,-1.5,home,6.0,5.6068,"[""Bet365"", ""Betfair Exchange""]","[""odds_api_io""]",2,2.381,
soccer|belgium|croatia|2026-06-02,spreads|belgium|1.50|away,spreads,Belgium,1.5,away,5.0,1.8882,"[""Bet365"", ""Betfair Exchange""]","[""odds_api_io""]",2,64.746,
soccer|belgium|croatia|2026-06-02,spreads|croatia|-1.25|home,spreads,Croatia,-1.25,home,5.41,4.9214,"[""Bet365"", ""Betfair Exchange""]","[""odds_api_io""]",2,3.738,
soccer|belgium|croatia|2026-06-02,spreads|belgium|1.25|away,spreads,Belgium,1.25,away,4.4,1.8663,"[""Bet365"", ""Betfair Exchange""]","[""odds_api_io""]",2,60.606,
soccer|belgium|croatia|2026-06-02,spreads|croatia|-1.00|home,spreads,Croatia,-1.0,home,6.0,4.8418,"[""Bet365"", ""Unibet"", ""Betfair Exchange""]","[""odds_api_io""]",4,7.43,
soccer|belgium|croatia|2026-06-02,spreads|croatia|-0.50|home,spreads,Croatia,-0.5,home,2.76,2.5063,"[""Bet365"", ""Unibet"", ""Betfair Exchange""]","[""odds_api_io""]",4,5.785,
soccer|belgium|croatia|2026-06-02,spreads|belgium|0.50|away,spreads,Belgium,0.5,away,2.425,1.7416,"[""Bet365"", ""Unibet"", ""Betfair Exchange""]","[""odds_api_io""]",3,25.877,
soccer|belgium|croatia|2026-06-02,spreads|croatia|-0.25|home,spreads,Croatia,-0.25,home,2.37,2.2723,"[""Bet365"", ""Betfair Exchange"", ""Sbobet""]","[""odds_api_io""]",3,3.26,
soccer|belgium|croatia|2026-06-02,spreads|belgium|0.25|away,spreads,Belgium,0.25,away,2.15,1.8101,"[""Bet365"", ""Betfair Exchange"", ""Sbobet""]","[""odds_api_io""]",3,14.464,
soccer|belgium|croatia|2026-06-02,spreads|croatia|0.25|home,spreads,Croatia,0.25,home,1.71,1.6645,"[""Bet365"", ""Betfair Exchange"", ""Sbobet""]","[""odds_api_io""]",3,3.632,
soccer|belgium|croatia|2026-06-02,spreads|belgium|-0.25|away,spreads,Belgium,-0.25,away,2.38,2.0542,"[""Bet365"", ""Betfair Exchange"", ""Sbobet""]","[""odds_api_io""]",3,18.589,
soccer|belgium|croatia|2026-06-02,spreads|croatia|0.50|home,spreads,Croatia,0.5,home,1.56,1.5426,"[""Bet365"", ""Betfair Exchange""]","[""odds_api_io""]",2,1.471,
soccer|belgium|croatia|2026-06-02,spreads|belgium|-0.50|away,spreads,Belgium,-0.5,away,2.76,2.0772,"[""Bet365"", ""Unibet"", ""Betfair Exchange""]","[""odds_api_io""]",3,30.435,
soccer|belgium|croatia|2026-06-02,spreads|belgium|-1.00|away,spreads,Belgium,-1.0,away,6.0,2.8982,"[""Bet365"", ""Unibet"", ""Betfair Exchange""]","[""odds_api_io""]",4,65.301,
soccer|belgium|croatia|2026-06-02,spreads|croatia|1.25|home,spreads,Croatia,1.25,home,1.2,1.1949,"[""Bet365"", ""Betfair Exchange""]","[""odds_api_io""]",2,0.7,
soccer|belgium|croatia|2026-06-02,spreads|belgium|-1.25|away,spreads,Belgium,-1.25,away,5.45,1.9765,"[""Bet365"", ""Betfair Exchange""]","[""odds_api_io""]",2,65.685,
soccer|belgium|croatia|2026-06-02,spreads|croatia|1.50|home,spreads,Croatia,1.5,home,1.17,1.17,"[""Bet365"", ""Betfair Exchange""]","[""odds_api_io""]",2,,
soccer|belgium|croatia|2026-06-02,spreads|belgium|-1.50|away,spreads,Belgium,-1.5,away,6.03,1.97,"[""Bet365"", ""Betfair Exchange""]","[""odds_api_io""]",2,69.623,
soccer|belgium|croatia|2026-06-02,spreads|croatia|1.75|home,spreads,Croatia,1.75,home,1.11,1.11,"[""Bet365"", ""Betfair Exchange""]","[""odds_api_io""]",2,,
soccer|belgium|croatia|2026-06-02,spreads|belgium|-1.75|away,spreads,Belgium,-1.75,away,8.39,1.9804,"[""Bet365"", ""Betfair Exchange""]","[""odds_api_io""]",2,78.579,
soccer|belgium|croatia|2026-06-02,doubleChance|1x||,doubleChance,1X,,,1.56,1.412,"[""Unibet"", ""Betfair Exchange""]","[""odds_api_io""]",2,14.022,
soccer|belgium|croatia|2026-06-02,doubleChance|12||,doubleChance,12,,,1.55,1.4565,"[""Unibet"", ""Betfair Exchange""]","[""odds_api_io""]",2,7.948,
soccer|belgium|croatia|2026-06-02,doubleChance|x2||,doubleChance,X2,,,1.56,1.435,"[""Unibet"", ""Betfair Exchange""]","[""odds_api_io""]",2,11.655,
soccer|belgium|croatia|2026-06-02,totals|over|5.50|,totals,Over,5.5,,18.0,14.5216,"[""Unibet"", ""Betfair Exchange""]","[""odds_api_io""]",2,2.778,
soccer|belgium|croatia|2026-06-02,totals|under|5.50|,totals,Under,5.5,,1.05,1.0304,"[""Unibet"", ""Betfair Exchange""]","[""odds_api_io""]",2,3.772,
soccer|belgium|croatia|2026-06-02,totals|over|3.50|,totals,Over,3.5,,3.5,3.2616,"[""Unibet"", ""Betfair Exchange"", ""bet365"", ""bzzoiro-consensus""]","[""odds_api_io"", ""bzzoiro""]",4,4.215,
soccer|belgium|croatia|2026-06-02,totals|under|3.50|,totals,Under,3.5,,1.39,1.354,"[""Unibet"", ""Betfair Exchange"", ""bzzoiro-consensus""]","[""odds_api_io"", ""bzzoiro""]",3,3.246,
soccer|belgium|croatia|2026-06-02,totals|over|1.50|,totals,Over,1.5,,1.31,1.2703,"[""Unibet"", ""Betfair Exchange"", ""bzzoiro-consensus""]","[""odds_api_io"", ""bzzoiro""]",3,4.965,
soccer|belgium|croatia|2026-06-02,totals|under|1.50|,totals,Under,1.5,,4.2,3.857,"[""Unibet"", ""Betfair Exchange"", ""betway"", ""bzzoiro-consensus""]","[""odds_api_io"", ""bzzoiro""]",4,4.519,
soccer|belgium|croatia|2026-06-02,totals|over|6.50|,totals,Over,6.5,,42.0,31.6798,"[""Unibet"", ""Betfair Exchange""]","[""odds_api_io""]",2,1.619,
soccer|belgium|croatia|2026-06-02,totals|over|0.50|,totals,Over,0.5,,1.07,1.0404,"[""Unibet"", ""Betfair Exchange""]","[""odds_api_io""]",2,5.552,
soccer|belgium|croatia|2026-06-02,totals|under|0.50|,totals,Under,0.5,,14.5,12.8892,"[""Unibet"", ""Betfair Exchange""]","[""odds_api_io""]",2,1.799,
soccer|belgium|croatia|2026-06-02,totals|over|4.50|,totals,Over,4.5,,7.4,6.5362,"[""Unibet"", ""Betfair Exchange""]","[""odds_api_io""]",2,3.728,
soccer|belgium|croatia|2026-06-02,totals|under|4.50|,totals,Under,4.5,,1.15,1.1255,"[""Unibet"", ""Betfair Exchange""]","[""odds_api_io""]",2,3.953,
soccer|belgium|croatia|2026-06-02,spreads|croatia|-2.00|home,spreads,Croatia,-2.0,home,17.5,14.2868,"[""Unibet"", ""Betfair Exchange""]","[""odds_api_io""]",3,3.377,
soccer|belgium|croatia|2026-06-02,spreads|belgium|2.00|away,spreads,Belgium,2.0,away,1.18,1.1201,"[""Unibet"", ""Betfair Exchange""]","[""odds_api_io""]",3,10.492,
soccer|belgium|croatia|2026-06-02,spreads|croatia|2.00|home,spreads,Croatia,2.0,home,1.17,1.1109,"[""Unibet"", ""Betfair Exchange""]","[""odds_api_io""]",3,9.768,
soccer|belgium|croatia|2026-06-02,spreads|belgium|-2.00|away,spreads,Belgium,-2.0,away,16.5,14.2995,"[""Unibet"", ""Betfair Exchange""]","[""odds_api_io""]",3,2.273,
soccer|belgium|croatia|2026-06-02,spreads|croatia|-4.00|home,spreads,Croatia,-4.0,home,4.8,4.8,"[""Unibet""]","[""odds_api_io""]",1,,
soccer|belgium|croatia|2026-06-02,spreads|belgium|4.00|away,spreads,Belgium,4.0,away,1.19,1.19,"[""Unibet""]","[""odds_api_io""]",1,,
soccer|belgium|croatia|2026-06-02,spreads|croatia|-3.00|home,spreads,Croatia,-3.0,home,60.0,10.0861,"[""Unibet"", ""Betfair Exchange""]","[""odds_api_io""]",3,26.111,
soccer|belgium|croatia|2026-06-02,spreads|belgium|3.00|away,spreads,Belgium,3.0,away,1.3,1.1018,"[""Unibet"", ""Betfair Exchange""]","[""odds_api_io""]",3,22.087,
soccer|belgium|croatia|2026-06-02,spreads|belgium|-3.00|away,spreads,Belgium,-3.0,away,55.0,11.6308,"[""Unibet"", ""Betfair Exchange""]","[""odds_api_io""]",3,21.438,
soccer|belgium|croatia|2026-06-02,spreads|croatia|4.00|home,spreads,Croatia,4.0,home,1.14,1.14,"[""Unibet""]","[""odds_api_io""]",1,,
soccer|belgium|croatia|2026-06-02,spreads|belgium|-4.00|away,spreads,Belgium,-4.0,away,5.75,5.75,"[""Unibet""]","[""odds_api_io""]",1,,
soccer|belgium|croatia|2026-06-02,spreads|belgium|-0.00|away,spreads,Belgium,-0.0,away,1.99,1.955,"[""Betfair Exchange"", ""Sbobet""]","[""odds_api_io""]",2,1.832,
soccer|belgium|croatia|2026-06-02,spreads|croatia|-2.25|home,spreads,Croatia,-2.25,home,16.69,16.69,"[""Betfair Exchange""]","[""odds_api_io""]",1,,
soccer|belgium|croatia|2026-06-02,spreads|belgium|2.25|away,spreads,Belgium,2.25,away,1.05,1.05,"[""Betfair Exchange""]","[""odds_api_io""]",1,,
soccer|belgium|croatia|2026-06-02,spreads|croatia|-2.75|home,spreads,Croatia,-2.75,home,26.75,26.75,"[""Betfair Exchange""]","[""odds_api_io""]",1,,
soccer|belgium|croatia|2026-06-02,spreads|belgium|2.75|away,spreads,Belgium,2.75,away,1.03,1.03,"[""Betfair Exchange""]","[""odds_api_io""]",1,,
soccer|belgium|croatia|2026-06-02,spreads|croatia|-2.50|home,spreads,Croatia,-2.5,home,17.66,17.66,"[""Betfair Exchange""]","[""odds_api_io""]",1,,
soccer|belgium|croatia|2026-06-02,spreads|belgium|2.50|away,spreads,Belgium,2.5,away,1.05,1.05,"[""Betfair Exchange""]","[""odds_api_io""]",1,,
soccer|belgium|croatia|2026-06-02,spreads|croatia|-3.50|home,spreads,Croatia,-3.5,home,60.0,60.0,"[""Betfair Exchange""]","[""odds_api_io""]",1,,
soccer|belgium|croatia|2026-06-02,spreads|belgium|3.50|away,spreads,Belgium,3.5,away,1.01,1.01,"[""Betfair Exchange""]","[""odds_api_io""]",1,,
soccer|belgium|croatia|2026-06-02,spreads|croatia|-3.25|home,spreads,Croatia,-3.25,home,58.82,58.82,"[""Betfair Exchange""]","[""odds_api_io""]",1,,
soccer|belgium|croatia|2026-06-02,spreads|belgium|3.25|away,spreads,Belgium,3.25,away,1.01,1.01,"[""Betfair Exchange""]","[""odds_api_io""]",1,,
soccer|belgium|croatia|2026-06-02,spreads|croatia|3.25|home,spreads,Croatia,3.25,home,1.01,1.01,"[""Betfair Exchange""]","[""odds_api_io""]",1,,
soccer|belgium|croatia|2026-06-02,spreads|belgium|-3.25|away,spreads,Belgium,-3.25,away,53.85,53.85,"[""Betfair Exchange""]","[""odds_api_io""]",1,,
soccer|belgium|croatia|2026-06-02,spreads|croatia|2.75|home,spreads,Croatia,2.75,home,1.03,1.03,"[""Betfair Exchange""]","[""odds_api_io""]",1,,
soccer|belgium|croatia|2026-06-02,spreads|belgium|-2.75|away,spreads,Belgium,-2.75,away,25.09,25.09,"[""Betfair Exchange""]","[""odds_api_io""]",1,,
soccer|belgium|croatia|2026-06-02,spreads|croatia|3.50|home,spreads,Croatia,3.5,home,1.01,1.01,"[""Betfair Exchange""]","[""odds_api_io""]",1,,
soccer|belgium|croatia|2026-06-02,spreads|belgium|-3.50|away,spreads,Belgium,-3.5,away,55.0,55.0,"[""Betfair Exchange""]","[""odds_api_io""]",1,,
soccer|belgium|croatia|2026-06-02,spreads|croatia|2.25|home,spreads,Croatia,2.25,home,1.05,1.05,"[""Betfair Exchange""]","[""odds_api_io""]",1,,
soccer|belgium|croatia|2026-06-02,spreads|belgium|-2.25|away,spreads,Belgium,-2.25,away,15.82,15.82,"[""Betfair Exchange""]","[""odds_api_io""]",1,,
soccer|belgium|croatia|2026-06-02,spreads|croatia|2.50|home,spreads,Croatia,2.5,home,1.05,1.05,"[""Betfair Exchange""]","[""odds_api_io""]",1,,
soccer|belgium|croatia|2026-06-02,spreads|belgium|-2.50|away,spreads,Belgium,-2.5,away,16.7,16.7,"[""Betfair Exchange""]","[""odds_api_io""]",1,,
soccer|belgium|croatia|2026-06-02,totals|over|2.75|,totals,Over,2.75,,2.27,2.199,"[""Betfair Exchange"", ""Sbobet""]","[""odds_api_io""]",2,2.895,
soccer|belgium|croatia|2026-06-02,totals|under|2.75|,totals,Under,2.75,,1.71,1.7051,"[""Betfair Exchange"", ""Sbobet""]","[""odds_api_io""]",2,0.344,
soccer|belgium|croatia|2026-06-02,totals|over|2.25|,totals,Over,2.25,,1.73,1.6794,"[""Betfair Exchange"", ""Sbobet""]","[""odds_api_io""]",2,3.546,
soccer|belgium|croatia|2026-06-02,totals|under|2.25|,totals,Under,2.25,,2.3,2.2651,"[""Betfair Exchange"", ""Sbobet""]","[""odds_api_io""]",2,1.365,
soccer|belgium|croatia|2026-06-02,totals|over|1.75|,totals,Over,1.75,,1.37,1.37,"[""Betfair Exchange""]","[""odds_api_io""]",1,,
soccer|belgium|croatia|2026-06-02,totals|under|1.75|,totals,Under,1.75,,3.41,3.41,"[""Betfair Exchange""]","[""odds_api_io""]",1,,
soccer|belgium|croatia|2026-06-02,totals|over|3.25|,totals,Over,3.25,,3.12,3.12,"[""Betfair Exchange""]","[""odds_api_io""]",1,,
soccer|belgium|croatia|2026-06-02,totals|under|3.25|,totals,Under,3.25,,1.45,1.45,"[""Betfair Exchange""]","[""odds_api_io""]",1,,
soccer|belgium|croatia|2026-06-02,totals|over|2.00|,totals,Over,2.0,,1.47,1.47,"[""Betfair Exchange""]","[""odds_api_io""]",1,,
soccer|belgium|croatia|2026-06-02,totals|under|2.00|,totals,Under,2.0,,2.94,2.94,"[""Betfair Exchange""]","[""odds_api_io""]",1,,
soccer|belgium|croatia|2026-06-02,totals|over|3.00|,totals,Over,3.0,,2.75,2.75,"[""Betfair Exchange""]","[""odds_api_io""]",1,,
soccer|belgium|croatia|2026-06-02,totals|under|3.00|,totals,Under,3.0,,1.54,1.54,"[""Betfair Exchange""]","[""odds_api_io""]",1,,
soccer|belgium|croatia|2026-06-02,totals|over|4.00|,totals,Over,4.0,,6.28,6.28,"[""Betfair Exchange""]","[""odds_api_io""]",1,,
soccer|belgium|croatia|2026-06-02,totals|under|4.00|,totals,Under,4.0,,1.17,1.17,"[""Betfair Exchange""]","[""odds_api_io""]",1,,
soccer|belgium|croatia|2026-06-02,totals|over|3.75|,totals,Over,3.75,,4.39,4.39,"[""Betfair Exchange""]","[""odds_api_io""]",1,,
soccer|belgium|croatia|2026-06-02,totals|under|3.75|,totals,Under,3.75,,1.26,1.26,"[""Betfair Exchange""]","[""odds_api_io""]",1,,
soccer|belgium|croatia|2026-06-02,totals|over|1.00|,totals,Over,1.0,,1.08,1.08,"[""Betfair Exchange""]","[""odds_api_io""]",1,,
soccer|belgium|croatia|2026-06-02,totals|under|1.00|,totals,Under,1.0,,9.41,9.41,"[""Betfair Exchange""]","[""odds_api_io""]",1,,
soccer|belgium|croatia|2026-06-02,totals|over|1.25|,totals,Over,1.25,,1.2,1.2,"[""Betfair Exchange""]","[""odds_api_io""]",1,,
soccer|belgium|croatia|2026-06-02,totals|under|1.25|,totals,Under,1.25,,5.36,5.36,"[""Betfair Exchange""]","[""odds_api_io""]",1,,
soccer|belgium|croatia|2026-06-02,totals|over|0.75|,totals,Over,0.75,,1.07,1.07,"[""Betfair Exchange""]","[""odds_api_io""]",1,,
soccer|belgium|croatia|2026-06-02,totals|under|0.75|,totals,Under,0.75,,10.34,10.34,"[""Betfair Exchange""]","[""odds_api_io""]",1,,
soccer|belgium|croatia|2026-06-02,totals|over|6.25|,totals,Over,6.25,,41.33,41.33,"[""Betfair Exchange""]","[""odds_api_io""]",1,,
soccer|belgium|croatia|2026-06-02,totals|under|6.25|,totals,Under,6.25,,1.01,1.01,"[""Betfair Exchange""]","[""odds_api_io""]",1,,
soccer|belgium|croatia|2026-06-02,totals|over|5.75|,totals,Over,5.75,,24.79,24.79,"[""Betfair Exchange""]","[""odds_api_io""]",1,,
soccer|belgium|croatia|2026-06-02,totals|under|5.75|,totals,Under,5.75,,1.01,1.01,"[""Betfair Exchange""]","[""odds_api_io""]",1,,
soccer|belgium|croatia|2026-06-02,totals|over|6.75|,totals,Over,6.75,,61.74,61.74,"[""Betfair Exchange""]","[""odds_api_io""]",1,,
soccer|belgium|croatia|2026-06-02,totals|under|6.75|,totals,Under,6.75,,1.01,1.01,"[""Betfair Exchange""]","[""odds_api_io""]",1,,
soccer|belgium|croatia|2026-06-02,totals|under|6.50|,totals,Under,6.5,,1.01,1.01,"[""Betfair Exchange""]","[""odds_api_io""]",1,,
soccer|belgium|croatia|2026-06-02,totals|over|6.00|,totals,Over,6.0,,40.66,40.66,"[""Betfair Exchange""]","[""odds_api_io""]",1,,
soccer|belgium|croatia|2026-06-02,totals|under|6.00|,totals,Under,6.0,,1.01,1.01,"[""Betfair Exchange""]","[""odds_api_io""]",1,,
soccer|belgium|croatia|2026-06-02,totals|over|4.75|,totals,Over,4.75,,10.07,10.07,"[""Betfair Exchange""]","[""odds_api_io""]",1,,
soccer|belgium|croatia|2026-06-02,totals|under|4.75|,totals,Under,4.75,,1.09,1.09,"[""Betfair Exchange""]","[""odds_api_io""]",1,,
soccer|belgium|croatia|2026-06-02,totals|over|5.00|,totals,Over,5.0,,16.56,16.56,"[""Betfair Exchange""]","[""odds_api_io""]",1,,
soccer|belgium|croatia|2026-06-02,totals|under|5.00|,totals,Under,5.0,,1.05,1.05,"[""Betfair Exchange""]","[""odds_api_io""]",1,,
soccer|belgium|croatia|2026-06-02,totals|over|5.25|,totals,Over,5.25,,17.28,17.28,"[""Betfair Exchange""]","[""odds_api_io""]",1,,
soccer|belgium|croatia|2026-06-02,totals|under|5.25|,totals,Under,5.25,,1.05,1.05,"[""Betfair Exchange""]","[""odds_api_io""]",1,,
soccer|belgium|croatia|2026-06-02,totals|over|4.25|,totals,Over,4.25,,6.84,6.84,"[""Betfair Exchange""]","[""odds_api_io""]",1,,
soccer|belgium|croatia|2026-06-02,totals|under|4.25|,totals,Under,4.25,,1.16,1.16,"[""Betfair Exchange""]","[""odds_api_io""]",1,,
soccer|belgium|croatia|2026-06-02,totals|over|25.00|,totals,Over,25.0,,1.96,1.9236,"[""1xbet"", ""over@2.5""]","[""bzzoiro""]",2,1.89,
soccer|belgium|croatia|2026-06-02,totals|under|25.00|,totals,Under,25.0,,1.96,1.913,"[""1xbet"", ""under@2.5""]","[""bzzoiro""]",2,2.456,
soccer|belgium|croatia|2026-06-02,totals|under|15.00|,totals,Under,15.0,,4.2,3.836,"[""betway"", ""under@1.5""]","[""bzzoiro""]",2,4.519,
soccer|belgium|croatia|2026-06-02,totals|over|35.00|,totals,Over,35.0,,3.4,3.2541,"[""bet365"", ""over@3.5""]","[""bzzoiro""]",2,2.743,
soccer|belgium|croatia|2026-06-02,totals|over|15.00|,totals,Over,15.0,,1.27,1.27,"[""over@1.5""]","[""bzzoiro""]",1,,
soccer|belgium|croatia|2026-06-02,totals|under|35.00|,totals,Under,35.0,,1.34,1.34,"[""under@3.5""]","[""bzzoiro""]",1,,
soccer|belgium|croatia|2026-06-02,totals|over||,totals,Over,,,14.75,1.9906,"[""over@0.5"", ""over@4.5"", ""over@5.5"", ""over@6.5"", ""over@7.5"", ""over@8.5"", ""over@9.0"", ""over@9.5"", ""over@10.0"", ""over@10.5"", ""over@11.5"", ""over@12.5"", ""over@13.5"", ""over@14.5"", ""over@15.5"", ""over@16.5"", ""over@8.0"", ""over@3.5""]","[""bzzoiro""]",18,93.12,
soccer|belgium|croatia|2026-06-02,totals|under||,totals,Under,,,15.5,1.7519,"[""under@0.5"", ""under@4.5"", ""under@5.5"", ""under@6.5"", ""under@7.5"", ""under@8.5"", ""under@9.0"", ""under@9.5"", ""under@10.0"", ""under@10.5"", ""under@11.5"", ""under@12.5"", ""under@13.5"", ""under@14.5"", ""under@15.5"", ""under@8.0"", ""under@3.5"", ""under@16.5""]","[""bzzoiro""]",18,93.448,
soccer|martin ledesma|sportivo iteno|2026-06-02,h2h|sportivo iteno||home,h2h,Sportivo Iteno,,home,3.5,3.1016,"[""Bet365"", ""Unibet"", ""Betfair Exchange""]","[""odds_api_io""]",3,6.516,
soccer|martin ledesma|sportivo iteno|2026-06-02,h2h|draw||,h2h,Draw,,,3.3,3.1648,"[""Bet365"", ""Unibet"", ""Betfair Exchange""]","[""odds_api_io""]",3,3.03,
soccer|martin ledesma|sportivo iteno|2026-06-02,h2h|martin ledesma||away,h2h,Martin Ledesma,,away,2.34,2.2545,"[""Bet365"", ""Unibet"", ""Betfair Exchange""]","[""odds_api_io""]",3,3.777,
soccer|martin ledesma|sportivo iteno|2026-06-02,dnb|sportivo iteno|0.00|home,dnb,Sportivo Iteno,0.0,home,2.42,2.3068,"[""Bet365"", ""Betfair Exchange""]","[""odds_api_io""]",2,4.132,
soccer|martin ledesma|sportivo iteno|2026-06-02,dnb|martin ledesma|0.00|away,dnb,Martin Ledesma,0.0,away,1.62,1.6175,"[""Bet365"", ""Betfair Exchange""]","[""odds_api_io""]",2,0.191,
soccer|martin ledesma|sportivo iteno|2026-06-02,spreads|sportivo iteno|0.25|home,spreads,Sportivo Iteno,0.25,home,1.92,1.8976,"[""Bet365"", ""Betfair Exchange""]","[""odds_api_io""]",2,1.25,
soccer|martin ledesma|sportivo iteno|2026-06-02,spreads|martin ledesma|-0.25|away,spreads,Martin Ledesma,-0.25,away,1.98,1.9526,"[""Bet365"", ""Betfair Exchange""]","[""odds_api_io""]",2,1.443,
soccer|martin ledesma|sportivo iteno|2026-06-02,totals|over|2.25|,totals,Over,2.25,,2.04,2.0202,"[""Bet365"", ""Betfair Exchange""]","[""odds_api_io""]",2,0.98,
soccer|martin ledesma|sportivo iteno|2026-06-02,totals|under|2.25|,totals,Under,2.25,,1.87,1.835,"[""Bet365"", ""Betfair Exchange""]","[""odds_api_io""]",2,2.08,
soccer|martin ledesma|sportivo iteno|2026-06-02,totals|over|2.50|,totals,Over,2.5,,2.36,2.1942,"[""Bet365"", ""Unibet"", ""Betfair Exchange""]","[""odds_api_io""]",3,5.704,
soccer|martin ledesma|sportivo iteno|2026-06-02,totals|under|2.50|,totals,Under,2.5,,1.69,1.6558,"[""Bet365"", ""Unibet"", ""Betfair Exchange""]","[""odds_api_io""]",3,2.94,
soccer|martin ledesma|sportivo iteno|2026-06-02,spreads|sportivo iteno|-1.50|home,spreads,Sportivo Iteno,-1.5,home,8.89,7.1899,"[""Bet365"", ""Betfair Exchange""]","[""odds_api_io""]",2,5.418,
soccer|martin ledesma|sportivo iteno|2026-06-02,spreads|martin ledesma|1.50|away,spreads,Martin Ledesma,1.5,away,4.15,1.6959,"[""Bet365"", ""Betfair Exchange""]","[""odds_api_io""]",2,68.496,
soccer|martin ledesma|sportivo iteno|2026-06-02,spreads|sportivo iteno|-1.25|home,spreads,Sportivo Iteno,-1.25,home,8.25,6.7989,"[""Bet365"", ""Betfair Exchange""]","[""odds_api_io""]",2,5.27,
soccer|martin ledesma|sportivo iteno|2026-06-02,spreads|martin ledesma|1.25|away,spreads,Martin Ledesma,1.25,away,3.8,1.6772,"[""Bet365"", ""Betfair Exchange""]","[""odds_api_io""]",2,65.427,
soccer|martin ledesma|sportivo iteno|2026-06-02,spreads|sportivo iteno|-1.00|home,spreads,Sportivo Iteno,-1.0,home,8.8,6.8834,"[""Bet365"", ""Betfair Exchange""]","[""odds_api_io""]",3,7.684,
soccer|martin ledesma|sportivo iteno|2026-06-02,spreads|martin ledesma|1.00|away,spreads,Martin Ledesma,1.0,away,3.45,1.5474,"[""Bet365"", ""Betfair Exchange""]","[""odds_api_io""]",3,61.105,
soccer|martin ledesma|sportivo iteno|2026-06-02,spreads|sportivo iteno|-0.75|home,spreads,Sportivo Iteno,-0.75,home,4.61,4.0206,"[""Bet365"", ""Betfair Exchange""]","[""odds_api_io""]",2,6.477,
soccer|martin ledesma|sportivo iteno|2026-06-02,spreads|martin ledesma|0.75|away,spreads,Martin Ledesma,0.75,away,2.6,1.6684,"[""Bet365"", ""Betfair Exchange""]","[""odds_api_io""]",2,42.184,
soccer|martin ledesma|sportivo iteno|2026-06-02,spreads|sportivo iteno|-0.50|home,spreads,Sportivo Iteno,-0.5,home,3.5,3.2353,"[""Bet365"", ""Betfair Exchange""]","[""odds_api_io""]",2,4.762,
soccer|martin ledesma|sportivo iteno|2026-06-02,spreads|martin ledesma|0.50|away,spreads,Martin Ledesma,0.5,away,2.25,1.6877,"[""Bet365"", ""Betfair Exchange""]","[""odds_api_io""]",2,29.085,
soccer|martin ledesma|sportivo iteno|2026-06-02,spreads|sportivo iteno|-0.25|home,spreads,Sportivo Iteno,-0.25,home,2.96,2.7148,"[""Bet365"", ""Betfair Exchange""]","[""odds_api_io""]",2,6.216,
soccer|martin ledesma|sportivo iteno|2026-06-02,spreads|martin ledesma|0.25|away,spreads,Martin Ledesma,0.25,away,1.5,1.4741,"[""Bet365"", ""Betfair Exchange""]","[""odds_api_io""]",2,2.299,
soccer|martin ledesma|sportivo iteno|2026-06-02,spreads|sportivo iteno|0.00|home,spreads,Sportivo Iteno,0.0,home,2.42,2.3068,"[""Bet365"", ""Betfair Exchange""]","[""odds_api_io""]",2,4.132,
soccer|martin ledesma|sportivo iteno|2026-06-02,spreads|martin ledesma|-0.00|away,spreads,Martin Ledesma,-0.0,away,1.65,1.6346,"[""Bet365"", ""Betfair Exchange""]","[""odds_api_io""]",2,1.122,
soccer|martin ledesma|sportivo iteno|2026-06-02,spreads|sportivo iteno|0.50|home,spreads,Sportivo Iteno,0.5,home,1.68,1.6525,"[""Bet365"", ""Betfair Exchange""]","[""odds_api_io""]",2,2.015,
soccer|martin ledesma|sportivo iteno|2026-06-02,spreads|martin ledesma|-0.50|away,spreads,Martin Ledesma,-0.5,away,2.34,1.7404,"[""Bet365"", ""Betfair Exchange""]","[""odds_api_io""]",2,29.992,
soccer|martin ledesma|sportivo iteno|2026-06-02,spreads|sportivo iteno|0.75|home,spreads,Sportivo Iteno,0.75,home,1.48,1.4775,"[""Bet365"", ""Betfair Exchange""]","[""odds_api_io""]",2,0.229,
soccer|martin ledesma|sportivo iteno|2026-06-02,spreads|martin ledesma|-0.75|away,spreads,Martin Ledesma,-0.75,away,2.86,1.7761,"[""Bet365"", ""Betfair Exchange""]","[""odds_api_io""]",2,43.466,
soccer|martin ledesma|sportivo iteno|2026-06-02,spreads|sportivo iteno|1.00|home,spreads,Sportivo Iteno,1.0,home,1.68,1.3954,"[""Bet365"", ""Betfair Exchange""]","[""odds_api_io""]",3,19.216,
soccer|martin ledesma|sportivo iteno|2026-06-02,spreads|martin ledesma|-1.00|away,spreads,Martin Ledesma,-1.0,away,5.1,2.3161,"[""Bet365"", ""Betfair Exchange""]","[""odds_api_io""]",3,66.599,
soccer|martin ledesma|sportivo iteno|2026-06-02,spreads|sportivo iteno|1.25|home,spreads,Sportivo Iteno,1.25,home,1.25,1.2397,"[""Bet365"", ""Betfair Exchange""]","[""odds_api_io""]",2,1.301,
soccer|martin ledesma|sportivo iteno|2026-06-02,spreads|martin ledesma|-1.25|away,spreads,Martin Ledesma,-1.25,away,4.57,1.8449,"[""Bet365"", ""Betfair Exchange""]","[""odds_api_io""]",2,65.837,
soccer|martin ledesma|sportivo iteno|2026-06-02,spreads|sportivo iteno|1.50|home,spreads,Sportivo Iteno,1.5,home,1.22,1.2045,"[""Bet365"", ""Betfair Exchange""]","[""odds_api_io""]",2,2.066,
soccer|martin ledesma|sportivo iteno|2026-06-02,spreads|martin ledesma|-1.50|away,spreads,Martin Ledesma,-1.5,away,5.16,1.8691,"[""Bet365"", ""Betfair Exchange""]","[""odds_api_io""]",2,69.509,
soccer|martin ledesma|sportivo iteno|2026-06-02,spreads|sportivo iteno|1.75|home,spreads,Sportivo Iteno,1.75,home,1.15,1.1345,"[""Bet365"", ""Betfair Exchange""]","[""odds_api_io""]",2,2.329,
soccer|martin ledesma|sportivo iteno|2026-06-02,spreads|martin ledesma|-1.75|away,spreads,Martin Ledesma,-1.75,away,6.95,6.1536,"[""Bet365"", ""Betfair Exchange""]","[""odds_api_io""]",2,3.793,
soccer|martin ledesma|sportivo iteno|2026-06-02,totals|over|1.50|,totals,Over,1.5,,1.44,1.3954,"[""Unibet"", ""Betfair Exchange""]","[""odds_api_io""]",2,4.63,
soccer|martin ledesma|sportivo iteno|2026-06-02,totals|under|1.50|,totals,Under,1.5,,3.0,2.9007,"[""Unibet"", ""Betfair Exchange""]","[""odds_api_io""]",2,2.381,
soccer|martin ledesma|sportivo iteno|2026-06-02,totals|over|3.50|,totals,Over,3.5,,4.6,4.1199,"[""Unibet"", ""Betfair Exchange""]","[""odds_api_io""]",2,5.288,
soccer|martin ledesma|sportivo iteno|2026-06-02,totals|under|3.50|,totals,Under,3.5,,1.24,1.2254,"[""Unibet"", ""Betfair Exchange""]","[""odds_api_io""]",2,1.999,
soccer|martin ledesma|sportivo iteno|2026-06-02,doubleChance|1x||,doubleChance,1X,,,1.68,1.68,"[""Betfair Exchange""]","[""odds_api_io""]",1,,
soccer|martin ledesma|sportivo iteno|2026-06-02,doubleChance|12||,doubleChance,12,,,1.42,1.42,"[""Betfair Exchange""]","[""odds_api_io""]",1,,
soccer|martin ledesma|sportivo iteno|2026-06-02,doubleChance|x2||,doubleChance,X2,,,1.36,1.36,"[""Betfair Exchange""]","[""odds_api_io""]",1,,
soccer|martin ledesma|sportivo iteno|2026-06-02,spreads|sportivo iteno|-1.75|home,spreads,Sportivo Iteno,-1.75,home,13.07,13.07,"[""Betfair Exchange""]","[""odds_api_io""]",1,,
soccer|martin ledesma|sportivo iteno|2026-06-02,spreads|martin ledesma|1.75|away,spreads,Martin Ledesma,1.75,away,1.05,1.05,"[""Betfair Exchange""]","[""odds_api_io""]",1,,
soccer|martin ledesma|sportivo iteno|2026-06-02,spreads|sportivo iteno|-2.50|home,spreads,Sportivo Iteno,-2.5,home,29.0,29.0,"[""Betfair Exchange""]","[""odds_api_io""]",1,,
soccer|martin ledesma|sportivo iteno|2026-06-02,spreads|martin ledesma|2.50|away,spreads,Martin Ledesma,2.5,away,1.02,1.02,"[""Betfair Exchange""]","[""odds_api_io""]",1,,
soccer|martin ledesma|sportivo iteno|2026-06-02,spreads|sportivo iteno|-2.00|home,spreads,Sportivo Iteno,-2.0,home,29.0,27.8404,"[""Betfair Exchange""]","[""odds_api_io""]",2,0.287,
soccer|martin ledesma|sportivo iteno|2026-06-02,spreads|martin ledesma|2.00|away,spreads,Martin Ledesma,2.0,away,1.08,1.0491,"[""Betfair Exchange""]","[""odds_api_io""]",2,5.447,
soccer|martin ledesma|sportivo iteno|2026-06-02,spreads|sportivo iteno|-2.75|home,spreads,Sportivo Iteno,-2.75,home,46.1,46.1,"[""Betfair Exchange""]","[""odds_api_io""]",1,,
soccer|martin ledesma|sportivo iteno|2026-06-02,spreads|martin ledesma|2.75|away,spreads,Martin Ledesma,2.75,away,1.01,1.01,"[""Betfair Exchange""]","[""odds_api_io""]",1,,
soccer|martin ledesma|sportivo iteno|2026-06-02,spreads|sportivo iteno|3.25|home,spreads,Sportivo Iteno,3.25,home,1.01,1.01,"[""Betfair Exchange""]","[""odds_api_io""]",1,,
soccer|martin ledesma|sportivo iteno|2026-06-02,spreads|martin ledesma|-3.25|away,spreads,Martin Ledesma,-3.25,away,42.8,42.8,"[""Betfair Exchange""]","[""odds_api_io""]",1,,
soccer|martin ledesma|sportivo iteno|2026-06-02,spreads|sportivo iteno|3.50|home,spreads,Sportivo Iteno,3.5,home,1.01,1.01,"[""Betfair Exchange""]","[""odds_api_io""]",1,,
soccer|martin ledesma|sportivo iteno|2026-06-02,spreads|martin ledesma|-3.50|away,spreads,Martin Ledesma,-3.5,away,44.0,44.0,"[""Betfair Exchange""]","[""odds_api_io""]",1,,
soccer|martin ledesma|sportivo iteno|2026-06-02,spreads|sportivo iteno|3.00|home,spreads,Sportivo Iteno,3.0,home,1.05,1.0296,"[""Betfair Exchange""]","[""odds_api_io""]",2,3.772,
soccer|martin ledesma|sportivo iteno|2026-06-02,spreads|martin ledesma|-3.00|away,spreads,Martin Ledesma,-3.0,away,44.0,42.7716,"[""Betfair Exchange""]","[""odds_api_io""]",2,0.131,
soccer|martin ledesma|sportivo iteno|2026-06-02,spreads|sportivo iteno|-2.25|home,spreads,Sportivo Iteno,-2.25,home,27.88,27.88,"[""Betfair Exchange""]","[""odds_api_io""]",1,,
soccer|martin ledesma|sportivo iteno|2026-06-02,spreads|martin ledesma|2.25|away,spreads,Martin Ledesma,2.25,away,1.02,1.02,"[""Betfair Exchange""]","[""odds_api_io""]",1,,
soccer|martin ledesma|sportivo iteno|2026-06-02,spreads|sportivo iteno|2.50|home,spreads,Sportivo Iteno,2.5,home,1.05,1.05,"[""Betfair Exchange""]","[""odds_api_io""]",1,,
soccer|martin ledesma|sportivo iteno|2026-06-02,spreads|martin ledesma|-2.50|away,spreads,Martin Ledesma,-2.5,away,12.84,12.84,"[""Betfair Exchange""]","[""odds_api_io""]",1,,
soccer|martin ledesma|sportivo iteno|2026-06-02,spreads|sportivo iteno|2.75|home,spreads,Sportivo Iteno,2.75,home,1.03,1.03,"[""Betfair Exchange""]","[""odds_api_io""]",1,,
soccer|martin ledesma|sportivo iteno|2026-06-02,spreads|martin ledesma|-2.75|away,spreads,Martin Ledesma,-2.75,away,19.5,19.5,"[""Betfair Exchange""]","[""odds_api_io""]",1,,
soccer|martin ledesma|sportivo iteno|2026-06-02,spreads|sportivo iteno|2.00|home,spreads,Sportivo Iteno,2.0,home,1.19,1.1212,"[""Betfair Exchange""]","[""odds_api_io""]",2,10.306,
soccer|martin ledesma|sportivo iteno|2026-06-02,spreads|martin ledesma|-2.00|away,spreads,Martin Ledesma,-2.0,away,12.5,11.9792,"[""Betfair Exchange""]","[""odds_api_io""]",2,0.696,
soccer|martin ledesma|sportivo iteno|2026-06-02,spreads|sportivo iteno|2.25|home,spreads,Sportivo Iteno,2.25,home,1.05,1.05,"[""Betfair Exchange""]","[""odds_api_io""]",1,,
soccer|martin ledesma|sportivo iteno|2026-06-02,spreads|martin ledesma|-2.25|away,spreads,Martin Ledesma,-2.25,away,12.23,12.23,"[""Betfair Exchange""]","[""odds_api_io""]",1,,
soccer|martin ledesma|sportivo iteno|2026-06-02,totals|over|3.75|,totals,Over,3.75,,6.07,6.07,"[""Betfair Exchange""]","[""odds_api_io""]",1,,
soccer|martin ledesma|sportivo iteno|2026-06-02,totals|under|3.75|,totals,Under,3.75,,1.15,1.15,"[""Betfair Exchange""]","[""odds_api_io""]",1,,
soccer|martin ledesma|sportivo iteno|2026-06-02,totals|over|6.25|,totals,Over,6.25,,93.67,93.67,"[""Betfair Exchange""]","[""odds_api_io""]",1,,
soccer|martin ledesma|sportivo iteno|2026-06-02,totals|under|6.25|,totals,Under,6.25,,1.01,1.01,"[""Betfair Exchange""]","[""odds_api_io""]",1,,
soccer|martin ledesma|sportivo iteno|2026-06-02,totals|over|5.25|,totals,Over,5.25,,25.31,25.31,"[""Betfair Exchange""]","[""odds_api_io""]",1,,
soccer|martin ledesma|sportivo iteno|2026-06-02,totals|under|5.25|,totals,Under,5.25,,1.02,1.02,"[""Betfair Exchange""]","[""odds_api_io""]",1,,
soccer|martin ledesma|sportivo iteno|2026-06-02,totals|over|4.75|,totals,Over,4.75,,14.53,14.53,"[""Betfair Exchange""]","[""odds_api_io""]",1,,
soccer|martin ledesma|sportivo iteno|2026-06-02,totals|under|4.75|,totals,Under,4.75,,1.05,1.05,"[""Betfair Exchange""]","[""odds_api_io""]",1,,
soccer|martin ledesma|sportivo iteno|2026-06-02,totals|over|3.25|,totals,Over,3.25,,4.12,4.12,"[""Betfair Exchange""]","[""odds_api_io""]",1,,
soccer|martin ledesma|sportivo iteno|2026-06-02,totals|under|3.25|,totals,Under,3.25,,1.27,1.27,"[""Betfair Exchange""]","[""odds_api_io""]",1,,
soccer|martin ledesma|sportivo iteno|2026-06-02,totals|over|5.00|,totals,Over,5.0,,24.79,24.79,"[""Betfair Exchange""]","[""odds_api_io""]",1,,
soccer|martin ledesma|sportivo iteno|2026-06-02,totals|under|5.00|,totals,Under,5.0,,1.02,1.02,"[""Betfair Exchange""]","[""odds_api_io""]",1,,
soccer|martin ledesma|sportivo iteno|2026-06-02,totals|over|6.50|,totals,Over,6.5,,95.0,95.0,"[""Betfair Exchange""]","[""odds_api_io""]",1,,
soccer|martin ledesma|sportivo iteno|2026-06-02,totals|under|6.50|,totals,Under,6.5,,1.01,1.01,"[""Betfair Exchange""]","[""odds_api_io""]",1,,
soccer|martin ledesma|sportivo iteno|2026-06-02,totals|over|5.50|,totals,Over,5.5,,26.0,26.0,"[""Betfair Exchange""]","[""odds_api_io""]",1,,
soccer|martin ledesma|sportivo iteno|2026-06-02,totals|under|5.50|,totals,Under,5.5,,1.02,1.02,"[""Betfair Exchange""]","[""odds_api_io""]",1,,
soccer|martin ledesma|sportivo iteno|2026-06-02,totals|over|5.75|,totals,Over,5.75,,64.5,64.5,"[""Betfair Exchange""]","[""odds_api_io""]",1,,
soccer|martin ledesma|sportivo iteno|2026-06-02,totals|under|5.75|,totals,Under,5.75,,1.01,1.01,"[""Betfair Exchange""]","[""odds_api_io""]",1,,
soccer|martin ledesma|sportivo iteno|2026-06-02,totals|over|0.50|,totals,Over,0.5,,1.1,1.1,"[""Betfair Exchange""]","[""odds_api_io""]",1,,
soccer|martin ledesma|sportivo iteno|2026-06-02,totals|under|0.50|,totals,Under,0.5,,9.0,9.0,"[""Betfair Exchange""]","[""odds_api_io""]",1,,
soccer|martin ledesma|sportivo iteno|2026-06-02,totals|over|1.25|,totals,Over,1.25,,1.29,1.29,"[""Betfair Exchange""]","[""odds_api_io""]",1,,
soccer|martin ledesma|sportivo iteno|2026-06-02,totals|under|1.25|,totals,Under,1.25,,3.95,3.95,"[""Betfair Exchange""]","[""odds_api_io""]",1,,
soccer|martin ledesma|sportivo iteno|2026-06-02,totals|over|4.00|,totals,Over,4.0,,9.21,9.21,"[""Betfair Exchange""]","[""odds_api_io""]",1,,
soccer|martin ledesma|sportivo iteno|2026-06-02,totals|under|4.00|,totals,Under,4.0,,1.1,1.1,"[""Betfair Exchange""]","[""odds_api_io""]",1,,
soccer|martin ledesma|sportivo iteno|2026-06-02,totals|over|6.00|,totals,Over,6.0,,92.34,92.34,"[""Betfair Exchange""]","[""odds_api_io""]",1,,
soccer|martin ledesma|sportivo iteno|2026-06-02,totals|under|6.00|,totals,Under,6.0,,1.01,1.01,"[""Betfair Exchange""]","[""odds_api_io""]",1,,
soccer|martin ledesma|sportivo iteno|2026-06-02,totals|over|1.00|,totals,Over,1.0,,1.13,1.13,"[""Betfair Exchange""]","[""odds_api_io""]",1,,
soccer|martin ledesma|sportivo iteno|2026-06-02,totals|under|1.00|,totals,Under,1.0,,6.64,6.64,"[""Betfair Exchange""]","[""odds_api_io""]",1,,
soccer|martin ledesma|sportivo iteno|2026-06-02,totals|over|4.25|,totals,Over,4.25,,9.85,9.85,"[""Betfair Exchange""]","[""odds_api_io""]",1,,
soccer|martin ledesma|sportivo iteno|2026-06-02,totals|under|4.25|,totals,Under,4.25,,1.09,1.09,"[""Betfair Exchange""]","[""odds_api_io""]",1,,
soccer|martin ledesma|sportivo iteno|2026-06-02,totals|over|4.50|,totals,Over,4.5,,10.5,10.5,"[""Betfair Exchange""]","[""odds_api_io""]",1,,
soccer|martin ledesma|sportivo iteno|2026-06-02,totals|under|4.50|,totals,Under,4.5,,1.09,1.09,"[""Betfair Exchange""]","[""odds_api_io""]",1,,
soccer|martin ledesma|sportivo iteno|2026-06-02,totals|over|3.00|,totals,Over,3.0,,3.65,3.65,"[""Betfair Exchange""]","[""odds_api_io""]",1,,
soccer|martin ledesma|sportivo iteno|2026-06-02,totals|under|3.00|,totals,Under,3.0,,1.31,1.31,"[""Betfair Exchange""]","[""odds_api_io""]",1,,
soccer|martin ledesma|sportivo iteno|2026-06-02,totals|over|1.75|,totals,Over,1.75,,1.55,1.55,"[""Betfair Exchange""]","[""odds_api_io""]",1,,
soccer|martin ledesma|sportivo iteno|2026-06-02,totals|under|1.75|,totals,Under,1.75,,2.52,2.52,"[""Betfair Exchange""]","[""odds_api_io""]",1,,
soccer|martin ledesma|sportivo iteno|2026-06-02,totals|over|2.00|,totals,Over,2.0,,1.72,1.72,"[""Betfair Exchange""]","[""odds_api_io""]",1,,
soccer|martin ledesma|sportivo iteno|2026-06-02,totals|under|2.00|,totals,Under,2.0,,2.2,2.2,"[""Betfair Exchange""]","[""odds_api_io""]",1,,
soccer|martin ledesma|sportivo iteno|2026-06-02,totals|over|2.75|,totals,Over,2.75,,2.8,2.8,"[""Betfair Exchange""]","[""odds_api_io""]",1,,
soccer|martin ledesma|sportivo iteno|2026-06-02,totals|under|2.75|,totals,Under,2.75,,1.46,1.46,"[""Betfair Exchange""]","[""odds_api_io""]",1,,
soccer|martin ledesma|sportivo iteno|2026-06-02,totals|over|0.75|,totals,Over,0.75,,1.11,1.11,"[""Betfair Exchange""]","[""odds_api_io""]",1,,
soccer|martin ledesma|sportivo iteno|2026-06-02,totals|under|0.75|,totals,Under,0.75,,7.54,7.54,"[""Betfair Exchange""]","[""odds_api_io""]",1,,
soccer|martin ledesma|sportivo iteno|2026-06-02,btts|yes||,btts,Yes,,,2.0,2.0,"[""Betfair Exchange""]","[""odds_api_io""]",1,,
soccer|martin ledesma|sportivo iteno|2026-06-02,btts|no||,btts,No,,,1.92,1.92,"[""Betfair Exchange""]","[""odds_api_io""]",1,,
soccer|martin ledesma|sportivo iteno|2026-06-02,spreads|sportivo iteno|-3.00|home,spreads,Sportivo Iteno,-3.0,home,120.0,120.0,"[""Betfair Exchange""]","[""odds_api_io""]",1,,
soccer|martin ledesma|sportivo iteno|2026-06-02,spreads|martin ledesma|3.00|away,spreads,Martin Ledesma,3.0,away,1.02,1.02,"[""Betfair Exchange""]","[""odds_api_io""]",1,,
soccer|hjs|ktp|2026-06-02,h2h|hjs||home,h2h,HJS,,home,1.71,1.7051,"[""Bet365"", ""Betfair Exchange""]","[""odds_api_io""]",2,0.344,
soccer|hjs|ktp|2026-06-02,h2h|draw||,h2h,Draw,,,4.6,4.4649,"[""Bet365"", ""Betfair Exchange""]","[""odds_api_io""]",2,1.34,
soccer|hjs|ktp|2026-06-02,h2h|fc ktp||away,h2h,FC KTP,,away,4.1,3.8383,"[""Bet365"", ""Betfair Exchange""]","[""odds_api_io""]",2,3.388,
soccer|hjs|ktp|2026-06-02,dnb|hjs|0.00|home,dnb,HJS,0.0,home,1.37,1.3516,"[""Bet365"", ""Betfair Exchange""]","[""odds_api_io""]",2,2.026,
soccer|hjs|ktp|2026-06-02,dnb|fc ktp|0.00|away,dnb,FC KTP,0.0,away,3.25,3.25,"[""Bet365"", ""Betfair Exchange""]","[""odds_api_io""]",2,,
soccer|hjs|ktp|2026-06-02,spreads|hjs|-0.75|home,spreads,HJS,-0.75,home,1.875,1.7816,"[""Bet365"", ""Betfair Exchange""]","[""odds_api_io""]",2,5.49,
soccer|hjs|ktp|2026-06-02,spreads|fc ktp|0.75|away,spreads,FC KTP,0.75,away,1.925,1.7566,"[""Bet365"", ""Betfair Exchange""]","[""odds_api_io""]",2,9.78,
soccer|hjs|ktp|2026-06-02,totals|over|3.25|,totals,Over,3.25,,1.9,1.8949,"[""Bet365"", ""Betfair Exchange""]","[""odds_api_io""]",2,0.278,
soccer|hjs|ktp|2026-06-02,totals|under|3.25|,totals,Under,3.25,,1.9,1.837,"[""Bet365"", ""Betfair Exchange""]","[""odds_api_io""]",2,3.548,
soccer|hjs|ktp|2026-06-02,totals|over|2.50|,totals,Over,2.5,,1.444,1.442,"[""Bet365"", ""Betfair Exchange""]","[""odds_api_io""]",2,0.192,
soccer|hjs|ktp|2026-06-02,totals|under|2.50|,totals,Under,2.5,,3.05,2.8254,"[""Bet365"", ""Betfair Exchange""]","[""odds_api_io""]",2,5.308,
soccer|hjs|ktp|2026-06-02,spreads|hjs|-2.50|home,spreads,HJS,-2.5,home,4.15,4.15,"[""Bet365""]","[""odds_api_io""]",1,,
soccer|hjs|ktp|2026-06-02,spreads|fc ktp|2.50|away,spreads,FC KTP,2.5,away,1.22,1.22,"[""Bet365""]","[""odds_api_io""]",1,,
soccer|hjs|ktp|2026-06-02,spreads|hjs|-2.00|home,spreads,HJS,-2.0,home,3.55,3.55,"[""Bet365""]","[""odds_api_io""]",1,,
soccer|hjs|ktp|2026-06-02,spreads|fc ktp|2.00|away,spreads,FC KTP,2.0,away,1.275,1.275,"[""Bet365""]","[""odds_api_io""]",1,,
soccer|hjs|ktp|2026-06-02,spreads|hjs|-1.25|home,spreads,HJS,-1.25,home,2.25,2.25,"[""Bet365""]","[""odds_api_io""]",1,,
soccer|hjs|ktp|2026-06-02,spreads|fc ktp|1.25|away,spreads,FC KTP,1.25,away,1.625,1.625,"[""Bet365""]","[""odds_api_io""]",1,,
soccer|hjs|ktp|2026-06-02,spreads|hjs|-1.00|home,spreads,HJS,-1.0,home,2.025,1.8514,"[""Bet365"", ""Betfair Exchange""]","[""odds_api_io""]",2,9.097,
soccer|hjs|ktp|2026-06-02,spreads|fc ktp|1.00|away,spreads,FC KTP,1.0,away,6.8,3.3393,"[""Bet365"", ""Betfair Exchange""]","[""odds_api_io""]",2,29.937,
soccer|hjs|ktp|2026-06-02,spreads|hjs|-0.50|home,spreads,HJS,-0.5,home,1.71,1.68,"[""Bet365"", ""Betfair Exchange""]","[""odds_api_io""]",2,2.127,
soccer|hjs|ktp|2026-06-02,spreads|fc ktp|0.50|away,spreads,FC KTP,0.5,away,3.8,2.8133,"[""Bet365"", ""Betfair Exchange""]","[""odds_api_io""]",2,18.129,
soccer|hjs|ktp|2026-06-02,spreads|hjs|-0.25|home,spreads,HJS,-0.25,home,1.54,1.5201,"[""Bet365"", ""Betfair Exchange""]","[""odds_api_io""]",2,1.732,
soccer|hjs|ktp|2026-06-02,spreads|fc ktp|0.25|away,spreads,FC KTP,0.25,away,3.45,2.9643,"[""Bet365"", ""Betfair Exchange""]","[""odds_api_io""]",2,9.329,
soccer|hjs|ktp|2026-06-02,spreads|hjs|0.00|home,spreads,HJS,0.0,home,1.37,1.3601,"[""Bet365"", ""Betfair Exchange""]","[""odds_api_io""]",2,1.081,
soccer|hjs|ktp|2026-06-02,spreads|fc ktp|-0.00|away,spreads,FC KTP,-0.0,away,3.27,3.1843,"[""Bet365"", ""Betfair Exchange""]","[""odds_api_io""]",2,1.677,
soccer|hjs|ktp|2026-06-02,spreads|hjs|0.25|home,spreads,HJS,0.25,home,1.31,1.3051,"[""Bet365"", ""Betfair Exchange""]","[""odds_api_io""]",2,0.587,
soccer|hjs|ktp|2026-06-02,spreads|fc ktp|-0.25|away,spreads,FC KTP,-0.25,away,3.68,2.9877,"[""Bet365"", ""Betfair Exchange""]","[""odds_api_io""]",2,12.826,
soccer|hjs|ktp|2026-06-02,spreads|hjs|0.50|home,spreads,HJS,0.5,home,1.27,1.2601,"[""Bet365"", ""Betfair Exchange""]","[""odds_api_io""]",2,1.26,
soccer|hjs|ktp|2026-06-02,spreads|fc ktp|-0.50|away,spreads,FC KTP,-0.5,away,4.1,2.8793,"[""Bet365"", ""Betfair Exchange""]","[""odds_api_io""]",2,21.064,
soccer|hjs|ktp|2026-06-02,spreads|hjs|0.75|home,spreads,HJS,0.75,home,1.18,1.154,"[""Bet365"", ""Betfair Exchange""]","[""odds_api_io""]",2,3.75,
soccer|hjs|ktp|2026-06-02,spreads|fc ktp|-0.75|away,spreads,FC KTP,-0.75,away,4.65,4.3527,"[""Bet365"", ""Betfair Exchange""]","[""odds_api_io""]",2,2.885,
soccer|hjs|ktp|2026-06-02,spreads|hjs|1.00|home,spreads,HJS,1.0,home,1.27,1.1833,"[""Bet365"", ""Betfair Exchange""]","[""odds_api_io""]",2,11.758,
soccer|hjs|ktp|2026-06-02,spreads|fc ktp|-1.00|away,spreads,FC KTP,-1.0,away,4.1,2.4954,"[""Bet365"", ""Betfair Exchange""]","[""odds_api_io""]",2,31.948,
soccer|hjs|ktp|2026-06-02,spreads|hjs|-2.75|home,spreads,HJS,-2.75,home,5.25,5.25,"[""Bet365""]","[""odds_api_io""]",1,,
soccer|hjs|ktp|2026-06-02,spreads|fc ktp|2.75|away,spreads,FC KTP,2.75,away,1.16,1.16,"[""Bet365""]","[""odds_api_io""]",1,,
soccer|hjs|ktp|2026-06-02,spreads|hjs|-2.25|home,spreads,HJS,-2.25,home,3.8,3.8,"[""Bet365""]","[""odds_api_io""]",1,,
soccer|hjs|ktp|2026-06-02,spreads|fc ktp|2.25|away,spreads,FC KTP,2.25,away,1.25,1.25,"[""Bet365""]","[""odds_api_io""]",1,,
soccer|hjs|ktp|2026-06-02,spreads|hjs|-1.75|home,spreads,HJS,-1.75,home,2.85,2.85,"[""Bet365""]","[""odds_api_io""]",1,,
soccer|hjs|ktp|2026-06-02,spreads|fc ktp|1.75|away,spreads,FC KTP,1.75,away,1.4,1.4,"[""Bet365""]","[""odds_api_io""]",1,,
soccer|hjs|ktp|2026-06-02,spreads|hjs|-1.50|home,spreads,HJS,-1.5,home,2.425,2.425,"[""Bet365""]","[""odds_api_io""]",1,,
soccer|hjs|ktp|2026-06-02,spreads|fc ktp|1.50|away,spreads,FC KTP,1.5,away,1.525,1.525,"[""Bet365""]","[""odds_api_io""]",1,,
soccer|hjs|ktp|2026-06-02,doubleChance|1x||,doubleChance,1X,,,1.27,1.27,"[""Betfair Exchange""]","[""odds_api_io""]",1,,
soccer|hjs|ktp|2026-06-02,doubleChance|12||,doubleChance,12,,,1.23,1.23,"[""Betfair Exchange""]","[""odds_api_io""]",1,,
soccer|hjs|ktp|2026-06-02,doubleChance|x2||,doubleChance,X2,,,2.24,2.24,"[""Betfair Exchange""]","[""odds_api_io""]",1,,
soccer|hjs|ktp|2026-06-02,totals|over|5.25|,totals,Over,5.25,,6.43,6.43,"[""Betfair Exchange""]","[""odds_api_io""]",1,,
soccer|hjs|ktp|2026-06-02,totals|under|5.25|,totals,Under,5.25,,1.13,1.13,"[""Betfair Exchange""]","[""odds_api_io""]",1,,
soccer|hjs|ktp|2026-06-02,totals|over|7.00|,totals,Over,7.0,,25.07,25.07,"[""Betfair Exchange""]","[""odds_api_io""]",1,,
soccer|hjs|ktp|2026-06-02,totals|under|7.00|,totals,Under,7.0,,1.02,1.02,"[""Betfair Exchange""]","[""odds_api_io""]",1,,
soccer|hjs|ktp|2026-06-02,totals|over|0.50|,totals,Over,0.5,,1.02,1.02,"[""Betfair Exchange""]","[""odds_api_io""]",1,,
soccer|hjs|ktp|2026-06-02,totals|under|0.50|,totals,Under,0.5,,26.0,26.0,"[""Betfair Exchange""]","[""odds_api_io""]",1,,
soccer|hjs|ktp|2026-06-02,totals|over|2.25|,totals,Over,2.25,,1.31,1.31,"[""Betfair Exchange""]","[""odds_api_io""]",1,,
soccer|hjs|ktp|2026-06-02,totals|under|2.25|,totals,Under,2.25,,3.05,3.05,"[""Betfair Exchange""]","[""odds_api_io""]",1,,
soccer|hjs|ktp|2026-06-02,totals|over|6.75|,totals,Over,6.75,,1.01,1.01,"[""Betfair Exchange""]","[""odds_api_io""]",1,,
soccer|hjs|ktp|2026-06-02,totals|under|6.75|,totals,Under,6.75,,1.09,1.09,"[""Betfair Exchange""]","[""odds_api_io""]",1,,
soccer|hjs|ktp|2026-06-02,totals|over|0.75|,totals,Over,0.75,,1.02,1.02,"[""Betfair Exchange""]","[""odds_api_io""]",1,,
soccer|hjs|ktp|2026-06-02,totals|under|0.75|,totals,Under,0.75,,6.6,6.6,"[""Betfair Exchange""]","[""odds_api_io""]",1,,
soccer|hjs|ktp|2026-06-02,totals|over|8.00|,totals,Over,8.0,,73.11,73.11,"[""Betfair Exchange""]","[""odds_api_io""]",1,,
soccer|hjs|ktp|2026-06-02,totals|under|8.00|,totals,Under,8.0,,1.01,1.01,"[""Betfair Exchange""]","[""odds_api_io""]",1,,
soccer|hjs|ktp|2026-06-02,totals|over|1.75|,totals,Over,1.75,,1.15,1.15,"[""Betfair Exchange""]","[""odds_api_io""]",1,,
soccer|hjs|ktp|2026-06-02,totals|under|1.75|,totals,Under,1.75,,3.05,3.05,"[""Betfair Exchange""]","[""odds_api_io""]",1,,
soccer|hjs|ktp|2026-06-02,totals|over|7.50|,totals,Over,7.5,,26.0,26.0,"[""Betfair Exchange""]","[""odds_api_io""]",1,,
soccer|hjs|ktp|2026-06-02,totals|under|7.50|,totals,Under,7.5,,1.02,1.02,"[""Betfair Exchange""]","[""odds_api_io""]",1,,
soccer|hjs|ktp|2026-06-02,totals|over|3.00|,totals,Over,3.0,,1.65,1.65,"[""Betfair Exchange""]","[""odds_api_io""]",1,,
soccer|hjs|ktp|2026-06-02,totals|under|3.00|,totals,Under,3.0,,1.78,1.78,"[""Betfair Exchange""]","[""odds_api_io""]",1,,
soccer|hjs|ktp|2026-06-02,totals|over|1.25|,totals,Over,1.25,,1.08,1.08,"[""Betfair Exchange""]","[""odds_api_io""]",1,,
soccer|hjs|ktp|2026-06-02,totals|under|1.25|,totals,Under,1.25,,6.6,6.6,"[""Betfair Exchange""]","[""odds_api_io""]",1,,
soccer|hjs|ktp|2026-06-02,totals|over|8.50|,totals,Over,8.5,,75.0,75.0,"[""Betfair Exchange""]","[""odds_api_io""]",1,,
soccer|hjs|ktp|2026-06-02,totals|under|8.50|,totals,Under,8.5,,1.01,1.01,"[""Betfair Exchange""]","[""odds_api_io""]",1,,
soccer|hjs|ktp|2026-06-02,totals|over|1.00|,totals,Over,1.0,,1.02,1.02,"[""Betfair Exchange""]","[""odds_api_io""]",1,,
soccer|hjs|ktp|2026-06-02,totals|under|1.00|,totals,Under,1.0,,6.6,6.6,"[""Betfair Exchange""]","[""odds_api_io""]",1,,
soccer|hjs|ktp|2026-06-02,totals|over|1.50|,totals,Over,1.5,,1.14,1.14,"[""Betfair Exchange""]","[""odds_api_io""]",1,,
soccer|hjs|ktp|2026-06-02,totals|under|1.50|,totals,Under,1.5,,6.6,6.6,"[""Betfair Exchange""]","[""odds_api_io""]",1,,
soccer|hjs|ktp|2026-06-02,totals|over|8.25|,totals,Over,8.25,,74.05,74.05,"[""Betfair Exchange""]","[""odds_api_io""]",1,,
soccer|hjs|ktp|2026-06-02,totals|under|8.25|,totals,Under,8.25,,1.01,1.01,"[""Betfair Exchange""]","[""odds_api_io""]",1,,
soccer|hjs|ktp|2026-06-02,totals|over|6.00|,totals,Over,6.0,,12.53,12.53,"[""Betfair Exchange""]","[""odds_api_io""]",1,,
soccer|hjs|ktp|2026-06-02,totals|under|6.00|,totals,Under,6.0,,1.06,1.06,"[""Betfair Exchange""]","[""odds_api_io""]",1,,
soccer|hjs|ktp|2026-06-02,totals|over|2.75|,totals,Over,2.75,,1.53,1.53,"[""Betfair Exchange""]","[""odds_api_io""]",1,,
soccer|hjs|ktp|2026-06-02,totals|under|2.75|,totals,Under,2.75,,1.78,1.78,"[""Betfair Exchange""]","[""odds_api_io""]",1,,
soccer|hjs|ktp|2026-06-02,totals|over|6.50|,totals,Over,6.5,,13.5,13.5,"[""Betfair Exchange""]","[""odds_api_io""]",1,,
soccer|hjs|ktp|2026-06-02,totals|under|6.50|,totals,Under,6.5,,1.06,1.06,"[""Betfair Exchange""]","[""odds_api_io""]",1,,
soccer|hjs|ktp|2026-06-02,totals|over|2.00|,totals,Over,2.0,,1.18,1.18,"[""Betfair Exchange""]","[""odds_api_io""]",1,,
soccer|hjs|ktp|2026-06-02,totals|under|2.00|,totals,Under,2.0,,3.05,3.05,"[""Betfair Exchange""]","[""odds_api_io""]",1,,
soccer|hjs|ktp|2026-06-02,totals|over|7.25|,totals,Over,7.25,,25.52,25.52,"[""Betfair Exchange""]","[""odds_api_io""]",1,,
soccer|hjs|ktp|2026-06-02,totals|under|7.25|,totals,Under,7.25,,1.02,1.02,"[""Betfair Exchange""]","[""odds_api_io""]",1,,
soccer|hjs|ktp|2026-06-02,totals|over|5.50|,totals,Over,5.5,,6.88,6.88,"[""Betfair Exchange""]","[""odds_api_io""]",1,,
soccer|hjs|ktp|2026-06-02,totals|under|5.50|,totals,Under,5.5,,1.13,1.13,"[""Betfair Exchange""]","[""odds_api_io""]",1,,
soccer|hjs|ktp|2026-06-02,totals|over|5.75|,totals,Over,5.75,,8.79,8.79,"[""Betfair Exchange""]","[""odds_api_io""]",1,,
soccer|hjs|ktp|2026-06-02,totals|under|5.75|,totals,Under,5.75,,1.06,1.06,"[""Betfair Exchange""]","[""odds_api_io""]",1,,
soccer|hjs|ktp|2026-06-02,totals|over|7.75|,totals,Over,7.75,,38.12,38.12,"[""Betfair Exchange""]","[""odds_api_io""]",1,,
soccer|hjs|ktp|2026-06-02,totals|under|7.75|,totals,Under,7.75,,1.01,1.01,"[""Betfair Exchange""]","[""odds_api_io""]",1,,
soccer|hjs|ktp|2026-06-02,totals|over|4.25|,totals,Over,4.25,,3.28,3.28,"[""Betfair Exchange""]","[""odds_api_io""]",1,,
soccer|hjs|ktp|2026-06-02,totals|under|4.25|,totals,Under,4.25,,1.33,1.33,"[""Betfair Exchange""]","[""odds_api_io""]",1,,
soccer|hjs|ktp|2026-06-02,totals|over|4.00|,totals,Over,4.0,,2.93,2.93,"[""Betfair Exchange""]","[""odds_api_io""]",1,,
soccer|hjs|ktp|2026-06-02,totals|under|4.00|,totals,Under,4.0,,1.33,1.33,"[""Betfair Exchange""]","[""odds_api_io""]",1,,
soccer|hjs|ktp|2026-06-02,totals|over|5.00|,totals,Over,5.0,,5.98,5.98,"[""Betfair Exchange""]","[""odds_api_io""]",1,,
soccer|hjs|ktp|2026-06-02,totals|under|5.00|,totals,Under,5.0,,1.13,1.13,"[""Betfair Exchange""]","[""odds_api_io""]",1,,
soccer|hjs|ktp|2026-06-02,totals|over|4.50|,totals,Over,4.5,,3.63,3.63,"[""Betfair Exchange""]","[""odds_api_io""]",1,,
soccer|hjs|ktp|2026-06-02,totals|under|4.50|,totals,Under,4.5,,1.33,1.33,"[""Betfair Exchange""]","[""odds_api_io""]",1,,
soccer|hjs|ktp|2026-06-02,totals|over|3.75|,totals,Over,3.75,,2.43,2.43,"[""Betfair Exchange""]","[""odds_api_io""]",1,,
soccer|hjs|ktp|2026-06-02,totals|under|3.75|,totals,Under,3.75,,1.33,1.33,"[""Betfair Exchange""]","[""odds_api_io""]",1,,
soccer|hjs|ktp|2026-06-02,totals|over|4.75|,totals,Over,4.75,,4.44,4.44,"[""Betfair Exchange""]","[""odds_api_io""]",1,,
soccer|hjs|ktp|2026-06-02,totals|under|4.75|,totals,Under,4.75,,1.13,1.13,"[""Betfair Exchange""]","[""odds_api_io""]",1,,
soccer|hjs|ktp|2026-06-02,totals|over|3.50|,totals,Over,3.5,,2.14,2.14,"[""Betfair Exchange""]","[""odds_api_io""]",1,,
soccer|hjs|ktp|2026-06-02,totals|under|3.50|,totals,Under,3.5,,1.78,1.78,"[""Betfair Exchange""]","[""odds_api_io""]",1,,
soccer|hjs|ktp|2026-06-02,totals|over|6.25|,totals,Over,6.25,,1.01,1.01,"[""Betfair Exchange""]","[""odds_api_io""]",1,,
soccer|hjs|ktp|2026-06-02,totals|under|6.25|,totals,Under,6.25,,1.06,1.06,"[""Betfair Exchange""]","[""odds_api_io""]",1,,
soccer|hjs|ktp|2026-06-02,btts|yes||,btts,Yes,,,1.57,1.57,"[""Betfair Exchange""]","[""odds_api_io""]",1,,
soccer|hjs|ktp|2026-06-02,btts|no||,btts,No,,,2.6,2.6,"[""Betfair Exchange""]","[""odds_api_io""]",1,,
soccer|sv grodig|tsv neumarkt|2026-06-02,h2h|sv grodig||home,h2h,SV Grodig,,home,1.166,1.1629,"[""Bet365"", ""Betfair Exchange""]","[""odds_api_io""]",2,0.444,
soccer|sv grodig|tsv neumarkt|2026-06-02,h2h|draw||,h2h,Draw,,,10.0,8.2618,"[""Bet365"", ""Betfair Exchange""]","[""odds_api_io""]",2,4.286,
soccer|sv grodig|tsv neumarkt|2026-06-02,h2h|tsv neumarkt||away,h2h,TSV Neumarkt,,away,14.5,11.8764,"[""Bet365"", ""Betfair Exchange""]","[""odds_api_io""]",2,3.103,
soccer|sv grodig|tsv neumarkt|2026-06-02,dnb|sv grodig|0.00|home,dnb,SV Grodig,0.0,home,1.06,1.0501,"[""Bet365"", ""Betfair Exchange""]","[""odds_api_io""]",2,1.814,
soccer|sv grodig|tsv neumarkt|2026-06-02,dnb|tsv neumarkt|0.00|away,dnb,TSV Neumarkt,0.0,away,13.0,10.6716,"[""Bet365"", ""Betfair Exchange""]","[""odds_api_io""]",2,3.419,
soccer|sv grodig|tsv neumarkt|2026-06-02,spreads|sv grodig|-2.50|home,spreads,SV Grodig,-2.5,home,1.875,1.8392,"[""Bet365"", ""Betfair Exchange""]","[""odds_api_io""]",3,3.005,
soccer|sv grodig|tsv neumarkt|2026-06-02,spreads|tsv neumarkt|2.50|away,spreads,TSV Neumarkt,2.5,away,2.025,1.9656,"[""Bet365"", ""Betfair Exchange""]","[""odds_api_io""]",3,2.565,
soccer|sv grodig|tsv neumarkt|2026-06-02,totals|over|4.50|,totals,Over,4.5,,2.05,1.9735,"[""Bet365"", ""Betfair Exchange""]","[""odds_api_io""]",2,3.851,
soccer|sv grodig|tsv neumarkt|2026-06-02,totals|under|4.50|,totals,Under,4.5,,1.9,1.8898,"[""Bet365"", ""Betfair Exchange""]","[""odds_api_io""]",2,0.56,
soccer|sv grodig|tsv neumarkt|2026-06-02,totals|over|2.50|,totals,Over,2.5,,1.2,1.1897,"[""Bet365"", ""Betfair Exchange""]","[""odds_api_io""]",2,1.412,
soccer|sv grodig|tsv neumarkt|2026-06-02,totals|under|2.50|,totals,Under,2.5,,5.76,4.9584,"[""Bet365"", ""Betfair Exchange""]","[""odds_api_io""]",2,5.718,
soccer|sv grodig|tsv neumarkt|2026-06-02,spreads|sv grodig|-4.50|home,spreads,SV Grodig,-4.5,home,3.9,3.9,"[""Bet365""]","[""odds_api_io""]",1,,
soccer|sv grodig|tsv neumarkt|2026-06-02,spreads|tsv neumarkt|4.50|away,spreads,TSV Neumarkt,4.5,away,1.24,1.24,"[""Bet365""]","[""odds_api_io""]",1,,
soccer|sv grodig|tsv neumarkt|2026-06-02,spreads|sv grodig|-4.00|home,spreads,SV Grodig,-4.0,home,4.04,3.7271,"[""Bet365"", ""Betfair Exchange""]","[""odds_api_io""]",2,4.233,
soccer|sv grodig|tsv neumarkt|2026-06-02,spreads|tsv neumarkt|4.00|away,spreads,TSV Neumarkt,4.0,away,1.3,1.2687,"[""Bet365"", ""Betfair Exchange""]","[""odds_api_io""]",2,3.722,
soccer|sv grodig|tsv neumarkt|2026-06-02,spreads|sv grodig|-3.75|home,spreads,SV Grodig,-3.75,home,3.21,3.0226,"[""Bet365"", ""Betfair Exchange""]","[""odds_api_io""]",2,3.935,
soccer|sv grodig|tsv neumarkt|2026-06-02,spreads|tsv neumarkt|3.75|away,spreads,TSV Neumarkt,3.75,away,1.4,1.3635,"[""Bet365"", ""Betfair Exchange""]","[""odds_api_io""]",2,3.759,
soccer|sv grodig|tsv neumarkt|2026-06-02,spreads|sv grodig|-3.50|home,spreads,SV Grodig,-3.5,home,2.74,2.6167,"[""Bet365"", ""Betfair Exchange""]","[""odds_api_io""]",2,3.504,
soccer|sv grodig|tsv neumarkt|2026-06-02,spreads|tsv neumarkt|3.50|away,spreads,TSV Neumarkt,3.5,away,1.5,1.4635,"[""Bet365"", ""Betfair Exchange""]","[""odds_api_io""]",2,3.263,
soccer|sv grodig|tsv neumarkt|2026-06-02,spreads|sv grodig|-3.25|home,spreads,SV Grodig,-3.25,home,2.52,2.4336,"[""Bet365"", ""Betfair Exchange""]","[""odds_api_io""]",2,2.871,
soccer|sv grodig|tsv neumarkt|2026-06-02,spreads|tsv neumarkt|3.25|away,spreads,TSV Neumarkt,3.25,away,1.575,1.5359,"[""Bet365"", ""Betfair Exchange""]","[""odds_api_io""]",2,3.175,
soccer|sv grodig|tsv neumarkt|2026-06-02,spreads|sv grodig|-3.00|home,spreads,SV Grodig,-3.0,home,2.74,2.3783,"[""Bet365"", ""Betfair Exchange""]","[""odds_api_io""]",3,10.015,
soccer|sv grodig|tsv neumarkt|2026-06-02,spreads|tsv neumarkt|3.00|away,spreads,TSV Neumarkt,3.0,away,1.95,1.726,"[""Bet365"", ""Betfair Exchange""]","[""odds_api_io""]",3,11.611,
soccer|sv grodig|tsv neumarkt|2026-06-02,spreads|sv grodig|-2.25|home,spreads,SV Grodig,-2.25,home,1.71,1.6672,"[""Bet365"", ""Betfair Exchange""]","[""odds_api_io""]",2,3.059,
soccer|sv grodig|tsv neumarkt|2026-06-02,spreads|tsv neumarkt|2.25|away,spreads,TSV Neumarkt,2.25,away,2.25,2.2138,"[""Bet365"", ""Betfair Exchange""]","[""odds_api_io""]",2,1.427,
soccer|sv grodig|tsv neumarkt|2026-06-02,spreads|sv grodig|-2.00|home,spreads,SV Grodig,-2.0,home,1.87,1.6166,"[""Bet365"", ""Betfair Exchange""]","[""odds_api_io""]",3,14.321,
soccer|sv grodig|tsv neumarkt|2026-06-02,spreads|tsv neumarkt|2.00|away,spreads,TSV Neumarkt,2.0,away,3.05,2.7211,"[""Bet365"", ""Betfair Exchange""]","[""odds_api_io""]",3,6.276,
soccer|sv grodig|tsv neumarkt|2026-06-02,spreads|sv grodig|-1.75|home,spreads,SV Grodig,-1.75,home,1.46,1.4299,"[""Bet365"", ""Betfair Exchange""]","[""odds_api_io""]",2,2.935,
soccer|sv grodig|tsv neumarkt|2026-06-02,spreads|tsv neumarkt|1.75|away,spreads,TSV Neumarkt,1.75,away,2.85,2.8243,"[""Bet365"", ""Betfair Exchange""]","[""odds_api_io""]",2,0.627,
soccer|sv grodig|tsv neumarkt|2026-06-02,spreads|sv grodig|-1.50|home,spreads,SV Grodig,-1.5,home,1.4,1.375,"[""Bet365"", ""Betfair Exchange""]","[""odds_api_io""]",2,2.646,
soccer|sv grodig|tsv neumarkt|2026-06-02,spreads|tsv neumarkt|1.50|away,spreads,TSV Neumarkt,1.5,away,3.1,3.0743,"[""Bet365"", ""Betfair Exchange""]","[""odds_api_io""]",2,0.529,
soccer|sv grodig|tsv neumarkt|2026-06-02,spreads|sv grodig|-4.75|home,spreads,SV Grodig,-4.75,home,4.5,4.5,"[""Bet365""]","[""odds_api_io""]",1,,
soccer|sv grodig|tsv neumarkt|2026-06-02,spreads|tsv neumarkt|4.75|away,spreads,TSV Neumarkt,4.75,away,1.19,1.19,"[""Bet365""]","[""odds_api_io""]",1,,
soccer|sv grodig|tsv neumarkt|2026-06-02,spreads|sv grodig|-4.25|home,spreads,SV Grodig,-4.25,home,3.55,3.55,"[""Bet365""]","[""odds_api_io""]",1,,
soccer|sv grodig|tsv neumarkt|2026-06-02,spreads|tsv neumarkt|4.25|away,spreads,TSV Neumarkt,4.25,away,1.275,1.275,"[""Bet365""]","[""odds_api_io""]",1,,
soccer|sv grodig|tsv neumarkt|2026-06-02,spreads|sv grodig|-1.25|home,spreads,SV Grodig,-1.25,home,1.3,1.2876,"[""Bet365"", ""Betfair Exchange""]","[""odds_api_io""]",2,1.508,
soccer|sv grodig|tsv neumarkt|2026-06-02,spreads|tsv neumarkt|1.25|away,spreads,TSV Neumarkt,1.25,away,3.7,3.6248,"[""Bet365"", ""Betfair Exchange""]","[""odds_api_io""]",2,1.142,
soccer|sv grodig|tsv neumarkt|2026-06-02,spreads|sv grodig|-1.00|home,spreads,SV Grodig,-1.0,home,1.4,1.2535,"[""Bet365"", ""Betfair Exchange""]","[""odds_api_io""]",3,13.317,
soccer|sv grodig|tsv neumarkt|2026-06-02,spreads|tsv neumarkt|1.00|away,spreads,TSV Neumarkt,1.0,away,5.9,5.1279,"[""Bet365"", ""Betfair Exchange""]","[""odds_api_io""]",3,4.556,
soccer|sv grodig|tsv neumarkt|2026-06-02,spreads|sv grodig|-0.75|home,spreads,SV Grodig,-0.75,home,1.18,1.1701,"[""Bet365"", ""Betfair Exchange""]","[""odds_api_io""]",2,1.461,
soccer|sv grodig|tsv neumarkt|2026-06-02,spreads|tsv neumarkt|0.75|away,spreads,TSV Neumarkt,0.75,away,5.44,5.345,"[""Bet365"", ""Betfair Exchange""]","[""odds_api_io""]",2,0.665,
soccer|sv grodig|tsv neumarkt|2026-06-02,doubleChance|1x||,doubleChance,1X,,,1.05,1.05,"[""Betfair Exchange""]","[""odds_api_io""]",1,,
soccer|sv grodig|tsv neumarkt|2026-06-02,doubleChance|12||,doubleChance,12,,,1.09,1.09,"[""Betfair Exchange""]","[""odds_api_io""]",1,,
soccer|sv grodig|tsv neumarkt|2026-06-02,doubleChance|x2||,doubleChance,X2,,,5.9,5.9,"[""Betfair Exchange""]","[""odds_api_io""]",1,,
soccer|sv grodig|tsv neumarkt|2026-06-02,spreads|sv grodig|-2.75|home,spreads,SV Grodig,-2.75,home,2.04,2.04,"[""Betfair Exchange""]","[""odds_api_io""]",1,,
soccer|sv grodig|tsv neumarkt|2026-06-02,spreads|tsv neumarkt|2.75|away,spreads,TSV Neumarkt,2.75,away,1.78,1.78,"[""Betfair Exchange""]","[""odds_api_io""]",1,,
soccer|sv grodig|tsv neumarkt|2026-06-02,spreads|sv grodig|0.50|home,spreads,SV Grodig,0.5,home,1.05,1.05,"[""Betfair Exchange""]","[""odds_api_io""]",1,,
soccer|sv grodig|tsv neumarkt|2026-06-02,spreads|tsv neumarkt|-0.50|away,spreads,TSV Neumarkt,-0.5,away,14.5,14.5,"[""Betfair Exchange""]","[""odds_api_io""]",1,,
soccer|sv grodig|tsv neumarkt|2026-06-02,spreads|sv grodig|0.75|home,spreads,SV Grodig,0.75,home,1.03,1.03,"[""Betfair Exchange""]","[""odds_api_io""]",1,,
soccer|sv grodig|tsv neumarkt|2026-06-02,spreads|tsv neumarkt|-0.75|away,spreads,TSV Neumarkt,-0.75,away,20.81,20.81,"[""Betfair Exchange""]","[""odds_api_io""]",1,,
soccer|sv grodig|tsv neumarkt|2026-06-02,spreads|sv grodig|0.25|home,spreads,SV Grodig,0.25,home,1.06,1.06,"[""Betfair Exchange""]","[""odds_api_io""]",1,,
soccer|sv grodig|tsv neumarkt|2026-06-02,spreads|tsv neumarkt|-0.25|away,spreads,TSV Neumarkt,-0.25,away,13.77,13.77,"[""Betfair Exchange""]","[""odds_api_io""]",1,,
soccer|sv grodig|tsv neumarkt|2026-06-02,spreads|sv grodig|-0.25|home,spreads,SV Grodig,-0.25,home,1.11,1.11,"[""Betfair Exchange""]","[""odds_api_io""]",1,,
soccer|sv grodig|tsv neumarkt|2026-06-02,spreads|tsv neumarkt|0.25|away,spreads,TSV Neumarkt,0.25,away,7.98,7.98,"[""Betfair Exchange""]","[""odds_api_io""]",1,,
soccer|sv grodig|tsv neumarkt|2026-06-02,spreads|sv grodig|0.00|home,spreads,SV Grodig,0.0,home,1.06,1.06,"[""Betfair Exchange""]","[""odds_api_io""]",1,,
soccer|sv grodig|tsv neumarkt|2026-06-02,spreads|tsv neumarkt|-0.00|away,spreads,TSV Neumarkt,-0.0,away,13.05,13.05,"[""Betfair Exchange""]","[""odds_api_io""]",1,,
soccer|sv grodig|tsv neumarkt|2026-06-02,spreads|sv grodig|-0.50|home,spreads,SV Grodig,-0.5,home,1.16,1.16,"[""Betfair Exchange""]","[""odds_api_io""]",1,,
soccer|sv grodig|tsv neumarkt|2026-06-02,spreads|tsv neumarkt|0.50|away,spreads,TSV Neumarkt,0.5,away,5.91,5.91,"[""Betfair Exchange""]","[""odds_api_io""]",1,,
soccer|sv grodig|tsv neumarkt|2026-06-02,spreads|sv grodig|1.25|home,spreads,SV Grodig,1.25,home,1.01,1.01,"[""Betfair Exchange""]","[""odds_api_io""]",1,,
soccer|sv grodig|tsv neumarkt|2026-06-02,spreads|tsv neumarkt|-1.25|away,spreads,TSV Neumarkt,-1.25,away,37.81,37.81,"[""Betfair Exchange""]","[""odds_api_io""]",1,,
soccer|sv grodig|tsv neumarkt|2026-06-02,spreads|sv grodig|1.50|home,spreads,SV Grodig,1.5,home,1.01,1.01,"[""Betfair Exchange""]","[""odds_api_io""]",1,,
soccer|sv grodig|tsv neumarkt|2026-06-02,spreads|tsv neumarkt|-1.50|away,spreads,TSV Neumarkt,-1.5,away,38.64,38.64,"[""Betfair Exchange""]","[""odds_api_io""]",1,,
soccer|sv grodig|tsv neumarkt|2026-06-02,spreads|sv grodig|1.00|home,spreads,SV Grodig,1.0,home,1.05,1.0296,"[""Betfair Exchange""]","[""odds_api_io""]",2,3.772,
soccer|sv grodig|tsv neumarkt|2026-06-02,spreads|tsv neumarkt|-1.00|away,spreads,TSV Neumarkt,-1.0,away,38.0,37.4831,"[""Betfair Exchange""]","[""odds_api_io""]",2,0.073,
soccer|sv grodig|tsv neumarkt|2026-06-02,spreads|sv grodig|1.75|home,spreads,SV Grodig,1.75,home,1.01,1.01,"[""Betfair Exchange""]","[""odds_api_io""]",1,,
soccer|sv grodig|tsv neumarkt|2026-06-02,spreads|tsv neumarkt|-1.75|away,spreads,TSV Neumarkt,-1.75,away,42.76,42.76,"[""Betfair Exchange""]","[""odds_api_io""]",1,,
soccer|sv grodig|tsv neumarkt|2026-06-02,totals|over|3.50|,totals,Over,3.5,,1.45,1.45,"[""Betfair Exchange""]","[""odds_api_io""]",1,,
soccer|sv grodig|tsv neumarkt|2026-06-02,totals|under|3.50|,totals,Under,3.5,,2.98,2.98,"[""Betfair Exchange""]","[""odds_api_io""]",1,,
soccer|sv grodig|tsv neumarkt|2026-06-02,totals|over|2.25|,totals,Over,2.25,,1.12,1.12,"[""Betfair Exchange""]","[""odds_api_io""]",1,,
soccer|sv grodig|tsv neumarkt|2026-06-02,totals|under|2.25|,totals,Under,2.25,,7.74,7.74,"[""Betfair Exchange""]","[""odds_api_io""]",1,,
soccer|sv grodig|tsv neumarkt|2026-06-02,totals|over|0.75|,totals,Over,0.75,,1.01,1.01,"[""Betfair Exchange""]","[""odds_api_io""]",1,,
soccer|sv grodig|tsv neumarkt|2026-06-02,totals|under|0.75|,totals,Under,0.75,,15.5,15.5,"[""Betfair Exchange""]","[""odds_api_io""]",1,,
soccer|sv grodig|tsv neumarkt|2026-06-02,totals|over|1.00|,totals,Over,1.0,,1.01,1.01,"[""Betfair Exchange""]","[""odds_api_io""]",1,,
soccer|sv grodig|tsv neumarkt|2026-06-02,totals|under|1.00|,totals,Under,1.0,,15.5,15.5,"[""Betfair Exchange""]","[""odds_api_io""]",1,,
soccer|sv grodig|tsv neumarkt|2026-06-02,totals|over|0.50|,totals,Over,0.5,,1.01,1.01,"[""Betfair Exchange""]","[""odds_api_io""]",1,,
soccer|sv grodig|tsv neumarkt|2026-06-02,totals|under|0.50|,totals,Under,0.5,,65.0,65.0,"[""Betfair Exchange""]","[""odds_api_io""]",1,,
soccer|sv grodig|tsv neumarkt|2026-06-02,totals|over|1.25|,totals,Over,1.25,,1.03,1.03,"[""Betfair Exchange""]","[""odds_api_io""]",1,,
soccer|sv grodig|tsv neumarkt|2026-06-02,totals|under|1.25|,totals,Under,1.25,,15.49,15.49,"[""Betfair Exchange""]","[""odds_api_io""]",1,,
soccer|sv grodig|tsv neumarkt|2026-06-02,totals|over|3.00|,totals,Over,3.0,,1.22,1.22,"[""Betfair Exchange""]","[""odds_api_io""]",1,,
soccer|sv grodig|tsv neumarkt|2026-06-02,totals|under|3.00|,totals,Under,3.0,,4.38,4.38,"[""Betfair Exchange""]","[""odds_api_io""]",1,,
soccer|sv grodig|tsv neumarkt|2026-06-02,totals|over|3.25|,totals,Over,3.25,,1.33,1.33,"[""Betfair Exchange""]","[""odds_api_io""]",1,,
soccer|sv grodig|tsv neumarkt|2026-06-02,totals|under|3.25|,totals,Under,3.25,,3.49,3.49,"[""Betfair Exchange""]","[""odds_api_io""]",1,,
soccer|sv grodig|tsv neumarkt|2026-06-02,totals|over|4.00|,totals,Over,4.0,,1.65,1.65,"[""Betfair Exchange""]","[""odds_api_io""]",1,,
soccer|sv grodig|tsv neumarkt|2026-06-02,totals|under|4.00|,totals,Under,4.0,,2.38,2.38,"[""Betfair Exchange""]","[""odds_api_io""]",1,,
soccer|sv grodig|tsv neumarkt|2026-06-02,totals|over|1.50|,totals,Over,1.5,,1.06,1.06,"[""Betfair Exchange""]","[""odds_api_io""]",1,,
soccer|sv grodig|tsv neumarkt|2026-06-02,totals|under|1.50|,totals,Under,1.5,,15.5,15.5,"[""Betfair Exchange""]","[""odds_api_io""]",1,,
soccer|sv grodig|tsv neumarkt|2026-06-02,totals|over|2.75|,totals,Over,2.75,,1.19,1.19,"[""Betfair Exchange""]","[""odds_api_io""]",1,,
soccer|sv grodig|tsv neumarkt|2026-06-02,totals|under|2.75|,totals,Under,2.75,,4.74,4.74,"[""Betfair Exchange""]","[""odds_api_io""]",1,,
soccer|sv grodig|tsv neumarkt|2026-06-02,totals|over|5.75|,totals,Over,5.75,,3.56,3.56,"[""Betfair Exchange""]","[""odds_api_io""]",1,,
soccer|sv grodig|tsv neumarkt|2026-06-02,totals|under|5.75|,totals,Under,5.75,,1.28,1.28,"[""Betfair Exchange""]","[""odds_api_io""]",1,,
soccer|sv grodig|tsv neumarkt|2026-06-02,totals|over|2.00|,totals,Over,2.0,,1.06,1.06,"[""Betfair Exchange""]","[""odds_api_io""]",1,,
soccer|sv grodig|tsv neumarkt|2026-06-02,totals|under|2.00|,totals,Under,2.0,,12.57,12.57,"[""Betfair Exchange""]","[""odds_api_io""]",1,,
soccer|sv grodig|tsv neumarkt|2026-06-02,totals|over|1.75|,totals,Over,1.75,,1.06,1.06,"[""Betfair Exchange""]","[""odds_api_io""]",1,,
soccer|sv grodig|tsv neumarkt|2026-06-02,totals|under|1.75|,totals,Under,1.75,,13.29,13.29,"[""Betfair Exchange""]","[""odds_api_io""]",1,,
soccer|sv grodig|tsv neumarkt|2026-06-02,totals|over|4.75|,totals,Over,4.75,,2.3,2.3,"[""Betfair Exchange""]","[""odds_api_io""]",1,,
soccer|sv grodig|tsv neumarkt|2026-06-02,totals|under|4.75|,totals,Under,4.75,,1.68,1.68,"[""Betfair Exchange""]","[""odds_api_io""]",1,,
soccer|sv grodig|tsv neumarkt|2026-06-02,totals|over|3.75|,totals,Over,3.75,,1.53,1.53,"[""Betfair Exchange""]","[""odds_api_io""]",1,,
soccer|sv grodig|tsv neumarkt|2026-06-02,totals|under|3.75|,totals,Under,3.75,,2.66,2.66,"[""Betfair Exchange""]","[""odds_api_io""]",1,,
soccer|sv grodig|tsv neumarkt|2026-06-02,totals|over|4.25|,totals,Over,4.25,,1.87,1.87,"[""Betfair Exchange""]","[""odds_api_io""]",1,,
soccer|sv grodig|tsv neumarkt|2026-06-02,totals|under|4.25|,totals,Under,4.25,,2.07,2.07,"[""Betfair Exchange""]","[""odds_api_io""]",1,,
soccer|sv grodig|tsv neumarkt|2026-06-02,totals|over|5.25|,totals,Over,5.25,,2.81,2.81,"[""Betfair Exchange""]","[""odds_api_io""]",1,,
soccer|sv grodig|tsv neumarkt|2026-06-02,totals|under|5.25|,totals,Under,5.25,,1.48,1.48,"[""Betfair Exchange""]","[""odds_api_io""]",1,,
soccer|sv grodig|tsv neumarkt|2026-06-02,totals|over|7.25|,totals,Over,7.25,,9.35,9.35,"[""Betfair Exchange""]","[""odds_api_io""]",1,,
soccer|sv grodig|tsv neumarkt|2026-06-02,totals|under|7.25|,totals,Under,7.25,,1.08,1.08,"[""Betfair Exchange""]","[""odds_api_io""]",1,,
soccer|sv grodig|tsv neumarkt|2026-06-02,totals|over|5.00|,totals,Over,5.0,,2.59,2.59,"[""Betfair Exchange""]","[""odds_api_io""]",1,,
soccer|sv grodig|tsv neumarkt|2026-06-02,totals|under|5.00|,totals,Under,5.0,,1.55,1.55,"[""Betfair Exchange""]","[""odds_api_io""]",1,,
soccer|sv grodig|tsv neumarkt|2026-06-02,totals|over|8.50|,totals,Over,8.5,,17.66,17.66,"[""Betfair Exchange""]","[""odds_api_io""]",1,,
soccer|sv grodig|tsv neumarkt|2026-06-02,totals|under|8.50|,totals,Under,8.5,,1.03,1.03,"[""Betfair Exchange""]","[""odds_api_io""]",1,,
soccer|sv grodig|tsv neumarkt|2026-06-02,totals|over|7.50|,totals,Over,7.5,,9.8,9.8,"[""Betfair Exchange""]","[""odds_api_io""]",1,,
soccer|sv grodig|tsv neumarkt|2026-06-02,totals|under|7.50|,totals,Under,7.5,,1.08,1.08,"[""Betfair Exchange""]","[""odds_api_io""]",1,,
soccer|sv grodig|tsv neumarkt|2026-06-02,totals|over|6.50|,totals,Over,6.5,,5.16,5.16,"[""Betfair Exchange""]","[""odds_api_io""]",1,,
soccer|sv grodig|tsv neumarkt|2026-06-02,totals|under|6.50|,totals,Under,6.5,,1.18,1.18,"[""Betfair Exchange""]","[""odds_api_io""]",1,,
soccer|sv grodig|tsv neumarkt|2026-06-02,totals|over|7.75|,totals,Over,7.75,,13.1,13.1,"[""Betfair Exchange""]","[""odds_api_io""]",1,,
soccer|sv grodig|tsv neumarkt|2026-06-02,totals|under|7.75|,totals,Under,7.75,,1.05,1.05,"[""Betfair Exchange""]","[""odds_api_io""]",1,,
soccer|sv grodig|tsv neumarkt|2026-06-02,totals|over|6.25|,totals,Over,6.25,,4.81,4.81,"[""Betfair Exchange""]","[""odds_api_io""]",1,,
soccer|sv grodig|tsv neumarkt|2026-06-02,totals|under|6.25|,totals,Under,6.25,,1.19,1.19,"[""Betfair Exchange""]","[""odds_api_io""]",1,,
soccer|sv grodig|tsv neumarkt|2026-06-02,totals|over|5.50|,totals,Over,5.5,,3.04,3.04,"[""Betfair Exchange""]","[""odds_api_io""]",1,,
soccer|sv grodig|tsv neumarkt|2026-06-02,totals|under|5.50|,totals,Under,5.5,,1.43,1.43,"[""Betfair Exchange""]","[""odds_api_io""]",1,,
soccer|sv grodig|tsv neumarkt|2026-06-02,totals|over|6.75|,totals,Over,6.75,,6.45,6.45,"[""Betfair Exchange""]","[""odds_api_io""]",1,,
soccer|sv grodig|tsv neumarkt|2026-06-02,totals|under|6.75|,totals,Under,6.75,,1.12,1.12,"[""Betfair Exchange""]","[""odds_api_io""]",1,,
soccer|sv grodig|tsv neumarkt|2026-06-02,totals|over|8.25|,totals,Over,8.25,,17.34,17.34,"[""Betfair Exchange""]","[""odds_api_io""]",1,,
soccer|sv grodig|tsv neumarkt|2026-06-02,totals|under|8.25|,totals,Under,8.25,,1.03,1.03,"[""Betfair Exchange""]","[""odds_api_io""]",1,,
soccer|sv grodig|tsv neumarkt|2026-06-02,totals|over|8.00|,totals,Over,8.0,,17.01,17.01,"[""Betfair Exchange""]","[""odds_api_io""]",1,,
soccer|sv grodig|tsv neumarkt|2026-06-02,totals|under|8.00|,totals,Under,8.0,,1.03,1.03,"[""Betfair Exchange""]","[""odds_api_io""]",1,,
soccer|sv grodig|tsv neumarkt|2026-06-02,totals|over|6.00|,totals,Over,6.0,,4.46,4.46,"[""Betfair Exchange""]","[""odds_api_io""]",1,,
soccer|sv grodig|tsv neumarkt|2026-06-02,totals|under|6.00|,totals,Under,6.0,,1.21,1.21,"[""Betfair Exchange""]","[""odds_api_io""]",1,,
soccer|sv grodig|tsv neumarkt|2026-06-02,totals|over|7.00|,totals,Over,7.0,,8.9,8.9,"[""Betfair Exchange""]","[""odds_api_io""]",1,,
soccer|sv grodig|tsv neumarkt|2026-06-02,totals|under|7.00|,totals,Under,7.0,,1.08,1.08,"[""Betfair Exchange""]","[""odds_api_io""]",1,,
soccer|sv grodig|tsv neumarkt|2026-06-02,btts|yes||,btts,Yes,,,1.57,1.57,"[""Betfair Exchange""]","[""odds_api_io""]",1,,
soccer|sv grodig|tsv neumarkt|2026-06-02,btts|no||,btts,No,,,2.36,2.36,"[""Betfair Exchange""]","[""odds_api_io""]",1,,
soccer|sv grodig|tsv neumarkt|2026-06-02,spreads|sv grodig|2.00|home,spreads,SV Grodig,2.0,home,1.01,1.01,"[""Betfair Exchange""]","[""odds_api_io""]",1,,
soccer|sv grodig|tsv neumarkt|2026-06-02,spreads|tsv neumarkt|-2.00|away,spreads,TSV Neumarkt,-2.0,away,1.02,1.02,"[""Betfair Exchange""]","[""odds_api_io""]",1,,
soccer|oulun luistinseura|rovaniemen palloseura|2026-06-02,h2h|rovaniemen palloseura||home,h2h,Rovaniemen Palloseura,,home,2.32,2.32,"[""Betfair Exchange""]","[""odds_api_io""]",1,,
soccer|oulun luistinseura|rovaniemen palloseura|2026-06-02,h2h|draw||,h2h,Draw,,,4.0,4.0,"[""Betfair Exchange""]","[""odds_api_io""]",1,,
soccer|oulun luistinseura|rovaniemen palloseura|2026-06-02,h2h|oulun luistinseura||away,h2h,Oulun Luistinseura,,away,3.05,3.05,"[""Betfair Exchange""]","[""odds_api_io""]",1,,
soccer|oulun luistinseura|rovaniemen palloseura|2026-06-02,dnb|rovaniemen palloseura|0.00|home,dnb,Rovaniemen Palloseura,0.0,home,1.74,1.74,"[""Betfair Exchange""]","[""odds_api_io""]",1,,
soccer|oulun luistinseura|rovaniemen palloseura|2026-06-02,dnb|oulun luistinseura|0.00|away,dnb,Oulun Luistinseura,0.0,away,2.28,2.28,"[""Betfair Exchange""]","[""odds_api_io""]",1,,
soccer|oulun luistinseura|rovaniemen palloseura|2026-06-02,doubleChance|1x||,doubleChance,1X,,,1.47,1.47,"[""Betfair Exchange""]","[""odds_api_io""]",1,,
soccer|oulun luistinseura|rovaniemen palloseura|2026-06-02,doubleChance|12||,doubleChance,12,,,1.32,1.32,"[""Betfair Exchange""]","[""odds_api_io""]",1,,
soccer|oulun luistinseura|rovaniemen palloseura|2026-06-02,doubleChance|x2||,doubleChance,X2,,,1.73,1.73,"[""Betfair Exchange""]","[""odds_api_io""]",1,,
soccer|oulun luistinseura|rovaniemen palloseura|2026-06-02,spreads|rovaniemen palloseura|-0.75|home,spreads,Rovaniemen Palloseura,-0.75,home,2.68,2.68,"[""Betfair Exchange""]","[""odds_api_io""]",1,,
soccer|oulun luistinseura|rovaniemen palloseura|2026-06-02,spreads|oulun luistinseura|0.75|away,spreads,Oulun Luistinseura,0.75,away,1.55,1.55,"[""Betfair Exchange""]","[""odds_api_io""]",1,,
soccer|oulun luistinseura|rovaniemen palloseura|2026-06-02,spreads|rovaniemen palloseura|0.25|home,spreads,Rovaniemen Palloseura,0.25,home,1.58,1.58,"[""Betfair Exchange""]","[""odds_api_io""]",1,,
soccer|oulun luistinseura|rovaniemen palloseura|2026-06-02,spreads|oulun luistinseura|-0.25|away,spreads,Oulun Luistinseura,-0.25,away,2.67,2.67,"[""Betfair Exchange""]","[""odds_api_io""]",1,,
soccer|oulun luistinseura|rovaniemen palloseura|2026-06-02,spreads|rovaniemen palloseura|0.75|home,spreads,Rovaniemen Palloseura,0.75,home,1.34,1.34,"[""Betfair Exchange""]","[""odds_api_io""]",1,,
soccer|oulun luistinseura|rovaniemen palloseura|2026-06-02,spreads|oulun luistinseura|-0.75|away,spreads,Oulun Luistinseura,-0.75,away,3.71,3.71,"[""Betfair Exchange""]","[""odds_api_io""]",1,,
soccer|oulun luistinseura|rovaniemen palloseura|2026-06-02,spreads|rovaniemen palloseura|0.00|home,spreads,Rovaniemen Palloseura,0.0,home,1.74,1.74,"[""Betfair Exchange""]","[""odds_api_io""]",1,,
soccer|oulun luistinseura|rovaniemen palloseura|2026-06-02,spreads|oulun luistinseura|-0.00|away,spreads,Oulun Luistinseura,-0.0,away,2.29,2.29,"[""Betfair Exchange""]","[""odds_api_io""]",1,,
soccer|oulun luistinseura|rovaniemen palloseura|2026-06-02,spreads|rovaniemen palloseura|-0.25|home,spreads,Rovaniemen Palloseura,-0.25,home,2.03,2.03,"[""Betfair Exchange""]","[""odds_api_io""]",1,,
soccer|oulun luistinseura|rovaniemen palloseura|2026-06-02,spreads|oulun luistinseura|0.25|away,spreads,Oulun Luistinseura,0.25,away,1.93,1.93,"[""Betfair Exchange""]","[""odds_api_io""]",1,,
soccer|oulun luistinseura|rovaniemen palloseura|2026-06-02,spreads|rovaniemen palloseura|1.50|home,spreads,Rovaniemen Palloseura,1.5,home,1.17,1.17,"[""Betfair Exchange""]","[""odds_api_io""]",1,,
soccer|oulun luistinseura|rovaniemen palloseura|2026-06-02,spreads|oulun luistinseura|-1.50|away,spreads,Oulun Luistinseura,-1.5,away,6.0,6.0,"[""Betfair Exchange""]","[""odds_api_io""]",1,,
soccer|oulun luistinseura|rovaniemen palloseura|2026-06-02,spreads|rovaniemen palloseura|-1.00|home,spreads,Rovaniemen Palloseura,-1.0,home,4.1,3.6812,"[""Betfair Exchange""]","[""odds_api_io""]",2,5.55,
soccer|oulun luistinseura|rovaniemen palloseura|2026-06-02,spreads|oulun luistinseura|1.00|away,spreads,Oulun Luistinseura,1.0,away,1.73,1.5291,"[""Betfair Exchange""]","[""odds_api_io""]",2,15.189,
soccer|oulun luistinseura|rovaniemen palloseura|2026-06-02,spreads|rovaniemen palloseura|-1.50|home,spreads,Rovaniemen Palloseura,-1.5,home,4.12,4.12,"[""Betfair Exchange""]","[""odds_api_io""]",1,,
soccer|oulun luistinseura|rovaniemen palloseura|2026-06-02,spreads|oulun luistinseura|1.50|away,spreads,Oulun Luistinseura,1.5,away,1.27,1.27,"[""Betfair Exchange""]","[""odds_api_io""]",1,,
soccer|oulun luistinseura|rovaniemen palloseura|2026-06-02,spreads|rovaniemen palloseura|0.50|home,spreads,Rovaniemen Palloseura,0.5,home,1.47,1.47,"[""Betfair Exchange""]","[""odds_api_io""]",1,,
soccer|oulun luistinseura|rovaniemen palloseura|2026-06-02,spreads|oulun luistinseura|-0.50|away,spreads,Oulun Luistinseura,-0.5,away,3.05,3.05,"[""Betfair Exchange""]","[""odds_api_io""]",1,,
soccer|oulun luistinseura|rovaniemen palloseura|2026-06-02,spreads|rovaniemen palloseura|-1.25|home,spreads,Rovaniemen Palloseura,-1.25,home,3.73,3.73,"[""Betfair Exchange""]","[""odds_api_io""]",1,,
soccer|oulun luistinseura|rovaniemen palloseura|2026-06-02,spreads|oulun luistinseura|1.25|away,spreads,Oulun Luistinseura,1.25,away,1.31,1.31,"[""Betfair Exchange""]","[""odds_api_io""]",1,,
soccer|oulun luistinseura|rovaniemen palloseura|2026-06-02,spreads|rovaniemen palloseura|-0.50|home,spreads,Rovaniemen Palloseura,-0.5,home,2.32,2.32,"[""Betfair Exchange""]","[""odds_api_io""]",1,,
soccer|oulun luistinseura|rovaniemen palloseura|2026-06-02,spreads|oulun luistinseura|0.50|away,spreads,Oulun Luistinseura,0.5,away,1.73,1.73,"[""Betfair Exchange""]","[""odds_api_io""]",1,,
soccer|oulun luistinseura|rovaniemen palloseura|2026-06-02,spreads|rovaniemen palloseura|1.25|home,spreads,Rovaniemen Palloseura,1.25,home,1.19,1.19,"[""Betfair Exchange""]","[""odds_api_io""]",1,,
soccer|oulun luistinseura|rovaniemen palloseura|2026-06-02,spreads|oulun luistinseura|-1.25|away,spreads,Oulun Luistinseura,-1.25,away,5.51,5.51,"[""Betfair Exchange""]","[""odds_api_io""]",1,,
soccer|oulun luistinseura|rovaniemen palloseura|2026-06-02,spreads|rovaniemen palloseura|1.75|home,spreads,Rovaniemen Palloseura,1.75,home,1.11,1.11,"[""Betfair Exchange""]","[""odds_api_io""]",1,,
soccer|oulun luistinseura|rovaniemen palloseura|2026-06-02,spreads|oulun luistinseura|-1.75|away,spreads,Oulun Luistinseura,-1.75,away,8.14,8.14,"[""Betfair Exchange""]","[""odds_api_io""]",1,,
soccer|oulun luistinseura|rovaniemen palloseura|2026-06-02,spreads|rovaniemen palloseura|-1.75|home,spreads,Rovaniemen Palloseura,-1.75,home,5.28,5.28,"[""Betfair Exchange""]","[""odds_api_io""]",1,,
soccer|oulun luistinseura|rovaniemen palloseura|2026-06-02,spreads|oulun luistinseura|1.75|away,spreads,Oulun Luistinseura,1.75,away,1.19,1.19,"[""Betfair Exchange""]","[""odds_api_io""]",1,,
soccer|oulun luistinseura|rovaniemen palloseura|2026-06-02,spreads|rovaniemen palloseura|2.00|home,spreads,Rovaniemen Palloseura,2.0,home,1.17,1.1068,"[""Betfair Exchange""]","[""odds_api_io""]",2,9.768,
soccer|oulun luistinseura|rovaniemen palloseura|2026-06-02,spreads|oulun luistinseura|-2.00|away,spreads,Oulun Luistinseura,-2.0,away,15.0,14.2105,"[""Betfair Exchange""]","[""odds_api_io""]",2,0.741,
soccer|oulun luistinseura|rovaniemen palloseura|2026-06-02,spreads|rovaniemen palloseura|1.00|home,spreads,Rovaniemen Palloseura,1.0,home,1.47,1.3274,"[""Betfair Exchange""]","[""odds_api_io""]",2,14.617,
soccer|oulun luistinseura|rovaniemen palloseura|2026-06-02,spreads|oulun luistinseura|-1.00|away,spreads,Oulun Luistinseura,-1.0,away,6.0,5.4723,"[""Betfair Exchange""]","[""odds_api_io""]",2,3.214,
soccer|oulun luistinseura|rovaniemen palloseura|2026-06-02,spreads|rovaniemen palloseura|2.75|home,spreads,Rovaniemen Palloseura,2.75,home,1.03,1.03,"[""Betfair Exchange""]","[""odds_api_io""]",1,,
soccer|oulun luistinseura|rovaniemen palloseura|2026-06-02,spreads|oulun luistinseura|-2.75|away,spreads,Oulun Luistinseura,-2.75,away,21.07,21.07,"[""Betfair Exchange""]","[""odds_api_io""]",1,,
soccer|oulun luistinseura|rovaniemen palloseura|2026-06-02,spreads|rovaniemen palloseura|2.25|home,spreads,Rovaniemen Palloseura,2.25,home,1.05,1.05,"[""Betfair Exchange""]","[""odds_api_io""]",1,,
soccer|oulun luistinseura|rovaniemen palloseura|2026-06-02,spreads|oulun luistinseura|-2.25|away,spreads,Oulun Luistinseura,-2.25,away,14.25,14.25,"[""Betfair Exchange""]","[""odds_api_io""]",1,,
soccer|oulun luistinseura|rovaniemen palloseura|2026-06-02,spreads|rovaniemen palloseura|2.50|home,spreads,Rovaniemen Palloseura,2.5,home,1.05,1.05,"[""Betfair Exchange""]","[""odds_api_io""]",1,,
soccer|oulun luistinseura|rovaniemen palloseura|2026-06-02,spreads|oulun luistinseura|-2.50|away,spreads,Oulun Luistinseura,-2.5,away,15.0,15.0,"[""Betfair Exchange""]","[""odds_api_io""]",1,,
soccer|oulun luistinseura|rovaniemen palloseura|2026-06-02,spreads|rovaniemen palloseura|-3.00|home,spreads,Rovaniemen Palloseura,-3.0,home,19.5,18.8969,"[""Betfair Exchange""]","[""odds_api_io""]",2,0.327,
soccer|oulun luistinseura|rovaniemen palloseura|2026-06-02,spreads|oulun luistinseura|3.00|away,spreads,Oulun Luistinseura,3.0,away,1.1,1.0638,"[""Betfair Exchange""]","[""odds_api_io""]",2,6.178,
soccer|oulun luistinseura|rovaniemen palloseura|2026-06-02,spreads|rovaniemen palloseura|-2.75|home,spreads,Rovaniemen Palloseura,-2.75,home,11.94,11.94,"[""Betfair Exchange""]","[""odds_api_io""]",1,,
soccer|oulun luistinseura|rovaniemen palloseura|2026-06-02,spreads|oulun luistinseura|2.75|away,spreads,Oulun Luistinseura,2.75,away,1.07,1.07,"[""Betfair Exchange""]","[""odds_api_io""]",1,,
soccer|oulun luistinseura|rovaniemen palloseura|2026-06-02,spreads|rovaniemen palloseura|-3.25|home,spreads,Rovaniemen Palloseura,-3.25,home,18.91,18.91,"[""Betfair Exchange""]","[""odds_api_io""]",1,,
soccer|oulun luistinseura|rovaniemen palloseura|2026-06-02,spreads|oulun luistinseura|3.25|away,spreads,Oulun Luistinseura,3.25,away,1.03,1.03,"[""Betfair Exchange""]","[""odds_api_io""]",1,,
soccer|oulun luistinseura|rovaniemen palloseura|2026-06-02,spreads|rovaniemen palloseura|-3.75|home,spreads,Rovaniemen Palloseura,-3.75,home,19.5,19.5,"[""Betfair Exchange""]","[""odds_api_io""]",1,,
soccer|oulun luistinseura|rovaniemen palloseura|2026-06-02,spreads|oulun luistinseura|3.75|away,spreads,Oulun Luistinseura,3.75,away,1.01,1.01,"[""Betfair Exchange""]","[""odds_api_io""]",1,,
soccer|oulun luistinseura|rovaniemen palloseura|2026-06-02,spreads|rovaniemen palloseura|-3.50|home,spreads,Rovaniemen Palloseura,-3.5,home,19.5,19.5,"[""Betfair Exchange""]","[""odds_api_io""]",1,,
soccer|oulun luistinseura|rovaniemen palloseura|2026-06-02,spreads|oulun luistinseura|3.50|away,spreads,Oulun Luistinseura,3.5,away,1.03,1.03,"[""Betfair Exchange""]","[""odds_api_io""]",1,,
soccer|oulun luistinseura|rovaniemen palloseura|2026-06-02,spreads|rovaniemen palloseura|-2.25|home,spreads,Rovaniemen Palloseura,-2.25,home,8.4,8.4,"[""Betfair Exchange""]","[""odds_api_io""]",1,,
soccer|oulun luistinseura|rovaniemen palloseura|2026-06-02,spreads|oulun luistinseura|2.25|away,spreads,Oulun Luistinseura,2.25,away,1.11,1.11,"[""Betfair Exchange""]","[""odds_api_io""]",1,,
soccer|oulun luistinseura|rovaniemen palloseura|2026-06-02,spreads|rovaniemen palloseura|-2.00|home,spreads,Rovaniemen Palloseura,-2.0,home,9.0,8.3629,"[""Betfair Exchange""]","[""odds_api_io""]",2,1.693,
soccer|oulun luistinseura|rovaniemen palloseura|2026-06-02,spreads|oulun luistinseura|2.00|away,spreads,Oulun Luistinseura,2.0,away,1.27,1.1903,"[""Betfair Exchange""]","[""odds_api_io""]",2,10.546,
soccer|oulun luistinseura|rovaniemen palloseura|2026-06-02,spreads|rovaniemen palloseura|-2.50|home,spreads,Rovaniemen Palloseura,-2.5,home,9.0,9.0,"[""Betfair Exchange""]","[""odds_api_io""]",1,,
soccer|oulun luistinseura|rovaniemen palloseura|2026-06-02,spreads|oulun luistinseura|2.50|away,spreads,Oulun Luistinseura,2.5,away,1.1,1.1,"[""Betfair Exchange""]","[""odds_api_io""]",1,,
soccer|oulun luistinseura|rovaniemen palloseura|2026-06-02,spreads|rovaniemen palloseura|3.00|home,spreads,Rovaniemen Palloseura,3.0,home,1.05,1.0296,"[""Betfair Exchange""]","[""odds_api_io""]",2,3.772,
soccer|oulun luistinseura|rovaniemen palloseura|2026-06-02,spreads|oulun luistinseura|-3.00|away,spreads,Oulun Luistinseura,-3.0,away,38.0,37.2141,"[""Betfair Exchange""]","[""odds_api_io""]",2,0.111,
soccer|oulun luistinseura|rovaniemen palloseura|2026-06-02,spreads|rovaniemen palloseura|3.50|home,spreads,Rovaniemen Palloseura,3.5,home,1.01,1.01,"[""Betfair Exchange""]","[""odds_api_io""]",1,,
soccer|oulun luistinseura|rovaniemen palloseura|2026-06-02,spreads|oulun luistinseura|-3.50|away,spreads,Oulun Luistinseura,-3.5,away,38.0,38.0,"[""Betfair Exchange""]","[""odds_api_io""]",1,,
soccer|oulun luistinseura|rovaniemen palloseura|2026-06-02,spreads|rovaniemen palloseura|3.25|home,spreads,Rovaniemen Palloseura,3.25,home,1.01,1.01,"[""Betfair Exchange""]","[""odds_api_io""]",1,,
soccer|oulun luistinseura|rovaniemen palloseura|2026-06-02,spreads|oulun luistinseura|-3.25|away,spreads,Oulun Luistinseura,-3.25,away,37.23,37.23,"[""Betfair Exchange""]","[""odds_api_io""]",1,,
soccer|oulun luistinseura|rovaniemen palloseura|2026-06-02,totals|over|3.25|,totals,Over,3.25,,2.16,2.16,"[""Betfair Exchange""]","[""odds_api_io""]",1,,
soccer|oulun luistinseura|rovaniemen palloseura|2026-06-02,totals|under|3.25|,totals,Under,3.25,,1.8,1.8,"[""Betfair Exchange""]","[""odds_api_io""]",1,,
soccer|oulun luistinseura|rovaniemen palloseura|2026-06-02,totals|over|1.25|,totals,Over,1.25,,1.11,1.11,"[""Betfair Exchange""]","[""odds_api_io""]",1,,
soccer|oulun luistinseura|rovaniemen palloseura|2026-06-02,totals|under|1.25|,totals,Under,1.25,,8.63,8.63,"[""Betfair Exchange""]","[""odds_api_io""]",1,,
soccer|oulun luistinseura|rovaniemen palloseura|2026-06-02,totals|over|1.50|,totals,Over,1.5,,1.18,1.18,"[""Betfair Exchange""]","[""odds_api_io""]",1,,
soccer|oulun luistinseura|rovaniemen palloseura|2026-06-02,totals|under|1.50|,totals,Under,1.5,,6.0,6.0,"[""Betfair Exchange""]","[""odds_api_io""]",1,,
soccer|oulun luistinseura|rovaniemen palloseura|2026-06-02,totals|over|2.00|,totals,Over,2.0,,1.24,1.24,"[""Betfair Exchange""]","[""odds_api_io""]",1,,
soccer|oulun luistinseura|rovaniemen palloseura|2026-06-02,totals|under|2.00|,totals,Under,2.0,,4.66,4.66,"[""Betfair Exchange""]","[""odds_api_io""]",1,,
soccer|oulun luistinseura|rovaniemen palloseura|2026-06-02,totals|over|1.75|,totals,Over,1.75,,1.21,1.21,"[""Betfair Exchange""]","[""odds_api_io""]",1,,
soccer|oulun luistinseura|rovaniemen palloseura|2026-06-02,totals|under|1.75|,totals,Under,1.75,,5.25,5.25,"[""Betfair Exchange""]","[""odds_api_io""]",1,,
soccer|oulun luistinseura|rovaniemen palloseura|2026-06-02,totals|over|3.00|,totals,Over,3.0,,1.88,1.88,"[""Betfair Exchange""]","[""odds_api_io""]",1,,
soccer|oulun luistinseura|rovaniemen palloseura|2026-06-02,totals|under|3.00|,totals,Under,3.0,,2.03,2.03,"[""Betfair Exchange""]","[""odds_api_io""]",1,,
soccer|oulun luistinseura|rovaniemen palloseura|2026-06-02,totals|over|3.75|,totals,Over,3.75,,2.85,2.85,"[""Betfair Exchange""]","[""odds_api_io""]",1,,
soccer|oulun luistinseura|rovaniemen palloseura|2026-06-02,totals|under|3.75|,totals,Under,3.75,,1.49,1.49,"[""Betfair Exchange""]","[""odds_api_io""]",1,,
soccer|oulun luistinseura|rovaniemen palloseura|2026-06-02,totals|over|4.00|,totals,Over,4.0,,3.62,3.62,"[""Betfair Exchange""]","[""odds_api_io""]",1,,
soccer|oulun luistinseura|rovaniemen palloseura|2026-06-02,totals|under|4.00|,totals,Under,4.0,,1.34,1.34,"[""Betfair Exchange""]","[""odds_api_io""]",1,,
soccer|oulun luistinseura|rovaniemen palloseura|2026-06-02,totals|over|2.75|,totals,Over,2.75,,1.69,1.69,"[""Betfair Exchange""]","[""odds_api_io""]",1,,
soccer|oulun luistinseura|rovaniemen palloseura|2026-06-02,totals|under|2.75|,totals,Under,2.75,,2.31,2.31,"[""Betfair Exchange""]","[""odds_api_io""]",1,,
soccer|oulun luistinseura|rovaniemen palloseura|2026-06-02,totals|over|3.50|,totals,Over,3.5,,2.44,2.44,"[""Betfair Exchange""]","[""odds_api_io""]",1,,
soccer|oulun luistinseura|rovaniemen palloseura|2026-06-02,totals|under|3.50|,totals,Under,3.5,,1.66,1.66,"[""Betfair Exchange""]","[""odds_api_io""]",1,,
soccer|oulun luistinseura|rovaniemen palloseura|2026-06-02,totals|over|2.25|,totals,Over,2.25,,1.4,1.4,"[""Betfair Exchange""]","[""odds_api_io""]",1,,
soccer|oulun luistinseura|rovaniemen palloseura|2026-06-02,totals|under|2.25|,totals,Under,2.25,,3.3,3.3,"[""Betfair Exchange""]","[""odds_api_io""]",1,,
soccer|oulun luistinseura|rovaniemen palloseura|2026-06-02,totals|over|2.50|,totals,Over,2.5,,1.56,1.56,"[""Betfair Exchange""]","[""odds_api_io""]",1,,
soccer|oulun luistinseura|rovaniemen palloseura|2026-06-02,totals|under|2.50|,totals,Under,2.5,,2.68,2.68,"[""Betfair Exchange""]","[""odds_api_io""]",1,,
soccer|oulun luistinseura|rovaniemen palloseura|2026-06-02,totals|over|7.25|,totals,Over,7.25,,50.28,50.28,"[""Betfair Exchange""]","[""odds_api_io""]",1,,
soccer|oulun luistinseura|rovaniemen palloseura|2026-06-02,totals|under|7.25|,totals,Under,7.25,,1.01,1.01,"[""Betfair Exchange""]","[""odds_api_io""]",1,,
soccer|oulun luistinseura|rovaniemen palloseura|2026-06-02,totals|over|1.00|,totals,Over,1.0,,1.04,1.04,"[""Betfair Exchange""]","[""odds_api_io""]",1,,
soccer|oulun luistinseura|rovaniemen palloseura|2026-06-02,totals|under|1.00|,totals,Under,1.0,,13.99,13.99,"[""Betfair Exchange""]","[""odds_api_io""]",1,,
soccer|oulun luistinseura|rovaniemen palloseura|2026-06-02,totals|over|0.75|,totals,Over,0.75,,1.03,1.03,"[""Betfair Exchange""]","[""odds_api_io""]",1,,
soccer|oulun luistinseura|rovaniemen palloseura|2026-06-02,totals|under|0.75|,totals,Under,0.75,,14.7,14.7,"[""Betfair Exchange""]","[""odds_api_io""]",1,,
soccer|oulun luistinseura|rovaniemen palloseura|2026-06-02,totals|over|4.25|,totals,Over,4.25,,4.03,4.03,"[""Betfair Exchange""]","[""odds_api_io""]",1,,
soccer|oulun luistinseura|rovaniemen palloseura|2026-06-02,totals|under|4.25|,totals,Under,4.25,,1.3,1.3,"[""Betfair Exchange""]","[""odds_api_io""]",1,,
soccer|oulun luistinseura|rovaniemen palloseura|2026-06-02,totals|over|4.75|,totals,Over,4.75,,5.64,5.64,"[""Betfair Exchange""]","[""odds_api_io""]",1,,
soccer|oulun luistinseura|rovaniemen palloseura|2026-06-02,totals|under|4.75|,totals,Under,4.75,,1.19,1.19,"[""Betfair Exchange""]","[""odds_api_io""]",1,,
soccer|oulun luistinseura|rovaniemen palloseura|2026-06-02,totals|over|5.00|,totals,Over,5.0,,8.13,8.13,"[""Betfair Exchange""]","[""odds_api_io""]",1,,
soccer|oulun luistinseura|rovaniemen palloseura|2026-06-02,totals|under|5.00|,totals,Under,5.0,,1.12,1.12,"[""Betfair Exchange""]","[""odds_api_io""]",1,,
soccer|oulun luistinseura|rovaniemen palloseura|2026-06-02,totals|over|0.50|,totals,Over,0.5,,1.03,1.03,"[""Betfair Exchange""]","[""odds_api_io""]",1,,
soccer|oulun luistinseura|rovaniemen palloseura|2026-06-02,totals|under|0.50|,totals,Under,0.5,,24.0,24.0,"[""Betfair Exchange""]","[""odds_api_io""]",1,,
soccer|oulun luistinseura|rovaniemen palloseura|2026-06-02,totals|over|4.50|,totals,Over,4.5,,4.44,4.44,"[""Betfair Exchange""]","[""odds_api_io""]",1,,
soccer|oulun luistinseura|rovaniemen palloseura|2026-06-02,totals|under|4.50|,totals,Under,4.5,,1.27,1.27,"[""Betfair Exchange""]","[""odds_api_io""]",1,,
soccer|oulun luistinseura|rovaniemen palloseura|2026-06-02,totals|over|5.25|,totals,Over,5.25,,8.66,8.66,"[""Betfair Exchange""]","[""odds_api_io""]",1,,
soccer|oulun luistinseura|rovaniemen palloseura|2026-06-02,totals|under|5.25|,totals,Under,5.25,,1.12,1.12,"[""Betfair Exchange""]","[""odds_api_io""]",1,,
soccer|oulun luistinseura|rovaniemen palloseura|2026-06-02,totals|over|6.00|,totals,Over,6.0,,19.71,19.71,"[""Betfair Exchange""]","[""odds_api_io""]",1,,
soccer|oulun luistinseura|rovaniemen palloseura|2026-06-02,totals|under|6.00|,totals,Under,6.0,,1.04,1.04,"[""Betfair Exchange""]","[""odds_api_io""]",1,,
soccer|oulun luistinseura|rovaniemen palloseura|2026-06-02,totals|over|5.75|,totals,Over,5.75,,12.4,12.4,"[""Betfair Exchange""]","[""odds_api_io""]",1,,
soccer|oulun luistinseura|rovaniemen palloseura|2026-06-02,totals|under|5.75|,totals,Under,5.75,,1.06,1.06,"[""Betfair Exchange""]","[""odds_api_io""]",1,,
soccer|oulun luistinseura|rovaniemen palloseura|2026-06-02,totals|over|6.50|,totals,Over,6.5,,21.0,21.0,"[""Betfair Exchange""]","[""odds_api_io""]",1,,
soccer|oulun luistinseura|rovaniemen palloseura|2026-06-02,totals|under|6.50|,totals,Under,6.5,,1.04,1.04,"[""Betfair Exchange""]","[""odds_api_io""]",1,,
soccer|oulun luistinseura|rovaniemen palloseura|2026-06-02,totals|over|6.25|,totals,Over,6.25,,20.35,20.35,"[""Betfair Exchange""]","[""odds_api_io""]",1,,
soccer|oulun luistinseura|rovaniemen palloseura|2026-06-02,totals|under|6.25|,totals,Under,6.25,,1.04,1.04,"[""Betfair Exchange""]","[""odds_api_io""]",1,,
soccer|oulun luistinseura|rovaniemen palloseura|2026-06-02,totals|over|6.75|,totals,Over,6.75,,29.94,29.94,"[""Betfair Exchange""]","[""odds_api_io""]",1,,
soccer|oulun luistinseura|rovaniemen palloseura|2026-06-02,totals|under|6.75|,totals,Under,6.75,,1.01,1.01,"[""Betfair Exchange""]","[""odds_api_io""]",1,,
soccer|oulun luistinseura|rovaniemen palloseura|2026-06-02,totals|over|5.50|,totals,Over,5.5,,9.2,9.2,"[""Betfair Exchange""]","[""odds_api_io""]",1,,
soccer|oulun luistinseura|rovaniemen palloseura|2026-06-02,totals|under|5.50|,totals,Under,5.5,,1.11,1.11,"[""Betfair Exchange""]","[""odds_api_io""]",1,,
soccer|oulun luistinseura|rovaniemen palloseura|2026-06-02,totals|over|7.50|,totals,Over,7.5,,51.0,51.0,"[""Betfair Exchange""]","[""odds_api_io""]",1,,
soccer|oulun luistinseura|rovaniemen palloseura|2026-06-02,totals|under|7.50|,totals,Under,7.5,,1.01,1.01,"[""Betfair Exchange""]","[""odds_api_io""]",1,,
soccer|oulun luistinseura|rovaniemen palloseura|2026-06-02,totals|over|7.00|,totals,Over,7.0,,49.57,49.57,"[""Betfair Exchange""]","[""odds_api_io""]",1,,
soccer|oulun luistinseura|rovaniemen palloseura|2026-06-02,totals|under|7.00|,totals,Under,7.0,,1.01,1.01,"[""Betfair Exchange""]","[""odds_api_io""]",1,,
soccer|oulun luistinseura|rovaniemen palloseura|2026-06-02,btts|yes||,btts,Yes,,,1.54,1.54,"[""Betfair Exchange""]","[""odds_api_io""]",1,,
soccer|oulun luistinseura|rovaniemen palloseura|2026-06-02,btts|no||,btts,No,,,2.74,2.74,"[""Betfair Exchange""]","[""odds_api_io""]",1,,
soccer|colombia|saudi arabia|2026-06-02,h2h|saudi arabia||home,h2h,Saudi Arabia,,home,5.0,4.4646,"[""Bet365"", ""Betfair Exchange"", ""Sbobet""]","[""odds_api_io""]",3,3.81,
soccer|colombia|saudi arabia|2026-06-02,h2h|draw||,h2h,Draw,,,3.8,3.6579,"[""Bet365"", ""Betfair Exchange"", ""Sbobet""]","[""odds_api_io""]",3,2.754,
soccer|colombia|saudi arabia|2026-06-02,h2h|colombia||away,h2h,Colombia,,away,1.74,1.6898,"[""Bet365"", ""Betfair Exchange"", ""Sbobet""]","[""odds_api_io""]",3,3.135,
soccer|colombia|saudi arabia|2026-06-02,dnb|saudi arabia|0.00|home,dnb,Saudi Arabia,0.0,home,3.75,3.4867,"[""Bet365"", ""Betfair Exchange""]","[""odds_api_io""]",2,4.103,
soccer|colombia|saudi arabia|2026-06-02,dnb|colombia|0.00|away,dnb,Colombia,0.0,away,1.333,1.3212,"[""Bet365"", ""Betfair Exchange""]","[""odds_api_io""]",2,1.317,
soccer|colombia|saudi arabia|2026-06-02,spreads|saudi arabia|0.75|home,spreads,Saudi Arabia,0.75,home,2.0,1.9497,"[""Bet365"", ""Betfair Exchange"", ""Sbobet""]","[""odds_api_io""]",3,2.632,
soccer|colombia|saudi arabia|2026-06-02,spreads|colombia|-0.75|away,spreads,Colombia,-0.75,away,1.94,1.9094,"[""Bet365"", ""Betfair Exchange"", ""Sbobet""]","[""odds_api_io""]",3,2.508,
soccer|colombia|saudi arabia|2026-06-02,totals|over|2.50|,totals,Over,2.5,,1.91,1.8837,"[""Bet365"", ""Betfair Exchange"", ""Sbobet""]","[""odds_api_io""]",4,1.698,
soccer|colombia|saudi arabia|2026-06-02,totals|under|2.50|,totals,Under,2.5,,1.95,1.926,"[""Bet365"", ""Betfair Exchange"", ""Sbobet""]","[""odds_api_io""]",4,1.074,
soccer|colombia|saudi arabia|2026-06-02,btts|yes||,btts,Yes,,,1.86,1.8466,"[""Bet365"", ""Betfair Exchange""]","[""odds_api_io""]",2,0.792,
soccer|colombia|saudi arabia|2026-06-02,btts|no||,btts,No,,,1.98,1.905,"[""Bet365"", ""Betfair Exchange""]","[""odds_api_io""]",2,4.05,
soccer|colombia|saudi arabia|2026-06-02,spreads|saudi arabia|1.00|home,spreads,Saudi Arabia,1.0,home,2.24,1.8603,"[""Bet365"", ""Betfair Exchange""]","[""odds_api_io""]",4,17.857,
soccer|colombia|saudi arabia|2026-06-02,spreads|colombia|1.00|away,spreads,Colombia,1.0,away,2.875,1.4021,"[""Bet365"", ""Betfair Exchange""]","[""odds_api_io""]",3,60.455,
soccer|colombia|saudi arabia|2026-06-02,spreads|saudi arabia|-2.00|home,spreads,Saudi Arabia,-2.0,home,50.0,35.6566,"[""Bet365"", ""Betfair Exchange""]","[""odds_api_io""]",3,2.348,
soccer|colombia|saudi arabia|2026-06-02,spreads|colombia|2.00|away,spreads,Colombia,2.0,away,5.5,1.3937,"[""Bet365"", ""Betfair Exchange""]","[""odds_api_io""]",3,80.828,
soccer|colombia|saudi arabia|2026-06-02,spreads|saudi arabia|2.00|home,spreads,Saudi Arabia,2.0,home,1.48,1.283,"[""Bet365"", ""Betfair Exchange""]","[""odds_api_io""]",4,17.903,
soccer|colombia|saudi arabia|2026-06-02,spreads|colombia|-2.00|away,spreads,Colombia,-2.0,away,6.0,2.6539,"[""Bet365"", ""Betfair Exchange""]","[""odds_api_io""]",4,78.571,
soccer|colombia|saudi arabia|2026-06-02,spreads|saudi arabia|3.00|home,spreads,Saudi Arabia,3.0,home,1.12,1.0822,"[""Bet365"", ""Betfair Exchange""]","[""odds_api_io""]",3,6.868,
soccer|colombia|saudi arabia|2026-06-02,spreads|colombia|3.00|away,spreads,Colombia,3.0,away,12.0,1.835,"[""Bet365"", ""Betfair Exchange""]","[""odds_api_io""]",2,90.677,
soccer|colombia|saudi arabia|2026-06-02,teamTotals|over|2.50|,teamTotals,Over,2.5,,8.0,5.1064,"[""Bet365""]","[""odds_api_io""]",2,14.167,
soccer|colombia|saudi arabia|2026-06-02,teamTotals|under|2.50|,teamTotals,Under,2.5,,1.25,1.1484,"[""Bet365""]","[""odds_api_io""]",2,14.162,
soccer|colombia|saudi arabia|2026-06-02,teamTotals|over|5.50|,teamTotals,Over,5.5,,21.0,21.0,"[""Bet365""]","[""odds_api_io""]",1,,
soccer|colombia|saudi arabia|2026-06-02,teamTotals|under|5.50|,teamTotals,Under,5.5,,1.002,1.002,"[""Bet365""]","[""odds_api_io""]",1,,
soccer|colombia|saudi arabia|2026-06-02,teamTotals|over|0.50|,teamTotals,Over,0.5,,1.5,1.3121,"[""Bet365""]","[""odds_api_io""]",2,19.097,
soccer|colombia|saudi arabia|2026-06-02,teamTotals|under|0.50|,teamTotals,Under,0.5,,4.5,3.2143,"[""Bet365""]","[""odds_api_io""]",2,17.778,
soccer|colombia|saudi arabia|2026-06-02,teamTotals|over|1.50|,teamTotals,Over,1.5,,3.4,2.3819,"[""Bet365""]","[""odds_api_io""]",2,25.144,
soccer|colombia|saudi arabia|2026-06-02,teamTotals|under|1.50|,teamTotals,Under,1.5,,1.833,1.5212,"[""Bet365""]","[""odds_api_io""]",2,22.368,
soccer|colombia|saudi arabia|2026-06-02,teamTotals|over|3.50|,teamTotals,Over,3.5,,15.0,10.0,"[""Bet365""]","[""odds_api_io""]",2,6.667,
soccer|colombia|saudi arabia|2026-06-02,teamTotals|under|3.50|,teamTotals,Under,3.5,,1.071,1.0396,"[""Bet365""]","[""odds_api_io""]",2,5.639,
soccer|colombia|saudi arabia|2026-06-02,teamTotals|over|4.50|,teamTotals,Over,4.5,,12.0,12.0,"[""Bet365""]","[""odds_api_io""]",1,,
soccer|colombia|saudi arabia|2026-06-02,teamTotals|under|4.50|,teamTotals,Under,4.5,,1.015,1.015,"[""Bet365""]","[""odds_api_io""]",1,,
soccer|colombia|saudi arabia|2026-06-02,spreads|saudi arabia|-0.50|home,spreads,Saudi Arabia,-0.5,home,5.0,4.5136,"[""Bet365"", ""Betfair Exchange""]","[""odds_api_io""]",2,4.39,
soccer|colombia|saudi arabia|2026-06-02,spreads|colombia|0.50|away,spreads,Colombia,0.5,away,1.725,1.4178,"[""Bet365"", ""Betfair Exchange""]","[""odds_api_io""]",2,24.674,
soccer|colombia|saudi arabia|2026-06-02,spreads|saudi arabia|-0.25|home,spreads,Saudi Arabia,-0.25,home,4.38,3.929,"[""Bet365"", ""Betfair Exchange""]","[""odds_api_io""]",2,5.338,
soccer|colombia|saudi arabia|2026-06-02,spreads|colombia|0.25|away,spreads,Colombia,0.25,away,1.525,1.3714,"[""Bet365"", ""Betfair Exchange""]","[""odds_api_io""]",2,14.426,
soccer|colombia|saudi arabia|2026-06-02,spreads|saudi arabia|0.00|home,spreads,Saudi Arabia,0.0,home,3.77,3.5236,"[""Bet365"", ""Betfair Exchange""]","[""odds_api_io""]",2,3.778,
soccer|colombia|saudi arabia|2026-06-02,spreads|colombia|-0.00|away,spreads,Colombia,-0.0,away,1.325,1.3173,"[""Bet365"", ""Betfair Exchange""]","[""odds_api_io""]",2,0.864,
soccer|colombia|saudi arabia|2026-06-02,spreads|saudi arabia|0.25|home,spreads,Saudi Arabia,0.25,home,2.72,2.5667,"[""Bet365"", ""Betfair Exchange""]","[""odds_api_io""]",2,4.472,
soccer|colombia|saudi arabia|2026-06-02,spreads|colombia|-0.25|away,spreads,Colombia,-0.25,away,1.52,1.389,"[""Bet365"", ""Betfair Exchange""]","[""odds_api_io""]",2,12.642,
soccer|colombia|saudi arabia|2026-06-02,spreads|saudi arabia|0.50|home,spreads,Saudi Arabia,0.5,home,2.25,2.1702,"[""Bet365"", ""Betfair Exchange"", ""Sbobet""]","[""odds_api_io""]",3,3.748,
soccer|colombia|saudi arabia|2026-06-02,spreads|colombia|-0.50|away,spreads,Colombia,-0.5,away,1.74,1.5128,"[""Bet365"", ""Betfair Exchange"", ""Sbobet""]","[""odds_api_io""]",3,24.161,
soccer|colombia|saudi arabia|2026-06-02,spreads|saudi arabia|1.25|home,spreads,Saudi Arabia,1.25,home,1.58,1.5266,"[""Bet365"", ""Betfair Exchange""]","[""odds_api_io""]",2,4.505,
soccer|colombia|saudi arabia|2026-06-02,spreads|colombia|-1.25|away,spreads,Colombia,-1.25,away,2.6,2.5268,"[""Bet365"", ""Betfair Exchange""]","[""odds_api_io""]",2,2.189,
soccer|colombia|saudi arabia|2026-06-02,spreads|saudi arabia|1.50|home,spreads,Saudi Arabia,1.5,home,1.48,1.4396,"[""Bet365"", ""Betfair Exchange""]","[""odds_api_io""]",2,3.861,
soccer|colombia|saudi arabia|2026-06-02,spreads|colombia|-1.50|away,spreads,Colombia,-1.5,away,2.85,2.8035,"[""Bet365"", ""Betfair Exchange""]","[""odds_api_io""]",2,1.144,
soccer|colombia|saudi arabia|2026-06-02,spreads|saudi arabia|2.25|home,spreads,Saudi Arabia,2.25,home,1.15,1.1449,"[""Bet365"", ""Betfair Exchange""]","[""odds_api_io""]",2,0.763,
soccer|colombia|saudi arabia|2026-06-02,spreads|colombia|-2.25|away,spreads,Colombia,-2.25,away,5.5,5.4847,"[""Bet365"", ""Betfair Exchange""]","[""odds_api_io""]",2,0.1,
soccer|colombia|saudi arabia|2026-06-02,spreads|saudi arabia|2.50|home,spreads,Saudi Arabia,2.5,home,1.13,1.1249,"[""Bet365"", ""Betfair Exchange""]","[""odds_api_io""]",2,0.79,
soccer|colombia|saudi arabia|2026-06-02,spreads|colombia|-2.50|away,spreads,Colombia,-2.5,away,6.0,5.9505,"[""Bet365"", ""Betfair Exchange""]","[""odds_api_io""]",2,0.282,
soccer|colombia|saudi arabia|2026-06-02,spreads|saudi arabia|-0.75|home,spreads,Saudi Arabia,-0.75,home,6.88,6.1255,"[""Bet365"", ""Betfair Exchange""]","[""odds_api_io""]",2,3.647,
soccer|colombia|saudi arabia|2026-06-02,spreads|colombia|0.75|away,spreads,Colombia,0.75,away,1.15,1.1397,"[""Bet365"", ""Betfair Exchange""]","[""odds_api_io""]",2,1.539,
soccer|colombia|saudi arabia|2026-06-02,spreads|colombia|-1.00|away,spreads,Colombia,-1.0,away,2.76,2.3859,"[""Bet365"", ""Betfair Exchange""]","[""odds_api_io""]",3,9.851,
soccer|colombia|saudi arabia|2026-06-02,spreads|saudi arabia|1.75|home,spreads,Saudi Arabia,1.75,home,1.32,1.2975,"[""Bet365"", ""Betfair Exchange""]","[""odds_api_io""]",2,2.674,
soccer|colombia|saudi arabia|2026-06-02,spreads|colombia|-1.75|away,spreads,Colombia,-1.75,away,3.55,3.4773,"[""Bet365"", ""Betfair Exchange""]","[""odds_api_io""]",2,1.156,
soccer|colombia|saudi arabia|2026-06-02,doubleChance|1x||,doubleChance,1X,,,2.24,2.24,"[""Betfair Exchange""]","[""odds_api_io""]",1,,
soccer|colombia|saudi arabia|2026-06-02,doubleChance|12||,doubleChance,12,,,1.3,1.3,"[""Betfair Exchange""]","[""odds_api_io""]",1,,
soccer|colombia|saudi arabia|2026-06-02,doubleChance|x2||,doubleChance,X2,,,1.21,1.21,"[""Betfair Exchange""]","[""odds_api_io""]",1,,
soccer|colombia|saudi arabia|2026-06-02,spreads|saudi arabia|-1.25|home,spreads,Saudi Arabia,-1.25,home,12.22,12.22,"[""Betfair Exchange""]","[""odds_api_io""]",1,,
soccer|colombia|saudi arabia|2026-06-02,spreads|colombia|1.25|away,spreads,Colombia,1.25,away,1.05,1.05,"[""Betfair Exchange""]","[""odds_api_io""]",1,,
soccer|colombia|saudi arabia|2026-06-02,spreads|saudi arabia|-2.50|home,spreads,Saudi Arabia,-2.5,home,50.0,50.0,"[""Betfair Exchange""]","[""odds_api_io""]",1,,
soccer|colombia|saudi arabia|2026-06-02,spreads|colombia|2.50|away,spreads,Colombia,2.5,away,1.01,1.01,"[""Betfair Exchange""]","[""odds_api_io""]",1,,
soccer|colombia|saudi arabia|2026-06-02,spreads|saudi arabia|3.25|home,spreads,Saudi Arabia,3.25,home,1.04,1.04,"[""Betfair Exchange""]","[""odds_api_io""]",1,,
soccer|colombia|saudi arabia|2026-06-02,spreads|colombia|-3.25|away,spreads,Colombia,-3.25,away,14.7,14.7,"[""Betfair Exchange""]","[""odds_api_io""]",1,,
soccer|colombia|saudi arabia|2026-06-02,spreads|saudi arabia|-1.75|home,spreads,Saudi Arabia,-1.75,home,20.2,20.2,"[""Betfair Exchange""]","[""odds_api_io""]",1,,
soccer|colombia|saudi arabia|2026-06-02,spreads|colombia|1.75|away,spreads,Colombia,1.75,away,1.02,1.02,"[""Betfair Exchange""]","[""odds_api_io""]",1,,
soccer|colombia|saudi arabia|2026-06-02,spreads|saudi arabia|-1.50|home,spreads,Saudi Arabia,-1.5,home,13.0,13.0,"[""Betfair Exchange""]","[""odds_api_io""]",1,,
soccer|colombia|saudi arabia|2026-06-02,spreads|colombia|1.50|away,spreads,Colombia,1.5,away,1.04,1.04,"[""Betfair Exchange""]","[""odds_api_io""]",1,,
soccer|colombia|saudi arabia|2026-06-02,spreads|saudi arabia|3.50|home,spreads,Saudi Arabia,3.5,home,1.03,1.03,"[""Betfair Exchange""]","[""odds_api_io""]",1,,
soccer|colombia|saudi arabia|2026-06-02,spreads|colombia|-3.50|away,spreads,Colombia,-3.5,away,15.5,15.5,"[""Betfair Exchange""]","[""odds_api_io""]",1,,
soccer|colombia|saudi arabia|2026-06-02,spreads|saudi arabia|-2.25|home,spreads,Saudi Arabia,-2.25,home,48.57,48.57,"[""Betfair Exchange""]","[""odds_api_io""]",1,,
soccer|colombia|saudi arabia|2026-06-02,spreads|colombia|2.25|away,spreads,Colombia,2.25,away,1.01,1.01,"[""Betfair Exchange""]","[""odds_api_io""]",1,,
soccer|colombia|saudi arabia|2026-06-02,spreads|saudi arabia|3.75|home,spreads,Saudi Arabia,3.75,home,1.01,1.01,"[""Betfair Exchange""]","[""odds_api_io""]",1,,
soccer|colombia|saudi arabia|2026-06-02,spreads|colombia|-3.75|away,spreads,Colombia,-3.75,away,15.5,15.5,"[""Betfair Exchange""]","[""odds_api_io""]",1,,
soccer|colombia|saudi arabia|2026-06-02,spreads|saudi arabia|-1.00|home,spreads,Saudi Arabia,-1.0,home,13.0,12.1702,"[""Betfair Exchange""]","[""odds_api_io""]",2,1.049,
soccer|colombia|saudi arabia|2026-06-02,spreads|colombia|-3.00|away,spreads,Colombia,-3.0,away,15.5,14.662,"[""Betfair Exchange""]","[""odds_api_io""]",2,0.737,
soccer|colombia|saudi arabia|2026-06-02,spreads|saudi arabia|2.75|home,spreads,Saudi Arabia,2.75,home,1.08,1.08,"[""Betfair Exchange""]","[""odds_api_io""]",1,,
soccer|colombia|saudi arabia|2026-06-02,spreads|colombia|-2.75|away,spreads,Colombia,-2.75,away,8.2,8.2,"[""Betfair Exchange""]","[""odds_api_io""]",1,,
soccer|colombia|saudi arabia|2026-06-02,totals|over|1.75|,totals,Over,1.75,,1.35,1.35,"[""Betfair Exchange""]","[""odds_api_io""]",1,,
soccer|colombia|saudi arabia|2026-06-02,totals|under|1.75|,totals,Under,1.75,,3.29,3.29,"[""Betfair Exchange""]","[""odds_api_io""]",1,,
soccer|colombia|saudi arabia|2026-06-02,totals|over|5.50|,totals,Over,5.5,,16.0,16.0,"[""Betfair Exchange""]","[""odds_api_io""]",1,,
soccer|colombia|saudi arabia|2026-06-02,totals|under|5.50|,totals,Under,5.5,,1.04,1.04,"[""Betfair Exchange""]","[""odds_api_io""]",1,,
soccer|colombia|saudi arabia|2026-06-02,totals|over|5.00|,totals,Over,5.0,,14.71,14.71,"[""Betfair Exchange""]","[""odds_api_io""]",1,,
soccer|colombia|saudi arabia|2026-06-02,totals|under|5.00|,totals,Under,5.0,,1.04,1.04,"[""Betfair Exchange""]","[""odds_api_io""]",1,,
soccer|colombia|saudi arabia|2026-06-02,totals|over|3.00|,totals,Over,3.0,,2.59,2.59,"[""Betfair Exchange""]","[""odds_api_io""]",1,,
soccer|colombia|saudi arabia|2026-06-02,totals|under|3.00|,totals,Under,3.0,,1.5,1.5,"[""Betfair Exchange""]","[""odds_api_io""]",1,,
soccer|colombia|saudi arabia|2026-06-02,totals|over|2.75|,totals,Over,2.75,,2.18,2.1552,"[""Betfair Exchange"", ""Sbobet""]","[""odds_api_io""]",2,1.077,
soccer|colombia|saudi arabia|2026-06-02,totals|under|2.75|,totals,Under,2.75,,1.71,1.7051,"[""Betfair Exchange"", ""Sbobet""]","[""odds_api_io""]",2,0.344,
soccer|colombia|saudi arabia|2026-06-02,totals|over|5.25|,totals,Over,5.25,,15.35,15.35,"[""Betfair Exchange""]","[""odds_api_io""]",1,,
soccer|colombia|saudi arabia|2026-06-02,totals|under|5.25|,totals,Under,5.25,,1.04,1.04,"[""Betfair Exchange""]","[""odds_api_io""]",1,,
soccer|colombia|saudi arabia|2026-06-02,totals|over|3.50|,totals,Over,3.5,,3.3,3.3,"[""Betfair Exchange""]","[""odds_api_io""]",1,,
soccer|colombia|saudi arabia|2026-06-02,totals|under|3.50|,totals,Under,3.5,,1.35,1.35,"[""Betfair Exchange""]","[""odds_api_io""]",1,,
soccer|colombia|saudi arabia|2026-06-02,totals|over|1.25|,totals,Over,1.25,,1.18,1.18,"[""Betfair Exchange""]","[""odds_api_io""]",1,,
soccer|colombia|saudi arabia|2026-06-02,totals|under|1.25|,totals,Under,1.25,,5.16,5.16,"[""Betfair Exchange""]","[""odds_api_io""]",1,,
soccer|colombia|saudi arabia|2026-06-02,totals|over|0.75|,totals,Over,0.75,,1.06,1.06,"[""Betfair Exchange""]","[""odds_api_io""]",1,,
soccer|colombia|saudi arabia|2026-06-02,totals|under|0.75|,totals,Under,0.75,,5.29,5.29,"[""Betfair Exchange""]","[""odds_api_io""]",1,,
soccer|colombia|saudi arabia|2026-06-02,totals|over|6.00|,totals,Over,6.0,,40.52,40.52,"[""Betfair Exchange""]","[""odds_api_io""]",1,,
soccer|colombia|saudi arabia|2026-06-02,totals|under|6.00|,totals,Under,6.0,,1.01,1.01,"[""Betfair Exchange""]","[""odds_api_io""]",1,,
soccer|colombia|saudi arabia|2026-06-02,totals|over|7.50|,totals,Over,7.5,,130.0,130.0,"[""Betfair Exchange""]","[""odds_api_io""]",1,,
soccer|colombia|saudi arabia|2026-06-02,totals|under|7.50|,totals,Under,7.5,,1.01,1.01,"[""Betfair Exchange""]","[""odds_api_io""]",1,,
soccer|colombia|saudi arabia|2026-06-02,totals|over|2.00|,totals,Over,2.0,,1.44,1.44,"[""Betfair Exchange""]","[""odds_api_io""]",1,,
soccer|colombia|saudi arabia|2026-06-02,totals|under|2.00|,totals,Under,2.0,,2.8,2.8,"[""Betfair Exchange""]","[""odds_api_io""]",1,,
soccer|colombia|saudi arabia|2026-06-02,totals|over|2.25|,totals,Over,2.25,,1.68,1.68,"[""Betfair Exchange""]","[""odds_api_io""]",1,,
soccer|colombia|saudi arabia|2026-06-02,totals|under|2.25|,totals,Under,2.25,,2.21,2.21,"[""Betfair Exchange""]","[""odds_api_io""]",1,,
soccer|colombia|saudi arabia|2026-06-02,totals|over|4.25|,totals,Over,4.25,,6.43,6.43,"[""Betfair Exchange""]","[""odds_api_io""]",1,,
soccer|colombia|saudi arabia|2026-06-02,totals|under|4.25|,totals,Under,4.25,,1.14,1.14,"[""Betfair Exchange""]","[""odds_api_io""]",1,,
soccer|colombia|saudi arabia|2026-06-02,totals|over|5.75|,totals,Over,5.75,,22.72,22.72,"[""Betfair Exchange""]","[""odds_api_io""]",1,,
soccer|colombia|saudi arabia|2026-06-02,totals|under|5.75|,totals,Under,5.75,,1.01,1.01,"[""Betfair Exchange""]","[""odds_api_io""]",1,,
soccer|colombia|saudi arabia|2026-06-02,totals|over|6.25|,totals,Over,6.25,,41.25,41.25,"[""Betfair Exchange""]","[""odds_api_io""]",1,,
soccer|colombia|saudi arabia|2026-06-02,totals|under|6.25|,totals,Under,6.25,,1.01,1.01,"[""Betfair Exchange""]","[""odds_api_io""]",1,,
soccer|colombia|saudi arabia|2026-06-02,totals|over|1.50|,totals,Over,1.5,,1.3,1.3,"[""Betfair Exchange""]","[""odds_api_io""]",1,,
soccer|colombia|saudi arabia|2026-06-02,totals|under|1.50|,totals,Under,1.5,,3.7,3.7,"[""Betfair Exchange""]","[""odds_api_io""]",1,,
soccer|colombia|saudi arabia|2026-06-02,totals|over|1.00|,totals,Over,1.0,,1.07,1.07,"[""Betfair Exchange""]","[""odds_api_io""]",1,,
soccer|colombia|saudi arabia|2026-06-02,totals|under|1.00|,totals,Under,1.0,,9.86,9.86,"[""Betfair Exchange""]","[""odds_api_io""]",1,,
soccer|colombia|saudi arabia|2026-06-02,totals|over|6.50|,totals,Over,6.5,,42.0,42.0,"[""Betfair Exchange""]","[""odds_api_io""]",1,,
soccer|colombia|saudi arabia|2026-06-02,totals|under|6.50|,totals,Under,6.5,,1.01,1.01,"[""Betfair Exchange""]","[""odds_api_io""]",1,,
soccer|colombia|saudi arabia|2026-06-02,totals|over|4.75|,totals,Over,4.75,,9.5,9.5,"[""Betfair Exchange""]","[""odds_api_io""]",1,,
soccer|colombia|saudi arabia|2026-06-02,totals|under|4.75|,totals,Under,4.75,,1.08,1.08,"[""Betfair Exchange""]","[""odds_api_io""]",1,,
soccer|colombia|saudi arabia|2026-06-02,totals|over|4.50|,totals,Over,4.5,,7.0,7.0,"[""Betfair Exchange""]","[""odds_api_io""]",1,,
soccer|colombia|saudi arabia|2026-06-02,totals|under|4.50|,totals,Under,4.5,,1.13,1.13,"[""Betfair Exchange""]","[""odds_api_io""]",1,,
soccer|colombia|saudi arabia|2026-06-02,totals|over|3.25|,totals,Over,3.25,,2.94,2.94,"[""Betfair Exchange""]","[""odds_api_io""]",1,,
soccer|colombia|saudi arabia|2026-06-02,totals|under|3.25|,totals,Under,3.25,,1.41,1.41,"[""Betfair Exchange""]","[""odds_api_io""]",1,,
soccer|colombia|saudi arabia|2026-06-02,totals|over|3.75|,totals,Over,3.75,,4.12,4.12,"[""Betfair Exchange""]","[""odds_api_io""]",1,,
soccer|colombia|saudi arabia|2026-06-02,totals|under|3.75|,totals,Under,3.75,,1.22,1.22,"[""Betfair Exchange""]","[""odds_api_io""]",1,,
soccer|colombia|saudi arabia|2026-06-02,totals|over|0.50|,totals,Over,0.5,,1.06,1.06,"[""Betfair Exchange""]","[""odds_api_io""]",1,,
soccer|colombia|saudi arabia|2026-06-02,totals|under|0.50|,totals,Under,0.5,,13.5,13.5,"[""Betfair Exchange""]","[""odds_api_io""]",1,,
soccer|colombia|saudi arabia|2026-06-02,totals|over|4.00|,totals,Over,4.0,,5.87,5.87,"[""Betfair Exchange""]","[""odds_api_io""]",1,,
soccer|colombia|saudi arabia|2026-06-02,totals|under|4.00|,totals,Under,4.0,,1.15,1.15,"[""Betfair Exchange""]","[""odds_api_io""]",1,,
soccer|colombia|saudi arabia|2026-06-02,spreads|saudi arabia|-3.00|home,spreads,Saudi Arabia,-3.0,home,1.01,1.01,"[""Betfair Exchange""]","[""odds_api_io""]",1,,
soccer|georgia|romania|2026-06-02,h2h|georgia||home,h2h,Georgia,,home,2.3,2.185,"[""Bet365"", ""Unibet"", ""Betfair Exchange"", ""Sbobet"", ""oddssafari-consensus"", ""1xbet"", ""pinnacle"", ""interwetten"", ""unibet"", ""novibet"", ""bwin"", ""sportingbet"", ""betway"", ""888sport"", ""william-hill"", ""bet365"", ""betsson"", ""marathon"", ""bzzoiro"", ""bzzoiro-consensus""]","[""odds_api_io"", ""bzzoiro""]",20,4.599,
soccer|georgia|romania|2026-06-02,h2h|draw||,h2h,Draw,,,3.5,3.208,"[""Bet365"", ""Unibet"", ""Betfair Exchange"", ""Sbobet"", ""oddssafari-consensus"", ""1xbet"", ""pinnacle"", ""interwetten"", ""unibet"", ""novibet"", ""bwin"", ""sportingbet"", ""betway"", ""888sport"", ""william-hill"", ""bet365"", ""betsson"", ""marathon"", ""bzzoiro"", ""bzzoiro-consensus""]","[""odds_api_io"", ""bzzoiro""]",20,4.762,
soccer|georgia|romania|2026-06-02,h2h|romania||away,h2h,Romania,,away,3.51,3.2649,"[""Bet365"", ""Unibet"", ""Betfair Exchange"", ""Sbobet"", ""oddssafari-consensus"", ""1xbet"", ""pinnacle"", ""interwetten"", ""unibet"", ""novibet"", ""bwin"", ""sportingbet"", ""betway"", ""888sport"", ""william-hill"", ""bet365"", ""betsson"", ""marathon"", ""bzzoiro"", ""bzzoiro-consensus""]","[""odds_api_io"", ""bzzoiro""]",20,5.067,
soccer|georgia|romania|2026-06-02,dnb|georgia|0.00|home,dnb,Georgia,0.0,home,1.64,1.5675,"[""Bet365"", ""Unibet"", ""Betfair Exchange""]","[""odds_api_io""]",3,4.384,
soccer|georgia|romania|2026-06-02,dnb|romania|0.00|away,dnb,Romania,0.0,away,2.5,2.3847,"[""Bet365"", ""Unibet"", ""Betfair Exchange""]","[""odds_api_io""]",3,3.86,
soccer|georgia|romania|2026-06-02,spreads|georgia|-0.25|home,spreads,Georgia,-0.25,home,1.97,1.8927,"[""Bet365"", ""Betfair Exchange"", ""Sbobet""]","[""odds_api_io""]",3,3.293,
soccer|georgia|romania|2026-06-02,spreads|romania|0.25|away,spreads,Romania,0.25,away,2.01,1.9801,"[""Bet365"", ""Betfair Exchange"", ""Sbobet""]","[""odds_api_io""]",3,1.531,
soccer|georgia|romania|2026-06-02,totals|over|2.25|,totals,Over,2.25,,1.83,1.8101,"[""Bet365"", ""Betfair Exchange"", ""Sbobet""]","[""odds_api_io""]",3,0.911,
soccer|georgia|romania|2026-06-02,totals|under|2.25|,totals,Under,2.25,,2.13,2.0494,"[""Bet365"", ""Betfair Exchange"", ""Sbobet""]","[""odds_api_io""]",3,3.052,
soccer|georgia|romania|2026-06-02,totals|over|2.50|,totals,Over,2.5,,2.1,2.042,"[""Bet365"", ""Unibet"", ""Betfair Exchange"", ""Sbobet"", ""1xbet"", ""bzzoiro-consensus""]","[""odds_api_io"", ""bzzoiro""]",6,5.291,
soccer|georgia|romania|2026-06-02,totals|under|2.50|,totals,Under,2.5,,1.88,1.786,"[""Bet365"", ""Unibet"", ""Betfair Exchange"", ""Sbobet"", ""1xbet"", ""bzzoiro-consensus""]","[""odds_api_io"", ""bzzoiro""]",6,4.712,
soccer|georgia|romania|2026-06-02,btts|yes||,btts,Yes,,,1.86,1.7941,"[""Bet365"", ""Unibet"", ""Betfair Exchange"", ""oddssafari-consensus"", ""1xbet"", ""pinnacle"", ""interwetten"", ""unibet"", ""novibet"", ""bwin"", ""sportingbet"", ""betway"", ""888sport"", ""william-hill"", ""bet365"", ""betsson"", ""marathon"", ""bzzoiro"", ""bzzoiro-consensus""]","[""odds_api_io"", ""bzzoiro""]",19,5.06,
soccer|georgia|romania|2026-06-02,btts|no||,btts,No,,,2.12,1.9304,"[""Bet365"", ""Unibet"", ""Betfair Exchange"", ""oddssafari-consensus"", ""1xbet"", ""pinnacle"", ""interwetten"", ""unibet"", ""novibet"", ""bwin"", ""sportingbet"", ""betway"", ""888sport"", ""william-hill"", ""bet365"", ""betsson"", ""marathon"", ""bzzoiro"", ""bzzoiro-consensus""]","[""odds_api_io"", ""bzzoiro""]",19,7.386,
soccer|georgia|romania|2026-06-02,spreads|romania|-1.00|away,spreads,Romania,-1.0,away,9.0,2.5776,"[""Bet365"", ""Unibet"", ""Betfair Exchange""]","[""odds_api_io""]",5,64.361,
soccer|georgia|romania|2026-06-02,spreads|georgia|2.00|home,spreads,Georgia,2.0,home,1.11,1.0732,"[""Bet365"", ""Betfair Exchange""]","[""odds_api_io""]",3,6.997,
soccer|georgia|romania|2026-06-02,spreads|romania|-2.00|away,spreads,Romania,-2.0,away,29.0,3.3862,"[""Bet365"", ""Betfair Exchange""]","[""odds_api_io""]",3,79.885,
soccer|georgia|romania|2026-06-02,spreads|romania|1.00|away,spreads,Romania,1.0,away,7.5,2.3057,"[""Bet365"", ""Unibet"", ""Betfair Exchange""]","[""odds_api_io""]",5,60.741,
soccer|georgia|romania|2026-06-02,spreads|georgia|-1.75|home,spreads,Georgia,-1.75,home,6.55,5.9887,"[""Bet365"", ""Betfair Exchange""]","[""odds_api_io""]",2,2.915,
soccer|georgia|romania|2026-06-02,spreads|romania|1.75|away,spreads,Romania,1.75,away,1.16,1.1551,"[""Bet365"", ""Betfair Exchange""]","[""odds_api_io""]",2,0.75,
soccer|georgia|romania|2026-06-02,spreads|georgia|-1.50|home,spreads,Georgia,-1.5,home,4.81,4.1868,"[""Bet365"", ""Unibet"", ""Betfair Exchange""]","[""odds_api_io""]",3,6.237,
soccer|georgia|romania|2026-06-02,spreads|romania|1.50|away,spreads,Romania,1.5,away,1.24,1.2269,"[""Bet365"", ""Unibet"", ""Betfair Exchange""]","[""odds_api_io""]",3,1.322,
soccer|georgia|romania|2026-06-02,spreads|georgia|-1.25|home,spreads,Georgia,-1.25,home,4.27,3.9698,"[""Bet365"", ""Betfair Exchange""]","[""odds_api_io""]",2,3.608,
soccer|georgia|romania|2026-06-02,spreads|romania|1.25|away,spreads,Romania,1.25,away,6.8,2.1421,"[""Bet365"", ""Betfair Exchange""]","[""odds_api_io""]",2,62.813,
soccer|georgia|romania|2026-06-02,spreads|georgia|-1.00|home,spreads,Georgia,-1.0,home,4.8,3.1534,"[""Bet365"", ""Unibet"", ""Betfair Exchange""]","[""odds_api_io""]",4,29.672,
soccer|georgia|romania|2026-06-02,spreads|georgia|-0.75|home,spreads,Georgia,-0.75,home,2.76,2.6259,"[""Bet365"", ""Betfair Exchange""]","[""odds_api_io""]",2,3.768,
soccer|georgia|romania|2026-06-02,spreads|romania|0.75|away,spreads,Romania,0.75,away,4.0,2.2164,"[""Bet365"", ""Betfair Exchange""]","[""odds_api_io""]",2,39.516,
soccer|georgia|romania|2026-06-02,spreads|georgia|-0.50|home,spreads,Georgia,-0.5,home,2.3,2.1418,"[""Bet365"", ""Unibet"", ""Betfair Exchange"", ""Sbobet""]","[""odds_api_io""]",4,7.027,
soccer|georgia|romania|2026-06-02,spreads|romania|0.50|away,spreads,Romania,0.5,away,3.1,1.9295,"[""Bet365"", ""Unibet"", ""Betfair Exchange"", ""Sbobet""]","[""odds_api_io""]",4,27.622,
soccer|georgia|romania|2026-06-02,spreads|georgia|0.00|home,spreads,Georgia,0.0,home,1.64,1.6017,"[""Bet365"", ""Betfair Exchange"", ""Sbobet""]","[""odds_api_io""]",3,2.516,
soccer|georgia|romania|2026-06-02,spreads|romania|-0.00|away,spreads,Romania,-0.0,away,2.51,2.3954,"[""Bet365"", ""Betfair Exchange"", ""Sbobet""]","[""odds_api_io""]",3,3.078,
soccer|georgia|romania|2026-06-02,spreads|georgia|0.25|home,spreads,Georgia,0.25,home,1.48,1.4525,"[""Bet365"", ""Betfair Exchange""]","[""odds_api_io""]",2,2.608,
soccer|georgia|romania|2026-06-02,spreads|romania|-0.25|away,spreads,Romania,-0.25,away,3.0,2.8718,"[""Bet365"", ""Betfair Exchange""]","[""odds_api_io""]",2,3.03,
soccer|georgia|romania|2026-06-02,spreads|georgia|0.50|home,spreads,Georgia,0.5,home,1.38,1.3402,"[""Bet365"", ""Unibet"", ""Betfair Exchange""]","[""odds_api_io""]",3,5.056,
soccer|georgia|romania|2026-06-02,spreads|romania|-0.50|away,spreads,Romania,-0.5,away,3.5,2.529,"[""Bet365"", ""Unibet"", ""Betfair Exchange""]","[""odds_api_io""]",3,30.252,
soccer|georgia|romania|2026-06-02,spreads|georgia|0.75|home,spreads,Georgia,0.75,home,1.26,1.2451,"[""Bet365"", ""Betfair Exchange""]","[""odds_api_io""]",2,1.936,
soccer|georgia|romania|2026-06-02,spreads|romania|-0.75|away,spreads,Romania,-0.75,away,4.6,2.2834,"[""Bet365"", ""Betfair Exchange""]","[""odds_api_io""]",2,44.928,
soccer|georgia|romania|2026-06-02,spreads|georgia|1.00|home,spreads,Georgia,1.0,home,1.4,1.245,"[""Bet365"", ""Unibet"", ""Betfair Exchange""]","[""odds_api_io""]",4,17.857,
soccer|georgia|romania|2026-06-02,spreads|georgia|1.25|home,spreads,Georgia,1.25,home,1.12,1.1126,"[""Bet365"", ""Betfair Exchange""]","[""odds_api_io""]",2,1.212,
soccer|georgia|romania|2026-06-02,spreads|romania|-1.25|away,spreads,Romania,-1.25,away,8.22,2.2146,"[""Bet365"", ""Betfair Exchange""]","[""odds_api_io""]",2,67.2,
soccer|georgia|romania|2026-06-02,teamTotals|over|2.50|,teamTotals,Over,2.5,,9.0,5.7095,"[""Bet365"", ""Unibet""]","[""odds_api_io""]",3,12.418,
soccer|georgia|romania|2026-06-02,teamTotals|under|2.50|,teamTotals,Under,2.5,,1.17,1.1254,"[""Bet365"", ""Unibet""]","[""odds_api_io""]",3,7.901,
soccer|georgia|romania|2026-06-02,teamTotals|over|0.50|,teamTotals,Over,0.5,,1.444,1.3216,"[""Bet365"", ""Unibet""]","[""odds_api_io""]",4,14.081,
soccer|georgia|romania|2026-06-02,teamTotals|under|0.50|,teamTotals,Under,0.5,,3.9,3.106,"[""Bet365"", ""Unibet""]","[""odds_api_io""]",4,12.454,
soccer|georgia|romania|2026-06-02,teamTotals|over|1.50|,teamTotals,Over,1.5,,3.25,2.5065,"[""Bet365"", ""Unibet""]","[""odds_api_io""]",4,18.736,
soccer|georgia|romania|2026-06-02,teamTotals|under|1.50|,teamTotals,Under,1.5,,1.68,1.4714,"[""Bet365"", ""Unibet""]","[""odds_api_io""]",4,15.495,
soccer|georgia|romania|2026-06-02,teamTotals|over|3.50|,teamTotals,Over,3.5,,26.0,19.0244,"[""Bet365""]","[""odds_api_io""]",2,2.821,
soccer|georgia|romania|2026-06-02,teamTotals|under|3.50|,teamTotals,Under,3.5,,1.03,1.0199,"[""Bet365""]","[""odds_api_io""]",2,1.923,
soccer|georgia|romania|2026-06-02,teamTotals|over|4.50|,teamTotals,Over,4.5,,34.0,34.0,"[""Bet365""]","[""odds_api_io""]",1,,
soccer|georgia|romania|2026-06-02,teamTotals|under|4.50|,teamTotals,Under,4.5,,1.005,1.005,"[""Bet365""]","[""odds_api_io""]",1,,
soccer|georgia|romania|2026-06-02,doubleChance|1x||,doubleChance,1X,,,1.38,1.2707,"[""Unibet"", ""Betfair Exchange""]","[""odds_api_io""]",2,13.006,
soccer|georgia|romania|2026-06-02,doubleChance|12||,doubleChance,12,,,1.5,1.4406,"[""Unibet"", ""Betfair Exchange""]","[""odds_api_io""]",2,5.276,
soccer|georgia|romania|2026-06-02,doubleChance|x2||,doubleChance,X2,,,1.76,1.5488,"[""Unibet"", ""Betfair Exchange""]","[""odds_api_io""]",2,16.175,
soccer|georgia|romania|2026-06-02,spreads|georgia|1.50|home,spreads,Georgia,1.5,home,1.11,1.0905,"[""Unibet"", ""Betfair Exchange""]","[""odds_api_io""]",2,3.368,
soccer|georgia|romania|2026-06-02,spreads|romania|-1.50|away,spreads,Romania,-1.5,away,9.0,7.5997,"[""Unibet"", ""Betfair Exchange""]","[""odds_api_io""]",2,4.274,
soccer|georgia|romania|2026-06-02,totals|over|3.50|,totals,Over,3.5,,3.95,3.5899,"[""Unibet"", ""Betfair Exchange"", ""bet365"", ""bzzoiro-consensus""]","[""odds_api_io"", ""bzzoiro""]",4,5.934,
soccer|georgia|romania|2026-06-02,totals|under|3.50|,totals,Under,3.5,,1.33,1.2974,"[""Unibet"", ""Betfair Exchange"", ""bzzoiro-consensus""]","[""odds_api_io"", ""bzzoiro""]",3,3.552,
soccer|georgia|romania|2026-06-02,totals|over|1.50|,totals,Over,1.5,,1.36,1.3168,"[""Unibet"", ""Betfair Exchange"", ""bzzoiro-consensus""]","[""odds_api_io"", ""bzzoiro""]",3,5.211,
soccer|georgia|romania|2026-06-02,totals|under|1.50|,totals,Under,1.5,,3.63,3.3517,"[""Unibet"", ""Betfair Exchange"", ""pinnacle"", ""bzzoiro-consensus""]","[""odds_api_io"", ""bzzoiro""]",4,4.503,
soccer|georgia|romania|2026-06-02,totals|over|4.50|,totals,Over,4.5,,8.69,7.1535,"[""Unibet"", ""Betfair Exchange""]","[""odds_api_io""]",2,5.159,
soccer|georgia|romania|2026-06-02,totals|under|4.50|,totals,Under,4.5,,1.12,1.1054,"[""Unibet"", ""Betfair Exchange""]","[""odds_api_io""]",2,2.457,
soccer|georgia|romania|2026-06-02,spreads|georgia|-3.00|home,spreads,Georgia,-3.0,home,42.0,8.4457,"[""Unibet"", ""Betfair Exchange""]","[""odds_api_io""]",3,29.877,
soccer|georgia|romania|2026-06-02,spreads|romania|3.00|away,spreads,Romania,3.0,away,1.32,1.1179,"[""Unibet"", ""Betfair Exchange""]","[""odds_api_io""]",3,22.282,
soccer|georgia|romania|2026-06-02,spreads|georgia|-2.00|home,spreads,Georgia,-2.0,home,12.0,5.2801,"[""Unibet"", ""Betfair Exchange""]","[""odds_api_io""]",3,32.483,
soccer|georgia|romania|2026-06-02,spreads|romania|2.00|away,spreads,Romania,2.0,away,1.5,1.2448,"[""Unibet"", ""Betfair Exchange""]","[""odds_api_io""]",3,25.926,
soccer|georgia|romania|2026-06-02,spreads|georgia|1.75|home,spreads,Georgia,1.75,home,1.07,1.07,"[""Betfair Exchange""]","[""odds_api_io""]",1,,
soccer|georgia|romania|2026-06-02,spreads|romania|-1.75|away,spreads,Romania,-1.75,away,13.21,13.21,"[""Betfair Exchange""]","[""odds_api_io""]",1,,
soccer|georgia|romania|2026-06-02,spreads|georgia|-2.25|home,spreads,Georgia,-2.25,home,11.36,11.36,"[""Betfair Exchange""]","[""odds_api_io""]",1,,
soccer|georgia|romania|2026-06-02,spreads|romania|2.25|away,spreads,Romania,2.25,away,1.08,1.08,"[""Betfair Exchange""]","[""odds_api_io""]",1,,
soccer|georgia|romania|2026-06-02,spreads|georgia|-2.75|home,spreads,Georgia,-2.75,home,18.24,18.24,"[""Betfair Exchange""]","[""odds_api_io""]",1,,
soccer|georgia|romania|2026-06-02,spreads|romania|2.75|away,spreads,Romania,2.75,away,1.04,1.04,"[""Betfair Exchange""]","[""odds_api_io""]",1,,
soccer|georgia|romania|2026-06-02,spreads|georgia|-2.50|home,spreads,Georgia,-2.5,home,12.11,12.11,"[""Betfair Exchange""]","[""odds_api_io""]",1,,
soccer|georgia|romania|2026-06-02,spreads|romania|2.50|away,spreads,Romania,2.5,away,1.07,1.07,"[""Betfair Exchange""]","[""odds_api_io""]",1,,
soccer|georgia|romania|2026-06-02,spreads|georgia|2.25|home,spreads,Georgia,2.25,home,1.02,1.02,"[""Betfair Exchange""]","[""odds_api_io""]",1,,
soccer|georgia|romania|2026-06-02,spreads|romania|-2.25|away,spreads,Romania,-2.25,away,27.88,27.88,"[""Betfair Exchange""]","[""odds_api_io""]",1,,
soccer|georgia|romania|2026-06-02,spreads|georgia|2.50|home,spreads,Georgia,2.5,home,1.02,1.02,"[""Betfair Exchange""]","[""odds_api_io""]",1,,
soccer|georgia|romania|2026-06-02,spreads|romania|-2.50|away,spreads,Romania,-2.5,away,29.0,29.0,"[""Betfair Exchange""]","[""odds_api_io""]",1,,
soccer|georgia|romania|2026-06-02,spreads|georgia|-3.50|home,spreads,Georgia,-3.5,home,42.0,42.0,"[""Betfair Exchange""]","[""odds_api_io""]",1,,
soccer|georgia|romania|2026-06-02,spreads|romania|3.50|away,spreads,Romania,3.5,away,1.02,1.02,"[""Betfair Exchange""]","[""odds_api_io""]",1,,
soccer|georgia|romania|2026-06-02,spreads|georgia|2.75|home,spreads,Georgia,2.75,home,1.01,1.01,"[""Betfair Exchange""]","[""odds_api_io""]",1,,
soccer|georgia|romania|2026-06-02,spreads|romania|-2.75|away,spreads,Romania,-2.75,away,46.1,46.1,"[""Betfair Exchange""]","[""odds_api_io""]",1,,
soccer|georgia|romania|2026-06-02,spreads|georgia|-3.25|home,spreads,Georgia,-3.25,home,40.82,40.82,"[""Betfair Exchange""]","[""odds_api_io""]",1,,
soccer|georgia|romania|2026-06-02,spreads|romania|3.25|away,spreads,Romania,3.25,away,1.02,1.02,"[""Betfair Exchange""]","[""odds_api_io""]",1,,
soccer|georgia|romania|2026-06-02,spreads|georgia|-3.75|home,spreads,Georgia,-3.75,home,42.0,42.0,"[""Betfair Exchange""]","[""odds_api_io""]",1,,
soccer|georgia|romania|2026-06-02,spreads|romania|3.75|away,spreads,Romania,3.75,away,1.01,1.01,"[""Betfair Exchange""]","[""odds_api_io""]",1,,
soccer|georgia|romania|2026-06-02,totals|over|1.25|,totals,Over,1.25,,1.23,1.23,"[""Betfair Exchange""]","[""odds_api_io""]",1,,
soccer|georgia|romania|2026-06-02,totals|under|1.25|,totals,Under,1.25,,4.92,4.92,"[""Betfair Exchange""]","[""odds_api_io""]",1,,
soccer|georgia|romania|2026-06-02,totals|over|4.00|,totals,Over,4.0,,7.49,7.49,"[""Betfair Exchange""]","[""odds_api_io""]",1,,
soccer|georgia|romania|2026-06-02,totals|under|4.00|,totals,Under,4.0,,1.13,1.13,"[""Betfair Exchange""]","[""odds_api_io""]",1,,
soccer|georgia|romania|2026-06-02,totals|over|3.25|,totals,Over,3.25,,3.5,3.5,"[""Betfair Exchange""]","[""odds_api_io""]",1,,
soccer|georgia|romania|2026-06-02,totals|under|3.25|,totals,Under,3.25,,1.38,1.38,"[""Betfair Exchange""]","[""odds_api_io""]",1,,
soccer|georgia|romania|2026-06-02,totals|over|2.75|,totals,Over,2.75,,2.43,2.43,"[""Betfair Exchange""]","[""odds_api_io""]",1,,
soccer|georgia|romania|2026-06-02,totals|under|2.75|,totals,Under,2.75,,1.63,1.63,"[""Betfair Exchange""]","[""odds_api_io""]",1,,
soccer|georgia|romania|2026-06-02,totals|over|2.00|,totals,Over,2.0,,1.56,1.5451,"[""Betfair Exchange"", ""Sbobet""]","[""odds_api_io""]",2,1.257,
soccer|georgia|romania|2026-06-02,totals|under|2.00|,totals,Under,2.0,,2.61,2.5025,"[""Betfair Exchange"", ""Sbobet""]","[""odds_api_io""]",2,3.352,
soccer|georgia|romania|2026-06-02,totals|over|1.75|,totals,Over,1.75,,1.44,1.44,"[""Betfair Exchange""]","[""odds_api_io""]",1,,
soccer|georgia|romania|2026-06-02,totals|under|1.75|,totals,Under,1.75,,3.0,3.0,"[""Betfair Exchange""]","[""odds_api_io""]",1,,
soccer|georgia|romania|2026-06-02,totals|over|3.00|,totals,Over,3.0,,3.06,3.06,"[""Betfair Exchange""]","[""odds_api_io""]",1,,
soccer|georgia|romania|2026-06-02,totals|under|3.00|,totals,Under,3.0,,1.45,1.45,"[""Betfair Exchange""]","[""odds_api_io""]",1,,
soccer|georgia|romania|2026-06-02,totals|over|0.75|,totals,Over,0.75,,1.09,1.09,"[""Betfair Exchange""]","[""odds_api_io""]",1,,
soccer|georgia|romania|2026-06-02,totals|under|0.75|,totals,Under,0.75,,9.66,9.66,"[""Betfair Exchange""]","[""odds_api_io""]",1,,
soccer|georgia|romania|2026-06-02,totals|over|1.00|,totals,Over,1.0,,1.1,1.1,"[""Betfair Exchange""]","[""odds_api_io""]",1,,
soccer|georgia|romania|2026-06-02,totals|under|1.00|,totals,Under,1.0,,8.7,8.7,"[""Betfair Exchange""]","[""odds_api_io""]",1,,
soccer|georgia|romania|2026-06-02,totals|over|6.00|,totals,Over,6.0,,1.01,1.01,"[""Betfair Exchange""]","[""odds_api_io""]",1,,
soccer|georgia|romania|2026-06-02,totals|under|6.00|,totals,Under,6.0,,1.01,1.01,"[""Betfair Exchange""]","[""odds_api_io""]",1,,
soccer|georgia|romania|2026-06-02,totals|over|5.75|,totals,Over,5.75,,30.62,30.62,"[""Betfair Exchange""]","[""odds_api_io""]",1,,
soccer|georgia|romania|2026-06-02,totals|under|5.75|,totals,Under,5.75,,1.01,1.01,"[""Betfair Exchange""]","[""odds_api_io""]",1,,
soccer|georgia|romania|2026-06-02,totals|over|6.25|,totals,Over,6.25,,54.18,54.18,"[""Betfair Exchange""]","[""odds_api_io""]",1,,
soccer|georgia|romania|2026-06-02,totals|under|6.25|,totals,Under,6.25,,1.01,1.01,"[""Betfair Exchange""]","[""odds_api_io""]",1,,
soccer|georgia|romania|2026-06-02,totals|over|5.25|,totals,Over,5.25,,20.3,20.3,"[""Betfair Exchange""]","[""odds_api_io""]",1,,
soccer|georgia|romania|2026-06-02,totals|under|5.25|,totals,Under,5.25,,1.04,1.04,"[""Betfair Exchange""]","[""odds_api_io""]",1,,
soccer|georgia|romania|2026-06-02,totals|over|6.50|,totals,Over,6.5,,55.0,55.0,"[""Betfair Exchange""]","[""odds_api_io""]",1,,
soccer|georgia|romania|2026-06-02,totals|under|6.50|,totals,Under,6.5,,1.01,1.01,"[""Betfair Exchange""]","[""odds_api_io""]",1,,
soccer|georgia|romania|2026-06-02,totals|over|3.75|,totals,Over,3.75,,5.05,5.05,"[""Betfair Exchange""]","[""odds_api_io""]",1,,
soccer|georgia|romania|2026-06-02,totals|under|3.75|,totals,Under,3.75,,1.21,1.21,"[""Betfair Exchange""]","[""odds_api_io""]",1,,
soccer|georgia|romania|2026-06-02,totals|over|4.25|,totals,Over,4.25,,8.09,8.09,"[""Betfair Exchange""]","[""odds_api_io""]",1,,
soccer|georgia|romania|2026-06-02,totals|under|4.25|,totals,Under,4.25,,1.12,1.12,"[""Betfair Exchange""]","[""odds_api_io""]",1,,
soccer|georgia|romania|2026-06-02,totals|over|4.75|,totals,Over,4.75,,11.88,11.88,"[""Betfair Exchange""]","[""odds_api_io""]",1,,
soccer|georgia|romania|2026-06-02,totals|under|4.75|,totals,Under,4.75,,1.07,1.07,"[""Betfair Exchange""]","[""odds_api_io""]",1,,
soccer|georgia|romania|2026-06-02,totals|over|5.00|,totals,Over,5.0,,19.58,19.58,"[""Betfair Exchange""]","[""odds_api_io""]",1,,
soccer|georgia|romania|2026-06-02,totals|under|5.00|,totals,Under,5.0,,1.04,1.04,"[""Betfair Exchange""]","[""odds_api_io""]",1,,
soccer|georgia|romania|2026-06-02,totals|over|5.50|,totals,Over,5.5,,21.0,21.0,"[""Betfair Exchange""]","[""odds_api_io""]",1,,
soccer|georgia|romania|2026-06-02,totals|under|5.50|,totals,Under,5.5,,1.04,1.04,"[""Betfair Exchange""]","[""odds_api_io""]",1,,
soccer|georgia|romania|2026-06-02,totals|over|0.50|,totals,Over,0.5,,1.08,1.08,"[""Betfair Exchange""]","[""odds_api_io""]",1,,
soccer|georgia|romania|2026-06-02,totals|under|0.50|,totals,Under,0.5,,12.11,12.11,"[""Betfair Exchange""]","[""odds_api_io""]",1,,
soccer|georgia|romania|2026-06-02,spreads|georgia|3.00|home,spreads,Georgia,3.0,home,1.02,1.02,"[""Betfair Exchange""]","[""odds_api_io""]",1,,
soccer|georgia|romania|2026-06-02,spreads|romania|-3.00|away,spreads,Romania,-3.0,away,120.0,120.0,"[""Betfair Exchange""]","[""odds_api_io""]",1,,
soccer|georgia|romania|2026-06-02,totals|over|25.00|,totals,Over,25.0,,2.099,2.0632,"[""1xbet"", ""over@2.5""]","[""bzzoiro""]",2,1.619,
soccer|georgia|romania|2026-06-02,totals|under|25.00|,totals,Under,25.0,,1.838,1.7867,"[""1xbet"", ""under@2.5""]","[""bzzoiro""]",2,3.064,
soccer|georgia|romania|2026-06-02,totals|under|15.00|,totals,Under,15.0,,3.32,3.2243,"[""pinnacle"", ""under@1.5""]","[""bzzoiro""]",2,1.931,
soccer|georgia|romania|2026-06-02,totals|over|35.00|,totals,Over,35.0,,3.75,3.6306,"[""bet365"", ""over@3.5""]","[""bzzoiro""]",2,1.823,
soccer|georgia|romania|2026-06-02,totals|over|15.00|,totals,Over,15.0,,1.32,1.32,"[""over@1.5""]","[""bzzoiro""]",1,,
soccer|georgia|romania|2026-06-02,totals|under|35.00|,totals,Under,35.0,,1.27,1.27,"[""under@3.5""]","[""bzzoiro""]",1,,
soccer|georgia|romania|2026-06-02,totals|over||,totals,Over,,,15.75,2.2282,"[""over@0.5"", ""over@1.5"", ""over@4.5"", ""over@5.5"", ""over@6.5"", ""over@7.5"", ""over@8.5"", ""over@9.0"", ""over@9.5"", ""over@10.0"", ""over@10.5"", ""over@11.5"", ""over@12.5"", ""over@13.5"", ""over@14.5"", ""over@15.5"", ""over@8.0"", ""over@3.5""]","[""bzzoiro""]",18,93.551,
soccer|georgia|romania|2026-06-02,totals|under||,totals,Under,,,14.0,1.6006,"[""under@0.5"", ""under@1.5"", ""under@4.5"", ""under@5.5"", ""under@6.5"", ""under@7.5"", ""under@8.5"", ""under@9.0"", ""under@9.5"", ""under@10.0"", ""under@10.5"", ""under@11.5"", ""under@12.5"", ""under@13.5"", ""under@14.5"", ""under@8.0"", ""under@3.5"", ""under@15.5""]","[""bzzoiro""]",18,92.757,
soccer|binga|djoliba|2026-06-02,h2h|djoliba ac||home,h2h,Djoliba AC,,home,1.93,1.8899,"[""Bet365"", ""Betfair Exchange""]","[""odds_api_io""]",2,2.241,
soccer|binga|djoliba|2026-06-02,h2h|draw||,h2h,Draw,,,3.1,3.0483,"[""Bet365"", ""Betfair Exchange""]","[""odds_api_io""]",2,1.075,
soccer|binga|djoliba|2026-06-02,h2h|binga fc||away,h2h,Binga FC,,away,5.1,4.4934,"[""Bet365"", ""Betfair Exchange""]","[""odds_api_io""]",2,5.392,
soccer|binga|djoliba|2026-06-02,dnb|djoliba ac|0.00|home,dnb,Djoliba AC,0.0,home,1.363,1.346,"[""Bet365"", ""Betfair Exchange""]","[""odds_api_io""]",2,1.82,
soccer|binga|djoliba|2026-06-02,dnb|binga fc|0.00|away,dnb,Binga FC,0.0,away,3.45,3.2134,"[""Bet365"", ""Betfair Exchange""]","[""odds_api_io""]",2,4.348,
soccer|binga|djoliba|2026-06-02,spreads|djoliba ac|-0.50|home,spreads,Djoliba AC,-0.5,home,1.93,1.9152,"[""Bet365"", ""Betfair Exchange""]","[""odds_api_io""]",2,0.818,
soccer|binga|djoliba|2026-06-02,spreads|binga fc|0.50|away,spreads,Binga FC,0.5,away,1.94,1.9202,"[""Bet365"", ""Betfair Exchange""]","[""odds_api_io""]",2,1.085,
soccer|binga|djoliba|2026-06-02,totals|over|2.00|,totals,Over,2.0,,2.11,2.0545,"[""Bet365"", ""Betfair Exchange""]","[""odds_api_io""]",2,2.607,
soccer|binga|djoliba|2026-06-02,totals|under|2.00|,totals,Under,2.0,,1.8,1.7794,"[""Bet365"", ""Betfair Exchange""]","[""odds_api_io""]",2,1.263,
soccer|binga|djoliba|2026-06-02,totals|over|2.50|,totals,Over,2.5,,2.82,2.7208,"[""Bet365"", ""Betfair Exchange""]","[""odds_api_io""]",2,2.634,
soccer|binga|djoliba|2026-06-02,totals|under|2.50|,totals,Under,2.5,,1.46,1.4521,"[""Bet365"", ""Betfair Exchange""]","[""odds_api_io""]",2,0.759,
soccer|binga|djoliba|2026-06-02,spreads|djoliba ac|-2.25|home,spreads,Djoliba AC,-2.25,home,9.83,8.2021,"[""Bet365"", ""Betfair Exchange""]","[""odds_api_io""]",2,4.113,
soccer|binga|djoliba|2026-06-02,spreads|binga fc|2.25|away,spreads,Binga FC,2.25,away,1.1,1.0845,"[""Bet365"", ""Betfair Exchange""]","[""odds_api_io""]",2,2.549,
soccer|binga|djoliba|2026-06-02,spreads|djoliba ac|-2.00|home,spreads,Djoliba AC,-2.0,home,9.1,7.5387,"[""Bet365"", ""Betfair Exchange""]","[""odds_api_io""]",2,4.636,
soccer|binga|djoliba|2026-06-02,spreads|binga fc|2.00|away,spreads,Binga FC,2.0,away,1.115,1.0969,"[""Bet365"", ""Betfair Exchange""]","[""odds_api_io""]",2,2.906,
soccer|binga|djoliba|2026-06-02,spreads|djoliba ac|-1.75|home,spreads,Djoliba AC,-1.75,home,5.71,4.9819,"[""Bet365"", ""Betfair Exchange""]","[""odds_api_io""]",2,5.214,
soccer|binga|djoliba|2026-06-02,spreads|binga fc|1.75|away,spreads,Binga FC,1.75,away,1.2,1.1793,"[""Bet365"", ""Betfair Exchange""]","[""odds_api_io""]",2,2.874,
soccer|binga|djoliba|2026-06-02,spreads|djoliba ac|0.50|home,spreads,Djoliba AC,0.5,home,1.225,1.2173,"[""Bet365"", ""Betfair Exchange""]","[""odds_api_io""]",2,1.012,
soccer|binga|djoliba|2026-06-02,spreads|binga fc|-0.50|away,spreads,Binga FC,-0.5,away,5.1,4.5547,"[""Bet365"", ""Betfair Exchange""]","[""odds_api_io""]",2,4.782,
soccer|binga|djoliba|2026-06-02,spreads|djoliba ac|-1.50|home,spreads,Djoliba AC,-1.5,home,4.04,3.7271,"[""Bet365"", ""Betfair Exchange""]","[""odds_api_io""]",2,4.233,
soccer|binga|djoliba|2026-06-02,spreads|binga fc|1.50|away,spreads,Binga FC,1.5,away,1.3,1.2687,"[""Bet365"", ""Betfair Exchange""]","[""odds_api_io""]",2,3.722,
soccer|binga|djoliba|2026-06-02,spreads|djoliba ac|-1.25|home,spreads,Djoliba AC,-1.25,home,3.57,3.3227,"[""Bet365"", ""Betfair Exchange""]","[""odds_api_io""]",2,4.247,
soccer|binga|djoliba|2026-06-02,spreads|binga fc|1.25|away,spreads,Binga FC,1.25,away,1.35,1.3293,"[""Bet365"", ""Betfair Exchange""]","[""odds_api_io""]",2,2.262,
soccer|binga|djoliba|2026-06-02,spreads|djoliba ac|-1.00|home,spreads,Djoliba AC,-1.0,home,4.0,3.1444,"[""Bet365"", ""Betfair Exchange""]","[""odds_api_io""]",3,12.383,
soccer|binga|djoliba|2026-06-02,spreads|binga fc|1.00|away,spreads,Binga FC,1.0,away,1.94,1.5645,"[""Bet365"", ""Betfair Exchange""]","[""odds_api_io""]",3,19.882,
soccer|binga|djoliba|2026-06-02,spreads|djoliba ac|-0.75|home,spreads,Djoliba AC,-0.75,home,2.27,2.2095,"[""Bet365"", ""Betfair Exchange""]","[""odds_api_io""]",2,2.459,
soccer|binga|djoliba|2026-06-02,spreads|binga fc|0.75|away,spreads,Binga FC,0.75,away,5.5,2.5374,"[""Bet365"", ""Betfair Exchange""]","[""odds_api_io""]",2,41.698,
soccer|binga|djoliba|2026-06-02,spreads|djoliba ac|-0.25|home,spreads,Djoliba AC,-0.25,home,1.63,1.6275,"[""Bet365"", ""Betfair Exchange""]","[""odds_api_io""]",2,0.189,
soccer|binga|djoliba|2026-06-02,spreads|binga fc|0.25|away,spreads,Binga FC,0.25,away,3.55,2.8249,"[""Bet365"", ""Betfair Exchange""]","[""odds_api_io""]",2,14.204,
soccer|binga|djoliba|2026-06-02,spreads|djoliba ac|0.00|home,spreads,Djoliba AC,0.0,home,1.375,1.3517,"[""Bet365"", ""Betfair Exchange""]","[""odds_api_io""]",2,2.461,
soccer|binga|djoliba|2026-06-02,spreads|binga fc|-0.00|away,spreads,Binga FC,-0.0,away,3.47,3.2222,"[""Bet365"", ""Betfair Exchange""]","[""odds_api_io""]",2,4.515,
soccer|binga|djoliba|2026-06-02,spreads|djoliba ac|0.25|home,spreads,Djoliba AC,0.25,home,1.275,1.2673,"[""Bet365"", ""Betfair Exchange""]","[""odds_api_io""]",2,0.934,
soccer|binga|djoliba|2026-06-02,spreads|binga fc|-0.25|away,spreads,Binga FC,-0.25,away,4.28,2.9662,"[""Bet365"", ""Betfair Exchange""]","[""odds_api_io""]",2,21.08,
soccer|binga|djoliba|2026-06-02,spreads|djoliba ac|0.75|home,spreads,Djoliba AC,0.75,home,1.15,1.1397,"[""Bet365"", ""Betfair Exchange""]","[""odds_api_io""]",2,1.539,
soccer|binga|djoliba|2026-06-02,spreads|binga fc|-0.75|away,spreads,Binga FC,-0.75,away,7.46,2.7676,"[""Bet365"", ""Betfair Exchange""]","[""odds_api_io""]",2,46.297,
soccer|binga|djoliba|2026-06-02,doubleChance|1x||,doubleChance,1X,,,1.21,1.21,"[""Betfair Exchange""]","[""odds_api_io""]",1,,
soccer|binga|djoliba|2026-06-02,doubleChance|12||,doubleChance,12,,,1.44,1.44,"[""Betfair Exchange""]","[""odds_api_io""]",1,,
soccer|binga|djoliba|2026-06-02,doubleChance|x2||,doubleChance,X2,,,1.94,1.94,"[""Betfair Exchange""]","[""odds_api_io""]",1,,
soccer|binga|djoliba|2026-06-02,spreads|djoliba ac|1.50|home,spreads,Djoliba AC,1.5,home,1.04,1.04,"[""Betfair Exchange""]","[""odds_api_io""]",1,,
soccer|binga|djoliba|2026-06-02,spreads|binga fc|-1.50|away,spreads,Binga FC,-1.5,away,17.04,17.04,"[""Betfair Exchange""]","[""odds_api_io""]",1,,
soccer|binga|djoliba|2026-06-02,spreads|djoliba ac|1.00|home,spreads,Djoliba AC,1.0,home,1.21,1.1186,"[""Betfair Exchange""]","[""odds_api_io""]",2,13.509,
soccer|binga|djoliba|2026-06-02,spreads|binga fc|-1.00|away,spreads,Binga FC,-1.0,away,17.0,15.8524,"[""Betfair Exchange""]","[""odds_api_io""]",2,0.852,
soccer|binga|djoliba|2026-06-02,spreads|djoliba ac|1.25|home,spreads,Djoliba AC,1.25,home,1.04,1.04,"[""Betfair Exchange""]","[""odds_api_io""]",1,,
soccer|binga|djoliba|2026-06-02,spreads|binga fc|-1.25|away,spreads,Binga FC,-1.25,away,16.05,16.05,"[""Betfair Exchange""]","[""odds_api_io""]",1,,
soccer|binga|djoliba|2026-06-02,spreads|djoliba ac|1.75|home,spreads,Djoliba AC,1.75,home,1.02,1.02,"[""Betfair Exchange""]","[""odds_api_io""]",1,,
soccer|binga|djoliba|2026-06-02,spreads|binga fc|-1.75|away,spreads,Binga FC,-1.75,away,17.04,17.04,"[""Betfair Exchange""]","[""odds_api_io""]",1,,
soccer|binga|djoliba|2026-06-02,spreads|djoliba ac|-2.75|home,spreads,Djoliba AC,-2.75,home,10.36,10.36,"[""Betfair Exchange""]","[""odds_api_io""]",1,,
soccer|binga|djoliba|2026-06-02,spreads|binga fc|2.75|away,spreads,Binga FC,2.75,away,1.04,1.04,"[""Betfair Exchange""]","[""odds_api_io""]",1,,
soccer|binga|djoliba|2026-06-02,spreads|djoliba ac|-2.50|home,spreads,Djoliba AC,-2.5,home,10.09,10.09,"[""Betfair Exchange""]","[""odds_api_io""]",1,,
soccer|binga|djoliba|2026-06-02,spreads|binga fc|2.50|away,spreads,Binga FC,2.5,away,1.06,1.06,"[""Betfair Exchange""]","[""odds_api_io""]",1,,
soccer|binga|djoliba|2026-06-02,totals|over|2.25|,totals,Over,2.25,,2.46,2.46,"[""Betfair Exchange""]","[""odds_api_io""]",1,,
soccer|binga|djoliba|2026-06-02,totals|under|2.25|,totals,Under,2.25,,1.57,1.57,"[""Betfair Exchange""]","[""odds_api_io""]",1,,
soccer|binga|djoliba|2026-06-02,totals|over|5.00|,totals,Over,5.0,,33.08,33.08,"[""Betfair Exchange""]","[""odds_api_io""]",1,,
soccer|binga|djoliba|2026-06-02,totals|under|5.00|,totals,Under,5.0,,1.02,1.02,"[""Betfair Exchange""]","[""odds_api_io""]",1,,
soccer|binga|djoliba|2026-06-02,totals|over|5.25|,totals,Over,5.25,,33.71,33.71,"[""Betfair Exchange""]","[""odds_api_io""]",1,,
soccer|binga|djoliba|2026-06-02,totals|under|5.25|,totals,Under,5.25,,1.02,1.02,"[""Betfair Exchange""]","[""odds_api_io""]",1,,
soccer|binga|djoliba|2026-06-02,totals|over|4.75|,totals,Over,4.75,,20.76,20.76,"[""Betfair Exchange""]","[""odds_api_io""]",1,,
soccer|binga|djoliba|2026-06-02,totals|under|4.75|,totals,Under,4.75,,1.02,1.02,"[""Betfair Exchange""]","[""odds_api_io""]",1,,
soccer|binga|djoliba|2026-06-02,totals|over|5.50|,totals,Over,5.5,,34.33,34.33,"[""Betfair Exchange""]","[""odds_api_io""]",1,,
soccer|binga|djoliba|2026-06-02,totals|under|5.50|,totals,Under,5.5,,1.02,1.02,"[""Betfair Exchange""]","[""odds_api_io""]",1,,
soccer|binga|djoliba|2026-06-02,totals|over|1.25|,totals,Over,1.25,,1.39,1.39,"[""Betfair Exchange""]","[""odds_api_io""]",1,,
soccer|binga|djoliba|2026-06-02,totals|under|1.25|,totals,Under,1.25,,3.11,3.11,"[""Betfair Exchange""]","[""odds_api_io""]",1,,
soccer|binga|djoliba|2026-06-02,totals|over|1.50|,totals,Over,1.5,,1.6,1.6,"[""Betfair Exchange""]","[""odds_api_io""]",1,,
soccer|binga|djoliba|2026-06-02,totals|under|1.50|,totals,Under,1.5,,2.48,2.48,"[""Betfair Exchange""]","[""odds_api_io""]",1,,
soccer|binga|djoliba|2026-06-02,totals|over|1.00|,totals,Over,1.0,,1.19,1.19,"[""Betfair Exchange""]","[""odds_api_io""]",1,,
soccer|binga|djoliba|2026-06-02,totals|under|1.00|,totals,Under,1.0,,4.71,4.71,"[""Betfair Exchange""]","[""odds_api_io""]",1,,
soccer|binga|djoliba|2026-06-02,totals|over|4.00|,totals,Over,4.0,,13.73,13.73,"[""Betfair Exchange""]","[""odds_api_io""]",1,,
soccer|binga|djoliba|2026-06-02,totals|under|4.00|,totals,Under,4.0,,1.06,1.06,"[""Betfair Exchange""]","[""odds_api_io""]",1,,
soccer|binga|djoliba|2026-06-02,totals|over|4.25|,totals,Over,4.25,,14.51,14.51,"[""Betfair Exchange""]","[""odds_api_io""]",1,,
soccer|binga|djoliba|2026-06-02,totals|under|4.25|,totals,Under,4.25,,1.06,1.06,"[""Betfair Exchange""]","[""odds_api_io""]",1,,
soccer|binga|djoliba|2026-06-02,totals|over|3.75|,totals,Over,3.75,,8.18,8.18,"[""Betfair Exchange""]","[""odds_api_io""]",1,,
soccer|binga|djoliba|2026-06-02,totals|under|3.75|,totals,Under,3.75,,1.09,1.09,"[""Betfair Exchange""]","[""odds_api_io""]",1,,
soccer|binga|djoliba|2026-06-02,totals|over|4.50|,totals,Over,4.5,,15.28,15.28,"[""Betfair Exchange""]","[""odds_api_io""]",1,,
soccer|binga|djoliba|2026-06-02,totals|under|4.50|,totals,Under,4.5,,1.06,1.06,"[""Betfair Exchange""]","[""odds_api_io""]",1,,
soccer|binga|djoliba|2026-06-02,totals|over|0.75|,totals,Over,0.75,,1.16,1.16,"[""Betfair Exchange""]","[""odds_api_io""]",1,,
soccer|binga|djoliba|2026-06-02,totals|under|0.75|,totals,Under,0.75,,5.47,5.47,"[""Betfair Exchange""]","[""odds_api_io""]",1,,
soccer|binga|djoliba|2026-06-02,totals|over|0.50|,totals,Over,0.5,,1.13,1.13,"[""Betfair Exchange""]","[""odds_api_io""]",1,,
soccer|binga|djoliba|2026-06-02,totals|under|0.50|,totals,Under,0.5,,6.6,6.6,"[""Betfair Exchange""]","[""odds_api_io""]",1,,
soccer|binga|djoliba|2026-06-02,totals|over|1.75|,totals,Over,1.75,,1.78,1.78,"[""Betfair Exchange""]","[""odds_api_io""]",1,,
soccer|binga|djoliba|2026-06-02,totals|under|1.75|,totals,Under,1.75,,2.07,2.07,"[""Betfair Exchange""]","[""odds_api_io""]",1,,
soccer|binga|djoliba|2026-06-02,totals|over|2.75|,totals,Over,2.75,,3.47,3.47,"[""Betfair Exchange""]","[""odds_api_io""]",1,,
soccer|binga|djoliba|2026-06-02,totals|under|2.75|,totals,Under,2.75,,1.29,1.29,"[""Betfair Exchange""]","[""odds_api_io""]",1,,
soccer|binga|djoliba|2026-06-02,totals|over|3.50|,totals,Over,3.5,,6.0,6.0,"[""Betfair Exchange""]","[""odds_api_io""]",1,,
soccer|binga|djoliba|2026-06-02,totals|under|3.50|,totals,Under,3.5,,1.18,1.18,"[""Betfair Exchange""]","[""odds_api_io""]",1,,
soccer|binga|djoliba|2026-06-02,totals|over|3.00|,totals,Over,3.0,,4.87,4.87,"[""Betfair Exchange""]","[""odds_api_io""]",1,,
soccer|binga|djoliba|2026-06-02,totals|under|3.00|,totals,Under,3.0,,1.21,1.21,"[""Betfair Exchange""]","[""odds_api_io""]",1,,
soccer|binga|djoliba|2026-06-02,totals|over|3.25|,totals,Over,3.25,,5.44,5.44,"[""Betfair Exchange""]","[""odds_api_io""]",1,,
soccer|binga|djoliba|2026-06-02,totals|under|3.25|,totals,Under,3.25,,1.19,1.19,"[""Betfair Exchange""]","[""odds_api_io""]",1,,
soccer|binga|djoliba|2026-06-02,btts|yes||,btts,Yes,,,2.42,2.42,"[""Betfair Exchange""]","[""odds_api_io""]",1,,
soccer|binga|djoliba|2026-06-02,btts|no||,btts,No,,,1.67,1.67,"[""Betfair Exchange""]","[""odds_api_io""]",1,,
soccer|madagascar|morocco|2026-06-02,h2h|morocco||home,h2h,Morocco,,home,1.1,1.0857,"[""Bet365"", ""Unibet"", ""Betfair Exchange"", ""Sbobet"", ""oddssafari-consensus"", ""1xbet"", ""betano"", ""pinnacle"", ""interwetten"", ""unibet"", ""novibet"", ""bwin"", ""sportingbet"", ""betway"", ""888sport"", ""william-hill"", ""bet365"", ""betsson"", ""marathon"", ""bzzoiro"", ""bzzoiro-consensus""]","[""odds_api_io"", ""bzzoiro""]",21,3.076,
soccer|madagascar|morocco|2026-06-02,h2h|draw||,h2h,Draw,,,16.0,9.8948,"[""Bet365"", ""Unibet"", ""Betfair Exchange"", ""Sbobet"", ""oddssafari-consensus"", ""1xbet"", ""betano"", ""pinnacle"", ""interwetten"", ""unibet"", ""novibet"", ""bwin"", ""sportingbet"", ""betway"", ""888sport"", ""william-hill"", ""bet365"", ""betsson"", ""marathon"", ""bzzoiro"", ""bzzoiro-consensus""]","[""odds_api_io"", ""bzzoiro""]",21,6.408,
soccer|madagascar|morocco|2026-06-02,h2h|madagascar||away,h2h,Madagascar,,away,38.0,24.2799,"[""Bet365"", ""Unibet"", ""Betfair Exchange"", ""Sbobet"", ""oddssafari-consensus"", ""1xbet"", ""betano"", ""pinnacle"", ""interwetten"", ""unibet"", ""novibet"", ""bwin"", ""sportingbet"", ""betway"", ""888sport"", ""william-hill"", ""bet365"", ""betsson"", ""marathon"", ""bzzoiro"", ""bzzoiro-consensus""]","[""odds_api_io"", ""bzzoiro""]",21,3.429,
soccer|madagascar|morocco|2026-06-02,dnb|morocco|0.00|home,dnb,Morocco,0.0,home,1.03,1.0251,"[""Bet365"", ""Betfair Exchange""]","[""odds_api_io""]",2,0.952,
soccer|madagascar|morocco|2026-06-02,dnb|madagascar|0.00|away,dnb,Madagascar,0.0,away,27.0,22.3751,"[""Bet365"", ""Betfair Exchange""]","[""odds_api_io""]",2,1.559,
soccer|madagascar|morocco|2026-06-02,spreads|morocco|-2.50|home,spreads,Morocco,-2.5,home,1.93,1.8588,"[""Bet365"", ""Unibet"", ""Betfair Exchange"", ""Sbobet""]","[""odds_api_io""]",4,3.742,
soccer|madagascar|morocco|2026-06-02,spreads|madagascar|2.50|away,spreads,Madagascar,2.5,away,2.02,1.953,"[""Bet365"", ""Unibet"", ""Betfair Exchange"", ""Sbobet""]","[""odds_api_io""]",4,6.051,
soccer|madagascar|morocco|2026-06-02,totals|over|3.50|,totals,Over,3.5,,2.12,2.0013,"[""Bet365"", ""Unibet"", ""Betfair Exchange"", ""Sbobet"", ""1xbet"", ""bzzoiro-consensus""]","[""odds_api_io"", ""bzzoiro""]",6,4.914,
soccer|madagascar|morocco|2026-06-02,totals|under|3.50|,totals,Under,3.5,,1.92,1.8261,"[""Bet365"", ""Unibet"", ""Betfair Exchange"", ""Sbobet"", ""1xbet"", ""bzzoiro-consensus""]","[""odds_api_io"", ""bzzoiro""]",6,9.266,
soccer|madagascar|morocco|2026-06-02,totals|over|2.50|,totals,Over,2.5,,1.44,1.3997,"[""Bet365"", ""Unibet"", ""Betfair Exchange"", ""bzzoiro-consensus""]","[""odds_api_io"", ""bzzoiro""]",4,4.085,
soccer|madagascar|morocco|2026-06-02,totals|under|2.50|,totals,Under,2.5,,3.35,2.9521,"[""Bet365"", ""Unibet"", ""Betfair Exchange"", ""pinnacle"", ""bzzoiro-consensus""]","[""odds_api_io"", ""bzzoiro""]",5,9.365,
soccer|madagascar|morocco|2026-06-02,btts|yes||,btts,Yes,,,2.95,2.6372,"[""Bet365"", ""Unibet"", ""Betfair Exchange"", ""oddssafari-consensus"", ""1xbet"", ""betano"", ""pinnacle"", ""interwetten"", ""unibet"", ""novibet"", ""bwin"", ""sportingbet"", ""betway"", ""888sport"", ""william-hill"", ""bet365"", ""betsson"", ""marathon"", ""bzzoiro"", ""bzzoiro-consensus""]","[""odds_api_io"", ""bzzoiro""]",20,6.102,
soccer|madagascar|morocco|2026-06-02,btts|no||,btts,No,,,1.5,1.4362,"[""Bet365"", ""Unibet"", ""Betfair Exchange"", ""oddssafari-consensus"", ""1xbet"", ""betano"", ""pinnacle"", ""interwetten"", ""unibet"", ""novibet"", ""bwin"", ""sportingbet"", ""betway"", ""888sport"", ""william-hill"", ""bet365"", ""betsson"", ""marathon"", ""bzzoiro"", ""bzzoiro-consensus""]","[""odds_api_io"", ""bzzoiro""]",20,7.96,
soccer|madagascar|morocco|2026-06-02,spreads|morocco|-4.00|home,spreads,Morocco,-4.0,home,5.6,5.1241,"[""Bet365"", ""Unibet"", ""Betfair Exchange""]","[""odds_api_io""]",4,3.648,
soccer|madagascar|morocco|2026-06-02,spreads|morocco|-3.00|home,spreads,Morocco,-3.0,home,3.15,2.3583,"[""Bet365"", ""Unibet"", ""Betfair Exchange""]","[""odds_api_io""]",5,36.281,
soccer|madagascar|morocco|2026-06-02,spreads|morocco|-1.00|home,spreads,Morocco,-1.0,home,1.35,1.2296,"[""Bet365"", ""Betfair Exchange""]","[""odds_api_io""]",4,14.422,
soccer|madagascar|morocco|2026-06-02,spreads|madagascar|1.00|away,spreads,Madagascar,1.0,away,51.0,9.6331,"[""Bet365"", ""Betfair Exchange""]","[""odds_api_io""]",4,15.431,
soccer|madagascar|morocco|2026-06-02,spreads|morocco|1.00|home,spreads,Morocco,1.0,home,1.03,1.0226,"[""Bet365"", ""Betfair Exchange""]","[""odds_api_io""]",2,1.435,
soccer|madagascar|morocco|2026-06-02,spreads|madagascar|-1.00|away,spreads,Madagascar,-1.0,away,130.0,13.5051,"[""Bet365"", ""Betfair Exchange""]","[""odds_api_io""]",2,13.516,
soccer|madagascar|morocco|2026-06-02,spreads|madagascar|-4.00|away,spreads,Madagascar,-4.0,away,1.363,1.363,"[""Bet365""]","[""odds_api_io""]",1,,
soccer|madagascar|morocco|2026-06-02,spreads|madagascar|-3.00|away,spreads,Madagascar,-3.0,away,1.833,1.833,"[""Bet365""]","[""odds_api_io""]",1,,
soccer|madagascar|morocco|2026-06-02,spreads|morocco|-4.25|home,spreads,Morocco,-4.25,home,5.25,5.25,"[""Bet365""]","[""odds_api_io""]",1,,
soccer|madagascar|morocco|2026-06-02,spreads|madagascar|4.25|away,spreads,Madagascar,4.25,away,1.16,1.16,"[""Bet365""]","[""odds_api_io""]",1,,
soccer|madagascar|morocco|2026-06-02,spreads|morocco|-3.75|home,spreads,Morocco,-3.75,home,3.78,3.6635,"[""Bet365"", ""Betfair Exchange""]","[""odds_api_io""]",2,1.714,
soccer|madagascar|morocco|2026-06-02,spreads|madagascar|3.75|away,spreads,Madagascar,3.75,away,1.29,1.2826,"[""Bet365"", ""Betfair Exchange""]","[""odds_api_io""]",2,0.912,
soccer|madagascar|morocco|2026-06-02,spreads|madagascar|3.00|away,spreads,Madagascar,3.0,away,2.55,1.8304,"[""Bet365"", ""Unibet"", ""Betfair Exchange""]","[""odds_api_io""]",4,26.358,
soccer|madagascar|morocco|2026-06-02,spreads|morocco|-2.75|home,spreads,Morocco,-2.75,home,2.18,2.13,"[""Bet365"", ""Betfair Exchange"", ""Sbobet""]","[""odds_api_io""]",3,1.747,
soccer|madagascar|morocco|2026-06-02,spreads|madagascar|2.75|away,spreads,Madagascar,2.75,away,1.79,1.7431,"[""Bet365"", ""Betfair Exchange"", ""Sbobet""]","[""odds_api_io""]",3,2.958,
soccer|madagascar|morocco|2026-06-02,spreads|morocco|-2.25|home,spreads,Morocco,-2.25,home,1.73,1.6826,"[""Bet365"", ""Betfair Exchange"", ""Sbobet""]","[""odds_api_io""]",3,3.925,
soccer|madagascar|morocco|2026-06-02,spreads|madagascar|2.25|away,spreads,Madagascar,2.25,away,2.28,2.2174,"[""Bet365"", ""Betfair Exchange"", ""Sbobet""]","[""odds_api_io""]",3,3.759,
soccer|madagascar|morocco|2026-06-02,spreads|morocco|-1.25|home,spreads,Morocco,-1.25,home,1.24,1.24,"[""Bet365"", ""Betfair Exchange""]","[""odds_api_io""]",2,,
soccer|madagascar|morocco|2026-06-02,spreads|madagascar|1.25|away,spreads,Madagascar,1.25,away,4.78,4.3033,"[""Bet365"", ""Betfair Exchange""]","[""odds_api_io""]",2,4.721,
soccer|madagascar|morocco|2026-06-02,spreads|morocco|-3.25|home,spreads,Morocco,-3.25,home,2.86,2.8049,"[""Bet365"", ""Betfair Exchange""]","[""odds_api_io""]",2,1.399,
soccer|madagascar|morocco|2026-06-02,spreads|madagascar|3.25|away,spreads,Madagascar,3.25,away,1.49,1.4574,"[""Bet365"", ""Betfair Exchange""]","[""odds_api_io""]",2,3.061,
soccer|madagascar|morocco|2026-06-02,spreads|morocco|-1.50|home,spreads,Morocco,-1.5,home,1.35,1.3336,"[""Bet365"", ""Unibet"", ""Betfair Exchange""]","[""odds_api_io""]",3,2.849,
soccer|madagascar|morocco|2026-06-02,spreads|madagascar|1.50|away,spreads,Madagascar,1.5,away,3.56,3.2454,"[""Bet365"", ""Unibet"", ""Betfair Exchange""]","[""odds_api_io""]",3,4.168,
soccer|madagascar|morocco|2026-06-02,spreads|morocco|-4.50|home,spreads,Morocco,-4.5,home,5.75,5.5212,"[""Bet365"", ""Unibet""]","[""odds_api_io""]",2,1.477,
soccer|madagascar|morocco|2026-06-02,spreads|madagascar|4.50|away,spreads,Madagascar,4.5,away,1.14,1.1252,"[""Bet365"", ""Unibet""]","[""odds_api_io""]",2,2.371,
soccer|madagascar|morocco|2026-06-02,spreads|morocco|-3.50|home,spreads,Morocco,-3.5,home,3.16,3.1042,"[""Bet365"", ""Unibet"", ""Betfair Exchange""]","[""odds_api_io""]",3,1.141,
soccer|madagascar|morocco|2026-06-02,spreads|madagascar|3.50|away,spreads,Madagascar,3.5,away,1.41,1.3602,"[""Bet365"", ""Unibet"", ""Betfair Exchange""]","[""odds_api_io""]",3,4.836,
soccer|madagascar|morocco|2026-06-02,spreads|morocco|-2.00|home,spreads,Morocco,-2.0,home,1.93,1.6873,"[""Bet365"", ""Unibet"", ""Betfair Exchange""]","[""odds_api_io""]",4,14.412,
soccer|madagascar|morocco|2026-06-02,spreads|madagascar|2.00|away,spreads,Madagascar,2.0,away,3.55,2.9078,"[""Bet365"", ""Unibet"", ""Betfair Exchange""]","[""odds_api_io""]",4,13.068,
soccer|madagascar|morocco|2026-06-02,spreads|morocco|-1.75|home,spreads,Morocco,-1.75,home,1.425,1.4225,"[""Bet365"", ""Betfair Exchange""]","[""odds_api_io""]",2,0.247,
soccer|madagascar|morocco|2026-06-02,spreads|madagascar|1.75|away,spreads,Madagascar,1.75,away,3.17,2.9489,"[""Bet365"", ""Betfair Exchange""]","[""odds_api_io""]",2,4.818,
soccer|madagascar|morocco|2026-06-02,spreads|morocco|-0.75|home,spreads,Morocco,-0.75,home,1.12,1.1149,"[""Bet365"", ""Betfair Exchange""]","[""odds_api_io""]",2,0.804,
soccer|madagascar|morocco|2026-06-02,spreads|madagascar|0.75|away,spreads,Madagascar,0.75,away,9.17,7.4592,"[""Bet365"", ""Betfair Exchange""]","[""odds_api_io""]",2,5.095,
soccer|madagascar|morocco|2026-06-02,spreads|madagascar|4.00|away,spreads,Madagascar,4.0,away,1.3,1.2121,"[""Bet365"", ""Unibet"", ""Betfair Exchange""]","[""odds_api_io""]",3,8.547,
soccer|madagascar|morocco|2026-06-02,spreads|morocco|-0.50|home,spreads,Morocco,-0.5,home,1.105,1.0919,"[""Bet365"", ""Unibet"", ""Betfair Exchange""]","[""odds_api_io""]",3,2.96,
soccer|madagascar|morocco|2026-06-02,spreads|madagascar|0.50|away,spreads,Madagascar,0.5,away,10.09,7.6465,"[""Bet365"", ""Unibet"", ""Betfair Exchange""]","[""odds_api_io""]",3,4.904,
soccer|madagascar|morocco|2026-06-02,teamTotals|over|1.50|,teamTotals,Over,1.5,,10.0,1.6831,"[""Bet365"", ""Unibet""]","[""odds_api_io""]",3,74.746,
soccer|madagascar|morocco|2026-06-02,teamTotals|under|1.50|,teamTotals,Under,1.5,,4.5,2.1236,"[""Bet365"", ""Unibet""]","[""odds_api_io""]",3,71.94,
soccer|madagascar|morocco|2026-06-02,teamTotals|over|0.50|,teamTotals,Over,0.5,,2.8,1.7258,"[""Bet365"", ""Unibet""]","[""odds_api_io""]",3,61.373,
soccer|madagascar|morocco|2026-06-02,teamTotals|under|0.50|,teamTotals,Under,0.5,,15.0,2.0663,"[""Bet365"", ""Unibet""]","[""odds_api_io""]",3,66.326,
soccer|madagascar|morocco|2026-06-02,teamTotals|over|2.50|,teamTotals,Over,2.5,,41.0,2.3637,"[""Bet365"", ""Unibet""]","[""odds_api_io""]",3,61.215,
soccer|madagascar|morocco|2026-06-02,teamTotals|under|2.50|,teamTotals,Under,2.5,,2.25,1.5625,"[""Bet365"", ""Unibet""]","[""odds_api_io""]",3,55.157,
soccer|madagascar|morocco|2026-06-02,teamTotals|over|4.50|,teamTotals,Over,4.5,,4.6,4.4594,"[""Bet365"", ""Unibet""]","[""odds_api_io""]",2,1.34,
soccer|madagascar|morocco|2026-06-02,teamTotals|under|4.50|,teamTotals,Under,4.5,,1.2,1.1751,"[""Bet365"", ""Unibet""]","[""odds_api_io""]",2,3.623,
soccer|madagascar|morocco|2026-06-02,teamTotals|over|5.50|,teamTotals,Over,5.5,,9.0,9.0,"[""Bet365""]","[""odds_api_io""]",1,,
soccer|madagascar|morocco|2026-06-02,teamTotals|under|5.50|,teamTotals,Under,5.5,,1.071,1.071,"[""Bet365""]","[""odds_api_io""]",1,,
soccer|madagascar|morocco|2026-06-02,teamTotals|over|7.50|,teamTotals,Over,7.5,,34.0,34.0,"[""Bet365""]","[""odds_api_io""]",1,,
soccer|madagascar|morocco|2026-06-02,teamTotals|under|7.50|,teamTotals,Under,7.5,,1.005,1.005,"[""Bet365""]","[""odds_api_io""]",1,,
soccer|madagascar|morocco|2026-06-02,teamTotals|over|3.50|,teamTotals,Over,3.5,,2.6,2.5478,"[""Bet365"", ""Unibet""]","[""odds_api_io""]",2,1.538,
soccer|madagascar|morocco|2026-06-02,teamTotals|under|3.50|,teamTotals,Under,3.5,,1.5,1.465,"[""Bet365"", ""Unibet""]","[""odds_api_io""]",2,3.263,
soccer|madagascar|morocco|2026-06-02,teamTotals|over|6.50|,teamTotals,Over,6.5,,19.0,19.0,"[""Bet365""]","[""odds_api_io""]",1,,
soccer|madagascar|morocco|2026-06-02,teamTotals|under|6.50|,teamTotals,Under,6.5,,1.02,1.02,"[""Bet365""]","[""odds_api_io""]",1,,
soccer|madagascar|morocco|2026-06-02,doubleChance|12||,doubleChance,12,,,1.06,1.0454,"[""Unibet"", ""Betfair Exchange""]","[""odds_api_io""]",2,2.748,
soccer|madagascar|morocco|2026-06-02,doubleChance|x2||,doubleChance,X2,,,10.0,8.1257,"[""Unibet"", ""Betfair Exchange""]","[""odds_api_io""]",2,4.815,
soccer|madagascar|morocco|2026-06-02,totals|over|4.50|,totals,Over,4.5,,3.55,3.4972,"[""Unibet"", ""Betfair Exchange""]","[""odds_api_io""]",2,0.816,
soccer|madagascar|morocco|2026-06-02,totals|under|4.50|,totals,Under,4.5,,1.39,1.3139,"[""Unibet"", ""Betfair Exchange""]","[""odds_api_io""]",2,8.703,
soccer|madagascar|morocco|2026-06-02,totals|over|1.50|,totals,Over,1.5,,1.13,1.1203,"[""Unibet"", ""Betfair Exchange"", ""bzzoiro-consensus""]","[""odds_api_io"", ""bzzoiro""]",3,2.414,
soccer|madagascar|morocco|2026-06-02,totals|under|1.50|,totals,Under,1.5,,8.0,6.1773,"[""Unibet"", ""Betfair Exchange"", ""bzzoiro-consensus""]","[""odds_api_io"", ""bzzoiro""]",3,7.5,
soccer|madagascar|morocco|2026-06-02,totals|over|5.50|,totals,Over,5.5,,6.6,6.4276,"[""Unibet"", ""Betfair Exchange""]","[""odds_api_io""]",2,0.848,
soccer|madagascar|morocco|2026-06-02,totals|under|5.50|,totals,Under,5.5,,1.16,1.1202,"[""Unibet"", ""Betfair Exchange""]","[""odds_api_io""]",2,6.386,
soccer|madagascar|morocco|2026-06-02,spreads|morocco|-7.00|home,spreads,Morocco,-7.0,home,3.15,3.15,"[""Unibet""]","[""odds_api_io""]",1,,
soccer|madagascar|morocco|2026-06-02,spreads|madagascar|7.00|away,spreads,Madagascar,7.0,away,1.29,1.29,"[""Unibet""]","[""odds_api_io""]",1,,
soccer|madagascar|morocco|2026-06-02,spreads|morocco|-6.00|home,spreads,Morocco,-6.0,home,2.55,2.55,"[""Unibet""]","[""odds_api_io""]",1,,
soccer|madagascar|morocco|2026-06-02,spreads|madagascar|6.00|away,spreads,Madagascar,6.0,away,1.46,1.46,"[""Unibet""]","[""odds_api_io""]",1,,
soccer|madagascar|morocco|2026-06-02,spreads|morocco|-5.00|home,spreads,Morocco,-5.0,home,2.08,2.08,"[""Unibet""]","[""odds_api_io""]",1,,
soccer|madagascar|morocco|2026-06-02,spreads|madagascar|5.00|away,spreads,Madagascar,5.0,away,1.71,1.71,"[""Unibet""]","[""odds_api_io""]",1,,
soccer|madagascar|morocco|2026-06-02,doubleChance|1x||,doubleChance,1X,,,1.03,1.03,"[""Betfair Exchange""]","[""odds_api_io""]",1,,
soccer|madagascar|morocco|2026-06-02,spreads|morocco|0.00|home,spreads,Morocco,0.0,home,1.03,1.03,"[""Betfair Exchange""]","[""odds_api_io""]",1,,
soccer|madagascar|morocco|2026-06-02,spreads|madagascar|-0.00|away,spreads,Madagascar,-0.0,away,27.0,27.0,"[""Betfair Exchange""]","[""odds_api_io""]",1,,
soccer|madagascar|morocco|2026-06-02,spreads|morocco|0.75|home,spreads,Morocco,0.75,home,1.01,1.01,"[""Betfair Exchange""]","[""odds_api_io""]",1,,
soccer|madagascar|morocco|2026-06-02,spreads|madagascar|-0.75|away,spreads,Madagascar,-0.75,away,46.51,46.51,"[""Betfair Exchange""]","[""odds_api_io""]",1,,
soccer|madagascar|morocco|2026-06-02,spreads|morocco|-0.25|home,spreads,Morocco,-0.25,home,1.07,1.07,"[""Betfair Exchange""]","[""odds_api_io""]",1,,
soccer|madagascar|morocco|2026-06-02,spreads|madagascar|0.25|away,spreads,Madagascar,0.25,away,14.47,14.47,"[""Betfair Exchange""]","[""odds_api_io""]",1,,
soccer|madagascar|morocco|2026-06-02,spreads|morocco|0.25|home,spreads,Morocco,0.25,home,1.03,1.03,"[""Betfair Exchange""]","[""odds_api_io""]",1,,
soccer|madagascar|morocco|2026-06-02,spreads|madagascar|-0.25|away,spreads,Madagascar,-0.25,away,27.9,27.9,"[""Betfair Exchange""]","[""odds_api_io""]",1,,
soccer|madagascar|morocco|2026-06-02,spreads|morocco|0.50|home,spreads,Morocco,0.5,home,1.03,1.03,"[""Betfair Exchange""]","[""odds_api_io""]",1,,
soccer|madagascar|morocco|2026-06-02,spreads|madagascar|-0.50|away,spreads,Madagascar,-0.5,away,28.79,28.79,"[""Betfair Exchange""]","[""odds_api_io""]",1,,
soccer|madagascar|morocco|2026-06-02,totals|over|2.00|,totals,Over,2.0,,1.16,1.16,"[""Betfair Exchange""]","[""odds_api_io""]",1,,
soccer|madagascar|morocco|2026-06-02,totals|under|2.00|,totals,Under,2.0,,6.0,6.0,"[""Betfair Exchange""]","[""odds_api_io""]",1,,
soccer|madagascar|morocco|2026-06-02,totals|over|4.25|,totals,Over,4.25,,3.11,3.11,"[""Betfair Exchange""]","[""odds_api_io""]",1,,
soccer|madagascar|morocco|2026-06-02,totals|under|4.25|,totals,Under,4.25,,1.44,1.44,"[""Betfair Exchange""]","[""odds_api_io""]",1,,
soccer|madagascar|morocco|2026-06-02,totals|over|1.75|,totals,Over,1.75,,1.15,1.15,"[""Betfair Exchange""]","[""odds_api_io""]",1,,
soccer|madagascar|morocco|2026-06-02,totals|under|1.75|,totals,Under,1.75,,6.5,6.5,"[""Betfair Exchange""]","[""odds_api_io""]",1,,
soccer|madagascar|morocco|2026-06-02,totals|over|4.00|,totals,Over,4.0,,2.78,2.78,"[""Betfair Exchange""]","[""odds_api_io""]",1,,
soccer|madagascar|morocco|2026-06-02,totals|under|4.00|,totals,Under,4.0,,1.51,1.51,"[""Betfair Exchange""]","[""odds_api_io""]",1,,
soccer|madagascar|morocco|2026-06-02,totals|over|4.75|,totals,Over,4.75,,4.25,4.25,"[""Betfair Exchange""]","[""odds_api_io""]",1,,
soccer|madagascar|morocco|2026-06-02,totals|under|4.75|,totals,Under,4.75,,1.27,1.27,"[""Betfair Exchange""]","[""odds_api_io""]",1,,
soccer|madagascar|morocco|2026-06-02,totals|over|3.00|,totals,Over,3.0,,1.59,1.5548,"[""Betfair Exchange"", ""Sbobet""]","[""odds_api_io""]",2,2.896,
soccer|madagascar|morocco|2026-06-02,totals|under|3.00|,totals,Under,3.0,,2.52,2.4699,"[""Betfair Exchange"", ""Sbobet""]","[""odds_api_io""]",2,1.64,
soccer|madagascar|morocco|2026-06-02,totals|over|1.25|,totals,Over,1.25,,1.07,1.07,"[""Betfair Exchange""]","[""odds_api_io""]",1,,
soccer|madagascar|morocco|2026-06-02,totals|under|1.25|,totals,Under,1.25,,10.15,10.15,"[""Betfair Exchange""]","[""odds_api_io""]",1,,
soccer|madagascar|morocco|2026-06-02,totals|over|3.75|,totals,Over,3.75,,2.32,2.32,"[""Betfair Exchange""]","[""odds_api_io""]",1,,
soccer|madagascar|morocco|2026-06-02,totals|under|3.75|,totals,Under,3.75,,1.67,1.67,"[""Betfair Exchange""]","[""odds_api_io""]",1,,
soccer|madagascar|morocco|2026-06-02,totals|over|5.75|,totals,Over,5.75,,8.89,8.89,"[""Betfair Exchange""]","[""odds_api_io""]",1,,
soccer|madagascar|morocco|2026-06-02,totals|under|5.75|,totals,Under,5.75,,1.1,1.1,"[""Betfair Exchange""]","[""odds_api_io""]",1,,
soccer|madagascar|morocco|2026-06-02,totals|over|6.25|,totals,Over,6.25,,13.93,13.93,"[""Betfair Exchange""]","[""odds_api_io""]",1,,
soccer|madagascar|morocco|2026-06-02,totals|under|6.25|,totals,Under,6.25,,1.06,1.06,"[""Betfair Exchange""]","[""odds_api_io""]",1,,
soccer|madagascar|morocco|2026-06-02,totals|over|2.25|,totals,Over,2.25,,1.28,1.28,"[""Betfair Exchange""]","[""odds_api_io""]",1,,
soccer|madagascar|morocco|2026-06-02,totals|under|2.25|,totals,Under,2.25,,4.19,4.19,"[""Betfair Exchange""]","[""odds_api_io""]",1,,
soccer|madagascar|morocco|2026-06-02,totals|over|2.75|,totals,Over,2.75,,1.47,1.47,"[""Betfair Exchange""]","[""odds_api_io""]",1,,
soccer|madagascar|morocco|2026-06-02,totals|under|2.75|,totals,Under,2.75,,2.82,2.82,"[""Betfair Exchange""]","[""odds_api_io""]",1,,
soccer|madagascar|morocco|2026-06-02,totals|over|3.25|,totals,Over,3.25,,1.82,1.7538,"[""Betfair Exchange"", ""Sbobet""]","[""odds_api_io""]",2,4.227,
soccer|madagascar|morocco|2026-06-02,totals|under|3.25|,totals,Under,3.25,,2.14,2.14,"[""Betfair Exchange"", ""Sbobet""]","[""odds_api_io""]",2,,
soccer|madagascar|morocco|2026-06-02,totals|over|5.00|,totals,Over,5.0,,5.82,5.82,"[""Betfair Exchange""]","[""odds_api_io""]",1,,
soccer|madagascar|morocco|2026-06-02,totals|under|5.00|,totals,Under,5.0,,1.18,1.18,"[""Betfair Exchange""]","[""odds_api_io""]",1,,
soccer|madagascar|morocco|2026-06-02,totals|over|5.25|,totals,Over,5.25,,6.31,6.31,"[""Betfair Exchange""]","[""odds_api_io""]",1,,
soccer|madagascar|morocco|2026-06-02,totals|under|5.25|,totals,Under,5.25,,1.17,1.17,"[""Betfair Exchange""]","[""odds_api_io""]",1,,
soccer|madagascar|morocco|2026-06-02,totals|over|7.25|,totals,Over,7.25,,31.45,31.45,"[""Betfair Exchange""]","[""odds_api_io""]",1,,
soccer|madagascar|morocco|2026-06-02,totals|under|7.25|,totals,Under,7.25,,1.02,1.02,"[""Betfair Exchange""]","[""odds_api_io""]",1,,
soccer|madagascar|morocco|2026-06-02,totals|over|7.50|,totals,Over,7.5,,32.0,32.0,"[""Betfair Exchange""]","[""odds_api_io""]",1,,
soccer|madagascar|morocco|2026-06-02,totals|under|7.50|,totals,Under,7.5,,1.02,1.02,"[""Betfair Exchange""]","[""odds_api_io""]",1,,
soccer|madagascar|morocco|2026-06-02,totals|over|6.75|,totals,Over,6.75,,19.58,19.58,"[""Betfair Exchange""]","[""odds_api_io""]",1,,
soccer|madagascar|morocco|2026-06-02,totals|under|6.75|,totals,Under,6.75,,1.02,1.02,"[""Betfair Exchange""]","[""odds_api_io""]",1,,
soccer|madagascar|morocco|2026-06-02,totals|over|7.00|,totals,Over,7.0,,30.79,30.79,"[""Betfair Exchange""]","[""odds_api_io""]",1,,
soccer|madagascar|morocco|2026-06-02,totals|under|7.00|,totals,Under,7.0,,1.02,1.02,"[""Betfair Exchange""]","[""odds_api_io""]",1,,
soccer|madagascar|morocco|2026-06-02,totals|over|0.75|,totals,Over,0.75,,1.02,1.02,"[""Betfair Exchange""]","[""odds_api_io""]",1,,
soccer|madagascar|morocco|2026-06-02,totals|under|0.75|,totals,Under,0.75,,12.75,12.75,"[""Betfair Exchange""]","[""odds_api_io""]",1,,
soccer|madagascar|morocco|2026-06-02,totals|over|1.00|,totals,Over,1.0,,1.02,1.02,"[""Betfair Exchange""]","[""odds_api_io""]",1,,
soccer|madagascar|morocco|2026-06-02,totals|under|1.00|,totals,Under,1.0,,12.49,12.49,"[""Betfair Exchange""]","[""odds_api_io""]",1,,
soccer|madagascar|morocco|2026-06-02,totals|over|6.00|,totals,Over,6.0,,13.36,13.36,"[""Betfair Exchange""]","[""odds_api_io""]",1,,
soccer|madagascar|morocco|2026-06-02,totals|under|6.00|,totals,Under,6.0,,1.06,1.06,"[""Betfair Exchange""]","[""odds_api_io""]",1,,
soccer|madagascar|morocco|2026-06-02,totals|over|6.50|,totals,Over,6.5,,14.5,14.5,"[""Betfair Exchange""]","[""odds_api_io""]",1,,
soccer|madagascar|morocco|2026-06-02,totals|under|6.50|,totals,Under,6.5,,1.06,1.06,"[""Betfair Exchange""]","[""odds_api_io""]",1,,
soccer|madagascar|morocco|2026-06-02,totals|over|7.75|,totals,Over,7.75,,46.04,46.04,"[""Betfair Exchange""]","[""odds_api_io""]",1,,
soccer|madagascar|morocco|2026-06-02,totals|under|7.75|,totals,Under,7.75,,1.01,1.01,"[""Betfair Exchange""]","[""odds_api_io""]",1,,
soccer|madagascar|morocco|2026-06-02,totals|over|0.50|,totals,Over,0.5,,1.02,1.02,"[""Betfair Exchange""]","[""odds_api_io""]",1,,
soccer|madagascar|morocco|2026-06-02,totals|under|0.50|,totals,Under,0.5,,40.0,40.0,"[""Betfair Exchange""]","[""odds_api_io""]",1,,
soccer|madagascar|morocco|2026-06-02,totals|over|8.25|,totals,Over,8.25,,79.25,79.25,"[""Betfair Exchange""]","[""odds_api_io""]",1,,
soccer|madagascar|morocco|2026-06-02,totals|under|8.25|,totals,Under,8.25,,1.01,1.01,"[""Betfair Exchange""]","[""odds_api_io""]",1,,
soccer|madagascar|morocco|2026-06-02,totals|over|8.00|,totals,Over,8.0,,78.5,78.5,"[""Betfair Exchange""]","[""odds_api_io""]",1,,
soccer|madagascar|morocco|2026-06-02,totals|under|8.00|,totals,Under,8.0,,1.01,1.01,"[""Betfair Exchange""]","[""odds_api_io""]",1,,
soccer|madagascar|morocco|2026-06-02,totals|over|8.50|,totals,Over,8.5,,80.0,80.0,"[""Betfair Exchange""]","[""odds_api_io""]",1,,
soccer|madagascar|morocco|2026-06-02,totals|under|8.50|,totals,Under,8.5,,1.01,1.01,"[""Betfair Exchange""]","[""odds_api_io""]",1,,
soccer|madagascar|morocco|2026-06-02,totals|under|25.00|,totals,Under,25.0,,3.15,3.0341,"[""pinnacle"", ""under@2.5""]","[""bzzoiro""]",2,2.618,
soccer|madagascar|morocco|2026-06-02,totals|over|35.00|,totals,Over,35.0,,2.047,1.991,"[""1xbet"", ""over@3.5""]","[""bzzoiro""]",2,2.694,
soccer|madagascar|morocco|2026-06-02,totals|under|35.00|,totals,Under,35.0,,1.88,1.8383,"[""1xbet"", ""under@3.5""]","[""bzzoiro""]",2,2.364,
soccer|madagascar|morocco|2026-06-02,totals|over|15.00|,totals,Over,15.0,,1.1,1.1,"[""over@1.5""]","[""bzzoiro""]",1,,
soccer|madagascar|morocco|2026-06-02,totals|under|15.00|,totals,Under,15.0,,6.1,6.1,"[""under@1.5""]","[""bzzoiro""]",1,,
soccer|madagascar|morocco|2026-06-02,totals|over|25.00|,totals,Over,25.0,,1.36,1.36,"[""over@2.5""]","[""bzzoiro""]",1,,
soccer|madagascar|morocco|2026-06-02,totals|over||,totals,Over,,,13.0,2.2573,"[""over@6.5"", ""over@7.5"", ""over@8.5"", ""over@9.0"", ""over@9.5"", ""over@10.0"", ""over@10.5"", ""over@11.5"", ""over@12.5"", ""over@13.5"", ""over@14.5"", ""over@8.0""]","[""bzzoiro""]",12,76.341,
soccer|madagascar|morocco|2026-06-02,totals|under||,totals,Under,,,4.25,1.5902,"[""under@6.5"", ""under@7.5"", ""under@8.5"", ""under@9.0"", ""under@9.5"", ""under@10.0"", ""under@10.5"", ""under@11.5"", ""under@12.5"", ""under@13.5"", ""under@14.5"", ""under@8.0""]","[""bzzoiro""]",12,73.558,
soccer|angelholms ff|rosengaard 1917|2026-06-02,h2h|fc rosengaard 1917||home,h2h,FC Rosengaard 1917,,home,1.69,1.594,"[""Bet365"", ""Betfair Exchange"", ""Sbobet""]","[""odds_api_io""]",3,7.495,
soccer|angelholms ff|rosengaard 1917|2026-06-02,h2h|draw||,h2h,Draw,,,4.1,3.8882,"[""Bet365"", ""Betfair Exchange"", ""Sbobet""]","[""odds_api_io""]",3,2.784,
soccer|angelholms ff|rosengaard 1917|2026-06-02,h2h|angelholms ff||away,h2h,Angelholms FF,,away,5.3,4.7545,"[""Bet365"", ""Betfair Exchange"", ""Sbobet""]","[""odds_api_io""]",3,4.211,
soccer|angelholms ff|rosengaard 1917|2026-06-02,dnb|fc rosengaard 1917|0.00|home,dnb,FC Rosengaard 1917,0.0,home,1.3,1.2926,"[""Bet365"", ""Betfair Exchange""]","[""odds_api_io""]",2,0.898,
soccer|angelholms ff|rosengaard 1917|2026-06-02,dnb|angelholms ff|0.00|away,dnb,Angelholms FF,0.0,away,4.0,3.7379,"[""Bet365"", ""Betfair Exchange""]","[""odds_api_io""]",2,3.571,
soccer|angelholms ff|rosengaard 1917|2026-06-02,spreads|fc rosengaard 1917|-0.75|home,spreads,FC Rosengaard 1917,-0.75,home,1.86,1.7769,"[""Bet365"", ""Betfair Exchange"", ""Sbobet""]","[""odds_api_io""]",3,5.06,
soccer|angelholms ff|rosengaard 1917|2026-06-02,spreads|angelholms ff|0.75|away,spreads,Angelholms FF,0.75,away,2.11,2.0609,"[""Bet365"", ""Betfair Exchange"", ""Sbobet""]","[""odds_api_io""]",3,1.989,
soccer|angelholms ff|rosengaard 1917|2026-06-02,totals|over|3.00|,totals,Over,3.0,,2.06,2.0427,"[""Bet365"", ""Betfair Exchange""]","[""odds_api_io""]",2,0.839,
soccer|angelholms ff|rosengaard 1917|2026-06-02,totals|under|3.00|,totals,Under,3.0,,1.82,1.7976,"[""Bet365"", ""Betfair Exchange""]","[""odds_api_io""]",2,1.393,
soccer|angelholms ff|rosengaard 1917|2026-06-02,totals|over|2.50|,totals,Over,2.5,,1.67,1.668,"[""Bet365"", ""Betfair Exchange""]","[""odds_api_io""]",2,0.144,
soccer|angelholms ff|rosengaard 1917|2026-06-02,totals|under|2.50|,totals,Under,2.5,,2.36,2.252,"[""Bet365"", ""Betfair Exchange""]","[""odds_api_io""]",2,4.139,
soccer|angelholms ff|rosengaard 1917|2026-06-02,btts|yes||,btts,Yes,,,1.68,1.6731,"[""Bet365"", ""Betfair Exchange""]","[""odds_api_io""]",2,0.5,
soccer|angelholms ff|rosengaard 1917|2026-06-02,btts|no||,btts,No,,,2.34,2.2157,"[""Bet365"", ""Betfair Exchange""]","[""odds_api_io""]",2,4.884,
soccer|angelholms ff|rosengaard 1917|2026-06-02,spreads|angelholms ff|-1.00|away,spreads,Angelholms FF,-1.0,away,13.0,4.509,"[""Bet365"", ""Betfair Exchange""]","[""odds_api_io""]",3,43.59,
soccer|angelholms ff|rosengaard 1917|2026-06-02,spreads|angelholms ff|1.00|away,spreads,Angelholms FF,1.0,away,9.0,2.34,"[""Bet365"", ""Betfair Exchange""]","[""odds_api_io""]",4,48.59,
soccer|angelholms ff|rosengaard 1917|2026-06-02,teamTotals|over|5.50|,teamTotals,Over,5.5,,17.0,17.0,"[""Bet365""]","[""odds_api_io""]",1,,
soccer|angelholms ff|rosengaard 1917|2026-06-02,teamTotals|under|5.50|,teamTotals,Under,5.5,,1.005,1.005,"[""Bet365""]","[""odds_api_io""]",1,,
soccer|angelholms ff|rosengaard 1917|2026-06-02,teamTotals|over|1.50|,teamTotals,Over,1.5,,3.25,2.2028,"[""Bet365""]","[""odds_api_io""]",2,29.255,
soccer|angelholms ff|rosengaard 1917|2026-06-02,teamTotals|under|1.50|,teamTotals,Under,1.5,,2.1,1.6308,"[""Bet365""]","[""odds_api_io""]",2,27.4,
soccer|angelholms ff|rosengaard 1917|2026-06-02,teamTotals|over|0.50|,teamTotals,Over,0.5,,1.444,1.2647,"[""Bet365""]","[""odds_api_io""]",2,19.637,
soccer|angelholms ff|rosengaard 1917|2026-06-02,teamTotals|under|0.50|,teamTotals,Under,0.5,,5.5,3.5538,"[""Bet365""]","[""odds_api_io""]",2,19.913,
soccer|angelholms ff|rosengaard 1917|2026-06-02,teamTotals|over|2.50|,teamTotals,Over,2.5,,7.5,4.2857,"[""Bet365""]","[""odds_api_io""]",2,20.0,
soccer|angelholms ff|rosengaard 1917|2026-06-02,teamTotals|under|2.50|,teamTotals,Under,2.5,,1.363,1.1995,"[""Bet365""]","[""odds_api_io""]",2,20.003,
soccer|angelholms ff|rosengaard 1917|2026-06-02,teamTotals|over|3.50|,teamTotals,Over,3.5,,13.0,8.2105,"[""Bet365""]","[""odds_api_io""]",2,8.974,
soccer|angelholms ff|rosengaard 1917|2026-06-02,teamTotals|under|3.50|,teamTotals,Under,3.5,,1.111,1.0592,"[""Bet365""]","[""odds_api_io""]",2,8.805,
soccer|angelholms ff|rosengaard 1917|2026-06-02,teamTotals|over|4.50|,teamTotals,Over,4.5,,10.0,10.0,"[""Bet365""]","[""odds_api_io""]",1,,
soccer|angelholms ff|rosengaard 1917|2026-06-02,teamTotals|under|4.50|,teamTotals,Under,4.5,,1.03,1.03,"[""Bet365""]","[""odds_api_io""]",1,,
soccer|angelholms ff|rosengaard 1917|2026-06-02,spreads|fc rosengaard 1917|-2.75|home,spreads,FC Rosengaard 1917,-2.75,home,6.8,6.7176,"[""Bet365"", ""Betfair Exchange""]","[""odds_api_io""]",2,0.354,
soccer|angelholms ff|rosengaard 1917|2026-06-02,spreads|angelholms ff|2.75|away,spreads,Angelholms FF,2.75,away,1.13,1.1176,"[""Bet365"", ""Betfair Exchange""]","[""odds_api_io""]",2,2.002,
soccer|angelholms ff|rosengaard 1917|2026-06-02,spreads|fc rosengaard 1917|-2.50|home,spreads,FC Rosengaard 1917,-2.5,home,5.25,5.1197,"[""Bet365"", ""Betfair Exchange""]","[""odds_api_io""]",2,0.952,
soccer|angelholms ff|rosengaard 1917|2026-06-02,spreads|angelholms ff|2.50|away,spreads,Angelholms FF,2.5,away,1.18,1.1701,"[""Bet365"", ""Betfair Exchange""]","[""odds_api_io""]",2,1.461,
soccer|angelholms ff|rosengaard 1917|2026-06-02,spreads|fc rosengaard 1917|-2.25|home,spreads,FC Rosengaard 1917,-2.25,home,4.65,4.6398,"[""Bet365"", ""Betfair Exchange""]","[""odds_api_io""]",2,0.093,
soccer|angelholms ff|rosengaard 1917|2026-06-02,spreads|angelholms ff|2.25|away,spreads,Angelholms FF,2.25,away,1.2,1.1901,"[""Bet365"", ""Betfair Exchange""]","[""odds_api_io""]",2,1.412,
soccer|angelholms ff|rosengaard 1917|2026-06-02,spreads|fc rosengaard 1917|-2.00|home,spreads,FC Rosengaard 1917,-2.0,home,5.0,4.5333,"[""Bet365"", ""Betfair Exchange""]","[""odds_api_io""]",3,3.474,
soccer|angelholms ff|rosengaard 1917|2026-06-02,spreads|angelholms ff|2.00|away,spreads,Angelholms FF,2.0,away,1.49,1.292,"[""Bet365"", ""Betfair Exchange""]","[""odds_api_io""]",3,16.219,
soccer|angelholms ff|rosengaard 1917|2026-06-02,spreads|fc rosengaard 1917|-1.75|home,spreads,FC Rosengaard 1917,-1.75,home,3.38,3.3402,"[""Bet365"", ""Betfair Exchange""]","[""odds_api_io""]",2,0.717,
soccer|angelholms ff|rosengaard 1917|2026-06-02,spreads|angelholms ff|1.75|away,spreads,Angelholms FF,1.75,away,1.36,1.3426,"[""Bet365"", ""Betfair Exchange""]","[""odds_api_io""]",2,1.942,
soccer|angelholms ff|rosengaard 1917|2026-06-02,spreads|fc rosengaard 1917|-1.50|home,spreads,FC Rosengaard 1917,-1.5,home,2.76,2.7176,"[""Bet365"", ""Betfair Exchange""]","[""odds_api_io""]",2,1.151,
soccer|angelholms ff|rosengaard 1917|2026-06-02,spreads|angelholms ff|1.50|away,spreads,Angelholms FF,1.5,away,1.49,1.4701,"[""Bet365"", ""Betfair Exchange""]","[""odds_api_io""]",2,1.851,
soccer|angelholms ff|rosengaard 1917|2026-06-02,spreads|fc rosengaard 1917|-1.25|home,spreads,FC Rosengaard 1917,-1.25,home,2.44,2.4326,"[""Bet365"", ""Betfair Exchange""]","[""odds_api_io""]",2,0.254,
soccer|angelholms ff|rosengaard 1917|2026-06-02,spreads|angelholms ff|1.25|away,spreads,Angelholms FF,1.25,away,1.6,1.5623,"[""Bet365"", ""Betfair Exchange""]","[""odds_api_io""]",2,3.074,
soccer|angelholms ff|rosengaard 1917|2026-06-02,spreads|fc rosengaard 1917|-1.00|home,spreads,FC Rosengaard 1917,-1.0,home,2.76,2.3153,"[""Bet365"", ""Betfair Exchange""]","[""odds_api_io""]",3,10.716,
soccer|angelholms ff|rosengaard 1917|2026-06-02,spreads|fc rosengaard 1917|-0.50|home,spreads,FC Rosengaard 1917,-0.5,home,1.69,1.6826,"[""Bet365"", ""Betfair Exchange""]","[""odds_api_io""]",2,0.53,
soccer|angelholms ff|rosengaard 1917|2026-06-02,spreads|angelholms ff|0.50|away,spreads,Angelholms FF,0.5,away,4.25,2.994,"[""Bet365"", ""Betfair Exchange""]","[""odds_api_io""]",2,19.389,
soccer|angelholms ff|rosengaard 1917|2026-06-02,spreads|fc rosengaard 1917|-0.25|home,spreads,FC Rosengaard 1917,-0.25,home,1.5,1.4876,"[""Bet365"", ""Betfair Exchange""]","[""odds_api_io""]",2,1.13,
soccer|angelholms ff|rosengaard 1917|2026-06-02,spreads|angelholms ff|0.25|away,spreads,Angelholms FF,0.25,away,3.8,3.2487,"[""Bet365"", ""Betfair Exchange""]","[""odds_api_io""]",2,8.772,
soccer|angelholms ff|rosengaard 1917|2026-06-02,spreads|fc rosengaard 1917|0.00|home,spreads,FC Rosengaard 1917,0.0,home,1.3,1.3,"[""Bet365"", ""Betfair Exchange""]","[""odds_api_io""]",2,,
soccer|angelholms ff|rosengaard 1917|2026-06-02,spreads|angelholms ff|-0.00|away,spreads,Angelholms FF,-0.0,away,4.03,3.7228,"[""Bet365"", ""Betfair Exchange""]","[""odds_api_io""]",2,4.172,
soccer|angelholms ff|rosengaard 1917|2026-06-02,spreads|fc rosengaard 1917|0.25|home,spreads,FC Rosengaard 1917,0.25,home,1.25,1.25,"[""Bet365"", ""Betfair Exchange""]","[""odds_api_io""]",2,,
soccer|angelholms ff|rosengaard 1917|2026-06-02,spreads|angelholms ff|-0.25|away,spreads,Angelholms FF,-0.25,away,4.66,3.355,"[""Bet365"", ""Betfair Exchange""]","[""odds_api_io""]",2,17.002,
soccer|angelholms ff|rosengaard 1917|2026-06-02,spreads|fc rosengaard 1917|0.50|home,spreads,FC Rosengaard 1917,0.5,home,1.21,1.21,"[""Bet365"", ""Betfair Exchange""]","[""odds_api_io""]",2,,
soccer|angelholms ff|rosengaard 1917|2026-06-02,spreads|angelholms ff|-0.50|away,spreads,Angelholms FF,-0.5,away,5.3,3.0828,"[""Bet365"", ""Betfair Exchange""]","[""odds_api_io""]",2,27.644,
soccer|angelholms ff|rosengaard 1917|2026-06-02,spreads|fc rosengaard 1917|0.75|home,spreads,FC Rosengaard 1917,0.75,home,1.14,1.14,"[""Bet365"", ""Betfair Exchange""]","[""odds_api_io""]",2,,
soccer|angelholms ff|rosengaard 1917|2026-06-02,spreads|angelholms ff|-0.75|away,spreads,Angelholms FF,-0.75,away,7.12,6.3744,"[""Bet365"", ""Betfair Exchange""]","[""odds_api_io""]",2,3.346,
soccer|angelholms ff|rosengaard 1917|2026-06-02,totals|over|2.75|,totals,Over,2.75,,1.88,1.8326,"[""Bet365"", ""Betfair Exchange"", ""Sbobet""]","[""odds_api_io""]",3,2.364,
soccer|angelholms ff|rosengaard 1917|2026-06-02,totals|under|2.75|,totals,Under,2.75,,2.07,1.9957,"[""Bet365"", ""Betfair Exchange"", ""Sbobet""]","[""odds_api_io""]",3,3.774,
soccer|angelholms ff|rosengaard 1917|2026-06-02,doubleChance|1x||,doubleChance,1X,,,1.21,1.21,"[""Betfair Exchange""]","[""odds_api_io""]",1,,
soccer|angelholms ff|rosengaard 1917|2026-06-02,doubleChance|12||,doubleChance,12,,,1.3,1.3,"[""Betfair Exchange""]","[""odds_api_io""]",1,,
soccer|angelholms ff|rosengaard 1917|2026-06-02,doubleChance|x2||,doubleChance,X2,,,2.32,2.32,"[""Betfair Exchange""]","[""odds_api_io""]",1,,
soccer|angelholms ff|rosengaard 1917|2026-06-02,spreads|fc rosengaard 1917|1.00|home,spreads,FC Rosengaard 1917,1.0,home,1.21,1.1357,"[""Betfair Exchange""]","[""odds_api_io""]",2,10.813,
soccer|angelholms ff|rosengaard 1917|2026-06-02,spreads|fc rosengaard 1917|1.25|home,spreads,FC Rosengaard 1917,1.25,home,1.07,1.07,"[""Betfair Exchange""]","[""odds_api_io""]",1,,
soccer|angelholms ff|rosengaard 1917|2026-06-02,spreads|angelholms ff|-1.25|away,spreads,Angelholms FF,-1.25,away,12.37,12.37,"[""Betfair Exchange""]","[""odds_api_io""]",1,,
soccer|angelholms ff|rosengaard 1917|2026-06-02,spreads|fc rosengaard 1917|2.25|home,spreads,FC Rosengaard 1917,2.25,home,1.01,1.01,"[""Betfair Exchange""]","[""odds_api_io""]",1,,
soccer|angelholms ff|rosengaard 1917|2026-06-02,spreads|angelholms ff|-2.25|away,spreads,Angelholms FF,-2.25,away,38.97,38.97,"[""Betfair Exchange""]","[""odds_api_io""]",1,,
soccer|angelholms ff|rosengaard 1917|2026-06-02,spreads|fc rosengaard 1917|2.75|home,spreads,FC Rosengaard 1917,2.75,home,1.01,1.01,"[""Betfair Exchange""]","[""odds_api_io""]",1,,
soccer|angelholms ff|rosengaard 1917|2026-06-02,spreads|angelholms ff|-2.75|away,spreads,Angelholms FF,-2.75,away,65.43,65.43,"[""Betfair Exchange""]","[""odds_api_io""]",1,,
soccer|angelholms ff|rosengaard 1917|2026-06-02,spreads|fc rosengaard 1917|2.50|home,spreads,FC Rosengaard 1917,2.5,home,1.01,1.01,"[""Betfair Exchange""]","[""odds_api_io""]",1,,
soccer|angelholms ff|rosengaard 1917|2026-06-02,spreads|angelholms ff|-2.50|away,spreads,Angelholms FF,-2.5,away,40.0,40.0,"[""Betfair Exchange""]","[""odds_api_io""]",1,,
soccer|angelholms ff|rosengaard 1917|2026-06-02,spreads|fc rosengaard 1917|2.00|home,spreads,FC Rosengaard 1917,2.0,home,1.06,1.0344,"[""Betfair Exchange""]","[""odds_api_io""]",2,4.67,
soccer|angelholms ff|rosengaard 1917|2026-06-02,spreads|angelholms ff|-2.00|away,spreads,Angelholms FF,-2.0,away,40.0,38.9428,"[""Betfair Exchange""]","[""odds_api_io""]",2,0.136,
soccer|angelholms ff|rosengaard 1917|2026-06-02,spreads|fc rosengaard 1917|1.50|home,spreads,FC Rosengaard 1917,1.5,home,1.06,1.06,"[""Betfair Exchange""]","[""odds_api_io""]",1,,
soccer|angelholms ff|rosengaard 1917|2026-06-02,spreads|angelholms ff|-1.50|away,spreads,Angelholms FF,-1.5,away,13.1,13.1,"[""Betfair Exchange""]","[""odds_api_io""]",1,,
soccer|angelholms ff|rosengaard 1917|2026-06-02,spreads|fc rosengaard 1917|1.75|home,spreads,FC Rosengaard 1917,1.75,home,1.04,1.04,"[""Betfair Exchange""]","[""odds_api_io""]",1,,
soccer|angelholms ff|rosengaard 1917|2026-06-02,spreads|angelholms ff|-1.75|away,spreads,Angelholms FF,-1.75,away,19.24,19.24,"[""Betfair Exchange""]","[""odds_api_io""]",1,,
soccer|angelholms ff|rosengaard 1917|2026-06-02,spreads|fc rosengaard 1917|-3.00|home,spreads,FC Rosengaard 1917,-3.0,home,12.0,11.3462,"[""Betfair Exchange""]","[""odds_api_io""]",2,0.96,
soccer|angelholms ff|rosengaard 1917|2026-06-02,spreads|angelholms ff|3.00|away,spreads,Angelholms FF,3.0,away,1.18,1.1168,"[""Betfair Exchange""]","[""odds_api_io""]",2,9.594,
soccer|angelholms ff|rosengaard 1917|2026-06-02,spreads|fc rosengaard 1917|-3.25|home,spreads,FC Rosengaard 1917,-3.25,home,11.38,11.38,"[""Betfair Exchange""]","[""odds_api_io""]",1,,
soccer|angelholms ff|rosengaard 1917|2026-06-02,spreads|angelholms ff|3.25|away,spreads,Angelholms FF,3.25,away,1.06,1.06,"[""Betfair Exchange""]","[""odds_api_io""]",1,,
soccer|angelholms ff|rosengaard 1917|2026-06-02,spreads|fc rosengaard 1917|-3.75|home,spreads,FC Rosengaard 1917,-3.75,home,12.0,12.0,"[""Betfair Exchange""]","[""odds_api_io""]",1,,
soccer|angelholms ff|rosengaard 1917|2026-06-02,spreads|angelholms ff|3.75|away,spreads,Angelholms FF,3.75,away,1.03,1.03,"[""Betfair Exchange""]","[""odds_api_io""]",1,,
soccer|angelholms ff|rosengaard 1917|2026-06-02,spreads|fc rosengaard 1917|-3.50|home,spreads,FC Rosengaard 1917,-3.5,home,12.0,12.0,"[""Betfair Exchange""]","[""odds_api_io""]",1,,
soccer|angelholms ff|rosengaard 1917|2026-06-02,spreads|angelholms ff|3.50|away,spreads,Angelholms FF,3.5,away,1.06,1.06,"[""Betfair Exchange""]","[""odds_api_io""]",1,,
soccer|angelholms ff|rosengaard 1917|2026-06-02,totals|over|4.75|,totals,Over,4.75,,6.6,6.6,"[""Betfair Exchange""]","[""odds_api_io""]",1,,
soccer|angelholms ff|rosengaard 1917|2026-06-02,totals|under|4.75|,totals,Under,4.75,,1.15,1.15,"[""Betfair Exchange""]","[""odds_api_io""]",1,,
soccer|angelholms ff|rosengaard 1917|2026-06-02,totals|over|3.25|,totals,Over,3.25,,2.36,2.36,"[""Betfair Exchange""]","[""odds_api_io""]",1,,
soccer|angelholms ff|rosengaard 1917|2026-06-02,totals|under|3.25|,totals,Under,3.25,,1.66,1.66,"[""Betfair Exchange""]","[""odds_api_io""]",1,,
soccer|angelholms ff|rosengaard 1917|2026-06-02,totals|over|4.50|,totals,Over,4.5,,5.1,5.1,"[""Betfair Exchange""]","[""odds_api_io""]",1,,
soccer|angelholms ff|rosengaard 1917|2026-06-02,totals|under|4.50|,totals,Under,4.5,,1.21,1.21,"[""Betfair Exchange""]","[""odds_api_io""]",1,,
soccer|angelholms ff|rosengaard 1917|2026-06-02,totals|over|4.00|,totals,Over,4.0,,4.18,4.18,"[""Betfair Exchange""]","[""odds_api_io""]",1,,
soccer|angelholms ff|rosengaard 1917|2026-06-02,totals|under|4.00|,totals,Under,4.0,,1.26,1.26,"[""Betfair Exchange""]","[""odds_api_io""]",1,,
soccer|angelholms ff|rosengaard 1917|2026-06-02,totals|over|4.25|,totals,Over,4.25,,4.64,4.64,"[""Betfair Exchange""]","[""odds_api_io""]",1,,
soccer|angelholms ff|rosengaard 1917|2026-06-02,totals|under|4.25|,totals,Under,4.25,,1.23,1.23,"[""Betfair Exchange""]","[""odds_api_io""]",1,,
soccer|angelholms ff|rosengaard 1917|2026-06-02,totals|over|2.00|,totals,Over,2.0,,1.31,1.31,"[""Betfair Exchange""]","[""odds_api_io""]",1,,
soccer|angelholms ff|rosengaard 1917|2026-06-02,totals|under|2.00|,totals,Under,2.0,,3.8,3.8,"[""Betfair Exchange""]","[""odds_api_io""]",1,,
soccer|angelholms ff|rosengaard 1917|2026-06-02,totals|over|2.25|,totals,Over,2.25,,1.49,1.49,"[""Betfair Exchange""]","[""odds_api_io""]",1,,
soccer|angelholms ff|rosengaard 1917|2026-06-02,totals|under|2.25|,totals,Under,2.25,,2.83,2.83,"[""Betfair Exchange""]","[""odds_api_io""]",1,,
soccer|angelholms ff|rosengaard 1917|2026-06-02,totals|over|1.50|,totals,Over,1.5,,1.23,1.23,"[""Betfair Exchange""]","[""odds_api_io""]",1,,
soccer|angelholms ff|rosengaard 1917|2026-06-02,totals|under|1.50|,totals,Under,1.5,,5.2,5.2,"[""Betfair Exchange""]","[""odds_api_io""]",1,,
soccer|angelholms ff|rosengaard 1917|2026-06-02,totals|over|1.00|,totals,Over,1.0,,1.05,1.05,"[""Betfair Exchange""]","[""odds_api_io""]",1,,
soccer|angelholms ff|rosengaard 1917|2026-06-02,totals|under|1.00|,totals,Under,1.0,,13.23,13.23,"[""Betfair Exchange""]","[""odds_api_io""]",1,,
soccer|angelholms ff|rosengaard 1917|2026-06-02,totals|over|1.25|,totals,Over,1.25,,1.14,1.14,"[""Betfair Exchange""]","[""odds_api_io""]",1,,
soccer|angelholms ff|rosengaard 1917|2026-06-02,totals|under|1.25|,totals,Under,1.25,,7.25,7.25,"[""Betfair Exchange""]","[""odds_api_io""]",1,,
soccer|angelholms ff|rosengaard 1917|2026-06-02,totals|over|1.75|,totals,Over,1.75,,1.26,1.26,"[""Betfair Exchange""]","[""odds_api_io""]",1,,
soccer|angelholms ff|rosengaard 1917|2026-06-02,totals|under|1.75|,totals,Under,1.75,,4.33,4.33,"[""Betfair Exchange""]","[""odds_api_io""]",1,,
soccer|angelholms ff|rosengaard 1917|2026-06-02,totals|over|0.75|,totals,Over,0.75,,1.05,1.05,"[""Betfair Exchange""]","[""odds_api_io""]",1,,
soccer|angelholms ff|rosengaard 1917|2026-06-02,totals|under|0.75|,totals,Under,0.75,,14.19,14.19,"[""Betfair Exchange""]","[""odds_api_io""]",1,,
soccer|angelholms ff|rosengaard 1917|2026-06-02,totals|over|3.50|,totals,Over,3.5,,2.66,2.66,"[""Betfair Exchange""]","[""odds_api_io""]",1,,
soccer|angelholms ff|rosengaard 1917|2026-06-02,totals|under|3.50|,totals,Under,3.5,,1.54,1.54,"[""Betfair Exchange""]","[""odds_api_io""]",1,,
soccer|angelholms ff|rosengaard 1917|2026-06-02,totals|over|3.75|,totals,Over,3.75,,3.18,3.18,"[""Betfair Exchange""]","[""odds_api_io""]",1,,
soccer|angelholms ff|rosengaard 1917|2026-06-02,totals|under|3.75|,totals,Under,3.75,,1.38,1.38,"[""Betfair Exchange""]","[""odds_api_io""]",1,,
soccer|angelholms ff|rosengaard 1917|2026-06-02,totals|over|5.25|,totals,Over,5.25,,10.42,10.42,"[""Betfair Exchange""]","[""odds_api_io""]",1,,
soccer|angelholms ff|rosengaard 1917|2026-06-02,totals|under|5.25|,totals,Under,5.25,,1.08,1.08,"[""Betfair Exchange""]","[""odds_api_io""]",1,,
soccer|angelholms ff|rosengaard 1917|2026-06-02,totals|over|5.75|,totals,Over,5.75,,15.21,15.21,"[""Betfair Exchange""]","[""odds_api_io""]",1,,
soccer|angelholms ff|rosengaard 1917|2026-06-02,totals|under|5.75|,totals,Under,5.75,,1.04,1.04,"[""Betfair Exchange""]","[""odds_api_io""]",1,,
soccer|angelholms ff|rosengaard 1917|2026-06-02,totals|over|5.50|,totals,Over,5.5,,11.0,11.0,"[""Betfair Exchange""]","[""odds_api_io""]",1,,
soccer|angelholms ff|rosengaard 1917|2026-06-02,totals|under|5.50|,totals,Under,5.5,,1.08,1.08,"[""Betfair Exchange""]","[""odds_api_io""]",1,,
soccer|angelholms ff|rosengaard 1917|2026-06-02,totals|over|5.00|,totals,Over,5.0,,9.84,9.84,"[""Betfair Exchange""]","[""odds_api_io""]",1,,
soccer|angelholms ff|rosengaard 1917|2026-06-02,totals|under|5.00|,totals,Under,5.0,,1.09,1.09,"[""Betfair Exchange""]","[""odds_api_io""]",1,,
soccer|angelholms ff|rosengaard 1917|2026-06-02,totals|over|6.00|,totals,Over,6.0,,25.54,25.54,"[""Betfair Exchange""]","[""odds_api_io""]",1,,
soccer|angelholms ff|rosengaard 1917|2026-06-02,totals|under|6.00|,totals,Under,6.0,,1.03,1.03,"[""Betfair Exchange""]","[""odds_api_io""]",1,,
soccer|angelholms ff|rosengaard 1917|2026-06-02,totals|over|7.25|,totals,Over,7.25,,69.2,69.2,"[""Betfair Exchange""]","[""odds_api_io""]",1,,
soccer|angelholms ff|rosengaard 1917|2026-06-02,totals|under|7.25|,totals,Under,7.25,,1.01,1.01,"[""Betfair Exchange""]","[""odds_api_io""]",1,,
soccer|angelholms ff|rosengaard 1917|2026-06-02,totals|over|6.75|,totals,Over,6.75,,38.52,38.52,"[""Betfair Exchange""]","[""odds_api_io""]",1,,
soccer|angelholms ff|rosengaard 1917|2026-06-02,totals|under|6.75|,totals,Under,6.75,,1.01,1.01,"[""Betfair Exchange""]","[""odds_api_io""]",1,,
soccer|angelholms ff|rosengaard 1917|2026-06-02,totals|over|6.50|,totals,Over,6.5,,27.0,27.0,"[""Betfair Exchange""]","[""odds_api_io""]",1,,
soccer|angelholms ff|rosengaard 1917|2026-06-02,totals|under|6.50|,totals,Under,6.5,,1.03,1.03,"[""Betfair Exchange""]","[""odds_api_io""]",1,,
soccer|angelholms ff|rosengaard 1917|2026-06-02,totals|over|6.25|,totals,Over,6.25,,26.27,26.27,"[""Betfair Exchange""]","[""odds_api_io""]",1,,
soccer|angelholms ff|rosengaard 1917|2026-06-02,totals|under|6.25|,totals,Under,6.25,,1.03,1.03,"[""Betfair Exchange""]","[""odds_api_io""]",1,,
soccer|angelholms ff|rosengaard 1917|2026-06-02,totals|over|7.50|,totals,Over,7.5,,70.0,70.0,"[""Betfair Exchange""]","[""odds_api_io""]",1,,
soccer|angelholms ff|rosengaard 1917|2026-06-02,totals|under|7.50|,totals,Under,7.5,,1.01,1.01,"[""Betfair Exchange""]","[""odds_api_io""]",1,,
soccer|angelholms ff|rosengaard 1917|2026-06-02,totals|over|7.00|,totals,Over,7.0,,68.4,68.4,"[""Betfair Exchange""]","[""odds_api_io""]",1,,
soccer|angelholms ff|rosengaard 1917|2026-06-02,totals|under|7.00|,totals,Under,7.0,,1.01,1.01,"[""Betfair Exchange""]","[""odds_api_io""]",1,,
soccer|angelholms ff|rosengaard 1917|2026-06-02,totals|over|0.50|,totals,Over,0.5,,1.05,1.05,"[""Betfair Exchange""]","[""odds_api_io""]",1,,
soccer|angelholms ff|rosengaard 1917|2026-06-02,totals|under|0.50|,totals,Under,0.5,,19.5,19.5,"[""Betfair Exchange""]","[""odds_api_io""]",1,,
soccer|angelholms ff|rosengaard 1917|2026-06-02,spreads|fc rosengaard 1917|3.00|home,spreads,FC Rosengaard 1917,3.0,home,1.01,1.01,"[""Betfair Exchange""]","[""odds_api_io""]",1,,
soccer|angelholms ff|rosengaard 1917|2026-06-02,spreads|angelholms ff|-3.00|away,spreads,Angelholms FF,-3.0,away,190.0,190.0,"[""Betfair Exchange""]","[""odds_api_io""]",1,,
soccer|atus ferlach|sk austria klagenfurt amateure|2026-06-02,h2h|sk austria klagenfurt amateure||home,h2h,SK Austria Klagenfurt Amateure,,home,1.36,1.36,"[""Betfair Exchange""]","[""odds_api_io""]",1,,
soccer|atus ferlach|sk austria klagenfurt amateure|2026-06-02,h2h|draw||,h2h,Draw,,,4.5,4.5,"[""Betfair Exchange""]","[""odds_api_io""]",1,,
soccer|atus ferlach|sk austria klagenfurt amateure|2026-06-02,h2h|atus ferlach||away,h2h,ATUS Ferlach,,away,5.7,5.7,"[""Betfair Exchange""]","[""odds_api_io""]",1,,
soccer|atus ferlach|sk austria klagenfurt amateure|2026-06-02,dnb|sk austria klagenfurt amateure|0.00|home,dnb,SK Austria Klagenfurt Amateure,0.0,home,1.06,1.06,"[""Betfair Exchange""]","[""odds_api_io""]",1,,
soccer|atus ferlach|sk austria klagenfurt amateure|2026-06-02,dnb|atus ferlach|0.00|away,dnb,ATUS Ferlach,0.0,away,4.7,4.7,"[""Betfair Exchange""]","[""odds_api_io""]",1,,
soccer|atus ferlach|sk austria klagenfurt amateure|2026-06-02,doubleChance|1x||,doubleChance,1X,,,1.04,1.04,"[""Betfair Exchange""]","[""odds_api_io""]",1,,
soccer|atus ferlach|sk austria klagenfurt amateure|2026-06-02,doubleChance|12||,doubleChance,12,,,1.2,1.2,"[""Betfair Exchange""]","[""odds_api_io""]",1,,
soccer|atus ferlach|sk austria klagenfurt amateure|2026-06-02,doubleChance|x2||,doubleChance,X2,,,2.84,2.84,"[""Betfair Exchange""]","[""odds_api_io""]",1,,
soccer|atus ferlach|sk austria klagenfurt amateure|2026-06-02,spreads|sk austria klagenfurt amateure|-0.50|home,spreads,SK Austria Klagenfurt Amateure,-0.5,home,1.36,1.36,"[""Betfair Exchange""]","[""odds_api_io""]",1,,
soccer|atus ferlach|sk austria klagenfurt amateure|2026-06-02,spreads|atus ferlach|0.50|away,spreads,ATUS Ferlach,0.5,away,2.84,2.84,"[""Betfair Exchange""]","[""odds_api_io""]",1,,
soccer|atus ferlach|sk austria klagenfurt amateure|2026-06-02,spreads|sk austria klagenfurt amateure|-0.25|home,spreads,SK Austria Klagenfurt Amateure,-0.25,home,1.21,1.21,"[""Betfair Exchange""]","[""odds_api_io""]",1,,
soccer|atus ferlach|sk austria klagenfurt amateure|2026-06-02,spreads|atus ferlach|0.25|away,spreads,ATUS Ferlach,0.25,away,3.45,3.45,"[""Betfair Exchange""]","[""odds_api_io""]",1,,
soccer|atus ferlach|sk austria klagenfurt amateure|2026-06-02,spreads|sk austria klagenfurt amateure|-0.75|home,spreads,SK Austria Klagenfurt Amateure,-0.75,home,1.36,1.36,"[""Betfair Exchange""]","[""odds_api_io""]",1,,
soccer|atus ferlach|sk austria klagenfurt amateure|2026-06-02,spreads|atus ferlach|0.75|away,spreads,ATUS Ferlach,0.75,away,2.65,2.65,"[""Betfair Exchange""]","[""odds_api_io""]",1,,
soccer|atus ferlach|sk austria klagenfurt amateure|2026-06-02,spreads|sk austria klagenfurt amateure|-2.25|home,spreads,SK Austria Klagenfurt Amateure,-2.25,home,1.36,1.36,"[""Betfair Exchange""]","[""odds_api_io""]",1,,
soccer|atus ferlach|sk austria klagenfurt amateure|2026-06-02,spreads|atus ferlach|2.25|away,spreads,ATUS Ferlach,2.25,away,1.06,1.06,"[""Betfair Exchange""]","[""odds_api_io""]",1,,
soccer|atus ferlach|sk austria klagenfurt amateure|2026-06-02,spreads|sk austria klagenfurt amateure|-2.50|home,spreads,SK Austria Klagenfurt Amateure,-2.5,home,1.36,1.36,"[""Betfair Exchange""]","[""odds_api_io""]",1,,
soccer|atus ferlach|sk austria klagenfurt amateure|2026-06-02,spreads|atus ferlach|2.50|away,spreads,ATUS Ferlach,2.5,away,1.05,1.05,"[""Betfair Exchange""]","[""odds_api_io""]",1,,
soccer|atus ferlach|sk austria klagenfurt amateure|2026-06-02,spreads|sk austria klagenfurt amateure|-1.75|home,spreads,SK Austria Klagenfurt Amateure,-1.75,home,1.36,1.36,"[""Betfair Exchange""]","[""odds_api_io""]",1,,
soccer|atus ferlach|sk austria klagenfurt amateure|2026-06-02,spreads|atus ferlach|1.75|away,spreads,ATUS Ferlach,1.75,away,1.4,1.4,"[""Betfair Exchange""]","[""odds_api_io""]",1,,
soccer|atus ferlach|sk austria klagenfurt amateure|2026-06-02,spreads|sk austria klagenfurt amateure|-2.75|home,spreads,SK Austria Klagenfurt Amateure,-2.75,home,1.36,1.36,"[""Betfair Exchange""]","[""odds_api_io""]",1,,
soccer|atus ferlach|sk austria klagenfurt amateure|2026-06-02,spreads|atus ferlach|2.75|away,spreads,ATUS Ferlach,2.75,away,1.02,1.02,"[""Betfair Exchange""]","[""odds_api_io""]",1,,
soccer|atus ferlach|sk austria klagenfurt amateure|2026-06-02,spreads|sk austria klagenfurt amateure|-2.00|home,spreads,SK Austria Klagenfurt Amateure,-2.0,home,1.36,1.36,"[""Betfair Exchange""]","[""odds_api_io""]",1,,
soccer|atus ferlach|sk austria klagenfurt amateure|2026-06-02,spreads|atus ferlach|2.00|away,spreads,ATUS Ferlach,2.0,away,1.72,1.3269,"[""Betfair Exchange""]","[""odds_api_io""]",2,34.453,
soccer|atus ferlach|sk austria klagenfurt amateure|2026-06-02,spreads|sk austria klagenfurt amateure|0.25|home,spreads,SK Austria Klagenfurt Amateure,0.25,home,1.05,1.05,"[""Betfair Exchange""]","[""odds_api_io""]",1,,
soccer|atus ferlach|sk austria klagenfurt amateure|2026-06-02,spreads|atus ferlach|-0.25|away,spreads,ATUS Ferlach,-0.25,away,5.2,5.2,"[""Betfair Exchange""]","[""odds_api_io""]",1,,
soccer|atus ferlach|sk austria klagenfurt amateure|2026-06-02,spreads|sk austria klagenfurt amateure|-1.00|home,spreads,SK Austria Klagenfurt Amateure,-1.0,home,1.36,1.36,"[""Betfair Exchange""]","[""odds_api_io""]",1,,
soccer|atus ferlach|sk austria klagenfurt amateure|2026-06-02,spreads|atus ferlach|1.00|away,spreads,ATUS Ferlach,1.0,away,2.84,2.5232,"[""Betfair Exchange""]","[""odds_api_io""]",2,8.842,
soccer|atus ferlach|sk austria klagenfurt amateure|2026-06-02,spreads|sk austria klagenfurt amateure|-1.25|home,spreads,SK Austria Klagenfurt Amateure,-1.25,home,1.36,1.36,"[""Betfair Exchange""]","[""odds_api_io""]",1,,
soccer|atus ferlach|sk austria klagenfurt amateure|2026-06-02,spreads|atus ferlach|1.25|away,spreads,ATUS Ferlach,1.25,away,1.91,1.91,"[""Betfair Exchange""]","[""odds_api_io""]",1,,
soccer|atus ferlach|sk austria klagenfurt amateure|2026-06-02,spreads|sk austria klagenfurt amateure|0.00|home,spreads,SK Austria Klagenfurt Amateure,0.0,home,1.06,1.06,"[""Betfair Exchange""]","[""odds_api_io""]",1,,
soccer|atus ferlach|sk austria klagenfurt amateure|2026-06-02,spreads|atus ferlach|-0.00|away,spreads,ATUS Ferlach,-0.0,away,4.7,4.7,"[""Betfair Exchange""]","[""odds_api_io""]",1,,
soccer|atus ferlach|sk austria klagenfurt amateure|2026-06-02,spreads|sk austria klagenfurt amateure|0.50|home,spreads,SK Austria Klagenfurt Amateure,0.5,home,1.04,1.04,"[""Betfair Exchange""]","[""odds_api_io""]",1,,
soccer|atus ferlach|sk austria klagenfurt amateure|2026-06-02,spreads|atus ferlach|-0.50|away,spreads,ATUS Ferlach,-0.5,away,5.7,5.7,"[""Betfair Exchange""]","[""odds_api_io""]",1,,
soccer|atus ferlach|sk austria klagenfurt amateure|2026-06-02,spreads|sk austria klagenfurt amateure|2.25|home,spreads,SK Austria Klagenfurt Amateure,2.25,home,1.01,1.01,"[""Betfair Exchange""]","[""odds_api_io""]",1,,
soccer|atus ferlach|sk austria klagenfurt amateure|2026-06-02,spreads|atus ferlach|-2.25|away,spreads,ATUS Ferlach,-2.25,away,5.7,5.7,"[""Betfair Exchange""]","[""odds_api_io""]",1,,
soccer|atus ferlach|sk austria klagenfurt amateure|2026-06-02,spreads|sk austria klagenfurt amateure|1.50|home,spreads,SK Austria Klagenfurt Amateure,1.5,home,1.01,1.01,"[""Betfair Exchange""]","[""odds_api_io""]",1,,
soccer|atus ferlach|sk austria klagenfurt amateure|2026-06-02,spreads|atus ferlach|-1.50|away,spreads,ATUS Ferlach,-1.5,away,5.69,5.69,"[""Betfair Exchange""]","[""odds_api_io""]",1,,
soccer|atus ferlach|sk austria klagenfurt amateure|2026-06-02,spreads|sk austria klagenfurt amateure|2.50|home,spreads,SK Austria Klagenfurt Amateure,2.5,home,1.01,1.01,"[""Betfair Exchange""]","[""odds_api_io""]",1,,
soccer|atus ferlach|sk austria klagenfurt amateure|2026-06-02,spreads|atus ferlach|-2.50|away,spreads,ATUS Ferlach,-2.5,away,5.7,5.7,"[""Betfair Exchange""]","[""odds_api_io""]",1,,
soccer|atus ferlach|sk austria klagenfurt amateure|2026-06-02,spreads|sk austria klagenfurt amateure|0.75|home,spreads,SK Austria Klagenfurt Amateure,0.75,home,1.02,1.02,"[""Betfair Exchange""]","[""odds_api_io""]",1,,
soccer|atus ferlach|sk austria klagenfurt amateure|2026-06-02,spreads|atus ferlach|-0.75|away,spreads,ATUS Ferlach,-0.75,away,5.7,5.7,"[""Betfair Exchange""]","[""odds_api_io""]",1,,
soccer|atus ferlach|sk austria klagenfurt amateure|2026-06-02,spreads|sk austria klagenfurt amateure|1.00|home,spreads,SK Austria Klagenfurt Amateure,1.0,home,1.04,1.0248,"[""Betfair Exchange""]","[""odds_api_io""]",2,2.856,
soccer|atus ferlach|sk austria klagenfurt amateure|2026-06-02,spreads|atus ferlach|-1.00|away,spreads,ATUS Ferlach,-1.0,away,5.7,5.6496,"[""Betfair Exchange""]","[""odds_api_io""]",2,0.313,
soccer|atus ferlach|sk austria klagenfurt amateure|2026-06-02,spreads|sk austria klagenfurt amateure|1.25|home,spreads,SK Austria Klagenfurt Amateure,1.25,home,1.01,1.01,"[""Betfair Exchange""]","[""odds_api_io""]",1,,
soccer|atus ferlach|sk austria klagenfurt amateure|2026-06-02,spreads|atus ferlach|-1.25|away,spreads,ATUS Ferlach,-1.25,away,5.7,5.7,"[""Betfair Exchange""]","[""odds_api_io""]",1,,
soccer|atus ferlach|sk austria klagenfurt amateure|2026-06-02,spreads|sk austria klagenfurt amateure|2.00|home,spreads,SK Austria Klagenfurt Amateure,2.0,home,1.01,1.01,"[""Betfair Exchange""]","[""odds_api_io""]",1,,
soccer|atus ferlach|sk austria klagenfurt amateure|2026-06-02,spreads|atus ferlach|-2.00|away,spreads,ATUS Ferlach,-2.0,away,5.7,5.7,"[""Betfair Exchange""]","[""odds_api_io""]",1,,
soccer|atus ferlach|sk austria klagenfurt amateure|2026-06-02,spreads|sk austria klagenfurt amateure|1.75|home,spreads,SK Austria Klagenfurt Amateure,1.75,home,1.01,1.01,"[""Betfair Exchange""]","[""odds_api_io""]",1,,
soccer|atus ferlach|sk austria klagenfurt amateure|2026-06-02,spreads|atus ferlach|-1.75|away,spreads,ATUS Ferlach,-1.75,away,5.7,5.7,"[""Betfair Exchange""]","[""odds_api_io""]",1,,
soccer|atus ferlach|sk austria klagenfurt amateure|2026-06-02,spreads|sk austria klagenfurt amateure|-1.50|home,spreads,SK Austria Klagenfurt Amateure,-1.5,home,1.36,1.36,"[""Betfair Exchange""]","[""odds_api_io""]",1,,
soccer|atus ferlach|sk austria klagenfurt amateure|2026-06-02,spreads|atus ferlach|1.50|away,spreads,ATUS Ferlach,1.5,away,1.72,1.72,"[""Betfair Exchange""]","[""odds_api_io""]",1,,
soccer|atus ferlach|sk austria klagenfurt amateure|2026-06-02,totals|over|7.50|,totals,Over,7.5,,21.0,21.0,"[""Betfair Exchange""]","[""odds_api_io""]",1,,
soccer|atus ferlach|sk austria klagenfurt amateure|2026-06-02,totals|under|7.50|,totals,Under,7.5,,1.04,1.04,"[""Betfair Exchange""]","[""odds_api_io""]",1,,
soccer|atus ferlach|sk austria klagenfurt amateure|2026-06-02,totals|over|2.25|,totals,Over,2.25,,1.23,1.23,"[""Betfair Exchange""]","[""odds_api_io""]",1,,
soccer|atus ferlach|sk austria klagenfurt amateure|2026-06-02,totals|under|2.25|,totals,Under,2.25,,3.32,3.32,"[""Betfair Exchange""]","[""odds_api_io""]",1,,
soccer|atus ferlach|sk austria klagenfurt amateure|2026-06-02,totals|over|2.00|,totals,Over,2.0,,1.13,1.13,"[""Betfair Exchange""]","[""odds_api_io""]",1,,
soccer|atus ferlach|sk austria klagenfurt amateure|2026-06-02,totals|under|2.00|,totals,Under,2.0,,3.32,3.32,"[""Betfair Exchange""]","[""odds_api_io""]",1,,
soccer|atus ferlach|sk austria klagenfurt amateure|2026-06-02,totals|over|5.50|,totals,Over,5.5,,4.84,4.84,"[""Betfair Exchange""]","[""odds_api_io""]",1,,
soccer|atus ferlach|sk austria klagenfurt amateure|2026-06-02,totals|under|5.50|,totals,Under,5.5,,1.17,1.17,"[""Betfair Exchange""]","[""odds_api_io""]",1,,
soccer|atus ferlach|sk austria klagenfurt amateure|2026-06-02,totals|over|8.25|,totals,Over,8.25,,50.28,50.28,"[""Betfair Exchange""]","[""odds_api_io""]",1,,
soccer|atus ferlach|sk austria klagenfurt amateure|2026-06-02,totals|under|8.25|,totals,Under,8.25,,1.01,1.01,"[""Betfair Exchange""]","[""odds_api_io""]",1,,
soccer|atus ferlach|sk austria klagenfurt amateure|2026-06-02,totals|over|4.50|,totals,Over,4.5,,2.66,2.66,"[""Betfair Exchange""]","[""odds_api_io""]",1,,
soccer|atus ferlach|sk austria klagenfurt amateure|2026-06-02,totals|under|4.50|,totals,Under,4.5,,1.41,1.41,"[""Betfair Exchange""]","[""odds_api_io""]",1,,
soccer|atus ferlach|sk austria klagenfurt amateure|2026-06-02,totals|over|2.50|,totals,Over,2.5,,1.34,1.34,"[""Betfair Exchange""]","[""odds_api_io""]",1,,
soccer|atus ferlach|sk austria klagenfurt amateure|2026-06-02,totals|under|2.50|,totals,Under,2.5,,3.32,3.32,"[""Betfair Exchange""]","[""odds_api_io""]",1,,
soccer|atus ferlach|sk austria klagenfurt amateure|2026-06-02,totals|over|6.50|,totals,Over,6.5,,8.14,8.14,"[""Betfair Exchange""]","[""odds_api_io""]",1,,
soccer|atus ferlach|sk austria klagenfurt amateure|2026-06-02,totals|under|6.50|,totals,Under,6.5,,1.09,1.09,"[""Betfair Exchange""]","[""odds_api_io""]",1,,
soccer|atus ferlach|sk austria klagenfurt amateure|2026-06-02,totals|over|1.00|,totals,Over,1.0,,1.01,1.01,"[""Betfair Exchange""]","[""odds_api_io""]",1,,
soccer|atus ferlach|sk austria klagenfurt amateure|2026-06-02,totals|under|1.00|,totals,Under,1.0,,8.6,8.6,"[""Betfair Exchange""]","[""odds_api_io""]",1,,
soccer|atus ferlach|sk austria klagenfurt amateure|2026-06-02,totals|over|5.75|,totals,Over,5.75,,5.93,5.93,"[""Betfair Exchange""]","[""odds_api_io""]",1,,
soccer|atus ferlach|sk austria klagenfurt amateure|2026-06-02,totals|under|5.75|,totals,Under,5.75,,1.09,1.09,"[""Betfair Exchange""]","[""odds_api_io""]",1,,
soccer|atus ferlach|sk austria klagenfurt amateure|2026-06-02,totals|over|6.25|,totals,Over,6.25,,7.82,7.82,"[""Betfair Exchange""]","[""odds_api_io""]",1,,
soccer|atus ferlach|sk austria klagenfurt amateure|2026-06-02,totals|under|6.25|,totals,Under,6.25,,1.09,1.09,"[""Betfair Exchange""]","[""odds_api_io""]",1,,
soccer|atus ferlach|sk austria klagenfurt amateure|2026-06-02,totals|over|4.25|,totals,Over,4.25,,2.4,2.4,"[""Betfair Exchange""]","[""odds_api_io""]",1,,
soccer|atus ferlach|sk austria klagenfurt amateure|2026-06-02,totals|under|4.25|,totals,Under,4.25,,1.41,1.41,"[""Betfair Exchange""]","[""odds_api_io""]",1,,
soccer|atus ferlach|sk austria klagenfurt amateure|2026-06-02,totals|over|3.75|,totals,Over,3.75,,1.9,1.9,"[""Betfair Exchange""]","[""odds_api_io""]",1,,
soccer|atus ferlach|sk austria klagenfurt amateure|2026-06-02,totals|under|3.75|,totals,Under,3.75,,1.41,1.41,"[""Betfair Exchange""]","[""odds_api_io""]",1,,
soccer|atus ferlach|sk austria klagenfurt amateure|2026-06-02,totals|over|0.75|,totals,Over,0.75,,1.01,1.01,"[""Betfair Exchange""]","[""odds_api_io""]",1,,
soccer|atus ferlach|sk austria klagenfurt amateure|2026-06-02,totals|under|0.75|,totals,Under,0.75,,8.6,8.6,"[""Betfair Exchange""]","[""odds_api_io""]",1,,
soccer|atus ferlach|sk austria klagenfurt amateure|2026-06-02,totals|over|7.75|,totals,Over,7.75,,29.33,29.33,"[""Betfair Exchange""]","[""odds_api_io""]",1,,
soccer|atus ferlach|sk austria klagenfurt amateure|2026-06-02,totals|under|7.75|,totals,Under,7.75,,1.01,1.01,"[""Betfair Exchange""]","[""odds_api_io""]",1,,
soccer|atus ferlach|sk austria klagenfurt amateure|2026-06-02,totals|over|4.00|,totals,Over,4.0,,2.14,2.14,"[""Betfair Exchange""]","[""odds_api_io""]",1,,
soccer|atus ferlach|sk austria klagenfurt amateure|2026-06-02,totals|under|4.00|,totals,Under,4.0,,1.41,1.41,"[""Betfair Exchange""]","[""odds_api_io""]",1,,
soccer|atus ferlach|sk austria klagenfurt amateure|2026-06-02,totals|over|0.50|,totals,Over,0.5,,1.01,1.01,"[""Betfair Exchange""]","[""odds_api_io""]",1,,
soccer|atus ferlach|sk austria klagenfurt amateure|2026-06-02,totals|under|0.50|,totals,Under,0.5,,34.33,34.33,"[""Betfair Exchange""]","[""odds_api_io""]",1,,
soccer|atus ferlach|sk austria klagenfurt amateure|2026-06-02,totals|over|5.00|,totals,Over,5.0,,4.02,4.02,"[""Betfair Exchange""]","[""odds_api_io""]",1,,
soccer|atus ferlach|sk austria klagenfurt amateure|2026-06-02,totals|under|5.00|,totals,Under,5.0,,1.17,1.17,"[""Betfair Exchange""]","[""odds_api_io""]",1,,
soccer|atus ferlach|sk austria klagenfurt amateure|2026-06-02,totals|over|4.75|,totals,Over,4.75,,3.16,3.16,"[""Betfair Exchange""]","[""odds_api_io""]",1,,
soccer|atus ferlach|sk austria klagenfurt amateure|2026-06-02,totals|under|4.75|,totals,Under,4.75,,1.17,1.17,"[""Betfair Exchange""]","[""odds_api_io""]",1,,
soccer|atus ferlach|sk austria klagenfurt amateure|2026-06-02,totals|over|3.25|,totals,Over,3.25,,1.34,1.34,"[""Betfair Exchange""]","[""odds_api_io""]",1,,
soccer|atus ferlach|sk austria klagenfurt amateure|2026-06-02,totals|under|3.25|,totals,Under,3.25,,2.14,2.14,"[""Betfair Exchange""]","[""odds_api_io""]",1,,
soccer|atus ferlach|sk austria klagenfurt amateure|2026-06-02,totals|over|1.50|,totals,Over,1.5,,1.11,1.11,"[""Betfair Exchange""]","[""odds_api_io""]",1,,
soccer|atus ferlach|sk austria klagenfurt amateure|2026-06-02,totals|under|1.50|,totals,Under,1.5,,8.6,8.6,"[""Betfair Exchange""]","[""odds_api_io""]",1,,
soccer|atus ferlach|sk austria klagenfurt amateure|2026-06-02,totals|over|7.25|,totals,Over,7.25,,20.29,20.29,"[""Betfair Exchange""]","[""odds_api_io""]",1,,
soccer|atus ferlach|sk austria klagenfurt amateure|2026-06-02,totals|under|7.25|,totals,Under,7.25,,1.04,1.04,"[""Betfair Exchange""]","[""odds_api_io""]",1,,
soccer|atus ferlach|sk austria klagenfurt amateure|2026-06-02,totals|over|6.00|,totals,Over,6.0,,7.51,7.51,"[""Betfair Exchange""]","[""odds_api_io""]",1,,
soccer|atus ferlach|sk austria klagenfurt amateure|2026-06-02,totals|under|6.00|,totals,Under,6.0,,1.08,1.08,"[""Betfair Exchange""]","[""odds_api_io""]",1,,
soccer|atus ferlach|sk austria klagenfurt amateure|2026-06-02,totals|over|2.75|,totals,Over,2.75,,1.34,1.34,"[""Betfair Exchange""]","[""odds_api_io""]",1,,
soccer|atus ferlach|sk austria klagenfurt amateure|2026-06-02,totals|under|2.75|,totals,Under,2.75,,2.88,2.88,"[""Betfair Exchange""]","[""odds_api_io""]",1,,
soccer|atus ferlach|sk austria klagenfurt amateure|2026-06-02,totals|over|8.00|,totals,Over,8.0,,49.57,49.57,"[""Betfair Exchange""]","[""odds_api_io""]",1,,
soccer|atus ferlach|sk austria klagenfurt amateure|2026-06-02,totals|under|8.00|,totals,Under,8.0,,1.01,1.01,"[""Betfair Exchange""]","[""odds_api_io""]",1,,
soccer|atus ferlach|sk austria klagenfurt amateure|2026-06-02,totals|over|3.50|,totals,Over,3.5,,1.34,1.34,"[""Betfair Exchange""]","[""odds_api_io""]",1,,
soccer|atus ferlach|sk austria klagenfurt amateure|2026-06-02,totals|under|3.50|,totals,Under,3.5,,1.91,1.91,"[""Betfair Exchange""]","[""odds_api_io""]",1,,
soccer|atus ferlach|sk austria klagenfurt amateure|2026-06-02,totals|over|7.00|,totals,Over,7.0,,19.58,19.58,"[""Betfair Exchange""]","[""odds_api_io""]",1,,
soccer|atus ferlach|sk austria klagenfurt amateure|2026-06-02,totals|under|7.00|,totals,Under,7.0,,1.04,1.04,"[""Betfair Exchange""]","[""odds_api_io""]",1,,
soccer|atus ferlach|sk austria klagenfurt amateure|2026-06-02,totals|over|5.25|,totals,Over,5.25,,4.43,4.43,"[""Betfair Exchange""]","[""odds_api_io""]",1,,
soccer|atus ferlach|sk austria klagenfurt amateure|2026-06-02,totals|under|5.25|,totals,Under,5.25,,1.17,1.17,"[""Betfair Exchange""]","[""odds_api_io""]",1,,
soccer|atus ferlach|sk austria klagenfurt amateure|2026-06-02,totals|over|1.75|,totals,Over,1.75,,1.12,1.12,"[""Betfair Exchange""]","[""odds_api_io""]",1,,
soccer|atus ferlach|sk austria klagenfurt amateure|2026-06-02,totals|under|1.75|,totals,Under,1.75,,3.32,3.32,"[""Betfair Exchange""]","[""odds_api_io""]",1,,
soccer|atus ferlach|sk austria klagenfurt amateure|2026-06-02,totals|over|6.75|,totals,Over,6.75,,11.29,11.29,"[""Betfair Exchange""]","[""odds_api_io""]",1,,
soccer|atus ferlach|sk austria klagenfurt amateure|2026-06-02,totals|under|6.75|,totals,Under,6.75,,1.04,1.04,"[""Betfair Exchange""]","[""odds_api_io""]",1,,
soccer|atus ferlach|sk austria klagenfurt amateure|2026-06-02,totals|over|3.00|,totals,Over,3.0,,1.34,1.34,"[""Betfair Exchange""]","[""odds_api_io""]",1,,
soccer|atus ferlach|sk austria klagenfurt amateure|2026-06-02,totals|under|3.00|,totals,Under,3.0,,2.53,2.53,"[""Betfair Exchange""]","[""odds_api_io""]",1,,
soccer|atus ferlach|sk austria klagenfurt amateure|2026-06-02,totals|over|8.50|,totals,Over,8.5,,51.0,51.0,"[""Betfair Exchange""]","[""odds_api_io""]",1,,
soccer|atus ferlach|sk austria klagenfurt amateure|2026-06-02,totals|under|8.50|,totals,Under,8.5,,1.01,1.01,"[""Betfair Exchange""]","[""odds_api_io""]",1,,
soccer|atus ferlach|sk austria klagenfurt amateure|2026-06-02,totals|over|1.25|,totals,Over,1.25,,1.06,1.06,"[""Betfair Exchange""]","[""odds_api_io""]",1,,
soccer|atus ferlach|sk austria klagenfurt amateure|2026-06-02,totals|under|1.25|,totals,Under,1.25,,8.6,8.6,"[""Betfair Exchange""]","[""odds_api_io""]",1,,
soccer|atus ferlach|sk austria klagenfurt amateure|2026-06-02,spreads|sk austria klagenfurt amateure|-3.00|home,spreads,SK Austria Klagenfurt Amateure,-3.0,home,1.36,1.36,"[""Betfair Exchange""]","[""odds_api_io""]",1,,
soccer|atus ferlach|sk austria klagenfurt amateure|2026-06-02,spreads|atus ferlach|3.00|away,spreads,ATUS Ferlach,3.0,away,1.05,1.05,"[""Betfair Exchange""]","[""odds_api_io""]",1,,
soccer|atus ferlach|sk austria klagenfurt amateure|2026-06-02,spreads|sk austria klagenfurt amateure|3.00|home,spreads,SK Austria Klagenfurt Amateure,3.0,home,1.01,1.01,"[""Betfair Exchange""]","[""odds_api_io""]",1,,
soccer|atus ferlach|sk austria klagenfurt amateure|2026-06-02,spreads|atus ferlach|-3.00|away,spreads,ATUS Ferlach,-3.0,away,5.7,5.7,"[""Betfair Exchange""]","[""odds_api_io""]",1,,
soccer|afrique elite|diarra|2026-06-02,h2h|afrique football elite||home,h2h,Afrique Football Elite,,home,3.5,3.5,"[""Betfair Exchange""]","[""odds_api_io""]",1,,
soccer|afrique elite|diarra|2026-06-02,h2h|draw||,h2h,Draw,,,2.92,2.92,"[""Betfair Exchange""]","[""odds_api_io""]",1,,
soccer|afrique elite|diarra|2026-06-02,h2h|fc diarra||away,h2h,FC Diarra,,away,2.36,2.36,"[""Betfair Exchange""]","[""odds_api_io""]",1,,
soccer|afrique elite|diarra|2026-06-02,dnb|afrique football elite|0.00|home,dnb,Afrique Football Elite,0.0,home,2.34,2.34,"[""Betfair Exchange""]","[""odds_api_io""]",1,,
soccer|afrique elite|diarra|2026-06-02,dnb|fc diarra|0.00|away,dnb,FC Diarra,0.0,away,1.6,1.6,"[""Betfair Exchange""]","[""odds_api_io""]",1,,
soccer|afrique elite|diarra|2026-06-02,doubleChance|1x||,doubleChance,1X,,,1.6,1.6,"[""Betfair Exchange""]","[""odds_api_io""]",1,,
soccer|afrique elite|diarra|2026-06-02,doubleChance|12||,doubleChance,12,,,1.47,1.47,"[""Betfair Exchange""]","[""odds_api_io""]",1,,
soccer|afrique elite|diarra|2026-06-02,doubleChance|x2||,doubleChance,X2,,,1.33,1.33,"[""Betfair Exchange""]","[""odds_api_io""]",1,,
soccer|afrique elite|diarra|2026-06-02,spreads|afrique football elite|1.25|home,spreads,Afrique Football Elite,1.25,home,1.17,1.17,"[""Betfair Exchange""]","[""odds_api_io""]",1,,
soccer|afrique elite|diarra|2026-06-02,spreads|fc diarra|-1.25|away,spreads,FC Diarra,-1.25,away,5.0,5.0,"[""Betfair Exchange""]","[""odds_api_io""]",1,,
soccer|afrique elite|diarra|2026-06-02,spreads|afrique football elite|-1.50|home,spreads,Afrique Football Elite,-1.5,home,9.62,9.62,"[""Betfair Exchange""]","[""odds_api_io""]",1,,
soccer|afrique elite|diarra|2026-06-02,spreads|fc diarra|1.50|away,spreads,FC Diarra,1.5,away,1.07,1.07,"[""Betfair Exchange""]","[""odds_api_io""]",1,,
soccer|afrique elite|diarra|2026-06-02,spreads|afrique football elite|-2.00|home,spreads,Afrique Football Elite,-2.0,home,36.0,35.0717,"[""Betfair Exchange""]","[""odds_api_io""]",2,0.147,
soccer|afrique elite|diarra|2026-06-02,spreads|fc diarra|2.00|away,spreads,FC Diarra,2.0,away,1.07,1.0391,"[""Betfair Exchange""]","[""odds_api_io""]",2,5.552,
soccer|afrique elite|diarra|2026-06-02,spreads|afrique football elite|-1.25|home,spreads,Afrique Football Elite,-1.25,home,8.85,8.85,"[""Betfair Exchange""]","[""odds_api_io""]",1,,
soccer|afrique elite|diarra|2026-06-02,spreads|fc diarra|1.25|away,spreads,FC Diarra,1.25,away,1.08,1.08,"[""Betfair Exchange""]","[""odds_api_io""]",1,,
soccer|afrique elite|diarra|2026-06-02,spreads|afrique football elite|0.25|home,spreads,Afrique Football Elite,0.25,home,1.84,1.84,"[""Betfair Exchange""]","[""odds_api_io""]",1,,
soccer|afrique elite|diarra|2026-06-02,spreads|fc diarra|-0.25|away,spreads,FC Diarra,-0.25,away,1.98,1.98,"[""Betfair Exchange""]","[""odds_api_io""]",1,,
soccer|afrique elite|diarra|2026-06-02,spreads|afrique football elite|2.50|home,spreads,Afrique Football Elite,2.5,home,1.04,1.04,"[""Betfair Exchange""]","[""odds_api_io""]",1,,
soccer|afrique elite|diarra|2026-06-02,spreads|fc diarra|-2.50|away,spreads,FC Diarra,-2.5,away,17.5,17.5,"[""Betfair Exchange""]","[""odds_api_io""]",1,,
soccer|afrique elite|diarra|2026-06-02,spreads|afrique football elite|0.75|home,spreads,Afrique Football Elite,0.75,home,1.4,1.4,"[""Betfair Exchange""]","[""odds_api_io""]",1,,
soccer|afrique elite|diarra|2026-06-02,spreads|fc diarra|-0.75|away,spreads,FC Diarra,-0.75,away,2.94,2.94,"[""Betfair Exchange""]","[""odds_api_io""]",1,,
soccer|afrique elite|diarra|2026-06-02,spreads|afrique football elite|-0.25|home,spreads,Afrique Football Elite,-0.25,home,2.92,2.92,"[""Betfair Exchange""]","[""odds_api_io""]",1,,
soccer|afrique elite|diarra|2026-06-02,spreads|fc diarra|0.25|away,spreads,FC Diarra,0.25,away,1.42,1.42,"[""Betfair Exchange""]","[""odds_api_io""]",1,,
soccer|afrique elite|diarra|2026-06-02,spreads|afrique football elite|0.00|home,spreads,Afrique Football Elite,0.0,home,2.35,2.35,"[""Betfair Exchange""]","[""odds_api_io""]",1,,
soccer|afrique elite|diarra|2026-06-02,spreads|fc diarra|-0.00|away,spreads,FC Diarra,-0.0,away,1.6,1.6,"[""Betfair Exchange""]","[""odds_api_io""]",1,,
soccer|afrique elite|diarra|2026-06-02,spreads|afrique football elite|2.75|home,spreads,Afrique Football Elite,2.75,home,1.02,1.02,"[""Betfair Exchange""]","[""odds_api_io""]",1,,
soccer|afrique elite|diarra|2026-06-02,spreads|fc diarra|-2.75|away,spreads,FC Diarra,-2.75,away,27.4,27.4,"[""Betfair Exchange""]","[""odds_api_io""]",1,,
soccer|afrique elite|diarra|2026-06-02,spreads|afrique football elite|2.25|home,spreads,Afrique Football Elite,2.25,home,1.04,1.04,"[""Betfair Exchange""]","[""odds_api_io""]",1,,
soccer|afrique elite|diarra|2026-06-02,spreads|fc diarra|-2.25|away,spreads,FC Diarra,-2.25,away,16.59,16.59,"[""Betfair Exchange""]","[""odds_api_io""]",1,,
soccer|afrique elite|diarra|2026-06-02,spreads|afrique football elite|-2.25|home,spreads,Afrique Football Elite,-2.25,home,35.69,35.69,"[""Betfair Exchange""]","[""odds_api_io""]",1,,
soccer|afrique elite|diarra|2026-06-02,spreads|fc diarra|2.25|away,spreads,FC Diarra,2.25,away,1.01,1.01,"[""Betfair Exchange""]","[""odds_api_io""]",1,,
soccer|afrique elite|diarra|2026-06-02,spreads|afrique football elite|-1.00|home,spreads,Afrique Football Elite,-1.0,home,9.6,8.7806,"[""Betfair Exchange""]","[""odds_api_io""]",2,1.944,
soccer|afrique elite|diarra|2026-06-02,spreads|fc diarra|1.00|away,spreads,FC Diarra,1.0,away,1.33,1.2041,"[""Betfair Exchange""]","[""odds_api_io""]",2,15.721,
soccer|afrique elite|diarra|2026-06-02,spreads|afrique football elite|2.00|home,spreads,Afrique Football Elite,2.0,home,1.14,1.0877,"[""Betfair Exchange""]","[""odds_api_io""]",2,8.435,
soccer|afrique elite|diarra|2026-06-02,spreads|fc diarra|-2.00|away,spreads,FC Diarra,-2.0,away,17.5,16.5401,"[""Betfair Exchange""]","[""odds_api_io""]",2,0.663,
soccer|afrique elite|diarra|2026-06-02,spreads|afrique football elite|-2.75|home,spreads,Afrique Football Elite,-2.75,home,61.31,61.31,"[""Betfair Exchange""]","[""odds_api_io""]",1,,
soccer|afrique elite|diarra|2026-06-02,spreads|fc diarra|2.75|away,spreads,FC Diarra,2.75,away,1.01,1.01,"[""Betfair Exchange""]","[""odds_api_io""]",1,,
soccer|afrique elite|diarra|2026-06-02,spreads|afrique football elite|-0.75|home,spreads,Afrique Football Elite,-0.75,home,4.7,4.7,"[""Betfair Exchange""]","[""odds_api_io""]",1,,
soccer|afrique elite|diarra|2026-06-02,spreads|fc diarra|0.75|away,spreads,FC Diarra,0.75,away,1.21,1.21,"[""Betfair Exchange""]","[""odds_api_io""]",1,,
soccer|afrique elite|diarra|2026-06-02,spreads|afrique football elite|-0.50|home,spreads,Afrique Football Elite,-0.5,home,3.5,3.5,"[""Betfair Exchange""]","[""odds_api_io""]",1,,
soccer|afrique elite|diarra|2026-06-02,spreads|fc diarra|0.50|away,spreads,FC Diarra,0.5,away,1.33,1.33,"[""Betfair Exchange""]","[""odds_api_io""]",1,,
soccer|afrique elite|diarra|2026-06-02,spreads|afrique football elite|-2.50|home,spreads,Afrique Football Elite,-2.5,home,37.03,37.03,"[""Betfair Exchange""]","[""odds_api_io""]",1,,
soccer|afrique elite|diarra|2026-06-02,spreads|fc diarra|2.50|away,spreads,FC Diarra,2.5,away,1.01,1.01,"[""Betfair Exchange""]","[""odds_api_io""]",1,,
soccer|afrique elite|diarra|2026-06-02,spreads|afrique football elite|1.75|home,spreads,Afrique Football Elite,1.75,home,1.09,1.09,"[""Betfair Exchange""]","[""odds_api_io""]",1,,
soccer|afrique elite|diarra|2026-06-02,spreads|fc diarra|-1.75|away,spreads,FC Diarra,-1.75,away,8.07,8.07,"[""Betfair Exchange""]","[""odds_api_io""]",1,,
soccer|afrique elite|diarra|2026-06-02,spreads|afrique football elite|1.00|home,spreads,Afrique Football Elite,1.0,home,1.6,1.3714,"[""Betfair Exchange""]","[""odds_api_io""]",2,20.833,
soccer|afrique elite|diarra|2026-06-02,spreads|fc diarra|-1.00|away,spreads,FC Diarra,-1.0,away,5.6,4.8965,"[""Betfair Exchange""]","[""odds_api_io""]",2,5.131,
soccer|afrique elite|diarra|2026-06-02,spreads|afrique football elite|-1.75|home,spreads,Afrique Football Elite,-1.75,home,14.75,14.75,"[""Betfair Exchange""]","[""odds_api_io""]",1,,
soccer|afrique elite|diarra|2026-06-02,spreads|fc diarra|1.75|away,spreads,FC Diarra,1.75,away,1.05,1.05,"[""Betfair Exchange""]","[""odds_api_io""]",1,,
soccer|afrique elite|diarra|2026-06-02,spreads|afrique football elite|0.50|home,spreads,Afrique Football Elite,0.5,home,1.6,1.6,"[""Betfair Exchange""]","[""odds_api_io""]",1,,
soccer|afrique elite|diarra|2026-06-02,spreads|fc diarra|-0.50|away,spreads,FC Diarra,-0.5,away,2.36,2.36,"[""Betfair Exchange""]","[""odds_api_io""]",1,,
soccer|afrique elite|diarra|2026-06-02,spreads|afrique football elite|1.50|home,spreads,Afrique Football Elite,1.5,home,1.14,1.14,"[""Betfair Exchange""]","[""odds_api_io""]",1,,
soccer|afrique elite|diarra|2026-06-02,spreads|fc diarra|-1.50|away,spreads,FC Diarra,-1.5,away,5.66,5.66,"[""Betfair Exchange""]","[""odds_api_io""]",1,,
soccer|afrique elite|diarra|2026-06-02,totals|over|2.00|,totals,Over,2.0,,1.99,1.99,"[""Betfair Exchange""]","[""odds_api_io""]",1,,
soccer|afrique elite|diarra|2026-06-02,totals|under|2.00|,totals,Under,2.0,,1.84,1.84,"[""Betfair Exchange""]","[""odds_api_io""]",1,,
soccer|afrique elite|diarra|2026-06-02,totals|over|5.75|,totals,Over,5.75,,67.49,67.49,"[""Betfair Exchange""]","[""odds_api_io""]",1,,
soccer|afrique elite|diarra|2026-06-02,totals|under|5.75|,totals,Under,5.75,,1.01,1.01,"[""Betfair Exchange""]","[""odds_api_io""]",1,,
soccer|afrique elite|diarra|2026-06-02,totals|over|4.00|,totals,Over,4.0,,13.45,13.45,"[""Betfair Exchange""]","[""odds_api_io""]",1,,
soccer|afrique elite|diarra|2026-06-02,totals|under|4.00|,totals,Under,4.0,,1.06,1.06,"[""Betfair Exchange""]","[""odds_api_io""]",1,,
soccer|afrique elite|diarra|2026-06-02,totals|over|1.50|,totals,Over,1.5,,1.57,1.57,"[""Betfair Exchange""]","[""odds_api_io""]",1,,
soccer|afrique elite|diarra|2026-06-02,totals|under|1.50|,totals,Under,1.5,,2.62,2.62,"[""Betfair Exchange""]","[""odds_api_io""]",1,,
soccer|afrique elite|diarra|2026-06-02,totals|over|2.25|,totals,Over,2.25,,2.36,2.36,"[""Betfair Exchange""]","[""odds_api_io""]",1,,
soccer|afrique elite|diarra|2026-06-02,totals|under|2.25|,totals,Under,2.25,,1.65,1.65,"[""Betfair Exchange""]","[""odds_api_io""]",1,,
soccer|afrique elite|diarra|2026-06-02,totals|over|6.75|,totals,Over,6.75,,230.23,230.23,"[""Betfair Exchange""]","[""odds_api_io""]",1,,
soccer|afrique elite|diarra|2026-06-02,totals|under|6.75|,totals,Under,6.75,,1.01,1.01,"[""Betfair Exchange""]","[""odds_api_io""]",1,,
soccer|afrique elite|diarra|2026-06-02,totals|over|3.50|,totals,Over,3.5,,5.9,5.9,"[""Betfair Exchange""]","[""odds_api_io""]",1,,
soccer|afrique elite|diarra|2026-06-02,totals|under|3.50|,totals,Under,3.5,,1.18,1.18,"[""Betfair Exchange""]","[""odds_api_io""]",1,,
soccer|afrique elite|diarra|2026-06-02,totals|over|3.00|,totals,Over,3.0,,4.74,4.74,"[""Betfair Exchange""]","[""odds_api_io""]",1,,
soccer|afrique elite|diarra|2026-06-02,totals|under|3.00|,totals,Under,3.0,,1.23,1.23,"[""Betfair Exchange""]","[""odds_api_io""]",1,,
soccer|afrique elite|diarra|2026-06-02,totals|over|2.50|,totals,Over,2.5,,2.74,2.74,"[""Betfair Exchange""]","[""odds_api_io""]",1,,
soccer|afrique elite|diarra|2026-06-02,totals|under|2.50|,totals,Under,2.5,,1.53,1.53,"[""Betfair Exchange""]","[""odds_api_io""]",1,,
soccer|afrique elite|diarra|2026-06-02,totals|over|6.50|,totals,Over,6.5,,150.0,150.0,"[""Betfair Exchange""]","[""odds_api_io""]",1,,
soccer|afrique elite|diarra|2026-06-02,totals|under|6.50|,totals,Under,6.5,,1.01,1.01,"[""Betfair Exchange""]","[""odds_api_io""]",1,,
soccer|afrique elite|diarra|2026-06-02,totals|over|3.75|,totals,Over,3.75,,8.03,8.03,"[""Betfair Exchange""]","[""odds_api_io""]",1,,
soccer|afrique elite|diarra|2026-06-02,totals|under|3.75|,totals,Under,3.75,,1.1,1.1,"[""Betfair Exchange""]","[""odds_api_io""]",1,,
soccer|afrique elite|diarra|2026-06-02,totals|over|1.00|,totals,Over,1.0,,1.18,1.18,"[""Betfair Exchange""]","[""odds_api_io""]",1,,
soccer|afrique elite|diarra|2026-06-02,totals|under|1.00|,totals,Under,1.0,,4.87,4.87,"[""Betfair Exchange""]","[""odds_api_io""]",1,,
soccer|afrique elite|diarra|2026-06-02,totals|over|5.00|,totals,Over,5.0,,42.06,42.06,"[""Betfair Exchange""]","[""odds_api_io""]",1,,
soccer|afrique elite|diarra|2026-06-02,totals|under|5.00|,totals,Under,5.0,,1.01,1.01,"[""Betfair Exchange""]","[""odds_api_io""]",1,,
soccer|afrique elite|diarra|2026-06-02,totals|over|0.75|,totals,Over,0.75,,1.15,1.15,"[""Betfair Exchange""]","[""odds_api_io""]",1,,
soccer|afrique elite|diarra|2026-06-02,totals|under|0.75|,totals,Under,0.75,,5.57,5.57,"[""Betfair Exchange""]","[""odds_api_io""]",1,,
soccer|afrique elite|diarra|2026-06-02,totals|over|6.25|,totals,Over,6.25,,148.79,148.79,"[""Betfair Exchange""]","[""odds_api_io""]",1,,
soccer|afrique elite|diarra|2026-06-02,totals|under|6.25|,totals,Under,6.25,,1.01,1.01,"[""Betfair Exchange""]","[""odds_api_io""]",1,,
soccer|afrique elite|diarra|2026-06-02,totals|over|4.75|,totals,Over,4.75,,21.88,21.88,"[""Betfair Exchange""]","[""odds_api_io""]",1,,
soccer|afrique elite|diarra|2026-06-02,totals|under|4.75|,totals,Under,4.75,,1.01,1.01,"[""Betfair Exchange""]","[""odds_api_io""]",1,,
soccer|afrique elite|diarra|2026-06-02,totals|over|1.25|,totals,Over,1.25,,1.37,1.37,"[""Betfair Exchange""]","[""odds_api_io""]",1,,
soccer|afrique elite|diarra|2026-06-02,totals|under|1.25|,totals,Under,1.25,,3.28,3.28,"[""Betfair Exchange""]","[""odds_api_io""]",1,,
soccer|afrique elite|diarra|2026-06-02,totals|over|5.25|,totals,Over,5.25,,43.03,43.03,"[""Betfair Exchange""]","[""odds_api_io""]",1,,
soccer|afrique elite|diarra|2026-06-02,totals|under|5.25|,totals,Under,5.25,,1.01,1.01,"[""Betfair Exchange""]","[""odds_api_io""]",1,,
soccer|afrique elite|diarra|2026-06-02,totals|over|0.50|,totals,Over,0.5,,1.13,1.13,"[""Betfair Exchange""]","[""odds_api_io""]",1,,
soccer|afrique elite|diarra|2026-06-02,totals|under|0.50|,totals,Under,0.5,,6.8,6.8,"[""Betfair Exchange""]","[""odds_api_io""]",1,,
soccer|afrique elite|diarra|2026-06-02,totals|over|5.50|,totals,Over,5.5,,44.0,44.0,"[""Betfair Exchange""]","[""odds_api_io""]",1,,
soccer|afrique elite|diarra|2026-06-02,totals|under|5.50|,totals,Under,5.5,,1.01,1.01,"[""Betfair Exchange""]","[""odds_api_io""]",1,,
soccer|afrique elite|diarra|2026-06-02,totals|over|7.50|,totals,Over,7.5,,500.0,500.0,"[""Betfair Exchange""]","[""odds_api_io""]",1,,
soccer|afrique elite|diarra|2026-06-02,totals|under|7.50|,totals,Under,7.5,,1.01,1.01,"[""Betfair Exchange""]","[""odds_api_io""]",1,,
soccer|afrique elite|diarra|2026-06-02,totals|over|3.25|,totals,Over,3.25,,5.32,5.32,"[""Betfair Exchange""]","[""odds_api_io""]",1,,
soccer|afrique elite|diarra|2026-06-02,totals|under|3.25|,totals,Under,3.25,,1.2,1.2,"[""Betfair Exchange""]","[""odds_api_io""]",1,,
soccer|afrique elite|diarra|2026-06-02,totals|over|2.75|,totals,Over,2.75,,3.37,3.37,"[""Betfair Exchange""]","[""odds_api_io""]",1,,
soccer|afrique elite|diarra|2026-06-02,totals|under|2.75|,totals,Under,2.75,,1.37,1.37,"[""Betfair Exchange""]","[""odds_api_io""]",1,,
soccer|afrique elite|diarra|2026-06-02,totals|over|4.25|,totals,Over,4.25,,14.22,14.22,"[""Betfair Exchange""]","[""odds_api_io""]",1,,
soccer|afrique elite|diarra|2026-06-02,totals|under|4.25|,totals,Under,4.25,,1.06,1.06,"[""Betfair Exchange""]","[""odds_api_io""]",1,,
soccer|afrique elite|diarra|2026-06-02,totals|over|7.00|,totals,Over,7.0,,497.66,497.66,"[""Betfair Exchange""]","[""odds_api_io""]",1,,
soccer|afrique elite|diarra|2026-06-02,totals|under|7.00|,totals,Under,7.0,,1.01,1.01,"[""Betfair Exchange""]","[""odds_api_io""]",1,,
soccer|afrique elite|diarra|2026-06-02,totals|over|4.50|,totals,Over,4.5,,15.0,15.0,"[""Betfair Exchange""]","[""odds_api_io""]",1,,
soccer|afrique elite|diarra|2026-06-02,totals|under|4.50|,totals,Under,4.5,,1.06,1.06,"[""Betfair Exchange""]","[""odds_api_io""]",1,,
soccer|afrique elite|diarra|2026-06-02,totals|over|1.75|,totals,Over,1.75,,1.72,1.72,"[""Betfair Exchange""]","[""odds_api_io""]",1,,
soccer|afrique elite|diarra|2026-06-02,totals|under|1.75|,totals,Under,1.75,,2.14,2.14,"[""Betfair Exchange""]","[""odds_api_io""]",1,,
soccer|afrique elite|diarra|2026-06-02,totals|over|7.25|,totals,Over,7.25,,498.83,498.83,"[""Betfair Exchange""]","[""odds_api_io""]",1,,
soccer|afrique elite|diarra|2026-06-02,totals|under|7.25|,totals,Under,7.25,,1.01,1.01,"[""Betfair Exchange""]","[""odds_api_io""]",1,,
soccer|afrique elite|diarra|2026-06-02,totals|over|6.00|,totals,Over,6.0,,147.59,147.59,"[""Betfair Exchange""]","[""odds_api_io""]",1,,
soccer|afrique elite|diarra|2026-06-02,totals|under|6.00|,totals,Under,6.0,,1.01,1.01,"[""Betfair Exchange""]","[""odds_api_io""]",1,,
soccer|afrique elite|diarra|2026-06-02,btts|yes||,btts,Yes,,,2.12,2.12,"[""Betfair Exchange""]","[""odds_api_io""]",1,,
soccer|afrique elite|diarra|2026-06-02,btts|no||,btts,No,,,1.72,1.72,"[""Betfair Exchange""]","[""odds_api_io""]",1,,
soccer|afrique elite|diarra|2026-06-02,spreads|afrique football elite|-3.00|home,spreads,Afrique Football Elite,-3.0,home,1.01,1.01,"[""Betfair Exchange""]","[""odds_api_io""]",1,,
soccer|afrique elite|diarra|2026-06-02,spreads|fc diarra|3.00|away,spreads,FC Diarra,3.0,away,1.01,1.01,"[""Betfair Exchange""]","[""odds_api_io""]",1,,
soccer|afrique elite|diarra|2026-06-02,spreads|afrique football elite|3.00|home,spreads,Afrique Football Elite,3.0,home,1.04,1.04,"[""Betfair Exchange""]","[""odds_api_io""]",1,,
soccer|afrique elite|diarra|2026-06-02,spreads|fc diarra|-3.00|away,spreads,FC Diarra,-3.0,away,34.0,34.0,"[""Betfair Exchange""]","[""odds_api_io""]",1,,
soccer|boston river|defensor sporting|2026-06-02,h2h|boston river||home,h2h,Boston River,,home,2.9,2.8244,"[""Bet365"", ""Betfair Exchange""]","[""odds_api_io""]",2,1.881,
soccer|boston river|defensor sporting|2026-06-02,h2h|draw||,h2h,Draw,,,3.35,3.3002,"[""Bet365"", ""Betfair Exchange""]","[""odds_api_io""]",2,0.918,
soccer|boston river|defensor sporting|2026-06-02,h2h|defensor sporting||away,h2h,Defensor Sporting,,away,2.46,2.4302,"[""Bet365"", ""Betfair Exchange""]","[""odds_api_io""]",2,1.016,
soccer|boston river|defensor sporting|2026-06-02,dnb|boston river|0.00|home,dnb,Boston River,0.0,home,2.1,2.0898,"[""Bet365"", ""Betfair Exchange""]","[""odds_api_io""]",2,0.458,
soccer|boston river|defensor sporting|2026-06-02,dnb|defensor sporting|0.00|away,dnb,Defensor Sporting,0.0,away,1.78,1.7222,"[""Bet365"", ""Betfair Exchange""]","[""odds_api_io""]",2,3.844,
soccer|boston river|defensor sporting|2026-06-02,spreads|boston river|0.00|home,spreads,Boston River,0.0,home,2.1,2.068,"[""Bet365"", ""Betfair Exchange""]","[""odds_api_io""]",3,1.764,
soccer|boston river|defensor sporting|2026-06-02,totals|over|2.50|,totals,Over,2.5,,1.95,1.8997,"[""Bet365"", ""Betfair Exchange""]","[""odds_api_io""]",3,2.772,
soccer|boston river|defensor sporting|2026-06-02,totals|under|2.50|,totals,Under,2.5,,1.96,1.9366,"[""Bet365"", ""Betfair Exchange""]","[""odds_api_io""]",3,1.611,
soccer|boston river|defensor sporting|2026-06-02,spreads|boston river|-1.75|home,spreads,Boston River,-1.75,home,8.86,7.8376,"[""Bet365"", ""Betfair Exchange""]","[""odds_api_io""]",2,2.999,
soccer|boston river|defensor sporting|2026-06-02,spreads|defensor sporting|1.75|away,spreads,Defensor Sporting,1.75,away,5.5,1.7837,"[""Bet365"", ""Betfair Exchange""]","[""odds_api_io""]",2,74.411,
soccer|boston river|defensor sporting|2026-06-02,spreads|boston river|-1.50|home,spreads,Boston River,-1.5,home,6.23,5.8489,"[""Bet365"", ""Betfair Exchange""]","[""odds_api_io""]",2,2.13,
soccer|boston river|defensor sporting|2026-06-02,spreads|defensor sporting|1.50|away,spreads,Defensor Sporting,1.5,away,4.15,1.7457,"[""Bet365"", ""Betfair Exchange""]","[""odds_api_io""]",2,65.189,
soccer|boston river|defensor sporting|2026-06-02,spreads|boston river|-1.25|home,spreads,Boston River,-1.25,home,5.66,5.451,"[""Bet365"", ""Betfair Exchange""]","[""odds_api_io""]",2,1.38,
soccer|boston river|defensor sporting|2026-06-02,spreads|defensor sporting|1.25|away,spreads,Defensor Sporting,1.25,away,3.8,1.7368,"[""Bet365"", ""Betfair Exchange""]","[""odds_api_io""]",2,61.404,
soccer|boston river|defensor sporting|2026-06-02,spreads|boston river|-1.00|home,spreads,Boston River,-1.0,home,6.2,5.1855,"[""Bet365"", ""Betfair Exchange""]","[""odds_api_io""]",3,6.093,
soccer|boston river|defensor sporting|2026-06-02,spreads|defensor sporting|1.00|away,spreads,Defensor Sporting,1.0,away,3.45,1.6229,"[""Bet365"", ""Betfair Exchange""]","[""odds_api_io""]",3,57.221,
soccer|boston river|defensor sporting|2026-06-02,spreads|boston river|-0.75|home,spreads,Boston River,-0.75,home,3.59,3.5199,"[""Bet365"", ""Betfair Exchange""]","[""odds_api_io""]",2,1.13,
soccer|boston river|defensor sporting|2026-06-02,spreads|defensor sporting|0.75|away,spreads,Defensor Sporting,0.75,away,2.675,1.7478,"[""Bet365"", ""Betfair Exchange""]","[""odds_api_io""]",2,38.953,
soccer|boston river|defensor sporting|2026-06-02,spreads|boston river|-0.50|home,spreads,Boston River,-0.5,home,2.9,2.8752,"[""Bet365"", ""Betfair Exchange""]","[""odds_api_io""]",2,0.605,
soccer|boston river|defensor sporting|2026-06-02,spreads|defensor sporting|0.50|away,spreads,Defensor Sporting,0.5,away,2.3,1.7789,"[""Bet365"", ""Betfair Exchange""]","[""odds_api_io""]",2,25.015,
soccer|boston river|defensor sporting|2026-06-02,spreads|boston river|-0.25|home,spreads,Boston River,-0.25,home,2.49,2.4577,"[""Bet365"", ""Betfair Exchange""]","[""odds_api_io""]",2,1.076,
soccer|boston river|defensor sporting|2026-06-02,spreads|defensor sporting|0.25|away,spreads,Defensor Sporting,0.25,away,1.58,1.5525,"[""Bet365"", ""Betfair Exchange""]","[""odds_api_io""]",2,2.283,
soccer|boston river|defensor sporting|2026-06-02,spreads|defensor sporting|-0.00|away,spreads,Defensor Sporting,-0.0,away,1.78,1.7512,"[""Bet365"", ""Betfair Exchange""]","[""odds_api_io""]",3,2.644,
soccer|boston river|defensor sporting|2026-06-02,spreads|boston river|0.50|home,spreads,Boston River,0.5,home,1.6,1.5949,"[""Bet365"", ""Betfair Exchange""]","[""odds_api_io""]",2,0.393,
soccer|boston river|defensor sporting|2026-06-02,spreads|defensor sporting|-0.50|away,spreads,Defensor Sporting,-0.5,away,2.46,1.7934,"[""Bet365"", ""Betfair Exchange""]","[""odds_api_io""]",2,30.778,
soccer|boston river|defensor sporting|2026-06-02,spreads|boston river|0.75|home,spreads,Boston River,0.75,home,1.45,1.4346,"[""Bet365"", ""Betfair Exchange""]","[""odds_api_io""]",2,1.457,
soccer|boston river|defensor sporting|2026-06-02,spreads|defensor sporting|-0.75|away,spreads,Defensor Sporting,-0.75,away,2.94,1.8156,"[""Bet365"", ""Betfair Exchange""]","[""odds_api_io""]",2,42.909,
soccer|boston river|defensor sporting|2026-06-02,spreads|boston river|1.00|home,spreads,Boston River,1.0,home,1.59,1.3656,"[""Bet365"", ""Betfair Exchange""]","[""odds_api_io""]",3,17.107,
soccer|boston river|defensor sporting|2026-06-02,spreads|defensor sporting|-1.00|away,spreads,Defensor Sporting,-1.0,away,4.8,2.3236,"[""Bet365"", ""Betfair Exchange""]","[""odds_api_io""]",3,63.2,
soccer|boston river|defensor sporting|2026-06-02,spreads|boston river|1.25|home,spreads,Boston River,1.25,home,1.25,1.224,"[""Bet365"", ""Betfair Exchange""]","[""odds_api_io""]",2,3.333,
soccer|boston river|defensor sporting|2026-06-02,spreads|defensor sporting|-1.25|away,spreads,Defensor Sporting,-1.25,away,4.38,1.8538,"[""Bet365"", ""Betfair Exchange""]","[""odds_api_io""]",2,63.376,
soccer|boston river|defensor sporting|2026-06-02,spreads|boston river|1.50|home,spreads,Boston River,1.5,home,1.22,1.194,"[""Bet365"", ""Betfair Exchange""]","[""odds_api_io""]",2,3.503,
soccer|boston river|defensor sporting|2026-06-02,spreads|defensor sporting|-1.50|away,spreads,Defensor Sporting,-1.5,away,4.87,1.8818,"[""Bet365"", ""Betfair Exchange""]","[""odds_api_io""]",2,66.423,
soccer|boston river|defensor sporting|2026-06-02,spreads|boston river|1.75|home,spreads,Boston River,1.75,home,1.15,1.1345,"[""Bet365"", ""Betfair Exchange""]","[""odds_api_io""]",2,2.329,
soccer|boston river|defensor sporting|2026-06-02,spreads|defensor sporting|-1.75|away,spreads,Defensor Sporting,-1.75,away,6.85,1.9209,"[""Bet365"", ""Betfair Exchange""]","[""odds_api_io""]",2,76.311,
soccer|boston river|defensor sporting|2026-06-02,doubleChance|1x||,doubleChance,1X,,,1.59,1.59,"[""Betfair Exchange""]","[""odds_api_io""]",1,,
soccer|boston river|defensor sporting|2026-06-02,doubleChance|12||,doubleChance,12,,,1.36,1.36,"[""Betfair Exchange""]","[""odds_api_io""]",1,,
soccer|boston river|defensor sporting|2026-06-02,doubleChance|x2||,doubleChance,X2,,,1.46,1.46,"[""Betfair Exchange""]","[""odds_api_io""]",1,,
soccer|boston river|defensor sporting|2026-06-02,spreads|boston river|2.00|home,spreads,Boston River,2.0,home,1.17,1.1123,"[""Betfair Exchange""]","[""odds_api_io""]",2,8.87,
soccer|boston river|defensor sporting|2026-06-02,spreads|defensor sporting|-2.00|away,spreads,Defensor Sporting,-2.0,away,12.0,11.4783,"[""Betfair Exchange""]","[""odds_api_io""]",2,0.758,
soccer|boston river|defensor sporting|2026-06-02,spreads|boston river|2.25|home,spreads,Boston River,2.25,home,1.06,1.06,"[""Betfair Exchange""]","[""odds_api_io""]",1,,
soccer|boston river|defensor sporting|2026-06-02,spreads|defensor sporting|-2.25|away,spreads,Defensor Sporting,-2.25,away,11.58,11.58,"[""Betfair Exchange""]","[""odds_api_io""]",1,,
soccer|boston river|defensor sporting|2026-06-02,spreads|boston river|2.50|home,spreads,Boston River,2.5,home,1.05,1.05,"[""Betfair Exchange""]","[""odds_api_io""]",1,,
soccer|boston river|defensor sporting|2026-06-02,spreads|defensor sporting|-2.50|away,spreads,Defensor Sporting,-2.5,away,12.17,12.17,"[""Betfair Exchange""]","[""odds_api_io""]",1,,
soccer|boston river|defensor sporting|2026-06-02,spreads|boston river|3.50|home,spreads,Boston River,3.5,home,1.01,1.01,"[""Betfair Exchange""]","[""odds_api_io""]",1,,
soccer|boston river|defensor sporting|2026-06-02,spreads|defensor sporting|-3.50|away,spreads,Defensor Sporting,-3.5,away,40.0,40.0,"[""Betfair Exchange""]","[""odds_api_io""]",1,,
soccer|boston river|defensor sporting|2026-06-02,spreads|boston river|-2.75|home,spreads,Boston River,-2.75,home,24.6,24.6,"[""Betfair Exchange""]","[""odds_api_io""]",1,,
soccer|boston river|defensor sporting|2026-06-02,spreads|defensor sporting|2.75|away,spreads,Defensor Sporting,2.75,away,1.02,1.02,"[""Betfair Exchange""]","[""odds_api_io""]",1,,
soccer|boston river|defensor sporting|2026-06-02,spreads|boston river|-2.25|home,spreads,Boston River,-2.25,home,15.72,15.72,"[""Betfair Exchange""]","[""odds_api_io""]",1,,
soccer|boston river|defensor sporting|2026-06-02,spreads|defensor sporting|2.25|away,spreads,Defensor Sporting,2.25,away,1.04,1.04,"[""Betfair Exchange""]","[""odds_api_io""]",1,,
soccer|boston river|defensor sporting|2026-06-02,spreads|boston river|2.75|home,spreads,Boston River,2.75,home,1.03,1.03,"[""Betfair Exchange""]","[""odds_api_io""]",1,,
soccer|boston river|defensor sporting|2026-06-02,spreads|defensor sporting|-2.75|away,spreads,Defensor Sporting,-2.75,away,18.13,18.13,"[""Betfair Exchange""]","[""odds_api_io""]",1,,
soccer|boston river|defensor sporting|2026-06-02,spreads|boston river|-2.50|home,spreads,Boston River,-2.5,home,16.3,16.3,"[""Betfair Exchange""]","[""odds_api_io""]",1,,
soccer|boston river|defensor sporting|2026-06-02,spreads|defensor sporting|2.50|away,spreads,Defensor Sporting,2.5,away,1.03,1.03,"[""Betfair Exchange""]","[""odds_api_io""]",1,,
soccer|boston river|defensor sporting|2026-06-02,spreads|boston river|-2.00|home,spreads,Boston River,-2.0,home,16.0,15.4518,"[""Betfair Exchange""]","[""odds_api_io""]",2,0.443,
soccer|boston river|defensor sporting|2026-06-02,spreads|defensor sporting|2.00|away,spreads,Defensor Sporting,2.0,away,1.12,1.0785,"[""Betfair Exchange""]","[""odds_api_io""]",2,6.868,
soccer|boston river|defensor sporting|2026-06-02,spreads|boston river|3.00|home,spreads,Boston River,3.0,home,1.05,1.0296,"[""Betfair Exchange""]","[""odds_api_io""]",2,3.772,
soccer|boston river|defensor sporting|2026-06-02,spreads|defensor sporting|-3.00|away,spreads,Defensor Sporting,-3.0,away,40.0,39.0636,"[""Betfair Exchange""]","[""odds_api_io""]",2,0.12,
soccer|boston river|defensor sporting|2026-06-02,spreads|boston river|3.25|home,spreads,Boston River,3.25,home,1.01,1.01,"[""Betfair Exchange""]","[""odds_api_io""]",1,,
soccer|boston river|defensor sporting|2026-06-02,spreads|defensor sporting|-3.25|away,spreads,Defensor Sporting,-3.25,away,39.08,39.08,"[""Betfair Exchange""]","[""odds_api_io""]",1,,
soccer|boston river|defensor sporting|2026-06-02,spreads|boston river|0.25|home,spreads,Boston River,0.25,home,1.76,1.76,"[""Betfair Exchange""]","[""odds_api_io""]",1,,
soccer|boston river|defensor sporting|2026-06-02,spreads|defensor sporting|-0.25|away,spreads,Defensor Sporting,-0.25,away,2.12,2.12,"[""Betfair Exchange""]","[""odds_api_io""]",1,,
soccer|boston river|defensor sporting|2026-06-02,spreads|boston river|-3.00|home,spreads,Boston River,-3.0,home,55.0,53.8776,"[""Betfair Exchange""]","[""odds_api_io""]",2,0.076,
soccer|boston river|defensor sporting|2026-06-02,spreads|defensor sporting|3.00|away,spreads,Defensor Sporting,3.0,away,1.03,1.0199,"[""Betfair Exchange""]","[""odds_api_io""]",2,1.923,
soccer|boston river|defensor sporting|2026-06-02,spreads|boston river|-3.50|home,spreads,Boston River,-3.5,home,55.0,55.0,"[""Betfair Exchange""]","[""odds_api_io""]",1,,
soccer|boston river|defensor sporting|2026-06-02,spreads|defensor sporting|3.50|away,spreads,Defensor Sporting,3.5,away,1.01,1.01,"[""Betfair Exchange""]","[""odds_api_io""]",1,,
soccer|boston river|defensor sporting|2026-06-02,spreads|boston river|-3.25|home,spreads,Boston River,-3.25,home,53.9,53.9,"[""Betfair Exchange""]","[""odds_api_io""]",1,,
soccer|boston river|defensor sporting|2026-06-02,spreads|defensor sporting|3.25|away,spreads,Defensor Sporting,3.25,away,1.01,1.01,"[""Betfair Exchange""]","[""odds_api_io""]",1,,
soccer|boston river|defensor sporting|2026-06-02,totals|over|2.75|,totals,Over,2.75,,2.2,2.2,"[""Betfair Exchange""]","[""odds_api_io""]",1,,
soccer|boston river|defensor sporting|2026-06-02,totals|under|2.75|,totals,Under,2.75,,1.75,1.75,"[""Betfair Exchange""]","[""odds_api_io""]",1,,
soccer|boston river|defensor sporting|2026-06-02,totals|over|2.25|,totals,Over,2.25,,1.7,1.7,"[""Betfair Exchange""]","[""odds_api_io""]",1,,
soccer|boston river|defensor sporting|2026-06-02,totals|under|2.25|,totals,Under,2.25,,2.26,2.26,"[""Betfair Exchange""]","[""odds_api_io""]",1,,
soccer|boston river|defensor sporting|2026-06-02,totals|over|2.00|,totals,Over,2.0,,1.46,1.46,"[""Betfair Exchange""]","[""odds_api_io""]",1,,
soccer|boston river|defensor sporting|2026-06-02,totals|under|2.00|,totals,Under,2.0,,2.84,2.84,"[""Betfair Exchange""]","[""odds_api_io""]",1,,
soccer|boston river|defensor sporting|2026-06-02,totals|over|4.25|,totals,Over,4.25,,6.47,6.47,"[""Betfair Exchange""]","[""odds_api_io""]",1,,
soccer|boston river|defensor sporting|2026-06-02,totals|under|4.25|,totals,Under,4.25,,1.16,1.16,"[""Betfair Exchange""]","[""odds_api_io""]",1,,
soccer|boston river|defensor sporting|2026-06-02,totals|over|4.75|,totals,Over,4.75,,9.5,9.5,"[""Betfair Exchange""]","[""odds_api_io""]",1,,
soccer|boston river|defensor sporting|2026-06-02,totals|under|4.75|,totals,Under,4.75,,1.1,1.1,"[""Betfair Exchange""]","[""odds_api_io""]",1,,
soccer|boston river|defensor sporting|2026-06-02,totals|over|4.00|,totals,Over,4.0,,5.94,5.94,"[""Betfair Exchange""]","[""odds_api_io""]",1,,
soccer|boston river|defensor sporting|2026-06-02,totals|under|4.00|,totals,Under,4.0,,1.18,1.18,"[""Betfair Exchange""]","[""odds_api_io""]",1,,
soccer|boston river|defensor sporting|2026-06-02,totals|over|4.50|,totals,Over,4.5,,7.0,7.0,"[""Betfair Exchange""]","[""odds_api_io""]",1,,
soccer|boston river|defensor sporting|2026-06-02,totals|under|4.50|,totals,Under,4.5,,1.15,1.15,"[""Betfair Exchange""]","[""odds_api_io""]",1,,
soccer|boston river|defensor sporting|2026-06-02,totals|over|1.25|,totals,Over,1.25,,1.19,1.19,"[""Betfair Exchange""]","[""odds_api_io""]",1,,
soccer|boston river|defensor sporting|2026-06-02,totals|under|1.25|,totals,Under,1.25,,5.49,5.49,"[""Betfair Exchange""]","[""odds_api_io""]",1,,
soccer|boston river|defensor sporting|2026-06-02,totals|over|1.50|,totals,Over,1.5,,1.31,1.31,"[""Betfair Exchange""]","[""odds_api_io""]",1,,
soccer|boston river|defensor sporting|2026-06-02,totals|under|1.50|,totals,Under,1.5,,3.95,3.95,"[""Betfair Exchange""]","[""odds_api_io""]",1,,
soccer|boston river|defensor sporting|2026-06-02,totals|over|3.50|,totals,Over,3.5,,3.4,3.4,"[""Betfair Exchange""]","[""odds_api_io""]",1,,
soccer|boston river|defensor sporting|2026-06-02,totals|under|3.50|,totals,Under,3.5,,1.38,1.38,"[""Betfair Exchange""]","[""odds_api_io""]",1,,
soccer|boston river|defensor sporting|2026-06-02,totals|over|3.25|,totals,Over,3.25,,3.02,3.02,"[""Betfair Exchange""]","[""odds_api_io""]",1,,
soccer|boston river|defensor sporting|2026-06-02,totals|under|3.25|,totals,Under,3.25,,1.45,1.45,"[""Betfair Exchange""]","[""odds_api_io""]",1,,
soccer|boston river|defensor sporting|2026-06-02,totals|over|0.50|,totals,Over,0.5,,1.07,1.07,"[""Betfair Exchange""]","[""odds_api_io""]",1,,
soccer|boston river|defensor sporting|2026-06-02,totals|under|0.50|,totals,Under,0.5,,12.4,12.4,"[""Betfair Exchange""]","[""odds_api_io""]",1,,
soccer|boston river|defensor sporting|2026-06-02,totals|over|1.75|,totals,Over,1.75,,1.37,1.37,"[""Betfair Exchange""]","[""odds_api_io""]",1,,
soccer|boston river|defensor sporting|2026-06-02,totals|under|1.75|,totals,Under,1.75,,3.3,3.3,"[""Betfair Exchange""]","[""odds_api_io""]",1,,
soccer|boston river|defensor sporting|2026-06-02,totals|over|1.00|,totals,Over,1.0,,1.08,1.08,"[""Betfair Exchange""]","[""odds_api_io""]",1,,
soccer|boston river|defensor sporting|2026-06-02,totals|under|1.00|,totals,Under,1.0,,10.47,10.47,"[""Betfair Exchange""]","[""odds_api_io""]",1,,
soccer|boston river|defensor sporting|2026-06-02,totals|over|0.75|,totals,Over,0.75,,1.07,1.07,"[""Betfair Exchange""]","[""odds_api_io""]",1,,
soccer|boston river|defensor sporting|2026-06-02,totals|under|0.75|,totals,Under,0.75,,11.43,11.43,"[""Betfair Exchange""]","[""odds_api_io""]",1,,
soccer|boston river|defensor sporting|2026-06-02,totals|over|3.00|,totals,Over,3.0,,2.65,2.65,"[""Betfair Exchange""]","[""odds_api_io""]",1,,
soccer|boston river|defensor sporting|2026-06-02,totals|under|3.00|,totals,Under,3.0,,1.54,1.54,"[""Betfair Exchange""]","[""odds_api_io""]",1,,
soccer|boston river|defensor sporting|2026-06-02,totals|over|5.75|,totals,Over,5.75,,24.08,24.08,"[""Betfair Exchange""]","[""odds_api_io""]",1,,
soccer|boston river|defensor sporting|2026-06-02,totals|under|5.75|,totals,Under,5.75,,1.01,1.01,"[""Betfair Exchange""]","[""odds_api_io""]",1,,
soccer|boston river|defensor sporting|2026-06-02,totals|over|5.25|,totals,Over,5.25,,16.28,16.28,"[""Betfair Exchange""]","[""odds_api_io""]",1,,
soccer|boston river|defensor sporting|2026-06-02,totals|under|5.25|,totals,Under,5.25,,1.05,1.05,"[""Betfair Exchange""]","[""odds_api_io""]",1,,
soccer|boston river|defensor sporting|2026-06-02,totals|over|3.75|,totals,Over,3.75,,4.23,4.23,"[""Betfair Exchange""]","[""odds_api_io""]",1,,
soccer|boston river|defensor sporting|2026-06-02,totals|under|3.75|,totals,Under,3.75,,1.28,1.28,"[""Betfair Exchange""]","[""odds_api_io""]",1,,
soccer|boston river|defensor sporting|2026-06-02,totals|over|5.00|,totals,Over,5.0,,15.57,15.57,"[""Betfair Exchange""]","[""odds_api_io""]",1,,
soccer|boston river|defensor sporting|2026-06-02,totals|under|5.00|,totals,Under,5.0,,1.05,1.05,"[""Betfair Exchange""]","[""odds_api_io""]",1,,
soccer|boston river|defensor sporting|2026-06-02,totals|over|6.00|,totals,Over,6.0,,42.41,42.41,"[""Betfair Exchange""]","[""odds_api_io""]",1,,
soccer|boston river|defensor sporting|2026-06-02,totals|under|6.00|,totals,Under,6.0,,1.01,1.01,"[""Betfair Exchange""]","[""odds_api_io""]",1,,
soccer|boston river|defensor sporting|2026-06-02,totals|over|5.50|,totals,Over,5.5,,17.0,17.0,"[""Betfair Exchange""]","[""odds_api_io""]",1,,
soccer|boston river|defensor sporting|2026-06-02,totals|under|5.50|,totals,Under,5.5,,1.05,1.05,"[""Betfair Exchange""]","[""odds_api_io""]",1,,
soccer|boston river|defensor sporting|2026-06-02,totals|over|6.25|,totals,Over,6.25,,43.2,43.2,"[""Betfair Exchange""]","[""odds_api_io""]",1,,
soccer|boston river|defensor sporting|2026-06-02,totals|under|6.25|,totals,Under,6.25,,1.01,1.01,"[""Betfair Exchange""]","[""odds_api_io""]",1,,
soccer|boston river|defensor sporting|2026-06-02,totals|over|6.50|,totals,Over,6.5,,44.0,44.0,"[""Betfair Exchange""]","[""odds_api_io""]",1,,
soccer|boston river|defensor sporting|2026-06-02,totals|under|6.50|,totals,Under,6.5,,1.01,1.01,"[""Betfair Exchange""]","[""odds_api_io""]",1,,
soccer|boston river|defensor sporting|2026-06-02,btts|yes||,btts,Yes,,,1.73,1.73,"[""Betfair Exchange""]","[""odds_api_io""]",1,,
soccer|boston river|defensor sporting|2026-06-02,btts|no||,btts,No,,,2.18,2.18,"[""Betfair Exchange""]","[""odds_api_io""]",1,,
soccer|central espanol reserves|oriental|2026-06-02,h2h|central espanol reserve||home,h2h,Central Espanol Reserve,,home,2.58,2.4751,"[""Bet365"", ""Betfair Exchange""]","[""odds_api_io""]",2,3.346,
soccer|central espanol reserves|oriental|2026-06-02,h2h|draw||,h2h,Draw,,,3.4,3.4,"[""Bet365"", ""Betfair Exchange""]","[""odds_api_io""]",2,,
soccer|central espanol reserves|oriental|2026-06-02,h2h|club oriental de football||away,h2h,Club Oriental de Football,,away,2.8,2.75,"[""Bet365"", ""Betfair Exchange""]","[""odds_api_io""]",2,1.323,
soccer|central espanol reserves|oriental|2026-06-02,dnb|central espanol reserve|0.00|home,dnb,Central Espanol Reserve,0.0,home,1.86,1.8301,"[""Bet365"", ""Betfair Exchange""]","[""odds_api_io""]",2,1.792,
soccer|central espanol reserves|oriental|2026-06-02,dnb|club oriental de football|0.00|away,dnb,Club Oriental de Football,0.0,away,2.02,1.9639,"[""Bet365"", ""Betfair Exchange""]","[""odds_api_io""]",2,2.878,
soccer|central espanol reserves|oriental|2026-06-02,spreads|central espanol reserve|0.00|home,spreads,Central Espanol Reserve,0.0,home,1.86,1.7851,"[""Bet365"", ""Betfair Exchange""]","[""odds_api_io""]",3,5.06,
soccer|central espanol reserves|oriental|2026-06-02,totals|over|2.50|,totals,Over,2.5,,2.01,1.9951,"[""Bet365"", ""Betfair Exchange""]","[""odds_api_io""]",3,0.882,
soccer|central espanol reserves|oriental|2026-06-02,totals|under|2.50|,totals,Under,2.5,,1.96,1.8602,"[""Bet365"", ""Betfair Exchange""]","[""odds_api_io""]",3,4.535,
soccer|central espanol reserves|oriental|2026-06-02,spreads|central espanol reserve|-0.75|home,spreads,Central Espanol Reserve,-0.75,home,2.675,2.6258,"[""Bet365"", ""Betfair Exchange""]","[""odds_api_io""]",2,1.377,
soccer|central espanol reserves|oriental|2026-06-02,spreads|club oriental de football|0.75|away,spreads,Club Oriental de Football,0.75,away,3.45,1.8836,"[""Bet365"", ""Betfair Exchange""]","[""odds_api_io""]",2,47.35,
soccer|central espanol reserves|oriental|2026-06-02,spreads|central espanol reserve|0.25|home,spreads,Central Espanol Reserve,0.25,home,1.63,1.5767,"[""Bet365"", ""Betfair Exchange""]","[""odds_api_io""]",2,4.224,
soccer|central espanol reserves|oriental|2026-06-02,spreads|club oriental de football|-0.25|away,spreads,Club Oriental de Football,-0.25,away,2.425,2.4173,"[""Bet365"", ""Betfair Exchange""]","[""odds_api_io""]",2,0.257,
soccer|central espanol reserves|oriental|2026-06-02,spreads|central espanol reserve|0.75|home,spreads,Central Espanol Reserve,0.75,home,1.3,1.2846,"[""Bet365"", ""Betfair Exchange""]","[""odds_api_io""]",2,1.817,
soccer|central espanol reserves|oriental|2026-06-02,spreads|club oriental de football|-0.75|away,spreads,Club Oriental de Football,-0.75,away,2.8,1.9217,"[""Bet365"", ""Betfair Exchange""]","[""odds_api_io""]",2,33.251,
soccer|central espanol reserves|oriental|2026-06-02,spreads|central espanol reserve|-1.75|home,spreads,Central Espanol Reserve,-1.75,home,5.5,3.4894,"[""Bet365"", ""Betfair Exchange""]","[""odds_api_io""]",2,20.578,
soccer|central espanol reserves|oriental|2026-06-02,spreads|club oriental de football|1.75|away,spreads,Club Oriental de Football,1.75,away,1.15,1.0799,"[""Bet365"", ""Betfair Exchange""]","[""odds_api_io""]",2,11.083,
soccer|central espanol reserves|oriental|2026-06-02,spreads|central espanol reserve|-1.50|home,spreads,Central Espanol Reserve,-1.5,home,4.15,3.1684,"[""Bet365"", ""Betfair Exchange""]","[""odds_api_io""]",2,14.663,
soccer|central espanol reserves|oriental|2026-06-02,spreads|club oriental de football|1.50|away,spreads,Club Oriental de Football,1.5,away,5.75,1.7252,"[""Bet365"", ""Betfair Exchange""]","[""odds_api_io""]",2,79.696,
soccer|central espanol reserves|oriental|2026-06-02,spreads|central espanol reserve|-1.25|home,spreads,Central Espanol Reserve,-1.25,home,3.7,3.0303,"[""Bet365"", ""Betfair Exchange""]","[""odds_api_io""]",2,11.733,
soccer|central espanol reserves|oriental|2026-06-02,spreads|club oriental de football|1.25|away,spreads,Club Oriental de Football,1.25,away,5.25,1.7013,"[""Bet365"", ""Betfair Exchange""]","[""odds_api_io""]",2,78.04,
soccer|central espanol reserves|oriental|2026-06-02,spreads|central espanol reserve|-1.00|home,spreads,Central Espanol Reserve,-1.0,home,3.45,2.9445,"[""Bet365"", ""Betfair Exchange""]","[""odds_api_io""]",2,9.774,
soccer|central espanol reserves|oriental|2026-06-02,spreads|club oriental de football|1.00|away,spreads,Club Oriental de Football,1.0,away,4.65,1.6415,"[""Bet365"", ""Betfair Exchange""]","[""odds_api_io""]",3,74.648,
soccer|central espanol reserves|oriental|2026-06-02,spreads|central espanol reserve|-0.50|home,spreads,Central Espanol Reserve,-0.5,home,2.58,2.4067,"[""Bet365"", ""Betfair Exchange""]","[""odds_api_io""]",2,5.685,
soccer|central espanol reserves|oriental|2026-06-02,spreads|club oriental de football|0.50|away,spreads,Club Oriental de Football,0.5,away,2.85,2.0141,"[""Bet365"", ""Betfair Exchange""]","[""odds_api_io""]",2,28.607,
soccer|central espanol reserves|oriental|2026-06-02,spreads|club oriental de football|-0.00|away,spreads,Club Oriental de Football,-0.0,away,2.1,2.0389,"[""Bet365"", ""Betfair Exchange""]","[""odds_api_io""]",3,2.381,
soccer|central espanol reserves|oriental|2026-06-02,spreads|central espanol reserve|0.50|home,spreads,Central Espanol Reserve,0.5,home,1.5,1.4492,"[""Bet365"", ""Betfair Exchange""]","[""odds_api_io""]",2,4.762,
soccer|central espanol reserves|oriental|2026-06-02,spreads|club oriental de football|-0.50|away,spreads,Club Oriental de Football,-0.5,away,2.8,2.0665,"[""Bet365"", ""Betfair Exchange""]","[""odds_api_io""]",2,25.824,
soccer|central espanol reserves|oriental|2026-06-02,spreads|central espanol reserve|1.00|home,spreads,Central Espanol Reserve,1.0,home,1.5,1.2122,"[""Bet365"", ""Betfair Exchange""]","[""odds_api_io""]",3,29.487,
soccer|central espanol reserves|oriental|2026-06-02,spreads|club oriental de football|-1.00|away,spreads,Club Oriental de Football,-1.0,away,2.8,1.7875,"[""Bet365"", ""Betfair Exchange""]","[""odds_api_io""]",2,41.209,
soccer|central espanol reserves|oriental|2026-06-02,spreads|central espanol reserve|1.25|home,spreads,Central Espanol Reserve,1.25,home,1.16,1.09,"[""Bet365"", ""Betfair Exchange""]","[""odds_api_io""]",2,10.88,
soccer|central espanol reserves|oriental|2026-06-02,spreads|club oriental de football|-1.25|away,spreads,Club Oriental de Football,-1.25,away,2.8,1.75,"[""Bet365"", ""Betfair Exchange""]","[""odds_api_io""]",2,43.651,
soccer|central espanol reserves|oriental|2026-06-02,spreads|central espanol reserve|1.50|home,spreads,Central Espanol Reserve,1.5,home,1.14,1.0812,"[""Bet365"", ""Betfair Exchange""]","[""odds_api_io""]",2,9.368,
soccer|central espanol reserves|oriental|2026-06-02,spreads|club oriental de football|-1.50|away,spreads,Club Oriental de Football,-1.5,away,2.8,1.7117,"[""Bet365"", ""Betfair Exchange""]","[""odds_api_io""]",2,46.253,
soccer|central espanol reserves|oriental|2026-06-02,doubleChance|1x||,doubleChance,1X,,,1.5,1.5,"[""Betfair Exchange""]","[""odds_api_io""]",1,,
soccer|central espanol reserves|oriental|2026-06-02,doubleChance|12||,doubleChance,12,,,1.36,1.36,"[""Betfair Exchange""]","[""odds_api_io""]",1,,
soccer|central espanol reserves|oriental|2026-06-02,doubleChance|x2||,doubleChance,X2,,,1.57,1.57,"[""Betfair Exchange""]","[""odds_api_io""]",1,,
soccer|central espanol reserves|oriental|2026-06-02,spreads|central espanol reserve|-2.75|home,spreads,Central Espanol Reserve,-2.75,home,2.58,2.58,"[""Betfair Exchange""]","[""odds_api_io""]",1,,
soccer|central espanol reserves|oriental|2026-06-02,spreads|club oriental de football|2.75|away,spreads,Club Oriental de Football,2.75,away,1.01,1.01,"[""Betfair Exchange""]","[""odds_api_io""]",1,,
soccer|central espanol reserves|oriental|2026-06-02,spreads|central espanol reserve|2.75|home,spreads,Central Espanol Reserve,2.75,home,1.01,1.01,"[""Betfair Exchange""]","[""odds_api_io""]",1,,
soccer|central espanol reserves|oriental|2026-06-02,spreads|club oriental de football|-2.75|away,spreads,Club Oriental de Football,-2.75,away,2.79,2.79,"[""Betfair Exchange""]","[""odds_api_io""]",1,,
soccer|central espanol reserves|oriental|2026-06-02,spreads|central espanol reserve|2.25|home,spreads,Central Espanol Reserve,2.25,home,1.02,1.02,"[""Betfair Exchange""]","[""odds_api_io""]",1,,
soccer|central espanol reserves|oriental|2026-06-02,spreads|club oriental de football|-2.25|away,spreads,Club Oriental de Football,-2.25,away,2.8,2.8,"[""Betfair Exchange""]","[""odds_api_io""]",1,,
soccer|central espanol reserves|oriental|2026-06-02,spreads|central espanol reserve|-2.50|home,spreads,Central Espanol Reserve,-2.5,home,2.58,2.58,"[""Betfair Exchange""]","[""odds_api_io""]",1,,
soccer|central espanol reserves|oriental|2026-06-02,spreads|club oriental de football|2.50|away,spreads,Club Oriental de Football,2.5,away,1.02,1.02,"[""Betfair Exchange""]","[""odds_api_io""]",1,,
soccer|central espanol reserves|oriental|2026-06-02,spreads|central espanol reserve|-2.00|home,spreads,Central Espanol Reserve,-2.0,home,2.58,2.58,"[""Betfair Exchange""]","[""odds_api_io""]",1,,
soccer|central espanol reserves|oriental|2026-06-02,spreads|club oriental de football|2.00|away,spreads,Club Oriental de Football,2.0,away,1.03,1.025,"[""Betfair Exchange""]","[""odds_api_io""]",2,0.952,
soccer|central espanol reserves|oriental|2026-06-02,spreads|central espanol reserve|2.50|home,spreads,Central Espanol Reserve,2.5,home,1.02,1.02,"[""Betfair Exchange""]","[""odds_api_io""]",1,,
soccer|central espanol reserves|oriental|2026-06-02,spreads|club oriental de football|-2.50|away,spreads,Club Oriental de Football,-2.5,away,2.8,2.8,"[""Betfair Exchange""]","[""odds_api_io""]",1,,
soccer|central espanol reserves|oriental|2026-06-02,spreads|central espanol reserve|-2.25|home,spreads,Central Espanol Reserve,-2.25,home,2.58,2.58,"[""Betfair Exchange""]","[""odds_api_io""]",1,,
soccer|central espanol reserves|oriental|2026-06-02,spreads|club oriental de football|2.25|away,spreads,Club Oriental de Football,2.25,away,1.02,1.02,"[""Betfair Exchange""]","[""odds_api_io""]",1,,
soccer|central espanol reserves|oriental|2026-06-02,spreads|central espanol reserve|2.00|home,spreads,Central Espanol Reserve,2.0,home,1.03,1.025,"[""Betfair Exchange""]","[""odds_api_io""]",2,0.952,
soccer|central espanol reserves|oriental|2026-06-02,spreads|club oriental de football|-2.00|away,spreads,Club Oriental de Football,-2.0,away,2.8,2.8,"[""Betfair Exchange""]","[""odds_api_io""]",1,,
soccer|central espanol reserves|oriental|2026-06-02,spreads|central espanol reserve|-0.25|home,spreads,Central Espanol Reserve,-0.25,home,2.22,2.22,"[""Betfair Exchange""]","[""odds_api_io""]",1,,
soccer|central espanol reserves|oriental|2026-06-02,spreads|club oriental de football|0.25|away,spreads,Club Oriental de Football,0.25,away,1.73,1.73,"[""Betfair Exchange""]","[""odds_api_io""]",1,,
soccer|central espanol reserves|oriental|2026-06-02,spreads|central espanol reserve|1.75|home,spreads,Central Espanol Reserve,1.75,home,1.02,1.02,"[""Betfair Exchange""]","[""odds_api_io""]",1,,
soccer|central espanol reserves|oriental|2026-06-02,spreads|club oriental de football|-1.75|away,spreads,Club Oriental de Football,-1.75,away,2.8,2.8,"[""Betfair Exchange""]","[""odds_api_io""]",1,,
soccer|central espanol reserves|oriental|2026-06-02,totals|over|0.75|,totals,Over,0.75,,1.07,1.07,"[""Betfair Exchange""]","[""odds_api_io""]",1,,
soccer|central espanol reserves|oriental|2026-06-02,totals|under|0.75|,totals,Under,0.75,,3.95,3.95,"[""Betfair Exchange""]","[""odds_api_io""]",1,,
soccer|central espanol reserves|oriental|2026-06-02,totals|over|5.75|,totals,Over,5.75,,1.01,1.01,"[""Betfair Exchange""]","[""odds_api_io""]",1,,
soccer|central espanol reserves|oriental|2026-06-02,totals|under|5.75|,totals,Under,5.75,,1.01,1.01,"[""Betfair Exchange""]","[""odds_api_io""]",1,,
soccer|central espanol reserves|oriental|2026-06-02,totals|over|1.50|,totals,Over,1.5,,1.33,1.33,"[""Betfair Exchange""]","[""odds_api_io""]",1,,
soccer|central espanol reserves|oriental|2026-06-02,totals|under|1.50|,totals,Under,1.5,,3.95,3.95,"[""Betfair Exchange""]","[""odds_api_io""]",1,,
soccer|central espanol reserves|oriental|2026-06-02,totals|over|6.25|,totals,Over,6.25,,25.76,25.76,"[""Betfair Exchange""]","[""odds_api_io""]",1,,
soccer|central espanol reserves|oriental|2026-06-02,totals|under|6.25|,totals,Under,6.25,,1.01,1.01,"[""Betfair Exchange""]","[""odds_api_io""]",1,,
soccer|central espanol reserves|oriental|2026-06-02,totals|over|6.75|,totals,Over,6.75,,55.21,55.21,"[""Betfair Exchange""]","[""odds_api_io""]",1,,
soccer|central espanol reserves|oriental|2026-06-02,totals|under|6.75|,totals,Under,6.75,,1.01,1.01,"[""Betfair Exchange""]","[""odds_api_io""]",1,,
soccer|central espanol reserves|oriental|2026-06-02,totals|over|5.25|,totals,Over,5.25,,17.03,17.03,"[""Betfair Exchange""]","[""odds_api_io""]",1,,
soccer|central espanol reserves|oriental|2026-06-02,totals|under|5.25|,totals,Under,5.25,,1.02,1.02,"[""Betfair Exchange""]","[""odds_api_io""]",1,,
soccer|central espanol reserves|oriental|2026-06-02,totals|over|1.25|,totals,Over,1.25,,1.2,1.2,"[""Betfair Exchange""]","[""odds_api_io""]",1,,
soccer|central espanol reserves|oriental|2026-06-02,totals|under|1.25|,totals,Under,1.25,,3.95,3.95,"[""Betfair Exchange""]","[""odds_api_io""]",1,,
soccer|central espanol reserves|oriental|2026-06-02,totals|over|7.00|,totals,Over,7.0,,146.63,146.63,"[""Betfair Exchange""]","[""odds_api_io""]",1,,
soccer|central espanol reserves|oriental|2026-06-02,totals|under|7.00|,totals,Under,7.0,,1.01,1.01,"[""Betfair Exchange""]","[""odds_api_io""]",1,,
soccer|central espanol reserves|oriental|2026-06-02,totals|over|6.00|,totals,Over,6.0,,25.52,25.52,"[""Betfair Exchange""]","[""odds_api_io""]",1,,
soccer|central espanol reserves|oriental|2026-06-02,totals|under|6.00|,totals,Under,6.0,,1.01,1.01,"[""Betfair Exchange""]","[""odds_api_io""]",1,,
soccer|central espanol reserves|oriental|2026-06-02,totals|over|7.50|,totals,Over,7.5,,150.0,150.0,"[""Betfair Exchange""]","[""odds_api_io""]",1,,
soccer|central espanol reserves|oriental|2026-06-02,totals|under|7.50|,totals,Under,7.5,,1.01,1.01,"[""Betfair Exchange""]","[""odds_api_io""]",1,,
soccer|central espanol reserves|oriental|2026-06-02,totals|over|4.00|,totals,Over,4.0,,6.66,6.66,"[""Betfair Exchange""]","[""odds_api_io""]",1,,
soccer|central espanol reserves|oriental|2026-06-02,totals|under|4.00|,totals,Under,4.0,,1.12,1.12,"[""Betfair Exchange""]","[""odds_api_io""]",1,,
soccer|central espanol reserves|oriental|2026-06-02,totals|over|3.25|,totals,Over,3.25,,3.24,3.24,"[""Betfair Exchange""]","[""odds_api_io""]",1,,
soccer|central espanol reserves|oriental|2026-06-02,totals|under|3.25|,totals,Under,3.25,,1.33,1.33,"[""Betfair Exchange""]","[""odds_api_io""]",1,,
soccer|central espanol reserves|oriental|2026-06-02,totals|over|2.00|,totals,Over,2.0,,1.01,1.01,"[""Betfair Exchange""]","[""odds_api_io""]",1,,
soccer|central espanol reserves|oriental|2026-06-02,totals|under|2.00|,totals,Under,2.0,,1.96,1.96,"[""Betfair Exchange""]","[""odds_api_io""]",1,,
soccer|central espanol reserves|oriental|2026-06-02,totals|over|4.50|,totals,Over,4.5,,7.8,7.8,"[""Betfair Exchange""]","[""odds_api_io""]",1,,
soccer|central espanol reserves|oriental|2026-06-02,totals|under|4.50|,totals,Under,4.5,,1.12,1.12,"[""Betfair Exchange""]","[""odds_api_io""]",1,,
soccer|central espanol reserves|oriental|2026-06-02,totals|over|4.75|,totals,Over,4.75,,10.43,10.43,"[""Betfair Exchange""]","[""odds_api_io""]",1,,
soccer|central espanol reserves|oriental|2026-06-02,totals|under|4.75|,totals,Under,4.75,,1.02,1.02,"[""Betfair Exchange""]","[""odds_api_io""]",1,,
soccer|central espanol reserves|oriental|2026-06-02,totals|over|1.75|,totals,Over,1.75,,1.39,1.39,"[""Betfair Exchange""]","[""odds_api_io""]",1,,
soccer|central espanol reserves|oriental|2026-06-02,totals|under|1.75|,totals,Under,1.75,,1.96,1.96,"[""Betfair Exchange""]","[""odds_api_io""]",1,,
soccer|central espanol reserves|oriental|2026-06-02,totals|over|5.50|,totals,Over,5.5,,17.66,17.66,"[""Betfair Exchange""]","[""odds_api_io""]",1,,
soccer|central espanol reserves|oriental|2026-06-02,totals|under|5.50|,totals,Under,5.5,,1.03,1.03,"[""Betfair Exchange""]","[""odds_api_io""]",1,,
soccer|central espanol reserves|oriental|2026-06-02,totals|over|3.00|,totals,Over,3.0,,2.83,2.83,"[""Betfair Exchange""]","[""odds_api_io""]",1,,
soccer|central espanol reserves|oriental|2026-06-02,totals|under|3.00|,totals,Under,3.0,,1.33,1.33,"[""Betfair Exchange""]","[""odds_api_io""]",1,,
soccer|central espanol reserves|oriental|2026-06-02,totals|over|1.00|,totals,Over,1.0,,1.08,1.08,"[""Betfair Exchange""]","[""odds_api_io""]",1,,
soccer|central espanol reserves|oriental|2026-06-02,totals|under|1.00|,totals,Under,1.0,,3.95,3.95,"[""Betfair Exchange""]","[""odds_api_io""]",1,,
soccer|central espanol reserves|oriental|2026-06-02,totals|over|4.25|,totals,Over,4.25,,7.23,7.23,"[""Betfair Exchange""]","[""odds_api_io""]",1,,
soccer|central espanol reserves|oriental|2026-06-02,totals|under|4.25|,totals,Under,4.25,,1.12,1.12,"[""Betfair Exchange""]","[""odds_api_io""]",1,,
soccer|central espanol reserves|oriental|2026-06-02,totals|over|3.75|,totals,Over,3.75,,4.61,4.61,"[""Betfair Exchange""]","[""odds_api_io""]",1,,
soccer|central espanol reserves|oriental|2026-06-02,totals|under|3.75|,totals,Under,3.75,,1.12,1.12,"[""Betfair Exchange""]","[""odds_api_io""]",1,,
soccer|central espanol reserves|oriental|2026-06-02,totals|over|0.50|,totals,Over,0.5,,1.07,1.07,"[""Betfair Exchange""]","[""odds_api_io""]",1,,
soccer|central espanol reserves|oriental|2026-06-02,totals|under|0.50|,totals,Under,0.5,,11.5,11.5,"[""Betfair Exchange""]","[""odds_api_io""]",1,,
soccer|central espanol reserves|oriental|2026-06-02,totals|over|7.25|,totals,Over,7.25,,148.31,148.31,"[""Betfair Exchange""]","[""odds_api_io""]",1,,
soccer|central espanol reserves|oriental|2026-06-02,totals|under|7.25|,totals,Under,7.25,,1.01,1.01,"[""Betfair Exchange""]","[""odds_api_io""]",1,,
soccer|central espanol reserves|oriental|2026-06-02,totals|over|6.50|,totals,Over,6.5,,26.0,26.0,"[""Betfair Exchange""]","[""odds_api_io""]",1,,
soccer|central espanol reserves|oriental|2026-06-02,totals|under|6.50|,totals,Under,6.5,,1.01,1.01,"[""Betfair Exchange""]","[""odds_api_io""]",1,,
soccer|central espanol reserves|oriental|2026-06-02,totals|over|3.50|,totals,Over,3.5,,3.65,3.65,"[""Betfair Exchange""]","[""odds_api_io""]",1,,
soccer|central espanol reserves|oriental|2026-06-02,totals|under|3.50|,totals,Under,3.5,,1.33,1.33,"[""Betfair Exchange""]","[""odds_api_io""]",1,,
soccer|central espanol reserves|oriental|2026-06-02,totals|over|2.25|,totals,Over,2.25,,1.75,1.75,"[""Betfair Exchange""]","[""odds_api_io""]",1,,
soccer|central espanol reserves|oriental|2026-06-02,totals|under|2.25|,totals,Under,2.25,,1.96,1.96,"[""Betfair Exchange""]","[""odds_api_io""]",1,,
soccer|central espanol reserves|oriental|2026-06-02,totals|over|5.00|,totals,Over,5.0,,16.26,16.26,"[""Betfair Exchange""]","[""odds_api_io""]",1,,
soccer|central espanol reserves|oriental|2026-06-02,totals|under|5.00|,totals,Under,5.0,,1.03,1.03,"[""Betfair Exchange""]","[""odds_api_io""]",1,,
soccer|central espanol reserves|oriental|2026-06-02,totals|over|2.75|,totals,Over,2.75,,2.3,2.3,"[""Betfair Exchange""]","[""odds_api_io""]",1,,
soccer|central espanol reserves|oriental|2026-06-02,totals|under|2.75|,totals,Under,2.75,,1.32,1.32,"[""Betfair Exchange""]","[""odds_api_io""]",1,,
soccer|central espanol reserves|oriental|2026-06-02,btts|yes||,btts,Yes,,,1.12,1.12,"[""Betfair Exchange""]","[""odds_api_io""]",1,,
soccer|central espanol reserves|oriental|2026-06-02,btts|no||,btts,No,,,1.12,1.12,"[""Betfair Exchange""]","[""odds_api_io""]",1,,
soccer|central espanol reserves|oriental|2026-06-02,spreads|central espanol reserve|-3.00|home,spreads,Central Espanol Reserve,-3.0,home,2.58,2.58,"[""Betfair Exchange""]","[""odds_api_io""]",1,,
soccer|central espanol reserves|oriental|2026-06-02,spreads|club oriental de football|3.00|away,spreads,Club Oriental de Football,3.0,away,1.02,1.02,"[""Betfair Exchange""]","[""odds_api_io""]",1,,
soccer|central espanol reserves|oriental|2026-06-02,spreads|central espanol reserve|3.00|home,spreads,Central Espanol Reserve,3.0,home,1.02,1.02,"[""Betfair Exchange""]","[""odds_api_io""]",1,,
soccer|central espanol reserves|oriental|2026-06-02,spreads|club oriental de football|-3.00|away,spreads,Club Oriental de Football,-3.0,away,2.8,2.8,"[""Betfair Exchange""]","[""odds_api_io""]",1,,
soccer|penarol montevideo|torque|2026-06-02,h2h|penarol montevideo||home,h2h,Penarol Montevideo,,home,2.1,2.1,"[""Bet365""]","[""odds_api_io""]",1,,
soccer|penarol montevideo|torque|2026-06-02,h2h|draw||,h2h,Draw,,,3.2,3.2,"[""Bet365""]","[""odds_api_io""]",1,,
soccer|penarol montevideo|torque|2026-06-02,h2h|torque||away,h2h,Torque,,away,3.4,3.4,"[""Bet365""]","[""odds_api_io""]",1,,
soccer|penarol montevideo|torque|2026-06-02,dnb|penarol montevideo|0.00|home,dnb,Penarol Montevideo,0.0,home,1.533,1.533,"[""Bet365""]","[""odds_api_io""]",1,,
soccer|penarol montevideo|torque|2026-06-02,dnb|torque|0.00|away,dnb,Torque,0.0,away,2.375,2.375,"[""Bet365""]","[""odds_api_io""]",1,,
soccer|penarol montevideo|torque|2026-06-02,spreads|penarol montevideo|-0.25|home,spreads,Penarol Montevideo,-0.25,home,1.8,1.8,"[""Bet365""]","[""odds_api_io""]",1,,
soccer|penarol montevideo|torque|2026-06-02,spreads|torque|0.25|away,spreads,Torque,0.25,away,2.0,2.0,"[""Bet365""]","[""odds_api_io""]",1,,
soccer|penarol montevideo|torque|2026-06-02,totals|over|2.25|,totals,Over,2.25,,1.925,1.925,"[""Bet365""]","[""odds_api_io""]",1,,
soccer|penarol montevideo|torque|2026-06-02,totals|under|2.25|,totals,Under,2.25,,1.875,1.875,"[""Bet365""]","[""odds_api_io""]",1,,
soccer|penarol montevideo|torque|2026-06-02,totals|over|2.50|,totals,Over,2.5,,2.15,2.15,"[""Bet365""]","[""odds_api_io""]",1,,
soccer|penarol montevideo|torque|2026-06-02,totals|under|2.50|,totals,Under,2.5,,1.666,1.666,"[""Bet365""]","[""odds_api_io""]",1,,
soccer|penarol montevideo|torque|2026-06-02,spreads|penarol montevideo|-2.00|home,spreads,Penarol Montevideo,-2.0,home,7.0,7.0,"[""Bet365""]","[""odds_api_io""]",1,,
soccer|penarol montevideo|torque|2026-06-02,spreads|torque|2.00|away,spreads,Torque,2.0,away,1.1,1.1,"[""Bet365""]","[""odds_api_io""]",1,,
soccer|penarol montevideo|torque|2026-06-02,spreads|penarol montevideo|-1.75|home,spreads,Penarol Montevideo,-1.75,home,4.8,4.8,"[""Bet365""]","[""odds_api_io""]",1,,
soccer|penarol montevideo|torque|2026-06-02,spreads|torque|1.75|away,spreads,Torque,1.75,away,1.175,1.175,"[""Bet365""]","[""odds_api_io""]",1,,
soccer|penarol montevideo|torque|2026-06-02,spreads|penarol montevideo|-1.50|home,spreads,Penarol Montevideo,-1.5,home,3.8,3.8,"[""Bet365""]","[""odds_api_io""]",1,,
soccer|penarol montevideo|torque|2026-06-02,spreads|torque|1.50|away,spreads,Torque,1.5,away,1.25,1.25,"[""Bet365""]","[""odds_api_io""]",1,,
soccer|penarol montevideo|torque|2026-06-02,spreads|penarol montevideo|-1.25|home,spreads,Penarol Montevideo,-1.25,home,3.45,3.45,"[""Bet365""]","[""odds_api_io""]",1,,
soccer|penarol montevideo|torque|2026-06-02,spreads|torque|1.25|away,spreads,Torque,1.25,away,6.8,6.8,"[""Bet365""]","[""odds_api_io""]",1,,
soccer|penarol montevideo|torque|2026-06-02,spreads|penarol montevideo|-1.00|home,spreads,Penarol Montevideo,-1.0,home,3.1,3.1,"[""Bet365""]","[""odds_api_io""]",1,,
soccer|penarol montevideo|torque|2026-06-02,spreads|torque|1.00|away,spreads,Torque,1.0,away,6.25,6.25,"[""Bet365""]","[""odds_api_io""]",1,,
soccer|penarol montevideo|torque|2026-06-02,spreads|penarol montevideo|-0.75|home,spreads,Penarol Montevideo,-0.75,home,2.375,2.375,"[""Bet365""]","[""odds_api_io""]",1,,
soccer|penarol montevideo|torque|2026-06-02,spreads|torque|0.75|away,spreads,Torque,0.75,away,4.25,4.25,"[""Bet365""]","[""odds_api_io""]",1,,
soccer|penarol montevideo|torque|2026-06-02,spreads|penarol montevideo|-0.50|home,spreads,Penarol Montevideo,-0.5,home,2.075,2.075,"[""Bet365""]","[""odds_api_io""]",1,,
soccer|penarol montevideo|torque|2026-06-02,spreads|torque|0.50|away,spreads,Torque,0.5,away,3.45,3.45,"[""Bet365""]","[""odds_api_io""]",1,,
soccer|penarol montevideo|torque|2026-06-02,spreads|penarol montevideo|0.00|home,spreads,Penarol Montevideo,0.0,home,1.5,1.5,"[""Bet365""]","[""odds_api_io""]",1,,
soccer|penarol montevideo|torque|2026-06-02,spreads|torque|-0.00|away,spreads,Torque,-0.0,away,2.5,2.5,"[""Bet365""]","[""odds_api_io""]",1,,
soccer|penarol montevideo|torque|2026-06-02,spreads|penarol montevideo|0.25|home,spreads,Penarol Montevideo,0.25,home,1.375,1.375,"[""Bet365""]","[""odds_api_io""]",1,,
soccer|penarol montevideo|torque|2026-06-02,spreads|torque|-0.25|away,spreads,Torque,-0.25,away,3.0,3.0,"[""Bet365""]","[""odds_api_io""]",1,,
soccer|penarol montevideo|torque|2026-06-02,spreads|penarol montevideo|0.50|home,spreads,Penarol Montevideo,0.5,home,1.3,1.3,"[""Bet365""]","[""odds_api_io""]",1,,
soccer|penarol montevideo|torque|2026-06-02,spreads|torque|-0.50|away,spreads,Torque,-0.5,away,1.725,1.725,"[""Bet365""]","[""odds_api_io""]",1,,
soccer|penarol montevideo|torque|2026-06-02,spreads|penarol montevideo|0.75|home,spreads,Penarol Montevideo,0.75,home,1.21,1.21,"[""Bet365""]","[""odds_api_io""]",1,,
soccer|penarol montevideo|torque|2026-06-02,spreads|torque|-0.75|away,spreads,Torque,-0.75,away,1.55,1.55,"[""Bet365""]","[""odds_api_io""]",1,,
soccer|penarol montevideo|torque|2026-06-02,spreads|penarol montevideo|1.00|home,spreads,Penarol Montevideo,1.0,home,1.12,1.12,"[""Bet365""]","[""odds_api_io""]",1,,
soccer|penarol montevideo|torque|2026-06-02,spreads|torque|-1.00|away,spreads,Torque,-1.0,away,1.35,1.35,"[""Bet365""]","[""odds_api_io""]",1,,
soccer|penarol montevideo|torque|2026-06-02,spreads|penarol montevideo|1.25|home,spreads,Penarol Montevideo,1.25,home,1.105,1.105,"[""Bet365""]","[""odds_api_io""]",1,,
soccer|penarol montevideo|torque|2026-06-02,spreads|torque|-1.25|away,spreads,Torque,-1.25,away,1.3,1.3,"[""Bet365""]","[""odds_api_io""]",1,,
soccer|assyriska ff|enkopings sk|2026-06-02,h2h|assyriska ff||home,h2h,Assyriska FF,,home,2.72,2.6016,"[""Bet365"", ""Betfair Exchange"", ""Sbobet""]","[""odds_api_io""]",3,3.235,
soccer|assyriska ff|enkopings sk|2026-06-02,h2h|draw||,h2h,Draw,,,3.95,3.6926,"[""Bet365"", ""Betfair Exchange"", ""Sbobet""]","[""odds_api_io""]",3,4.009,
soccer|assyriska ff|enkopings sk|2026-06-02,h2h|enkopings sk||away,h2h,Enkopings SK,,away,2.44,2.2809,"[""Bet365"", ""Betfair Exchange"", ""Sbobet""]","[""odds_api_io""]",3,6.186,
soccer|assyriska ff|enkopings sk|2026-06-02,dnb|assyriska ff|0.00|home,dnb,Assyriska FF,0.0,home,2.04,1.9328,"[""Bet365"", ""Betfair Exchange""]","[""odds_api_io""]",2,5.536,
soccer|assyriska ff|enkopings sk|2026-06-02,dnb|enkopings sk|0.00|away,dnb,Enkopings SK,0.0,away,1.833,1.8264,"[""Bet365"", ""Betfair Exchange""]","[""odds_api_io""]",2,0.39,
soccer|assyriska ff|enkopings sk|2026-06-02,spreads|assyriska ff|0.00|home,spreads,Assyriska FF,0.0,home,2.09,1.9978,"[""Bet365"", ""Betfair Exchange"", ""Sbobet""]","[""odds_api_io""]",3,5.486,
soccer|assyriska ff|enkopings sk|2026-06-02,totals|over|3.25|,totals,Over,3.25,,1.98,1.9775,"[""Bet365"", ""Betfair Exchange""]","[""odds_api_io""]",2,0.128,
soccer|assyriska ff|enkopings sk|2026-06-02,totals|under|3.25|,totals,Under,3.25,,1.92,1.8722,"[""Bet365"", ""Betfair Exchange""]","[""odds_api_io""]",2,2.711,
soccer|assyriska ff|enkopings sk|2026-06-02,totals|over|2.50|,totals,Over,2.5,,1.5,1.4949,"[""Bet365"", ""Betfair Exchange""]","[""odds_api_io""]",2,0.447,
soccer|assyriska ff|enkopings sk|2026-06-02,totals|under|2.50|,totals,Under,2.5,,2.86,2.6712,"[""Bet365"", ""Betfair Exchange""]","[""odds_api_io""]",2,5.035,
soccer|assyriska ff|enkopings sk|2026-06-02,btts|yes||,btts,Yes,,,1.53,1.4865,"[""Bet365"", ""Betfair Exchange""]","[""odds_api_io""]",2,3.893,
soccer|assyriska ff|enkopings sk|2026-06-02,btts|no||,btts,No,,,2.78,2.7017,"[""Bet365"", ""Betfair Exchange""]","[""odds_api_io""]",2,2.124,
soccer|assyriska ff|enkopings sk|2026-06-02,spreads|enkopings sk|-1.00|away,spreads,Enkopings SK,-1.0,away,4.1,2.036,"[""Bet365"", ""Betfair Exchange""]","[""odds_api_io""]",4,54.041,
soccer|assyriska ff|enkopings sk|2026-06-02,spreads|assyriska ff|-3.00|home,spreads,Assyriska FF,-3.0,home,21.72,19.1914,"[""Bet365"", ""Betfair Exchange""]","[""odds_api_io""]",3,1.646,
soccer|assyriska ff|enkopings sk|2026-06-02,spreads|enkopings sk|1.00|away,spreads,Enkopings SK,1.0,away,4.333,2.0129,"[""Bet365"", ""Betfair Exchange""]","[""odds_api_io""]",4,58.889,
soccer|assyriska ff|enkopings sk|2026-06-02,teamTotals|over|5.50|,teamTotals,Over,5.5,,21.0,21.0,"[""Bet365""]","[""odds_api_io""]",1,,
soccer|assyriska ff|enkopings sk|2026-06-02,teamTotals|under|5.50|,teamTotals,Under,5.5,,1.002,1.002,"[""Bet365""]","[""odds_api_io""]",1,,
soccer|assyriska ff|enkopings sk|2026-06-02,teamTotals|over|0.50|,teamTotals,Over,0.5,,1.2,1.2,"[""Bet365""]","[""odds_api_io""]",1,,
soccer|assyriska ff|enkopings sk|2026-06-02,teamTotals|under|0.50|,teamTotals,Under,0.5,,4.333,4.333,"[""Bet365""]","[""odds_api_io""]",1,,
soccer|assyriska ff|enkopings sk|2026-06-02,teamTotals|over|1.50|,teamTotals,Over,1.5,,1.833,1.833,"[""Bet365""]","[""odds_api_io""]",1,,
soccer|assyriska ff|enkopings sk|2026-06-02,teamTotals|under|1.50|,teamTotals,Under,1.5,,1.833,1.833,"[""Bet365""]","[""odds_api_io""]",1,,
soccer|assyriska ff|enkopings sk|2026-06-02,teamTotals|over|2.50|,teamTotals,Over,2.5,,3.75,3.75,"[""Bet365""]","[""odds_api_io""]",1,,
soccer|assyriska ff|enkopings sk|2026-06-02,teamTotals|under|2.50|,teamTotals,Under,2.5,,1.25,1.25,"[""Bet365""]","[""odds_api_io""]",1,,
soccer|assyriska ff|enkopings sk|2026-06-02,teamTotals|over|3.50|,teamTotals,Over,3.5,,7.5,7.5,"[""Bet365""]","[""odds_api_io""]",1,,
soccer|assyriska ff|enkopings sk|2026-06-02,teamTotals|under|3.50|,teamTotals,Under,3.5,,1.071,1.071,"[""Bet365""]","[""odds_api_io""]",1,,
soccer|assyriska ff|enkopings sk|2026-06-02,teamTotals|over|4.50|,teamTotals,Over,4.5,,12.0,12.0,"[""Bet365""]","[""odds_api_io""]",1,,
soccer|assyriska ff|enkopings sk|2026-06-02,teamTotals|under|4.50|,teamTotals,Under,4.5,,1.015,1.015,"[""Bet365""]","[""odds_api_io""]",1,,
soccer|assyriska ff|enkopings sk|2026-06-02,spreads|assyriska ff|-1.75|home,spreads,Assyriska FF,-1.75,home,6.19,5.8309,"[""Bet365"", ""Betfair Exchange""]","[""odds_api_io""]",2,2.027,
soccer|assyriska ff|enkopings sk|2026-06-02,spreads|enkopings sk|1.75|away,spreads,Enkopings SK,1.75,away,6.0,1.8644,"[""Bet365"", ""Betfair Exchange""]","[""odds_api_io""]",2,72.619,
soccer|assyriska ff|enkopings sk|2026-06-02,spreads|assyriska ff|1.75|home,spreads,Assyriska FF,1.75,home,1.16,1.1426,"[""Bet365"", ""Betfair Exchange""]","[""odds_api_io""]",2,2.682,
soccer|assyriska ff|enkopings sk|2026-06-02,spreads|enkopings sk|-1.75|away,spreads,Enkopings SK,-1.75,away,5.38,1.9175,"[""Bet365"", ""Betfair Exchange""]","[""odds_api_io""]",2,68.369,
soccer|assyriska ff|enkopings sk|2026-06-02,spreads|assyriska ff|-0.75|home,spreads,Assyriska FF,-0.75,home,3.2,2.9621,"[""Bet365"", ""Betfair Exchange""]","[""odds_api_io""]",2,5.114,
soccer|assyriska ff|enkopings sk|2026-06-02,spreads|enkopings sk|0.75|away,spreads,Enkopings SK,0.75,away,3.0,1.8588,"[""Bet365"", ""Betfair Exchange""]","[""odds_api_io""]",2,40.196,
soccer|assyriska ff|enkopings sk|2026-06-02,spreads|assyriska ff|-0.50|home,spreads,Assyriska FF,-0.5,home,2.72,2.5248,"[""Bet365"", ""Betfair Exchange""]","[""odds_api_io""]",2,5.788,
soccer|assyriska ff|enkopings sk|2026-06-02,spreads|enkopings sk|0.50|away,spreads,Enkopings SK,0.5,away,2.5,1.8744,"[""Bet365"", ""Betfair Exchange""]","[""odds_api_io""]",2,26.225,
soccer|assyriska ff|enkopings sk|2026-06-02,spreads|assyriska ff|0.50|home,spreads,Assyriska FF,0.5,home,1.62,1.5588,"[""Bet365"", ""Betfair Exchange""]","[""odds_api_io""]",2,4.938,
soccer|assyriska ff|enkopings sk|2026-06-02,spreads|enkopings sk|-0.50|away,spreads,Enkopings SK,-0.5,away,2.44,1.9218,"[""Bet365"", ""Betfair Exchange""]","[""odds_api_io""]",2,22.508,
soccer|assyriska ff|enkopings sk|2026-06-02,spreads|assyriska ff|0.75|home,spreads,Assyriska FF,0.75,home,1.46,1.417,"[""Bet365"", ""Betfair Exchange""]","[""odds_api_io""]",2,4.234,
soccer|assyriska ff|enkopings sk|2026-06-02,spreads|enkopings sk|-0.75|away,spreads,Enkopings SK,-0.75,away,2.82,1.9047,"[""Bet365"", ""Betfair Exchange""]","[""odds_api_io""]",2,34.714,
soccer|assyriska ff|enkopings sk|2026-06-02,spreads|assyriska ff|-1.50|home,spreads,Assyriska FF,-1.5,home,4.84,4.5312,"[""Bet365"", ""Betfair Exchange""]","[""odds_api_io""]",2,2.868,
soccer|assyriska ff|enkopings sk|2026-06-02,spreads|enkopings sk|1.50|away,spreads,Enkopings SK,1.5,away,4.5,1.8375,"[""Bet365"", ""Betfair Exchange""]","[""odds_api_io""]",2,63.248,
soccer|assyriska ff|enkopings sk|2026-06-02,spreads|assyriska ff|-1.25|home,spreads,Assyriska FF,-1.25,home,4.46,4.1663,"[""Bet365"", ""Betfair Exchange""]","[""odds_api_io""]",2,3.22,
soccer|assyriska ff|enkopings sk|2026-06-02,spreads|enkopings sk|1.25|away,spreads,Enkopings SK,1.25,away,4.25,1.8406,"[""Bet365"", ""Betfair Exchange""]","[""odds_api_io""]",2,60.504,
soccer|assyriska ff|enkopings sk|2026-06-02,spreads|assyriska ff|-1.00|home,spreads,Assyriska FF,-1.0,home,4.8,4.0815,"[""Bet365"", ""Betfair Exchange""]","[""odds_api_io""]",3,7.336,
soccer|assyriska ff|enkopings sk|2026-06-02,spreads|assyriska ff|-0.25|home,spreads,Assyriska FF,-0.25,home,2.38,2.2338,"[""Bet365"", ""Betfair Exchange""]","[""odds_api_io""]",2,5.602,
soccer|assyriska ff|enkopings sk|2026-06-02,spreads|enkopings sk|0.25|away,spreads,Enkopings SK,0.25,away,2.25,1.885,"[""Bet365"", ""Betfair Exchange""]","[""odds_api_io""]",2,16.905,
soccer|assyriska ff|enkopings sk|2026-06-02,spreads|assyriska ff|0.25|home,spreads,Assyriska FF,0.25,home,1.78,1.7004,"[""Bet365"", ""Betfair Exchange""]","[""odds_api_io""]",2,5.359,
soccer|assyriska ff|enkopings sk|2026-06-02,spreads|enkopings sk|-0.25|away,spreads,Enkopings SK,-0.25,away,2.13,1.8947,"[""Bet365"", ""Betfair Exchange""]","[""odds_api_io""]",2,11.875,
soccer|assyriska ff|enkopings sk|2026-06-02,spreads|assyriska ff|1.00|home,spreads,Assyriska FF,1.0,home,1.62,1.3734,"[""Bet365"", ""Betfair Exchange""]","[""odds_api_io""]",3,18.917,
soccer|assyriska ff|enkopings sk|2026-06-02,spreads|assyriska ff|1.25|home,spreads,Assyriska FF,1.25,home,1.27,1.2398,"[""Bet365"", ""Betfair Exchange""]","[""odds_api_io""]",2,3.904,
soccer|assyriska ff|enkopings sk|2026-06-02,spreads|enkopings sk|-1.25|away,spreads,Enkopings SK,-1.25,away,3.81,1.8885,"[""Bet365"", ""Betfair Exchange""]","[""odds_api_io""]",2,54.398,
soccer|assyriska ff|enkopings sk|2026-06-02,spreads|assyriska ff|1.50|home,spreads,Assyriska FF,1.5,home,1.24,1.2149,"[""Bet365"", ""Betfair Exchange""]","[""odds_api_io""]",2,3.388,
soccer|assyriska ff|enkopings sk|2026-06-02,spreads|enkopings sk|-1.50|away,spreads,Enkopings SK,-1.5,away,4.12,1.8894,"[""Bet365"", ""Betfair Exchange""]","[""odds_api_io""]",2,58.373,
soccer|assyriska ff|enkopings sk|2026-06-02,doubleChance|1x||,doubleChance,1X,,,1.62,1.62,"[""Betfair Exchange""]","[""odds_api_io""]",1,,
soccer|assyriska ff|enkopings sk|2026-06-02,doubleChance|12||,doubleChance,12,,,1.31,1.31,"[""Betfair Exchange""]","[""odds_api_io""]",1,,
soccer|assyriska ff|enkopings sk|2026-06-02,doubleChance|x2||,doubleChance,X2,,,1.51,1.51,"[""Betfair Exchange""]","[""odds_api_io""]",1,,
soccer|assyriska ff|enkopings sk|2026-06-02,spreads|assyriska ff|-2.00|home,spreads,Assyriska FF,-2.0,home,10.0,9.4737,"[""Betfair Exchange""]","[""odds_api_io""]",2,1.111,
soccer|assyriska ff|enkopings sk|2026-06-02,spreads|enkopings sk|2.00|away,spreads,Enkopings SK,2.0,away,1.17,1.1178,"[""Betfair Exchange""]","[""odds_api_io""]",2,7.988,
soccer|assyriska ff|enkopings sk|2026-06-02,spreads|assyriska ff|-2.25|home,spreads,Assyriska FF,-2.25,home,9.54,9.54,"[""Betfair Exchange""]","[""odds_api_io""]",1,,
soccer|assyriska ff|enkopings sk|2026-06-02,spreads|enkopings sk|2.25|away,spreads,Enkopings SK,2.25,away,1.07,1.07,"[""Betfair Exchange""]","[""odds_api_io""]",1,,
soccer|assyriska ff|enkopings sk|2026-06-02,spreads|assyriska ff|-2.75|home,spreads,Assyriska FF,-2.75,home,13.63,13.63,"[""Betfair Exchange""]","[""odds_api_io""]",1,,
soccer|assyriska ff|enkopings sk|2026-06-02,spreads|enkopings sk|2.75|away,spreads,Enkopings SK,2.75,away,1.04,1.04,"[""Betfair Exchange""]","[""odds_api_io""]",1,,
soccer|assyriska ff|enkopings sk|2026-06-02,spreads|assyriska ff|-2.50|home,spreads,Assyriska FF,-2.5,home,10.09,10.09,"[""Betfair Exchange""]","[""odds_api_io""]",1,,
soccer|assyriska ff|enkopings sk|2026-06-02,spreads|enkopings sk|2.50|away,spreads,Enkopings SK,2.5,away,1.06,1.06,"[""Betfair Exchange""]","[""odds_api_io""]",1,,
soccer|assyriska ff|enkopings sk|2026-06-02,spreads|enkopings sk|-0.00|away,spreads,Enkopings SK,-0.0,away,1.82,1.7643,"[""Betfair Exchange"", ""Sbobet""]","[""odds_api_io""]",2,3.534,
soccer|assyriska ff|enkopings sk|2026-06-02,spreads|assyriska ff|2.75|home,spreads,Assyriska FF,2.75,home,1.05,1.05,"[""Betfair Exchange""]","[""odds_api_io""]",1,,
soccer|assyriska ff|enkopings sk|2026-06-02,spreads|enkopings sk|-2.75|away,spreads,Enkopings SK,-2.75,away,10.8,10.8,"[""Betfair Exchange""]","[""odds_api_io""]",1,,
soccer|assyriska ff|enkopings sk|2026-06-02,spreads|assyriska ff|-3.25|home,spreads,Assyriska FF,-3.25,home,18.11,18.11,"[""Betfair Exchange""]","[""odds_api_io""]",1,,
soccer|assyriska ff|enkopings sk|2026-06-02,spreads|enkopings sk|3.25|away,spreads,Enkopings SK,3.25,away,1.02,1.02,"[""Betfair Exchange""]","[""odds_api_io""]",1,,
soccer|assyriska ff|enkopings sk|2026-06-02,spreads|assyriska ff|3.50|home,spreads,Assyriska FF,3.5,home,1.03,1.03,"[""Betfair Exchange""]","[""odds_api_io""]",1,,
soccer|assyriska ff|enkopings sk|2026-06-02,spreads|enkopings sk|-3.50|away,spreads,Enkopings SK,-3.5,away,16.5,16.5,"[""Betfair Exchange""]","[""odds_api_io""]",1,,
soccer|assyriska ff|enkopings sk|2026-06-02,spreads|assyriska ff|-3.50|home,spreads,Assyriska FF,-3.5,home,16.11,16.11,"[""Betfair Exchange""]","[""odds_api_io""]",1,,
soccer|assyriska ff|enkopings sk|2026-06-02,spreads|enkopings sk|3.50|away,spreads,Enkopings SK,3.5,away,1.02,1.02,"[""Betfair Exchange""]","[""odds_api_io""]",1,,
soccer|assyriska ff|enkopings sk|2026-06-02,spreads|assyriska ff|-3.75|home,spreads,Assyriska FF,-3.75,home,16.11,16.11,"[""Betfair Exchange""]","[""odds_api_io""]",1,,
soccer|assyriska ff|enkopings sk|2026-06-02,spreads|enkopings sk|3.75|away,spreads,Enkopings SK,3.75,away,1.01,1.01,"[""Betfair Exchange""]","[""odds_api_io""]",1,,
soccer|assyriska ff|enkopings sk|2026-06-02,spreads|assyriska ff|3.00|home,spreads,Assyriska FF,3.0,home,1.08,1.0544,"[""Betfair Exchange""]","[""odds_api_io""]",2,4.495,
soccer|assyriska ff|enkopings sk|2026-06-02,spreads|enkopings sk|-3.00|away,spreads,Enkopings SK,-3.0,away,16.5,16.0796,"[""Betfair Exchange""]","[""odds_api_io""]",2,0.317,
soccer|assyriska ff|enkopings sk|2026-06-02,spreads|assyriska ff|2.00|home,spreads,Assyriska FF,2.0,home,1.24,1.1602,"[""Betfair Exchange""]","[""odds_api_io""]",2,11.098,
soccer|assyriska ff|enkopings sk|2026-06-02,spreads|enkopings sk|-2.00|away,spreads,Enkopings SK,-2.0,away,8.4,7.874,"[""Betfair Exchange""]","[""odds_api_io""]",2,1.591,
soccer|assyriska ff|enkopings sk|2026-06-02,spreads|enkopings sk|3.00|away,spreads,Enkopings SK,3.0,away,1.06,1.0396,"[""Betfair Exchange""]","[""odds_api_io""]",2,3.7,
soccer|assyriska ff|enkopings sk|2026-06-02,spreads|assyriska ff|2.25|home,spreads,Assyriska FF,2.25,home,1.08,1.08,"[""Betfair Exchange""]","[""odds_api_io""]",1,,
soccer|assyriska ff|enkopings sk|2026-06-02,spreads|enkopings sk|-2.25|away,spreads,Enkopings SK,-2.25,away,7.96,7.96,"[""Betfair Exchange""]","[""odds_api_io""]",1,,
soccer|assyriska ff|enkopings sk|2026-06-02,spreads|assyriska ff|3.25|home,spreads,Assyriska FF,3.25,home,1.03,1.03,"[""Betfair Exchange""]","[""odds_api_io""]",1,,
soccer|assyriska ff|enkopings sk|2026-06-02,spreads|enkopings sk|-3.25|away,spreads,Enkopings SK,-3.25,away,16.09,16.09,"[""Betfair Exchange""]","[""odds_api_io""]",1,,
soccer|assyriska ff|enkopings sk|2026-06-02,spreads|assyriska ff|2.50|home,spreads,Assyriska FF,2.5,home,1.08,1.08,"[""Betfair Exchange""]","[""odds_api_io""]",1,,
soccer|assyriska ff|enkopings sk|2026-06-02,spreads|enkopings sk|-2.50|away,spreads,Enkopings SK,-2.5,away,8.4,8.4,"[""Betfair Exchange""]","[""odds_api_io""]",1,,
soccer|assyriska ff|enkopings sk|2026-06-02,spreads|assyriska ff|3.75|home,spreads,Assyriska FF,3.75,home,1.01,1.01,"[""Betfair Exchange""]","[""odds_api_io""]",1,,
soccer|assyriska ff|enkopings sk|2026-06-02,spreads|enkopings sk|-3.75|away,spreads,Enkopings SK,-3.75,away,16.5,16.5,"[""Betfair Exchange""]","[""odds_api_io""]",1,,
soccer|assyriska ff|enkopings sk|2026-06-02,totals|over|0.75|,totals,Over,0.75,,1.03,1.03,"[""Betfair Exchange""]","[""odds_api_io""]",1,,
soccer|assyriska ff|enkopings sk|2026-06-02,totals|under|0.75|,totals,Under,0.75,,6.6,6.6,"[""Betfair Exchange""]","[""odds_api_io""]",1,,
soccer|assyriska ff|enkopings sk|2026-06-02,totals|over|2.25|,totals,Over,2.25,,1.34,1.34,"[""Betfair Exchange""]","[""odds_api_io""]",1,,
soccer|assyriska ff|enkopings sk|2026-06-02,totals|under|2.25|,totals,Under,2.25,,3.44,3.44,"[""Betfair Exchange""]","[""odds_api_io""]",1,,
soccer|assyriska ff|enkopings sk|2026-06-02,totals|over|6.25|,totals,Over,6.25,,17.0,17.0,"[""Betfair Exchange""]","[""odds_api_io""]",1,,
soccer|assyriska ff|enkopings sk|2026-06-02,totals|under|6.25|,totals,Under,6.25,,1.05,1.05,"[""Betfair Exchange""]","[""odds_api_io""]",1,,
soccer|assyriska ff|enkopings sk|2026-06-02,totals|over|3.00|,totals,Over,3.0,,1.73,1.7,"[""Betfair Exchange"", ""Sbobet""]","[""odds_api_io""]",2,2.077,
soccer|assyriska ff|enkopings sk|2026-06-02,totals|under|3.00|,totals,Under,3.0,,2.25,2.1946,"[""Betfair Exchange"", ""Sbobet""]","[""odds_api_io""]",2,2.285,
soccer|assyriska ff|enkopings sk|2026-06-02,totals|over|5.25|,totals,Over,5.25,,7.11,7.11,"[""Betfair Exchange""]","[""odds_api_io""]",1,,
soccer|assyriska ff|enkopings sk|2026-06-02,totals|under|5.25|,totals,Under,5.25,,1.13,1.13,"[""Betfair Exchange""]","[""odds_api_io""]",1,,
soccer|assyriska ff|enkopings sk|2026-06-02,totals|over|1.25|,totals,Over,1.25,,1.09,1.09,"[""Betfair Exchange""]","[""odds_api_io""]",1,,
soccer|assyriska ff|enkopings sk|2026-06-02,totals|under|1.25|,totals,Under,1.25,,6.6,6.6,"[""Betfair Exchange""]","[""odds_api_io""]",1,,
soccer|assyriska ff|enkopings sk|2026-06-02,totals|over|5.00|,totals,Over,5.0,,6.62,6.62,"[""Betfair Exchange""]","[""odds_api_io""]",1,,
soccer|assyriska ff|enkopings sk|2026-06-02,totals|under|5.00|,totals,Under,5.0,,1.14,1.14,"[""Betfair Exchange""]","[""odds_api_io""]",1,,
soccer|assyriska ff|enkopings sk|2026-06-02,totals|over|4.75|,totals,Over,4.75,,4.79,4.79,"[""Betfair Exchange""]","[""odds_api_io""]",1,,
soccer|assyriska ff|enkopings sk|2026-06-02,totals|under|4.75|,totals,Under,4.75,,1.18,1.18,"[""Betfair Exchange""]","[""odds_api_io""]",1,,
soccer|assyriska ff|enkopings sk|2026-06-02,totals|over|2.75|,totals,Over,2.75,,1.58,1.58,"[""Betfair Exchange""]","[""odds_api_io""]",1,,
soccer|assyriska ff|enkopings sk|2026-06-02,totals|under|2.75|,totals,Under,2.75,,2.52,2.52,"[""Betfair Exchange""]","[""odds_api_io""]",1,,
soccer|assyriska ff|enkopings sk|2026-06-02,totals|over|1.50|,totals,Over,1.5,,1.16,1.16,"[""Betfair Exchange""]","[""odds_api_io""]",1,,
soccer|assyriska ff|enkopings sk|2026-06-02,totals|under|1.50|,totals,Under,1.5,,6.6,6.6,"[""Betfair Exchange""]","[""odds_api_io""]",1,,
soccer|assyriska ff|enkopings sk|2026-06-02,totals|over|5.75|,totals,Over,5.75,,10.28,10.28,"[""Betfair Exchange""]","[""odds_api_io""]",1,,
soccer|assyriska ff|enkopings sk|2026-06-02,totals|under|5.75|,totals,Under,5.75,,1.08,1.08,"[""Betfair Exchange""]","[""odds_api_io""]",1,,
soccer|assyriska ff|enkopings sk|2026-06-02,totals|over|1.00|,totals,Over,1.0,,1.03,1.03,"[""Betfair Exchange""]","[""odds_api_io""]",1,,
soccer|assyriska ff|enkopings sk|2026-06-02,totals|under|1.00|,totals,Under,1.0,,6.6,6.6,"[""Betfair Exchange""]","[""odds_api_io""]",1,,
soccer|assyriska ff|enkopings sk|2026-06-02,totals|over|5.50|,totals,Over,5.5,,7.6,7.6,"[""Betfair Exchange""]","[""odds_api_io""]",1,,
soccer|assyriska ff|enkopings sk|2026-06-02,totals|under|5.50|,totals,Under,5.5,,1.13,1.13,"[""Betfair Exchange""]","[""odds_api_io""]",1,,
soccer|assyriska ff|enkopings sk|2026-06-02,totals|over|2.00|,totals,Over,2.0,,1.2,1.2,"[""Betfair Exchange""]","[""odds_api_io""]",1,,
soccer|assyriska ff|enkopings sk|2026-06-02,totals|under|2.00|,totals,Under,2.0,,4.57,4.57,"[""Betfair Exchange""]","[""odds_api_io""]",1,,
soccer|assyriska ff|enkopings sk|2026-06-02,totals|over|0.50|,totals,Over,0.5,,1.03,1.03,"[""Betfair Exchange""]","[""odds_api_io""]",1,,
soccer|assyriska ff|enkopings sk|2026-06-02,totals|under|0.50|,totals,Under,0.5,,21.0,21.0,"[""Betfair Exchange""]","[""odds_api_io""]",1,,
soccer|assyriska ff|enkopings sk|2026-06-02,totals|over|1.75|,totals,Over,1.75,,1.18,1.18,"[""Betfair Exchange""]","[""odds_api_io""]",1,,
soccer|assyriska ff|enkopings sk|2026-06-02,totals|under|1.75|,totals,Under,1.75,,5.0,5.0,"[""Betfair Exchange""]","[""odds_api_io""]",1,,
soccer|assyriska ff|enkopings sk|2026-06-02,totals|over|4.50|,totals,Over,4.5,,3.85,3.85,"[""Betfair Exchange""]","[""odds_api_io""]",1,,
soccer|assyriska ff|enkopings sk|2026-06-02,totals|under|4.50|,totals,Under,4.5,,1.3,1.3,"[""Betfair Exchange""]","[""odds_api_io""]",1,,
soccer|assyriska ff|enkopings sk|2026-06-02,totals|over|4.25|,totals,Over,4.25,,3.49,3.49,"[""Betfair Exchange""]","[""odds_api_io""]",1,,
soccer|assyriska ff|enkopings sk|2026-06-02,totals|under|4.25|,totals,Under,4.25,,1.33,1.33,"[""Betfair Exchange""]","[""odds_api_io""]",1,,
soccer|assyriska ff|enkopings sk|2026-06-02,totals|over|3.75|,totals,Over,3.75,,2.56,2.56,"[""Betfair Exchange""]","[""odds_api_io""]",1,,
soccer|assyriska ff|enkopings sk|2026-06-02,totals|under|3.75|,totals,Under,3.75,,1.49,1.49,"[""Betfair Exchange""]","[""odds_api_io""]",1,,
soccer|assyriska ff|enkopings sk|2026-06-02,totals|over|4.00|,totals,Over,4.0,,3.13,3.13,"[""Betfair Exchange""]","[""odds_api_io""]",1,,
soccer|assyriska ff|enkopings sk|2026-06-02,totals|under|4.00|,totals,Under,4.0,,1.37,1.37,"[""Betfair Exchange""]","[""odds_api_io""]",1,,
soccer|assyriska ff|enkopings sk|2026-06-02,totals|over|3.50|,totals,Over,3.5,,2.24,2.24,"[""Betfair Exchange""]","[""odds_api_io""]",1,,
soccer|assyriska ff|enkopings sk|2026-06-02,totals|under|3.50|,totals,Under,3.5,,1.74,1.74,"[""Betfair Exchange""]","[""odds_api_io""]",1,,
soccer|assyriska ff|enkopings sk|2026-06-02,totals|over|6.00|,totals,Over,6.0,,16.34,16.34,"[""Betfair Exchange""]","[""odds_api_io""]",1,,
soccer|assyriska ff|enkopings sk|2026-06-02,totals|under|6.00|,totals,Under,6.0,,1.05,1.05,"[""Betfair Exchange""]","[""odds_api_io""]",1,,
soccer|assyriska ff|enkopings sk|2026-06-02,totals|over|6.50|,totals,Over,6.5,,17.66,17.66,"[""Betfair Exchange""]","[""odds_api_io""]",1,,
soccer|assyriska ff|enkopings sk|2026-06-02,totals|under|6.50|,totals,Under,6.5,,1.05,1.05,"[""Betfair Exchange""]","[""odds_api_io""]",1,,
soccer|assyriska ff|enkopings sk|2026-06-02,totals|over|7.50|,totals,Over,7.5,,40.0,40.0,"[""Betfair Exchange""]","[""odds_api_io""]",1,,
soccer|assyriska ff|enkopings sk|2026-06-02,totals|under|7.50|,totals,Under,7.5,,1.01,1.01,"[""Betfair Exchange""]","[""odds_api_io""]",1,,
soccer|assyriska ff|enkopings sk|2026-06-02,totals|over|6.75|,totals,Over,6.75,,24.46,24.46,"[""Betfair Exchange""]","[""odds_api_io""]",1,,
soccer|assyriska ff|enkopings sk|2026-06-02,totals|under|6.75|,totals,Under,6.75,,1.01,1.01,"[""Betfair Exchange""]","[""odds_api_io""]",1,,
soccer|assyriska ff|enkopings sk|2026-06-02,totals|over|7.00|,totals,Over,7.0,,38.77,38.77,"[""Betfair Exchange""]","[""odds_api_io""]",1,,
soccer|assyriska ff|enkopings sk|2026-06-02,totals|under|7.00|,totals,Under,7.0,,1.01,1.01,"[""Betfair Exchange""]","[""odds_api_io""]",1,,
soccer|assyriska ff|enkopings sk|2026-06-02,totals|over|7.25|,totals,Over,7.25,,39.38,39.38,"[""Betfair Exchange""]","[""odds_api_io""]",1,,
soccer|assyriska ff|enkopings sk|2026-06-02,totals|under|7.25|,totals,Under,7.25,,1.01,1.01,"[""Betfair Exchange""]","[""odds_api_io""]",1,,
soccer|ca banfield|ca sarmiento junin|2026-06-02,h2h|ca banfield||home,h2h,CA Banfield,,home,2.12,1.9558,"[""Bet365"", ""Unibet"", ""Betfair Exchange""]","[""odds_api_io""]",3,8.386,
soccer|ca banfield|ca sarmiento junin|2026-06-02,h2h|draw||,h2h,Draw,,,3.25,3.0967,"[""Bet365"", ""Unibet"", ""Betfair Exchange""]","[""odds_api_io""]",3,3.714,
soccer|ca banfield|ca sarmiento junin|2026-06-02,h2h|ca sarmiento de junin||away,h2h,CA Sarmiento de Junin,,away,4.7,3.9456,"[""Bet365"", ""Unibet"", ""Betfair Exchange""]","[""odds_api_io""]",3,9.493,
soccer|ca banfield|ca sarmiento junin|2026-06-02,dnb|ca banfield|0.00|home,dnb,CA Banfield,0.0,home,1.38,1.3565,"[""Bet365"", ""Betfair Exchange""]","[""odds_api_io""]",2,2.555,
soccer|ca banfield|ca sarmiento junin|2026-06-02,dnb|ca sarmiento de junin|0.00|away,dnb,CA Sarmiento de Junin,0.0,away,3.25,3.25,"[""Bet365"", ""Betfair Exchange""]","[""odds_api_io""]",2,,
soccer|ca banfield|ca sarmiento junin|2026-06-02,spreads|ca banfield|-0.50|home,spreads,CA Banfield,-0.5,home,1.98,1.9008,"[""Bet365"", ""Betfair Exchange""]","[""odds_api_io""]",2,4.289,
soccer|ca banfield|ca sarmiento junin|2026-06-02,spreads|ca sarmiento de junin|0.50|away,spreads,CA Sarmiento de Junin,0.5,away,1.975,1.9466,"[""Bet365"", ""Betfair Exchange""]","[""odds_api_io""]",2,1.45,
soccer|ca banfield|ca sarmiento junin|2026-06-02,totals|over|2.00|,totals,Over,2.0,,1.93,1.9152,"[""Bet365"", ""Betfair Exchange""]","[""odds_api_io""]",2,0.818,
soccer|ca banfield|ca sarmiento junin|2026-06-02,totals|under|2.00|,totals,Under,2.0,,1.93,1.9152,"[""Bet365"", ""Betfair Exchange""]","[""odds_api_io""]",2,0.818,
soccer|ca banfield|ca sarmiento junin|2026-06-02,totals|over|2.50|,totals,Over,2.5,,2.68,2.4814,"[""Bet365"", ""Unibet"", ""Betfair Exchange""]","[""odds_api_io""]",3,6.546,
soccer|ca banfield|ca sarmiento junin|2026-06-02,totals|under|2.50|,totals,Under,2.5,,1.54,1.5136,"[""Bet365"", ""Unibet"", ""Betfair Exchange""]","[""odds_api_io""]",3,1.732,
soccer|ca banfield|ca sarmiento junin|2026-06-02,spreads|ca banfield|-2.00|home,spreads,CA Banfield,-2.0,home,11.0,8.8217,"[""Bet365"", ""Betfair Exchange""]","[""odds_api_io""]",3,5.615,
soccer|ca banfield|ca sarmiento junin|2026-06-02,spreads|ca sarmiento de junin|2.00|away,spreads,CA Sarmiento de Junin,2.0,away,1.25,1.1407,"[""Bet365"", ""Betfair Exchange""]","[""odds_api_io""]",3,12.593,
soccer|ca banfield|ca sarmiento junin|2026-06-02,spreads|ca banfield|-1.75|home,spreads,CA Banfield,-1.75,home,5.88,5.1106,"[""Bet365"", ""Betfair Exchange""]","[""odds_api_io""]",2,5.215,
soccer|ca banfield|ca sarmiento junin|2026-06-02,spreads|ca sarmiento de junin|1.75|away,spreads,CA Sarmiento de Junin,1.75,away,1.19,1.1745,"[""Bet365"", ""Betfair Exchange""]","[""odds_api_io""]",2,2.173,
soccer|ca banfield|ca sarmiento junin|2026-06-02,spreads|ca banfield|-1.25|home,spreads,CA Banfield,-1.25,home,3.7,3.4922,"[""Bet365"", ""Betfair Exchange""]","[""odds_api_io""]",2,3.276,
soccer|ca banfield|ca sarmiento junin|2026-06-02,spreads|ca sarmiento de junin|1.25|away,spreads,CA Sarmiento de Junin,1.25,away,1.325,1.3173,"[""Bet365"", ""Betfair Exchange""]","[""odds_api_io""]",2,0.864,
soccer|ca banfield|ca sarmiento junin|2026-06-02,spreads|ca banfield|-1.00|home,spreads,CA Banfield,-1.0,home,4.2,3.3124,"[""Bet365"", ""Betfair Exchange""]","[""odds_api_io""]",3,11.278,
soccer|ca banfield|ca sarmiento junin|2026-06-02,spreads|ca sarmiento de junin|1.00|away,spreads,CA Sarmiento de Junin,1.0,away,1.92,1.5408,"[""Bet365"", ""Betfair Exchange""]","[""odds_api_io""]",3,19.345,
soccer|ca banfield|ca sarmiento junin|2026-06-02,spreads|ca banfield|-0.75|home,spreads,CA Banfield,-0.75,home,2.34,2.2949,"[""Bet365"", ""Betfair Exchange""]","[""odds_api_io""]",2,1.709,
soccer|ca banfield|ca sarmiento junin|2026-06-02,spreads|ca sarmiento de junin|0.75|away,spreads,CA Sarmiento de Junin,0.75,away,4.8,2.4453,"[""Bet365"", ""Betfair Exchange""]","[""odds_api_io""]",2,39.408,
soccer|ca banfield|ca sarmiento junin|2026-06-02,spreads|ca banfield|-0.25|home,spreads,CA Banfield,-0.25,home,1.7,1.6898,"[""Bet365"", ""Betfair Exchange""]","[""odds_api_io""]",2,0.7,
soccer|ca banfield|ca sarmiento junin|2026-06-02,spreads|ca sarmiento de junin|0.25|away,spreads,CA Sarmiento de Junin,0.25,away,3.3,2.709,"[""Bet365"", ""Betfair Exchange""]","[""odds_api_io""]",2,12.987,
soccer|ca banfield|ca sarmiento junin|2026-06-02,spreads|ca banfield|0.00|home,spreads,CA Banfield,0.0,home,1.425,1.4017,"[""Bet365"", ""Betfair Exchange""]","[""odds_api_io""]",2,2.288,
soccer|ca banfield|ca sarmiento junin|2026-06-02,spreads|ca sarmiento de junin|-0.00|away,spreads,CA Sarmiento de Junin,-0.0,away,3.27,2.9922,"[""Bet365"", ""Betfair Exchange""]","[""odds_api_io""]",2,5.783,
soccer|ca banfield|ca sarmiento junin|2026-06-02,spreads|ca banfield|0.25|home,spreads,CA Banfield,0.25,home,1.325,1.3069,"[""Bet365"", ""Betfair Exchange""]","[""odds_api_io""]",2,2.048,
soccer|ca banfield|ca sarmiento junin|2026-06-02,spreads|ca sarmiento de junin|-0.25|away,spreads,CA Sarmiento de Junin,-0.25,away,3.98,2.7649,"[""Bet365"", ""Betfair Exchange""]","[""odds_api_io""]",2,22.493,
soccer|ca banfield|ca sarmiento junin|2026-06-02,spreads|ca banfield|0.50|home,spreads,CA Banfield,0.5,home,1.26,1.2445,"[""Bet365"", ""Betfair Exchange""]","[""odds_api_io""]",2,1.936,
soccer|ca banfield|ca sarmiento junin|2026-06-02,spreads|ca sarmiento de junin|-0.50|away,spreads,CA Sarmiento de Junin,-0.5,away,4.7,4.1495,"[""Bet365"", ""Betfair Exchange""]","[""odds_api_io""]",2,5.75,
soccer|ca banfield|ca sarmiento junin|2026-06-02,spreads|ca banfield|0.75|home,spreads,CA Banfield,0.75,home,1.175,1.1569,"[""Bet365"", ""Betfair Exchange""]","[""odds_api_io""]",2,2.613,
soccer|ca banfield|ca sarmiento junin|2026-06-02,spreads|ca sarmiento de junin|-0.75|away,spreads,CA Sarmiento de Junin,-0.75,away,6.58,2.6353,"[""Bet365"", ""Betfair Exchange""]","[""odds_api_io""]",2,46.341,
soccer|ca banfield|ca sarmiento junin|2026-06-02,spreads|ca banfield|-1.50|home,spreads,CA Banfield,-1.5,home,4.28,3.8876,"[""Bet365"", ""Betfair Exchange""]","[""odds_api_io""]",2,4.805,
soccer|ca banfield|ca sarmiento junin|2026-06-02,spreads|ca sarmiento de junin|1.50|away,spreads,CA Sarmiento de Junin,1.5,away,1.275,1.2621,"[""Bet365"", ""Betfair Exchange""]","[""odds_api_io""]",2,1.569,
soccer|ca banfield|ca sarmiento junin|2026-06-02,doubleChance|1x||,doubleChance,1X,,,1.23,1.23,"[""Unibet"", ""Betfair Exchange""]","[""odds_api_io""]",2,,
soccer|ca banfield|ca sarmiento junin|2026-06-02,doubleChance|12||,doubleChance,12,,,1.41,1.3446,"[""Unibet"", ""Betfair Exchange""]","[""odds_api_io""]",2,7.203,
soccer|ca banfield|ca sarmiento junin|2026-06-02,doubleChance|x2||,doubleChance,X2,,,1.92,1.7111,"[""Unibet"", ""Betfair Exchange""]","[""odds_api_io""]",2,13.276,
soccer|ca banfield|ca sarmiento junin|2026-06-02,totals|over|1.50|,totals,Over,1.5,,1.53,1.4648,"[""Unibet"", ""Betfair Exchange""]","[""odds_api_io""]",2,6.069,
soccer|ca banfield|ca sarmiento junin|2026-06-02,totals|under|1.50|,totals,Under,1.5,,2.69,2.6461,"[""Unibet"", ""Betfair Exchange""]","[""odds_api_io""]",2,1.287,
soccer|ca banfield|ca sarmiento junin|2026-06-02,totals|over|3.50|,totals,Over,3.5,,5.4,4.6879,"[""Unibet"", ""Betfair Exchange""]","[""odds_api_io""]",2,5.872,
soccer|ca banfield|ca sarmiento junin|2026-06-02,totals|under|3.50|,totals,Under,3.5,,1.2,1.1854,"[""Unibet"", ""Betfair Exchange""]","[""odds_api_io""]",2,2.137,
soccer|ca banfield|ca sarmiento junin|2026-06-02,spreads|ca banfield|1.00|home,spreads,CA Banfield,1.0,home,1.23,1.1329,"[""Betfair Exchange""]","[""odds_api_io""]",2,13.937,
soccer|ca banfield|ca sarmiento junin|2026-06-02,spreads|ca sarmiento de junin|-1.00|away,spreads,CA Sarmiento de Junin,-1.0,away,14.5,13.3738,"[""Betfair Exchange""]","[""odds_api_io""]",2,1.161,
soccer|ca banfield|ca sarmiento junin|2026-06-02,spreads|ca banfield|1.75|home,spreads,CA Banfield,1.75,home,1.02,1.02,"[""Betfair Exchange""]","[""odds_api_io""]",1,,
soccer|ca banfield|ca sarmiento junin|2026-06-02,spreads|ca sarmiento de junin|-1.75|away,spreads,CA Sarmiento de Junin,-1.75,away,23.14,23.14,"[""Betfair Exchange""]","[""odds_api_io""]",1,,
soccer|ca banfield|ca sarmiento junin|2026-06-02,spreads|ca banfield|1.25|home,spreads,CA Banfield,1.25,home,1.05,1.05,"[""Betfair Exchange""]","[""odds_api_io""]",1,,
soccer|ca banfield|ca sarmiento junin|2026-06-02,spreads|ca sarmiento de junin|-1.25|away,spreads,CA Sarmiento de Junin,-1.25,away,13.45,13.45,"[""Betfair Exchange""]","[""odds_api_io""]",1,,
soccer|ca banfield|ca sarmiento junin|2026-06-02,spreads|ca banfield|1.50|home,spreads,CA Banfield,1.5,home,1.04,1.04,"[""Betfair Exchange""]","[""odds_api_io""]",1,,
soccer|ca banfield|ca sarmiento junin|2026-06-02,spreads|ca sarmiento de junin|-1.50|away,spreads,CA Sarmiento de Junin,-1.5,away,14.5,14.5,"[""Betfair Exchange""]","[""odds_api_io""]",1,,
soccer|ca banfield|ca sarmiento junin|2026-06-02,spreads|ca banfield|2.50|home,spreads,CA Banfield,2.5,home,1.01,1.01,"[""Betfair Exchange""]","[""odds_api_io""]",1,,
soccer|ca banfield|ca sarmiento junin|2026-06-02,spreads|ca sarmiento de junin|-2.50|away,spreads,CA Sarmiento de Junin,-2.5,away,66.08,66.08,"[""Betfair Exchange""]","[""odds_api_io""]",1,,
soccer|ca banfield|ca sarmiento junin|2026-06-02,spreads|ca banfield|-2.25|home,spreads,CA Banfield,-2.25,home,10.44,10.44,"[""Betfair Exchange""]","[""odds_api_io""]",1,,
soccer|ca banfield|ca sarmiento junin|2026-06-02,spreads|ca sarmiento de junin|2.25|away,spreads,CA Sarmiento de Junin,2.25,away,1.07,1.07,"[""Betfair Exchange""]","[""odds_api_io""]",1,,
soccer|ca banfield|ca sarmiento junin|2026-06-02,spreads|ca banfield|2.00|home,spreads,CA Banfield,2.0,home,1.04,1.0248,"[""Betfair Exchange""]","[""odds_api_io""]",2,2.856,
soccer|ca banfield|ca sarmiento junin|2026-06-02,spreads|ca sarmiento de junin|-2.00|away,spreads,CA Sarmiento de Junin,-2.0,away,65.0,63.7359,"[""Betfair Exchange""]","[""odds_api_io""]",2,0.061,
soccer|ca banfield|ca sarmiento junin|2026-06-02,spreads|ca banfield|-2.50|home,spreads,CA Banfield,-2.5,home,11.08,11.08,"[""Betfair Exchange""]","[""odds_api_io""]",1,,
soccer|ca banfield|ca sarmiento junin|2026-06-02,spreads|ca sarmiento de junin|2.50|away,spreads,CA Sarmiento de Junin,2.5,away,1.06,1.06,"[""Betfair Exchange""]","[""odds_api_io""]",1,,
soccer|ca banfield|ca sarmiento junin|2026-06-02,spreads|ca banfield|-2.75|home,spreads,CA Banfield,-2.75,home,16.55,16.55,"[""Betfair Exchange""]","[""odds_api_io""]",1,,
soccer|ca banfield|ca sarmiento junin|2026-06-02,spreads|ca sarmiento de junin|2.75|away,spreads,CA Sarmiento de Junin,2.75,away,1.04,1.04,"[""Betfair Exchange""]","[""odds_api_io""]",1,,
soccer|ca banfield|ca sarmiento junin|2026-06-02,spreads|ca banfield|2.25|home,spreads,CA Banfield,2.25,home,1.01,1.01,"[""Betfair Exchange""]","[""odds_api_io""]",1,,
soccer|ca banfield|ca sarmiento junin|2026-06-02,spreads|ca sarmiento de junin|-2.25|away,spreads,CA Sarmiento de Junin,-2.25,away,64.3,64.3,"[""Betfair Exchange""]","[""odds_api_io""]",1,,
soccer|ca banfield|ca sarmiento junin|2026-06-02,spreads|ca banfield|-3.00|home,spreads,CA Banfield,-3.0,home,36.0,34.9025,"[""Betfair Exchange""]","[""odds_api_io""]",2,0.175,
soccer|ca banfield|ca sarmiento junin|2026-06-02,spreads|ca sarmiento de junin|3.00|away,spreads,CA Sarmiento de Junin,3.0,away,1.06,1.0344,"[""Betfair Exchange""]","[""odds_api_io""]",2,4.67,
soccer|ca banfield|ca sarmiento junin|2026-06-02,spreads|ca banfield|-3.25|home,spreads,CA Banfield,-3.25,home,34.93,34.93,"[""Betfair Exchange""]","[""odds_api_io""]",1,,
soccer|ca banfield|ca sarmiento junin|2026-06-02,spreads|ca sarmiento de junin|3.25|away,spreads,CA Sarmiento de Junin,3.25,away,1.01,1.01,"[""Betfair Exchange""]","[""odds_api_io""]",1,,
soccer|ca banfield|ca sarmiento junin|2026-06-02,spreads|ca banfield|-3.50|home,spreads,CA Banfield,-3.5,home,36.0,36.0,"[""Betfair Exchange""]","[""odds_api_io""]",1,,
soccer|ca banfield|ca sarmiento junin|2026-06-02,spreads|ca sarmiento de junin|3.50|away,spreads,CA Sarmiento de Junin,3.5,away,1.01,1.01,"[""Betfair Exchange""]","[""odds_api_io""]",1,,
soccer|ca banfield|ca sarmiento junin|2026-06-02,totals|over|2.25|,totals,Over,2.25,,2.3,2.3,"[""Betfair Exchange""]","[""odds_api_io""]",1,,
soccer|ca banfield|ca sarmiento junin|2026-06-02,totals|under|2.25|,totals,Under,2.25,,1.69,1.69,"[""Betfair Exchange""]","[""odds_api_io""]",1,,
soccer|ca banfield|ca sarmiento junin|2026-06-02,totals|over|1.75|,totals,Over,1.75,,1.67,1.67,"[""Betfair Exchange""]","[""odds_api_io""]",1,,
soccer|ca banfield|ca sarmiento junin|2026-06-02,totals|under|1.75|,totals,Under,1.75,,2.26,2.26,"[""Betfair Exchange""]","[""odds_api_io""]",1,,
soccer|ca banfield|ca sarmiento junin|2026-06-02,totals|over|1.25|,totals,Over,1.25,,1.35,1.35,"[""Betfair Exchange""]","[""odds_api_io""]",1,,
soccer|ca banfield|ca sarmiento junin|2026-06-02,totals|under|1.25|,totals,Under,1.25,,3.44,3.44,"[""Betfair Exchange""]","[""odds_api_io""]",1,,
soccer|ca banfield|ca sarmiento junin|2026-06-02,totals|over|3.75|,totals,Over,3.75,,7.21,7.21,"[""Betfair Exchange""]","[""odds_api_io""]",1,,
soccer|ca banfield|ca sarmiento junin|2026-06-02,totals|under|3.75|,totals,Under,3.75,,1.12,1.12,"[""Betfair Exchange""]","[""odds_api_io""]",1,,
soccer|ca banfield|ca sarmiento junin|2026-06-02,totals|over|1.00|,totals,Over,1.0,,1.17,1.17,"[""Betfair Exchange""]","[""odds_api_io""]",1,,
soccer|ca banfield|ca sarmiento junin|2026-06-02,totals|under|1.00|,totals,Under,1.0,,5.36,5.36,"[""Betfair Exchange""]","[""odds_api_io""]",1,,
soccer|ca banfield|ca sarmiento junin|2026-06-02,totals|over|0.75|,totals,Over,0.75,,1.14,1.14,"[""Betfair Exchange""]","[""odds_api_io""]",1,,
soccer|ca banfield|ca sarmiento junin|2026-06-02,totals|under|0.75|,totals,Under,0.75,,6.15,6.15,"[""Betfair Exchange""]","[""odds_api_io""]",1,,
soccer|ca banfield|ca sarmiento junin|2026-06-02,totals|over|2.75|,totals,Over,2.75,,3.24,3.24,"[""Betfair Exchange""]","[""odds_api_io""]",1,,
soccer|ca banfield|ca sarmiento junin|2026-06-02,totals|under|2.75|,totals,Under,2.75,,1.4,1.4,"[""Betfair Exchange""]","[""odds_api_io""]",1,,
soccer|ca banfield|ca sarmiento junin|2026-06-02,totals|over|3.25|,totals,Over,3.25,,4.89,4.89,"[""Betfair Exchange""]","[""odds_api_io""]",1,,
soccer|ca banfield|ca sarmiento junin|2026-06-02,totals|under|3.25|,totals,Under,3.25,,1.22,1.22,"[""Betfair Exchange""]","[""odds_api_io""]",1,,
soccer|ca banfield|ca sarmiento junin|2026-06-02,totals|over|4.00|,totals,Over,4.0,,11.59,11.59,"[""Betfair Exchange""]","[""odds_api_io""]",1,,
soccer|ca banfield|ca sarmiento junin|2026-06-02,totals|under|4.00|,totals,Under,4.0,,1.07,1.07,"[""Betfair Exchange""]","[""odds_api_io""]",1,,
soccer|ca banfield|ca sarmiento junin|2026-06-02,totals|over|3.00|,totals,Over,3.0,,4.38,4.38,"[""Betfair Exchange""]","[""odds_api_io""]",1,,
soccer|ca banfield|ca sarmiento junin|2026-06-02,totals|under|3.00|,totals,Under,3.0,,1.25,1.25,"[""Betfair Exchange""]","[""odds_api_io""]",1,,
soccer|ca banfield|ca sarmiento junin|2026-06-02,totals|over|5.25|,totals,Over,5.25,,33.51,33.51,"[""Betfair Exchange""]","[""odds_api_io""]",1,,
soccer|ca banfield|ca sarmiento junin|2026-06-02,totals|under|5.25|,totals,Under,5.25,,1.02,1.02,"[""Betfair Exchange""]","[""odds_api_io""]",1,,
soccer|ca banfield|ca sarmiento junin|2026-06-02,totals|over|0.50|,totals,Over,0.5,,1.12,1.12,"[""Betfair Exchange""]","[""odds_api_io""]",1,,
soccer|ca banfield|ca sarmiento junin|2026-06-02,totals|under|0.50|,totals,Under,0.5,,7.66,7.66,"[""Betfair Exchange""]","[""odds_api_io""]",1,,
soccer|ca banfield|ca sarmiento junin|2026-06-02,totals|over|4.25|,totals,Over,4.25,,12.29,12.29,"[""Betfair Exchange""]","[""odds_api_io""]",1,,
soccer|ca banfield|ca sarmiento junin|2026-06-02,totals|under|4.25|,totals,Under,4.25,,1.07,1.07,"[""Betfair Exchange""]","[""odds_api_io""]",1,,
soccer|ca banfield|ca sarmiento junin|2026-06-02,totals|over|4.50|,totals,Over,4.5,,13.0,13.0,"[""Betfair Exchange""]","[""odds_api_io""]",1,,
soccer|ca banfield|ca sarmiento junin|2026-06-02,totals|under|4.50|,totals,Under,4.5,,1.07,1.07,"[""Betfair Exchange""]","[""odds_api_io""]",1,,
soccer|ca banfield|ca sarmiento junin|2026-06-02,totals|over|4.75|,totals,Over,4.75,,18.4,18.4,"[""Betfair Exchange""]","[""odds_api_io""]",1,,
soccer|ca banfield|ca sarmiento junin|2026-06-02,totals|under|4.75|,totals,Under,4.75,,1.02,1.02,"[""Betfair Exchange""]","[""odds_api_io""]",1,,
soccer|ca banfield|ca sarmiento junin|2026-06-02,totals|over|5.00|,totals,Over,5.0,,32.69,32.69,"[""Betfair Exchange""]","[""odds_api_io""]",1,,
soccer|ca banfield|ca sarmiento junin|2026-06-02,totals|under|5.00|,totals,Under,5.0,,1.02,1.02,"[""Betfair Exchange""]","[""odds_api_io""]",1,,
soccer|ca banfield|ca sarmiento junin|2026-06-02,totals|over|5.50|,totals,Over,5.5,,34.33,34.33,"[""Betfair Exchange""]","[""odds_api_io""]",1,,
soccer|ca banfield|ca sarmiento junin|2026-06-02,totals|under|5.50|,totals,Under,5.5,,1.02,1.02,"[""Betfair Exchange""]","[""odds_api_io""]",1,,
soccer|ca banfield|ca sarmiento junin|2026-06-02,btts|yes||,btts,Yes,,,2.18,2.18,"[""Betfair Exchange""]","[""odds_api_io""]",1,,
soccer|ca banfield|ca sarmiento junin|2026-06-02,btts|no||,btts,No,,,1.73,1.73,"[""Betfair Exchange""]","[""odds_api_io""]",1,,
soccer|ca banfield|ca sarmiento junin|2026-06-02,spreads|ca banfield|3.00|home,spreads,CA Banfield,3.0,home,1.01,1.01,"[""Betfair Exchange""]","[""odds_api_io""]",1,,
soccer|ca banfield|ca sarmiento junin|2026-06-02,spreads|ca sarmiento de junin|-3.00|away,spreads,CA Sarmiento de Junin,-3.0,away,130.0,130.0,"[""Betfair Exchange""]","[""odds_api_io""]",1,,
soccer|ca quilmes reserves|riestra afbc reserves|2026-06-02,h2h|ca quilmes reserve||home,h2h,CA Quilmes Reserve,,home,1.94,1.8036,"[""Bet365"", ""Unibet"", ""Betfair Exchange""]","[""odds_api_io""]",3,9.06,
soccer|ca quilmes reserves|riestra afbc reserves|2026-06-02,h2h|draw||,h2h,Draw,,,3.4,3.2423,"[""Bet365"", ""Unibet"", ""Betfair Exchange""]","[""odds_api_io""]",3,4.487,
soccer|ca quilmes reserves|riestra afbc reserves|2026-06-02,h2h|deportivo riestra afbc reserve||away,h2h,Deportivo Riestra Afbc Reserve,,away,5.6,4.6262,"[""Bet365"", ""Unibet"", ""Betfair Exchange""]","[""odds_api_io""]",3,9.54,
soccer|ca quilmes reserves|riestra afbc reserves|2026-06-02,dnb|ca quilmes reserve|0.00|home,dnb,CA Quilmes Reserve,0.0,home,1.3,1.2926,"[""Bet365"", ""Betfair Exchange""]","[""odds_api_io""]",2,0.898,
soccer|ca quilmes reserves|riestra afbc reserves|2026-06-02,dnb|deportivo riestra afbc reserve|0.00|away,dnb,Deportivo Riestra Afbc Reserve,0.0,away,3.95,3.7155,"[""Bet365"", ""Betfair Exchange""]","[""odds_api_io""]",2,3.255,
soccer|ca quilmes reserves|riestra afbc reserves|2026-06-02,spreads|ca quilmes reserve|-0.75|home,spreads,CA Quilmes Reserve,-0.75,home,2.1,2.0297,"[""Bet365"", ""Betfair Exchange""]","[""odds_api_io""]",3,5.013,
soccer|ca quilmes reserves|riestra afbc reserves|2026-06-02,spreads|deportivo riestra afbc reserve|0.75|away,spreads,Deportivo Riestra Afbc Reserve,0.75,away,5.5,2.3881,"[""Bet365"", ""Betfair Exchange""]","[""odds_api_io""]",3,36.166,
soccer|ca quilmes reserves|riestra afbc reserves|2026-06-02,totals|over|2.00|,totals,Over,2.0,,1.85,1.8376,"[""Bet365"", ""Betfair Exchange""]","[""odds_api_io""]",2,0.74,
soccer|ca quilmes reserves|riestra afbc reserves|2026-06-02,totals|under|2.00|,totals,Under,2.0,,2.01,1.9927,"[""Bet365"", ""Betfair Exchange""]","[""odds_api_io""]",2,0.882,
soccer|ca quilmes reserves|riestra afbc reserves|2026-06-02,totals|over|2.50|,totals,Over,2.5,,2.56,2.4208,"[""Bet365"", ""Unibet"", ""Betfair Exchange""]","[""odds_api_io""]",3,3.856,
soccer|ca quilmes reserves|riestra afbc reserves|2026-06-02,totals|under|2.50|,totals,Under,2.5,,1.58,1.5347,"[""Bet365"", ""Unibet"", ""Betfair Exchange""]","[""odds_api_io""]",3,3.823,
soccer|ca quilmes reserves|riestra afbc reserves|2026-06-02,spreads|ca quilmes reserve|0.50|home,spreads,CA Quilmes Reserve,0.5,home,1.225,1.2121,"[""Bet365"", ""Betfair Exchange""]","[""odds_api_io""]",2,1.701,
soccer|ca quilmes reserves|riestra afbc reserves|2026-06-02,spreads|deportivo riestra afbc reserve|-0.50|away,spreads,Deportivo Riestra Afbc Reserve,-0.5,away,5.6,4.7474,"[""Bet365"", ""Betfair Exchange""]","[""odds_api_io""]",2,6.533,
soccer|ca quilmes reserves|riestra afbc reserves|2026-06-02,spreads|ca quilmes reserve|0.75|home,spreads,CA Quilmes Reserve,0.75,home,1.15,1.1345,"[""Bet365"", ""Betfair Exchange""]","[""odds_api_io""]",2,2.329,
soccer|ca quilmes reserves|riestra afbc reserves|2026-06-02,spreads|deportivo riestra afbc reserve|-0.75|away,spreads,Deportivo Riestra Afbc Reserve,-0.75,away,8.01,2.8383,"[""Bet365"", ""Betfair Exchange""]","[""odds_api_io""]",2,46.339,
soccer|ca quilmes reserves|riestra afbc reserves|2026-06-02,spreads|ca quilmes reserve|-2.50|home,spreads,CA Quilmes Reserve,-2.5,home,8.29,7.6022,"[""Bet365"", ""Betfair Exchange""]","[""odds_api_io""]",2,2.223,
soccer|ca quilmes reserves|riestra afbc reserves|2026-06-02,spreads|deportivo riestra afbc reserve|2.50|away,spreads,Deportivo Riestra Afbc Reserve,2.5,away,1.1,1.1,"[""Bet365"", ""Betfair Exchange""]","[""odds_api_io""]",2,,
soccer|ca quilmes reserves|riestra afbc reserves|2026-06-02,spreads|ca quilmes reserve|-2.25|home,spreads,CA Quilmes Reserve,-2.25,home,7.93,7.2161,"[""Bet365"", ""Betfair Exchange""]","[""odds_api_io""]",2,2.541,
soccer|ca quilmes reserves|riestra afbc reserves|2026-06-02,spreads|deportivo riestra afbc reserve|2.25|away,spreads,Deportivo Riestra Afbc Reserve,2.25,away,1.12,1.1151,"[""Bet365"", ""Betfair Exchange""]","[""odds_api_io""]",2,0.804,
soccer|ca quilmes reserves|riestra afbc reserves|2026-06-02,spreads|ca quilmes reserve|-2.00|home,spreads,CA Quilmes Reserve,-2.0,home,8.2,7.0318,"[""Bet365"", ""Betfair Exchange""]","[""odds_api_io""]",3,4.472,
soccer|ca quilmes reserves|riestra afbc reserves|2026-06-02,spreads|deportivo riestra afbc reserve|2.00|away,spreads,Deportivo Riestra Afbc Reserve,2.0,away,1.33,1.1886,"[""Bet365"", ""Betfair Exchange""]","[""odds_api_io""]",3,13.701,
soccer|ca quilmes reserves|riestra afbc reserves|2026-06-02,spreads|ca quilmes reserve|-1.75|home,spreads,CA Quilmes Reserve,-1.75,home,4.57,4.3537,"[""Bet365"", ""Betfair Exchange""]","[""odds_api_io""]",2,2.215,
soccer|ca quilmes reserves|riestra afbc reserves|2026-06-02,spreads|deportivo riestra afbc reserve|1.75|away,spreads,Deportivo Riestra Afbc Reserve,1.75,away,1.24,1.2301,"[""Bet365"", ""Betfair Exchange""]","[""odds_api_io""]",2,1.322,
soccer|ca quilmes reserves|riestra afbc reserves|2026-06-02,spreads|ca quilmes reserve|-1.50|home,spreads,CA Quilmes Reserve,-1.5,home,3.45,3.4244,"[""Bet365"", ""Betfair Exchange""]","[""odds_api_io""]",2,0.426,
soccer|ca quilmes reserves|riestra afbc reserves|2026-06-02,spreads|deportivo riestra afbc reserve|1.50|away,spreads,Deportivo Riestra Afbc Reserve,1.5,away,1.33,1.3151,"[""Bet365"", ""Betfair Exchange""]","[""odds_api_io""]",2,1.735,
soccer|ca quilmes reserves|riestra afbc reserves|2026-06-02,spreads|ca quilmes reserve|-1.25|home,spreads,CA Quilmes Reserve,-1.25,home,3.0,2.9898,"[""Bet365"", ""Betfair Exchange""]","[""odds_api_io""]",2,0.224,
soccer|ca quilmes reserves|riestra afbc reserves|2026-06-02,spreads|deportivo riestra afbc reserve|1.25|away,spreads,Deportivo Riestra Afbc Reserve,1.25,away,1.41,1.3926,"[""Bet365"", ""Betfair Exchange""]","[""odds_api_io""]",2,1.805,
soccer|ca quilmes reserves|riestra afbc reserves|2026-06-02,spreads|ca quilmes reserve|-1.00|home,spreads,CA Quilmes Reserve,-1.0,home,3.4,2.8081,"[""Bet365"", ""Betfair Exchange""]","[""odds_api_io""]",3,9.651,
soccer|ca quilmes reserves|riestra afbc reserves|2026-06-02,spreads|deportivo riestra afbc reserve|1.00|away,spreads,Deportivo Riestra Afbc Reserve,1.0,away,2.12,1.6662,"[""Bet365"", ""Betfair Exchange""]","[""odds_api_io""]",3,20.627,
soccer|ca quilmes reserves|riestra afbc reserves|2026-06-02,spreads|ca quilmes reserve|-0.25|home,spreads,CA Quilmes Reserve,-0.25,home,1.6,1.5846,"[""Bet365"", ""Betfair Exchange""]","[""odds_api_io""]",2,1.194,
soccer|ca quilmes reserves|riestra afbc reserves|2026-06-02,spreads|deportivo riestra afbc reserve|0.25|away,spreads,Deportivo Riestra Afbc Reserve,0.25,away,3.55,3.0067,"[""Bet365"", ""Betfair Exchange""]","[""odds_api_io""]",2,9.999,
soccer|ca quilmes reserves|riestra afbc reserves|2026-06-02,spreads|ca quilmes reserve|0.00|home,spreads,CA Quilmes Reserve,0.0,home,1.35,1.3241,"[""Bet365"", ""Betfair Exchange""]","[""odds_api_io""]",2,2.849,
soccer|ca quilmes reserves|riestra afbc reserves|2026-06-02,spreads|deportivo riestra afbc reserve|-0.00|away,spreads,Deportivo Riestra Afbc Reserve,-0.0,away,3.96,3.4853,"[""Bet365"", ""Betfair Exchange""]","[""odds_api_io""]",2,7.006,
soccer|ca quilmes reserves|riestra afbc reserves|2026-06-02,spreads|ca quilmes reserve|0.25|home,spreads,CA Quilmes Reserve,0.25,home,1.275,1.2569,"[""Bet365"", ""Betfair Exchange""]","[""odds_api_io""]",2,2.214,
soccer|ca quilmes reserves|riestra afbc reserves|2026-06-02,spreads|deportivo riestra afbc reserve|-0.25|away,spreads,Deportivo Riestra Afbc Reserve,-0.25,away,4.78,3.1256,"[""Bet365"", ""Betfair Exchange""]","[""odds_api_io""]",2,22.558,
soccer|ca quilmes reserves|riestra afbc reserves|2026-06-02,spreads|ca quilmes reserve|-0.50|home,spreads,CA Quilmes Reserve,-0.5,home,1.85,1.8251,"[""Bet365"", ""Betfair Exchange""]","[""odds_api_io""]",2,1.502,
soccer|ca quilmes reserves|riestra afbc reserves|2026-06-02,spreads|deportivo riestra afbc reserve|0.50|away,spreads,Deportivo Riestra Afbc Reserve,0.5,away,2.12,2.0593,"[""Bet365"", ""Betfair Exchange""]","[""odds_api_io""]",2,2.83,
soccer|ca quilmes reserves|riestra afbc reserves|2026-06-02,doubleChance|1x||,doubleChance,1X,,,1.2,1.1903,"[""Unibet"", ""Betfair Exchange""]","[""odds_api_io""]",2,1.412,
soccer|ca quilmes reserves|riestra afbc reserves|2026-06-02,doubleChance|12||,doubleChance,12,,,1.4,1.3346,"[""Unibet"", ""Betfair Exchange""]","[""odds_api_io""]",2,7.312,
soccer|ca quilmes reserves|riestra afbc reserves|2026-06-02,doubleChance|x2||,doubleChance,X2,,,2.12,1.8654,"[""Unibet"", ""Betfair Exchange""]","[""odds_api_io""]",2,13.436,
soccer|ca quilmes reserves|riestra afbc reserves|2026-06-02,totals|over|3.50|,totals,Over,3.5,,5.2,4.6676,"[""Unibet"", ""Betfair Exchange""]","[""odds_api_io""]",2,4.579,
soccer|ca quilmes reserves|riestra afbc reserves|2026-06-02,totals|under|3.50|,totals,Under,3.5,,1.23,1.1954,"[""Unibet"", ""Betfair Exchange""]","[""odds_api_io""]",2,4.906,
soccer|ca quilmes reserves|riestra afbc reserves|2026-06-02,totals|over|1.50|,totals,Over,1.5,,1.5,1.4656,"[""Unibet"", ""Betfair Exchange""]","[""odds_api_io""]",2,3.263,
soccer|ca quilmes reserves|riestra afbc reserves|2026-06-02,totals|under|1.50|,totals,Under,1.5,,2.8,2.6478,"[""Unibet"", ""Betfair Exchange""]","[""odds_api_io""]",2,4.286,
soccer|ca quilmes reserves|riestra afbc reserves|2026-06-02,spreads|ca quilmes reserve|1.00|home,spreads,CA Quilmes Reserve,1.0,home,1.2,1.1143,"[""Betfair Exchange""]","[""odds_api_io""]",2,12.821,
soccer|ca quilmes reserves|riestra afbc reserves|2026-06-02,spreads|deportivo riestra afbc reserve|-1.00|away,spreads,Deportivo Riestra Afbc Reserve,-1.0,away,18.0,16.8171,"[""Betfair Exchange""]","[""odds_api_io""]",2,0.782,
soccer|ca quilmes reserves|riestra afbc reserves|2026-06-02,spreads|ca quilmes reserve|1.25|home,spreads,CA Quilmes Reserve,1.25,home,1.04,1.04,"[""Betfair Exchange""]","[""odds_api_io""]",1,,
soccer|ca quilmes reserves|riestra afbc reserves|2026-06-02,spreads|deportivo riestra afbc reserve|-1.25|away,spreads,Deportivo Riestra Afbc Reserve,-1.25,away,16.89,16.89,"[""Betfair Exchange""]","[""odds_api_io""]",1,,
soccer|ca quilmes reserves|riestra afbc reserves|2026-06-02,spreads|ca quilmes reserve|2.25|home,spreads,CA Quilmes Reserve,2.25,home,1.01,1.01,"[""Betfair Exchange""]","[""odds_api_io""]",1,,
soccer|ca quilmes reserves|riestra afbc reserves|2026-06-02,spreads|deportivo riestra afbc reserve|-2.25|away,spreads,Deportivo Riestra Afbc Reserve,-2.25,away,88.0,88.0,"[""Betfair Exchange""]","[""odds_api_io""]",1,,
soccer|ca quilmes reserves|riestra afbc reserves|2026-06-02,spreads|ca quilmes reserve|1.75|home,spreads,CA Quilmes Reserve,1.75,home,1.02,1.02,"[""Betfair Exchange""]","[""odds_api_io""]",1,,
soccer|ca quilmes reserves|riestra afbc reserves|2026-06-02,spreads|deportivo riestra afbc reserve|-1.75|away,spreads,Deportivo Riestra Afbc Reserve,-1.75,away,29.33,29.33,"[""Betfair Exchange""]","[""odds_api_io""]",1,,
soccer|ca quilmes reserves|riestra afbc reserves|2026-06-02,spreads|ca quilmes reserve|-2.75|home,spreads,CA Quilmes Reserve,-2.75,home,12.06,12.06,"[""Betfair Exchange""]","[""odds_api_io""]",1,,
soccer|ca quilmes reserves|riestra afbc reserves|2026-06-02,spreads|deportivo riestra afbc reserve|2.75|away,spreads,Deportivo Riestra Afbc Reserve,2.75,away,1.06,1.06,"[""Betfair Exchange""]","[""odds_api_io""]",1,,
soccer|ca quilmes reserves|riestra afbc reserves|2026-06-02,spreads|ca quilmes reserve|1.50|home,spreads,CA Quilmes Reserve,1.5,home,1.03,1.03,"[""Betfair Exchange""]","[""odds_api_io""]",1,,
soccer|ca quilmes reserves|riestra afbc reserves|2026-06-02,spreads|deportivo riestra afbc reserve|-1.50|away,spreads,Deportivo Riestra Afbc Reserve,-1.5,away,18.0,18.0,"[""Betfair Exchange""]","[""odds_api_io""]",1,,
soccer|ca quilmes reserves|riestra afbc reserves|2026-06-02,spreads|ca quilmes reserve|2.00|home,spreads,CA Quilmes Reserve,2.0,home,1.03,1.0199,"[""Betfair Exchange""]","[""odds_api_io""]",2,1.923,
soccer|ca quilmes reserves|riestra afbc reserves|2026-06-02,spreads|deportivo riestra afbc reserve|-2.00|away,spreads,Deportivo Riestra Afbc Reserve,-2.0,away,90.0,87.9493,"[""Betfair Exchange""]","[""odds_api_io""]",2,0.052,
soccer|ca quilmes reserves|riestra afbc reserves|2026-06-02,spreads|ca quilmes reserve|-3.75|home,spreads,CA Quilmes Reserve,-3.75,home,23.99,23.99,"[""Betfair Exchange""]","[""odds_api_io""]",1,,
soccer|ca quilmes reserves|riestra afbc reserves|2026-06-02,spreads|deportivo riestra afbc reserve|3.75|away,spreads,Deportivo Riestra Afbc Reserve,3.75,away,1.01,1.01,"[""Betfair Exchange""]","[""odds_api_io""]",1,,
soccer|ca quilmes reserves|riestra afbc reserves|2026-06-02,spreads|ca quilmes reserve|2.50|home,spreads,CA Quilmes Reserve,2.5,home,1.01,1.01,"[""Betfair Exchange""]","[""odds_api_io""]",1,,
soccer|ca quilmes reserves|riestra afbc reserves|2026-06-02,spreads|deportivo riestra afbc reserve|-2.50|away,spreads,Deportivo Riestra Afbc Reserve,-2.5,away,90.0,90.0,"[""Betfair Exchange""]","[""odds_api_io""]",1,,
soccer|ca quilmes reserves|riestra afbc reserves|2026-06-02,spreads|ca quilmes reserve|-3.50|home,spreads,CA Quilmes Reserve,-3.5,home,24.0,24.0,"[""Betfair Exchange""]","[""odds_api_io""]",1,,
soccer|ca quilmes reserves|riestra afbc reserves|2026-06-02,spreads|deportivo riestra afbc reserve|3.50|away,spreads,Deportivo Riestra Afbc Reserve,3.5,away,1.02,1.02,"[""Betfair Exchange""]","[""odds_api_io""]",1,,
soccer|ca quilmes reserves|riestra afbc reserves|2026-06-02,spreads|ca quilmes reserve|-3.00|home,spreads,CA Quilmes Reserve,-3.0,home,24.0,23.0487,"[""Betfair Exchange""]","[""odds_api_io""]",2,0.344,
soccer|ca quilmes reserves|riestra afbc reserves|2026-06-02,spreads|deportivo riestra afbc reserve|3.00|away,spreads,Deportivo Riestra Afbc Reserve,3.0,away,1.1,1.0585,"[""Betfair Exchange""]","[""odds_api_io""]",2,7.13,
soccer|ca quilmes reserves|riestra afbc reserves|2026-06-02,spreads|ca quilmes reserve|-3.25|home,spreads,CA Quilmes Reserve,-3.25,home,23.08,23.08,"[""Betfair Exchange""]","[""odds_api_io""]",1,,
soccer|ca quilmes reserves|riestra afbc reserves|2026-06-02,spreads|deportivo riestra afbc reserve|3.25|away,spreads,Deportivo Riestra Afbc Reserve,3.25,away,1.02,1.02,"[""Betfair Exchange""]","[""odds_api_io""]",1,,
soccer|ca quilmes reserves|riestra afbc reserves|2026-06-02,totals|over|2.25|,totals,Over,2.25,,2.2,2.2,"[""Betfair Exchange""]","[""odds_api_io""]",1,,
soccer|ca quilmes reserves|riestra afbc reserves|2026-06-02,totals|under|2.25|,totals,Under,2.25,,1.74,1.74,"[""Betfair Exchange""]","[""odds_api_io""]",1,,
soccer|ca quilmes reserves|riestra afbc reserves|2026-06-02,totals|over|6.75|,totals,Over,6.75,,171.98,171.98,"[""Betfair Exchange""]","[""odds_api_io""]",1,,
soccer|ca quilmes reserves|riestra afbc reserves|2026-06-02,totals|under|6.75|,totals,Under,6.75,,1.07,1.07,"[""Betfair Exchange""]","[""odds_api_io""]",1,,
soccer|ca quilmes reserves|riestra afbc reserves|2026-06-02,totals|over|4.75|,totals,Over,4.75,,18.63,18.63,"[""Betfair Exchange""]","[""odds_api_io""]",1,,
soccer|ca quilmes reserves|riestra afbc reserves|2026-06-02,totals|under|4.75|,totals,Under,4.75,,1.04,1.04,"[""Betfair Exchange""]","[""odds_api_io""]",1,,
soccer|ca quilmes reserves|riestra afbc reserves|2026-06-02,totals|over|5.00|,totals,Over,5.0,,34.23,34.23,"[""Betfair Exchange""]","[""odds_api_io""]",1,,
soccer|ca quilmes reserves|riestra afbc reserves|2026-06-02,totals|under|5.00|,totals,Under,5.0,,1.02,1.02,"[""Betfair Exchange""]","[""odds_api_io""]",1,,
soccer|ca quilmes reserves|riestra afbc reserves|2026-06-02,totals|over|3.75|,totals,Over,3.75,,6.73,6.73,"[""Betfair Exchange""]","[""odds_api_io""]",1,,
soccer|ca quilmes reserves|riestra afbc reserves|2026-06-02,totals|under|3.75|,totals,Under,3.75,,1.12,1.12,"[""Betfair Exchange""]","[""odds_api_io""]",1,,
soccer|ca quilmes reserves|riestra afbc reserves|2026-06-02,totals|over|5.25|,totals,Over,5.25,,35.11,35.11,"[""Betfair Exchange""]","[""odds_api_io""]",1,,
soccer|ca quilmes reserves|riestra afbc reserves|2026-06-02,totals|under|5.25|,totals,Under,5.25,,1.02,1.02,"[""Betfair Exchange""]","[""odds_api_io""]",1,,
soccer|ca quilmes reserves|riestra afbc reserves|2026-06-02,totals|over|4.50|,totals,Over,4.5,,13.0,13.0,"[""Betfair Exchange""]","[""odds_api_io""]",1,,
soccer|ca quilmes reserves|riestra afbc reserves|2026-06-02,totals|under|4.50|,totals,Under,4.5,,1.07,1.07,"[""Betfair Exchange""]","[""odds_api_io""]",1,,
soccer|ca quilmes reserves|riestra afbc reserves|2026-06-02,totals|over|5.50|,totals,Over,5.5,,36.0,36.0,"[""Betfair Exchange""]","[""odds_api_io""]",1,,
soccer|ca quilmes reserves|riestra afbc reserves|2026-06-02,totals|under|5.50|,totals,Under,5.5,,1.02,1.02,"[""Betfair Exchange""]","[""odds_api_io""]",1,,
soccer|ca quilmes reserves|riestra afbc reserves|2026-06-02,totals|over|3.25|,totals,Over,3.25,,4.68,4.68,"[""Betfair Exchange""]","[""odds_api_io""]",1,,
soccer|ca quilmes reserves|riestra afbc reserves|2026-06-02,totals|under|3.25|,totals,Under,3.25,,1.25,1.25,"[""Betfair Exchange""]","[""odds_api_io""]",1,,
soccer|ca quilmes reserves|riestra afbc reserves|2026-06-02,totals|over|4.00|,totals,Over,4.0,,11.49,11.49,"[""Betfair Exchange""]","[""odds_api_io""]",1,,
soccer|ca quilmes reserves|riestra afbc reserves|2026-06-02,totals|under|4.00|,totals,Under,4.0,,1.08,1.08,"[""Betfair Exchange""]","[""odds_api_io""]",1,,
soccer|ca quilmes reserves|riestra afbc reserves|2026-06-02,totals|over|4.25|,totals,Over,4.25,,12.25,12.25,"[""Betfair Exchange""]","[""odds_api_io""]",1,,
soccer|ca quilmes reserves|riestra afbc reserves|2026-06-02,totals|under|4.25|,totals,Under,4.25,,1.07,1.07,"[""Betfair Exchange""]","[""odds_api_io""]",1,,
soccer|ca quilmes reserves|riestra afbc reserves|2026-06-02,totals|over|3.00|,totals,Over,3.0,,4.16,4.16,"[""Betfair Exchange""]","[""odds_api_io""]",1,,
soccer|ca quilmes reserves|riestra afbc reserves|2026-06-02,totals|under|3.00|,totals,Under,3.0,,1.29,1.29,"[""Betfair Exchange""]","[""odds_api_io""]",1,,
soccer|ca quilmes reserves|riestra afbc reserves|2026-06-02,totals|over|7.75|,totals,Over,7.75,,366.76,366.76,"[""Betfair Exchange""]","[""odds_api_io""]",1,,
soccer|ca quilmes reserves|riestra afbc reserves|2026-06-02,totals|under|7.75|,totals,Under,7.75,,1.3,1.3,"[""Betfair Exchange""]","[""odds_api_io""]",1,,
soccer|ca quilmes reserves|riestra afbc reserves|2026-06-02,totals|over|1.75|,totals,Over,1.75,,1.63,1.63,"[""Betfair Exchange""]","[""odds_api_io""]",1,,
soccer|ca quilmes reserves|riestra afbc reserves|2026-06-02,totals|under|1.75|,totals,Under,1.75,,2.36,2.36,"[""Betfair Exchange""]","[""odds_api_io""]",1,,
soccer|ca quilmes reserves|riestra afbc reserves|2026-06-02,totals|over|2.75|,totals,Over,2.75,,3.09,3.09,"[""Betfair Exchange""]","[""odds_api_io""]",1,,
soccer|ca quilmes reserves|riestra afbc reserves|2026-06-02,totals|under|2.75|,totals,Under,2.75,,1.41,1.41,"[""Betfair Exchange""]","[""odds_api_io""]",1,,
soccer|ca quilmes reserves|riestra afbc reserves|2026-06-02,totals|over|0.50|,totals,Over,0.5,,1.12,1.12,"[""Betfair Exchange""]","[""odds_api_io""]",1,,
soccer|ca quilmes reserves|riestra afbc reserves|2026-06-02,totals|under|0.50|,totals,Under,0.5,,8.8,8.8,"[""Betfair Exchange""]","[""odds_api_io""]",1,,
soccer|ca quilmes reserves|riestra afbc reserves|2026-06-02,totals|over|0.75|,totals,Over,0.75,,1.13,1.13,"[""Betfair Exchange""]","[""odds_api_io""]",1,,
soccer|ca quilmes reserves|riestra afbc reserves|2026-06-02,totals|under|0.75|,totals,Under,0.75,,7.07,7.07,"[""Betfair Exchange""]","[""odds_api_io""]",1,,
soccer|ca quilmes reserves|riestra afbc reserves|2026-06-02,totals|over|1.00|,totals,Over,1.0,,1.16,1.16,"[""Betfair Exchange""]","[""odds_api_io""]",1,,
soccer|ca quilmes reserves|riestra afbc reserves|2026-06-02,totals|under|1.00|,totals,Under,1.0,,6.14,6.14,"[""Betfair Exchange""]","[""odds_api_io""]",1,,
soccer|ca quilmes reserves|riestra afbc reserves|2026-06-02,totals|over|1.25|,totals,Over,1.25,,1.33,1.33,"[""Betfair Exchange""]","[""odds_api_io""]",1,,
soccer|ca quilmes reserves|riestra afbc reserves|2026-06-02,totals|under|1.25|,totals,Under,1.25,,3.68,3.68,"[""Betfair Exchange""]","[""odds_api_io""]",1,,
soccer|ca quilmes reserves|riestra afbc reserves|2026-06-02,btts|yes||,btts,Yes,,,2.24,2.24,"[""Betfair Exchange""]","[""odds_api_io""]",1,,
soccer|ca quilmes reserves|riestra afbc reserves|2026-06-02,btts|no||,btts,No,,,1.7,1.7,"[""Betfair Exchange""]","[""odds_api_io""]",1,,
soccer|ca quilmes reserves|riestra afbc reserves|2026-06-02,spreads|ca quilmes reserve|3.00|home,spreads,CA Quilmes Reserve,3.0,home,1.01,1.01,"[""Betfair Exchange""]","[""odds_api_io""]",1,,
soccer|ca quilmes reserves|riestra afbc reserves|2026-06-02,spreads|deportivo riestra afbc reserve|-3.00|away,spreads,Deportivo Riestra Afbc Reserve,-3.0,away,170.0,170.0,"[""Betfair Exchange""]","[""odds_api_io""]",1,,
soccer|cerro largo|maldonado reserves|2026-06-02,h2h|deportivo maldonado reserve||home,h2h,Deportivo Maldonado Reserve,,home,2.22,2.1851,"[""Bet365"", ""Betfair Exchange""]","[""odds_api_io""]",2,1.467,
soccer|cerro largo|maldonado reserves|2026-06-02,h2h|draw||,h2h,Draw,,,3.55,3.4227,"[""Bet365"", ""Betfair Exchange""]","[""odds_api_io""]",2,2.134,
soccer|cerro largo|maldonado reserves|2026-06-02,h2h|cerro largo fc||away,h2h,Cerro Largo FC,,away,3.2,3.1501,"[""Bet365"", ""Betfair Exchange""]","[""odds_api_io""]",2,1.008,
soccer|cerro largo|maldonado reserves|2026-06-02,dnb|deportivo maldonado reserve|0.00|home,dnb,Deportivo Maldonado Reserve,0.0,home,1.62,1.6175,"[""Bet365"", ""Betfair Exchange""]","[""odds_api_io""]",2,0.191,
soccer|cerro largo|maldonado reserves|2026-06-02,dnb|cerro largo fc|0.00|away,dnb,Cerro Largo FC,0.0,away,2.32,2.2595,"[""Bet365"", ""Betfair Exchange""]","[""odds_api_io""]",2,2.351,
soccer|cerro largo|maldonado reserves|2026-06-02,spreads|deportivo maldonado reserve|-0.25|home,spreads,Deportivo Maldonado Reserve,-0.25,home,1.92,1.9101,"[""Bet365"", ""Betfair Exchange""]","[""odds_api_io""]",2,0.548,
soccer|cerro largo|maldonado reserves|2026-06-02,spreads|cerro largo fc|0.25|away,spreads,Cerro Largo FC,0.25,away,1.93,1.9152,"[""Bet365"", ""Betfair Exchange""]","[""odds_api_io""]",2,0.818,
soccer|cerro largo|maldonado reserves|2026-06-02,totals|over|2.75|,totals,Over,2.75,,2.06,2.0174,"[""Bet365"", ""Betfair Exchange""]","[""odds_api_io""]",2,2.089,
soccer|cerro largo|maldonado reserves|2026-06-02,totals|under|2.75|,totals,Under,2.75,,1.84,1.8326,"[""Bet365"", ""Betfair Exchange""]","[""odds_api_io""]",2,0.447,
soccer|cerro largo|maldonado reserves|2026-06-02,totals|over|2.50|,totals,Over,2.5,,1.84,1.8201,"[""Bet365"", ""Betfair Exchange""]","[""odds_api_io""]",2,1.208,
soccer|cerro largo|maldonado reserves|2026-06-02,totals|under|2.50|,totals,Under,2.5,,2.06,2.0301,"[""Bet365"", ""Betfair Exchange""]","[""odds_api_io""]",2,1.456,
soccer|cerro largo|maldonado reserves|2026-06-02,spreads|deportivo maldonado reserve|-2.00|home,spreads,Deportivo Maldonado Reserve,-2.0,home,9.2,7.9652,"[""Bet365"", ""Betfair Exchange""]","[""odds_api_io""]",3,3.836,
soccer|cerro largo|maldonado reserves|2026-06-02,spreads|cerro largo fc|2.00|away,spreads,Cerro Largo FC,2.0,away,1.2,1.1263,"[""Bet365"", ""Betfair Exchange""]","[""odds_api_io""]",3,9.259,
soccer|cerro largo|maldonado reserves|2026-06-02,spreads|deportivo maldonado reserve|-1.25|home,spreads,Deportivo Maldonado Reserve,-1.25,home,3.53,3.4903,"[""Bet365"", ""Betfair Exchange""]","[""odds_api_io""]",2,0.657,
soccer|cerro largo|maldonado reserves|2026-06-02,spreads|cerro largo fc|1.25|away,spreads,Cerro Largo FC,1.25,away,5.75,2.0029,"[""Bet365"", ""Betfair Exchange""]","[""odds_api_io""]",2,63.91,
soccer|cerro largo|maldonado reserves|2026-06-02,spreads|deportivo maldonado reserve|-1.00|home,spreads,Deportivo Maldonado Reserve,-1.0,home,3.9,3.3573,"[""Bet365"", ""Betfair Exchange""]","[""odds_api_io""]",3,6.617,
soccer|cerro largo|maldonado reserves|2026-06-02,spreads|cerro largo fc|1.00|away,spreads,Cerro Largo FC,1.0,away,5.25,1.9128,"[""Bet365"", ""Betfair Exchange""]","[""odds_api_io""]",3,59.077,
soccer|cerro largo|maldonado reserves|2026-06-02,spreads|deportivo maldonado reserve|-0.75|home,spreads,Deportivo Maldonado Reserve,-0.75,home,2.59,2.545,"[""Bet365"", ""Betfair Exchange""]","[""odds_api_io""]",2,1.39,
soccer|cerro largo|maldonado reserves|2026-06-02,spreads|cerro largo fc|0.75|away,spreads,Cerro Largo FC,0.75,away,3.7,2.1183,"[""Bet365"", ""Betfair Exchange""]","[""odds_api_io""]",2,39.64,
soccer|cerro largo|maldonado reserves|2026-06-02,spreads|deportivo maldonado reserve|-0.50|home,spreads,Deportivo Maldonado Reserve,-0.5,home,2.22,2.1851,"[""Bet365"", ""Betfair Exchange""]","[""odds_api_io""]",2,1.467,
soccer|cerro largo|maldonado reserves|2026-06-02,spreads|cerro largo fc|0.50|away,spreads,Cerro Largo FC,0.5,away,3.1,2.1926,"[""Bet365"", ""Betfair Exchange""]","[""odds_api_io""]",2,26.221,
soccer|cerro largo|maldonado reserves|2026-06-02,spreads|deportivo maldonado reserve|0.00|home,spreads,Deportivo Maldonado Reserve,0.0,home,1.62,1.6101,"[""Bet365"", ""Betfair Exchange""]","[""odds_api_io""]",2,0.772,
soccer|cerro largo|maldonado reserves|2026-06-02,spreads|cerro largo fc|-0.00|away,spreads,Cerro Largo FC,-0.0,away,2.33,2.3152,"[""Bet365"", ""Betfair Exchange""]","[""odds_api_io""]",2,0.56,
soccer|cerro largo|maldonado reserves|2026-06-02,spreads|deportivo maldonado reserve|0.25|home,spreads,Deportivo Maldonado Reserve,0.25,home,1.48,1.4651,"[""Bet365"", ""Betfair Exchange""]","[""odds_api_io""]",2,1.398,
soccer|cerro largo|maldonado reserves|2026-06-02,spreads|cerro largo fc|-0.25|away,spreads,Cerro Largo FC,-0.25,away,2.76,2.7176,"[""Bet365"", ""Betfair Exchange""]","[""odds_api_io""]",2,1.151,
soccer|cerro largo|maldonado reserves|2026-06-02,spreads|deportivo maldonado reserve|0.50|home,spreads,Deportivo Maldonado Reserve,0.5,home,1.39,1.3701,"[""Bet365"", ""Betfair Exchange""]","[""odds_api_io""]",2,2.132,
soccer|cerro largo|maldonado reserves|2026-06-02,spreads|cerro largo fc|-0.50|away,spreads,Cerro Largo FC,-0.5,away,3.2,2.2116,"[""Bet365"", ""Betfair Exchange""]","[""odds_api_io""]",2,28.451,
soccer|cerro largo|maldonado reserves|2026-06-02,spreads|deportivo maldonado reserve|0.75|home,spreads,Deportivo Maldonado Reserve,0.75,home,1.26,1.26,"[""Bet365"", ""Betfair Exchange""]","[""odds_api_io""]",2,,
soccer|cerro largo|maldonado reserves|2026-06-02,spreads|cerro largo fc|-0.75|away,spreads,Cerro Largo FC,-0.75,away,3.92,2.1875,"[""Bet365"", ""Betfair Exchange""]","[""odds_api_io""]",2,41.156,
soccer|cerro largo|maldonado reserves|2026-06-02,spreads|deportivo maldonado reserve|1.00|home,spreads,Deportivo Maldonado Reserve,1.0,home,1.39,1.217,"[""Bet365"", ""Betfair Exchange""]","[""odds_api_io""]",3,16.553,
soccer|cerro largo|maldonado reserves|2026-06-02,spreads|cerro largo fc|-1.00|away,spreads,Cerro Largo FC,-1.0,away,6.2,2.789,"[""Bet365"", ""Betfair Exchange""]","[""odds_api_io""]",3,57.945,
soccer|cerro largo|maldonado reserves|2026-06-02,spreads|deportivo maldonado reserve|1.25|home,spreads,Deportivo Maldonado Reserve,1.25,home,1.14,1.1297,"[""Bet365"", ""Betfair Exchange""]","[""odds_api_io""]",2,1.566,
soccer|cerro largo|maldonado reserves|2026-06-02,spreads|cerro largo fc|-1.25|away,spreads,Cerro Largo FC,-1.25,away,5.83,2.1508,"[""Bet365"", ""Betfair Exchange""]","[""odds_api_io""]",2,59.77,
soccer|cerro largo|maldonado reserves|2026-06-02,spreads|deportivo maldonado reserve|-1.75|home,spreads,Deportivo Maldonado Reserve,-1.75,home,5.15,4.972,"[""Bet365"", ""Betfair Exchange""]","[""odds_api_io""]",2,1.416,
soccer|cerro largo|maldonado reserves|2026-06-02,spreads|cerro largo fc|1.75|away,spreads,Cerro Largo FC,1.75,away,1.175,1.1569,"[""Bet365"", ""Betfair Exchange""]","[""odds_api_io""]",2,2.613,
soccer|cerro largo|maldonado reserves|2026-06-02,spreads|deportivo maldonado reserve|-1.50|home,spreads,Deportivo Maldonado Reserve,-1.5,home,3.9,3.8503,"[""Bet365"", ""Betfair Exchange""]","[""odds_api_io""]",2,0.675,
soccer|cerro largo|maldonado reserves|2026-06-02,spreads|cerro largo fc|1.50|away,spreads,Cerro Largo FC,1.5,away,6.0,1.976,"[""Bet365"", ""Betfair Exchange""]","[""odds_api_io""]",2,66.667,
soccer|cerro largo|maldonado reserves|2026-06-02,spreads|deportivo maldonado reserve|1.50|home,spreads,Deportivo Maldonado Reserve,1.5,home,1.125,1.1173,"[""Bet365"", ""Betfair Exchange""]","[""odds_api_io""]",2,1.201,
soccer|cerro largo|maldonado reserves|2026-06-02,spreads|cerro largo fc|-1.50|away,spreads,Cerro Largo FC,-1.5,away,6.32,2.1129,"[""Bet365"", ""Betfair Exchange""]","[""odds_api_io""]",2,64.177,
soccer|cerro largo|maldonado reserves|2026-06-02,doubleChance|1x||,doubleChance,1X,,,1.39,1.39,"[""Betfair Exchange""]","[""odds_api_io""]",1,,
soccer|cerro largo|maldonado reserves|2026-06-02,doubleChance|12||,doubleChance,12,,,1.34,1.34,"[""Betfair Exchange""]","[""odds_api_io""]",1,,
soccer|cerro largo|maldonado reserves|2026-06-02,doubleChance|x2||,doubleChance,X2,,,1.71,1.71,"[""Betfair Exchange""]","[""odds_api_io""]",1,,
soccer|cerro largo|maldonado reserves|2026-06-02,spreads|deportivo maldonado reserve|-2.25|home,spreads,Deportivo Maldonado Reserve,-2.25,home,8.79,8.79,"[""Betfair Exchange""]","[""odds_api_io""]",1,,
soccer|cerro largo|maldonado reserves|2026-06-02,spreads|cerro largo fc|2.25|away,spreads,Cerro Largo FC,2.25,away,1.07,1.07,"[""Betfair Exchange""]","[""odds_api_io""]",1,,
soccer|cerro largo|maldonado reserves|2026-06-02,spreads|deportivo maldonado reserve|1.75|home,spreads,Deportivo Maldonado Reserve,1.75,home,1.07,1.07,"[""Betfair Exchange""]","[""odds_api_io""]",1,,
soccer|cerro largo|maldonado reserves|2026-06-02,spreads|cerro largo fc|-1.75|away,spreads,Cerro Largo FC,-1.75,away,9.02,9.02,"[""Betfair Exchange""]","[""odds_api_io""]",1,,
soccer|cerro largo|maldonado reserves|2026-06-02,spreads|deportivo maldonado reserve|2.25|home,spreads,Deportivo Maldonado Reserve,2.25,home,1.03,1.03,"[""Betfair Exchange""]","[""odds_api_io""]",1,,
soccer|cerro largo|maldonado reserves|2026-06-02,spreads|cerro largo fc|-2.25|away,spreads,Cerro Largo FC,-2.25,away,17.15,17.15,"[""Betfair Exchange""]","[""odds_api_io""]",1,,
soccer|cerro largo|maldonado reserves|2026-06-02,spreads|deportivo maldonado reserve|2.00|home,spreads,Deportivo Maldonado Reserve,2.0,home,1.11,1.0685,"[""Betfair Exchange""]","[""odds_api_io""]",2,6.997,
soccer|cerro largo|maldonado reserves|2026-06-02,spreads|cerro largo fc|-2.00|away,spreads,Cerro Largo FC,-2.0,away,18.0,17.0803,"[""Betfair Exchange""]","[""odds_api_io""]",2,0.598,
soccer|cerro largo|maldonado reserves|2026-06-02,spreads|deportivo maldonado reserve|2.75|home,spreads,Deportivo Maldonado Reserve,2.75,home,1.02,1.02,"[""Betfair Exchange""]","[""odds_api_io""]",1,,
soccer|cerro largo|maldonado reserves|2026-06-02,spreads|cerro largo fc|-2.75|away,spreads,Cerro Largo FC,-2.75,away,27.69,27.69,"[""Betfair Exchange""]","[""odds_api_io""]",1,,
soccer|cerro largo|maldonado reserves|2026-06-02,spreads|deportivo maldonado reserve|2.50|home,spreads,Deportivo Maldonado Reserve,2.5,home,1.03,1.03,"[""Betfair Exchange""]","[""odds_api_io""]",1,,
soccer|cerro largo|maldonado reserves|2026-06-02,spreads|cerro largo fc|-2.50|away,spreads,Cerro Largo FC,-2.5,away,18.05,18.05,"[""Betfair Exchange""]","[""odds_api_io""]",1,,
soccer|cerro largo|maldonado reserves|2026-06-02,spreads|deportivo maldonado reserve|-2.75|home,spreads,Deportivo Maldonado Reserve,-2.75,home,13.38,13.38,"[""Betfair Exchange""]","[""odds_api_io""]",1,,
soccer|cerro largo|maldonado reserves|2026-06-02,spreads|cerro largo fc|2.75|away,spreads,Cerro Largo FC,2.75,away,1.04,1.04,"[""Betfair Exchange""]","[""odds_api_io""]",1,,
soccer|cerro largo|maldonado reserves|2026-06-02,spreads|deportivo maldonado reserve|-3.75|home,spreads,Deportivo Maldonado Reserve,-3.75,home,27.0,27.0,"[""Betfair Exchange""]","[""odds_api_io""]",1,,
soccer|cerro largo|maldonado reserves|2026-06-02,spreads|cerro largo fc|3.75|away,spreads,Cerro Largo FC,3.75,away,1.01,1.01,"[""Betfair Exchange""]","[""odds_api_io""]",1,,
soccer|cerro largo|maldonado reserves|2026-06-02,spreads|deportivo maldonado reserve|-3.50|home,spreads,Deportivo Maldonado Reserve,-3.5,home,27.0,27.0,"[""Betfair Exchange""]","[""odds_api_io""]",1,,
soccer|cerro largo|maldonado reserves|2026-06-02,spreads|cerro largo fc|3.50|away,spreads,Cerro Largo FC,3.5,away,1.02,1.02,"[""Betfair Exchange""]","[""odds_api_io""]",1,,
soccer|cerro largo|maldonado reserves|2026-06-02,spreads|deportivo maldonado reserve|-3.25|home,spreads,Deportivo Maldonado Reserve,-3.25,home,26.07,26.07,"[""Betfair Exchange""]","[""odds_api_io""]",1,,
soccer|cerro largo|maldonado reserves|2026-06-02,spreads|cerro largo fc|3.25|away,spreads,Cerro Largo FC,3.25,away,1.02,1.02,"[""Betfair Exchange""]","[""odds_api_io""]",1,,
soccer|cerro largo|maldonado reserves|2026-06-02,spreads|deportivo maldonado reserve|-3.00|home,spreads,Deportivo Maldonado Reserve,-3.0,home,27.0,26.0422,"[""Betfair Exchange""]","[""odds_api_io""]",2,0.272,
soccer|cerro largo|maldonado reserves|2026-06-02,spreads|cerro largo fc|3.00|away,spreads,Cerro Largo FC,3.0,away,1.07,1.0444,"[""Betfair Exchange""]","[""odds_api_io""]",2,4.581,
soccer|cerro largo|maldonado reserves|2026-06-02,spreads|deportivo maldonado reserve|-2.50|home,spreads,Deportivo Maldonado Reserve,-2.5,home,9.33,9.33,"[""Betfair Exchange""]","[""odds_api_io""]",1,,
soccer|cerro largo|maldonado reserves|2026-06-02,spreads|cerro largo fc|2.50|away,spreads,Cerro Largo FC,2.5,away,1.07,1.07,"[""Betfair Exchange""]","[""odds_api_io""]",1,,
soccer|cerro largo|maldonado reserves|2026-06-02,totals|over|2.25|,totals,Over,2.25,,1.62,1.62,"[""Betfair Exchange""]","[""odds_api_io""]",1,,
soccer|cerro largo|maldonado reserves|2026-06-02,totals|under|2.25|,totals,Under,2.25,,2.41,2.41,"[""Betfair Exchange""]","[""odds_api_io""]",1,,
soccer|cerro largo|maldonado reserves|2026-06-02,totals|over|0.50|,totals,Over,0.5,,1.06,1.06,"[""Betfair Exchange""]","[""odds_api_io""]",1,,
soccer|cerro largo|maldonado reserves|2026-06-02,totals|under|0.50|,totals,Under,0.5,,14.5,14.5,"[""Betfair Exchange""]","[""odds_api_io""]",1,,
soccer|cerro largo|maldonado reserves|2026-06-02,totals|over|0.75|,totals,Over,0.75,,1.06,1.06,"[""Betfair Exchange""]","[""odds_api_io""]",1,,
soccer|cerro largo|maldonado reserves|2026-06-02,totals|under|0.75|,totals,Under,0.75,,11.67,11.67,"[""Betfair Exchange""]","[""odds_api_io""]",1,,
soccer|cerro largo|maldonado reserves|2026-06-02,totals|over|1.00|,totals,Over,1.0,,1.07,1.07,"[""Betfair Exchange""]","[""odds_api_io""]",1,,
soccer|cerro largo|maldonado reserves|2026-06-02,totals|under|1.00|,totals,Under,1.0,,10.66,10.66,"[""Betfair Exchange""]","[""odds_api_io""]",1,,
soccer|cerro largo|maldonado reserves|2026-06-02,totals|over|5.00|,totals,Over,5.0,,13.65,13.65,"[""Betfair Exchange""]","[""odds_api_io""]",1,,
soccer|cerro largo|maldonado reserves|2026-06-02,totals|under|5.00|,totals,Under,5.0,,1.06,1.06,"[""Betfair Exchange""]","[""odds_api_io""]",1,,
soccer|cerro largo|maldonado reserves|2026-06-02,totals|over|4.75|,totals,Over,4.75,,8.57,8.57,"[""Betfair Exchange""]","[""odds_api_io""]",1,,
soccer|cerro largo|maldonado reserves|2026-06-02,totals|under|4.75|,totals,Under,4.75,,1.1,1.1,"[""Betfair Exchange""]","[""odds_api_io""]",1,,
soccer|cerro largo|maldonado reserves|2026-06-02,totals|over|6.00|,totals,Over,6.0,,36.46,36.46,"[""Betfair Exchange""]","[""odds_api_io""]",1,,
soccer|cerro largo|maldonado reserves|2026-06-02,totals|under|6.00|,totals,Under,6.0,,1.01,1.01,"[""Betfair Exchange""]","[""odds_api_io""]",1,,
soccer|cerro largo|maldonado reserves|2026-06-02,totals|over|5.50|,totals,Over,5.5,,15.0,15.0,"[""Betfair Exchange""]","[""odds_api_io""]",1,,
soccer|cerro largo|maldonado reserves|2026-06-02,totals|under|5.50|,totals,Under,5.5,,1.06,1.06,"[""Betfair Exchange""]","[""odds_api_io""]",1,,
soccer|cerro largo|maldonado reserves|2026-06-02,totals|over|6.25|,totals,Over,6.25,,37.23,37.23,"[""Betfair Exchange""]","[""odds_api_io""]",1,,
soccer|cerro largo|maldonado reserves|2026-06-02,totals|under|6.25|,totals,Under,6.25,,1.01,1.01,"[""Betfair Exchange""]","[""odds_api_io""]",1,,
soccer|cerro largo|maldonado reserves|2026-06-02,totals|over|5.75|,totals,Over,5.75,,21.36,21.36,"[""Betfair Exchange""]","[""odds_api_io""]",1,,
soccer|cerro largo|maldonado reserves|2026-06-02,totals|under|5.75|,totals,Under,5.75,,1.01,1.01,"[""Betfair Exchange""]","[""odds_api_io""]",1,,
soccer|cerro largo|maldonado reserves|2026-06-02,totals|over|5.25|,totals,Over,5.25,,14.32,14.32,"[""Betfair Exchange""]","[""odds_api_io""]",1,,
soccer|cerro largo|maldonado reserves|2026-06-02,totals|under|5.25|,totals,Under,5.25,,1.06,1.06,"[""Betfair Exchange""]","[""odds_api_io""]",1,,
soccer|cerro largo|maldonado reserves|2026-06-02,totals|over|1.25|,totals,Over,1.25,,1.17,1.17,"[""Betfair Exchange""]","[""odds_api_io""]",1,,
soccer|cerro largo|maldonado reserves|2026-06-02,totals|under|1.25|,totals,Under,1.25,,5.8,5.8,"[""Betfair Exchange""]","[""odds_api_io""]",1,,
soccer|cerro largo|maldonado reserves|2026-06-02,totals|over|1.50|,totals,Over,1.5,,1.28,1.28,"[""Betfair Exchange""]","[""odds_api_io""]",1,,
soccer|cerro largo|maldonado reserves|2026-06-02,totals|under|1.50|,totals,Under,1.5,,4.2,4.2,"[""Betfair Exchange""]","[""odds_api_io""]",1,,
soccer|cerro largo|maldonado reserves|2026-06-02,totals|over|3.25|,totals,Over,3.25,,2.79,2.79,"[""Betfair Exchange""]","[""odds_api_io""]",1,,
soccer|cerro largo|maldonado reserves|2026-06-02,totals|under|3.25|,totals,Under,3.25,,1.49,1.49,"[""Betfair Exchange""]","[""odds_api_io""]",1,,
soccer|cerro largo|maldonado reserves|2026-06-02,totals|over|3.00|,totals,Over,3.0,,2.43,2.43,"[""Betfair Exchange""]","[""odds_api_io""]",1,,
soccer|cerro largo|maldonado reserves|2026-06-02,totals|under|3.00|,totals,Under,3.0,,1.62,1.62,"[""Betfair Exchange""]","[""odds_api_io""]",1,,
soccer|cerro largo|maldonado reserves|2026-06-02,totals|over|3.50|,totals,Over,3.5,,3.15,3.15,"[""Betfair Exchange""]","[""odds_api_io""]",1,,
soccer|cerro largo|maldonado reserves|2026-06-02,totals|under|3.50|,totals,Under,3.5,,1.41,1.41,"[""Betfair Exchange""]","[""odds_api_io""]",1,,
soccer|cerro largo|maldonado reserves|2026-06-02,totals|over|4.25|,totals,Over,4.25,,5.88,5.88,"[""Betfair Exchange""]","[""odds_api_io""]",1,,
soccer|cerro largo|maldonado reserves|2026-06-02,totals|under|4.25|,totals,Under,4.25,,1.17,1.17,"[""Betfair Exchange""]","[""odds_api_io""]",1,,
soccer|cerro largo|maldonado reserves|2026-06-02,totals|over|3.75|,totals,Over,3.75,,3.88,3.88,"[""Betfair Exchange""]","[""odds_api_io""]",1,,
soccer|cerro largo|maldonado reserves|2026-06-02,totals|under|3.75|,totals,Under,3.75,,1.26,1.26,"[""Betfair Exchange""]","[""odds_api_io""]",1,,
soccer|cerro largo|maldonado reserves|2026-06-02,totals|over|4.00|,totals,Over,4.0,,5.36,5.36,"[""Betfair Exchange""]","[""odds_api_io""]",1,,
soccer|cerro largo|maldonado reserves|2026-06-02,totals|under|4.00|,totals,Under,4.0,,1.18,1.18,"[""Betfair Exchange""]","[""odds_api_io""]",1,,
soccer|cerro largo|maldonado reserves|2026-06-02,totals|over|4.50|,totals,Over,4.5,,6.4,6.4,"[""Betfair Exchange""]","[""odds_api_io""]",1,,
soccer|cerro largo|maldonado reserves|2026-06-02,totals|under|4.50|,totals,Under,4.5,,1.16,1.16,"[""Betfair Exchange""]","[""odds_api_io""]",1,,
soccer|cerro largo|maldonado reserves|2026-06-02,totals|over|1.75|,totals,Over,1.75,,1.33,1.33,"[""Betfair Exchange""]","[""odds_api_io""]",1,,
soccer|cerro largo|maldonado reserves|2026-06-02,totals|under|1.75|,totals,Under,1.75,,3.6,3.6,"[""Betfair Exchange""]","[""odds_api_io""]",1,,
soccer|cerro largo|maldonado reserves|2026-06-02,totals|over|2.00|,totals,Over,2.0,,1.4,1.4,"[""Betfair Exchange""]","[""odds_api_io""]",1,,
soccer|cerro largo|maldonado reserves|2026-06-02,totals|under|2.00|,totals,Under,2.0,,3.14,3.14,"[""Betfair Exchange""]","[""odds_api_io""]",1,,
soccer|cerro largo|maldonado reserves|2026-06-02,totals|over|6.50|,totals,Over,6.5,,38.0,38.0,"[""Betfair Exchange""]","[""odds_api_io""]",1,,
soccer|cerro largo|maldonado reserves|2026-06-02,totals|under|6.50|,totals,Under,6.5,,1.01,1.01,"[""Betfair Exchange""]","[""odds_api_io""]",1,,
soccer|cerro largo|maldonado reserves|2026-06-02,btts|yes||,btts,Yes,,,1.66,1.66,"[""Betfair Exchange""]","[""odds_api_io""]",1,,
soccer|cerro largo|maldonado reserves|2026-06-02,btts|no||,btts,No,,,2.26,2.26,"[""Betfair Exchange""]","[""odds_api_io""]",1,,
soccer|cerro largo|maldonado reserves|2026-06-02,spreads|deportivo maldonado reserve|3.00|home,spreads,Deportivo Maldonado Reserve,3.0,home,1.03,1.03,"[""Betfair Exchange""]","[""odds_api_io""]",1,,
soccer|cerro largo|maldonado reserves|2026-06-02,spreads|cerro largo fc|-3.00|away,spreads,Cerro Largo FC,-3.0,away,65.0,65.0,"[""Betfair Exchange""]","[""odds_api_io""]",1,,
soccer|brusque|criciuma|2026-06-02,h2h|brusque u20||home,h2h,Brusque U20,,home,7.8,5.9306,"[""Bet365"", ""Betfair Exchange""]","[""odds_api_io""]",2,8.232,
soccer|brusque|criciuma|2026-06-02,h2h|draw||,h2h,Draw,,,4.7,4.5124,"[""Bet365"", ""Betfair Exchange""]","[""odds_api_io""]",2,1.802,
soccer|brusque|criciuma|2026-06-02,h2h|criciuma u20||away,h2h,Criciuma U20,,away,1.45,1.4294,"[""Bet365"", ""Betfair Exchange""]","[""odds_api_io""]",2,1.956,
soccer|brusque|criciuma|2026-06-02,dnb|brusque u20|0.00|home,dnb,Brusque U20,0.0,home,6.2,5.5465,"[""Bet365"", ""Betfair Exchange""]","[""odds_api_io""]",2,3.871,
soccer|brusque|criciuma|2026-06-02,dnb|criciuma u20|0.00|away,dnb,Criciuma U20,0.0,away,1.142,1.141,"[""Bet365"", ""Betfair Exchange""]","[""odds_api_io""]",2,0.154,
soccer|brusque|criciuma|2026-06-02,spreads|brusque u20|1.25|home,spreads,Brusque U20,1.25,home,1.91,1.8544,"[""Bet365"", ""Betfair Exchange""]","[""odds_api_io""]",2,3.2,
soccer|brusque|criciuma|2026-06-02,spreads|criciuma u20|-1.25|away,spreads,Criciuma U20,-1.25,away,2.0,1.8929,"[""Bet365"", ""Betfair Exchange""]","[""odds_api_io""]",2,5.556,
soccer|brusque|criciuma|2026-06-02,totals|over|2.75|,totals,Over,2.75,,1.825,1.7913,"[""Bet365"", ""Betfair Exchange""]","[""odds_api_io""]",2,2.024,
soccer|brusque|criciuma|2026-06-02,totals|under|2.75|,totals,Under,2.75,,2.04,2.0076,"[""Bet365"", ""Betfair Exchange""]","[""odds_api_io""]",2,1.613,
soccer|brusque|criciuma|2026-06-02,totals|over|2.50|,totals,Over,2.5,,1.63,1.5635,"[""Bet365"", ""Betfair Exchange""]","[""odds_api_io""]",2,5.317,
soccer|brusque|criciuma|2026-06-02,totals|under|2.50|,totals,Under,2.5,,2.5,2.4374,"[""Bet365"", ""Betfair Exchange""]","[""odds_api_io""]",2,2.017,
soccer|brusque|criciuma|2026-06-02,doubleChance|1x||,doubleChance,1X,,,3.0,3.0,"[""Betfair Exchange""]","[""odds_api_io""]",1,,
soccer|brusque|criciuma|2026-06-02,doubleChance|12||,doubleChance,12,,,1.21,1.21,"[""Betfair Exchange""]","[""odds_api_io""]",1,,
soccer|brusque|criciuma|2026-06-02,doubleChance|x2||,doubleChance,X2,,,1.11,1.11,"[""Betfair Exchange""]","[""odds_api_io""]",1,,
soccer|brusque|criciuma|2026-06-02,spreads|brusque u20|0.75|home,spreads,Brusque U20,0.75,home,2.64,2.64,"[""Betfair Exchange""]","[""odds_api_io""]",1,,
soccer|brusque|criciuma|2026-06-02,spreads|criciuma u20|-0.75|away,spreads,Criciuma U20,-0.75,away,1.48,1.48,"[""Betfair Exchange""]","[""odds_api_io""]",1,,
soccer|brusque|criciuma|2026-06-02,spreads|brusque u20|-1.50|home,spreads,Brusque U20,-1.5,home,21.0,21.0,"[""Betfair Exchange""]","[""odds_api_io""]",1,,
soccer|brusque|criciuma|2026-06-02,spreads|criciuma u20|1.50|away,spreads,Criciuma U20,1.5,away,1.03,1.03,"[""Betfair Exchange""]","[""odds_api_io""]",1,,
soccer|brusque|criciuma|2026-06-02,spreads|brusque u20|-2.25|home,spreads,Brusque U20,-2.25,home,36.94,36.94,"[""Betfair Exchange""]","[""odds_api_io""]",1,,
soccer|brusque|criciuma|2026-06-02,spreads|criciuma u20|2.25|away,spreads,Criciuma U20,2.25,away,1.01,1.01,"[""Betfair Exchange""]","[""odds_api_io""]",1,,
soccer|brusque|criciuma|2026-06-02,spreads|brusque u20|-0.25|home,spreads,Brusque U20,-0.25,home,7.0,7.0,"[""Betfair Exchange""]","[""odds_api_io""]",1,,
soccer|brusque|criciuma|2026-06-02,spreads|criciuma u20|0.25|away,spreads,Criciuma U20,0.25,away,1.12,1.12,"[""Betfair Exchange""]","[""odds_api_io""]",1,,
soccer|brusque|criciuma|2026-06-02,spreads|brusque u20|-1.75|home,spreads,Brusque U20,-1.75,home,32.71,32.71,"[""Betfair Exchange""]","[""odds_api_io""]",1,,
soccer|brusque|criciuma|2026-06-02,spreads|criciuma u20|1.75|away,spreads,Criciuma U20,1.75,away,1.02,1.02,"[""Betfair Exchange""]","[""odds_api_io""]",1,,
soccer|brusque|criciuma|2026-06-02,spreads|brusque u20|-0.75|home,spreads,Brusque U20,-0.75,home,10.96,10.96,"[""Betfair Exchange""]","[""odds_api_io""]",1,,
soccer|brusque|criciuma|2026-06-02,spreads|criciuma u20|0.75|away,spreads,Criciuma U20,0.75,away,1.07,1.07,"[""Betfair Exchange""]","[""odds_api_io""]",1,,
soccer|brusque|criciuma|2026-06-02,spreads|brusque u20|-2.00|home,spreads,Brusque U20,-2.0,home,36.55,36.2729,"[""Betfair Exchange""]","[""odds_api_io""]",2,0.042,
soccer|brusque|criciuma|2026-06-02,spreads|criciuma u20|2.00|away,spreads,Criciuma U20,2.0,away,1.03,1.0199,"[""Betfair Exchange""]","[""odds_api_io""]",2,1.923,
soccer|brusque|criciuma|2026-06-02,spreads|brusque u20|0.25|home,spreads,Brusque U20,0.25,home,3.88,3.88,"[""Betfair Exchange""]","[""odds_api_io""]",1,,
soccer|brusque|criciuma|2026-06-02,spreads|criciuma u20|-0.25|away,spreads,Criciuma U20,-0.25,away,1.27,1.27,"[""Betfair Exchange""]","[""odds_api_io""]",1,,
soccer|brusque|criciuma|2026-06-02,spreads|brusque u20|-2.50|home,spreads,Brusque U20,-2.5,home,37.33,37.33,"[""Betfair Exchange""]","[""odds_api_io""]",1,,
soccer|brusque|criciuma|2026-06-02,spreads|criciuma u20|2.50|away,spreads,Criciuma U20,2.5,away,1.01,1.01,"[""Betfair Exchange""]","[""odds_api_io""]",1,,
soccer|brusque|criciuma|2026-06-02,spreads|brusque u20|-0.50|home,spreads,Brusque U20,-0.5,home,7.8,7.8,"[""Betfair Exchange""]","[""odds_api_io""]",1,,
soccer|brusque|criciuma|2026-06-02,spreads|criciuma u20|0.50|away,spreads,Criciuma U20,0.5,away,1.11,1.11,"[""Betfair Exchange""]","[""odds_api_io""]",1,,
soccer|brusque|criciuma|2026-06-02,spreads|brusque u20|-2.75|home,spreads,Brusque U20,-2.75,home,1.01,1.01,"[""Betfair Exchange""]","[""odds_api_io""]",1,,
soccer|brusque|criciuma|2026-06-02,spreads|criciuma u20|2.75|away,spreads,Criciuma U20,2.75,away,1.01,1.01,"[""Betfair Exchange""]","[""odds_api_io""]",1,,
soccer|brusque|criciuma|2026-06-02,spreads|brusque u20|-1.00|home,spreads,Brusque U20,-1.0,home,21.0,20.2812,"[""Betfair Exchange""]","[""odds_api_io""]",2,0.338,
soccer|brusque|criciuma|2026-06-02,spreads|criciuma u20|1.00|away,spreads,Criciuma U20,1.0,away,1.11,1.0685,"[""Betfair Exchange""]","[""odds_api_io""]",2,6.997,
soccer|brusque|criciuma|2026-06-02,spreads|brusque u20|-1.25|home,spreads,Brusque U20,-1.25,home,20.15,20.15,"[""Betfair Exchange""]","[""odds_api_io""]",1,,
soccer|brusque|criciuma|2026-06-02,spreads|criciuma u20|1.25|away,spreads,Criciuma U20,1.25,away,1.03,1.03,"[""Betfair Exchange""]","[""odds_api_io""]",1,,
soccer|brusque|criciuma|2026-06-02,spreads|brusque u20|0.00|home,spreads,Brusque U20,0.0,home,6.2,6.2,"[""Betfair Exchange""]","[""odds_api_io""]",1,,
soccer|brusque|criciuma|2026-06-02,spreads|criciuma u20|-0.00|away,spreads,Criciuma U20,-0.0,away,1.14,1.14,"[""Betfair Exchange""]","[""odds_api_io""]",1,,
soccer|brusque|criciuma|2026-06-02,spreads|brusque u20|0.50|home,spreads,Brusque U20,0.5,home,3.0,3.0,"[""Betfair Exchange""]","[""odds_api_io""]",1,,
soccer|brusque|criciuma|2026-06-02,spreads|criciuma u20|-0.50|away,spreads,Criciuma U20,-0.5,away,1.41,1.41,"[""Betfair Exchange""]","[""odds_api_io""]",1,,
soccer|brusque|criciuma|2026-06-02,spreads|brusque u20|2.50|home,spreads,Brusque U20,2.5,home,1.29,1.29,"[""Betfair Exchange""]","[""odds_api_io""]",1,,
soccer|brusque|criciuma|2026-06-02,spreads|criciuma u20|-2.50|away,spreads,Criciuma U20,-2.5,away,3.5,3.5,"[""Betfair Exchange""]","[""odds_api_io""]",1,,
soccer|brusque|criciuma|2026-06-02,spreads|brusque u20|3.25|home,spreads,Brusque U20,3.25,home,1.1,1.1,"[""Betfair Exchange""]","[""odds_api_io""]",1,,
soccer|brusque|criciuma|2026-06-02,spreads|criciuma u20|-3.25|away,spreads,Criciuma U20,-3.25,away,7.01,7.01,"[""Betfair Exchange""]","[""odds_api_io""]",1,,
soccer|brusque|criciuma|2026-06-02,spreads|brusque u20|3.75|home,spreads,Brusque U20,3.75,home,1.06,1.06,"[""Betfair Exchange""]","[""odds_api_io""]",1,,
soccer|brusque|criciuma|2026-06-02,spreads|criciuma u20|-3.75|away,spreads,Criciuma U20,-3.75,away,7.6,7.6,"[""Betfair Exchange""]","[""odds_api_io""]",1,,
soccer|brusque|criciuma|2026-06-02,spreads|brusque u20|2.00|home,spreads,Brusque U20,2.0,home,1.71,1.5274,"[""Betfair Exchange""]","[""odds_api_io""]",2,13.984,
soccer|brusque|criciuma|2026-06-02,spreads|criciuma u20|-2.00|away,spreads,Criciuma U20,-2.0,away,3.5,3.0987,"[""Betfair Exchange""]","[""odds_api_io""]",2,7.4,
soccer|brusque|criciuma|2026-06-02,spreads|brusque u20|1.75|home,spreads,Brusque U20,1.75,home,1.54,1.54,"[""Betfair Exchange""]","[""odds_api_io""]",1,,
soccer|brusque|criciuma|2026-06-02,spreads|criciuma u20|-1.75|away,spreads,Criciuma U20,-1.75,away,2.31,2.31,"[""Betfair Exchange""]","[""odds_api_io""]",1,,
soccer|brusque|criciuma|2026-06-02,spreads|brusque u20|4.00|home,spreads,Brusque U20,4.0,home,1.01,1.01,"[""Betfair Exchange""]","[""odds_api_io""]",1,,
soccer|brusque|criciuma|2026-06-02,spreads|criciuma u20|-4.00|away,spreads,Criciuma U20,-4.0,away,7.6,7.6,"[""Betfair Exchange""]","[""odds_api_io""]",1,,
soccer|brusque|criciuma|2026-06-02,spreads|brusque u20|3.00|home,spreads,Brusque U20,3.0,home,1.29,1.1933,"[""Betfair Exchange""]","[""odds_api_io""]",2,12.571,
soccer|brusque|criciuma|2026-06-02,spreads|criciuma u20|-3.00|away,spreads,Criciuma U20,-3.0,away,7.6,6.9603,"[""Betfair Exchange""]","[""odds_api_io""]",2,2.418,
soccer|brusque|criciuma|2026-06-02,spreads|brusque u20|1.00|home,spreads,Brusque U20,1.0,home,3.0,2.5779,"[""Betfair Exchange""]","[""odds_api_io""]",2,10.914,
soccer|brusque|criciuma|2026-06-02,spreads|criciuma u20|-1.00|away,spreads,Criciuma U20,-1.0,away,2.02,1.7731,"[""Betfair Exchange""]","[""odds_api_io""]",2,13.786,
soccer|brusque|criciuma|2026-06-02,spreads|brusque u20|3.50|home,spreads,Brusque U20,3.5,home,1.09,1.09,"[""Betfair Exchange""]","[""odds_api_io""]",1,,
soccer|brusque|criciuma|2026-06-02,spreads|criciuma u20|-3.50|away,spreads,Criciuma U20,-3.5,away,7.6,7.6,"[""Betfair Exchange""]","[""odds_api_io""]",1,,
soccer|brusque|criciuma|2026-06-02,spreads|brusque u20|2.25|home,spreads,Brusque U20,2.25,home,1.33,1.33,"[""Betfair Exchange""]","[""odds_api_io""]",1,,
soccer|brusque|criciuma|2026-06-02,spreads|criciuma u20|-2.25|away,spreads,Criciuma U20,-2.25,away,3.17,3.17,"[""Betfair Exchange""]","[""odds_api_io""]",1,,
soccer|brusque|criciuma|2026-06-02,spreads|brusque u20|1.50|home,spreads,Brusque U20,1.5,home,1.71,1.71,"[""Betfair Exchange""]","[""odds_api_io""]",1,,
soccer|brusque|criciuma|2026-06-02,spreads|criciuma u20|-1.50|away,spreads,Criciuma U20,-1.5,away,2.02,2.02,"[""Betfair Exchange""]","[""odds_api_io""]",1,,
soccer|brusque|criciuma|2026-06-02,spreads|brusque u20|2.75|home,spreads,Brusque U20,2.75,home,1.2,1.2,"[""Betfair Exchange""]","[""odds_api_io""]",1,,
soccer|brusque|criciuma|2026-06-02,spreads|criciuma u20|-2.75|away,spreads,Criciuma U20,-2.75,away,4.42,4.42,"[""Betfair Exchange""]","[""odds_api_io""]",1,,
soccer|brusque|criciuma|2026-06-02,totals|over|0.75|,totals,Over,0.75,,1.04,1.04,"[""Betfair Exchange""]","[""odds_api_io""]",1,,
soccer|brusque|criciuma|2026-06-02,totals|under|0.75|,totals,Under,0.75,,7.43,7.43,"[""Betfair Exchange""]","[""odds_api_io""]",1,,
soccer|brusque|criciuma|2026-06-02,totals|over|0.50|,totals,Over,0.5,,1.03,1.03,"[""Betfair Exchange""]","[""odds_api_io""]",1,,
soccer|brusque|criciuma|2026-06-02,totals|under|0.50|,totals,Under,0.5,,12.11,12.11,"[""Betfair Exchange""]","[""odds_api_io""]",1,,
soccer|brusque|criciuma|2026-06-02,totals|over|1.50|,totals,Over,1.5,,1.22,1.22,"[""Betfair Exchange""]","[""odds_api_io""]",1,,
soccer|brusque|criciuma|2026-06-02,totals|under|1.50|,totals,Under,1.5,,4.4,4.4,"[""Betfair Exchange""]","[""odds_api_io""]",1,,
soccer|brusque|criciuma|2026-06-02,totals|over|4.25|,totals,Over,4.25,,4.05,4.05,"[""Betfair Exchange""]","[""odds_api_io""]",1,,
soccer|brusque|criciuma|2026-06-02,totals|under|4.25|,totals,Under,4.25,,1.23,1.23,"[""Betfair Exchange""]","[""odds_api_io""]",1,,
soccer|brusque|criciuma|2026-06-02,totals|over|1.00|,totals,Over,1.0,,1.04,1.04,"[""Betfair Exchange""]","[""odds_api_io""]",1,,
soccer|brusque|criciuma|2026-06-02,totals|under|1.00|,totals,Under,1.0,,7.25,7.25,"[""Betfair Exchange""]","[""odds_api_io""]",1,,
soccer|brusque|criciuma|2026-06-02,totals|over|5.50|,totals,Over,5.5,,9.33,9.33,"[""Betfair Exchange""]","[""odds_api_io""]",1,,
soccer|brusque|criciuma|2026-06-02,totals|under|5.50|,totals,Under,5.5,,1.07,1.07,"[""Betfair Exchange""]","[""odds_api_io""]",1,,
soccer|brusque|criciuma|2026-06-02,totals|over|1.25|,totals,Over,1.25,,1.13,1.13,"[""Betfair Exchange""]","[""odds_api_io""]",1,,
soccer|brusque|criciuma|2026-06-02,totals|under|1.25|,totals,Under,1.25,,6.34,6.34,"[""Betfair Exchange""]","[""odds_api_io""]",1,,
soccer|brusque|criciuma|2026-06-02,totals|over|5.00|,totals,Over,5.0,,8.38,8.38,"[""Betfair Exchange""]","[""odds_api_io""]",1,,
soccer|brusque|criciuma|2026-06-02,totals|under|5.00|,totals,Under,5.0,,1.08,1.08,"[""Betfair Exchange""]","[""odds_api_io""]",1,,
soccer|brusque|criciuma|2026-06-02,totals|over|3.25|,totals,Over,3.25,,2.23,2.23,"[""Betfair Exchange""]","[""odds_api_io""]",1,,
soccer|brusque|criciuma|2026-06-02,totals|under|3.25|,totals,Under,3.25,,1.62,1.62,"[""Betfair Exchange""]","[""odds_api_io""]",1,,
soccer|brusque|criciuma|2026-06-02,totals|over|2.00|,totals,Over,2.0,,1.29,1.29,"[""Betfair Exchange""]","[""odds_api_io""]",1,,
soccer|brusque|criciuma|2026-06-02,totals|under|2.00|,totals,Under,2.0,,3.52,3.52,"[""Betfair Exchange""]","[""odds_api_io""]",1,,
soccer|brusque|criciuma|2026-06-02,totals|over|4.75|,totals,Over,4.75,,5.67,5.67,"[""Betfair Exchange""]","[""odds_api_io""]",1,,
soccer|brusque|criciuma|2026-06-02,totals|under|4.75|,totals,Under,4.75,,1.13,1.13,"[""Betfair Exchange""]","[""odds_api_io""]",1,,
soccer|brusque|criciuma|2026-06-02,totals|over|2.25|,totals,Over,2.25,,1.46,1.46,"[""Betfair Exchange""]","[""odds_api_io""]",1,,
soccer|brusque|criciuma|2026-06-02,totals|under|2.25|,totals,Under,2.25,,2.78,2.78,"[""Betfair Exchange""]","[""odds_api_io""]",1,,
soccer|brusque|criciuma|2026-06-02,totals|over|5.75|,totals,Over,5.75,,11.34,11.34,"[""Betfair Exchange""]","[""odds_api_io""]",1,,
soccer|brusque|criciuma|2026-06-02,totals|under|5.75|,totals,Under,5.75,,1.05,1.05,"[""Betfair Exchange""]","[""odds_api_io""]",1,,
soccer|brusque|criciuma|2026-06-02,totals|over|3.00|,totals,Over,3.0,,1.96,1.96,"[""Betfair Exchange""]","[""odds_api_io""]",1,,
soccer|brusque|criciuma|2026-06-02,totals|under|3.00|,totals,Under,3.0,,1.8,1.8,"[""Betfair Exchange""]","[""odds_api_io""]",1,,
soccer|brusque|criciuma|2026-06-02,totals|over|7.50|,totals,Over,7.5,,55.0,55.0,"[""Betfair Exchange""]","[""odds_api_io""]",1,,
soccer|brusque|criciuma|2026-06-02,totals|under|7.50|,totals,Under,7.5,,1.01,1.01,"[""Betfair Exchange""]","[""odds_api_io""]",1,,
soccer|brusque|criciuma|2026-06-02,totals|over|7.25|,totals,Over,7.25,,53.94,53.94,"[""Betfair Exchange""]","[""odds_api_io""]",1,,
soccer|brusque|criciuma|2026-06-02,totals|under|7.25|,totals,Under,7.25,,1.01,1.01,"[""Betfair Exchange""]","[""odds_api_io""]",1,,
soccer|brusque|criciuma|2026-06-02,totals|over|6.75|,totals,Over,6.75,,19.21,19.21,"[""Betfair Exchange""]","[""odds_api_io""]",1,,
soccer|brusque|criciuma|2026-06-02,totals|under|6.75|,totals,Under,6.75,,1.01,1.01,"[""Betfair Exchange""]","[""odds_api_io""]",1,,
soccer|brusque|criciuma|2026-06-02,totals|over|3.50|,totals,Over,3.5,,2.5,2.5,"[""Betfair Exchange""]","[""odds_api_io""]",1,,
soccer|brusque|criciuma|2026-06-02,totals|under|3.50|,totals,Under,3.5,,1.51,1.51,"[""Betfair Exchange""]","[""odds_api_io""]",1,,
soccer|brusque|criciuma|2026-06-02,totals|over|3.75|,totals,Over,3.75,,2.92,2.92,"[""Betfair Exchange""]","[""odds_api_io""]",1,,
soccer|brusque|criciuma|2026-06-02,totals|under|3.75|,totals,Under,3.75,,1.39,1.39,"[""Betfair Exchange""]","[""odds_api_io""]",1,,
soccer|brusque|criciuma|2026-06-02,totals|over|1.75|,totals,Over,1.75,,1.25,1.25,"[""Betfair Exchange""]","[""odds_api_io""]",1,,
soccer|brusque|criciuma|2026-06-02,totals|under|1.75|,totals,Under,1.75,,3.94,3.94,"[""Betfair Exchange""]","[""odds_api_io""]",1,,
soccer|brusque|criciuma|2026-06-02,totals|over|5.25|,totals,Over,5.25,,8.85,8.85,"[""Betfair Exchange""]","[""odds_api_io""]",1,,
soccer|brusque|criciuma|2026-06-02,totals|under|5.25|,totals,Under,5.25,,1.07,1.07,"[""Betfair Exchange""]","[""odds_api_io""]",1,,
soccer|brusque|criciuma|2026-06-02,totals|over|4.00|,totals,Over,4.0,,3.66,3.66,"[""Betfair Exchange""]","[""odds_api_io""]",1,,
soccer|brusque|criciuma|2026-06-02,totals|under|4.00|,totals,Under,4.0,,1.26,1.26,"[""Betfair Exchange""]","[""odds_api_io""]",1,,
soccer|brusque|criciuma|2026-06-02,totals|over|6.25|,totals,Over,6.25,,11.85,11.85,"[""Betfair Exchange""]","[""odds_api_io""]",1,,
soccer|brusque|criciuma|2026-06-02,totals|under|6.25|,totals,Under,6.25,,1.01,1.01,"[""Betfair Exchange""]","[""odds_api_io""]",1,,
soccer|brusque|criciuma|2026-06-02,totals|over|6.00|,totals,Over,6.0,,11.71,11.71,"[""Betfair Exchange""]","[""odds_api_io""]",1,,
soccer|brusque|criciuma|2026-06-02,totals|under|6.00|,totals,Under,6.0,,1.01,1.01,"[""Betfair Exchange""]","[""odds_api_io""]",1,,
soccer|brusque|criciuma|2026-06-02,totals|over|4.50|,totals,Over,4.5,,4.44,4.44,"[""Betfair Exchange""]","[""odds_api_io""]",1,,
soccer|brusque|criciuma|2026-06-02,totals|under|4.50|,totals,Under,4.5,,1.2,1.2,"[""Betfair Exchange""]","[""odds_api_io""]",1,,
soccer|brusque|criciuma|2026-06-02,totals|over|6.50|,totals,Over,6.5,,12.0,12.0,"[""Betfair Exchange""]","[""odds_api_io""]",1,,
soccer|brusque|criciuma|2026-06-02,totals|under|6.50|,totals,Under,6.5,,1.01,1.01,"[""Betfair Exchange""]","[""odds_api_io""]",1,,
soccer|brusque|criciuma|2026-06-02,totals|over|7.00|,totals,Over,7.0,,52.88,52.88,"[""Betfair Exchange""]","[""odds_api_io""]",1,,
soccer|brusque|criciuma|2026-06-02,totals|under|7.00|,totals,Under,7.0,,1.01,1.01,"[""Betfair Exchange""]","[""odds_api_io""]",1,,
soccer|brusque|criciuma|2026-06-02,btts|yes||,btts,Yes,,,1.82,1.82,"[""Betfair Exchange""]","[""odds_api_io""]",1,,
soccer|brusque|criciuma|2026-06-02,btts|no||,btts,No,,,1.94,1.94,"[""Betfair Exchange""]","[""odds_api_io""]",1,,
soccer|brusque|criciuma|2026-06-02,spreads|brusque u20|-3.00|home,spreads,Brusque U20,-3.0,home,1.01,1.01,"[""Betfair Exchange""]","[""odds_api_io""]",1,,
soccer|brusque|criciuma|2026-06-02,spreads|criciuma u20|3.00|away,spreads,Criciuma U20,3.0,away,1.01,1.01,"[""Betfair Exchange""]","[""odds_api_io""]",1,,
soccer|cr belouizdad|usm alger|2026-06-02,h2h|usm alger||home,h2h,USM Alger,,home,7.8,6.1415,"[""Bet365"", ""Unibet"", ""Betfair Exchange"", ""Sbobet""]","[""odds_api_io""]",4,8.919,
soccer|cr belouizdad|usm alger|2026-06-02,h2h|draw||,h2h,Draw,,,3.65,3.3392,"[""Bet365"", ""Unibet"", ""Betfair Exchange"", ""Sbobet""]","[""odds_api_io""]",4,4.861,
soccer|cr belouizdad|usm alger|2026-06-02,h2h|cr belouizdad||away,h2h,CR Belouizdad,,away,1.68,1.5894,"[""Bet365"", ""Unibet"", ""Betfair Exchange"", ""Sbobet""]","[""odds_api_io""]",4,6.266,
soccer|cr belouizdad|usm alger|2026-06-02,dnb|usm alger|0.00|home,dnb,USM Alger,0.0,home,5.6,4.407,"[""Bet365"", ""Unibet"", ""Betfair Exchange""]","[""odds_api_io""]",3,12.912,
soccer|cr belouizdad|usm alger|2026-06-02,dnb|cr belouizdad|0.00|away,dnb,CR Belouizdad,0.0,away,1.24,1.1851,"[""Bet365"", ""Unibet"", ""Betfair Exchange""]","[""odds_api_io""]",3,6.921,
soccer|cr belouizdad|usm alger|2026-06-02,spreads|usm alger|1.00|home,spreads,USM Alger,1.0,home,2.48,1.9294,"[""Bet365"", ""Unibet"", ""Betfair Exchange""]","[""odds_api_io""]",4,17.149,
soccer|cr belouizdad|usm alger|2026-06-02,spreads|cr belouizdad|-1.00|away,spreads,CR Belouizdad,-1.0,away,3.1,2.452,"[""Bet365"", ""Unibet"", ""Betfair Exchange""]","[""odds_api_io""]",4,16.522,
soccer|cr belouizdad|usm alger|2026-06-02,totals|over|2.00|,totals,Over,2.0,,1.95,1.9196,"[""Bet365"", ""Betfair Exchange"", ""Sbobet""]","[""odds_api_io""]",3,1.35,
soccer|cr belouizdad|usm alger|2026-06-02,totals|under|2.00|,totals,Under,2.0,,1.95,1.9066,"[""Bet365"", ""Betfair Exchange"", ""Sbobet""]","[""odds_api_io""]",3,2.194,
soccer|cr belouizdad|usm alger|2026-06-02,totals|over|2.50|,totals,Over,2.5,,2.61,2.4603,"[""Bet365"", ""Unibet"", ""Betfair Exchange""]","[""odds_api_io""]",3,5.545,
soccer|cr belouizdad|usm alger|2026-06-02,totals|under|2.50|,totals,Under,2.5,,1.56,1.5268,"[""Bet365"", ""Unibet"", ""Betfair Exchange""]","[""odds_api_io""]",3,2.564,
soccer|cr belouizdad|usm alger|2026-06-02,spreads|usm alger|0.75|home,spreads,USM Alger,0.75,home,2.11,2.0715,"[""Bet365"", ""Betfair Exchange"", ""Sbobet""]","[""odds_api_io""]",3,1.989,
soccer|cr belouizdad|usm alger|2026-06-02,spreads|cr belouizdad|-0.75|away,spreads,CR Belouizdad,-0.75,away,1.81,1.7818,"[""Bet365"", ""Betfair Exchange"", ""Sbobet""]","[""odds_api_io""]",3,1.57,
soccer|cr belouizdad|usm alger|2026-06-02,doubleChance|1x||,doubleChance,1X,,,2.48,2.1636,"[""Unibet"", ""Betfair Exchange""]","[""odds_api_io""]",2,12.309,
soccer|cr belouizdad|usm alger|2026-06-02,doubleChance|12||,doubleChance,12,,,1.36,1.2891,"[""Unibet"", ""Betfair Exchange""]","[""odds_api_io""]",2,8.438,
soccer|cr belouizdad|usm alger|2026-06-02,doubleChance|x2||,doubleChance,X2,,,1.13,1.1252,"[""Unibet"", ""Betfair Exchange""]","[""odds_api_io""]",2,0.79,
soccer|cr belouizdad|usm alger|2026-06-02,totals|over|0.50|,totals,Over,0.5,,1.12,1.0955,"[""Unibet"", ""Betfair Exchange""]","[""odds_api_io""]",2,4.172,
soccer|cr belouizdad|usm alger|2026-06-02,totals|under|0.50|,totals,Under,0.5,,8.4,7.2115,"[""Unibet"", ""Betfair Exchange""]","[""odds_api_io""]",2,4.095,
soccer|cr belouizdad|usm alger|2026-06-02,totals|over|1.50|,totals,Over,1.5,,1.54,1.4801,"[""Unibet"", ""Betfair Exchange""]","[""odds_api_io""]",2,5.487,
soccer|cr belouizdad|usm alger|2026-06-02,totals|under|1.50|,totals,Under,1.5,,2.74,2.6195,"[""Unibet"", ""Betfair Exchange""]","[""odds_api_io""]",2,3.504,
soccer|cr belouizdad|usm alger|2026-06-02,totals|over|3.50|,totals,Over,3.5,,5.4,4.7499,"[""Unibet"", ""Betfair Exchange""]","[""odds_api_io""]",2,5.291,
soccer|cr belouizdad|usm alger|2026-06-02,totals|under|3.50|,totals,Under,3.5,,1.2,1.1805,"[""Unibet"", ""Betfair Exchange""]","[""odds_api_io""]",2,2.874,
soccer|cr belouizdad|usm alger|2026-06-02,btts|yes||,btts,Yes,,,2.52,2.3281,"[""Unibet"", ""Betfair Exchange""]","[""odds_api_io""]",2,6.829,
soccer|cr belouizdad|usm alger|2026-06-02,btts|no||,btts,No,,,1.6,1.5904,"[""Unibet"", ""Betfair Exchange""]","[""odds_api_io""]",2,0.791,
soccer|cr belouizdad|usm alger|2026-06-02,teamTotals|over|0.50|,teamTotals,Over,0.5,,1.71,1.71,"[""Unibet""]","[""odds_api_io""]",1,,
soccer|cr belouizdad|usm alger|2026-06-02,teamTotals|under|0.50|,teamTotals,Under,0.5,,1.9,1.9,"[""Unibet""]","[""odds_api_io""]",1,,
soccer|cr belouizdad|usm alger|2026-06-02,teamTotals|over|1.50|,teamTotals,Over,1.5,,2.0,2.0,"[""Unibet""]","[""odds_api_io""]",1,,
soccer|cr belouizdad|usm alger|2026-06-02,teamTotals|under|1.50|,teamTotals,Under,1.5,,1.63,1.63,"[""Unibet""]","[""odds_api_io""]",1,,
soccer|cr belouizdad|usm alger|2026-06-02,spreads|usm alger|-1.00|home,spreads,USM Alger,-1.0,home,34.0,32.2327,"[""Betfair Exchange""]","[""odds_api_io""]",2,0.323,
soccer|cr belouizdad|usm alger|2026-06-02,spreads|cr belouizdad|1.00|away,spreads,CR Belouizdad,1.0,away,1.13,1.0722,"[""Betfair Exchange""]","[""odds_api_io""]",2,9.544,
soccer|cr belouizdad|usm alger|2026-06-02,spreads|usm alger|0.25|home,spreads,USM Alger,0.25,home,3.26,3.26,"[""Betfair Exchange""]","[""odds_api_io""]",1,,
soccer|cr belouizdad|usm alger|2026-06-02,spreads|cr belouizdad|-0.25|away,spreads,CR Belouizdad,-0.25,away,1.4,1.4,"[""Betfair Exchange""]","[""odds_api_io""]",1,,
soccer|cr belouizdad|usm alger|2026-06-02,spreads|usm alger|-0.50|home,spreads,USM Alger,-0.5,home,7.8,7.8,"[""Betfair Exchange""]","[""odds_api_io""]",1,,
soccer|cr belouizdad|usm alger|2026-06-02,spreads|cr belouizdad|0.50|away,spreads,CR Belouizdad,0.5,away,1.13,1.13,"[""Betfair Exchange""]","[""odds_api_io""]",1,,
soccer|cr belouizdad|usm alger|2026-06-02,spreads|usm alger|-1.50|home,spreads,USM Alger,-1.5,home,34.0,34.0,"[""Betfair Exchange""]","[""odds_api_io""]",1,,
soccer|cr belouizdad|usm alger|2026-06-02,spreads|cr belouizdad|1.50|away,spreads,CR Belouizdad,1.5,away,1.02,1.02,"[""Betfair Exchange""]","[""odds_api_io""]",1,,
soccer|cr belouizdad|usm alger|2026-06-02,spreads|usm alger|0.00|home,spreads,USM Alger,0.0,home,5.67,5.67,"[""Betfair Exchange""]","[""odds_api_io""]",1,,
soccer|cr belouizdad|usm alger|2026-06-02,spreads|cr belouizdad|-0.00|away,spreads,CR Belouizdad,-0.0,away,1.18,1.18,"[""Betfair Exchange""]","[""odds_api_io""]",1,,
soccer|cr belouizdad|usm alger|2026-06-02,spreads|usm alger|-0.25|home,spreads,USM Alger,-0.25,home,6.73,6.73,"[""Betfair Exchange""]","[""odds_api_io""]",1,,
soccer|cr belouizdad|usm alger|2026-06-02,spreads|cr belouizdad|0.25|away,spreads,CR Belouizdad,0.25,away,1.15,1.15,"[""Betfair Exchange""]","[""odds_api_io""]",1,,
soccer|cr belouizdad|usm alger|2026-06-02,spreads|usm alger|-0.75|home,spreads,USM Alger,-0.75,home,12.06,12.06,"[""Betfair Exchange""]","[""odds_api_io""]",1,,
soccer|cr belouizdad|usm alger|2026-06-02,spreads|cr belouizdad|0.75|away,spreads,CR Belouizdad,0.75,away,1.07,1.07,"[""Betfair Exchange""]","[""odds_api_io""]",1,,
soccer|cr belouizdad|usm alger|2026-06-02,spreads|usm alger|1.50|home,spreads,USM Alger,1.5,home,1.41,1.41,"[""Betfair Exchange""]","[""odds_api_io""]",1,,
soccer|cr belouizdad|usm alger|2026-06-02,spreads|cr belouizdad|-1.50|away,spreads,CR Belouizdad,-1.5,away,3.1,3.1,"[""Betfair Exchange""]","[""odds_api_io""]",1,,
soccer|cr belouizdad|usm alger|2026-06-02,spreads|usm alger|1.25|home,spreads,USM Alger,1.25,home,1.54,1.54,"[""Betfair Exchange""]","[""odds_api_io""]",1,,
soccer|cr belouizdad|usm alger|2026-06-02,spreads|cr belouizdad|-1.25|away,spreads,CR Belouizdad,-1.25,away,2.64,2.64,"[""Betfair Exchange""]","[""odds_api_io""]",1,,
soccer|cr belouizdad|usm alger|2026-06-02,spreads|usm alger|3.00|home,spreads,USM Alger,3.0,home,1.12,1.0731,"[""Betfair Exchange""]","[""odds_api_io""]",2,7.802,
soccer|cr belouizdad|usm alger|2026-06-02,spreads|cr belouizdad|-3.00|away,spreads,CR Belouizdad,-3.0,away,21.0,20.005,"[""Betfair Exchange""]","[""odds_api_io""]",2,0.474,
soccer|cr belouizdad|usm alger|2026-06-02,spreads|usm alger|3.75|home,spreads,USM Alger,3.75,home,1.01,1.01,"[""Betfair Exchange""]","[""odds_api_io""]",1,,
soccer|cr belouizdad|usm alger|2026-06-02,spreads|cr belouizdad|-3.75|away,spreads,CR Belouizdad,-3.75,away,21.0,21.0,"[""Betfair Exchange""]","[""odds_api_io""]",1,,
soccer|cr belouizdad|usm alger|2026-06-02,spreads|usm alger|0.50|home,spreads,USM Alger,0.5,home,2.49,2.49,"[""Betfair Exchange""]","[""odds_api_io""]",1,,
soccer|cr belouizdad|usm alger|2026-06-02,spreads|cr belouizdad|-0.50|away,spreads,CR Belouizdad,-0.5,away,1.62,1.62,"[""Betfair Exchange""]","[""odds_api_io""]",1,,
soccer|cr belouizdad|usm alger|2026-06-02,spreads|usm alger|3.50|home,spreads,USM Alger,3.5,home,1.03,1.03,"[""Betfair Exchange""]","[""odds_api_io""]",1,,
soccer|cr belouizdad|usm alger|2026-06-02,spreads|cr belouizdad|-3.50|away,spreads,CR Belouizdad,-3.5,away,21.0,21.0,"[""Betfair Exchange""]","[""odds_api_io""]",1,,
soccer|cr belouizdad|usm alger|2026-06-02,spreads|usm alger|2.50|home,spreads,USM Alger,2.5,home,1.12,1.12,"[""Betfair Exchange""]","[""odds_api_io""]",1,,
soccer|cr belouizdad|usm alger|2026-06-02,spreads|cr belouizdad|-2.50|away,spreads,CR Belouizdad,-2.5,away,7.25,7.25,"[""Betfair Exchange""]","[""odds_api_io""]",1,,
soccer|cr belouizdad|usm alger|2026-06-02,spreads|usm alger|2.25|home,spreads,USM Alger,2.25,home,1.14,1.14,"[""Betfair Exchange""]","[""odds_api_io""]",1,,
soccer|cr belouizdad|usm alger|2026-06-02,spreads|cr belouizdad|-2.25|away,spreads,CR Belouizdad,-2.25,away,6.58,6.58,"[""Betfair Exchange""]","[""odds_api_io""]",1,,
soccer|cr belouizdad|usm alger|2026-06-02,spreads|usm alger|2.00|home,spreads,USM Alger,2.0,home,1.41,1.2728,"[""Betfair Exchange""]","[""odds_api_io""]",2,15.285,
soccer|cr belouizdad|usm alger|2026-06-02,spreads|cr belouizdad|-2.00|away,spreads,CR Belouizdad,-2.0,away,7.2,6.4915,"[""Betfair Exchange""]","[""odds_api_io""]",2,3.032,
soccer|cr belouizdad|usm alger|2026-06-02,spreads|usm alger|1.75|home,spreads,USM Alger,1.75,home,1.29,1.29,"[""Betfair Exchange""]","[""odds_api_io""]",1,,
soccer|cr belouizdad|usm alger|2026-06-02,spreads|cr belouizdad|-1.75|away,spreads,CR Belouizdad,-1.75,away,3.94,3.94,"[""Betfair Exchange""]","[""odds_api_io""]",1,,
soccer|cr belouizdad|usm alger|2026-06-02,spreads|usm alger|2.75|home,spreads,USM Alger,2.75,home,1.08,1.08,"[""Betfair Exchange""]","[""odds_api_io""]",1,,
soccer|cr belouizdad|usm alger|2026-06-02,spreads|cr belouizdad|-2.75|away,spreads,CR Belouizdad,-2.75,away,10.29,10.29,"[""Betfair Exchange""]","[""odds_api_io""]",1,,
soccer|cr belouizdad|usm alger|2026-06-02,spreads|usm alger|3.25|home,spreads,USM Alger,3.25,home,1.03,1.03,"[""Betfair Exchange""]","[""odds_api_io""]",1,,
soccer|cr belouizdad|usm alger|2026-06-02,spreads|cr belouizdad|-3.25|away,spreads,CR Belouizdad,-3.25,away,20.05,20.05,"[""Betfair Exchange""]","[""odds_api_io""]",1,,
soccer|cr belouizdad|usm alger|2026-06-02,spreads|usm alger|-1.25|home,spreads,USM Alger,-1.25,home,32.32,32.32,"[""Betfair Exchange""]","[""odds_api_io""]",1,,
soccer|cr belouizdad|usm alger|2026-06-02,spreads|cr belouizdad|1.25|away,spreads,CR Belouizdad,1.25,away,1.02,1.02,"[""Betfair Exchange""]","[""odds_api_io""]",1,,
soccer|cr belouizdad|usm alger|2026-06-02,spreads|usm alger|-1.75|home,spreads,USM Alger,-1.75,home,55.43,55.43,"[""Betfair Exchange""]","[""odds_api_io""]",1,,
soccer|cr belouizdad|usm alger|2026-06-02,spreads|cr belouizdad|1.75|away,spreads,CR Belouizdad,1.75,away,1.01,1.01,"[""Betfair Exchange""]","[""odds_api_io""]",1,,
soccer|cr belouizdad|usm alger|2026-06-02,totals|over|2.25|,totals,Over,2.25,,2.26,2.26,"[""Betfair Exchange""]","[""odds_api_io""]",1,,
soccer|cr belouizdad|usm alger|2026-06-02,totals|under|2.25|,totals,Under,2.25,,1.71,1.71,"[""Betfair Exchange""]","[""odds_api_io""]",1,,
soccer|cr belouizdad|usm alger|2026-06-02,totals|over|1.00|,totals,Over,1.0,,1.16,1.16,"[""Betfair Exchange""]","[""odds_api_io""]",1,,
soccer|cr belouizdad|usm alger|2026-06-02,totals|under|1.00|,totals,Under,1.0,,5.24,5.24,"[""Betfair Exchange""]","[""odds_api_io""]",1,,
soccer|cr belouizdad|usm alger|2026-06-02,totals|over|4.75|,totals,Over,4.75,,19.44,19.44,"[""Betfair Exchange""]","[""odds_api_io""]",1,,
soccer|cr belouizdad|usm alger|2026-06-02,totals|under|4.75|,totals,Under,4.75,,1.01,1.01,"[""Betfair Exchange""]","[""odds_api_io""]",1,,
soccer|cr belouizdad|usm alger|2026-06-02,totals|over|3.00|,totals,Over,3.0,,4.33,4.33,"[""Betfair Exchange""]","[""odds_api_io""]",1,,
soccer|cr belouizdad|usm alger|2026-06-02,totals|under|3.00|,totals,Under,3.0,,1.25,1.25,"[""Betfair Exchange""]","[""odds_api_io""]",1,,
soccer|cr belouizdad|usm alger|2026-06-02,totals|over|3.75|,totals,Over,3.75,,7.28,7.28,"[""Betfair Exchange""]","[""odds_api_io""]",1,,
soccer|cr belouizdad|usm alger|2026-06-02,totals|under|3.75|,totals,Under,3.75,,1.11,1.11,"[""Betfair Exchange""]","[""odds_api_io""]",1,,
soccer|cr belouizdad|usm alger|2026-06-02,totals|over|0.75|,totals,Over,0.75,,1.14,1.14,"[""Betfair Exchange""]","[""odds_api_io""]",1,,
soccer|cr belouizdad|usm alger|2026-06-02,totals|under|0.75|,totals,Under,0.75,,5.96,5.96,"[""Betfair Exchange""]","[""odds_api_io""]",1,,
soccer|cr belouizdad|usm alger|2026-06-02,totals|over|4.25|,totals,Over,4.25,,12.75,12.75,"[""Betfair Exchange""]","[""odds_api_io""]",1,,
soccer|cr belouizdad|usm alger|2026-06-02,totals|under|4.25|,totals,Under,4.25,,1.06,1.06,"[""Betfair Exchange""]","[""odds_api_io""]",1,,
soccer|cr belouizdad|usm alger|2026-06-02,totals|over|1.75|,totals,Over,1.75,,1.67,1.67,"[""Betfair Exchange""]","[""odds_api_io""]",1,,
soccer|cr belouizdad|usm alger|2026-06-02,totals|under|1.75|,totals,Under,1.75,,2.29,2.29,"[""Betfair Exchange""]","[""odds_api_io""]",1,,
soccer|cr belouizdad|usm alger|2026-06-02,totals|over|7.75|,totals,Over,7.75,,495.84,495.84,"[""Betfair Exchange""]","[""odds_api_io""]",1,,
soccer|cr belouizdad|usm alger|2026-06-02,totals|under|7.75|,totals,Under,7.75,,1.14,1.14,"[""Betfair Exchange""]","[""odds_api_io""]",1,,
soccer|cr belouizdad|usm alger|2026-06-02,totals|over|4.50|,totals,Over,4.5,,13.5,13.5,"[""Betfair Exchange""]","[""odds_api_io""]",1,,
soccer|cr belouizdad|usm alger|2026-06-02,totals|under|4.50|,totals,Under,4.5,,1.06,1.06,"[""Betfair Exchange""]","[""odds_api_io""]",1,,
soccer|cr belouizdad|usm alger|2026-06-02,totals|over|2.75|,totals,Over,2.75,,3.17,3.17,"[""Betfair Exchange""]","[""odds_api_io""]",1,,
soccer|cr belouizdad|usm alger|2026-06-02,totals|under|2.75|,totals,Under,2.75,,1.39,1.39,"[""Betfair Exchange""]","[""odds_api_io""]",1,,
soccer|cr belouizdad|usm alger|2026-06-02,totals|over|4.00|,totals,Over,4.0,,12.0,12.0,"[""Betfair Exchange""]","[""odds_api_io""]",1,,
soccer|cr belouizdad|usm alger|2026-06-02,totals|under|4.00|,totals,Under,4.0,,1.06,1.06,"[""Betfair Exchange""]","[""odds_api_io""]",1,,
soccer|cr belouizdad|usm alger|2026-06-02,totals|over|3.25|,totals,Over,3.25,,4.86,4.86,"[""Betfair Exchange""]","[""odds_api_io""]",1,,
soccer|cr belouizdad|usm alger|2026-06-02,totals|under|3.25|,totals,Under,3.25,,1.22,1.22,"[""Betfair Exchange""]","[""odds_api_io""]",1,,
soccer|cr belouizdad|usm alger|2026-06-02,totals|over|1.25|,totals,Over,1.25,,1.35,1.35,"[""Betfair Exchange""]","[""odds_api_io""]",1,,
soccer|cr belouizdad|usm alger|2026-06-02,totals|under|1.25|,totals,Under,1.25,,3.46,3.46,"[""Betfair Exchange""]","[""odds_api_io""]",1,,
soccer|cr belouizdad|usm alger|2026-06-02,totals|over|5.25|,totals,Over,5.25,,37.09,37.09,"[""Betfair Exchange""]","[""odds_api_io""]",1,,
soccer|cr belouizdad|usm alger|2026-06-02,totals|under|5.25|,totals,Under,5.25,,1.01,1.01,"[""Betfair Exchange""]","[""odds_api_io""]",1,,
soccer|cr belouizdad|usm alger|2026-06-02,totals|over|5.50|,totals,Over,5.5,,38.0,38.0,"[""Betfair Exchange""]","[""odds_api_io""]",1,,
soccer|cr belouizdad|usm alger|2026-06-02,totals|under|5.50|,totals,Under,5.5,,1.01,1.01,"[""Betfair Exchange""]","[""odds_api_io""]",1,,
soccer|cr belouizdad|usm alger|2026-06-02,totals|over|5.00|,totals,Over,5.0,,36.18,36.18,"[""Betfair Exchange""]","[""odds_api_io""]",1,,
soccer|cr belouizdad|usm alger|2026-06-02,totals|under|5.00|,totals,Under,5.0,,1.01,1.01,"[""Betfair Exchange""]","[""odds_api_io""]",1,,
soccer|cr belouizdad|usm alger|2026-06-02,spreads|usm alger|-2.00|home,spreads,USM Alger,-2.0,home,160.0,160.0,"[""Betfair Exchange""]","[""odds_api_io""]",1,,
soccer|cr belouizdad|usm alger|2026-06-02,spreads|cr belouizdad|2.00|away,spreads,CR Belouizdad,2.0,away,1.02,1.02,"[""Betfair Exchange""]","[""odds_api_io""]",1,,
soccer|cr belouizdad|usm alger|2026-06-02,spreads|usm alger|-3.00|home,spreads,USM Alger,-3.0,home,95.0,95.0,"[""Betfair Exchange""]","[""odds_api_io""]",1,,
soccer|cr belouizdad|usm alger|2026-06-02,spreads|cr belouizdad|3.00|away,spreads,CR Belouizdad,3.0,away,1.01,1.01,"[""Betfair Exchange""]","[""odds_api_io""]",1,,
soccer|ascoli 1898|union brescia|2026-06-02,h2h|union brescia||home,h2h,Union Brescia,,home,3.0,2.7143,"[""Bet365"", ""Unibet"", ""Betfair Exchange"", ""Sbobet""]","[""odds_api_io""]",4,5.882,
soccer|ascoli 1898|union brescia|2026-06-02,h2h|draw||,h2h,Draw,,,3.0,2.8745,"[""Bet365"", ""Unibet"", ""Betfair Exchange"", ""Sbobet""]","[""odds_api_io""]",4,2.381,
soccer|ascoli 1898|union brescia|2026-06-02,h2h|ascoli calcio 1898||away,h2h,Ascoli Calcio 1898,,away,2.92,2.6844,"[""Bet365"", ""Unibet"", ""Betfair Exchange"", ""Sbobet""]","[""odds_api_io""]",4,4.816,
soccer|ascoli 1898|union brescia|2026-06-02,dnb|union brescia|0.00|home,dnb,Union Brescia,0.0,home,2.0,1.8878,"[""Bet365"", ""Unibet"", ""Betfair Exchange""]","[""odds_api_io""]",3,6.818,
soccer|ascoli 1898|union brescia|2026-06-02,dnb|ascoli calcio 1898|0.00|away,dnb,Ascoli Calcio 1898,0.0,away,1.94,1.8594,"[""Bet365"", ""Unibet"", ""Betfair Exchange""]","[""odds_api_io""]",3,4.009,
soccer|ascoli 1898|union brescia|2026-06-02,spreads|union brescia|0.00|home,spreads,Union Brescia,0.0,home,2.01,1.9701,"[""Bet365"", ""Betfair Exchange"", ""Sbobet""]","[""odds_api_io""]",3,1.531,
soccer|ascoli 1898|union brescia|2026-06-02,totals|over|2.00|,totals,Over,2.0,,1.95,1.9201,"[""Bet365"", ""Betfair Exchange"", ""Sbobet""]","[""odds_api_io""]",3,1.35,
soccer|ascoli 1898|union brescia|2026-06-02,totals|under|2.00|,totals,Under,2.0,,1.94,1.9168,"[""Bet365"", ""Betfair Exchange"", ""Sbobet""]","[""odds_api_io""]",3,1.085,
soccer|ascoli 1898|union brescia|2026-06-02,totals|over|2.50|,totals,Over,2.5,,2.7,2.5314,"[""Bet365"", ""Unibet"", ""Betfair Exchange""]","[""odds_api_io""]",3,4.63,
soccer|ascoli 1898|union brescia|2026-06-02,totals|under|2.50|,totals,Under,2.5,,1.54,1.5004,"[""Bet365"", ""Unibet"", ""Betfair Exchange""]","[""odds_api_io""]",3,3.558,
soccer|ascoli 1898|union brescia|2026-06-02,btts|yes||,btts,Yes,,,2.1,2.0534,"[""Bet365"", ""Unibet"", ""Betfair Exchange""]","[""odds_api_io""]",3,2.381,
soccer|ascoli 1898|union brescia|2026-06-02,btts|no||,btts,No,,,1.88,1.7461,"[""Bet365"", ""Unibet"", ""Betfair Exchange""]","[""odds_api_io""]",3,6.833,
soccer|ascoli 1898|union brescia|2026-06-02,spreads|union brescia|1.00|home,spreads,Union Brescia,1.0,home,1.5,1.3029,"[""Bet365"", ""Unibet"", ""Betfair Exchange""]","[""odds_api_io""]",5,19.54,
soccer|ascoli 1898|union brescia|2026-06-02,spreads|ascoli calcio 1898|1.00|away,spreads,Ascoli Calcio 1898,1.0,away,6.0,1.867,"[""Bet365"", ""Unibet"", ""Betfair Exchange""]","[""odds_api_io""]",5,71.053,
soccer|ascoli 1898|union brescia|2026-06-02,spreads|union brescia|-2.00|home,spreads,Union Brescia,-2.0,home,23.0,17.9821,"[""Bet365"", ""Betfair Exchange""]","[""odds_api_io""]",3,3.344,
soccer|ascoli 1898|union brescia|2026-06-02,spreads|ascoli calcio 1898|2.00|away,spreads,Ascoli Calcio 1898,2.0,away,13.0,1.5159,"[""Bet365"", ""Betfair Exchange""]","[""odds_api_io""]",3,90.347,
soccer|ascoli 1898|union brescia|2026-06-02,spreads|union brescia|2.00|home,spreads,Union Brescia,2.0,home,1.12,1.0817,"[""Bet365"", ""Betfair Exchange""]","[""odds_api_io""]",3,7.802,
soccer|ascoli 1898|union brescia|2026-06-02,spreads|ascoli calcio 1898|-2.00|away,spreads,Ascoli Calcio 1898,-2.0,away,22.0,3.0286,"[""Bet365"", ""Betfair Exchange""]","[""odds_api_io""]",3,87.198,
soccer|ascoli 1898|union brescia|2026-06-02,spreads|union brescia|3.00|home,spreads,Union Brescia,3.0,home,1.03,1.03,"[""Bet365"", ""Betfair Exchange""]","[""odds_api_io""]",2,,
soccer|ascoli 1898|union brescia|2026-06-02,spreads|ascoli calcio 1898|3.00|away,spreads,Ascoli Calcio 1898,3.0,away,34.0,1.9472,"[""Bet365"", ""Betfair Exchange""]","[""odds_api_io""]",2,95.098,
soccer|ascoli 1898|union brescia|2026-06-02,spreads|union brescia|-1.50|home,spreads,Union Brescia,-1.5,home,7.5,6.8295,"[""Bet365"", ""Betfair Exchange""]","[""odds_api_io""]",2,2.667,
soccer|ascoli 1898|union brescia|2026-06-02,spreads|ascoli calcio 1898|1.50|away,spreads,Ascoli Calcio 1898,1.5,away,5.9,1.8455,"[""Bet365"", ""Betfair Exchange""]","[""odds_api_io""]",2,73.141,
soccer|ascoli 1898|union brescia|2026-06-02,spreads|union brescia|1.50|home,spreads,Union Brescia,1.5,home,1.13,1.1249,"[""Bet365"", ""Betfair Exchange""]","[""odds_api_io""]",2,0.79,
soccer|ascoli 1898|union brescia|2026-06-02,spreads|ascoli calcio 1898|-1.50|away,spreads,Ascoli Calcio 1898,-1.5,away,7.4,1.972,"[""Bet365"", ""Betfair Exchange""]","[""odds_api_io""]",2,75.772,
soccer|ascoli 1898|union brescia|2026-06-02,spreads|union brescia|-1.25|home,spreads,Union Brescia,-1.25,home,6.78,6.3174,"[""Bet365"", ""Betfair Exchange""]","[""odds_api_io""]",2,2.2,
soccer|ascoli 1898|union brescia|2026-06-02,spreads|ascoli calcio 1898|1.25|away,spreads,Ascoli Calcio 1898,1.25,away,5.5,1.8389,"[""Bet365"", ""Betfair Exchange""]","[""odds_api_io""]",2,71.104,
soccer|ascoli 1898|union brescia|2026-06-02,spreads|union brescia|-1.00|home,spreads,Union Brescia,-1.0,home,7.4,5.7136,"[""Bet365"", ""Unibet"", ""Betfair Exchange""]","[""odds_api_io""]",4,7.763,
soccer|ascoli 1898|union brescia|2026-06-02,spreads|union brescia|-0.75|home,spreads,Union Brescia,-0.75,home,3.92,3.7292,"[""Bet365"", ""Betfair Exchange""]","[""odds_api_io""]",2,2.659,
soccer|ascoli 1898|union brescia|2026-06-02,spreads|ascoli calcio 1898|0.75|away,spreads,Ascoli Calcio 1898,0.75,away,3.3,1.8609,"[""Bet365"", ""Betfair Exchange""]","[""odds_api_io""]",2,46.033,
soccer|ascoli 1898|union brescia|2026-06-02,spreads|union brescia|-0.50|home,spreads,Union Brescia,-0.5,home,3.0,2.8718,"[""Bet365"", ""Betfair Exchange""]","[""odds_api_io""]",2,3.03,
soccer|ascoli 1898|union brescia|2026-06-02,spreads|ascoli calcio 1898|0.50|away,spreads,Ascoli Calcio 1898,0.5,away,2.6,1.8687,"[""Bet365"", ""Betfair Exchange""]","[""odds_api_io""]",2,29.566,
soccer|ascoli 1898|union brescia|2026-06-02,spreads|union brescia|-0.25|home,spreads,Union Brescia,-0.25,home,2.5,2.437,"[""Bet365"", ""Betfair Exchange""]","[""odds_api_io""]",2,2.105,
soccer|ascoli 1898|union brescia|2026-06-02,spreads|ascoli calcio 1898|0.25|away,spreads,Ascoli Calcio 1898,0.25,away,2.25,1.885,"[""Bet365"", ""Betfair Exchange""]","[""odds_api_io""]",2,16.905,
soccer|ascoli 1898|union brescia|2026-06-02,spreads|union brescia|0.25|home,spreads,Union Brescia,0.25,home,1.67,1.6476,"[""Bet365"", ""Betfair Exchange""]","[""odds_api_io""]",2,1.658,
soccer|ascoli 1898|union brescia|2026-06-02,spreads|ascoli calcio 1898|-0.25|away,spreads,Ascoli Calcio 1898,-0.25,away,2.43,1.9004,"[""Bet365"", ""Betfair Exchange""]","[""odds_api_io""]",2,23.364,
soccer|ascoli 1898|union brescia|2026-06-02,spreads|union brescia|0.50|home,spreads,Union Brescia,0.5,home,1.5,1.4876,"[""Bet365"", ""Betfair Exchange""]","[""odds_api_io""]",2,1.13,
soccer|ascoli 1898|union brescia|2026-06-02,spreads|ascoli calcio 1898|-0.50|away,spreads,Ascoli Calcio 1898,-0.5,away,2.92,1.9274,"[""Bet365"", ""Betfair Exchange""]","[""odds_api_io""]",2,35.929,
soccer|ascoli 1898|union brescia|2026-06-02,spreads|union brescia|0.75|home,spreads,Union Brescia,0.75,home,1.33,1.3275,"[""Bet365"", ""Betfair Exchange""]","[""odds_api_io""]",2,0.284,
soccer|ascoli 1898|union brescia|2026-06-02,spreads|ascoli calcio 1898|-0.75|away,spreads,Ascoli Calcio 1898,-0.75,away,3.75,1.9202,"[""Bet365"", ""Betfair Exchange""]","[""odds_api_io""]",2,51.765,
soccer|ascoli 1898|union brescia|2026-06-02,spreads|ascoli calcio 1898|-1.00|away,spreads,Ascoli Calcio 1898,-1.0,away,7.4,2.9318,"[""Bet365"", ""Unibet"", ""Betfair Exchange""]","[""odds_api_io""]",4,72.693,
soccer|ascoli 1898|union brescia|2026-06-02,spreads|union brescia|1.25|home,spreads,Union Brescia,1.25,home,1.15,1.1449,"[""Bet365"", ""Betfair Exchange""]","[""odds_api_io""]",2,0.763,
soccer|ascoli 1898|union brescia|2026-06-02,spreads|ascoli calcio 1898|-1.25|away,spreads,Ascoli Calcio 1898,-1.25,away,6.63,1.9561,"[""Bet365"", ""Betfair Exchange""]","[""odds_api_io""]",2,73.413,
soccer|ascoli 1898|union brescia|2026-06-02,teamTotals|over|4.50|,teamTotals,Over,4.5,,21.0,21.0,"[""Bet365""]","[""odds_api_io""]",1,,
soccer|ascoli 1898|union brescia|2026-06-02,teamTotals|under|4.50|,teamTotals,Under,4.5,,1.002,1.002,"[""Bet365""]","[""odds_api_io""]",1,,
soccer|ascoli 1898|union brescia|2026-06-02,teamTotals|over|0.50|,teamTotals,Over,0.5,,1.444,1.4046,"[""Bet365"", ""Unibet""]","[""odds_api_io""]",3,3.741,
soccer|ascoli 1898|union brescia|2026-06-02,teamTotals|under|0.50|,teamTotals,Under,0.5,,2.63,2.6015,"[""Bet365"", ""Unibet""]","[""odds_api_io""]",3,1.193,
soccer|ascoli 1898|union brescia|2026-06-02,teamTotals|over|1.50|,teamTotals,Over,1.5,,3.25,3.25,"[""Bet365""]","[""odds_api_io""]",1,,
soccer|ascoli 1898|union brescia|2026-06-02,teamTotals|under|1.50|,teamTotals,Under,1.5,,1.333,1.333,"[""Bet365""]","[""odds_api_io""]",1,,
soccer|ascoli 1898|union brescia|2026-06-02,teamTotals|over|2.50|,teamTotals,Over,2.5,,7.5,7.5,"[""Bet365""]","[""odds_api_io""]",1,,
soccer|ascoli 1898|union brescia|2026-06-02,teamTotals|under|2.50|,teamTotals,Under,2.5,,1.071,1.071,"[""Bet365""]","[""odds_api_io""]",1,,
soccer|ascoli 1898|union brescia|2026-06-02,teamTotals|over|3.50|,teamTotals,Over,3.5,,13.0,13.0,"[""Bet365""]","[""odds_api_io""]",1,,
soccer|ascoli 1898|union brescia|2026-06-02,teamTotals|under|3.50|,teamTotals,Under,3.5,,1.012,1.012,"[""Bet365""]","[""odds_api_io""]",1,,
soccer|ascoli 1898|union brescia|2026-06-02,spreads|ascoli calcio 1898|-0.00|away,spreads,Ascoli Calcio 1898,-0.0,away,1.94,1.8932,"[""Bet365"", ""Betfair Exchange"", ""Sbobet""]","[""odds_api_io""]",3,2.508,
soccer|ascoli 1898|union brescia|2026-06-02,doubleChance|1x||,doubleChance,1X,,,1.5,1.3455,"[""Unibet"", ""Betfair Exchange""]","[""odds_api_io""]",2,15.978,
soccer|ascoli 1898|union brescia|2026-06-02,doubleChance|12||,doubleChance,12,,,1.65,1.5568,"[""Unibet"", ""Betfair Exchange""]","[""odds_api_io""]",2,6.962,
soccer|ascoli 1898|union brescia|2026-06-02,doubleChance|x2||,doubleChance,X2,,,1.47,1.3443,"[""Unibet"", ""Betfair Exchange""]","[""odds_api_io""]",2,13.274,
soccer|ascoli 1898|union brescia|2026-06-02,totals|over|1.50|,totals,Over,1.5,,1.54,1.4955,"[""Unibet"", ""Betfair Exchange""]","[""odds_api_io""]",2,4.03,
soccer|ascoli 1898|union brescia|2026-06-02,totals|under|1.50|,totals,Under,1.5,,2.7,2.5742,"[""Unibet"", ""Betfair Exchange""]","[""odds_api_io""]",2,3.779,
soccer|ascoli 1898|union brescia|2026-06-02,totals|over|3.50|,totals,Over,3.5,,5.4,4.8698,"[""Unibet"", ""Betfair Exchange""]","[""odds_api_io""]",2,4.209,
soccer|ascoli 1898|union brescia|2026-06-02,totals|under|3.50|,totals,Under,3.5,,1.2,1.1755,"[""Unibet"", ""Betfair Exchange""]","[""odds_api_io""]",2,3.623,
soccer|ascoli 1898|union brescia|2026-06-02,totals|over|0.50|,totals,Over,0.5,,1.14,1.1104,"[""Unibet"", ""Betfair Exchange""]","[""odds_api_io""]",2,4.873,
soccer|ascoli 1898|union brescia|2026-06-02,totals|under|0.50|,totals,Under,0.5,,7.6,6.6163,"[""Unibet"", ""Betfair Exchange""]","[""odds_api_io""]",2,4.083,
soccer|ascoli 1898|union brescia|2026-06-02,spreads|union brescia|-2.25|home,spreads,Union Brescia,-2.25,home,22.13,22.13,"[""Betfair Exchange""]","[""odds_api_io""]",1,,
soccer|ascoli 1898|union brescia|2026-06-02,spreads|ascoli calcio 1898|2.25|away,spreads,Ascoli Calcio 1898,2.25,away,1.02,1.02,"[""Betfair Exchange""]","[""odds_api_io""]",1,,
soccer|ascoli 1898|union brescia|2026-06-02,spreads|union brescia|-1.75|home,spreads,Union Brescia,-1.75,home,11.0,11.0,"[""Betfair Exchange""]","[""odds_api_io""]",1,,
soccer|ascoli 1898|union brescia|2026-06-02,spreads|ascoli calcio 1898|1.75|away,spreads,Ascoli Calcio 1898,1.75,away,1.06,1.06,"[""Betfair Exchange""]","[""odds_api_io""]",1,,
soccer|ascoli 1898|union brescia|2026-06-02,spreads|union brescia|-2.50|home,spreads,Union Brescia,-2.5,home,23.07,23.07,"[""Betfair Exchange""]","[""odds_api_io""]",1,,
soccer|ascoli 1898|union brescia|2026-06-02,spreads|ascoli calcio 1898|2.50|away,spreads,Ascoli Calcio 1898,2.5,away,1.02,1.02,"[""Betfair Exchange""]","[""odds_api_io""]",1,,
soccer|ascoli 1898|union brescia|2026-06-02,spreads|union brescia|1.75|home,spreads,Union Brescia,1.75,home,1.07,1.07,"[""Betfair Exchange""]","[""odds_api_io""]",1,,
soccer|ascoli 1898|union brescia|2026-06-02,spreads|ascoli calcio 1898|-1.75|away,spreads,Ascoli Calcio 1898,-1.75,away,10.63,10.63,"[""Betfair Exchange""]","[""odds_api_io""]",1,,
soccer|ascoli 1898|union brescia|2026-06-02,spreads|union brescia|2.25|home,spreads,Union Brescia,2.25,home,1.03,1.03,"[""Betfair Exchange""]","[""odds_api_io""]",1,,
soccer|ascoli 1898|union brescia|2026-06-02,spreads|ascoli calcio 1898|-2.25|away,spreads,Ascoli Calcio 1898,-2.25,away,21.52,21.52,"[""Betfair Exchange""]","[""odds_api_io""]",1,,
soccer|ascoli 1898|union brescia|2026-06-02,spreads|union brescia|2.50|home,spreads,Union Brescia,2.5,home,1.03,1.03,"[""Betfair Exchange""]","[""odds_api_io""]",1,,
soccer|ascoli 1898|union brescia|2026-06-02,spreads|ascoli calcio 1898|-2.50|away,spreads,Ascoli Calcio 1898,-2.5,away,22.48,22.48,"[""Betfair Exchange""]","[""odds_api_io""]",1,,
soccer|ascoli 1898|union brescia|2026-06-02,spreads|union brescia|-2.75|home,spreads,Union Brescia,-2.75,home,36.87,36.87,"[""Betfair Exchange""]","[""odds_api_io""]",1,,
soccer|ascoli 1898|union brescia|2026-06-02,spreads|ascoli calcio 1898|2.75|away,spreads,Ascoli Calcio 1898,2.75,away,1.01,1.01,"[""Betfair Exchange""]","[""odds_api_io""]",1,,
soccer|ascoli 1898|union brescia|2026-06-02,spreads|union brescia|2.75|home,spreads,Union Brescia,2.75,home,1.01,1.01,"[""Betfair Exchange""]","[""odds_api_io""]",1,,
soccer|ascoli 1898|union brescia|2026-06-02,spreads|ascoli calcio 1898|-2.75|away,spreads,Ascoli Calcio 1898,-2.75,away,36.07,36.07,"[""Betfair Exchange""]","[""odds_api_io""]",1,,
soccer|ascoli 1898|union brescia|2026-06-02,totals|over|1.75|,totals,Over,1.75,,1.69,1.69,"[""Betfair Exchange""]","[""odds_api_io""]",1,,
soccer|ascoli 1898|union brescia|2026-06-02,totals|under|1.75|,totals,Under,1.75,,2.3,2.3,"[""Betfair Exchange""]","[""odds_api_io""]",1,,
soccer|ascoli 1898|union brescia|2026-06-02,totals|over|2.25|,totals,Over,2.25,,2.32,2.32,"[""Betfair Exchange""]","[""odds_api_io""]",1,,
soccer|ascoli 1898|union brescia|2026-06-02,totals|under|2.25|,totals,Under,2.25,,1.68,1.68,"[""Betfair Exchange""]","[""odds_api_io""]",1,,
soccer|ascoli 1898|union brescia|2026-06-02,totals|over|7.75|,totals,Over,7.75,,495.76,495.76,"[""Betfair Exchange""]","[""odds_api_io""]",1,,
soccer|ascoli 1898|union brescia|2026-06-02,totals|under|7.75|,totals,Under,7.75,,1.17,1.17,"[""Betfair Exchange""]","[""odds_api_io""]",1,,
soccer|ascoli 1898|union brescia|2026-06-02,totals|over|0.75|,totals,Over,0.75,,1.16,1.16,"[""Betfair Exchange""]","[""odds_api_io""]",1,,
soccer|ascoli 1898|union brescia|2026-06-02,totals|under|0.75|,totals,Under,0.75,,6.02,6.02,"[""Betfair Exchange""]","[""odds_api_io""]",1,,
soccer|ascoli 1898|union brescia|2026-06-02,totals|over|1.00|,totals,Over,1.0,,1.18,1.18,"[""Betfair Exchange""]","[""odds_api_io""]",1,,
soccer|ascoli 1898|union brescia|2026-06-02,totals|under|1.00|,totals,Under,1.0,,5.34,5.34,"[""Betfair Exchange""]","[""odds_api_io""]",1,,
soccer|ascoli 1898|union brescia|2026-06-02,totals|over|1.25|,totals,Over,1.25,,1.36,1.36,"[""Betfair Exchange""]","[""odds_api_io""]",1,,
soccer|ascoli 1898|union brescia|2026-06-02,totals|under|1.25|,totals,Under,1.25,,3.44,3.44,"[""Betfair Exchange""]","[""odds_api_io""]",1,,
soccer|ascoli 1898|union brescia|2026-06-02,totals|over|2.75|,totals,Over,2.75,,3.26,3.26,"[""Betfair Exchange""]","[""odds_api_io""]",1,,
soccer|ascoli 1898|union brescia|2026-06-02,totals|under|2.75|,totals,Under,2.75,,1.36,1.36,"[""Betfair Exchange""]","[""odds_api_io""]",1,,
soccer|ascoli 1898|union brescia|2026-06-02,totals|over|3.25|,totals,Over,3.25,,4.9,4.9,"[""Betfair Exchange""]","[""odds_api_io""]",1,,
soccer|ascoli 1898|union brescia|2026-06-02,totals|under|3.25|,totals,Under,3.25,,1.22,1.22,"[""Betfair Exchange""]","[""odds_api_io""]",1,,
soccer|ascoli 1898|union brescia|2026-06-02,totals|over|3.75|,totals,Over,3.75,,7.35,7.35,"[""Betfair Exchange""]","[""odds_api_io""]",1,,
soccer|ascoli 1898|union brescia|2026-06-02,totals|under|3.75|,totals,Under,3.75,,1.13,1.13,"[""Betfair Exchange""]","[""odds_api_io""]",1,,
soccer|ascoli 1898|union brescia|2026-06-02,totals|over|3.00|,totals,Over,3.0,,4.4,4.4,"[""Betfair Exchange""]","[""odds_api_io""]",1,,
soccer|ascoli 1898|union brescia|2026-06-02,totals|under|3.00|,totals,Under,3.0,,1.25,1.25,"[""Betfair Exchange""]","[""odds_api_io""]",1,,
soccer|ascoli 1898|union brescia|2026-06-02,totals|over|4.75|,totals,Over,4.75,,20.68,20.68,"[""Betfair Exchange""]","[""odds_api_io""]",1,,
soccer|ascoli 1898|union brescia|2026-06-02,totals|under|4.75|,totals,Under,4.75,,1.01,1.01,"[""Betfair Exchange""]","[""odds_api_io""]",1,,
soccer|ascoli 1898|union brescia|2026-06-02,totals|over|4.00|,totals,Over,4.0,,12.0,12.0,"[""Betfair Exchange""]","[""odds_api_io""]",1,,
soccer|ascoli 1898|union brescia|2026-06-02,totals|under|4.00|,totals,Under,4.0,,1.07,1.07,"[""Betfair Exchange""]","[""odds_api_io""]",1,,
soccer|ascoli 1898|union brescia|2026-06-02,totals|over|4.50|,totals,Over,4.5,,13.5,13.5,"[""Betfair Exchange""]","[""odds_api_io""]",1,,
soccer|ascoli 1898|union brescia|2026-06-02,totals|under|4.50|,totals,Under,4.5,,1.06,1.06,"[""Betfair Exchange""]","[""odds_api_io""]",1,,
soccer|ascoli 1898|union brescia|2026-06-02,totals|over|4.25|,totals,Over,4.25,,12.75,12.75,"[""Betfair Exchange""]","[""odds_api_io""]",1,,
soccer|ascoli 1898|union brescia|2026-06-02,totals|under|4.25|,totals,Under,4.25,,1.07,1.07,"[""Betfair Exchange""]","[""odds_api_io""]",1,,
soccer|ascoli 1898|union brescia|2026-06-02,totals|over|5.25|,totals,Over,5.25,,48.71,48.71,"[""Betfair Exchange""]","[""odds_api_io""]",1,,
soccer|ascoli 1898|union brescia|2026-06-02,totals|under|5.25|,totals,Under,5.25,,1.01,1.01,"[""Betfair Exchange""]","[""odds_api_io""]",1,,
soccer|ascoli 1898|union brescia|2026-06-02,totals|over|5.00|,totals,Over,5.0,,47.42,47.42,"[""Betfair Exchange""]","[""odds_api_io""]",1,,
soccer|ascoli 1898|union brescia|2026-06-02,totals|under|5.00|,totals,Under,5.0,,1.01,1.01,"[""Betfair Exchange""]","[""odds_api_io""]",1,,
soccer|ascoli 1898|union brescia|2026-06-02,totals|over|5.50|,totals,Over,5.5,,50.0,50.0,"[""Betfair Exchange""]","[""odds_api_io""]",1,,
soccer|ascoli 1898|union brescia|2026-06-02,totals|under|5.50|,totals,Under,5.5,,1.01,1.01,"[""Betfair Exchange""]","[""odds_api_io""]",1,,
soccer|ascoli 1898|union brescia|2026-06-02,spreads|union brescia|-3.00|home,spreads,Union Brescia,-3.0,home,100.0,100.0,"[""Betfair Exchange""]","[""odds_api_io""]",1,,
soccer|ascoli 1898|union brescia|2026-06-02,spreads|ascoli calcio 1898|-3.00|away,spreads,Ascoli Calcio 1898,-3.0,away,100.0,100.0,"[""Betfair Exchange""]","[""odds_api_io""]",1,,
soccer|ca huracan|colon santa fe reserves|2026-06-02,h2h|colon de santa fe reserve||home,h2h,Colon de Santa Fe Reserve,,home,3.8,3.2275,"[""Bet365"", ""Unibet"", ""Betfair Exchange""]","[""odds_api_io""]",3,8.406,
soccer|ca huracan|colon santa fe reserves|2026-06-02,h2h|draw||,h2h,Draw,,,3.3,3.1299,"[""Bet365"", ""Unibet"", ""Betfair Exchange""]","[""odds_api_io""]",3,3.595,
soccer|ca huracan|colon santa fe reserves|2026-06-02,h2h|ca huracan||away,h2h,CA Huracan,,away,2.28,2.1845,"[""Bet365"", ""Unibet"", ""Betfair Exchange""]","[""odds_api_io""]",3,4.921,
soccer|ca huracan|colon santa fe reserves|2026-06-02,dnb|colon de santa fe reserve|0.00|home,dnb,Colon de Santa Fe Reserve,0.0,home,2.6,2.4155,"[""Bet365"", ""Betfair Exchange""]","[""odds_api_io""]",2,5.983,
soccer|ca huracan|colon santa fe reserves|2026-06-02,dnb|ca huracan|0.00|away,dnb,CA Huracan,0.0,away,1.571,1.5551,"[""Bet365"", ""Betfair Exchange""]","[""odds_api_io""]",2,1.281,
soccer|ca huracan|colon santa fe reserves|2026-06-02,spreads|colon de santa fe reserve|0.25|home,spreads,Colon de Santa Fe Reserve,0.25,home,2.0,1.9751,"[""Bet365"", ""Betfair Exchange""]","[""odds_api_io""]",2,1.282,
soccer|ca huracan|colon santa fe reserves|2026-06-02,spreads|ca huracan|-0.25|away,spreads,CA Huracan,-0.25,away,1.89,1.8701,"[""Bet365"", ""Betfair Exchange""]","[""odds_api_io""]",2,1.144,
soccer|ca huracan|colon santa fe reserves|2026-06-02,totals|over|2.00|,totals,Over,2.0,,1.81,1.7926,"[""Bet365"", ""Betfair Exchange""]","[""odds_api_io""]",2,1.089,
soccer|ca huracan|colon santa fe reserves|2026-06-02,totals|under|2.00|,totals,Under,2.0,,2.04,2.0326,"[""Bet365"", ""Betfair Exchange""]","[""odds_api_io""]",2,0.363,
soccer|ca huracan|colon santa fe reserves|2026-06-02,totals|over|2.50|,totals,Over,2.5,,2.49,2.315,"[""Bet365"", ""Unibet"", ""Betfair Exchange""]","[""odds_api_io""]",3,7.009,
soccer|ca huracan|colon santa fe reserves|2026-06-02,totals|under|2.50|,totals,Under,2.5,,1.6,1.5902,"[""Bet365"", ""Unibet"", ""Betfair Exchange""]","[""odds_api_io""]",3,1.154,
soccer|ca huracan|colon santa fe reserves|2026-06-02,spreads|colon de santa fe reserve|-1.50|home,spreads,Colon de Santa Fe Reserve,-1.5,home,9.79,8.0519,"[""Bet365"", ""Betfair Exchange""]","[""odds_api_io""]",2,4.491,
soccer|ca huracan|colon santa fe reserves|2026-06-02,spreads|ca huracan|1.50|away,spreads,CA Huracan,1.5,away,4.0,1.6584,"[""Bet365"", ""Betfair Exchange""]","[""odds_api_io""]",2,69.34,
soccer|ca huracan|colon santa fe reserves|2026-06-02,spreads|colon de santa fe reserve|1.50|home,spreads,Colon de Santa Fe Reserve,1.5,home,1.23,1.2145,"[""Bet365"", ""Betfair Exchange""]","[""odds_api_io""]",2,2.033,
soccer|ca huracan|colon santa fe reserves|2026-06-02,spreads|ca huracan|-1.50|away,spreads,CA Huracan,-1.5,away,4.52,1.7957,"[""Bet365"", ""Betfair Exchange""]","[""odds_api_io""]",2,68.374,
soccer|ca huracan|colon santa fe reserves|2026-06-02,spreads|colon de santa fe reserve|-1.25|home,spreads,Colon de Santa Fe Reserve,-1.25,home,9.0,7.5036,"[""Bet365"", ""Betfair Exchange""]","[""odds_api_io""]",2,4.514,
soccer|ca huracan|colon santa fe reserves|2026-06-02,spreads|ca huracan|1.25|away,spreads,CA Huracan,1.25,away,3.55,1.6285,"[""Bet365"", ""Betfair Exchange""]","[""odds_api_io""]",2,65.289,
soccer|ca huracan|colon santa fe reserves|2026-06-02,spreads|colon de santa fe reserve|-1.00|home,spreads,Colon de Santa Fe Reserve,-1.0,home,9.6,7.6123,"[""Bet365"", ""Betfair Exchange""]","[""odds_api_io""]",3,6.532,
soccer|ca huracan|colon santa fe reserves|2026-06-02,spreads|ca huracan|1.00|away,spreads,CA Huracan,1.0,away,3.3,1.5004,"[""Bet365"", ""Betfair Exchange""]","[""odds_api_io""]",3,62.29,
soccer|ca huracan|colon santa fe reserves|2026-06-02,spreads|colon de santa fe reserve|-0.75|home,spreads,Colon de Santa Fe Reserve,-0.75,home,5.16,4.4536,"[""Bet365"", ""Betfair Exchange""]","[""odds_api_io""]",2,6.261,
soccer|ca huracan|colon santa fe reserves|2026-06-02,spreads|ca huracan|0.75|away,spreads,CA Huracan,0.75,away,2.425,1.5957,"[""Bet365"", ""Betfair Exchange""]","[""odds_api_io""]",2,42.096,
soccer|ca huracan|colon santa fe reserves|2026-06-02,spreads|colon de santa fe reserve|-0.50|home,spreads,Colon de Santa Fe Reserve,-0.5,home,3.8,3.4208,"[""Bet365"", ""Betfair Exchange""]","[""odds_api_io""]",2,5.942,
soccer|ca huracan|colon santa fe reserves|2026-06-02,spreads|ca huracan|0.50|away,spreads,CA Huracan,0.5,away,2.1,1.6144,"[""Bet365"", ""Betfair Exchange""]","[""odds_api_io""]",2,28.139,
soccer|ca huracan|colon santa fe reserves|2026-06-02,spreads|colon de santa fe reserve|-0.25|home,spreads,Colon de Santa Fe Reserve,-0.25,home,3.2,2.9621,"[""Bet365"", ""Betfair Exchange""]","[""odds_api_io""]",2,5.114,
soccer|ca huracan|colon santa fe reserves|2026-06-02,spreads|ca huracan|0.25|away,spreads,CA Huracan,0.25,away,1.425,1.4122,"[""Bet365"", ""Betfair Exchange""]","[""odds_api_io""]",2,1.253,
soccer|ca huracan|colon santa fe reserves|2026-06-02,spreads|colon de santa fe reserve|0.00|home,spreads,Colon de Santa Fe Reserve,0.0,home,2.61,2.4755,"[""Bet365"", ""Betfair Exchange""]","[""odds_api_io""]",2,4.239,
soccer|ca huracan|colon santa fe reserves|2026-06-02,spreads|ca huracan|-0.00|away,spreads,CA Huracan,-0.0,away,1.575,1.557,"[""Bet365"", ""Betfair Exchange""]","[""odds_api_io""]",2,1.443,
soccer|ca huracan|colon santa fe reserves|2026-06-02,spreads|colon de santa fe reserve|0.50|home,spreads,Colon de Santa Fe Reserve,0.5,home,1.73,1.7151,"[""Bet365"", ""Betfair Exchange""]","[""odds_api_io""]",2,1.02,
soccer|ca huracan|colon santa fe reserves|2026-06-02,spreads|ca huracan|-0.50|away,spreads,CA Huracan,-0.5,away,2.24,1.6923,"[""Bet365"", ""Betfair Exchange""]","[""odds_api_io""]",2,29.431,
soccer|ca huracan|colon santa fe reserves|2026-06-02,spreads|colon de santa fe reserve|0.75|home,spreads,Colon de Santa Fe Reserve,0.75,home,1.525,1.5173,"[""Bet365"", ""Betfair Exchange""]","[""odds_api_io""]",2,0.651,
soccer|ca huracan|colon santa fe reserves|2026-06-02,spreads|ca huracan|-0.75|away,spreads,CA Huracan,-0.75,away,2.67,1.7048,"[""Bet365"", ""Betfair Exchange""]","[""odds_api_io""]",2,43.192,
soccer|ca huracan|colon santa fe reserves|2026-06-02,spreads|colon de santa fe reserve|1.00|home,spreads,Colon de Santa Fe Reserve,1.0,home,1.73,1.4245,"[""Bet365"", ""Betfair Exchange""]","[""odds_api_io""]",3,19.716,
soccer|ca huracan|colon santa fe reserves|2026-06-02,spreads|ca huracan|-1.00|away,spreads,CA Huracan,-1.0,away,4.5,2.1789,"[""Bet365"", ""Betfair Exchange""]","[""odds_api_io""]",3,66.273,
soccer|ca huracan|colon santa fe reserves|2026-06-02,spreads|colon de santa fe reserve|1.25|home,spreads,Colon de Santa Fe Reserve,1.25,home,1.275,1.2569,"[""Bet365"", ""Betfair Exchange""]","[""odds_api_io""]",2,2.214,
soccer|ca huracan|colon santa fe reserves|2026-06-02,spreads|ca huracan|-1.25|away,spreads,CA Huracan,-1.25,away,4.02,1.7639,"[""Bet365"", ""Betfair Exchange""]","[""odds_api_io""]",2,64.81,
soccer|ca huracan|colon santa fe reserves|2026-06-02,spreads|colon de santa fe reserve|1.75|home,spreads,Colon de Santa Fe Reserve,1.75,home,1.16,1.1445,"[""Bet365"", ""Betfair Exchange""]","[""odds_api_io""]",2,2.289,
soccer|ca huracan|colon santa fe reserves|2026-06-02,spreads|ca huracan|-1.75|away,spreads,CA Huracan,-1.75,away,6.46,5.8034,"[""Bet365"", ""Betfair Exchange""]","[""odds_api_io""]",2,3.568,
soccer|ca huracan|colon santa fe reserves|2026-06-02,doubleChance|1x||,doubleChance,1X,,,1.73,1.5892,"[""Unibet"", ""Betfair Exchange""]","[""odds_api_io""]",2,10.69,
soccer|ca huracan|colon santa fe reserves|2026-06-02,doubleChance|12||,doubleChance,12,,,1.43,1.3486,"[""Unibet"", ""Betfair Exchange""]","[""odds_api_io""]",2,8.81,
soccer|ca huracan|colon santa fe reserves|2026-06-02,doubleChance|x2||,doubleChance,X2,,,1.32,1.3055,"[""Unibet"", ""Betfair Exchange""]","[""odds_api_io""]",2,1.762,
soccer|ca huracan|colon santa fe reserves|2026-06-02,totals|over|1.50|,totals,Over,1.5,,1.48,1.42,"[""Unibet"", ""Betfair Exchange""]","[""odds_api_io""]",2,5.962,
soccer|ca huracan|colon santa fe reserves|2026-06-02,totals|under|1.50|,totals,Under,1.5,,2.86,2.8062,"[""Unibet"", ""Betfair Exchange""]","[""odds_api_io""]",2,1.399,
soccer|ca huracan|colon santa fe reserves|2026-06-02,totals|over|3.50|,totals,Over,3.5,,4.9,4.3032,"[""Unibet"", ""Betfair Exchange""]","[""odds_api_io""]",2,5.908,
soccer|ca huracan|colon santa fe reserves|2026-06-02,totals|under|3.50|,totals,Under,3.5,,1.25,1.2255,"[""Unibet"", ""Betfair Exchange""]","[""odds_api_io""]",2,3.333,
soccer|ca huracan|colon santa fe reserves|2026-06-02,spreads|colon de santa fe reserve|2.75|home,spreads,Colon de Santa Fe Reserve,2.75,home,1.03,1.03,"[""Betfair Exchange""]","[""odds_api_io""]",1,,
soccer|ca huracan|colon santa fe reserves|2026-06-02,spreads|ca huracan|-2.75|away,spreads,CA Huracan,-2.75,away,19.04,19.04,"[""Betfair Exchange""]","[""odds_api_io""]",1,,
soccer|ca huracan|colon santa fe reserves|2026-06-02,spreads|colon de santa fe reserve|2.50|home,spreads,Colon de Santa Fe Reserve,2.5,home,1.05,1.05,"[""Betfair Exchange""]","[""odds_api_io""]",1,,
soccer|ca huracan|colon santa fe reserves|2026-06-02,spreads|ca huracan|-2.50|away,spreads,CA Huracan,-2.5,away,12.61,12.61,"[""Betfair Exchange""]","[""odds_api_io""]",1,,
soccer|ca huracan|colon santa fe reserves|2026-06-02,spreads|colon de santa fe reserve|2.25|home,spreads,Colon de Santa Fe Reserve,2.25,home,1.05,1.05,"[""Betfair Exchange""]","[""odds_api_io""]",1,,
soccer|ca huracan|colon santa fe reserves|2026-06-02,spreads|ca huracan|-2.25|away,spreads,CA Huracan,-2.25,away,11.86,11.86,"[""Betfair Exchange""]","[""odds_api_io""]",1,,
soccer|ca huracan|colon santa fe reserves|2026-06-02,spreads|colon de santa fe reserve|2.00|home,spreads,Colon de Santa Fe Reserve,2.0,home,1.2,1.12,"[""Betfair Exchange""]","[""odds_api_io""]",2,11.905,
soccer|ca huracan|colon santa fe reserves|2026-06-02,spreads|ca huracan|-2.00|away,spreads,CA Huracan,-2.0,away,12.5,11.7021,"[""Betfair Exchange""]","[""odds_api_io""]",2,1.091,
soccer|ca huracan|colon santa fe reserves|2026-06-02,spreads|colon de santa fe reserve|3.25|home,spreads,Colon de Santa Fe Reserve,3.25,home,1.01,1.01,"[""Betfair Exchange""]","[""odds_api_io""]",1,,
soccer|ca huracan|colon santa fe reserves|2026-06-02,spreads|ca huracan|-3.25|away,spreads,CA Huracan,-3.25,away,42.98,42.98,"[""Betfair Exchange""]","[""odds_api_io""]",1,,
soccer|ca huracan|colon santa fe reserves|2026-06-02,spreads|colon de santa fe reserve|-1.75|home,spreads,Colon de Santa Fe Reserve,-1.75,home,14.87,14.87,"[""Betfair Exchange""]","[""odds_api_io""]",1,,
soccer|ca huracan|colon santa fe reserves|2026-06-02,spreads|ca huracan|1.75|away,spreads,CA Huracan,1.75,away,1.04,1.04,"[""Betfair Exchange""]","[""odds_api_io""]",1,,
soccer|ca huracan|colon santa fe reserves|2026-06-02,spreads|colon de santa fe reserve|-2.00|home,spreads,Colon de Santa Fe Reserve,-2.0,home,36.0,35.119,"[""Betfair Exchange""]","[""odds_api_io""]",2,0.139,
soccer|ca huracan|colon santa fe reserves|2026-06-02,spreads|ca huracan|2.00|away,spreads,CA Huracan,2.0,away,1.06,1.0344,"[""Betfair Exchange""]","[""odds_api_io""]",2,4.67,
soccer|ca huracan|colon santa fe reserves|2026-06-02,spreads|colon de santa fe reserve|-2.25|home,spreads,Colon de Santa Fe Reserve,-2.25,home,35.46,35.46,"[""Betfair Exchange""]","[""odds_api_io""]",1,,
soccer|ca huracan|colon santa fe reserves|2026-06-02,spreads|ca huracan|2.25|away,spreads,CA Huracan,2.25,away,1.01,1.01,"[""Betfair Exchange""]","[""odds_api_io""]",1,,
soccer|ca huracan|colon santa fe reserves|2026-06-02,spreads|colon de santa fe reserve|-2.50|home,spreads,Colon de Santa Fe Reserve,-2.5,home,36.63,36.63,"[""Betfair Exchange""]","[""odds_api_io""]",1,,
soccer|ca huracan|colon santa fe reserves|2026-06-02,spreads|ca huracan|2.50|away,spreads,CA Huracan,2.5,away,1.01,1.01,"[""Betfair Exchange""]","[""odds_api_io""]",1,,
soccer|ca huracan|colon santa fe reserves|2026-06-02,spreads|colon de santa fe reserve|3.50|home,spreads,Colon de Santa Fe Reserve,3.5,home,1.01,1.01,"[""Betfair Exchange""]","[""odds_api_io""]",1,,
soccer|ca huracan|colon santa fe reserves|2026-06-02,spreads|ca huracan|-3.50|away,spreads,CA Huracan,-3.5,away,44.0,44.0,"[""Betfair Exchange""]","[""odds_api_io""]",1,,
soccer|ca huracan|colon santa fe reserves|2026-06-02,spreads|colon de santa fe reserve|3.00|home,spreads,Colon de Santa Fe Reserve,3.0,home,1.05,1.0296,"[""Betfair Exchange""]","[""odds_api_io""]",2,3.772,
soccer|ca huracan|colon santa fe reserves|2026-06-02,spreads|ca huracan|-3.00|away,spreads,CA Huracan,-3.0,away,44.0,42.961,"[""Betfair Exchange""]","[""odds_api_io""]",2,0.11,
soccer|ca huracan|colon santa fe reserves|2026-06-02,spreads|colon de santa fe reserve|-2.75|home,spreads,Colon de Santa Fe Reserve,-2.75,home,60.22,60.22,"[""Betfair Exchange""]","[""odds_api_io""]",1,,
soccer|ca huracan|colon santa fe reserves|2026-06-02,spreads|ca huracan|2.75|away,spreads,CA Huracan,2.75,away,1.01,1.01,"[""Betfair Exchange""]","[""odds_api_io""]",1,,
soccer|ca huracan|colon santa fe reserves|2026-06-02,totals|over|1.75|,totals,Over,1.75,,1.6,1.6,"[""Betfair Exchange""]","[""odds_api_io""]",1,,
soccer|ca huracan|colon santa fe reserves|2026-06-02,totals|under|1.75|,totals,Under,1.75,,2.39,2.39,"[""Betfair Exchange""]","[""odds_api_io""]",1,,
soccer|ca huracan|colon santa fe reserves|2026-06-02,totals|over|5.50|,totals,Over,5.5,,26.0,26.0,"[""Betfair Exchange""]","[""odds_api_io""]",1,,
soccer|ca huracan|colon santa fe reserves|2026-06-02,totals|under|5.50|,totals,Under,5.5,,1.03,1.03,"[""Betfair Exchange""]","[""odds_api_io""]",1,,
soccer|ca huracan|colon santa fe reserves|2026-06-02,totals|over|4.75|,totals,Over,4.75,,16.05,16.05,"[""Betfair Exchange""]","[""odds_api_io""]",1,,
soccer|ca huracan|colon santa fe reserves|2026-06-02,totals|under|4.75|,totals,Under,4.75,,1.04,1.04,"[""Betfair Exchange""]","[""odds_api_io""]",1,,
soccer|ca huracan|colon santa fe reserves|2026-06-02,totals|over|5.25|,totals,Over,5.25,,25.41,25.41,"[""Betfair Exchange""]","[""odds_api_io""]",1,,
soccer|ca huracan|colon santa fe reserves|2026-06-02,totals|under|5.25|,totals,Under,5.25,,1.03,1.03,"[""Betfair Exchange""]","[""odds_api_io""]",1,,
soccer|ca huracan|colon santa fe reserves|2026-06-02,totals|over|5.00|,totals,Over,5.0,,1.01,1.01,"[""Betfair Exchange""]","[""odds_api_io""]",1,,
soccer|ca huracan|colon santa fe reserves|2026-06-02,totals|under|5.00|,totals,Under,5.0,,1.03,1.03,"[""Betfair Exchange""]","[""odds_api_io""]",1,,
soccer|ca huracan|colon santa fe reserves|2026-06-02,totals|over|4.25|,totals,Over,4.25,,11.27,11.27,"[""Betfair Exchange""]","[""odds_api_io""]",1,,
soccer|ca huracan|colon santa fe reserves|2026-06-02,totals|under|4.25|,totals,Under,4.25,,1.08,1.08,"[""Betfair Exchange""]","[""odds_api_io""]",1,,
soccer|ca huracan|colon santa fe reserves|2026-06-02,totals|over|1.00|,totals,Over,1.0,,1.14,1.14,"[""Betfair Exchange""]","[""odds_api_io""]",1,,
soccer|ca huracan|colon santa fe reserves|2026-06-02,totals|under|1.00|,totals,Under,1.0,,5.6,5.6,"[""Betfair Exchange""]","[""odds_api_io""]",1,,
soccer|ca huracan|colon santa fe reserves|2026-06-02,totals|over|2.25|,totals,Over,2.25,,2.15,2.15,"[""Betfair Exchange""]","[""odds_api_io""]",1,,
soccer|ca huracan|colon santa fe reserves|2026-06-02,totals|under|2.25|,totals,Under,2.25,,1.76,1.76,"[""Betfair Exchange""]","[""odds_api_io""]",1,,
soccer|ca huracan|colon santa fe reserves|2026-06-02,totals|over|1.25|,totals,Over,1.25,,1.31,1.31,"[""Betfair Exchange""]","[""odds_api_io""]",1,,
soccer|ca huracan|colon santa fe reserves|2026-06-02,totals|under|1.25|,totals,Under,1.25,,3.64,3.64,"[""Betfair Exchange""]","[""odds_api_io""]",1,,
soccer|ca huracan|colon santa fe reserves|2026-06-02,totals|over|0.75|,totals,Over,0.75,,1.12,1.12,"[""Betfair Exchange""]","[""odds_api_io""]",1,,
soccer|ca huracan|colon santa fe reserves|2026-06-02,totals|under|0.75|,totals,Under,0.75,,6.34,6.34,"[""Betfair Exchange""]","[""odds_api_io""]",1,,
soccer|ca huracan|colon santa fe reserves|2026-06-02,totals|over|3.00|,totals,Over,3.0,,3.93,3.93,"[""Betfair Exchange""]","[""odds_api_io""]",1,,
soccer|ca huracan|colon santa fe reserves|2026-06-02,totals|under|3.00|,totals,Under,3.0,,1.31,1.31,"[""Betfair Exchange""]","[""odds_api_io""]",1,,
soccer|ca huracan|colon santa fe reserves|2026-06-02,totals|over|3.25|,totals,Over,3.25,,4.41,4.41,"[""Betfair Exchange""]","[""odds_api_io""]",1,,
soccer|ca huracan|colon santa fe reserves|2026-06-02,totals|under|3.25|,totals,Under,3.25,,1.27,1.27,"[""Betfair Exchange""]","[""odds_api_io""]",1,,
soccer|ca huracan|colon santa fe reserves|2026-06-02,totals|over|2.75|,totals,Over,2.75,,2.97,2.97,"[""Betfair Exchange""]","[""odds_api_io""]",1,,
soccer|ca huracan|colon santa fe reserves|2026-06-02,totals|under|2.75|,totals,Under,2.75,,1.43,1.43,"[""Betfair Exchange""]","[""odds_api_io""]",1,,
soccer|ca huracan|colon santa fe reserves|2026-06-02,totals|over|3.75|,totals,Over,3.75,,6.53,6.53,"[""Betfair Exchange""]","[""odds_api_io""]",1,,
soccer|ca huracan|colon santa fe reserves|2026-06-02,totals|under|3.75|,totals,Under,3.75,,1.12,1.12,"[""Betfair Exchange""]","[""odds_api_io""]",1,,
soccer|ca huracan|colon santa fe reserves|2026-06-02,totals|over|4.00|,totals,Over,4.0,,10.55,10.55,"[""Betfair Exchange""]","[""odds_api_io""]",1,,
soccer|ca huracan|colon santa fe reserves|2026-06-02,totals|under|4.00|,totals,Under,4.0,,1.08,1.08,"[""Betfair Exchange""]","[""odds_api_io""]",1,,
soccer|ca huracan|colon santa fe reserves|2026-06-02,totals|over|4.50|,totals,Over,4.5,,12.0,12.0,"[""Betfair Exchange""]","[""odds_api_io""]",1,,
soccer|ca huracan|colon santa fe reserves|2026-06-02,totals|under|4.50|,totals,Under,4.5,,1.08,1.08,"[""Betfair Exchange""]","[""odds_api_io""]",1,,
soccer|ca huracan|colon santa fe reserves|2026-06-02,totals|over|0.50|,totals,Over,0.5,,1.11,1.11,"[""Betfair Exchange""]","[""odds_api_io""]",1,,
soccer|ca huracan|colon santa fe reserves|2026-06-02,totals|under|0.50|,totals,Under,0.5,,8.4,8.4,"[""Betfair Exchange""]","[""odds_api_io""]",1,,
soccer|ca huracan|colon santa fe reserves|2026-06-02,btts|yes||,btts,Yes,,,2.04,2.04,"[""Betfair Exchange""]","[""odds_api_io""]",1,,
soccer|ca huracan|colon santa fe reserves|2026-06-02,btts|no||,btts,No,,,1.86,1.86,"[""Betfair Exchange""]","[""odds_api_io""]",1,,
soccer|ca huracan|colon santa fe reserves|2026-06-02,spreads|colon de santa fe reserve|-3.00|home,spreads,Colon de Santa Fe Reserve,-3.0,home,180.0,180.0,"[""Betfair Exchange""]","[""odds_api_io""]",1,,
soccer|ca huracan|colon santa fe reserves|2026-06-02,spreads|ca huracan|3.00|away,spreads,CA Huracan,3.0,away,1.01,1.01,"[""Betfair Exchange""]","[""odds_api_io""]",1,,
soccer|ca colegiales|general diaz luque|2026-06-02,h2h|ca colegiales||home,h2h,CA Colegiales,,home,2.72,2.4686,"[""Bet365"", ""Unibet"", ""Betfair Exchange""]","[""odds_api_io""]",3,9.964,
soccer|ca colegiales|general diaz luque|2026-06-02,h2h|draw||,h2h,Draw,,,3.3,3.166,"[""Bet365"", ""Unibet"", ""Betfair Exchange""]","[""odds_api_io""]",3,3.03,
soccer|ca colegiales|general diaz luque|2026-06-02,h2h|general diaz luque||away,h2h,General Diaz Luque,,away,3.05,2.6603,"[""Bet365"", ""Unibet"", ""Betfair Exchange""]","[""odds_api_io""]",3,7.213,
soccer|ca colegiales|general diaz luque|2026-06-02,dnb|ca colegiales|0.00|home,dnb,CA Colegiales,0.0,home,1.94,1.7656,"[""Bet365"", ""Betfair Exchange""]","[""odds_api_io""]",2,10.373,
soccer|ca colegiales|general diaz luque|2026-06-02,dnb|general diaz luque|0.00|away,dnb,General Diaz Luque,0.0,away,2.2,1.9886,"[""Bet365"", ""Betfair Exchange""]","[""odds_api_io""]",2,9.491,
soccer|ca colegiales|general diaz luque|2026-06-02,spreads|ca colegiales|0.00|home,spreads,CA Colegiales,0.0,home,1.94,1.8294,"[""Bet365"", ""Betfair Exchange""]","[""odds_api_io""]",3,9.06,
soccer|ca colegiales|general diaz luque|2026-06-02,totals|over|2.50|,totals,Over,2.5,,1.95,1.8749,"[""Bet365"", ""Unibet"", ""Betfair Exchange""]","[""odds_api_io""]",4,4.274,
soccer|ca colegiales|general diaz luque|2026-06-02,totals|under|2.50|,totals,Under,2.5,,1.96,1.9126,"[""Bet365"", ""Unibet"", ""Betfair Exchange""]","[""odds_api_io""]",4,3.327,
soccer|ca colegiales|general diaz luque|2026-06-02,spreads|ca colegiales|-1.75|home,spreads,CA Colegiales,-1.75,home,8.58,6.5427,"[""Bet365"", ""Betfair Exchange""]","[""odds_api_io""]",2,7.393,
soccer|ca colegiales|general diaz luque|2026-06-02,spreads|general diaz luque|1.75|away,spreads,General Diaz Luque,1.75,away,1.16,1.1287,"[""Bet365"", ""Betfair Exchange""]","[""odds_api_io""]",2,4.702,
soccer|ca colegiales|general diaz luque|2026-06-02,spreads|ca colegiales|-1.50|home,spreads,CA Colegiales,-1.5,home,6.0,4.8175,"[""Bet365"", ""Betfair Exchange""]","[""odds_api_io""]",2,8.333,
soccer|ca colegiales|general diaz luque|2026-06-02,spreads|general diaz luque|1.50|away,spreads,General Diaz Luque,1.5,away,5.75,1.8937,"[""Bet365"", ""Betfair Exchange""]","[""odds_api_io""]",2,69.565,
soccer|ca colegiales|general diaz luque|2026-06-02,spreads|ca colegiales|-1.25|home,spreads,CA Colegiales,-1.25,home,5.53,4.3413,"[""Bet365"", ""Betfair Exchange""]","[""odds_api_io""]",2,10.086,
soccer|ca colegiales|general diaz luque|2026-06-02,spreads|general diaz luque|1.25|away,spreads,General Diaz Luque,1.25,away,5.5,1.907,"[""Bet365"", ""Betfair Exchange""]","[""odds_api_io""]",2,67.288,
soccer|ca colegiales|general diaz luque|2026-06-02,spreads|ca colegiales|-1.00|home,spreads,CA Colegiales,-1.0,home,6.0,4.4685,"[""Bet365"", ""Betfair Exchange""]","[""odds_api_io""]",3,13.636,
soccer|ca colegiales|general diaz luque|2026-06-02,spreads|general diaz luque|1.00|away,spreads,General Diaz Luque,1.0,away,4.8,1.7518,"[""Bet365"", ""Betfair Exchange""]","[""odds_api_io""]",3,62.5,
soccer|ca colegiales|general diaz luque|2026-06-02,spreads|ca colegiales|-0.75|home,spreads,CA Colegiales,-0.75,home,3.39,2.95,"[""Bet365"", ""Betfair Exchange""]","[""odds_api_io""]",2,8.963,
soccer|ca colegiales|general diaz luque|2026-06-02,spreads|general diaz luque|0.75|away,spreads,General Diaz Luque,0.75,away,3.55,1.9508,"[""Bet365"", ""Betfair Exchange""]","[""odds_api_io""]",2,45.36,
soccer|ca colegiales|general diaz luque|2026-06-02,spreads|ca colegiales|-0.50|home,spreads,CA Colegiales,-0.5,home,2.72,2.467,"[""Bet365"", ""Betfair Exchange""]","[""odds_api_io""]",2,7.68,
soccer|ca colegiales|general diaz luque|2026-06-02,spreads|general diaz luque|0.50|away,spreads,General Diaz Luque,0.5,away,2.85,1.9717,"[""Bet365"", ""Betfair Exchange""]","[""odds_api_io""]",2,30.702,
soccer|ca colegiales|general diaz luque|2026-06-02,spreads|general diaz luque|-0.00|away,spreads,General Diaz Luque,-0.0,away,2.2,1.9497,"[""Bet365"", ""Betfair Exchange""]","[""odds_api_io""]",3,9.491,
soccer|ca colegiales|general diaz luque|2026-06-02,spreads|ca colegiales|0.25|home,spreads,CA Colegiales,0.25,home,1.68,1.5865,"[""Bet365"", ""Betfair Exchange""]","[""odds_api_io""]",2,7.143,
soccer|ca colegiales|general diaz luque|2026-06-02,spreads|general diaz luque|-0.25|away,spreads,General Diaz Luque,-0.25,away,2.5,2.3204,"[""Bet365"", ""Betfair Exchange""]","[""odds_api_io""]",2,6.083,
soccer|ca colegiales|general diaz luque|2026-06-02,spreads|ca colegiales|0.50|home,spreads,CA Colegiales,0.5,home,1.53,1.4633,"[""Bet365"", ""Betfair Exchange""]","[""odds_api_io""]",2,6.069,
soccer|ca colegiales|general diaz luque|2026-06-02,spreads|general diaz luque|-0.50|away,spreads,General Diaz Luque,-0.5,away,2.52,1.9837,"[""Bet365"", ""Betfair Exchange""]","[""odds_api_io""]",2,21.856,
soccer|ca colegiales|general diaz luque|2026-06-02,spreads|ca colegiales|0.75|home,spreads,CA Colegiales,0.75,home,1.38,1.3264,"[""Bet365"", ""Betfair Exchange""]","[""odds_api_io""]",2,5.968,
soccer|ca colegiales|general diaz luque|2026-06-02,spreads|general diaz luque|-0.75|away,spreads,General Diaz Luque,-0.75,away,3.1,2.0119,"[""Bet365"", ""Betfair Exchange""]","[""odds_api_io""]",2,35.539,
soccer|ca colegiales|general diaz luque|2026-06-02,spreads|ca colegiales|1.00|home,spreads,CA Colegiales,1.0,home,1.53,1.2922,"[""Bet365"", ""Betfair Exchange""]","[""odds_api_io""]",3,19.747,
soccer|ca colegiales|general diaz luque|2026-06-02,spreads|general diaz luque|-1.00|away,spreads,General Diaz Luque,-1.0,away,5.5,2.6122,"[""Bet365"", ""Betfair Exchange""]","[""odds_api_io""]",3,57.29,
soccer|ca colegiales|general diaz luque|2026-06-02,spreads|ca colegiales|1.25|home,spreads,CA Colegiales,1.25,home,1.19,1.17,"[""Bet365"", ""Betfair Exchange""]","[""odds_api_io""]",2,2.923,
soccer|ca colegiales|general diaz luque|2026-06-02,spreads|general diaz luque|-1.25|away,spreads,General Diaz Luque,-1.25,away,4.99,2.0532,"[""Bet365"", ""Betfair Exchange""]","[""odds_api_io""]",2,58.391,
soccer|ca colegiales|general diaz luque|2026-06-02,spreads|ca colegiales|1.50|home,spreads,CA Colegiales,1.5,home,1.17,1.1551,"[""Bet365"", ""Betfair Exchange""]","[""odds_api_io""]",2,2.249,
soccer|ca colegiales|general diaz luque|2026-06-02,spreads|general diaz luque|-1.50|away,spreads,General Diaz Luque,-1.5,away,5.54,2.0366,"[""Bet365"", ""Betfair Exchange""]","[""odds_api_io""]",2,63.25,
soccer|ca colegiales|general diaz luque|2026-06-02,doubleChance|1x||,doubleChance,1X,,,1.53,1.3817,"[""Unibet"", ""Betfair Exchange""]","[""odds_api_io""]",2,14.641,
soccer|ca colegiales|general diaz luque|2026-06-02,doubleChance|12||,doubleChance,12,,,1.39,1.3245,"[""Unibet"", ""Betfair Exchange""]","[""odds_api_io""]",2,7.423,
soccer|ca colegiales|general diaz luque|2026-06-02,doubleChance|x2||,doubleChance,X2,,,1.52,1.52,"[""Unibet"", ""Betfair Exchange""]","[""odds_api_io""]",2,,
soccer|ca colegiales|general diaz luque|2026-06-02,totals|over|3.50|,totals,Over,3.5,,3.2,3.0752,"[""Unibet"", ""Betfair Exchange""]","[""odds_api_io""]",2,2.648,
soccer|ca colegiales|general diaz luque|2026-06-02,totals|under|3.50|,totals,Under,3.5,,1.38,1.3506,"[""Unibet"", ""Betfair Exchange""]","[""odds_api_io""]",2,3.294,
soccer|ca colegiales|general diaz luque|2026-06-02,totals|over|1.50|,totals,Over,1.5,,1.31,1.2755,"[""Unibet"", ""Betfair Exchange""]","[""odds_api_io""]",2,4.309,
soccer|ca colegiales|general diaz luque|2026-06-02,totals|under|1.50|,totals,Under,1.5,,3.8,3.6239,"[""Unibet"", ""Betfair Exchange""]","[""odds_api_io""]",2,2.67,
soccer|ca colegiales|general diaz luque|2026-06-02,spreads|ca colegiales|-0.25|home,spreads,CA Colegiales,-0.25,home,2.33,2.33,"[""Betfair Exchange""]","[""odds_api_io""]",1,,
soccer|ca colegiales|general diaz luque|2026-06-02,spreads|general diaz luque|0.25|away,spreads,General Diaz Luque,0.25,away,1.68,1.68,"[""Betfair Exchange""]","[""odds_api_io""]",1,,
soccer|ca colegiales|general diaz luque|2026-06-02,spreads|ca colegiales|1.75|home,spreads,CA Colegiales,1.75,home,1.11,1.11,"[""Betfair Exchange""]","[""odds_api_io""]",1,,
soccer|ca colegiales|general diaz luque|2026-06-02,spreads|general diaz luque|-1.75|away,spreads,General Diaz Luque,-1.75,away,7.75,7.75,"[""Betfair Exchange""]","[""odds_api_io""]",1,,
soccer|ca colegiales|general diaz luque|2026-06-02,spreads|ca colegiales|2.00|home,spreads,CA Colegiales,2.0,home,1.17,1.1068,"[""Betfair Exchange""]","[""odds_api_io""]",2,9.768,
soccer|ca colegiales|general diaz luque|2026-06-02,spreads|general diaz luque|-2.00|away,spreads,General Diaz Luque,-2.0,away,14.0,13.2687,"[""Betfair Exchange""]","[""odds_api_io""]",2,0.787,
soccer|ca colegiales|general diaz luque|2026-06-02,spreads|ca colegiales|2.25|home,spreads,CA Colegiales,2.25,home,1.05,1.05,"[""Betfair Exchange""]","[""odds_api_io""]",1,,
soccer|ca colegiales|general diaz luque|2026-06-02,spreads|general diaz luque|-2.25|away,spreads,General Diaz Luque,-2.25,away,13.3,13.3,"[""Betfair Exchange""]","[""odds_api_io""]",1,,
soccer|ca colegiales|general diaz luque|2026-06-02,spreads|ca colegiales|2.50|home,spreads,CA Colegiales,2.5,home,1.05,1.05,"[""Betfair Exchange""]","[""odds_api_io""]",1,,
soccer|ca colegiales|general diaz luque|2026-06-02,spreads|general diaz luque|-2.50|away,spreads,General Diaz Luque,-2.5,away,14.0,14.0,"[""Betfair Exchange""]","[""odds_api_io""]",1,,
soccer|ca colegiales|general diaz luque|2026-06-02,spreads|ca colegiales|-3.25|home,spreads,CA Colegiales,-3.25,home,48.88,48.88,"[""Betfair Exchange""]","[""odds_api_io""]",1,,
soccer|ca colegiales|general diaz luque|2026-06-02,spreads|general diaz luque|3.25|away,spreads,General Diaz Luque,3.25,away,1.01,1.01,"[""Betfair Exchange""]","[""odds_api_io""]",1,,
soccer|ca colegiales|general diaz luque|2026-06-02,spreads|ca colegiales|-3.00|home,spreads,CA Colegiales,-3.0,home,50.0,48.8596,"[""Betfair Exchange""]","[""odds_api_io""]",2,0.093,
soccer|ca colegiales|general diaz luque|2026-06-02,spreads|general diaz luque|3.00|away,spreads,General Diaz Luque,3.0,away,1.04,1.0248,"[""Betfair Exchange""]","[""odds_api_io""]",2,2.856,
soccer|ca colegiales|general diaz luque|2026-06-02,spreads|ca colegiales|-3.50|home,spreads,CA Colegiales,-3.5,home,50.0,50.0,"[""Betfair Exchange""]","[""odds_api_io""]",1,,
soccer|ca colegiales|general diaz luque|2026-06-02,spreads|general diaz luque|3.50|away,spreads,General Diaz Luque,3.5,away,1.01,1.01,"[""Betfair Exchange""]","[""odds_api_io""]",1,,
soccer|ca colegiales|general diaz luque|2026-06-02,spreads|ca colegiales|-2.00|home,spreads,CA Colegiales,-2.0,home,15.5,14.7394,"[""Betfair Exchange""]","[""odds_api_io""]",2,0.666,
soccer|ca colegiales|general diaz luque|2026-06-02,spreads|general diaz luque|2.00|away,spreads,General Diaz Luque,2.0,away,1.15,1.0922,"[""Betfair Exchange""]","[""odds_api_io""]",2,9.197,
soccer|ca colegiales|general diaz luque|2026-06-02,spreads|ca colegiales|-2.75|home,spreads,CA Colegiales,-2.75,home,23.13,23.13,"[""Betfair Exchange""]","[""odds_api_io""]",1,,
soccer|ca colegiales|general diaz luque|2026-06-02,spreads|general diaz luque|2.75|away,spreads,General Diaz Luque,2.75,away,1.02,1.02,"[""Betfair Exchange""]","[""odds_api_io""]",1,,
soccer|ca colegiales|general diaz luque|2026-06-02,spreads|ca colegiales|-2.25|home,spreads,CA Colegiales,-2.25,home,14.86,14.86,"[""Betfair Exchange""]","[""odds_api_io""]",1,,
soccer|ca colegiales|general diaz luque|2026-06-02,spreads|general diaz luque|2.25|away,spreads,General Diaz Luque,2.25,away,1.04,1.04,"[""Betfair Exchange""]","[""odds_api_io""]",1,,
soccer|ca colegiales|general diaz luque|2026-06-02,spreads|ca colegiales|3.50|home,spreads,CA Colegiales,3.5,home,1.01,1.01,"[""Betfair Exchange""]","[""odds_api_io""]",1,,
soccer|ca colegiales|general diaz luque|2026-06-02,spreads|general diaz luque|-3.50|away,spreads,General Diaz Luque,-3.5,away,46.0,46.0,"[""Betfair Exchange""]","[""odds_api_io""]",1,,
soccer|ca colegiales|general diaz luque|2026-06-02,spreads|ca colegiales|3.25|home,spreads,CA Colegiales,3.25,home,1.01,1.01,"[""Betfair Exchange""]","[""odds_api_io""]",1,,
soccer|ca colegiales|general diaz luque|2026-06-02,spreads|general diaz luque|-3.25|away,spreads,General Diaz Luque,-3.25,away,44.86,44.86,"[""Betfair Exchange""]","[""odds_api_io""]",1,,
soccer|ca colegiales|general diaz luque|2026-06-02,spreads|ca colegiales|3.00|home,spreads,CA Colegiales,3.0,home,1.05,1.0296,"[""Betfair Exchange""]","[""odds_api_io""]",2,3.772,
soccer|ca colegiales|general diaz luque|2026-06-02,spreads|general diaz luque|-3.00|away,spreads,General Diaz Luque,-3.0,away,46.0,44.8363,"[""Betfair Exchange""]","[""odds_api_io""]",2,0.113,
soccer|ca colegiales|general diaz luque|2026-06-02,spreads|ca colegiales|2.75|home,spreads,CA Colegiales,2.75,home,1.03,1.03,"[""Betfair Exchange""]","[""odds_api_io""]",1,,
soccer|ca colegiales|general diaz luque|2026-06-02,spreads|general diaz luque|-2.75|away,spreads,General Diaz Luque,-2.75,away,20.93,20.93,"[""Betfair Exchange""]","[""odds_api_io""]",1,,
soccer|ca colegiales|general diaz luque|2026-06-02,spreads|ca colegiales|-2.50|home,spreads,CA Colegiales,-2.5,home,15.5,15.5,"[""Betfair Exchange""]","[""odds_api_io""]",1,,
soccer|ca colegiales|general diaz luque|2026-06-02,spreads|general diaz luque|2.50|away,spreads,General Diaz Luque,2.5,away,1.04,1.04,"[""Betfair Exchange""]","[""odds_api_io""]",1,,
soccer|ca colegiales|general diaz luque|2026-06-02,totals|over|3.00|,totals,Over,3.0,,2.55,2.55,"[""Betfair Exchange""]","[""odds_api_io""]",1,,
soccer|ca colegiales|general diaz luque|2026-06-02,totals|under|3.00|,totals,Under,3.0,,1.52,1.52,"[""Betfair Exchange""]","[""odds_api_io""]",1,,
soccer|ca colegiales|general diaz luque|2026-06-02,totals|over|2.00|,totals,Over,2.0,,1.46,1.46,"[""Betfair Exchange""]","[""odds_api_io""]",1,,
soccer|ca colegiales|general diaz luque|2026-06-02,totals|under|2.00|,totals,Under,2.0,,2.66,2.66,"[""Betfair Exchange""]","[""odds_api_io""]",1,,
soccer|ca colegiales|general diaz luque|2026-06-02,totals|over|2.25|,totals,Over,2.25,,1.7,1.7,"[""Betfair Exchange""]","[""odds_api_io""]",1,,
soccer|ca colegiales|general diaz luque|2026-06-02,totals|under|2.25|,totals,Under,2.25,,2.21,2.21,"[""Betfair Exchange""]","[""odds_api_io""]",1,,
soccer|ca colegiales|general diaz luque|2026-06-02,totals|over|1.75|,totals,Over,1.75,,1.37,1.37,"[""Betfair Exchange""]","[""odds_api_io""]",1,,
soccer|ca colegiales|general diaz luque|2026-06-02,totals|under|1.75|,totals,Under,1.75,,3.03,3.03,"[""Betfair Exchange""]","[""odds_api_io""]",1,,
soccer|ca colegiales|general diaz luque|2026-06-02,totals|over|3.25|,totals,Over,3.25,,2.87,2.87,"[""Betfair Exchange""]","[""odds_api_io""]",1,,
soccer|ca colegiales|general diaz luque|2026-06-02,totals|under|3.25|,totals,Under,3.25,,1.44,1.44,"[""Betfair Exchange""]","[""odds_api_io""]",1,,
soccer|ca colegiales|general diaz luque|2026-06-02,totals|over|1.25|,totals,Over,1.25,,1.19,1.19,"[""Betfair Exchange""]","[""odds_api_io""]",1,,
soccer|ca colegiales|general diaz luque|2026-06-02,totals|under|1.25|,totals,Under,1.25,,5.28,5.28,"[""Betfair Exchange""]","[""odds_api_io""]",1,,
soccer|ca colegiales|general diaz luque|2026-06-02,totals|over|1.00|,totals,Over,1.0,,1.08,1.08,"[""Betfair Exchange""]","[""odds_api_io""]",1,,
soccer|ca colegiales|general diaz luque|2026-06-02,totals|under|1.00|,totals,Under,1.0,,10.09,10.09,"[""Betfair Exchange""]","[""odds_api_io""]",1,,
soccer|ca colegiales|general diaz luque|2026-06-02,totals|over|0.75|,totals,Over,0.75,,1.07,1.07,"[""Betfair Exchange""]","[""odds_api_io""]",1,,
soccer|ca colegiales|general diaz luque|2026-06-02,totals|under|0.75|,totals,Under,0.75,,11.01,11.01,"[""Betfair Exchange""]","[""odds_api_io""]",1,,
soccer|ca colegiales|general diaz luque|2026-06-02,totals|over|3.75|,totals,Over,3.75,,4.02,4.02,"[""Betfair Exchange""]","[""odds_api_io""]",1,,
soccer|ca colegiales|general diaz luque|2026-06-02,totals|under|3.75|,totals,Under,3.75,,1.23,1.23,"[""Betfair Exchange""]","[""odds_api_io""]",1,,
soccer|ca colegiales|general diaz luque|2026-06-02,totals|over|0.50|,totals,Over,0.5,,1.06,1.06,"[""Betfair Exchange""]","[""odds_api_io""]",1,,
soccer|ca colegiales|general diaz luque|2026-06-02,totals|under|0.50|,totals,Under,0.5,,12.5,12.5,"[""Betfair Exchange""]","[""odds_api_io""]",1,,
soccer|ca colegiales|general diaz luque|2026-06-02,totals|over|6.25|,totals,Over,6.25,,33.79,33.79,"[""Betfair Exchange""]","[""odds_api_io""]",1,,
soccer|ca colegiales|general diaz luque|2026-06-02,totals|under|6.25|,totals,Under,6.25,,1.01,1.01,"[""Betfair Exchange""]","[""odds_api_io""]",1,,
soccer|ca colegiales|general diaz luque|2026-06-02,totals|over|5.75|,totals,Over,5.75,,21.93,21.93,"[""Betfair Exchange""]","[""odds_api_io""]",1,,
soccer|ca colegiales|general diaz luque|2026-06-02,totals|under|5.75|,totals,Under,5.75,,1.01,1.01,"[""Betfair Exchange""]","[""odds_api_io""]",1,,
soccer|ca colegiales|general diaz luque|2026-06-02,totals|over|6.50|,totals,Over,6.5,,34.33,34.33,"[""Betfair Exchange""]","[""odds_api_io""]",1,,
soccer|ca colegiales|general diaz luque|2026-06-02,totals|under|6.50|,totals,Under,6.5,,1.01,1.01,"[""Betfair Exchange""]","[""odds_api_io""]",1,,
soccer|ca colegiales|general diaz luque|2026-06-02,totals|over|6.00|,totals,Over,6.0,,33.25,33.25,"[""Betfair Exchange""]","[""odds_api_io""]",1,,
soccer|ca colegiales|general diaz luque|2026-06-02,totals|under|6.00|,totals,Under,6.0,,1.01,1.01,"[""Betfair Exchange""]","[""odds_api_io""]",1,,
soccer|ca colegiales|general diaz luque|2026-06-02,totals|over|5.00|,totals,Over,5.0,,15.0,15.0,"[""Betfair Exchange""]","[""odds_api_io""]",1,,
soccer|ca colegiales|general diaz luque|2026-06-02,totals|under|5.00|,totals,Under,5.0,,1.05,1.05,"[""Betfair Exchange""]","[""odds_api_io""]",1,,
soccer|ca colegiales|general diaz luque|2026-06-02,totals|over|4.25|,totals,Over,4.25,,6.23,6.23,"[""Betfair Exchange""]","[""odds_api_io""]",1,,
soccer|ca colegiales|general diaz luque|2026-06-02,totals|under|4.25|,totals,Under,4.25,,1.14,1.14,"[""Betfair Exchange""]","[""odds_api_io""]",1,,
soccer|ca colegiales|general diaz luque|2026-06-02,totals|over|4.00|,totals,Over,4.0,,5.68,5.68,"[""Betfair Exchange""]","[""odds_api_io""]",1,,
soccer|ca colegiales|general diaz luque|2026-06-02,totals|under|4.00|,totals,Under,4.0,,1.15,1.15,"[""Betfair Exchange""]","[""odds_api_io""]",1,,
soccer|ca colegiales|general diaz luque|2026-06-02,totals|over|5.25|,totals,Over,5.25,,15.75,15.75,"[""Betfair Exchange""]","[""odds_api_io""]",1,,
soccer|ca colegiales|general diaz luque|2026-06-02,totals|under|5.25|,totals,Under,5.25,,1.05,1.05,"[""Betfair Exchange""]","[""odds_api_io""]",1,,
soccer|ca colegiales|general diaz luque|2026-06-02,totals|over|5.50|,totals,Over,5.5,,16.5,16.5,"[""Betfair Exchange""]","[""odds_api_io""]",1,,
soccer|ca colegiales|general diaz luque|2026-06-02,totals|under|5.50|,totals,Under,5.5,,1.05,1.05,"[""Betfair Exchange""]","[""odds_api_io""]",1,,
soccer|ca colegiales|general diaz luque|2026-06-02,totals|over|6.75|,totals,Over,6.75,,40.84,40.84,"[""Betfair Exchange""]","[""odds_api_io""]",1,,
soccer|ca colegiales|general diaz luque|2026-06-02,totals|under|6.75|,totals,Under,6.75,,1.01,1.01,"[""Betfair Exchange""]","[""odds_api_io""]",1,,
soccer|ca colegiales|general diaz luque|2026-06-02,totals|over|7.50|,totals,Over,7.5,,51.0,51.0,"[""Betfair Exchange""]","[""odds_api_io""]",1,,
soccer|ca colegiales|general diaz luque|2026-06-02,totals|under|7.50|,totals,Under,7.5,,1.01,1.01,"[""Betfair Exchange""]","[""odds_api_io""]",1,,
soccer|ca colegiales|general diaz luque|2026-06-02,totals|over|2.75|,totals,Over,2.75,,2.18,2.18,"[""Betfair Exchange""]","[""odds_api_io""]",1,,
soccer|ca colegiales|general diaz luque|2026-06-02,totals|under|2.75|,totals,Under,2.75,,1.71,1.71,"[""Betfair Exchange""]","[""odds_api_io""]",1,,
soccer|ca colegiales|general diaz luque|2026-06-02,totals|over|7.25|,totals,Over,7.25,,50.75,50.75,"[""Betfair Exchange""]","[""odds_api_io""]",1,,
soccer|ca colegiales|general diaz luque|2026-06-02,totals|under|7.25|,totals,Under,7.25,,1.01,1.01,"[""Betfair Exchange""]","[""odds_api_io""]",1,,
soccer|ca colegiales|general diaz luque|2026-06-02,totals|over|4.50|,totals,Over,4.5,,6.6,6.6,"[""Betfair Exchange""]","[""odds_api_io""]",1,,
soccer|ca colegiales|general diaz luque|2026-06-02,totals|under|4.50|,totals,Under,4.5,,1.13,1.13,"[""Betfair Exchange""]","[""odds_api_io""]",1,,
soccer|ca colegiales|general diaz luque|2026-06-02,totals|over|4.75|,totals,Over,4.75,,9.0,9.0,"[""Betfair Exchange""]","[""odds_api_io""]",1,,
soccer|ca colegiales|general diaz luque|2026-06-02,totals|under|4.75|,totals,Under,4.75,,1.08,1.08,"[""Betfair Exchange""]","[""odds_api_io""]",1,,
soccer|ca colegiales|general diaz luque|2026-06-02,totals|over|7.00|,totals,Over,7.0,,50.51,50.51,"[""Betfair Exchange""]","[""odds_api_io""]",1,,
soccer|ca colegiales|general diaz luque|2026-06-02,totals|under|7.00|,totals,Under,7.0,,1.01,1.01,"[""Betfair Exchange""]","[""odds_api_io""]",1,,
soccer|ca colegiales|general diaz luque|2026-06-02,btts|yes||,btts,Yes,,,1.7,1.7,"[""Betfair Exchange""]","[""odds_api_io""]",1,,
soccer|ca colegiales|general diaz luque|2026-06-02,btts|no||,btts,No,,,2.16,2.16,"[""Betfair Exchange""]","[""odds_api_io""]",1,,
soccer|ghana|wales|2026-06-02,h2h|wales||home,h2h,Wales,,home,2.441,2.293,"[""Bet365"", ""Unibet"", ""Betfair Exchange"", ""Sbobet"", ""oddssafari-consensus"", ""1xbet"", ""pinnacle"", ""interwetten"", ""unibet"", ""novibet"", ""bwin"", ""sportingbet"", ""betway"", ""888sport"", ""william-hill"", ""bet365"", ""betsson"", ""marathon"", ""bzzoiro"", ""bzzoiro-consensus""]","[""odds_api_io"", ""bzzoiro""]",20,9.538,
soccer|ghana|wales|2026-06-02,h2h|draw||,h2h,Draw,,,3.3,3.0843,"[""Bet365"", ""Unibet"", ""Betfair Exchange"", ""Sbobet"", ""oddssafari-consensus"", ""1xbet"", ""pinnacle"", ""interwetten"", ""unibet"", ""novibet"", ""bwin"", ""sportingbet"", ""betway"", ""888sport"", ""william-hill"", ""bet365"", ""betsson"", ""marathon"", ""bzzoiro"", ""bzzoiro-consensus""]","[""odds_api_io"", ""bzzoiro""]",20,3.711,
soccer|ghana|wales|2026-06-02,h2h|ghana||away,h2h,Ghana,,away,3.6,3.1889,"[""Bet365"", ""Unibet"", ""Betfair Exchange"", ""Sbobet"", ""oddssafari-consensus"", ""1xbet"", ""pinnacle"", ""interwetten"", ""unibet"", ""novibet"", ""bwin"", ""sportingbet"", ""betway"", ""888sport"", ""william-hill"", ""bet365"", ""betsson"", ""marathon"", ""bzzoiro"", ""bzzoiro-consensus""]","[""odds_api_io"", ""bzzoiro""]",20,7.187,
soccer|ghana|wales|2026-06-02,dnb|wales|0.00|home,dnb,Wales,0.0,home,1.69,1.6484,"[""Bet365"", ""Unibet"", ""Betfair Exchange""]","[""odds_api_io""]",3,2.748,
soccer|ghana|wales|2026-06-02,dnb|ghana|0.00|away,dnb,Ghana,0.0,away,2.38,2.2246,"[""Bet365"", ""Unibet"", ""Betfair Exchange""]","[""odds_api_io""]",3,5.602,
soccer|ghana|wales|2026-06-02,spreads|wales|-0.25|home,spreads,Wales,-0.25,home,2.05,2.0117,"[""Bet365"", ""Betfair Exchange"", ""Sbobet""]","[""odds_api_io""]",3,1.852,
soccer|ghana|wales|2026-06-02,spreads|ghana|0.25|away,spreads,Ghana,0.25,away,1.92,1.8581,"[""Bet365"", ""Betfair Exchange"", ""Sbobet""]","[""odds_api_io""]",3,2.711,
soccer|ghana|wales|2026-06-02,totals|over|2.25|,totals,Over,2.25,,2.01,2.0033,"[""Bet365"", ""Betfair Exchange"", ""Sbobet""]","[""odds_api_io""]",3,0.249,
soccer|ghana|wales|2026-06-02,totals|under|2.25|,totals,Under,2.25,,1.86,1.8234,"[""Bet365"", ""Betfair Exchange"", ""Sbobet""]","[""odds_api_io""]",3,1.792,
soccer|ghana|wales|2026-06-02,totals|over|2.50|,totals,Over,2.5,,2.309,2.2152,"[""Bet365"", ""Unibet"", ""Betfair Exchange"", ""Sbobet"", ""1xbet"", ""bzzoiro-consensus""]","[""odds_api_io"", ""bzzoiro""]",6,4.768,
soccer|ghana|wales|2026-06-02,totals|under|2.50|,totals,Under,2.5,,1.74,1.6707,"[""Bet365"", ""Unibet"", ""Betfair Exchange"", ""Sbobet"", ""1xbet"", ""bzzoiro-consensus""]","[""odds_api_io"", ""bzzoiro""]",6,4.448,
soccer|ghana|wales|2026-06-02,btts|yes||,btts,Yes,,,1.98,1.8874,"[""Bet365"", ""Unibet"", ""Betfair Exchange"", ""oddssafari-consensus"", ""1xbet"", ""pinnacle"", ""interwetten"", ""unibet"", ""novibet"", ""bwin"", ""sportingbet"", ""betway"", ""888sport"", ""william-hill"", ""bet365"", ""betsson"", ""marathon"", ""bzzoiro"", ""bzzoiro-consensus""]","[""odds_api_io"", ""bzzoiro""]",19,3.549,
soccer|ghana|wales|2026-06-02,btts|no||,btts,No,,,1.97,1.8351,"[""Bet365"", ""Unibet"", ""Betfair Exchange"", ""oddssafari-consensus"", ""1xbet"", ""pinnacle"", ""interwetten"", ""unibet"", ""novibet"", ""bwin"", ""sportingbet"", ""betway"", ""888sport"", ""william-hill"", ""bet365"", ""betsson"", ""marathon"", ""bzzoiro"", ""bzzoiro-consensus""]","[""odds_api_io"", ""bzzoiro""]",19,4.794,
soccer|ghana|wales|2026-06-02,spreads|wales|-1.00|home,spreads,Wales,-1.0,home,5.4,3.7104,"[""Bet365"", ""Unibet"", ""Betfair Exchange""]","[""odds_api_io""]",5,26.936,
soccer|ghana|wales|2026-06-02,spreads|ghana|-1.00|away,spreads,Ghana,-1.0,away,8.8,2.7267,"[""Bet365"", ""Unibet"", ""Betfair Exchange""]","[""odds_api_io""]",5,68.001,
soccer|ghana|wales|2026-06-02,spreads|wales|-3.00|home,spreads,Wales,-3.0,home,50.0,11.9071,"[""Bet365"", ""Unibet"", ""Betfair Exchange""]","[""odds_api_io""]",4,25.397,
soccer|ghana|wales|2026-06-02,spreads|wales|-2.00|home,spreads,Wales,-2.0,home,15.0,12.4482,"[""Bet365"", ""Unibet"", ""Betfair Exchange""]","[""odds_api_io""]",4,2.424,
soccer|ghana|wales|2026-06-02,spreads|ghana|2.00|away,spreads,Ghana,2.0,away,19.0,1.4784,"[""Bet365"", ""Unibet"", ""Betfair Exchange""]","[""odds_api_io""]",4,89.076,
soccer|ghana|wales|2026-06-02,spreads|wales|2.00|home,spreads,Wales,2.0,home,1.1,1.0672,"[""Bet365"", ""Unibet"", ""Betfair Exchange""]","[""odds_api_io""]",4,7.13,
soccer|ghana|wales|2026-06-02,spreads|ghana|-2.00|away,spreads,Ghana,-2.0,away,26.0,4.0274,"[""Bet365"", ""Unibet"", ""Betfair Exchange""]","[""odds_api_io""]",4,81.917,
soccer|ghana|wales|2026-06-02,spreads|ghana|-3.00|away,spreads,Ghana,-3.0,away,110.0,2.5908,"[""Bet365"", ""Unibet"", ""Betfair Exchange""]","[""odds_api_io""]",3,95.245,
soccer|ghana|wales|2026-06-02,spreads|wales|0.25|home,spreads,Wales,0.25,home,1.5,1.475,"[""Bet365"", ""Betfair Exchange""]","[""odds_api_io""]",2,2.299,
soccer|ghana|wales|2026-06-02,spreads|ghana|-0.25|away,spreads,Ghana,-0.25,away,2.89,2.7803,"[""Bet365"", ""Betfair Exchange""]","[""odds_api_io""]",2,2.781,
soccer|ghana|wales|2026-06-02,spreads|wales|-1.75|home,spreads,Wales,-1.75,home,7.5,6.8295,"[""Bet365"", ""Betfair Exchange""]","[""odds_api_io""]",2,2.667,
soccer|ghana|wales|2026-06-02,spreads|ghana|1.75|away,spreads,Ghana,1.75,away,1.13,1.1251,"[""Bet365"", ""Betfair Exchange""]","[""odds_api_io""]",2,0.79,
soccer|ghana|wales|2026-06-02,spreads|wales|-1.50|home,spreads,Wales,-1.5,home,5.4,4.794,"[""Bet365"", ""Unibet"", ""Betfair Exchange""]","[""odds_api_io""]",3,4.209,
soccer|ghana|wales|2026-06-02,spreads|ghana|1.50|away,spreads,Ghana,1.5,away,1.2,1.1803,"[""Bet365"", ""Unibet"", ""Betfair Exchange""]","[""odds_api_io""]",3,2.874,
soccer|ghana|wales|2026-06-02,spreads|ghana|1.00|away,spreads,Ghana,1.0,away,6.0,1.899,"[""Bet365"", ""Unibet"", ""Betfair Exchange""]","[""odds_api_io""]",4,61.458,
soccer|ghana|wales|2026-06-02,spreads|wales|-0.75|home,spreads,Wales,-0.75,home,2.96,2.853,"[""Bet365"", ""Betfair Exchange""]","[""odds_api_io""]",2,2.58,
soccer|ghana|wales|2026-06-02,spreads|ghana|0.75|away,spreads,Ghana,0.75,away,4.0,2.1427,"[""Bet365"", ""Betfair Exchange""]","[""odds_api_io""]",2,42.568,
soccer|ghana|wales|2026-06-02,spreads|wales|-0.50|home,spreads,Wales,-0.5,home,2.7,2.3693,"[""Bet365"", ""Unibet"", ""Betfair Exchange"", ""Sbobet""]","[""odds_api_io""]",5,8.835,
soccer|ghana|wales|2026-06-02,spreads|ghana|0.50|away,spreads,Ghana,0.5,away,3.1,1.8403,"[""Bet365"", ""Unibet"", ""Betfair Exchange"", ""Sbobet""]","[""odds_api_io""]",4,31.033,
soccer|ghana|wales|2026-06-02,spreads|wales|0.00|home,spreads,Wales,0.0,home,1.69,1.668,"[""Bet365"", ""Betfair Exchange"", ""Sbobet""]","[""odds_api_io""]",3,2.367,
soccer|ghana|wales|2026-06-02,spreads|ghana|-0.00|away,spreads,Ghana,-0.0,away,2.38,2.2647,"[""Bet365"", ""Betfair Exchange"", ""Sbobet""]","[""odds_api_io""]",3,4.066,
soccer|ghana|wales|2026-06-02,spreads|wales|0.50|home,spreads,Wales,0.5,home,1.4,1.3603,"[""Bet365"", ""Unibet"", ""Betfair Exchange""]","[""odds_api_io""]",3,3.759,
soccer|ghana|wales|2026-06-02,spreads|ghana|-0.50|away,spreads,Ghana,-0.5,away,3.4,2.2869,"[""Bet365"", ""Unibet"", ""Betfair Exchange""]","[""odds_api_io""]",4,33.088,
soccer|ghana|wales|2026-06-02,spreads|wales|0.75|home,spreads,Wales,0.75,home,1.26,1.2451,"[""Bet365"", ""Betfair Exchange""]","[""odds_api_io""]",2,1.936,
soccer|ghana|wales|2026-06-02,spreads|ghana|-0.75|away,spreads,Ghana,-0.75,away,4.46,2.1803,"[""Bet365"", ""Betfair Exchange""]","[""odds_api_io""]",2,47.754,
soccer|ghana|wales|2026-06-02,spreads|wales|1.00|home,spreads,Wales,1.0,home,1.4,1.2318,"[""Bet365"", ""Unibet"", ""Betfair Exchange""]","[""odds_api_io""]",4,17.46,
soccer|ghana|wales|2026-06-02,spreads|wales|-1.25|home,spreads,Wales,-1.25,home,4.78,4.4485,"[""Bet365"", ""Betfair Exchange""]","[""odds_api_io""]",2,3.176,
soccer|ghana|wales|2026-06-02,spreads|ghana|1.25|away,spreads,Ghana,1.25,away,6.6,2.048,"[""Bet365"", ""Betfair Exchange""]","[""odds_api_io""]",2,66.149,
soccer|ghana|wales|2026-06-02,spreads|wales|1.25|home,spreads,Wales,1.25,home,1.11,1.11,"[""Bet365"", ""Betfair Exchange""]","[""odds_api_io""]",2,,
soccer|ghana|wales|2026-06-02,spreads|ghana|-1.25|away,spreads,Ghana,-1.25,away,8.0,2.1458,"[""Bet365"", ""Betfair Exchange""]","[""odds_api_io""]",2,69.467,
soccer|ghana|wales|2026-06-02,teamTotals|over|2.50|,teamTotals,Over,2.5,,10.0,7.1004,"[""Bet365"", ""Unibet""]","[""odds_api_io""]",4,7.241,
soccer|ghana|wales|2026-06-02,teamTotals|under|2.50|,teamTotals,Under,2.5,,1.125,1.076,"[""Bet365"", ""Unibet""]","[""odds_api_io""]",4,8.198,
soccer|ghana|wales|2026-06-02,teamTotals|over|3.50|,teamTotals,Over,3.5,,26.0,18.8264,"[""Bet365"", ""Unibet""]","[""odds_api_io""]",3,2.404,
soccer|ghana|wales|2026-06-02,teamTotals|under|3.50|,teamTotals,Under,3.5,,1.025,1.0174,"[""Bet365""]","[""odds_api_io""]",2,1.449,
soccer|ghana|wales|2026-06-02,teamTotals|over|0.50|,teamTotals,Over,0.5,,1.444,1.3547,"[""Bet365"", ""Unibet""]","[""odds_api_io""]",4,9.488,
soccer|ghana|wales|2026-06-02,teamTotals|under|0.50|,teamTotals,Under,0.5,,3.4,2.9452,"[""Bet365"", ""Unibet""]","[""odds_api_io""]",4,8.683,
soccer|ghana|wales|2026-06-02,teamTotals|over|1.50|,teamTotals,Over,1.5,,3.25,2.7916,"[""Bet365"", ""Unibet""]","[""odds_api_io""]",4,10.047,
soccer|ghana|wales|2026-06-02,teamTotals|under|1.50|,teamTotals,Under,1.5,,1.5,1.3959,"[""Bet365"", ""Unibet""]","[""odds_api_io""]",4,10.256,
soccer|ghana|wales|2026-06-02,teamTotals|over|4.50|,teamTotals,Over,4.5,,51.0,51.0,"[""Bet365""]","[""odds_api_io""]",1,,
soccer|ghana|wales|2026-06-02,teamTotals|under|4.50|,teamTotals,Under,4.5,,1.002,1.002,"[""Bet365""]","[""odds_api_io""]",1,,
soccer|ghana|wales|2026-06-02,doubleChance|1x||,doubleChance,1X,,,1.4,1.3656,"[""Unibet"", ""Betfair Exchange""]","[""odds_api_io""]",2,3.759,
soccer|ghana|wales|2026-06-02,doubleChance|12||,doubleChance,12,,,1.42,1.3754,"[""Unibet"", ""Betfair Exchange""]","[""odds_api_io""]",2,4.765,
soccer|ghana|wales|2026-06-02,doubleChance|x2||,doubleChance,X2,,,1.68,1.6407,"[""Unibet"", ""Betfair Exchange""]","[""odds_api_io""]",2,2.976,
soccer|ghana|wales|2026-06-02,spreads|wales|1.50|home,spreads,Wales,1.5,home,1.1,1.0903,"[""Unibet"", ""Betfair Exchange""]","[""odds_api_io""]",2,1.684,
soccer|ghana|wales|2026-06-02,spreads|ghana|-1.50|away,spreads,Ghana,-1.5,away,8.8,7.3612,"[""Unibet"", ""Betfair Exchange""]","[""odds_api_io""]",2,4.636,
soccer|ghana|wales|2026-06-02,totals|over|1.50|,totals,Over,1.5,,1.45,1.3973,"[""Unibet"", ""Betfair Exchange"", ""bzzoiro-consensus""]","[""odds_api_io"", ""bzzoiro""]",3,4.564,
soccer|ghana|wales|2026-06-02,totals|under|1.50|,totals,Under,1.5,,3.17,2.9566,"[""Unibet"", ""Betfair Exchange"", ""pinnacle"", ""bzzoiro-consensus""]","[""odds_api_io"", ""bzzoiro""]",4,3.79,
soccer|ghana|wales|2026-06-02,totals|over|3.50|,totals,Over,3.5,,4.57,4.2359,"[""Unibet"", ""Betfair Exchange"", ""888sport"", ""bzzoiro-consensus""]","[""odds_api_io"", ""bzzoiro""]",4,3.244,
soccer|ghana|wales|2026-06-02,totals|under|3.50|,totals,Under,3.5,,1.26,1.2237,"[""Unibet"", ""Betfair Exchange"", ""bzzoiro-consensus""]","[""odds_api_io"", ""bzzoiro""]",3,4.669,
soccer|ghana|wales|2026-06-02,totals|over|0.50|,totals,Over,0.5,,1.09,1.0705,"[""Unibet"", ""Betfair Exchange""]","[""odds_api_io""]",2,3.495,
soccer|ghana|wales|2026-06-02,totals|under|0.50|,totals,Under,0.5,,10.09,8.9676,"[""Unibet"", ""Betfair Exchange""]","[""odds_api_io""]",2,2.589,
soccer|ghana|wales|2026-06-02,totals|over|4.50|,totals,Over,4.5,,10.5,9.7236,"[""Unibet"", ""Betfair Exchange""]","[""odds_api_io""]",2,1.587,
soccer|ghana|wales|2026-06-02,totals|under|4.50|,totals,Under,4.5,,1.09,1.0655,"[""Unibet"", ""Betfair Exchange""]","[""odds_api_io""]",2,4.411,
soccer|ghana|wales|2026-06-02,totals|over|5.50|,totals,Over,5.5,,28.0,22.8212,"[""Unibet"", ""Betfair Exchange""]","[""odds_api_io""]",2,1.692,
soccer|ghana|wales|2026-06-02,spreads|wales|-5.00|home,spreads,Wales,-5.0,home,6.75,6.75,"[""Unibet""]","[""odds_api_io""]",1,,
soccer|ghana|wales|2026-06-02,spreads|ghana|5.00|away,spreads,Ghana,5.0,away,1.1,1.1,"[""Unibet""]","[""odds_api_io""]",1,,
soccer|ghana|wales|2026-06-02,spreads|wales|-4.00|home,spreads,Wales,-4.0,home,5.0,5.0,"[""Unibet""]","[""odds_api_io""]",1,,
soccer|ghana|wales|2026-06-02,spreads|ghana|4.00|away,spreads,Ghana,4.0,away,1.18,1.18,"[""Unibet""]","[""odds_api_io""]",1,,
soccer|ghana|wales|2026-06-02,spreads|ghana|3.00|away,spreads,Ghana,3.0,away,1.3,1.1055,"[""Unibet"", ""Betfair Exchange""]","[""odds_api_io""]",3,22.087,
soccer|ghana|wales|2026-06-02,spreads|wales|3.00|home,spreads,Wales,3.0,home,1.17,1.0867,"[""Unibet"", ""Betfair Exchange""]","[""odds_api_io""]",2,12.569,
soccer|ghana|wales|2026-06-02,spreads|wales|-2.25|home,spreads,Wales,-2.25,home,14.27,14.27,"[""Betfair Exchange""]","[""odds_api_io""]",1,,
soccer|ghana|wales|2026-06-02,spreads|ghana|2.25|away,spreads,Ghana,2.25,away,1.06,1.06,"[""Betfair Exchange""]","[""odds_api_io""]",1,,
soccer|ghana|wales|2026-06-02,spreads|wales|-3.50|home,spreads,Wales,-3.5,home,50.0,50.0,"[""Betfair Exchange""]","[""odds_api_io""]",1,,
soccer|ghana|wales|2026-06-02,spreads|ghana|3.50|away,spreads,Ghana,3.5,away,1.01,1.01,"[""Betfair Exchange""]","[""odds_api_io""]",1,,
soccer|ghana|wales|2026-06-02,spreads|wales|-2.50|home,spreads,Wales,-2.5,home,15.05,15.05,"[""Betfair Exchange""]","[""odds_api_io""]",1,,
soccer|ghana|wales|2026-06-02,spreads|ghana|2.50|away,spreads,Ghana,2.5,away,1.06,1.06,"[""Betfair Exchange""]","[""odds_api_io""]",1,,
soccer|ghana|wales|2026-06-02,spreads|wales|2.50|home,spreads,Wales,2.5,home,1.02,1.02,"[""Betfair Exchange""]","[""odds_api_io""]",1,,
soccer|ghana|wales|2026-06-02,spreads|ghana|-2.50|away,spreads,Ghana,-2.5,away,26.0,26.0,"[""Betfair Exchange""]","[""odds_api_io""]",1,,
soccer|ghana|wales|2026-06-02,spreads|wales|-2.75|home,spreads,Wales,-2.75,home,22.6,22.6,"[""Betfair Exchange""]","[""odds_api_io""]",1,,
soccer|ghana|wales|2026-06-02,spreads|ghana|2.75|away,spreads,Ghana,2.75,away,1.03,1.03,"[""Betfair Exchange""]","[""odds_api_io""]",1,,
soccer|ghana|wales|2026-06-02,spreads|wales|1.75|home,spreads,Wales,1.75,home,1.06,1.06,"[""Betfair Exchange""]","[""odds_api_io""]",1,,
soccer|ghana|wales|2026-06-02,spreads|ghana|-1.75|away,spreads,Ghana,-1.75,away,12.65,12.65,"[""Betfair Exchange""]","[""odds_api_io""]",1,,
soccer|ghana|wales|2026-06-02,spreads|wales|2.25|home,spreads,Wales,2.25,home,1.02,1.02,"[""Betfair Exchange""]","[""odds_api_io""]",1,,
soccer|ghana|wales|2026-06-02,spreads|ghana|-2.25|away,spreads,Ghana,-2.25,away,25.07,25.07,"[""Betfair Exchange""]","[""odds_api_io""]",1,,
soccer|ghana|wales|2026-06-02,spreads|wales|-3.25|home,spreads,Wales,-3.25,home,48.83,48.83,"[""Betfair Exchange""]","[""odds_api_io""]",1,,
soccer|ghana|wales|2026-06-02,spreads|ghana|3.25|away,spreads,Ghana,3.25,away,1.01,1.01,"[""Betfair Exchange""]","[""odds_api_io""]",1,,
soccer|ghana|wales|2026-06-02,spreads|wales|2.75|home,spreads,Wales,2.75,home,1.01,1.01,"[""Betfair Exchange""]","[""odds_api_io""]",1,,
soccer|ghana|wales|2026-06-02,spreads|ghana|-2.75|away,spreads,Ghana,-2.75,away,41.44,41.44,"[""Betfair Exchange""]","[""odds_api_io""]",1,,
soccer|ghana|wales|2026-06-02,totals|over|2.00|,totals,Over,2.0,,1.71,1.7051,"[""Betfair Exchange"", ""Sbobet""]","[""odds_api_io""]",2,0.344,
soccer|ghana|wales|2026-06-02,totals|under|2.00|,totals,Under,2.0,,2.3,2.2133,"[""Betfair Exchange"", ""Sbobet""]","[""odds_api_io""]",2,3.47,
soccer|ghana|wales|2026-06-02,totals|over|3.00|,totals,Over,3.0,,3.58,3.58,"[""Betfair Exchange""]","[""odds_api_io""]",1,,
soccer|ghana|wales|2026-06-02,totals|under|3.00|,totals,Under,3.0,,1.34,1.34,"[""Betfair Exchange""]","[""odds_api_io""]",1,,
soccer|ghana|wales|2026-06-02,totals|over|1.75|,totals,Over,1.75,,1.53,1.53,"[""Betfair Exchange""]","[""odds_api_io""]",1,,
soccer|ghana|wales|2026-06-02,totals|under|1.75|,totals,Under,1.75,,2.62,2.62,"[""Betfair Exchange""]","[""odds_api_io""]",1,,
soccer|ghana|wales|2026-06-02,totals|over|4.25|,totals,Over,4.25,,9.85,9.85,"[""Betfair Exchange""]","[""odds_api_io""]",1,,
soccer|ghana|wales|2026-06-02,totals|under|4.25|,totals,Under,4.25,,1.1,1.1,"[""Betfair Exchange""]","[""odds_api_io""]",1,,
soccer|ghana|wales|2026-06-02,totals|over|4.00|,totals,Over,4.0,,9.2,9.2,"[""Betfair Exchange""]","[""odds_api_io""]",1,,
soccer|ghana|wales|2026-06-02,totals|under|4.00|,totals,Under,4.0,,1.1,1.1,"[""Betfair Exchange""]","[""odds_api_io""]",1,,
soccer|ghana|wales|2026-06-02,totals|over|4.75|,totals,Over,4.75,,14.81,14.81,"[""Betfair Exchange""]","[""odds_api_io""]",1,,
soccer|ghana|wales|2026-06-02,totals|under|4.75|,totals,Under,4.75,,1.06,1.06,"[""Betfair Exchange""]","[""odds_api_io""]",1,,
soccer|ghana|wales|2026-06-02,totals|over|3.75|,totals,Over,3.75,,5.97,5.97,"[""Betfair Exchange""]","[""odds_api_io""]",1,,
soccer|ghana|wales|2026-06-02,totals|under|3.75|,totals,Under,3.75,,1.18,1.18,"[""Betfair Exchange""]","[""odds_api_io""]",1,,
soccer|ghana|wales|2026-06-02,totals|over|0.75|,totals,Over,0.75,,1.1,1.1,"[""Betfair Exchange""]","[""odds_api_io""]",1,,
soccer|ghana|wales|2026-06-02,totals|under|0.75|,totals,Under,0.75,,8.44,8.44,"[""Betfair Exchange""]","[""odds_api_io""]",1,,
soccer|ghana|wales|2026-06-02,totals|over|1.00|,totals,Over,1.0,,1.12,1.12,"[""Betfair Exchange""]","[""odds_api_io""]",1,,
soccer|ghana|wales|2026-06-02,totals|under|1.00|,totals,Under,1.0,,6.79,6.79,"[""Betfair Exchange""]","[""odds_api_io""]",1,,
soccer|ghana|wales|2026-06-02,totals|over|1.25|,totals,Over,1.25,,1.25,1.25,"[""Betfair Exchange""]","[""odds_api_io""]",1,,
soccer|ghana|wales|2026-06-02,totals|under|1.25|,totals,Under,1.25,,4.17,4.17,"[""Betfair Exchange""]","[""odds_api_io""]",1,,
soccer|ghana|wales|2026-06-02,totals|over|3.25|,totals,Over,3.25,,4.07,4.07,"[""Betfair Exchange""]","[""odds_api_io""]",1,,
soccer|ghana|wales|2026-06-02,totals|under|3.25|,totals,Under,3.25,,1.29,1.29,"[""Betfair Exchange""]","[""odds_api_io""]",1,,
soccer|ghana|wales|2026-06-02,totals|over|5.25|,totals,Over,5.25,,27.16,27.16,"[""Betfair Exchange""]","[""odds_api_io""]",1,,
soccer|ghana|wales|2026-06-02,totals|under|5.25|,totals,Under,5.25,,1.03,1.03,"[""Betfair Exchange""]","[""odds_api_io""]",1,,
soccer|ghana|wales|2026-06-02,totals|over|6.50|,totals,Over,6.5,,70.0,70.0,"[""Betfair Exchange""]","[""odds_api_io""]",1,,
soccer|ghana|wales|2026-06-02,totals|under|6.50|,totals,Under,6.5,,1.01,1.01,"[""Betfair Exchange""]","[""odds_api_io""]",1,,
soccer|ghana|wales|2026-06-02,totals|over|2.75|,totals,Over,2.75,,2.72,2.72,"[""Betfair Exchange""]","[""odds_api_io""]",1,,
soccer|ghana|wales|2026-06-02,totals|under|2.75|,totals,Under,2.75,,1.51,1.51,"[""Betfair Exchange""]","[""odds_api_io""]",1,,
soccer|ghana|wales|2026-06-02,totals|under|5.50|,totals,Under,5.5,,1.03,1.03,"[""Betfair Exchange""]","[""odds_api_io""]",1,,
soccer|ghana|wales|2026-06-02,totals|over|5.00|,totals,Over,5.0,,26.33,26.33,"[""Betfair Exchange""]","[""odds_api_io""]",1,,
soccer|ghana|wales|2026-06-02,totals|under|5.00|,totals,Under,5.0,,1.03,1.03,"[""Betfair Exchange""]","[""odds_api_io""]",1,,
soccer|ghana|wales|2026-06-02,totals|over|7.75|,totals,Over,7.75,,377.37,377.37,"[""Betfair Exchange""]","[""odds_api_io""]",1,,
soccer|ghana|wales|2026-06-02,totals|under|7.75|,totals,Under,7.75,,1.02,1.02,"[""Betfair Exchange""]","[""odds_api_io""]",1,,
soccer|ghana|wales|2026-06-02,totals|over|6.25|,totals,Over,6.25,,69.25,69.25,"[""Betfair Exchange""]","[""odds_api_io""]",1,,
soccer|ghana|wales|2026-06-02,totals|under|6.25|,totals,Under,6.25,,1.01,1.01,"[""Betfair Exchange""]","[""odds_api_io""]",1,,
soccer|ghana|wales|2026-06-02,totals|over|6.00|,totals,Over,6.0,,68.5,68.5,"[""Betfair Exchange""]","[""odds_api_io""]",1,,
soccer|ghana|wales|2026-06-02,totals|under|6.00|,totals,Under,6.0,,1.01,1.01,"[""Betfair Exchange""]","[""odds_api_io""]",1,,
soccer|ghana|wales|2026-06-02,totals|over|5.75|,totals,Over,5.75,,39.57,39.57,"[""Betfair Exchange""]","[""odds_api_io""]",1,,
soccer|ghana|wales|2026-06-02,totals|under|5.75|,totals,Under,5.75,,1.01,1.01,"[""Betfair Exchange""]","[""odds_api_io""]",1,,
soccer|ghana|wales|2026-06-02,totals|over|25.00|,totals,Over,25.0,,2.309,2.2574,"[""1xbet"", ""over@2.5""]","[""bzzoiro""]",2,1.94,
soccer|ghana|wales|2026-06-02,totals|under|25.00|,totals,Under,25.0,,1.703,1.665,"[""1xbet"", ""under@2.5""]","[""bzzoiro""]",2,2.63,
soccer|ghana|wales|2026-06-02,totals|under|15.00|,totals,Under,15.0,,2.93,2.8828,"[""pinnacle"", ""under@1.5""]","[""bzzoiro""]",2,1.206,
soccer|ghana|wales|2026-06-02,totals|over|35.00|,totals,Over,35.0,,4.2,4.0887,"[""888sport"", ""over@3.5""]","[""bzzoiro""]",2,1.316,
soccer|ghana|wales|2026-06-02,totals|over|15.00|,totals,Over,15.0,,1.38,1.38,"[""over@1.5""]","[""bzzoiro""]",1,,
soccer|ghana|wales|2026-06-02,totals|under|35.00|,totals,Under,35.0,,1.22,1.22,"[""under@3.5""]","[""bzzoiro""]",1,,
soccer|ghana|wales|2026-06-02,totals|over||,totals,Over,,,15.5,2.1885,"[""over@0.5"", ""over@4.5"", ""over@5.5"", ""over@6.5"", ""over@7.5"", ""over@8.5"", ""over@9.0"", ""over@9.5"", ""over@10.5"", ""over@11.5"", ""over@12.5"", ""over@13.5"", ""over@14.5"", ""over@15.5"", ""over@8.0"", ""over@3.5""]","[""bzzoiro""]",16,93.15,
soccer|ghana|wales|2026-06-02,totals|under||,totals,Under,,,13.5,1.6242,"[""under@0.5"", ""under@4.5"", ""under@5.5"", ""under@6.5"", ""under@7.5"", ""under@8.5"", ""under@9.0"", ""under@9.5"", ""under@10.5"", ""under@11.5"", ""under@12.5"", ""under@13.5"", ""under@14.5"", ""under@8.0"", ""under@3.5"", ""under@15.5""]","[""bzzoiro""]",16,92.493,
soccer|ca river plate arg|ca tigre reserves|2026-06-02,h2h|ca tigre reserve||home,h2h,CA Tigre Reserve,,home,3.95,3.7155,"[""Bet365"", ""Betfair Exchange""]","[""odds_api_io""]",2,3.255,
soccer|ca river plate arg|ca tigre reserves|2026-06-02,h2h|draw||,h2h,Draw,,,3.65,3.5748,"[""Bet365"", ""Betfair Exchange""]","[""odds_api_io""]",2,1.174,
soccer|ca river plate arg|ca tigre reserves|2026-06-02,h2h|ca river plate (arg)||away,h2h,CA River Plate (Arg),,away,1.99,1.9097,"[""Bet365"", ""Betfair Exchange""]","[""odds_api_io""]",2,4.304,
soccer|ca river plate arg|ca tigre reserves|2026-06-02,dnb|ca tigre reserve|0.00|home,dnb,CA Tigre Reserve,0.0,home,2.9,2.7582,"[""Bet365"", ""Betfair Exchange""]","[""odds_api_io""]",2,3.612,
soccer|ca river plate arg|ca tigre reserves|2026-06-02,dnb|ca river plate (arg)|0.00|away,dnb,CA River Plate (Arg),0.0,away,1.46,1.4521,"[""Bet365"", ""Betfair Exchange""]","[""odds_api_io""]",2,0.759,
soccer|ca river plate arg|ca tigre reserves|2026-06-02,spreads|ca tigre reserve|0.50|home,spreads,CA Tigre Reserve,0.5,home,1.93,1.9275,"[""Bet365"", ""Betfair Exchange""]","[""odds_api_io""]",2,0.135,
soccer|ca river plate arg|ca tigre reserves|2026-06-02,spreads|ca river plate (arg)|-0.50|away,spreads,CA River Plate (Arg),-0.5,away,1.99,1.9318,"[""Bet365"", ""Betfair Exchange""]","[""odds_api_io""]",2,3.082,
soccer|ca river plate arg|ca tigre reserves|2026-06-02,totals|over|2.50|,totals,Over,2.5,,2.02,1.9593,"[""Bet365"", ""Betfair Exchange""]","[""odds_api_io""]",2,3.127,
soccer|ca river plate arg|ca tigre reserves|2026-06-02,totals|under|2.50|,totals,Under,2.5,,1.9,1.9,"[""Bet365"", ""Betfair Exchange""]","[""odds_api_io""]",2,,
soccer|ca river plate arg|ca tigre reserves|2026-06-02,spreads|ca tigre reserve|-0.50|home,spreads,CA Tigre Reserve,-0.5,home,3.95,3.743,"[""Bet365"", ""Betfair Exchange""]","[""odds_api_io""]",2,2.853,
soccer|ca river plate arg|ca tigre reserves|2026-06-02,spreads|ca river plate (arg)|0.50|away,spreads,CA River Plate (Arg),0.5,away,1.3,1.2876,"[""Bet365"", ""Betfair Exchange""]","[""odds_api_io""]",2,1.508,
soccer|ca river plate arg|ca tigre reserves|2026-06-02,spreads|ca tigre reserve|-1.25|home,spreads,CA Tigre Reserve,-1.25,home,10.11,8.2998,"[""Bet365"", ""Betfair Exchange""]","[""odds_api_io""]",2,4.395,
soccer|ca river plate arg|ca tigre reserves|2026-06-02,spreads|ca river plate (arg)|1.25|away,spreads,CA River Plate (Arg),1.25,away,2.85,1.5537,"[""Bet365"", ""Betfair Exchange""]","[""odds_api_io""]",2,57.505,
soccer|ca river plate arg|ca tigre reserves|2026-06-02,spreads|ca tigre reserve|-1.00|home,spreads,CA Tigre Reserve,-1.0,home,11.0,8.5804,"[""Bet365"", ""Betfair Exchange""]","[""odds_api_io""]",3,6.061,
soccer|ca river plate arg|ca tigre reserves|2026-06-02,spreads|ca river plate (arg)|1.00|away,spreads,CA River Plate (Arg),1.0,away,2.5,1.4304,"[""Bet365"", ""Betfair Exchange""]","[""odds_api_io""]",3,51.743,
soccer|ca river plate arg|ca tigre reserves|2026-06-02,spreads|ca tigre reserve|-0.75|home,spreads,CA Tigre Reserve,-0.75,home,5.34,4.8331,"[""Bet365"", ""Betfair Exchange""]","[""odds_api_io""]",2,4.001,
soccer|ca river plate arg|ca tigre reserves|2026-06-02,spreads|ca river plate (arg)|0.75|away,spreads,CA River Plate (Arg),0.75,away,2.1,1.5115,"[""Bet365"", ""Betfair Exchange""]","[""odds_api_io""]",2,36.415,
soccer|ca river plate arg|ca tigre reserves|2026-06-02,spreads|ca tigre reserve|-0.25|home,spreads,CA Tigre Reserve,-0.25,home,3.42,3.2551,"[""Bet365"", ""Betfair Exchange""]","[""odds_api_io""]",2,3.018,
soccer|ca river plate arg|ca tigre reserves|2026-06-02,spreads|ca river plate (arg)|0.25|away,spreads,CA River Plate (Arg),0.25,away,1.65,1.4884,"[""Bet365"", ""Betfair Exchange""]","[""odds_api_io""]",2,12.923,
soccer|ca river plate arg|ca tigre reserves|2026-06-02,spreads|ca tigre reserve|0.00|home,spreads,CA Tigre Reserve,0.0,home,2.9,2.8244,"[""Bet365"", ""Betfair Exchange""]","[""odds_api_io""]",2,1.881,
soccer|ca river plate arg|ca tigre reserves|2026-06-02,spreads|ca river plate (arg)|-0.00|away,spreads,CA River Plate (Arg),-0.0,away,1.46,1.4426,"[""Bet365"", ""Betfair Exchange""]","[""odds_api_io""]",2,1.682,
soccer|ca river plate arg|ca tigre reserves|2026-06-02,spreads|ca tigre reserve|0.25|home,spreads,CA Tigre Reserve,0.25,home,2.24,2.2202,"[""Bet365"", ""Betfair Exchange""]","[""odds_api_io""]",2,0.812,
soccer|ca river plate arg|ca tigre reserves|2026-06-02,spreads|ca river plate (arg)|-0.25|away,spreads,CA River Plate (Arg),-0.25,away,1.72,1.516,"[""Bet365"", ""Betfair Exchange""]","[""odds_api_io""]",2,15.935,
soccer|ca river plate arg|ca tigre reserves|2026-06-02,spreads|ca tigre reserve|0.75|home,spreads,CA Tigre Reserve,0.75,home,1.7,1.6898,"[""Bet365"", ""Betfair Exchange""]","[""odds_api_io""]",2,0.7,
soccer|ca river plate arg|ca tigre reserves|2026-06-02,spreads|ca river plate (arg)|-0.75|away,spreads,CA River Plate (Arg),-0.75,away,2.3,1.5862,"[""Bet365"", ""Betfair Exchange""]","[""odds_api_io""]",2,39.855,
soccer|ca river plate arg|ca tigre reserves|2026-06-02,spreads|ca tigre reserve|1.00|home,spreads,CA Tigre Reserve,1.0,home,1.93,1.5935,"[""Bet365"", ""Betfair Exchange""]","[""odds_api_io""]",3,18.117,
soccer|ca river plate arg|ca tigre reserves|2026-06-02,spreads|ca river plate (arg)|-1.00|away,spreads,CA River Plate (Arg),-1.0,away,3.85,2.0136,"[""Bet365"", ""Betfair Exchange""]","[""odds_api_io""]",3,64.116,
soccer|ca river plate arg|ca tigre reserves|2026-06-02,spreads|ca tigre reserve|1.25|home,spreads,CA Tigre Reserve,1.25,home,1.4,1.3688,"[""Bet365"", ""Betfair Exchange""]","[""odds_api_io""]",2,3.198,
soccer|ca river plate arg|ca tigre reserves|2026-06-02,spreads|ca river plate (arg)|-1.25|away,spreads,CA River Plate (Arg),-1.25,away,3.38,1.6753,"[""Bet365"", ""Betfair Exchange""]","[""odds_api_io""]",2,61.323,
soccer|ca river plate arg|ca tigre reserves|2026-06-02,spreads|ca tigre reserve|1.50|home,spreads,CA Tigre Reserve,1.5,home,1.325,1.3017,"[""Bet365"", ""Betfair Exchange""]","[""odds_api_io""]",2,2.653,
soccer|ca river plate arg|ca tigre reserves|2026-06-02,spreads|ca river plate (arg)|-1.50|away,spreads,CA River Plate (Arg),-1.5,away,3.85,3.5588,"[""Bet365"", ""Betfair Exchange""]","[""odds_api_io""]",2,4.329,
soccer|ca river plate arg|ca tigre reserves|2026-06-02,spreads|ca tigre reserve|1.75|home,spreads,CA Tigre Reserve,1.75,home,1.24,1.2193,"[""Bet365"", ""Betfair Exchange""]","[""odds_api_io""]",2,2.688,
soccer|ca river plate arg|ca tigre reserves|2026-06-02,spreads|ca river plate (arg)|-1.75|away,spreads,CA River Plate (Arg),-1.75,away,5.04,4.4075,"[""Bet365"", ""Betfair Exchange""]","[""odds_api_io""]",2,5.8,
soccer|ca river plate arg|ca tigre reserves|2026-06-02,spreads|ca tigre reserve|2.00|home,spreads,CA Tigre Reserve,2.0,home,1.28,1.176,"[""Bet365"", ""Betfair Exchange""]","[""odds_api_io""]",3,11.965,
soccer|ca river plate arg|ca tigre reserves|2026-06-02,spreads|ca river plate (arg)|-2.00|away,spreads,CA River Plate (Arg),-2.0,away,9.2,7.225,"[""Bet365"", ""Betfair Exchange""]","[""odds_api_io""]",3,7.312,
soccer|ca river plate arg|ca tigre reserves|2026-06-02,spreads|ca tigre reserve|2.25|home,spreads,CA Tigre Reserve,2.25,home,1.13,1.1145,"[""Bet365"", ""Betfair Exchange""]","[""odds_api_io""]",2,2.414,
soccer|ca river plate arg|ca tigre reserves|2026-06-02,spreads|ca river plate (arg)|-2.25|away,spreads,CA River Plate (Arg),-2.25,away,8.58,7.0156,"[""Bet365"", ""Betfair Exchange""]","[""odds_api_io""]",2,5.294,
soccer|ca river plate arg|ca tigre reserves|2026-06-02,spreads|ca tigre reserve|2.50|home,spreads,CA Tigre Reserve,2.5,home,1.12,1.1045,"[""Bet365"", ""Betfair Exchange""]","[""odds_api_io""]",2,2.457,
soccer|ca river plate arg|ca tigre reserves|2026-06-02,spreads|ca river plate (arg)|-2.50|away,spreads,CA River Plate (Arg),-2.5,away,9.24,7.4827,"[""Bet365"", ""Betfair Exchange""]","[""odds_api_io""]",2,5.177,
soccer|ca river plate arg|ca tigre reserves|2026-06-02,doubleChance|1x||,doubleChance,1X,,,1.93,1.93,"[""Betfair Exchange""]","[""odds_api_io""]",1,,
soccer|ca river plate arg|ca tigre reserves|2026-06-02,doubleChance|12||,doubleChance,12,,,1.35,1.35,"[""Betfair Exchange""]","[""odds_api_io""]",1,,
soccer|ca river plate arg|ca tigre reserves|2026-06-02,doubleChance|x2||,doubleChance,X2,,,1.3,1.3,"[""Betfair Exchange""]","[""odds_api_io""]",1,,
soccer|ca river plate arg|ca tigre reserves|2026-06-02,spreads|ca tigre reserve|2.75|home,spreads,CA Tigre Reserve,2.75,home,1.06,1.06,"[""Betfair Exchange""]","[""odds_api_io""]",1,,
soccer|ca river plate arg|ca tigre reserves|2026-06-02,spreads|ca river plate (arg)|-2.75|away,spreads,CA River Plate (Arg),-2.75,away,13.03,13.03,"[""Betfair Exchange""]","[""odds_api_io""]",1,,
soccer|ca river plate arg|ca tigre reserves|2026-06-02,spreads|ca tigre reserve|-1.75|home,spreads,CA Tigre Reserve,-1.75,home,16.68,16.68,"[""Betfair Exchange""]","[""odds_api_io""]",1,,
soccer|ca river plate arg|ca tigre reserves|2026-06-02,spreads|ca river plate (arg)|1.75|away,spreads,CA River Plate (Arg),1.75,away,1.04,1.04,"[""Betfair Exchange""]","[""odds_api_io""]",1,,
soccer|ca river plate arg|ca tigre reserves|2026-06-02,spreads|ca tigre reserve|3.00|home,spreads,CA Tigre Reserve,3.0,home,1.09,1.0538,"[""Betfair Exchange""]","[""odds_api_io""]",2,6.296,
soccer|ca river plate arg|ca tigre reserves|2026-06-02,spreads|ca river plate (arg)|-3.00|away,spreads,CA River Plate (Arg),-3.0,away,25.0,24.1308,"[""Betfair Exchange""]","[""odds_api_io""]",2,0.288,
soccer|ca river plate arg|ca tigre reserves|2026-06-02,spreads|ca tigre reserve|3.50|home,spreads,CA Tigre Reserve,3.5,home,1.02,1.02,"[""Betfair Exchange""]","[""odds_api_io""]",1,,
soccer|ca river plate arg|ca tigre reserves|2026-06-02,spreads|ca river plate (arg)|-3.50|away,spreads,CA River Plate (Arg),-3.5,away,25.0,25.0,"[""Betfair Exchange""]","[""odds_api_io""]",1,,
soccer|ca river plate arg|ca tigre reserves|2026-06-02,spreads|ca tigre reserve|3.25|home,spreads,CA Tigre Reserve,3.25,home,1.02,1.02,"[""Betfair Exchange""]","[""odds_api_io""]",1,,
soccer|ca river plate arg|ca tigre reserves|2026-06-02,spreads|ca river plate (arg)|-3.25|away,spreads,CA River Plate (Arg),-3.25,away,24.16,24.16,"[""Betfair Exchange""]","[""odds_api_io""]",1,,
soccer|ca river plate arg|ca tigre reserves|2026-06-02,spreads|ca tigre reserve|-2.25|home,spreads,CA Tigre Reserve,-2.25,home,34.61,34.61,"[""Betfair Exchange""]","[""odds_api_io""]",1,,
soccer|ca river plate arg|ca tigre reserves|2026-06-02,spreads|ca river plate (arg)|2.25|away,spreads,CA River Plate (Arg),2.25,away,1.01,1.01,"[""Betfair Exchange""]","[""odds_api_io""]",1,,
soccer|ca river plate arg|ca tigre reserves|2026-06-02,spreads|ca tigre reserve|-2.50|home,spreads,CA Tigre Reserve,-2.5,home,35.72,35.72,"[""Betfair Exchange""]","[""odds_api_io""]",1,,
soccer|ca river plate arg|ca tigre reserves|2026-06-02,spreads|ca river plate (arg)|2.50|away,spreads,CA River Plate (Arg),2.5,away,1.01,1.01,"[""Betfair Exchange""]","[""odds_api_io""]",1,,
soccer|ca river plate arg|ca tigre reserves|2026-06-02,spreads|ca tigre reserve|-1.50|home,spreads,CA Tigre Reserve,-1.5,home,11.0,11.0,"[""Betfair Exchange""]","[""odds_api_io""]",1,,
soccer|ca river plate arg|ca tigre reserves|2026-06-02,spreads|ca river plate (arg)|1.50|away,spreads,CA River Plate (Arg),1.5,away,1.08,1.08,"[""Betfair Exchange""]","[""odds_api_io""]",1,,
soccer|ca river plate arg|ca tigre reserves|2026-06-02,spreads|ca tigre reserve|-2.75|home,spreads,CA Tigre Reserve,-2.75,home,57.77,57.77,"[""Betfair Exchange""]","[""odds_api_io""]",1,,
soccer|ca river plate arg|ca tigre reserves|2026-06-02,spreads|ca river plate (arg)|2.75|away,spreads,CA River Plate (Arg),2.75,away,1.01,1.01,"[""Betfair Exchange""]","[""odds_api_io""]",1,,
soccer|ca river plate arg|ca tigre reserves|2026-06-02,spreads|ca tigre reserve|-2.00|home,spreads,CA Tigre Reserve,-2.0,home,34.0,33.7481,"[""Betfair Exchange""]","[""odds_api_io""]",2,0.044,
soccer|ca river plate arg|ca tigre reserves|2026-06-02,spreads|ca river plate (arg)|2.00|away,spreads,CA River Plate (Arg),2.0,away,1.08,1.0438,"[""Betfair Exchange""]","[""odds_api_io""]",2,6.417,
soccer|ca river plate arg|ca tigre reserves|2026-06-02,spreads|ca tigre reserve|3.75|home,spreads,CA Tigre Reserve,3.75,home,1.01,1.01,"[""Betfair Exchange""]","[""odds_api_io""]",1,,
soccer|ca river plate arg|ca tigre reserves|2026-06-02,spreads|ca river plate (arg)|-3.75|away,spreads,CA River Plate (Arg),-3.75,away,25.0,25.0,"[""Betfair Exchange""]","[""odds_api_io""]",1,,
soccer|ca river plate arg|ca tigre reserves|2026-06-02,totals|over|2.75|,totals,Over,2.75,,2.31,2.31,"[""Betfair Exchange""]","[""odds_api_io""]",1,,
soccer|ca river plate arg|ca tigre reserves|2026-06-02,totals|under|2.75|,totals,Under,2.75,,1.69,1.69,"[""Betfair Exchange""]","[""odds_api_io""]",1,,
soccer|ca river plate arg|ca tigre reserves|2026-06-02,totals|over|2.25|,totals,Over,2.25,,1.76,1.76,"[""Betfair Exchange""]","[""odds_api_io""]",1,,
soccer|ca river plate arg|ca tigre reserves|2026-06-02,totals|under|2.25|,totals,Under,2.25,,2.16,2.16,"[""Betfair Exchange""]","[""odds_api_io""]",1,,
soccer|ca river plate arg|ca tigre reserves|2026-06-02,totals|over|2.00|,totals,Over,2.0,,1.5,1.5,"[""Betfair Exchange""]","[""odds_api_io""]",1,,
soccer|ca river plate arg|ca tigre reserves|2026-06-02,totals|under|2.00|,totals,Under,2.0,,2.61,2.61,"[""Betfair Exchange""]","[""odds_api_io""]",1,,
soccer|ca river plate arg|ca tigre reserves|2026-06-02,totals|over|1.25|,totals,Over,1.25,,1.2,1.2,"[""Betfair Exchange""]","[""odds_api_io""]",1,,
soccer|ca river plate arg|ca tigre reserves|2026-06-02,totals|under|1.25|,totals,Under,1.25,,5.07,5.07,"[""Betfair Exchange""]","[""odds_api_io""]",1,,
soccer|ca river plate arg|ca tigre reserves|2026-06-02,totals|over|1.50|,totals,Over,1.5,,1.33,1.33,"[""Betfair Exchange""]","[""odds_api_io""]",1,,
soccer|ca river plate arg|ca tigre reserves|2026-06-02,totals|under|1.50|,totals,Under,1.5,,3.75,3.75,"[""Betfair Exchange""]","[""odds_api_io""]",1,,
soccer|ca river plate arg|ca tigre reserves|2026-06-02,totals|over|3.25|,totals,Over,3.25,,3.23,3.23,"[""Betfair Exchange""]","[""odds_api_io""]",1,,
soccer|ca river plate arg|ca tigre reserves|2026-06-02,totals|under|3.25|,totals,Under,3.25,,1.42,1.42,"[""Betfair Exchange""]","[""odds_api_io""]",1,,
soccer|ca river plate arg|ca tigre reserves|2026-06-02,totals|over|3.75|,totals,Over,3.75,,4.57,4.57,"[""Betfair Exchange""]","[""odds_api_io""]",1,,
soccer|ca river plate arg|ca tigre reserves|2026-06-02,totals|under|3.75|,totals,Under,3.75,,1.2,1.2,"[""Betfair Exchange""]","[""odds_api_io""]",1,,
soccer|ca river plate arg|ca tigre reserves|2026-06-02,totals|over|3.50|,totals,Over,3.5,,3.63,3.63,"[""Betfair Exchange""]","[""odds_api_io""]",1,,
soccer|ca river plate arg|ca tigre reserves|2026-06-02,totals|under|3.50|,totals,Under,3.5,,1.36,1.36,"[""Betfair Exchange""]","[""odds_api_io""]",1,,
soccer|ca river plate arg|ca tigre reserves|2026-06-02,totals|over|0.75|,totals,Over,0.75,,1.07,1.07,"[""Betfair Exchange""]","[""odds_api_io""]",1,,
soccer|ca river plate arg|ca tigre reserves|2026-06-02,totals|under|0.75|,totals,Under,0.75,,9.82,9.82,"[""Betfair Exchange""]","[""odds_api_io""]",1,,
soccer|ca river plate arg|ca tigre reserves|2026-06-02,totals|over|1.00|,totals,Over,1.0,,1.08,1.08,"[""Betfair Exchange""]","[""odds_api_io""]",1,,
soccer|ca river plate arg|ca tigre reserves|2026-06-02,totals|under|1.00|,totals,Under,1.0,,8.88,8.88,"[""Betfair Exchange""]","[""odds_api_io""]",1,,
soccer|ca river plate arg|ca tigre reserves|2026-06-02,totals|over|3.00|,totals,Over,3.0,,2.83,2.83,"[""Betfair Exchange""]","[""odds_api_io""]",1,,
soccer|ca river plate arg|ca tigre reserves|2026-06-02,totals|under|3.00|,totals,Under,3.0,,1.5,1.5,"[""Betfair Exchange""]","[""odds_api_io""]",1,,
soccer|ca river plate arg|ca tigre reserves|2026-06-02,totals|over|1.75|,totals,Over,1.75,,1.39,1.39,"[""Betfair Exchange""]","[""odds_api_io""]",1,,
soccer|ca river plate arg|ca tigre reserves|2026-06-02,totals|under|1.75|,totals,Under,1.75,,3.0,3.0,"[""Betfair Exchange""]","[""odds_api_io""]",1,,
soccer|ca river plate arg|ca tigre reserves|2026-06-02,totals|over|4.25|,totals,Over,4.25,,7.11,7.11,"[""Betfair Exchange""]","[""odds_api_io""]",1,,
soccer|ca river plate arg|ca tigre reserves|2026-06-02,totals|under|4.25|,totals,Under,4.25,,1.13,1.13,"[""Betfair Exchange""]","[""odds_api_io""]",1,,
soccer|ca river plate arg|ca tigre reserves|2026-06-02,totals|over|4.50|,totals,Over,4.5,,7.66,7.66,"[""Betfair Exchange""]","[""odds_api_io""]",1,,
soccer|ca river plate arg|ca tigre reserves|2026-06-02,totals|under|4.50|,totals,Under,4.5,,1.12,1.12,"[""Betfair Exchange""]","[""odds_api_io""]",1,,
soccer|ca river plate arg|ca tigre reserves|2026-06-02,totals|over|4.00|,totals,Over,4.0,,6.55,6.55,"[""Betfair Exchange""]","[""odds_api_io""]",1,,
soccer|ca river plate arg|ca tigre reserves|2026-06-02,totals|under|4.00|,totals,Under,4.0,,1.14,1.14,"[""Betfair Exchange""]","[""odds_api_io""]",1,,
soccer|ca river plate arg|ca tigre reserves|2026-06-02,totals|over|5.00|,totals,Over,5.0,,16.65,16.65,"[""Betfair Exchange""]","[""odds_api_io""]",1,,
soccer|ca river plate arg|ca tigre reserves|2026-06-02,totals|under|5.00|,totals,Under,5.0,,1.04,1.04,"[""Betfair Exchange""]","[""odds_api_io""]",1,,
soccer|ca river plate arg|ca tigre reserves|2026-06-02,totals|over|4.75|,totals,Over,4.75,,10.42,10.42,"[""Betfair Exchange""]","[""odds_api_io""]",1,,
soccer|ca river plate arg|ca tigre reserves|2026-06-02,totals|under|4.75|,totals,Under,4.75,,1.07,1.07,"[""Betfair Exchange""]","[""odds_api_io""]",1,,
soccer|ca river plate arg|ca tigre reserves|2026-06-02,totals|over|5.25|,totals,Over,5.25,,17.32,17.32,"[""Betfair Exchange""]","[""odds_api_io""]",1,,
soccer|ca river plate arg|ca tigre reserves|2026-06-02,totals|under|5.25|,totals,Under,5.25,,1.04,1.04,"[""Betfair Exchange""]","[""odds_api_io""]",1,,
soccer|ca river plate arg|ca tigre reserves|2026-06-02,totals|over|0.50|,totals,Over,0.5,,1.07,1.07,"[""Betfair Exchange""]","[""odds_api_io""]",1,,
soccer|ca river plate arg|ca tigre reserves|2026-06-02,totals|under|0.50|,totals,Under,0.5,,12.11,12.11,"[""Betfair Exchange""]","[""odds_api_io""]",1,,
soccer|ca river plate arg|ca tigre reserves|2026-06-02,totals|over|5.50|,totals,Over,5.5,,18.0,18.0,"[""Betfair Exchange""]","[""odds_api_io""]",1,,
soccer|ca river plate arg|ca tigre reserves|2026-06-02,totals|under|5.50|,totals,Under,5.5,,1.04,1.04,"[""Betfair Exchange""]","[""odds_api_io""]",1,,
soccer|ca river plate arg|ca tigre reserves|2026-06-02,totals|over|5.75|,totals,Over,5.75,,25.72,25.72,"[""Betfair Exchange""]","[""odds_api_io""]",1,,
soccer|ca river plate arg|ca tigre reserves|2026-06-02,totals|under|5.75|,totals,Under,5.75,,1.01,1.01,"[""Betfair Exchange""]","[""odds_api_io""]",1,,
soccer|ca river plate arg|ca tigre reserves|2026-06-02,totals|over|6.50|,totals,Over,6.5,,48.0,48.0,"[""Betfair Exchange""]","[""odds_api_io""]",1,,
soccer|ca river plate arg|ca tigre reserves|2026-06-02,totals|under|6.50|,totals,Under,6.5,,1.01,1.01,"[""Betfair Exchange""]","[""odds_api_io""]",1,,
soccer|ca river plate arg|ca tigre reserves|2026-06-02,totals|over|6.25|,totals,Over,6.25,,47.2,47.2,"[""Betfair Exchange""]","[""odds_api_io""]",1,,
soccer|ca river plate arg|ca tigre reserves|2026-06-02,totals|under|6.25|,totals,Under,6.25,,1.01,1.01,"[""Betfair Exchange""]","[""odds_api_io""]",1,,
soccer|ca river plate arg|ca tigre reserves|2026-06-02,totals|over|6.00|,totals,Over,6.0,,46.4,46.4,"[""Betfair Exchange""]","[""odds_api_io""]",1,,
soccer|ca river plate arg|ca tigre reserves|2026-06-02,totals|under|6.00|,totals,Under,6.0,,1.01,1.01,"[""Betfair Exchange""]","[""odds_api_io""]",1,,
soccer|ca river plate arg|ca tigre reserves|2026-06-02,btts|yes||,btts,Yes,,,1.87,1.87,"[""Betfair Exchange""]","[""odds_api_io""]",1,,
soccer|ca river plate arg|ca tigre reserves|2026-06-02,btts|no||,btts,No,,,2.06,2.06,"[""Betfair Exchange""]","[""odds_api_io""]",1,,
soccer|ca river plate arg|ca tigre reserves|2026-06-02,spreads|ca tigre reserve|-3.00|home,spreads,CA Tigre Reserve,-3.0,home,160.0,160.0,"[""Betfair Exchange""]","[""odds_api_io""]",1,,
soccer|ca river plate arg|ca tigre reserves|2026-06-02,spreads|ca river plate (arg)|3.00|away,spreads,CA River Plate (Arg),3.0,away,1.01,1.01,"[""Betfair Exchange""]","[""odds_api_io""]",1,,
soccer|estudiantes rio cuarto reserves|ferro carril oeste|2026-06-02,h2h|ferro carril oeste||home,h2h,Ferro Carril Oeste,,home,1.96,1.9123,"[""Bet365"", ""Unibet"", ""Betfair Exchange""]","[""odds_api_io""]",3,3.535,
soccer|estudiantes rio cuarto reserves|ferro carril oeste|2026-06-02,h2h|draw||,h2h,Draw,,,3.55,3.3998,"[""Bet365"", ""Unibet"", ""Betfair Exchange""]","[""odds_api_io""]",3,2.6,
soccer|estudiantes rio cuarto reserves|ferro carril oeste|2026-06-02,h2h|estudiantes de rio cuarto reserve||away,h2h,Estudiantes de Rio Cuarto Reserve,,away,4.0,3.6012,"[""Bet365"", ""Unibet"", ""Betfair Exchange""]","[""odds_api_io""]",3,5.769,
soccer|estudiantes rio cuarto reserves|ferro carril oeste|2026-06-02,dnb|ferro carril oeste|0.00|home,dnb,Ferro Carril Oeste,0.0,home,1.43,1.4151,"[""Bet365"", ""Betfair Exchange""]","[""odds_api_io""]",2,1.499,
soccer|estudiantes rio cuarto reserves|ferro carril oeste|2026-06-02,dnb|estudiantes de rio cuarto reserve|0.00|away,dnb,Estudiantes de Rio Cuarto Reserve,0.0,away,2.94,2.8436,"[""Bet365"", ""Betfair Exchange""]","[""odds_api_io""]",2,2.35,
soccer|estudiantes rio cuarto reserves|ferro carril oeste|2026-06-02,spreads|ferro carril oeste|-0.50|home,spreads,Ferro Carril Oeste,-0.5,home,1.95,1.9376,"[""Bet365"", ""Betfair Exchange""]","[""odds_api_io""]",2,0.666,
soccer|estudiantes rio cuarto reserves|ferro carril oeste|2026-06-02,spreads|estudiantes de rio cuarto reserve|0.50|away,spreads,Estudiantes de Rio Cuarto Reserve,0.5,away,1.94,1.9075,"[""Bet365"", ""Betfair Exchange""]","[""odds_api_io""]",2,1.787,
soccer|estudiantes rio cuarto reserves|ferro carril oeste|2026-06-02,totals|over|2.50|,totals,Over,2.5,,2.06,1.939,"[""Bet365"", ""Unibet"", ""Betfair Exchange""]","[""odds_api_io""]",4,8.274,
soccer|estudiantes rio cuarto reserves|ferro carril oeste|2026-06-02,totals|under|2.50|,totals,Under,2.5,,1.88,1.8442,"[""Bet365"", ""Unibet"", ""Betfair Exchange""]","[""odds_api_io""]",4,2.364,
soccer|estudiantes rio cuarto reserves|ferro carril oeste|2026-06-02,spreads|ferro carril oeste|-2.50|home,spreads,Ferro Carril Oeste,-2.5,home,6.4,6.4,"[""Bet365""]","[""odds_api_io""]",1,,
soccer|estudiantes rio cuarto reserves|ferro carril oeste|2026-06-02,spreads|estudiantes de rio cuarto reserve|2.50|away,spreads,Estudiantes de Rio Cuarto Reserve,2.5,away,1.115,1.115,"[""Bet365""]","[""odds_api_io""]",1,,
soccer|estudiantes rio cuarto reserves|ferro carril oeste|2026-06-02,spreads|ferro carril oeste|-2.25|home,spreads,Ferro Carril Oeste,-2.25,home,6.0,6.0,"[""Bet365""]","[""odds_api_io""]",1,,
soccer|estudiantes rio cuarto reserves|ferro carril oeste|2026-06-02,spreads|estudiantes de rio cuarto reserve|2.25|away,spreads,Estudiantes de Rio Cuarto Reserve,2.25,away,1.125,1.125,"[""Bet365""]","[""odds_api_io""]",1,,
soccer|estudiantes rio cuarto reserves|ferro carril oeste|2026-06-02,spreads|ferro carril oeste|-2.00|home,spreads,Ferro Carril Oeste,-2.0,home,5.75,5.75,"[""Bet365""]","[""odds_api_io""]",1,,
soccer|estudiantes rio cuarto reserves|ferro carril oeste|2026-06-02,spreads|estudiantes de rio cuarto reserve|2.00|away,spreads,Estudiantes de Rio Cuarto Reserve,2.0,away,1.14,1.14,"[""Bet365""]","[""odds_api_io""]",1,,
soccer|estudiantes rio cuarto reserves|ferro carril oeste|2026-06-02,spreads|ferro carril oeste|-1.75|home,spreads,Ferro Carril Oeste,-1.75,home,4.0,4.0,"[""Bet365""]","[""odds_api_io""]",1,,
soccer|estudiantes rio cuarto reserves|ferro carril oeste|2026-06-02,spreads|estudiantes de rio cuarto reserve|1.75|away,spreads,Estudiantes de Rio Cuarto Reserve,1.75,away,1.23,1.23,"[""Bet365""]","[""odds_api_io""]",1,,
soccer|estudiantes rio cuarto reserves|ferro carril oeste|2026-06-02,spreads|ferro carril oeste|-1.50|home,spreads,Ferro Carril Oeste,-1.5,home,3.3,3.3,"[""Bet365""]","[""odds_api_io""]",1,,
soccer|estudiantes rio cuarto reserves|ferro carril oeste|2026-06-02,spreads|estudiantes de rio cuarto reserve|1.50|away,spreads,Estudiantes de Rio Cuarto Reserve,1.5,away,1.325,1.325,"[""Bet365""]","[""odds_api_io""]",1,,
soccer|estudiantes rio cuarto reserves|ferro carril oeste|2026-06-02,spreads|ferro carril oeste|-1.25|home,spreads,Ferro Carril Oeste,-1.25,home,3.0,3.0,"[""Bet365""]","[""odds_api_io""]",1,,
soccer|estudiantes rio cuarto reserves|ferro carril oeste|2026-06-02,spreads|estudiantes de rio cuarto reserve|1.25|away,spreads,Estudiantes de Rio Cuarto Reserve,1.25,away,1.375,1.375,"[""Bet365""]","[""odds_api_io""]",1,,
soccer|estudiantes rio cuarto reserves|ferro carril oeste|2026-06-02,spreads|ferro carril oeste|-1.00|home,spreads,Ferro Carril Oeste,-1.0,home,2.6,2.2228,"[""Bet365"", ""Betfair Exchange""]","[""odds_api_io""]",2,12.821,
soccer|estudiantes rio cuarto reserves|ferro carril oeste|2026-06-02,spreads|estudiantes de rio cuarto reserve|1.00|away,spreads,Estudiantes de Rio Cuarto Reserve,1.0,away,6.8,2.9885,"[""Bet365"", ""Betfair Exchange""]","[""odds_api_io""]",2,36.841,
soccer|estudiantes rio cuarto reserves|ferro carril oeste|2026-06-02,spreads|ferro carril oeste|-0.75|home,spreads,Ferro Carril Oeste,-0.75,home,2.15,2.0433,"[""Bet365"", ""Betfair Exchange""]","[""odds_api_io""]",2,4.77,
soccer|estudiantes rio cuarto reserves|ferro carril oeste|2026-06-02,spreads|estudiantes de rio cuarto reserve|0.75|away,spreads,Estudiantes de Rio Cuarto Reserve,0.75,away,4.5,2.1958,"[""Bet365"", ""Betfair Exchange""]","[""odds_api_io""]",2,45.805,
soccer|estudiantes rio cuarto reserves|ferro carril oeste|2026-06-02,spreads|ferro carril oeste|-0.25|home,spreads,Ferro Carril Oeste,-0.25,home,1.69,1.6826,"[""Bet365"", ""Betfair Exchange""]","[""odds_api_io""]",2,0.53,
soccer|estudiantes rio cuarto reserves|ferro carril oeste|2026-06-02,spreads|estudiantes de rio cuarto reserve|0.25|away,spreads,Estudiantes de Rio Cuarto Reserve,0.25,away,3.1,2.6068,"[""Bet365"", ""Betfair Exchange""]","[""odds_api_io""]",2,11.99,
soccer|estudiantes rio cuarto reserves|ferro carril oeste|2026-06-02,spreads|ferro carril oeste|0.00|home,spreads,Ferro Carril Oeste,0.0,home,1.43,1.4275,"[""Bet365"", ""Betfair Exchange""]","[""odds_api_io""]",2,0.245,
soccer|estudiantes rio cuarto reserves|ferro carril oeste|2026-06-02,spreads|estudiantes de rio cuarto reserve|-0.00|away,spreads,Estudiantes de Rio Cuarto Reserve,-0.0,away,2.94,2.8436,"[""Bet365"", ""Betfair Exchange""]","[""odds_api_io""]",2,2.35,
soccer|estudiantes rio cuarto reserves|ferro carril oeste|2026-06-02,spreads|ferro carril oeste|0.25|home,spreads,Ferro Carril Oeste,0.25,home,1.35,1.3449,"[""Bet365"", ""Betfair Exchange""]","[""odds_api_io""]",2,0.553,
soccer|estudiantes rio cuarto reserves|ferro carril oeste|2026-06-02,spreads|estudiantes de rio cuarto reserve|-0.25|away,spreads,Estudiantes de Rio Cuarto Reserve,-0.25,away,3.47,2.6664,"[""Bet365"", ""Betfair Exchange""]","[""odds_api_io""]",2,17.693,
soccer|estudiantes rio cuarto reserves|ferro carril oeste|2026-06-02,spreads|ferro carril oeste|0.50|home,spreads,Ferro Carril Oeste,0.5,home,1.28,1.2775,"[""Bet365"", ""Betfair Exchange""]","[""odds_api_io""]",2,0.306,
soccer|estudiantes rio cuarto reserves|ferro carril oeste|2026-06-02,spreads|estudiantes de rio cuarto reserve|-0.50|away,spreads,Estudiantes de Rio Cuarto Reserve,-0.5,away,4.0,3.7657,"[""Bet365"", ""Betfair Exchange""]","[""odds_api_io""]",2,3.169,
soccer|estudiantes rio cuarto reserves|ferro carril oeste|2026-06-02,spreads|ferro carril oeste|0.75|home,spreads,Ferro Carril Oeste,0.75,home,1.19,1.164,"[""Bet365"", ""Betfair Exchange""]","[""odds_api_io""]",2,3.686,
soccer|estudiantes rio cuarto reserves|ferro carril oeste|2026-06-02,spreads|estudiantes de rio cuarto reserve|-0.75|away,spreads,Estudiantes de Rio Cuarto Reserve,-0.75,away,4.0,2.379,"[""Bet365"", ""Betfair Exchange""]","[""odds_api_io""]",2,34.701,
soccer|estudiantes rio cuarto reserves|ferro carril oeste|2026-06-02,spreads|ferro carril oeste|1.00|home,spreads,Ferro Carril Oeste,1.0,home,1.28,1.1877,"[""Bet365"", ""Betfair Exchange""]","[""odds_api_io""]",2,12.373,
soccer|estudiantes rio cuarto reserves|ferro carril oeste|2026-06-02,spreads|estudiantes de rio cuarto reserve|-1.00|away,spreads,Estudiantes de Rio Cuarto Reserve,-1.0,away,4.0,2.1735,"[""Bet365"", ""Betfair Exchange""]","[""odds_api_io""]",2,42.797,
soccer|estudiantes rio cuarto reserves|ferro carril oeste|2026-06-02,doubleChance|1x||,doubleChance,1X,,,1.28,1.2555,"[""Unibet"", ""Betfair Exchange""]","[""odds_api_io""]",2,3.176,
soccer|estudiantes rio cuarto reserves|ferro carril oeste|2026-06-02,doubleChance|12||,doubleChance,12,,,1.34,1.2797,"[""Unibet"", ""Betfair Exchange""]","[""odds_api_io""]",2,7.34,
soccer|estudiantes rio cuarto reserves|ferro carril oeste|2026-06-02,doubleChance|x2||,doubleChance,X2,,,1.94,1.7837,"[""Unibet"", ""Betfair Exchange""]","[""odds_api_io""]",2,9.429,
soccer|estudiantes rio cuarto reserves|ferro carril oeste|2026-06-02,totals|over|3.50|,totals,Over,3.5,,3.75,3.2759,"[""Unibet"", ""Betfair Exchange""]","[""odds_api_io""]",2,8.056,
soccer|estudiantes rio cuarto reserves|ferro carril oeste|2026-06-02,totals|under|3.50|,totals,Under,3.5,,1.33,1.33,"[""Unibet"", ""Betfair Exchange""]","[""odds_api_io""]",2,,
soccer|estudiantes rio cuarto reserves|ferro carril oeste|2026-06-02,totals|over|1.50|,totals,Over,1.5,,1.34,1.2849,"[""Unibet"", ""Betfair Exchange""]","[""odds_api_io""]",2,6.674,
soccer|estudiantes rio cuarto reserves|ferro carril oeste|2026-06-02,totals|under|1.50|,totals,Under,1.5,,3.56,3.531,"[""Unibet"", ""Betfair Exchange""]","[""odds_api_io""]",2,0.482,
soccer|estudiantes rio cuarto reserves|ferro carril oeste|2026-06-02,totals|over|4.50|,totals,Over,4.5,,8.0,6.2873,"[""Unibet"", ""Betfair Exchange""]","[""odds_api_io""]",2,7.108,
soccer|estudiantes rio cuarto reserves|ferro carril oeste|2026-06-02,totals|under|4.50|,totals,Under,4.5,,1.12,1.1152,"[""Unibet"", ""Betfair Exchange""]","[""odds_api_io""]",2,0.804,
soccer|estudiantes rio cuarto reserves|ferro carril oeste|2026-06-02,totals|over|2.75|,totals,Over,2.75,,1.01,1.01,"[""Betfair Exchange""]","[""odds_api_io""]",1,,
soccer|estudiantes rio cuarto reserves|ferro carril oeste|2026-06-02,totals|under|2.75|,totals,Under,2.75,,1.01,1.01,"[""Betfair Exchange""]","[""odds_api_io""]",1,,
soccer|estudiantes rio cuarto reserves|ferro carril oeste|2026-06-02,totals|over|4.75|,totals,Over,4.75,,10.63,10.63,"[""Betfair Exchange""]","[""odds_api_io""]",1,,
soccer|estudiantes rio cuarto reserves|ferro carril oeste|2026-06-02,totals|under|4.75|,totals,Under,4.75,,1.04,1.04,"[""Betfair Exchange""]","[""odds_api_io""]",1,,
soccer|estudiantes rio cuarto reserves|ferro carril oeste|2026-06-02,totals|over|5.50|,totals,Over,5.5,,17.66,17.66,"[""Betfair Exchange""]","[""odds_api_io""]",1,,
soccer|estudiantes rio cuarto reserves|ferro carril oeste|2026-06-02,totals|under|5.50|,totals,Under,5.5,,1.04,1.04,"[""Betfair Exchange""]","[""odds_api_io""]",1,,
soccer|estudiantes rio cuarto reserves|ferro carril oeste|2026-06-02,totals|over|2.00|,totals,Over,2.0,,1.52,1.52,"[""Betfair Exchange""]","[""odds_api_io""]",1,,
soccer|estudiantes rio cuarto reserves|ferro carril oeste|2026-06-02,totals|under|2.00|,totals,Under,2.0,,1.85,1.85,"[""Betfair Exchange""]","[""odds_api_io""]",1,,
soccer|estudiantes rio cuarto reserves|ferro carril oeste|2026-06-02,totals|over|2.25|,totals,Over,2.25,,1.79,1.79,"[""Betfair Exchange""]","[""odds_api_io""]",1,,
soccer|estudiantes rio cuarto reserves|ferro carril oeste|2026-06-02,totals|under|2.25|,totals,Under,2.25,,1.85,1.85,"[""Betfair Exchange""]","[""odds_api_io""]",1,,
soccer|estudiantes rio cuarto reserves|ferro carril oeste|2026-06-02,totals|over|3.25|,totals,Over,3.25,,1.01,1.01,"[""Betfair Exchange""]","[""odds_api_io""]",1,,
soccer|estudiantes rio cuarto reserves|ferro carril oeste|2026-06-02,totals|under|3.25|,totals,Under,3.25,,1.33,1.33,"[""Betfair Exchange""]","[""odds_api_io""]",1,,
soccer|estudiantes rio cuarto reserves|ferro carril oeste|2026-06-02,totals|over|3.00|,totals,Over,3.0,,2.93,2.93,"[""Betfair Exchange""]","[""odds_api_io""]",1,,
soccer|estudiantes rio cuarto reserves|ferro carril oeste|2026-06-02,totals|under|3.00|,totals,Under,3.0,,1.33,1.33,"[""Betfair Exchange""]","[""odds_api_io""]",1,,
soccer|estudiantes rio cuarto reserves|ferro carril oeste|2026-06-02,totals|over|6.00|,totals,Over,6.0,,49.11,49.11,"[""Betfair Exchange""]","[""odds_api_io""]",1,,
soccer|estudiantes rio cuarto reserves|ferro carril oeste|2026-06-02,totals|under|6.00|,totals,Under,6.0,,1.01,1.01,"[""Betfair Exchange""]","[""odds_api_io""]",1,,
soccer|estudiantes rio cuarto reserves|ferro carril oeste|2026-06-02,totals|over|7.25|,totals,Over,7.25,,149.02,149.02,"[""Betfair Exchange""]","[""odds_api_io""]",1,,
soccer|estudiantes rio cuarto reserves|ferro carril oeste|2026-06-02,totals|under|7.25|,totals,Under,7.25,,1.01,1.01,"[""Betfair Exchange""]","[""odds_api_io""]",1,,
soccer|estudiantes rio cuarto reserves|ferro carril oeste|2026-06-02,totals|over|1.75|,totals,Over,1.75,,1.41,1.41,"[""Betfair Exchange""]","[""odds_api_io""]",1,,
soccer|estudiantes rio cuarto reserves|ferro carril oeste|2026-06-02,totals|under|1.75|,totals,Under,1.75,,1.01,1.01,"[""Betfair Exchange""]","[""odds_api_io""]",1,,
soccer|estudiantes rio cuarto reserves|ferro carril oeste|2026-06-02,totals|over|1.25|,totals,Over,1.25,,1.21,1.21,"[""Betfair Exchange""]","[""odds_api_io""]",1,,
soccer|estudiantes rio cuarto reserves|ferro carril oeste|2026-06-02,totals|under|1.25|,totals,Under,1.25,,3.56,3.56,"[""Betfair Exchange""]","[""odds_api_io""]",1,,
soccer|estudiantes rio cuarto reserves|ferro carril oeste|2026-06-02,totals|over|4.25|,totals,Over,4.25,,7.43,7.43,"[""Betfair Exchange""]","[""odds_api_io""]",1,,
soccer|estudiantes rio cuarto reserves|ferro carril oeste|2026-06-02,totals|under|4.25|,totals,Under,4.25,,1.12,1.12,"[""Betfair Exchange""]","[""odds_api_io""]",1,,
soccer|estudiantes rio cuarto reserves|ferro carril oeste|2026-06-02,totals|over|7.00|,totals,Over,7.0,,1.01,1.01,"[""Betfair Exchange""]","[""odds_api_io""]",1,,
soccer|estudiantes rio cuarto reserves|ferro carril oeste|2026-06-02,totals|under|7.00|,totals,Under,7.0,,1.01,1.01,"[""Betfair Exchange""]","[""odds_api_io""]",1,,
soccer|estudiantes rio cuarto reserves|ferro carril oeste|2026-06-02,totals|over|5.00|,totals,Over,5.0,,16.45,16.45,"[""Betfair Exchange""]","[""odds_api_io""]",1,,
soccer|estudiantes rio cuarto reserves|ferro carril oeste|2026-06-02,totals|under|5.00|,totals,Under,5.0,,1.04,1.04,"[""Betfair Exchange""]","[""odds_api_io""]",1,,
soccer|estudiantes rio cuarto reserves|ferro carril oeste|2026-06-02,totals|over|4.00|,totals,Over,4.0,,6.86,6.86,"[""Betfair Exchange""]","[""odds_api_io""]",1,,
soccer|estudiantes rio cuarto reserves|ferro carril oeste|2026-06-02,totals|under|4.00|,totals,Under,4.0,,1.12,1.12,"[""Betfair Exchange""]","[""odds_api_io""]",1,,
soccer|estudiantes rio cuarto reserves|ferro carril oeste|2026-06-02,totals|over|5.25|,totals,Over,5.25,,17.06,17.06,"[""Betfair Exchange""]","[""odds_api_io""]",1,,
soccer|estudiantes rio cuarto reserves|ferro carril oeste|2026-06-02,totals|under|5.25|,totals,Under,5.25,,1.04,1.04,"[""Betfair Exchange""]","[""odds_api_io""]",1,,
soccer|estudiantes rio cuarto reserves|ferro carril oeste|2026-06-02,totals|over|6.75|,totals,Over,6.75,,75.62,75.62,"[""Betfair Exchange""]","[""odds_api_io""]",1,,
soccer|estudiantes rio cuarto reserves|ferro carril oeste|2026-06-02,totals|under|6.75|,totals,Under,6.75,,1.01,1.01,"[""Betfair Exchange""]","[""odds_api_io""]",1,,
soccer|estudiantes rio cuarto reserves|ferro carril oeste|2026-06-02,totals|over|6.25|,totals,Over,6.25,,50.05,50.05,"[""Betfair Exchange""]","[""odds_api_io""]",1,,
soccer|estudiantes rio cuarto reserves|ferro carril oeste|2026-06-02,totals|under|6.25|,totals,Under,6.25,,1.01,1.01,"[""Betfair Exchange""]","[""odds_api_io""]",1,,
soccer|estudiantes rio cuarto reserves|ferro carril oeste|2026-06-02,totals|over|5.75|,totals,Over,5.75,,25.75,25.75,"[""Betfair Exchange""]","[""odds_api_io""]",1,,
soccer|estudiantes rio cuarto reserves|ferro carril oeste|2026-06-02,totals|under|5.75|,totals,Under,5.75,,1.01,1.01,"[""Betfair Exchange""]","[""odds_api_io""]",1,,
soccer|estudiantes rio cuarto reserves|ferro carril oeste|2026-06-02,totals|over|3.75|,totals,Over,3.75,,4.74,4.74,"[""Betfair Exchange""]","[""odds_api_io""]",1,,
soccer|estudiantes rio cuarto reserves|ferro carril oeste|2026-06-02,totals|under|3.75|,totals,Under,3.75,,1.12,1.12,"[""Betfair Exchange""]","[""odds_api_io""]",1,,
soccer|estudiantes rio cuarto reserves|ferro carril oeste|2026-06-02,totals|over|6.50|,totals,Over,6.5,,51.0,51.0,"[""Betfair Exchange""]","[""odds_api_io""]",1,,
soccer|estudiantes rio cuarto reserves|ferro carril oeste|2026-06-02,totals|under|6.50|,totals,Under,6.5,,1.01,1.01,"[""Betfair Exchange""]","[""odds_api_io""]",1,,
soccer|estudiantes rio cuarto reserves|ferro carril oeste|2026-06-02,totals|over|1.00|,totals,Over,1.0,,1.08,1.08,"[""Betfair Exchange""]","[""odds_api_io""]",1,,
soccer|estudiantes rio cuarto reserves|ferro carril oeste|2026-06-02,totals|under|1.00|,totals,Under,1.0,,3.56,3.56,"[""Betfair Exchange""]","[""odds_api_io""]",1,,
soccer|estudiantes rio cuarto reserves|ferro carril oeste|2026-06-02,totals|over|0.75|,totals,Over,0.75,,1.07,1.07,"[""Betfair Exchange""]","[""odds_api_io""]",1,,
soccer|estudiantes rio cuarto reserves|ferro carril oeste|2026-06-02,totals|under|0.75|,totals,Under,0.75,,3.56,3.56,"[""Betfair Exchange""]","[""odds_api_io""]",1,,
soccer|estudiantes rio cuarto reserves|ferro carril oeste|2026-06-02,totals|over|0.50|,totals,Over,0.5,,1.07,1.07,"[""Betfair Exchange""]","[""odds_api_io""]",1,,
soccer|estudiantes rio cuarto reserves|ferro carril oeste|2026-06-02,totals|under|0.50|,totals,Under,0.5,,11.5,11.5,"[""Betfair Exchange""]","[""odds_api_io""]",1,,
soccer|estudiantes rio cuarto reserves|ferro carril oeste|2026-06-02,totals|over|7.50|,totals,Over,7.5,,150.0,150.0,"[""Betfair Exchange""]","[""odds_api_io""]",1,,
soccer|estudiantes rio cuarto reserves|ferro carril oeste|2026-06-02,totals|under|7.50|,totals,Under,7.5,,1.01,1.01,"[""Betfair Exchange""]","[""odds_api_io""]",1,,
soccer|estudiantes rio cuarto reserves|ferro carril oeste|2026-06-02,btts|yes||,btts,Yes,,,1.96,1.96,"[""Betfair Exchange""]","[""odds_api_io""]",1,,
soccer|estudiantes rio cuarto reserves|ferro carril oeste|2026-06-02,btts|no||,btts,No,,,1.22,1.22,"[""Betfair Exchange""]","[""odds_api_io""]",1,,
soccer|independiente reserves|newells old boys|2026-06-02,h2h|independiente reserve||home,h2h,Independiente Reserve,,home,2.38,2.3033,"[""Bet365"", ""Unibet"", ""Betfair Exchange""]","[""odds_api_io""]",3,2.428,
soccer|independiente reserves|newells old boys|2026-06-02,h2h|draw||,h2h,Draw,,,3.2,3.0829,"[""Bet365"", ""Unibet"", ""Betfair Exchange""]","[""odds_api_io""]",3,2.083,
soccer|independiente reserves|newells old boys|2026-06-02,h2h|newells old boys||away,h2h,Newells Old Boys,,away,3.45,3.0689,"[""Bet365"", ""Unibet"", ""Betfair Exchange""]","[""odds_api_io""]",3,6.729,
soccer|independiente reserves|newells old boys|2026-06-02,dnb|independiente reserve|0.00|home,dnb,Independiente Reserve,0.0,home,1.65,1.6326,"[""Bet365"", ""Betfair Exchange""]","[""odds_api_io""]",2,1.313,
soccer|independiente reserves|newells old boys|2026-06-02,dnb|newells old boys|0.00|away,dnb,Newells Old Boys,0.0,away,2.38,2.2881,"[""Bet365"", ""Betfair Exchange""]","[""odds_api_io""]",2,3.438,
soccer|independiente reserves|newells old boys|2026-06-02,spreads|independiente reserve|-0.25|home,spreads,Independiente Reserve,-0.25,home,2.02,1.985,"[""Bet365"", ""Betfair Exchange""]","[""odds_api_io""]",2,1.777,
soccer|independiente reserves|newells old boys|2026-06-02,spreads|newells old boys|0.25|away,spreads,Newells Old Boys,0.25,away,1.89,1.8701,"[""Bet365"", ""Betfair Exchange""]","[""odds_api_io""]",2,1.144,
soccer|independiente reserves|newells old boys|2026-06-02,totals|over|2.25|,totals,Over,2.25,,1.97,1.9476,"[""Bet365"", ""Betfair Exchange""]","[""odds_api_io""]",2,1.187,
soccer|independiente reserves|newells old boys|2026-06-02,totals|under|2.25|,totals,Under,2.25,,1.91,1.8927,"[""Bet365"", ""Betfair Exchange""]","[""odds_api_io""]",2,0.977,
soccer|independiente reserves|newells old boys|2026-06-02,totals|over|2.50|,totals,Over,2.5,,2.28,2.1575,"[""Bet365"", ""Unibet"", ""Betfair Exchange""]","[""odds_api_io""]",3,6.14,
soccer|independiente reserves|newells old boys|2026-06-02,totals|under|2.50|,totals,Under,2.5,,1.71,1.6736,"[""Bet365"", ""Unibet"", ""Betfair Exchange""]","[""odds_api_io""]",3,2.127,
soccer|independiente reserves|newells old boys|2026-06-02,spreads|independiente reserve|-1.75|home,spreads,Independiente Reserve,-1.75,home,7.17,6.2399,"[""Bet365"", ""Betfair Exchange""]","[""odds_api_io""]",2,4.235,
soccer|independiente reserves|newells old boys|2026-06-02,spreads|newells old boys|1.75|away,spreads,Newells Old Boys,1.75,away,1.15,1.1397,"[""Bet365"", ""Betfair Exchange""]","[""odds_api_io""]",2,1.539,
soccer|independiente reserves|newells old boys|2026-06-02,spreads|independiente reserve|-1.50|home,spreads,Independiente Reserve,-1.5,home,5.2,4.6255,"[""Bet365"", ""Betfair Exchange""]","[""odds_api_io""]",2,4.866,
soccer|independiente reserves|newells old boys|2026-06-02,spreads|newells old boys|1.50|away,spreads,Newells Old Boys,1.5,away,6.4,1.9821,"[""Bet365"", ""Betfair Exchange""]","[""odds_api_io""]",2,68.409,
soccer|independiente reserves|newells old boys|2026-06-02,spreads|independiente reserve|-1.25|home,spreads,Independiente Reserve,-1.25,home,4.61,4.1733,"[""Bet365"", ""Betfair Exchange""]","[""odds_api_io""]",2,4.624,
soccer|independiente reserves|newells old boys|2026-06-02,spreads|newells old boys|1.25|away,spreads,Newells Old Boys,1.25,away,6.0,2.0173,"[""Bet365"", ""Betfair Exchange""]","[""odds_api_io""]",2,64.634,
soccer|independiente reserves|newells old boys|2026-06-02,spreads|independiente reserve|-1.00|home,spreads,Independiente Reserve,-1.0,home,5.2,4.1138,"[""Bet365"", ""Betfair Exchange""]","[""odds_api_io""]",3,9.755,
soccer|independiente reserves|newells old boys|2026-06-02,spreads|newells old boys|1.00|away,spreads,Newells Old Boys,1.0,away,5.75,1.9032,"[""Bet365"", ""Betfair Exchange""]","[""odds_api_io""]",3,61.349,
soccer|independiente reserves|newells old boys|2026-06-02,spreads|independiente reserve|-0.75|home,spreads,Independiente Reserve,-0.75,home,2.9,2.7445,"[""Bet365"", ""Betfair Exchange""]","[""odds_api_io""]",2,3.979,
soccer|independiente reserves|newells old boys|2026-06-02,spreads|newells old boys|0.75|away,spreads,Newells Old Boys,0.75,away,3.9,2.1178,"[""Bet365"", ""Betfair Exchange""]","[""odds_api_io""]",2,42.386,
soccer|independiente reserves|newells old boys|2026-06-02,spreads|independiente reserve|0.00|home,spreads,Independiente Reserve,0.0,home,1.65,1.6251,"[""Bet365"", ""Betfair Exchange""]","[""odds_api_io""]",2,1.894,
soccer|independiente reserves|newells old boys|2026-06-02,spreads|newells old boys|-0.00|away,spreads,Newells Old Boys,-0.0,away,2.38,2.34,"[""Bet365"", ""Betfair Exchange""]","[""odds_api_io""]",2,1.461,
soccer|independiente reserves|newells old boys|2026-06-02,spreads|independiente reserve|0.75|home,spreads,Independiente Reserve,0.75,home,1.24,1.24,"[""Bet365"", ""Betfair Exchange""]","[""odds_api_io""]",2,,
soccer|independiente reserves|newells old boys|2026-06-02,spreads|newells old boys|-0.75|away,spreads,Newells Old Boys,-0.75,away,4.54,2.2474,"[""Bet365"", ""Betfair Exchange""]","[""odds_api_io""]",2,45.77,
soccer|independiente reserves|newells old boys|2026-06-02,spreads|independiente reserve|1.00|home,spreads,Independiente Reserve,1.0,home,1.37,1.1929,"[""Bet365"", ""Betfair Exchange""]","[""odds_api_io""]",3,17.916,
soccer|independiente reserves|newells old boys|2026-06-02,spreads|newells old boys|-1.00|away,spreads,Newells Old Boys,-1.0,away,7.8,2.9487,"[""Bet365"", ""Betfair Exchange""]","[""odds_api_io""]",3,64.103,
soccer|independiente reserves|newells old boys|2026-06-02,spreads|independiente reserve|1.25|home,spreads,Independiente Reserve,1.25,home,1.125,1.1069,"[""Bet365"", ""Betfair Exchange""]","[""odds_api_io""]",2,2.854,
soccer|independiente reserves|newells old boys|2026-06-02,spreads|newells old boys|-1.25|away,spreads,Newells Old Boys,-1.25,away,8.2,2.1987,"[""Bet365"", ""Betfair Exchange""]","[""odds_api_io""]",2,67.805,
soccer|independiente reserves|newells old boys|2026-06-02,spreads|independiente reserve|1.50|home,spreads,Independiente Reserve,1.5,home,1.115,1.0969,"[""Bet365"", ""Betfair Exchange""]","[""odds_api_io""]",2,2.906,
soccer|independiente reserves|newells old boys|2026-06-02,spreads|newells old boys|-1.50|away,spreads,Newells Old Boys,-1.5,away,7.82,2.1391,"[""Bet365"", ""Betfair Exchange""]","[""odds_api_io""]",2,69.179,
soccer|independiente reserves|newells old boys|2026-06-02,spreads|independiente reserve|-0.50|home,spreads,Independiente Reserve,-0.5,home,2.39,2.3192,"[""Bet365"", ""Betfair Exchange""]","[""odds_api_io""]",2,2.603,
soccer|independiente reserves|newells old boys|2026-06-02,spreads|newells old boys|0.50|away,spreads,Newells Old Boys,0.5,away,3.1,2.1504,"[""Bet365"", ""Betfair Exchange""]","[""odds_api_io""]",2,27.983,
soccer|independiente reserves|newells old boys|2026-06-02,spreads|independiente reserve|0.25|home,spreads,Independiente Reserve,0.25,home,1.47,1.4601,"[""Bet365"", ""Betfair Exchange""]","[""odds_api_io""]",2,0.938,
soccer|independiente reserves|newells old boys|2026-06-02,spreads|newells old boys|-0.25|away,spreads,Newells Old Boys,-0.25,away,2.91,2.7897,"[""Bet365"", ""Betfair Exchange""]","[""odds_api_io""]",2,3.019,
soccer|independiente reserves|newells old boys|2026-06-02,spreads|independiente reserve|0.50|home,spreads,Independiente Reserve,0.5,home,1.37,1.3601,"[""Bet365"", ""Betfair Exchange""]","[""odds_api_io""]",2,1.081,
soccer|independiente reserves|newells old boys|2026-06-02,spreads|newells old boys|-0.50|away,spreads,Newells Old Boys,-0.5,away,3.45,2.2239,"[""Bet365"", ""Betfair Exchange""]","[""odds_api_io""]",2,32.553,
soccer|independiente reserves|newells old boys|2026-06-02,doubleChance|1x||,doubleChance,1X,,,1.37,1.3355,"[""Unibet"", ""Betfair Exchange""]","[""odds_api_io""]",2,3.93,
soccer|independiente reserves|newells old boys|2026-06-02,doubleChance|12||,doubleChance,12,,,1.44,1.3423,"[""Unibet"", ""Betfair Exchange""]","[""odds_api_io""]",2,10.556,
soccer|independiente reserves|newells old boys|2026-06-02,doubleChance|x2||,doubleChance,X2,,,1.66,1.5578,"[""Unibet"", ""Betfair Exchange""]","[""odds_api_io""]",2,8.252,
soccer|independiente reserves|newells old boys|2026-06-02,totals|over|1.50|,totals,Over,1.5,,1.41,1.3654,"[""Unibet"", ""Betfair Exchange""]","[""odds_api_io""]",2,4.836,
soccer|independiente reserves|newells old boys|2026-06-02,totals|under|1.50|,totals,Under,1.5,,3.32,3.1318,"[""Unibet"", ""Betfair Exchange""]","[""odds_api_io""]",2,3.778,
soccer|independiente reserves|newells old boys|2026-06-02,totals|over|3.50|,totals,Over,3.5,,4.33,3.8883,"[""Unibet"", ""Betfair Exchange""]","[""odds_api_io""]",2,5.477,
soccer|independiente reserves|newells old boys|2026-06-02,totals|under|3.50|,totals,Under,3.5,,1.27,1.2505,"[""Unibet"", ""Betfair Exchange""]","[""odds_api_io""]",2,2.561,
soccer|independiente reserves|newells old boys|2026-06-02,spreads|independiente reserve|-2.75|home,spreads,Independiente Reserve,-2.75,home,19.3,19.3,"[""Betfair Exchange""]","[""odds_api_io""]",1,,
soccer|independiente reserves|newells old boys|2026-06-02,spreads|newells old boys|2.75|away,spreads,Newells Old Boys,2.75,away,1.03,1.03,"[""Betfair Exchange""]","[""odds_api_io""]",1,,
soccer|independiente reserves|newells old boys|2026-06-02,spreads|independiente reserve|-2.00|home,spreads,Independiente Reserve,-2.0,home,12.5,11.8973,"[""Betfair Exchange""]","[""odds_api_io""]",2,0.811,
soccer|independiente reserves|newells old boys|2026-06-02,spreads|newells old boys|2.00|away,spreads,Newells Old Boys,2.0,away,1.19,1.1212,"[""Betfair Exchange""]","[""odds_api_io""]",2,10.306,
soccer|independiente reserves|newells old boys|2026-06-02,spreads|independiente reserve|-2.50|home,spreads,Independiente Reserve,-2.5,home,12.67,12.67,"[""Betfair Exchange""]","[""odds_api_io""]",1,,
soccer|independiente reserves|newells old boys|2026-06-02,spreads|newells old boys|2.50|away,spreads,Newells Old Boys,2.5,away,1.05,1.05,"[""Betfair Exchange""]","[""odds_api_io""]",1,,
soccer|independiente reserves|newells old boys|2026-06-02,spreads|independiente reserve|-2.25|home,spreads,Independiente Reserve,-2.25,home,12.01,12.01,"[""Betfair Exchange""]","[""odds_api_io""]",1,,
soccer|independiente reserves|newells old boys|2026-06-02,spreads|newells old boys|2.25|away,spreads,Newells Old Boys,2.25,away,1.06,1.06,"[""Betfair Exchange""]","[""odds_api_io""]",1,,
soccer|independiente reserves|newells old boys|2026-06-02,spreads|independiente reserve|1.75|home,spreads,Independiente Reserve,1.75,home,1.05,1.05,"[""Betfair Exchange""]","[""odds_api_io""]",1,,
soccer|independiente reserves|newells old boys|2026-06-02,spreads|newells old boys|-1.75|away,spreads,Newells Old Boys,-1.75,away,12.9,12.9,"[""Betfair Exchange""]","[""odds_api_io""]",1,,
soccer|independiente reserves|newells old boys|2026-06-02,spreads|independiente reserve|2.75|home,spreads,Independiente Reserve,2.75,home,1.01,1.01,"[""Betfair Exchange""]","[""odds_api_io""]",1,,
soccer|independiente reserves|newells old boys|2026-06-02,spreads|newells old boys|-2.75|away,spreads,Newells Old Boys,-2.75,away,42.75,42.75,"[""Betfair Exchange""]","[""odds_api_io""]",1,,
soccer|independiente reserves|newells old boys|2026-06-02,spreads|independiente reserve|2.00|home,spreads,Independiente Reserve,2.0,home,1.08,1.0491,"[""Betfair Exchange""]","[""odds_api_io""]",2,5.447,
soccer|independiente reserves|newells old boys|2026-06-02,spreads|newells old boys|-2.00|away,spreads,Newells Old Boys,-2.0,away,27.0,25.9454,"[""Betfair Exchange""]","[""odds_api_io""]",2,0.301,
soccer|independiente reserves|newells old boys|2026-06-02,spreads|independiente reserve|2.25|home,spreads,Independiente Reserve,2.25,home,1.02,1.02,"[""Betfair Exchange""]","[""odds_api_io""]",1,,
soccer|independiente reserves|newells old boys|2026-06-02,spreads|newells old boys|-2.25|away,spreads,Newells Old Boys,-2.25,away,25.98,25.98,"[""Betfair Exchange""]","[""odds_api_io""]",1,,
soccer|independiente reserves|newells old boys|2026-06-02,spreads|independiente reserve|2.50|home,spreads,Independiente Reserve,2.5,home,1.02,1.02,"[""Betfair Exchange""]","[""odds_api_io""]",1,,
soccer|independiente reserves|newells old boys|2026-06-02,spreads|newells old boys|-2.50|away,spreads,Newells Old Boys,-2.5,away,27.0,27.0,"[""Betfair Exchange""]","[""odds_api_io""]",1,,
soccer|independiente reserves|newells old boys|2026-06-02,spreads|independiente reserve|-3.25|home,spreads,Independiente Reserve,-3.25,home,44.68,44.68,"[""Betfair Exchange""]","[""odds_api_io""]",1,,
soccer|independiente reserves|newells old boys|2026-06-02,spreads|newells old boys|3.25|away,spreads,Newells Old Boys,3.25,away,1.01,1.01,"[""Betfair Exchange""]","[""odds_api_io""]",1,,
soccer|independiente reserves|newells old boys|2026-06-02,spreads|independiente reserve|-3.00|home,spreads,Independiente Reserve,-3.0,home,46.0,44.6463,"[""Betfair Exchange""]","[""odds_api_io""]",2,0.132,
soccer|independiente reserves|newells old boys|2026-06-02,spreads|newells old boys|3.00|away,spreads,Newells Old Boys,3.0,away,1.05,1.0296,"[""Betfair Exchange""]","[""odds_api_io""]",2,3.772,
soccer|independiente reserves|newells old boys|2026-06-02,spreads|independiente reserve|-3.50|home,spreads,Independiente Reserve,-3.5,home,46.0,46.0,"[""Betfair Exchange""]","[""odds_api_io""]",1,,
soccer|independiente reserves|newells old boys|2026-06-02,spreads|newells old boys|3.50|away,spreads,Newells Old Boys,3.5,away,1.01,1.01,"[""Betfair Exchange""]","[""odds_api_io""]",1,,
soccer|independiente reserves|newells old boys|2026-06-02,totals|over|1.00|,totals,Over,1.0,,1.11,1.11,"[""Betfair Exchange""]","[""odds_api_io""]",1,,
soccer|independiente reserves|newells old boys|2026-06-02,totals|under|1.00|,totals,Under,1.0,,6.63,6.63,"[""Betfair Exchange""]","[""odds_api_io""]",1,,
soccer|independiente reserves|newells old boys|2026-06-02,totals|over|0.75|,totals,Over,0.75,,1.1,1.1,"[""Betfair Exchange""]","[""odds_api_io""]",1,,
soccer|independiente reserves|newells old boys|2026-06-02,totals|under|0.75|,totals,Under,0.75,,7.35,7.35,"[""Betfair Exchange""]","[""odds_api_io""]",1,,
soccer|independiente reserves|newells old boys|2026-06-02,totals|over|3.75|,totals,Over,3.75,,5.59,5.59,"[""Betfair Exchange""]","[""odds_api_io""]",1,,
soccer|independiente reserves|newells old boys|2026-06-02,totals|under|3.75|,totals,Under,3.75,,1.15,1.15,"[""Betfair Exchange""]","[""odds_api_io""]",1,,
soccer|independiente reserves|newells old boys|2026-06-02,totals|over|4.25|,totals,Over,4.25,,8.99,8.99,"[""Betfair Exchange""]","[""odds_api_io""]",1,,
soccer|independiente reserves|newells old boys|2026-06-02,totals|under|4.25|,totals,Under,4.25,,1.1,1.1,"[""Betfair Exchange""]","[""odds_api_io""]",1,,
soccer|independiente reserves|newells old boys|2026-06-02,totals|over|4.00|,totals,Over,4.0,,8.38,8.38,"[""Betfair Exchange""]","[""odds_api_io""]",1,,
soccer|independiente reserves|newells old boys|2026-06-02,totals|under|4.00|,totals,Under,4.0,,1.1,1.1,"[""Betfair Exchange""]","[""odds_api_io""]",1,,
soccer|independiente reserves|newells old boys|2026-06-02,totals|over|4.50|,totals,Over,4.5,,9.6,9.6,"[""Betfair Exchange""]","[""odds_api_io""]",1,,
soccer|independiente reserves|newells old boys|2026-06-02,totals|under|4.50|,totals,Under,4.5,,1.1,1.1,"[""Betfair Exchange""]","[""odds_api_io""]",1,,
soccer|independiente reserves|newells old boys|2026-06-02,totals|over|1.75|,totals,Over,1.75,,1.5,1.5,"[""Betfair Exchange""]","[""odds_api_io""]",1,,
soccer|independiente reserves|newells old boys|2026-06-02,totals|under|1.75|,totals,Under,1.75,,2.62,2.62,"[""Betfair Exchange""]","[""odds_api_io""]",1,,
soccer|independiente reserves|newells old boys|2026-06-02,totals|over|2.75|,totals,Over,2.75,,2.67,2.67,"[""Betfair Exchange""]","[""odds_api_io""]",1,,
soccer|independiente reserves|newells old boys|2026-06-02,totals|under|2.75|,totals,Under,2.75,,1.5,1.5,"[""Betfair Exchange""]","[""odds_api_io""]",1,,
soccer|independiente reserves|newells old boys|2026-06-02,totals|over|3.25|,totals,Over,3.25,,3.88,3.88,"[""Betfair Exchange""]","[""odds_api_io""]",1,,
soccer|independiente reserves|newells old boys|2026-06-02,totals|under|3.25|,totals,Under,3.25,,1.31,1.31,"[""Betfair Exchange""]","[""odds_api_io""]",1,,
soccer|independiente reserves|newells old boys|2026-06-02,totals|over|2.00|,totals,Over,2.0,,1.66,1.66,"[""Betfair Exchange""]","[""odds_api_io""]",1,,
soccer|independiente reserves|newells old boys|2026-06-02,totals|under|2.00|,totals,Under,2.0,,2.26,2.26,"[""Betfair Exchange""]","[""odds_api_io""]",1,,
soccer|independiente reserves|newells old boys|2026-06-02,totals|over|3.00|,totals,Over,3.0,,3.43,3.43,"[""Betfair Exchange""]","[""odds_api_io""]",1,,
soccer|independiente reserves|newells old boys|2026-06-02,totals|under|3.00|,totals,Under,3.0,,1.35,1.35,"[""Betfair Exchange""]","[""odds_api_io""]",1,,
soccer|independiente reserves|newells old boys|2026-06-02,totals|over|6.25|,totals,Over,6.25,,64.08,64.08,"[""Betfair Exchange""]","[""odds_api_io""]",1,,
soccer|independiente reserves|newells old boys|2026-06-02,totals|under|6.25|,totals,Under,6.25,,1.01,1.01,"[""Betfair Exchange""]","[""odds_api_io""]",1,,
soccer|independiente reserves|newells old boys|2026-06-02,totals|over|5.25|,totals,Over,5.25,,22.3,22.3,"[""Betfair Exchange""]","[""odds_api_io""]",1,,
soccer|independiente reserves|newells old boys|2026-06-02,totals|under|5.25|,totals,Under,5.25,,1.03,1.03,"[""Betfair Exchange""]","[""odds_api_io""]",1,,
soccer|independiente reserves|newells old boys|2026-06-02,totals|over|5.75|,totals,Over,5.75,,33.5,33.5,"[""Betfair Exchange""]","[""odds_api_io""]",1,,
soccer|independiente reserves|newells old boys|2026-06-02,totals|under|5.75|,totals,Under,5.75,,1.01,1.01,"[""Betfair Exchange""]","[""odds_api_io""]",1,,
soccer|independiente reserves|newells old boys|2026-06-02,totals|over|6.00|,totals,Over,6.0,,63.17,63.17,"[""Betfair Exchange""]","[""odds_api_io""]",1,,
soccer|independiente reserves|newells old boys|2026-06-02,totals|under|6.00|,totals,Under,6.0,,1.01,1.01,"[""Betfair Exchange""]","[""odds_api_io""]",1,,
soccer|independiente reserves|newells old boys|2026-06-02,totals|over|5.00|,totals,Over,5.0,,21.6,21.6,"[""Betfair Exchange""]","[""odds_api_io""]",1,,
soccer|independiente reserves|newells old boys|2026-06-02,totals|under|5.00|,totals,Under,5.0,,1.03,1.03,"[""Betfair Exchange""]","[""odds_api_io""]",1,,
soccer|independiente reserves|newells old boys|2026-06-02,totals|over|5.50|,totals,Over,5.5,,23.0,23.0,"[""Betfair Exchange""]","[""odds_api_io""]",1,,
soccer|independiente reserves|newells old boys|2026-06-02,totals|under|5.50|,totals,Under,5.5,,1.03,1.03,"[""Betfair Exchange""]","[""odds_api_io""]",1,,
soccer|independiente reserves|newells old boys|2026-06-02,totals|over|6.50|,totals,Over,6.5,,65.0,65.0,"[""Betfair Exchange""]","[""odds_api_io""]",1,,
soccer|independiente reserves|newells old boys|2026-06-02,totals|under|6.50|,totals,Under,6.5,,1.01,1.01,"[""Betfair Exchange""]","[""odds_api_io""]",1,,
soccer|independiente reserves|newells old boys|2026-06-02,totals|over|4.75|,totals,Over,4.75,,13.13,13.13,"[""Betfair Exchange""]","[""odds_api_io""]",1,,
soccer|independiente reserves|newells old boys|2026-06-02,totals|under|4.75|,totals,Under,4.75,,1.05,1.05,"[""Betfair Exchange""]","[""odds_api_io""]",1,,
soccer|independiente reserves|newells old boys|2026-06-02,totals|over|1.25|,totals,Over,1.25,,1.26,1.26,"[""Betfair Exchange""]","[""odds_api_io""]",1,,
soccer|independiente reserves|newells old boys|2026-06-02,totals|under|1.25|,totals,Under,1.25,,4.29,4.29,"[""Betfair Exchange""]","[""odds_api_io""]",1,,
soccer|independiente reserves|newells old boys|2026-06-02,totals|over|0.50|,totals,Over,0.5,,1.09,1.09,"[""Betfair Exchange""]","[""odds_api_io""]",1,,
soccer|independiente reserves|newells old boys|2026-06-02,totals|under|0.50|,totals,Under,0.5,,9.4,9.4,"[""Betfair Exchange""]","[""odds_api_io""]",1,,
soccer|independiente reserves|newells old boys|2026-06-02,btts|yes||,btts,Yes,,,1.89,1.89,"[""Betfair Exchange""]","[""odds_api_io""]",1,,
soccer|independiente reserves|newells old boys|2026-06-02,btts|no||,btts,No,,,1.93,1.93,"[""Betfair Exchange""]","[""odds_api_io""]",1,,
soccer|independiente reserves|newells old boys|2026-06-02,spreads|independiente reserve|3.00|home,spreads,Independiente Reserve,3.0,home,1.02,1.02,"[""Betfair Exchange""]","[""odds_api_io""]",1,,
soccer|independiente reserves|newells old boys|2026-06-02,spreads|newells old boys|-3.00|away,spreads,Newells Old Boys,-3.0,away,110.0,110.0,"[""Betfair Exchange""]","[""odds_api_io""]",1,,
soccer|liverpool montevideo|progreso|2026-06-02,h2h|liverpool montevideo||home,h2h,Liverpool Montevideo,,home,2.36,2.3047,"[""Bet365"", ""Betfair Exchange""]","[""odds_api_io""]",2,2.072,
soccer|liverpool montevideo|progreso|2026-06-02,h2h|draw||,h2h,Draw,,,3.65,3.4694,"[""Bet365"", ""Betfair Exchange""]","[""odds_api_io""]",2,2.906,
soccer|liverpool montevideo|progreso|2026-06-02,h2h|progreso||away,h2h,Progreso,,away,3.05,3.0252,"[""Bet365"", ""Betfair Exchange""]","[""odds_api_io""]",2,0.546,
soccer|liverpool montevideo|progreso|2026-06-02,dnb|liverpool montevideo|0.00|home,dnb,Liverpool Montevideo,0.0,home,1.72,1.6435,"[""Bet365"", ""Betfair Exchange""]","[""odds_api_io""]",2,5.514,
soccer|liverpool montevideo|progreso|2026-06-02,dnb|progreso|0.00|away,dnb,Progreso,0.0,away,2.25,2.2346,"[""Bet365"", ""Betfair Exchange""]","[""odds_api_io""]",2,0.601,
soccer|liverpool montevideo|progreso|2026-06-02,spreads|liverpool montevideo|-0.25|home,spreads,Liverpool Montevideo,-0.25,home,2.04,2.0076,"[""Bet365"", ""Betfair Exchange""]","[""odds_api_io""]",2,1.613,
soccer|liverpool montevideo|progreso|2026-06-02,spreads|progreso|0.25|away,spreads,Progreso,0.25,away,1.86,1.8427,"[""Bet365"", ""Betfair Exchange""]","[""odds_api_io""]",2,1.031,
soccer|liverpool montevideo|progreso|2026-06-02,totals|over|2.75|,totals,Over,2.75,,2.0,1.9751,"[""Bet365"", ""Betfair Exchange""]","[""odds_api_io""]",2,1.282,
soccer|liverpool montevideo|progreso|2026-06-02,totals|under|2.75|,totals,Under,2.75,,1.88,1.8652,"[""Bet365"", ""Betfair Exchange""]","[""odds_api_io""]",2,0.863,
soccer|liverpool montevideo|progreso|2026-06-02,totals|over|2.50|,totals,Over,2.5,,1.8,1.7751,"[""Bet365"", ""Betfair Exchange""]","[""odds_api_io""]",2,1.587,
soccer|liverpool montevideo|progreso|2026-06-02,totals|under|2.50|,totals,Under,2.5,,2.12,2.085,"[""Bet365"", ""Betfair Exchange""]","[""odds_api_io""]",2,1.611,
soccer|liverpool montevideo|progreso|2026-06-02,spreads|liverpool montevideo|-2.25|home,spreads,Liverpool Montevideo,-2.25,home,9.54,8.0976,"[""Bet365"", ""Betfair Exchange""]","[""odds_api_io""]",2,3.804,
soccer|liverpool montevideo|progreso|2026-06-02,spreads|progreso|2.25|away,spreads,Progreso,2.25,away,1.1,1.0897,"[""Bet365"", ""Betfair Exchange""]","[""odds_api_io""]",2,1.684,
soccer|liverpool montevideo|progreso|2026-06-02,spreads|liverpool montevideo|-2.00|home,spreads,Liverpool Montevideo,-2.0,home,10.0,8.2839,"[""Bet365"", ""Betfair Exchange""]","[""odds_api_io""]",3,5.152,
soccer|liverpool montevideo|progreso|2026-06-02,spreads|progreso|2.00|away,spreads,Progreso,2.0,away,1.22,1.1376,"[""Bet365"", ""Betfair Exchange""]","[""odds_api_io""]",3,9.776,
soccer|liverpool montevideo|progreso|2026-06-02,spreads|liverpool montevideo|-1.75|home,spreads,Liverpool Montevideo,-1.75,home,6.02,5.2593,"[""Bet365"", ""Betfair Exchange""]","[""odds_api_io""]",2,4.894,
soccer|liverpool montevideo|progreso|2026-06-02,spreads|progreso|1.75|away,spreads,Progreso,1.75,away,1.18,1.1697,"[""Bet365"", ""Betfair Exchange""]","[""odds_api_io""]",2,1.461,
soccer|liverpool montevideo|progreso|2026-06-02,spreads|liverpool montevideo|-1.50|home,spreads,Liverpool Montevideo,-1.5,home,4.6,4.1093,"[""Bet365"", ""Betfair Exchange""]","[""odds_api_io""]",2,5.288,
soccer|liverpool montevideo|progreso|2026-06-02,spreads|progreso|1.50|away,spreads,Progreso,1.5,away,5.9,1.998,"[""Bet365"", ""Betfair Exchange""]","[""odds_api_io""]",2,65.018,
soccer|liverpool montevideo|progreso|2026-06-02,spreads|liverpool montevideo|-1.25|home,spreads,Liverpool Montevideo,-1.25,home,4.12,3.7614,"[""Bet365"", ""Betfair Exchange""]","[""odds_api_io""]",2,4.714,
soccer|liverpool montevideo|progreso|2026-06-02,spreads|progreso|1.25|away,spreads,Progreso,1.25,away,5.5,2.0272,"[""Bet365"", ""Betfair Exchange""]","[""odds_api_io""]",2,61.183,
soccer|liverpool montevideo|progreso|2026-06-02,spreads|liverpool montevideo|-1.00|home,spreads,Liverpool Montevideo,-1.0,home,4.6,3.6942,"[""Bet365"", ""Betfair Exchange""]","[""odds_api_io""]",3,10.519,
soccer|liverpool montevideo|progreso|2026-06-02,spreads|progreso|1.00|away,spreads,Progreso,1.0,away,5.25,1.9248,"[""Bet365"", ""Betfair Exchange""]","[""odds_api_io""]",3,56.71,
soccer|liverpool montevideo|progreso|2026-06-02,spreads|liverpool montevideo|-0.75|home,spreads,Liverpool Montevideo,-0.75,home,2.79,2.6397,"[""Bet365"", ""Betfair Exchange""]","[""odds_api_io""]",2,4.158,
soccer|liverpool montevideo|progreso|2026-06-02,spreads|progreso|0.75|away,spreads,Progreso,0.75,away,3.7,2.1081,"[""Bet365"", ""Betfair Exchange""]","[""odds_api_io""]",2,40.087,
soccer|liverpool montevideo|progreso|2026-06-02,spreads|liverpool montevideo|-0.50|home,spreads,Liverpool Montevideo,-0.5,home,2.36,2.252,"[""Bet365"", ""Betfair Exchange""]","[""odds_api_io""]",2,4.139,
soccer|liverpool montevideo|progreso|2026-06-02,spreads|progreso|0.50|away,spreads,Progreso,0.5,away,3.1,2.1589,"[""Bet365"", ""Betfair Exchange""]","[""odds_api_io""]",2,27.622,
soccer|liverpool montevideo|progreso|2026-06-02,spreads|liverpool montevideo|0.00|home,spreads,Liverpool Montevideo,0.0,home,1.72,1.6589,"[""Bet365"", ""Betfair Exchange""]","[""odds_api_io""]",2,4.36,
soccer|liverpool montevideo|progreso|2026-06-02,spreads|progreso|-0.00|away,spreads,Progreso,-0.0,away,2.3,2.2586,"[""Bet365"", ""Betfair Exchange""]","[""odds_api_io""]",2,1.567,
soccer|liverpool montevideo|progreso|2026-06-02,spreads|liverpool montevideo|0.25|home,spreads,Liverpool Montevideo,0.25,home,1.55,1.4992,"[""Bet365"", ""Betfair Exchange""]","[""odds_api_io""]",2,4.449,
soccer|liverpool montevideo|progreso|2026-06-02,spreads|progreso|-0.25|away,spreads,Progreso,-0.25,away,2.675,2.6519,"[""Bet365"", ""Betfair Exchange""]","[""odds_api_io""]",2,0.64,
soccer|liverpool montevideo|progreso|2026-06-02,spreads|liverpool montevideo|0.50|home,spreads,Liverpool Montevideo,0.5,home,1.44,1.3944,"[""Bet365"", ""Betfair Exchange""]","[""odds_api_io""]",2,4.63,
soccer|liverpool montevideo|progreso|2026-06-02,spreads|progreso|-0.50|away,spreads,Progreso,-0.5,away,3.05,2.1739,"[""Bet365"", ""Betfair Exchange""]","[""odds_api_io""]",2,26.915,
soccer|liverpool montevideo|progreso|2026-06-02,spreads|liverpool montevideo|0.75|home,spreads,Liverpool Montevideo,0.75,home,1.3,1.2801,"[""Bet365"", ""Betfair Exchange""]","[""odds_api_io""]",2,2.442,
soccer|liverpool montevideo|progreso|2026-06-02,spreads|progreso|-0.75|away,spreads,Progreso,-0.75,away,3.84,2.1746,"[""Bet365"", ""Betfair Exchange""]","[""odds_api_io""]",2,40.625,
soccer|liverpool montevideo|progreso|2026-06-02,spreads|liverpool montevideo|1.00|home,spreads,Liverpool Montevideo,1.0,home,1.44,1.2375,"[""Bet365"", ""Betfair Exchange""]","[""odds_api_io""]",3,17.512,
soccer|liverpool montevideo|progreso|2026-06-02,spreads|progreso|-1.00|away,spreads,Progreso,-1.0,away,6.6,2.8418,"[""Bet365"", ""Betfair Exchange""]","[""odds_api_io""]",3,58.923,
soccer|liverpool montevideo|progreso|2026-06-02,spreads|liverpool montevideo|1.25|home,spreads,Liverpool Montevideo,1.25,home,1.15,1.1397,"[""Bet365"", ""Betfair Exchange""]","[""odds_api_io""]",2,1.539,
soccer|liverpool montevideo|progreso|2026-06-02,spreads|progreso|-1.25|away,spreads,Progreso,-1.25,away,6.22,2.1764,"[""Bet365"", ""Betfair Exchange""]","[""odds_api_io""]",2,60.846,
soccer|liverpool montevideo|progreso|2026-06-02,spreads|liverpool montevideo|1.50|home,spreads,Liverpool Montevideo,1.5,home,1.13,1.1249,"[""Bet365"", ""Betfair Exchange""]","[""odds_api_io""]",2,0.79,
soccer|liverpool montevideo|progreso|2026-06-02,spreads|progreso|-1.50|away,spreads,Progreso,-1.5,away,6.79,2.1524,"[""Bet365"", ""Betfair Exchange""]","[""odds_api_io""]",2,64.638,
soccer|liverpool montevideo|progreso|2026-06-02,doubleChance|1x||,doubleChance,1X,,,1.44,1.44,"[""Betfair Exchange""]","[""odds_api_io""]",1,,
soccer|liverpool montevideo|progreso|2026-06-02,doubleChance|12||,doubleChance,12,,,1.34,1.34,"[""Betfair Exchange""]","[""odds_api_io""]",1,,
soccer|liverpool montevideo|progreso|2026-06-02,doubleChance|x2||,doubleChance,X2,,,1.67,1.67,"[""Betfair Exchange""]","[""odds_api_io""]",1,,
soccer|liverpool montevideo|progreso|2026-06-02,spreads|liverpool montevideo|-2.50|home,spreads,Liverpool Montevideo,-2.5,home,10.13,10.13,"[""Betfair Exchange""]","[""odds_api_io""]",1,,
soccer|liverpool montevideo|progreso|2026-06-02,spreads|progreso|2.50|away,spreads,Progreso,2.5,away,1.08,1.08,"[""Betfair Exchange""]","[""odds_api_io""]",1,,
soccer|liverpool montevideo|progreso|2026-06-02,spreads|liverpool montevideo|2.50|home,spreads,Liverpool Montevideo,2.5,home,1.03,1.03,"[""Betfair Exchange""]","[""odds_api_io""]",1,,
soccer|liverpool montevideo|progreso|2026-06-02,spreads|progreso|-2.50|away,spreads,Progreso,-2.5,away,17.33,17.33,"[""Betfair Exchange""]","[""odds_api_io""]",1,,
soccer|liverpool montevideo|progreso|2026-06-02,spreads|liverpool montevideo|2.25|home,spreads,Liverpool Montevideo,2.25,home,1.04,1.04,"[""Betfair Exchange""]","[""odds_api_io""]",1,,
soccer|liverpool montevideo|progreso|2026-06-02,spreads|progreso|-2.25|away,spreads,Progreso,-2.25,away,16.74,16.74,"[""Betfair Exchange""]","[""odds_api_io""]",1,,
soccer|liverpool montevideo|progreso|2026-06-02,spreads|liverpool montevideo|3.00|home,spreads,Liverpool Montevideo,3.0,home,1.03,1.0199,"[""Betfair Exchange""]","[""odds_api_io""]",2,1.923,
soccer|liverpool montevideo|progreso|2026-06-02,spreads|progreso|-3.00|away,spreads,Progreso,-3.0,away,60.0,58.8275,"[""Betfair Exchange""]","[""odds_api_io""]",2,0.066,
soccer|liverpool montevideo|progreso|2026-06-02,spreads|liverpool montevideo|-3.75|home,spreads,Liverpool Montevideo,-3.75,home,29.0,29.0,"[""Betfair Exchange""]","[""odds_api_io""]",1,,
soccer|liverpool montevideo|progreso|2026-06-02,spreads|progreso|3.75|away,spreads,Progreso,3.75,away,1.01,1.01,"[""Betfair Exchange""]","[""odds_api_io""]",1,,
soccer|liverpool montevideo|progreso|2026-06-02,spreads|liverpool montevideo|2.75|home,spreads,Liverpool Montevideo,2.75,home,1.02,1.02,"[""Betfair Exchange""]","[""odds_api_io""]",1,,
soccer|liverpool montevideo|progreso|2026-06-02,spreads|progreso|-2.75|away,spreads,Progreso,-2.75,away,26.35,26.35,"[""Betfair Exchange""]","[""odds_api_io""]",1,,
soccer|liverpool montevideo|progreso|2026-06-02,spreads|liverpool montevideo|1.75|home,spreads,Liverpool Montevideo,1.75,home,1.08,1.08,"[""Betfair Exchange""]","[""odds_api_io""]",1,,
soccer|liverpool montevideo|progreso|2026-06-02,spreads|progreso|-1.75|away,spreads,Progreso,-1.75,away,9.49,9.49,"[""Betfair Exchange""]","[""odds_api_io""]",1,,
soccer|liverpool montevideo|progreso|2026-06-02,spreads|liverpool montevideo|3.25|home,spreads,Liverpool Montevideo,3.25,home,1.01,1.01,"[""Betfair Exchange""]","[""odds_api_io""]",1,,
soccer|liverpool montevideo|progreso|2026-06-02,spreads|progreso|-3.25|away,spreads,Progreso,-3.25,away,58.85,58.85,"[""Betfair Exchange""]","[""odds_api_io""]",1,,
soccer|liverpool montevideo|progreso|2026-06-02,spreads|liverpool montevideo|-3.25|home,spreads,Liverpool Montevideo,-3.25,home,28.06,28.06,"[""Betfair Exchange""]","[""odds_api_io""]",1,,
soccer|liverpool montevideo|progreso|2026-06-02,spreads|progreso|3.25|away,spreads,Progreso,3.25,away,1.02,1.02,"[""Betfair Exchange""]","[""odds_api_io""]",1,,
soccer|liverpool montevideo|progreso|2026-06-02,spreads|liverpool montevideo|-3.50|home,spreads,Liverpool Montevideo,-3.5,home,29.0,29.0,"[""Betfair Exchange""]","[""odds_api_io""]",1,,
soccer|liverpool montevideo|progreso|2026-06-02,spreads|progreso|3.50|away,spreads,Progreso,3.5,away,1.02,1.02,"[""Betfair Exchange""]","[""odds_api_io""]",1,,
soccer|liverpool montevideo|progreso|2026-06-02,spreads|liverpool montevideo|-2.75|home,spreads,Liverpool Montevideo,-2.75,home,14.53,14.53,"[""Betfair Exchange""]","[""odds_api_io""]",1,,
soccer|liverpool montevideo|progreso|2026-06-02,spreads|progreso|2.75|away,spreads,Progreso,2.75,away,1.05,1.05,"[""Betfair Exchange""]","[""odds_api_io""]",1,,
soccer|liverpool montevideo|progreso|2026-06-02,spreads|liverpool montevideo|2.00|home,spreads,Liverpool Montevideo,2.0,home,1.12,1.0785,"[""Betfair Exchange""]","[""odds_api_io""]",2,6.868,
soccer|liverpool montevideo|progreso|2026-06-02,spreads|progreso|-2.00|away,spreads,Progreso,-2.0,away,17.0,16.4583,"[""Betfair Exchange""]","[""odds_api_io""]",2,0.387,
soccer|liverpool montevideo|progreso|2026-06-02,spreads|liverpool montevideo|-3.00|home,spreads,Liverpool Montevideo,-3.0,home,29.0,28.0338,"[""Betfair Exchange""]","[""odds_api_io""]",2,0.238,
soccer|liverpool montevideo|progreso|2026-06-02,spreads|progreso|3.00|away,spreads,Progreso,3.0,away,1.08,1.0491,"[""Betfair Exchange""]","[""odds_api_io""]",2,5.447,
soccer|liverpool montevideo|progreso|2026-06-02,spreads|liverpool montevideo|3.50|home,spreads,Liverpool Montevideo,3.5,home,1.01,1.01,"[""Betfair Exchange""]","[""odds_api_io""]",1,,
soccer|liverpool montevideo|progreso|2026-06-02,spreads|progreso|-3.50|away,spreads,Progreso,-3.5,away,60.0,60.0,"[""Betfair Exchange""]","[""odds_api_io""]",1,,
soccer|liverpool montevideo|progreso|2026-06-02,totals|over|2.25|,totals,Over,2.25,,1.59,1.59,"[""Betfair Exchange""]","[""odds_api_io""]",1,,
soccer|liverpool montevideo|progreso|2026-06-02,totals|under|2.25|,totals,Under,2.25,,2.44,2.44,"[""Betfair Exchange""]","[""odds_api_io""]",1,,
soccer|liverpool montevideo|progreso|2026-06-02,totals|over|1.00|,totals,Over,1.0,,1.06,1.06,"[""Betfair Exchange""]","[""odds_api_io""]",1,,
soccer|liverpool montevideo|progreso|2026-06-02,totals|under|1.00|,totals,Under,1.0,,11.66,11.66,"[""Betfair Exchange""]","[""odds_api_io""]",1,,
soccer|liverpool montevideo|progreso|2026-06-02,totals|over|0.50|,totals,Over,0.5,,1.05,1.05,"[""Betfair Exchange""]","[""odds_api_io""]",1,,
soccer|liverpool montevideo|progreso|2026-06-02,totals|under|0.50|,totals,Under,0.5,,15.28,15.28,"[""Betfair Exchange""]","[""odds_api_io""]",1,,
soccer|liverpool montevideo|progreso|2026-06-02,totals|over|0.75|,totals,Over,0.75,,1.05,1.05,"[""Betfair Exchange""]","[""odds_api_io""]",1,,
soccer|liverpool montevideo|progreso|2026-06-02,totals|under|0.75|,totals,Under,0.75,,12.76,12.76,"[""Betfair Exchange""]","[""odds_api_io""]",1,,
soccer|liverpool montevideo|progreso|2026-06-02,totals|over|1.75|,totals,Over,1.75,,1.3,1.3,"[""Betfair Exchange""]","[""odds_api_io""]",1,,
soccer|liverpool montevideo|progreso|2026-06-02,totals|under|1.75|,totals,Under,1.75,,3.45,3.45,"[""Betfair Exchange""]","[""odds_api_io""]",1,,
soccer|liverpool montevideo|progreso|2026-06-02,totals|over|2.00|,totals,Over,2.0,,1.37,1.37,"[""Betfair Exchange""]","[""odds_api_io""]",1,,
soccer|liverpool montevideo|progreso|2026-06-02,totals|under|2.00|,totals,Under,2.0,,3.03,3.03,"[""Betfair Exchange""]","[""odds_api_io""]",1,,
soccer|liverpool montevideo|progreso|2026-06-02,totals|over|5.75|,totals,Over,5.75,,19.72,19.72,"[""Betfair Exchange""]","[""odds_api_io""]",1,,
soccer|liverpool montevideo|progreso|2026-06-02,totals|under|5.75|,totals,Under,5.75,,1.04,1.04,"[""Betfair Exchange""]","[""odds_api_io""]",1,,
soccer|liverpool montevideo|progreso|2026-06-02,totals|over|5.00|,totals,Over,5.0,,12.66,12.66,"[""Betfair Exchange""]","[""odds_api_io""]",1,,
soccer|liverpool montevideo|progreso|2026-06-02,totals|under|5.00|,totals,Under,5.0,,1.06,1.06,"[""Betfair Exchange""]","[""odds_api_io""]",1,,
soccer|liverpool montevideo|progreso|2026-06-02,totals|over|5.25|,totals,Over,5.25,,13.33,13.33,"[""Betfair Exchange""]","[""odds_api_io""]",1,,
soccer|liverpool montevideo|progreso|2026-06-02,totals|under|5.25|,totals,Under,5.25,,1.06,1.06,"[""Betfair Exchange""]","[""odds_api_io""]",1,,
soccer|liverpool montevideo|progreso|2026-06-02,totals|over|1.50|,totals,Over,1.5,,1.26,1.26,"[""Betfair Exchange""]","[""odds_api_io""]",1,,
soccer|liverpool montevideo|progreso|2026-06-02,totals|under|1.50|,totals,Under,1.5,,4.33,4.33,"[""Betfair Exchange""]","[""odds_api_io""]",1,,
soccer|liverpool montevideo|progreso|2026-06-02,totals|over|1.25|,totals,Over,1.25,,1.16,1.16,"[""Betfair Exchange""]","[""odds_api_io""]",1,,
soccer|liverpool montevideo|progreso|2026-06-02,totals|under|1.25|,totals,Under,1.25,,6.07,6.07,"[""Betfair Exchange""]","[""odds_api_io""]",1,,
soccer|liverpool montevideo|progreso|2026-06-02,totals|over|5.50|,totals,Over,5.5,,14.0,14.0,"[""Betfair Exchange""]","[""odds_api_io""]",1,,
soccer|liverpool montevideo|progreso|2026-06-02,totals|under|5.50|,totals,Under,5.5,,1.06,1.06,"[""Betfair Exchange""]","[""odds_api_io""]",1,,
soccer|liverpool montevideo|progreso|2026-06-02,totals|over|4.75|,totals,Over,4.75,,8.0,8.0,"[""Betfair Exchange""]","[""odds_api_io""]",1,,
soccer|liverpool montevideo|progreso|2026-06-02,totals|under|4.75|,totals,Under,4.75,,1.11,1.11,"[""Betfair Exchange""]","[""odds_api_io""]",1,,
soccer|liverpool montevideo|progreso|2026-06-02,totals|over|3.75|,totals,Over,3.75,,3.66,3.66,"[""Betfair Exchange""]","[""odds_api_io""]",1,,
soccer|liverpool montevideo|progreso|2026-06-02,totals|under|3.75|,totals,Under,3.75,,1.29,1.29,"[""Betfair Exchange""]","[""odds_api_io""]",1,,
soccer|liverpool montevideo|progreso|2026-06-02,totals|over|3.00|,totals,Over,3.0,,2.33,2.33,"[""Betfair Exchange""]","[""odds_api_io""]",1,,
soccer|liverpool montevideo|progreso|2026-06-02,totals|under|3.00|,totals,Under,3.0,,1.65,1.65,"[""Betfair Exchange""]","[""odds_api_io""]",1,,
soccer|liverpool montevideo|progreso|2026-06-02,totals|over|4.00|,totals,Over,4.0,,5.0,5.0,"[""Betfair Exchange""]","[""odds_api_io""]",1,,
soccer|liverpool montevideo|progreso|2026-06-02,totals|under|4.00|,totals,Under,4.0,,1.2,1.2,"[""Betfair Exchange""]","[""odds_api_io""]",1,,
soccer|liverpool montevideo|progreso|2026-06-02,totals|over|3.50|,totals,Over,3.5,,3.0,3.0,"[""Betfair Exchange""]","[""odds_api_io""]",1,,
soccer|liverpool montevideo|progreso|2026-06-02,totals|under|3.50|,totals,Under,3.5,,1.45,1.45,"[""Betfair Exchange""]","[""odds_api_io""]",1,,
soccer|liverpool montevideo|progreso|2026-06-02,totals|over|3.25|,totals,Over,3.25,,2.66,2.66,"[""Betfair Exchange""]","[""odds_api_io""]",1,,
soccer|liverpool montevideo|progreso|2026-06-02,totals|under|3.25|,totals,Under,3.25,,1.53,1.53,"[""Betfair Exchange""]","[""odds_api_io""]",1,,
soccer|liverpool montevideo|progreso|2026-06-02,totals|over|4.25|,totals,Over,4.25,,5.5,5.5,"[""Betfair Exchange""]","[""odds_api_io""]",1,,
soccer|liverpool montevideo|progreso|2026-06-02,totals|under|4.25|,totals,Under,4.25,,1.18,1.18,"[""Betfair Exchange""]","[""odds_api_io""]",1,,
soccer|liverpool montevideo|progreso|2026-06-02,totals|over|4.50|,totals,Over,4.5,,6.0,6.0,"[""Betfair Exchange""]","[""odds_api_io""]",1,,
soccer|liverpool montevideo|progreso|2026-06-02,totals|under|4.50|,totals,Under,4.5,,1.17,1.17,"[""Betfair Exchange""]","[""odds_api_io""]",1,,
soccer|liverpool montevideo|progreso|2026-06-02,totals|over|6.00|,totals,Over,6.0,,34.42,34.42,"[""Betfair Exchange""]","[""odds_api_io""]",1,,
soccer|liverpool montevideo|progreso|2026-06-02,totals|under|6.00|,totals,Under,6.0,,1.01,1.01,"[""Betfair Exchange""]","[""odds_api_io""]",1,,
soccer|liverpool montevideo|progreso|2026-06-02,btts|yes||,btts,Yes,,,1.67,1.67,"[""Betfair Exchange""]","[""odds_api_io""]",1,,
soccer|liverpool montevideo|progreso|2026-06-02,btts|no||,btts,No,,,2.36,2.36,"[""Betfair Exchange""]","[""odds_api_io""]",1,,
soccer|cedar stars|new jersey copa|2026-06-02,h2h|new jersey copa fc||home,h2h,New Jersey Copa FC,,home,2.875,2.875,"[""Bet365""]","[""odds_api_io""]",1,,
soccer|cedar stars|new jersey copa|2026-06-02,h2h|draw||,h2h,Draw,,,3.6,3.6,"[""Bet365""]","[""odds_api_io""]",1,,
soccer|cedar stars|new jersey copa|2026-06-02,h2h|cedar stars||away,h2h,Cedar Stars,,away,2.05,2.05,"[""Bet365""]","[""odds_api_io""]",1,,
soccer|cedar stars|new jersey copa|2026-06-02,dnb|new jersey copa fc|0.00|home,dnb,New Jersey Copa FC,0.0,home,2.2,2.2,"[""Bet365""]","[""odds_api_io""]",1,,
soccer|cedar stars|new jersey copa|2026-06-02,dnb|cedar stars|0.00|away,dnb,Cedar Stars,0.0,away,1.615,1.615,"[""Bet365""]","[""odds_api_io""]",1,,
soccer|cedar stars|new jersey copa|2026-06-02,spreads|new jersey copa fc|0.25|home,spreads,New Jersey Copa FC,0.25,home,1.925,1.925,"[""Bet365""]","[""odds_api_io""]",1,,
soccer|cedar stars|new jersey copa|2026-06-02,spreads|cedar stars|-0.25|away,spreads,Cedar Stars,-0.25,away,1.875,1.875,"[""Bet365""]","[""odds_api_io""]",1,,
soccer|cedar stars|new jersey copa|2026-06-02,totals|over|3.00|,totals,Over,3.0,,1.8,1.8,"[""Bet365""]","[""odds_api_io""]",1,,
soccer|cedar stars|new jersey copa|2026-06-02,totals|under|3.00|,totals,Under,3.0,,2.0,2.0,"[""Bet365""]","[""odds_api_io""]",1,,
soccer|cedar stars|new jersey copa|2026-06-02,totals|over|2.50|,totals,Over,2.5,,1.533,1.533,"[""Bet365""]","[""odds_api_io""]",1,,
soccer|cedar stars|new jersey copa|2026-06-02,totals|under|2.50|,totals,Under,2.5,,2.375,2.375,"[""Bet365""]","[""odds_api_io""]",1,,
soccer|cuenca|la union|2026-06-02,h2h|club la union||home,h2h,Club La Union,,home,4.5,3.694,"[""Bet365"", ""Betfair Exchange""]","[""odds_api_io""]",2,9.524,
soccer|cuenca|la union|2026-06-02,h2h|draw||,h2h,Draw,,,3.0,2.8618,"[""Bet365"", ""Betfair Exchange""]","[""odds_api_io""]",2,3.163,
soccer|cuenca|la union|2026-06-02,h2h|cd cuenca||away,h2h,CD Cuenca,,away,1.8,1.6751,"[""Bet365"", ""Betfair Exchange""]","[""odds_api_io""]",2,8.139,
soccer|cuenca|la union|2026-06-02,dnb|club la union|0.00|home,dnb,Club La Union,0.0,home,3.4,2.6611,"[""Bet365"", ""Betfair Exchange""]","[""odds_api_io""]",2,16.043,
soccer|cuenca|la union|2026-06-02,dnb|cd cuenca|0.00|away,dnb,CD Cuenca,0.0,away,1.3,1.2846,"[""Bet365"", ""Betfair Exchange""]","[""odds_api_io""]",2,1.817,
soccer|cuenca|la union|2026-06-02,spreads|club la union|0.50|home,spreads,Club La Union,0.5,home,1.975,1.7768,"[""Bet365"", ""Betfair Exchange""]","[""odds_api_io""]",2,11.095,
soccer|cuenca|la union|2026-06-02,spreads|cd cuenca|-0.50|away,spreads,CD Cuenca,-0.5,away,1.825,1.6856,"[""Bet365"", ""Betfair Exchange""]","[""odds_api_io""]",2,8.9,
soccer|cuenca|la union|2026-06-02,totals|over|2.25|,totals,Over,2.25,,2.05,1.4068,"[""Bet365"", ""Betfair Exchange""]","[""odds_api_io""]",2,43.812,
soccer|cuenca|la union|2026-06-02,totals|under|2.25|,totals,Under,2.25,,1.75,1.4539,"[""Bet365"", ""Betfair Exchange""]","[""odds_api_io""]",2,22.857,
soccer|cuenca|la union|2026-06-02,totals|over|2.50|,totals,Over,2.5,,2.35,1.4794,"[""Bet365"", ""Betfair Exchange""]","[""odds_api_io""]",2,49.19,
soccer|cuenca|la union|2026-06-02,totals|under|2.50|,totals,Under,2.5,,1.571,1.3956,"[""Bet365"", ""Betfair Exchange""]","[""odds_api_io""]",2,15.711,
soccer|cuenca|la union|2026-06-02,spreads|club la union|-0.75|home,spreads,Club La Union,-0.75,home,6.0,4.1079,"[""Bet365"", ""Betfair Exchange""]","[""odds_api_io""]",2,15.079,
soccer|cuenca|la union|2026-06-02,spreads|cd cuenca|0.75|away,spreads,CD Cuenca,0.75,away,2.075,1.4298,"[""Bet365"", ""Betfair Exchange""]","[""odds_api_io""]",2,42.716,
soccer|cuenca|la union|2026-06-02,spreads|club la union|-0.50|home,spreads,Club La Union,-0.5,home,4.5,3.694,"[""Bet365"", ""Betfair Exchange""]","[""odds_api_io""]",2,9.524,
soccer|cuenca|la union|2026-06-02,spreads|cd cuenca|0.50|away,spreads,CD Cuenca,0.5,away,1.2,1.1951,"[""Bet365"", ""Betfair Exchange""]","[""odds_api_io""]",2,0.7,
soccer|cuenca|la union|2026-06-02,spreads|club la union|-0.25|home,spreads,Club La Union,-0.25,home,3.9,3.1591,"[""Bet365"", ""Betfair Exchange""]","[""odds_api_io""]",2,11.812,
soccer|cuenca|la union|2026-06-02,spreads|cd cuenca|0.25|away,spreads,CD Cuenca,0.25,away,1.575,1.3718,"[""Bet365"", ""Betfair Exchange""]","[""odds_api_io""]",2,18.475,
soccer|cuenca|la union|2026-06-02,spreads|club la union|0.00|home,spreads,Club La Union,0.0,home,3.3,2.6304,"[""Bet365"", ""Betfair Exchange""]","[""odds_api_io""]",2,15.152,
soccer|cuenca|la union|2026-06-02,spreads|cd cuenca|-0.00|away,spreads,CD Cuenca,-0.0,away,1.325,1.2964,"[""Bet365"", ""Betfair Exchange""]","[""odds_api_io""]",2,3.268,
soccer|cuenca|la union|2026-06-02,spreads|club la union|0.25|home,spreads,Club La Union,0.25,home,2.35,2.0401,"[""Bet365"", ""Betfair Exchange""]","[""odds_api_io""]",2,12.695,
soccer|cuenca|la union|2026-06-02,spreads|cd cuenca|-0.25|away,spreads,CD Cuenca,-0.25,away,1.42,1.3255,"[""Bet365"", ""Betfair Exchange""]","[""odds_api_io""]",2,10.223,
soccer|cuenca|la union|2026-06-02,spreads|club la union|0.75|home,spreads,Club La Union,0.75,home,1.725,1.4854,"[""Bet365"", ""Betfair Exchange""]","[""odds_api_io""]",2,18.365,
soccer|cuenca|la union|2026-06-02,spreads|cd cuenca|-0.75|away,spreads,CD Cuenca,-0.75,away,1.57,1.3147,"[""Bet365"", ""Betfair Exchange""]","[""odds_api_io""]",2,25.195,
soccer|cuenca|la union|2026-06-02,spreads|club la union|1.00|home,spreads,Club La Union,1.0,home,1.62,1.3235,"[""Bet365"", ""Betfair Exchange""]","[""odds_api_io""]",3,37.282,
soccer|cuenca|la union|2026-06-02,spreads|cd cuenca|-1.00|away,spreads,CD Cuenca,-1.0,away,2.425,1.8986,"[""Bet365"", ""Betfair Exchange""]","[""odds_api_io""]",2,22.457,
soccer|cuenca|la union|2026-06-02,spreads|club la union|1.25|home,spreads,Club La Union,1.25,home,1.4,1.17,"[""Bet365"", ""Betfair Exchange""]","[""odds_api_io""]",2,27.581,
soccer|cuenca|la union|2026-06-02,spreads|cd cuenca|-1.25|away,spreads,CD Cuenca,-1.25,away,2.85,2.0141,"[""Bet365"", ""Betfair Exchange""]","[""odds_api_io""]",2,28.607,
soccer|cuenca|la union|2026-06-02,spreads|club la union|1.50|home,spreads,Club La Union,1.5,home,1.35,1.1525,"[""Bet365"", ""Betfair Exchange""]","[""odds_api_io""]",2,24.936,
soccer|cuenca|la union|2026-06-02,spreads|cd cuenca|-1.50|away,spreads,CD Cuenca,-1.5,away,3.1,2.072,"[""Bet365"", ""Betfair Exchange""]","[""odds_api_io""]",2,31.436,
soccer|cuenca|la union|2026-06-02,spreads|club la union|1.75|home,spreads,Club La Union,1.75,home,1.24,1.1112,"[""Bet365"", ""Betfair Exchange""]","[""odds_api_io""]",2,18.365,
soccer|cuenca|la union|2026-06-02,spreads|cd cuenca|-1.75|away,spreads,CD Cuenca,-1.75,away,3.9,2.2216,"[""Bet365"", ""Betfair Exchange""]","[""odds_api_io""]",2,38.053,
soccer|cuenca|la union|2026-06-02,spreads|club la union|2.00|home,spreads,Club La Union,2.0,home,1.15,1.0742,"[""Bet365"", ""Betfair Exchange""]","[""odds_api_io""]",2,12.053,
soccer|cuenca|la union|2026-06-02,spreads|cd cuenca|-2.00|away,spreads,CD Cuenca,-2.0,away,5.5,2.4183,"[""Bet365"", ""Betfair Exchange""]","[""odds_api_io""]",2,45.512,
soccer|cuenca|la union|2026-06-02,spreads|club la union|2.25|home,spreads,Club La Union,2.25,home,1.13,1.0655,"[""Bet365"", ""Betfair Exchange""]","[""odds_api_io""]",2,10.514,
soccer|cuenca|la union|2026-06-02,spreads|cd cuenca|-2.25|away,spreads,CD Cuenca,-2.25,away,5.9,2.4542,"[""Bet365"", ""Betfair Exchange""]","[""odds_api_io""]",2,46.745,
soccer|cuenca|la union|2026-06-02,spreads|club la union|2.50|home,spreads,Club La Union,2.5,home,1.115,1.059,"[""Bet365"", ""Betfair Exchange""]","[""odds_api_io""]",2,9.324,
soccer|cuenca|la union|2026-06-02,spreads|cd cuenca|-2.50|away,spreads,CD Cuenca,-2.5,away,6.4,2.494,"[""Bet365"", ""Betfair Exchange""]","[""odds_api_io""]",2,48.069,
soccer|cuenca|la union|2026-06-02,doubleChance|1x||,doubleChance,1X,,,1.62,1.62,"[""Betfair Exchange""]","[""odds_api_io""]",1,,
soccer|cuenca|la union|2026-06-02,doubleChance|12||,doubleChance,12,,,1.23,1.23,"[""Betfair Exchange""]","[""odds_api_io""]",1,,
soccer|cuenca|la union|2026-06-02,doubleChance|x2||,doubleChance,X2,,,1.2,1.2,"[""Betfair Exchange""]","[""odds_api_io""]",1,,
soccer|cuenca|la union|2026-06-02,spreads|club la union|3.00|home,spreads,Club La Union,3.0,home,1.01,1.01,"[""Betfair Exchange""]","[""odds_api_io""]",1,,
soccer|cuenca|la union|2026-06-02,spreads|cd cuenca|-3.00|away,spreads,CD Cuenca,-3.0,away,1.57,1.57,"[""Betfair Exchange""]","[""odds_api_io""]",1,,
soccer|cuenca|la union|2026-06-02,spreads|club la union|2.75|home,spreads,Club La Union,2.75,home,1.01,1.01,"[""Betfair Exchange""]","[""odds_api_io""]",1,,
soccer|cuenca|la union|2026-06-02,spreads|cd cuenca|-2.75|away,spreads,CD Cuenca,-2.75,away,1.57,1.57,"[""Betfair Exchange""]","[""odds_api_io""]",1,,
soccer|cuenca|la union|2026-06-02,spreads|club la union|3.50|home,spreads,Club La Union,3.5,home,1.01,1.01,"[""Betfair Exchange""]","[""odds_api_io""]",1,,
soccer|cuenca|la union|2026-06-02,spreads|cd cuenca|-3.50|away,spreads,CD Cuenca,-3.5,away,1.57,1.57,"[""Betfair Exchange""]","[""odds_api_io""]",1,,
soccer|cuenca|la union|2026-06-02,spreads|club la union|3.25|home,spreads,Club La Union,3.25,home,1.01,1.01,"[""Betfair Exchange""]","[""odds_api_io""]",1,,
soccer|cuenca|la union|2026-06-02,spreads|cd cuenca|-3.25|away,spreads,CD Cuenca,-3.25,away,1.57,1.57,"[""Betfair Exchange""]","[""odds_api_io""]",1,,
soccer|cuenca|la union|2026-06-02,totals|over|5.00|,totals,Over,5.0,,1.01,1.01,"[""Betfair Exchange""]","[""odds_api_io""]",1,,
soccer|cuenca|la union|2026-06-02,totals|under|5.00|,totals,Under,5.0,,1.01,1.01,"[""Betfair Exchange""]","[""odds_api_io""]",1,,
soccer|cuenca|la union|2026-06-02,totals|over|5.75|,totals,Over,5.75,,13.26,13.26,"[""Betfair Exchange""]","[""odds_api_io""]",1,,
soccer|cuenca|la union|2026-06-02,totals|under|5.75|,totals,Under,5.75,,1.01,1.01,"[""Betfair Exchange""]","[""odds_api_io""]",1,,
soccer|cuenca|la union|2026-06-02,totals|over|3.00|,totals,Over,3.0,,1.09,1.09,"[""Betfair Exchange""]","[""odds_api_io""]",1,,
soccer|cuenca|la union|2026-06-02,totals|under|3.00|,totals,Under,3.0,,1.19,1.19,"[""Betfair Exchange""]","[""odds_api_io""]",1,,
soccer|cuenca|la union|2026-06-02,totals|over|5.50|,totals,Over,5.5,,8.69,8.69,"[""Betfair Exchange""]","[""odds_api_io""]",1,,
soccer|cuenca|la union|2026-06-02,totals|under|5.50|,totals,Under,5.5,,1.01,1.01,"[""Betfair Exchange""]","[""odds_api_io""]",1,,
soccer|cuenca|la union|2026-06-02,totals|over|1.25|,totals,Over,1.25,,1.07,1.07,"[""Betfair Exchange""]","[""odds_api_io""]",1,,
soccer|cuenca|la union|2026-06-02,totals|under|1.25|,totals,Under,1.25,,1.26,1.26,"[""Betfair Exchange""]","[""odds_api_io""]",1,,
soccer|cuenca|la union|2026-06-02,totals|over|4.50|,totals,Over,4.5,,8.14,8.14,"[""Betfair Exchange""]","[""odds_api_io""]",1,,
soccer|cuenca|la union|2026-06-02,totals|under|4.50|,totals,Under,4.5,,1.07,1.07,"[""Betfair Exchange""]","[""odds_api_io""]",1,,
soccer|cuenca|la union|2026-06-02,totals|over|6.75|,totals,Over,6.75,,17.66,17.66,"[""Betfair Exchange""]","[""odds_api_io""]",1,,
soccer|cuenca|la union|2026-06-02,totals|under|6.75|,totals,Under,6.75,,1.01,1.01,"[""Betfair Exchange""]","[""odds_api_io""]",1,,
soccer|cuenca|la union|2026-06-02,totals|over|1.75|,totals,Over,1.75,,1.08,1.08,"[""Betfair Exchange""]","[""odds_api_io""]",1,,
soccer|cuenca|la union|2026-06-02,totals|under|1.75|,totals,Under,1.75,,1.25,1.25,"[""Betfair Exchange""]","[""odds_api_io""]",1,,
soccer|cuenca|la union|2026-06-02,totals|over|1.00|,totals,Over,1.0,,1.08,1.08,"[""Betfair Exchange""]","[""odds_api_io""]",1,,
soccer|cuenca|la union|2026-06-02,totals|under|1.00|,totals,Under,1.0,,1.26,1.26,"[""Betfair Exchange""]","[""odds_api_io""]",1,,
soccer|cuenca|la union|2026-06-02,totals|over|7.50|,totals,Over,7.5,,1.21,1.21,"[""Betfair Exchange""]","[""odds_api_io""]",1,,
soccer|cuenca|la union|2026-06-02,totals|under|7.50|,totals,Under,7.5,,1.01,1.01,"[""Betfair Exchange""]","[""odds_api_io""]",1,,
soccer|cuenca|la union|2026-06-02,totals|over|3.50|,totals,Over,3.5,,1.14,1.14,"[""Betfair Exchange""]","[""odds_api_io""]",1,,
soccer|cuenca|la union|2026-06-02,totals|under|3.50|,totals,Under,3.5,,1.19,1.19,"[""Betfair Exchange""]","[""odds_api_io""]",1,,
soccer|cuenca|la union|2026-06-02,totals|over|0.75|,totals,Over,0.75,,1.08,1.08,"[""Betfair Exchange""]","[""odds_api_io""]",1,,
soccer|cuenca|la union|2026-06-02,totals|under|0.75|,totals,Under,0.75,,1.26,1.26,"[""Betfair Exchange""]","[""odds_api_io""]",1,,
soccer|cuenca|la union|2026-06-02,totals|over|6.00|,totals,Over,6.0,,9.33,9.33,"[""Betfair Exchange""]","[""odds_api_io""]",1,,
soccer|cuenca|la union|2026-06-02,totals|under|6.00|,totals,Under,6.0,,1.01,1.01,"[""Betfair Exchange""]","[""odds_api_io""]",1,,
soccer|cuenca|la union|2026-06-02,totals|over|4.00|,totals,Over,4.0,,2.14,2.14,"[""Betfair Exchange""]","[""odds_api_io""]",1,,
soccer|cuenca|la union|2026-06-02,totals|under|4.00|,totals,Under,4.0,,1.07,1.07,"[""Betfair Exchange""]","[""odds_api_io""]",1,,
soccer|cuenca|la union|2026-06-02,totals|over|2.00|,totals,Over,2.0,,1.08,1.08,"[""Betfair Exchange""]","[""odds_api_io""]",1,,
soccer|cuenca|la union|2026-06-02,totals|under|2.00|,totals,Under,2.0,,1.25,1.25,"[""Betfair Exchange""]","[""odds_api_io""]",1,,
soccer|cuenca|la union|2026-06-02,totals|over|0.50|,totals,Over,0.5,,1.08,1.08,"[""Betfair Exchange""]","[""odds_api_io""]",1,,
soccer|cuenca|la union|2026-06-02,totals|under|0.50|,totals,Under,0.5,,6.88,6.88,"[""Betfair Exchange""]","[""odds_api_io""]",1,,
soccer|cuenca|la union|2026-06-02,totals|over|3.75|,totals,Over,3.75,,1.24,1.24,"[""Betfair Exchange""]","[""odds_api_io""]",1,,
soccer|cuenca|la union|2026-06-02,totals|under|3.75|,totals,Under,3.75,,1.07,1.07,"[""Betfair Exchange""]","[""odds_api_io""]",1,,
soccer|cuenca|la union|2026-06-02,totals|over|6.50|,totals,Over,6.5,,15.0,15.0,"[""Betfair Exchange""]","[""odds_api_io""]",1,,
soccer|cuenca|la union|2026-06-02,totals|under|6.50|,totals,Under,6.5,,1.01,1.01,"[""Betfair Exchange""]","[""odds_api_io""]",1,,
soccer|cuenca|la union|2026-06-02,totals|over|3.25|,totals,Over,3.25,,1.11,1.11,"[""Betfair Exchange""]","[""odds_api_io""]",1,,
soccer|cuenca|la union|2026-06-02,totals|under|3.25|,totals,Under,3.25,,1.19,1.19,"[""Betfair Exchange""]","[""odds_api_io""]",1,,
soccer|cuenca|la union|2026-06-02,totals|over|2.75|,totals,Over,2.75,,1.09,1.09,"[""Betfair Exchange""]","[""odds_api_io""]",1,,
soccer|cuenca|la union|2026-06-02,totals|under|2.75|,totals,Under,2.75,,1.19,1.19,"[""Betfair Exchange""]","[""odds_api_io""]",1,,
soccer|cuenca|la union|2026-06-02,totals|over|4.25|,totals,Over,4.25,,5.37,5.37,"[""Betfair Exchange""]","[""odds_api_io""]",1,,
soccer|cuenca|la union|2026-06-02,totals|under|4.25|,totals,Under,4.25,,1.06,1.06,"[""Betfair Exchange""]","[""odds_api_io""]",1,,
soccer|cuenca|la union|2026-06-02,totals|over|1.50|,totals,Over,1.5,,1.08,1.08,"[""Betfair Exchange""]","[""odds_api_io""]",1,,
soccer|cuenca|la union|2026-06-02,totals|under|1.50|,totals,Under,1.5,,1.26,1.26,"[""Betfair Exchange""]","[""odds_api_io""]",1,,
soccer|cuenca|la union|2026-06-02,totals|over|7.25|,totals,Over,7.25,,17.66,17.66,"[""Betfair Exchange""]","[""odds_api_io""]",1,,
soccer|cuenca|la union|2026-06-02,totals|under|7.25|,totals,Under,7.25,,1.01,1.01,"[""Betfair Exchange""]","[""odds_api_io""]",1,,
soccer|cuenca|la union|2026-06-02,totals|over|7.00|,totals,Over,7.0,,17.66,17.66,"[""Betfair Exchange""]","[""odds_api_io""]",1,,
soccer|cuenca|la union|2026-06-02,totals|under|7.00|,totals,Under,7.0,,1.01,1.01,"[""Betfair Exchange""]","[""odds_api_io""]",1,,
soccer|cuenca|la union|2026-06-02,totals|over|6.25|,totals,Over,6.25,,15.28,15.28,"[""Betfair Exchange""]","[""odds_api_io""]",1,,
soccer|cuenca|la union|2026-06-02,totals|under|6.25|,totals,Under,6.25,,1.01,1.01,"[""Betfair Exchange""]","[""odds_api_io""]",1,,
soccer|cuenca|la union|2026-06-02,totals|over|4.75|,totals,Over,4.75,,11.31,11.31,"[""Betfair Exchange""]","[""odds_api_io""]",1,,
soccer|cuenca|la union|2026-06-02,totals|under|4.75|,totals,Under,4.75,,1.01,1.01,"[""Betfair Exchange""]","[""odds_api_io""]",1,,
soccer|cuenca|la union|2026-06-02,totals|over|5.25|,totals,Over,5.25,,1.01,1.01,"[""Betfair Exchange""]","[""odds_api_io""]",1,,
soccer|cuenca|la union|2026-06-02,totals|under|5.25|,totals,Under,5.25,,1.01,1.01,"[""Betfair Exchange""]","[""odds_api_io""]",1,,
soccer|cuenca|la union|2026-06-02,spreads|club la union|-1.00|home,spreads,Club La Union,-1.0,home,3.15,3.15,"[""Betfair Exchange""]","[""odds_api_io""]",1,,
soccer|cuenca|la union|2026-06-02,spreads|cd cuenca|1.00|away,spreads,CD Cuenca,1.0,away,1.2,1.2,"[""Betfair Exchange""]","[""odds_api_io""]",1,,
soccer|cucuta|independiente medellin|2026-06-02,h2h|independiente medellin||home,h2h,Independiente Medellin,,home,1.52,1.4938,"[""Bet365"", ""Unibet"", ""Betfair Exchange""]","[""odds_api_io""]",3,2.704,
soccer|cucuta|independiente medellin|2026-06-02,h2h|draw||,h2h,Draw,,,4.25,4.072,"[""Bet365"", ""Unibet"", ""Betfair Exchange""]","[""odds_api_io""]",3,2.786,
soccer|cucuta|independiente medellin|2026-06-02,h2h|cucuta deportivo fc||away,h2h,Cucuta Deportivo FC,,away,8.2,7.149,"[""Bet365"", ""Unibet"", ""Betfair Exchange""]","[""odds_api_io""]",3,3.43,
soccer|cucuta|independiente medellin|2026-06-02,dnb|independiente medellin|0.00|home,dnb,Independiente Medellin,0.0,home,1.24,1.178,"[""Bet365"", ""Unibet"", ""Betfair Exchange""]","[""odds_api_io""]",3,6.921,
soccer|cucuta|independiente medellin|2026-06-02,dnb|cucuta deportivo fc|0.00|away,dnb,Cucuta Deportivo FC,0.0,away,6.2,4.8415,"[""Bet365"", ""Unibet"", ""Betfair Exchange""]","[""odds_api_io""]",3,12.04,
soccer|cucuta|independiente medellin|2026-06-02,spreads|independiente medellin|-1.00|home,spreads,Independiente Medellin,-1.0,home,2.4,2.0573,"[""Bet365"", ""Unibet"", ""Betfair Exchange""]","[""odds_api_io""]",4,13.128,
soccer|cucuta|independiente medellin|2026-06-02,spreads|cucuta deportivo fc|1.00|away,spreads,Cucuta Deportivo FC,1.0,away,21.0,2.7974,"[""Bet365"", ""Unibet"", ""Betfair Exchange""]","[""odds_api_io""]",5,45.871,
soccer|cucuta|independiente medellin|2026-06-02,totals|over|2.50|,totals,Over,2.5,,2.03,1.9439,"[""Bet365"", ""Unibet"", ""Betfair Exchange""]","[""odds_api_io""]",4,6.919,
soccer|cucuta|independiente medellin|2026-06-02,totals|under|2.50|,totals,Under,2.5,,1.9,1.8551,"[""Bet365"", ""Unibet"", ""Betfair Exchange""]","[""odds_api_io""]",4,2.924,
soccer|cucuta|independiente medellin|2026-06-02,btts|yes||,btts,Yes,,,2.14,2.0372,"[""Bet365"", ""Unibet"", ""Betfair Exchange""]","[""odds_api_io""]",3,6.463,
soccer|cucuta|independiente medellin|2026-06-02,btts|no||,btts,No,,,1.8,1.7395,"[""Bet365"", ""Unibet"", ""Betfair Exchange""]","[""odds_api_io""]",3,4.468,
soccer|cucuta|independiente medellin|2026-06-02,spreads|independiente medellin|-2.00|home,spreads,Independiente Medellin,-2.0,home,4.9,3.2638,"[""Bet365"", ""Unibet"", ""Betfair Exchange""]","[""odds_api_io""]",5,39.116,
soccer|cucuta|independiente medellin|2026-06-02,spreads|cucuta deportivo fc|2.00|away,spreads,Cucuta Deportivo FC,2.0,away,51.0,1.85,"[""Bet365"", ""Unibet"", ""Betfair Exchange""]","[""odds_api_io""]",5,77.404,
soccer|cucuta|independiente medellin|2026-06-02,spreads|independiente medellin|1.00|home,spreads,Independiente Medellin,1.0,home,1.12,1.0831,"[""Bet365"", ""Unibet"", ""Betfair Exchange""]","[""odds_api_io""]",4,8.754,
soccer|cucuta|independiente medellin|2026-06-02,spreads|cucuta deportivo fc|-3.00|away,spreads,Cucuta Deportivo FC,-3.0,away,1.181,1.181,"[""Bet365""]","[""odds_api_io""]",1,,
soccer|cucuta|independiente medellin|2026-06-02,teamTotals|over|1.50|,teamTotals,Over,1.5,,5.5,2.4383,"[""Bet365"", ""Unibet""]","[""odds_api_io""]",4,44.318,
soccer|cucuta|independiente medellin|2026-06-02,teamTotals|under|1.50|,teamTotals,Under,1.5,,2.17,1.5031,"[""Bet365"", ""Unibet""]","[""odds_api_io""]",4,41.483,
soccer|cucuta|independiente medellin|2026-06-02,teamTotals|over|4.50|,teamTotals,Over,4.5,,17.0,17.0,"[""Bet365""]","[""odds_api_io""]",1,,
soccer|cucuta|independiente medellin|2026-06-02,teamTotals|under|4.50|,teamTotals,Under,4.5,,1.025,1.025,"[""Bet365""]","[""odds_api_io""]",1,,
soccer|cucuta|independiente medellin|2026-06-02,teamTotals|over|0.50|,teamTotals,Over,0.5,,1.833,1.3703,"[""Bet365"", ""Unibet""]","[""odds_api_io""]",4,35.535,
soccer|cucuta|independiente medellin|2026-06-02,teamTotals|under|0.50|,teamTotals,Under,0.5,,5.5,2.8585,"[""Bet365"", ""Unibet""]","[""odds_api_io""]",4,36.374,
soccer|cucuta|independiente medellin|2026-06-02,teamTotals|over|2.50|,teamTotals,Over,2.5,,21.0,4.3172,"[""Bet365"", ""Unibet""]","[""odds_api_io""]",3,29.721,
soccer|cucuta|independiente medellin|2026-06-02,teamTotals|under|2.50|,teamTotals,Under,2.5,,1.35,1.2096,"[""Bet365"", ""Unibet""]","[""odds_api_io""]",3,24.448,
soccer|cucuta|independiente medellin|2026-06-02,teamTotals|over|3.50|,teamTotals,Over,3.5,,7.0,7.0,"[""Bet365""]","[""odds_api_io""]",1,,
soccer|cucuta|independiente medellin|2026-06-02,teamTotals|under|3.50|,teamTotals,Under,3.5,,1.1,1.1,"[""Bet365""]","[""odds_api_io""]",1,,
soccer|cucuta|independiente medellin|2026-06-02,teamTotals|over|5.50|,teamTotals,Over,5.5,,41.0,41.0,"[""Bet365""]","[""odds_api_io""]",1,,
soccer|cucuta|independiente medellin|2026-06-02,teamTotals|under|5.50|,teamTotals,Under,5.5,,1.004,1.004,"[""Bet365""]","[""odds_api_io""]",1,,
soccer|cucuta|independiente medellin|2026-06-02,spreads|independiente medellin|-2.75|home,spreads,Independiente Medellin,-2.75,home,6.54,6.2093,"[""Bet365"", ""Betfair Exchange""]","[""odds_api_io""]",2,1.659,
soccer|cucuta|independiente medellin|2026-06-02,spreads|cucuta deportivo fc|2.75|away,spreads,Cucuta Deportivo FC,2.75,away,1.14,1.1351,"[""Bet365"", ""Betfair Exchange""]","[""odds_api_io""]",2,0.776,
soccer|cucuta|independiente medellin|2026-06-02,spreads|independiente medellin|-2.50|home,spreads,Independiente Medellin,-2.5,home,4.9,4.6951,"[""Bet365"", ""Betfair Exchange""]","[""odds_api_io""]",2,1.814,
soccer|cucuta|independiente medellin|2026-06-02,spreads|cucuta deportivo fc|2.50|away,spreads,Cucuta Deportivo FC,2.5,away,1.2,1.1951,"[""Bet365"", ""Betfair Exchange""]","[""odds_api_io""]",2,0.7,
soccer|cucuta|independiente medellin|2026-06-02,spreads|independiente medellin|-2.25|home,spreads,Independiente Medellin,-2.25,home,4.38,4.264,"[""Bet365"", ""Betfair Exchange""]","[""odds_api_io""]",2,1.265,
soccer|cucuta|independiente medellin|2026-06-02,spreads|cucuta deportivo fc|2.25|away,spreads,Cucuta Deportivo FC,2.25,away,1.23,1.2251,"[""Bet365"", ""Betfair Exchange""]","[""odds_api_io""]",2,0.666,
soccer|cucuta|independiente medellin|2026-06-02,spreads|independiente medellin|-1.75|home,spreads,Independiente Medellin,-1.75,home,2.88,2.8652,"[""Bet365"", ""Betfair Exchange""]","[""odds_api_io""]",2,0.365,
soccer|cucuta|independiente medellin|2026-06-02,spreads|cucuta deportivo fc|1.75|away,spreads,Cucuta Deportivo FC,1.75,away,1.45,1.425,"[""Bet365"", ""Betfair Exchange""]","[""odds_api_io""]",2,2.463,
soccer|cucuta|independiente medellin|2026-06-02,spreads|independiente medellin|-1.50|home,spreads,Independiente Medellin,-1.5,home,2.4,2.3877,"[""Bet365"", ""Betfair Exchange""]","[""odds_api_io""]",2,0.439,
soccer|cucuta|independiente medellin|2026-06-02,spreads|cucuta deportivo fc|1.50|away,spreads,Cucuta Deportivo FC,1.5,away,1.62,1.5849,"[""Bet365"", ""Betfair Exchange""]","[""odds_api_io""]",2,2.788,
soccer|cucuta|independiente medellin|2026-06-02,spreads|independiente medellin|-1.25|home,spreads,Independiente Medellin,-1.25,home,2.12,2.0977,"[""Bet365"", ""Betfair Exchange""]","[""odds_api_io""]",2,1.023,
soccer|cucuta|independiente medellin|2026-06-02,spreads|cucuta deportivo fc|1.25|away,spreads,Cucuta Deportivo FC,1.25,away,1.8,1.7624,"[""Bet365"", ""Betfair Exchange""]","[""odds_api_io""]",2,2.415,
soccer|cucuta|independiente medellin|2026-06-02,spreads|independiente medellin|-0.75|home,spreads,Independiente Medellin,-0.75,home,1.64,1.6201,"[""Bet365"", ""Betfair Exchange""]","[""odds_api_io""]",2,1.524,
soccer|cucuta|independiente medellin|2026-06-02,spreads|cucuta deportivo fc|0.75|away,spreads,Cucuta Deportivo FC,0.75,away,2.46,2.3788,"[""Bet365"", ""Betfair Exchange""]","[""odds_api_io""]",2,2.828,
soccer|cucuta|independiente medellin|2026-06-02,spreads|independiente medellin|-0.50|home,spreads,Independiente Medellin,-0.5,home,1.52,1.4976,"[""Bet365"", ""Betfair Exchange""]","[""odds_api_io""]",2,2.007,
soccer|cucuta|independiente medellin|2026-06-02,spreads|cucuta deportivo fc|0.50|away,spreads,Cucuta Deportivo FC,0.5,away,6.8,3.9469,"[""Bet365"", ""Betfair Exchange""]","[""odds_api_io""]",2,20.881,
soccer|cucuta|independiente medellin|2026-06-02,spreads|independiente medellin|-0.25|home,spreads,Independiente Medellin,-0.25,home,1.34,1.3201,"[""Bet365"", ""Betfair Exchange""]","[""odds_api_io""]",2,2.296,
soccer|cucuta|independiente medellin|2026-06-02,spreads|cucuta deportivo fc|0.25|away,spreads,Cucuta Deportivo FC,0.25,away,6.25,4.6267,"[""Bet365"", ""Betfair Exchange""]","[""odds_api_io""]",2,11.027,
soccer|cucuta|independiente medellin|2026-06-02,spreads|independiente medellin|0.00|home,spreads,Independiente Medellin,0.0,home,1.16,1.1551,"[""Bet365"", ""Betfair Exchange""]","[""odds_api_io""]",2,0.75,
soccer|cucuta|independiente medellin|2026-06-02,spreads|cucuta deportivo fc|-0.00|away,spreads,Cucuta Deportivo FC,-0.0,away,6.29,5.8757,"[""Bet365"", ""Betfair Exchange""]","[""odds_api_io""]",2,2.284,
soccer|cucuta|independiente medellin|2026-06-02,spreads|independiente medellin|0.25|home,spreads,Independiente Medellin,0.25,home,1.14,1.1301,"[""Bet365"", ""Betfair Exchange""]","[""odds_api_io""]",2,1.566,
soccer|cucuta|independiente medellin|2026-06-02,spreads|cucuta deportivo fc|-0.25|away,spreads,Cucuta Deportivo FC,-0.25,away,7.24,4.7035,"[""Bet365"", ""Betfair Exchange""]","[""odds_api_io""]",2,15.173,
soccer|cucuta|independiente medellin|2026-06-02,spreads|independiente medellin|0.50|home,spreads,Independiente Medellin,0.5,home,1.12,1.1126,"[""Bet365"", ""Betfair Exchange""]","[""odds_api_io""]",2,1.212,
soccer|cucuta|independiente medellin|2026-06-02,spreads|cucuta deportivo fc|-0.50|away,spreads,Cucuta Deportivo FC,-0.5,away,8.2,3.9857,"[""Bet365"", ""Betfair Exchange""]","[""odds_api_io""]",2,26.266,
soccer|cucuta|independiente medellin|2026-06-02,doubleChance|1x||,doubleChance,1X,,,1.12,1.1005,"[""Unibet"", ""Betfair Exchange""]","[""odds_api_io""]",2,3.307,
soccer|cucuta|independiente medellin|2026-06-02,doubleChance|12||,doubleChance,12,,,1.44,1.3578,"[""Unibet"", ""Betfair Exchange""]","[""odds_api_io""]",2,8.075,
soccer|cucuta|independiente medellin|2026-06-02,doubleChance|x2||,doubleChance,X2,,,2.8,2.0835,"[""Unibet"", ""Betfair Exchange""]","[""odds_api_io""]",2,25.635,
soccer|cucuta|independiente medellin|2026-06-02,totals|over|3.50|,totals,Over,3.5,,3.7,3.328,"[""Unibet"", ""Betfair Exchange""]","[""odds_api_io""]",2,6.306,
soccer|cucuta|independiente medellin|2026-06-02,totals|under|3.50|,totals,Under,3.5,,1.35,1.3403,"[""Unibet"", ""Betfair Exchange""]","[""odds_api_io""]",2,1.114,
soccer|cucuta|independiente medellin|2026-06-02,totals|over|1.50|,totals,Over,1.5,,1.34,1.2902,"[""Unibet"", ""Betfair Exchange""]","[""odds_api_io""]",2,6.018,
soccer|cucuta|independiente medellin|2026-06-02,totals|under|1.50|,totals,Under,1.5,,3.8,3.676,"[""Unibet"", ""Betfair Exchange""]","[""odds_api_io""]",2,1.853,
soccer|cucuta|independiente medellin|2026-06-02,totals|over|4.50|,totals,Over,4.5,,7.8,6.4308,"[""Unibet"", ""Betfair Exchange""]","[""odds_api_io""]",2,5.698,
soccer|cucuta|independiente medellin|2026-06-02,totals|under|4.50|,totals,Under,4.5,,1.13,1.1203,"[""Unibet"", ""Betfair Exchange""]","[""odds_api_io""]",2,1.595,
soccer|cucuta|independiente medellin|2026-06-02,spreads|independiente medellin|-5.00|home,spreads,Independiente Medellin,-5.0,home,3.0,3.0,"[""Unibet""]","[""odds_api_io""]",1,,
soccer|cucuta|independiente medellin|2026-06-02,spreads|cucuta deportivo fc|5.00|away,spreads,Cucuta Deportivo FC,5.0,away,1.33,1.33,"[""Unibet""]","[""odds_api_io""]",1,,
soccer|cucuta|independiente medellin|2026-06-02,spreads|independiente medellin|-4.00|home,spreads,Independiente Medellin,-4.0,home,2.43,2.43,"[""Unibet""]","[""odds_api_io""]",1,,
soccer|cucuta|independiente medellin|2026-06-02,spreads|cucuta deportivo fc|4.00|away,spreads,Cucuta Deportivo FC,4.0,away,1.5,1.5,"[""Unibet""]","[""odds_api_io""]",1,,
soccer|cucuta|independiente medellin|2026-06-02,spreads|independiente medellin|-3.00|home,spreads,Independiente Medellin,-3.0,home,11.5,4.5521,"[""Unibet"", ""Betfair Exchange""]","[""odds_api_io""]",3,41.304,
soccer|cucuta|independiente medellin|2026-06-02,spreads|cucuta deportivo fc|3.00|away,spreads,Cucuta Deportivo FC,3.0,away,1.76,1.2747,"[""Unibet"", ""Betfair Exchange""]","[""odds_api_io""]",3,36.64,
soccer|cucuta|independiente medellin|2026-06-02,spreads|cucuta deportivo fc|-1.00|away,spreads,Cucuta Deportivo FC,-1.0,away,27.0,19.6921,"[""Unibet"", ""Betfair Exchange""]","[""odds_api_io""]",3,3.989,
soccer|cucuta|independiente medellin|2026-06-02,spreads|independiente medellin|0.75|home,spreads,Independiente Medellin,0.75,home,1.07,1.07,"[""Betfair Exchange""]","[""odds_api_io""]",1,,
soccer|cucuta|independiente medellin|2026-06-02,spreads|cucuta deportivo fc|-0.75|away,spreads,Cucuta Deportivo FC,-0.75,away,12.04,12.04,"[""Betfair Exchange""]","[""odds_api_io""]",1,,
soccer|cucuta|independiente medellin|2026-06-02,spreads|independiente medellin|1.25|home,spreads,Independiente Medellin,1.25,home,1.02,1.02,"[""Betfair Exchange""]","[""odds_api_io""]",1,,
soccer|cucuta|independiente medellin|2026-06-02,spreads|cucuta deportivo fc|-1.25|away,spreads,Cucuta Deportivo FC,-1.25,away,25.85,25.85,"[""Betfair Exchange""]","[""odds_api_io""]",1,,
soccer|cucuta|independiente medellin|2026-06-02,spreads|independiente medellin|1.50|home,spreads,Independiente Medellin,1.5,home,1.02,1.02,"[""Betfair Exchange""]","[""odds_api_io""]",1,,
soccer|cucuta|independiente medellin|2026-06-02,spreads|cucuta deportivo fc|-1.50|away,spreads,Cucuta Deportivo FC,-1.5,away,27.0,27.0,"[""Betfair Exchange""]","[""odds_api_io""]",1,,
soccer|cucuta|independiente medellin|2026-06-02,spreads|independiente medellin|1.75|home,spreads,Independiente Medellin,1.75,home,1.01,1.01,"[""Betfair Exchange""]","[""odds_api_io""]",1,,
soccer|cucuta|independiente medellin|2026-06-02,spreads|cucuta deportivo fc|-1.75|away,spreads,Cucuta Deportivo FC,-1.75,away,44.05,44.05,"[""Betfair Exchange""]","[""odds_api_io""]",1,,
soccer|cucuta|independiente medellin|2026-06-02,spreads|independiente medellin|-3.75|home,spreads,Independiente Medellin,-3.75,home,11.89,11.89,"[""Betfair Exchange""]","[""odds_api_io""]",1,,
soccer|cucuta|independiente medellin|2026-06-02,spreads|cucuta deportivo fc|3.75|away,spreads,Cucuta Deportivo FC,3.75,away,1.03,1.03,"[""Betfair Exchange""]","[""odds_api_io""]",1,,
soccer|cucuta|independiente medellin|2026-06-02,spreads|independiente medellin|-3.50|home,spreads,Independiente Medellin,-3.5,home,11.89,11.89,"[""Betfair Exchange""]","[""odds_api_io""]",1,,
soccer|cucuta|independiente medellin|2026-06-02,spreads|cucuta deportivo fc|3.50|away,spreads,Cucuta Deportivo FC,3.5,away,1.06,1.06,"[""Betfair Exchange""]","[""odds_api_io""]",1,,
soccer|cucuta|independiente medellin|2026-06-02,spreads|independiente medellin|-3.25|home,spreads,Independiente Medellin,-3.25,home,11.17,11.17,"[""Betfair Exchange""]","[""odds_api_io""]",1,,
soccer|cucuta|independiente medellin|2026-06-02,spreads|cucuta deportivo fc|3.25|away,spreads,Cucuta Deportivo FC,3.25,away,1.07,1.07,"[""Betfair Exchange""]","[""odds_api_io""]",1,,
soccer|cucuta|independiente medellin|2026-06-02,totals|over|2.25|,totals,Over,2.25,,1.77,1.77,"[""Betfair Exchange""]","[""odds_api_io""]",1,,
soccer|cucuta|independiente medellin|2026-06-02,totals|under|2.25|,totals,Under,2.25,,2.15,2.15,"[""Betfair Exchange""]","[""odds_api_io""]",1,,
soccer|cucuta|independiente medellin|2026-06-02,totals|over|1.25|,totals,Over,1.25,,1.21,1.21,"[""Betfair Exchange""]","[""odds_api_io""]",1,,
soccer|cucuta|independiente medellin|2026-06-02,totals|under|1.25|,totals,Under,1.25,,5.15,5.15,"[""Betfair Exchange""]","[""odds_api_io""]",1,,
soccer|cucuta|independiente medellin|2026-06-02,totals|over|1.75|,totals,Over,1.75,,1.4,1.4,"[""Betfair Exchange""]","[""odds_api_io""]",1,,
soccer|cucuta|independiente medellin|2026-06-02,totals|under|1.75|,totals,Under,1.75,,3.01,3.01,"[""Betfair Exchange""]","[""odds_api_io""]",1,,
soccer|cucuta|independiente medellin|2026-06-02,totals|over|2.00|,totals,Over,2.0,,1.51,1.51,"[""Betfair Exchange""]","[""odds_api_io""]",1,,
soccer|cucuta|independiente medellin|2026-06-02,totals|under|2.00|,totals,Under,2.0,,2.61,2.61,"[""Betfair Exchange""]","[""odds_api_io""]",1,,
soccer|cucuta|independiente medellin|2026-06-02,totals|over|3.00|,totals,Over,3.0,,2.87,2.87,"[""Betfair Exchange""]","[""odds_api_io""]",1,,
soccer|cucuta|independiente medellin|2026-06-02,totals|under|3.00|,totals,Under,3.0,,1.49,1.49,"[""Betfair Exchange""]","[""odds_api_io""]",1,,
soccer|cucuta|independiente medellin|2026-06-02,totals|over|2.75|,totals,Over,2.75,,2.33,2.33,"[""Betfair Exchange""]","[""odds_api_io""]",1,,
soccer|cucuta|independiente medellin|2026-06-02,totals|under|2.75|,totals,Under,2.75,,1.69,1.69,"[""Betfair Exchange""]","[""odds_api_io""]",1,,
soccer|cucuta|independiente medellin|2026-06-02,totals|over|5.75|,totals,Over,5.75,,28.92,28.92,"[""Betfair Exchange""]","[""odds_api_io""]",1,,
soccer|cucuta|independiente medellin|2026-06-02,totals|under|5.75|,totals,Under,5.75,,1.01,1.01,"[""Betfair Exchange""]","[""odds_api_io""]",1,,
soccer|cucuta|independiente medellin|2026-06-02,totals|over|4.00|,totals,Over,4.0,,6.69,6.69,"[""Betfair Exchange""]","[""odds_api_io""]",1,,
soccer|cucuta|independiente medellin|2026-06-02,totals|under|4.00|,totals,Under,4.0,,1.14,1.14,"[""Betfair Exchange""]","[""odds_api_io""]",1,,
soccer|cucuta|independiente medellin|2026-06-02,totals|over|4.25|,totals,Over,4.25,,7.24,7.24,"[""Betfair Exchange""]","[""odds_api_io""]",1,,
soccer|cucuta|independiente medellin|2026-06-02,totals|under|4.25|,totals,Under,4.25,,1.13,1.13,"[""Betfair Exchange""]","[""odds_api_io""]",1,,
soccer|cucuta|independiente medellin|2026-06-02,totals|over|4.75|,totals,Over,4.75,,10.71,10.71,"[""Betfair Exchange""]","[""odds_api_io""]",1,,
soccer|cucuta|independiente medellin|2026-06-02,totals|under|4.75|,totals,Under,4.75,,1.07,1.07,"[""Betfair Exchange""]","[""odds_api_io""]",1,,
soccer|cucuta|independiente medellin|2026-06-02,totals|over|3.25|,totals,Over,3.25,,3.29,3.29,"[""Betfair Exchange""]","[""odds_api_io""]",1,,
soccer|cucuta|independiente medellin|2026-06-02,totals|under|3.25|,totals,Under,3.25,,1.4,1.4,"[""Betfair Exchange""]","[""odds_api_io""]",1,,
soccer|cucuta|independiente medellin|2026-06-02,totals|over|6.00|,totals,Over,6.0,,53.17,53.17,"[""Betfair Exchange""]","[""odds_api_io""]",1,,
soccer|cucuta|independiente medellin|2026-06-02,totals|under|6.00|,totals,Under,6.0,,1.01,1.01,"[""Betfair Exchange""]","[""odds_api_io""]",1,,
soccer|cucuta|independiente medellin|2026-06-02,totals|over|6.25|,totals,Over,6.25,,54.08,54.08,"[""Betfair Exchange""]","[""odds_api_io""]",1,,
soccer|cucuta|independiente medellin|2026-06-02,totals|under|6.25|,totals,Under,6.25,,1.01,1.01,"[""Betfair Exchange""]","[""odds_api_io""]",1,,
soccer|cucuta|independiente medellin|2026-06-02,totals|over|5.50|,totals,Over,5.5,,19.5,19.5,"[""Betfair Exchange""]","[""odds_api_io""]",1,,
soccer|cucuta|independiente medellin|2026-06-02,totals|under|5.50|,totals,Under,5.5,,1.04,1.04,"[""Betfair Exchange""]","[""odds_api_io""]",1,,
soccer|cucuta|independiente medellin|2026-06-02,totals|over|6.50|,totals,Over,6.5,,55.0,55.0,"[""Betfair Exchange""]","[""odds_api_io""]",1,,
soccer|cucuta|independiente medellin|2026-06-02,totals|under|6.50|,totals,Under,6.5,,1.01,1.01,"[""Betfair Exchange""]","[""odds_api_io""]",1,,
soccer|cucuta|independiente medellin|2026-06-02,totals|over|1.00|,totals,Over,1.0,,1.09,1.09,"[""Betfair Exchange""]","[""odds_api_io""]",1,,
soccer|cucuta|independiente medellin|2026-06-02,totals|under|1.00|,totals,Under,1.0,,9.03,9.03,"[""Betfair Exchange""]","[""odds_api_io""]",1,,
soccer|cucuta|independiente medellin|2026-06-02,totals|over|0.50|,totals,Over,0.5,,1.07,1.07,"[""Betfair Exchange""]","[""odds_api_io""]",1,,
soccer|cucuta|independiente medellin|2026-06-02,totals|under|0.50|,totals,Under,0.5,,12.11,12.11,"[""Betfair Exchange""]","[""odds_api_io""]",1,,
soccer|cucuta|independiente medellin|2026-06-02,totals|over|3.75|,totals,Over,3.75,,4.66,4.66,"[""Betfair Exchange""]","[""odds_api_io""]",1,,
soccer|cucuta|independiente medellin|2026-06-02,totals|under|3.75|,totals,Under,3.75,,1.22,1.22,"[""Betfair Exchange""]","[""odds_api_io""]",1,,
soccer|cucuta|independiente medellin|2026-06-02,totals|over|5.00|,totals,Over,5.0,,18.0,18.0,"[""Betfair Exchange""]","[""odds_api_io""]",1,,
soccer|cucuta|independiente medellin|2026-06-02,totals|under|5.00|,totals,Under,5.0,,1.04,1.04,"[""Betfair Exchange""]","[""odds_api_io""]",1,,
soccer|cucuta|independiente medellin|2026-06-02,totals|over|5.25|,totals,Over,5.25,,18.75,18.75,"[""Betfair Exchange""]","[""odds_api_io""]",1,,
soccer|cucuta|independiente medellin|2026-06-02,totals|under|5.25|,totals,Under,5.25,,1.04,1.04,"[""Betfair Exchange""]","[""odds_api_io""]",1,,
soccer|cucuta|independiente medellin|2026-06-02,totals|over|0.75|,totals,Over,0.75,,1.08,1.08,"[""Betfair Exchange""]","[""odds_api_io""]",1,,
soccer|cucuta|independiente medellin|2026-06-02,totals|under|0.75|,totals,Under,0.75,,9.96,9.96,"[""Betfair Exchange""]","[""odds_api_io""]",1,,
soccer|cucuta|independiente medellin|2026-06-02,spreads|independiente medellin|2.00|home,spreads,Independiente Medellin,2.0,home,1.02,1.02,"[""Betfair Exchange""]","[""odds_api_io""]",1,,
soccer|cucuta|independiente medellin|2026-06-02,spreads|cucuta deportivo fc|-2.00|away,spreads,Cucuta Deportivo FC,-2.0,away,130.0,130.0,"[""Betfair Exchange""]","[""odds_api_io""]",1,,
soccer|12 octubre itaugua|atlantida asuncion|2026-06-02,h2h|12 de octubre de itaugua||home,h2h,12 de Octubre de Itaugua,,home,2.33,2.1785,"[""Bet365"", ""Unibet"", ""Betfair Exchange""]","[""odds_api_io""]",3,5.862,
soccer|12 octubre itaugua|atlantida asuncion|2026-06-02,h2h|draw||,h2h,Draw,,,3.4,3.1388,"[""Bet365"", ""Unibet"", ""Betfair Exchange""]","[""odds_api_io""]",3,5.676,
soccer|12 octubre itaugua|atlantida asuncion|2026-06-02,h2h|atlantida sc asuncion||away,h2h,Atlantida SC Asuncion,,away,3.6,3.1756,"[""Bet365"", ""Unibet"", ""Betfair Exchange""]","[""odds_api_io""]",3,6.944,
soccer|12 octubre itaugua|atlantida asuncion|2026-06-02,dnb|12 de octubre de itaugua|0.00|home,dnb,12 de Octubre de Itaugua,0.0,home,1.55,1.5416,"[""Bet365"", ""Betfair Exchange""]","[""odds_api_io""]",2,0.715,
soccer|12 octubre itaugua|atlantida asuncion|2026-06-02,dnb|atlantida sc asuncion|0.00|away,dnb,Atlantida SC Asuncion,0.0,away,2.52,2.4467,"[""Bet365"", ""Betfair Exchange""]","[""odds_api_io""]",2,2.423,
soccer|12 octubre itaugua|atlantida asuncion|2026-06-02,spreads|12 de octubre de itaugua|-0.25|home,spreads,12 de Octubre de Itaugua,-0.25,home,1.86,1.8427,"[""Bet365"", ""Betfair Exchange""]","[""odds_api_io""]",2,1.031,
soccer|12 octubre itaugua|atlantida asuncion|2026-06-02,spreads|atlantida sc asuncion|0.25|away,spreads,Atlantida SC Asuncion,0.25,away,2.0,1.9876,"[""Bet365"", ""Betfair Exchange""]","[""odds_api_io""]",2,0.633,
soccer|12 octubre itaugua|atlantida asuncion|2026-06-02,totals|over|2.00|,totals,Over,2.0,,1.76,1.7551,"[""Bet365"", ""Betfair Exchange""]","[""odds_api_io""]",2,0.325,
soccer|12 octubre itaugua|atlantida asuncion|2026-06-02,totals|under|2.00|,totals,Under,2.0,,2.05,2.0398,"[""Bet365"", ""Betfair Exchange""]","[""odds_api_io""]",2,0.481,
soccer|12 octubre itaugua|atlantida asuncion|2026-06-02,totals|over|2.50|,totals,Over,2.5,,2.42,2.3485,"[""Bet365"", ""Unibet"", ""Betfair Exchange""]","[""odds_api_io""]",3,3.122,
soccer|12 octubre itaugua|atlantida asuncion|2026-06-02,totals|under|2.50|,totals,Under,2.5,,1.62,1.5611,"[""Bet365"", ""Unibet"", ""Betfair Exchange""]","[""odds_api_io""]",3,3.631,
soccer|12 octubre itaugua|atlantida asuncion|2026-06-02,spreads|12 de octubre de itaugua|-1.75|home,spreads,12 de Octubre de Itaugua,-1.75,home,6.55,5.6849,"[""Bet365"", ""Betfair Exchange""]","[""odds_api_io""]",2,4.733,
soccer|12 octubre itaugua|atlantida asuncion|2026-06-02,spreads|atlantida sc asuncion|1.75|away,spreads,Atlantida SC Asuncion,1.75,away,1.17,1.1493,"[""Bet365"", ""Betfair Exchange""]","[""odds_api_io""]",2,3.025,
soccer|12 octubre itaugua|atlantida asuncion|2026-06-02,spreads|12 de octubre de itaugua|-1.50|home,spreads,12 de Octubre de Itaugua,-1.5,home,4.84,4.3279,"[""Bet365"", ""Betfair Exchange""]","[""odds_api_io""]",2,4.98,
soccer|12 octubre itaugua|atlantida asuncion|2026-06-02,spreads|atlantida sc asuncion|1.50|away,spreads,Atlantida SC Asuncion,1.5,away,7.0,2.0228,"[""Bet365"", ""Betfair Exchange""]","[""odds_api_io""]",2,69.048,
soccer|12 octubre itaugua|atlantida asuncion|2026-06-02,spreads|12 de octubre de itaugua|-1.25|home,spreads,12 de Octubre de Itaugua,-1.25,home,4.24,3.8115,"[""Bet365"", ""Betfair Exchange""]","[""odds_api_io""]",2,5.401,
soccer|12 octubre itaugua|atlantida asuncion|2026-06-02,spreads|atlantida sc asuncion|1.25|away,spreads,Atlantida SC Asuncion,1.25,away,6.6,2.048,"[""Bet365"", ""Betfair Exchange""]","[""odds_api_io""]",2,66.149,
soccer|12 octubre itaugua|atlantida asuncion|2026-06-02,spreads|12 de octubre de itaugua|-1.00|home,spreads,12 de Octubre de Itaugua,-1.0,home,4.8,3.7328,"[""Bet365"", ""Betfair Exchange""]","[""odds_api_io""]",3,11.425,
soccer|12 octubre itaugua|atlantida asuncion|2026-06-02,spreads|atlantida sc asuncion|1.00|away,spreads,Atlantida SC Asuncion,1.0,away,6.0,1.9623,"[""Bet365"", ""Betfair Exchange""]","[""odds_api_io""]",3,60.853,
soccer|12 octubre itaugua|atlantida asuncion|2026-06-02,spreads|12 de octubre de itaugua|-0.75|home,spreads,12 de Octubre de Itaugua,-0.75,home,2.62,2.5205,"[""Bet365"", ""Betfair Exchange""]","[""odds_api_io""]",2,3.069,
soccer|12 octubre itaugua|atlantida asuncion|2026-06-02,spreads|atlantida sc asuncion|0.75|away,spreads,Atlantida SC Asuncion,0.75,away,4.0,2.1745,"[""Bet365"", ""Betfair Exchange""]","[""odds_api_io""]",2,41.225,
soccer|12 octubre itaugua|atlantida asuncion|2026-06-02,spreads|12 de octubre de itaugua|-0.50|home,spreads,12 de Octubre de Itaugua,-0.5,home,2.18,2.1272,"[""Bet365"", ""Betfair Exchange""]","[""odds_api_io""]",2,2.321,
soccer|12 octubre itaugua|atlantida asuncion|2026-06-02,spreads|atlantida sc asuncion|0.50|away,spreads,Atlantida SC Asuncion,0.5,away,3.1,2.2176,"[""Bet365"", ""Betfair Exchange""]","[""odds_api_io""]",2,25.213,
soccer|12 octubre itaugua|atlantida asuncion|2026-06-02,spreads|12 de octubre de itaugua|0.00|home,spreads,12 de Octubre de Itaugua,0.0,home,1.55,1.55,"[""Bet365"", ""Betfair Exchange""]","[""odds_api_io""]",2,,
soccer|12 octubre itaugua|atlantida asuncion|2026-06-02,spreads|atlantida sc asuncion|-0.00|away,spreads,Atlantida SC Asuncion,-0.0,away,2.53,2.4515,"[""Bet365"", ""Betfair Exchange""]","[""odds_api_io""]",2,2.58,
soccer|12 octubre itaugua|atlantida asuncion|2026-06-02,spreads|12 de octubre de itaugua|0.25|home,spreads,12 de Octubre de Itaugua,0.25,home,1.425,1.4173,"[""Bet365"", ""Betfair Exchange""]","[""odds_api_io""]",2,0.747,
soccer|12 octubre itaugua|atlantida asuncion|2026-06-02,spreads|atlantida sc asuncion|-0.25|away,spreads,Atlantida SC Asuncion,-0.25,away,3.06,2.8995,"[""Bet365"", ""Betfair Exchange""]","[""odds_api_io""]",2,3.684,
soccer|12 octubre itaugua|atlantida asuncion|2026-06-02,spreads|12 de octubre de itaugua|0.50|home,spreads,12 de Octubre de Itaugua,0.5,home,1.35,1.3397,"[""Bet365"", ""Betfair Exchange""]","[""odds_api_io""]",2,1.114,
soccer|12 octubre itaugua|atlantida asuncion|2026-06-02,spreads|atlantida sc asuncion|-0.50|away,spreads,Atlantida SC Asuncion,-0.5,away,3.6,2.3474,"[""Bet365"", ""Betfair Exchange""]","[""odds_api_io""]",2,30.193,
soccer|12 octubre itaugua|atlantida asuncion|2026-06-02,spreads|12 de octubre de itaugua|0.75|home,spreads,12 de Octubre de Itaugua,0.75,home,1.23,1.2197,"[""Bet365"", ""Betfair Exchange""]","[""odds_api_io""]",2,1.344,
soccer|12 octubre itaugua|atlantida asuncion|2026-06-02,spreads|atlantida sc asuncion|-0.75|away,spreads,Atlantida SC Asuncion,-0.75,away,4.91,2.3497,"[""Bet365"", ""Betfair Exchange""]","[""odds_api_io""]",2,45.207,
soccer|12 octubre itaugua|atlantida asuncion|2026-06-02,spreads|12 de octubre de itaugua|1.00|home,spreads,12 de Octubre de Itaugua,1.0,home,1.33,1.1733,"[""Bet365"", ""Betfair Exchange""]","[""odds_api_io""]",3,16.555,
soccer|12 octubre itaugua|atlantida asuncion|2026-06-02,spreads|atlantida sc asuncion|-1.00|away,spreads,Atlantida SC Asuncion,-1.0,away,10.0,3.2007,"[""Bet365"", ""Betfair Exchange""]","[""odds_api_io""]",3,64.074,
soccer|12 octubre itaugua|atlantida asuncion|2026-06-02,spreads|12 de octubre de itaugua|1.25|home,spreads,12 de Octubre de Itaugua,1.25,home,1.11,1.0945,"[""Bet365"", ""Betfair Exchange""]","[""odds_api_io""]",2,2.503,
soccer|12 octubre itaugua|atlantida asuncion|2026-06-02,spreads|atlantida sc asuncion|-1.25|away,spreads,Atlantida SC Asuncion,-1.25,away,9.38,2.3154,"[""Bet365"", ""Betfair Exchange""]","[""odds_api_io""]",2,66.262,
soccer|12 octubre itaugua|atlantida asuncion|2026-06-02,spreads|12 de octubre de itaugua|1.50|home,spreads,12 de Octubre de Itaugua,1.5,home,1.1,1.0845,"[""Bet365"", ""Betfair Exchange""]","[""odds_api_io""]",2,2.549,
soccer|12 octubre itaugua|atlantida asuncion|2026-06-02,spreads|atlantida sc asuncion|-1.50|away,spreads,Atlantida SC Asuncion,-1.5,away,10.23,2.2439,"[""Bet365"", ""Betfair Exchange""]","[""odds_api_io""]",2,70.87,
soccer|12 octubre itaugua|atlantida asuncion|2026-06-02,doubleChance|1x||,doubleChance,1X,,,1.33,1.3105,"[""Unibet"", ""Betfair Exchange""]","[""odds_api_io""]",2,2.331,
soccer|12 octubre itaugua|atlantida asuncion|2026-06-02,doubleChance|12||,doubleChance,12,,,1.4,1.3451,"[""Unibet"", ""Betfair Exchange""]","[""odds_api_io""]",2,6.091,
soccer|12 octubre itaugua|atlantida asuncion|2026-06-02,doubleChance|x2||,doubleChance,X2,,,1.74,1.5763,"[""Unibet"", ""Betfair Exchange""]","[""odds_api_io""]",2,12.459,
soccer|12 octubre itaugua|atlantida asuncion|2026-06-02,totals|over|1.50|,totals,Over,1.5,,1.46,1.4205,"[""Unibet"", ""Betfair Exchange""]","[""odds_api_io""]",2,3.971,
soccer|12 octubre itaugua|atlantida asuncion|2026-06-02,totals|under|1.50|,totals,Under,1.5,,2.92,2.7735,"[""Unibet"", ""Betfair Exchange""]","[""odds_api_io""]",2,3.776,
soccer|12 octubre itaugua|atlantida asuncion|2026-06-02,totals|over|3.50|,totals,Over,3.5,,4.7,4.3921,"[""Unibet"", ""Betfair Exchange""]","[""odds_api_io""]",2,3.114,
soccer|12 octubre itaugua|atlantida asuncion|2026-06-02,totals|under|3.50|,totals,Under,3.5,,1.22,1.1955,"[""Unibet"", ""Betfair Exchange""]","[""odds_api_io""]",2,3.503,
soccer|12 octubre itaugua|atlantida asuncion|2026-06-02,spreads|12 de octubre de itaugua|-2.00|home,spreads,12 de Octubre de Itaugua,-2.0,home,12.5,11.6681,"[""Betfair Exchange""]","[""odds_api_io""]",2,1.141,
soccer|12 octubre itaugua|atlantida asuncion|2026-06-02,spreads|atlantida sc asuncion|2.00|away,spreads,Atlantida SC Asuncion,2.0,away,1.2,1.1257,"[""Betfair Exchange""]","[""odds_api_io""]",2,11.006,
soccer|12 octubre itaugua|atlantida asuncion|2026-06-02,spreads|12 de octubre de itaugua|-2.25|home,spreads,12 de Octubre de Itaugua,-2.25,home,11.74,11.74,"[""Betfair Exchange""]","[""odds_api_io""]",1,,
soccer|12 octubre itaugua|atlantida asuncion|2026-06-02,spreads|atlantida sc asuncion|2.25|away,spreads,Atlantida SC Asuncion,2.25,away,1.06,1.06,"[""Betfair Exchange""]","[""odds_api_io""]",1,,
soccer|12 octubre itaugua|atlantida asuncion|2026-06-02,spreads|12 de octubre de itaugua|2.00|home,spreads,12 de Octubre de Itaugua,2.0,home,1.07,1.0444,"[""Betfair Exchange""]","[""odds_api_io""]",2,4.581,
soccer|12 octubre itaugua|atlantida asuncion|2026-06-02,spreads|atlantida sc asuncion|-2.00|away,spreads,Atlantida SC Asuncion,-2.0,away,38.0,36.6593,"[""Betfair Exchange""]","[""odds_api_io""]",2,0.192,
soccer|12 octubre itaugua|atlantida asuncion|2026-06-02,spreads|12 de octubre de itaugua|1.75|home,spreads,12 de Octubre de Itaugua,1.75,home,1.04,1.04,"[""Betfair Exchange""]","[""odds_api_io""]",1,,
soccer|12 octubre itaugua|atlantida asuncion|2026-06-02,spreads|atlantida sc asuncion|-1.75|away,spreads,Atlantida SC Asuncion,-1.75,away,15.69,15.69,"[""Betfair Exchange""]","[""odds_api_io""]",1,,
soccer|12 octubre itaugua|atlantida asuncion|2026-06-02,spreads|12 de octubre de itaugua|2.50|home,spreads,12 de Octubre de Itaugua,2.5,home,1.02,1.02,"[""Betfair Exchange""]","[""odds_api_io""]",1,,
soccer|12 octubre itaugua|atlantida asuncion|2026-06-02,spreads|atlantida sc asuncion|-2.50|away,spreads,Atlantida SC Asuncion,-2.5,away,38.0,38.0,"[""Betfair Exchange""]","[""odds_api_io""]",1,,
soccer|12 octubre itaugua|atlantida asuncion|2026-06-02,spreads|12 de octubre de itaugua|2.25|home,spreads,12 de Octubre de Itaugua,2.25,home,1.02,1.02,"[""Betfair Exchange""]","[""odds_api_io""]",1,,
soccer|12 octubre itaugua|atlantida asuncion|2026-06-02,spreads|atlantida sc asuncion|-2.25|away,spreads,Atlantida SC Asuncion,-2.25,away,36.7,36.7,"[""Betfair Exchange""]","[""odds_api_io""]",1,,
soccer|12 octubre itaugua|atlantida asuncion|2026-06-02,spreads|12 de octubre de itaugua|-3.00|home,spreads,12 de Octubre de Itaugua,-3.0,home,44.0,42.7029,"[""Betfair Exchange""]","[""odds_api_io""]",2,0.138,
soccer|12 octubre itaugua|atlantida asuncion|2026-06-02,spreads|atlantida sc asuncion|3.00|away,spreads,Atlantida SC Asuncion,3.0,away,1.05,1.0296,"[""Betfair Exchange""]","[""odds_api_io""]",2,3.772,
soccer|12 octubre itaugua|atlantida asuncion|2026-06-02,spreads|12 de octubre de itaugua|-2.75|home,spreads,12 de Octubre de Itaugua,-2.75,home,18.93,18.93,"[""Betfair Exchange""]","[""odds_api_io""]",1,,
soccer|12 octubre itaugua|atlantida asuncion|2026-06-02,spreads|atlantida sc asuncion|2.75|away,spreads,Atlantida SC Asuncion,2.75,away,1.03,1.03,"[""Betfair Exchange""]","[""odds_api_io""]",1,,
soccer|12 octubre itaugua|atlantida asuncion|2026-06-02,spreads|12 de octubre de itaugua|-3.50|home,spreads,12 de Octubre de Itaugua,-3.5,home,44.0,44.0,"[""Betfair Exchange""]","[""odds_api_io""]",1,,
soccer|12 octubre itaugua|atlantida asuncion|2026-06-02,spreads|atlantida sc asuncion|3.50|away,spreads,Atlantida SC Asuncion,3.5,away,1.01,1.01,"[""Betfair Exchange""]","[""odds_api_io""]",1,,
soccer|12 octubre itaugua|atlantida asuncion|2026-06-02,spreads|12 de octubre de itaugua|-2.50|home,spreads,12 de Octubre de Itaugua,-2.5,home,12.52,12.52,"[""Betfair Exchange""]","[""odds_api_io""]",1,,
soccer|12 octubre itaugua|atlantida asuncion|2026-06-02,spreads|atlantida sc asuncion|2.50|away,spreads,Atlantida SC Asuncion,2.5,away,1.05,1.05,"[""Betfair Exchange""]","[""odds_api_io""]",1,,
soccer|12 octubre itaugua|atlantida asuncion|2026-06-02,spreads|12 de octubre de itaugua|2.75|home,spreads,12 de Octubre de Itaugua,2.75,home,1.01,1.01,"[""Betfair Exchange""]","[""odds_api_io""]",1,,
soccer|12 octubre itaugua|atlantida asuncion|2026-06-02,spreads|atlantida sc asuncion|-2.75|away,spreads,Atlantida SC Asuncion,-2.75,away,62.1,62.1,"[""Betfair Exchange""]","[""odds_api_io""]",1,,
soccer|12 octubre itaugua|atlantida asuncion|2026-06-02,spreads|12 de octubre de itaugua|-3.25|home,spreads,12 de Octubre de Itaugua,-3.25,home,42.74,42.74,"[""Betfair Exchange""]","[""odds_api_io""]",1,,
soccer|12 octubre itaugua|atlantida asuncion|2026-06-02,spreads|atlantida sc asuncion|3.25|away,spreads,Atlantida SC Asuncion,3.25,away,1.01,1.01,"[""Betfair Exchange""]","[""odds_api_io""]",1,,
soccer|12 octubre itaugua|atlantida asuncion|2026-06-02,totals|over|2.75|,totals,Over,2.75,,2.88,2.88,"[""Betfair Exchange""]","[""odds_api_io""]",1,,
soccer|12 octubre itaugua|atlantida asuncion|2026-06-02,totals|under|2.75|,totals,Under,2.75,,1.4,1.4,"[""Betfair Exchange""]","[""odds_api_io""]",1,,
soccer|12 octubre itaugua|atlantida asuncion|2026-06-02,totals|over|4.00|,totals,Over,4.0,,8.93,8.93,"[""Betfair Exchange""]","[""odds_api_io""]",1,,
soccer|12 octubre itaugua|atlantida asuncion|2026-06-02,totals|under|4.00|,totals,Under,4.0,,1.09,1.09,"[""Betfair Exchange""]","[""odds_api_io""]",1,,
soccer|12 octubre itaugua|atlantida asuncion|2026-06-02,totals|over|0.75|,totals,Over,0.75,,1.11,1.11,"[""Betfair Exchange""]","[""odds_api_io""]",1,,
soccer|12 octubre itaugua|atlantida asuncion|2026-06-02,totals|under|0.75|,totals,Under,0.75,,6.93,6.93,"[""Betfair Exchange""]","[""odds_api_io""]",1,,
soccer|12 octubre itaugua|atlantida asuncion|2026-06-02,totals|over|2.25|,totals,Over,2.25,,2.09,2.09,"[""Betfair Exchange""]","[""odds_api_io""]",1,,
soccer|12 octubre itaugua|atlantida asuncion|2026-06-02,totals|under|2.25|,totals,Under,2.25,,1.77,1.77,"[""Betfair Exchange""]","[""odds_api_io""]",1,,
soccer|12 octubre itaugua|atlantida asuncion|2026-06-02,totals|over|5.25|,totals,Over,5.25,,25.31,25.31,"[""Betfair Exchange""]","[""odds_api_io""]",1,,
soccer|12 octubre itaugua|atlantida asuncion|2026-06-02,totals|under|5.25|,totals,Under,5.25,,1.01,1.01,"[""Betfair Exchange""]","[""odds_api_io""]",1,,
soccer|12 octubre itaugua|atlantida asuncion|2026-06-02,totals|over|5.00|,totals,Over,5.0,,24.63,24.63,"[""Betfair Exchange""]","[""odds_api_io""]",1,,
soccer|12 octubre itaugua|atlantida asuncion|2026-06-02,totals|under|5.00|,totals,Under,5.0,,1.01,1.01,"[""Betfair Exchange""]","[""odds_api_io""]",1,,
soccer|12 octubre itaugua|atlantida asuncion|2026-06-02,totals|over|1.25|,totals,Over,1.25,,1.29,1.29,"[""Betfair Exchange""]","[""odds_api_io""]",1,,
soccer|12 octubre itaugua|atlantida asuncion|2026-06-02,totals|under|1.25|,totals,Under,1.25,,3.79,3.79,"[""Betfair Exchange""]","[""odds_api_io""]",1,,
soccer|12 octubre itaugua|atlantida asuncion|2026-06-02,totals|over|3.00|,totals,Over,3.0,,3.76,3.76,"[""Betfair Exchange""]","[""odds_api_io""]",1,,
soccer|12 octubre itaugua|atlantida asuncion|2026-06-02,totals|under|3.00|,totals,Under,3.0,,1.27,1.27,"[""Betfair Exchange""]","[""odds_api_io""]",1,,
soccer|12 octubre itaugua|atlantida asuncion|2026-06-02,totals|over|4.25|,totals,Over,4.25,,10.33,10.33,"[""Betfair Exchange""]","[""odds_api_io""]",1,,
soccer|12 octubre itaugua|atlantida asuncion|2026-06-02,totals|under|4.25|,totals,Under,4.25,,1.09,1.09,"[""Betfair Exchange""]","[""odds_api_io""]",1,,
soccer|12 octubre itaugua|atlantida asuncion|2026-06-02,totals|over|4.75|,totals,Over,4.75,,15.05,15.05,"[""Betfair Exchange""]","[""odds_api_io""]",1,,
soccer|12 octubre itaugua|atlantida asuncion|2026-06-02,totals|under|4.75|,totals,Under,4.75,,1.04,1.04,"[""Betfair Exchange""]","[""odds_api_io""]",1,,
soccer|12 octubre itaugua|atlantida asuncion|2026-06-02,totals|over|1.75|,totals,Over,1.75,,1.57,1.57,"[""Betfair Exchange""]","[""odds_api_io""]",1,,
soccer|12 octubre itaugua|atlantida asuncion|2026-06-02,totals|under|1.75|,totals,Under,1.75,,2.36,2.36,"[""Betfair Exchange""]","[""odds_api_io""]",1,,
soccer|12 octubre itaugua|atlantida asuncion|2026-06-02,totals|over|3.25|,totals,Over,3.25,,4.23,4.23,"[""Betfair Exchange""]","[""odds_api_io""]",1,,
soccer|12 octubre itaugua|atlantida asuncion|2026-06-02,totals|under|3.25|,totals,Under,3.25,,1.24,1.24,"[""Betfair Exchange""]","[""odds_api_io""]",1,,
soccer|12 octubre itaugua|atlantida asuncion|2026-06-02,totals|over|6.50|,totals,Over,6.5,,51.0,51.0,"[""Betfair Exchange""]","[""odds_api_io""]",1,,
soccer|12 octubre itaugua|atlantida asuncion|2026-06-02,totals|under|6.50|,totals,Under,6.5,,1.01,1.01,"[""Betfair Exchange""]","[""odds_api_io""]",1,,
soccer|12 octubre itaugua|atlantida asuncion|2026-06-02,totals|over|3.75|,totals,Over,3.75,,6.18,6.18,"[""Betfair Exchange""]","[""odds_api_io""]",1,,
soccer|12 octubre itaugua|atlantida asuncion|2026-06-02,totals|under|3.75|,totals,Under,3.75,,1.14,1.14,"[""Betfair Exchange""]","[""odds_api_io""]",1,,
soccer|12 octubre itaugua|atlantida asuncion|2026-06-02,totals|over|5.75|,totals,Over,5.75,,34.11,34.11,"[""Betfair Exchange""]","[""odds_api_io""]",1,,
soccer|12 octubre itaugua|atlantida asuncion|2026-06-02,totals|under|5.75|,totals,Under,5.75,,1.01,1.01,"[""Betfair Exchange""]","[""odds_api_io""]",1,,
soccer|12 octubre itaugua|atlantida asuncion|2026-06-02,totals|over|6.25|,totals,Over,6.25,,50.51,50.51,"[""Betfair Exchange""]","[""odds_api_io""]",1,,
soccer|12 octubre itaugua|atlantida asuncion|2026-06-02,totals|under|6.25|,totals,Under,6.25,,1.01,1.01,"[""Betfair Exchange""]","[""odds_api_io""]",1,,
soccer|12 octubre itaugua|atlantida asuncion|2026-06-02,totals|over|0.50|,totals,Over,0.5,,1.1,1.1,"[""Betfair Exchange""]","[""odds_api_io""]",1,,
soccer|12 octubre itaugua|atlantida asuncion|2026-06-02,totals|under|0.50|,totals,Under,0.5,,8.69,8.69,"[""Betfair Exchange""]","[""odds_api_io""]",1,,
soccer|12 octubre itaugua|atlantida asuncion|2026-06-02,totals|over|1.00|,totals,Over,1.0,,1.13,1.13,"[""Betfair Exchange""]","[""odds_api_io""]",1,,
soccer|12 octubre itaugua|atlantida asuncion|2026-06-02,totals|under|1.00|,totals,Under,1.0,,6.1,6.1,"[""Betfair Exchange""]","[""odds_api_io""]",1,,
soccer|12 octubre itaugua|atlantida asuncion|2026-06-02,totals|over|4.50|,totals,Over,4.5,,11.0,11.0,"[""Betfair Exchange""]","[""odds_api_io""]",1,,
soccer|12 octubre itaugua|atlantida asuncion|2026-06-02,totals|under|4.50|,totals,Under,4.5,,1.09,1.09,"[""Betfair Exchange""]","[""odds_api_io""]",1,,
soccer|12 octubre itaugua|atlantida asuncion|2026-06-02,totals|over|5.50|,totals,Over,5.5,,26.0,26.0,"[""Betfair Exchange""]","[""odds_api_io""]",1,,
soccer|12 octubre itaugua|atlantida asuncion|2026-06-02,totals|under|5.50|,totals,Under,5.5,,1.01,1.01,"[""Betfair Exchange""]","[""odds_api_io""]",1,,
soccer|12 octubre itaugua|atlantida asuncion|2026-06-02,btts|yes||,btts,Yes,,,1.96,1.96,"[""Betfair Exchange""]","[""odds_api_io""]",1,,
soccer|12 octubre itaugua|atlantida asuncion|2026-06-02,btts|no||,btts,No,,,1.82,1.82,"[""Betfair Exchange""]","[""odds_api_io""]",1,,
soccer|12 octubre itaugua|atlantida asuncion|2026-06-02,spreads|12 de octubre de itaugua|3.00|home,spreads,12 de Octubre de Itaugua,3.0,home,1.02,1.02,"[""Betfair Exchange""]","[""odds_api_io""]",1,,
soccer|12 octubre itaugua|atlantida asuncion|2026-06-02,spreads|atlantida sc asuncion|-3.00|away,spreads,Atlantida SC Asuncion,-3.0,away,180.0,180.0,"[""Betfair Exchange""]","[""odds_api_io""]",1,,
soccer|cscd laferrere|merlo|2026-06-02,h2h|deportivo merlo||home,h2h,Deportivo Merlo,,home,2.58,2.4695,"[""Bet365"", ""Unibet"", ""Betfair Exchange""]","[""odds_api_io""]",3,2.907,
soccer|cscd laferrere|merlo|2026-06-02,h2h|draw||,h2h,Draw,,,2.84,2.7131,"[""Bet365"", ""Unibet"", ""Betfair Exchange""]","[""odds_api_io""]",3,3.25,
soccer|cscd laferrere|merlo|2026-06-02,h2h|cscd laferrere||away,h2h,CSCD Laferrere,,away,3.55,3.2598,"[""Bet365"", ""Unibet"", ""Betfair Exchange""]","[""odds_api_io""]",3,4.089,
soccer|cscd laferrere|merlo|2026-06-02,dnb|deportivo merlo|0.00|home,dnb,Deportivo Merlo,0.0,home,1.68,1.6422,"[""Bet365"", ""Unibet"", ""Betfair Exchange""]","[""odds_api_io""]",3,3.767,
soccer|cscd laferrere|merlo|2026-06-02,dnb|cscd laferrere|0.00|away,dnb,CSCD Laferrere,0.0,away,2.3,2.1516,"[""Bet365"", ""Unibet"", ""Betfair Exchange""]","[""odds_api_io""]",3,5.065,
soccer|cscd laferrere|merlo|2026-06-02,spreads|deportivo merlo|-0.25|home,spreads,Deportivo Merlo,-0.25,home,2.13,2.09,"[""Bet365"", ""Betfair Exchange""]","[""odds_api_io""]",2,1.832,
soccer|cscd laferrere|merlo|2026-06-02,spreads|cscd laferrere|0.25|away,spreads,CSCD Laferrere,0.25,away,1.8,1.7751,"[""Bet365"", ""Betfair Exchange""]","[""odds_api_io""]",2,1.587,
soccer|cscd laferrere|merlo|2026-06-02,totals|over|1.75|,totals,Over,1.75,,2.01,1.9927,"[""Bet365"", ""Betfair Exchange""]","[""odds_api_io""]",2,0.882,
soccer|cscd laferrere|merlo|2026-06-02,totals|under|1.75|,totals,Under,1.75,,1.9,1.8624,"[""Bet365"", ""Betfair Exchange""]","[""odds_api_io""]",2,2.163,
soccer|cscd laferrere|merlo|2026-06-02,totals|over|2.50|,totals,Over,2.5,,3.4,3.2987,"[""Bet365"", ""Unibet"", ""Betfair Exchange""]","[""odds_api_io""]",3,1.357,
soccer|cscd laferrere|merlo|2026-06-02,totals|under|2.50|,totals,Under,2.5,,1.4,1.3228,"[""Bet365"", ""Unibet"", ""Betfair Exchange""]","[""odds_api_io""]",3,7.312,
soccer|cscd laferrere|merlo|2026-06-02,btts|yes||,btts,Yes,,,2.5,2.4789,"[""Bet365"", ""Unibet"", ""Betfair Exchange""]","[""odds_api_io""]",3,0.984,
soccer|cscd laferrere|merlo|2026-06-02,btts|no||,btts,No,,,1.6,1.5162,"[""Bet365"", ""Unibet"", ""Betfair Exchange""]","[""odds_api_io""]",3,6.466,
soccer|cscd laferrere|merlo|2026-06-02,spreads|deportivo merlo|-1.00|home,spreads,Deportivo Merlo,-1.0,home,6.4,5.2305,"[""Bet365"", ""Unibet"", ""Betfair Exchange""]","[""odds_api_io""]",5,6.597,
soccer|cscd laferrere|merlo|2026-06-02,spreads|cscd laferrere|-1.00|away,spreads,CSCD Laferrere,-1.0,away,10.0,2.6216,"[""Bet365"", ""Unibet"", ""Betfair Exchange""]","[""odds_api_io""]",5,74.034,
soccer|cscd laferrere|merlo|2026-06-02,spreads|deportivo merlo|-3.00|home,spreads,Deportivo Merlo,-3.0,home,85.0,55.6709,"[""Bet365"", ""Betfair Exchange""]","[""odds_api_io""]",2,1.263,
soccer|cscd laferrere|merlo|2026-06-02,spreads|deportivo merlo|-2.00|home,spreads,Deportivo Merlo,-2.0,home,20.0,17.431,"[""Bet365"", ""Betfair Exchange""]","[""odds_api_io""]",3,1.667,
soccer|cscd laferrere|merlo|2026-06-02,spreads|cscd laferrere|2.00|away,spreads,CSCD Laferrere,2.0,away,26.0,1.5788,"[""Bet365"", ""Betfair Exchange""]","[""odds_api_io""]",3,93.241,
soccer|cscd laferrere|merlo|2026-06-02,spreads|deportivo merlo|2.00|home,spreads,Deportivo Merlo,2.0,home,1.07,1.0442,"[""Bet365"", ""Betfair Exchange""]","[""odds_api_io""]",3,5.552,
soccer|cscd laferrere|merlo|2026-06-02,spreads|cscd laferrere|-2.00|away,spreads,CSCD Laferrere,-2.0,away,42.0,3.1731,"[""Bet365"", ""Betfair Exchange""]","[""odds_api_io""]",3,89.362,
soccer|cscd laferrere|merlo|2026-06-02,spreads|cscd laferrere|-3.00|away,spreads,CSCD Laferrere,-3.0,away,95.0,2.0649,"[""Bet365"", ""Betfair Exchange""]","[""odds_api_io""]",2,96.508,
soccer|cscd laferrere|merlo|2026-06-02,teamTotals|over|0.50|,teamTotals,Over,0.5,,1.8,1.613,"[""Bet365"", ""Unibet""]","[""odds_api_io""]",4,12.472,
soccer|cscd laferrere|merlo|2026-06-02,teamTotals|under|0.50|,teamTotals,Under,0.5,,2.3,2.0956,"[""Bet365"", ""Unibet""]","[""odds_api_io""]",4,8.905,
soccer|cscd laferrere|merlo|2026-06-02,teamTotals|over|1.50|,teamTotals,Over,1.5,,4.5,4.0909,"[""Bet365""]","[""odds_api_io""]",2,4.444,
soccer|cscd laferrere|merlo|2026-06-02,teamTotals|under|1.50|,teamTotals,Under,1.5,,1.25,1.2065,"[""Bet365""]","[""odds_api_io""]",2,5.763,
soccer|cscd laferrere|merlo|2026-06-02,teamTotals|over|2.50|,teamTotals,Over,2.5,,10.5,9.3947,"[""Bet365""]","[""odds_api_io""]",2,2.241,
soccer|cscd laferrere|merlo|2026-06-02,teamTotals|under|2.50|,teamTotals,Under,2.5,,1.05,1.0373,"[""Bet365""]","[""odds_api_io""]",2,2.323,
soccer|cscd laferrere|merlo|2026-06-02,teamTotals|over|3.50|,teamTotals,Over,3.5,,21.0,18.7895,"[""Bet365""]","[""odds_api_io""]",2,1.12,
soccer|cscd laferrere|merlo|2026-06-02,teamTotals|under|3.50|,teamTotals,Under,3.5,,1.005,1.0035,"[""Bet365""]","[""odds_api_io""]",2,0.298,
soccer|cscd laferrere|merlo|2026-06-02,spreads|deportivo merlo|-1.50|home,spreads,Deportivo Merlo,-1.5,home,6.44,6.1631,"[""Bet365"", ""Betfair Exchange""]","[""odds_api_io""]",2,1.421,
soccer|cscd laferrere|merlo|2026-06-02,spreads|cscd laferrere|1.50|away,spreads,CSCD Laferrere,1.5,away,1.15,1.1401,"[""Bet365"", ""Betfair Exchange""]","[""odds_api_io""]",2,1.539,
soccer|cscd laferrere|merlo|2026-06-02,spreads|deportivo merlo|-1.25|home,spreads,Deportivo Merlo,-1.25,home,5.76,5.6294,"[""Bet365"", ""Betfair Exchange""]","[""odds_api_io""]",2,0.821,
soccer|cscd laferrere|merlo|2026-06-02,spreads|cscd laferrere|1.25|away,spreads,CSCD Laferrere,1.25,away,1.17,1.1601,"[""Bet365"", ""Betfair Exchange""]","[""odds_api_io""]",2,1.486,
soccer|cscd laferrere|merlo|2026-06-02,spreads|cscd laferrere|1.00|away,spreads,CSCD Laferrere,1.0,away,7.0,1.7267,"[""Bet365"", ""Unibet"", ""Betfair Exchange""]","[""odds_api_io""]",4,68.359,
soccer|cscd laferrere|merlo|2026-06-02,spreads|deportivo merlo|-0.75|home,spreads,Deportivo Merlo,-0.75,home,3.26,3.1794,"[""Bet365"", ""Betfair Exchange""]","[""odds_api_io""]",2,1.583,
soccer|cscd laferrere|merlo|2026-06-02,spreads|cscd laferrere|0.75|away,spreads,CSCD Laferrere,0.75,away,4.15,2.0638,"[""Bet365"", ""Betfair Exchange""]","[""odds_api_io""]",2,47.846,
soccer|cscd laferrere|merlo|2026-06-02,spreads|deportivo merlo|-0.50|home,spreads,Deportivo Merlo,-0.5,home,2.58,2.5015,"[""Bet365"", ""Betfair Exchange""]","[""odds_api_io""]",2,2.477,
soccer|cscd laferrere|merlo|2026-06-02,spreads|cscd laferrere|0.50|away,spreads,CSCD Laferrere,0.5,away,3.3,2.1233,"[""Bet365"", ""Betfair Exchange""]","[""odds_api_io""]",2,32.988,
soccer|cscd laferrere|merlo|2026-06-02,spreads|deportivo merlo|0.25|home,spreads,Deportivo Merlo,0.25,home,1.47,1.4601,"[""Bet365"", ""Betfair Exchange""]","[""odds_api_io""]",2,0.938,
soccer|cscd laferrere|merlo|2026-06-02,spreads|cscd laferrere|-0.25|away,spreads,CSCD Laferrere,-0.25,away,2.92,2.7944,"[""Bet365"", ""Betfair Exchange""]","[""odds_api_io""]",2,3.137,
soccer|cscd laferrere|merlo|2026-06-02,spreads|deportivo merlo|0.50|home,spreads,Deportivo Merlo,0.5,home,1.36,1.3426,"[""Bet365"", ""Betfair Exchange""]","[""odds_api_io""]",2,1.942,
soccer|cscd laferrere|merlo|2026-06-02,spreads|cscd laferrere|-0.50|away,spreads,CSCD Laferrere,-0.5,away,3.55,2.1491,"[""Bet365"", ""Betfair Exchange""]","[""odds_api_io""]",2,37.405,
soccer|cscd laferrere|merlo|2026-06-02,spreads|deportivo merlo|0.75|home,spreads,Deportivo Merlo,0.75,home,1.23,1.2251,"[""Bet365"", ""Betfair Exchange""]","[""odds_api_io""]",2,0.666,
soccer|cscd laferrere|merlo|2026-06-02,spreads|cscd laferrere|-0.75|away,spreads,CSCD Laferrere,-0.75,away,5.0,2.1484,"[""Bet365"", ""Betfair Exchange""]","[""odds_api_io""]",2,54.074,
soccer|cscd laferrere|merlo|2026-06-02,spreads|deportivo merlo|1.00|home,spreads,Deportivo Merlo,1.0,home,1.36,1.1874,"[""Bet365"", ""Unibet"", ""Betfair Exchange""]","[""odds_api_io""]",4,18.214,
soccer|cscd laferrere|merlo|2026-06-02,spreads|deportivo merlo|0.00|home,spreads,Deportivo Merlo,0.0,home,1.68,1.6775,"[""Bet365"", ""Betfair Exchange""]","[""odds_api_io""]",2,0.178,
soccer|cscd laferrere|merlo|2026-06-02,spreads|cscd laferrere|-0.00|away,spreads,CSCD Laferrere,-0.0,away,2.3,2.2238,"[""Bet365"", ""Betfair Exchange""]","[""odds_api_io""]",2,3.033,
soccer|cscd laferrere|merlo|2026-06-02,doubleChance|1x||,doubleChance,1X,,,1.36,1.2449,"[""Unibet"", ""Betfair Exchange""]","[""odds_api_io""]",2,14.19,
soccer|cscd laferrere|merlo|2026-06-02,doubleChance|12||,doubleChance,12,,,1.82,1.638,"[""Unibet"", ""Betfair Exchange""]","[""odds_api_io""]",2,11.722,
soccer|cscd laferrere|merlo|2026-06-02,doubleChance|x2||,doubleChance,X2,,,1.58,1.3843,"[""Unibet"", ""Betfair Exchange""]","[""odds_api_io""]",2,18.676,
soccer|cscd laferrere|merlo|2026-06-02,totals|under|1.50|,totals,Under,1.5,,2.22,2.0709,"[""Unibet"", ""Betfair Exchange""]","[""odds_api_io""]",2,6.768,
soccer|cscd laferrere|merlo|2026-06-02,totals|over|0.50|,totals,Over,0.5,,1.17,1.1603,"[""Unibet"", ""Betfair Exchange""]","[""odds_api_io""]",2,1.486,
soccer|cscd laferrere|merlo|2026-06-02,totals|under|0.50|,totals,Under,0.5,,6.0,5.0774,"[""Unibet"", ""Betfair Exchange""]","[""odds_api_io""]",2,6.322,
soccer|cscd laferrere|merlo|2026-06-02,totals|over|3.50|,totals,Over,3.5,,7.66,6.9998,"[""Unibet"", ""Betfair Exchange""]","[""odds_api_io""]",2,2.57,
soccer|cscd laferrere|merlo|2026-06-02,totals|under|3.50|,totals,Under,3.5,,1.13,1.1004,"[""Unibet"", ""Betfair Exchange""]","[""odds_api_io""]",2,4.962,
soccer|cscd laferrere|merlo|2026-06-02,spreads|deportivo merlo|1.25|home,spreads,Deportivo Merlo,1.25,home,1.08,1.08,"[""Betfair Exchange""]","[""odds_api_io""]",1,,
soccer|cscd laferrere|merlo|2026-06-02,spreads|cscd laferrere|-1.25|away,spreads,CSCD Laferrere,-1.25,away,9.35,9.35,"[""Betfair Exchange""]","[""odds_api_io""]",1,,
soccer|cscd laferrere|merlo|2026-06-02,spreads|deportivo merlo|1.75|home,spreads,Deportivo Merlo,1.75,home,1.04,1.04,"[""Betfair Exchange""]","[""odds_api_io""]",1,,
soccer|cscd laferrere|merlo|2026-06-02,spreads|cscd laferrere|-1.75|away,spreads,CSCD Laferrere,-1.75,away,15.81,15.81,"[""Betfair Exchange""]","[""odds_api_io""]",1,,
soccer|cscd laferrere|merlo|2026-06-02,spreads|deportivo merlo|-2.25|home,spreads,Deportivo Merlo,-2.25,home,18.96,18.96,"[""Betfair Exchange""]","[""odds_api_io""]",1,,
soccer|cscd laferrere|merlo|2026-06-02,spreads|cscd laferrere|2.25|away,spreads,CSCD Laferrere,2.25,away,1.03,1.03,"[""Betfair Exchange""]","[""odds_api_io""]",1,,
soccer|cscd laferrere|merlo|2026-06-02,spreads|deportivo merlo|-1.75|home,spreads,Deportivo Merlo,-1.75,home,9.33,9.33,"[""Betfair Exchange""]","[""odds_api_io""]",1,,
soccer|cscd laferrere|merlo|2026-06-02,spreads|cscd laferrere|1.75|away,spreads,CSCD Laferrere,1.75,away,1.09,1.09,"[""Betfair Exchange""]","[""odds_api_io""]",1,,
soccer|cscd laferrere|merlo|2026-06-02,spreads|deportivo merlo|1.50|home,spreads,Deportivo Merlo,1.5,home,1.07,1.07,"[""Betfair Exchange""]","[""odds_api_io""]",1,,
soccer|cscd laferrere|merlo|2026-06-02,spreads|cscd laferrere|-1.50|away,spreads,CSCD Laferrere,-1.5,away,10.19,10.19,"[""Betfair Exchange""]","[""odds_api_io""]",1,,
soccer|cscd laferrere|merlo|2026-06-02,spreads|deportivo merlo|2.25|home,spreads,Deportivo Merlo,2.25,home,1.01,1.01,"[""Betfair Exchange""]","[""odds_api_io""]",1,,
soccer|cscd laferrere|merlo|2026-06-02,spreads|cscd laferrere|-2.25|away,spreads,CSCD Laferrere,-2.25,away,40.44,40.44,"[""Betfair Exchange""]","[""odds_api_io""]",1,,
soccer|cscd laferrere|merlo|2026-06-02,spreads|deportivo merlo|2.50|home,spreads,Deportivo Merlo,2.5,home,1.01,1.01,"[""Betfair Exchange""]","[""odds_api_io""]",1,,
soccer|cscd laferrere|merlo|2026-06-02,spreads|cscd laferrere|-2.50|away,spreads,CSCD Laferrere,-2.5,away,42.0,42.0,"[""Betfair Exchange""]","[""odds_api_io""]",1,,
soccer|cscd laferrere|merlo|2026-06-02,spreads|deportivo merlo|-2.75|home,spreads,Deportivo Merlo,-2.75,home,31.76,31.76,"[""Betfair Exchange""]","[""odds_api_io""]",1,,
soccer|cscd laferrere|merlo|2026-06-02,spreads|cscd laferrere|2.75|away,spreads,CSCD Laferrere,2.75,away,1.02,1.02,"[""Betfair Exchange""]","[""odds_api_io""]",1,,
soccer|cscd laferrere|merlo|2026-06-02,spreads|deportivo merlo|-2.50|home,spreads,Deportivo Merlo,-2.5,home,20.0,20.0,"[""Betfair Exchange""]","[""odds_api_io""]",1,,
soccer|cscd laferrere|merlo|2026-06-02,spreads|cscd laferrere|2.50|away,spreads,CSCD Laferrere,2.5,away,1.03,1.03,"[""Betfair Exchange""]","[""odds_api_io""]",1,,
soccer|cscd laferrere|merlo|2026-06-02,spreads|deportivo merlo|2.75|home,spreads,Deportivo Merlo,2.75,home,1.01,1.01,"[""Betfair Exchange""]","[""odds_api_io""]",1,,
soccer|cscd laferrere|merlo|2026-06-02,spreads|cscd laferrere|-2.75|away,spreads,CSCD Laferrere,-2.75,away,69.85,69.85,"[""Betfair Exchange""]","[""odds_api_io""]",1,,
soccer|cscd laferrere|merlo|2026-06-02,totals|over|3.75|,totals,Over,3.75,,10.76,10.76,"[""Betfair Exchange""]","[""odds_api_io""]",1,,
soccer|cscd laferrere|merlo|2026-06-02,totals|under|3.75|,totals,Under,3.75,,1.08,1.08,"[""Betfair Exchange""]","[""odds_api_io""]",1,,
soccer|cscd laferrere|merlo|2026-06-02,totals|over|1.00|,totals,Over,1.0,,1.26,1.26,"[""Betfair Exchange""]","[""odds_api_io""]",1,,
soccer|cscd laferrere|merlo|2026-06-02,totals|under|1.00|,totals,Under,1.0,,4.11,4.11,"[""Betfair Exchange""]","[""odds_api_io""]",1,,
soccer|cscd laferrere|merlo|2026-06-02,totals|over|0.75|,totals,Over,0.75,,1.2,1.2,"[""Betfair Exchange""]","[""odds_api_io""]",1,,
soccer|cscd laferrere|merlo|2026-06-02,totals|under|0.75|,totals,Under,0.75,,4.89,4.89,"[""Betfair Exchange""]","[""odds_api_io""]",1,,
soccer|cscd laferrere|merlo|2026-06-02,totals|over|5.50|,totals,Over,5.5,,70.0,70.0,"[""Betfair Exchange""]","[""odds_api_io""]",1,,
soccer|cscd laferrere|merlo|2026-06-02,totals|under|5.50|,totals,Under,5.5,,1.01,1.01,"[""Betfair Exchange""]","[""odds_api_io""]",1,,
soccer|cscd laferrere|merlo|2026-06-02,totals|over|1.25|,totals,Over,1.25,,1.51,1.51,"[""Betfair Exchange""]","[""odds_api_io""]",1,,
soccer|cscd laferrere|merlo|2026-06-02,totals|under|1.25|,totals,Under,1.25,,2.56,2.56,"[""Betfair Exchange""]","[""odds_api_io""]",1,,
soccer|cscd laferrere|merlo|2026-06-02,totals|over|7.75|,totals,Over,7.75,,854.25,854.25,"[""Betfair Exchange""]","[""odds_api_io""]",1,,
soccer|cscd laferrere|merlo|2026-06-02,totals|under|7.75|,totals,Under,7.75,,19.32,19.32,"[""Betfair Exchange""]","[""odds_api_io""]",1,,
soccer|cscd laferrere|merlo|2026-06-02,totals|over|4.75|,totals,Over,4.75,,32.24,32.24,"[""Betfair Exchange""]","[""odds_api_io""]",1,,
soccer|cscd laferrere|merlo|2026-06-02,totals|under|4.75|,totals,Under,4.75,,1.01,1.01,"[""Betfair Exchange""]","[""odds_api_io""]",1,,
soccer|cscd laferrere|merlo|2026-06-02,totals|over|2.25|,totals,Over,2.25,,2.86,2.86,"[""Betfair Exchange""]","[""odds_api_io""]",1,,
soccer|cscd laferrere|merlo|2026-06-02,totals|under|2.25|,totals,Under,2.25,,1.48,1.48,"[""Betfair Exchange""]","[""odds_api_io""]",1,,
soccer|cscd laferrere|merlo|2026-06-02,totals|over|4.25|,totals,Over,4.25,,20.13,20.13,"[""Betfair Exchange""]","[""odds_api_io""]",1,,
soccer|cscd laferrere|merlo|2026-06-02,totals|under|4.25|,totals,Under,4.25,,1.03,1.03,"[""Betfair Exchange""]","[""odds_api_io""]",1,,
soccer|cscd laferrere|merlo|2026-06-02,totals|over|2.00|,totals,Over,2.0,,2.48,2.48,"[""Betfair Exchange""]","[""odds_api_io""]",1,,
soccer|cscd laferrere|merlo|2026-06-02,totals|under|2.00|,totals,Under,2.0,,1.62,1.62,"[""Betfair Exchange""]","[""odds_api_io""]",1,,
soccer|cscd laferrere|merlo|2026-06-02,totals|over|2.75|,totals,Over,2.75,,3.6,3.6,"[""Betfair Exchange""]","[""odds_api_io""]",1,,
soccer|cscd laferrere|merlo|2026-06-02,totals|under|2.75|,totals,Under,2.75,,1.25,1.25,"[""Betfair Exchange""]","[""odds_api_io""]",1,,
soccer|cscd laferrere|merlo|2026-06-02,totals|over|6.25|,totals,Over,6.25,,189.23,189.23,"[""Betfair Exchange""]","[""odds_api_io""]",1,,
soccer|cscd laferrere|merlo|2026-06-02,totals|under|6.25|,totals,Under,6.25,,7.35,7.35,"[""Betfair Exchange""]","[""odds_api_io""]",1,,
soccer|cscd laferrere|merlo|2026-06-02,totals|over|7.25|,totals,Over,7.25,,610.33,610.33,"[""Betfair Exchange""]","[""odds_api_io""]",1,,
soccer|cscd laferrere|merlo|2026-06-02,totals|under|7.25|,totals,Under,7.25,,1.01,1.01,"[""Betfair Exchange""]","[""odds_api_io""]",1,,
soccer|cscd laferrere|merlo|2026-06-02,totals|over|5.25|,totals,Over,5.25,,68.83,68.83,"[""Betfair Exchange""]","[""odds_api_io""]",1,,
soccer|cscd laferrere|merlo|2026-06-02,totals|under|5.25|,totals,Under,5.25,,1.01,1.01,"[""Betfair Exchange""]","[""odds_api_io""]",1,,
soccer|cscd laferrere|merlo|2026-06-02,totals|over|3.25|,totals,Over,3.25,,6.98,6.98,"[""Betfair Exchange""]","[""odds_api_io""]",1,,
soccer|cscd laferrere|merlo|2026-06-02,totals|under|3.25|,totals,Under,3.25,,1.14,1.14,"[""Betfair Exchange""]","[""odds_api_io""]",1,,
soccer|cscd laferrere|merlo|2026-06-02,totals|over|3.00|,totals,Over,3.0,,6.3,6.3,"[""Betfair Exchange""]","[""odds_api_io""]",1,,
soccer|cscd laferrere|merlo|2026-06-02,totals|under|3.00|,totals,Under,3.0,,1.15,1.15,"[""Betfair Exchange""]","[""odds_api_io""]",1,,
soccer|cscd laferrere|merlo|2026-06-02,totals|over|5.00|,totals,Over,5.0,,67.66,67.66,"[""Betfair Exchange""]","[""odds_api_io""]",1,,
soccer|cscd laferrere|merlo|2026-06-02,totals|under|5.00|,totals,Under,5.0,,1.01,1.01,"[""Betfair Exchange""]","[""odds_api_io""]",1,,
soccer|cscd laferrere|merlo|2026-06-02,totals|over|4.50|,totals,Over,4.5,,21.0,21.0,"[""Betfair Exchange""]","[""odds_api_io""]",1,,
soccer|cscd laferrere|merlo|2026-06-02,totals|under|4.50|,totals,Under,4.5,,1.03,1.03,"[""Betfair Exchange""]","[""odds_api_io""]",1,,
soccer|cscd laferrere|merlo|2026-06-02,totals|over|4.00|,totals,Over,4.0,,19.26,19.26,"[""Betfair Exchange""]","[""odds_api_io""]",1,,
soccer|cscd laferrere|merlo|2026-06-02,totals|under|4.00|,totals,Under,4.0,,1.03,1.03,"[""Betfair Exchange""]","[""odds_api_io""]",1,,
soccer|cscd laferrere|merlo|2026-06-02,spreads|deportivo merlo|3.00|home,spreads,Deportivo Merlo,3.0,home,1.01,1.01,"[""Betfair Exchange""]","[""odds_api_io""]",1,,
soccer|cscd laferrere|merlo|2026-06-02,spreads|cscd laferrere|3.00|away,spreads,CSCD Laferrere,3.0,away,1.03,1.03,"[""Betfair Exchange""]","[""odds_api_io""]",1,,
soccer|brave|nona|2026-06-02,h2h|nona fc||home,h2h,Nona FC,,home,2.2,2.2,"[""Bet365""]","[""odds_api_io""]",1,,
soccer|brave|nona|2026-06-02,h2h|draw||,h2h,Draw,,,3.5,3.5,"[""Bet365""]","[""odds_api_io""]",1,,
soccer|brave|nona|2026-06-02,h2h|brave sc||away,h2h,Brave SC,,away,2.7,2.7,"[""Bet365""]","[""odds_api_io""]",1,,
soccer|brave|nona|2026-06-02,dnb|nona fc|0.00|home,dnb,Nona FC,0.0,home,1.666,1.666,"[""Bet365""]","[""odds_api_io""]",1,,
soccer|brave|nona|2026-06-02,dnb|brave sc|0.00|away,dnb,Brave SC,0.0,away,2.1,2.1,"[""Bet365""]","[""odds_api_io""]",1,,
soccer|brave|nona|2026-06-02,spreads|nona fc|-0.25|home,spreads,Nona FC,-0.25,home,2.0,2.0,"[""Bet365""]","[""odds_api_io""]",1,,
soccer|brave|nona|2026-06-02,spreads|brave sc|0.25|away,spreads,Brave SC,0.25,away,1.8,1.8,"[""Bet365""]","[""odds_api_io""]",1,,
soccer|brave|nona|2026-06-02,totals|over|2.75|,totals,Over,2.75,,2.0,2.0,"[""Bet365""]","[""odds_api_io""]",1,,
soccer|brave|nona|2026-06-02,totals|under|2.75|,totals,Under,2.75,,1.8,1.8,"[""Bet365""]","[""odds_api_io""]",1,,
soccer|brave|nona|2026-06-02,totals|over|2.50|,totals,Over,2.5,,1.8,1.8,"[""Bet365""]","[""odds_api_io""]",1,,
soccer|brave|nona|2026-06-02,totals|under|2.50|,totals,Under,2.5,,2.0,2.0,"[""Bet365""]","[""odds_api_io""]",1,,
soccer|ca barracas central|ca huracan|2026-06-03,h2h|ca barracas central||home,h2h,CA Barracas Central,,home,4.2,3.7389,"[""Bet365"", ""Unibet"", ""Betfair Exchange"", ""Sbobet""]","[""odds_api_io""]",4,5.776,
soccer|ca barracas central|ca huracan|2026-06-03,h2h|draw||,h2h,Draw,,,2.875,2.7975,"[""Bet365"", ""Unibet"", ""Betfair Exchange"", ""Sbobet""]","[""odds_api_io""]",4,2.254,
soccer|ca barracas central|ca huracan|2026-06-03,h2h|ca huracan||away,h2h,CA Huracan,,away,2.4,2.2795,"[""Bet365"", ""Unibet"", ""Betfair Exchange"", ""Sbobet""]","[""odds_api_io""]",4,4.205,
soccer|ca barracas central|ca huracan|2026-06-03,dnb|ca barracas central|0.00|home,dnb,CA Barracas Central,0.0,home,2.74,2.5715,"[""Bet365"", ""Unibet"", ""Betfair Exchange""]","[""odds_api_io""]",3,3.826,
soccer|ca barracas central|ca huracan|2026-06-03,dnb|ca huracan|0.00|away,dnb,CA Huracan,0.0,away,1.55,1.507,"[""Bet365"", ""Unibet"", ""Betfair Exchange""]","[""odds_api_io""]",3,3.511,
soccer|ca barracas central|ca huracan|2026-06-03,spreads|ca barracas central|0.25|home,spreads,CA Barracas Central,0.25,home,2.0,1.9563,"[""Bet365"", ""Betfair Exchange"", ""Sbobet""]","[""odds_api_io""]",3,2.632,
soccer|ca barracas central|ca huracan|2026-06-03,spreads|ca huracan|-0.25|away,spreads,CA Huracan,-0.25,away,1.97,1.9334,"[""Bet365"", ""Betfair Exchange"", ""Sbobet""]","[""odds_api_io""]",3,1.87,
soccer|ca barracas central|ca huracan|2026-06-03,totals|over|1.75|,totals,Over,1.75,,2.03,2.0018,"[""Bet365"", ""Betfair Exchange"", ""Sbobet""]","[""odds_api_io""]",3,1.372,
soccer|ca barracas central|ca huracan|2026-06-03,totals|under|1.75|,totals,Under,1.75,,1.88,1.8479,"[""Bet365"", ""Betfair Exchange"", ""Sbobet""]","[""odds_api_io""]",3,1.603,
soccer|ca barracas central|ca huracan|2026-06-03,totals|over|2.50|,totals,Over,2.5,,3.5,3.1662,"[""Bet365"", ""Unibet"", ""Betfair Exchange""]","[""odds_api_io""]",3,7.143,
soccer|ca barracas central|ca huracan|2026-06-03,totals|under|2.50|,totals,Under,2.5,,1.38,1.3608,"[""Bet365"", ""Unibet"", ""Betfair Exchange""]","[""odds_api_io""]",3,2.555,
soccer|ca barracas central|ca huracan|2026-06-03,btts|yes||,btts,Yes,,,2.625,2.4587,"[""Bet365"", ""Unibet"", ""Betfair Exchange""]","[""odds_api_io""]",3,7.359,
soccer|ca barracas central|ca huracan|2026-06-03,btts|no||,btts,No,,,1.58,1.5257,"[""Bet365"", ""Unibet"", ""Betfair Exchange""]","[""odds_api_io""]",3,5.961,
soccer|ca barracas central|ca huracan|2026-06-03,spreads|ca huracan|1.00|away,spreads,CA Huracan,1.0,away,4.75,1.4978,"[""Bet365"", ""Unibet"", ""Betfair Exchange""]","[""odds_api_io""]",4,72.405,
soccer|ca barracas central|ca huracan|2026-06-03,spreads|ca barracas central|2.00|home,spreads,CA Barracas Central,2.0,home,1.18,1.127,"[""Bet365"", ""Unibet"", ""Betfair Exchange""]","[""odds_api_io""]",4,11.408,
soccer|ca barracas central|ca huracan|2026-06-03,spreads|ca huracan|-2.00|away,spreads,CA Huracan,-2.0,away,16.0,3.414,"[""Bet365"", ""Unibet"", ""Betfair Exchange""]","[""odds_api_io""]",4,88.988,
soccer|ca barracas central|ca huracan|2026-06-03,spreads|ca huracan|-1.00|away,spreads,CA Huracan,-1.0,away,5.9,2.4826,"[""Bet365"", ""Unibet"", ""Betfair Exchange""]","[""odds_api_io""]",5,67.725,
soccer|ca barracas central|ca huracan|2026-06-03,spreads|ca huracan|3.00|away,spreads,CA Huracan,3.0,away,29.0,1.9195,"[""Bet365"", ""Betfair Exchange""]","[""odds_api_io""]",2,95.562,
soccer|ca barracas central|ca huracan|2026-06-03,teamTotals|over|1.50|,teamTotals,Over,1.5,,4.5,3.4401,"[""Bet365"", ""Unibet""]","[""odds_api_io""]",4,14.815,
soccer|ca barracas central|ca huracan|2026-06-03,teamTotals|under|1.50|,teamTotals,Under,1.5,,1.4,1.2683,"[""Bet365"", ""Unibet""]","[""odds_api_io""]",4,14.335,
soccer|ca barracas central|ca huracan|2026-06-03,teamTotals|over|2.50|,teamTotals,Over,2.5,,10.5,8.4,"[""Bet365""]","[""odds_api_io""]",2,4.762,
soccer|ca barracas central|ca huracan|2026-06-03,teamTotals|under|2.50|,teamTotals,Under,2.5,,1.083,1.0532,"[""Bet365""]","[""odds_api_io""]",2,5.225,
soccer|ca barracas central|ca huracan|2026-06-03,teamTotals|over|0.50|,teamTotals,Over,0.5,,1.8,1.5417,"[""Bet365"", ""Unibet""]","[""odds_api_io""]",4,17.974,
soccer|ca barracas central|ca huracan|2026-06-03,teamTotals|under|0.50|,teamTotals,Under,0.5,,2.85,2.3072,"[""Bet365"", ""Unibet""]","[""odds_api_io""]",4,17.296,
soccer|ca barracas central|ca huracan|2026-06-03,teamTotals|over|3.50|,teamTotals,Over,3.5,,21.0,15.2727,"[""Bet365""]","[""odds_api_io""]",2,3.571,
soccer|ca barracas central|ca huracan|2026-06-03,teamTotals|under|3.50|,teamTotals,Under,3.5,,1.015,1.0085,"[""Bet365""]","[""odds_api_io""]",2,1.278,
soccer|ca barracas central|ca huracan|2026-06-03,teamTotals|over|4.50|,teamTotals,Over,4.5,,21.0,21.0,"[""Bet365""]","[""odds_api_io""]",1,,
soccer|ca barracas central|ca huracan|2026-06-03,teamTotals|under|4.50|,teamTotals,Under,4.5,,1.002,1.002,"[""Bet365""]","[""odds_api_io""]",1,,
soccer|ca barracas central|ca huracan|2026-06-03,spreads|ca barracas central|-0.25|home,spreads,CA Barracas Central,-0.25,home,3.47,3.2779,"[""Bet365"", ""Betfair Exchange""]","[""odds_api_io""]",2,3.44,
soccer|ca barracas central|ca huracan|2026-06-03,spreads|ca huracan|0.25|away,spreads,CA Huracan,0.25,away,1.39,1.3701,"[""Bet365"", ""Betfair Exchange""]","[""odds_api_io""]",2,2.132,
soccer|ca barracas central|ca huracan|2026-06-03,spreads|ca barracas central|1.50|home,spreads,CA Barracas Central,1.5,home,1.18,1.1768,"[""Bet365"", ""Unibet"", ""Betfair Exchange""]","[""odds_api_io""]",3,0.724,
soccer|ca barracas central|ca huracan|2026-06-03,spreads|ca huracan|-1.50|away,spreads,CA Huracan,-1.5,away,5.9,4.8819,"[""Bet365"", ""Unibet"", ""Betfair Exchange""]","[""odds_api_io""]",3,6.307,
soccer|ca barracas central|ca huracan|2026-06-03,spreads|ca barracas central|1.75|home,spreads,CA Barracas Central,1.75,home,1.115,1.1124,"[""Bet365"", ""Betfair Exchange""]","[""odds_api_io""]",2,0.404,
soccer|ca barracas central|ca huracan|2026-06-03,spreads|ca huracan|-1.75|away,spreads,CA Huracan,-1.75,away,8.58,7.3508,"[""Bet365"", ""Betfair Exchange""]","[""odds_api_io""]",2,3.97,
soccer|ca barracas central|ca huracan|2026-06-03,spreads|ca barracas central|-0.75|home,spreads,CA Barracas Central,-0.75,home,5.98,5.4551,"[""Bet365"", ""Betfair Exchange""]","[""odds_api_io""]",2,3.278,
soccer|ca barracas central|ca huracan|2026-06-03,spreads|ca huracan|0.75|away,spreads,CA Huracan,0.75,away,2.675,1.6261,"[""Bet365"", ""Betfair Exchange""]","[""odds_api_io""]",2,47.363,
soccer|ca barracas central|ca huracan|2026-06-03,spreads|ca barracas central|-0.50|home,spreads,CA Barracas Central,-0.5,home,4.21,3.7901,"[""Bet365"", ""Unibet"", ""Betfair Exchange""]","[""odds_api_io""]",3,4.818,
soccer|ca barracas central|ca huracan|2026-06-03,spreads|ca huracan|0.50|away,spreads,CA Huracan,0.5,away,2.2,1.4841,"[""Bet365"", ""Unibet"", ""Betfair Exchange""]","[""odds_api_io""]",3,34.545,
soccer|ca barracas central|ca huracan|2026-06-03,spreads|ca barracas central|0.00|home,spreads,CA Barracas Central,0.0,home,2.74,2.6167,"[""Bet365"", ""Betfair Exchange""]","[""odds_api_io""]",2,3.504,
soccer|ca barracas central|ca huracan|2026-06-03,spreads|ca huracan|-0.00|away,spreads,CA Huracan,-0.0,away,1.55,1.525,"[""Bet365"", ""Betfair Exchange""]","[""odds_api_io""]",2,2.151,
soccer|ca barracas central|ca huracan|2026-06-03,spreads|ca barracas central|0.50|home,spreads,CA Barracas Central,0.5,home,1.7,1.6628,"[""Bet365"", ""Unibet"", ""Betfair Exchange"", ""Sbobet""]","[""odds_api_io""]",4,2.526,
soccer|ca barracas central|ca huracan|2026-06-03,spreads|ca huracan|-0.50|away,spreads,CA Huracan,-0.5,away,2.4,1.8893,"[""Bet365"", ""Unibet"", ""Betfair Exchange"", ""Sbobet""]","[""odds_api_io""]",4,37.698,
soccer|ca barracas central|ca huracan|2026-06-03,spreads|ca barracas central|0.75|home,spreads,CA Barracas Central,0.75,home,1.48,1.4651,"[""Bet365"", ""Betfair Exchange""]","[""odds_api_io""]",2,1.398,
soccer|ca barracas central|ca huracan|2026-06-03,spreads|ca huracan|-0.75|away,spreads,CA Huracan,-0.75,away,3.0,1.697,"[""Bet365"", ""Betfair Exchange""]","[""odds_api_io""]",2,52.137,
soccer|ca barracas central|ca huracan|2026-06-03,spreads|ca barracas central|1.00|home,spreads,CA Barracas Central,1.0,home,1.9,1.4761,"[""Bet365"", ""Unibet"", ""Betfair Exchange""]","[""odds_api_io""]",4,26.734,
soccer|ca barracas central|ca huracan|2026-06-03,spreads|ca barracas central|1.25|home,spreads,CA Barracas Central,1.25,home,1.21,1.21,"[""Bet365"", ""Betfair Exchange""]","[""odds_api_io""]",2,,
soccer|ca barracas central|ca huracan|2026-06-03,spreads|ca huracan|-1.25|away,spreads,CA Huracan,-1.25,away,5.17,4.6734,"[""Bet365"", ""Betfair Exchange""]","[""odds_api_io""]",2,4.187,
soccer|ca barracas central|ca huracan|2026-06-03,doubleChance|1x||,doubleChance,1X,,,1.7,1.5122,"[""Unibet"", ""Betfair Exchange""]","[""odds_api_io""]",2,15.251,
soccer|ca barracas central|ca huracan|2026-06-03,doubleChance|12||,doubleChance,12,,,1.56,1.5442,"[""Unibet"", ""Betfair Exchange""]","[""odds_api_io""]",2,1.257,
soccer|ca barracas central|ca huracan|2026-06-03,doubleChance|x2||,doubleChance,X2,,,1.3,1.2343,"[""Unibet"", ""Betfair Exchange""]","[""odds_api_io""]",2,8.547,
soccer|ca barracas central|ca huracan|2026-06-03,spreads|ca barracas central|-1.50|home,spreads,CA Barracas Central,-1.5,home,14.5,10.0198,"[""Unibet"", ""Betfair Exchange""]","[""odds_api_io""]",2,6.437,
soccer|ca barracas central|ca huracan|2026-06-03,spreads|ca huracan|1.50|away,spreads,CA Huracan,1.5,away,1.06,1.0548,"[""Unibet"", ""Betfair Exchange""]","[""odds_api_io""]",2,0.898,
soccer|ca barracas central|ca huracan|2026-06-03,totals|over|1.50|,totals,Over,1.5,,1.57,1.57,"[""Unibet""]","[""odds_api_io""]",1,,
soccer|ca barracas central|ca huracan|2026-06-03,totals|under|1.50|,totals,Under,1.5,,2.23,2.1922,"[""Unibet"", ""Betfair Exchange"", ""Sbobet""]","[""odds_api_io""]",3,2.105,
soccer|ca barracas central|ca huracan|2026-06-03,totals|over|0.50|,totals,Over,0.5,,1.2,1.1603,"[""Unibet"", ""Betfair Exchange""]","[""odds_api_io""]",2,5.952,
soccer|ca barracas central|ca huracan|2026-06-03,totals|under|0.50|,totals,Under,0.5,,5.8,5.4422,"[""Unibet"", ""Betfair Exchange""]","[""odds_api_io""]",2,2.366,
soccer|ca barracas central|ca huracan|2026-06-03,totals|over|3.50|,totals,Over,3.5,,8.2,6.5684,"[""Unibet"", ""Betfair Exchange""]","[""odds_api_io""]",2,6.323,
soccer|ca barracas central|ca huracan|2026-06-03,totals|under|3.50|,totals,Under,3.5,,1.12,1.1152,"[""Unibet"", ""Betfair Exchange""]","[""odds_api_io""]",2,0.804,
soccer|ca barracas central|ca huracan|2026-06-03,spreads|ca barracas central|-1.00|home,spreads,CA Barracas Central,-1.0,home,14.5,6.4393,"[""Unibet"", ""Betfair Exchange""]","[""odds_api_io""]",3,25.89,
soccer|ca barracas central|ca huracan|2026-06-03,spreads|ca barracas central|3.00|home,spreads,CA Barracas Central,3.0,home,1.34,1.1649,"[""Unibet"", ""Betfair Exchange""]","[""odds_api_io""]",2,21.527,
soccer|ca barracas central|ca huracan|2026-06-03,spreads|ca huracan|-3.00|away,spreads,CA Huracan,-3.0,away,70.0,5.9833,"[""Unibet"", ""Betfair Exchange""]","[""odds_api_io""]",2,31.905,
soccer|ca barracas central|ca huracan|2026-06-03,spreads|ca barracas central|-2.00|home,spreads,CA Barracas Central,-2.0,home,60.0,58.3878,"[""Betfair Exchange""]","[""odds_api_io""]",2,0.092,
soccer|ca barracas central|ca huracan|2026-06-03,spreads|ca huracan|2.00|away,spreads,CA Huracan,2.0,away,1.05,1.0296,"[""Betfair Exchange""]","[""odds_api_io""]",2,3.772,
soccer|ca barracas central|ca huracan|2026-06-03,spreads|ca barracas central|-2.25|home,spreads,CA Barracas Central,-2.25,home,58.43,58.43,"[""Betfair Exchange""]","[""odds_api_io""]",1,,
soccer|ca barracas central|ca huracan|2026-06-03,spreads|ca huracan|2.25|away,spreads,CA Huracan,2.25,away,1.01,1.01,"[""Betfair Exchange""]","[""odds_api_io""]",1,,
soccer|ca barracas central|ca huracan|2026-06-03,spreads|ca barracas central|-1.75|home,spreads,CA Barracas Central,-1.75,home,22.74,22.74,"[""Betfair Exchange""]","[""odds_api_io""]",1,,
soccer|ca barracas central|ca huracan|2026-06-03,spreads|ca huracan|1.75|away,spreads,CA Huracan,1.75,away,1.03,1.03,"[""Betfair Exchange""]","[""odds_api_io""]",1,,
soccer|ca barracas central|ca huracan|2026-06-03,spreads|ca barracas central|-1.25|home,spreads,CA Barracas Central,-1.25,home,13.28,13.28,"[""Betfair Exchange""]","[""odds_api_io""]",1,,
soccer|ca barracas central|ca huracan|2026-06-03,spreads|ca huracan|1.25|away,spreads,CA Huracan,1.25,away,1.06,1.06,"[""Betfair Exchange""]","[""odds_api_io""]",1,,
soccer|ca barracas central|ca huracan|2026-06-03,spreads|ca barracas central|-2.50|home,spreads,CA Barracas Central,-2.5,home,60.0,60.0,"[""Betfair Exchange""]","[""odds_api_io""]",1,,
soccer|ca barracas central|ca huracan|2026-06-03,spreads|ca huracan|2.50|away,spreads,CA Huracan,2.5,away,1.01,1.01,"[""Betfair Exchange""]","[""odds_api_io""]",1,,
soccer|ca barracas central|ca huracan|2026-06-03,spreads|ca barracas central|2.75|home,spreads,CA Barracas Central,2.75,home,1.02,1.02,"[""Betfair Exchange""]","[""odds_api_io""]",1,,
soccer|ca barracas central|ca huracan|2026-06-03,spreads|ca huracan|-2.75|away,spreads,CA Huracan,-2.75,away,25.41,25.41,"[""Betfair Exchange""]","[""odds_api_io""]",1,,
soccer|ca barracas central|ca huracan|2026-06-03,spreads|ca barracas central|2.25|home,spreads,CA Barracas Central,2.25,home,1.04,1.04,"[""Betfair Exchange""]","[""odds_api_io""]",1,,
soccer|ca barracas central|ca huracan|2026-06-03,spreads|ca huracan|-2.25|away,spreads,CA Huracan,-2.25,away,15.22,15.22,"[""Betfair Exchange""]","[""odds_api_io""]",1,,
soccer|ca barracas central|ca huracan|2026-06-03,spreads|ca barracas central|2.50|home,spreads,CA Barracas Central,2.5,home,1.04,1.04,"[""Betfair Exchange""]","[""odds_api_io""]",1,,
soccer|ca barracas central|ca huracan|2026-06-03,spreads|ca huracan|-2.50|away,spreads,CA Huracan,-2.5,away,16.0,16.0,"[""Betfair Exchange""]","[""odds_api_io""]",1,,
soccer|ca barracas central|ca huracan|2026-06-03,totals|over|3.25|,totals,Over,3.25,,7.52,7.52,"[""Betfair Exchange""]","[""odds_api_io""]",1,,
soccer|ca barracas central|ca huracan|2026-06-03,totals|under|3.25|,totals,Under,3.25,,1.13,1.13,"[""Betfair Exchange""]","[""odds_api_io""]",1,,
soccer|ca barracas central|ca huracan|2026-06-03,totals|over|3.00|,totals,Over,3.0,,6.85,6.85,"[""Betfair Exchange""]","[""odds_api_io""]",1,,
soccer|ca barracas central|ca huracan|2026-06-03,totals|under|3.00|,totals,Under,3.0,,1.14,1.14,"[""Betfair Exchange""]","[""odds_api_io""]",1,,
soccer|ca barracas central|ca huracan|2026-06-03,totals|over|2.00|,totals,Over,2.0,,2.53,2.53,"[""Betfair Exchange""]","[""odds_api_io""]",1,,
soccer|ca barracas central|ca huracan|2026-06-03,totals|under|2.00|,totals,Under,2.0,,1.59,1.59,"[""Betfair Exchange""]","[""odds_api_io""]",1,,
soccer|ca barracas central|ca huracan|2026-06-03,totals|over|2.75|,totals,Over,2.75,,4.5,4.5,"[""Betfair Exchange""]","[""odds_api_io""]",1,,
soccer|ca barracas central|ca huracan|2026-06-03,totals|under|2.75|,totals,Under,2.75,,1.21,1.21,"[""Betfair Exchange""]","[""odds_api_io""]",1,,
soccer|ca barracas central|ca huracan|2026-06-03,totals|over|1.25|,totals,Over,1.25,,1.53,1.53,"[""Betfair Exchange""]","[""odds_api_io""]",1,,
soccer|ca barracas central|ca huracan|2026-06-03,totals|under|1.25|,totals,Under,1.25,,2.73,2.73,"[""Betfair Exchange""]","[""odds_api_io""]",1,,
soccer|ca barracas central|ca huracan|2026-06-03,totals|over|4.25|,totals,Over,4.25,,23.03,23.03,"[""Betfair Exchange""]","[""odds_api_io""]",1,,
soccer|ca barracas central|ca huracan|2026-06-03,totals|under|4.25|,totals,Under,4.25,,1.04,1.04,"[""Betfair Exchange""]","[""odds_api_io""]",1,,
soccer|ca barracas central|ca huracan|2026-06-03,totals|over|2.25|,totals,Over,2.25,,3.01,3.01,"[""Betfair Exchange""]","[""odds_api_io""]",1,,
soccer|ca barracas central|ca huracan|2026-06-03,totals|under|2.25|,totals,Under,2.25,,1.46,1.46,"[""Betfair Exchange""]","[""odds_api_io""]",1,,
soccer|ca barracas central|ca huracan|2026-06-03,totals|over|4.00|,totals,Over,4.0,,22.07,22.07,"[""Betfair Exchange""]","[""odds_api_io""]",1,,
soccer|ca barracas central|ca huracan|2026-06-03,totals|under|4.00|,totals,Under,4.0,,1.04,1.04,"[""Betfair Exchange""]","[""odds_api_io""]",1,,
soccer|ca barracas central|ca huracan|2026-06-03,totals|over|3.75|,totals,Over,3.75,,11.73,11.73,"[""Betfair Exchange""]","[""odds_api_io""]",1,,
soccer|ca barracas central|ca huracan|2026-06-03,totals|under|3.75|,totals,Under,3.75,,1.06,1.06,"[""Betfair Exchange""]","[""odds_api_io""]",1,,
soccer|ca barracas central|ca huracan|2026-06-03,totals|over|1.00|,totals,Over,1.0,,1.29,1.29,"[""Betfair Exchange""]","[""odds_api_io""]",1,,
soccer|ca barracas central|ca huracan|2026-06-03,totals|under|1.00|,totals,Under,1.0,,3.94,3.94,"[""Betfair Exchange""]","[""odds_api_io""]",1,,
soccer|ca barracas central|ca huracan|2026-06-03,totals|over|0.75|,totals,Over,0.75,,1.23,1.23,"[""Betfair Exchange""]","[""odds_api_io""]",1,,
soccer|ca barracas central|ca huracan|2026-06-03,totals|under|0.75|,totals,Under,0.75,,4.77,4.77,"[""Betfair Exchange""]","[""odds_api_io""]",1,,
soccer|ca barracas central|ca huracan|2026-06-03,totals|over|5.25|,totals,Over,5.25,,1.01,1.01,"[""Betfair Exchange""]","[""odds_api_io""]",1,,
soccer|ca barracas central|ca huracan|2026-06-03,totals|under|5.25|,totals,Under,5.25,,1.01,1.01,"[""Betfair Exchange""]","[""odds_api_io""]",1,,
soccer|ca barracas central|ca huracan|2026-06-03,totals|over|4.75|,totals,Over,4.75,,33.85,33.85,"[""Betfair Exchange""]","[""odds_api_io""]",1,,
soccer|ca barracas central|ca huracan|2026-06-03,totals|under|4.75|,totals,Under,4.75,,1.01,1.01,"[""Betfair Exchange""]","[""odds_api_io""]",1,,
soccer|ca barracas central|ca huracan|2026-06-03,totals|over|4.50|,totals,Over,4.5,,24.0,24.0,"[""Betfair Exchange""]","[""odds_api_io""]",1,,
soccer|ca barracas central|ca huracan|2026-06-03,totals|under|4.50|,totals,Under,4.5,,1.04,1.04,"[""Betfair Exchange""]","[""odds_api_io""]",1,,
soccer|ca barracas central|ca huracan|2026-06-03,totals|over|5.00|,totals,Over,5.0,,53.7,53.7,"[""Betfair Exchange""]","[""odds_api_io""]",1,,
soccer|ca barracas central|ca huracan|2026-06-03,totals|under|5.00|,totals,Under,5.0,,1.01,1.01,"[""Betfair Exchange""]","[""odds_api_io""]",1,,
soccer|ca barracas central|ca huracan|2026-06-03,totals|over|5.50|,totals,Over,5.5,,55.0,55.0,"[""Betfair Exchange""]","[""odds_api_io""]",1,,
soccer|ca barracas central|ca huracan|2026-06-03,totals|under|5.50|,totals,Under,5.5,,1.01,1.01,"[""Betfair Exchange""]","[""odds_api_io""]",1,,
soccer|ca barracas central|ca huracan|2026-06-03,spreads|ca barracas central|-3.00|home,spreads,CA Barracas Central,-3.0,home,130.0,130.0,"[""Betfair Exchange""]","[""odds_api_io""]",1,,
soccer|atletico nacional medellin|junior|2026-06-03,h2h|cd junior fc||home,h2h,CD Junior FC,,home,2.88,2.76,"[""Bet365"", ""Unibet"", ""Betfair Exchange""]","[""odds_api_io""]",3,3.014,
soccer|atletico nacional medellin|junior|2026-06-03,h2h|draw||,h2h,Draw,,,3.2,3.093,"[""Bet365"", ""Unibet"", ""Betfair Exchange""]","[""odds_api_io""]",3,3.233,
soccer|atletico nacional medellin|junior|2026-06-03,h2h|atletico nacional medellin||away,h2h,Atletico Nacional Medellin,,away,2.75,2.7254,"[""Bet365"", ""Unibet""]","[""odds_api_io""]",2,0.673,
soccer|atletico nacional medellin|junior|2026-06-03,dnb|cd junior fc|0.00|home,dnb,CD Junior FC,0.0,home,1.833,1.8315,"[""Bet365"", ""Unibet""]","[""odds_api_io""]",2,0.089,
soccer|atletico nacional medellin|junior|2026-06-03,dnb|atletico nacional medellin|0.00|away,dnb,Atletico Nacional Medellin,0.0,away,1.85,1.8413,"[""Bet365"", ""Unibet""]","[""odds_api_io""]",2,0.501,
soccer|atletico nacional medellin|junior|2026-06-03,spreads|cd junior fc|0.00|home,spreads,CD Junior FC,0.0,home,1.9,1.9,"[""Bet365""]","[""odds_api_io""]",1,,
soccer|atletico nacional medellin|junior|2026-06-03,totals|over|2.25|,totals,Over,2.25,,1.9,1.8624,"[""Bet365"", ""Betfair Exchange""]","[""odds_api_io""]",2,2.163,
soccer|atletico nacional medellin|junior|2026-06-03,totals|under|2.25|,totals,Under,2.25,,2.03,2.0026,"[""Bet365"", ""Betfair Exchange""]","[""odds_api_io""]",2,1.372,
soccer|atletico nacional medellin|junior|2026-06-03,totals|over|2.50|,totals,Over,2.5,,2.19,2.0811,"[""Bet365"", ""Unibet"", ""Betfair Exchange""]","[""odds_api_io""]",3,4.843,
soccer|atletico nacional medellin|junior|2026-06-03,totals|under|2.50|,totals,Under,2.5,,1.8,1.746,"[""Bet365"", ""Unibet"", ""Betfair Exchange""]","[""odds_api_io""]",3,2.924,
soccer|atletico nacional medellin|junior|2026-06-03,btts|yes||,btts,Yes,,,1.84,1.7972,"[""Bet365"", ""Unibet"", ""Betfair Exchange""]","[""odds_api_io""]",3,2.795,
soccer|atletico nacional medellin|junior|2026-06-03,btts|no||,btts,No,,,2.06,1.9724,"[""Bet365"", ""Unibet"", ""Betfair Exchange""]","[""odds_api_io""]",3,3.84,
soccer|atletico nacional medellin|junior|2026-06-03,spreads|cd junior fc|-1.00|home,spreads,CD Junior FC,-1.0,home,6.0,5.3061,"[""Bet365"", ""Unibet""]","[""odds_api_io""]",3,4.167,
soccer|atletico nacional medellin|junior|2026-06-03,spreads|atletico nacional medellin|-1.00|away,spreads,Atletico Nacional Medellin,-1.0,away,5.2,1.689,"[""Bet365"", ""Unibet""]","[""odds_api_io""]",3,65.876,
soccer|atletico nacional medellin|junior|2026-06-03,teamTotals|over|0.50|,teamTotals,Over,0.5,,1.333,1.3167,"[""Bet365"", ""Unibet""]","[""odds_api_io""]",2,1.904,
soccer|atletico nacional medellin|junior|2026-06-03,teamTotals|under|0.50|,teamTotals,Under,0.5,,3.25,3.1668,"[""Bet365"", ""Unibet""]","[""odds_api_io""]",3,1.489,
soccer|atletico nacional medellin|junior|2026-06-03,teamTotals|over|1.50|,teamTotals,Over,1.5,,2.625,2.5522,"[""Bet365"", ""Unibet""]","[""odds_api_io""]",2,2.227,
soccer|atletico nacional medellin|junior|2026-06-03,teamTotals|under|1.50|,teamTotals,Under,1.5,,1.46,1.4518,"[""Bet365"", ""Unibet""]","[""odds_api_io""]",2,0.759,
soccer|atletico nacional medellin|junior|2026-06-03,teamTotals|over|2.50|,teamTotals,Over,2.5,,6.5,6.5,"[""Bet365""]","[""odds_api_io""]",1,,
soccer|atletico nacional medellin|junior|2026-06-03,teamTotals|under|2.50|,teamTotals,Under,2.5,,1.111,1.111,"[""Bet365""]","[""odds_api_io""]",1,,
soccer|atletico nacional medellin|junior|2026-06-03,teamTotals|over|3.50|,teamTotals,Over,3.5,,19.0,19.0,"[""Bet365""]","[""odds_api_io""]",1,,
soccer|atletico nacional medellin|junior|2026-06-03,teamTotals|under|3.50|,teamTotals,Under,3.5,,1.02,1.02,"[""Bet365""]","[""odds_api_io""]",1,,
soccer|atletico nacional medellin|junior|2026-06-03,teamTotals|over|4.50|,teamTotals,Over,4.5,,51.0,51.0,"[""Bet365""]","[""odds_api_io""]",1,,
soccer|atletico nacional medellin|junior|2026-06-03,teamTotals|under|4.50|,teamTotals,Under,4.5,,1.002,1.002,"[""Bet365""]","[""odds_api_io""]",1,,
soccer|atletico nacional medellin|junior|2026-06-03,spreads|cd junior fc|-1.50|home,spreads,CD Junior FC,-1.5,home,5.9,5.9,"[""Bet365""]","[""odds_api_io""]",1,,
soccer|atletico nacional medellin|junior|2026-06-03,spreads|atletico nacional medellin|1.50|away,spreads,Atletico Nacional Medellin,1.5,away,5.75,5.75,"[""Bet365""]","[""odds_api_io""]",1,,
soccer|atletico nacional medellin|junior|2026-06-03,spreads|cd junior fc|-1.25|home,spreads,CD Junior FC,-1.25,home,5.5,5.5,"[""Bet365""]","[""odds_api_io""]",1,,
soccer|atletico nacional medellin|junior|2026-06-03,spreads|atletico nacional medellin|1.25|away,spreads,Atletico Nacional Medellin,1.25,away,5.25,5.25,"[""Bet365""]","[""odds_api_io""]",1,,
soccer|atletico nacional medellin|junior|2026-06-03,spreads|atletico nacional medellin|1.00|away,spreads,Atletico Nacional Medellin,1.0,away,4.5,2.2088,"[""Bet365"", ""Unibet""]","[""odds_api_io""]",2,47.222,
soccer|atletico nacional medellin|junior|2026-06-03,spreads|cd junior fc|-0.75|home,spreads,CD Junior FC,-0.75,home,3.45,3.45,"[""Bet365""]","[""odds_api_io""]",1,,
soccer|atletico nacional medellin|junior|2026-06-03,spreads|atletico nacional medellin|0.75|away,spreads,Atletico Nacional Medellin,0.75,away,3.3,3.3,"[""Bet365""]","[""odds_api_io""]",1,,
soccer|atletico nacional medellin|junior|2026-06-03,spreads|cd junior fc|-0.50|home,spreads,CD Junior FC,-0.5,home,2.75,2.622,"[""Bet365"", ""Unibet""]","[""odds_api_io""]",2,3.636,
soccer|atletico nacional medellin|junior|2026-06-03,spreads|atletico nacional medellin|0.50|away,spreads,Atletico Nacional Medellin,0.5,away,2.675,1.8939,"[""Bet365"", ""Unibet""]","[""odds_api_io""]",2,31.582,
soccer|atletico nacional medellin|junior|2026-06-03,spreads|cd junior fc|-0.25|home,spreads,CD Junior FC,-0.25,home,2.35,2.35,"[""Bet365""]","[""odds_api_io""]",1,,
soccer|atletico nacional medellin|junior|2026-06-03,spreads|atletico nacional medellin|0.25|away,spreads,Atletico Nacional Medellin,0.25,away,2.25,2.25,"[""Bet365""]","[""odds_api_io""]",1,,
soccer|atletico nacional medellin|junior|2026-06-03,spreads|cd junior fc|0.25|home,spreads,CD Junior FC,0.25,home,1.625,1.625,"[""Bet365""]","[""odds_api_io""]",1,,
soccer|atletico nacional medellin|junior|2026-06-03,spreads|atletico nacional medellin|-0.25|away,spreads,Atletico Nacional Medellin,-0.25,away,1.575,1.575,"[""Bet365""]","[""odds_api_io""]",1,,
soccer|atletico nacional medellin|junior|2026-06-03,spreads|cd junior fc|0.50|home,spreads,CD Junior FC,0.5,home,1.45,1.45,"[""Bet365""]","[""odds_api_io""]",1,,
soccer|atletico nacional medellin|junior|2026-06-03,spreads|atletico nacional medellin|-0.50|away,spreads,Atletico Nacional Medellin,-0.5,away,1.425,1.425,"[""Bet365""]","[""odds_api_io""]",1,,
soccer|atletico nacional medellin|junior|2026-06-03,spreads|cd junior fc|0.75|home,spreads,CD Junior FC,0.75,home,1.325,1.325,"[""Bet365""]","[""odds_api_io""]",1,,
soccer|atletico nacional medellin|junior|2026-06-03,spreads|atletico nacional medellin|-0.75|away,spreads,Atletico Nacional Medellin,-0.75,away,1.3,1.3,"[""Bet365""]","[""odds_api_io""]",1,,
soccer|atletico nacional medellin|junior|2026-06-03,spreads|cd junior fc|1.00|home,spreads,CD Junior FC,1.0,home,1.44,1.3002,"[""Bet365"", ""Unibet""]","[""odds_api_io""]",2,14.589,
soccer|atletico nacional medellin|junior|2026-06-03,spreads|cd junior fc|1.25|home,spreads,CD Junior FC,1.25,home,1.16,1.16,"[""Bet365""]","[""odds_api_io""]",1,,
soccer|atletico nacional medellin|junior|2026-06-03,spreads|atletico nacional medellin|-1.25|away,spreads,Atletico Nacional Medellin,-1.25,away,1.15,1.15,"[""Bet365""]","[""odds_api_io""]",1,,
soccer|atletico nacional medellin|junior|2026-06-03,spreads|cd junior fc|1.50|home,spreads,CD Junior FC,1.5,home,1.14,1.14,"[""Bet365""]","[""odds_api_io""]",1,,
soccer|atletico nacional medellin|junior|2026-06-03,spreads|atletico nacional medellin|-1.50|away,spreads,Atletico Nacional Medellin,-1.5,away,1.13,1.13,"[""Bet365""]","[""odds_api_io""]",1,,
soccer|atletico nacional medellin|junior|2026-06-03,doubleChance|1x||,doubleChance,1X,,,1.51,1.4604,"[""Unibet"", ""Betfair Exchange""]","[""odds_api_io""]",2,4.697,
soccer|atletico nacional medellin|junior|2026-06-03,doubleChance|12||,doubleChance,12,,,1.44,1.3694,"[""Unibet"", ""Betfair Exchange""]","[""odds_api_io""]",2,7.479,
soccer|atletico nacional medellin|junior|2026-06-03,doubleChance|x2||,doubleChance,X2,,,1.52,1.4704,"[""Unibet"", ""Betfair Exchange""]","[""odds_api_io""]",2,4.633,
soccer|atletico nacional medellin|junior|2026-06-03,totals|over|1.50|,totals,Over,1.5,,1.39,1.3454,"[""Unibet"", ""Betfair Exchange""]","[""odds_api_io""]",2,4.981,
soccer|atletico nacional medellin|junior|2026-06-03,totals|under|1.50|,totals,Under,1.5,,3.45,3.273,"[""Unibet"", ""Betfair Exchange""]","[""odds_api_io""]",2,3.273,
soccer|atletico nacional medellin|junior|2026-06-03,totals|over|4.50|,totals,Over,4.5,,9.2,7.5033,"[""Unibet"", ""Betfair Exchange""]","[""odds_api_io""]",2,5.13,
soccer|atletico nacional medellin|junior|2026-06-03,totals|under|4.50|,totals,Under,4.5,,1.1,1.0903,"[""Unibet"", ""Betfair Exchange""]","[""odds_api_io""]",2,1.684,
soccer|atletico nacional medellin|junior|2026-06-03,totals|over|3.50|,totals,Over,3.5,,4.03,3.7296,"[""Unibet"", ""Betfair Exchange""]","[""odds_api_io""]",2,4.172,
soccer|atletico nacional medellin|junior|2026-06-03,totals|under|3.50|,totals,Under,3.5,,1.3,1.2805,"[""Unibet"", ""Betfair Exchange""]","[""odds_api_io""]",2,2.442,
soccer|atletico nacional medellin|junior|2026-06-03,spreads|cd junior fc|-3.00|home,spreads,CD Junior FC,-3.0,home,3.35,3.35,"[""Unibet""]","[""odds_api_io""]",1,,
soccer|atletico nacional medellin|junior|2026-06-03,spreads|atletico nacional medellin|3.00|away,spreads,Atletico Nacional Medellin,3.0,away,1.26,1.26,"[""Unibet""]","[""odds_api_io""]",1,,
soccer|atletico nacional medellin|junior|2026-06-03,spreads|cd junior fc|-2.00|home,spreads,CD Junior FC,-2.0,home,11.5,11.5,"[""Unibet""]","[""odds_api_io""]",1,,
soccer|atletico nacional medellin|junior|2026-06-03,spreads|atletico nacional medellin|2.00|away,spreads,Atletico Nacional Medellin,2.0,away,1.11,1.11,"[""Unibet""]","[""odds_api_io""]",1,,
soccer|atletico nacional medellin|junior|2026-06-03,spreads|cd junior fc|2.00|home,spreads,CD Junior FC,2.0,home,1.34,1.34,"[""Unibet""]","[""odds_api_io""]",1,,
soccer|atletico nacional medellin|junior|2026-06-03,spreads|atletico nacional medellin|-2.00|away,spreads,Atletico Nacional Medellin,-2.0,away,2.95,2.95,"[""Unibet""]","[""odds_api_io""]",1,,
soccer|atletico nacional medellin|junior|2026-06-03,spreads|cd junior fc|3.00|home,spreads,CD Junior FC,3.0,home,1.21,1.21,"[""Unibet""]","[""odds_api_io""]",1,,
soccer|atletico nacional medellin|junior|2026-06-03,spreads|atletico nacional medellin|-3.00|away,spreads,Atletico Nacional Medellin,-3.0,away,3.7,3.7,"[""Unibet""]","[""odds_api_io""]",1,,
soccer|atletico nacional medellin|junior|2026-06-03,totals|over|6.25|,totals,Over,6.25,,59.13,59.13,"[""Betfair Exchange""]","[""odds_api_io""]",1,,
soccer|atletico nacional medellin|junior|2026-06-03,totals|under|6.25|,totals,Under,6.25,,1.01,1.01,"[""Betfair Exchange""]","[""odds_api_io""]",1,,
soccer|atletico nacional medellin|junior|2026-06-03,totals|over|2.00|,totals,Over,2.0,,1.61,1.61,"[""Betfair Exchange""]","[""odds_api_io""]",1,,
soccer|atletico nacional medellin|junior|2026-06-03,totals|under|2.00|,totals,Under,2.0,,2.42,2.42,"[""Betfair Exchange""]","[""odds_api_io""]",1,,
soccer|atletico nacional medellin|junior|2026-06-03,totals|over|2.75|,totals,Over,2.75,,2.54,2.54,"[""Betfair Exchange""]","[""odds_api_io""]",1,,
soccer|atletico nacional medellin|junior|2026-06-03,totals|under|2.75|,totals,Under,2.75,,1.55,1.55,"[""Betfair Exchange""]","[""odds_api_io""]",1,,
soccer|atletico nacional medellin|junior|2026-06-03,totals|over|4.00|,totals,Over,4.0,,7.91,7.91,"[""Betfair Exchange""]","[""odds_api_io""]",1,,
soccer|atletico nacional medellin|junior|2026-06-03,totals|under|4.00|,totals,Under,4.0,,1.12,1.12,"[""Betfair Exchange""]","[""odds_api_io""]",1,,
soccer|atletico nacional medellin|junior|2026-06-03,totals|over|4.75|,totals,Over,4.75,,12.56,12.56,"[""Betfair Exchange""]","[""odds_api_io""]",1,,
soccer|atletico nacional medellin|junior|2026-06-03,totals|under|4.75|,totals,Under,4.75,,1.07,1.07,"[""Betfair Exchange""]","[""odds_api_io""]",1,,
soccer|atletico nacional medellin|junior|2026-06-03,totals|over|4.25|,totals,Over,4.25,,8.55,8.55,"[""Betfair Exchange""]","[""odds_api_io""]",1,,
soccer|atletico nacional medellin|junior|2026-06-03,totals|under|4.25|,totals,Under,4.25,,1.11,1.11,"[""Betfair Exchange""]","[""odds_api_io""]",1,,
soccer|atletico nacional medellin|junior|2026-06-03,totals|over|3.75|,totals,Over,3.75,,5.21,5.21,"[""Betfair Exchange""]","[""odds_api_io""]",1,,
soccer|atletico nacional medellin|junior|2026-06-03,totals|under|3.75|,totals,Under,3.75,,1.2,1.2,"[""Betfair Exchange""]","[""odds_api_io""]",1,,
soccer|atletico nacional medellin|junior|2026-06-03,totals|over|1.00|,totals,Over,1.0,,1.11,1.11,"[""Betfair Exchange""]","[""odds_api_io""]",1,,
soccer|atletico nacional medellin|junior|2026-06-03,totals|under|1.00|,totals,Under,1.0,,7.84,7.84,"[""Betfair Exchange""]","[""odds_api_io""]",1,,
soccer|atletico nacional medellin|junior|2026-06-03,totals|over|1.25|,totals,Over,1.25,,1.25,1.25,"[""Betfair Exchange""]","[""odds_api_io""]",1,,
soccer|atletico nacional medellin|junior|2026-06-03,totals|under|1.25|,totals,Under,1.25,,4.6,4.6,"[""Betfair Exchange""]","[""odds_api_io""]",1,,
soccer|atletico nacional medellin|junior|2026-06-03,totals|over|0.75|,totals,Over,0.75,,1.1,1.1,"[""Betfair Exchange""]","[""odds_api_io""]",1,,
soccer|atletico nacional medellin|junior|2026-06-03,totals|under|0.75|,totals,Under,0.75,,8.74,8.74,"[""Betfair Exchange""]","[""odds_api_io""]",1,,
soccer|atletico nacional medellin|junior|2026-06-03,totals|over|3.25|,totals,Over,3.25,,3.61,3.61,"[""Betfair Exchange""]","[""odds_api_io""]",1,,
soccer|atletico nacional medellin|junior|2026-06-03,totals|under|3.25|,totals,Under,3.25,,1.34,1.34,"[""Betfair Exchange""]","[""odds_api_io""]",1,,
soccer|atletico nacional medellin|junior|2026-06-03,totals|over|0.50|,totals,Over,0.5,,1.09,1.09,"[""Betfair Exchange""]","[""odds_api_io""]",1,,
soccer|atletico nacional medellin|junior|2026-06-03,totals|under|0.50|,totals,Under,0.5,,10.5,10.5,"[""Betfair Exchange""]","[""odds_api_io""]",1,,
soccer|atletico nacional medellin|junior|2026-06-03,totals|over|3.00|,totals,Over,3.0,,3.19,3.19,"[""Betfair Exchange""]","[""odds_api_io""]",1,,
soccer|atletico nacional medellin|junior|2026-06-03,totals|under|3.00|,totals,Under,3.0,,1.39,1.39,"[""Betfair Exchange""]","[""odds_api_io""]",1,,
soccer|atletico nacional medellin|junior|2026-06-03,totals|over|1.75|,totals,Over,1.75,,1.47,1.47,"[""Betfair Exchange""]","[""odds_api_io""]",1,,
soccer|atletico nacional medellin|junior|2026-06-03,totals|under|1.75|,totals,Under,1.75,,2.79,2.79,"[""Betfair Exchange""]","[""odds_api_io""]",1,,
soccer|atletico nacional medellin|junior|2026-06-03,totals|over|6.50|,totals,Over,6.5,,60.0,60.0,"[""Betfair Exchange""]","[""odds_api_io""]",1,,
soccer|atletico nacional medellin|junior|2026-06-03,totals|under|6.50|,totals,Under,6.5,,1.01,1.01,"[""Betfair Exchange""]","[""odds_api_io""]",1,,
soccer|atletico nacional medellin|junior|2026-06-03,totals|over|5.00|,totals,Over,5.0,,20.6,20.6,"[""Betfair Exchange""]","[""odds_api_io""]",1,,
soccer|atletico nacional medellin|junior|2026-06-03,totals|under|5.00|,totals,Under,5.0,,1.03,1.03,"[""Betfair Exchange""]","[""odds_api_io""]",1,,
soccer|atletico nacional medellin|junior|2026-06-03,totals|over|5.50|,totals,Over,5.5,,22.0,22.0,"[""Betfair Exchange""]","[""odds_api_io""]",1,,
soccer|atletico nacional medellin|junior|2026-06-03,totals|under|5.50|,totals,Under,5.5,,1.03,1.03,"[""Betfair Exchange""]","[""odds_api_io""]",1,,
soccer|atletico nacional medellin|junior|2026-06-03,totals|over|5.25|,totals,Over,5.25,,21.3,21.3,"[""Betfair Exchange""]","[""odds_api_io""]",1,,
soccer|atletico nacional medellin|junior|2026-06-03,totals|under|5.25|,totals,Under,5.25,,1.03,1.03,"[""Betfair Exchange""]","[""odds_api_io""]",1,,
soccer|atletico nacional medellin|junior|2026-06-03,totals|over|6.00|,totals,Over,6.0,,58.27,58.27,"[""Betfair Exchange""]","[""odds_api_io""]",1,,
soccer|atletico nacional medellin|junior|2026-06-03,totals|under|6.00|,totals,Under,6.0,,1.01,1.01,"[""Betfair Exchange""]","[""odds_api_io""]",1,,
soccer|atletico nacional medellin|junior|2026-06-03,totals|over|5.75|,totals,Over,5.75,,31.73,31.73,"[""Betfair Exchange""]","[""odds_api_io""]",1,,
soccer|atletico nacional medellin|junior|2026-06-03,totals|under|5.75|,totals,Under,5.75,,1.01,1.01,"[""Betfair Exchange""]","[""odds_api_io""]",1,,
soccer|reading united|west chester united usl2|2026-06-03,h2h|west chester united sc usl2||home,h2h,West Chester United SC USL2,,home,1.8,1.8,"[""Bet365""]","[""odds_api_io""]",1,,
soccer|reading united|west chester united usl2|2026-06-03,h2h|draw||,h2h,Draw,,,3.75,3.75,"[""Bet365""]","[""odds_api_io""]",1,,
soccer|reading united|west chester united usl2|2026-06-03,h2h|reading united ac||away,h2h,Reading United AC,,away,3.3,3.3,"[""Bet365""]","[""odds_api_io""]",1,,
soccer|reading united|west chester united usl2|2026-06-03,dnb|west chester united sc usl2|0.00|home,dnb,West Chester United SC USL2,0.0,home,1.444,1.444,"[""Bet365""]","[""odds_api_io""]",1,,
soccer|reading united|west chester united usl2|2026-06-03,dnb|reading united ac|0.00|away,dnb,Reading United AC,0.0,away,2.625,2.625,"[""Bet365""]","[""odds_api_io""]",1,,
soccer|reading united|west chester united usl2|2026-06-03,spreads|west chester united sc usl2|-0.50|home,spreads,West Chester United SC USL2,-0.5,home,1.85,1.85,"[""Bet365""]","[""odds_api_io""]",1,,
soccer|reading united|west chester united usl2|2026-06-03,spreads|reading united ac|0.50|away,spreads,Reading United AC,0.5,away,1.95,1.95,"[""Bet365""]","[""odds_api_io""]",1,,
soccer|reading united|west chester united usl2|2026-06-03,totals|over|3.25|,totals,Over,3.25,,1.9,1.9,"[""Bet365""]","[""odds_api_io""]",1,,
soccer|reading united|west chester united usl2|2026-06-03,totals|under|3.25|,totals,Under,3.25,,1.9,1.9,"[""Bet365""]","[""odds_api_io""]",1,,
soccer|reading united|west chester united usl2|2026-06-03,totals|over|2.50|,totals,Over,2.5,,1.4,1.4,"[""Bet365""]","[""odds_api_io""]",1,,
soccer|reading united|west chester united usl2|2026-06-03,totals|under|2.50|,totals,Under,2.5,,2.75,2.75,"[""Bet365""]","[""odds_api_io""]",1,,
soccer|reading united|west chester united usl2|2026-06-03,spreads|west chester united sc usl2|-2.50|home,spreads,West Chester United SC USL2,-2.5,home,5.25,5.25,"[""Bet365""]","[""odds_api_io""]",1,,
soccer|reading united|west chester united usl2|2026-06-03,spreads|reading united ac|2.50|away,spreads,Reading United AC,2.5,away,1.16,1.16,"[""Bet365""]","[""odds_api_io""]",1,,
soccer|reading united|west chester united usl2|2026-06-03,spreads|west chester united sc usl2|-2.25|home,spreads,West Chester United SC USL2,-2.25,home,4.65,4.65,"[""Bet365""]","[""odds_api_io""]",1,,
soccer|reading united|west chester united usl2|2026-06-03,spreads|reading united ac|2.25|away,spreads,Reading United AC,2.25,away,1.18,1.18,"[""Bet365""]","[""odds_api_io""]",1,,
soccer|reading united|west chester united usl2|2026-06-03,spreads|west chester united sc usl2|-2.00|home,spreads,West Chester United SC USL2,-2.0,home,4.4,4.4,"[""Bet365""]","[""odds_api_io""]",1,,
soccer|reading united|west chester united usl2|2026-06-03,spreads|reading united ac|2.00|away,spreads,Reading United AC,2.0,away,1.2,1.2,"[""Bet365""]","[""odds_api_io""]",1,,
soccer|reading united|west chester united usl2|2026-06-03,spreads|west chester united sc usl2|-1.75|home,spreads,West Chester United SC USL2,-1.75,home,3.45,3.45,"[""Bet365""]","[""odds_api_io""]",1,,
soccer|reading united|west chester united usl2|2026-06-03,spreads|reading united ac|1.75|away,spreads,Reading United AC,1.75,away,1.3,1.3,"[""Bet365""]","[""odds_api_io""]",1,,
soccer|reading united|west chester united usl2|2026-06-03,spreads|west chester united sc usl2|-1.50|home,spreads,West Chester United SC USL2,-1.5,home,2.85,2.85,"[""Bet365""]","[""odds_api_io""]",1,,
soccer|reading united|west chester united usl2|2026-06-03,spreads|reading united ac|1.50|away,spreads,Reading United AC,1.5,away,6.4,6.4,"[""Bet365""]","[""odds_api_io""]",1,,
soccer|reading united|west chester united usl2|2026-06-03,spreads|west chester united sc usl2|-1.25|home,spreads,West Chester United SC USL2,-1.25,home,2.6,2.6,"[""Bet365""]","[""odds_api_io""]",1,,
soccer|reading united|west chester united usl2|2026-06-03,spreads|reading united ac|1.25|away,spreads,Reading United AC,1.25,away,5.9,5.9,"[""Bet365""]","[""odds_api_io""]",1,,
soccer|reading united|west chester united usl2|2026-06-03,spreads|west chester united sc usl2|-1.00|home,spreads,West Chester United SC USL2,-1.0,home,2.35,2.35,"[""Bet365""]","[""odds_api_io""]",1,,
soccer|reading united|west chester united usl2|2026-06-03,spreads|reading united ac|1.00|away,spreads,Reading United AC,1.0,away,5.75,5.75,"[""Bet365""]","[""odds_api_io""]",1,,
soccer|reading united|west chester united usl2|2026-06-03,spreads|west chester united sc usl2|-0.75|home,spreads,West Chester United SC USL2,-0.75,home,2.05,2.05,"[""Bet365""]","[""odds_api_io""]",1,,
soccer|reading united|west chester united usl2|2026-06-03,spreads|reading united ac|0.75|away,spreads,Reading United AC,0.75,away,4.15,4.15,"[""Bet365""]","[""odds_api_io""]",1,,
soccer|reading united|west chester united usl2|2026-06-03,spreads|west chester united sc usl2|-0.25|home,spreads,West Chester United SC USL2,-0.25,home,1.65,1.65,"[""Bet365""]","[""odds_api_io""]",1,,
soccer|reading united|west chester united usl2|2026-06-03,spreads|reading united ac|0.25|away,spreads,Reading United AC,0.25,away,3.1,3.1,"[""Bet365""]","[""odds_api_io""]",1,,
soccer|reading united|west chester united usl2|2026-06-03,spreads|west chester united sc usl2|0.00|home,spreads,West Chester United SC USL2,0.0,home,1.45,1.45,"[""Bet365""]","[""odds_api_io""]",1,,
soccer|reading united|west chester united usl2|2026-06-03,spreads|reading united ac|-0.00|away,spreads,Reading United AC,-0.0,away,2.675,2.675,"[""Bet365""]","[""odds_api_io""]",1,,
soccer|reading united|west chester united usl2|2026-06-03,spreads|west chester united sc usl2|0.25|home,spreads,West Chester United SC USL2,0.25,home,1.35,1.35,"[""Bet365""]","[""odds_api_io""]",1,,
soccer|reading united|west chester united usl2|2026-06-03,spreads|reading united ac|-0.25|away,spreads,Reading United AC,-0.25,away,2.2,2.2,"[""Bet365""]","[""odds_api_io""]",1,,
soccer|reading united|west chester united usl2|2026-06-03,spreads|west chester united sc usl2|0.50|home,spreads,West Chester United SC USL2,0.5,home,1.3,1.3,"[""Bet365""]","[""odds_api_io""]",1,,
soccer|reading united|west chester united usl2|2026-06-03,spreads|reading united ac|-0.50|away,spreads,Reading United AC,-0.5,away,3.45,3.45,"[""Bet365""]","[""odds_api_io""]",1,,
soccer|reading united|west chester united usl2|2026-06-03,spreads|west chester united sc usl2|0.75|home,spreads,West Chester United SC USL2,0.75,home,1.22,1.22,"[""Bet365""]","[""odds_api_io""]",1,,
soccer|reading united|west chester united usl2|2026-06-03,spreads|reading united ac|-0.75|away,spreads,Reading United AC,-0.75,away,1.75,1.75,"[""Bet365""]","[""odds_api_io""]",1,,
soccer|reading united|west chester united usl2|2026-06-03,spreads|west chester united sc usl2|1.00|home,spreads,West Chester United SC USL2,1.0,home,1.14,1.14,"[""Bet365""]","[""odds_api_io""]",1,,
soccer|reading united|west chester united usl2|2026-06-03,spreads|reading united ac|-1.00|away,spreads,Reading United AC,-1.0,away,1.575,1.575,"[""Bet365""]","[""odds_api_io""]",1,,
soccer|reading united|west chester united usl2|2026-06-03,spreads|west chester united sc usl2|1.25|home,spreads,West Chester United SC USL2,1.25,home,1.13,1.13,"[""Bet365""]","[""odds_api_io""]",1,,
soccer|reading united|west chester united usl2|2026-06-03,spreads|reading united ac|-1.25|away,spreads,Reading United AC,-1.25,away,1.475,1.475,"[""Bet365""]","[""odds_api_io""]",1,,
soccer|reading united|west chester united usl2|2026-06-03,spreads|west chester united sc usl2|1.50|home,spreads,West Chester United SC USL2,1.5,home,1.115,1.115,"[""Bet365""]","[""odds_api_io""]",1,,
soccer|reading united|west chester united usl2|2026-06-03,spreads|reading united ac|-1.50|away,spreads,Reading United AC,-1.5,away,1.4,1.4,"[""Bet365""]","[""odds_api_io""]",1,,
soccer|fortaleza ce|vitoria ba|2026-06-03,h2h|fortaleza ec ce||home,h2h,Fortaleza EC CE,,home,2.24,2.0962,"[""Bet365"", ""Unibet"", ""Betfair Exchange"", ""Sbobet""]","[""odds_api_io""]",4,4.138,
soccer|fortaleza ce|vitoria ba|2026-06-03,h2h|draw||,h2h,Draw,,,3.3,3.1593,"[""Bet365"", ""Unibet"", ""Betfair Exchange"", ""Sbobet""]","[""odds_api_io""]",4,3.595,
soccer|fortaleza ce|vitoria ba|2026-06-03,h2h|ec vitoria ba||away,h2h,EC Vitoria BA,,away,3.7,3.394,"[""Bet365"", ""Unibet"", ""Betfair Exchange"", ""Sbobet""]","[""odds_api_io""]",4,4.223,
soccer|fortaleza ce|vitoria ba|2026-06-03,dnb|fortaleza ec ce|0.00|home,dnb,Fortaleza EC CE,0.0,home,1.57,1.5479,"[""Bet365"", ""Unibet"", ""Betfair Exchange""]","[""odds_api_io""]",3,1.537,
soccer|fortaleza ce|vitoria ba|2026-06-03,dnb|ec vitoria ba|0.00|away,dnb,EC Vitoria BA,0.0,away,2.6,2.4154,"[""Bet365"", ""Unibet"", ""Betfair Exchange""]","[""odds_api_io""]",3,5.398,
soccer|fortaleza ce|vitoria ba|2026-06-03,spreads|fortaleza ec ce|-0.25|home,spreads,Fortaleza EC CE,-0.25,home,1.9,1.8464,"[""Bet365"", ""Betfair Exchange"", ""Sbobet""]","[""odds_api_io""]",3,2.924,
soccer|fortaleza ce|vitoria ba|2026-06-03,spreads|ec vitoria ba|0.25|away,spreads,EC Vitoria BA,0.25,away,2.02,2.0068,"[""Bet365"", ""Betfair Exchange"", ""Sbobet""]","[""odds_api_io""]",3,0.495,
soccer|fortaleza ce|vitoria ba|2026-06-03,totals|over|2.25|,totals,Over,2.25,,1.91,1.8691,"[""Bet365"", ""Betfair Exchange"", ""Sbobet""]","[""odds_api_io""]",3,3.2,
soccer|fortaleza ce|vitoria ba|2026-06-03,totals|under|2.25|,totals,Under,2.25,,2.0,1.9729,"[""Bet365"", ""Betfair Exchange"", ""Sbobet""]","[""odds_api_io""]",3,2.083,
soccer|fortaleza ce|vitoria ba|2026-06-03,totals|over|2.50|,totals,Over,2.5,,2.5,2.3013,"[""Bet365"", ""Unibet"", ""Betfair Exchange""]","[""odds_api_io""]",3,5.872,
soccer|fortaleza ce|vitoria ba|2026-06-03,totals|under|2.50|,totals,Under,2.5,,1.79,1.6068,"[""Bet365"", ""Unibet"", ""Betfair Exchange""]","[""odds_api_io""]",3,10.801,
soccer|fortaleza ce|vitoria ba|2026-06-03,btts|yes||,btts,Yes,,,2.2,1.9822,"[""Bet365"", ""Unibet"", ""Betfair Exchange""]","[""odds_api_io""]",3,8.309,
soccer|fortaleza ce|vitoria ba|2026-06-03,btts|no||,btts,No,,,1.94,1.767,"[""Bet365"", ""Unibet"", ""Betfair Exchange""]","[""odds_api_io""]",3,10.373,
soccer|fortaleza ce|vitoria ba|2026-06-03,spreads|fortaleza ec ce|-3.00|home,spreads,Fortaleza EC CE,-3.0,home,34.0,7.6088,"[""Bet365"", ""Unibet"", ""Betfair Exchange""]","[""odds_api_io""]",4,41.902,
soccer|fortaleza ce|vitoria ba|2026-06-03,spreads|fortaleza ec ce|-2.00|home,spreads,Fortaleza EC CE,-2.0,home,10.0,9.6317,"[""Bet365"", ""Unibet"", ""Betfair Exchange""]","[""odds_api_io""]",4,1.001,
soccer|fortaleza ce|vitoria ba|2026-06-03,spreads|ec vitoria ba|2.00|away,spreads,EC Vitoria BA,2.0,away,21.0,1.5107,"[""Bet365"", ""Unibet"", ""Betfair Exchange""]","[""odds_api_io""]",4,87.831,
soccer|fortaleza ce|vitoria ba|2026-06-03,spreads|fortaleza ec ce|1.00|home,spreads,Fortaleza EC CE,1.0,home,1.34,1.1996,"[""Bet365"", ""Unibet"", ""Betfair Exchange""]","[""odds_api_io""]",5,17.116,
soccer|fortaleza ce|vitoria ba|2026-06-03,spreads|fortaleza ec ce|2.00|home,spreads,Fortaleza EC CE,2.0,home,1.07,1.0501,"[""Bet365"", ""Betfair Exchange""]","[""odds_api_io""]",3,4.581,
soccer|fortaleza ce|vitoria ba|2026-06-03,spreads|ec vitoria ba|-2.00|away,spreads,EC Vitoria BA,-2.0,away,29.0,3.2971,"[""Bet365"", ""Betfair Exchange""]","[""odds_api_io""]",3,82.315,
soccer|fortaleza ce|vitoria ba|2026-06-03,spreads|ec vitoria ba|-3.00|away,spreads,EC Vitoria BA,-3.0,away,120.0,2.1097,"[""Bet365"", ""Betfair Exchange""]","[""odds_api_io""]",2,94.86,
soccer|fortaleza ce|vitoria ba|2026-06-03,spreads|ec vitoria ba|1.00|away,spreads,EC Vitoria BA,1.0,away,7.5,2.4504,"[""Bet365"", ""Unibet"", ""Betfair Exchange""]","[""odds_api_io""]",5,62.424,
soccer|fortaleza ce|vitoria ba|2026-06-03,spreads|fortaleza ec ce|-1.75|home,spreads,Fortaleza EC CE,-1.75,home,6.0,5.9122,"[""Bet365"", ""Betfair Exchange""]","[""odds_api_io""]",2,0.486,
soccer|fortaleza ce|vitoria ba|2026-06-03,spreads|ec vitoria ba|1.75|away,spreads,EC Vitoria BA,1.75,away,1.15,1.1376,"[""Bet365"", ""Betfair Exchange""]","[""odds_api_io""]",2,1.932,
soccer|fortaleza ce|vitoria ba|2026-06-03,spreads|fortaleza ec ce|-1.50|home,spreads,Fortaleza EC CE,-1.5,home,4.4,4.1899,"[""Bet365"", ""Unibet"", ""Betfair Exchange""]","[""odds_api_io""]",3,2.273,
soccer|fortaleza ce|vitoria ba|2026-06-03,spreads|ec vitoria ba|1.50|away,spreads,EC Vitoria BA,1.5,away,1.22,1.2036,"[""Bet365"", ""Unibet"", ""Betfair Exchange""]","[""odds_api_io""]",3,2.066,
soccer|fortaleza ce|vitoria ba|2026-06-03,spreads|fortaleza ec ce|-1.25|home,spreads,Fortaleza EC CE,-1.25,home,4.0,3.8849,"[""Bet365"", ""Betfair Exchange""]","[""odds_api_io""]",2,1.455,
soccer|fortaleza ce|vitoria ba|2026-06-03,spreads|ec vitoria ba|1.25|away,spreads,EC Vitoria BA,1.25,away,1.26,1.2451,"[""Bet365"", ""Betfair Exchange""]","[""odds_api_io""]",2,1.936,
soccer|fortaleza ce|vitoria ba|2026-06-03,spreads|fortaleza ec ce|-1.00|home,spreads,Fortaleza EC CE,-1.0,home,4.1,2.7708,"[""Bet365"", ""Unibet"", ""Betfair Exchange""]","[""odds_api_io""]",4,40.545,
soccer|fortaleza ce|vitoria ba|2026-06-03,spreads|fortaleza ec ce|-0.75|home,spreads,Fortaleza EC CE,-0.75,home,2.64,2.6202,"[""Bet365"", ""Betfair Exchange""]","[""odds_api_io""]",2,0.583,
soccer|fortaleza ce|vitoria ba|2026-06-03,spreads|ec vitoria ba|0.75|away,spreads,EC Vitoria BA,0.75,away,4.25,2.2309,"[""Bet365"", ""Betfair Exchange""]","[""odds_api_io""]",2,41.83,
soccer|fortaleza ce|vitoria ba|2026-06-03,spreads|fortaleza ec ce|-0.50|home,spreads,Fortaleza EC CE,-0.5,home,2.24,2.1465,"[""Bet365"", ""Unibet"", ""Betfair Exchange""]","[""odds_api_io""]",3,4.138,
soccer|fortaleza ce|vitoria ba|2026-06-03,spreads|ec vitoria ba|0.50|away,spreads,EC Vitoria BA,0.5,away,3.3,2.0391,"[""Bet365"", ""Unibet"", ""Betfair Exchange""]","[""odds_api_io""]",3,29.577,
soccer|fortaleza ce|vitoria ba|2026-06-03,spreads|fortaleza ec ce|0.00|home,spreads,Fortaleza EC CE,0.0,home,1.57,1.5601,"[""Bet365"", ""Betfair Exchange""]","[""odds_api_io""]",2,0.822,
soccer|fortaleza ce|vitoria ba|2026-06-03,spreads|ec vitoria ba|-0.00|away,spreads,EC Vitoria BA,-0.0,away,2.61,2.4891,"[""Bet365"", ""Betfair Exchange""]","[""odds_api_io""]",2,3.791,
soccer|fortaleza ce|vitoria ba|2026-06-03,spreads|fortaleza ec ce|0.25|home,spreads,Fortaleza EC CE,0.25,home,1.43,1.4151,"[""Bet365"", ""Betfair Exchange""]","[""odds_api_io""]",2,1.499,
soccer|fortaleza ce|vitoria ba|2026-06-03,spreads|ec vitoria ba|-0.25|away,spreads,EC Vitoria BA,-0.25,away,3.14,2.9906,"[""Bet365"", ""Betfair Exchange""]","[""odds_api_io""]",2,3.241,
soccer|fortaleza ce|vitoria ba|2026-06-03,spreads|fortaleza ec ce|0.50|home,spreads,Fortaleza EC CE,0.5,home,1.34,1.312,"[""Bet365"", ""Unibet"", ""Betfair Exchange""]","[""odds_api_io""]",3,4.113,
soccer|fortaleza ce|vitoria ba|2026-06-03,spreads|ec vitoria ba|-0.50|away,spreads,EC Vitoria BA,-0.5,away,3.7,2.5738,"[""Bet365"", ""Unibet"", ""Betfair Exchange""]","[""odds_api_io""]",3,32.674,
soccer|fortaleza ce|vitoria ba|2026-06-03,spreads|fortaleza ec ce|0.75|home,spreads,Fortaleza EC CE,0.75,home,1.22,1.2151,"[""Bet365"", ""Betfair Exchange""]","[""odds_api_io""]",2,0.677,
soccer|fortaleza ce|vitoria ba|2026-06-03,spreads|ec vitoria ba|-0.75|away,spreads,EC Vitoria BA,-0.75,away,4.77,2.2751,"[""Bet365"", ""Betfair Exchange""]","[""odds_api_io""]",2,46.832,
soccer|fortaleza ce|vitoria ba|2026-06-03,spreads|ec vitoria ba|-1.00|away,spreads,EC Vitoria BA,-1.0,away,8.6,3.4538,"[""Bet365"", ""Unibet"", ""Betfair Exchange""]","[""odds_api_io""]",4,66.803,
soccer|fortaleza ce|vitoria ba|2026-06-03,teamTotals|over|0.50|,teamTotals,Over,0.5,,1.571,1.4173,"[""Bet365"", ""Unibet""]","[""odds_api_io""]",4,15.086,
soccer|fortaleza ce|vitoria ba|2026-06-03,teamTotals|under|0.50|,teamTotals,Under,0.5,,3.35,2.6705,"[""Bet365"", ""Unibet""]","[""odds_api_io""]",4,14.594,
soccer|fortaleza ce|vitoria ba|2026-06-03,teamTotals|over|1.50|,teamTotals,Over,1.5,,3.75,2.9216,"[""Bet365"", ""Unibet""]","[""odds_api_io""]",4,16.252,
soccer|fortaleza ce|vitoria ba|2026-06-03,teamTotals|under|1.50|,teamTotals,Under,1.5,,1.52,1.3582,"[""Bet365"", ""Unibet""]","[""odds_api_io""]",4,14.211,
soccer|fortaleza ce|vitoria ba|2026-06-03,teamTotals|over|2.50|,teamTotals,Over,2.5,,8.5,7.3667,"[""Bet365""]","[""odds_api_io""]",2,3.62,
soccer|fortaleza ce|vitoria ba|2026-06-03,teamTotals|under|2.50|,teamTotals,Under,2.5,,1.1,1.0744,"[""Bet365""]","[""odds_api_io""]",2,4.329,
soccer|fortaleza ce|vitoria ba|2026-06-03,teamTotals|over|3.50|,teamTotals,Over,3.5,,17.0,13.3571,"[""Bet365""]","[""odds_api_io""]",2,3.209,
soccer|fortaleza ce|vitoria ba|2026-06-03,teamTotals|under|3.50|,teamTotals,Under,3.5,,1.02,1.0124,"[""Bet365""]","[""odds_api_io""]",2,1.463,
soccer|fortaleza ce|vitoria ba|2026-06-03,teamTotals|over|4.50|,teamTotals,Over,4.5,,21.0,21.0,"[""Bet365""]","[""odds_api_io""]",1,,
soccer|fortaleza ce|vitoria ba|2026-06-03,teamTotals|under|4.50|,teamTotals,Under,4.5,,1.002,1.002,"[""Bet365""]","[""odds_api_io""]",1,,
soccer|fortaleza ce|vitoria ba|2026-06-03,doubleChance|1x||,doubleChance,1X,,,1.34,1.2902,"[""Unibet"", ""Betfair Exchange""]","[""odds_api_io""]",2,6.018,
soccer|fortaleza ce|vitoria ba|2026-06-03,doubleChance|12||,doubleChance,12,,,1.41,1.3654,"[""Unibet"", ""Betfair Exchange""]","[""odds_api_io""]",2,4.836,
soccer|fortaleza ce|vitoria ba|2026-06-03,doubleChance|x2||,doubleChance,X2,,,1.75,1.6904,"[""Unibet"", ""Betfair Exchange""]","[""odds_api_io""]",2,4.207,
soccer|fortaleza ce|vitoria ba|2026-06-03,spreads|fortaleza ec ce|1.50|home,spreads,Fortaleza EC CE,1.5,home,1.07,1.0652,"[""Unibet"", ""Betfair Exchange""]","[""odds_api_io""]",2,0.882,
soccer|fortaleza ce|vitoria ba|2026-06-03,spreads|ec vitoria ba|-1.50|away,spreads,EC Vitoria BA,-1.5,away,8.6,8.0354,"[""Unibet"", ""Betfair Exchange""]","[""odds_api_io""]",2,1.705,
soccer|fortaleza ce|vitoria ba|2026-06-03,totals|over|4.50|,totals,Over,4.5,,10.0,9.7876,"[""Unibet"", ""Betfair Exchange""]","[""odds_api_io""]",2,0.417,
soccer|fortaleza ce|vitoria ba|2026-06-03,totals|under|4.50|,totals,Under,4.5,,1.09,1.0604,"[""Unibet"", ""Betfair Exchange""]","[""odds_api_io""]",2,5.344,
soccer|fortaleza ce|vitoria ba|2026-06-03,totals|over|1.50|,totals,Over,1.5,,1.41,1.4052,"[""Unibet"", ""Betfair Exchange""]","[""odds_api_io""]",2,0.507,
soccer|fortaleza ce|vitoria ba|2026-06-03,totals|under|1.50|,totals,Under,1.5,,3.35,3.0036,"[""Unibet"", ""Betfair Exchange""]","[""odds_api_io""]",2,7.186,
soccer|fortaleza ce|vitoria ba|2026-06-03,totals|over|3.50|,totals,Over,3.5,,4.12,4.1104,"[""Unibet"", ""Betfair Exchange""]","[""odds_api_io""]",2,0.118,
soccer|fortaleza ce|vitoria ba|2026-06-03,totals|under|3.50|,totals,Under,3.5,,1.29,1.2401,"[""Unibet"", ""Betfair Exchange""]","[""odds_api_io""]",2,6.514,
soccer|fortaleza ce|vitoria ba|2026-06-03,totals|over|0.50|,totals,Over,0.5,,1.1,1.0854,"[""Unibet"", ""Betfair Exchange""]","[""odds_api_io""]",2,2.549,
soccer|fortaleza ce|vitoria ba|2026-06-03,totals|under|0.50|,totals,Under,0.5,,10.5,8.1093,"[""Unibet"", ""Betfair Exchange""]","[""odds_api_io""]",2,5.861,
soccer|fortaleza ce|vitoria ba|2026-06-03,spreads|fortaleza ec ce|-4.00|home,spreads,Fortaleza EC CE,-4.0,home,2.8,2.8,"[""Unibet""]","[""odds_api_io""]",1,,
soccer|fortaleza ce|vitoria ba|2026-06-03,spreads|ec vitoria ba|4.00|away,spreads,EC Vitoria BA,4.0,away,1.38,1.38,"[""Unibet""]","[""odds_api_io""]",1,,
soccer|fortaleza ce|vitoria ba|2026-06-03,spreads|ec vitoria ba|3.00|away,spreads,EC Vitoria BA,3.0,away,1.63,1.1731,"[""Unibet"", ""Betfair Exchange""]","[""odds_api_io""]",3,37.66,
soccer|fortaleza ce|vitoria ba|2026-06-03,spreads|fortaleza ec ce|-3.50|home,spreads,Fortaleza EC CE,-3.5,home,34.0,34.0,"[""Betfair Exchange""]","[""odds_api_io""]",1,,
soccer|fortaleza ce|vitoria ba|2026-06-03,spreads|ec vitoria ba|3.50|away,spreads,EC Vitoria BA,3.5,away,1.01,1.01,"[""Betfair Exchange""]","[""odds_api_io""]",1,,
soccer|fortaleza ce|vitoria ba|2026-06-03,spreads|fortaleza ec ce|-2.75|home,spreads,Fortaleza EC CE,-2.75,home,15.17,15.17,"[""Betfair Exchange""]","[""odds_api_io""]",1,,
soccer|fortaleza ce|vitoria ba|2026-06-03,spreads|ec vitoria ba|2.75|away,spreads,EC Vitoria BA,2.75,away,1.04,1.04,"[""Betfair Exchange""]","[""odds_api_io""]",1,,
soccer|fortaleza ce|vitoria ba|2026-06-03,spreads|fortaleza ec ce|-3.25|home,spreads,Fortaleza EC CE,-3.25,home,32.84,32.84,"[""Betfair Exchange""]","[""odds_api_io""]",1,,
soccer|fortaleza ce|vitoria ba|2026-06-03,spreads|ec vitoria ba|3.25|away,spreads,EC Vitoria BA,3.25,away,1.01,1.01,"[""Betfair Exchange""]","[""odds_api_io""]",1,,
soccer|fortaleza ce|vitoria ba|2026-06-03,spreads|fortaleza ec ce|-2.25|home,spreads,Fortaleza EC CE,-2.25,home,9.71,9.71,"[""Betfair Exchange""]","[""odds_api_io""]",1,,
soccer|fortaleza ce|vitoria ba|2026-06-03,spreads|ec vitoria ba|2.25|away,spreads,EC Vitoria BA,2.25,away,1.07,1.07,"[""Betfair Exchange""]","[""odds_api_io""]",1,,
soccer|fortaleza ce|vitoria ba|2026-06-03,spreads|fortaleza ec ce|-2.50|home,spreads,Fortaleza EC CE,-2.5,home,10.22,10.22,"[""Betfair Exchange""]","[""odds_api_io""]",1,,
soccer|fortaleza ce|vitoria ba|2026-06-03,spreads|ec vitoria ba|2.50|away,spreads,EC Vitoria BA,2.5,away,1.07,1.07,"[""Betfair Exchange""]","[""odds_api_io""]",1,,
soccer|fortaleza ce|vitoria ba|2026-06-03,spreads|fortaleza ec ce|1.25|home,spreads,Fortaleza EC CE,1.25,home,1.08,1.08,"[""Betfair Exchange""]","[""odds_api_io""]",1,,
soccer|fortaleza ce|vitoria ba|2026-06-03,spreads|ec vitoria ba|-1.25|away,spreads,EC Vitoria BA,-1.25,away,7.95,7.95,"[""Betfair Exchange""]","[""odds_api_io""]",1,,
soccer|fortaleza ce|vitoria ba|2026-06-03,spreads|fortaleza ec ce|1.75|home,spreads,Fortaleza EC CE,1.75,home,1.05,1.05,"[""Betfair Exchange""]","[""odds_api_io""]",1,,
soccer|fortaleza ce|vitoria ba|2026-06-03,spreads|ec vitoria ba|-1.75|away,spreads,EC Vitoria BA,-1.75,away,12.72,12.72,"[""Betfair Exchange""]","[""odds_api_io""]",1,,
soccer|fortaleza ce|vitoria ba|2026-06-03,spreads|fortaleza ec ce|2.50|home,spreads,Fortaleza EC CE,2.5,home,1.02,1.02,"[""Betfair Exchange""]","[""odds_api_io""]",1,,
soccer|fortaleza ce|vitoria ba|2026-06-03,spreads|ec vitoria ba|-2.50|away,spreads,EC Vitoria BA,-2.5,away,29.0,29.0,"[""Betfair Exchange""]","[""odds_api_io""]",1,,
soccer|fortaleza ce|vitoria ba|2026-06-03,spreads|fortaleza ec ce|2.25|home,spreads,Fortaleza EC CE,2.25,home,1.02,1.02,"[""Betfair Exchange""]","[""odds_api_io""]",1,,
soccer|fortaleza ce|vitoria ba|2026-06-03,spreads|ec vitoria ba|-2.25|away,spreads,EC Vitoria BA,-2.25,away,27.81,27.81,"[""Betfair Exchange""]","[""odds_api_io""]",1,,
soccer|fortaleza ce|vitoria ba|2026-06-03,spreads|fortaleza ec ce|2.75|home,spreads,Fortaleza EC CE,2.75,home,1.01,1.01,"[""Betfair Exchange""]","[""odds_api_io""]",1,,
soccer|fortaleza ce|vitoria ba|2026-06-03,spreads|ec vitoria ba|-2.75|away,spreads,EC Vitoria BA,-2.75,away,46.1,46.1,"[""Betfair Exchange""]","[""odds_api_io""]",1,,
soccer|fortaleza ce|vitoria ba|2026-06-03,totals|over|2.00|,totals,Over,2.0,,1.64,1.64,"[""Betfair Exchange""]","[""odds_api_io""]",1,,
soccer|fortaleza ce|vitoria ba|2026-06-03,totals|under|2.00|,totals,Under,2.0,,2.36,2.36,"[""Betfair Exchange""]","[""odds_api_io""]",1,,
soccer|fortaleza ce|vitoria ba|2026-06-03,totals|over|1.75|,totals,Over,1.75,,1.5,1.5,"[""Betfair Exchange""]","[""odds_api_io""]",1,,
soccer|fortaleza ce|vitoria ba|2026-06-03,totals|under|1.75|,totals,Under,1.75,,2.73,2.73,"[""Betfair Exchange""]","[""odds_api_io""]",1,,
soccer|fortaleza ce|vitoria ba|2026-06-03,totals|over|4.00|,totals,Over,4.0,,8.27,8.27,"[""Betfair Exchange""]","[""odds_api_io""]",1,,
soccer|fortaleza ce|vitoria ba|2026-06-03,totals|under|4.00|,totals,Under,4.0,,1.1,1.1,"[""Betfair Exchange""]","[""odds_api_io""]",1,,
soccer|fortaleza ce|vitoria ba|2026-06-03,totals|over|4.75|,totals,Over,4.75,,13.13,13.13,"[""Betfair Exchange""]","[""odds_api_io""]",1,,
soccer|fortaleza ce|vitoria ba|2026-06-03,totals|under|4.75|,totals,Under,4.75,,1.05,1.05,"[""Betfair Exchange""]","[""odds_api_io""]",1,,
soccer|fortaleza ce|vitoria ba|2026-06-03,totals|over|3.25|,totals,Over,3.25,,3.67,3.67,"[""Betfair Exchange""]","[""odds_api_io""]",1,,
soccer|fortaleza ce|vitoria ba|2026-06-03,totals|under|3.25|,totals,Under,3.25,,1.33,1.33,"[""Betfair Exchange""]","[""odds_api_io""]",1,,
soccer|fortaleza ce|vitoria ba|2026-06-03,totals|over|4.25|,totals,Over,4.25,,8.93,8.93,"[""Betfair Exchange""]","[""odds_api_io""]",1,,
soccer|fortaleza ce|vitoria ba|2026-06-03,totals|under|4.25|,totals,Under,4.25,,1.09,1.09,"[""Betfair Exchange""]","[""odds_api_io""]",1,,
soccer|fortaleza ce|vitoria ba|2026-06-03,totals|over|3.00|,totals,Over,3.0,,3.23,3.23,"[""Betfair Exchange""]","[""odds_api_io""]",1,,
soccer|fortaleza ce|vitoria ba|2026-06-03,totals|under|3.00|,totals,Under,3.0,,1.39,1.39,"[""Betfair Exchange""]","[""odds_api_io""]",1,,
soccer|fortaleza ce|vitoria ba|2026-06-03,totals|over|1.25|,totals,Over,1.25,,1.27,1.27,"[""Betfair Exchange""]","[""odds_api_io""]",1,,
soccer|fortaleza ce|vitoria ba|2026-06-03,totals|under|1.25|,totals,Under,1.25,,4.32,4.32,"[""Betfair Exchange""]","[""odds_api_io""]",1,,
soccer|fortaleza ce|vitoria ba|2026-06-03,totals|over|5.75|,totals,Over,5.75,,33.5,33.5,"[""Betfair Exchange""]","[""odds_api_io""]",1,,
soccer|fortaleza ce|vitoria ba|2026-06-03,totals|under|5.75|,totals,Under,5.75,,1.01,1.01,"[""Betfair Exchange""]","[""odds_api_io""]",1,,
soccer|fortaleza ce|vitoria ba|2026-06-03,totals|over|3.75|,totals,Over,3.75,,5.37,5.37,"[""Betfair Exchange""]","[""odds_api_io""]",1,,
soccer|fortaleza ce|vitoria ba|2026-06-03,totals|under|3.75|,totals,Under,3.75,,1.16,1.16,"[""Betfair Exchange""]","[""odds_api_io""]",1,,
soccer|fortaleza ce|vitoria ba|2026-06-03,totals|over|1.00|,totals,Over,1.0,,1.12,1.12,"[""Betfair Exchange""]","[""odds_api_io""]",1,,
soccer|fortaleza ce|vitoria ba|2026-06-03,totals|under|1.00|,totals,Under,1.0,,6.68,6.68,"[""Betfair Exchange""]","[""odds_api_io""]",1,,
soccer|fortaleza ce|vitoria ba|2026-06-03,totals|over|0.75|,totals,Over,0.75,,1.11,1.11,"[""Betfair Exchange""]","[""odds_api_io""]",1,,
soccer|fortaleza ce|vitoria ba|2026-06-03,totals|under|0.75|,totals,Under,0.75,,7.4,7.4,"[""Betfair Exchange""]","[""odds_api_io""]",1,,
soccer|fortaleza ce|vitoria ba|2026-06-03,totals|over|2.75|,totals,Over,2.75,,2.54,2.54,"[""Betfair Exchange""]","[""odds_api_io""]",1,,
soccer|fortaleza ce|vitoria ba|2026-06-03,totals|under|2.75|,totals,Under,2.75,,1.56,1.56,"[""Betfair Exchange""]","[""odds_api_io""]",1,,
soccer|fortaleza ce|vitoria ba|2026-06-03,totals|over|5.00|,totals,Over,5.0,,21.6,21.6,"[""Betfair Exchange""]","[""odds_api_io""]",1,,
soccer|fortaleza ce|vitoria ba|2026-06-03,totals|under|5.00|,totals,Under,5.0,,1.03,1.03,"[""Betfair Exchange""]","[""odds_api_io""]",1,,
soccer|fortaleza ce|vitoria ba|2026-06-03,totals|over|5.25|,totals,Over,5.25,,22.3,22.3,"[""Betfair Exchange""]","[""odds_api_io""]",1,,
soccer|fortaleza ce|vitoria ba|2026-06-03,totals|under|5.25|,totals,Under,5.25,,1.03,1.03,"[""Betfair Exchange""]","[""odds_api_io""]",1,,
soccer|fortaleza ce|vitoria ba|2026-06-03,totals|over|5.50|,totals,Over,5.5,,23.0,23.0,"[""Betfair Exchange""]","[""odds_api_io""]",1,,
soccer|fortaleza ce|vitoria ba|2026-06-03,totals|under|5.50|,totals,Under,5.5,,1.03,1.03,"[""Betfair Exchange""]","[""odds_api_io""]",1,,
soccer|fortaleza ce|vitoria ba|2026-06-03,spreads|fortaleza ec ce|3.00|home,spreads,Fortaleza EC CE,3.0,home,1.02,1.02,"[""Betfair Exchange""]","[""odds_api_io""]",1,,
