match_key,market_key,family,selection,point,team_side,best_price,consensus_fair_odds,books,sources,snapshots_count,dispersion_pct,steam_score
soccer|peru|spain|2026-06-09,h2h|peru||home,h2h,Peru,,home,1.166,1.154,"[""Bet365"", ""Unibet"", ""Betfair Exchange"", ""Sbobet""]","[""odds_api_io""]",4,1.956,
soccer|peru|spain|2026-06-09,h2h|draw||,h2h,Draw,,,10.0,7.5716,"[""Bet365"", ""Unibet"", ""Betfair Exchange"", ""Sbobet""]","[""odds_api_io""]",4,6.129,
soccer|peru|spain|2026-06-09,h2h|spain||away,h2h,Spain,,away,24.0,15.7778,"[""Bet365"", ""Unibet"", ""Betfair Exchange"", ""Sbobet""]","[""odds_api_io""]",4,4.529,
soccer|peru|spain|2026-06-09,dnb|peru|0.00|home,dnb,Peru,0.0,home,1.04,1.04,"[""Bet365"", ""Betfair Exchange""]","[""odds_api_io""]",2,,
soccer|peru|spain|2026-06-09,dnb|spain|0.00|away,dnb,Spain,0.0,away,21.0,16.1278,"[""Bet365"", ""Betfair Exchange""]","[""odds_api_io""]",2,2.93,
soccer|peru|spain|2026-06-09,spreads|peru|-2.00|home,spreads,Peru,-2.0,home,2.3,1.9843,"[""Bet365"", ""Unibet"", ""Sbobet""]","[""odds_api_io""]",3,10.576,
soccer|peru|spain|2026-06-09,spreads|spain|2.00|away,spreads,Spain,2.0,away,2.45,2.093,"[""Bet365"", ""Unibet"", ""Sbobet""]","[""odds_api_io""]",3,11.132,
soccer|peru|spain|2026-06-09,totals|over|3.00|,totals,Over,3.0,,1.97,1.9501,"[""Bet365"", ""Betfair Exchange"", ""Sbobet""]","[""odds_api_io""]",3,1.052,
soccer|peru|spain|2026-06-09,totals|under|3.00|,totals,Under,3.0,,1.95,1.8964,"[""Bet365"", ""Betfair Exchange"", ""Sbobet""]","[""odds_api_io""]",3,2.772,
soccer|peru|spain|2026-06-09,totals|over|2.50|,totals,Over,2.5,,1.61,1.5674,"[""Bet365"", ""Unibet"", ""Betfair Exchange""]","[""odds_api_io""]",3,3.678,
soccer|peru|spain|2026-06-09,totals|under|2.50|,totals,Under,2.5,,2.56,2.4188,"[""Bet365"", ""Unibet"", ""Betfair Exchange""]","[""odds_api_io""]",3,3.491,
soccer|peru|spain|2026-06-09,btts|yes||,btts,Yes,,,2.74,2.6143,"[""Bet365"", ""Unibet"", ""Betfair Exchange""]","[""odds_api_io""]",3,3.826,
soccer|peru|spain|2026-06-09,btts|no||,btts,No,,,1.55,1.4844,"[""Bet365"", ""Unibet"", ""Betfair Exchange""]","[""odds_api_io""]",3,4.736,
soccer|peru|spain|2026-06-09,spreads|peru|2.00|home,spreads,Peru,2.0,home,2.46,2.1412,"[""Bet365"", ""Betfair Exchange""]","[""odds_api_io""]",4,12.541,
soccer|peru|spain|2026-06-09,spreads|peru|-1.00|home,spreads,Peru,-1.0,home,1.47,1.1658,"[""Bet365"", ""Unibet"", ""Betfair Exchange""]","[""odds_api_io""]",4,29.06,
soccer|peru|spain|2026-06-09,spreads|spain|1.00|away,spreads,Spain,1.0,away,60.0,5.9047,"[""Bet365"", ""Unibet"", ""Betfair Exchange""]","[""odds_api_io""]",4,23.974,
soccer|peru|spain|2026-06-09,spreads|spain|3.00|away,spreads,Spain,3.0,away,1.54,1.4367,"[""Bet365"", ""Unibet""]","[""odds_api_io""]",3,13.496,
soccer|peru|spain|2026-06-09,spreads|peru|3.00|home,spreads,Peru,3.0,home,4.4,4.1373,"[""Bet365"", ""Betfair Exchange""]","[""odds_api_io""]",3,3.939,
soccer|peru|spain|2026-06-09,spreads|peru|4.00|home,spreads,Peru,4.0,home,8.5,8.2433,"[""Bet365"", ""Betfair Exchange""]","[""odds_api_io""]",2,0.72,
soccer|peru|spain|2026-06-09,teamTotals|over|1.50|,teamTotals,Over,1.5,,9.0,2.1994,"[""Bet365"", ""Unibet""]","[""odds_api_io""]",4,69.534,
soccer|peru|spain|2026-06-09,teamTotals|under|1.50|,teamTotals,Under,1.5,,3.55,1.613,"[""Bet365"", ""Unibet""]","[""odds_api_io""]",4,68.918,
soccer|peru|spain|2026-06-09,teamTotals|over|0.50|,teamTotals,Over,0.5,,2.375,1.4329,"[""Bet365"", ""Unibet""]","[""odds_api_io""]",4,56.905,
soccer|peru|spain|2026-06-09,teamTotals|under|0.50|,teamTotals,Under,0.5,,11.0,2.6653,"[""Bet365"", ""Unibet""]","[""odds_api_io""]",4,56.699,
soccer|peru|spain|2026-06-09,teamTotals|over|2.50|,teamTotals,Over,2.5,,34.0,2.7637,"[""Bet365"", ""Unibet""]","[""odds_api_io""]",3,51.113,
soccer|peru|spain|2026-06-09,teamTotals|under|2.50|,teamTotals,Under,2.5,,1.83,1.4257,"[""Bet365"", ""Unibet""]","[""odds_api_io""]",3,44.858,
soccer|peru|spain|2026-06-09,spreads|peru|-3.00|home,spreads,Peru,-3.0,home,4.1,3.7988,"[""Bet365"", ""Unibet""]","[""odds_api_io""]",2,3.779,
soccer|peru|spain|2026-06-09,spreads|peru|-0.50|home,spreads,Peru,-0.5,home,1.175,1.1022,"[""Bet365"", ""Betfair Exchange""]","[""odds_api_io""]",2,11.047,
soccer|peru|spain|2026-06-09,spreads|spain|0.50|away,spreads,Spain,0.5,away,24.0,8.0982,"[""Bet365"", ""Betfair Exchange""]","[""odds_api_io""]",2,16.667,
soccer|peru|spain|2026-06-09,spreads|peru|-0.75|home,spreads,Peru,-0.75,home,1.2,1.1011,"[""Bet365"", ""Betfair Exchange""]","[""odds_api_io""]",2,14.706,
soccer|peru|spain|2026-06-09,spreads|spain|0.75|away,spreads,Spain,0.75,away,34.45,7.9147,"[""Bet365"", ""Betfair Exchange""]","[""odds_api_io""]",2,19.825,
soccer|peru|spain|2026-06-09,spreads|peru|-1.50|home,spreads,Peru,-1.5,home,1.55,1.55,"[""Bet365""]","[""odds_api_io""]",1,,
soccer|peru|spain|2026-06-09,spreads|spain|1.50|away,spreads,Spain,1.5,away,2.375,2.375,"[""Bet365""]","[""odds_api_io""]",1,,
soccer|peru|spain|2026-06-09,spreads|peru|-1.75|home,spreads,Peru,-1.75,home,1.675,1.6573,"[""Bet365"", ""Sbobet""]","[""odds_api_io""]",2,1.274,
soccer|peru|spain|2026-06-09,spreads|spain|1.75|away,spreads,Spain,1.75,away,2.25,2.1989,"[""Bet365"", ""Sbobet""]","[""odds_api_io""]",2,2.067,
soccer|peru|spain|2026-06-09,spreads|peru|-2.25|home,spreads,Peru,-2.25,home,2.15,2.145,"[""Bet365"", ""Sbobet""]","[""odds_api_io""]",2,0.217,
soccer|peru|spain|2026-06-09,spreads|spain|2.25|away,spreads,Spain,2.25,away,1.71,1.6923,"[""Bet365"", ""Sbobet""]","[""odds_api_io""]",2,1.222,
soccer|peru|spain|2026-06-09,spreads|peru|-2.50|home,spreads,Peru,-2.5,home,2.375,2.3277,"[""Bet365"", ""Unibet""]","[""odds_api_io""]",2,1.754,
soccer|peru|spain|2026-06-09,spreads|spain|2.50|away,spreads,Spain,2.5,away,1.55,1.5451,"[""Bet365"", ""Unibet""]","[""odds_api_io""]",2,0.419,
soccer|peru|spain|2026-06-09,spreads|peru|-2.75|home,spreads,Peru,-2.75,home,2.75,2.75,"[""Bet365""]","[""odds_api_io""]",1,,
soccer|peru|spain|2026-06-09,spreads|spain|2.75|away,spreads,Spain,2.75,away,1.425,1.425,"[""Bet365""]","[""odds_api_io""]",1,,
soccer|peru|spain|2026-06-09,spreads|peru|-3.25|home,spreads,Peru,-3.25,home,3.9,3.9,"[""Bet365""]","[""odds_api_io""]",1,,
soccer|peru|spain|2026-06-09,spreads|spain|3.25|away,spreads,Spain,3.25,away,1.24,1.24,"[""Bet365""]","[""odds_api_io""]",1,,
soccer|peru|spain|2026-06-09,spreads|peru|-3.50|home,spreads,Peru,-3.5,home,4.25,4.25,"[""Bet365""]","[""odds_api_io""]",1,,
soccer|peru|spain|2026-06-09,spreads|spain|3.50|away,spreads,Spain,3.5,away,1.21,1.21,"[""Bet365""]","[""odds_api_io""]",1,,
soccer|peru|spain|2026-06-09,spreads|peru|-3.75|home,spreads,Peru,-3.75,home,5.5,5.5,"[""Bet365""]","[""odds_api_io""]",1,,
soccer|peru|spain|2026-06-09,spreads|spain|3.75|away,spreads,Spain,3.75,away,1.15,1.15,"[""Bet365""]","[""odds_api_io""]",1,,
soccer|peru|spain|2026-06-09,spreads|peru|-0.25|home,spreads,Peru,-0.25,home,1.11,1.0732,"[""Bet365"", ""Betfair Exchange""]","[""odds_api_io""]",2,6.064,
soccer|peru|spain|2026-06-09,spreads|spain|0.25|away,spreads,Spain,0.25,away,22.8,10.3403,"[""Bet365"", ""Betfair Exchange""]","[""odds_api_io""]",2,10.766,
soccer|peru|spain|2026-06-09,spreads|peru|-1.25|home,spreads,Peru,-1.25,home,1.4,1.4,"[""Bet365""]","[""odds_api_io""]",1,,
soccer|peru|spain|2026-06-09,spreads|spain|1.25|away,spreads,Spain,1.25,away,2.85,2.85,"[""Bet365""]","[""odds_api_io""]",1,,
soccer|peru|spain|2026-06-09,teamTotals|over|4.50|,teamTotals,Over,4.5,,7.0,6.5297,"[""Bet365"", ""Unibet""]","[""odds_api_io""]",2,2.108,
soccer|peru|spain|2026-06-09,teamTotals|under|4.50|,teamTotals,Under,4.5,,1.1,1.0851,"[""Bet365"", ""Unibet""]","[""odds_api_io""]",2,2.549,
soccer|peru|spain|2026-06-09,teamTotals|over|3.50|,teamTotals,Over,3.5,,3.4,3.3251,"[""Bet365"", ""Unibet""]","[""odds_api_io""]",2,1.357,
soccer|peru|spain|2026-06-09,teamTotals|under|3.50|,teamTotals,Under,3.5,,1.3,1.2902,"[""Bet365"", ""Unibet""]","[""odds_api_io""]",2,1.202,
soccer|peru|spain|2026-06-09,teamTotals|over|5.50|,teamTotals,Over,5.5,,15.0,13.9522,"[""Bet365"", ""Unibet""]","[""odds_api_io""]",2,1.026,
soccer|peru|spain|2026-06-09,teamTotals|under|5.50|,teamTotals,Under,5.5,,1.03,1.03,"[""Bet365""]","[""odds_api_io""]",1,,
soccer|peru|spain|2026-06-09,teamTotals|over|6.50|,teamTotals,Over,6.5,,29.0,29.0,"[""Bet365""]","[""odds_api_io""]",1,,
soccer|peru|spain|2026-06-09,teamTotals|under|6.50|,teamTotals,Under,6.5,,1.006,1.006,"[""Bet365""]","[""odds_api_io""]",1,,
soccer|peru|spain|2026-06-09,spreads|spain|-2.00|away,spreads,Spain,-2.0,away,2.7,2.1526,"[""Bet365"", ""Betfair Exchange""]","[""odds_api_io""]",3,17.017,
soccer|peru|spain|2026-06-09,doubleChance|12||,doubleChance,12,,,1.1,1.0854,"[""Unibet"", ""Betfair Exchange""]","[""odds_api_io""]",2,2.549,
soccer|peru|spain|2026-06-09,doubleChance|x2||,doubleChance,X2,,,5.4,1.696,"[""Unibet"", ""Betfair Exchange""]","[""odds_api_io""]",2,77.635,
soccer|peru|spain|2026-06-09,totals|over|1.50|,totals,Over,1.5,,1.19,1.1655,"[""Unibet"", ""Betfair Exchange""]","[""odds_api_io""]",2,3.686,
soccer|peru|spain|2026-06-09,totals|under|1.50|,totals,Under,1.5,,5.8,5.3309,"[""Unibet"", ""Betfair Exchange""]","[""odds_api_io""]",2,3.167,
soccer|peru|spain|2026-06-09,totals|over|6.50|,totals,Over,6.5,,25.0,19.6932,"[""Unibet"", ""Betfair Exchange""]","[""odds_api_io""]",2,2.25,
soccer|peru|spain|2026-06-09,totals|over|3.50|,totals,Over,3.5,,2.56,2.4705,"[""Unibet"", ""Betfair Exchange""]","[""odds_api_io""]",2,2.954,
soccer|peru|spain|2026-06-09,totals|under|3.50|,totals,Under,3.5,,1.61,1.5656,"[""Unibet"", ""Betfair Exchange""]","[""odds_api_io""]",2,3.678,
soccer|peru|spain|2026-06-09,totals|over|4.50|,totals,Over,4.5,,4.71,4.4778,"[""Unibet"", ""Betfair Exchange""]","[""odds_api_io""]",2,2.298,
soccer|peru|spain|2026-06-09,totals|under|4.50|,totals,Under,4.5,,1.25,1.2205,"[""Unibet"", ""Betfair Exchange""]","[""odds_api_io""]",2,4.034,
soccer|peru|spain|2026-06-09,totals|over|5.50|,totals,Over,5.5,,9.8,9.131,"[""Unibet"", ""Betfair Exchange""]","[""odds_api_io""]",2,1.561,
soccer|peru|spain|2026-06-09,totals|under|5.50|,totals,Under,5.5,,1.1,1.0755,"[""Unibet"", ""Betfair Exchange""]","[""odds_api_io""]",2,4.329,
soccer|peru|spain|2026-06-09,spreads|peru|-4.00|home,spreads,Peru,-4.0,home,8.0,8.0,"[""Unibet""]","[""odds_api_io""]",1,,
soccer|peru|spain|2026-06-09,spreads|spain|4.00|away,spreads,Spain,4.0,away,1.19,1.19,"[""Unibet""]","[""odds_api_io""]",1,,
soccer|peru|spain|2026-06-09,doubleChance|1x||,doubleChance,1X,,,7.0,7.0,"[""Betfair Exchange""]","[""odds_api_io""]",1,,
soccer|peru|spain|2026-06-09,spreads|peru|2.25|home,spreads,Peru,2.25,home,2.17,2.17,"[""Betfair Exchange""]","[""odds_api_io""]",1,,
soccer|peru|spain|2026-06-09,spreads|spain|-2.25|away,spreads,Spain,-2.25,away,1.78,1.78,"[""Betfair Exchange""]","[""odds_api_io""]",1,,
soccer|peru|spain|2026-06-09,spreads|peru|2.50|home,spreads,Peru,2.5,home,2.47,2.47,"[""Betfair Exchange""]","[""odds_api_io""]",1,,
soccer|peru|spain|2026-06-09,spreads|spain|-2.50|away,spreads,Spain,-2.5,away,1.62,1.62,"[""Betfair Exchange""]","[""odds_api_io""]",1,,
soccer|peru|spain|2026-06-09,spreads|peru|2.75|home,spreads,Peru,2.75,home,2.91,2.91,"[""Betfair Exchange""]","[""odds_api_io""]",1,,
soccer|peru|spain|2026-06-09,spreads|spain|-2.75|away,spreads,Spain,-2.75,away,1.46,1.46,"[""Betfair Exchange""]","[""odds_api_io""]",1,,
soccer|peru|spain|2026-06-09,spreads|peru|1.25|home,spreads,Peru,1.25,home,1.37,1.37,"[""Betfair Exchange""]","[""odds_api_io""]",1,,
soccer|peru|spain|2026-06-09,spreads|spain|-1.25|away,spreads,Spain,-1.25,away,3.47,3.47,"[""Betfair Exchange""]","[""odds_api_io""]",1,,
soccer|peru|spain|2026-06-09,spreads|peru|0.75|home,spreads,Peru,0.75,home,1.18,1.18,"[""Betfair Exchange""]","[""odds_api_io""]",1,,
soccer|peru|spain|2026-06-09,spreads|spain|-0.75|away,spreads,Spain,-0.75,away,6.27,6.27,"[""Betfair Exchange""]","[""odds_api_io""]",1,,
soccer|peru|spain|2026-06-09,spreads|peru|1.00|home,spreads,Peru,1.0,home,1.53,1.3513,"[""Betfair Exchange""]","[""odds_api_io""]",2,17.285,
soccer|peru|spain|2026-06-09,spreads|spain|-1.00|away,spreads,Spain,-1.0,away,7.0,6.1537,"[""Betfair Exchange""]","[""odds_api_io""]",2,3.929,
soccer|peru|spain|2026-06-09,spreads|peru|0.50|home,spreads,Peru,0.5,home,1.16,1.16,"[""Betfair Exchange""]","[""odds_api_io""]",1,,
soccer|peru|spain|2026-06-09,spreads|spain|-0.50|away,spreads,Spain,-0.5,away,7.05,7.05,"[""Betfair Exchange""]","[""odds_api_io""]",1,,
soccer|peru|spain|2026-06-09,spreads|peru|0.25|home,spreads,Peru,0.25,home,1.1,1.1,"[""Betfair Exchange""]","[""odds_api_io""]",1,,
soccer|peru|spain|2026-06-09,spreads|spain|-0.25|away,spreads,Spain,-0.25,away,10.36,10.36,"[""Betfair Exchange""]","[""odds_api_io""]",1,,
soccer|peru|spain|2026-06-09,spreads|peru|0.00|home,spreads,Peru,0.0,home,1.04,1.04,"[""Betfair Exchange""]","[""odds_api_io""]",1,,
soccer|peru|spain|2026-06-09,spreads|spain|-0.00|away,spreads,Spain,-0.0,away,21.6,21.6,"[""Betfair Exchange""]","[""odds_api_io""]",1,,
soccer|peru|spain|2026-06-09,spreads|spain|-3.00|away,spreads,Spain,-3.0,away,1.62,1.4486,"[""Betfair Exchange""]","[""odds_api_io""]",2,14.607,
soccer|peru|spain|2026-06-09,spreads|peru|3.50|home,spreads,Peru,3.5,home,4.4,4.4,"[""Betfair Exchange""]","[""odds_api_io""]",1,,
soccer|peru|spain|2026-06-09,spreads|spain|-3.50|away,spreads,Spain,-3.5,away,1.23,1.23,"[""Betfair Exchange""]","[""odds_api_io""]",1,,
soccer|peru|spain|2026-06-09,spreads|peru|3.25|home,spreads,Peru,3.25,home,4.02,4.02,"[""Betfair Exchange""]","[""odds_api_io""]",1,,
soccer|peru|spain|2026-06-09,spreads|spain|-3.25|away,spreads,Spain,-3.25,away,1.27,1.27,"[""Betfair Exchange""]","[""odds_api_io""]",1,,
soccer|peru|spain|2026-06-09,spreads|peru|1.50|home,spreads,Peru,1.5,home,1.53,1.53,"[""Betfair Exchange""]","[""odds_api_io""]",1,,
soccer|peru|spain|2026-06-09,spreads|spain|-1.50|away,spreads,Spain,-1.5,away,2.71,2.71,"[""Betfair Exchange""]","[""odds_api_io""]",1,,
soccer|peru|spain|2026-06-09,spreads|peru|1.75|home,spreads,Peru,1.75,home,1.66,1.66,"[""Betfair Exchange""]","[""odds_api_io""]",1,,
soccer|peru|spain|2026-06-09,spreads|spain|-1.75|away,spreads,Spain,-1.75,away,2.38,2.38,"[""Betfair Exchange""]","[""odds_api_io""]",1,,
soccer|peru|spain|2026-06-09,spreads|spain|-4.00|away,spreads,Spain,-4.0,away,1.1,1.1,"[""Betfair Exchange""]","[""odds_api_io""]",1,,
soccer|peru|spain|2026-06-09,spreads|peru|3.75|home,spreads,Peru,3.75,home,5.6,5.6,"[""Betfair Exchange""]","[""odds_api_io""]",1,,
soccer|peru|spain|2026-06-09,spreads|spain|-3.75|away,spreads,Spain,-3.75,away,1.16,1.16,"[""Betfair Exchange""]","[""odds_api_io""]",1,,
soccer|peru|spain|2026-06-09,totals|over|3.25|,totals,Over,3.25,,2.26,2.2149,"[""Betfair Exchange"", ""Sbobet""]","[""odds_api_io""]",2,1.835,
soccer|peru|spain|2026-06-09,totals|under|3.25|,totals,Under,3.25,,1.74,1.7049,"[""Betfair Exchange"", ""Sbobet""]","[""odds_api_io""]",2,2.409,
soccer|peru|spain|2026-06-09,totals|over|4.00|,totals,Over,4.0,,3.87,3.87,"[""Betfair Exchange""]","[""odds_api_io""]",1,,
soccer|peru|spain|2026-06-09,totals|under|4.00|,totals,Under,4.0,,1.31,1.31,"[""Betfair Exchange""]","[""odds_api_io""]",1,,
soccer|peru|spain|2026-06-09,totals|over|4.25|,totals,Over,4.25,,4.29,4.29,"[""Betfair Exchange""]","[""odds_api_io""]",1,,
soccer|peru|spain|2026-06-09,totals|under|4.25|,totals,Under,4.25,,1.28,1.28,"[""Betfair Exchange""]","[""odds_api_io""]",1,,
soccer|peru|spain|2026-06-09,totals|over|3.75|,totals,Over,3.75,,3.02,3.02,"[""Betfair Exchange""]","[""odds_api_io""]",1,,
soccer|peru|spain|2026-06-09,totals|under|3.75|,totals,Under,3.75,,1.45,1.45,"[""Betfair Exchange""]","[""odds_api_io""]",1,,
soccer|peru|spain|2026-06-09,totals|over|5.00|,totals,Over,5.0,,7.26,7.26,"[""Betfair Exchange""]","[""odds_api_io""]",1,,
soccer|peru|spain|2026-06-09,totals|under|5.00|,totals,Under,5.0,,1.1,1.1,"[""Betfair Exchange""]","[""odds_api_io""]",1,,
soccer|peru|spain|2026-06-09,totals|over|1.25|,totals,Over,1.25,,1.11,1.11,"[""Betfair Exchange""]","[""odds_api_io""]",1,,
soccer|peru|spain|2026-06-09,totals|under|1.25|,totals,Under,1.25,,8.14,8.14,"[""Betfair Exchange""]","[""odds_api_io""]",1,,
soccer|peru|spain|2026-06-09,totals|over|1.00|,totals,Over,1.0,,1.03,1.03,"[""Betfair Exchange""]","[""odds_api_io""]",1,,
soccer|peru|spain|2026-06-09,totals|under|1.00|,totals,Under,1.0,,12.4,12.4,"[""Betfair Exchange""]","[""odds_api_io""]",1,,
soccer|peru|spain|2026-06-09,totals|over|0.75|,totals,Over,0.75,,1.03,1.03,"[""Betfair Exchange""]","[""odds_api_io""]",1,,
soccer|peru|spain|2026-06-09,totals|under|0.75|,totals,Under,0.75,,13.0,13.0,"[""Betfair Exchange""]","[""odds_api_io""]",1,,
soccer|peru|spain|2026-06-09,totals|over|2.75|,totals,Over,2.75,,1.75,1.7149,"[""Betfair Exchange"", ""Sbobet""]","[""odds_api_io""]",2,2.381,
soccer|peru|spain|2026-06-09,totals|under|2.75|,totals,Under,2.75,,2.19,2.1752,"[""Betfair Exchange"", ""Sbobet""]","[""odds_api_io""]",2,0.634,
soccer|peru|spain|2026-06-09,totals|over|7.00|,totals,Over,7.0,,53.88,53.88,"[""Betfair Exchange""]","[""odds_api_io""]",1,,
soccer|peru|spain|2026-06-09,totals|under|7.00|,totals,Under,7.0,,1.01,1.01,"[""Betfair Exchange""]","[""odds_api_io""]",1,,
soccer|peru|spain|2026-06-09,totals|over|6.25|,totals,Over,6.25,,24.22,24.22,"[""Betfair Exchange""]","[""odds_api_io""]",1,,
soccer|peru|spain|2026-06-09,totals|under|6.25|,totals,Under,6.25,,1.03,1.03,"[""Betfair Exchange""]","[""odds_api_io""]",1,,
soccer|peru|spain|2026-06-09,totals|over|6.00|,totals,Over,6.0,,23.44,23.44,"[""Betfair Exchange""]","[""odds_api_io""]",1,,
soccer|peru|spain|2026-06-09,totals|under|6.00|,totals,Under,6.0,,1.03,1.03,"[""Betfair Exchange""]","[""odds_api_io""]",1,,
soccer|peru|spain|2026-06-09,totals|over|5.75|,totals,Over,5.75,,13.78,13.78,"[""Betfair Exchange""]","[""odds_api_io""]",1,,
soccer|peru|spain|2026-06-09,totals|under|5.75|,totals,Under,5.75,,1.05,1.05,"[""Betfair Exchange""]","[""odds_api_io""]",1,,
soccer|peru|spain|2026-06-09,totals|under|6.50|,totals,Under,6.5,,1.03,1.03,"[""Betfair Exchange""]","[""odds_api_io""]",1,,
soccer|peru|spain|2026-06-09,totals|over|4.75|,totals,Over,4.75,,6.01,6.01,"[""Betfair Exchange""]","[""odds_api_io""]",1,,
soccer|peru|spain|2026-06-09,totals|under|4.75|,totals,Under,4.75,,1.14,1.14,"[""Betfair Exchange""]","[""odds_api_io""]",1,,
soccer|peru|spain|2026-06-09,totals|over|5.25|,totals,Over,5.25,,9.25,9.25,"[""Betfair Exchange""]","[""odds_api_io""]",1,,
soccer|peru|spain|2026-06-09,totals|under|5.25|,totals,Under,5.25,,1.1,1.1,"[""Betfair Exchange""]","[""odds_api_io""]",1,,
soccer|peru|spain|2026-06-09,totals|over|0.50|,totals,Over,0.5,,1.03,1.03,"[""Betfair Exchange""]","[""odds_api_io""]",1,,
soccer|peru|spain|2026-06-09,totals|under|0.50|,totals,Under,0.5,,30.0,30.0,"[""Betfair Exchange""]","[""odds_api_io""]",1,,
soccer|peru|spain|2026-06-09,totals|over|2.25|,totals,Over,2.25,,1.43,1.43,"[""Betfair Exchange""]","[""odds_api_io""]",1,,
soccer|peru|spain|2026-06-09,totals|under|2.25|,totals,Under,2.25,,3.14,3.14,"[""Betfair Exchange""]","[""odds_api_io""]",1,,
soccer|peru|spain|2026-06-09,totals|over|1.75|,totals,Over,1.75,,1.22,1.22,"[""Betfair Exchange""]","[""odds_api_io""]",1,,
soccer|peru|spain|2026-06-09,totals|under|1.75|,totals,Under,1.75,,4.93,4.93,"[""Betfair Exchange""]","[""odds_api_io""]",1,,
soccer|peru|spain|2026-06-09,totals|over|2.00|,totals,Over,2.0,,1.25,1.25,"[""Betfair Exchange""]","[""odds_api_io""]",1,,
soccer|peru|spain|2026-06-09,totals|under|2.00|,totals,Under,2.0,,4.4,4.4,"[""Betfair Exchange""]","[""odds_api_io""]",1,,
soccer|peru|spain|2026-06-09,totals|over|6.75|,totals,Over,6.75,,34.0,34.0,"[""Betfair Exchange""]","[""odds_api_io""]",1,,
soccer|peru|spain|2026-06-09,totals|under|6.75|,totals,Under,6.75,,1.01,1.01,"[""Betfair Exchange""]","[""odds_api_io""]",1,,
soccer|peru|spain|2026-06-09,totals|over|7.25|,totals,Over,7.25,,54.44,54.44,"[""Betfair Exchange""]","[""odds_api_io""]",1,,
soccer|peru|spain|2026-06-09,totals|under|7.25|,totals,Under,7.25,,1.01,1.01,"[""Betfair Exchange""]","[""odds_api_io""]",1,,
soccer|peru|spain|2026-06-09,totals|over|7.50|,totals,Over,7.5,,55.0,55.0,"[""Betfair Exchange""]","[""odds_api_io""]",1,,
soccer|peru|spain|2026-06-09,totals|under|7.50|,totals,Under,7.5,,1.01,1.01,"[""Betfair Exchange""]","[""odds_api_io""]",1,,
soccer|magic united tfa|rochedale rovers|2026-06-09,h2h|rochedale rovers||home,h2h,Rochedale Rovers,,home,1.045,1.045,"[""Bet365""]","[""odds_api_io""]",1,,
soccer|magic united tfa|rochedale rovers|2026-06-09,h2h|draw||,h2h,Draw,,,15.0,15.0,"[""Bet365""]","[""odds_api_io""]",1,,
soccer|magic united tfa|rochedale rovers|2026-06-09,h2h|magic united tfa||away,h2h,Magic United TFA,,away,26.0,26.0,"[""Bet365""]","[""odds_api_io""]",1,,
soccer|magic united tfa|rochedale rovers|2026-06-09,dnb|rochedale rovers|0.00|home,dnb,Rochedale Rovers,0.0,home,1.015,1.015,"[""Bet365""]","[""odds_api_io""]",1,,
soccer|magic united tfa|rochedale rovers|2026-06-09,dnb|magic united tfa|0.00|away,dnb,Magic United TFA,0.0,away,12.0,12.0,"[""Bet365""]","[""odds_api_io""]",1,,
soccer|magic united tfa|rochedale rovers|2026-06-09,spreads|rochedale rovers|-3.75|home,spreads,Rochedale Rovers,-3.75,home,1.975,1.975,"[""Bet365""]","[""odds_api_io""]",1,,
soccer|magic united tfa|rochedale rovers|2026-06-09,spreads|magic united tfa|3.75|away,spreads,Magic United TFA,3.75,away,1.825,1.825,"[""Bet365""]","[""odds_api_io""]",1,,
soccer|magic united tfa|rochedale rovers|2026-06-09,totals|over|4.75|,totals,Over,4.75,,1.95,1.95,"[""Bet365""]","[""odds_api_io""]",1,,
soccer|magic united tfa|rochedale rovers|2026-06-09,totals|under|4.75|,totals,Under,4.75,,1.85,1.85,"[""Bet365""]","[""odds_api_io""]",1,,
soccer|magic united tfa|rochedale rovers|2026-06-09,totals|over|2.50|,totals,Over,2.5,,1.125,1.125,"[""Bet365""]","[""odds_api_io""]",1,,
soccer|magic united tfa|rochedale rovers|2026-06-09,totals|under|2.50|,totals,Under,2.5,,5.5,5.5,"[""Bet365""]","[""odds_api_io""]",1,,
soccer|magic united tfa|rochedale rovers|2026-06-09,spreads|rochedale rovers|-5.75|home,spreads,Rochedale Rovers,-5.75,home,4.4,4.4,"[""Bet365""]","[""odds_api_io""]",1,,
soccer|magic united tfa|rochedale rovers|2026-06-09,spreads|magic united tfa|5.75|away,spreads,Magic United TFA,5.75,away,1.2,1.2,"[""Bet365""]","[""odds_api_io""]",1,,
soccer|magic united tfa|rochedale rovers|2026-06-09,spreads|rochedale rovers|-5.50|home,spreads,Rochedale Rovers,-5.5,home,3.8,3.8,"[""Bet365""]","[""odds_api_io""]",1,,
soccer|magic united tfa|rochedale rovers|2026-06-09,spreads|magic united tfa|5.50|away,spreads,Magic United TFA,5.5,away,1.25,1.25,"[""Bet365""]","[""odds_api_io""]",1,,
soccer|magic united tfa|rochedale rovers|2026-06-09,spreads|rochedale rovers|-5.25|home,spreads,Rochedale Rovers,-5.25,home,3.55,3.55,"[""Bet365""]","[""odds_api_io""]",1,,
soccer|magic united tfa|rochedale rovers|2026-06-09,spreads|magic united tfa|5.25|away,spreads,Magic United TFA,5.25,away,1.275,1.275,"[""Bet365""]","[""odds_api_io""]",1,,
soccer|magic united tfa|rochedale rovers|2026-06-09,spreads|rochedale rovers|-5.00|home,spreads,Rochedale Rovers,-5.0,home,3.45,3.45,"[""Bet365""]","[""odds_api_io""]",1,,
soccer|magic united tfa|rochedale rovers|2026-06-09,spreads|magic united tfa|5.00|away,spreads,Magic United TFA,5.0,away,1.3,1.3,"[""Bet365""]","[""odds_api_io""]",1,,
soccer|magic united tfa|rochedale rovers|2026-06-09,spreads|rochedale rovers|-4.75|home,spreads,Rochedale Rovers,-4.75,home,2.85,2.85,"[""Bet365""]","[""odds_api_io""]",1,,
soccer|magic united tfa|rochedale rovers|2026-06-09,spreads|magic united tfa|4.75|away,spreads,Magic United TFA,4.75,away,1.4,1.4,"[""Bet365""]","[""odds_api_io""]",1,,
soccer|magic united tfa|rochedale rovers|2026-06-09,spreads|rochedale rovers|-4.50|home,spreads,Rochedale Rovers,-4.5,home,2.5,2.5,"[""Bet365""]","[""odds_api_io""]",1,,
soccer|magic united tfa|rochedale rovers|2026-06-09,spreads|magic united tfa|4.50|away,spreads,Magic United TFA,4.5,away,1.5,1.5,"[""Bet365""]","[""odds_api_io""]",1,,
soccer|magic united tfa|rochedale rovers|2026-06-09,spreads|rochedale rovers|-4.25|home,spreads,Rochedale Rovers,-4.25,home,2.35,2.35,"[""Bet365""]","[""odds_api_io""]",1,,
soccer|magic united tfa|rochedale rovers|2026-06-09,spreads|magic united tfa|4.25|away,spreads,Magic United TFA,4.25,away,1.575,1.575,"[""Bet365""]","[""odds_api_io""]",1,,
soccer|magic united tfa|rochedale rovers|2026-06-09,spreads|rochedale rovers|-4.00|home,spreads,Rochedale Rovers,-4.0,home,2.15,2.15,"[""Bet365""]","[""odds_api_io""]",1,,
soccer|magic united tfa|rochedale rovers|2026-06-09,spreads|magic united tfa|4.00|away,spreads,Magic United TFA,4.0,away,1.675,1.675,"[""Bet365""]","[""odds_api_io""]",1,,
soccer|magic united tfa|rochedale rovers|2026-06-09,spreads|rochedale rovers|-3.50|home,spreads,Rochedale Rovers,-3.5,home,1.8,1.8,"[""Bet365""]","[""odds_api_io""]",1,,
soccer|magic united tfa|rochedale rovers|2026-06-09,spreads|magic united tfa|3.50|away,spreads,Magic United TFA,3.5,away,2.0,2.0,"[""Bet365""]","[""odds_api_io""]",1,,
soccer|magic united tfa|rochedale rovers|2026-06-09,spreads|rochedale rovers|-3.00|home,spreads,Rochedale Rovers,-3.0,home,1.525,1.525,"[""Bet365""]","[""odds_api_io""]",1,,
soccer|magic united tfa|rochedale rovers|2026-06-09,spreads|magic united tfa|3.00|away,spreads,Magic United TFA,3.0,away,2.425,2.425,"[""Bet365""]","[""odds_api_io""]",1,,
soccer|magic united tfa|rochedale rovers|2026-06-09,spreads|rochedale rovers|-2.75|home,spreads,Rochedale Rovers,-2.75,home,1.45,1.45,"[""Bet365""]","[""odds_api_io""]",1,,
soccer|magic united tfa|rochedale rovers|2026-06-09,spreads|magic united tfa|2.75|away,spreads,Magic United TFA,2.75,away,2.675,2.675,"[""Bet365""]","[""odds_api_io""]",1,,
soccer|magic united tfa|rochedale rovers|2026-06-09,spreads|rochedale rovers|-2.50|home,spreads,Rochedale Rovers,-2.5,home,1.375,1.375,"[""Bet365""]","[""odds_api_io""]",1,,
soccer|magic united tfa|rochedale rovers|2026-06-09,spreads|magic united tfa|2.50|away,spreads,Magic United TFA,2.5,away,3.0,3.0,"[""Bet365""]","[""odds_api_io""]",1,,
soccer|magic united tfa|rochedale rovers|2026-06-09,spreads|rochedale rovers|-2.25|home,spreads,Rochedale Rovers,-2.25,home,1.3,1.3,"[""Bet365""]","[""odds_api_io""]",1,,
soccer|magic united tfa|rochedale rovers|2026-06-09,spreads|magic united tfa|2.25|away,spreads,Magic United TFA,2.25,away,3.45,3.45,"[""Bet365""]","[""odds_api_io""]",1,,
soccer|magic united tfa|rochedale rovers|2026-06-09,spreads|rochedale rovers|-2.00|home,spreads,Rochedale Rovers,-2.0,home,1.2,1.2,"[""Bet365""]","[""odds_api_io""]",1,,
soccer|magic united tfa|rochedale rovers|2026-06-09,spreads|magic united tfa|2.00|away,spreads,Magic United TFA,2.0,away,4.4,4.4,"[""Bet365""]","[""odds_api_io""]",1,,
soccer|magic united tfa|rochedale rovers|2026-06-09,spreads|rochedale rovers|-1.75|home,spreads,Rochedale Rovers,-1.75,home,1.18,1.18,"[""Bet365""]","[""odds_api_io""]",1,,
soccer|magic united tfa|rochedale rovers|2026-06-09,spreads|magic united tfa|1.75|away,spreads,Magic United TFA,1.75,away,4.65,4.65,"[""Bet365""]","[""odds_api_io""]",1,,
soccer|ipswich knights|logan roos|2026-06-09,h2h|ipswich knights||home,h2h,Ipswich Knights,,home,1.95,1.95,"[""Bet365""]","[""odds_api_io""]",1,,
soccer|ipswich knights|logan roos|2026-06-09,h2h|draw||,h2h,Draw,,,4.333,4.333,"[""Bet365""]","[""odds_api_io""]",1,,
soccer|ipswich knights|logan roos|2026-06-09,h2h|logan roos fc||away,h2h,Logan Roos FC,,away,2.625,2.625,"[""Bet365""]","[""odds_api_io""]",1,,
soccer|ipswich knights|logan roos|2026-06-09,dnb|ipswich knights|0.00|home,dnb,Ipswich Knights,0.0,home,1.833,1.833,"[""Bet365""]","[""odds_api_io""]",1,,
soccer|ipswich knights|logan roos|2026-06-09,dnb|logan roos fc|0.00|away,dnb,Logan Roos FC,0.0,away,1.833,1.833,"[""Bet365""]","[""odds_api_io""]",1,,
soccer|ipswich knights|logan roos|2026-06-09,spreads|ipswich knights|-0.25|home,spreads,Ipswich Knights,-0.25,home,1.825,1.825,"[""Bet365""]","[""odds_api_io""]",1,,
soccer|ipswich knights|logan roos|2026-06-09,spreads|logan roos fc|0.25|away,spreads,Logan Roos FC,0.25,away,1.975,1.975,"[""Bet365""]","[""odds_api_io""]",1,,
soccer|ipswich knights|logan roos|2026-06-09,totals|over|4.00|,totals,Over,4.0,,1.825,1.825,"[""Bet365""]","[""odds_api_io""]",1,,
soccer|ipswich knights|logan roos|2026-06-09,totals|under|4.00|,totals,Under,4.0,,1.975,1.975,"[""Bet365""]","[""odds_api_io""]",1,,
soccer|ipswich knights|logan roos|2026-06-09,totals|over|2.50|,totals,Over,2.5,,1.25,1.25,"[""Bet365""]","[""odds_api_io""]",1,,
soccer|ipswich knights|logan roos|2026-06-09,totals|under|2.50|,totals,Under,2.5,,3.75,3.75,"[""Bet365""]","[""odds_api_io""]",1,,
soccer|ipswich knights|logan roos|2026-06-09,spreads|ipswich knights|-2.25|home,spreads,Ipswich Knights,-2.25,home,5.0,5.0,"[""Bet365""]","[""odds_api_io""]",1,,
soccer|ipswich knights|logan roos|2026-06-09,spreads|logan roos fc|2.25|away,spreads,Logan Roos FC,2.25,away,1.17,1.17,"[""Bet365""]","[""odds_api_io""]",1,,
soccer|ipswich knights|logan roos|2026-06-09,spreads|ipswich knights|-2.00|home,spreads,Ipswich Knights,-2.0,home,4.5,4.5,"[""Bet365""]","[""odds_api_io""]",1,,
soccer|ipswich knights|logan roos|2026-06-09,spreads|logan roos fc|2.00|away,spreads,Logan Roos FC,2.0,away,1.19,1.19,"[""Bet365""]","[""odds_api_io""]",1,,
soccer|ipswich knights|logan roos|2026-06-09,spreads|ipswich knights|-1.75|home,spreads,Ipswich Knights,-1.75,home,3.55,3.55,"[""Bet365""]","[""odds_api_io""]",1,,
soccer|ipswich knights|logan roos|2026-06-09,spreads|logan roos fc|1.75|away,spreads,Logan Roos FC,1.75,away,5.75,5.75,"[""Bet365""]","[""odds_api_io""]",1,,
soccer|ipswich knights|logan roos|2026-06-09,spreads|ipswich knights|-1.50|home,spreads,Ipswich Knights,-1.5,home,3.1,3.1,"[""Bet365""]","[""odds_api_io""]",1,,
soccer|ipswich knights|logan roos|2026-06-09,spreads|logan roos fc|1.50|away,spreads,Logan Roos FC,1.5,away,4.5,4.5,"[""Bet365""]","[""odds_api_io""]",1,,
soccer|ipswich knights|logan roos|2026-06-09,spreads|ipswich knights|-1.25|home,spreads,Ipswich Knights,-1.25,home,2.85,2.85,"[""Bet365""]","[""odds_api_io""]",1,,
soccer|ipswich knights|logan roos|2026-06-09,spreads|logan roos fc|1.25|away,spreads,Logan Roos FC,1.25,away,4.25,4.25,"[""Bet365""]","[""odds_api_io""]",1,,
soccer|ipswich knights|logan roos|2026-06-09,spreads|ipswich knights|-1.00|home,spreads,Ipswich Knights,-1.0,home,2.6,2.6,"[""Bet365""]","[""odds_api_io""]",1,,
soccer|ipswich knights|logan roos|2026-06-09,spreads|logan roos fc|1.00|away,spreads,Logan Roos FC,1.0,away,3.9,3.9,"[""Bet365""]","[""odds_api_io""]",1,,
soccer|ipswich knights|logan roos|2026-06-09,spreads|ipswich knights|-0.75|home,spreads,Ipswich Knights,-0.75,home,2.25,2.25,"[""Bet365""]","[""odds_api_io""]",1,,
soccer|ipswich knights|logan roos|2026-06-09,spreads|logan roos fc|0.75|away,spreads,Logan Roos FC,0.75,away,3.1,3.1,"[""Bet365""]","[""odds_api_io""]",1,,
soccer|ipswich knights|logan roos|2026-06-09,spreads|ipswich knights|-0.50|home,spreads,Ipswich Knights,-0.5,home,2.025,2.025,"[""Bet365""]","[""odds_api_io""]",1,,
soccer|ipswich knights|logan roos|2026-06-09,spreads|logan roos fc|0.50|away,spreads,Logan Roos FC,0.5,away,2.675,2.675,"[""Bet365""]","[""odds_api_io""]",1,,
soccer|ipswich knights|logan roos|2026-06-09,spreads|ipswich knights|0.00|home,spreads,Ipswich Knights,0.0,home,1.625,1.625,"[""Bet365""]","[""odds_api_io""]",1,,
soccer|ipswich knights|logan roos|2026-06-09,spreads|logan roos fc|-0.00|away,spreads,Logan Roos FC,-0.0,away,2.25,2.25,"[""Bet365""]","[""odds_api_io""]",1,,
soccer|ipswich knights|logan roos|2026-06-09,spreads|ipswich knights|0.25|home,spreads,Ipswich Knights,0.25,home,1.525,1.525,"[""Bet365""]","[""odds_api_io""]",1,,
soccer|ipswich knights|logan roos|2026-06-09,spreads|logan roos fc|-0.25|away,spreads,Logan Roos FC,-0.25,away,2.425,2.425,"[""Bet365""]","[""odds_api_io""]",1,,
soccer|ipswich knights|logan roos|2026-06-09,spreads|ipswich knights|0.50|home,spreads,Ipswich Knights,0.5,home,1.45,1.45,"[""Bet365""]","[""odds_api_io""]",1,,
soccer|ipswich knights|logan roos|2026-06-09,spreads|logan roos fc|-0.50|away,spreads,Logan Roos FC,-0.5,away,1.775,1.775,"[""Bet365""]","[""odds_api_io""]",1,,
soccer|ipswich knights|logan roos|2026-06-09,spreads|ipswich knights|0.75|home,spreads,Ipswich Knights,0.75,home,1.35,1.35,"[""Bet365""]","[""odds_api_io""]",1,,
soccer|ipswich knights|logan roos|2026-06-09,spreads|logan roos fc|-0.75|away,spreads,Logan Roos FC,-0.75,away,1.625,1.625,"[""Bet365""]","[""odds_api_io""]",1,,
soccer|ipswich knights|logan roos|2026-06-09,spreads|ipswich knights|1.00|home,spreads,Ipswich Knights,1.0,home,1.24,1.24,"[""Bet365""]","[""odds_api_io""]",1,,
soccer|ipswich knights|logan roos|2026-06-09,spreads|logan roos fc|-1.00|away,spreads,Logan Roos FC,-1.0,away,1.475,1.475,"[""Bet365""]","[""odds_api_io""]",1,,
soccer|ipswich knights|logan roos|2026-06-09,spreads|ipswich knights|1.25|home,spreads,Ipswich Knights,1.25,home,1.21,1.21,"[""Bet365""]","[""odds_api_io""]",1,,
soccer|ipswich knights|logan roos|2026-06-09,spreads|logan roos fc|-1.25|away,spreads,Logan Roos FC,-1.25,away,1.4,1.4,"[""Bet365""]","[""odds_api_io""]",1,,
soccer|ipswich knights|logan roos|2026-06-09,spreads|ipswich knights|1.50|home,spreads,Ipswich Knights,1.5,home,1.19,1.19,"[""Bet365""]","[""odds_api_io""]",1,,
soccer|ipswich knights|logan roos|2026-06-09,spreads|logan roos fc|-1.50|away,spreads,Logan Roos FC,-1.5,away,1.35,1.35,"[""Bet365""]","[""odds_api_io""]",1,,
soccer|ipswich knights|logan roos|2026-06-09,spreads|ipswich knights|1.75|home,spreads,Ipswich Knights,1.75,home,1.14,1.14,"[""Bet365""]","[""odds_api_io""]",1,,
soccer|ipswich knights|logan roos|2026-06-09,spreads|logan roos fc|-1.75|away,spreads,Logan Roos FC,-1.75,away,1.275,1.275,"[""Bet365""]","[""odds_api_io""]",1,,
soccer|north lakes united|peninsula power|2026-06-09,h2h|peninsula power fc||home,h2h,Peninsula Power FC,,home,21.0,18.2205,"[""Bet365"", ""Unibet""]","[""odds_api_io""]",2,1.488,
soccer|north lakes united|peninsula power|2026-06-09,h2h|draw||,h2h,Draw,,,12.0,11.4901,"[""Bet365"", ""Unibet""]","[""odds_api_io""]",2,0.758,
soccer|north lakes united|peninsula power|2026-06-09,h2h|north lakes united||away,h2h,North Lakes United,,away,1.083,1.0666,"[""Bet365"", ""Unibet""]","[""odds_api_io""]",2,2.902,
soccer|north lakes united|peninsula power|2026-06-09,dnb|peninsula power fc|0.00|home,dnb,Peninsula Power FC,0.0,home,12.0,12.0,"[""Bet365""]","[""odds_api_io""]",1,,
soccer|north lakes united|peninsula power|2026-06-09,dnb|north lakes united|0.00|away,dnb,North Lakes United,0.0,away,1.015,1.015,"[""Bet365""]","[""odds_api_io""]",1,,
soccer|north lakes united|peninsula power|2026-06-09,spreads|peninsula power fc|3.00|home,spreads,Peninsula Power FC,3.0,home,2.05,1.9855,"[""Bet365""]","[""odds_api_io""]",2,3.168,
soccer|north lakes united|peninsula power|2026-06-09,spreads|north lakes united|-3.00|away,spreads,North Lakes United,-3.0,away,1.875,1.8103,"[""Bet365""]","[""odds_api_io""]",2,3.81,
soccer|north lakes united|peninsula power|2026-06-09,totals|over|4.50|,totals,Over,4.5,,1.875,1.7412,"[""Bet365"", ""Unibet""]","[""odds_api_io""]",2,8.395,
soccer|north lakes united|peninsula power|2026-06-09,totals|under|4.50|,totals,Under,4.5,,2.08,1.9977,"[""Bet365"", ""Unibet""]","[""odds_api_io""]",2,3.871,
soccer|north lakes united|peninsula power|2026-06-09,totals|over|2.50|,totals,Over,2.5,,1.142,1.142,"[""Bet365""]","[""odds_api_io""]",1,,
soccer|north lakes united|peninsula power|2026-06-09,totals|under|2.50|,totals,Under,2.5,,5.0,5.0,"[""Bet365""]","[""odds_api_io""]",1,,
soccer|north lakes united|peninsula power|2026-06-09,spreads|peninsula power fc|1.25|home,spreads,Peninsula Power FC,1.25,home,5.5,5.5,"[""Bet365""]","[""odds_api_io""]",1,,
soccer|north lakes united|peninsula power|2026-06-09,spreads|north lakes united|-1.25|away,spreads,North Lakes United,-1.25,away,1.15,1.15,"[""Bet365""]","[""odds_api_io""]",1,,
soccer|north lakes united|peninsula power|2026-06-09,spreads|peninsula power fc|1.50|home,spreads,Peninsula Power FC,1.5,home,4.15,4.15,"[""Bet365""]","[""odds_api_io""]",1,,
soccer|north lakes united|peninsula power|2026-06-09,spreads|north lakes united|-1.50|away,spreads,North Lakes United,-1.5,away,1.22,1.22,"[""Bet365""]","[""odds_api_io""]",1,,
soccer|north lakes united|peninsula power|2026-06-09,spreads|peninsula power fc|1.75|home,spreads,Peninsula Power FC,1.75,home,3.8,3.8,"[""Bet365""]","[""odds_api_io""]",1,,
soccer|north lakes united|peninsula power|2026-06-09,spreads|north lakes united|-1.75|away,spreads,North Lakes United,-1.75,away,1.25,1.25,"[""Bet365""]","[""odds_api_io""]",1,,
soccer|north lakes united|peninsula power|2026-06-09,spreads|peninsula power fc|2.00|home,spreads,Peninsula Power FC,2.0,home,3.55,3.55,"[""Bet365""]","[""odds_api_io""]",1,,
soccer|north lakes united|peninsula power|2026-06-09,spreads|north lakes united|-2.00|away,spreads,North Lakes United,-2.0,away,1.275,1.275,"[""Bet365""]","[""odds_api_io""]",1,,
soccer|north lakes united|peninsula power|2026-06-09,spreads|peninsula power fc|2.25|home,spreads,Peninsula Power FC,2.25,home,2.85,2.85,"[""Bet365""]","[""odds_api_io""]",1,,
soccer|north lakes united|peninsula power|2026-06-09,spreads|north lakes united|-2.25|away,spreads,North Lakes United,-2.25,away,1.4,1.4,"[""Bet365""]","[""odds_api_io""]",1,,
soccer|north lakes united|peninsula power|2026-06-09,spreads|peninsula power fc|2.50|home,spreads,Peninsula Power FC,2.5,home,2.425,2.425,"[""Bet365""]","[""odds_api_io""]",1,,
soccer|north lakes united|peninsula power|2026-06-09,spreads|north lakes united|-2.50|away,spreads,North Lakes United,-2.5,away,1.525,1.525,"[""Bet365""]","[""odds_api_io""]",1,,
soccer|north lakes united|peninsula power|2026-06-09,spreads|peninsula power fc|2.75|home,spreads,Peninsula Power FC,2.75,home,2.25,2.25,"[""Bet365""]","[""odds_api_io""]",1,,
soccer|north lakes united|peninsula power|2026-06-09,spreads|north lakes united|-2.75|away,spreads,North Lakes United,-2.75,away,1.625,1.625,"[""Bet365""]","[""odds_api_io""]",1,,
soccer|north lakes united|peninsula power|2026-06-09,spreads|peninsula power fc|3.50|home,spreads,Peninsula Power FC,3.5,home,1.7,1.7,"[""Bet365""]","[""odds_api_io""]",1,,
soccer|north lakes united|peninsula power|2026-06-09,spreads|north lakes united|-3.50|away,spreads,North Lakes United,-3.5,away,2.1,2.1,"[""Bet365""]","[""odds_api_io""]",1,,
soccer|north lakes united|peninsula power|2026-06-09,spreads|peninsula power fc|3.75|home,spreads,Peninsula Power FC,3.75,home,1.575,1.575,"[""Bet365""]","[""odds_api_io""]",1,,
soccer|north lakes united|peninsula power|2026-06-09,spreads|north lakes united|-3.75|away,spreads,North Lakes United,-3.75,away,2.35,2.35,"[""Bet365""]","[""odds_api_io""]",1,,
soccer|north lakes united|peninsula power|2026-06-09,spreads|peninsula power fc|4.00|home,spreads,Peninsula Power FC,4.0,home,1.425,1.425,"[""Bet365""]","[""odds_api_io""]",1,,
soccer|north lakes united|peninsula power|2026-06-09,spreads|north lakes united|-4.00|away,spreads,North Lakes United,-4.0,away,2.75,2.75,"[""Bet365""]","[""odds_api_io""]",1,,
soccer|north lakes united|peninsula power|2026-06-09,spreads|peninsula power fc|4.25|home,spreads,Peninsula Power FC,4.25,home,1.375,1.375,"[""Bet365""]","[""odds_api_io""]",1,,
soccer|north lakes united|peninsula power|2026-06-09,spreads|north lakes united|-4.25|away,spreads,North Lakes United,-4.25,away,3.0,3.0,"[""Bet365""]","[""odds_api_io""]",1,,
soccer|north lakes united|peninsula power|2026-06-09,spreads|peninsula power fc|4.50|home,spreads,Peninsula Power FC,4.5,home,1.325,1.325,"[""Bet365""]","[""odds_api_io""]",1,,
soccer|north lakes united|peninsula power|2026-06-09,spreads|north lakes united|-4.50|away,spreads,North Lakes United,-4.5,away,3.3,3.3,"[""Bet365""]","[""odds_api_io""]",1,,
soccer|north lakes united|peninsula power|2026-06-09,spreads|peninsula power fc|4.75|home,spreads,Peninsula Power FC,4.75,home,1.25,1.25,"[""Bet365""]","[""odds_api_io""]",1,,
soccer|north lakes united|peninsula power|2026-06-09,spreads|north lakes united|-4.75|away,spreads,North Lakes United,-4.75,away,3.8,3.8,"[""Bet365""]","[""odds_api_io""]",1,,
soccer|north lakes united|peninsula power|2026-06-09,spreads|peninsula power fc|5.00|home,spreads,Peninsula Power FC,5.0,home,1.18,1.18,"[""Bet365""]","[""odds_api_io""]",1,,
soccer|north lakes united|peninsula power|2026-06-09,spreads|north lakes united|-5.00|away,spreads,North Lakes United,-5.0,away,4.65,4.65,"[""Bet365""]","[""odds_api_io""]",1,,
soccer|north lakes united|peninsula power|2026-06-09,spreads|peninsula power fc|5.25|home,spreads,Peninsula Power FC,5.25,home,1.16,1.16,"[""Bet365""]","[""odds_api_io""]",1,,
soccer|north lakes united|peninsula power|2026-06-09,spreads|north lakes united|-5.25|away,spreads,North Lakes United,-5.25,away,5.25,5.25,"[""Bet365""]","[""odds_api_io""]",1,,
soccer|north lakes united|peninsula power|2026-06-09,doubleChance|1x||,doubleChance,1X,,,6.1,6.1,"[""Unibet""]","[""odds_api_io""]",1,,
soccer|north lakes united|peninsula power|2026-06-09,doubleChance|12||,doubleChance,12,,,1.02,1.02,"[""Unibet""]","[""odds_api_io""]",1,,
soccer|north lakes united|peninsula power|2026-06-09,doubleChance|x2||,doubleChance,X2,,,1.01,1.01,"[""Unibet""]","[""odds_api_io""]",1,,
soccer|north lakes united|peninsula power|2026-06-09,totals|over|5.50|,totals,Over,5.5,,2.28,2.28,"[""Unibet""]","[""odds_api_io""]",1,,
soccer|north lakes united|peninsula power|2026-06-09,totals|under|5.50|,totals,Under,5.5,,1.52,1.52,"[""Unibet""]","[""odds_api_io""]",1,,
soccer|north lakes united|peninsula power|2026-06-09,totals|over|3.50|,totals,Over,3.5,,1.26,1.26,"[""Unibet""]","[""odds_api_io""]",1,,
soccer|north lakes united|peninsula power|2026-06-09,totals|under|3.50|,totals,Under,3.5,,3.3,3.3,"[""Unibet""]","[""odds_api_io""]",1,,
soccer|north lakes united|peninsula power|2026-06-09,totals|over|6.50|,totals,Over,6.5,,3.4,3.4,"[""Unibet""]","[""odds_api_io""]",1,,
soccer|north lakes united|peninsula power|2026-06-09,totals|under|6.50|,totals,Under,6.5,,1.24,1.24,"[""Unibet""]","[""odds_api_io""]",1,,
soccer|brunei darussalam|timor leste|2026-06-09,h2h|timor-leste||home,h2h,Timor-Leste,,home,1.6,1.5486,"[""Bet365"", ""Betfair Exchange"", ""Sbobet""]","[""odds_api_io""]",3,5.068,
soccer|brunei darussalam|timor leste|2026-06-09,h2h|draw||,h2h,Draw,,,4.1,3.6657,"[""Bet365"", ""Betfair Exchange"", ""Sbobet""]","[""odds_api_io""]",3,4.595,
soccer|brunei darussalam|timor leste|2026-06-09,h2h|brunei darussalam||away,h2h,Brunei Darussalam,,away,6.6,5.3873,"[""Bet365"", ""Betfair Exchange"", ""Sbobet""]","[""odds_api_io""]",3,5.51,
soccer|brunei darussalam|timor leste|2026-06-09,dnb|timor-leste|0.00|home,dnb,Timor-Leste,0.0,home,1.222,1.2003,"[""Bet365"", ""Betfair Exchange""]","[""odds_api_io""]",2,2.913,
soccer|brunei darussalam|timor leste|2026-06-09,dnb|brunei darussalam|0.00|away,dnb,Brunei Darussalam,0.0,away,4.7,4.3282,"[""Bet365"", ""Betfair Exchange""]","[""odds_api_io""]",2,3.723,
soccer|brunei darussalam|timor leste|2026-06-09,spreads|timor-leste|-0.75|home,spreads,Timor-Leste,-0.75,home,1.775,1.7102,"[""Bet365"", ""Betfair Exchange"", ""Sbobet""]","[""odds_api_io""]",3,3.903,
soccer|brunei darussalam|timor leste|2026-06-09,spreads|brunei darussalam|0.75|away,spreads,Brunei Darussalam,0.75,away,2.08,2.0548,"[""Bet365"", ""Betfair Exchange"", ""Sbobet""]","[""odds_api_io""]",3,1.306,
soccer|brunei darussalam|timor leste|2026-06-09,totals|over|2.50|,totals,Over,2.5,,2.0,1.9018,"[""Bet365"", ""Betfair Exchange"", ""Sbobet""]","[""odds_api_io""]",3,5.556,
soccer|brunei darussalam|timor leste|2026-06-09,totals|under|2.50|,totals,Under,2.5,,1.82,1.7926,"[""Bet365"", ""Betfair Exchange"", ""Sbobet""]","[""odds_api_io""]",3,1.873,
soccer|brunei darussalam|timor leste|2026-06-09,doubleChance|1x||,doubleChance,1X,,,1.13,1.13,"[""Betfair Exchange""]","[""odds_api_io""]",1,,
soccer|brunei darussalam|timor leste|2026-06-09,doubleChance|12||,doubleChance,12,,,1.24,1.24,"[""Betfair Exchange""]","[""odds_api_io""]",1,,
soccer|brunei darussalam|timor leste|2026-06-09,doubleChance|x2||,doubleChance,X2,,,2.36,2.36,"[""Betfair Exchange""]","[""odds_api_io""]",1,,
soccer|brunei darussalam|timor leste|2026-06-09,spreads|timor-leste|-1.75|home,spreads,Timor-Leste,-1.75,home,3.05,3.05,"[""Betfair Exchange""]","[""odds_api_io""]",1,,
soccer|brunei darussalam|timor leste|2026-06-09,spreads|brunei darussalam|1.75|away,spreads,Brunei Darussalam,1.75,away,1.32,1.32,"[""Betfair Exchange""]","[""odds_api_io""]",1,,
soccer|brunei darussalam|timor leste|2026-06-09,spreads|timor-leste|-1.50|home,spreads,Timor-Leste,-1.5,home,2.67,2.67,"[""Betfair Exchange""]","[""odds_api_io""]",1,,
soccer|brunei darussalam|timor leste|2026-06-09,spreads|brunei darussalam|1.50|away,spreads,Brunei Darussalam,1.5,away,1.39,1.39,"[""Betfair Exchange""]","[""odds_api_io""]",1,,
soccer|brunei darussalam|timor leste|2026-06-09,spreads|timor-leste|-1.25|home,spreads,Timor-Leste,-1.25,home,2.3,2.3,"[""Betfair Exchange""]","[""odds_api_io""]",1,,
soccer|brunei darussalam|timor leste|2026-06-09,spreads|brunei darussalam|1.25|away,spreads,Brunei Darussalam,1.25,away,1.59,1.59,"[""Betfair Exchange""]","[""odds_api_io""]",1,,
soccer|brunei darussalam|timor leste|2026-06-09,spreads|timor-leste|-3.25|home,spreads,Timor-Leste,-3.25,home,1.01,1.01,"[""Betfair Exchange""]","[""odds_api_io""]",1,,
soccer|brunei darussalam|timor leste|2026-06-09,spreads|brunei darussalam|3.25|away,spreads,Brunei Darussalam,3.25,away,1.05,1.05,"[""Betfair Exchange""]","[""odds_api_io""]",1,,
soccer|brunei darussalam|timor leste|2026-06-09,spreads|timor-leste|-2.75|home,spreads,Timor-Leste,-2.75,home,7.56,7.56,"[""Betfair Exchange""]","[""odds_api_io""]",1,,
soccer|brunei darussalam|timor leste|2026-06-09,spreads|brunei darussalam|2.75|away,spreads,Brunei Darussalam,2.75,away,1.1,1.1,"[""Betfair Exchange""]","[""odds_api_io""]",1,,
soccer|brunei darussalam|timor leste|2026-06-09,spreads|timor-leste|-3.50|home,spreads,Timor-Leste,-3.5,home,1.01,1.01,"[""Betfair Exchange""]","[""odds_api_io""]",1,,
soccer|brunei darussalam|timor leste|2026-06-09,spreads|brunei darussalam|3.50|away,spreads,Brunei Darussalam,3.5,away,1.05,1.05,"[""Betfair Exchange""]","[""odds_api_io""]",1,,
soccer|brunei darussalam|timor leste|2026-06-09,spreads|timor-leste|-2.25|home,spreads,Timor-Leste,-2.25,home,5.0,5.0,"[""Betfair Exchange""]","[""odds_api_io""]",1,,
soccer|brunei darussalam|timor leste|2026-06-09,spreads|brunei darussalam|2.25|away,spreads,Brunei Darussalam,2.25,away,1.16,1.16,"[""Betfair Exchange""]","[""odds_api_io""]",1,,
soccer|brunei darussalam|timor leste|2026-06-09,spreads|timor-leste|-2.50|home,spreads,Timor-Leste,-2.5,home,5.52,5.52,"[""Betfair Exchange""]","[""odds_api_io""]",1,,
soccer|brunei darussalam|timor leste|2026-06-09,spreads|brunei darussalam|2.50|away,spreads,Brunei Darussalam,2.5,away,1.14,1.14,"[""Betfair Exchange""]","[""odds_api_io""]",1,,
soccer|brunei darussalam|timor leste|2026-06-09,spreads|timor-leste|-3.00|home,spreads,Timor-Leste,-3.0,home,14.0,1.8841,"[""Betfair Exchange""]","[""odds_api_io""]",2,91.867,
soccer|brunei darussalam|timor leste|2026-06-09,spreads|brunei darussalam|3.00|away,spreads,Brunei Darussalam,3.0,away,1.14,1.0932,"[""Betfair Exchange""]","[""odds_api_io""]",2,7.519,
soccer|brunei darussalam|timor leste|2026-06-09,spreads|timor-leste|-2.00|home,spreads,Timor-Leste,-2.0,home,5.4,4.8912,"[""Betfair Exchange""]","[""odds_api_io""]",2,3.853,
soccer|brunei darussalam|timor leste|2026-06-09,spreads|brunei darussalam|2.00|away,spreads,Brunei Darussalam,2.0,away,1.42,1.2949,"[""Betfair Exchange""]","[""odds_api_io""]",2,13.611,
soccer|brunei darussalam|timor leste|2026-06-09,spreads|timor-leste|0.50|home,spreads,Timor-Leste,0.5,home,1.13,1.13,"[""Betfair Exchange""]","[""odds_api_io""]",1,,
soccer|brunei darussalam|timor leste|2026-06-09,spreads|brunei darussalam|-0.50|away,spreads,Brunei Darussalam,-0.5,away,5.67,5.67,"[""Betfair Exchange""]","[""odds_api_io""]",1,,
soccer|brunei darussalam|timor leste|2026-06-09,spreads|timor-leste|0.75|home,spreads,Timor-Leste,0.75,home,1.08,1.08,"[""Betfair Exchange""]","[""odds_api_io""]",1,,
soccer|brunei darussalam|timor leste|2026-06-09,spreads|brunei darussalam|-0.75|away,spreads,Brunei Darussalam,-0.75,away,8.34,8.34,"[""Betfair Exchange""]","[""odds_api_io""]",1,,
soccer|brunei darussalam|timor leste|2026-06-09,spreads|timor-leste|-0.50|home,spreads,Timor-Leste,-0.5,home,1.48,1.48,"[""Betfair Exchange""]","[""odds_api_io""]",1,,
soccer|brunei darussalam|timor leste|2026-06-09,spreads|brunei darussalam|0.50|away,spreads,Brunei Darussalam,0.5,away,2.26,2.26,"[""Betfair Exchange""]","[""odds_api_io""]",1,,
soccer|brunei darussalam|timor leste|2026-06-09,spreads|timor-leste|0.25|home,spreads,Timor-Leste,0.25,home,1.15,1.15,"[""Betfair Exchange""]","[""odds_api_io""]",1,,
soccer|brunei darussalam|timor leste|2026-06-09,spreads|brunei darussalam|-0.25|away,spreads,Brunei Darussalam,-0.25,away,5.05,5.05,"[""Betfair Exchange""]","[""odds_api_io""]",1,,
soccer|brunei darussalam|timor leste|2026-06-09,spreads|timor-leste|0.00|home,spreads,Timor-Leste,0.0,home,1.18,1.18,"[""Betfair Exchange""]","[""odds_api_io""]",1,,
soccer|brunei darussalam|timor leste|2026-06-09,spreads|brunei darussalam|-0.00|away,spreads,Brunei Darussalam,-0.0,away,4.32,4.32,"[""Betfair Exchange""]","[""odds_api_io""]",1,,
soccer|brunei darussalam|timor leste|2026-06-09,spreads|timor-leste|-1.00|home,spreads,Timor-Leste,-1.0,home,2.54,2.1038,"[""Betfair Exchange"", ""Sbobet""]","[""odds_api_io""]",3,12.713,
soccer|brunei darussalam|timor leste|2026-06-09,spreads|brunei darussalam|1.00|away,spreads,Brunei Darussalam,1.0,away,2.36,1.9488,"[""Betfair Exchange"", ""Sbobet""]","[""odds_api_io""]",3,13.493,
soccer|brunei darussalam|timor leste|2026-06-09,spreads|timor-leste|-0.25|home,spreads,Timor-Leste,-0.25,home,1.32,1.32,"[""Betfair Exchange""]","[""odds_api_io""]",1,,
soccer|brunei darussalam|timor leste|2026-06-09,spreads|brunei darussalam|0.25|away,spreads,Brunei Darussalam,0.25,away,3.08,3.08,"[""Betfair Exchange""]","[""odds_api_io""]",1,,
soccer|brunei darussalam|timor leste|2026-06-09,totals|over|4.75|,totals,Over,4.75,,8.6,8.6,"[""Betfair Exchange""]","[""odds_api_io""]",1,,
soccer|brunei darussalam|timor leste|2026-06-09,totals|under|4.75|,totals,Under,4.75,,1.08,1.08,"[""Betfair Exchange""]","[""odds_api_io""]",1,,
soccer|brunei darussalam|timor leste|2026-06-09,totals|over|3.00|,totals,Over,3.0,,2.63,2.63,"[""Betfair Exchange""]","[""odds_api_io""]",1,,
soccer|brunei darussalam|timor leste|2026-06-09,totals|under|3.00|,totals,Under,3.0,,1.46,1.46,"[""Betfair Exchange""]","[""odds_api_io""]",1,,
soccer|brunei darussalam|timor leste|2026-06-09,totals|over|4.50|,totals,Over,4.5,,6.29,6.29,"[""Betfair Exchange""]","[""odds_api_io""]",1,,
soccer|brunei darussalam|timor leste|2026-06-09,totals|under|4.50|,totals,Under,4.5,,1.11,1.11,"[""Betfair Exchange""]","[""odds_api_io""]",1,,
soccer|brunei darussalam|timor leste|2026-06-09,totals|over|3.50|,totals,Over,3.5,,3.26,3.26,"[""Betfair Exchange""]","[""odds_api_io""]",1,,
soccer|brunei darussalam|timor leste|2026-06-09,totals|under|3.50|,totals,Under,3.5,,1.29,1.29,"[""Betfair Exchange""]","[""odds_api_io""]",1,,
soccer|brunei darussalam|timor leste|2026-06-09,totals|over|0.50|,totals,Over,0.5,,1.06,1.06,"[""Betfair Exchange""]","[""odds_api_io""]",1,,
soccer|brunei darussalam|timor leste|2026-06-09,totals|under|0.50|,totals,Under,0.5,,10.56,10.56,"[""Betfair Exchange""]","[""odds_api_io""]",1,,
soccer|brunei darussalam|timor leste|2026-06-09,totals|over|5.50|,totals,Over,5.5,,15.02,15.02,"[""Betfair Exchange""]","[""odds_api_io""]",1,,
soccer|brunei darussalam|timor leste|2026-06-09,totals|under|5.50|,totals,Under,5.5,,1.04,1.04,"[""Betfair Exchange""]","[""odds_api_io""]",1,,
soccer|brunei darussalam|timor leste|2026-06-09,totals|over|1.00|,totals,Over,1.0,,1.09,1.09,"[""Betfair Exchange""]","[""odds_api_io""]",1,,
soccer|brunei darussalam|timor leste|2026-06-09,totals|under|1.00|,totals,Under,1.0,,8.57,8.57,"[""Betfair Exchange""]","[""odds_api_io""]",1,,
soccer|brunei darussalam|timor leste|2026-06-09,totals|over|2.25|,totals,Over,2.25,,1.72,1.7149,"[""Betfair Exchange"", ""Sbobet""]","[""odds_api_io""]",2,0.34,
soccer|brunei darussalam|timor leste|2026-06-09,totals|under|2.25|,totals,Under,2.25,,2.02,2.0046,"[""Betfair Exchange"", ""Sbobet""]","[""odds_api_io""]",2,0.746,
soccer|brunei darussalam|timor leste|2026-06-09,totals|over|5.00|,totals,Over,5.0,,14.72,14.72,"[""Betfair Exchange""]","[""odds_api_io""]",1,,
soccer|brunei darussalam|timor leste|2026-06-09,totals|under|5.00|,totals,Under,5.0,,1.04,1.04,"[""Betfair Exchange""]","[""odds_api_io""]",1,,
soccer|brunei darussalam|timor leste|2026-06-09,totals|over|3.75|,totals,Over,3.75,,3.8,3.8,"[""Betfair Exchange""]","[""odds_api_io""]",1,,
soccer|brunei darussalam|timor leste|2026-06-09,totals|under|3.75|,totals,Under,3.75,,1.21,1.21,"[""Betfair Exchange""]","[""odds_api_io""]",1,,
soccer|brunei darussalam|timor leste|2026-06-09,totals|over|0.75|,totals,Over,0.75,,1.07,1.07,"[""Betfair Exchange""]","[""odds_api_io""]",1,,
soccer|brunei darussalam|timor leste|2026-06-09,totals|under|0.75|,totals,Under,0.75,,9.26,9.26,"[""Betfair Exchange""]","[""odds_api_io""]",1,,
soccer|brunei darussalam|timor leste|2026-06-09,totals|over|2.75|,totals,Over,2.75,,2.18,2.18,"[""Betfair Exchange""]","[""odds_api_io""]",1,,
soccer|brunei darussalam|timor leste|2026-06-09,totals|under|2.75|,totals,Under,2.75,,1.67,1.67,"[""Betfair Exchange""]","[""odds_api_io""]",1,,
soccer|brunei darussalam|timor leste|2026-06-09,totals|over|4.25|,totals,Over,4.25,,5.85,5.85,"[""Betfair Exchange""]","[""odds_api_io""]",1,,
soccer|brunei darussalam|timor leste|2026-06-09,totals|under|4.25|,totals,Under,4.25,,1.12,1.12,"[""Betfair Exchange""]","[""odds_api_io""]",1,,
soccer|brunei darussalam|timor leste|2026-06-09,totals|over|3.25|,totals,Over,3.25,,2.93,2.93,"[""Betfair Exchange""]","[""odds_api_io""]",1,,
soccer|brunei darussalam|timor leste|2026-06-09,totals|under|3.25|,totals,Under,3.25,,1.35,1.35,"[""Betfair Exchange""]","[""odds_api_io""]",1,,
soccer|brunei darussalam|timor leste|2026-06-09,totals|over|2.00|,totals,Over,2.0,,1.48,1.48,"[""Betfair Exchange""]","[""odds_api_io""]",1,,
soccer|brunei darussalam|timor leste|2026-06-09,totals|under|2.00|,totals,Under,2.0,,2.43,2.43,"[""Betfair Exchange""]","[""odds_api_io""]",1,,
soccer|brunei darussalam|timor leste|2026-06-09,totals|over|4.00|,totals,Over,4.0,,5.45,5.45,"[""Betfair Exchange""]","[""odds_api_io""]",1,,
soccer|brunei darussalam|timor leste|2026-06-09,totals|under|4.00|,totals,Under,4.0,,1.14,1.14,"[""Betfair Exchange""]","[""odds_api_io""]",1,,
soccer|brunei darussalam|timor leste|2026-06-09,totals|over|1.75|,totals,Over,1.75,,1.38,1.38,"[""Betfair Exchange""]","[""odds_api_io""]",1,,
soccer|brunei darussalam|timor leste|2026-06-09,totals|under|1.75|,totals,Under,1.75,,2.77,2.77,"[""Betfair Exchange""]","[""odds_api_io""]",1,,
soccer|brunei darussalam|timor leste|2026-06-09,totals|over|1.25|,totals,Over,1.25,,1.21,1.21,"[""Betfair Exchange""]","[""odds_api_io""]",1,,
soccer|brunei darussalam|timor leste|2026-06-09,totals|under|1.25|,totals,Under,1.25,,4.31,4.31,"[""Betfair Exchange""]","[""odds_api_io""]",1,,
soccer|brunei darussalam|timor leste|2026-06-09,totals|over|1.50|,totals,Over,1.5,,1.32,1.32,"[""Betfair Exchange""]","[""odds_api_io""]",1,,
soccer|brunei darussalam|timor leste|2026-06-09,totals|under|1.50|,totals,Under,1.5,,3.11,3.11,"[""Betfair Exchange""]","[""odds_api_io""]",1,,
soccer|brunei darussalam|timor leste|2026-06-09,totals|over|5.25|,totals,Over,5.25,,15.32,15.32,"[""Betfair Exchange""]","[""odds_api_io""]",1,,
soccer|brunei darussalam|timor leste|2026-06-09,totals|under|5.25|,totals,Under,5.25,,1.04,1.04,"[""Betfair Exchange""]","[""odds_api_io""]",1,,
soccer|brunei darussalam|timor leste|2026-06-09,btts|yes||,btts,Yes,,,1.99,1.99,"[""Betfair Exchange""]","[""odds_api_io""]",1,,
soccer|brunei darussalam|timor leste|2026-06-09,btts|no||,btts,No,,,1.82,1.82,"[""Betfair Exchange""]","[""odds_api_io""]",1,,
soccer|brunei darussalam|timor leste|2026-06-09,spreads|timor-leste|2.00|home,spreads,Timor-Leste,2.0,home,1.03,1.03,"[""Betfair Exchange""]","[""odds_api_io""]",1,,
soccer|brunei darussalam|timor leste|2026-06-09,spreads|brunei darussalam|-2.00|away,spreads,Brunei Darussalam,-2.0,away,1.01,1.01,"[""Betfair Exchange""]","[""odds_api_io""]",1,,
soccer|brunei darussalam|timor leste|2026-06-09,spreads|timor-leste|1.00|home,spreads,Timor-Leste,1.0,home,1.13,1.13,"[""Betfair Exchange""]","[""odds_api_io""]",1,,
soccer|brunei darussalam|timor leste|2026-06-09,spreads|brunei darussalam|-1.00|away,spreads,Brunei Darussalam,-1.0,away,19.0,19.0,"[""Betfair Exchange""]","[""odds_api_io""]",1,,
soccer|brunei darussalam|timor leste|2026-06-09,spreads|timor-leste|3.00|home,spreads,Timor-Leste,3.0,home,1.01,1.01,"[""Betfair Exchange""]","[""odds_api_io""]",1,,
soccer|brunei darussalam|timor leste|2026-06-09,spreads|brunei darussalam|-3.00|away,spreads,Brunei Darussalam,-3.0,away,1.01,1.01,"[""Betfair Exchange""]","[""odds_api_io""]",1,,
soccer|ipswich|robina city|2026-06-09,h2h|ipswich fc||home,h2h,Ipswich FC,,home,2.08,1.9855,"[""Bet365"", ""Unibet"", ""Sbobet""]","[""odds_api_io""]",3,4.833,
soccer|ipswich|robina city|2026-06-09,h2h|draw||,h2h,Draw,,,3.75,3.5096,"[""Bet365"", ""Unibet"", ""Sbobet""]","[""odds_api_io""]",3,3.184,
soccer|ipswich|robina city|2026-06-09,h2h|robina city||away,h2h,Robina City,,away,3.19,2.9921,"[""Bet365"", ""Unibet"", ""Sbobet""]","[""odds_api_io""]",3,3.135,
soccer|ipswich|robina city|2026-06-09,dnb|ipswich fc|0.00|home,dnb,Ipswich FC,0.0,home,1.571,1.5557,"[""Bet365"", ""Unibet""]","[""odds_api_io""]",2,1.281,
soccer|ipswich|robina city|2026-06-09,dnb|robina city|0.00|away,dnb,Robina City,0.0,away,2.25,2.2,"[""Bet365"", ""Unibet""]","[""odds_api_io""]",2,2.067,
soccer|ipswich|robina city|2026-06-09,spreads|ipswich fc|-0.25|home,spreads,Ipswich FC,-0.25,home,1.8,1.8,"[""Bet365""]","[""odds_api_io""]",1,,
soccer|ipswich|robina city|2026-06-09,spreads|robina city|0.25|away,spreads,Robina City,0.25,away,2.0,2.0,"[""Bet365""]","[""odds_api_io""]",1,,
soccer|ipswich|robina city|2026-06-09,totals|over|3.00|,totals,Over,3.0,,1.9,1.9,"[""Bet365"", ""Sbobet""]","[""odds_api_io""]",2,,
soccer|ipswich|robina city|2026-06-09,totals|under|3.00|,totals,Under,3.0,,1.9,1.9,"[""Bet365"", ""Sbobet""]","[""odds_api_io""]",2,,
soccer|ipswich|robina city|2026-06-09,totals|over|2.50|,totals,Over,2.5,,1.571,1.5656,"[""Bet365"", ""Unibet""]","[""odds_api_io""]",2,0.449,
soccer|ipswich|robina city|2026-06-09,totals|under|2.50|,totals,Under,2.5,,2.35,2.2638,"[""Bet365"", ""Unibet""]","[""odds_api_io""]",2,3.318,
soccer|ipswich|robina city|2026-06-09,spreads|ipswich fc|-2.25|home,spreads,Ipswich FC,-2.25,home,5.9,5.9,"[""Bet365""]","[""odds_api_io""]",1,,
soccer|ipswich|robina city|2026-06-09,spreads|robina city|2.25|away,spreads,Robina City,2.25,away,1.13,1.13,"[""Bet365""]","[""odds_api_io""]",1,,
soccer|ipswich|robina city|2026-06-09,spreads|ipswich fc|-2.00|home,spreads,Ipswich FC,-2.0,home,5.75,5.75,"[""Bet365""]","[""odds_api_io""]",1,,
soccer|ipswich|robina city|2026-06-09,spreads|robina city|2.00|away,spreads,Robina City,2.0,away,1.14,1.14,"[""Bet365""]","[""odds_api_io""]",1,,
soccer|ipswich|robina city|2026-06-09,spreads|ipswich fc|-1.75|home,spreads,Ipswich FC,-1.75,home,4.1,4.1,"[""Bet365""]","[""odds_api_io""]",1,,
soccer|ipswich|robina city|2026-06-09,spreads|robina city|1.75|away,spreads,Robina City,1.75,away,1.225,1.225,"[""Bet365""]","[""odds_api_io""]",1,,
soccer|ipswich|robina city|2026-06-09,spreads|ipswich fc|-1.50|home,spreads,Ipswich FC,-1.5,home,3.45,3.45,"[""Bet365""]","[""odds_api_io""]",1,,
soccer|ipswich|robina city|2026-06-09,spreads|robina city|1.50|away,spreads,Robina City,1.5,away,5.75,5.75,"[""Bet365""]","[""odds_api_io""]",1,,
soccer|ipswich|robina city|2026-06-09,spreads|ipswich fc|-1.25|home,spreads,Ipswich FC,-1.25,home,3.1,3.1,"[""Bet365""]","[""odds_api_io""]",1,,
soccer|ipswich|robina city|2026-06-09,spreads|robina city|1.25|away,spreads,Robina City,1.25,away,5.5,5.5,"[""Bet365""]","[""odds_api_io""]",1,,
soccer|ipswich|robina city|2026-06-09,spreads|ipswich fc|-1.00|home,spreads,Ipswich FC,-1.0,home,3.2,2.9527,"[""Bet365"", ""Unibet""]","[""odds_api_io""]",2,5.114,
soccer|ipswich|robina city|2026-06-09,spreads|robina city|1.00|away,spreads,Robina City,1.0,away,4.8,2.3949,"[""Bet365"", ""Unibet""]","[""odds_api_io""]",2,42.861,
soccer|ipswich|robina city|2026-06-09,spreads|ipswich fc|-0.75|home,spreads,Ipswich FC,-0.75,home,2.3,2.3,"[""Bet365""]","[""odds_api_io""]",1,,
soccer|ipswich|robina city|2026-06-09,spreads|robina city|0.75|away,spreads,Robina City,0.75,away,3.55,3.55,"[""Bet365""]","[""odds_api_io""]",1,,
soccer|ipswich|robina city|2026-06-09,spreads|ipswich fc|-0.50|home,spreads,Ipswich FC,-0.5,home,2.025,1.9552,"[""Bet365"", ""Sbobet""]","[""odds_api_io""]",2,3.527,
soccer|ipswich|robina city|2026-06-09,spreads|robina city|0.50|away,spreads,Robina City,0.5,away,3.0,2.3489,"[""Bet365"", ""Sbobet""]","[""odds_api_io""]",2,18.48,
soccer|ipswich|robina city|2026-06-09,spreads|ipswich fc|0.00|home,spreads,Ipswich FC,0.0,home,1.575,1.575,"[""Bet365""]","[""odds_api_io""]",1,,
soccer|ipswich|robina city|2026-06-09,spreads|robina city|-0.00|away,spreads,Robina City,-0.0,away,2.35,2.35,"[""Bet365""]","[""odds_api_io""]",1,,
soccer|ipswich|robina city|2026-06-09,spreads|ipswich fc|0.25|home,spreads,Ipswich FC,0.25,home,1.45,1.45,"[""Bet365""]","[""odds_api_io""]",1,,
soccer|ipswich|robina city|2026-06-09,spreads|robina city|-0.25|away,spreads,Robina City,-0.25,away,2.675,2.675,"[""Bet365""]","[""odds_api_io""]",1,,
soccer|ipswich|robina city|2026-06-09,spreads|ipswich fc|0.50|home,spreads,Ipswich FC,0.5,home,1.375,1.375,"[""Bet365""]","[""odds_api_io""]",1,,
soccer|ipswich|robina city|2026-06-09,spreads|robina city|-0.50|away,spreads,Robina City,-0.5,away,1.775,1.775,"[""Bet365""]","[""odds_api_io""]",1,,
soccer|ipswich|robina city|2026-06-09,spreads|ipswich fc|0.75|home,spreads,Ipswich FC,0.75,home,1.275,1.275,"[""Bet365""]","[""odds_api_io""]",1,,
soccer|ipswich|robina city|2026-06-09,spreads|robina city|-0.75|away,spreads,Robina City,-0.75,away,1.6,1.6,"[""Bet365""]","[""odds_api_io""]",1,,
soccer|ipswich|robina city|2026-06-09,spreads|ipswich fc|1.00|home,spreads,Ipswich FC,1.0,home,1.29,1.2285,"[""Bet365"", ""Unibet""]","[""odds_api_io""]",2,7.587,
soccer|ipswich|robina city|2026-06-09,spreads|robina city|-1.00|away,spreads,Robina City,-1.0,away,4.7,2.1596,"[""Bet365"", ""Unibet""]","[""odds_api_io""]",2,48.899,
soccer|ipswich|robina city|2026-06-09,spreads|ipswich fc|1.25|home,spreads,Ipswich FC,1.25,home,1.15,1.15,"[""Bet365""]","[""odds_api_io""]",1,,
soccer|ipswich|robina city|2026-06-09,spreads|robina city|-1.25|away,spreads,Robina City,-1.25,away,1.35,1.35,"[""Bet365""]","[""odds_api_io""]",1,,
soccer|ipswich|robina city|2026-06-09,spreads|ipswich fc|1.50|home,spreads,Ipswich FC,1.5,home,1.14,1.14,"[""Bet365""]","[""odds_api_io""]",1,,
soccer|ipswich|robina city|2026-06-09,spreads|robina city|-1.50|away,spreads,Robina City,-1.5,away,1.3,1.3,"[""Bet365""]","[""odds_api_io""]",1,,
soccer|ipswich|robina city|2026-06-09,doubleChance|1x||,doubleChance,1X,,,1.22,1.22,"[""Unibet""]","[""odds_api_io""]",1,,
soccer|ipswich|robina city|2026-06-09,doubleChance|12||,doubleChance,12,,,1.43,1.43,"[""Unibet""]","[""odds_api_io""]",1,,
soccer|ipswich|robina city|2026-06-09,doubleChance|x2||,doubleChance,X2,,,1.37,1.37,"[""Unibet""]","[""odds_api_io""]",1,,
soccer|ipswich|robina city|2026-06-09,totals|over|3.50|,totals,Over,3.5,,2.38,2.38,"[""Unibet""]","[""odds_api_io""]",1,,
soccer|ipswich|robina city|2026-06-09,totals|under|3.50|,totals,Under,3.5,,1.48,1.48,"[""Unibet""]","[""odds_api_io""]",1,,
soccer|ipswich|robina city|2026-06-09,totals|over|4.50|,totals,Over,4.5,,4.0,4.0,"[""Unibet""]","[""odds_api_io""]",1,,
soccer|ipswich|robina city|2026-06-09,totals|under|4.50|,totals,Under,4.5,,1.18,1.18,"[""Unibet""]","[""odds_api_io""]",1,,
soccer|ipswich|robina city|2026-06-09,totals|over|1.50|,totals,Over,1.5,,1.16,1.16,"[""Unibet""]","[""odds_api_io""]",1,,
soccer|ipswich|robina city|2026-06-09,totals|under|1.50|,totals,Under,1.5,,4.25,4.25,"[""Unibet""]","[""odds_api_io""]",1,,
soccer|ipswich|robina city|2026-06-09,btts|yes||,btts,Yes,,,1.49,1.49,"[""Unibet""]","[""odds_api_io""]",1,,
soccer|ipswich|robina city|2026-06-09,btts|no||,btts,No,,,2.4,2.4,"[""Unibet""]","[""odds_api_io""]",1,,
soccer|ipswich|robina city|2026-06-09,teamTotals|over|1.50|,teamTotals,Over,1.5,,2.15,1.9355,"[""Unibet""]","[""odds_api_io""]",2,10.307,
soccer|ipswich|robina city|2026-06-09,teamTotals|under|1.50|,teamTotals,Under,1.5,,1.84,1.6826,"[""Unibet""]","[""odds_api_io""]",2,10.168,
soccer|cambodia w|indonesia w|2026-06-09,h2h|indonesia w||home,h2h,Indonesia W,,home,2.56,2.56,"[""Betfair Exchange""]","[""odds_api_io""]",1,,
soccer|cambodia w|indonesia w|2026-06-09,h2h|draw||,h2h,Draw,,,3.8,3.8,"[""Betfair Exchange""]","[""odds_api_io""]",1,,
soccer|cambodia w|indonesia w|2026-06-09,h2h|cambodia w||away,h2h,Cambodia W,,away,2.56,2.56,"[""Betfair Exchange""]","[""odds_api_io""]",1,,
soccer|cambodia w|indonesia w|2026-06-09,dnb|indonesia w|0.00|home,dnb,Indonesia W,0.0,home,1.9,1.9,"[""Betfair Exchange""]","[""odds_api_io""]",1,,
soccer|cambodia w|indonesia w|2026-06-09,dnb|cambodia w|0.00|away,dnb,Cambodia W,0.0,away,1.88,1.88,"[""Betfair Exchange""]","[""odds_api_io""]",1,,
soccer|cambodia w|indonesia w|2026-06-09,doubleChance|1x||,doubleChance,1X,,,1.54,1.54,"[""Betfair Exchange""]","[""odds_api_io""]",1,,
soccer|cambodia w|indonesia w|2026-06-09,doubleChance|12||,doubleChance,12,,,1.28,1.28,"[""Betfair Exchange""]","[""odds_api_io""]",1,,
soccer|cambodia w|indonesia w|2026-06-09,doubleChance|x2||,doubleChance,X2,,,1.52,1.52,"[""Betfair Exchange""]","[""odds_api_io""]",1,,
soccer|cambodia w|indonesia w|2026-06-09,spreads|indonesia w|0.25|home,spreads,Indonesia W,0.25,home,1.67,1.67,"[""Betfair Exchange""]","[""odds_api_io""]",1,,
soccer|cambodia w|indonesia w|2026-06-09,spreads|cambodia w|-0.25|away,spreads,Cambodia W,-0.25,away,2.22,2.22,"[""Betfair Exchange""]","[""odds_api_io""]",1,,
soccer|cambodia w|indonesia w|2026-06-09,spreads|indonesia w|0.00|home,spreads,Indonesia W,0.0,home,1.9,1.9,"[""Betfair Exchange""]","[""odds_api_io""]",1,,
soccer|cambodia w|indonesia w|2026-06-09,spreads|cambodia w|-0.00|away,spreads,Cambodia W,-0.0,away,1.88,1.88,"[""Betfair Exchange""]","[""odds_api_io""]",1,,
soccer|cambodia w|indonesia w|2026-06-09,spreads|indonesia w|-0.75|home,spreads,Indonesia W,-0.75,home,3.05,3.05,"[""Betfair Exchange""]","[""odds_api_io""]",1,,
soccer|cambodia w|indonesia w|2026-06-09,spreads|cambodia w|0.75|away,spreads,Cambodia W,0.75,away,1.38,1.38,"[""Betfair Exchange""]","[""odds_api_io""]",1,,
soccer|cambodia w|indonesia w|2026-06-09,spreads|indonesia w|-0.25|home,spreads,Indonesia W,-0.25,home,2.23,2.23,"[""Betfair Exchange""]","[""odds_api_io""]",1,,
soccer|cambodia w|indonesia w|2026-06-09,spreads|cambodia w|0.25|away,spreads,Cambodia W,0.25,away,1.66,1.66,"[""Betfair Exchange""]","[""odds_api_io""]",1,,
soccer|cambodia w|indonesia w|2026-06-09,spreads|indonesia w|1.00|home,spreads,Indonesia W,1.0,home,1.54,1.386,"[""Betfair Exchange""]","[""odds_api_io""]",2,14.43,
soccer|cambodia w|indonesia w|2026-06-09,spreads|cambodia w|-1.00|away,spreads,Cambodia W,-1.0,away,4.7,4.2568,"[""Betfair Exchange""]","[""odds_api_io""]",2,4.43,
soccer|cambodia w|indonesia w|2026-06-09,spreads|indonesia w|1.25|home,spreads,Indonesia W,1.25,home,1.22,1.22,"[""Betfair Exchange""]","[""odds_api_io""]",1,,
soccer|cambodia w|indonesia w|2026-06-09,spreads|cambodia w|-1.25|away,spreads,Cambodia W,-1.25,away,4.29,4.29,"[""Betfair Exchange""]","[""odds_api_io""]",1,,
soccer|cambodia w|indonesia w|2026-06-09,spreads|indonesia w|1.50|home,spreads,Indonesia W,1.5,home,1.2,1.2,"[""Betfair Exchange""]","[""odds_api_io""]",1,,
soccer|cambodia w|indonesia w|2026-06-09,spreads|cambodia w|-1.50|away,spreads,Cambodia W,-1.5,away,4.7,4.7,"[""Betfair Exchange""]","[""odds_api_io""]",1,,
soccer|cambodia w|indonesia w|2026-06-09,spreads|indonesia w|0.75|home,spreads,Indonesia W,0.75,home,1.4,1.4,"[""Betfair Exchange""]","[""odds_api_io""]",1,,
soccer|cambodia w|indonesia w|2026-06-09,spreads|cambodia w|-0.75|away,spreads,Cambodia W,-0.75,away,3.02,3.02,"[""Betfair Exchange""]","[""odds_api_io""]",1,,
soccer|cambodia w|indonesia w|2026-06-09,spreads|indonesia w|2.25|home,spreads,Indonesia W,2.25,home,1.07,1.07,"[""Betfair Exchange""]","[""odds_api_io""]",1,,
soccer|cambodia w|indonesia w|2026-06-09,spreads|cambodia w|-2.25|away,spreads,Cambodia W,-2.25,away,9.61,9.61,"[""Betfair Exchange""]","[""odds_api_io""]",1,,
soccer|cambodia w|indonesia w|2026-06-09,spreads|indonesia w|-1.25|home,spreads,Indonesia W,-1.25,home,4.41,4.41,"[""Betfair Exchange""]","[""odds_api_io""]",1,,
soccer|cambodia w|indonesia w|2026-06-09,spreads|cambodia w|1.25|away,spreads,Cambodia W,1.25,away,1.2,1.2,"[""Betfair Exchange""]","[""odds_api_io""]",1,,
soccer|cambodia w|indonesia w|2026-06-09,spreads|indonesia w|-1.00|home,spreads,Indonesia W,-1.0,home,4.8,4.3517,"[""Betfair Exchange""]","[""odds_api_io""]",2,4.292,
soccer|cambodia w|indonesia w|2026-06-09,spreads|cambodia w|1.00|away,spreads,Cambodia W,1.0,away,1.52,1.3658,"[""Betfair Exchange""]","[""odds_api_io""]",2,14.856,
soccer|cambodia w|indonesia w|2026-06-09,spreads|indonesia w|-0.50|home,spreads,Indonesia W,-0.5,home,2.56,2.56,"[""Betfair Exchange""]","[""odds_api_io""]",1,,
soccer|cambodia w|indonesia w|2026-06-09,spreads|cambodia w|0.50|away,spreads,Cambodia W,0.5,away,1.52,1.52,"[""Betfair Exchange""]","[""odds_api_io""]",1,,
soccer|cambodia w|indonesia w|2026-06-09,spreads|indonesia w|0.50|home,spreads,Indonesia W,0.5,home,1.54,1.54,"[""Betfair Exchange""]","[""odds_api_io""]",1,,
soccer|cambodia w|indonesia w|2026-06-09,spreads|cambodia w|-0.50|away,spreads,Cambodia W,-0.5,away,2.56,2.56,"[""Betfair Exchange""]","[""odds_api_io""]",1,,
soccer|cambodia w|indonesia w|2026-06-09,spreads|indonesia w|1.75|home,spreads,Indonesia W,1.75,home,1.14,1.14,"[""Betfair Exchange""]","[""odds_api_io""]",1,,
soccer|cambodia w|indonesia w|2026-06-09,spreads|cambodia w|-1.75|away,spreads,Cambodia W,-1.75,away,6.14,6.14,"[""Betfair Exchange""]","[""odds_api_io""]",1,,
soccer|cambodia w|indonesia w|2026-06-09,spreads|indonesia w|2.75|home,spreads,Indonesia W,2.75,home,1.04,1.04,"[""Betfair Exchange""]","[""odds_api_io""]",1,,
soccer|cambodia w|indonesia w|2026-06-09,spreads|cambodia w|-2.75|away,spreads,Cambodia W,-2.75,away,13.08,13.08,"[""Betfair Exchange""]","[""odds_api_io""]",1,,
soccer|cambodia w|indonesia w|2026-06-09,spreads|indonesia w|2.50|home,spreads,Indonesia W,2.5,home,1.07,1.07,"[""Betfair Exchange""]","[""odds_api_io""]",1,,
soccer|cambodia w|indonesia w|2026-06-09,spreads|cambodia w|-2.50|away,spreads,Cambodia W,-2.5,away,10.09,10.09,"[""Betfair Exchange""]","[""odds_api_io""]",1,,
soccer|cambodia w|indonesia w|2026-06-09,spreads|indonesia w|3.50|home,spreads,Indonesia W,3.5,home,1.02,1.02,"[""Betfair Exchange""]","[""odds_api_io""]",1,,
soccer|cambodia w|indonesia w|2026-06-09,spreads|cambodia w|-3.50|away,spreads,Cambodia W,-3.5,away,20.0,20.0,"[""Betfair Exchange""]","[""odds_api_io""]",1,,
soccer|cambodia w|indonesia w|2026-06-09,spreads|indonesia w|-1.50|home,spreads,Indonesia W,-1.5,home,4.8,4.8,"[""Betfair Exchange""]","[""odds_api_io""]",1,,
soccer|cambodia w|indonesia w|2026-06-09,spreads|cambodia w|1.50|away,spreads,Cambodia W,1.5,away,1.18,1.18,"[""Betfair Exchange""]","[""odds_api_io""]",1,,
soccer|cambodia w|indonesia w|2026-06-09,spreads|indonesia w|3.00|home,spreads,Indonesia W,3.0,home,1.07,1.0444,"[""Betfair Exchange""]","[""odds_api_io""]",2,4.581,
soccer|cambodia w|indonesia w|2026-06-09,spreads|cambodia w|-3.00|away,spreads,Cambodia W,-3.0,away,20.0,19.5082,"[""Betfair Exchange""]","[""odds_api_io""]",2,0.252,
soccer|cambodia w|indonesia w|2026-06-09,spreads|indonesia w|2.00|home,spreads,Indonesia W,2.0,home,1.2,1.1368,"[""Betfair Exchange""]","[""odds_api_io""]",2,9.259,
soccer|cambodia w|indonesia w|2026-06-09,spreads|cambodia w|-2.00|away,spreads,Cambodia W,-2.0,away,10.0,9.4958,"[""Betfair Exchange""]","[""odds_api_io""]",2,1.062,
soccer|cambodia w|indonesia w|2026-06-09,spreads|indonesia w|3.25|home,spreads,Indonesia W,3.25,home,1.02,1.02,"[""Betfair Exchange""]","[""odds_api_io""]",1,,
soccer|cambodia w|indonesia w|2026-06-09,spreads|cambodia w|-3.25|away,spreads,Cambodia W,-3.25,away,19.52,19.52,"[""Betfair Exchange""]","[""odds_api_io""]",1,,
soccer|cambodia w|indonesia w|2026-06-09,spreads|indonesia w|-2.00|home,spreads,Indonesia W,-2.0,home,12.0,11.2566,"[""Betfair Exchange""]","[""odds_api_io""]",2,1.101,
soccer|cambodia w|indonesia w|2026-06-09,spreads|cambodia w|2.00|away,spreads,Cambodia W,2.0,away,1.18,1.1223,"[""Betfair Exchange""]","[""odds_api_io""]",2,8.712,
soccer|cambodia w|indonesia w|2026-06-09,spreads|indonesia w|-1.75|home,spreads,Indonesia W,-1.75,home,6.44,6.44,"[""Betfair Exchange""]","[""odds_api_io""]",1,,
soccer|cambodia w|indonesia w|2026-06-09,spreads|cambodia w|1.75|away,spreads,Cambodia W,1.75,away,1.12,1.12,"[""Betfair Exchange""]","[""odds_api_io""]",1,,
soccer|cambodia w|indonesia w|2026-06-09,spreads|indonesia w|3.75|home,spreads,Indonesia W,3.75,home,1.01,1.01,"[""Betfair Exchange""]","[""odds_api_io""]",1,,
soccer|cambodia w|indonesia w|2026-06-09,spreads|cambodia w|-3.75|away,spreads,Cambodia W,-3.75,away,20.0,20.0,"[""Betfair Exchange""]","[""odds_api_io""]",1,,
soccer|cambodia w|indonesia w|2026-06-09,spreads|indonesia w|-3.00|home,spreads,Indonesia W,-3.0,home,32.0,31.1532,"[""Betfair Exchange""]","[""odds_api_io""]",2,0.17,
soccer|cambodia w|indonesia w|2026-06-09,spreads|cambodia w|3.00|away,spreads,Cambodia W,3.0,away,1.06,1.0396,"[""Betfair Exchange""]","[""odds_api_io""]",2,3.7,
soccer|cambodia w|indonesia w|2026-06-09,spreads|indonesia w|-2.25|home,spreads,Indonesia W,-2.25,home,11.35,11.35,"[""Betfair Exchange""]","[""odds_api_io""]",1,,
soccer|cambodia w|indonesia w|2026-06-09,spreads|cambodia w|2.25|away,spreads,Cambodia W,2.25,away,1.06,1.06,"[""Betfair Exchange""]","[""odds_api_io""]",1,,
soccer|cambodia w|indonesia w|2026-06-09,spreads|indonesia w|-3.25|home,spreads,Indonesia W,-3.25,home,31.17,31.17,"[""Betfair Exchange""]","[""odds_api_io""]",1,,
soccer|cambodia w|indonesia w|2026-06-09,spreads|cambodia w|3.25|away,spreads,Cambodia W,3.25,away,1.02,1.02,"[""Betfair Exchange""]","[""odds_api_io""]",1,,
soccer|cambodia w|indonesia w|2026-06-09,spreads|indonesia w|-2.75|home,spreads,Indonesia W,-2.75,home,17.12,17.12,"[""Betfair Exchange""]","[""odds_api_io""]",1,,
soccer|cambodia w|indonesia w|2026-06-09,spreads|cambodia w|2.75|away,spreads,Cambodia W,2.75,away,1.04,1.04,"[""Betfair Exchange""]","[""odds_api_io""]",1,,
soccer|cambodia w|indonesia w|2026-06-09,spreads|indonesia w|-3.50|home,spreads,Indonesia W,-3.5,home,32.0,32.0,"[""Betfair Exchange""]","[""odds_api_io""]",1,,
soccer|cambodia w|indonesia w|2026-06-09,spreads|cambodia w|3.50|away,spreads,Cambodia W,3.5,away,1.02,1.02,"[""Betfair Exchange""]","[""odds_api_io""]",1,,
soccer|cambodia w|indonesia w|2026-06-09,spreads|indonesia w|-3.75|home,spreads,Indonesia W,-3.75,home,32.0,32.0,"[""Betfair Exchange""]","[""odds_api_io""]",1,,
soccer|cambodia w|indonesia w|2026-06-09,spreads|cambodia w|3.75|away,spreads,Cambodia W,3.75,away,1.01,1.01,"[""Betfair Exchange""]","[""odds_api_io""]",1,,
soccer|cambodia w|indonesia w|2026-06-09,spreads|indonesia w|-2.50|home,spreads,Indonesia W,-2.5,home,12.11,12.11,"[""Betfair Exchange""]","[""odds_api_io""]",1,,
soccer|cambodia w|indonesia w|2026-06-09,spreads|cambodia w|2.50|away,spreads,Cambodia W,2.5,away,1.06,1.06,"[""Betfair Exchange""]","[""odds_api_io""]",1,,
soccer|cambodia w|indonesia w|2026-06-09,totals|over|3.50|,totals,Over,3.5,,2.4,2.4,"[""Betfair Exchange""]","[""odds_api_io""]",1,,
soccer|cambodia w|indonesia w|2026-06-09,totals|under|3.50|,totals,Under,3.5,,1.54,1.54,"[""Betfair Exchange""]","[""odds_api_io""]",1,,
soccer|cambodia w|indonesia w|2026-06-09,totals|over|1.00|,totals,Over,1.0,,1.04,1.04,"[""Betfair Exchange""]","[""odds_api_io""]",1,,
soccer|cambodia w|indonesia w|2026-06-09,totals|under|1.00|,totals,Under,1.0,,15.97,15.97,"[""Betfair Exchange""]","[""odds_api_io""]",1,,
soccer|cambodia w|indonesia w|2026-06-09,totals|over|0.75|,totals,Over,0.75,,1.04,1.04,"[""Betfair Exchange""]","[""odds_api_io""]",1,,
soccer|cambodia w|indonesia w|2026-06-09,totals|under|0.75|,totals,Under,0.75,,17.19,17.19,"[""Betfair Exchange""]","[""odds_api_io""]",1,,
soccer|cambodia w|indonesia w|2026-06-09,totals|over|1.25|,totals,Over,1.25,,1.11,1.11,"[""Betfair Exchange""]","[""odds_api_io""]",1,,
soccer|cambodia w|indonesia w|2026-06-09,totals|under|1.25|,totals,Under,1.25,,7.55,7.55,"[""Betfair Exchange""]","[""odds_api_io""]",1,,
soccer|cambodia w|indonesia w|2026-06-09,totals|over|7.00|,totals,Over,7.0,,33.38,33.38,"[""Betfair Exchange""]","[""odds_api_io""]",1,,
soccer|cambodia w|indonesia w|2026-06-09,totals|under|7.00|,totals,Under,7.0,,1.01,1.01,"[""Betfair Exchange""]","[""odds_api_io""]",1,,
soccer|cambodia w|indonesia w|2026-06-09,totals|over|7.50|,totals,Over,7.5,,34.33,34.33,"[""Betfair Exchange""]","[""odds_api_io""]",1,,
soccer|cambodia w|indonesia w|2026-06-09,totals|under|7.50|,totals,Under,7.5,,1.01,1.01,"[""Betfair Exchange""]","[""odds_api_io""]",1,,
soccer|cambodia w|indonesia w|2026-06-09,totals|over|6.25|,totals,Over,6.25,,17.27,17.27,"[""Betfair Exchange""]","[""odds_api_io""]",1,,
soccer|cambodia w|indonesia w|2026-06-09,totals|under|6.25|,totals,Under,6.25,,1.02,1.02,"[""Betfair Exchange""]","[""odds_api_io""]",1,,
soccer|cambodia w|indonesia w|2026-06-09,totals|over|6.50|,totals,Over,6.5,,17.66,17.66,"[""Betfair Exchange""]","[""odds_api_io""]",1,,
soccer|cambodia w|indonesia w|2026-06-09,totals|under|6.50|,totals,Under,6.5,,1.02,1.02,"[""Betfair Exchange""]","[""odds_api_io""]",1,,
soccer|cambodia w|indonesia w|2026-06-09,totals|over|6.75|,totals,Over,6.75,,23.0,23.0,"[""Betfair Exchange""]","[""odds_api_io""]",1,,
soccer|cambodia w|indonesia w|2026-06-09,totals|under|6.75|,totals,Under,6.75,,1.01,1.01,"[""Betfair Exchange""]","[""odds_api_io""]",1,,
soccer|cambodia w|indonesia w|2026-06-09,totals|over|5.50|,totals,Over,5.5,,8.8,8.8,"[""Betfair Exchange""]","[""odds_api_io""]",1,,
soccer|cambodia w|indonesia w|2026-06-09,totals|under|5.50|,totals,Under,5.5,,1.08,1.08,"[""Betfair Exchange""]","[""odds_api_io""]",1,,
soccer|cambodia w|indonesia w|2026-06-09,totals|over|7.25|,totals,Over,7.25,,33.86,33.86,"[""Betfair Exchange""]","[""odds_api_io""]",1,,
soccer|cambodia w|indonesia w|2026-06-09,totals|under|7.25|,totals,Under,7.25,,1.01,1.01,"[""Betfair Exchange""]","[""odds_api_io""]",1,,
soccer|cambodia w|indonesia w|2026-06-09,totals|over|5.00|,totals,Over,5.0,,7.95,7.95,"[""Betfair Exchange""]","[""odds_api_io""]",1,,
soccer|cambodia w|indonesia w|2026-06-09,totals|under|5.00|,totals,Under,5.0,,1.09,1.09,"[""Betfair Exchange""]","[""odds_api_io""]",1,,
soccer|cambodia w|indonesia w|2026-06-09,totals|over|5.25|,totals,Over,5.25,,8.43,8.43,"[""Betfair Exchange""]","[""odds_api_io""]",1,,
soccer|cambodia w|indonesia w|2026-06-09,totals|under|5.25|,totals,Under,5.25,,1.08,1.08,"[""Betfair Exchange""]","[""odds_api_io""]",1,,
soccer|cambodia w|indonesia w|2026-06-09,totals|over|6.00|,totals,Over,6.0,,16.87,16.87,"[""Betfair Exchange""]","[""odds_api_io""]",1,,
soccer|cambodia w|indonesia w|2026-06-09,totals|under|6.00|,totals,Under,6.0,,1.02,1.02,"[""Betfair Exchange""]","[""odds_api_io""]",1,,
soccer|cambodia w|indonesia w|2026-06-09,totals|over|5.75|,totals,Over,5.75,,12.38,12.38,"[""Betfair Exchange""]","[""odds_api_io""]",1,,
soccer|cambodia w|indonesia w|2026-06-09,totals|under|5.75|,totals,Under,5.75,,1.05,1.05,"[""Betfair Exchange""]","[""odds_api_io""]",1,,
soccer|cambodia w|indonesia w|2026-06-09,totals|over|0.50|,totals,Over,0.5,,1.04,1.04,"[""Betfair Exchange""]","[""odds_api_io""]",1,,
soccer|cambodia w|indonesia w|2026-06-09,totals|under|0.50|,totals,Under,0.5,,18.13,18.13,"[""Betfair Exchange""]","[""odds_api_io""]",1,,
soccer|cambodia w|indonesia w|2026-06-09,totals|over|1.75|,totals,Over,1.75,,1.21,1.21,"[""Betfair Exchange""]","[""odds_api_io""]",1,,
soccer|cambodia w|indonesia w|2026-06-09,totals|under|1.75|,totals,Under,1.75,,4.28,4.28,"[""Betfair Exchange""]","[""odds_api_io""]",1,,
soccer|cambodia w|indonesia w|2026-06-09,totals|over|1.50|,totals,Over,1.5,,1.19,1.19,"[""Betfair Exchange""]","[""odds_api_io""]",1,,
soccer|cambodia w|indonesia w|2026-06-09,totals|under|1.50|,totals,Under,1.5,,5.2,5.2,"[""Betfair Exchange""]","[""odds_api_io""]",1,,
soccer|cambodia w|indonesia w|2026-06-09,totals|over|2.50|,totals,Over,2.5,,1.58,1.58,"[""Betfair Exchange""]","[""odds_api_io""]",1,,
soccer|cambodia w|indonesia w|2026-06-09,totals|under|2.50|,totals,Under,2.5,,2.42,2.42,"[""Betfair Exchange""]","[""odds_api_io""]",1,,
soccer|cambodia w|indonesia w|2026-06-09,totals|over|3.25|,totals,Over,3.25,,2.16,2.16,"[""Betfair Exchange""]","[""odds_api_io""]",1,,
soccer|cambodia w|indonesia w|2026-06-09,totals|under|3.25|,totals,Under,3.25,,1.65,1.65,"[""Betfair Exchange""]","[""odds_api_io""]",1,,
soccer|cambodia w|indonesia w|2026-06-09,totals|over|2.25|,totals,Over,2.25,,1.41,1.41,"[""Betfair Exchange""]","[""odds_api_io""]",1,,
soccer|cambodia w|indonesia w|2026-06-09,totals|under|2.25|,totals,Under,2.25,,2.88,2.88,"[""Betfair Exchange""]","[""odds_api_io""]",1,,
soccer|cambodia w|indonesia w|2026-06-09,totals|over|3.00|,totals,Over,3.0,,1.92,1.92,"[""Betfair Exchange""]","[""odds_api_io""]",1,,
soccer|cambodia w|indonesia w|2026-06-09,totals|under|3.00|,totals,Under,3.0,,1.83,1.83,"[""Betfair Exchange""]","[""odds_api_io""]",1,,
soccer|cambodia w|indonesia w|2026-06-09,totals|over|4.50|,totals,Over,4.5,,4.33,4.33,"[""Betfair Exchange""]","[""odds_api_io""]",1,,
soccer|cambodia w|indonesia w|2026-06-09,totals|under|4.50|,totals,Under,4.5,,1.22,1.22,"[""Betfair Exchange""]","[""odds_api_io""]",1,,
soccer|cambodia w|indonesia w|2026-06-09,totals|over|4.00|,totals,Over,4.0,,3.57,3.57,"[""Betfair Exchange""]","[""odds_api_io""]",1,,
soccer|cambodia w|indonesia w|2026-06-09,totals|under|4.00|,totals,Under,4.0,,1.27,1.27,"[""Betfair Exchange""]","[""odds_api_io""]",1,,
soccer|cambodia w|indonesia w|2026-06-09,totals|over|4.75|,totals,Over,4.75,,5.54,5.54,"[""Betfair Exchange""]","[""odds_api_io""]",1,,
soccer|cambodia w|indonesia w|2026-06-09,totals|under|4.75|,totals,Under,4.75,,1.15,1.15,"[""Betfair Exchange""]","[""odds_api_io""]",1,,
soccer|cambodia w|indonesia w|2026-06-09,totals|over|2.75|,totals,Over,2.75,,1.71,1.71,"[""Betfair Exchange""]","[""odds_api_io""]",1,,
soccer|cambodia w|indonesia w|2026-06-09,totals|under|2.75|,totals,Under,2.75,,2.06,2.06,"[""Betfair Exchange""]","[""odds_api_io""]",1,,
soccer|cambodia w|indonesia w|2026-06-09,totals|over|3.75|,totals,Over,3.75,,2.81,2.81,"[""Betfair Exchange""]","[""odds_api_io""]",1,,
soccer|cambodia w|indonesia w|2026-06-09,totals|under|3.75|,totals,Under,3.75,,1.39,1.39,"[""Betfair Exchange""]","[""odds_api_io""]",1,,
soccer|cambodia w|indonesia w|2026-06-09,totals|over|2.00|,totals,Over,2.0,,1.25,1.25,"[""Betfair Exchange""]","[""odds_api_io""]",1,,
soccer|cambodia w|indonesia w|2026-06-09,totals|under|2.00|,totals,Under,2.0,,3.79,3.79,"[""Betfair Exchange""]","[""odds_api_io""]",1,,
soccer|cambodia w|indonesia w|2026-06-09,totals|over|4.25|,totals,Over,4.25,,3.95,3.95,"[""Betfair Exchange""]","[""odds_api_io""]",1,,
soccer|cambodia w|indonesia w|2026-06-09,totals|under|4.25|,totals,Under,4.25,,1.24,1.24,"[""Betfair Exchange""]","[""odds_api_io""]",1,,
soccer|cambodia w|indonesia w|2026-06-09,btts|yes||,btts,Yes,,,1.53,1.53,"[""Betfair Exchange""]","[""odds_api_io""]",1,,
soccer|cambodia w|indonesia w|2026-06-09,btts|no||,btts,No,,,2.4,2.4,"[""Betfair Exchange""]","[""odds_api_io""]",1,,
soccer|cambodia|hong kong|2026-06-09,h2h|cambodia||home,h2h,Cambodia,,home,3.45,3.3226,"[""Bet365"", ""Betfair Exchange""]","[""odds_api_io""]",2,2.264,
soccer|cambodia|hong kong|2026-06-09,h2h|draw||,h2h,Draw,,,3.45,3.4253,"[""Bet365"", ""Betfair Exchange""]","[""odds_api_io""]",2,0.426,
soccer|cambodia|hong kong|2026-06-09,h2h|hong kong||away,h2h,Hong Kong,,away,2.28,2.2143,"[""Bet365"", ""Betfair Exchange""]","[""odds_api_io""]",2,2.652,
soccer|cambodia|hong kong|2026-06-09,dnb|cambodia|0.00|home,dnb,Cambodia,0.0,home,2.46,2.3251,"[""Bet365"", ""Betfair Exchange""]","[""odds_api_io""]",2,4.804,
soccer|cambodia|hong kong|2026-06-09,dnb|hong kong|0.00|away,dnb,Hong Kong,0.0,away,1.62,1.6175,"[""Bet365"", ""Betfair Exchange""]","[""odds_api_io""]",2,0.191,
soccer|cambodia|hong kong|2026-06-09,spreads|cambodia|0.25|home,spreads,Cambodia,0.25,home,1.97,1.9601,"[""Bet365"", ""Betfair Exchange""]","[""odds_api_io""]",2,0.521,
soccer|cambodia|hong kong|2026-06-09,spreads|hong kong|-0.25|away,spreads,Hong Kong,-0.25,away,1.95,1.8996,"[""Bet365"", ""Betfair Exchange""]","[""odds_api_io""]",2,2.772,
soccer|cambodia|hong kong|2026-06-09,totals|over|2.50|,totals,Over,2.5,,1.98,1.9432,"[""Bet365"", ""Betfair Exchange""]","[""odds_api_io""]",3,2.127,
soccer|cambodia|hong kong|2026-06-09,totals|under|2.50|,totals,Under,2.5,,1.95,1.8997,"[""Bet365"", ""Betfair Exchange""]","[""odds_api_io""]",3,2.772,
soccer|cambodia|hong kong|2026-06-09,btts|yes||,btts,Yes,,,1.81,1.7683,"[""Bet365"", ""Betfair Exchange""]","[""odds_api_io""]",2,2.655,
soccer|cambodia|hong kong|2026-06-09,btts|no||,btts,No,,,2.2,2.0971,"[""Bet365"", ""Betfair Exchange""]","[""odds_api_io""]",2,4.545,
soccer|cambodia|hong kong|2026-06-09,spreads|cambodia|1.00|home,spreads,Cambodia,1.0,home,1.73,1.4855,"[""Bet365"", ""Betfair Exchange""]","[""odds_api_io""]",4,19.12,
soccer|cambodia|hong kong|2026-06-09,spreads|cambodia|-1.00|home,spreads,Cambodia,-1.0,home,8.6,7.099,"[""Bet365"", ""Betfair Exchange""]","[""odds_api_io""]",4,5.763,
soccer|cambodia|hong kong|2026-06-09,teamTotals|over|0.50|,teamTotals,Over,0.5,,1.4,1.305,"[""Bet365""]","[""odds_api_io""]",2,10.404,
soccer|cambodia|hong kong|2026-06-09,teamTotals|under|0.50|,teamTotals,Under,0.5,,4.0,3.2593,"[""Bet365""]","[""odds_api_io""]",2,11.364,
soccer|cambodia|hong kong|2026-06-09,teamTotals|over|1.50|,teamTotals,Over,1.5,,3.0,2.4706,"[""Bet365""]","[""odds_api_io""]",2,14.286,
soccer|cambodia|hong kong|2026-06-09,teamTotals|under|1.50|,teamTotals,Under,1.5,,1.666,1.4993,"[""Bet365""]","[""odds_api_io""]",2,13.344,
soccer|cambodia|hong kong|2026-06-09,teamTotals|over|2.50|,teamTotals,Over,2.5,,8.0,5.76,"[""Bet365""]","[""odds_api_io""]",2,9.722,
soccer|cambodia|hong kong|2026-06-09,teamTotals|under|2.50|,teamTotals,Under,2.5,,1.181,1.1299,"[""Bet365""]","[""odds_api_io""]",2,7.662,
soccer|cambodia|hong kong|2026-06-09,teamTotals|over|4.50|,teamTotals,Over,4.5,,29.0,29.0,"[""Bet365""]","[""odds_api_io""]",1,,
soccer|cambodia|hong kong|2026-06-09,teamTotals|under|4.50|,teamTotals,Under,4.5,,1.006,1.006,"[""Bet365""]","[""odds_api_io""]",1,,
soccer|cambodia|hong kong|2026-06-09,teamTotals|over|3.50|,teamTotals,Over,3.5,,21.0,14.4375,"[""Bet365""]","[""odds_api_io""]",2,4.329,
soccer|cambodia|hong kong|2026-06-09,teamTotals|under|3.50|,teamTotals,Under,3.5,,1.05,1.0322,"[""Bet365""]","[""odds_api_io""]",2,3.284,
soccer|cambodia|hong kong|2026-06-09,spreads|cambodia|-1.50|home,spreads,Cambodia,-1.5,home,8.6,7.4863,"[""Bet365"", ""Betfair Exchange""]","[""odds_api_io""]",2,3.524,
soccer|cambodia|hong kong|2026-06-09,spreads|hong kong|1.50|away,spreads,Hong Kong,1.5,away,4.25,1.7417,"[""Bet365"", ""Betfair Exchange""]","[""odds_api_io""]",2,66.561,
soccer|cambodia|hong kong|2026-06-09,spreads|cambodia|-1.25|home,spreads,Cambodia,-1.25,home,7.85,6.818,"[""Bet365"", ""Betfair Exchange""]","[""odds_api_io""]",2,3.928,
soccer|cambodia|hong kong|2026-06-09,spreads|hong kong|1.25|away,spreads,Hong Kong,1.25,away,3.8,1.7131,"[""Bet365"", ""Betfair Exchange""]","[""odds_api_io""]",2,62.97,
soccer|cambodia|hong kong|2026-06-09,spreads|hong kong|1.00|away,spreads,Hong Kong,1.0,away,3.45,1.5648,"[""Bet365"", ""Betfair Exchange""]","[""odds_api_io""]",3,59.51,
soccer|cambodia|hong kong|2026-06-09,spreads|cambodia|-0.75|home,spreads,Cambodia,-0.75,home,4.49,4.064,"[""Bet365"", ""Betfair Exchange""]","[""odds_api_io""]",2,4.755,
soccer|cambodia|hong kong|2026-06-09,spreads|hong kong|0.75|away,spreads,Hong Kong,0.75,away,2.6,1.6776,"[""Bet365"", ""Betfair Exchange""]","[""odds_api_io""]",2,41.538,
soccer|cambodia|hong kong|2026-06-09,spreads|cambodia|-0.50|home,spreads,Cambodia,-0.5,home,3.45,3.2134,"[""Bet365"", ""Betfair Exchange""]","[""odds_api_io""]",2,4.348,
soccer|cambodia|hong kong|2026-06-09,spreads|hong kong|0.50|away,spreads,Hong Kong,0.5,away,2.2,1.6814,"[""Bet365"", ""Betfair Exchange""]","[""odds_api_io""]",2,27.538,
soccer|cambodia|hong kong|2026-06-09,spreads|cambodia|-0.25|home,spreads,Cambodia,-0.25,home,2.95,2.7671,"[""Bet365"", ""Betfair Exchange""]","[""odds_api_io""]",2,4.563,
soccer|cambodia|hong kong|2026-06-09,spreads|hong kong|0.25|away,spreads,Hong Kong,0.25,away,1.475,1.4725,"[""Bet365"", ""Betfair Exchange""]","[""odds_api_io""]",2,0.231,
soccer|cambodia|hong kong|2026-06-09,spreads|cambodia|0.00|home,spreads,Cambodia,0.0,home,2.46,2.3522,"[""Bet365"", ""Betfair Exchange""]","[""odds_api_io""]",2,3.794,
soccer|cambodia|hong kong|2026-06-09,spreads|hong kong|-0.00|away,spreads,Hong Kong,-0.0,away,1.625,1.6225,"[""Bet365"", ""Betfair Exchange""]","[""odds_api_io""]",2,0.19,
soccer|cambodia|hong kong|2026-06-09,spreads|cambodia|0.50|home,spreads,Cambodia,0.5,home,1.73,1.6898,"[""Bet365"", ""Betfair Exchange""]","[""odds_api_io""]",2,2.803,
soccer|cambodia|hong kong|2026-06-09,spreads|hong kong|-0.50|away,spreads,Hong Kong,-0.5,away,2.28,1.7232,"[""Bet365"", ""Betfair Exchange""]","[""odds_api_io""]",2,28.868,
soccer|cambodia|hong kong|2026-06-09,spreads|cambodia|0.75|home,spreads,Cambodia,0.75,home,1.53,1.5025,"[""Bet365"", ""Betfair Exchange""]","[""odds_api_io""]",2,2.437,
soccer|cambodia|hong kong|2026-06-09,spreads|hong kong|-0.75|away,spreads,Hong Kong,-0.75,away,2.72,1.7338,"[""Bet365"", ""Betfair Exchange""]","[""odds_api_io""]",2,42.6,
soccer|cambodia|hong kong|2026-06-09,spreads|hong kong|-1.00|away,spreads,Hong Kong,-1.0,away,4.7,2.2219,"[""Bet365"", ""Betfair Exchange""]","[""odds_api_io""]",3,66.443,
soccer|cambodia|hong kong|2026-06-09,spreads|cambodia|1.25|home,spreads,Cambodia,1.25,home,1.26,1.2551,"[""Bet365"", ""Betfair Exchange""]","[""odds_api_io""]",2,0.635,
soccer|cambodia|hong kong|2026-06-09,spreads|hong kong|-1.25|away,spreads,Hong Kong,-1.25,away,4.16,1.7897,"[""Bet365"", ""Betfair Exchange""]","[""odds_api_io""]",2,64.85,
soccer|cambodia|hong kong|2026-06-09,spreads|cambodia|1.50|home,spreads,Cambodia,1.5,home,1.22,1.2151,"[""Bet365"", ""Betfair Exchange""]","[""odds_api_io""]",2,0.677,
soccer|cambodia|hong kong|2026-06-09,spreads|hong kong|-1.50|away,spreads,Hong Kong,-1.5,away,4.7,1.8163,"[""Bet365"", ""Betfair Exchange""]","[""odds_api_io""]",2,68.813,
soccer|cambodia|hong kong|2026-06-09,spreads|cambodia|1.75|home,spreads,Cambodia,1.75,home,1.16,1.1501,"[""Bet365"", ""Betfair Exchange""]","[""odds_api_io""]",2,1.512,
soccer|cambodia|hong kong|2026-06-09,spreads|hong kong|-1.75|away,spreads,Hong Kong,-1.75,away,6.25,5.9941,"[""Bet365"", ""Betfair Exchange""]","[""odds_api_io""]",2,1.391,
soccer|cambodia|hong kong|2026-06-09,doubleChance|1x||,doubleChance,1X,,,1.73,1.73,"[""Betfair Exchange""]","[""odds_api_io""]",1,,
soccer|cambodia|hong kong|2026-06-09,doubleChance|12||,doubleChance,12,,,1.39,1.39,"[""Betfair Exchange""]","[""odds_api_io""]",1,,
soccer|cambodia|hong kong|2026-06-09,doubleChance|x2||,doubleChance,X2,,,1.37,1.37,"[""Betfair Exchange""]","[""odds_api_io""]",1,,
soccer|cambodia|hong kong|2026-06-09,spreads|cambodia|-2.00|home,spreads,Cambodia,-2.0,home,23.0,22.1282,"[""Betfair Exchange""]","[""odds_api_io""]",2,0.343,
soccer|cambodia|hong kong|2026-06-09,spreads|hong kong|2.00|away,spreads,Hong Kong,2.0,away,1.11,1.0685,"[""Betfair Exchange""]","[""odds_api_io""]",2,6.997,
soccer|cambodia|hong kong|2026-06-09,spreads|cambodia|-1.75|home,spreads,Cambodia,-1.75,home,12.06,12.06,"[""Betfair Exchange""]","[""odds_api_io""]",1,,
soccer|cambodia|hong kong|2026-06-09,spreads|hong kong|1.75|away,spreads,Hong Kong,1.75,away,1.07,1.07,"[""Betfair Exchange""]","[""odds_api_io""]",1,,
soccer|cambodia|hong kong|2026-06-09,spreads|cambodia|-2.25|home,spreads,Cambodia,-2.25,home,22.16,22.16,"[""Betfair Exchange""]","[""odds_api_io""]",1,,
soccer|cambodia|hong kong|2026-06-09,spreads|hong kong|2.25|away,spreads,Hong Kong,2.25,away,1.03,1.03,"[""Betfair Exchange""]","[""odds_api_io""]",1,,
soccer|cambodia|hong kong|2026-06-09,spreads|cambodia|-2.50|home,spreads,Cambodia,-2.5,home,23.0,23.0,"[""Betfair Exchange""]","[""odds_api_io""]",1,,
soccer|cambodia|hong kong|2026-06-09,spreads|hong kong|2.50|away,spreads,Hong Kong,2.5,away,1.03,1.03,"[""Betfair Exchange""]","[""odds_api_io""]",1,,
soccer|cambodia|hong kong|2026-06-09,spreads|cambodia|-2.75|home,spreads,Cambodia,-2.75,home,36.04,36.04,"[""Betfair Exchange""]","[""odds_api_io""]",1,,
soccer|cambodia|hong kong|2026-06-09,spreads|hong kong|2.75|away,spreads,Hong Kong,2.75,away,1.01,1.01,"[""Betfair Exchange""]","[""odds_api_io""]",1,,
soccer|cambodia|hong kong|2026-06-09,spreads|cambodia|3.25|home,spreads,Cambodia,3.25,home,1.01,1.01,"[""Betfair Exchange""]","[""odds_api_io""]",1,,
soccer|cambodia|hong kong|2026-06-09,spreads|hong kong|-3.25|away,spreads,Hong Kong,-3.25,away,23.54,23.54,"[""Betfair Exchange""]","[""odds_api_io""]",1,,
soccer|cambodia|hong kong|2026-06-09,spreads|cambodia|3.75|home,spreads,Cambodia,3.75,home,1.01,1.01,"[""Betfair Exchange""]","[""odds_api_io""]",1,,
soccer|cambodia|hong kong|2026-06-09,spreads|hong kong|-3.75|away,spreads,Hong Kong,-3.75,away,24.09,24.09,"[""Betfair Exchange""]","[""odds_api_io""]",1,,
soccer|cambodia|hong kong|2026-06-09,spreads|cambodia|2.00|home,spreads,Cambodia,2.0,home,1.22,1.1457,"[""Betfair Exchange""]","[""odds_api_io""]",2,10.625,
soccer|cambodia|hong kong|2026-06-09,spreads|hong kong|-2.00|away,spreads,Hong Kong,-2.0,away,11.5,10.7262,"[""Betfair Exchange""]","[""odds_api_io""]",2,1.255,
soccer|cambodia|hong kong|2026-06-09,spreads|cambodia|2.50|home,spreads,Cambodia,2.5,home,1.07,1.07,"[""Betfair Exchange""]","[""odds_api_io""]",1,,
soccer|cambodia|hong kong|2026-06-09,spreads|hong kong|-2.50|away,spreads,Hong Kong,-2.5,away,11.5,11.5,"[""Betfair Exchange""]","[""odds_api_io""]",1,,
soccer|cambodia|hong kong|2026-06-09,spreads|cambodia|2.75|home,spreads,Cambodia,2.75,home,1.04,1.04,"[""Betfair Exchange""]","[""odds_api_io""]",1,,
soccer|cambodia|hong kong|2026-06-09,spreads|hong kong|-2.75|away,spreads,Hong Kong,-2.75,away,15.21,15.21,"[""Betfair Exchange""]","[""odds_api_io""]",1,,
soccer|cambodia|hong kong|2026-06-09,spreads|cambodia|2.25|home,spreads,Cambodia,2.25,home,1.08,1.08,"[""Betfair Exchange""]","[""odds_api_io""]",1,,
soccer|cambodia|hong kong|2026-06-09,spreads|hong kong|-2.25|away,spreads,Hong Kong,-2.25,away,10.77,10.77,"[""Betfair Exchange""]","[""odds_api_io""]",1,,
soccer|cambodia|hong kong|2026-06-09,spreads|cambodia|3.50|home,spreads,Cambodia,3.5,home,1.01,1.01,"[""Betfair Exchange""]","[""odds_api_io""]",1,,
soccer|cambodia|hong kong|2026-06-09,spreads|hong kong|-3.50|away,spreads,Hong Kong,-3.5,away,24.09,24.09,"[""Betfair Exchange""]","[""odds_api_io""]",1,,
soccer|cambodia|hong kong|2026-06-09,spreads|cambodia|3.00|home,spreads,Cambodia,3.0,home,1.07,1.0391,"[""Betfair Exchange""]","[""odds_api_io""]",2,5.552,
soccer|cambodia|hong kong|2026-06-09,spreads|hong kong|-3.00|away,spreads,Hong Kong,-3.0,away,24.0,23.4894,"[""Betfair Exchange""]","[""odds_api_io""]",2,0.181,
soccer|cambodia|hong kong|2026-06-09,totals|over|2.75|,totals,Over,2.75,,2.25,2.25,"[""Betfair Exchange""]","[""odds_api_io""]",1,,
soccer|cambodia|hong kong|2026-06-09,totals|under|2.75|,totals,Under,2.75,,1.71,1.71,"[""Betfair Exchange""]","[""odds_api_io""]",1,,
soccer|cambodia|hong kong|2026-06-09,totals|over|1.50|,totals,Over,1.5,,1.32,1.32,"[""Betfair Exchange""]","[""odds_api_io""]",1,,
soccer|cambodia|hong kong|2026-06-09,totals|under|1.50|,totals,Under,1.5,,3.7,3.7,"[""Betfair Exchange""]","[""odds_api_io""]",1,,
soccer|cambodia|hong kong|2026-06-09,totals|over|1.25|,totals,Over,1.25,,1.21,1.21,"[""Betfair Exchange""]","[""odds_api_io""]",1,,
soccer|cambodia|hong kong|2026-06-09,totals|under|1.25|,totals,Under,1.25,,5.08,5.08,"[""Betfair Exchange""]","[""odds_api_io""]",1,,
soccer|cambodia|hong kong|2026-06-09,totals|over|0.75|,totals,Over,0.75,,1.08,1.08,"[""Betfair Exchange""]","[""odds_api_io""]",1,,
soccer|cambodia|hong kong|2026-06-09,totals|under|0.75|,totals,Under,0.75,,10.38,10.38,"[""Betfair Exchange""]","[""odds_api_io""]",1,,
soccer|cambodia|hong kong|2026-06-09,totals|over|1.00|,totals,Over,1.0,,1.09,1.09,"[""Betfair Exchange""]","[""odds_api_io""]",1,,
soccer|cambodia|hong kong|2026-06-09,totals|under|1.00|,totals,Under,1.0,,9.34,9.34,"[""Betfair Exchange""]","[""odds_api_io""]",1,,
soccer|cambodia|hong kong|2026-06-09,totals|over|0.50|,totals,Over,0.5,,1.08,1.08,"[""Betfair Exchange""]","[""odds_api_io""]",1,,
soccer|cambodia|hong kong|2026-06-09,totals|under|0.50|,totals,Under,0.5,,12.11,12.11,"[""Betfair Exchange""]","[""odds_api_io""]",1,,
soccer|cambodia|hong kong|2026-06-09,totals|over|3.50|,totals,Over,3.5,,3.55,3.55,"[""Betfair Exchange""]","[""odds_api_io""]",1,,
soccer|cambodia|hong kong|2026-06-09,totals|under|3.50|,totals,Under,3.5,,1.37,1.37,"[""Betfair Exchange""]","[""odds_api_io""]",1,,
soccer|cambodia|hong kong|2026-06-09,totals|over|3.25|,totals,Over,3.25,,3.18,3.18,"[""Betfair Exchange""]","[""odds_api_io""]",1,,
soccer|cambodia|hong kong|2026-06-09,totals|under|3.25|,totals,Under,3.25,,1.43,1.43,"[""Betfair Exchange""]","[""odds_api_io""]",1,,
soccer|cambodia|hong kong|2026-06-09,totals|over|2.25|,totals,Over,2.25,,1.73,1.73,"[""Betfair Exchange""]","[""odds_api_io""]",1,,
soccer|cambodia|hong kong|2026-06-09,totals|under|2.25|,totals,Under,2.25,,2.24,2.24,"[""Betfair Exchange""]","[""odds_api_io""]",1,,
soccer|cambodia|hong kong|2026-06-09,totals|over|2.00|,totals,Over,2.0,,1.49,1.49,"[""Betfair Exchange""]","[""odds_api_io""]",1,,
soccer|cambodia|hong kong|2026-06-09,totals|under|2.00|,totals,Under,2.0,,2.81,2.81,"[""Betfair Exchange""]","[""odds_api_io""]",1,,
soccer|cambodia|hong kong|2026-06-09,totals|over|3.00|,totals,Over,3.0,,2.75,2.75,"[""Betfair Exchange""]","[""odds_api_io""]",1,,
soccer|cambodia|hong kong|2026-06-09,totals|under|3.00|,totals,Under,3.0,,1.51,1.51,"[""Betfair Exchange""]","[""odds_api_io""]",1,,
soccer|cambodia|hong kong|2026-06-09,totals|over|1.75|,totals,Over,1.75,,1.39,1.39,"[""Betfair Exchange""]","[""odds_api_io""]",1,,
soccer|cambodia|hong kong|2026-06-09,totals|under|1.75|,totals,Under,1.75,,3.2,3.2,"[""Betfair Exchange""]","[""odds_api_io""]",1,,
soccer|cambodia|hong kong|2026-06-09,totals|over|3.75|,totals,Over,3.75,,4.47,4.47,"[""Betfair Exchange""]","[""odds_api_io""]",1,,
soccer|cambodia|hong kong|2026-06-09,totals|under|3.75|,totals,Under,3.75,,1.25,1.25,"[""Betfair Exchange""]","[""odds_api_io""]",1,,
soccer|cambodia|hong kong|2026-06-09,totals|over|4.00|,totals,Over,4.0,,6.45,6.45,"[""Betfair Exchange""]","[""odds_api_io""]",1,,
soccer|cambodia|hong kong|2026-06-09,totals|under|4.00|,totals,Under,4.0,,1.15,1.15,"[""Betfair Exchange""]","[""odds_api_io""]",1,,
soccer|cambodia|hong kong|2026-06-09,totals|over|4.75|,totals,Over,4.75,,10.28,10.28,"[""Betfair Exchange""]","[""odds_api_io""]",1,,
soccer|cambodia|hong kong|2026-06-09,totals|under|4.75|,totals,Under,4.75,,1.08,1.08,"[""Betfair Exchange""]","[""odds_api_io""]",1,,
soccer|cambodia|hong kong|2026-06-09,totals|over|4.25|,totals,Over,4.25,,7.02,7.02,"[""Betfair Exchange""]","[""odds_api_io""]",1,,
soccer|cambodia|hong kong|2026-06-09,totals|under|4.25|,totals,Under,4.25,,1.14,1.14,"[""Betfair Exchange""]","[""odds_api_io""]",1,,
soccer|cambodia|hong kong|2026-06-09,totals|over|4.50|,totals,Over,4.5,,7.6,7.6,"[""Betfair Exchange""]","[""odds_api_io""]",1,,
soccer|cambodia|hong kong|2026-06-09,totals|under|4.50|,totals,Under,4.5,,1.13,1.13,"[""Betfair Exchange""]","[""odds_api_io""]",1,,
soccer|cambodia|hong kong|2026-06-09,totals|over|6.00|,totals,Over,6.0,,46.33,46.33,"[""Betfair Exchange""]","[""odds_api_io""]",1,,
soccer|cambodia|hong kong|2026-06-09,totals|under|6.00|,totals,Under,6.0,,1.01,1.01,"[""Betfair Exchange""]","[""odds_api_io""]",1,,
soccer|cambodia|hong kong|2026-06-09,totals|over|5.50|,totals,Over,5.5,,18.0,18.0,"[""Betfair Exchange""]","[""odds_api_io""]",1,,
soccer|cambodia|hong kong|2026-06-09,totals|under|5.50|,totals,Under,5.5,,1.04,1.04,"[""Betfair Exchange""]","[""odds_api_io""]",1,,
soccer|cambodia|hong kong|2026-06-09,totals|over|5.00|,totals,Over,5.0,,16.63,16.63,"[""Betfair Exchange""]","[""odds_api_io""]",1,,
soccer|cambodia|hong kong|2026-06-09,totals|under|5.00|,totals,Under,5.0,,1.05,1.05,"[""Betfair Exchange""]","[""odds_api_io""]",1,,
soccer|cambodia|hong kong|2026-06-09,totals|over|5.25|,totals,Over,5.25,,17.31,17.31,"[""Betfair Exchange""]","[""odds_api_io""]",1,,
soccer|cambodia|hong kong|2026-06-09,totals|under|5.25|,totals,Under,5.25,,1.04,1.04,"[""Betfair Exchange""]","[""odds_api_io""]",1,,
soccer|cambodia|hong kong|2026-06-09,totals|over|5.75|,totals,Over,5.75,,25.72,25.72,"[""Betfair Exchange""]","[""odds_api_io""]",1,,
soccer|cambodia|hong kong|2026-06-09,totals|under|5.75|,totals,Under,5.75,,1.01,1.01,"[""Betfair Exchange""]","[""odds_api_io""]",1,,
soccer|cambodia|hong kong|2026-06-09,totals|over|6.50|,totals,Over,6.5,,48.0,48.0,"[""Betfair Exchange""]","[""odds_api_io""]",1,,
soccer|cambodia|hong kong|2026-06-09,totals|under|6.50|,totals,Under,6.5,,1.01,1.01,"[""Betfair Exchange""]","[""odds_api_io""]",1,,
soccer|cambodia|hong kong|2026-06-09,totals|over|6.25|,totals,Over,6.25,,1.01,1.01,"[""Betfair Exchange""]","[""odds_api_io""]",1,,
soccer|cambodia|hong kong|2026-06-09,totals|under|6.25|,totals,Under,6.25,,1.01,1.01,"[""Betfair Exchange""]","[""odds_api_io""]",1,,
soccer|cambodia|hong kong|2026-06-09,totals|over|7.25|,totals,Over,7.25,,129.14,129.14,"[""Betfair Exchange""]","[""odds_api_io""]",1,,
soccer|cambodia|hong kong|2026-06-09,totals|under|7.25|,totals,Under,7.25,,1.01,1.01,"[""Betfair Exchange""]","[""odds_api_io""]",1,,
soccer|cambodia|hong kong|2026-06-09,spreads|cambodia|-3.00|home,spreads,Cambodia,-3.0,home,90.0,90.0,"[""Betfair Exchange""]","[""odds_api_io""]",1,,
soccer|cambodia|hong kong|2026-06-09,spreads|hong kong|3.00|away,spreads,Hong Kong,3.0,away,1.03,1.03,"[""Betfair Exchange""]","[""odds_api_io""]",1,,
soccer|thailand|uae|2026-06-09,h2h|thailand u23||home,h2h,Thailand U23,,home,1.025,1.0173,"[""Bet365"", ""Betfair Exchange""]","[""odds_api_io""]",2,1.449,
soccer|thailand|uae|2026-06-09,h2h|draw||,h2h,Draw,,,21.0,19.9682,"[""Bet365"", ""Betfair Exchange""]","[""odds_api_io""]",2,0.501,
soccer|thailand|uae|2026-06-09,h2h|uae u23||away,h2h,UAE U23,,away,51.0,37.6005,"[""Bet365"", ""Betfair Exchange""]","[""odds_api_io""]",2,1.373,
soccer|thailand|uae|2026-06-09,dnb|thailand u23|0.00|home,dnb,Thailand U23,0.0,home,1.01,1.0061,"[""Bet365"", ""Betfair Exchange""]","[""odds_api_io""]",2,0.79,
soccer|thailand|uae|2026-06-09,dnb|uae u23|0.00|away,dnb,UAE U23,0.0,away,29.0,24.4311,"[""Bet365"", ""Betfair Exchange""]","[""odds_api_io""]",2,1.314,
soccer|thailand|uae|2026-06-09,spreads|thailand u23|-4.00|home,spreads,Thailand U23,-4.0,home,1.88,1.86,"[""Bet365"", ""Unibet"", ""Sbobet""]","[""odds_api_io""]",3,0.863,
soccer|thailand|uae|2026-06-09,spreads|uae u23|4.00|away,spreads,UAE U23,4.0,away,2.3,2.047,"[""Bet365"", ""Unibet"", ""Sbobet""]","[""odds_api_io""]",3,8.068,
soccer|thailand|uae|2026-06-09,totals|over|4.75|,totals,Over,4.75,,1.95,1.9245,"[""Bet365"", ""Betfair Exchange"", ""Sbobet""]","[""odds_api_io""]",3,1.35,
soccer|thailand|uae|2026-06-09,totals|under|4.75|,totals,Under,4.75,,1.875,1.8547,"[""Bet365"", ""Betfair Exchange"", ""Sbobet""]","[""odds_api_io""]",3,1.014,
soccer|thailand|uae|2026-06-09,totals|over|2.50|,totals,Over,2.5,,1.125,1.069,"[""Bet365"", ""Betfair Exchange""]","[""odds_api_io""]",2,9.15,
soccer|thailand|uae|2026-06-09,totals|under|2.50|,totals,Under,2.5,,5.5,2.7774,"[""Bet365"", ""Betfair Exchange""]","[""odds_api_io""]",2,35.01,
soccer|thailand|uae|2026-06-09,btts|yes||,btts,Yes,,,3.25,2.8462,"[""Bet365"", ""Unibet"", ""Betfair Exchange""]","[""odds_api_io""]",3,6.825,
soccer|thailand|uae|2026-06-09,btts|no||,btts,No,,,1.35,1.2553,"[""Bet365"", ""Unibet"", ""Betfair Exchange""]","[""odds_api_io""]",3,15.212,
soccer|thailand|uae|2026-06-09,spreads|thailand u23|-6.00|home,spreads,Thailand U23,-6.0,home,5.5,4.7622,"[""Bet365"", ""Unibet""]","[""odds_api_io""]",3,6.818,
soccer|thailand|uae|2026-06-09,spreads|thailand u23|-5.00|home,spreads,Thailand U23,-5.0,home,3.25,2.8924,"[""Bet365"", ""Unibet""]","[""odds_api_io""]",3,7.254,
soccer|thailand|uae|2026-06-09,spreads|thailand u23|-3.00|home,spreads,Thailand U23,-3.0,home,1.571,1.325,"[""Bet365"", ""Betfair Exchange""]","[""odds_api_io""]",4,28.089,
soccer|thailand|uae|2026-06-09,spreads|thailand u23|-2.00|home,spreads,Thailand U23,-2.0,home,1.25,1.1179,"[""Bet365"", ""Betfair Exchange""]","[""odds_api_io""]",4,14.34,
soccer|thailand|uae|2026-06-09,spreads|uae u23|-6.00|away,spreads,UAE U23,-6.0,away,1.285,1.285,"[""Bet365""]","[""odds_api_io""]",1,,
soccer|thailand|uae|2026-06-09,spreads|uae u23|-5.00|away,spreads,UAE U23,-5.0,away,1.615,1.615,"[""Bet365""]","[""odds_api_io""]",1,,
soccer|thailand|uae|2026-06-09,spreads|uae u23|-3.00|away,spreads,UAE U23,-3.0,away,30.0,6.3601,"[""Bet365"", ""Betfair Exchange""]","[""odds_api_io""]",2,25.238,
soccer|thailand|uae|2026-06-09,spreads|uae u23|-2.00|away,spreads,UAE U23,-2.0,away,30.0,10.8115,"[""Bet365"", ""Betfair Exchange""]","[""odds_api_io""]",2,12.051,
soccer|thailand|uae|2026-06-09,teamTotals|over|0.50|,teamTotals,Over,0.5,,3.25,1.7837,"[""Bet365"", ""Unibet""]","[""odds_api_io""]",3,68.733,
soccer|thailand|uae|2026-06-09,teamTotals|under|0.50|,teamTotals,Under,0.5,,17.0,1.9558,"[""Bet365"", ""Unibet""]","[""odds_api_io""]",3,69.136,
soccer|thailand|uae|2026-06-09,teamTotals|over|1.50|,teamTotals,Over,1.5,,10.0,1.9005,"[""Bet365""]","[""odds_api_io""]",2,85.238,
soccer|thailand|uae|2026-06-09,teamTotals|under|1.50|,teamTotals,Under,1.5,,8.5,1.8374,"[""Bet365""]","[""odds_api_io""]",2,85.323,
soccer|thailand|uae|2026-06-09,teamTotals|over|2.50|,teamTotals,Over,2.5,,21.0,2.2093,"[""Bet365""]","[""odds_api_io""]",2,81.001,
soccer|thailand|uae|2026-06-09,teamTotals|under|2.50|,teamTotals,Under,2.5,,4.5,1.639,"[""Bet365""]","[""odds_api_io""]",2,77.578,
soccer|thailand|uae|2026-06-09,spreads|uae u23|6.00|away,spreads,UAE U23,6.0,away,1.27,1.2168,"[""Bet365"", ""Unibet""]","[""odds_api_io""]",2,6.73,
soccer|thailand|uae|2026-06-09,spreads|thailand u23|-5.75|home,spreads,Thailand U23,-5.75,home,3.9,3.9,"[""Bet365""]","[""odds_api_io""]",1,,
soccer|thailand|uae|2026-06-09,spreads|uae u23|5.75|away,spreads,UAE U23,5.75,away,1.24,1.24,"[""Bet365""]","[""odds_api_io""]",1,,
soccer|thailand|uae|2026-06-09,spreads|thailand u23|-5.50|home,spreads,Thailand U23,-5.5,home,3.45,3.45,"[""Bet365""]","[""odds_api_io""]",1,,
soccer|thailand|uae|2026-06-09,spreads|uae u23|5.50|away,spreads,UAE U23,5.5,away,1.3,1.3,"[""Bet365""]","[""odds_api_io""]",1,,
soccer|thailand|uae|2026-06-09,spreads|thailand u23|-5.25|home,spreads,Thailand U23,-5.25,home,3.1,3.1,"[""Bet365""]","[""odds_api_io""]",1,,
soccer|thailand|uae|2026-06-09,spreads|uae u23|5.25|away,spreads,UAE U23,5.25,away,1.35,1.35,"[""Bet365""]","[""odds_api_io""]",1,,
soccer|thailand|uae|2026-06-09,spreads|uae u23|5.00|away,spreads,UAE U23,5.0,away,1.61,1.4952,"[""Bet365"", ""Unibet""]","[""odds_api_io""]",2,9.317,
soccer|thailand|uae|2026-06-09,spreads|thailand u23|-4.75|home,spreads,Thailand U23,-4.75,home,2.425,2.425,"[""Bet365""]","[""odds_api_io""]",1,,
soccer|thailand|uae|2026-06-09,spreads|uae u23|4.75|away,spreads,UAE U23,4.75,away,1.525,1.525,"[""Bet365""]","[""odds_api_io""]",1,,
soccer|thailand|uae|2026-06-09,spreads|thailand u23|-4.50|home,spreads,Thailand U23,-4.5,home,2.2,2.2,"[""Bet365""]","[""odds_api_io""]",1,,
soccer|thailand|uae|2026-06-09,spreads|uae u23|4.50|away,spreads,UAE U23,4.5,away,1.65,1.65,"[""Bet365""]","[""odds_api_io""]",1,,
soccer|thailand|uae|2026-06-09,spreads|thailand u23|-4.25|home,spreads,Thailand U23,-4.25,home,2.05,1.9449,"[""Bet365""]","[""odds_api_io""]",2,5.274,
soccer|thailand|uae|2026-06-09,spreads|uae u23|4.25|away,spreads,UAE U23,4.25,away,1.95,1.8446,"[""Bet365""]","[""odds_api_io""]",2,5.861,
soccer|thailand|uae|2026-06-09,spreads|thailand u23|-3.75|home,spreads,Thailand U23,-3.75,home,1.7,1.7,"[""Bet365""]","[""odds_api_io""]",1,,
soccer|thailand|uae|2026-06-09,spreads|uae u23|3.75|away,spreads,UAE U23,3.75,away,2.1,2.1,"[""Bet365""]","[""odds_api_io""]",1,,
soccer|thailand|uae|2026-06-09,spreads|thailand u23|-3.50|home,spreads,Thailand U23,-3.5,home,1.6,1.6,"[""Bet365""]","[""odds_api_io""]",1,,
soccer|thailand|uae|2026-06-09,spreads|uae u23|3.50|away,spreads,UAE U23,3.5,away,2.3,2.3,"[""Bet365""]","[""odds_api_io""]",1,,
soccer|thailand|uae|2026-06-09,spreads|thailand u23|-3.25|home,spreads,Thailand U23,-3.25,home,1.475,1.3452,"[""Bet365"", ""Betfair Exchange""]","[""odds_api_io""]",2,12.849,
soccer|thailand|uae|2026-06-09,spreads|uae u23|3.25|away,spreads,UAE U23,3.25,away,2.6,2.2555,"[""Bet365"", ""Betfair Exchange""]","[""odds_api_io""]",2,11.538,
soccer|thailand|uae|2026-06-09,spreads|uae u23|3.00|away,spreads,UAE U23,3.0,away,3.1,2.2739,"[""Bet365"", ""Betfair Exchange""]","[""odds_api_io""]",3,17.493,
soccer|thailand|uae|2026-06-09,spreads|thailand u23|-2.75|home,spreads,Thailand U23,-2.75,home,1.3,1.1718,"[""Bet365"", ""Betfair Exchange""]","[""odds_api_io""]",2,16.535,
soccer|thailand|uae|2026-06-09,spreads|uae u23|2.75|away,spreads,UAE U23,2.75,away,3.45,2.528,"[""Bet365"", ""Betfair Exchange""]","[""odds_api_io""]",2,20.766,
soccer|thailand|uae|2026-06-09,spreads|thailand u23|-2.50|home,spreads,Thailand U23,-2.5,home,1.26,1.1555,"[""Bet365"", ""Betfair Exchange""]","[""odds_api_io""]",2,14.093,
soccer|thailand|uae|2026-06-09,spreads|uae u23|2.50|away,spreads,UAE U23,2.5,away,3.7,2.5994,"[""Bet365"", ""Betfair Exchange""]","[""odds_api_io""]",2,22.478,
soccer|thailand|uae|2026-06-09,spreads|thailand u23|-2.25|home,spreads,Thailand U23,-2.25,home,1.19,1.1201,"[""Bet365"", ""Betfair Exchange""]","[""odds_api_io""]",2,10.306,
soccer|thailand|uae|2026-06-09,spreads|uae u23|2.25|away,spreads,UAE U23,2.25,away,4.5,2.7692,"[""Bet365"", ""Betfair Exchange""]","[""odds_api_io""]",2,27.283,
soccer|thailand|uae|2026-06-09,spreads|uae u23|2.00|away,spreads,UAE U23,2.0,away,6.4,3.042,"[""Bet365"", ""Betfair Exchange""]","[""odds_api_io""]",2,33.88,
soccer|thailand|uae|2026-06-09,teamTotals|over|3.50|,teamTotals,Over,3.5,,1.444,1.444,"[""Bet365""]","[""odds_api_io""]",1,,
soccer|thailand|uae|2026-06-09,teamTotals|under|3.50|,teamTotals,Under,3.5,,2.625,2.625,"[""Bet365""]","[""odds_api_io""]",1,,
soccer|thailand|uae|2026-06-09,teamTotals|over|4.50|,teamTotals,Over,4.5,,2.0,1.8528,"[""Bet365"", ""Unibet""]","[""odds_api_io""]",2,8.14,
soccer|thailand|uae|2026-06-09,teamTotals|under|4.50|,teamTotals,Under,4.5,,1.89,1.8029,"[""Bet365"", ""Unibet""]","[""odds_api_io""]",2,4.994,
soccer|thailand|uae|2026-06-09,teamTotals|over|5.50|,teamTotals,Over,5.5,,3.0,3.0,"[""Bet365""]","[""odds_api_io""]",1,,
soccer|thailand|uae|2026-06-09,teamTotals|under|5.50|,teamTotals,Under,5.5,,1.363,1.363,"[""Bet365""]","[""odds_api_io""]",1,,
soccer|thailand|uae|2026-06-09,teamTotals|over|6.50|,teamTotals,Over,6.5,,4.5,4.5,"[""Bet365""]","[""odds_api_io""]",1,,
soccer|thailand|uae|2026-06-09,teamTotals|under|6.50|,teamTotals,Under,6.5,,1.166,1.166,"[""Bet365""]","[""odds_api_io""]",1,,
soccer|thailand|uae|2026-06-09,teamTotals|over|7.50|,teamTotals,Over,7.5,,7.5,7.5,"[""Bet365""]","[""odds_api_io""]",1,,
soccer|thailand|uae|2026-06-09,teamTotals|under|7.50|,teamTotals,Under,7.5,,1.071,1.071,"[""Bet365""]","[""odds_api_io""]",1,,
soccer|thailand|uae|2026-06-09,teamTotals|over|8.50|,teamTotals,Over,8.5,,10.5,10.5,"[""Bet365""]","[""odds_api_io""]",1,,
soccer|thailand|uae|2026-06-09,teamTotals|under|8.50|,teamTotals,Under,8.5,,1.025,1.025,"[""Bet365""]","[""odds_api_io""]",1,,
soccer|thailand|uae|2026-06-09,teamTotals|over|9.50|,teamTotals,Over,9.5,,15.0,15.0,"[""Bet365""]","[""odds_api_io""]",1,,
soccer|thailand|uae|2026-06-09,teamTotals|under|9.50|,teamTotals,Under,9.5,,1.01,1.01,"[""Bet365""]","[""odds_api_io""]",1,,
soccer|thailand|uae|2026-06-09,teamTotals|over|10.50|,teamTotals,Over,10.5,,21.0,21.0,"[""Bet365""]","[""odds_api_io""]",1,,
soccer|thailand|uae|2026-06-09,teamTotals|under|10.50|,teamTotals,Under,10.5,,1.002,1.002,"[""Bet365""]","[""odds_api_io""]",1,,
soccer|thailand|uae|2026-06-09,doubleChance|12||,doubleChance,12,,,1.01,1.01,"[""Unibet"", ""Betfair Exchange""]","[""odds_api_io""]",2,,
soccer|thailand|uae|2026-06-09,doubleChance|x2||,doubleChance,X2,,,21.0,15.8399,"[""Unibet"", ""Betfair Exchange""]","[""odds_api_io""]",2,3.238,
soccer|thailand|uae|2026-06-09,totals|over|5.50|,totals,Over,5.5,,2.2,2.0328,"[""Unibet"", ""Betfair Exchange""]","[""odds_api_io""]",2,7.177,
soccer|thailand|uae|2026-06-09,totals|under|5.50|,totals,Under,5.5,,1.6,1.4283,"[""Unibet"", ""Betfair Exchange""]","[""odds_api_io""]",2,14.423,
soccer|thailand|uae|2026-06-09,totals|over|4.50|,totals,Over,4.5,,1.66,1.6156,"[""Unibet"", ""Betfair Exchange""]","[""odds_api_io""]",2,3.453,
soccer|thailand|uae|2026-06-09,totals|under|4.50|,totals,Under,4.5,,2.23,2.0267,"[""Unibet"", ""Betfair Exchange""]","[""odds_api_io""]",2,8.633,
soccer|thailand|uae|2026-06-09,totals|over|6.50|,totals,Over,6.5,,3.35,2.4785,"[""Unibet"", ""Betfair Exchange""]","[""odds_api_io""]",2,20.149,
soccer|thailand|uae|2026-06-09,totals|under|6.50|,totals,Under,6.5,,1.28,1.1235,"[""Unibet"", ""Betfair Exchange""]","[""odds_api_io""]",2,20.885,
soccer|thailand|uae|2026-06-09,totals|over|3.50|,totals,Over,3.5,,1.24,1.2242,"[""Unibet"", ""Betfair Exchange""]","[""odds_api_io""]",2,1.999,
soccer|thailand|uae|2026-06-09,totals|under|3.50|,totals,Under,3.5,,3.65,2.4489,"[""Unibet"", ""Betfair Exchange""]","[""odds_api_io""]",2,25.794,
soccer|thailand|uae|2026-06-09,doubleChance|1x||,doubleChance,1X,,,1.01,1.01,"[""Betfair Exchange""]","[""odds_api_io""]",1,,
soccer|thailand|uae|2026-06-09,spreads|thailand u23|-1.25|home,spreads,Thailand U23,-1.25,home,1.03,1.03,"[""Betfair Exchange""]","[""odds_api_io""]",1,,
soccer|thailand|uae|2026-06-09,spreads|uae u23|1.25|away,spreads,UAE U23,1.25,away,2.86,2.86,"[""Betfair Exchange""]","[""odds_api_io""]",1,,
soccer|thailand|uae|2026-06-09,spreads|thailand u23|0.25|home,spreads,Thailand U23,0.25,home,1.01,1.01,"[""Betfair Exchange""]","[""odds_api_io""]",1,,
soccer|thailand|uae|2026-06-09,spreads|uae u23|-0.25|away,spreads,UAE U23,-0.25,away,29.78,29.78,"[""Betfair Exchange""]","[""odds_api_io""]",1,,
soccer|thailand|uae|2026-06-09,spreads|thailand u23|2.25|home,spreads,Thailand U23,2.25,home,1.01,1.01,"[""Betfair Exchange""]","[""odds_api_io""]",1,,
soccer|thailand|uae|2026-06-09,spreads|uae u23|-2.25|away,spreads,UAE U23,-2.25,away,30.0,30.0,"[""Betfair Exchange""]","[""odds_api_io""]",1,,
soccer|thailand|uae|2026-06-09,spreads|thailand u23|0.75|home,spreads,Thailand U23,0.75,home,1.01,1.01,"[""Betfair Exchange""]","[""odds_api_io""]",1,,
soccer|thailand|uae|2026-06-09,spreads|uae u23|-0.75|away,spreads,UAE U23,-0.75,away,30.0,30.0,"[""Betfair Exchange""]","[""odds_api_io""]",1,,
soccer|thailand|uae|2026-06-09,spreads|thailand u23|-1.50|home,spreads,Thailand U23,-1.5,home,1.06,1.06,"[""Betfair Exchange""]","[""odds_api_io""]",1,,
soccer|thailand|uae|2026-06-09,spreads|uae u23|1.50|away,spreads,UAE U23,1.5,away,2.02,2.02,"[""Betfair Exchange""]","[""odds_api_io""]",1,,
soccer|thailand|uae|2026-06-09,spreads|thailand u23|0.00|home,spreads,Thailand U23,0.0,home,1.01,1.01,"[""Betfair Exchange""]","[""odds_api_io""]",1,,
soccer|thailand|uae|2026-06-09,spreads|uae u23|-0.00|away,spreads,UAE U23,-0.0,away,29.57,29.57,"[""Betfair Exchange""]","[""odds_api_io""]",1,,
soccer|thailand|uae|2026-06-09,spreads|thailand u23|-0.50|home,spreads,Thailand U23,-0.5,home,1.01,1.01,"[""Betfair Exchange""]","[""odds_api_io""]",1,,
soccer|thailand|uae|2026-06-09,spreads|uae u23|0.50|away,spreads,UAE U23,0.5,away,21.0,21.0,"[""Betfair Exchange""]","[""odds_api_io""]",1,,
soccer|thailand|uae|2026-06-09,spreads|thailand u23|1.75|home,spreads,Thailand U23,1.75,home,1.01,1.01,"[""Betfair Exchange""]","[""odds_api_io""]",1,,
soccer|thailand|uae|2026-06-09,spreads|uae u23|-1.75|away,spreads,UAE U23,-1.75,away,1.01,1.01,"[""Betfair Exchange""]","[""odds_api_io""]",1,,
soccer|thailand|uae|2026-06-09,spreads|thailand u23|-1.75|home,spreads,Thailand U23,-1.75,home,1.06,1.06,"[""Betfair Exchange""]","[""odds_api_io""]",1,,
soccer|thailand|uae|2026-06-09,spreads|uae u23|1.75|away,spreads,UAE U23,1.75,away,2.02,2.02,"[""Betfair Exchange""]","[""odds_api_io""]",1,,
soccer|thailand|uae|2026-06-09,spreads|thailand u23|2.00|home,spreads,Thailand U23,2.0,home,1.01,1.01,"[""Betfair Exchange""]","[""odds_api_io""]",1,,
soccer|thailand|uae|2026-06-09,spreads|thailand u23|-0.75|home,spreads,Thailand U23,-0.75,home,1.01,1.01,"[""Betfair Exchange""]","[""odds_api_io""]",1,,
soccer|thailand|uae|2026-06-09,spreads|uae u23|0.75|away,spreads,UAE U23,0.75,away,16.3,16.3,"[""Betfair Exchange""]","[""odds_api_io""]",1,,
soccer|thailand|uae|2026-06-09,spreads|thailand u23|2.50|home,spreads,Thailand U23,2.5,home,1.01,1.01,"[""Betfair Exchange""]","[""odds_api_io""]",1,,
soccer|thailand|uae|2026-06-09,spreads|uae u23|-2.50|away,spreads,UAE U23,-2.5,away,30.0,30.0,"[""Betfair Exchange""]","[""odds_api_io""]",1,,
soccer|thailand|uae|2026-06-09,spreads|thailand u23|-0.25|home,spreads,Thailand U23,-0.25,home,1.01,1.01,"[""Betfair Exchange""]","[""odds_api_io""]",1,,
soccer|thailand|uae|2026-06-09,spreads|uae u23|0.25|away,spreads,UAE U23,0.25,away,24.52,24.52,"[""Betfair Exchange""]","[""odds_api_io""]",1,,
soccer|thailand|uae|2026-06-09,spreads|thailand u23|0.50|home,spreads,Thailand U23,0.5,home,1.01,1.01,"[""Betfair Exchange""]","[""odds_api_io""]",1,,
soccer|thailand|uae|2026-06-09,spreads|uae u23|-0.50|away,spreads,UAE U23,-0.5,away,30.0,30.0,"[""Betfair Exchange""]","[""odds_api_io""]",1,,
soccer|thailand|uae|2026-06-09,spreads|thailand u23|1.00|home,spreads,Thailand U23,1.0,home,1.01,1.01,"[""Betfair Exchange""]","[""odds_api_io""]",1,,
soccer|thailand|uae|2026-06-09,spreads|uae u23|-1.00|away,spreads,UAE U23,-1.0,away,30.0,30.0,"[""Betfair Exchange""]","[""odds_api_io""]",1,,
soccer|thailand|uae|2026-06-09,spreads|thailand u23|-1.00|home,spreads,Thailand U23,-1.0,home,1.06,1.0344,"[""Betfair Exchange""]","[""odds_api_io""]",2,4.67,
soccer|thailand|uae|2026-06-09,spreads|uae u23|1.00|away,spreads,UAE U23,1.0,away,21.0,14.9448,"[""Betfair Exchange""]","[""odds_api_io""]",2,3.859,
soccer|thailand|uae|2026-06-09,spreads|thailand u23|1.25|home,spreads,Thailand U23,1.25,home,1.01,1.01,"[""Betfair Exchange""]","[""odds_api_io""]",1,,
soccer|thailand|uae|2026-06-09,spreads|uae u23|-1.25|away,spreads,UAE U23,-1.25,away,29.99,29.99,"[""Betfair Exchange""]","[""odds_api_io""]",1,,
soccer|thailand|uae|2026-06-09,spreads|thailand u23|1.50|home,spreads,Thailand U23,1.5,home,1.01,1.01,"[""Betfair Exchange""]","[""odds_api_io""]",1,,
soccer|thailand|uae|2026-06-09,spreads|uae u23|-1.50|away,spreads,UAE U23,-1.5,away,30.0,30.0,"[""Betfair Exchange""]","[""odds_api_io""]",1,,
soccer|thailand|uae|2026-06-09,totals|over|1.75|,totals,Over,1.75,,1.02,1.02,"[""Betfair Exchange""]","[""odds_api_io""]",1,,
soccer|thailand|uae|2026-06-09,totals|under|1.75|,totals,Under,1.75,,1.88,1.88,"[""Betfair Exchange""]","[""odds_api_io""]",1,,
soccer|thailand|uae|2026-06-09,totals|over|7.25|,totals,Over,7.25,,1.99,1.99,"[""Betfair Exchange""]","[""odds_api_io""]",1,,
soccer|thailand|uae|2026-06-09,totals|under|7.25|,totals,Under,7.25,,1.01,1.01,"[""Betfair Exchange""]","[""odds_api_io""]",1,,
soccer|thailand|uae|2026-06-09,totals|over|1.50|,totals,Over,1.5,,1.02,1.02,"[""Betfair Exchange""]","[""odds_api_io""]",1,,
soccer|thailand|uae|2026-06-09,totals|under|1.50|,totals,Under,1.5,,2.81,2.81,"[""Betfair Exchange""]","[""odds_api_io""]",1,,
soccer|thailand|uae|2026-06-09,totals|over|3.25|,totals,Over,3.25,,1.11,1.11,"[""Betfair Exchange""]","[""odds_api_io""]",1,,
soccer|thailand|uae|2026-06-09,totals|under|3.25|,totals,Under,3.25,,1.88,1.88,"[""Betfair Exchange""]","[""odds_api_io""]",1,,
soccer|thailand|uae|2026-06-09,totals|over|5.00|,totals,Over,5.0,,1.9,1.9,"[""Betfair Exchange""]","[""odds_api_io""]",1,,
soccer|thailand|uae|2026-06-09,totals|under|5.00|,totals,Under,5.0,,1.58,1.58,"[""Betfair Exchange""]","[""odds_api_io""]",1,,
soccer|thailand|uae|2026-06-09,totals|over|7.00|,totals,Over,7.0,,2.0,2.0,"[""Betfair Exchange""]","[""odds_api_io""]",1,,
soccer|thailand|uae|2026-06-09,totals|under|7.00|,totals,Under,7.0,,1.01,1.01,"[""Betfair Exchange""]","[""odds_api_io""]",1,,
soccer|thailand|uae|2026-06-09,totals|over|2.00|,totals,Over,2.0,,1.02,1.02,"[""Betfair Exchange""]","[""odds_api_io""]",1,,
soccer|thailand|uae|2026-06-09,totals|under|2.00|,totals,Under,2.0,,1.88,1.88,"[""Betfair Exchange""]","[""odds_api_io""]",1,,
soccer|thailand|uae|2026-06-09,totals|over|7.50|,totals,Over,7.5,,1.99,1.99,"[""Betfair Exchange""]","[""odds_api_io""]",1,,
soccer|thailand|uae|2026-06-09,totals|under|7.50|,totals,Under,7.5,,1.01,1.01,"[""Betfair Exchange""]","[""odds_api_io""]",1,,
soccer|thailand|uae|2026-06-09,totals|over|0.50|,totals,Over,0.5,,1.01,1.01,"[""Betfair Exchange""]","[""odds_api_io""]",1,,
soccer|thailand|uae|2026-06-09,totals|under|0.50|,totals,Under,0.5,,101.0,101.0,"[""Betfair Exchange""]","[""odds_api_io""]",1,,
soccer|thailand|uae|2026-06-09,totals|over|2.25|,totals,Over,2.25,,1.02,1.02,"[""Betfair Exchange""]","[""odds_api_io""]",1,,
soccer|thailand|uae|2026-06-09,totals|under|2.25|,totals,Under,2.25,,1.88,1.88,"[""Betfair Exchange""]","[""odds_api_io""]",1,,
soccer|thailand|uae|2026-06-09,totals|over|3.75|,totals,Over,3.75,,1.24,1.24,"[""Betfair Exchange""]","[""odds_api_io""]",1,,
soccer|thailand|uae|2026-06-09,totals|under|3.75|,totals,Under,3.75,,1.87,1.87,"[""Betfair Exchange""]","[""odds_api_io""]",1,,
soccer|thailand|uae|2026-06-09,totals|over|1.00|,totals,Over,1.0,,1.01,1.01,"[""Betfair Exchange""]","[""odds_api_io""]",1,,
soccer|thailand|uae|2026-06-09,totals|under|1.00|,totals,Under,1.0,,2.81,2.81,"[""Betfair Exchange""]","[""odds_api_io""]",1,,
soccer|thailand|uae|2026-06-09,totals|over|6.75|,totals,Over,6.75,,2.0,2.0,"[""Betfair Exchange""]","[""odds_api_io""]",1,,
soccer|thailand|uae|2026-06-09,totals|under|6.75|,totals,Under,6.75,,1.01,1.01,"[""Betfair Exchange""]","[""odds_api_io""]",1,,
soccer|thailand|uae|2026-06-09,totals|over|2.75|,totals,Over,2.75,,1.02,1.02,"[""Betfair Exchange""]","[""odds_api_io""]",1,,
soccer|thailand|uae|2026-06-09,totals|under|2.75|,totals,Under,2.75,,1.88,1.88,"[""Betfair Exchange""]","[""odds_api_io""]",1,,
soccer|thailand|uae|2026-06-09,totals|over|1.25|,totals,Over,1.25,,1.01,1.01,"[""Betfair Exchange""]","[""odds_api_io""]",1,,
soccer|thailand|uae|2026-06-09,totals|under|1.25|,totals,Under,1.25,,2.81,2.81,"[""Betfair Exchange""]","[""odds_api_io""]",1,,
soccer|thailand|uae|2026-06-09,totals|over|0.75|,totals,Over,0.75,,1.04,1.04,"[""Betfair Exchange""]","[""odds_api_io""]",1,,
soccer|thailand|uae|2026-06-09,totals|under|0.75|,totals,Under,0.75,,2.81,2.81,"[""Betfair Exchange""]","[""odds_api_io""]",1,,
soccer|thailand|uae|2026-06-09,totals|over|3.00|,totals,Over,3.0,,1.02,1.02,"[""Betfair Exchange""]","[""odds_api_io""]",1,,
soccer|thailand|uae|2026-06-09,totals|under|3.00|,totals,Under,3.0,,1.88,1.88,"[""Betfair Exchange""]","[""odds_api_io""]",1,,
soccer|thailand|uae|2026-06-09,totals|over|4.25|,totals,Over,4.25,,1.47,1.47,"[""Betfair Exchange""]","[""odds_api_io""]",1,,
soccer|thailand|uae|2026-06-09,totals|under|4.25|,totals,Under,4.25,,1.87,1.87,"[""Betfair Exchange""]","[""odds_api_io""]",1,,
soccer|thailand|uae|2026-06-09,totals|over|4.00|,totals,Over,4.0,,1.28,1.28,"[""Betfair Exchange""]","[""odds_api_io""]",1,,
soccer|thailand|uae|2026-06-09,totals|under|4.00|,totals,Under,4.0,,1.87,1.87,"[""Betfair Exchange""]","[""odds_api_io""]",1,,
soccer|thailand|uae|2026-06-09,totals|over|6.25|,totals,Over,6.25,,1.97,1.97,"[""Betfair Exchange""]","[""odds_api_io""]",1,,
soccer|thailand|uae|2026-06-09,totals|under|6.25|,totals,Under,6.25,,1.01,1.01,"[""Betfair Exchange""]","[""odds_api_io""]",1,,
soccer|thailand|uae|2026-06-09,totals|over|6.00|,totals,Over,6.0,,1.95,1.95,"[""Betfair Exchange""]","[""odds_api_io""]",1,,
soccer|thailand|uae|2026-06-09,totals|under|6.00|,totals,Under,6.0,,1.01,1.01,"[""Betfair Exchange""]","[""odds_api_io""]",1,,
soccer|thailand|uae|2026-06-09,totals|over|5.75|,totals,Over,5.75,,1.93,1.93,"[""Betfair Exchange""]","[""odds_api_io""]",1,,
soccer|thailand|uae|2026-06-09,totals|under|5.75|,totals,Under,5.75,,1.01,1.01,"[""Betfair Exchange""]","[""odds_api_io""]",1,,
soccer|thailand|uae|2026-06-09,totals|over|5.25|,totals,Over,5.25,,1.9,1.9,"[""Betfair Exchange""]","[""odds_api_io""]",1,,
soccer|thailand|uae|2026-06-09,totals|under|5.25|,totals,Under,5.25,,1.4,1.4,"[""Betfair Exchange""]","[""odds_api_io""]",1,,
soccer|thailand|uae|2026-06-09,spreads|thailand u23|3.00|home,spreads,Thailand U23,3.0,home,1.01,1.01,"[""Betfair Exchange""]","[""odds_api_io""]",1,,
soccer|mt gravatt hawks|yeronga eagles|2026-06-09,h2h|yeronga eagles fc||home,h2h,Yeronga Eagles FC,,home,1.333,1.333,"[""Bet365""]","[""odds_api_io""]",1,,
soccer|mt gravatt hawks|yeronga eagles|2026-06-09,h2h|draw||,h2h,Draw,,,5.0,5.0,"[""Bet365""]","[""odds_api_io""]",1,,
soccer|mt gravatt hawks|yeronga eagles|2026-06-09,h2h|mt gravatt hawks||away,h2h,MT Gravatt Hawks,,away,5.5,5.5,"[""Bet365""]","[""odds_api_io""]",1,,
soccer|mt gravatt hawks|yeronga eagles|2026-06-09,dnb|yeronga eagles fc|0.00|home,dnb,Yeronga Eagles FC,0.0,home,1.166,1.166,"[""Bet365""]","[""odds_api_io""]",1,,
soccer|mt gravatt hawks|yeronga eagles|2026-06-09,dnb|mt gravatt hawks|0.00|away,dnb,MT Gravatt Hawks,0.0,away,4.5,4.5,"[""Bet365""]","[""odds_api_io""]",1,,
soccer|mt gravatt hawks|yeronga eagles|2026-06-09,spreads|yeronga eagles fc|-1.50|home,spreads,Yeronga Eagles FC,-1.5,home,1.825,1.825,"[""Bet365""]","[""odds_api_io""]",1,,
soccer|mt gravatt hawks|yeronga eagles|2026-06-09,spreads|mt gravatt hawks|1.50|away,spreads,MT Gravatt Hawks,1.5,away,1.975,1.975,"[""Bet365""]","[""odds_api_io""]",1,,
soccer|mt gravatt hawks|yeronga eagles|2026-06-09,totals|over|4.00|,totals,Over,4.0,,1.9,1.9,"[""Bet365""]","[""odds_api_io""]",1,,
soccer|mt gravatt hawks|yeronga eagles|2026-06-09,totals|under|4.00|,totals,Under,4.0,,1.9,1.9,"[""Bet365""]","[""odds_api_io""]",1,,
soccer|mt gravatt hawks|yeronga eagles|2026-06-09,totals|over|2.50|,totals,Over,2.5,,1.25,1.25,"[""Bet365""]","[""odds_api_io""]",1,,
soccer|mt gravatt hawks|yeronga eagles|2026-06-09,totals|under|2.50|,totals,Under,2.5,,3.75,3.75,"[""Bet365""]","[""odds_api_io""]",1,,
soccer|mt gravatt hawks|yeronga eagles|2026-06-09,spreads|yeronga eagles fc|-3.50|home,spreads,Yeronga Eagles FC,-3.5,home,4.4,4.4,"[""Bet365""]","[""odds_api_io""]",1,,
soccer|mt gravatt hawks|yeronga eagles|2026-06-09,spreads|mt gravatt hawks|3.50|away,spreads,MT Gravatt Hawks,3.5,away,1.2,1.2,"[""Bet365""]","[""odds_api_io""]",1,,
soccer|mt gravatt hawks|yeronga eagles|2026-06-09,spreads|yeronga eagles fc|-3.25|home,spreads,Yeronga Eagles FC,-3.25,home,4.15,4.15,"[""Bet365""]","[""odds_api_io""]",1,,
soccer|mt gravatt hawks|yeronga eagles|2026-06-09,spreads|mt gravatt hawks|3.25|away,spreads,MT Gravatt Hawks,3.25,away,1.22,1.22,"[""Bet365""]","[""odds_api_io""]",1,,
soccer|mt gravatt hawks|yeronga eagles|2026-06-09,spreads|yeronga eagles fc|-3.00|home,spreads,Yeronga Eagles FC,-3.0,home,3.9,3.9,"[""Bet365""]","[""odds_api_io""]",1,,
soccer|mt gravatt hawks|yeronga eagles|2026-06-09,spreads|mt gravatt hawks|3.00|away,spreads,MT Gravatt Hawks,3.0,away,1.24,1.24,"[""Bet365""]","[""odds_api_io""]",1,,
soccer|mt gravatt hawks|yeronga eagles|2026-06-09,spreads|yeronga eagles fc|-2.75|home,spreads,Yeronga Eagles FC,-2.75,home,3.3,3.3,"[""Bet365""]","[""odds_api_io""]",1,,
soccer|mt gravatt hawks|yeronga eagles|2026-06-09,spreads|mt gravatt hawks|2.75|away,spreads,MT Gravatt Hawks,2.75,away,1.325,1.325,"[""Bet365""]","[""odds_api_io""]",1,,
soccer|mt gravatt hawks|yeronga eagles|2026-06-09,spreads|yeronga eagles fc|-2.50|home,spreads,Yeronga Eagles FC,-2.5,home,2.75,2.75,"[""Bet365""]","[""odds_api_io""]",1,,
soccer|mt gravatt hawks|yeronga eagles|2026-06-09,spreads|mt gravatt hawks|2.50|away,spreads,MT Gravatt Hawks,2.5,away,1.425,1.425,"[""Bet365""]","[""odds_api_io""]",1,,
soccer|mt gravatt hawks|yeronga eagles|2026-06-09,spreads|yeronga eagles fc|-2.25|home,spreads,Yeronga Eagles FC,-2.25,home,2.5,2.5,"[""Bet365""]","[""odds_api_io""]",1,,
soccer|mt gravatt hawks|yeronga eagles|2026-06-09,spreads|mt gravatt hawks|2.25|away,spreads,MT Gravatt Hawks,2.25,away,1.5,1.5,"[""Bet365""]","[""odds_api_io""]",1,,
soccer|mt gravatt hawks|yeronga eagles|2026-06-09,spreads|yeronga eagles fc|-2.00|home,spreads,Yeronga Eagles FC,-2.0,home,2.3,2.3,"[""Bet365""]","[""odds_api_io""]",1,,
soccer|mt gravatt hawks|yeronga eagles|2026-06-09,spreads|mt gravatt hawks|2.00|away,spreads,MT Gravatt Hawks,2.0,away,1.6,1.6,"[""Bet365""]","[""odds_api_io""]",1,,
soccer|mt gravatt hawks|yeronga eagles|2026-06-09,spreads|yeronga eagles fc|-1.75|home,spreads,Yeronga Eagles FC,-1.75,home,2.05,2.05,"[""Bet365""]","[""odds_api_io""]",1,,
soccer|mt gravatt hawks|yeronga eagles|2026-06-09,spreads|mt gravatt hawks|1.75|away,spreads,MT Gravatt Hawks,1.75,away,1.75,1.75,"[""Bet365""]","[""odds_api_io""]",1,,
soccer|mt gravatt hawks|yeronga eagles|2026-06-09,spreads|yeronga eagles fc|-1.00|home,spreads,Yeronga Eagles FC,-1.0,home,1.525,1.525,"[""Bet365""]","[""odds_api_io""]",1,,
soccer|mt gravatt hawks|yeronga eagles|2026-06-09,spreads|mt gravatt hawks|1.00|away,spreads,MT Gravatt Hawks,1.0,away,2.425,2.425,"[""Bet365""]","[""odds_api_io""]",1,,
soccer|mt gravatt hawks|yeronga eagles|2026-06-09,spreads|yeronga eagles fc|-0.75|home,spreads,Yeronga Eagles FC,-0.75,home,1.425,1.425,"[""Bet365""]","[""odds_api_io""]",1,,
soccer|mt gravatt hawks|yeronga eagles|2026-06-09,spreads|mt gravatt hawks|0.75|away,spreads,MT Gravatt Hawks,0.75,away,2.75,2.75,"[""Bet365""]","[""odds_api_io""]",1,,
soccer|mt gravatt hawks|yeronga eagles|2026-06-09,spreads|yeronga eagles fc|-0.50|home,spreads,Yeronga Eagles FC,-0.5,home,1.375,1.375,"[""Bet365""]","[""odds_api_io""]",1,,
soccer|mt gravatt hawks|yeronga eagles|2026-06-09,spreads|mt gravatt hawks|0.50|away,spreads,MT Gravatt Hawks,0.5,away,5.9,5.9,"[""Bet365""]","[""odds_api_io""]",1,,
soccer|mt gravatt hawks|yeronga eagles|2026-06-09,spreads|yeronga eagles fc|-0.25|home,spreads,Yeronga Eagles FC,-0.25,home,1.26,1.26,"[""Bet365""]","[""odds_api_io""]",1,,
soccer|mt gravatt hawks|yeronga eagles|2026-06-09,spreads|mt gravatt hawks|0.25|away,spreads,MT Gravatt Hawks,0.25,away,5.75,5.75,"[""Bet365""]","[""odds_api_io""]",1,,
soccer|mt gravatt hawks|yeronga eagles|2026-06-09,spreads|yeronga eagles fc|0.00|home,spreads,Yeronga Eagles FC,0.0,home,1.16,1.16,"[""Bet365""]","[""odds_api_io""]",1,,
soccer|mt gravatt hawks|yeronga eagles|2026-06-09,spreads|mt gravatt hawks|-0.00|away,spreads,MT Gravatt Hawks,-0.0,away,5.25,5.25,"[""Bet365""]","[""odds_api_io""]",1,,
soccer|mt gravatt hawks|yeronga eagles|2026-06-09,spreads|yeronga eagles fc|0.25|home,spreads,Yeronga Eagles FC,0.25,home,1.14,1.14,"[""Bet365""]","[""odds_api_io""]",1,,
soccer|mt gravatt hawks|yeronga eagles|2026-06-09,spreads|mt gravatt hawks|-0.25|away,spreads,MT Gravatt Hawks,-0.25,away,3.7,3.7,"[""Bet365""]","[""odds_api_io""]",1,,
soccer|mt gravatt hawks|yeronga eagles|2026-06-09,spreads|yeronga eagles fc|0.50|home,spreads,Yeronga Eagles FC,0.5,home,1.13,1.13,"[""Bet365""]","[""odds_api_io""]",1,,
soccer|mt gravatt hawks|yeronga eagles|2026-06-09,spreads|mt gravatt hawks|-0.50|away,spreads,MT Gravatt Hawks,-0.5,away,3.0,3.0,"[""Bet365""]","[""odds_api_io""]",1,,
soccer|england w|japan w|2026-06-09,h2h|england u20 w||home,h2h,England U20 W,,home,32.0,18.6664,"[""Bet365"", ""Unibet"", ""Betfair Exchange"", ""Sbobet""]","[""odds_api_io""]",4,6.399,
soccer|england w|japan w|2026-06-09,h2h|draw||,h2h,Draw,,,10.0,8.2959,"[""Bet365"", ""Unibet"", ""Betfair Exchange"", ""Sbobet""]","[""odds_api_io""]",4,5.152,
soccer|england w|japan w|2026-06-09,h2h|japan u20 w||away,h2h,Japan U20 W,,away,1.12,1.0977,"[""Bet365"", ""Unibet"", ""Betfair Exchange"", ""Sbobet""]","[""odds_api_io""]",4,4.085,
soccer|england w|japan w|2026-06-09,dnb|england u20 w|0.00|home,dnb,England U20 W,0.0,home,16.0,12.9801,"[""Bet365"", ""Unibet""]","[""odds_api_io""]",2,2.841,
soccer|england w|japan w|2026-06-09,dnb|japan u20 w|0.00|away,dnb,Japan U20 W,0.0,away,1.02,1.02,"[""Bet365"", ""Unibet""]","[""odds_api_io""]",2,,
soccer|england w|japan w|2026-06-09,spreads|england u20 w|2.50|home,spreads,England U20 W,2.5,home,1.925,1.925,"[""Bet365""]","[""odds_api_io""]",1,,
soccer|england w|japan w|2026-06-09,spreads|japan u20 w|-2.50|away,spreads,Japan U20 W,-2.5,away,1.875,1.875,"[""Bet365""]","[""odds_api_io""]",1,,
soccer|england w|japan w|2026-06-09,totals|over|3.25|,totals,Over,3.25,,1.95,1.9259,"[""Bet365"", ""Betfair Exchange"", ""Sbobet""]","[""odds_api_io""]",3,1.628,
soccer|england w|japan w|2026-06-09,totals|under|3.25|,totals,Under,3.25,,1.86,1.8103,"[""Bet365"", ""Betfair Exchange"", ""Sbobet""]","[""odds_api_io""]",3,4.04,
soccer|england w|japan w|2026-06-09,totals|over|2.50|,totals,Over,2.5,,1.444,1.442,"[""Bet365"", ""Unibet""]","[""odds_api_io""]",2,0.192,
soccer|england w|japan w|2026-06-09,totals|under|2.50|,totals,Under,2.5,,2.625,2.6127,"[""Bet365"", ""Unibet""]","[""odds_api_io""]",2,0.366,
soccer|england w|japan w|2026-06-09,doubleChance|1x||,doubleChance,1X,,,4.9,4.9,"[""Unibet""]","[""odds_api_io""]",1,,
soccer|england w|japan w|2026-06-09,doubleChance|12||,doubleChance,12,,,1.04,1.04,"[""Unibet""]","[""odds_api_io""]",1,,
soccer|england w|japan w|2026-06-09,doubleChance|x2||,doubleChance,X2,,,1.01,1.01,"[""Unibet""]","[""odds_api_io""]",1,,
soccer|england w|japan w|2026-06-09,totals|over|3.50|,totals,Over,3.5,,2.1,1.3443,"[""Unibet"", ""Betfair Exchange""]","[""odds_api_io""]",2,51.391,
soccer|england w|japan w|2026-06-09,totals|under|3.50|,totals,Under,3.5,,1.65,1.2405,"[""Unibet"", ""Betfair Exchange""]","[""odds_api_io""]",2,38.404,
soccer|england w|japan w|2026-06-09,totals|over|4.50|,totals,Over,4.5,,3.45,3.45,"[""Unibet""]","[""odds_api_io""]",1,,
soccer|england w|japan w|2026-06-09,totals|under|4.50|,totals,Under,4.5,,1.26,1.26,"[""Unibet""]","[""odds_api_io""]",1,,
soccer|england w|japan w|2026-06-09,totals|over|5.50|,totals,Over,5.5,,6.0,6.0,"[""Unibet""]","[""odds_api_io""]",1,,
soccer|england w|japan w|2026-06-09,totals|under|5.50|,totals,Under,5.5,,1.1,1.1,"[""Unibet""]","[""odds_api_io""]",1,,
soccer|england w|japan w|2026-06-09,btts|yes||,btts,Yes,,,3.0,2.7262,"[""Unibet"", ""Betfair Exchange""]","[""odds_api_io""]",2,6.989,
soccer|england w|japan w|2026-06-09,btts|no||,btts,No,,,1.45,1.4355,"[""Unibet"", ""Betfair Exchange""]","[""odds_api_io""]",2,1.457,
soccer|england w|japan w|2026-06-09,teamTotals|over|0.50|,teamTotals,Over,0.5,,2.38,2.38,"[""Unibet""]","[""odds_api_io""]",1,,
soccer|england w|japan w|2026-06-09,teamTotals|under|0.50|,teamTotals,Under,0.5,,1.45,1.45,"[""Unibet""]","[""odds_api_io""]",1,,
soccer|england w|japan w|2026-06-09,teamTotals|over|2.50|,teamTotals,Over,2.5,,1.63,1.63,"[""Unibet""]","[""odds_api_io""]",1,,
soccer|england w|japan w|2026-06-09,teamTotals|under|2.50|,teamTotals,Under,2.5,,2.0,2.0,"[""Unibet""]","[""odds_api_io""]",1,,
soccer|england w|japan w|2026-06-09,teamTotals|over|3.50|,teamTotals,Over,3.5,,2.6,2.6,"[""Unibet""]","[""odds_api_io""]",1,,
soccer|england w|japan w|2026-06-09,teamTotals|under|3.50|,teamTotals,Under,3.5,,1.38,1.38,"[""Unibet""]","[""odds_api_io""]",1,,
soccer|england w|japan w|2026-06-09,spreads|england u20 w|2.00|home,spreads,England U20 W,2.0,home,2.68,2.478,"[""Unibet"", ""Betfair Exchange""]","[""odds_api_io""]",3,7.131,
soccer|england w|japan w|2026-06-09,spreads|japan u20 w|-2.00|away,spreads,Japan U20 W,-2.0,away,2.04,1.7975,"[""Unibet"", ""Betfair Exchange""]","[""odds_api_io""]",3,14.675,
soccer|england w|japan w|2026-06-09,spreads|england u20 w|3.00|home,spreads,England U20 W,3.0,home,1.73,1.571,"[""Unibet"", ""Betfair Exchange""]","[""odds_api_io""]",3,13.119,
soccer|england w|japan w|2026-06-09,spreads|japan u20 w|-3.00|away,spreads,Japan U20 W,-3.0,away,3.5,3.0085,"[""Unibet"", ""Betfair Exchange""]","[""odds_api_io""]",3,8.193,
soccer|england w|japan w|2026-06-09,spreads|england u20 w|4.00|home,spreads,England U20 W,4.0,home,1.21,1.167,"[""Unibet"", ""Betfair Exchange""]","[""odds_api_io""]",2,5.851,
soccer|england w|japan w|2026-06-09,spreads|japan u20 w|-4.00|away,spreads,Japan U20 W,-4.0,away,5.9,5.4316,"[""Unibet"", ""Betfair Exchange""]","[""odds_api_io""]",2,3.051,
soccer|england w|japan w|2026-06-09,spreads|england u20 w|2.75|home,spreads,England U20 W,2.75,home,1.52,1.52,"[""Betfair Exchange""]","[""odds_api_io""]",1,,
soccer|england w|japan w|2026-06-09,spreads|japan u20 w|-2.75|away,spreads,Japan U20 W,-2.75,away,2.34,2.34,"[""Betfair Exchange""]","[""odds_api_io""]",1,,
soccer|england w|japan w|2026-06-09,spreads|england u20 w|3.25|home,spreads,England U20 W,3.25,home,1.32,1.32,"[""Betfair Exchange""]","[""odds_api_io""]",1,,
soccer|england w|japan w|2026-06-09,spreads|japan u20 w|-3.25|away,spreads,Japan U20 W,-3.25,away,3.02,3.02,"[""Betfair Exchange""]","[""odds_api_io""]",1,,
soccer|england w|japan w|2026-06-09,spreads|england u20 w|1.75|home,spreads,England U20 W,1.75,home,2.54,2.54,"[""Betfair Exchange""]","[""odds_api_io""]",1,,
soccer|england w|japan w|2026-06-09,spreads|japan u20 w|-1.75|away,spreads,Japan U20 W,-1.75,away,1.46,1.46,"[""Betfair Exchange""]","[""odds_api_io""]",1,,
soccer|england w|japan w|2026-06-09,spreads|england u20 w|3.75|home,spreads,England U20 W,3.75,home,1.2,1.2,"[""Betfair Exchange""]","[""odds_api_io""]",1,,
soccer|england w|japan w|2026-06-09,spreads|japan u20 w|-3.75|away,spreads,Japan U20 W,-3.75,away,4.16,4.16,"[""Betfair Exchange""]","[""odds_api_io""]",1,,
soccer|england w|japan w|2026-06-09,spreads|england u20 w|2.25|home,spreads,England U20 W,2.25,home,1.87,1.8546,"[""Betfair Exchange"", ""Sbobet""]","[""odds_api_io""]",2,0.872,
soccer|england w|japan w|2026-06-09,spreads|japan u20 w|-2.25|away,spreads,Japan U20 W,-2.25,away,1.95,1.8706,"[""Betfair Exchange"", ""Sbobet""]","[""odds_api_io""]",2,4.274,
soccer|england w|japan w|2026-06-09,spreads|england u20 w|1.25|home,spreads,England U20 W,1.25,home,3.44,3.44,"[""Betfair Exchange""]","[""odds_api_io""]",1,,
soccer|england w|japan w|2026-06-09,spreads|japan u20 w|-1.25|away,spreads,Japan U20 W,-1.25,away,1.26,1.26,"[""Betfair Exchange""]","[""odds_api_io""]",1,,
soccer|england w|japan w|2026-06-09,spreads|england u20 w|0.75|home,spreads,England U20 W,0.75,home,5.98,5.98,"[""Betfair Exchange""]","[""odds_api_io""]",1,,
soccer|england w|japan w|2026-06-09,spreads|japan u20 w|-0.75|away,spreads,Japan U20 W,-0.75,away,1.13,1.13,"[""Betfair Exchange""]","[""odds_api_io""]",1,,
soccer|england w|japan w|2026-06-09,spreads|england u20 w|1.00|home,spreads,England U20 W,1.0,home,5.35,5.35,"[""Betfair Exchange""]","[""odds_api_io""]",1,,
soccer|england w|japan w|2026-06-09,spreads|japan u20 w|-1.00|away,spreads,Japan U20 W,-1.0,away,1.15,1.15,"[""Betfair Exchange""]","[""odds_api_io""]",1,,
soccer|england w|japan w|2026-06-09,spreads|england u20 w|0.25|home,spreads,England U20 W,0.25,home,10.8,10.8,"[""Betfair Exchange""]","[""odds_api_io""]",1,,
soccer|england w|japan w|2026-06-09,spreads|japan u20 w|-0.25|away,spreads,Japan U20 W,-0.25,away,1.07,1.07,"[""Betfair Exchange""]","[""odds_api_io""]",1,,
soccer|england w|japan w|2026-06-09,totals|over|3.75|,totals,Over,3.75,,2.54,2.54,"[""Betfair Exchange""]","[""odds_api_io""]",1,,
soccer|england w|japan w|2026-06-09,totals|under|3.75|,totals,Under,3.75,,1.49,1.49,"[""Betfair Exchange""]","[""odds_api_io""]",1,,
soccer|england w|japan w|2026-06-09,totals|over|2.25|,totals,Over,2.25,,1.32,1.32,"[""Betfair Exchange""]","[""odds_api_io""]",1,,
soccer|england w|japan w|2026-06-09,totals|under|2.25|,totals,Under,2.25,,3.17,3.17,"[""Betfair Exchange""]","[""odds_api_io""]",1,,
soccer|england w|japan w|2026-06-09,totals|over|4.25|,totals,Over,4.25,,3.34,3.34,"[""Betfair Exchange""]","[""odds_api_io""]",1,,
soccer|england w|japan w|2026-06-09,totals|under|4.25|,totals,Under,4.25,,1.28,1.28,"[""Betfair Exchange""]","[""odds_api_io""]",1,,
soccer|england w|japan w|2026-06-09,totals|over|2.75|,totals,Over,2.75,,1.54,1.54,"[""Betfair Exchange""]","[""odds_api_io""]",1,,
soccer|england w|japan w|2026-06-09,totals|under|2.75|,totals,Under,2.75,,2.2,2.2,"[""Betfair Exchange""]","[""odds_api_io""]",1,,
soccer|england w|japan w|2026-06-09,totals|over|5.00|,totals,Over,5.0,,6.66,6.66,"[""Betfair Exchange""]","[""odds_api_io""]",1,,
soccer|england w|japan w|2026-06-09,totals|under|5.00|,totals,Under,5.0,,1.11,1.11,"[""Betfair Exchange""]","[""odds_api_io""]",1,,
soccer|england w|japan w|2026-06-09,totals|over|1.25|,totals,Over,1.25,,1.09,1.09,"[""Betfair Exchange""]","[""odds_api_io""]",1,,
soccer|england w|japan w|2026-06-09,totals|under|1.25|,totals,Under,1.25,,7.97,7.97,"[""Betfair Exchange""]","[""odds_api_io""]",1,,
soccer|england w|japan w|2026-06-09,totals|over|4.00|,totals,Over,4.0,,3.16,3.16,"[""Betfair Exchange""]","[""odds_api_io""]",1,,
soccer|england w|japan w|2026-06-09,totals|under|4.00|,totals,Under,4.0,,1.32,1.32,"[""Betfair Exchange""]","[""odds_api_io""]",1,,
soccer|england w|japan w|2026-06-09,totals|over|1.75|,totals,Over,1.75,,1.17,1.17,"[""Betfair Exchange""]","[""odds_api_io""]",1,,
soccer|england w|japan w|2026-06-09,totals|under|1.75|,totals,Under,1.75,,4.77,4.77,"[""Betfair Exchange""]","[""odds_api_io""]",1,,
soccer|england w|japan w|2026-06-09,totals|over|2.00|,totals,Over,2.0,,1.2,1.2,"[""Betfair Exchange""]","[""odds_api_io""]",1,,
soccer|england w|japan w|2026-06-09,totals|under|2.00|,totals,Under,2.0,,4.27,4.27,"[""Betfair Exchange""]","[""odds_api_io""]",1,,
soccer|england w|japan w|2026-06-09,totals|over|4.75|,totals,Over,4.75,,4.63,4.63,"[""Betfair Exchange""]","[""odds_api_io""]",1,,
soccer|england w|japan w|2026-06-09,totals|under|4.75|,totals,Under,4.75,,1.18,1.18,"[""Betfair Exchange""]","[""odds_api_io""]",1,,
soccer|england w|japan w|2026-06-09,totals|over|6.00|,totals,Over,6.0,,1.01,1.01,"[""Betfair Exchange""]","[""odds_api_io""]",1,,
soccer|england w|japan w|2026-06-09,totals|under|6.00|,totals,Under,6.0,,1.05,1.05,"[""Betfair Exchange""]","[""odds_api_io""]",1,,
soccer|england w|japan w|2026-06-09,totals|over|5.75|,totals,Over,5.75,,8.66,8.66,"[""Betfair Exchange""]","[""odds_api_io""]",1,,
soccer|england w|japan w|2026-06-09,totals|under|5.75|,totals,Under,5.75,,1.07,1.07,"[""Betfair Exchange""]","[""odds_api_io""]",1,,
soccer|england w|japan w|2026-06-09,totals|over|3.00|,totals,Over,3.0,,1.68,1.68,"[""Betfair Exchange""]","[""odds_api_io""]",1,,
soccer|england w|japan w|2026-06-09,totals|under|3.00|,totals,Under,3.0,,1.95,1.95,"[""Betfair Exchange""]","[""odds_api_io""]",1,,
soccer|england w|japan w|2026-06-09,totals|over|5.25|,totals,Over,5.25,,7.12,7.12,"[""Betfair Exchange""]","[""odds_api_io""]",1,,
soccer|england w|japan w|2026-06-09,totals|under|5.25|,totals,Under,5.25,,1.1,1.1,"[""Betfair Exchange""]","[""odds_api_io""]",1,,
soccer|samford rangers|virginia united|2026-06-09,h2h|virginia united||home,h2h,Virginia United,,home,1.444,1.444,"[""Bet365""]","[""odds_api_io""]",1,,
soccer|samford rangers|virginia united|2026-06-09,h2h|draw||,h2h,Draw,,,4.75,4.75,"[""Bet365""]","[""odds_api_io""]",1,,
soccer|samford rangers|virginia united|2026-06-09,h2h|samford rangers||away,h2h,Samford Rangers,,away,4.75,4.75,"[""Bet365""]","[""odds_api_io""]",1,,
soccer|samford rangers|virginia united|2026-06-09,dnb|virginia united|0.00|home,dnb,Virginia United,0.0,home,1.2,1.2,"[""Bet365""]","[""odds_api_io""]",1,,
soccer|samford rangers|virginia united|2026-06-09,dnb|samford rangers|0.00|away,dnb,Samford Rangers,0.0,away,4.333,4.333,"[""Bet365""]","[""odds_api_io""]",1,,
soccer|samford rangers|virginia united|2026-06-09,spreads|virginia united|-1.25|home,spreads,Virginia United,-1.25,home,1.85,1.85,"[""Bet365""]","[""odds_api_io""]",1,,
soccer|samford rangers|virginia united|2026-06-09,spreads|samford rangers|1.25|away,spreads,Samford Rangers,1.25,away,1.95,1.95,"[""Bet365""]","[""odds_api_io""]",1,,
soccer|samford rangers|virginia united|2026-06-09,totals|over|3.75|,totals,Over,3.75,,1.925,1.925,"[""Bet365""]","[""odds_api_io""]",1,,
soccer|samford rangers|virginia united|2026-06-09,totals|under|3.75|,totals,Under,3.75,,1.875,1.875,"[""Bet365""]","[""odds_api_io""]",1,,
soccer|samford rangers|virginia united|2026-06-09,totals|over|2.50|,totals,Over,2.5,,1.3,1.3,"[""Bet365""]","[""odds_api_io""]",1,,
soccer|samford rangers|virginia united|2026-06-09,totals|under|2.50|,totals,Under,2.5,,3.4,3.4,"[""Bet365""]","[""odds_api_io""]",1,,
soccer|samford rangers|virginia united|2026-06-09,spreads|virginia united|-3.25|home,spreads,Virginia United,-3.25,home,5.25,5.25,"[""Bet365""]","[""odds_api_io""]",1,,
soccer|samford rangers|virginia united|2026-06-09,spreads|samford rangers|3.25|away,spreads,Samford Rangers,3.25,away,1.16,1.16,"[""Bet365""]","[""odds_api_io""]",1,,
soccer|samford rangers|virginia united|2026-06-09,spreads|virginia united|-3.00|home,spreads,Virginia United,-3.0,home,4.65,4.65,"[""Bet365""]","[""odds_api_io""]",1,,
soccer|samford rangers|virginia united|2026-06-09,spreads|samford rangers|3.00|away,spreads,Samford Rangers,3.0,away,1.18,1.18,"[""Bet365""]","[""odds_api_io""]",1,,
soccer|samford rangers|virginia united|2026-06-09,spreads|virginia united|-2.75|home,spreads,Virginia United,-2.75,home,3.7,3.7,"[""Bet365""]","[""odds_api_io""]",1,,
soccer|samford rangers|virginia united|2026-06-09,spreads|samford rangers|2.75|away,spreads,Samford Rangers,2.75,away,1.26,1.26,"[""Bet365""]","[""odds_api_io""]",1,,
soccer|samford rangers|virginia united|2026-06-09,spreads|virginia united|-2.50|home,spreads,Virginia United,-2.5,home,3.1,3.1,"[""Bet365""]","[""odds_api_io""]",1,,
soccer|samford rangers|virginia united|2026-06-09,spreads|samford rangers|2.50|away,spreads,Samford Rangers,2.5,away,1.35,1.35,"[""Bet365""]","[""odds_api_io""]",1,,
soccer|samford rangers|virginia united|2026-06-09,spreads|virginia united|-2.25|home,spreads,Virginia United,-2.25,home,2.85,2.85,"[""Bet365""]","[""odds_api_io""]",1,,
soccer|samford rangers|virginia united|2026-06-09,spreads|samford rangers|2.25|away,spreads,Samford Rangers,2.25,away,1.4,1.4,"[""Bet365""]","[""odds_api_io""]",1,,
soccer|samford rangers|virginia united|2026-06-09,spreads|virginia united|-2.00|home,spreads,Virginia United,-2.0,home,2.6,2.6,"[""Bet365""]","[""odds_api_io""]",1,,
soccer|samford rangers|virginia united|2026-06-09,spreads|samford rangers|2.00|away,spreads,Samford Rangers,2.0,away,1.475,1.475,"[""Bet365""]","[""odds_api_io""]",1,,
soccer|samford rangers|virginia united|2026-06-09,spreads|virginia united|-1.75|home,spreads,Virginia United,-1.75,home,2.3,2.3,"[""Bet365""]","[""odds_api_io""]",1,,
soccer|samford rangers|virginia united|2026-06-09,spreads|samford rangers|1.75|away,spreads,Samford Rangers,1.75,away,1.6,1.6,"[""Bet365""]","[""odds_api_io""]",1,,
soccer|samford rangers|virginia united|2026-06-09,spreads|virginia united|-1.50|home,spreads,Virginia United,-1.5,home,2.05,2.05,"[""Bet365""]","[""odds_api_io""]",1,,
soccer|samford rangers|virginia united|2026-06-09,spreads|samford rangers|1.50|away,spreads,Samford Rangers,1.5,away,1.75,1.75,"[""Bet365""]","[""odds_api_io""]",1,,
soccer|samford rangers|virginia united|2026-06-09,spreads|virginia united|-1.00|home,spreads,Virginia United,-1.0,home,1.65,1.65,"[""Bet365""]","[""odds_api_io""]",1,,
soccer|samford rangers|virginia united|2026-06-09,spreads|samford rangers|1.00|away,spreads,Samford Rangers,1.0,away,2.2,2.2,"[""Bet365""]","[""odds_api_io""]",1,,
soccer|samford rangers|virginia united|2026-06-09,spreads|virginia united|-0.75|home,spreads,Virginia United,-0.75,home,1.55,1.55,"[""Bet365""]","[""odds_api_io""]",1,,
soccer|samford rangers|virginia united|2026-06-09,spreads|samford rangers|0.75|away,spreads,Samford Rangers,0.75,away,6.4,6.4,"[""Bet365""]","[""odds_api_io""]",1,,
soccer|samford rangers|virginia united|2026-06-09,spreads|virginia united|-0.50|home,spreads,Virginia United,-0.5,home,1.45,1.45,"[""Bet365""]","[""odds_api_io""]",1,,
soccer|samford rangers|virginia united|2026-06-09,spreads|samford rangers|0.50|away,spreads,Samford Rangers,0.5,away,5.0,5.0,"[""Bet365""]","[""odds_api_io""]",1,,
soccer|samford rangers|virginia united|2026-06-09,spreads|virginia united|-0.25|home,spreads,Virginia United,-0.25,home,1.35,1.35,"[""Bet365""]","[""odds_api_io""]",1,,
soccer|samford rangers|virginia united|2026-06-09,spreads|samford rangers|0.25|away,spreads,Samford Rangers,0.25,away,4.5,4.5,"[""Bet365""]","[""odds_api_io""]",1,,
soccer|samford rangers|virginia united|2026-06-09,spreads|virginia united|0.00|home,spreads,Virginia United,0.0,home,1.22,1.22,"[""Bet365""]","[""odds_api_io""]",1,,
soccer|samford rangers|virginia united|2026-06-09,spreads|samford rangers|-0.00|away,spreads,Samford Rangers,-0.0,away,4.15,4.15,"[""Bet365""]","[""odds_api_io""]",1,,
soccer|samford rangers|virginia united|2026-06-09,spreads|virginia united|0.25|home,spreads,Virginia United,0.25,home,1.19,1.19,"[""Bet365""]","[""odds_api_io""]",1,,
soccer|samford rangers|virginia united|2026-06-09,spreads|samford rangers|-0.25|away,spreads,Samford Rangers,-0.25,away,3.1,3.1,"[""Bet365""]","[""odds_api_io""]",1,,
soccer|samford rangers|virginia united|2026-06-09,spreads|virginia united|0.50|home,spreads,Virginia United,0.5,home,1.17,1.17,"[""Bet365""]","[""odds_api_io""]",1,,
soccer|samford rangers|virginia united|2026-06-09,spreads|samford rangers|-0.50|away,spreads,Samford Rangers,-0.5,away,2.675,2.675,"[""Bet365""]","[""odds_api_io""]",1,,
soccer|samford rangers|virginia united|2026-06-09,spreads|virginia united|0.75|home,spreads,Virginia United,0.75,home,1.115,1.115,"[""Bet365""]","[""odds_api_io""]",1,,
soccer|samford rangers|virginia united|2026-06-09,spreads|samford rangers|-0.75|away,spreads,Samford Rangers,-0.75,away,2.375,2.375,"[""Bet365""]","[""odds_api_io""]",1,,
soccer|myanmar|philippines|2026-06-09,h2h|philippines||home,h2h,Philippines,,home,1.58,1.5209,"[""Bet365"", ""Unibet"", ""Betfair Exchange""]","[""odds_api_io""]",3,5.674,
soccer|myanmar|philippines|2026-06-09,h2h|draw||,h2h,Draw,,,4.4,4.1653,"[""Bet365"", ""Unibet"", ""Betfair Exchange""]","[""odds_api_io""]",3,2.273,
soccer|myanmar|philippines|2026-06-09,h2h|myanmar||away,h2h,Myanmar,,away,6.6,5.8409,"[""Bet365"", ""Unibet"", ""Betfair Exchange""]","[""odds_api_io""]",3,3.896,
soccer|myanmar|philippines|2026-06-09,dnb|philippines|0.00|home,dnb,Philippines,0.0,home,1.22,1.1868,"[""Bet365"", ""Unibet"", ""Betfair Exchange""]","[""odds_api_io""]",3,5.752,
soccer|myanmar|philippines|2026-06-09,dnb|myanmar|0.00|away,dnb,Myanmar,0.0,away,5.1,4.5232,"[""Bet365"", ""Unibet"", ""Betfair Exchange""]","[""odds_api_io""]",3,4.202,
soccer|myanmar|philippines|2026-06-09,spreads|philippines|-1.00|home,spreads,Philippines,-1.0,home,2.56,2.1555,"[""Bet365"", ""Unibet"", ""Betfair Exchange""]","[""odds_api_io""]",5,13.569,
soccer|myanmar|philippines|2026-06-09,spreads|myanmar|1.00|away,spreads,Myanmar,1.0,away,2.66,2.1504,"[""Bet365"", ""Unibet"", ""Betfair Exchange""]","[""odds_api_io""]",4,15.038,
soccer|myanmar|philippines|2026-06-09,totals|over|2.50|,totals,Over,2.5,,1.8,1.777,"[""Bet365"", ""Unibet"", ""Betfair Exchange""]","[""odds_api_io""]",3,1.916,
soccer|myanmar|philippines|2026-06-09,totals|under|2.50|,totals,Under,2.5,,2.12,2.0092,"[""Bet365"", ""Unibet"", ""Betfair Exchange""]","[""odds_api_io""]",3,5.186,
soccer|myanmar|philippines|2026-06-09,btts|yes||,btts,Yes,,,1.9,1.8708,"[""Bet365"", ""Unibet"", ""Betfair Exchange""]","[""odds_api_io""]",3,1.924,
soccer|myanmar|philippines|2026-06-09,btts|no||,btts,No,,,2.02,1.8824,"[""Bet365"", ""Unibet"", ""Betfair Exchange""]","[""odds_api_io""]",3,6.051,
soccer|myanmar|philippines|2026-06-09,spreads|myanmar|-1.00|away,spreads,Myanmar,-1.0,away,17.5,5.6384,"[""Bet365"", ""Betfair Exchange""]","[""odds_api_io""]",3,36.391,
soccer|myanmar|philippines|2026-06-09,spreads|philippines|-3.00|home,spreads,Philippines,-3.0,home,11.5,10.5475,"[""Bet365"", ""Betfair Exchange""]","[""odds_api_io""]",3,1.304,
soccer|myanmar|philippines|2026-06-09,teamTotals|over|3.50|,teamTotals,Over,3.5,,41.0,11.2211,"[""Bet365""]","[""odds_api_io""]",2,12.946,
soccer|myanmar|philippines|2026-06-09,teamTotals|under|3.50|,teamTotals,Under,3.5,,1.111,1.0548,"[""Bet365""]","[""odds_api_io""]",2,9.593,
soccer|myanmar|philippines|2026-06-09,teamTotals|over|0.50|,teamTotals,Over,0.5,,1.63,1.4111,"[""Bet365"", ""Unibet""]","[""odds_api_io""]",3,27.539,
soccer|myanmar|philippines|2026-06-09,teamTotals|under|0.50|,teamTotals,Under,0.5,,6.0,2.6899,"[""Bet365"", ""Unibet""]","[""odds_api_io""]",3,33.333,
soccer|myanmar|philippines|2026-06-09,teamTotals|over|1.50|,teamTotals,Over,1.5,,4.0,1.9897,"[""Bet365"", ""Unibet""]","[""odds_api_io""]",3,39.516,
soccer|myanmar|philippines|2026-06-09,teamTotals|under|1.50|,teamTotals,Under,1.5,,2.2,1.7208,"[""Bet365"", ""Unibet""]","[""odds_api_io""]",3,36.379,
soccer|myanmar|philippines|2026-06-09,teamTotals|over|2.50|,teamTotals,Over,2.5,,13.0,4.875,"[""Bet365""]","[""odds_api_io""]",2,25.641,
soccer|myanmar|philippines|2026-06-09,teamTotals|under|2.50|,teamTotals,Under,2.5,,1.363,1.1798,"[""Bet365""]","[""odds_api_io""]",2,22.786,
soccer|myanmar|philippines|2026-06-09,spreads|philippines|-0.75|home,spreads,Philippines,-0.75,home,1.71,1.6926,"[""Bet365"", ""Betfair Exchange""]","[""odds_api_io""]",2,1.222,
soccer|myanmar|philippines|2026-06-09,spreads|myanmar|0.75|away,spreads,Myanmar,0.75,away,2.28,2.2143,"[""Bet365"", ""Betfair Exchange""]","[""odds_api_io""]",2,2.652,
soccer|myanmar|philippines|2026-06-09,spreads|philippines|-0.25|home,spreads,Philippines,-0.25,home,1.4,1.3876,"[""Bet365"", ""Betfair Exchange""]","[""odds_api_io""]",2,1.299,
soccer|myanmar|philippines|2026-06-09,spreads|myanmar|0.25|away,spreads,Myanmar,0.25,away,4.65,3.8965,"[""Bet365"", ""Betfair Exchange""]","[""odds_api_io""]",2,8.168,
soccer|myanmar|philippines|2026-06-09,spreads|philippines|0.25|home,spreads,Philippines,0.25,home,1.18,1.18,"[""Bet365"", ""Betfair Exchange""]","[""odds_api_io""]",2,,
soccer|myanmar|philippines|2026-06-09,spreads|myanmar|-0.25|away,spreads,Myanmar,-0.25,away,5.86,3.9918,"[""Bet365"", ""Betfair Exchange""]","[""odds_api_io""]",2,16.268,
soccer|myanmar|philippines|2026-06-09,spreads|philippines|-0.50|home,spreads,Philippines,-0.5,home,1.58,1.5525,"[""Bet365"", ""Betfair Exchange""]","[""odds_api_io""]",2,2.283,
soccer|myanmar|philippines|2026-06-09,spreads|myanmar|0.50|away,spreads,Myanmar,0.5,away,5.25,3.5101,"[""Bet365"", ""Betfair Exchange""]","[""odds_api_io""]",2,18.546,
soccer|myanmar|philippines|2026-06-09,spreads|philippines|0.00|home,spreads,Philippines,0.0,home,1.22,1.22,"[""Bet365"", ""Betfair Exchange""]","[""odds_api_io""]",2,,
soccer|myanmar|philippines|2026-06-09,spreads|myanmar|-0.00|away,spreads,Myanmar,-0.0,away,5.12,4.593,"[""Bet365"", ""Betfair Exchange""]","[""odds_api_io""]",2,4.565,
soccer|myanmar|philippines|2026-06-09,spreads|philippines|0.50|home,spreads,Philippines,0.5,home,1.16,1.16,"[""Bet365"", ""Betfair Exchange""]","[""odds_api_io""]",2,,
soccer|myanmar|philippines|2026-06-09,spreads|myanmar|-0.50|away,spreads,Myanmar,-0.5,away,6.6,3.5769,"[""Bet365"", ""Betfair Exchange""]","[""odds_api_io""]",2,26.086,
soccer|myanmar|philippines|2026-06-09,spreads|philippines|-2.75|home,spreads,Philippines,-2.75,home,6.68,6.4618,"[""Bet365"", ""Betfair Exchange""]","[""odds_api_io""]",2,1.03,
soccer|myanmar|philippines|2026-06-09,spreads|myanmar|2.75|away,spreads,Myanmar,2.75,away,1.13,1.1251,"[""Bet365"", ""Betfair Exchange""]","[""odds_api_io""]",2,0.79,
soccer|myanmar|philippines|2026-06-09,spreads|philippines|-2.50|home,spreads,Philippines,-2.5,home,5.1,4.8687,"[""Bet365"", ""Betfair Exchange""]","[""odds_api_io""]",2,1.898,
soccer|myanmar|philippines|2026-06-09,spreads|myanmar|2.50|away,spreads,Myanmar,2.5,away,1.18,1.18,"[""Bet365"", ""Betfair Exchange""]","[""odds_api_io""]",2,,
soccer|myanmar|philippines|2026-06-09,spreads|philippines|-2.25|home,spreads,Philippines,-2.25,home,4.63,4.4353,"[""Bet365"", ""Betfair Exchange""]","[""odds_api_io""]",2,1.931,
soccer|myanmar|philippines|2026-06-09,spreads|myanmar|2.25|away,spreads,Myanmar,2.25,away,1.21,1.21,"[""Bet365"", ""Betfair Exchange""]","[""odds_api_io""]",2,,
soccer|myanmar|philippines|2026-06-09,spreads|philippines|-2.00|home,spreads,Philippines,-2.0,home,5.1,4.1836,"[""Bet365"", ""Unibet"", ""Betfair Exchange""]","[""odds_api_io""]",4,7.059,
soccer|myanmar|philippines|2026-06-09,spreads|myanmar|2.00|away,spreads,Myanmar,2.0,away,1.51,1.3463,"[""Bet365"", ""Unibet"", ""Betfair Exchange""]","[""odds_api_io""]",4,14.42,
soccer|myanmar|philippines|2026-06-09,spreads|philippines|-1.75|home,spreads,Philippines,-1.75,home,3.17,3.0842,"[""Bet365"", ""Betfair Exchange""]","[""odds_api_io""]",2,1.788,
soccer|myanmar|philippines|2026-06-09,spreads|myanmar|1.75|away,spreads,Myanmar,1.75,away,1.375,1.3724,"[""Bet365"", ""Betfair Exchange""]","[""odds_api_io""]",2,0.265,
soccer|myanmar|philippines|2026-06-09,spreads|philippines|-1.50|home,spreads,Philippines,-1.5,home,2.56,2.4919,"[""Bet365"", ""Betfair Exchange""]","[""odds_api_io""]",2,2.175,
soccer|myanmar|philippines|2026-06-09,spreads|myanmar|1.50|away,spreads,Myanmar,1.5,away,1.525,1.5173,"[""Bet365"", ""Betfair Exchange""]","[""odds_api_io""]",2,0.651,
soccer|myanmar|philippines|2026-06-09,spreads|philippines|-1.25|home,spreads,Philippines,-1.25,home,2.25,2.2252,"[""Bet365"", ""Betfair Exchange""]","[""odds_api_io""]",2,1.01,
soccer|myanmar|philippines|2026-06-09,spreads|myanmar|1.25|away,spreads,Myanmar,1.25,away,1.65,1.65,"[""Bet365"", ""Betfair Exchange""]","[""odds_api_io""]",2,,
soccer|myanmar|philippines|2026-06-09,teamTotals|over|4.50|,teamTotals,Over,4.5,,15.0,15.0,"[""Bet365""]","[""odds_api_io""]",1,,
soccer|myanmar|philippines|2026-06-09,teamTotals|under|4.50|,teamTotals,Under,4.5,,1.03,1.03,"[""Bet365""]","[""odds_api_io""]",1,,
soccer|myanmar|philippines|2026-06-09,teamTotals|over|5.50|,teamTotals,Over,5.5,,34.0,34.0,"[""Bet365""]","[""odds_api_io""]",1,,
soccer|myanmar|philippines|2026-06-09,teamTotals|under|5.50|,teamTotals,Under,5.5,,1.005,1.005,"[""Bet365""]","[""odds_api_io""]",1,,
soccer|myanmar|philippines|2026-06-09,doubleChance|1x||,doubleChance,1X,,,1.16,1.1151,"[""Unibet"", ""Betfair Exchange""]","[""odds_api_io""]",2,7.251,
soccer|myanmar|philippines|2026-06-09,doubleChance|12||,doubleChance,12,,,1.28,1.2142,"[""Unibet"", ""Betfair Exchange""]","[""odds_api_io""]",2,8.832,
soccer|myanmar|philippines|2026-06-09,doubleChance|x2||,doubleChance,X2,,,2.66,2.4855,"[""Unibet"", ""Betfair Exchange""]","[""odds_api_io""]",2,5.509,
soccer|myanmar|philippines|2026-06-09,totals|over|3.50|,totals,Over,3.5,,3.05,2.9661,"[""Unibet"", ""Betfair Exchange""]","[""odds_api_io""]",2,1.935,
soccer|myanmar|philippines|2026-06-09,totals|under|3.50|,totals,Under,3.5,,1.42,1.3754,"[""Unibet"", ""Betfair Exchange""]","[""odds_api_io""]",2,4.765,
soccer|myanmar|philippines|2026-06-09,totals|over|1.50|,totals,Over,1.5,,1.27,1.2505,"[""Unibet"", ""Betfair Exchange""]","[""odds_api_io""]",2,2.561,
soccer|myanmar|philippines|2026-06-09,totals|under|1.50|,totals,Under,1.5,,4.1,3.8167,"[""Unibet"", ""Betfair Exchange""]","[""odds_api_io""]",2,3.779,
soccer|myanmar|philippines|2026-06-09,totals|over|4.50|,totals,Over,4.5,,6.0,5.5323,"[""Unibet"", ""Betfair Exchange""]","[""odds_api_io""]",2,2.941,
soccer|myanmar|philippines|2026-06-09,totals|under|4.50|,totals,Under,4.5,,1.15,1.1305,"[""Unibet"", ""Betfair Exchange""]","[""odds_api_io""]",2,3.134,
soccer|myanmar|philippines|2026-06-09,spreads|philippines|0.75|home,spreads,Philippines,0.75,home,1.1,1.1,"[""Betfair Exchange""]","[""odds_api_io""]",1,,
soccer|myanmar|philippines|2026-06-09,spreads|myanmar|-0.75|away,spreads,Myanmar,-0.75,away,9.15,9.15,"[""Betfair Exchange""]","[""odds_api_io""]",1,,
soccer|myanmar|philippines|2026-06-09,spreads|philippines|1.75|home,spreads,Philippines,1.75,home,1.02,1.02,"[""Betfair Exchange""]","[""odds_api_io""]",1,,
soccer|myanmar|philippines|2026-06-09,spreads|myanmar|-1.75|away,spreads,Myanmar,-1.75,away,26.88,26.88,"[""Betfair Exchange""]","[""odds_api_io""]",1,,
soccer|myanmar|philippines|2026-06-09,spreads|myanmar|3.00|away,spreads,Myanmar,3.0,away,1.18,1.1223,"[""Betfair Exchange""]","[""odds_api_io""]",2,8.712,
soccer|myanmar|philippines|2026-06-09,spreads|philippines|-3.25|home,spreads,Philippines,-3.25,home,10.87,10.87,"[""Betfair Exchange""]","[""odds_api_io""]",1,,
soccer|myanmar|philippines|2026-06-09,spreads|myanmar|3.25|away,spreads,Myanmar,3.25,away,1.07,1.07,"[""Betfair Exchange""]","[""odds_api_io""]",1,,
soccer|myanmar|philippines|2026-06-09,spreads|philippines|-3.75|home,spreads,Philippines,-3.75,home,11.5,11.5,"[""Betfair Exchange""]","[""odds_api_io""]",1,,
soccer|myanmar|philippines|2026-06-09,spreads|myanmar|3.75|away,spreads,Myanmar,3.75,away,1.04,1.04,"[""Betfair Exchange""]","[""odds_api_io""]",1,,
soccer|myanmar|philippines|2026-06-09,spreads|philippines|-3.50|home,spreads,Philippines,-3.5,home,11.5,11.5,"[""Betfair Exchange""]","[""odds_api_io""]",1,,
soccer|myanmar|philippines|2026-06-09,spreads|myanmar|3.50|away,spreads,Myanmar,3.5,away,1.06,1.06,"[""Betfair Exchange""]","[""odds_api_io""]",1,,
soccer|myanmar|philippines|2026-06-09,spreads|philippines|1.00|home,spreads,Philippines,1.0,home,1.16,1.0967,"[""Betfair Exchange""]","[""odds_api_io""]",2,9.947,
soccer|myanmar|philippines|2026-06-09,spreads|philippines|1.50|home,spreads,Philippines,1.5,home,1.04,1.04,"[""Betfair Exchange""]","[""odds_api_io""]",1,,
soccer|myanmar|philippines|2026-06-09,spreads|myanmar|-1.50|away,spreads,Myanmar,-1.5,away,17.66,17.66,"[""Betfair Exchange""]","[""odds_api_io""]",1,,
soccer|myanmar|philippines|2026-06-09,spreads|philippines|1.25|home,spreads,Philippines,1.25,home,1.04,1.04,"[""Betfair Exchange""]","[""odds_api_io""]",1,,
soccer|myanmar|philippines|2026-06-09,spreads|myanmar|-1.25|away,spreads,Myanmar,-1.25,away,16.82,16.82,"[""Betfair Exchange""]","[""odds_api_io""]",1,,
soccer|myanmar|philippines|2026-06-09,totals|over|2.25|,totals,Over,2.25,,1.59,1.59,"[""Betfair Exchange""]","[""odds_api_io""]",1,,
soccer|myanmar|philippines|2026-06-09,totals|under|2.25|,totals,Under,2.25,,2.44,2.44,"[""Betfair Exchange""]","[""odds_api_io""]",1,,
soccer|myanmar|philippines|2026-06-09,totals|over|2.75|,totals,Over,2.75,,2.0,2.0,"[""Betfair Exchange""]","[""odds_api_io""]",1,,
soccer|myanmar|philippines|2026-06-09,totals|under|2.75|,totals,Under,2.75,,1.77,1.77,"[""Betfair Exchange""]","[""odds_api_io""]",1,,
soccer|myanmar|philippines|2026-06-09,totals|over|3.25|,totals,Over,3.25,,2.72,2.72,"[""Betfair Exchange""]","[""odds_api_io""]",1,,
soccer|myanmar|philippines|2026-06-09,totals|under|3.25|,totals,Under,3.25,,1.5,1.5,"[""Betfair Exchange""]","[""odds_api_io""]",1,,
soccer|myanmar|philippines|2026-06-09,totals|over|3.00|,totals,Over,3.0,,2.35,2.35,"[""Betfair Exchange""]","[""odds_api_io""]",1,,
soccer|myanmar|philippines|2026-06-09,totals|under|3.00|,totals,Under,3.0,,1.61,1.61,"[""Betfair Exchange""]","[""odds_api_io""]",1,,
soccer|myanmar|philippines|2026-06-09,totals|over|5.25|,totals,Over,5.25,,13.38,13.38,"[""Betfair Exchange""]","[""odds_api_io""]",1,,
soccer|myanmar|philippines|2026-06-09,totals|under|5.25|,totals,Under,5.25,,1.06,1.06,"[""Betfair Exchange""]","[""odds_api_io""]",1,,
soccer|myanmar|philippines|2026-06-09,totals|over|5.00|,totals,Over,5.0,,12.76,12.76,"[""Betfair Exchange""]","[""odds_api_io""]",1,,
soccer|myanmar|philippines|2026-06-09,totals|under|5.00|,totals,Under,5.0,,1.06,1.06,"[""Betfair Exchange""]","[""odds_api_io""]",1,,
soccer|myanmar|philippines|2026-06-09,totals|over|4.25|,totals,Over,4.25,,5.51,5.51,"[""Betfair Exchange""]","[""odds_api_io""]",1,,
soccer|myanmar|philippines|2026-06-09,totals|under|4.25|,totals,Under,4.25,,1.16,1.16,"[""Betfair Exchange""]","[""odds_api_io""]",1,,
soccer|myanmar|philippines|2026-06-09,totals|over|1.75|,totals,Over,1.75,,1.32,1.32,"[""Betfair Exchange""]","[""odds_api_io""]",1,,
soccer|myanmar|philippines|2026-06-09,totals|under|1.75|,totals,Under,1.75,,3.4,3.4,"[""Betfair Exchange""]","[""odds_api_io""]",1,,
soccer|myanmar|philippines|2026-06-09,totals|over|2.00|,totals,Over,2.0,,1.39,1.39,"[""Betfair Exchange""]","[""odds_api_io""]",1,,
soccer|myanmar|philippines|2026-06-09,totals|under|2.00|,totals,Under,2.0,,3.04,3.04,"[""Betfair Exchange""]","[""odds_api_io""]",1,,
soccer|myanmar|philippines|2026-06-09,totals|over|3.75|,totals,Over,3.75,,3.75,3.75,"[""Betfair Exchange""]","[""odds_api_io""]",1,,
soccer|myanmar|philippines|2026-06-09,totals|under|3.75|,totals,Under,3.75,,1.27,1.27,"[""Betfair Exchange""]","[""odds_api_io""]",1,,
soccer|myanmar|philippines|2026-06-09,totals|over|5.50|,totals,Over,5.5,,14.0,14.0,"[""Betfair Exchange""]","[""odds_api_io""]",1,,
soccer|myanmar|philippines|2026-06-09,totals|under|5.50|,totals,Under,5.5,,1.05,1.05,"[""Betfair Exchange""]","[""odds_api_io""]",1,,
soccer|myanmar|philippines|2026-06-09,totals|over|4.75|,totals,Over,4.75,,8.27,8.27,"[""Betfair Exchange""]","[""odds_api_io""]",1,,
soccer|myanmar|philippines|2026-06-09,totals|under|4.75|,totals,Under,4.75,,1.1,1.1,"[""Betfair Exchange""]","[""odds_api_io""]",1,,
soccer|myanmar|philippines|2026-06-09,totals|over|4.00|,totals,Over,4.0,,5.2,5.2,"[""Betfair Exchange""]","[""odds_api_io""]",1,,
soccer|myanmar|philippines|2026-06-09,totals|under|4.00|,totals,Under,4.0,,1.18,1.18,"[""Betfair Exchange""]","[""odds_api_io""]",1,,
soccer|myanmar|philippines|2026-06-09,totals|over|1.25|,totals,Over,1.25,,1.17,1.17,"[""Betfair Exchange""]","[""odds_api_io""]",1,,
soccer|myanmar|philippines|2026-06-09,totals|under|1.25|,totals,Under,1.25,,5.8,5.8,"[""Betfair Exchange""]","[""odds_api_io""]",1,,
soccer|myanmar|philippines|2026-06-09,totals|over|1.00|,totals,Over,1.0,,1.07,1.07,"[""Betfair Exchange""]","[""odds_api_io""]",1,,
soccer|myanmar|philippines|2026-06-09,totals|under|1.00|,totals,Under,1.0,,11.7,11.7,"[""Betfair Exchange""]","[""odds_api_io""]",1,,
soccer|myanmar|philippines|2026-06-09,totals|over|0.50|,totals,Over,0.5,,1.06,1.06,"[""Betfair Exchange""]","[""odds_api_io""]",1,,
soccer|myanmar|philippines|2026-06-09,totals|under|0.50|,totals,Under,0.5,,15.5,15.5,"[""Betfair Exchange""]","[""odds_api_io""]",1,,
soccer|myanmar|philippines|2026-06-09,totals|over|6.25|,totals,Over,6.25,,31.35,31.35,"[""Betfair Exchange""]","[""odds_api_io""]",1,,
soccer|myanmar|philippines|2026-06-09,totals|under|6.25|,totals,Under,6.25,,1.01,1.01,"[""Betfair Exchange""]","[""odds_api_io""]",1,,
soccer|myanmar|philippines|2026-06-09,totals|over|6.50|,totals,Over,6.5,,32.0,32.0,"[""Betfair Exchange""]","[""odds_api_io""]",1,,
soccer|myanmar|philippines|2026-06-09,totals|under|6.50|,totals,Under,6.5,,1.01,1.01,"[""Betfair Exchange""]","[""odds_api_io""]",1,,
soccer|myanmar|philippines|2026-06-09,totals|over|5.75|,totals,Over,5.75,,19.08,19.08,"[""Betfair Exchange""]","[""odds_api_io""]",1,,
soccer|myanmar|philippines|2026-06-09,totals|under|5.75|,totals,Under,5.75,,1.01,1.01,"[""Betfair Exchange""]","[""odds_api_io""]",1,,
soccer|myanmar|philippines|2026-06-09,totals|over|6.00|,totals,Over,6.0,,30.71,30.71,"[""Betfair Exchange""]","[""odds_api_io""]",1,,
soccer|myanmar|philippines|2026-06-09,totals|under|6.00|,totals,Under,6.0,,1.01,1.01,"[""Betfair Exchange""]","[""odds_api_io""]",1,,
soccer|myanmar|philippines|2026-06-09,totals|over|0.75|,totals,Over,0.75,,1.06,1.06,"[""Betfair Exchange""]","[""odds_api_io""]",1,,
soccer|myanmar|philippines|2026-06-09,totals|under|0.75|,totals,Under,0.75,,12.93,12.93,"[""Betfair Exchange""]","[""odds_api_io""]",1,,
soccer|myanmar|philippines|2026-06-09,spreads|philippines|2.00|home,spreads,Philippines,2.0,home,1.04,1.04,"[""Betfair Exchange""]","[""odds_api_io""]",1,,
soccer|myanmar|philippines|2026-06-09,spreads|myanmar|-2.00|away,spreads,Myanmar,-2.0,away,60.0,60.0,"[""Betfair Exchange""]","[""odds_api_io""]",1,,
soccer|china|thailand|2026-06-09,h2h|china||home,h2h,China,,home,2.08,1.9896,"[""Bet365"", ""Unibet"", ""Betfair Exchange"", ""Sbobet""]","[""odds_api_io""]",4,4.279,
soccer|china|thailand|2026-06-09,h2h|draw||,h2h,Draw,,,3.5,3.2483,"[""Bet365"", ""Unibet"", ""Betfair Exchange"", ""Sbobet""]","[""odds_api_io""]",4,4.986,
soccer|china|thailand|2026-06-09,h2h|thailand||away,h2h,Thailand,,away,4.1,3.755,"[""Bet365"", ""Unibet"", ""Betfair Exchange"", ""Sbobet""]","[""odds_api_io""]",4,6.666,
soccer|china|thailand|2026-06-09,dnb|china|0.00|home,dnb,China,0.0,home,1.48,1.4461,"[""Bet365"", ""Unibet"", ""Betfair Exchange""]","[""odds_api_io""]",3,3.861,
soccer|china|thailand|2026-06-09,dnb|thailand|0.00|away,dnb,Thailand,0.0,away,2.94,2.7242,"[""Bet365"", ""Unibet"", ""Betfair Exchange""]","[""odds_api_io""]",3,5.986,
soccer|china|thailand|2026-06-09,spreads|china|-0.50|home,spreads,China,-0.5,home,2.08,1.9801,"[""Bet365"", ""Unibet"", ""Betfair Exchange"", ""Sbobet""]","[""odds_api_io""]",4,5.977,
soccer|china|thailand|2026-06-09,spreads|thailand|0.50|away,spreads,Thailand,0.5,away,1.9,1.8387,"[""Bet365"", ""Unibet"", ""Betfair Exchange"", ""Sbobet""]","[""odds_api_io""]",4,2.924,
soccer|china|thailand|2026-06-09,totals|over|2.50|,totals,Over,2.5,,2.1,2.0589,"[""Bet365"", ""Unibet"", ""Betfair Exchange"", ""Sbobet""]","[""odds_api_io""]",5,1.764,
soccer|china|thailand|2026-06-09,totals|under|2.50|,totals,Under,2.5,,1.87,1.7602,"[""Bet365"", ""Unibet"", ""Betfair Exchange"", ""Sbobet""]","[""odds_api_io""]",5,6.765,
soccer|china|thailand|2026-06-09,btts|yes||,btts,Yes,,,1.89,1.8643,"[""Bet365"", ""Unibet"", ""Betfair Exchange""]","[""odds_api_io""]",3,1.645,
soccer|china|thailand|2026-06-09,btts|no||,btts,No,,,2.06,1.8978,"[""Bet365"", ""Unibet"", ""Betfair Exchange""]","[""odds_api_io""]",3,6.705,
soccer|china|thailand|2026-06-09,spreads|thailand|-1.00|away,spreads,Thailand,-1.0,away,10.5,4.5957,"[""Bet365"", ""Unibet"", ""Betfair Exchange""]","[""odds_api_io""]",4,46.032,
soccer|china|thailand|2026-06-09,spreads|thailand|-3.00|away,spreads,Thailand,-3.0,away,140.0,2.1645,"[""Bet365"", ""Betfair Exchange""]","[""odds_api_io""]",2,92.656,
soccer|china|thailand|2026-06-09,spreads|thailand|1.00|away,spreads,Thailand,1.0,away,9.0,1.9282,"[""Bet365"", ""Unibet"", ""Betfair Exchange""]","[""odds_api_io""]",5,60.317,
soccer|china|thailand|2026-06-09,spreads|china|-2.00|home,spreads,China,-2.0,home,9.4,7.9031,"[""Bet365"", ""Unibet"", ""Betfair Exchange""]","[""odds_api_io""]",4,3.647,
soccer|china|thailand|2026-06-09,spreads|thailand|2.00|away,spreads,Thailand,2.0,away,1.3,1.1811,"[""Bet365"", ""Unibet"", ""Betfair Exchange""]","[""odds_api_io""]",4,13.986,
soccer|china|thailand|2026-06-09,spreads|china|-1.75|home,spreads,China,-1.75,home,5.16,4.8134,"[""Bet365"", ""Betfair Exchange""]","[""odds_api_io""]",2,2.842,
soccer|china|thailand|2026-06-09,spreads|thailand|1.75|away,spreads,Thailand,1.75,away,1.21,1.2001,"[""Bet365"", ""Betfair Exchange""]","[""odds_api_io""]",2,1.389,
soccer|china|thailand|2026-06-09,spreads|china|-0.75|home,spreads,China,-0.75,home,2.42,2.3335,"[""Bet365"", ""Betfair Exchange""]","[""odds_api_io""]",2,3.122,
soccer|china|thailand|2026-06-09,spreads|thailand|0.75|away,spreads,Thailand,0.75,away,4.8,2.4563,"[""Bet365"", ""Betfair Exchange""]","[""odds_api_io""]",2,39.047,
soccer|china|thailand|2026-06-09,spreads|china|0.75|home,spreads,China,0.75,home,1.2,1.1876,"[""Bet365"", ""Betfair Exchange""]","[""odds_api_io""]",2,1.773,
soccer|china|thailand|2026-06-09,spreads|thailand|-0.75|away,spreads,Thailand,-0.75,away,5.45,2.5284,"[""Bet365"", ""Betfair Exchange""]","[""odds_api_io""]",2,43.19,
soccer|china|thailand|2026-06-09,spreads|china|-1.00|home,spreads,China,-1.0,home,3.95,3.2838,"[""Bet365"", ""Unibet"", ""Betfair Exchange""]","[""odds_api_io""]",4,9.771,
soccer|china|thailand|2026-06-09,spreads|china|-0.25|home,spreads,China,-0.25,home,1.78,1.7162,"[""Bet365"", ""Betfair Exchange"", ""Sbobet""]","[""odds_api_io""]",3,3.7,
soccer|china|thailand|2026-06-09,spreads|thailand|0.25|away,spreads,Thailand,0.25,away,3.3,2.4713,"[""Bet365"", ""Betfair Exchange"", ""Sbobet""]","[""odds_api_io""]",3,15.78,
soccer|china|thailand|2026-06-09,spreads|china|0.00|home,spreads,China,0.0,home,1.48,1.4525,"[""Bet365"", ""Betfair Exchange""]","[""odds_api_io""]",2,2.608,
soccer|china|thailand|2026-06-09,spreads|thailand|-0.00|away,spreads,Thailand,-0.0,away,2.94,2.8436,"[""Bet365"", ""Betfair Exchange""]","[""odds_api_io""]",2,2.35,
soccer|china|thailand|2026-06-09,spreads|china|0.25|home,spreads,China,0.25,home,1.37,1.3475,"[""Bet365"", ""Betfair Exchange""]","[""odds_api_io""]",2,2.479,
soccer|china|thailand|2026-06-09,spreads|thailand|-0.25|away,spreads,Thailand,-0.25,away,3.52,2.6427,"[""Bet365"", ""Betfair Exchange""]","[""odds_api_io""]",2,19.21,
soccer|china|thailand|2026-06-09,spreads|china|0.50|home,spreads,China,0.5,home,1.3,1.2603,"[""Bet365"", ""Unibet"", ""Betfair Exchange""]","[""odds_api_io""]",3,5.044,
soccer|china|thailand|2026-06-09,spreads|thailand|-0.50|away,spreads,Thailand,-0.5,away,4.1,3.8296,"[""Bet365"", ""Unibet"", ""Betfair Exchange""]","[""odds_api_io""]",3,2.637,
soccer|china|thailand|2026-06-09,spreads|china|-1.50|home,spreads,China,-1.5,home,3.95,3.6443,"[""Bet365"", ""Unibet"", ""Betfair Exchange""]","[""odds_api_io""]",3,3.669,
soccer|china|thailand|2026-06-09,spreads|thailand|1.50|away,spreads,Thailand,1.5,away,1.3,1.2754,"[""Bet365"", ""Unibet"", ""Betfair Exchange""]","[""odds_api_io""]",3,3.077,
soccer|china|thailand|2026-06-09,spreads|china|-1.25|home,spreads,China,-1.25,home,3.52,3.4085,"[""Bet365"", ""Betfair Exchange""]","[""odds_api_io""]",2,1.894,
soccer|china|thailand|2026-06-09,spreads|thailand|1.25|away,spreads,Thailand,1.25,away,1.36,1.3426,"[""Bet365"", ""Betfair Exchange""]","[""odds_api_io""]",2,1.942,
soccer|china|thailand|2026-06-09,teamTotals|over|3.50|,teamTotals,Over,3.5,,29.0,15.95,"[""Bet365""]","[""odds_api_io""]",2,5.643,
soccer|china|thailand|2026-06-09,teamTotals|under|3.50|,teamTotals,Under,3.5,,1.05,1.0275,"[""Bet365""]","[""odds_api_io""]",2,4.165,
soccer|china|thailand|2026-06-09,teamTotals|over|1.50|,teamTotals,Over,1.5,,3.5,2.3612,"[""Bet365"", ""Unibet""]","[""odds_api_io""]",3,21.429,
soccer|china|thailand|2026-06-09,teamTotals|under|1.50|,teamTotals,Under,1.5,,1.727,1.5317,"[""Bet365"", ""Unibet""]","[""odds_api_io""]",3,19.917,
soccer|china|thailand|2026-06-09,teamTotals|over|2.50|,teamTotals,Over,2.5,,11.0,6.217,"[""Bet365""]","[""odds_api_io""]",2,13.988,
soccer|china|thailand|2026-06-09,teamTotals|under|2.50|,teamTotals,Under,2.5,,1.2,1.12,"[""Bet365""]","[""odds_api_io""]",2,11.905,
soccer|china|thailand|2026-06-09,teamTotals|over|0.50|,teamTotals,Over,0.5,,1.5,1.3927,"[""Bet365"", ""Unibet""]","[""odds_api_io""]",3,15.166,
soccer|china|thailand|2026-06-09,teamTotals|under|0.50|,teamTotals,Under,0.5,,4.0,2.7975,"[""Bet365"", ""Unibet""]","[""odds_api_io""]",3,17.553,
soccer|china|thailand|2026-06-09,teamTotals|over|4.50|,teamTotals,Over,4.5,,29.0,29.0,"[""Bet365""]","[""odds_api_io""]",1,,
soccer|china|thailand|2026-06-09,teamTotals|under|4.50|,teamTotals,Under,4.5,,1.006,1.006,"[""Bet365""]","[""odds_api_io""]",1,,
soccer|china|thailand|2026-06-09,doubleChance|1x||,doubleChance,1X,,,1.3,1.2126,"[""Unibet"", ""Betfair Exchange""]","[""odds_api_io""]",2,11.572,
soccer|china|thailand|2026-06-09,doubleChance|12||,doubleChance,12,,,1.55,1.4623,"[""Unibet"", ""Betfair Exchange""]","[""odds_api_io""]",2,7.426,
soccer|china|thailand|2026-06-09,doubleChance|x2||,doubleChance,X2,,,1.9,1.6095,"[""Unibet"", ""Betfair Exchange""]","[""odds_api_io""]",2,19.832,
soccer|china|thailand|2026-06-09,spreads|china|-2.50|home,spreads,China,-2.5,home,9.4,8.0739,"[""Unibet"", ""Betfair Exchange""]","[""odds_api_io""]",2,3.647,
soccer|china|thailand|2026-06-09,spreads|thailand|2.50|away,spreads,Thailand,2.5,away,1.1,1.0805,"[""Unibet"", ""Betfair Exchange""]","[""odds_api_io""]",2,3.431,
soccer|china|thailand|2026-06-09,totals|over|1.50|,totals,Over,1.5,,1.36,1.3503,"[""Unibet"", ""Betfair Exchange""]","[""odds_api_io""]",2,1.097,
soccer|china|thailand|2026-06-09,totals|under|1.50|,totals,Under,1.5,,3.65,3.2774,"[""Unibet"", ""Betfair Exchange""]","[""odds_api_io""]",2,6.501,
soccer|china|thailand|2026-06-09,totals|over|3.50|,totals,Over,3.5,,3.85,3.7515,"[""Unibet"", ""Betfair Exchange""]","[""odds_api_io""]",2,1.423,
soccer|china|thailand|2026-06-09,totals|under|3.50|,totals,Under,3.5,,1.33,1.2801,"[""Unibet"", ""Betfair Exchange""]","[""odds_api_io""]",2,6.113,
soccer|china|thailand|2026-06-09,spreads|china|-3.00|home,spreads,China,-3.0,home,24.0,6.8402,"[""Unibet"", ""Betfair Exchange""]","[""odds_api_io""]",3,32.87,
soccer|china|thailand|2026-06-09,spreads|thailand|3.00|away,spreads,Thailand,3.0,away,1.43,1.1528,"[""Unibet"", ""Betfair Exchange""]","[""odds_api_io""]",3,28.109,
soccer|china|thailand|2026-06-09,spreads|china|1.00|home,spreads,China,1.0,home,1.3,1.1974,"[""Unibet"", ""Betfair Exchange""]","[""odds_api_io""]",3,13.986,
soccer|china|thailand|2026-06-09,spreads|china|-3.75|home,spreads,China,-3.75,home,24.0,24.0,"[""Betfair Exchange""]","[""odds_api_io""]",1,,
soccer|china|thailand|2026-06-09,spreads|thailand|3.75|away,spreads,Thailand,3.75,away,1.01,1.01,"[""Betfair Exchange""]","[""odds_api_io""]",1,,
soccer|china|thailand|2026-06-09,spreads|china|1.25|home,spreads,China,1.25,home,1.09,1.09,"[""Betfair Exchange""]","[""odds_api_io""]",1,,
soccer|china|thailand|2026-06-09,spreads|thailand|-1.25|away,spreads,Thailand,-1.25,away,9.71,9.71,"[""Betfair Exchange""]","[""odds_api_io""]",1,,
soccer|china|thailand|2026-06-09,spreads|china|1.75|home,spreads,China,1.75,home,1.05,1.05,"[""Betfair Exchange""]","[""odds_api_io""]",1,,
soccer|china|thailand|2026-06-09,spreads|thailand|-1.75|away,spreads,Thailand,-1.75,away,15.88,15.88,"[""Betfair Exchange""]","[""odds_api_io""]",1,,
soccer|china|thailand|2026-06-09,spreads|china|-2.75|home,spreads,China,-2.75,home,13.07,13.07,"[""Betfair Exchange""]","[""odds_api_io""]",1,,
soccer|china|thailand|2026-06-09,spreads|thailand|2.75|away,spreads,Thailand,2.75,away,1.06,1.06,"[""Betfair Exchange""]","[""odds_api_io""]",1,,
soccer|china|thailand|2026-06-09,spreads|china|-3.25|home,spreads,China,-3.25,home,23.22,23.22,"[""Betfair Exchange""]","[""odds_api_io""]",1,,
soccer|china|thailand|2026-06-09,spreads|thailand|3.25|away,spreads,Thailand,3.25,away,1.02,1.02,"[""Betfair Exchange""]","[""odds_api_io""]",1,,
soccer|china|thailand|2026-06-09,spreads|china|-2.25|home,spreads,China,-2.25,home,8.71,8.71,"[""Betfair Exchange""]","[""odds_api_io""]",1,,
soccer|china|thailand|2026-06-09,spreads|thailand|2.25|away,spreads,Thailand,2.25,away,1.1,1.1,"[""Betfair Exchange""]","[""odds_api_io""]",1,,
soccer|china|thailand|2026-06-09,spreads|china|-3.50|home,spreads,China,-3.5,home,24.0,24.0,"[""Betfair Exchange""]","[""odds_api_io""]",1,,
soccer|china|thailand|2026-06-09,spreads|thailand|3.50|away,spreads,Thailand,3.5,away,1.02,1.02,"[""Betfair Exchange""]","[""odds_api_io""]",1,,
soccer|china|thailand|2026-06-09,spreads|china|2.00|home,spreads,China,2.0,home,1.08,1.0438,"[""Betfair Exchange""]","[""odds_api_io""]",2,6.417,
soccer|china|thailand|2026-06-09,spreads|thailand|-2.00|away,spreads,Thailand,-2.0,away,38.0,36.6432,"[""Betfair Exchange""]","[""odds_api_io""]",2,0.195,
soccer|china|thailand|2026-06-09,spreads|china|1.50|home,spreads,China,1.5,home,1.08,1.08,"[""Betfair Exchange""]","[""odds_api_io""]",1,,
soccer|china|thailand|2026-06-09,spreads|thailand|-1.50|away,spreads,Thailand,-1.5,away,10.5,10.5,"[""Betfair Exchange""]","[""odds_api_io""]",1,,
soccer|china|thailand|2026-06-09,spreads|china|2.25|home,spreads,China,2.25,home,1.01,1.01,"[""Betfair Exchange""]","[""odds_api_io""]",1,,
soccer|china|thailand|2026-06-09,spreads|thailand|-2.25|away,spreads,Thailand,-2.25,away,36.69,36.69,"[""Betfair Exchange""]","[""odds_api_io""]",1,,
soccer|china|thailand|2026-06-09,spreads|china|2.75|home,spreads,China,2.75,home,1.01,1.01,"[""Betfair Exchange""]","[""odds_api_io""]",1,,
soccer|china|thailand|2026-06-09,spreads|thailand|-2.75|away,spreads,Thailand,-2.75,away,59.2,59.2,"[""Betfair Exchange""]","[""odds_api_io""]",1,,
soccer|china|thailand|2026-06-09,spreads|china|2.50|home,spreads,China,2.5,home,1.01,1.01,"[""Betfair Exchange""]","[""odds_api_io""]",1,,
soccer|china|thailand|2026-06-09,spreads|thailand|-2.50|away,spreads,Thailand,-2.5,away,38.0,38.0,"[""Betfair Exchange""]","[""odds_api_io""]",1,,
soccer|china|thailand|2026-06-09,totals|over|2.75|,totals,Over,2.75,,2.42,2.42,"[""Betfair Exchange""]","[""odds_api_io""]",1,,
soccer|china|thailand|2026-06-09,totals|under|2.75|,totals,Under,2.75,,1.66,1.66,"[""Betfair Exchange""]","[""odds_api_io""]",1,,
soccer|china|thailand|2026-06-09,totals|over|7.75|,totals,Over,7.75,,1.01,1.01,"[""Betfair Exchange""]","[""odds_api_io""]",1,,
soccer|china|thailand|2026-06-09,totals|under|7.75|,totals,Under,7.75,,1.07,1.07,"[""Betfair Exchange""]","[""odds_api_io""]",1,,
soccer|china|thailand|2026-06-09,totals|over|1.25|,totals,Over,1.25,,1.23,1.23,"[""Betfair Exchange""]","[""odds_api_io""]",1,,
soccer|china|thailand|2026-06-09,totals|under|1.25|,totals,Under,1.25,,5.04,5.04,"[""Betfair Exchange""]","[""odds_api_io""]",1,,
soccer|china|thailand|2026-06-09,totals|over|2.00|,totals,Over,2.0,,1.56,1.56,"[""Betfair Exchange""]","[""odds_api_io""]",1,,
soccer|china|thailand|2026-06-09,totals|under|2.00|,totals,Under,2.0,,2.68,2.68,"[""Betfair Exchange""]","[""odds_api_io""]",1,,
soccer|china|thailand|2026-06-09,totals|over|1.00|,totals,Over,1.0,,1.1,1.1,"[""Betfair Exchange""]","[""odds_api_io""]",1,,
soccer|china|thailand|2026-06-09,totals|under|1.00|,totals,Under,1.0,,8.6,8.6,"[""Betfair Exchange""]","[""odds_api_io""]",1,,
soccer|china|thailand|2026-06-09,totals|over|3.25|,totals,Over,3.25,,3.43,3.43,"[""Betfair Exchange""]","[""odds_api_io""]",1,,
soccer|china|thailand|2026-06-09,totals|under|3.25|,totals,Under,3.25,,1.39,1.39,"[""Betfair Exchange""]","[""odds_api_io""]",1,,
soccer|china|thailand|2026-06-09,totals|over|3.00|,totals,Over,3.0,,3.01,3.01,"[""Betfair Exchange""]","[""odds_api_io""]",1,,
soccer|china|thailand|2026-06-09,totals|under|3.00|,totals,Under,3.0,,1.47,1.47,"[""Betfair Exchange""]","[""odds_api_io""]",1,,
soccer|china|thailand|2026-06-09,totals|over|0.75|,totals,Over,0.75,,1.09,1.09,"[""Betfair Exchange""]","[""odds_api_io""]",1,,
soccer|china|thailand|2026-06-09,totals|under|0.75|,totals,Under,0.75,,9.49,9.49,"[""Betfair Exchange""]","[""odds_api_io""]",1,,
soccer|china|thailand|2026-06-09,totals|over|0.50|,totals,Over,0.5,,1.08,1.08,"[""Betfair Exchange""]","[""odds_api_io""]",1,,
soccer|china|thailand|2026-06-09,totals|under|0.50|,totals,Under,0.5,,11.5,11.5,"[""Betfair Exchange""]","[""odds_api_io""]",1,,
soccer|china|thailand|2026-06-09,totals|over|1.75|,totals,Over,1.75,,1.44,1.44,"[""Betfair Exchange""]","[""odds_api_io""]",1,,
soccer|china|thailand|2026-06-09,totals|under|1.75|,totals,Under,1.75,,3.1,3.1,"[""Betfair Exchange""]","[""odds_api_io""]",1,,
soccer|china|thailand|2026-06-09,totals|over|2.25|,totals,Over,2.25,,1.82,1.8101,"[""Betfair Exchange"", ""Sbobet""]","[""odds_api_io""]",2,0.611,
soccer|china|thailand|2026-06-09,totals|under|2.25|,totals,Under,2.25,,2.14,2.0689,"[""Betfair Exchange"", ""Sbobet""]","[""odds_api_io""]",2,3.271,
soccer|china|thailand|2026-06-09,totals|over|4.50|,totals,Over,4.5,,8.6,8.6,"[""Betfair Exchange""]","[""odds_api_io""]",1,,
soccer|china|thailand|2026-06-09,totals|under|4.50|,totals,Under,4.5,,1.12,1.12,"[""Betfair Exchange""]","[""odds_api_io""]",1,,
soccer|china|thailand|2026-06-09,totals|over|3.75|,totals,Over,3.75,,4.93,4.93,"[""Betfair Exchange""]","[""odds_api_io""]",1,,
soccer|china|thailand|2026-06-09,totals|under|3.75|,totals,Under,3.75,,1.2,1.2,"[""Betfair Exchange""]","[""odds_api_io""]",1,,
soccer|china|thailand|2026-06-09,totals|over|4.25|,totals,Over,4.25,,7.98,7.98,"[""Betfair Exchange""]","[""odds_api_io""]",1,,
soccer|china|thailand|2026-06-09,totals|under|4.25|,totals,Under,4.25,,1.12,1.12,"[""Betfair Exchange""]","[""odds_api_io""]",1,,
soccer|china|thailand|2026-06-09,totals|over|4.00|,totals,Over,4.0,,7.36,7.36,"[""Betfair Exchange""]","[""odds_api_io""]",1,,
soccer|china|thailand|2026-06-09,totals|under|4.00|,totals,Under,4.0,,1.13,1.13,"[""Betfair Exchange""]","[""odds_api_io""]",1,,
soccer|china|thailand|2026-06-09,totals|over|4.75|,totals,Over,4.75,,11.78,11.78,"[""Betfair Exchange""]","[""odds_api_io""]",1,,
soccer|china|thailand|2026-06-09,totals|under|4.75|,totals,Under,4.75,,1.07,1.07,"[""Betfair Exchange""]","[""odds_api_io""]",1,,
soccer|china|thailand|2026-06-09,totals|over|5.75|,totals,Over,5.75,,30.62,30.62,"[""Betfair Exchange""]","[""odds_api_io""]",1,,
soccer|china|thailand|2026-06-09,totals|under|5.75|,totals,Under,5.75,,1.01,1.01,"[""Betfair Exchange""]","[""odds_api_io""]",1,,
soccer|china|thailand|2026-06-09,totals|over|5.25|,totals,Over,5.25,,20.27,20.27,"[""Betfair Exchange""]","[""odds_api_io""]",1,,
soccer|china|thailand|2026-06-09,totals|under|5.25|,totals,Under,5.25,,1.03,1.03,"[""Betfair Exchange""]","[""odds_api_io""]",1,,
soccer|china|thailand|2026-06-09,totals|over|5.00|,totals,Over,5.0,,19.55,19.55,"[""Betfair Exchange""]","[""odds_api_io""]",1,,
soccer|china|thailand|2026-06-09,totals|under|5.00|,totals,Under,5.0,,1.03,1.03,"[""Betfair Exchange""]","[""odds_api_io""]",1,,
soccer|china|thailand|2026-06-09,totals|over|5.50|,totals,Over,5.5,,21.0,21.0,"[""Betfair Exchange""]","[""odds_api_io""]",1,,
soccer|china|thailand|2026-06-09,totals|under|5.50|,totals,Under,5.5,,1.03,1.03,"[""Betfair Exchange""]","[""odds_api_io""]",1,,
soccer|china|thailand|2026-06-09,totals|over|6.00|,totals,Over,6.0,,53.38,53.38,"[""Betfair Exchange""]","[""odds_api_io""]",1,,
soccer|china|thailand|2026-06-09,totals|under|6.00|,totals,Under,6.0,,1.01,1.01,"[""Betfair Exchange""]","[""odds_api_io""]",1,,
soccer|china|thailand|2026-06-09,totals|over|6.50|,totals,Over,6.5,,55.0,55.0,"[""Betfair Exchange""]","[""odds_api_io""]",1,,
soccer|china|thailand|2026-06-09,totals|under|6.50|,totals,Under,6.5,,1.01,1.01,"[""Betfair Exchange""]","[""odds_api_io""]",1,,
soccer|china|thailand|2026-06-09,totals|over|6.25|,totals,Over,6.25,,54.19,54.19,"[""Betfair Exchange""]","[""odds_api_io""]",1,,
soccer|china|thailand|2026-06-09,totals|under|6.25|,totals,Under,6.25,,1.01,1.01,"[""Betfair Exchange""]","[""odds_api_io""]",1,,
soccer|china|thailand|2026-06-09,spreads|china|3.00|home,spreads,China,3.0,home,1.01,1.01,"[""Betfair Exchange""]","[""odds_api_io""]",1,,
soccer|china pr|tajikistan|2026-06-09,h2h|china pr u23||home,h2h,China PR U23,,home,1.84,1.739,"[""Bet365"", ""Unibet"", ""Betfair Exchange"", ""Sbobet""]","[""odds_api_io""]",4,6.258,
soccer|china pr|tajikistan|2026-06-09,h2h|draw||,h2h,Draw,,,3.8,3.4644,"[""Bet365"", ""Unibet"", ""Betfair Exchange"", ""Sbobet""]","[""odds_api_io""]",4,6.152,
soccer|china pr|tajikistan|2026-06-09,h2h|tajikistan u23||away,h2h,Tajikistan U23,,away,5.0,4.3887,"[""Bet365"", ""Unibet"", ""Betfair Exchange"", ""Sbobet""]","[""odds_api_io""]",4,5.189,
soccer|china pr|tajikistan|2026-06-09,dnb|china pr u23|0.00|home,dnb,China PR U23,0.0,home,1.35,1.2966,"[""Bet365"", ""Unibet"", ""Betfair Exchange""]","[""odds_api_io""]",3,6.571,
soccer|china pr|tajikistan|2026-06-09,dnb|tajikistan u23|0.00|away,dnb,Tajikistan U23,0.0,away,3.7,3.4639,"[""Bet365"", ""Unibet"", ""Betfair Exchange""]","[""odds_api_io""]",3,3.276,
soccer|china pr|tajikistan|2026-06-09,spreads|china pr u23|-0.75|home,spreads,China PR U23,-0.75,home,2.06,1.993,"[""Bet365"", ""Betfair Exchange"", ""Sbobet""]","[""odds_api_io""]",3,2.738,
soccer|china pr|tajikistan|2026-06-09,spreads|tajikistan u23|0.75|away,spreads,Tajikistan U23,0.75,away,1.88,1.8601,"[""Bet365"", ""Betfair Exchange"", ""Sbobet""]","[""odds_api_io""]",3,0.863,
soccer|china pr|tajikistan|2026-06-09,totals|over|2.25|,totals,Over,2.25,,1.88,1.8635,"[""Bet365"", ""Betfair Exchange"", ""Sbobet""]","[""odds_api_io""]",3,0.863,
soccer|china pr|tajikistan|2026-06-09,totals|under|2.25|,totals,Under,2.25,,1.95,1.9398,"[""Bet365"", ""Betfair Exchange"", ""Sbobet""]","[""odds_api_io""]",3,0.531,
soccer|china pr|tajikistan|2026-06-09,totals|over|2.50|,totals,Over,2.5,,2.16,2.0926,"[""Bet365"", ""Unibet"", ""Betfair Exchange"", ""Sbobet""]","[""odds_api_io""]",4,3.704,
soccer|china pr|tajikistan|2026-06-09,totals|under|2.50|,totals,Under,2.5,,1.75,1.7053,"[""Bet365"", ""Unibet"", ""Betfair Exchange"", ""Sbobet""]","[""odds_api_io""]",4,2.737,
soccer|china pr|tajikistan|2026-06-09,btts|yes||,btts,Yes,,,2.04,2.0006,"[""Bet365"", ""Unibet"", ""Betfair Exchange""]","[""odds_api_io""]",3,2.001,
soccer|china pr|tajikistan|2026-06-09,btts|no||,btts,No,,,1.82,1.7591,"[""Bet365"", ""Unibet"", ""Betfair Exchange""]","[""odds_api_io""]",3,2.959,
soccer|china pr|tajikistan|2026-06-09,spreads|china pr u23|-3.00|home,spreads,China PR U23,-3.0,home,19.5,17.3006,"[""Bet365"", ""Betfair Exchange""]","[""odds_api_io""]",3,1.538,
soccer|china pr|tajikistan|2026-06-09,spreads|china pr u23|-2.00|home,spreads,China PR U23,-2.0,home,7.6,6.094,"[""Bet365"", ""Unibet"", ""Betfair Exchange""]","[""odds_api_io""]",5,7.25,
soccer|china pr|tajikistan|2026-06-09,spreads|tajikistan u23|2.00|away,spreads,Tajikistan U23,2.0,away,34.0,1.5152,"[""Bet365"", ""Unibet"", ""Betfair Exchange""]","[""odds_api_io""]",5,84.778,
soccer|china pr|tajikistan|2026-06-09,spreads|china pr u23|1.00|home,spreads,China PR U23,1.0,home,1.23,1.1481,"[""Bet365"", ""Betfair Exchange""]","[""odds_api_io""]",3,13.937,
soccer|china pr|tajikistan|2026-06-09,spreads|china pr u23|2.00|home,spreads,China PR U23,2.0,home,1.04,1.0297,"[""Bet365"", ""Betfair Exchange""]","[""odds_api_io""]",3,2.856,
soccer|china pr|tajikistan|2026-06-09,spreads|tajikistan u23|-2.00|away,spreads,Tajikistan U23,-2.0,away,60.0,3.9993,"[""Bet365"", ""Betfair Exchange""]","[""odds_api_io""]",3,71.701,
soccer|china pr|tajikistan|2026-06-09,spreads|tajikistan u23|-3.00|away,spreads,Tajikistan U23,-3.0,away,120.0,2.2196,"[""Bet365"", ""Betfair Exchange""]","[""odds_api_io""]",2,90.076,
soccer|china pr|tajikistan|2026-06-09,spreads|tajikistan u23|1.00|away,spreads,Tajikistan U23,1.0,away,12.0,2.1489,"[""Bet365"", ""Unibet"", ""Betfair Exchange""]","[""odds_api_io""]",5,55.159,
soccer|china pr|tajikistan|2026-06-09,teamTotals|over|0.50|,teamTotals,Over,0.5,,1.666,1.4553,"[""Bet365"", ""Unibet""]","[""odds_api_io""]",3,23.309,
soccer|china pr|tajikistan|2026-06-09,teamTotals|under|0.50|,teamTotals,Under,0.5,,4.333,2.5247,"[""Bet365"", ""Unibet""]","[""odds_api_io""]",3,25.465,
soccer|china pr|tajikistan|2026-06-09,teamTotals|over|2.50|,teamTotals,Over,2.5,,15.0,6.3158,"[""Bet365""]","[""odds_api_io""]",2,18.333,
soccer|china pr|tajikistan|2026-06-09,teamTotals|under|2.50|,teamTotals,Under,2.5,,1.222,1.1178,"[""Bet365""]","[""odds_api_io""]",2,15.254,
soccer|china pr|tajikistan|2026-06-09,teamTotals|over|1.50|,teamTotals,Over,1.5,,4.333,2.3593,"[""Bet365"", ""Unibet""]","[""odds_api_io""]",3,31.566,
soccer|china pr|tajikistan|2026-06-09,teamTotals|under|1.50|,teamTotals,Under,1.5,,1.77,1.5138,"[""Bet365"", ""Unibet""]","[""odds_api_io""]",3,26.836,
soccer|china pr|tajikistan|2026-06-09,teamTotals|over|3.50|,teamTotals,Over,3.5,,41.0,17.3462,"[""Bet365""]","[""odds_api_io""]",2,6.652,
soccer|china pr|tajikistan|2026-06-09,teamTotals|under|3.50|,teamTotals,Under,3.5,,1.05,1.0265,"[""Bet365""]","[""odds_api_io""]",2,4.363,
soccer|china pr|tajikistan|2026-06-09,spreads|china pr u23|-2.25|home,spreads,China PR U23,-2.25,home,6.92,6.574,"[""Bet365"", ""Betfair Exchange""]","[""odds_api_io""]",2,1.549,
soccer|china pr|tajikistan|2026-06-09,spreads|tajikistan u23|2.25|away,spreads,Tajikistan U23,2.25,away,1.13,1.1251,"[""Bet365"", ""Betfair Exchange""]","[""odds_api_io""]",2,0.79,
soccer|china pr|tajikistan|2026-06-09,spreads|china pr u23|-1.50|home,spreads,China PR U23,-1.5,home,3.19,3.1452,"[""Bet365"", ""Betfair Exchange""]","[""odds_api_io""]",2,0.91,
soccer|china pr|tajikistan|2026-06-09,spreads|tajikistan u23|1.50|away,spreads,Tajikistan U23,1.5,away,1.37,1.3601,"[""Bet365"", ""Betfair Exchange""]","[""odds_api_io""]",2,1.081,
soccer|china pr|tajikistan|2026-06-09,spreads|china pr u23|-1.00|home,spreads,China PR U23,-1.0,home,3.15,2.6102,"[""Bet365"", ""Unibet"", ""Betfair Exchange""]","[""odds_api_io""]",4,10.807,
soccer|china pr|tajikistan|2026-06-09,spreads|china pr u23|-0.50|home,spreads,China PR U23,-0.5,home,1.84,1.7778,"[""Bet365"", ""Betfair Exchange"", ""Sbobet""]","[""odds_api_io""]",3,3.623,
soccer|china pr|tajikistan|2026-06-09,spreads|tajikistan u23|0.50|away,spreads,Tajikistan U23,0.5,away,4.25,2.5288,"[""Bet365"", ""Betfair Exchange"", ""Sbobet""]","[""odds_api_io""]",3,25.251,
soccer|china pr|tajikistan|2026-06-09,spreads|china pr u23|-0.25|home,spreads,China PR U23,-0.25,home,1.59,1.5574,"[""Bet365"", ""Betfair Exchange""]","[""odds_api_io""]",2,2.681,
soccer|china pr|tajikistan|2026-06-09,spreads|tajikistan u23|0.25|away,spreads,Tajikistan U23,0.25,away,3.8,3.0983,"[""Bet365"", ""Betfair Exchange""]","[""odds_api_io""]",2,11.707,
soccer|china pr|tajikistan|2026-06-09,spreads|china pr u23|0.00|home,spreads,China PR U23,0.0,home,1.35,1.3376,"[""Bet365"", ""Betfair Exchange""]","[""odds_api_io""]",2,1.398,
soccer|china pr|tajikistan|2026-06-09,spreads|tajikistan u23|-0.00|away,spreads,Tajikistan U23,-0.0,away,3.7,3.4922,"[""Bet365"", ""Betfair Exchange""]","[""odds_api_io""]",2,3.276,
soccer|china pr|tajikistan|2026-06-09,spreads|china pr u23|0.25|home,spreads,China PR U23,0.25,home,1.28,1.2651,"[""Bet365"", ""Betfair Exchange""]","[""odds_api_io""]",2,1.875,
soccer|china pr|tajikistan|2026-06-09,spreads|tajikistan u23|-0.25|away,spreads,Tajikistan U23,-0.25,away,4.35,3.1302,"[""Bet365"", ""Betfair Exchange""]","[""odds_api_io""]",2,18.249,
soccer|china pr|tajikistan|2026-06-09,spreads|china pr u23|0.50|home,spreads,China PR U23,0.5,home,1.23,1.2201,"[""Bet365"", ""Betfair Exchange""]","[""odds_api_io""]",2,1.344,
soccer|china pr|tajikistan|2026-06-09,spreads|tajikistan u23|-0.50|away,spreads,Tajikistan U23,-0.5,away,5.0,2.9551,"[""Bet365"", ""Betfair Exchange""]","[""odds_api_io""]",2,28.193,
soccer|china pr|tajikistan|2026-06-09,spreads|china pr u23|-2.50|home,spreads,China PR U23,-2.5,home,7.6,7.0738,"[""Bet365"", ""Betfair Exchange""]","[""odds_api_io""]",2,1.994,
soccer|china pr|tajikistan|2026-06-09,spreads|tajikistan u23|2.50|away,spreads,Tajikistan U23,2.5,away,1.12,1.1151,"[""Bet365"", ""Betfair Exchange""]","[""odds_api_io""]",2,0.804,
soccer|china pr|tajikistan|2026-06-09,spreads|china pr u23|-1.75|home,spreads,China PR U23,-1.75,home,4.12,3.9564,"[""Bet365"", ""Betfair Exchange""]","[""odds_api_io""]",2,2.044,
soccer|china pr|tajikistan|2026-06-09,spreads|tajikistan u23|1.75|away,spreads,Tajikistan U23,1.75,away,1.27,1.2601,"[""Bet365"", ""Betfair Exchange""]","[""odds_api_io""]",2,1.26,
soccer|china pr|tajikistan|2026-06-09,spreads|china pr u23|-1.25|home,spreads,China PR U23,-1.25,home,2.82,2.7469,"[""Bet365"", ""Betfair Exchange""]","[""odds_api_io""]",2,1.922,
soccer|china pr|tajikistan|2026-06-09,spreads|tajikistan u23|1.25|away,spreads,Tajikistan U23,1.25,away,1.46,1.4551,"[""Bet365"", ""Betfair Exchange""]","[""odds_api_io""]",2,0.472,
soccer|china pr|tajikistan|2026-06-09,spreads|china pr u23|0.75|home,spreads,China PR U23,0.75,home,1.14,1.1351,"[""Bet365"", ""Betfair Exchange""]","[""odds_api_io""]",2,0.776,
soccer|china pr|tajikistan|2026-06-09,spreads|tajikistan u23|-0.75|away,spreads,Tajikistan U23,-0.75,away,6.97,6.4002,"[""Bet365"", ""Betfair Exchange""]","[""odds_api_io""]",2,2.602,
soccer|china pr|tajikistan|2026-06-09,teamTotals|over|4.50|,teamTotals,Over,4.5,,26.0,26.0,"[""Bet365""]","[""odds_api_io""]",1,,
soccer|china pr|tajikistan|2026-06-09,teamTotals|under|4.50|,teamTotals,Under,4.5,,1.01,1.01,"[""Bet365""]","[""odds_api_io""]",1,,
soccer|china pr|tajikistan|2026-06-09,doubleChance|1x||,doubleChance,1X,,,1.23,1.1747,"[""Unibet"", ""Betfair Exchange""]","[""odds_api_io""]",2,7.985,
soccer|china pr|tajikistan|2026-06-09,doubleChance|12||,doubleChance,12,,,1.34,1.2691,"[""Unibet"", ""Betfair Exchange""]","[""odds_api_io""]",2,8.706,
soccer|china pr|tajikistan|2026-06-09,doubleChance|x2||,doubleChance,X2,,,2.16,2.054,"[""Unibet"", ""Betfair Exchange""]","[""odds_api_io""]",2,4.986,
soccer|china pr|tajikistan|2026-06-09,totals|over|1.50|,totals,Over,1.5,,1.39,1.3556,"[""Unibet"", ""Betfair Exchange""]","[""odds_api_io""]",2,3.815,
soccer|china pr|tajikistan|2026-06-09,totals|under|1.50|,totals,Under,1.5,,3.25,3.099,"[""Unibet"", ""Betfair Exchange""]","[""odds_api_io""]",2,3.129,
soccer|china pr|tajikistan|2026-06-09,totals|over|3.50|,totals,Over,3.5,,4.22,3.8414,"[""Unibet"", ""Betfair Exchange""]","[""odds_api_io""]",2,4.875,
soccer|china pr|tajikistan|2026-06-09,totals|under|3.50|,totals,Under,3.5,,1.28,1.2555,"[""Unibet"", ""Betfair Exchange""]","[""odds_api_io""]",2,3.176,
soccer|china pr|tajikistan|2026-06-09,totals|over|4.50|,totals,Over,4.5,,9.4,7.6762,"[""Unibet"", ""Betfair Exchange""]","[""odds_api_io""]",2,4.987,
soccer|china pr|tajikistan|2026-06-09,totals|under|4.50|,totals,Under,4.5,,1.09,1.0803,"[""Unibet"", ""Betfair Exchange""]","[""odds_api_io""]",2,1.715,
soccer|china pr|tajikistan|2026-06-09,spreads|tajikistan u23|-1.00|away,spreads,Tajikistan U23,-1.0,away,14.5,13.6083,"[""Betfair Exchange""]","[""odds_api_io""]",2,0.904,
soccer|china pr|tajikistan|2026-06-09,spreads|tajikistan u23|3.00|away,spreads,Tajikistan U23,3.0,away,1.12,1.0731,"[""Betfair Exchange""]","[""odds_api_io""]",2,7.802,
soccer|china pr|tajikistan|2026-06-09,spreads|china pr u23|1.50|home,spreads,China PR U23,1.5,home,1.04,1.04,"[""Betfair Exchange""]","[""odds_api_io""]",1,,
soccer|china pr|tajikistan|2026-06-09,spreads|tajikistan u23|-1.50|away,spreads,Tajikistan U23,-1.5,away,14.72,14.72,"[""Betfair Exchange""]","[""odds_api_io""]",1,,
soccer|china pr|tajikistan|2026-06-09,spreads|china pr u23|2.50|home,spreads,China PR U23,2.5,home,1.01,1.01,"[""Betfair Exchange""]","[""odds_api_io""]",1,,
soccer|china pr|tajikistan|2026-06-09,spreads|tajikistan u23|-2.50|away,spreads,Tajikistan U23,-2.5,away,61.76,61.76,"[""Betfair Exchange""]","[""odds_api_io""]",1,,
soccer|china pr|tajikistan|2026-06-09,spreads|china pr u23|1.25|home,spreads,China PR U23,1.25,home,1.05,1.05,"[""Betfair Exchange""]","[""odds_api_io""]",1,,
soccer|china pr|tajikistan|2026-06-09,spreads|tajikistan u23|-1.25|away,spreads,Tajikistan U23,-1.25,away,13.8,13.8,"[""Betfair Exchange""]","[""odds_api_io""]",1,,
soccer|china pr|tajikistan|2026-06-09,spreads|china pr u23|1.75|home,spreads,China PR U23,1.75,home,1.02,1.02,"[""Betfair Exchange""]","[""odds_api_io""]",1,,
soccer|china pr|tajikistan|2026-06-09,spreads|tajikistan u23|-1.75|away,spreads,Tajikistan U23,-1.75,away,23.16,23.16,"[""Betfair Exchange""]","[""odds_api_io""]",1,,
soccer|china pr|tajikistan|2026-06-09,spreads|china pr u23|2.25|home,spreads,China PR U23,2.25,home,1.01,1.01,"[""Betfair Exchange""]","[""odds_api_io""]",1,,
soccer|china pr|tajikistan|2026-06-09,spreads|tajikistan u23|-2.25|away,spreads,Tajikistan U23,-2.25,away,60.17,60.17,"[""Betfair Exchange""]","[""odds_api_io""]",1,,
soccer|china pr|tajikistan|2026-06-09,spreads|china pr u23|-3.50|home,spreads,China PR U23,-3.5,home,19.5,19.5,"[""Betfair Exchange""]","[""odds_api_io""]",1,,
soccer|china pr|tajikistan|2026-06-09,spreads|tajikistan u23|3.50|away,spreads,Tajikistan U23,3.5,away,1.03,1.03,"[""Betfair Exchange""]","[""odds_api_io""]",1,,
soccer|china pr|tajikistan|2026-06-09,spreads|china pr u23|-3.75|home,spreads,China PR U23,-3.75,home,19.5,19.5,"[""Betfair Exchange""]","[""odds_api_io""]",1,,
soccer|china pr|tajikistan|2026-06-09,spreads|tajikistan u23|3.75|away,spreads,Tajikistan U23,3.75,away,1.01,1.01,"[""Betfair Exchange""]","[""odds_api_io""]",1,,
soccer|china pr|tajikistan|2026-06-09,spreads|china pr u23|-3.25|home,spreads,China PR U23,-3.25,home,18.71,18.71,"[""Betfair Exchange""]","[""odds_api_io""]",1,,
soccer|china pr|tajikistan|2026-06-09,spreads|tajikistan u23|3.25|away,spreads,Tajikistan U23,3.25,away,1.03,1.03,"[""Betfair Exchange""]","[""odds_api_io""]",1,,
soccer|china pr|tajikistan|2026-06-09,spreads|china pr u23|-2.75|home,spreads,China PR U23,-2.75,home,10.49,10.49,"[""Betfair Exchange""]","[""odds_api_io""]",1,,
soccer|china pr|tajikistan|2026-06-09,spreads|tajikistan u23|2.75|away,spreads,Tajikistan U23,2.75,away,1.07,1.07,"[""Betfair Exchange""]","[""odds_api_io""]",1,,
soccer|china pr|tajikistan|2026-06-09,totals|over|2.00|,totals,Over,2.0,,1.61,1.61,"[""Betfair Exchange""]","[""odds_api_io""]",1,,
soccer|china pr|tajikistan|2026-06-09,totals|under|2.00|,totals,Under,2.0,,2.34,2.34,"[""Betfair Exchange""]","[""odds_api_io""]",1,,
soccer|china pr|tajikistan|2026-06-09,totals|over|1.75|,totals,Over,1.75,,1.47,1.47,"[""Betfair Exchange""]","[""odds_api_io""]",1,,
soccer|china pr|tajikistan|2026-06-09,totals|under|1.75|,totals,Under,1.75,,2.71,2.71,"[""Betfair Exchange""]","[""odds_api_io""]",1,,
soccer|china pr|tajikistan|2026-06-09,totals|over|0.75|,totals,Over,0.75,,1.1,1.1,"[""Betfair Exchange""]","[""odds_api_io""]",1,,
soccer|china pr|tajikistan|2026-06-09,totals|under|0.75|,totals,Under,0.75,,8.14,8.14,"[""Betfair Exchange""]","[""odds_api_io""]",1,,
soccer|china pr|tajikistan|2026-06-09,totals|over|7.75|,totals,Over,7.75,,315.21,315.21,"[""Betfair Exchange""]","[""odds_api_io""]",1,,
soccer|china pr|tajikistan|2026-06-09,totals|under|7.75|,totals,Under,7.75,,1.01,1.01,"[""Betfair Exchange""]","[""odds_api_io""]",1,,
soccer|china pr|tajikistan|2026-06-09,totals|over|5.00|,totals,Over,5.0,,22.44,22.44,"[""Betfair Exchange""]","[""odds_api_io""]",1,,
soccer|china pr|tajikistan|2026-06-09,totals|under|5.00|,totals,Under,5.0,,1.02,1.02,"[""Betfair Exchange""]","[""odds_api_io""]",1,,
soccer|china pr|tajikistan|2026-06-09,totals|over|3.75|,totals,Over,3.75,,5.45,5.45,"[""Betfair Exchange""]","[""odds_api_io""]",1,,
soccer|china pr|tajikistan|2026-06-09,totals|under|3.75|,totals,Under,3.75,,1.18,1.18,"[""Betfair Exchange""]","[""odds_api_io""]",1,,
soccer|china pr|tajikistan|2026-06-09,totals|over|3.25|,totals,Over,3.25,,3.74,3.74,"[""Betfair Exchange""]","[""odds_api_io""]",1,,
soccer|china pr|tajikistan|2026-06-09,totals|under|3.25|,totals,Under,3.25,,1.32,1.32,"[""Betfair Exchange""]","[""odds_api_io""]",1,,
soccer|china pr|tajikistan|2026-06-09,totals|over|4.00|,totals,Over,4.0,,8.17,8.17,"[""Betfair Exchange""]","[""odds_api_io""]",1,,
soccer|china pr|tajikistan|2026-06-09,totals|under|4.00|,totals,Under,4.0,,1.11,1.11,"[""Betfair Exchange""]","[""odds_api_io""]",1,,
soccer|china pr|tajikistan|2026-06-09,totals|over|4.25|,totals,Over,4.25,,7.98,7.98,"[""Betfair Exchange""]","[""odds_api_io""]",1,,
soccer|china pr|tajikistan|2026-06-09,totals|under|4.25|,totals,Under,4.25,,1.1,1.1,"[""Betfair Exchange""]","[""odds_api_io""]",1,,
soccer|china pr|tajikistan|2026-06-09,totals|over|4.75|,totals,Over,4.75,,13.07,13.07,"[""Betfair Exchange""]","[""odds_api_io""]",1,,
soccer|china pr|tajikistan|2026-06-09,totals|under|4.75|,totals,Under,4.75,,1.06,1.06,"[""Betfair Exchange""]","[""odds_api_io""]",1,,
soccer|china pr|tajikistan|2026-06-09,totals|over|6.00|,totals,Over,6.0,,68.08,68.08,"[""Betfair Exchange""]","[""odds_api_io""]",1,,
soccer|china pr|tajikistan|2026-06-09,totals|under|6.00|,totals,Under,6.0,,1.01,1.01,"[""Betfair Exchange""]","[""odds_api_io""]",1,,
soccer|china pr|tajikistan|2026-06-09,totals|over|3.00|,totals,Over,3.0,,3.26,3.26,"[""Betfair Exchange""]","[""odds_api_io""]",1,,
soccer|china pr|tajikistan|2026-06-09,totals|under|3.00|,totals,Under,3.0,,1.37,1.37,"[""Betfair Exchange""]","[""odds_api_io""]",1,,
soccer|china pr|tajikistan|2026-06-09,totals|over|2.75|,totals,Over,2.75,,2.53,2.53,"[""Betfair Exchange""]","[""odds_api_io""]",1,,
soccer|china pr|tajikistan|2026-06-09,totals|under|2.75|,totals,Under,2.75,,1.54,1.54,"[""Betfair Exchange""]","[""odds_api_io""]",1,,
soccer|china pr|tajikistan|2026-06-09,totals|over|1.00|,totals,Over,1.0,,1.11,1.11,"[""Betfair Exchange""]","[""odds_api_io""]",1,,
soccer|china pr|tajikistan|2026-06-09,totals|under|1.00|,totals,Under,1.0,,7.28,7.28,"[""Betfair Exchange""]","[""odds_api_io""]",1,,
soccer|china pr|tajikistan|2026-06-09,totals|over|0.50|,totals,Over,0.5,,1.09,1.09,"[""Betfair Exchange""]","[""odds_api_io""]",1,,
soccer|china pr|tajikistan|2026-06-09,totals|under|0.50|,totals,Under,0.5,,9.8,9.8,"[""Betfair Exchange""]","[""odds_api_io""]",1,,
soccer|china pr|tajikistan|2026-06-09,totals|over|1.25|,totals,Over,1.25,,1.25,1.25,"[""Betfair Exchange""]","[""odds_api_io""]",1,,
soccer|china pr|tajikistan|2026-06-09,totals|under|1.25|,totals,Under,1.25,,4.31,4.31,"[""Betfair Exchange""]","[""odds_api_io""]",1,,
soccer|china pr|tajikistan|2026-06-09,spreads|china pr u23|3.00|home,spreads,China PR U23,3.0,home,1.01,1.01,"[""Betfair Exchange""]","[""odds_api_io""]",1,,
soccer|myanmar w|thailand w|2026-06-09,h2h|myanmar w||home,h2h,Myanmar W,,home,3.3,3.3,"[""Betfair Exchange""]","[""odds_api_io""]",1,,
soccer|myanmar w|thailand w|2026-06-09,h2h|draw||,h2h,Draw,,,3.45,3.45,"[""Betfair Exchange""]","[""odds_api_io""]",1,,
soccer|myanmar w|thailand w|2026-06-09,h2h|thailand w||away,h2h,Thailand W,,away,2.22,2.22,"[""Betfair Exchange""]","[""odds_api_io""]",1,,
soccer|myanmar w|thailand w|2026-06-09,dnb|myanmar w|0.00|home,dnb,Myanmar W,0.0,home,2.38,2.38,"[""Betfair Exchange""]","[""odds_api_io""]",1,,
soccer|myanmar w|thailand w|2026-06-09,dnb|thailand w|0.00|away,dnb,Thailand W,0.0,away,1.6,1.6,"[""Betfair Exchange""]","[""odds_api_io""]",1,,
soccer|myanmar w|thailand w|2026-06-09,doubleChance|1x||,doubleChance,1X,,,1.72,1.72,"[""Betfair Exchange""]","[""odds_api_io""]",1,,
soccer|myanmar w|thailand w|2026-06-09,doubleChance|12||,doubleChance,12,,,1.35,1.35,"[""Betfair Exchange""]","[""odds_api_io""]",1,,
soccer|myanmar w|thailand w|2026-06-09,doubleChance|x2||,doubleChance,X2,,,1.37,1.37,"[""Betfair Exchange""]","[""odds_api_io""]",1,,
soccer|myanmar w|thailand w|2026-06-09,spreads|myanmar w|0.75|home,spreads,Myanmar W,0.75,home,1.53,1.53,"[""Betfair Exchange""]","[""odds_api_io""]",1,,
soccer|myanmar w|thailand w|2026-06-09,spreads|thailand w|-0.75|away,spreads,Thailand W,-0.75,away,2.62,2.62,"[""Betfair Exchange""]","[""odds_api_io""]",1,,
soccer|myanmar w|thailand w|2026-06-09,spreads|myanmar w|-0.75|home,spreads,Myanmar W,-0.75,home,4.26,4.26,"[""Betfair Exchange""]","[""odds_api_io""]",1,,
soccer|myanmar w|thailand w|2026-06-09,spreads|thailand w|0.75|away,spreads,Thailand W,0.75,away,1.24,1.24,"[""Betfair Exchange""]","[""odds_api_io""]",1,,
soccer|myanmar w|thailand w|2026-06-09,spreads|myanmar w|0.50|home,spreads,Myanmar W,0.5,home,1.72,1.72,"[""Betfair Exchange""]","[""odds_api_io""]",1,,
soccer|myanmar w|thailand w|2026-06-09,spreads|thailand w|-0.50|away,spreads,Thailand W,-0.5,away,2.22,2.22,"[""Betfair Exchange""]","[""odds_api_io""]",1,,
soccer|myanmar w|thailand w|2026-06-09,spreads|myanmar w|0.25|home,spreads,Myanmar W,0.25,home,1.95,1.95,"[""Betfair Exchange""]","[""odds_api_io""]",1,,
soccer|myanmar w|thailand w|2026-06-09,spreads|thailand w|-0.25|away,spreads,Thailand W,-0.25,away,1.91,1.91,"[""Betfair Exchange""]","[""odds_api_io""]",1,,
soccer|myanmar w|thailand w|2026-06-09,spreads|myanmar w|-0.25|home,spreads,Myanmar W,-0.25,home,2.84,2.84,"[""Betfair Exchange""]","[""odds_api_io""]",1,,
soccer|myanmar w|thailand w|2026-06-09,spreads|thailand w|0.25|away,spreads,Thailand W,0.25,away,1.45,1.45,"[""Betfair Exchange""]","[""odds_api_io""]",1,,
soccer|myanmar w|thailand w|2026-06-09,spreads|myanmar w|0.00|home,spreads,Myanmar W,0.0,home,2.38,2.38,"[""Betfair Exchange""]","[""odds_api_io""]",1,,
soccer|myanmar w|thailand w|2026-06-09,spreads|thailand w|-0.00|away,spreads,Thailand W,-0.0,away,1.6,1.6,"[""Betfair Exchange""]","[""odds_api_io""]",1,,
soccer|myanmar w|thailand w|2026-06-09,spreads|myanmar w|1.00|home,spreads,Myanmar W,1.0,home,1.72,1.5001,"[""Betfair Exchange""]","[""odds_api_io""]",2,17.048,
soccer|myanmar w|thailand w|2026-06-09,spreads|thailand w|-1.00|away,spreads,Thailand W,-1.0,away,4.4,3.8423,"[""Betfair Exchange""]","[""odds_api_io""]",2,6.598,
soccer|myanmar w|thailand w|2026-06-09,spreads|myanmar w|-0.50|home,spreads,Myanmar W,-0.5,home,3.3,3.3,"[""Betfair Exchange""]","[""odds_api_io""]",1,,
soccer|myanmar w|thailand w|2026-06-09,spreads|thailand w|0.50|away,spreads,Thailand W,0.5,away,1.37,1.37,"[""Betfair Exchange""]","[""odds_api_io""]",1,,
soccer|myanmar w|thailand w|2026-06-09,spreads|myanmar w|1.25|home,spreads,Myanmar W,1.25,home,1.27,1.27,"[""Betfair Exchange""]","[""odds_api_io""]",1,,
soccer|myanmar w|thailand w|2026-06-09,spreads|thailand w|-1.25|away,spreads,Thailand W,-1.25,away,3.9,3.9,"[""Betfair Exchange""]","[""odds_api_io""]",1,,
soccer|myanmar w|thailand w|2026-06-09,spreads|myanmar w|-1.75|home,spreads,Myanmar W,-1.75,home,11.0,11.0,"[""Betfair Exchange""]","[""odds_api_io""]",1,,
soccer|myanmar w|thailand w|2026-06-09,spreads|thailand w|1.75|away,spreads,Thailand W,1.75,away,1.06,1.06,"[""Betfair Exchange""]","[""odds_api_io""]",1,,
soccer|myanmar w|thailand w|2026-06-09,spreads|myanmar w|-1.00|home,spreads,Myanmar W,-1.0,home,7.8,7.1792,"[""Betfair Exchange""]","[""odds_api_io""]",2,2.217,
soccer|myanmar w|thailand w|2026-06-09,spreads|thailand w|1.00|away,spreads,Thailand W,1.0,away,1.37,1.2324,"[""Betfair Exchange""]","[""odds_api_io""]",2,16.293,
soccer|myanmar w|thailand w|2026-06-09,spreads|myanmar w|-2.25|home,spreads,Myanmar W,-2.25,home,19.27,19.27,"[""Betfair Exchange""]","[""odds_api_io""]",1,,
soccer|myanmar w|thailand w|2026-06-09,spreads|thailand w|2.25|away,spreads,Thailand W,2.25,away,1.03,1.03,"[""Betfair Exchange""]","[""odds_api_io""]",1,,
soccer|myanmar w|thailand w|2026-06-09,spreads|myanmar w|-2.50|home,spreads,Myanmar W,-2.5,home,20.0,20.0,"[""Betfair Exchange""]","[""odds_api_io""]",1,,
soccer|myanmar w|thailand w|2026-06-09,spreads|thailand w|2.50|away,spreads,Thailand W,2.5,away,1.03,1.03,"[""Betfair Exchange""]","[""odds_api_io""]",1,,
soccer|myanmar w|thailand w|2026-06-09,spreads|myanmar w|-1.25|home,spreads,Myanmar W,-1.25,home,7.29,7.29,"[""Betfair Exchange""]","[""odds_api_io""]",1,,
soccer|myanmar w|thailand w|2026-06-09,spreads|thailand w|1.25|away,spreads,Thailand W,1.25,away,1.11,1.11,"[""Betfair Exchange""]","[""odds_api_io""]",1,,
soccer|myanmar w|thailand w|2026-06-09,spreads|myanmar w|-2.00|home,spreads,Myanmar W,-2.0,home,20.0,19.2477,"[""Betfair Exchange""]","[""odds_api_io""]",2,0.391,
soccer|myanmar w|thailand w|2026-06-09,spreads|thailand w|2.00|away,spreads,Thailand W,2.0,away,1.1,1.0638,"[""Betfair Exchange""]","[""odds_api_io""]",2,6.178,
soccer|myanmar w|thailand w|2026-06-09,spreads|myanmar w|-2.75|home,spreads,Myanmar W,-2.75,home,31.0,31.0,"[""Betfair Exchange""]","[""odds_api_io""]",1,,
soccer|myanmar w|thailand w|2026-06-09,spreads|thailand w|2.75|away,spreads,Thailand W,2.75,away,1.01,1.01,"[""Betfair Exchange""]","[""odds_api_io""]",1,,
soccer|myanmar w|thailand w|2026-06-09,spreads|myanmar w|-1.50|home,spreads,Myanmar W,-1.5,home,7.94,7.94,"[""Betfair Exchange""]","[""odds_api_io""]",1,,
soccer|myanmar w|thailand w|2026-06-09,spreads|thailand w|1.50|away,spreads,Thailand W,1.5,away,1.1,1.1,"[""Betfair Exchange""]","[""odds_api_io""]",1,,
soccer|myanmar w|thailand w|2026-06-09,spreads|myanmar w|1.75|home,spreads,Myanmar W,1.75,home,1.15,1.15,"[""Betfair Exchange""]","[""odds_api_io""]",1,,
soccer|myanmar w|thailand w|2026-06-09,spreads|thailand w|-1.75|away,spreads,Thailand W,-1.75,away,5.83,5.83,"[""Betfair Exchange""]","[""odds_api_io""]",1,,
soccer|myanmar w|thailand w|2026-06-09,spreads|myanmar w|1.50|home,spreads,Myanmar W,1.5,home,1.23,1.23,"[""Betfair Exchange""]","[""odds_api_io""]",1,,
soccer|myanmar w|thailand w|2026-06-09,spreads|thailand w|-1.50|away,spreads,Thailand W,-1.5,away,4.4,4.4,"[""Betfair Exchange""]","[""odds_api_io""]",1,,
soccer|myanmar w|thailand w|2026-06-09,spreads|myanmar w|2.50|home,spreads,Myanmar W,2.5,home,1.07,1.07,"[""Betfair Exchange""]","[""odds_api_io""]",1,,
soccer|myanmar w|thailand w|2026-06-09,spreads|thailand w|-2.50|away,spreads,Thailand W,-2.5,away,10.64,10.64,"[""Betfair Exchange""]","[""odds_api_io""]",1,,
soccer|myanmar w|thailand w|2026-06-09,spreads|myanmar w|3.25|home,spreads,Myanmar W,3.25,home,1.02,1.02,"[""Betfair Exchange""]","[""odds_api_io""]",1,,
soccer|myanmar w|thailand w|2026-06-09,spreads|thailand w|-3.25|away,spreads,Thailand W,-3.25,away,30.99,30.99,"[""Betfair Exchange""]","[""odds_api_io""]",1,,
soccer|myanmar w|thailand w|2026-06-09,spreads|myanmar w|2.75|home,spreads,Myanmar W,2.75,home,1.04,1.04,"[""Betfair Exchange""]","[""odds_api_io""]",1,,
soccer|myanmar w|thailand w|2026-06-09,spreads|thailand w|-2.75|away,spreads,Thailand W,-2.75,away,15.47,15.47,"[""Betfair Exchange""]","[""odds_api_io""]",1,,
soccer|myanmar w|thailand w|2026-06-09,spreads|myanmar w|2.25|home,spreads,Myanmar W,2.25,home,1.07,1.07,"[""Betfair Exchange""]","[""odds_api_io""]",1,,
soccer|myanmar w|thailand w|2026-06-09,spreads|thailand w|-2.25|away,spreads,Thailand W,-2.25,away,10.09,10.09,"[""Betfair Exchange""]","[""odds_api_io""]",1,,
soccer|myanmar w|thailand w|2026-06-09,spreads|myanmar w|3.00|home,spreads,Myanmar W,3.0,home,1.07,1.0444,"[""Betfair Exchange""]","[""odds_api_io""]",2,4.581,
soccer|myanmar w|thailand w|2026-06-09,spreads|thailand w|-3.00|away,spreads,Thailand W,-3.0,away,32.0,30.9624,"[""Betfair Exchange""]","[""odds_api_io""]",2,0.209,
soccer|myanmar w|thailand w|2026-06-09,spreads|myanmar w|2.00|home,spreads,Myanmar W,2.0,home,1.23,1.1501,"[""Betfair Exchange""]","[""odds_api_io""]",2,11.292,
soccer|myanmar w|thailand w|2026-06-09,spreads|thailand w|-2.00|away,spreads,Thailand W,-2.0,away,10.5,9.8973,"[""Betfair Exchange""]","[""odds_api_io""]",2,1.16,
soccer|myanmar w|thailand w|2026-06-09,spreads|myanmar w|3.50|home,spreads,Myanmar W,3.5,home,1.02,1.02,"[""Betfair Exchange""]","[""odds_api_io""]",1,,
soccer|myanmar w|thailand w|2026-06-09,spreads|thailand w|-3.50|away,spreads,Thailand W,-3.5,away,32.0,32.0,"[""Betfair Exchange""]","[""odds_api_io""]",1,,
soccer|myanmar w|thailand w|2026-06-09,spreads|myanmar w|3.75|home,spreads,Myanmar W,3.75,home,1.01,1.01,"[""Betfair Exchange""]","[""odds_api_io""]",1,,
soccer|myanmar w|thailand w|2026-06-09,spreads|thailand w|-3.75|away,spreads,Thailand W,-3.75,away,31.99,31.99,"[""Betfair Exchange""]","[""odds_api_io""]",1,,
soccer|myanmar w|thailand w|2026-06-09,totals|over|2.25|,totals,Over,2.25,,1.68,1.68,"[""Betfair Exchange""]","[""odds_api_io""]",1,,
soccer|myanmar w|thailand w|2026-06-09,totals|under|2.25|,totals,Under,2.25,,2.22,2.22,"[""Betfair Exchange""]","[""odds_api_io""]",1,,
soccer|myanmar w|thailand w|2026-06-09,totals|over|4.00|,totals,Over,4.0,,5.91,5.91,"[""Betfair Exchange""]","[""odds_api_io""]",1,,
soccer|myanmar w|thailand w|2026-06-09,totals|under|4.00|,totals,Under,4.0,,1.15,1.15,"[""Betfair Exchange""]","[""odds_api_io""]",1,,
soccer|myanmar w|thailand w|2026-06-09,totals|over|5.25|,totals,Over,5.25,,16.9,16.9,"[""Betfair Exchange""]","[""odds_api_io""]",1,,
soccer|myanmar w|thailand w|2026-06-09,totals|under|5.25|,totals,Under,5.25,,1.04,1.04,"[""Betfair Exchange""]","[""odds_api_io""]",1,,
soccer|myanmar w|thailand w|2026-06-09,totals|over|1.25|,totals,Over,1.25,,1.19,1.19,"[""Betfair Exchange""]","[""odds_api_io""]",1,,
soccer|myanmar w|thailand w|2026-06-09,totals|under|1.25|,totals,Under,1.25,,5.08,5.08,"[""Betfair Exchange""]","[""odds_api_io""]",1,,
soccer|myanmar w|thailand w|2026-06-09,totals|over|1.00|,totals,Over,1.0,,1.07,1.07,"[""Betfair Exchange""]","[""odds_api_io""]",1,,
soccer|myanmar w|thailand w|2026-06-09,totals|under|1.00|,totals,Under,1.0,,9.38,9.38,"[""Betfair Exchange""]","[""odds_api_io""]",1,,
soccer|myanmar w|thailand w|2026-06-09,totals|over|2.75|,totals,Over,2.75,,2.15,2.15,"[""Betfair Exchange""]","[""odds_api_io""]",1,,
soccer|myanmar w|thailand w|2026-06-09,totals|under|2.75|,totals,Under,2.75,,1.69,1.69,"[""Betfair Exchange""]","[""odds_api_io""]",1,,
soccer|myanmar w|thailand w|2026-06-09,totals|over|4.50|,totals,Over,4.5,,7.0,7.0,"[""Betfair Exchange""]","[""odds_api_io""]",1,,
soccer|myanmar w|thailand w|2026-06-09,totals|under|4.50|,totals,Under,4.5,,1.13,1.13,"[""Betfair Exchange""]","[""odds_api_io""]",1,,
soccer|myanmar w|thailand w|2026-06-09,totals|over|4.75|,totals,Over,4.75,,9.59,9.59,"[""Betfair Exchange""]","[""odds_api_io""]",1,,
soccer|myanmar w|thailand w|2026-06-09,totals|under|4.75|,totals,Under,4.75,,1.08,1.08,"[""Betfair Exchange""]","[""odds_api_io""]",1,,
soccer|myanmar w|thailand w|2026-06-09,totals|over|5.00|,totals,Over,5.0,,16.14,16.14,"[""Betfair Exchange""]","[""odds_api_io""]",1,,
soccer|myanmar w|thailand w|2026-06-09,totals|under|5.00|,totals,Under,5.0,,1.04,1.04,"[""Betfair Exchange""]","[""odds_api_io""]",1,,
soccer|myanmar w|thailand w|2026-06-09,totals|over|3.75|,totals,Over,3.75,,4.17,4.17,"[""Betfair Exchange""]","[""odds_api_io""]",1,,
soccer|myanmar w|thailand w|2026-06-09,totals|under|3.75|,totals,Under,3.75,,1.22,1.22,"[""Betfair Exchange""]","[""odds_api_io""]",1,,
soccer|myanmar w|thailand w|2026-06-09,totals|over|0.75|,totals,Over,0.75,,1.06,1.06,"[""Betfair Exchange""]","[""odds_api_io""]",1,,
soccer|myanmar w|thailand w|2026-06-09,totals|under|0.75|,totals,Under,0.75,,10.42,10.42,"[""Betfair Exchange""]","[""odds_api_io""]",1,,
soccer|myanmar w|thailand w|2026-06-09,totals|over|1.75|,totals,Over,1.75,,1.37,1.37,"[""Betfair Exchange""]","[""odds_api_io""]",1,,
soccer|myanmar w|thailand w|2026-06-09,totals|under|1.75|,totals,Under,1.75,,3.12,3.12,"[""Betfair Exchange""]","[""odds_api_io""]",1,,
soccer|myanmar w|thailand w|2026-06-09,totals|over|2.50|,totals,Over,2.5,,1.89,1.89,"[""Betfair Exchange""]","[""odds_api_io""]",1,,
soccer|myanmar w|thailand w|2026-06-09,totals|under|2.50|,totals,Under,2.5,,1.95,1.95,"[""Betfair Exchange""]","[""odds_api_io""]",1,,
soccer|myanmar w|thailand w|2026-06-09,totals|over|0.50|,totals,Over,0.5,,1.06,1.06,"[""Betfair Exchange""]","[""odds_api_io""]",1,,
soccer|myanmar w|thailand w|2026-06-09,totals|under|0.50|,totals,Under,0.5,,12.11,12.11,"[""Betfair Exchange""]","[""odds_api_io""]",1,,
soccer|myanmar w|thailand w|2026-06-09,totals|over|4.25|,totals,Over,4.25,,6.45,6.45,"[""Betfair Exchange""]","[""odds_api_io""]",1,,
soccer|myanmar w|thailand w|2026-06-09,totals|under|4.25|,totals,Under,4.25,,1.14,1.14,"[""Betfair Exchange""]","[""odds_api_io""]",1,,
soccer|myanmar w|thailand w|2026-06-09,totals|over|2.00|,totals,Over,2.0,,1.45,1.45,"[""Betfair Exchange""]","[""odds_api_io""]",1,,
soccer|myanmar w|thailand w|2026-06-09,totals|under|2.00|,totals,Under,2.0,,2.74,2.74,"[""Betfair Exchange""]","[""odds_api_io""]",1,,
soccer|myanmar w|thailand w|2026-06-09,totals|over|5.50|,totals,Over,5.5,,17.66,17.66,"[""Betfair Exchange""]","[""odds_api_io""]",1,,
soccer|myanmar w|thailand w|2026-06-09,totals|under|5.50|,totals,Under,5.5,,1.04,1.04,"[""Betfair Exchange""]","[""odds_api_io""]",1,,
soccer|myanmar w|thailand w|2026-06-09,totals|over|3.00|,totals,Over,3.0,,2.62,2.62,"[""Betfair Exchange""]","[""odds_api_io""]",1,,
soccer|myanmar w|thailand w|2026-06-09,totals|under|3.00|,totals,Under,3.0,,1.51,1.51,"[""Betfair Exchange""]","[""odds_api_io""]",1,,
soccer|myanmar w|thailand w|2026-06-09,totals|over|3.25|,totals,Over,3.25,,2.98,2.98,"[""Betfair Exchange""]","[""odds_api_io""]",1,,
soccer|myanmar w|thailand w|2026-06-09,totals|under|3.25|,totals,Under,3.25,,1.41,1.41,"[""Betfair Exchange""]","[""odds_api_io""]",1,,
soccer|myanmar w|thailand w|2026-06-09,totals|over|5.75|,totals,Over,5.75,,23.0,23.0,"[""Betfair Exchange""]","[""odds_api_io""]",1,,
soccer|myanmar w|thailand w|2026-06-09,totals|under|5.75|,totals,Under,5.75,,1.01,1.01,"[""Betfair Exchange""]","[""odds_api_io""]",1,,
soccer|myanmar w|thailand w|2026-06-09,totals|over|6.50|,totals,Over,6.5,,34.33,34.33,"[""Betfair Exchange""]","[""odds_api_io""]",1,,
soccer|myanmar w|thailand w|2026-06-09,totals|under|6.50|,totals,Under,6.5,,1.01,1.01,"[""Betfair Exchange""]","[""odds_api_io""]",1,,
soccer|myanmar w|thailand w|2026-06-09,totals|over|6.00|,totals,Over,6.0,,33.38,33.38,"[""Betfair Exchange""]","[""odds_api_io""]",1,,
soccer|myanmar w|thailand w|2026-06-09,totals|under|6.00|,totals,Under,6.0,,1.01,1.01,"[""Betfair Exchange""]","[""odds_api_io""]",1,,
soccer|myanmar w|thailand w|2026-06-09,totals|over|6.25|,totals,Over,6.25,,33.86,33.86,"[""Betfair Exchange""]","[""odds_api_io""]",1,,
soccer|myanmar w|thailand w|2026-06-09,totals|under|6.25|,totals,Under,6.25,,1.01,1.01,"[""Betfair Exchange""]","[""odds_api_io""]",1,,
soccer|myanmar w|thailand w|2026-06-09,totals|over|1.50|,totals,Over,1.5,,1.31,1.31,"[""Betfair Exchange""]","[""odds_api_io""]",1,,
soccer|myanmar w|thailand w|2026-06-09,totals|under|1.50|,totals,Under,1.5,,3.7,3.7,"[""Betfair Exchange""]","[""odds_api_io""]",1,,
soccer|myanmar w|thailand w|2026-06-09,totals|over|3.50|,totals,Over,3.5,,3.35,3.35,"[""Betfair Exchange""]","[""odds_api_io""]",1,,
soccer|myanmar w|thailand w|2026-06-09,totals|under|3.50|,totals,Under,3.5,,1.35,1.35,"[""Betfair Exchange""]","[""odds_api_io""]",1,,
soccer|myanmar w|thailand w|2026-06-09,btts|yes||,btts,Yes,,,1.73,1.73,"[""Betfair Exchange""]","[""odds_api_io""]",1,,
soccer|myanmar w|thailand w|2026-06-09,btts|no||,btts,No,,,2.12,2.12,"[""Betfair Exchange""]","[""odds_api_io""]",1,,
soccer|myanmar w|thailand w|2026-06-09,spreads|myanmar w|-3.00|home,spreads,Myanmar W,-3.0,home,75.0,75.0,"[""Betfair Exchange""]","[""odds_api_io""]",1,,
soccer|myanmar w|thailand w|2026-06-09,spreads|thailand w|3.00|away,spreads,Thailand W,3.0,away,1.03,1.03,"[""Betfair Exchange""]","[""odds_api_io""]",1,,
soccer|angola|central african republic|2026-06-09,h2h|angola||home,h2h,Angola,,home,1.54,1.4973,"[""Unibet"", ""Betfair Exchange""]","[""odds_api_io""]",2,3.558,
soccer|angola|central african republic|2026-06-09,h2h|draw||,h2h,Draw,,,3.8,3.7266,"[""Unibet"", ""Betfair Exchange""]","[""odds_api_io""]",2,1.081,
soccer|angola|central african republic|2026-06-09,h2h|central african republic||away,h2h,Central African Republic,,away,5.9,5.6494,"[""Unibet"", ""Betfair Exchange""]","[""odds_api_io""]",2,1.569,
soccer|angola|central african republic|2026-06-09,dnb|angola|0.00|home,dnb,Angola,0.0,home,1.18,1.12,"[""Unibet"", ""Betfair Exchange""]","[""odds_api_io""]",2,8.712,
soccer|angola|central african republic|2026-06-09,dnb|central african republic|0.00|away,dnb,Central African Republic,0.0,away,4.3,4.072,"[""Unibet"", ""Betfair Exchange""]","[""odds_api_io""]",2,2.718,
soccer|angola|central african republic|2026-06-09,doubleChance|1x||,doubleChance,1X,,,1.09,1.0688,"[""Unibet"", ""Betfair Exchange""]","[""odds_api_io""]",2,3.495,
soccer|angola|central african republic|2026-06-09,doubleChance|12||,doubleChance,12,,,1.19,1.1795,"[""Unibet"", ""Betfair Exchange""]","[""odds_api_io""]",2,1.436,
soccer|angola|central african republic|2026-06-09,doubleChance|x2||,doubleChance,X2,,,2.3,2.1996,"[""Unibet"", ""Betfair Exchange""]","[""odds_api_io""]",2,4.141,
soccer|angola|central african republic|2026-06-09,totals|over|2.50|,totals,Over,2.5,,2.4,2.268,"[""Unibet"", ""Betfair Exchange""]","[""odds_api_io""]",2,5.062,
soccer|angola|central african republic|2026-06-09,totals|under|2.50|,totals,Under,2.5,,1.62,1.6006,"[""Unibet"", ""Betfair Exchange""]","[""odds_api_io""]",2,1.563,
soccer|angola|central african republic|2026-06-09,totals|over|3.50|,totals,Over,3.5,,3.9,2.9421,"[""Unibet"", ""Betfair Exchange""]","[""odds_api_io""]",2,16.026,
soccer|angola|central african republic|2026-06-09,totals|under|3.50|,totals,Under,3.5,,1.19,1.19,"[""Unibet"", ""Betfair Exchange""]","[""odds_api_io""]",2,,
soccer|angola|central african republic|2026-06-09,totals|over|1.50|,totals,Over,1.5,,1.47,1.4203,"[""Unibet"", ""Betfair Exchange""]","[""odds_api_io""]",2,4.965,
soccer|angola|central african republic|2026-06-09,totals|under|1.50|,totals,Under,1.5,,2.94,2.8199,"[""Unibet"", ""Betfair Exchange""]","[""odds_api_io""]",2,3.023,
soccer|angola|central african republic|2026-06-09,btts|yes||,btts,Yes,,,2.2,1.4555,"[""Unibet"", ""Betfair Exchange""]","[""odds_api_io""]",2,44.636,
soccer|angola|central african republic|2026-06-09,btts|no||,btts,No,,,1.58,1.3015,"[""Unibet"", ""Betfair Exchange""]","[""odds_api_io""]",2,25.995,
soccer|angola|central african republic|2026-06-09,teamTotals|over|1.50|,teamTotals,Over,1.5,,1.82,1.82,"[""Unibet""]","[""odds_api_io""]",1,,
soccer|angola|central african republic|2026-06-09,teamTotals|under|1.50|,teamTotals,Under,1.5,,1.78,1.78,"[""Unibet""]","[""odds_api_io""]",1,,
soccer|angola|central african republic|2026-06-09,teamTotals|over|0.50|,teamTotals,Over,0.5,,1.79,1.79,"[""Unibet""]","[""odds_api_io""]",1,,
soccer|angola|central african republic|2026-06-09,teamTotals|under|0.50|,teamTotals,Under,0.5,,1.81,1.81,"[""Unibet""]","[""odds_api_io""]",1,,
soccer|angola|central african republic|2026-06-09,spreads|angola|-2.00|home,spreads,Angola,-2.0,home,4.6,2.1694,"[""Unibet"", ""Betfair Exchange""]","[""odds_api_io""]",2,46.754,
soccer|angola|central african republic|2026-06-09,spreads|central african republic|2.00|away,spreads,Central African Republic,2.0,away,1.32,1.138,"[""Unibet"", ""Betfair Exchange""]","[""odds_api_io""]",2,23.252,
soccer|angola|central african republic|2026-06-09,spreads|angola|-1.00|home,spreads,Angola,-1.0,home,2.43,1.8052,"[""Unibet"", ""Betfair Exchange""]","[""odds_api_io""]",2,27.341,
soccer|angola|central african republic|2026-06-09,spreads|central african republic|1.00|away,spreads,Central African Republic,1.0,away,2.3,1.5755,"[""Unibet"", ""Betfair Exchange""]","[""odds_api_io""]",3,54.561,
soccer|angola|central african republic|2026-06-09,spreads|angola|-0.25|home,spreads,Angola,-0.25,home,1.26,1.26,"[""Betfair Exchange""]","[""odds_api_io""]",1,,
soccer|angola|central african republic|2026-06-09,spreads|central african republic|0.25|away,spreads,Central African Republic,0.25,away,2.88,2.88,"[""Betfair Exchange""]","[""odds_api_io""]",1,,
soccer|angola|central african republic|2026-06-09,spreads|angola|-1.75|home,spreads,Angola,-1.75,home,1.46,1.46,"[""Betfair Exchange""]","[""odds_api_io""]",1,,
soccer|angola|central african republic|2026-06-09,spreads|central african republic|1.75|away,spreads,Central African Republic,1.75,away,1.01,1.01,"[""Betfair Exchange""]","[""odds_api_io""]",1,,
soccer|angola|central african republic|2026-06-09,spreads|angola|-1.25|home,spreads,Angola,-1.25,home,1.46,1.46,"[""Betfair Exchange""]","[""odds_api_io""]",1,,
soccer|angola|central african republic|2026-06-09,spreads|central african republic|1.25|away,spreads,Central African Republic,1.25,away,1.01,1.01,"[""Betfair Exchange""]","[""odds_api_io""]",1,,
soccer|angola|central african republic|2026-06-09,spreads|angola|-0.75|home,spreads,Angola,-0.75,home,1.46,1.46,"[""Betfair Exchange""]","[""odds_api_io""]",1,,
soccer|angola|central african republic|2026-06-09,spreads|central african republic|0.75|away,spreads,Central African Republic,0.75,away,1.66,1.66,"[""Betfair Exchange""]","[""odds_api_io""]",1,,
soccer|angola|central african republic|2026-06-09,spreads|angola|0.25|home,spreads,Angola,0.25,home,1.06,1.06,"[""Betfair Exchange""]","[""odds_api_io""]",1,,
soccer|angola|central african republic|2026-06-09,spreads|central african republic|-0.25|away,spreads,Central African Republic,-0.25,away,5.12,5.12,"[""Betfair Exchange""]","[""odds_api_io""]",1,,
soccer|angola|central african republic|2026-06-09,spreads|angola|-2.25|home,spreads,Angola,-2.25,home,1.46,1.46,"[""Betfair Exchange""]","[""odds_api_io""]",1,,
soccer|angola|central african republic|2026-06-09,spreads|central african republic|2.25|away,spreads,Central African Republic,2.25,away,1.01,1.01,"[""Betfair Exchange""]","[""odds_api_io""]",1,,
soccer|angola|central african republic|2026-06-09,spreads|angola|-2.50|home,spreads,Angola,-2.5,home,1.46,1.46,"[""Betfair Exchange""]","[""odds_api_io""]",1,,
soccer|angola|central african republic|2026-06-09,spreads|central african republic|2.50|away,spreads,Central African Republic,2.5,away,1.01,1.01,"[""Betfair Exchange""]","[""odds_api_io""]",1,,
soccer|angola|central african republic|2026-06-09,spreads|angola|-1.50|home,spreads,Angola,-1.5,home,1.46,1.46,"[""Betfair Exchange""]","[""odds_api_io""]",1,,
soccer|angola|central african republic|2026-06-09,spreads|central african republic|1.50|away,spreads,Central African Republic,1.5,away,1.01,1.01,"[""Betfair Exchange""]","[""odds_api_io""]",1,,
soccer|angola|central african republic|2026-06-09,spreads|angola|-0.50|home,spreads,Angola,-0.5,home,1.46,1.46,"[""Betfair Exchange""]","[""odds_api_io""]",1,,
soccer|angola|central african republic|2026-06-09,spreads|central african republic|0.50|away,spreads,Central African Republic,0.5,away,2.31,2.31,"[""Betfair Exchange""]","[""odds_api_io""]",1,,
soccer|angola|central african republic|2026-06-09,spreads|angola|0.00|home,spreads,Angola,0.0,home,1.07,1.07,"[""Betfair Exchange""]","[""odds_api_io""]",1,,
soccer|angola|central african republic|2026-06-09,spreads|central african republic|-0.00|away,spreads,Central African Republic,-0.0,away,4.34,4.34,"[""Betfair Exchange""]","[""odds_api_io""]",1,,
soccer|angola|central african republic|2026-06-09,spreads|angola|1.00|home,spreads,Angola,1.0,home,1.05,1.0348,"[""Betfair Exchange""]","[""odds_api_io""]",2,2.801,
soccer|angola|central african republic|2026-06-09,spreads|central african republic|-1.00|away,spreads,Central African Republic,-1.0,away,5.9,5.9,"[""Betfair Exchange""]","[""odds_api_io""]",1,,
soccer|angola|central african republic|2026-06-09,spreads|angola|0.50|home,spreads,Angola,0.5,home,1.05,1.05,"[""Betfair Exchange""]","[""odds_api_io""]",1,,
soccer|angola|central african republic|2026-06-09,spreads|central african republic|-0.50|away,spreads,Central African Republic,-0.5,away,5.9,5.9,"[""Betfair Exchange""]","[""odds_api_io""]",1,,
soccer|angola|central african republic|2026-06-09,spreads|angola|0.75|home,spreads,Angola,0.75,home,1.03,1.03,"[""Betfair Exchange""]","[""odds_api_io""]",1,,
soccer|angola|central african republic|2026-06-09,spreads|central african republic|-0.75|away,spreads,Central African Republic,-0.75,away,5.9,5.9,"[""Betfair Exchange""]","[""odds_api_io""]",1,,
soccer|angola|central african republic|2026-06-09,spreads|angola|1.25|home,spreads,Angola,1.25,home,1.02,1.02,"[""Betfair Exchange""]","[""odds_api_io""]",1,,
soccer|angola|central african republic|2026-06-09,spreads|central african republic|-1.25|away,spreads,Central African Republic,-1.25,away,5.9,5.9,"[""Betfair Exchange""]","[""odds_api_io""]",1,,
soccer|angola|central african republic|2026-06-09,spreads|angola|2.00|home,spreads,Angola,2.0,home,1.02,1.015,"[""Betfair Exchange""]","[""odds_api_io""]",2,0.971,
soccer|angola|central african republic|2026-06-09,spreads|central african republic|-2.00|away,spreads,Central African Republic,-2.0,away,5.9,5.9,"[""Betfair Exchange""]","[""odds_api_io""]",1,,
soccer|angola|central african republic|2026-06-09,spreads|angola|1.75|home,spreads,Angola,1.75,home,1.01,1.01,"[""Betfair Exchange""]","[""odds_api_io""]",1,,
soccer|angola|central african republic|2026-06-09,spreads|central african republic|-1.75|away,spreads,Central African Republic,-1.75,away,5.9,5.9,"[""Betfair Exchange""]","[""odds_api_io""]",1,,
soccer|angola|central african republic|2026-06-09,spreads|angola|2.25|home,spreads,Angola,2.25,home,1.01,1.01,"[""Betfair Exchange""]","[""odds_api_io""]",1,,
soccer|angola|central african republic|2026-06-09,spreads|central african republic|-2.25|away,spreads,Central African Republic,-2.25,away,5.89,5.89,"[""Betfair Exchange""]","[""odds_api_io""]",1,,
soccer|angola|central african republic|2026-06-09,spreads|angola|2.50|home,spreads,Angola,2.5,home,1.01,1.01,"[""Betfair Exchange""]","[""odds_api_io""]",1,,
soccer|angola|central african republic|2026-06-09,spreads|central african republic|-2.50|away,spreads,Central African Republic,-2.5,away,5.9,5.9,"[""Betfair Exchange""]","[""odds_api_io""]",1,,
soccer|angola|central african republic|2026-06-09,spreads|angola|1.50|home,spreads,Angola,1.5,home,1.02,1.02,"[""Betfair Exchange""]","[""odds_api_io""]",1,,
soccer|angola|central african republic|2026-06-09,spreads|central african republic|-1.50|away,spreads,Central African Republic,-1.5,away,5.9,5.9,"[""Betfair Exchange""]","[""odds_api_io""]",1,,
soccer|angola|central african republic|2026-06-09,totals|over|4.00|,totals,Over,4.0,,7.45,7.45,"[""Betfair Exchange""]","[""odds_api_io""]",1,,
soccer|angola|central african republic|2026-06-09,totals|under|4.00|,totals,Under,4.0,,1.06,1.06,"[""Betfair Exchange""]","[""odds_api_io""]",1,,
soccer|angola|central african republic|2026-06-09,totals|over|3.00|,totals,Over,3.0,,2.41,2.41,"[""Betfair Exchange""]","[""odds_api_io""]",1,,
soccer|angola|central african republic|2026-06-09,totals|under|3.00|,totals,Under,3.0,,1.19,1.19,"[""Betfair Exchange""]","[""odds_api_io""]",1,,
soccer|angola|central african republic|2026-06-09,totals|over|3.25|,totals,Over,3.25,,2.41,2.41,"[""Betfair Exchange""]","[""odds_api_io""]",1,,
soccer|angola|central african republic|2026-06-09,totals|under|3.25|,totals,Under,3.25,,1.18,1.18,"[""Betfair Exchange""]","[""odds_api_io""]",1,,
soccer|angola|central african republic|2026-06-09,totals|over|3.75|,totals,Over,3.75,,3.32,3.32,"[""Betfair Exchange""]","[""odds_api_io""]",1,,
soccer|angola|central african republic|2026-06-09,totals|under|3.75|,totals,Under,3.75,,1.06,1.06,"[""Betfair Exchange""]","[""odds_api_io""]",1,,
soccer|angola|central african republic|2026-06-09,totals|over|4.25|,totals,Over,4.25,,9.22,9.22,"[""Betfair Exchange""]","[""odds_api_io""]",1,,
soccer|angola|central african republic|2026-06-09,totals|under|4.25|,totals,Under,4.25,,1.06,1.06,"[""Betfair Exchange""]","[""odds_api_io""]",1,,
soccer|angola|central african republic|2026-06-09,totals|over|4.50|,totals,Over,4.5,,11.0,11.0,"[""Betfair Exchange""]","[""odds_api_io""]",1,,
soccer|angola|central african republic|2026-06-09,totals|under|4.50|,totals,Under,4.5,,1.06,1.06,"[""Betfair Exchange""]","[""odds_api_io""]",1,,
soccer|angola|central african republic|2026-06-09,totals|over|1.25|,totals,Over,1.25,,1.24,1.24,"[""Betfair Exchange""]","[""odds_api_io""]",1,,
soccer|angola|central african republic|2026-06-09,totals|under|1.25|,totals,Under,1.25,,1.01,1.01,"[""Betfair Exchange""]","[""odds_api_io""]",1,,
soccer|angola|central african republic|2026-06-09,totals|over|1.00|,totals,Over,1.0,,1.02,1.02,"[""Betfair Exchange""]","[""odds_api_io""]",1,,
soccer|angola|central african republic|2026-06-09,totals|under|1.00|,totals,Under,1.0,,1.01,1.01,"[""Betfair Exchange""]","[""odds_api_io""]",1,,
soccer|angola|central african republic|2026-06-09,totals|over|0.50|,totals,Over,0.5,,1.02,1.02,"[""Betfair Exchange""]","[""odds_api_io""]",1,,
soccer|angola|central african republic|2026-06-09,totals|under|0.50|,totals,Under,0.5,,8.4,8.4,"[""Betfair Exchange""]","[""odds_api_io""]",1,,
soccer|angola|central african republic|2026-06-09,totals|over|0.75|,totals,Over,0.75,,1.02,1.02,"[""Betfair Exchange""]","[""odds_api_io""]",1,,
soccer|angola|central african republic|2026-06-09,totals|under|0.75|,totals,Under,0.75,,2.94,2.94,"[""Betfair Exchange""]","[""odds_api_io""]",1,,
soccer|angola|central african republic|2026-06-09,totals|over|4.75|,totals,Over,4.75,,11.0,11.0,"[""Betfair Exchange""]","[""odds_api_io""]",1,,
soccer|angola|central african republic|2026-06-09,totals|under|4.75|,totals,Under,4.75,,1.03,1.03,"[""Betfair Exchange""]","[""odds_api_io""]",1,,
soccer|angola|central african republic|2026-06-09,totals|over|6.25|,totals,Over,6.25,,5.38,5.38,"[""Betfair Exchange""]","[""odds_api_io""]",1,,
soccer|angola|central african republic|2026-06-09,totals|under|6.25|,totals,Under,6.25,,1.01,1.01,"[""Betfair Exchange""]","[""odds_api_io""]",1,,
soccer|angola|central african republic|2026-06-09,totals|over|6.50|,totals,Over,6.5,,11.0,11.0,"[""Betfair Exchange""]","[""odds_api_io""]",1,,
soccer|angola|central african republic|2026-06-09,totals|under|6.50|,totals,Under,6.5,,1.01,1.01,"[""Betfair Exchange""]","[""odds_api_io""]",1,,
soccer|angola|central african republic|2026-06-09,totals|over|2.25|,totals,Over,2.25,,2.08,2.08,"[""Betfair Exchange""]","[""odds_api_io""]",1,,
soccer|angola|central african republic|2026-06-09,totals|under|2.25|,totals,Under,2.25,,1.01,1.01,"[""Betfair Exchange""]","[""odds_api_io""]",1,,
soccer|angola|central african republic|2026-06-09,totals|over|5.25|,totals,Over,5.25,,11.0,11.0,"[""Betfair Exchange""]","[""odds_api_io""]",1,,
soccer|angola|central african republic|2026-06-09,totals|under|5.25|,totals,Under,5.25,,1.01,1.01,"[""Betfair Exchange""]","[""odds_api_io""]",1,,
soccer|angola|central african republic|2026-06-09,totals|over|6.00|,totals,Over,6.0,,11.0,11.0,"[""Betfair Exchange""]","[""odds_api_io""]",1,,
soccer|angola|central african republic|2026-06-09,totals|under|6.00|,totals,Under,6.0,,1.01,1.01,"[""Betfair Exchange""]","[""odds_api_io""]",1,,
soccer|angola|central african republic|2026-06-09,totals|over|5.50|,totals,Over,5.5,,11.0,11.0,"[""Betfair Exchange""]","[""odds_api_io""]",1,,
soccer|angola|central african republic|2026-06-09,totals|under|5.50|,totals,Under,5.5,,1.01,1.01,"[""Betfair Exchange""]","[""odds_api_io""]",1,,
soccer|angola|central african republic|2026-06-09,totals|over|2.75|,totals,Over,2.75,,2.4,2.4,"[""Betfair Exchange""]","[""odds_api_io""]",1,,
soccer|angola|central african republic|2026-06-09,totals|under|2.75|,totals,Under,2.75,,1.19,1.19,"[""Betfair Exchange""]","[""odds_api_io""]",1,,
soccer|angola|central african republic|2026-06-09,totals|over|5.00|,totals,Over,5.0,,11.0,11.0,"[""Betfair Exchange""]","[""odds_api_io""]",1,,
soccer|angola|central african republic|2026-06-09,totals|under|5.00|,totals,Under,5.0,,1.01,1.01,"[""Betfair Exchange""]","[""odds_api_io""]",1,,
soccer|angola|central african republic|2026-06-09,totals|over|1.75|,totals,Over,1.75,,1.58,1.58,"[""Betfair Exchange""]","[""odds_api_io""]",1,,
soccer|angola|central african republic|2026-06-09,totals|under|1.75|,totals,Under,1.75,,1.62,1.62,"[""Betfair Exchange""]","[""odds_api_io""]",1,,
soccer|angola|central african republic|2026-06-09,totals|over|5.75|,totals,Over,5.75,,11.0,11.0,"[""Betfair Exchange""]","[""odds_api_io""]",1,,
soccer|angola|central african republic|2026-06-09,totals|under|5.75|,totals,Under,5.75,,1.01,1.01,"[""Betfair Exchange""]","[""odds_api_io""]",1,,
soccer|angola|central african republic|2026-06-09,totals|over|2.00|,totals,Over,2.0,,1.76,1.76,"[""Betfair Exchange""]","[""odds_api_io""]",1,,
soccer|angola|central african republic|2026-06-09,totals|under|2.00|,totals,Under,2.0,,1.62,1.62,"[""Betfair Exchange""]","[""odds_api_io""]",1,,
soccer|angola|central african republic|2026-06-09,spreads|angola|3.00|home,spreads,Angola,3.0,home,1.01,1.01,"[""Betfair Exchange""]","[""odds_api_io""]",1,,
soccer|angola|central african republic|2026-06-09,spreads|central african republic|-3.00|away,spreads,Central African Republic,-3.0,away,5.8,5.8,"[""Betfair Exchange""]","[""odds_api_io""]",1,,
soccer|angola|central african republic|2026-06-09,spreads|angola|-3.00|home,spreads,Angola,-3.0,home,1.46,1.46,"[""Betfair Exchange""]","[""odds_api_io""]",1,,
soccer|angola|central african republic|2026-06-09,spreads|central african republic|3.00|away,spreads,Central African Republic,3.0,away,1.01,1.01,"[""Betfair Exchange""]","[""odds_api_io""]",1,,
soccer|botswana|niger|2026-06-09,h2h|botswana||home,h2h,Botswana,,home,2.04,1.9268,"[""Bet365"", ""Unibet"", ""Betfair Exchange"", ""Sbobet""]","[""odds_api_io""]",4,4.172,
soccer|botswana|niger|2026-06-09,h2h|draw||,h2h,Draw,,,3.5,3.267,"[""Bet365"", ""Unibet"", ""Betfair Exchange"", ""Sbobet""]","[""odds_api_io""]",4,4.651,
soccer|botswana|niger|2026-06-09,h2h|niger||away,h2h,Niger,,away,3.6,3.4831,"[""Bet365"", ""Unibet"", ""Betfair Exchange"", ""Sbobet""]","[""odds_api_io""]",4,2.897,
soccer|botswana|niger|2026-06-09,dnb|botswana|0.00|home,dnb,Botswana,0.0,home,1.444,1.412,"[""Bet365"", ""Unibet""]","[""odds_api_io""]",2,3.212,
soccer|botswana|niger|2026-06-09,dnb|niger|0.00|away,dnb,Niger,0.0,away,2.625,2.5878,"[""Bet365"", ""Unibet""]","[""odds_api_io""]",2,1.12,
soccer|botswana|niger|2026-06-09,spreads|botswana|-0.50|home,spreads,Botswana,-0.5,home,2.0,1.9381,"[""Bet365"", ""Sbobet""]","[""odds_api_io""]",2,3.191,
soccer|botswana|niger|2026-06-09,spreads|niger|0.50|away,spreads,Niger,0.5,away,1.86,1.8295,"[""Bet365"", ""Sbobet""]","[""odds_api_io""]",2,1.792,
soccer|botswana|niger|2026-06-09,totals|over|2.50|,totals,Over,2.5,,1.88,1.8332,"[""Bet365"", ""Unibet"", ""Sbobet""]","[""odds_api_io""]",3,3.306,
soccer|botswana|niger|2026-06-09,totals|under|2.50|,totals,Under,2.5,,1.95,1.9154,"[""Bet365"", ""Unibet"", ""Sbobet""]","[""odds_api_io""]",3,2.481,
soccer|botswana|niger|2026-06-09,doubleChance|1x||,doubleChance,1X,,,1.19,1.19,"[""Unibet""]","[""odds_api_io""]",1,,
soccer|botswana|niger|2026-06-09,doubleChance|12||,doubleChance,12,,,1.37,1.37,"[""Unibet""]","[""odds_api_io""]",1,,
soccer|botswana|niger|2026-06-09,doubleChance|x2||,doubleChance,X2,,,1.48,1.48,"[""Unibet""]","[""odds_api_io""]",1,,
soccer|botswana|niger|2026-06-09,totals|over|3.50|,totals,Over,3.5,,2.95,2.95,"[""Unibet""]","[""odds_api_io""]",1,,
soccer|botswana|niger|2026-06-09,totals|under|3.50|,totals,Under,3.5,,1.35,1.35,"[""Unibet""]","[""odds_api_io""]",1,,
soccer|botswana|niger|2026-06-09,totals|over|1.50|,totals,Over,1.5,,1.23,1.23,"[""Unibet""]","[""odds_api_io""]",1,,
soccer|botswana|niger|2026-06-09,totals|under|1.50|,totals,Under,1.5,,3.7,3.7,"[""Unibet""]","[""odds_api_io""]",1,,
soccer|botswana|niger|2026-06-09,btts|yes||,btts,Yes,,,1.62,1.62,"[""Unibet""]","[""odds_api_io""]",1,,
soccer|botswana|niger|2026-06-09,btts|no||,btts,No,,,2.02,2.02,"[""Unibet""]","[""odds_api_io""]",1,,
soccer|botswana|niger|2026-06-09,teamTotals|over|1.50|,teamTotals,Over,1.5,,1.81,1.81,"[""Unibet""]","[""odds_api_io""]",1,,
soccer|botswana|niger|2026-06-09,teamTotals|under|1.50|,teamTotals,Under,1.5,,1.79,1.79,"[""Unibet""]","[""odds_api_io""]",1,,
soccer|botswana|niger|2026-06-09,teamTotals|over|0.50|,teamTotals,Over,0.5,,1.36,1.36,"[""Unibet""]","[""odds_api_io""]",1,,
soccer|botswana|niger|2026-06-09,teamTotals|under|0.50|,teamTotals,Under,0.5,,2.65,2.65,"[""Unibet""]","[""odds_api_io""]",1,,
soccer|botswana|niger|2026-06-09,spreads|botswana|-2.00|home,spreads,Botswana,-2.0,home,5.5,5.5,"[""Unibet""]","[""odds_api_io""]",1,,
soccer|botswana|niger|2026-06-09,spreads|niger|2.00|away,spreads,Niger,2.0,away,1.21,1.21,"[""Unibet""]","[""odds_api_io""]",1,,
soccer|botswana|niger|2026-06-09,spreads|botswana|-1.00|home,spreads,Botswana,-1.0,home,3.5,3.213,"[""Unibet"", ""Betfair Exchange""]","[""odds_api_io""]",2,5.327,
soccer|botswana|niger|2026-06-09,spreads|niger|1.00|away,spreads,Niger,1.0,away,1.7,1.2538,"[""Unibet"", ""Betfair Exchange""]","[""odds_api_io""]",2,40.186,
soccer|botswana|niger|2026-06-09,spreads|botswana|1.00|home,spreads,Botswana,1.0,home,1.2,1.2,"[""Unibet""]","[""odds_api_io""]",1,,
soccer|botswana|niger|2026-06-09,spreads|niger|-1.00|away,spreads,Niger,-1.0,away,6.0,6.0,"[""Unibet""]","[""odds_api_io""]",1,,
soccer|botswana|niger|2026-06-09,spreads|botswana|-0.75|home,spreads,Botswana,-0.75,home,2.37,2.37,"[""Betfair Exchange""]","[""odds_api_io""]",1,,
soccer|botswana|niger|2026-06-09,spreads|niger|0.75|away,spreads,Niger,0.75,away,1.59,1.59,"[""Betfair Exchange""]","[""odds_api_io""]",1,,
soccer|botswana|niger|2026-06-09,totals|over|3.25|,totals,Over,3.25,,2.48,2.48,"[""Betfair Exchange""]","[""odds_api_io""]",1,,
soccer|botswana|niger|2026-06-09,totals|under|3.25|,totals,Under,3.25,,1.46,1.46,"[""Betfair Exchange""]","[""odds_api_io""]",1,,
soccer|livyi bereh kyiv|oleksandriya|2026-06-09,h2h|fc livyi bereh kyiv||home,h2h,FC Livyi Bereh Kyiv,,home,2.42,2.3335,"[""Bet365"", ""Betfair Exchange""]","[""odds_api_io""]",2,3.122,
soccer|livyi bereh kyiv|oleksandriya|2026-06-09,h2h|draw||,h2h,Draw,,,3.3,3.2501,"[""Bet365"", ""Betfair Exchange""]","[""odds_api_io""]",2,0.947,
soccer|livyi bereh kyiv|oleksandriya|2026-06-09,h2h|fc oleksandriya||away,h2h,FC Oleksandriya,,away,2.98,2.8888,"[""Bet365"", ""Betfair Exchange""]","[""odds_api_io""]",2,2.157,
soccer|livyi bereh kyiv|oleksandriya|2026-06-09,dnb|fc livyi bereh kyiv|0.00|home,dnb,FC Livyi Bereh Kyiv,0.0,home,1.68,1.6731,"[""Bet365"", ""Betfair Exchange""]","[""odds_api_io""]",2,0.5,
soccer|livyi bereh kyiv|oleksandriya|2026-06-09,dnb|fc oleksandriya|0.00|away,dnb,FC Oleksandriya,0.0,away,2.1,2.0898,"[""Bet365"", ""Betfair Exchange""]","[""odds_api_io""]",2,0.458,
soccer|livyi bereh kyiv|oleksandriya|2026-06-09,spreads|fc livyi bereh kyiv|-0.25|home,spreads,FC Livyi Bereh Kyiv,-0.25,home,2.05,2.0251,"[""Bet365"", ""Betfair Exchange""]","[""odds_api_io""]",2,1.22,
soccer|livyi bereh kyiv|oleksandriya|2026-06-09,spreads|fc oleksandriya|0.25|away,spreads,FC Oleksandriya,0.25,away,1.8,1.7689,"[""Bet365"", ""Betfair Exchange""]","[""odds_api_io""]",2,1.916,
soccer|livyi bereh kyiv|oleksandriya|2026-06-09,totals|over|2.25|,totals,Over,2.25,,1.9,1.7983,"[""Bet365"", ""Betfair Exchange""]","[""odds_api_io""]",2,5.848,
soccer|livyi bereh kyiv|oleksandriya|2026-06-09,totals|under|2.25|,totals,Under,2.25,,1.9,1.7344,"[""Bet365"", ""Betfair Exchange""]","[""odds_api_io""]",2,9.868,
soccer|livyi bereh kyiv|oleksandriya|2026-06-09,totals|over|2.50|,totals,Over,2.5,,2.15,2.0321,"[""Bet365"", ""Betfair Exchange""]","[""odds_api_io""]",2,5.302,
soccer|livyi bereh kyiv|oleksandriya|2026-06-09,totals|under|2.50|,totals,Under,2.5,,1.666,1.6317,"[""Bet365"", ""Betfair Exchange""]","[""odds_api_io""]",2,2.476,
soccer|livyi bereh kyiv|oleksandriya|2026-06-09,spreads|fc livyi bereh kyiv|-1.75|home,spreads,FC Livyi Bereh Kyiv,-1.75,home,5.75,3.3813,"[""Bet365"", ""Betfair Exchange""]","[""odds_api_io""]",2,23.931,
soccer|livyi bereh kyiv|oleksandriya|2026-06-09,spreads|fc oleksandriya|1.75|away,spreads,FC Oleksandriya,1.75,away,1.14,1.0756,"[""Bet365"", ""Betfair Exchange""]","[""odds_api_io""]",2,10.32,
soccer|livyi bereh kyiv|oleksandriya|2026-06-09,spreads|fc livyi bereh kyiv|-1.50|home,spreads,FC Livyi Bereh Kyiv,-1.5,home,4.4,3.1062,"[""Bet365"", ""Betfair Exchange""]","[""odds_api_io""]",2,18.595,
soccer|livyi bereh kyiv|oleksandriya|2026-06-09,spreads|fc oleksandriya|1.50|away,spreads,FC Oleksandriya,1.5,away,6.0,1.7214,"[""Bet365"", ""Betfair Exchange""]","[""odds_api_io""]",2,81.373,
soccer|livyi bereh kyiv|oleksandriya|2026-06-09,spreads|fc livyi bereh kyiv|-1.25|home,spreads,FC Livyi Bereh Kyiv,-1.25,home,3.9,2.974,"[""Bet365"", ""Betfair Exchange""]","[""odds_api_io""]",2,15.681,
soccer|livyi bereh kyiv|oleksandriya|2026-06-09,spreads|fc oleksandriya|1.25|away,spreads,FC Oleksandriya,1.25,away,5.75,1.7109,"[""Bet365"", ""Betfair Exchange""]","[""odds_api_io""]",2,80.648,
soccer|livyi bereh kyiv|oleksandriya|2026-06-09,spreads|fc livyi bereh kyiv|-1.00|home,spreads,FC Livyi Bereh Kyiv,-1.0,home,3.55,2.8682,"[""Bet365"", ""Betfair Exchange""]","[""odds_api_io""]",2,13.153,
soccer|livyi bereh kyiv|oleksandriya|2026-06-09,spreads|fc oleksandriya|1.00|away,spreads,FC Oleksandriya,1.0,away,5.25,1.6509,"[""Bet365"", ""Betfair Exchange""]","[""odds_api_io""]",3,78.04,
soccer|livyi bereh kyiv|oleksandriya|2026-06-09,spreads|fc livyi bereh kyiv|-0.75|home,spreads,FC Livyi Bereh Kyiv,-0.75,home,2.75,2.5715,"[""Bet365"", ""Betfair Exchange""]","[""odds_api_io""]",2,4.959,
soccer|livyi bereh kyiv|oleksandriya|2026-06-09,spreads|fc oleksandriya|0.75|away,spreads,FC Oleksandriya,0.75,away,3.55,1.8764,"[""Bet365"", ""Betfair Exchange""]","[""odds_api_io""]",2,49.35,
soccer|livyi bereh kyiv|oleksandriya|2026-06-09,spreads|fc livyi bereh kyiv|-0.50|home,spreads,FC Livyi Bereh Kyiv,-0.5,home,2.42,2.3596,"[""Bet365"", ""Betfair Exchange""]","[""odds_api_io""]",2,2.156,
soccer|livyi bereh kyiv|oleksandriya|2026-06-09,spreads|fc oleksandriya|0.50|away,spreads,FC Oleksandriya,0.5,away,3.0,2.0409,"[""Bet365"", ""Betfair Exchange""]","[""odds_api_io""]",2,30.769,
soccer|livyi bereh kyiv|oleksandriya|2026-06-09,spreads|fc livyi bereh kyiv|0.00|home,spreads,FC Livyi Bereh Kyiv,0.0,home,1.68,1.6775,"[""Bet365"", ""Betfair Exchange""]","[""odds_api_io""]",2,0.178,
soccer|livyi bereh kyiv|oleksandriya|2026-06-09,spreads|fc oleksandriya|-0.00|away,spreads,FC Oleksandriya,-0.0,away,2.15,2.1138,"[""Bet365"", ""Betfair Exchange""]","[""odds_api_io""]",2,1.565,
soccer|livyi bereh kyiv|oleksandriya|2026-06-09,spreads|fc livyi bereh kyiv|0.25|home,spreads,FC Livyi Bereh Kyiv,0.25,home,1.5,1.5,"[""Bet365"", ""Betfair Exchange""]","[""odds_api_io""]",2,,
soccer|livyi bereh kyiv|oleksandriya|2026-06-09,spreads|fc oleksandriya|-0.25|away,spreads,FC Oleksandriya,-0.25,away,2.53,2.5152,"[""Bet365"", ""Betfair Exchange""]","[""odds_api_io""]",2,0.474,
soccer|livyi bereh kyiv|oleksandriya|2026-06-09,spreads|fc livyi bereh kyiv|0.50|home,spreads,FC Livyi Bereh Kyiv,0.5,home,1.39,1.3826,"[""Bet365"", ""Betfair Exchange""]","[""odds_api_io""]",2,0.785,
soccer|livyi bereh kyiv|oleksandriya|2026-06-09,spreads|fc oleksandriya|-0.50|away,spreads,FC Oleksandriya,-0.5,away,2.98,2.0936,"[""Bet365"", ""Betfair Exchange""]","[""odds_api_io""]",2,28.943,
soccer|livyi bereh kyiv|oleksandriya|2026-06-09,spreads|fc livyi bereh kyiv|0.75|home,spreads,FC Livyi Bereh Kyiv,0.75,home,1.275,1.2411,"[""Bet365"", ""Betfair Exchange""]","[""odds_api_io""]",2,4.213,
soccer|livyi bereh kyiv|oleksandriya|2026-06-09,spreads|fc oleksandriya|-0.75|away,spreads,FC Oleksandriya,-0.75,away,2.97,1.9383,"[""Bet365"", ""Betfair Exchange""]","[""odds_api_io""]",2,36.505,
soccer|livyi bereh kyiv|oleksandriya|2026-06-09,spreads|fc livyi bereh kyiv|1.00|home,spreads,FC Livyi Bereh Kyiv,1.0,home,1.39,1.1711,"[""Bet365"", ""Betfair Exchange""]","[""odds_api_io""]",3,26.097,
soccer|livyi bereh kyiv|oleksandriya|2026-06-09,spreads|fc oleksandriya|-1.00|away,spreads,FC Oleksandriya,-1.0,away,2.98,2.075,"[""Bet365"", ""Betfair Exchange""]","[""odds_api_io""]",3,44.874,
soccer|livyi bereh kyiv|oleksandriya|2026-06-09,spreads|fc livyi bereh kyiv|1.25|home,spreads,FC Livyi Bereh Kyiv,1.25,home,1.14,1.0756,"[""Bet365"", ""Betfair Exchange""]","[""odds_api_io""]",2,10.32,
soccer|livyi bereh kyiv|oleksandriya|2026-06-09,spreads|fc oleksandriya|-1.25|away,spreads,FC Oleksandriya,-1.25,away,2.97,1.7627,"[""Bet365"", ""Betfair Exchange""]","[""odds_api_io""]",2,46.975,
soccer|livyi bereh kyiv|oleksandriya|2026-06-09,spreads|fc livyi bereh kyiv|1.50|home,spreads,FC Livyi Bereh Kyiv,1.5,home,1.125,1.069,"[""Bet365"", ""Betfair Exchange""]","[""odds_api_io""]",2,9.15,
soccer|livyi bereh kyiv|oleksandriya|2026-06-09,spreads|fc oleksandriya|-1.50|away,spreads,FC Oleksandriya,-1.5,away,2.98,1.7244,"[""Bet365"", ""Betfair Exchange""]","[""odds_api_io""]",2,49.776,
soccer|livyi bereh kyiv|oleksandriya|2026-06-09,doubleChance|1x||,doubleChance,1X,,,1.39,1.39,"[""Betfair Exchange""]","[""odds_api_io""]",1,,
soccer|livyi bereh kyiv|oleksandriya|2026-06-09,doubleChance|12||,doubleChance,12,,,1.33,1.33,"[""Betfair Exchange""]","[""odds_api_io""]",1,,
soccer|livyi bereh kyiv|oleksandriya|2026-06-09,doubleChance|x2||,doubleChance,X2,,,1.56,1.56,"[""Betfair Exchange""]","[""odds_api_io""]",1,,
soccer|livyi bereh kyiv|oleksandriya|2026-06-09,spreads|fc livyi bereh kyiv|2.75|home,spreads,FC Livyi Bereh Kyiv,2.75,home,1.01,1.01,"[""Betfair Exchange""]","[""odds_api_io""]",1,,
soccer|livyi bereh kyiv|oleksandriya|2026-06-09,spreads|fc oleksandriya|-2.75|away,spreads,FC Oleksandriya,-2.75,away,2.98,2.98,"[""Betfair Exchange""]","[""odds_api_io""]",1,,
soccer|livyi bereh kyiv|oleksandriya|2026-06-09,spreads|fc livyi bereh kyiv|2.25|home,spreads,FC Livyi Bereh Kyiv,2.25,home,1.02,1.02,"[""Betfair Exchange""]","[""odds_api_io""]",1,,
soccer|livyi bereh kyiv|oleksandriya|2026-06-09,spreads|fc oleksandriya|-2.25|away,spreads,FC Oleksandriya,-2.25,away,2.98,2.98,"[""Betfair Exchange""]","[""odds_api_io""]",1,,
soccer|livyi bereh kyiv|oleksandriya|2026-06-09,spreads|fc livyi bereh kyiv|2.00|home,spreads,FC Livyi Bereh Kyiv,2.0,home,1.02,1.02,"[""Betfair Exchange""]","[""odds_api_io""]",1,,
soccer|livyi bereh kyiv|oleksandriya|2026-06-09,spreads|fc oleksandriya|-2.00|away,spreads,FC Oleksandriya,-2.0,away,2.98,2.97,"[""Betfair Exchange""]","[""odds_api_io""]",2,0.227,
soccer|livyi bereh kyiv|oleksandriya|2026-06-09,spreads|fc livyi bereh kyiv|1.75|home,spreads,FC Livyi Bereh Kyiv,1.75,home,1.02,1.02,"[""Betfair Exchange""]","[""odds_api_io""]",1,,
soccer|livyi bereh kyiv|oleksandriya|2026-06-09,spreads|fc oleksandriya|-1.75|away,spreads,FC Oleksandriya,-1.75,away,2.98,2.98,"[""Betfair Exchange""]","[""odds_api_io""]",1,,
soccer|livyi bereh kyiv|oleksandriya|2026-06-09,spreads|fc livyi bereh kyiv|2.50|home,spreads,FC Livyi Bereh Kyiv,2.5,home,1.02,1.02,"[""Betfair Exchange""]","[""odds_api_io""]",1,,
soccer|livyi bereh kyiv|oleksandriya|2026-06-09,spreads|fc oleksandriya|-2.50|away,spreads,FC Oleksandriya,-2.5,away,2.97,2.97,"[""Betfair Exchange""]","[""odds_api_io""]",1,,
soccer|livyi bereh kyiv|oleksandriya|2026-06-09,spreads|fc livyi bereh kyiv|3.50|home,spreads,FC Livyi Bereh Kyiv,3.5,home,1.37,1.37,"[""Betfair Exchange""]","[""odds_api_io""]",1,,
soccer|livyi bereh kyiv|oleksandriya|2026-06-09,spreads|fc oleksandriya|-3.50|away,spreads,FC Oleksandriya,-3.5,away,2.97,2.97,"[""Betfair Exchange""]","[""odds_api_io""]",1,,
soccer|livyi bereh kyiv|oleksandriya|2026-06-09,spreads|fc livyi bereh kyiv|-2.75|home,spreads,FC Livyi Bereh Kyiv,-2.75,home,2.42,2.42,"[""Betfair Exchange""]","[""odds_api_io""]",1,,
soccer|livyi bereh kyiv|oleksandriya|2026-06-09,spreads|fc oleksandriya|2.75|away,spreads,FC Oleksandriya,2.75,away,1.01,1.01,"[""Betfair Exchange""]","[""odds_api_io""]",1,,
soccer|livyi bereh kyiv|oleksandriya|2026-06-09,spreads|fc livyi bereh kyiv|-2.25|home,spreads,FC Livyi Bereh Kyiv,-2.25,home,2.42,2.42,"[""Betfair Exchange""]","[""odds_api_io""]",1,,
soccer|livyi bereh kyiv|oleksandriya|2026-06-09,spreads|fc oleksandriya|2.25|away,spreads,FC Oleksandriya,2.25,away,1.02,1.02,"[""Betfair Exchange""]","[""odds_api_io""]",1,,
soccer|livyi bereh kyiv|oleksandriya|2026-06-09,spreads|fc livyi bereh kyiv|-2.00|home,spreads,FC Livyi Bereh Kyiv,-2.0,home,2.42,2.42,"[""Betfair Exchange""]","[""odds_api_io""]",1,,
soccer|livyi bereh kyiv|oleksandriya|2026-06-09,spreads|fc oleksandriya|2.00|away,spreads,FC Oleksandriya,2.0,away,1.02,1.02,"[""Betfair Exchange""]","[""odds_api_io""]",1,,
soccer|livyi bereh kyiv|oleksandriya|2026-06-09,spreads|fc livyi bereh kyiv|-2.50|home,spreads,FC Livyi Bereh Kyiv,-2.5,home,2.42,2.42,"[""Betfair Exchange""]","[""odds_api_io""]",1,,
soccer|livyi bereh kyiv|oleksandriya|2026-06-09,spreads|fc oleksandriya|2.50|away,spreads,FC Oleksandriya,2.5,away,1.02,1.02,"[""Betfair Exchange""]","[""odds_api_io""]",1,,
soccer|livyi bereh kyiv|oleksandriya|2026-06-09,totals|over|0.50|,totals,Over,0.5,,1.01,1.01,"[""Betfair Exchange""]","[""odds_api_io""]",1,,
soccer|livyi bereh kyiv|oleksandriya|2026-06-09,totals|under|0.50|,totals,Under,0.5,,3.45,3.45,"[""Betfair Exchange""]","[""odds_api_io""]",1,,
soccer|livyi bereh kyiv|oleksandriya|2026-06-09,totals|over|3.25|,totals,Over,3.25,,1.93,1.93,"[""Betfair Exchange""]","[""odds_api_io""]",1,,
soccer|livyi bereh kyiv|oleksandriya|2026-06-09,totals|under|3.25|,totals,Under,3.25,,1.3,1.3,"[""Betfair Exchange""]","[""odds_api_io""]",1,,
soccer|livyi bereh kyiv|oleksandriya|2026-06-09,totals|over|4.25|,totals,Over,4.25,,1.93,1.93,"[""Betfair Exchange""]","[""odds_api_io""]",1,,
soccer|livyi bereh kyiv|oleksandriya|2026-06-09,totals|under|4.25|,totals,Under,4.25,,1.07,1.07,"[""Betfair Exchange""]","[""odds_api_io""]",1,,
soccer|livyi bereh kyiv|oleksandriya|2026-06-09,totals|over|3.00|,totals,Over,3.0,,1.93,1.93,"[""Betfair Exchange""]","[""odds_api_io""]",1,,
soccer|livyi bereh kyiv|oleksandriya|2026-06-09,totals|under|3.00|,totals,Under,3.0,,1.3,1.3,"[""Betfair Exchange""]","[""odds_api_io""]",1,,
soccer|livyi bereh kyiv|oleksandriya|2026-06-09,totals|over|2.00|,totals,Over,2.0,,1.5,1.5,"[""Betfair Exchange""]","[""odds_api_io""]",1,,
soccer|livyi bereh kyiv|oleksandriya|2026-06-09,totals|under|2.00|,totals,Under,2.0,,1.6,1.6,"[""Betfair Exchange""]","[""odds_api_io""]",1,,
soccer|livyi bereh kyiv|oleksandriya|2026-06-09,totals|over|3.75|,totals,Over,3.75,,1.93,1.93,"[""Betfair Exchange""]","[""odds_api_io""]",1,,
soccer|livyi bereh kyiv|oleksandriya|2026-06-09,totals|under|3.75|,totals,Under,3.75,,1.06,1.06,"[""Betfair Exchange""]","[""odds_api_io""]",1,,
soccer|livyi bereh kyiv|oleksandriya|2026-06-09,totals|over|4.00|,totals,Over,4.0,,1.93,1.93,"[""Betfair Exchange""]","[""odds_api_io""]",1,,
soccer|livyi bereh kyiv|oleksandriya|2026-06-09,totals|under|4.00|,totals,Under,4.0,,1.07,1.07,"[""Betfair Exchange""]","[""odds_api_io""]",1,,
soccer|livyi bereh kyiv|oleksandriya|2026-06-09,totals|over|1.00|,totals,Over,1.0,,1.01,1.01,"[""Betfair Exchange""]","[""odds_api_io""]",1,,
soccer|livyi bereh kyiv|oleksandriya|2026-06-09,totals|under|1.00|,totals,Under,1.0,,3.45,3.45,"[""Betfair Exchange""]","[""odds_api_io""]",1,,
soccer|livyi bereh kyiv|oleksandriya|2026-06-09,totals|over|1.75|,totals,Over,1.75,,1.41,1.41,"[""Betfair Exchange""]","[""odds_api_io""]",1,,
soccer|livyi bereh kyiv|oleksandriya|2026-06-09,totals|under|1.75|,totals,Under,1.75,,1.6,1.6,"[""Betfair Exchange""]","[""odds_api_io""]",1,,
soccer|livyi bereh kyiv|oleksandriya|2026-06-09,totals|over|4.50|,totals,Over,4.5,,1.93,1.93,"[""Betfair Exchange""]","[""odds_api_io""]",1,,
soccer|livyi bereh kyiv|oleksandriya|2026-06-09,totals|under|4.50|,totals,Under,4.5,,1.07,1.07,"[""Betfair Exchange""]","[""odds_api_io""]",1,,
soccer|livyi bereh kyiv|oleksandriya|2026-06-09,totals|over|1.50|,totals,Over,1.5,,1.35,1.35,"[""Betfair Exchange""]","[""odds_api_io""]",1,,
soccer|livyi bereh kyiv|oleksandriya|2026-06-09,totals|under|1.50|,totals,Under,1.5,,3.45,3.45,"[""Betfair Exchange""]","[""odds_api_io""]",1,,
soccer|livyi bereh kyiv|oleksandriya|2026-06-09,totals|over|7.00|,totals,Over,7.0,,1.93,1.93,"[""Betfair Exchange""]","[""odds_api_io""]",1,,
soccer|livyi bereh kyiv|oleksandriya|2026-06-09,totals|under|7.00|,totals,Under,7.0,,1.01,1.01,"[""Betfair Exchange""]","[""odds_api_io""]",1,,
soccer|livyi bereh kyiv|oleksandriya|2026-06-09,totals|over|3.50|,totals,Over,3.5,,1.93,1.93,"[""Betfair Exchange""]","[""odds_api_io""]",1,,
soccer|livyi bereh kyiv|oleksandriya|2026-06-09,totals|under|3.50|,totals,Under,3.5,,1.3,1.3,"[""Betfair Exchange""]","[""odds_api_io""]",1,,
soccer|livyi bereh kyiv|oleksandriya|2026-06-09,totals|over|2.75|,totals,Over,2.75,,1.93,1.93,"[""Betfair Exchange""]","[""odds_api_io""]",1,,
soccer|livyi bereh kyiv|oleksandriya|2026-06-09,totals|under|2.75|,totals,Under,2.75,,1.3,1.3,"[""Betfair Exchange""]","[""odds_api_io""]",1,,
soccer|livyi bereh kyiv|oleksandriya|2026-06-09,totals|over|5.25|,totals,Over,5.25,,2.64,2.64,"[""Betfair Exchange""]","[""odds_api_io""]",1,,
soccer|livyi bereh kyiv|oleksandriya|2026-06-09,totals|under|5.25|,totals,Under,5.25,,1.01,1.01,"[""Betfair Exchange""]","[""odds_api_io""]",1,,
soccer|livyi bereh kyiv|oleksandriya|2026-06-09,totals|over|5.00|,totals,Over,5.0,,2.39,2.39,"[""Betfair Exchange""]","[""odds_api_io""]",1,,
soccer|livyi bereh kyiv|oleksandriya|2026-06-09,totals|under|5.00|,totals,Under,5.0,,1.01,1.01,"[""Betfair Exchange""]","[""odds_api_io""]",1,,
soccer|livyi bereh kyiv|oleksandriya|2026-06-09,totals|over|6.00|,totals,Over,6.0,,1.92,1.92,"[""Betfair Exchange""]","[""odds_api_io""]",1,,
soccer|livyi bereh kyiv|oleksandriya|2026-06-09,totals|under|6.00|,totals,Under,6.0,,1.01,1.01,"[""Betfair Exchange""]","[""odds_api_io""]",1,,
soccer|livyi bereh kyiv|oleksandriya|2026-06-09,totals|over|1.25|,totals,Over,1.25,,1.18,1.18,"[""Betfair Exchange""]","[""odds_api_io""]",1,,
soccer|livyi bereh kyiv|oleksandriya|2026-06-09,totals|under|1.25|,totals,Under,1.25,,3.45,3.45,"[""Betfair Exchange""]","[""odds_api_io""]",1,,
soccer|livyi bereh kyiv|oleksandriya|2026-06-09,totals|over|6.50|,totals,Over,6.5,,1.93,1.93,"[""Betfair Exchange""]","[""odds_api_io""]",1,,
soccer|livyi bereh kyiv|oleksandriya|2026-06-09,totals|under|6.50|,totals,Under,6.5,,1.01,1.01,"[""Betfair Exchange""]","[""odds_api_io""]",1,,
soccer|livyi bereh kyiv|oleksandriya|2026-06-09,totals|over|7.50|,totals,Over,7.5,,1.93,1.93,"[""Betfair Exchange""]","[""odds_api_io""]",1,,
soccer|livyi bereh kyiv|oleksandriya|2026-06-09,totals|under|7.50|,totals,Under,7.5,,1.01,1.01,"[""Betfair Exchange""]","[""odds_api_io""]",1,,
soccer|livyi bereh kyiv|oleksandriya|2026-06-09,totals|over|0.75|,totals,Over,0.75,,1.01,1.01,"[""Betfair Exchange""]","[""odds_api_io""]",1,,
soccer|livyi bereh kyiv|oleksandriya|2026-06-09,totals|under|0.75|,totals,Under,0.75,,3.45,3.45,"[""Betfair Exchange""]","[""odds_api_io""]",1,,
soccer|livyi bereh kyiv|oleksandriya|2026-06-09,totals|over|7.25|,totals,Over,7.25,,1.93,1.93,"[""Betfair Exchange""]","[""odds_api_io""]",1,,
soccer|livyi bereh kyiv|oleksandriya|2026-06-09,totals|under|7.25|,totals,Under,7.25,,1.01,1.01,"[""Betfair Exchange""]","[""odds_api_io""]",1,,
soccer|livyi bereh kyiv|oleksandriya|2026-06-09,totals|over|5.75|,totals,Over,5.75,,1.92,1.92,"[""Betfair Exchange""]","[""odds_api_io""]",1,,
soccer|livyi bereh kyiv|oleksandriya|2026-06-09,totals|under|5.75|,totals,Under,5.75,,1.01,1.01,"[""Betfair Exchange""]","[""odds_api_io""]",1,,
soccer|livyi bereh kyiv|oleksandriya|2026-06-09,totals|over|5.50|,totals,Over,5.5,,1.93,1.93,"[""Betfair Exchange""]","[""odds_api_io""]",1,,
soccer|livyi bereh kyiv|oleksandriya|2026-06-09,totals|under|5.50|,totals,Under,5.5,,1.01,1.01,"[""Betfair Exchange""]","[""odds_api_io""]",1,,
soccer|livyi bereh kyiv|oleksandriya|2026-06-09,totals|over|4.75|,totals,Over,4.75,,2.11,2.11,"[""Betfair Exchange""]","[""odds_api_io""]",1,,
soccer|livyi bereh kyiv|oleksandriya|2026-06-09,totals|under|4.75|,totals,Under,4.75,,1.01,1.01,"[""Betfair Exchange""]","[""odds_api_io""]",1,,
soccer|livyi bereh kyiv|oleksandriya|2026-06-09,totals|over|6.25|,totals,Over,6.25,,1.93,1.93,"[""Betfair Exchange""]","[""odds_api_io""]",1,,
soccer|livyi bereh kyiv|oleksandriya|2026-06-09,totals|under|6.25|,totals,Under,6.25,,1.01,1.01,"[""Betfair Exchange""]","[""odds_api_io""]",1,,
soccer|livyi bereh kyiv|oleksandriya|2026-06-09,totals|over|6.75|,totals,Over,6.75,,1.93,1.93,"[""Betfair Exchange""]","[""odds_api_io""]",1,,
soccer|livyi bereh kyiv|oleksandriya|2026-06-09,totals|under|6.75|,totals,Under,6.75,,1.01,1.01,"[""Betfair Exchange""]","[""odds_api_io""]",1,,
soccer|livyi bereh kyiv|oleksandriya|2026-06-09,btts|yes||,btts,Yes,,,1.84,1.84,"[""Betfair Exchange""]","[""odds_api_io""]",1,,
soccer|livyi bereh kyiv|oleksandriya|2026-06-09,btts|no||,btts,No,,,1.12,1.12,"[""Betfair Exchange""]","[""odds_api_io""]",1,,
soccer|livyi bereh kyiv|oleksandriya|2026-06-09,spreads|fc livyi bereh kyiv|3.00|home,spreads,FC Livyi Bereh Kyiv,3.0,home,1.02,1.02,"[""Betfair Exchange""]","[""odds_api_io""]",1,,
soccer|livyi bereh kyiv|oleksandriya|2026-06-09,spreads|fc oleksandriya|-3.00|away,spreads,FC Oleksandriya,-3.0,away,2.96,2.96,"[""Betfair Exchange""]","[""odds_api_io""]",1,,
soccer|livyi bereh kyiv|oleksandriya|2026-06-09,spreads|fc livyi bereh kyiv|-3.00|home,spreads,FC Livyi Bereh Kyiv,-3.0,home,2.42,2.42,"[""Betfair Exchange""]","[""odds_api_io""]",1,,
soccer|livyi bereh kyiv|oleksandriya|2026-06-09,spreads|fc oleksandriya|3.00|away,spreads,FC Oleksandriya,3.0,away,1.02,1.02,"[""Betfair Exchange""]","[""odds_api_io""]",1,,
soccer|kattaqorgon|lochin|2026-06-09,h2h|lochin||home,h2h,Lochin,,home,2.2,2.2,"[""Bet365""]","[""odds_api_io""]",1,,
soccer|kattaqorgon|lochin|2026-06-09,h2h|draw||,h2h,Draw,,,3.0,3.0,"[""Bet365""]","[""odds_api_io""]",1,,
soccer|kattaqorgon|lochin|2026-06-09,h2h|fc kattaqorgon||away,h2h,FC Kattaqorgon,,away,3.1,3.1,"[""Bet365""]","[""odds_api_io""]",1,,
soccer|kattaqorgon|lochin|2026-06-09,dnb|lochin|0.00|home,dnb,Lochin,0.0,home,1.615,1.615,"[""Bet365""]","[""odds_api_io""]",1,,
soccer|kattaqorgon|lochin|2026-06-09,dnb|fc kattaqorgon|0.00|away,dnb,FC Kattaqorgon,0.0,away,2.2,2.2,"[""Bet365""]","[""odds_api_io""]",1,,
soccer|kattaqorgon|lochin|2026-06-09,spreads|lochin|-0.25|home,spreads,Lochin,-0.25,home,1.975,1.975,"[""Bet365""]","[""odds_api_io""]",1,,
soccer|kattaqorgon|lochin|2026-06-09,spreads|fc kattaqorgon|0.25|away,spreads,FC Kattaqorgon,0.25,away,1.825,1.825,"[""Bet365""]","[""odds_api_io""]",1,,
soccer|kattaqorgon|lochin|2026-06-09,totals|over|2.25|,totals,Over,2.25,,2.0,2.0,"[""Bet365""]","[""odds_api_io""]",1,,
soccer|kattaqorgon|lochin|2026-06-09,totals|under|2.25|,totals,Under,2.25,,1.8,1.8,"[""Bet365""]","[""odds_api_io""]",1,,
soccer|kattaqorgon|lochin|2026-06-09,totals|over|2.50|,totals,Over,2.5,,2.25,2.25,"[""Bet365""]","[""odds_api_io""]",1,,
soccer|kattaqorgon|lochin|2026-06-09,totals|under|2.50|,totals,Under,2.5,,1.615,1.615,"[""Bet365""]","[""odds_api_io""]",1,,
soccer|indonesia|mozambique|2026-06-09,h2h|indonesia||home,h2h,Indonesia,,home,1.39,1.3312,"[""Bet365"", ""Unibet"", ""Betfair Exchange"", ""Sbobet""]","[""odds_api_io""]",4,6.183,
soccer|indonesia|mozambique|2026-06-09,h2h|draw||,h2h,Draw,,,5.9,4.89,"[""Bet365"", ""Unibet"", ""Betfair Exchange"", ""Sbobet""]","[""odds_api_io""]",4,5.273,
soccer|indonesia|mozambique|2026-06-09,h2h|mozambique||away,h2h,Mozambique,,away,8.0,7.2386,"[""Bet365"", ""Unibet"", ""Betfair Exchange"", ""Sbobet""]","[""odds_api_io""]",4,2.315,
soccer|indonesia|mozambique|2026-06-09,dnb|indonesia|0.00|home,dnb,Indonesia,0.0,home,1.17,1.141,"[""Bet365"", ""Unibet"", ""Betfair Exchange""]","[""odds_api_io""]",3,4.62,
soccer|indonesia|mozambique|2026-06-09,dnb|mozambique|0.00|away,dnb,Mozambique,0.0,away,6.6,5.6051,"[""Bet365"", ""Unibet"", ""Betfair Exchange""]","[""odds_api_io""]",3,5.257,
soccer|indonesia|mozambique|2026-06-09,spreads|indonesia|-1.50|home,spreads,Indonesia,-1.5,home,2.12,2.0396,"[""Bet365"", ""Betfair Exchange"", ""Sbobet""]","[""odds_api_io""]",4,3.592,
soccer|indonesia|mozambique|2026-06-09,spreads|mozambique|1.50|away,spreads,Mozambique,1.5,away,1.85,1.802,"[""Bet365"", ""Betfair Exchange"", ""Sbobet""]","[""odds_api_io""]",4,4.769,
soccer|indonesia|mozambique|2026-06-09,totals|over|2.75|,totals,Over,2.75,,1.93,1.92,"[""Bet365"", ""Betfair Exchange"", ""Sbobet""]","[""odds_api_io""]",3,0.818,
soccer|indonesia|mozambique|2026-06-09,totals|under|2.75|,totals,Under,2.75,,1.92,1.8967,"[""Bet365"", ""Betfair Exchange"", ""Sbobet""]","[""odds_api_io""]",3,1.393,
soccer|indonesia|mozambique|2026-06-09,totals|over|2.50|,totals,Over,2.5,,1.75,1.6978,"[""Bet365"", ""Unibet"", ""Betfair Exchange"", ""Sbobet""]","[""odds_api_io""]",4,3.098,
soccer|indonesia|mozambique|2026-06-09,totals|under|2.50|,totals,Under,2.5,,2.2,2.1071,"[""Bet365"", ""Unibet"", ""Betfair Exchange"", ""Sbobet""]","[""odds_api_io""]",4,4.545,
soccer|indonesia|mozambique|2026-06-09,btts|yes||,btts,Yes,,,2.12,2.0455,"[""Bet365"", ""Unibet"", ""Betfair Exchange""]","[""odds_api_io""]",3,4.914,
soccer|indonesia|mozambique|2026-06-09,btts|no||,btts,No,,,1.81,1.7469,"[""Bet365"", ""Unibet"", ""Betfair Exchange""]","[""odds_api_io""]",3,4.775,
soccer|indonesia|mozambique|2026-06-09,spreads|indonesia|-3.00|home,spreads,Indonesia,-3.0,home,7.5,6.6502,"[""Bet365"", ""Unibet"", ""Betfair Exchange""]","[""odds_api_io""]",5,3.908,
soccer|indonesia|mozambique|2026-06-09,spreads|indonesia|-2.00|home,spreads,Indonesia,-2.0,home,3.9,3.3696,"[""Bet365"", ""Unibet"", ""Betfair Exchange""]","[""odds_api_io""]",5,7.039,
soccer|indonesia|mozambique|2026-06-09,spreads|mozambique|2.00|away,spreads,Mozambique,2.0,away,41.0,1.8782,"[""Bet365"", ""Unibet"", ""Betfair Exchange""]","[""odds_api_io""]",5,71.635,
soccer|indonesia|mozambique|2026-06-09,spreads|indonesia|1.00|home,spreads,Indonesia,1.0,home,1.13,1.0883,"[""Bet365"", ""Betfair Exchange""]","[""odds_api_io""]",3,8.592,
soccer|indonesia|mozambique|2026-06-09,spreads|indonesia|2.00|home,spreads,Indonesia,2.0,home,1.025,1.0224,"[""Bet365"", ""Betfair Exchange""]","[""odds_api_io""]",2,0.478,
soccer|indonesia|mozambique|2026-06-09,spreads|mozambique|-2.00|away,spreads,Mozambique,-2.0,away,100.0,3.3361,"[""Bet365"", ""Betfair Exchange""]","[""odds_api_io""]",2,59.024,
soccer|indonesia|mozambique|2026-06-09,spreads|mozambique|-3.00|away,spreads,Mozambique,-3.0,away,1.25,1.25,"[""Bet365""]","[""odds_api_io""]",1,,
soccer|indonesia|mozambique|2026-06-09,spreads|mozambique|1.00|away,spreads,Mozambique,1.0,away,17.0,3.1647,"[""Bet365"", ""Unibet"", ""Betfair Exchange""]","[""odds_api_io""]",5,39.572,
soccer|indonesia|mozambique|2026-06-09,spreads|mozambique|3.00|away,spreads,Mozambique,3.0,away,1.27,1.1618,"[""Bet365"", ""Unibet"", ""Betfair Exchange""]","[""odds_api_io""]",4,12.169,
soccer|indonesia|mozambique|2026-06-09,spreads|indonesia|-2.75|home,spreads,Indonesia,-2.75,home,4.8,4.7589,"[""Bet365"", ""Betfair Exchange""]","[""odds_api_io""]",2,0.353,
soccer|indonesia|mozambique|2026-06-09,spreads|mozambique|2.75|away,spreads,Mozambique,2.75,away,1.2,1.1876,"[""Bet365"", ""Betfair Exchange""]","[""odds_api_io""]",2,1.773,
soccer|indonesia|mozambique|2026-06-09,spreads|indonesia|-2.50|home,spreads,Indonesia,-2.5,home,3.9,3.8503,"[""Bet365"", ""Betfair Exchange""]","[""odds_api_io""]",2,0.675,
soccer|indonesia|mozambique|2026-06-09,spreads|mozambique|2.50|away,spreads,Mozambique,2.5,away,1.27,1.2601,"[""Bet365"", ""Betfair Exchange""]","[""odds_api_io""]",2,1.26,
soccer|indonesia|mozambique|2026-06-09,spreads|indonesia|-2.25|home,spreads,Indonesia,-2.25,home,3.48,3.4652,"[""Bet365"", ""Betfair Exchange""]","[""odds_api_io""]",2,0.25,
soccer|indonesia|mozambique|2026-06-09,spreads|mozambique|2.25|away,spreads,Mozambique,2.25,away,1.32,1.3101,"[""Bet365"", ""Betfair Exchange""]","[""odds_api_io""]",2,1.166,
soccer|indonesia|mozambique|2026-06-09,spreads|indonesia|-1.75|home,spreads,Indonesia,-1.75,home,2.45,2.4377,"[""Bet365"", ""Betfair Exchange""]","[""odds_api_io""]",2,0.421,
soccer|indonesia|mozambique|2026-06-09,spreads|mozambique|1.75|away,spreads,Mozambique,1.75,away,1.62,1.5719,"[""Bet365"", ""Betfair Exchange""]","[""odds_api_io""]",2,3.845,
soccer|indonesia|mozambique|2026-06-09,spreads|indonesia|-1.00|home,spreads,Indonesia,-1.0,home,2.12,1.796,"[""Bet365"", ""Unibet"", ""Betfair Exchange""]","[""odds_api_io""]",4,15.33,
soccer|indonesia|mozambique|2026-06-09,spreads|indonesia|-0.75|home,spreads,Indonesia,-0.75,home,1.5,1.4846,"[""Bet365"", ""Betfair Exchange""]","[""odds_api_io""]",2,1.361,
soccer|indonesia|mozambique|2026-06-09,spreads|mozambique|0.75|away,spreads,Mozambique,0.75,away,3.0,2.7318,"[""Bet365"", ""Betfair Exchange""]","[""odds_api_io""]",2,6.667,
soccer|indonesia|mozambique|2026-06-09,spreads|indonesia|-0.50|home,spreads,Indonesia,-0.5,home,1.4,1.3949,"[""Bet365"", ""Betfair Exchange""]","[""odds_api_io""]",2,0.514,
soccer|indonesia|mozambique|2026-06-09,spreads|mozambique|0.50|away,spreads,Mozambique,0.5,away,6.4,4.4419,"[""Bet365"", ""Betfair Exchange""]","[""odds_api_io""]",2,13.53,
soccer|indonesia|mozambique|2026-06-09,spreads|indonesia|-0.25|home,spreads,Indonesia,-0.25,home,1.28,1.2775,"[""Bet365"", ""Betfair Exchange""]","[""odds_api_io""]",2,0.306,
soccer|indonesia|mozambique|2026-06-09,spreads|mozambique|0.25|away,spreads,Mozambique,0.25,away,5.9,5.0341,"[""Bet365"", ""Betfair Exchange""]","[""odds_api_io""]",2,5.727,
soccer|indonesia|mozambique|2026-06-09,spreads|indonesia|0.00|home,spreads,Indonesia,0.0,home,1.17,1.1601,"[""Bet365"", ""Betfair Exchange""]","[""odds_api_io""]",2,1.486,
soccer|indonesia|mozambique|2026-06-09,spreads|mozambique|-0.00|away,spreads,Mozambique,-0.0,away,6.67,6.0393,"[""Bet365"", ""Betfair Exchange""]","[""odds_api_io""]",2,3.189,
soccer|indonesia|mozambique|2026-06-09,spreads|indonesia|0.25|home,spreads,Indonesia,0.25,home,1.15,1.1401,"[""Bet365"", ""Betfair Exchange""]","[""odds_api_io""]",2,1.539,
soccer|indonesia|mozambique|2026-06-09,spreads|mozambique|-0.25|away,spreads,Mozambique,-0.25,away,7.33,4.8138,"[""Bet365"", ""Betfair Exchange""]","[""odds_api_io""]",2,14.526,
soccer|indonesia|mozambique|2026-06-09,spreads|indonesia|0.50|home,spreads,Indonesia,0.5,home,1.13,1.1226,"[""Bet365"", ""Betfair Exchange""]","[""odds_api_io""]",2,1.191,
soccer|indonesia|mozambique|2026-06-09,spreads|mozambique|-0.50|away,spreads,Mozambique,-0.5,away,8.0,4.2394,"[""Bet365"", ""Betfair Exchange""]","[""odds_api_io""]",2,22.588,
soccer|indonesia|mozambique|2026-06-09,teamTotals|over|3.50|,teamTotals,Over,3.5,,5.0,5.0,"[""Bet365""]","[""odds_api_io""]",1,,
soccer|indonesia|mozambique|2026-06-09,teamTotals|under|3.50|,teamTotals,Under,3.5,,1.166,1.166,"[""Bet365""]","[""odds_api_io""]",1,,
soccer|indonesia|mozambique|2026-06-09,teamTotals|over|0.50|,teamTotals,Over,0.5,,1.833,1.4503,"[""Bet365"", ""Unibet""]","[""odds_api_io""]",3,37.781,
soccer|indonesia|mozambique|2026-06-09,teamTotals|under|0.50|,teamTotals,Under,0.5,,8.0,2.5304,"[""Bet365"", ""Unibet""]","[""odds_api_io""]",3,42.055,
soccer|indonesia|mozambique|2026-06-09,teamTotals|over|1.50|,teamTotals,Over,1.5,,5.5,2.2874,"[""Bet365""]","[""odds_api_io""]",2,51.07,
soccer|indonesia|mozambique|2026-06-09,teamTotals|under|1.50|,teamTotals,Under,1.5,,2.625,1.5916,"[""Bet365""]","[""odds_api_io""]",2,49.47,
soccer|indonesia|mozambique|2026-06-09,teamTotals|over|2.50|,teamTotals,Over,2.5,,21.0,3.43,"[""Bet365"", ""Unibet""]","[""odds_api_io""]",3,37.343,
soccer|indonesia|mozambique|2026-06-09,teamTotals|under|2.50|,teamTotals,Under,2.5,,1.533,1.2817,"[""Bet365"", ""Unibet""]","[""odds_api_io""]",3,33.291,
soccer|indonesia|mozambique|2026-06-09,teamTotals|over|4.50|,teamTotals,Over,4.5,,11.0,11.0,"[""Bet365""]","[""odds_api_io""]",1,,
soccer|indonesia|mozambique|2026-06-09,teamTotals|under|4.50|,teamTotals,Under,4.5,,1.05,1.05,"[""Bet365""]","[""odds_api_io""]",1,,
soccer|indonesia|mozambique|2026-06-09,teamTotals|over|5.50|,teamTotals,Over,5.5,,23.0,23.0,"[""Bet365""]","[""odds_api_io""]",1,,
soccer|indonesia|mozambique|2026-06-09,teamTotals|under|5.50|,teamTotals,Under,5.5,,1.012,1.012,"[""Bet365""]","[""odds_api_io""]",1,,
soccer|indonesia|mozambique|2026-06-09,teamTotals|over|6.50|,teamTotals,Over,6.5,,51.0,51.0,"[""Bet365""]","[""odds_api_io""]",1,,
soccer|indonesia|mozambique|2026-06-09,teamTotals|under|6.50|,teamTotals,Under,6.5,,1.002,1.002,"[""Bet365""]","[""odds_api_io""]",1,,
soccer|indonesia|mozambique|2026-06-09,doubleChance|1x||,doubleChance,1X,,,1.13,1.0953,"[""Unibet"", ""Betfair Exchange""]","[""odds_api_io""]",2,5.844,
soccer|indonesia|mozambique|2026-06-09,doubleChance|12||,doubleChance,12,,,1.38,1.274,"[""Unibet"", ""Betfair Exchange""]","[""odds_api_io""]",2,11.57,
soccer|indonesia|mozambique|2026-06-09,doubleChance|x2||,doubleChance,X2,,,3.4,2.3421,"[""Unibet"", ""Betfair Exchange""]","[""odds_api_io""]",2,27.731,
soccer|indonesia|mozambique|2026-06-09,totals|over|3.50|,totals,Over,3.5,,2.88,2.765,"[""Unibet"", ""Betfair Exchange""]","[""odds_api_io""]",2,3.014,
soccer|indonesia|mozambique|2026-06-09,totals|under|3.50|,totals,Under,3.5,,1.47,1.4255,"[""Unibet"", ""Betfair Exchange""]","[""odds_api_io""]",2,4.437,
soccer|indonesia|mozambique|2026-06-09,totals|over|1.50|,totals,Over,1.5,,1.26,1.2305,"[""Unibet"", ""Betfair Exchange""]","[""odds_api_io""]",2,3.968,
soccer|indonesia|mozambique|2026-06-09,totals|under|1.50|,totals,Under,1.5,,4.6,4.1494,"[""Unibet"", ""Betfair Exchange""]","[""odds_api_io""]",2,4.928,
soccer|indonesia|mozambique|2026-06-09,totals|over|4.50|,totals,Over,4.5,,5.8,5.1557,"[""Unibet"", ""Betfair Exchange""]","[""odds_api_io""]",2,4.498,
soccer|indonesia|mozambique|2026-06-09,totals|under|4.50|,totals,Under,4.5,,1.18,1.1555,"[""Unibet"", ""Betfair Exchange""]","[""odds_api_io""]",2,3.75,
soccer|indonesia|mozambique|2026-06-09,spreads|mozambique|-1.00|away,spreads,Mozambique,-1.0,away,30.0,28.559,"[""Betfair Exchange""]","[""odds_api_io""]",2,0.336,
soccer|indonesia|mozambique|2026-06-09,spreads|indonesia|0.75|home,spreads,Indonesia,0.75,home,1.08,1.08,"[""Betfair Exchange""]","[""odds_api_io""]",1,,
soccer|indonesia|mozambique|2026-06-09,spreads|mozambique|-0.75|away,spreads,Mozambique,-0.75,away,12.05,12.05,"[""Betfair Exchange""]","[""odds_api_io""]",1,,
soccer|indonesia|mozambique|2026-06-09,spreads|indonesia|-1.25|home,spreads,Indonesia,-1.25,home,1.86,1.8043,"[""Betfair Exchange"", ""Sbobet""]","[""odds_api_io""]",2,3.379,
soccer|indonesia|mozambique|2026-06-09,spreads|mozambique|1.25|away,spreads,Mozambique,1.25,away,2.09,2.0801,"[""Betfair Exchange"", ""Sbobet""]","[""odds_api_io""]",2,0.462,
soccer|indonesia|mozambique|2026-06-09,spreads|indonesia|1.25|home,spreads,Indonesia,1.25,home,1.02,1.02,"[""Betfair Exchange""]","[""odds_api_io""]",1,,
soccer|indonesia|mozambique|2026-06-09,spreads|mozambique|-1.25|away,spreads,Mozambique,-1.25,away,28.62,28.62,"[""Betfair Exchange""]","[""odds_api_io""]",1,,
soccer|indonesia|mozambique|2026-06-09,spreads|indonesia|1.75|home,spreads,Indonesia,1.75,home,1.01,1.01,"[""Betfair Exchange""]","[""odds_api_io""]",1,,
soccer|indonesia|mozambique|2026-06-09,spreads|mozambique|-1.75|away,spreads,Mozambique,-1.75,away,45.61,45.61,"[""Betfair Exchange""]","[""odds_api_io""]",1,,
soccer|indonesia|mozambique|2026-06-09,spreads|indonesia|1.50|home,spreads,Indonesia,1.5,home,1.02,1.02,"[""Betfair Exchange""]","[""odds_api_io""]",1,,
soccer|indonesia|mozambique|2026-06-09,spreads|mozambique|-1.50|away,spreads,Mozambique,-1.5,away,30.0,30.0,"[""Betfair Exchange""]","[""odds_api_io""]",1,,
soccer|indonesia|mozambique|2026-06-09,spreads|indonesia|-3.25|home,spreads,Indonesia,-3.25,home,6.6,6.6,"[""Betfair Exchange""]","[""odds_api_io""]",1,,
soccer|indonesia|mozambique|2026-06-09,spreads|mozambique|3.25|away,spreads,Mozambique,3.25,away,1.11,1.11,"[""Betfair Exchange""]","[""odds_api_io""]",1,,
soccer|indonesia|mozambique|2026-06-09,spreads|indonesia|-3.75|home,spreads,Indonesia,-3.75,home,9.28,9.28,"[""Betfair Exchange""]","[""odds_api_io""]",1,,
soccer|indonesia|mozambique|2026-06-09,spreads|mozambique|3.75|away,spreads,Mozambique,3.75,away,1.07,1.07,"[""Betfair Exchange""]","[""odds_api_io""]",1,,
soccer|indonesia|mozambique|2026-06-09,spreads|indonesia|-4.00|home,spreads,Indonesia,-4.0,home,9.28,9.28,"[""Betfair Exchange""]","[""odds_api_io""]",1,,
soccer|indonesia|mozambique|2026-06-09,spreads|mozambique|4.00|away,spreads,Mozambique,4.0,away,1.03,1.03,"[""Betfair Exchange""]","[""odds_api_io""]",1,,
soccer|indonesia|mozambique|2026-06-09,spreads|indonesia|-3.50|home,spreads,Indonesia,-3.5,home,7.0,7.0,"[""Betfair Exchange""]","[""odds_api_io""]",1,,
soccer|indonesia|mozambique|2026-06-09,spreads|mozambique|3.50|away,spreads,Mozambique,3.5,away,1.1,1.1,"[""Betfair Exchange""]","[""odds_api_io""]",1,,
soccer|indonesia|mozambique|2026-06-09,totals|over|2.25|,totals,Over,2.25,,1.55,1.55,"[""Betfair Exchange""]","[""odds_api_io""]",1,,
soccer|indonesia|mozambique|2026-06-09,totals|under|2.25|,totals,Under,2.25,,2.59,2.59,"[""Betfair Exchange""]","[""odds_api_io""]",1,,
soccer|indonesia|mozambique|2026-06-09,totals|over|0.50|,totals,Over,0.5,,1.04,1.04,"[""Betfair Exchange""]","[""odds_api_io""]",1,,
soccer|indonesia|mozambique|2026-06-09,totals|under|0.50|,totals,Under,0.5,,19.5,19.5,"[""Betfair Exchange""]","[""odds_api_io""]",1,,
soccer|indonesia|mozambique|2026-06-09,totals|over|4.75|,totals,Over,4.75,,7.49,7.49,"[""Betfair Exchange""]","[""odds_api_io""]",1,,
soccer|indonesia|mozambique|2026-06-09,totals|under|4.75|,totals,Under,4.75,,1.1,1.1,"[""Betfair Exchange""]","[""odds_api_io""]",1,,
soccer|indonesia|mozambique|2026-06-09,totals|over|4.00|,totals,Over,4.0,,4.78,4.78,"[""Betfair Exchange""]","[""odds_api_io""]",1,,
soccer|indonesia|mozambique|2026-06-09,totals|under|4.00|,totals,Under,4.0,,1.22,1.22,"[""Betfair Exchange""]","[""odds_api_io""]",1,,
soccer|indonesia|mozambique|2026-06-09,totals|over|3.75|,totals,Over,3.75,,3.51,3.51,"[""Betfair Exchange""]","[""odds_api_io""]",1,,
soccer|indonesia|mozambique|2026-06-09,totals|under|3.75|,totals,Under,3.75,,1.34,1.34,"[""Betfair Exchange""]","[""odds_api_io""]",1,,
soccer|indonesia|mozambique|2026-06-09,totals|over|4.25|,totals,Over,4.25,,5.29,5.29,"[""Betfair Exchange""]","[""odds_api_io""]",1,,
soccer|indonesia|mozambique|2026-06-09,totals|under|4.25|,totals,Under,4.25,,1.19,1.19,"[""Betfair Exchange""]","[""odds_api_io""]",1,,
soccer|indonesia|mozambique|2026-06-09,totals|over|1.00|,totals,Over,1.0,,1.05,1.05,"[""Betfair Exchange""]","[""odds_api_io""]",1,,
soccer|indonesia|mozambique|2026-06-09,totals|under|1.00|,totals,Under,1.0,,13.59,13.59,"[""Betfair Exchange""]","[""odds_api_io""]",1,,
soccer|indonesia|mozambique|2026-06-09,totals|over|1.75|,totals,Over,1.75,,1.3,1.3,"[""Betfair Exchange""]","[""odds_api_io""]",1,,
soccer|indonesia|mozambique|2026-06-09,totals|under|1.75|,totals,Under,1.75,,3.77,3.77,"[""Betfair Exchange""]","[""odds_api_io""]",1,,
soccer|indonesia|mozambique|2026-06-09,totals|over|2.00|,totals,Over,2.0,,1.36,1.36,"[""Betfair Exchange""]","[""odds_api_io""]",1,,
soccer|indonesia|mozambique|2026-06-09,totals|under|2.00|,totals,Under,2.0,,3.37,3.37,"[""Betfair Exchange""]","[""odds_api_io""]",1,,
soccer|indonesia|mozambique|2026-06-09,totals|over|0.75|,totals,Over,0.75,,1.05,1.05,"[""Betfair Exchange""]","[""odds_api_io""]",1,,
soccer|indonesia|mozambique|2026-06-09,totals|under|0.75|,totals,Under,0.75,,14.84,14.84,"[""Betfair Exchange""]","[""odds_api_io""]",1,,
soccer|indonesia|mozambique|2026-06-09,totals|over|3.00|,totals,Over,3.0,,2.23,2.23,"[""Betfair Exchange""]","[""odds_api_io""]",1,,
soccer|indonesia|mozambique|2026-06-09,totals|under|3.00|,totals,Under,3.0,,1.69,1.69,"[""Betfair Exchange""]","[""odds_api_io""]",1,,
soccer|indonesia|mozambique|2026-06-09,totals|over|3.25|,totals,Over,3.25,,2.55,2.55,"[""Betfair Exchange""]","[""odds_api_io""]",1,,
soccer|indonesia|mozambique|2026-06-09,totals|under|3.25|,totals,Under,3.25,,1.56,1.56,"[""Betfair Exchange""]","[""odds_api_io""]",1,,
soccer|indonesia|mozambique|2026-06-09,totals|over|1.25|,totals,Over,1.25,,1.15,1.15,"[""Betfair Exchange""]","[""odds_api_io""]",1,,
soccer|indonesia|mozambique|2026-06-09,totals|under|1.25|,totals,Under,1.25,,6.59,6.59,"[""Betfair Exchange""]","[""odds_api_io""]",1,,
soccer|indonesia|mozambique|2026-06-09,totals|over|5.25|,totals,Over,5.25,,11.56,11.56,"[""Betfair Exchange""]","[""odds_api_io""]",1,,
soccer|indonesia|mozambique|2026-06-09,totals|under|5.25|,totals,Under,5.25,,1.06,1.06,"[""Betfair Exchange""]","[""odds_api_io""]",1,,
soccer|indonesia|mozambique|2026-06-09,totals|over|5.00|,totals,Over,5.0,,11.02,11.02,"[""Betfair Exchange""]","[""odds_api_io""]",1,,
soccer|indonesia|mozambique|2026-06-09,totals|under|5.00|,totals,Under,5.0,,1.06,1.06,"[""Betfair Exchange""]","[""odds_api_io""]",1,,
soccer|indonesia|mozambique|2026-06-09,totals|over|5.50|,totals,Over,5.5,,12.11,12.11,"[""Betfair Exchange""]","[""odds_api_io""]",1,,
soccer|indonesia|mozambique|2026-06-09,totals|under|5.50|,totals,Under,5.5,,1.06,1.06,"[""Betfair Exchange""]","[""odds_api_io""]",1,,
soccer|indonesia|mozambique|2026-06-09,totals|over|6.50|,totals,Over,6.5,,26.0,26.0,"[""Betfair Exchange""]","[""odds_api_io""]",1,,
soccer|indonesia|mozambique|2026-06-09,totals|under|6.50|,totals,Under,6.5,,1.01,1.01,"[""Betfair Exchange""]","[""odds_api_io""]",1,,
soccer|indonesia|mozambique|2026-06-09,totals|over|5.75|,totals,Over,5.75,,16.16,16.16,"[""Betfair Exchange""]","[""odds_api_io""]",1,,
soccer|indonesia|mozambique|2026-06-09,totals|under|5.75|,totals,Under,5.75,,1.01,1.01,"[""Betfair Exchange""]","[""odds_api_io""]",1,,
soccer|indonesia|mozambique|2026-06-09,totals|over|6.00|,totals,Over,6.0,,24.85,24.85,"[""Betfair Exchange""]","[""odds_api_io""]",1,,
soccer|indonesia|mozambique|2026-06-09,totals|under|6.00|,totals,Under,6.0,,1.01,1.01,"[""Betfair Exchange""]","[""odds_api_io""]",1,,
soccer|indonesia|mozambique|2026-06-09,totals|over|6.25|,totals,Over,6.25,,25.42,25.42,"[""Betfair Exchange""]","[""odds_api_io""]",1,,
soccer|indonesia|mozambique|2026-06-09,totals|under|6.25|,totals,Under,6.25,,1.01,1.01,"[""Betfair Exchange""]","[""odds_api_io""]",1,,
soccer|indonesia|mozambique|2026-06-09,totals|over|7.00|,totals,Over,7.0,,50.03,50.03,"[""Betfair Exchange""]","[""odds_api_io""]",1,,
soccer|indonesia|mozambique|2026-06-09,totals|under|7.00|,totals,Under,7.0,,1.01,1.01,"[""Betfair Exchange""]","[""odds_api_io""]",1,,
soccer|indonesia|mozambique|2026-06-09,totals|over|7.25|,totals,Over,7.25,,50.51,50.51,"[""Betfair Exchange""]","[""odds_api_io""]",1,,
soccer|indonesia|mozambique|2026-06-09,totals|under|7.25|,totals,Under,7.25,,1.01,1.01,"[""Betfair Exchange""]","[""odds_api_io""]",1,,
soccer|indonesia|mozambique|2026-06-09,totals|over|7.50|,totals,Over,7.5,,51.0,51.0,"[""Betfair Exchange""]","[""odds_api_io""]",1,,
soccer|indonesia|mozambique|2026-06-09,totals|under|7.50|,totals,Under,7.5,,1.01,1.01,"[""Betfair Exchange""]","[""odds_api_io""]",1,,
soccer|indonesia|mozambique|2026-06-09,totals|over|6.75|,totals,Over,6.75,,34.11,34.11,"[""Betfair Exchange""]","[""odds_api_io""]",1,,
soccer|indonesia|mozambique|2026-06-09,totals|under|6.75|,totals,Under,6.75,,1.01,1.01,"[""Betfair Exchange""]","[""odds_api_io""]",1,,
soccer|liberia|mauritania|2026-06-09,h2h|mauritania||home,h2h,Mauritania,,home,2.78,2.4522,"[""Bet365"", ""Unibet"", ""Betfair Exchange""]","[""odds_api_io""]",3,10.54,
soccer|liberia|mauritania|2026-06-09,h2h|draw||,h2h,Draw,,,3.25,3.1315,"[""Bet365"", ""Unibet"", ""Betfair Exchange""]","[""odds_api_io""]",3,3.129,
soccer|liberia|mauritania|2026-06-09,h2h|liberia||away,h2h,Liberia,,away,3.0,2.8908,"[""Bet365"", ""Unibet"", ""Betfair Exchange""]","[""odds_api_io""]",3,3.704,
soccer|liberia|mauritania|2026-06-09,dnb|mauritania|0.00|home,dnb,Mauritania,0.0,home,1.92,1.7904,"[""Bet365"", ""Unibet"", ""Betfair Exchange""]","[""odds_api_io""]",3,5.821,
soccer|liberia|mauritania|2026-06-09,dnb|liberia|0.00|away,dnb,Liberia,0.0,away,2.06,1.9797,"[""Bet365"", ""Unibet"", ""Betfair Exchange""]","[""odds_api_io""]",3,4.648,
soccer|liberia|mauritania|2026-06-09,spreads|mauritania|-0.25|home,spreads,Mauritania,-0.25,home,2.35,2.1051,"[""Bet365"", ""Betfair Exchange""]","[""odds_api_io""]",3,9.395,
soccer|liberia|mauritania|2026-06-09,spreads|liberia|0.25|away,spreads,Liberia,0.25,away,2.375,1.9545,"[""Bet365"", ""Betfair Exchange""]","[""odds_api_io""]",3,15.698,
soccer|liberia|mauritania|2026-06-09,totals|over|2.00|,totals,Over,2.0,,1.87,1.8091,"[""Bet365"", ""Betfair Exchange""]","[""odds_api_io""]",2,3.667,
soccer|liberia|mauritania|2026-06-09,totals|under|2.00|,totals,Under,2.0,,2.05,1.9925,"[""Bet365"", ""Betfair Exchange""]","[""odds_api_io""]",2,2.766,
soccer|liberia|mauritania|2026-06-09,totals|over|2.50|,totals,Over,2.5,,2.54,2.4468,"[""Bet365"", ""Unibet"", ""Betfair Exchange""]","[""odds_api_io""]",3,2.297,
soccer|liberia|mauritania|2026-06-09,totals|under|2.50|,totals,Under,2.5,,1.56,1.5213,"[""Bet365"", ""Unibet"", ""Betfair Exchange""]","[""odds_api_io""]",3,3.925,
soccer|liberia|mauritania|2026-06-09,btts|yes||,btts,Yes,,,2.1,2.0736,"[""Bet365"", ""Unibet"", ""Betfair Exchange""]","[""odds_api_io""]",3,1.401,
soccer|liberia|mauritania|2026-06-09,btts|no||,btts,No,,,1.83,1.7242,"[""Bet365"", ""Unibet"", ""Betfair Exchange""]","[""odds_api_io""]",3,5.379,
soccer|liberia|mauritania|2026-06-09,spreads|mauritania|-1.00|home,spreads,Mauritania,-1.0,home,6.4,4.8539,"[""Bet365"", ""Unibet"", ""Betfair Exchange""]","[""odds_api_io""]",5,8.471,
soccer|liberia|mauritania|2026-06-09,spreads|liberia|-1.00|away,spreads,Liberia,-1.0,away,8.2,2.6266,"[""Bet365"", ""Unibet"", ""Betfair Exchange""]","[""odds_api_io""]",5,69.772,
soccer|liberia|mauritania|2026-06-09,teamTotals|over|1.50|,teamTotals,Over,1.5,,3.25,2.9792,"[""Bet365""]","[""odds_api_io""]",2,5.594,
soccer|liberia|mauritania|2026-06-09,teamTotals|under|1.50|,teamTotals,Under,1.5,,1.4,1.3657,"[""Bet365""]","[""odds_api_io""]",2,3.59,
soccer|liberia|mauritania|2026-06-09,teamTotals|over|3.50|,teamTotals,Over,3.5,,26.0,23.234,"[""Bet365""]","[""odds_api_io""]",2,0.916,
soccer|liberia|mauritania|2026-06-09,teamTotals|under|3.50|,teamTotals,Under,3.5,,1.015,1.0125,"[""Bet365""]","[""odds_api_io""]",2,0.488,
soccer|liberia|mauritania|2026-06-09,teamTotals|over|4.50|,teamTotals,Over,4.5,,51.0,51.0,"[""Bet365""]","[""odds_api_io""]",1,,
soccer|liberia|mauritania|2026-06-09,teamTotals|under|4.50|,teamTotals,Under,4.5,,1.002,1.002,"[""Bet365""]","[""odds_api_io""]",1,,
soccer|liberia|mauritania|2026-06-09,teamTotals|over|0.50|,teamTotals,Over,0.5,,1.444,1.4059,"[""Bet365"", ""Unibet""]","[""odds_api_io""]",4,3.741,
soccer|liberia|mauritania|2026-06-09,teamTotals|under|0.50|,teamTotals,Under,0.5,,2.75,2.6193,"[""Bet365"", ""Unibet""]","[""odds_api_io""]",4,3.959,
soccer|liberia|mauritania|2026-06-09,teamTotals|over|2.50|,teamTotals,Over,2.5,,10.0,8.8889,"[""Bet365""]","[""odds_api_io""]",2,2.5,
soccer|liberia|mauritania|2026-06-09,teamTotals|under|2.50|,teamTotals,Under,2.5,,1.083,1.0724,"[""Bet365""]","[""odds_api_io""]",2,1.826,
soccer|liberia|mauritania|2026-06-09,spreads|mauritania|-1.50|home,spreads,Mauritania,-1.5,home,6.56,5.993,"[""Bet365"", ""Betfair Exchange""]","[""odds_api_io""]",2,2.938,
soccer|liberia|mauritania|2026-06-09,spreads|liberia|1.50|away,spreads,Liberia,1.5,away,6.6,1.9051,"[""Bet365"", ""Betfair Exchange""]","[""odds_api_io""]",2,73.344,
soccer|liberia|mauritania|2026-06-09,spreads|mauritania|-1.25|home,spreads,Mauritania,-1.25,home,5.89,5.2082,"[""Bet365"", ""Betfair Exchange""]","[""odds_api_io""]",2,4.527,
soccer|liberia|mauritania|2026-06-09,spreads|liberia|1.25|away,spreads,Liberia,1.25,away,6.0,1.9066,"[""Bet365"", ""Betfair Exchange""]","[""odds_api_io""]",2,70.29,
soccer|liberia|mauritania|2026-06-09,spreads|liberia|1.00|away,spreads,Liberia,1.0,away,5.5,1.6638,"[""Bet365"", ""Unibet"", ""Betfair Exchange""]","[""odds_api_io""]",4,66.564,
soccer|liberia|mauritania|2026-06-09,spreads|mauritania|-0.75|home,spreads,Mauritania,-0.75,home,3.5,3.2353,"[""Bet365"", ""Betfair Exchange""]","[""odds_api_io""]",2,4.762,
soccer|liberia|mauritania|2026-06-09,spreads|liberia|0.75|away,spreads,Liberia,0.75,away,3.55,1.9612,"[""Bet365"", ""Betfair Exchange""]","[""odds_api_io""]",2,44.824,
soccer|liberia|mauritania|2026-06-09,spreads|mauritania|-0.50|home,spreads,Mauritania,-0.5,home,2.78,2.5653,"[""Bet365"", ""Betfair Exchange""]","[""odds_api_io""]",2,6.134,
soccer|liberia|mauritania|2026-06-09,spreads|liberia|0.50|away,spreads,Liberia,0.5,away,2.75,1.9725,"[""Bet365"", ""Betfair Exchange""]","[""odds_api_io""]",2,28.152,
soccer|liberia|mauritania|2026-06-09,spreads|mauritania|0.25|home,spreads,Mauritania,0.25,home,1.65,1.5993,"[""Bet365"", ""Betfair Exchange""]","[""odds_api_io""]",2,3.91,
soccer|liberia|mauritania|2026-06-09,spreads|liberia|-0.25|away,spreads,Liberia,-0.25,away,2.52,2.0551,"[""Bet365"", ""Betfair Exchange""]","[""odds_api_io""]",2,18.288,
soccer|liberia|mauritania|2026-06-09,spreads|mauritania|0.50|home,spreads,Mauritania,0.5,home,1.5,1.4622,"[""Bet365"", ""Betfair Exchange""]","[""odds_api_io""]",2,3.509,
soccer|liberia|mauritania|2026-06-09,spreads|liberia|-0.50|away,spreads,Liberia,-0.5,away,2.98,2.0511,"[""Bet365"", ""Betfair Exchange""]","[""odds_api_io""]",2,30.959,
soccer|liberia|mauritania|2026-06-09,spreads|mauritania|0.75|home,spreads,Mauritania,0.75,home,1.32,1.2975,"[""Bet365"", ""Betfair Exchange""]","[""odds_api_io""]",2,2.674,
soccer|liberia|mauritania|2026-06-09,spreads|liberia|-0.75|away,spreads,Liberia,-0.75,away,3.92,2.0538,"[""Bet365"", ""Betfair Exchange""]","[""odds_api_io""]",2,47.217,
soccer|liberia|mauritania|2026-06-09,spreads|mauritania|1.00|home,spreads,Mauritania,1.0,home,1.5,1.2667,"[""Bet365"", ""Unibet"", ""Betfair Exchange""]","[""odds_api_io""]",4,20.29,
soccer|liberia|mauritania|2026-06-09,spreads|mauritania|1.25|home,spreads,Mauritania,1.25,home,1.13,1.1275,"[""Bet365"", ""Betfair Exchange""]","[""odds_api_io""]",2,0.393,
soccer|liberia|mauritania|2026-06-09,spreads|liberia|-1.25|away,spreads,Liberia,-1.25,away,7.47,2.0654,"[""Bet365"", ""Betfair Exchange""]","[""odds_api_io""]",2,71.359,
soccer|liberia|mauritania|2026-06-09,spreads|mauritania|1.50|home,spreads,Mauritania,1.5,home,1.11,1.11,"[""Bet365"", ""Betfair Exchange""]","[""odds_api_io""]",2,,
soccer|liberia|mauritania|2026-06-09,spreads|liberia|-1.50|away,spreads,Liberia,-1.5,away,8.36,2.0501,"[""Bet365"", ""Betfair Exchange""]","[""odds_api_io""]",2,74.995,
soccer|liberia|mauritania|2026-06-09,doubleChance|1x||,doubleChance,1X,,,1.5,1.4134,"[""Unibet"", ""Betfair Exchange""]","[""odds_api_io""]",2,8.521,
soccer|liberia|mauritania|2026-06-09,doubleChance|12||,doubleChance,12,,,1.44,1.3586,"[""Unibet"", ""Betfair Exchange""]","[""odds_api_io""]",2,8.681,
soccer|liberia|mauritania|2026-06-09,doubleChance|x2||,doubleChance,X2,,,1.55,1.4636,"[""Unibet"", ""Betfair Exchange""]","[""odds_api_io""]",2,7.948,
soccer|liberia|mauritania|2026-06-09,totals|over|1.50|,totals,Over,1.5,,1.52,1.4856,"[""Unibet"", ""Betfair Exchange""]","[""odds_api_io""]",2,3.176,
soccer|liberia|mauritania|2026-06-09,totals|under|1.50|,totals,Under,1.5,,2.8,2.6096,"[""Unibet"", ""Betfair Exchange""]","[""odds_api_io""]",2,5.438,
soccer|liberia|mauritania|2026-06-09,totals|over|3.50|,totals,Over,3.5,,5.16,4.8212,"[""Unibet"", ""Betfair Exchange""]","[""odds_api_io""]",2,2.842,
soccer|liberia|mauritania|2026-06-09,totals|under|3.50|,totals,Under,3.5,,1.19,1.1655,"[""Unibet"", ""Betfair Exchange""]","[""odds_api_io""]",2,3.686,
soccer|liberia|mauritania|2026-06-09,totals|over|0.50|,totals,Over,0.5,,1.12,1.1005,"[""Unibet"", ""Betfair Exchange""]","[""odds_api_io""]",2,3.307,
soccer|liberia|mauritania|2026-06-09,totals|under|0.50|,totals,Under,0.5,,8.14,6.8215,"[""Unibet"", ""Betfair Exchange""]","[""odds_api_io""]",2,4.956,
soccer|liberia|mauritania|2026-06-09,spreads|mauritania|-1.75|home,spreads,Mauritania,-1.75,home,9.33,9.33,"[""Betfair Exchange""]","[""odds_api_io""]",1,,
soccer|liberia|mauritania|2026-06-09,spreads|liberia|1.75|away,spreads,Liberia,1.75,away,1.08,1.08,"[""Betfair Exchange""]","[""odds_api_io""]",1,,
soccer|liberia|mauritania|2026-06-09,spreads|mauritania|-2.50|home,spreads,Mauritania,-2.5,home,19.5,19.5,"[""Betfair Exchange""]","[""odds_api_io""]",1,,
soccer|liberia|mauritania|2026-06-09,spreads|liberia|2.50|away,spreads,Liberia,2.5,away,1.03,1.03,"[""Betfair Exchange""]","[""odds_api_io""]",1,,
soccer|liberia|mauritania|2026-06-09,spreads|mauritania|0.00|home,spreads,Mauritania,0.0,home,1.92,1.92,"[""Betfair Exchange""]","[""odds_api_io""]",1,,
soccer|liberia|mauritania|2026-06-09,spreads|liberia|-0.00|away,spreads,Liberia,-0.0,away,2.06,2.06,"[""Betfair Exchange""]","[""odds_api_io""]",1,,
soccer|liberia|mauritania|2026-06-09,spreads|mauritania|1.75|home,spreads,Mauritania,1.75,home,1.07,1.07,"[""Betfair Exchange""]","[""odds_api_io""]",1,,
soccer|liberia|mauritania|2026-06-09,spreads|liberia|-1.75|away,spreads,Liberia,-1.75,away,11.92,11.92,"[""Betfair Exchange""]","[""odds_api_io""]",1,,
soccer|liberia|mauritania|2026-06-09,spreads|mauritania|-2.25|home,spreads,Mauritania,-2.25,home,18.51,18.51,"[""Betfair Exchange""]","[""odds_api_io""]",1,,
soccer|liberia|mauritania|2026-06-09,spreads|liberia|2.25|away,spreads,Liberia,2.25,away,1.03,1.03,"[""Betfair Exchange""]","[""odds_api_io""]",1,,
soccer|liberia|mauritania|2026-06-09,spreads|mauritania|-2.00|home,spreads,Mauritania,-2.0,home,19.5,18.4626,"[""Betfair Exchange""]","[""odds_api_io""]",2,0.576,
soccer|liberia|mauritania|2026-06-09,spreads|liberia|2.00|away,spreads,Liberia,2.0,away,1.13,1.0777,"[""Betfair Exchange""]","[""odds_api_io""]",2,8.592,
soccer|liberia|mauritania|2026-06-09,spreads|mauritania|-2.75|home,spreads,Mauritania,-2.75,home,30.36,30.36,"[""Betfair Exchange""]","[""odds_api_io""]",1,,
soccer|liberia|mauritania|2026-06-09,spreads|liberia|2.75|away,spreads,Liberia,2.75,away,1.02,1.02,"[""Betfair Exchange""]","[""odds_api_io""]",1,,
soccer|liberia|mauritania|2026-06-09,spreads|mauritania|2.00|home,spreads,Mauritania,2.0,home,1.11,1.0631,"[""Betfair Exchange""]","[""odds_api_io""]",2,7.949,
soccer|liberia|mauritania|2026-06-09,spreads|liberia|-2.00|away,spreads,Liberia,-2.0,away,24.0,23.0271,"[""Betfair Exchange""]","[""odds_api_io""]",2,0.352,
soccer|liberia|mauritania|2026-06-09,spreads|mauritania|2.50|home,spreads,Mauritania,2.5,home,1.02,1.02,"[""Betfair Exchange""]","[""odds_api_io""]",1,,
soccer|liberia|mauritania|2026-06-09,spreads|liberia|-2.50|away,spreads,Liberia,-2.5,away,24.0,24.0,"[""Betfair Exchange""]","[""odds_api_io""]",1,,
soccer|liberia|mauritania|2026-06-09,spreads|mauritania|2.25|home,spreads,Mauritania,2.25,home,1.02,1.02,"[""Betfair Exchange""]","[""odds_api_io""]",1,,
soccer|liberia|mauritania|2026-06-09,spreads|liberia|-2.25|away,spreads,Liberia,-2.25,away,23.06,23.06,"[""Betfair Exchange""]","[""odds_api_io""]",1,,
soccer|liberia|mauritania|2026-06-09,spreads|mauritania|2.75|home,spreads,Mauritania,2.75,home,1.01,1.01,"[""Betfair Exchange""]","[""odds_api_io""]",1,,
soccer|liberia|mauritania|2026-06-09,spreads|liberia|-2.75|away,spreads,Liberia,-2.75,away,38.09,38.09,"[""Betfair Exchange""]","[""odds_api_io""]",1,,
soccer|liberia|mauritania|2026-06-09,totals|over|4.25|,totals,Over,4.25,,11.79,11.79,"[""Betfair Exchange""]","[""odds_api_io""]",1,,
soccer|liberia|mauritania|2026-06-09,totals|under|4.25|,totals,Under,4.25,,1.06,1.06,"[""Betfair Exchange""]","[""odds_api_io""]",1,,
soccer|liberia|mauritania|2026-06-09,totals|over|1.75|,totals,Over,1.75,,1.65,1.65,"[""Betfair Exchange""]","[""odds_api_io""]",1,,
soccer|liberia|mauritania|2026-06-09,totals|under|1.75|,totals,Under,1.75,,2.26,2.26,"[""Betfair Exchange""]","[""odds_api_io""]",1,,
soccer|liberia|mauritania|2026-06-09,totals|over|2.75|,totals,Over,2.75,,3.06,3.06,"[""Betfair Exchange""]","[""odds_api_io""]",1,,
soccer|liberia|mauritania|2026-06-09,totals|under|2.75|,totals,Under,2.75,,1.4,1.4,"[""Betfair Exchange""]","[""odds_api_io""]",1,,
soccer|liberia|mauritania|2026-06-09,totals|over|1.25|,totals,Over,1.25,,1.34,1.34,"[""Betfair Exchange""]","[""odds_api_io""]",1,,
soccer|liberia|mauritania|2026-06-09,totals|under|1.25|,totals,Under,1.25,,3.55,3.55,"[""Betfair Exchange""]","[""odds_api_io""]",1,,
soccer|liberia|mauritania|2026-06-09,totals|over|4.50|,totals,Over,4.5,,12.5,12.5,"[""Betfair Exchange""]","[""odds_api_io""]",1,,
soccer|liberia|mauritania|2026-06-09,totals|under|4.50|,totals,Under,4.5,,1.06,1.06,"[""Betfair Exchange""]","[""odds_api_io""]",1,,
soccer|liberia|mauritania|2026-06-09,totals|over|4.00|,totals,Over,4.0,,11.08,11.08,"[""Betfair Exchange""]","[""odds_api_io""]",1,,
soccer|liberia|mauritania|2026-06-09,totals|under|4.00|,totals,Under,4.0,,1.06,1.06,"[""Betfair Exchange""]","[""odds_api_io""]",1,,
soccer|liberia|mauritania|2026-06-09,totals|over|3.75|,totals,Over,3.75,,6.89,6.89,"[""Betfair Exchange""]","[""odds_api_io""]",1,,
soccer|liberia|mauritania|2026-06-09,totals|under|3.75|,totals,Under,3.75,,1.11,1.11,"[""Betfair Exchange""]","[""odds_api_io""]",1,,
soccer|liberia|mauritania|2026-06-09,totals|over|3.25|,totals,Over,3.25,,4.64,4.64,"[""Betfair Exchange""]","[""odds_api_io""]",1,,
soccer|liberia|mauritania|2026-06-09,totals|under|3.25|,totals,Under,3.25,,1.22,1.22,"[""Betfair Exchange""]","[""odds_api_io""]",1,,
soccer|liberia|mauritania|2026-06-09,totals|over|2.25|,totals,Over,2.25,,2.2,2.2,"[""Betfair Exchange""]","[""odds_api_io""]",1,,
soccer|liberia|mauritania|2026-06-09,totals|under|2.25|,totals,Under,2.25,,1.7,1.7,"[""Betfair Exchange""]","[""odds_api_io""]",1,,
soccer|liberia|mauritania|2026-06-09,totals|over|0.75|,totals,Over,0.75,,1.13,1.13,"[""Betfair Exchange""]","[""odds_api_io""]",1,,
soccer|liberia|mauritania|2026-06-09,totals|under|0.75|,totals,Under,0.75,,6.15,6.15,"[""Betfair Exchange""]","[""odds_api_io""]",1,,
soccer|liberia|mauritania|2026-06-09,totals|over|1.00|,totals,Over,1.0,,1.16,1.16,"[""Betfair Exchange""]","[""odds_api_io""]",1,,
soccer|liberia|mauritania|2026-06-09,totals|under|1.00|,totals,Under,1.0,,5.42,5.42,"[""Betfair Exchange""]","[""odds_api_io""]",1,,
soccer|liberia|mauritania|2026-06-09,totals|over|3.00|,totals,Over,3.0,,4.13,4.13,"[""Betfair Exchange""]","[""odds_api_io""]",1,,
soccer|liberia|mauritania|2026-06-09,totals|under|3.00|,totals,Under,3.0,,1.25,1.25,"[""Betfair Exchange""]","[""odds_api_io""]",1,,
soccer|liberia|mauritania|2026-06-09,totals|over|4.75|,totals,Over,4.75,,17.86,17.86,"[""Betfair Exchange""]","[""odds_api_io""]",1,,
soccer|liberia|mauritania|2026-06-09,totals|under|4.75|,totals,Under,4.75,,1.03,1.03,"[""Betfair Exchange""]","[""odds_api_io""]",1,,
soccer|liberia|mauritania|2026-06-09,totals|over|5.50|,totals,Over,5.5,,32.0,32.0,"[""Betfair Exchange""]","[""odds_api_io""]",1,,
soccer|liberia|mauritania|2026-06-09,totals|under|5.50|,totals,Under,5.5,,1.01,1.01,"[""Betfair Exchange""]","[""odds_api_io""]",1,,
soccer|liberia|mauritania|2026-06-09,totals|over|5.00|,totals,Over,5.0,,30.44,30.44,"[""Betfair Exchange""]","[""odds_api_io""]",1,,
soccer|liberia|mauritania|2026-06-09,totals|under|5.00|,totals,Under,5.0,,1.01,1.01,"[""Betfair Exchange""]","[""odds_api_io""]",1,,
soccer|liberia|mauritania|2026-06-09,totals|over|5.25|,totals,Over,5.25,,31.22,31.22,"[""Betfair Exchange""]","[""odds_api_io""]",1,,
soccer|liberia|mauritania|2026-06-09,totals|under|5.25|,totals,Under,5.25,,1.01,1.01,"[""Betfair Exchange""]","[""odds_api_io""]",1,,
soccer|liberia|mauritania|2026-06-09,spreads|mauritania|-3.00|home,spreads,Mauritania,-3.0,home,36.0,36.0,"[""Betfair Exchange""]","[""odds_api_io""]",1,,
soccer|liberia|mauritania|2026-06-09,spreads|liberia|3.00|away,spreads,Liberia,3.0,away,1.03,1.03,"[""Betfair Exchange""]","[""odds_api_io""]",1,,
soccer|liberia|mauritania|2026-06-09,spreads|mauritania|3.00|home,spreads,Mauritania,3.0,home,1.02,1.02,"[""Betfair Exchange""]","[""odds_api_io""]",1,,
soccer|liberia|mauritania|2026-06-09,spreads|liberia|-3.00|away,spreads,Liberia,-3.0,away,46.0,46.0,"[""Betfair Exchange""]","[""odds_api_io""]",1,,
soccer|benin|togo|2026-06-09,h2h|togo||home,h2h,Togo,,home,2.66,2.5705,"[""Bet365"", ""Unibet"", ""Betfair Exchange""]","[""odds_api_io""]",3,2.406,
soccer|benin|togo|2026-06-09,h2h|draw||,h2h,Draw,,,3.15,3.015,"[""Bet365"", ""Unibet"", ""Betfair Exchange""]","[""odds_api_io""]",3,2.737,
soccer|benin|togo|2026-06-09,h2h|benin||away,h2h,Benin,,away,3.05,2.767,"[""Bet365"", ""Unibet"", ""Betfair Exchange""]","[""odds_api_io""]",3,5.308,
soccer|benin|togo|2026-06-09,dnb|togo|0.00|home,dnb,Togo,0.0,home,1.81,1.7217,"[""Bet365"", ""Unibet"", ""Betfair Exchange""]","[""odds_api_io""]",3,6.671,
soccer|benin|togo|2026-06-09,dnb|benin|0.00|away,dnb,Benin,0.0,away,2.2,2.0469,"[""Bet365"", ""Unibet"", ""Betfair Exchange""]","[""odds_api_io""]",3,8.309,
soccer|benin|togo|2026-06-09,spreads|togo|0.00|home,spreads,Togo,0.0,home,1.85,1.8294,"[""Bet365"", ""Betfair Exchange""]","[""odds_api_io""]",2,1.195,
soccer|benin|togo|2026-06-09,totals|over|2.00|,totals,Over,2.0,,1.84,1.8201,"[""Bet365"", ""Betfair Exchange""]","[""odds_api_io""]",2,1.208,
soccer|benin|togo|2026-06-09,totals|under|2.00|,totals,Under,2.0,,2.02,2.0101,"[""Bet365"", ""Betfair Exchange""]","[""odds_api_io""]",2,0.495,
soccer|benin|togo|2026-06-09,totals|over|2.50|,totals,Over,2.5,,2.52,2.3719,"[""Bet365"", ""Unibet"", ""Betfair Exchange""]","[""odds_api_io""]",3,4.762,
soccer|benin|togo|2026-06-09,totals|under|2.50|,totals,Under,2.5,,1.59,1.5608,"[""Bet365"", ""Unibet"", ""Betfair Exchange""]","[""odds_api_io""]",3,2.896,
soccer|benin|togo|2026-06-09,btts|yes||,btts,Yes,,,2.04,1.9972,"[""Bet365"", ""Unibet"", ""Betfair Exchange""]","[""odds_api_io""]",3,2.262,
soccer|benin|togo|2026-06-09,btts|no||,btts,No,,,1.82,1.7624,"[""Bet365"", ""Unibet"", ""Betfair Exchange""]","[""odds_api_io""]",3,2.959,
soccer|benin|togo|2026-06-09,spreads|togo|-1.00|home,spreads,Togo,-1.0,home,5.9,4.8942,"[""Bet365"", ""Unibet"", ""Betfair Exchange""]","[""odds_api_io""]",5,5.778,
soccer|benin|togo|2026-06-09,spreads|benin|-1.00|away,spreads,Benin,-1.0,away,8.2,2.5372,"[""Bet365"", ""Unibet"", ""Betfair Exchange""]","[""odds_api_io""]",5,72.551,
soccer|benin|togo|2026-06-09,spreads|togo|-1.50|home,spreads,Togo,-1.5,home,5.96,5.9304,"[""Bet365"", ""Betfair Exchange""]","[""odds_api_io""]",2,0.171,
soccer|benin|togo|2026-06-09,spreads|benin|1.50|away,spreads,Benin,1.5,away,6.0,1.9066,"[""Bet365"", ""Betfair Exchange""]","[""odds_api_io""]",2,70.29,
soccer|benin|togo|2026-06-09,spreads|togo|-1.25|home,spreads,Togo,-1.25,home,5.34,5.2954,"[""Bet365"", ""Betfair Exchange""]","[""odds_api_io""]",2,0.321,
soccer|benin|togo|2026-06-09,spreads|benin|1.25|away,spreads,Benin,1.25,away,5.75,1.935,"[""Bet365"", ""Betfair Exchange""]","[""odds_api_io""]",2,67.354,
soccer|benin|togo|2026-06-09,spreads|benin|1.00|away,spreads,Benin,1.0,away,5.0,1.6693,"[""Bet365"", ""Unibet"", ""Betfair Exchange""]","[""odds_api_io""]",4,62.645,
soccer|benin|togo|2026-06-09,spreads|togo|-0.75|home,spreads,Togo,-0.75,home,3.3,3.2949,"[""Bet365"", ""Betfair Exchange""]","[""odds_api_io""]",2,0.092,
soccer|benin|togo|2026-06-09,spreads|benin|0.75|away,spreads,Benin,0.75,away,3.45,1.9562,"[""Bet365"", ""Betfair Exchange""]","[""odds_api_io""]",2,43.478,
soccer|benin|togo|2026-06-09,spreads|togo|-0.50|home,spreads,Togo,-0.5,home,2.66,2.6302,"[""Bet365"", ""Betfair Exchange""]","[""odds_api_io""]",2,0.868,
soccer|benin|togo|2026-06-09,spreads|benin|0.50|away,spreads,Benin,0.5,away,2.675,1.9613,"[""Bet365"", ""Betfair Exchange""]","[""odds_api_io""]",2,26.719,
soccer|benin|togo|2026-06-09,spreads|togo|-0.25|home,spreads,Togo,-0.25,home,2.25,2.2398,"[""Bet365"", ""Betfair Exchange""]","[""odds_api_io""]",2,0.399,
soccer|benin|togo|2026-06-09,spreads|benin|0.25|away,spreads,Benin,0.25,away,2.3,1.9762,"[""Bet365"", ""Betfair Exchange""]","[""odds_api_io""]",2,13.993,
soccer|benin|togo|2026-06-09,spreads|togo|0.25|home,spreads,Togo,0.25,home,1.6,1.5846,"[""Bet365"", ""Betfair Exchange""]","[""odds_api_io""]",2,1.194,
soccer|benin|togo|2026-06-09,spreads|benin|-0.25|away,spreads,Benin,-0.25,away,2.58,2.0023,"[""Bet365"", ""Betfair Exchange""]","[""odds_api_io""]",2,22.779,
soccer|benin|togo|2026-06-09,spreads|togo|0.50|home,spreads,Togo,0.5,home,1.45,1.4449,"[""Bet365"", ""Betfair Exchange""]","[""odds_api_io""]",2,0.479,
soccer|benin|togo|2026-06-09,spreads|benin|-0.50|away,spreads,Benin,-0.5,away,3.05,2.0011,"[""Bet365"", ""Betfair Exchange""]","[""odds_api_io""]",2,35.01,
soccer|benin|togo|2026-06-09,spreads|togo|0.75|home,spreads,Togo,0.75,home,1.3,1.2949,"[""Bet365"", ""Betfair Exchange""]","[""odds_api_io""]",2,0.596,
soccer|benin|togo|2026-06-09,spreads|benin|-0.75|away,spreads,Benin,-0.75,away,4.03,2.0128,"[""Bet365"", ""Betfair Exchange""]","[""odds_api_io""]",2,50.658,
soccer|benin|togo|2026-06-09,spreads|togo|1.00|home,spreads,Togo,1.0,home,1.44,1.2602,"[""Bet365"", ""Unibet"", ""Betfair Exchange""]","[""odds_api_io""]",4,18.275,
soccer|benin|togo|2026-06-09,spreads|togo|1.25|home,spreads,Togo,1.25,home,1.14,1.1297,"[""Bet365"", ""Betfair Exchange""]","[""odds_api_io""]",2,1.566,
soccer|benin|togo|2026-06-09,spreads|benin|-1.25|away,spreads,Benin,-1.25,away,7.58,2.0393,"[""Bet365"", ""Betfair Exchange""]","[""odds_api_io""]",2,73.014,
soccer|benin|togo|2026-06-09,spreads|togo|1.50|home,spreads,Togo,1.5,home,1.125,1.1121,"[""Bet365"", ""Betfair Exchange""]","[""odds_api_io""]",2,2.02,
soccer|benin|togo|2026-06-09,spreads|benin|-1.50|away,spreads,Benin,-1.5,away,8.36,2.0189,"[""Bet365"", ""Betfair Exchange""]","[""odds_api_io""]",2,76.534,
soccer|benin|togo|2026-06-09,teamTotals|over|0.50|,teamTotals,Over,0.5,,1.444,1.3732,"[""Bet365"", ""Unibet""]","[""odds_api_io""]",4,5.767,
soccer|benin|togo|2026-06-09,teamTotals|under|0.50|,teamTotals,Under,0.5,,3.25,2.7865,"[""Bet365"", ""Unibet""]","[""odds_api_io""]",4,7.692,
soccer|benin|togo|2026-06-09,teamTotals|over|1.50|,teamTotals,Over,1.5,,3.4,2.9627,"[""Bet365""]","[""odds_api_io""]",2,8.683,
soccer|benin|togo|2026-06-09,teamTotals|under|1.50|,teamTotals,Under,1.5,,1.444,1.3682,"[""Bet365""]","[""odds_api_io""]",2,7.671,
soccer|benin|togo|2026-06-09,teamTotals|over|2.50|,teamTotals,Over,2.5,,10.0,7.8788,"[""Bet365""]","[""odds_api_io""]",2,5.385,
soccer|benin|togo|2026-06-09,teamTotals|under|2.50|,teamTotals,Under,2.5,,1.111,1.0859,"[""Bet365""]","[""odds_api_io""]",2,4.153,
soccer|benin|togo|2026-06-09,teamTotals|over|3.50|,teamTotals,Over,3.5,,26.0,21.9556,"[""Bet365""]","[""odds_api_io""]",2,1.417,
soccer|benin|togo|2026-06-09,teamTotals|under|3.50|,teamTotals,Under,3.5,,1.02,1.015,"[""Bet365""]","[""odds_api_io""]",2,0.971,
soccer|benin|togo|2026-06-09,teamTotals|over|4.50|,teamTotals,Over,4.5,,51.0,51.0,"[""Bet365""]","[""odds_api_io""]",1,,
soccer|benin|togo|2026-06-09,teamTotals|under|4.50|,teamTotals,Under,4.5,,1.002,1.002,"[""Bet365""]","[""odds_api_io""]",1,,
soccer|benin|togo|2026-06-09,spreads|benin|-0.00|away,spreads,Benin,-0.0,away,2.1,2.0236,"[""Bet365"", ""Betfair Exchange""]","[""odds_api_io""]",2,3.663,
soccer|benin|togo|2026-06-09,doubleChance|1x||,doubleChance,1X,,,1.44,1.3903,"[""Unibet"", ""Betfair Exchange""]","[""odds_api_io""]",2,5.182,
soccer|benin|togo|2026-06-09,doubleChance|12||,doubleChance,12,,,1.44,1.3532,"[""Unibet"", ""Betfair Exchange""]","[""odds_api_io""]",2,9.296,
soccer|benin|togo|2026-06-09,doubleChance|x2||,doubleChance,X2,,,1.56,1.4683,"[""Unibet"", ""Betfair Exchange""]","[""odds_api_io""]",2,8.361,
soccer|benin|togo|2026-06-09,totals|over|1.50|,totals,Over,1.5,,1.5,1.4504,"[""Unibet"", ""Betfair Exchange""]","[""odds_api_io""]",2,4.762,
soccer|benin|togo|2026-06-09,totals|under|1.50|,totals,Under,1.5,,2.82,2.7101,"[""Unibet"", ""Betfair Exchange""]","[""odds_api_io""]",2,3.001,
soccer|benin|togo|2026-06-09,totals|over|3.50|,totals,Over,3.5,,5.1,4.5664,"[""Unibet"", ""Betfair Exchange""]","[""odds_api_io""]",2,4.782,
soccer|benin|togo|2026-06-09,totals|under|3.50|,totals,Under,3.5,,1.21,1.1905,"[""Unibet"", ""Betfair Exchange""]","[""odds_api_io""]",2,2.825,
soccer|benin|togo|2026-06-09,totals|over|0.50|,totals,Over,0.5,,1.11,1.0905,"[""Unibet"", ""Betfair Exchange""]","[""odds_api_io""]",2,3.368,
soccer|benin|togo|2026-06-09,totals|under|0.50|,totals,Under,0.5,,8.4,7.3062,"[""Unibet"", ""Betfair Exchange""]","[""odds_api_io""]",2,3.72,
soccer|benin|togo|2026-06-09,spreads|togo|-2.50|home,spreads,Togo,-2.5,home,17.0,17.0,"[""Betfair Exchange""]","[""odds_api_io""]",1,,
soccer|benin|togo|2026-06-09,spreads|benin|2.50|away,spreads,Benin,2.5,away,1.04,1.04,"[""Betfair Exchange""]","[""odds_api_io""]",1,,
soccer|benin|togo|2026-06-09,spreads|togo|-1.75|home,spreads,Togo,-1.75,home,8.4,8.4,"[""Betfair Exchange""]","[""odds_api_io""]",1,,
soccer|benin|togo|2026-06-09,spreads|benin|1.75|away,spreads,Benin,1.75,away,1.1,1.1,"[""Betfair Exchange""]","[""odds_api_io""]",1,,
soccer|benin|togo|2026-06-09,spreads|togo|-2.25|home,spreads,Togo,-2.25,home,16.14,16.14,"[""Betfair Exchange""]","[""odds_api_io""]",1,,
soccer|benin|togo|2026-06-09,spreads|benin|2.25|away,spreads,Benin,2.25,away,1.04,1.04,"[""Betfair Exchange""]","[""odds_api_io""]",1,,
soccer|benin|togo|2026-06-09,spreads|togo|-2.00|home,spreads,Togo,-2.0,home,17.0,16.0942,"[""Betfair Exchange""]","[""odds_api_io""]",2,0.662,
soccer|benin|togo|2026-06-09,spreads|benin|2.00|away,spreads,Benin,2.0,away,1.15,1.0922,"[""Betfair Exchange""]","[""odds_api_io""]",2,9.197,
soccer|benin|togo|2026-06-09,spreads|togo|-2.75|home,spreads,Togo,-2.75,home,26.36,26.36,"[""Betfair Exchange""]","[""odds_api_io""]",1,,
soccer|benin|togo|2026-06-09,spreads|benin|2.75|away,spreads,Benin,2.75,away,1.02,1.02,"[""Betfair Exchange""]","[""odds_api_io""]",1,,
soccer|benin|togo|2026-06-09,spreads|togo|1.75|home,spreads,Togo,1.75,home,1.06,1.06,"[""Betfair Exchange""]","[""odds_api_io""]",1,,
soccer|benin|togo|2026-06-09,spreads|benin|-1.75|away,spreads,Benin,-1.75,away,12.14,12.14,"[""Betfair Exchange""]","[""odds_api_io""]",1,,
soccer|benin|togo|2026-06-09,spreads|togo|2.00|home,spreads,Togo,2.0,home,1.1,1.0585,"[""Betfair Exchange""]","[""odds_api_io""]",2,7.13,
soccer|benin|togo|2026-06-09,spreads|benin|-2.00|away,spreads,Benin,-2.0,away,26.0,24.9004,"[""Betfair Exchange""]","[""odds_api_io""]",2,0.34,
soccer|benin|togo|2026-06-09,spreads|togo|2.25|home,spreads,Togo,2.25,home,1.02,1.02,"[""Betfair Exchange""]","[""odds_api_io""]",1,,
soccer|benin|togo|2026-06-09,spreads|benin|-2.25|away,spreads,Benin,-2.25,away,24.94,24.94,"[""Betfair Exchange""]","[""odds_api_io""]",1,,
soccer|benin|togo|2026-06-09,spreads|togo|-3.50|home,spreads,Togo,-3.5,home,65.0,65.0,"[""Betfair Exchange""]","[""odds_api_io""]",1,,
soccer|benin|togo|2026-06-09,spreads|benin|3.50|away,spreads,Benin,3.5,away,1.01,1.01,"[""Betfair Exchange""]","[""odds_api_io""]",1,,
soccer|benin|togo|2026-06-09,spreads|togo|-3.00|home,spreads,Togo,-3.0,home,65.0,63.5692,"[""Betfair Exchange""]","[""odds_api_io""]",2,0.069,
soccer|benin|togo|2026-06-09,spreads|benin|3.00|away,spreads,Benin,3.0,away,1.04,1.0248,"[""Betfair Exchange""]","[""odds_api_io""]",2,2.856,
soccer|benin|togo|2026-06-09,spreads|togo|-3.25|home,spreads,Togo,-3.25,home,63.6,63.6,"[""Betfair Exchange""]","[""odds_api_io""]",1,,
soccer|benin|togo|2026-06-09,spreads|benin|3.25|away,spreads,Benin,3.25,away,1.01,1.01,"[""Betfair Exchange""]","[""odds_api_io""]",1,,
soccer|benin|togo|2026-06-09,spreads|togo|2.50|home,spreads,Togo,2.5,home,1.02,1.02,"[""Betfair Exchange""]","[""odds_api_io""]",1,,
soccer|benin|togo|2026-06-09,spreads|benin|-2.50|away,spreads,Benin,-2.5,away,26.0,26.0,"[""Betfair Exchange""]","[""odds_api_io""]",1,,
soccer|benin|togo|2026-06-09,spreads|togo|2.75|home,spreads,Togo,2.75,home,1.01,1.01,"[""Betfair Exchange""]","[""odds_api_io""]",1,,
soccer|benin|togo|2026-06-09,spreads|benin|-2.75|away,spreads,Benin,-2.75,away,41.44,41.44,"[""Betfair Exchange""]","[""odds_api_io""]",1,,
soccer|benin|togo|2026-06-09,totals|over|1.75|,totals,Over,1.75,,1.62,1.62,"[""Betfair Exchange""]","[""odds_api_io""]",1,,
soccer|benin|togo|2026-06-09,totals|under|1.75|,totals,Under,1.75,,2.35,2.35,"[""Betfair Exchange""]","[""odds_api_io""]",1,,
soccer|benin|togo|2026-06-09,totals|over|5.50|,totals,Over,5.5,,34.33,34.33,"[""Betfair Exchange""]","[""odds_api_io""]",1,,
soccer|benin|togo|2026-06-09,totals|under|5.50|,totals,Under,5.5,,1.01,1.01,"[""Betfair Exchange""]","[""odds_api_io""]",1,,
soccer|benin|togo|2026-06-09,totals|over|0.75|,totals,Over,0.75,,1.12,1.12,"[""Betfair Exchange""]","[""odds_api_io""]",1,,
soccer|benin|togo|2026-06-09,totals|under|0.75|,totals,Under,0.75,,6.76,6.76,"[""Betfair Exchange""]","[""odds_api_io""]",1,,
soccer|benin|togo|2026-06-09,totals|over|1.00|,totals,Over,1.0,,1.14,1.14,"[""Betfair Exchange""]","[""odds_api_io""]",1,,
soccer|benin|togo|2026-06-09,totals|under|1.00|,totals,Under,1.0,,5.91,5.91,"[""Betfair Exchange""]","[""odds_api_io""]",1,,
soccer|benin|togo|2026-06-09,totals|over|4.75|,totals,Over,4.75,,17.42,17.42,"[""Betfair Exchange""]","[""odds_api_io""]",1,,
soccer|benin|togo|2026-06-09,totals|under|4.75|,totals,Under,4.75,,1.04,1.04,"[""Betfair Exchange""]","[""odds_api_io""]",1,,
soccer|benin|togo|2026-06-09,totals|over|3.75|,totals,Over,3.75,,6.77,6.77,"[""Betfair Exchange""]","[""odds_api_io""]",1,,
soccer|benin|togo|2026-06-09,totals|under|3.75|,totals,Under,3.75,,1.13,1.13,"[""Betfair Exchange""]","[""odds_api_io""]",1,,
soccer|benin|togo|2026-06-09,totals|over|4.00|,totals,Over,4.0,,10.73,10.73,"[""Betfair Exchange""]","[""odds_api_io""]",1,,
soccer|benin|togo|2026-06-09,totals|under|4.00|,totals,Under,4.0,,1.07,1.07,"[""Betfair Exchange""]","[""odds_api_io""]",1,,
soccer|benin|togo|2026-06-09,totals|over|4.50|,totals,Over,4.5,,12.11,12.11,"[""Betfair Exchange""]","[""odds_api_io""]",1,,
soccer|benin|togo|2026-06-09,totals|under|4.50|,totals,Under,4.5,,1.07,1.07,"[""Betfair Exchange""]","[""odds_api_io""]",1,,
soccer|benin|togo|2026-06-09,totals|over|4.25|,totals,Over,4.25,,11.42,11.42,"[""Betfair Exchange""]","[""odds_api_io""]",1,,
soccer|benin|togo|2026-06-09,totals|under|4.25|,totals,Under,4.25,,1.07,1.07,"[""Betfair Exchange""]","[""odds_api_io""]",1,,
soccer|benin|togo|2026-06-09,totals|over|3.00|,totals,Over,3.0,,3.87,3.87,"[""Betfair Exchange""]","[""odds_api_io""]",1,,
soccer|benin|togo|2026-06-09,totals|under|3.00|,totals,Under,3.0,,1.28,1.28,"[""Betfair Exchange""]","[""odds_api_io""]",1,,
soccer|benin|togo|2026-06-09,totals|over|2.25|,totals,Over,2.25,,2.18,2.18,"[""Betfair Exchange""]","[""odds_api_io""]",1,,
soccer|benin|togo|2026-06-09,totals|under|2.25|,totals,Under,2.25,,1.75,1.75,"[""Betfair Exchange""]","[""odds_api_io""]",1,,
soccer|benin|togo|2026-06-09,totals|over|3.25|,totals,Over,3.25,,4.58,4.58,"[""Betfair Exchange""]","[""odds_api_io""]",1,,
soccer|benin|togo|2026-06-09,totals|under|3.25|,totals,Under,3.25,,1.24,1.24,"[""Betfair Exchange""]","[""odds_api_io""]",1,,
soccer|benin|togo|2026-06-09,totals|over|1.25|,totals,Over,1.25,,1.33,1.33,"[""Betfair Exchange""]","[""odds_api_io""]",1,,
soccer|benin|togo|2026-06-09,totals|under|1.25|,totals,Under,1.25,,3.65,3.65,"[""Betfair Exchange""]","[""odds_api_io""]",1,,
soccer|benin|togo|2026-06-09,totals|over|2.75|,totals,Over,2.75,,3.03,3.03,"[""Betfair Exchange""]","[""odds_api_io""]",1,,
soccer|benin|togo|2026-06-09,totals|under|2.75|,totals,Under,2.75,,1.44,1.44,"[""Betfair Exchange""]","[""odds_api_io""]",1,,
soccer|benin|togo|2026-06-09,totals|over|5.00|,totals,Over,5.0,,32.49,32.49,"[""Betfair Exchange""]","[""odds_api_io""]",1,,
soccer|benin|togo|2026-06-09,totals|under|5.00|,totals,Under,5.0,,1.01,1.01,"[""Betfair Exchange""]","[""odds_api_io""]",1,,
soccer|benin|togo|2026-06-09,totals|over|5.25|,totals,Over,5.25,,33.41,33.41,"[""Betfair Exchange""]","[""odds_api_io""]",1,,
soccer|benin|togo|2026-06-09,totals|under|5.25|,totals,Under,5.25,,1.01,1.01,"[""Betfair Exchange""]","[""odds_api_io""]",1,,
soccer|benin|togo|2026-06-09,spreads|togo|3.00|home,spreads,Togo,3.0,home,1.02,1.02,"[""Betfair Exchange""]","[""odds_api_io""]",1,,
soccer|benin|togo|2026-06-09,spreads|benin|-3.00|away,spreads,Benin,-3.0,away,110.0,110.0,"[""Betfair Exchange""]","[""odds_api_io""]",1,,
soccer|juventud las piedras|liverpool montevideo|2026-06-09,h2h|liverpool montevideo||home,h2h,Liverpool Montevideo,,home,3.0,2.5975,"[""Bet365"", ""Betfair Exchange""]","[""odds_api_io""]",2,10.145,
soccer|juventud las piedras|liverpool montevideo|2026-06-09,h2h|draw||,h2h,Draw,,,3.2,2.6128,"[""Bet365"", ""Betfair Exchange""]","[""odds_api_io""]",2,13.795,
soccer|juventud las piedras|liverpool montevideo|2026-06-09,h2h|juventud de las piedras||away,h2h,Juventud de Las Piedras,,away,2.15,2.1243,"[""Bet365"", ""Betfair Exchange""]","[""odds_api_io""]",2,1.107,
soccer|juventud las piedras|liverpool montevideo|2026-06-09,dnb|liverpool montevideo|0.00|home,dnb,Liverpool Montevideo,0.0,home,2.0,1.8528,"[""Bet365"", ""Betfair Exchange""]","[""odds_api_io""]",2,7.803,
soccer|juventud las piedras|liverpool montevideo|2026-06-09,dnb|juventud de las piedras|0.00|away,dnb,Juventud de Las Piedras,0.0,away,1.727,1.6816,"[""Bet365"", ""Betfair Exchange""]","[""odds_api_io""]",2,3.072,
soccer|juventud las piedras|liverpool montevideo|2026-06-09,spreads|liverpool montevideo|0.25|home,spreads,Liverpool Montevideo,0.25,home,1.825,1.6903,"[""Bet365"", ""Betfair Exchange""]","[""odds_api_io""]",3,9.722,
soccer|juventud las piedras|liverpool montevideo|2026-06-09,spreads|juventud de las piedras|-0.25|away,spreads,Juventud de Las Piedras,-0.25,away,1.975,1.7987,"[""Bet365"", ""Betfair Exchange""]","[""odds_api_io""]",3,14.941,
soccer|juventud las piedras|liverpool montevideo|2026-06-09,totals|over|2.50|,totals,Over,2.5,,2.25,2.0244,"[""Bet365"", ""Betfair Exchange""]","[""odds_api_io""]",3,7.912,
soccer|juventud las piedras|liverpool montevideo|2026-06-09,totals|under|2.50|,totals,Under,2.5,,1.85,1.756,"[""Bet365"", ""Betfair Exchange""]","[""odds_api_io""]",3,7.865,
soccer|juventud las piedras|liverpool montevideo|2026-06-09,spreads|liverpool montevideo|-1.50|home,spreads,Liverpool Montevideo,-1.5,home,5.9,3.2835,"[""Bet365"", ""Betfair Exchange""]","[""odds_api_io""]",2,26.529,
soccer|juventud las piedras|liverpool montevideo|2026-06-09,spreads|juventud de las piedras|1.50|away,spreads,Juventud de Las Piedras,1.5,away,4.65,1.6538,"[""Bet365"", ""Betfair Exchange""]","[""odds_api_io""]",2,76.534,
soccer|juventud las piedras|liverpool montevideo|2026-06-09,spreads|liverpool montevideo|-1.25|home,spreads,Liverpool Montevideo,-1.25,home,5.5,3.2196,"[""Bet365"", ""Betfair Exchange""]","[""odds_api_io""]",2,25.296,
soccer|juventud las piedras|liverpool montevideo|2026-06-09,spreads|juventud de las piedras|1.25|away,spreads,Juventud de Las Piedras,1.25,away,4.25,1.627,"[""Bet365"", ""Betfair Exchange""]","[""odds_api_io""]",2,74.51,
soccer|juventud las piedras|liverpool montevideo|2026-06-09,spreads|liverpool montevideo|-1.00|home,spreads,Liverpool Montevideo,-1.0,home,5.0,3.1296,"[""Bet365"", ""Betfair Exchange""]","[""odds_api_io""]",2,23.478,
soccer|juventud las piedras|liverpool montevideo|2026-06-09,spreads|juventud de las piedras|1.00|away,spreads,Juventud de Las Piedras,1.0,away,3.8,1.4926,"[""Bet365"", ""Betfair Exchange""]","[""odds_api_io""]",3,71.723,
soccer|juventud las piedras|liverpool montevideo|2026-06-09,spreads|liverpool montevideo|-0.75|home,spreads,Liverpool Montevideo,-0.75,home,3.45,2.75,"[""Bet365"", ""Betfair Exchange""]","[""odds_api_io""]",2,14.493,
soccer|juventud las piedras|liverpool montevideo|2026-06-09,spreads|juventud de las piedras|0.75|away,spreads,Juventud de Las Piedras,0.75,away,2.85,1.6464,"[""Bet365"", ""Betfair Exchange""]","[""odds_api_io""]",2,50.382,
soccer|juventud las piedras|liverpool montevideo|2026-06-09,spreads|liverpool montevideo|-0.50|home,spreads,Liverpool Montevideo,-0.5,home,2.85,2.5407,"[""Bet365"", ""Betfair Exchange""]","[""odds_api_io""]",2,8.391,
soccer|juventud las piedras|liverpool montevideo|2026-06-09,spreads|juventud de las piedras|0.50|away,spreads,Juventud de Las Piedras,0.5,away,2.375,1.6964,"[""Bet365"", ""Betfair Exchange""]","[""odds_api_io""]",2,33.083,
soccer|juventud las piedras|liverpool montevideo|2026-06-09,spreads|liverpool montevideo|-0.25|home,spreads,Liverpool Montevideo,-0.25,home,2.425,2.1944,"[""Bet365"", ""Betfair Exchange""]","[""odds_api_io""]",2,8.514,
soccer|juventud las piedras|liverpool montevideo|2026-06-09,spreads|juventud de las piedras|0.25|away,spreads,Juventud de Las Piedras,0.25,away,2.075,1.6875,"[""Bet365"", ""Betfair Exchange""]","[""odds_api_io""]",2,21.737,
soccer|juventud las piedras|liverpool montevideo|2026-06-09,spreads|liverpool montevideo|0.50|home,spreads,Liverpool Montevideo,0.5,home,1.55,1.4974,"[""Bet365"", ""Betfair Exchange""]","[""odds_api_io""]",2,4.449,
soccer|juventud las piedras|liverpool montevideo|2026-06-09,spreads|juventud de las piedras|-0.50|away,spreads,Juventud de Las Piedras,-0.5,away,2.1,1.6861,"[""Bet365"", ""Betfair Exchange""]","[""odds_api_io""]",2,23.81,
soccer|juventud las piedras|liverpool montevideo|2026-06-09,spreads|liverpool montevideo|0.75|home,spreads,Liverpool Montevideo,0.75,home,1.4,1.308,"[""Bet365"", ""Betfair Exchange""]","[""odds_api_io""]",2,9.872,
soccer|juventud las piedras|liverpool montevideo|2026-06-09,spreads|juventud de las piedras|-0.75|away,spreads,Juventud de Las Piedras,-0.75,away,2.1,1.6128,"[""Bet365"", ""Betfair Exchange""]","[""odds_api_io""]",2,29.304,
soccer|juventud las piedras|liverpool montevideo|2026-06-09,spreads|liverpool montevideo|1.00|home,spreads,Liverpool Montevideo,1.0,home,1.45,1.2141,"[""Bet365"", ""Betfair Exchange""]","[""odds_api_io""]",3,29.074,
soccer|juventud las piedras|liverpool montevideo|2026-06-09,spreads|juventud de las piedras|-1.00|away,spreads,Juventud de Las Piedras,-1.0,away,2.09,1.6621,"[""Bet365"", ""Betfair Exchange""]","[""odds_api_io""]",3,37.623,
soccer|juventud las piedras|liverpool montevideo|2026-06-09,spreads|liverpool montevideo|1.25|home,spreads,Liverpool Montevideo,1.25,home,1.21,1.1052,"[""Bet365"", ""Betfair Exchange""]","[""odds_api_io""]",2,15.395,
soccer|juventud las piedras|liverpool montevideo|2026-06-09,spreads|juventud de las piedras|-1.25|away,spreads,Juventud de Las Piedras,-1.25,away,2.09,1.4915,"[""Bet365"", ""Betfair Exchange""]","[""odds_api_io""]",2,39.11,
soccer|juventud las piedras|liverpool montevideo|2026-06-09,spreads|liverpool montevideo|1.50|home,spreads,Liverpool Montevideo,1.5,home,1.18,1.0927,"[""Bet365"", ""Betfair Exchange""]","[""odds_api_io""]",2,13.293,
soccer|juventud las piedras|liverpool montevideo|2026-06-09,spreads|juventud de las piedras|-1.50|away,spreads,Juventud de Las Piedras,-1.5,away,2.09,1.4749,"[""Bet365"", ""Betfair Exchange""]","[""odds_api_io""]",2,40.649,
soccer|juventud las piedras|liverpool montevideo|2026-06-09,spreads|liverpool montevideo|1.75|home,spreads,Liverpool Montevideo,1.75,home,1.125,1.069,"[""Bet365"", ""Betfair Exchange""]","[""odds_api_io""]",2,9.15,
soccer|juventud las piedras|liverpool montevideo|2026-06-09,spreads|juventud de las piedras|-1.75|away,spreads,Juventud de Las Piedras,-1.75,away,6.0,3.0731,"[""Bet365"", ""Betfair Exchange""]","[""odds_api_io""]",2,31.18,
soccer|juventud las piedras|liverpool montevideo|2026-06-09,doubleChance|1x||,doubleChance,1X,,,1.45,1.45,"[""Betfair Exchange""]","[""odds_api_io""]",1,,
soccer|juventud las piedras|liverpool montevideo|2026-06-09,doubleChance|12||,doubleChance,12,,,1.16,1.16,"[""Betfair Exchange""]","[""odds_api_io""]",1,,
soccer|juventud las piedras|liverpool montevideo|2026-06-09,doubleChance|x2||,doubleChance,X2,,,1.33,1.33,"[""Betfair Exchange""]","[""odds_api_io""]",1,,
soccer|juventud las piedras|liverpool montevideo|2026-06-09,spreads|liverpool montevideo|-2.00|home,spreads,Liverpool Montevideo,-2.0,home,2.3,2.3,"[""Betfair Exchange""]","[""odds_api_io""]",1,,
soccer|juventud las piedras|liverpool montevideo|2026-06-09,spreads|juventud de las piedras|2.00|away,spreads,Juventud de Las Piedras,2.0,away,1.02,1.02,"[""Betfair Exchange""]","[""odds_api_io""]",1,,
soccer|juventud las piedras|liverpool montevideo|2026-06-09,spreads|liverpool montevideo|-2.25|home,spreads,Liverpool Montevideo,-2.25,home,2.3,2.3,"[""Betfair Exchange""]","[""odds_api_io""]",1,,
soccer|juventud las piedras|liverpool montevideo|2026-06-09,spreads|juventud de las piedras|2.25|away,spreads,Juventud de Las Piedras,2.25,away,1.02,1.02,"[""Betfair Exchange""]","[""odds_api_io""]",1,,
soccer|juventud las piedras|liverpool montevideo|2026-06-09,spreads|liverpool montevideo|-2.50|home,spreads,Liverpool Montevideo,-2.5,home,2.3,2.3,"[""Betfair Exchange""]","[""odds_api_io""]",1,,
soccer|juventud las piedras|liverpool montevideo|2026-06-09,spreads|juventud de las piedras|2.50|away,spreads,Juventud de Las Piedras,2.5,away,1.02,1.02,"[""Betfair Exchange""]","[""odds_api_io""]",1,,
soccer|juventud las piedras|liverpool montevideo|2026-06-09,spreads|liverpool montevideo|-1.75|home,spreads,Liverpool Montevideo,-1.75,home,2.3,2.3,"[""Betfair Exchange""]","[""odds_api_io""]",1,,
soccer|juventud las piedras|liverpool montevideo|2026-06-09,spreads|juventud de las piedras|1.75|away,spreads,Juventud de Las Piedras,1.75,away,1.02,1.02,"[""Betfair Exchange""]","[""odds_api_io""]",1,,
soccer|juventud las piedras|liverpool montevideo|2026-06-09,spreads|liverpool montevideo|0.00|home,spreads,Liverpool Montevideo,0.0,home,1.73,1.73,"[""Betfair Exchange""]","[""odds_api_io""]",1,,
soccer|juventud las piedras|liverpool montevideo|2026-06-09,spreads|juventud de las piedras|-0.00|away,spreads,Juventud de Las Piedras,-0.0,away,1.64,1.64,"[""Betfair Exchange""]","[""odds_api_io""]",1,,
soccer|juventud las piedras|liverpool montevideo|2026-06-09,spreads|liverpool montevideo|-2.75|home,spreads,Liverpool Montevideo,-2.75,home,2.3,2.3,"[""Betfair Exchange""]","[""odds_api_io""]",1,,
soccer|juventud las piedras|liverpool montevideo|2026-06-09,spreads|juventud de las piedras|2.75|away,spreads,Juventud de Las Piedras,2.75,away,1.01,1.01,"[""Betfair Exchange""]","[""odds_api_io""]",1,,
soccer|juventud las piedras|liverpool montevideo|2026-06-09,spreads|liverpool montevideo|2.00|home,spreads,Liverpool Montevideo,2.0,home,1.02,1.02,"[""Betfair Exchange""]","[""odds_api_io""]",1,,
soccer|juventud las piedras|liverpool montevideo|2026-06-09,spreads|juventud de las piedras|-2.00|away,spreads,Juventud de Las Piedras,-2.0,away,2.1,2.095,"[""Betfair Exchange""]","[""odds_api_io""]",2,0.228,
soccer|juventud las piedras|liverpool montevideo|2026-06-09,spreads|liverpool montevideo|2.25|home,spreads,Liverpool Montevideo,2.25,home,1.02,1.02,"[""Betfair Exchange""]","[""odds_api_io""]",1,,
soccer|juventud las piedras|liverpool montevideo|2026-06-09,spreads|juventud de las piedras|-2.25|away,spreads,Juventud de Las Piedras,-2.25,away,2.09,2.09,"[""Betfair Exchange""]","[""odds_api_io""]",1,,
soccer|juventud las piedras|liverpool montevideo|2026-06-09,spreads|liverpool montevideo|2.50|home,spreads,Liverpool Montevideo,2.5,home,1.02,1.02,"[""Betfair Exchange""]","[""odds_api_io""]",1,,
soccer|juventud las piedras|liverpool montevideo|2026-06-09,spreads|juventud de las piedras|-2.50|away,spreads,Juventud de Las Piedras,-2.5,away,2.1,2.1,"[""Betfair Exchange""]","[""odds_api_io""]",1,,
soccer|juventud las piedras|liverpool montevideo|2026-06-09,spreads|liverpool montevideo|2.75|home,spreads,Liverpool Montevideo,2.75,home,1.01,1.01,"[""Betfair Exchange""]","[""odds_api_io""]",1,,
soccer|juventud las piedras|liverpool montevideo|2026-06-09,spreads|juventud de las piedras|-2.75|away,spreads,Juventud de Las Piedras,-2.75,away,2.09,2.09,"[""Betfair Exchange""]","[""odds_api_io""]",1,,
soccer|juventud las piedras|liverpool montevideo|2026-06-09,totals|over|3.00|,totals,Over,3.0,,2.59,2.59,"[""Betfair Exchange""]","[""odds_api_io""]",1,,
soccer|juventud las piedras|liverpool montevideo|2026-06-09,totals|under|3.00|,totals,Under,3.0,,1.33,1.33,"[""Betfair Exchange""]","[""odds_api_io""]",1,,
soccer|juventud las piedras|liverpool montevideo|2026-06-09,totals|over|0.50|,totals,Over,0.5,,1.07,1.07,"[""Betfair Exchange""]","[""odds_api_io""]",1,,
soccer|juventud las piedras|liverpool montevideo|2026-06-09,totals|under|0.50|,totals,Under,0.5,,10.5,10.5,"[""Betfair Exchange""]","[""odds_api_io""]",1,,
soccer|juventud las piedras|liverpool montevideo|2026-06-09,totals|over|0.75|,totals,Over,0.75,,1.07,1.07,"[""Betfair Exchange""]","[""odds_api_io""]",1,,
soccer|juventud las piedras|liverpool montevideo|2026-06-09,totals|under|0.75|,totals,Under,0.75,,3.4,3.4,"[""Betfair Exchange""]","[""odds_api_io""]",1,,
soccer|juventud las piedras|liverpool montevideo|2026-06-09,totals|over|1.75|,totals,Over,1.75,,1.39,1.39,"[""Betfair Exchange""]","[""odds_api_io""]",1,,
soccer|juventud las piedras|liverpool montevideo|2026-06-09,totals|under|1.75|,totals,Under,1.75,,1.82,1.82,"[""Betfair Exchange""]","[""odds_api_io""]",1,,
soccer|juventud las piedras|liverpool montevideo|2026-06-09,totals|over|1.50|,totals,Over,1.5,,1.34,1.34,"[""Betfair Exchange""]","[""odds_api_io""]",1,,
soccer|juventud las piedras|liverpool montevideo|2026-06-09,totals|under|1.50|,totals,Under,1.5,,3.4,3.4,"[""Betfair Exchange""]","[""odds_api_io""]",1,,
soccer|juventud las piedras|liverpool montevideo|2026-06-09,totals|over|2.00|,totals,Over,2.0,,1.48,1.48,"[""Betfair Exchange""]","[""odds_api_io""]",1,,
soccer|juventud las piedras|liverpool montevideo|2026-06-09,totals|under|2.00|,totals,Under,2.0,,1.82,1.82,"[""Betfair Exchange""]","[""odds_api_io""]",1,,
soccer|juventud las piedras|liverpool montevideo|2026-06-09,totals|over|6.50|,totals,Over,6.5,,34.33,34.33,"[""Betfair Exchange""]","[""odds_api_io""]",1,,
soccer|juventud las piedras|liverpool montevideo|2026-06-09,totals|under|6.50|,totals,Under,6.5,,1.01,1.01,"[""Betfair Exchange""]","[""odds_api_io""]",1,,
soccer|juventud las piedras|liverpool montevideo|2026-06-09,totals|over|6.25|,totals,Over,6.25,,33.71,33.71,"[""Betfair Exchange""]","[""odds_api_io""]",1,,
soccer|juventud las piedras|liverpool montevideo|2026-06-09,totals|under|6.25|,totals,Under,6.25,,1.01,1.01,"[""Betfair Exchange""]","[""odds_api_io""]",1,,
soccer|juventud las piedras|liverpool montevideo|2026-06-09,totals|over|5.50|,totals,Over,5.5,,15.28,15.28,"[""Betfair Exchange""]","[""odds_api_io""]",1,,
soccer|juventud las piedras|liverpool montevideo|2026-06-09,totals|under|5.50|,totals,Under,5.5,,1.03,1.03,"[""Betfair Exchange""]","[""odds_api_io""]",1,,
soccer|juventud las piedras|liverpool montevideo|2026-06-09,totals|over|4.75|,totals,Over,4.75,,9.62,9.62,"[""Betfair Exchange""]","[""odds_api_io""]",1,,
soccer|juventud las piedras|liverpool montevideo|2026-06-09,totals|under|4.75|,totals,Under,4.75,,1.03,1.03,"[""Betfair Exchange""]","[""odds_api_io""]",1,,
soccer|juventud las piedras|liverpool montevideo|2026-06-09,totals|over|5.75|,totals,Over,5.75,,20.76,20.76,"[""Betfair Exchange""]","[""odds_api_io""]",1,,
soccer|juventud las piedras|liverpool montevideo|2026-06-09,totals|under|5.75|,totals,Under,5.75,,1.01,1.01,"[""Betfair Exchange""]","[""odds_api_io""]",1,,
soccer|juventud las piedras|liverpool montevideo|2026-06-09,totals|over|1.25|,totals,Over,1.25,,1.21,1.21,"[""Betfair Exchange""]","[""odds_api_io""]",1,,
soccer|juventud las piedras|liverpool montevideo|2026-06-09,totals|under|1.25|,totals,Under,1.25,,3.4,3.4,"[""Betfair Exchange""]","[""odds_api_io""]",1,,
soccer|juventud las piedras|liverpool montevideo|2026-06-09,totals|over|2.25|,totals,Over,2.25,,1.69,1.69,"[""Betfair Exchange""]","[""odds_api_io""]",1,,
soccer|juventud las piedras|liverpool montevideo|2026-06-09,totals|under|2.25|,totals,Under,2.25,,1.82,1.82,"[""Betfair Exchange""]","[""odds_api_io""]",1,,
soccer|juventud las piedras|liverpool montevideo|2026-06-09,totals|over|1.00|,totals,Over,1.0,,1.09,1.09,"[""Betfair Exchange""]","[""odds_api_io""]",1,,
soccer|juventud las piedras|liverpool montevideo|2026-06-09,totals|under|1.00|,totals,Under,1.0,,3.4,3.4,"[""Betfair Exchange""]","[""odds_api_io""]",1,,
soccer|juventud las piedras|liverpool montevideo|2026-06-09,totals|over|5.00|,totals,Over,5.0,,14.22,14.22,"[""Betfair Exchange""]","[""odds_api_io""]",1,,
soccer|juventud las piedras|liverpool montevideo|2026-06-09,totals|under|5.00|,totals,Under,5.0,,1.03,1.03,"[""Betfair Exchange""]","[""odds_api_io""]",1,,
soccer|juventud las piedras|liverpool montevideo|2026-06-09,totals|over|6.00|,totals,Over,6.0,,33.08,33.08,"[""Betfair Exchange""]","[""odds_api_io""]",1,,
soccer|juventud las piedras|liverpool montevideo|2026-06-09,totals|under|6.00|,totals,Under,6.0,,1.01,1.01,"[""Betfair Exchange""]","[""odds_api_io""]",1,,
soccer|juventud las piedras|liverpool montevideo|2026-06-09,totals|over|5.25|,totals,Over,5.25,,14.75,14.75,"[""Betfair Exchange""]","[""odds_api_io""]",1,,
soccer|juventud las piedras|liverpool montevideo|2026-06-09,totals|under|5.25|,totals,Under,5.25,,1.03,1.03,"[""Betfair Exchange""]","[""odds_api_io""]",1,,
soccer|juventud las piedras|liverpool montevideo|2026-06-09,totals|over|3.75|,totals,Over,3.75,,4.23,4.23,"[""Betfair Exchange""]","[""odds_api_io""]",1,,
soccer|juventud las piedras|liverpool montevideo|2026-06-09,totals|under|3.75|,totals,Under,3.75,,1.12,1.12,"[""Betfair Exchange""]","[""odds_api_io""]",1,,
soccer|juventud las piedras|liverpool montevideo|2026-06-09,totals|over|3.25|,totals,Over,3.25,,2.97,2.97,"[""Betfair Exchange""]","[""odds_api_io""]",1,,
soccer|juventud las piedras|liverpool montevideo|2026-06-09,totals|under|3.25|,totals,Under,3.25,,1.33,1.33,"[""Betfair Exchange""]","[""odds_api_io""]",1,,
soccer|juventud las piedras|liverpool montevideo|2026-06-09,totals|over|3.50|,totals,Over,3.5,,3.35,3.35,"[""Betfair Exchange""]","[""odds_api_io""]",1,,
soccer|juventud las piedras|liverpool montevideo|2026-06-09,totals|under|3.50|,totals,Under,3.5,,1.33,1.33,"[""Betfair Exchange""]","[""odds_api_io""]",1,,
soccer|juventud las piedras|liverpool montevideo|2026-06-09,totals|over|4.25|,totals,Over,4.25,,6.79,6.79,"[""Betfair Exchange""]","[""odds_api_io""]",1,,
soccer|juventud las piedras|liverpool montevideo|2026-06-09,totals|under|4.25|,totals,Under,4.25,,1.12,1.12,"[""Betfair Exchange""]","[""odds_api_io""]",1,,
soccer|juventud las piedras|liverpool montevideo|2026-06-09,totals|over|4.50|,totals,Over,4.5,,7.4,7.4,"[""Betfair Exchange""]","[""odds_api_io""]",1,,
soccer|juventud las piedras|liverpool montevideo|2026-06-09,totals|under|4.50|,totals,Under,4.5,,1.12,1.12,"[""Betfair Exchange""]","[""odds_api_io""]",1,,
soccer|juventud las piedras|liverpool montevideo|2026-06-09,totals|over|4.00|,totals,Over,4.0,,6.19,6.19,"[""Betfair Exchange""]","[""odds_api_io""]",1,,
soccer|juventud las piedras|liverpool montevideo|2026-06-09,totals|under|4.00|,totals,Under,4.0,,1.12,1.12,"[""Betfair Exchange""]","[""odds_api_io""]",1,,
soccer|juventud las piedras|liverpool montevideo|2026-06-09,totals|over|2.75|,totals,Over,2.75,,2.15,2.15,"[""Betfair Exchange""]","[""odds_api_io""]",1,,
soccer|juventud las piedras|liverpool montevideo|2026-06-09,totals|under|2.75|,totals,Under,2.75,,1.33,1.33,"[""Betfair Exchange""]","[""odds_api_io""]",1,,
soccer|juventud las piedras|liverpool montevideo|2026-06-09,btts|yes||,btts,Yes,,,1.12,1.12,"[""Betfair Exchange""]","[""odds_api_io""]",1,,
soccer|juventud las piedras|liverpool montevideo|2026-06-09,btts|no||,btts,No,,,1.12,1.12,"[""Betfair Exchange""]","[""odds_api_io""]",1,,
soccer|juventud las piedras|liverpool montevideo|2026-06-09,spreads|liverpool montevideo|-3.00|home,spreads,Liverpool Montevideo,-3.0,home,2.3,2.3,"[""Betfair Exchange""]","[""odds_api_io""]",1,,
soccer|juventud las piedras|liverpool montevideo|2026-06-09,spreads|juventud de las piedras|3.00|away,spreads,Juventud de Las Piedras,3.0,away,1.02,1.02,"[""Betfair Exchange""]","[""odds_api_io""]",1,,
soccer|juventud las piedras|liverpool montevideo|2026-06-09,spreads|liverpool montevideo|3.00|home,spreads,Liverpool Montevideo,3.0,home,1.02,1.02,"[""Betfair Exchange""]","[""odds_api_io""]",1,,
soccer|juventud las piedras|liverpool montevideo|2026-06-09,spreads|juventud de las piedras|-3.00|away,spreads,Juventud de Las Piedras,-3.0,away,2.08,2.08,"[""Betfair Exchange""]","[""odds_api_io""]",1,,
soccer|bulawayo chiefs|telone|2026-06-09,h2h|bulawayo chiefs fc||home,h2h,Bulawayo Chiefs FC,,home,2.45,2.1982,"[""Bet365"", ""Betfair Exchange""]","[""odds_api_io""]",2,9.184,
soccer|bulawayo chiefs|telone|2026-06-09,h2h|draw||,h2h,Draw,,,2.8,1.7356,"[""Bet365"", ""Betfair Exchange""]","[""odds_api_io""]",2,43.026,
soccer|bulawayo chiefs|telone|2026-06-09,h2h|telone fc||away,h2h,Telone FC,,away,2.875,1.8066,"[""Bet365"", ""Betfair Exchange""]","[""odds_api_io""]",2,40.405,
soccer|bulawayo chiefs|telone|2026-06-09,dnb|bulawayo chiefs fc|0.00|home,dnb,Bulawayo Chiefs FC,0.0,home,1.727,1.4185,"[""Bet365"", ""Betfair Exchange""]","[""odds_api_io""]",2,24.741,
soccer|bulawayo chiefs|telone|2026-06-09,dnb|telone fc|0.00|away,dnb,Telone FC,0.0,away,2.0,1.5011,"[""Bet365"", ""Betfair Exchange""]","[""odds_api_io""]",2,32.645,
soccer|bulawayo chiefs|telone|2026-06-09,spreads|bulawayo chiefs fc|0.00|home,spreads,Bulawayo Chiefs FC,0.0,home,1.75,1.426,"[""Bet365"", ""Betfair Exchange""]","[""odds_api_io""]",2,25.502,
soccer|bulawayo chiefs|telone|2026-06-09,totals|over|1.75|,totals,Over,1.75,,1.75,1.33,"[""Bet365"", ""Betfair Exchange""]","[""odds_api_io""]",2,35.45,
soccer|bulawayo chiefs|telone|2026-06-09,totals|under|1.75|,totals,Under,1.75,,2.05,1.554,"[""Bet365"", ""Betfair Exchange""]","[""odds_api_io""]",2,30.585,
soccer|bulawayo chiefs|telone|2026-06-09,totals|over|2.50|,totals,Over,2.5,,2.625,1.5188,"[""Bet365"", ""Betfair Exchange""]","[""odds_api_io""]",2,54.497,
soccer|bulawayo chiefs|telone|2026-06-09,totals|under|2.50|,totals,Under,2.5,,1.444,1.3441,"[""Bet365"", ""Betfair Exchange""]","[""odds_api_io""]",2,10.113,
soccer|bulawayo chiefs|telone|2026-06-09,spreads|bulawayo chiefs fc|-1.75|home,spreads,Bulawayo Chiefs FC,-1.75,home,7.0,3.08,"[""Bet365"", ""Betfair Exchange""]","[""odds_api_io""]",2,35.714,
soccer|bulawayo chiefs|telone|2026-06-09,spreads|telone fc|1.75|away,spreads,Telone FC,1.75,away,1.1,1.0523,"[""Bet365"", ""Betfair Exchange""]","[""odds_api_io""]",2,8.101,
soccer|bulawayo chiefs|telone|2026-06-09,spreads|bulawayo chiefs fc|-1.50|home,spreads,Bulawayo Chiefs FC,-1.5,home,5.25,2.8731,"[""Bet365"", ""Betfair Exchange""]","[""odds_api_io""]",2,30.952,
soccer|bulawayo chiefs|telone|2026-06-09,spreads|telone fc|1.50|away,spreads,Telone FC,1.5,away,6.4,1.7367,"[""Bet365"", ""Betfair Exchange""]","[""odds_api_io""]",2,82.414,
soccer|bulawayo chiefs|telone|2026-06-09,spreads|bulawayo chiefs fc|-1.25|home,spreads,Bulawayo Chiefs FC,-1.25,home,4.65,2.7769,"[""Bet365"", ""Betfair Exchange""]","[""odds_api_io""]",2,28.495,
soccer|bulawayo chiefs|telone|2026-06-09,spreads|telone fc|1.25|away,spreads,Telone FC,1.25,away,5.9,1.7173,"[""Bet365"", ""Betfair Exchange""]","[""odds_api_io""]",2,81.09,
soccer|bulawayo chiefs|telone|2026-06-09,spreads|bulawayo chiefs fc|-1.00|home,spreads,Bulawayo Chiefs FC,-1.0,home,4.25,2.7023,"[""Bet365"", ""Betfair Exchange""]","[""odds_api_io""]",2,26.471,
soccer|bulawayo chiefs|telone|2026-06-09,spreads|telone fc|1.00|away,spreads,Telone FC,1.0,away,5.5,1.447,"[""Bet365"", ""Betfair Exchange""]","[""odds_api_io""]",3,79.857,
soccer|bulawayo chiefs|telone|2026-06-09,spreads|bulawayo chiefs fc|-0.75|home,spreads,Bulawayo Chiefs FC,-0.75,home,3.1,2.4219,"[""Bet365"", ""Betfair Exchange""]","[""odds_api_io""]",2,17.742,
soccer|bulawayo chiefs|telone|2026-06-09,spreads|telone fc|0.75|away,spreads,Telone FC,0.75,away,3.55,1.6285,"[""Bet365"", ""Betfair Exchange""]","[""odds_api_io""]",2,65.289,
soccer|bulawayo chiefs|telone|2026-06-09,spreads|bulawayo chiefs fc|-0.50|home,spreads,Bulawayo Chiefs FC,-0.5,home,2.5,2.2177,"[""Bet365"", ""Betfair Exchange""]","[""odds_api_io""]",2,10.0,
soccer|bulawayo chiefs|telone|2026-06-09,spreads|telone fc|0.50|away,spreads,Telone FC,0.5,away,2.85,1.5954,"[""Bet365"", ""Betfair Exchange""]","[""odds_api_io""]",2,54.198,
soccer|bulawayo chiefs|telone|2026-06-09,spreads|bulawayo chiefs fc|-0.25|home,spreads,Bulawayo Chiefs FC,-0.25,home,2.1,1.8118,"[""Bet365"", ""Betfair Exchange""]","[""odds_api_io""]",2,14.881,
soccer|bulawayo chiefs|telone|2026-06-09,spreads|telone fc|0.25|away,spreads,Telone FC,0.25,away,2.425,1.5501,"[""Bet365"", ""Betfair Exchange""]","[""odds_api_io""]",2,45.719,
soccer|bulawayo chiefs|telone|2026-06-09,spreads|bulawayo chiefs fc|0.25|home,spreads,Bulawayo Chiefs FC,0.25,home,1.525,1.3079,"[""Bet365"", ""Betfair Exchange""]","[""odds_api_io""]",2,21.383,
soccer|bulawayo chiefs|telone|2026-06-09,spreads|telone fc|-0.25|away,spreads,Telone FC,-0.25,away,1.7,1.6476,"[""Bet365"", ""Betfair Exchange""]","[""odds_api_io""]",2,3.676,
soccer|bulawayo chiefs|telone|2026-06-09,spreads|bulawayo chiefs fc|0.50|home,spreads,Bulawayo Chiefs FC,0.5,home,1.4,1.2419,"[""Bet365"", ""Betfair Exchange""]","[""odds_api_io""]",2,17.857,
soccer|bulawayo chiefs|telone|2026-06-09,spreads|telone fc|-0.50|away,spreads,Telone FC,-0.5,away,1.5,1.4084,"[""Bet365"", ""Betfair Exchange""]","[""odds_api_io""]",2,8.521,
soccer|bulawayo chiefs|telone|2026-06-09,spreads|bulawayo chiefs fc|0.75|home,spreads,Bulawayo Chiefs FC,0.75,home,1.275,1.1617,"[""Bet365"", ""Betfair Exchange""]","[""odds_api_io""]",2,15.027,
soccer|bulawayo chiefs|telone|2026-06-09,spreads|telone fc|-0.75|away,spreads,Telone FC,-0.75,away,1.35,1.3397,"[""Bet365"", ""Betfair Exchange""]","[""odds_api_io""]",2,1.114,
soccer|bulawayo chiefs|telone|2026-06-09,spreads|bulawayo chiefs fc|1.00|home,spreads,Bulawayo Chiefs FC,1.0,home,1.15,1.0931,"[""Bet365"", ""Betfair Exchange""]","[""odds_api_io""]",3,11.083,
soccer|bulawayo chiefs|telone|2026-06-09,spreads|telone fc|-1.00|away,spreads,Telone FC,-1.0,away,1.33,1.2683,"[""Bet365"", ""Betfair Exchange""]","[""odds_api_io""]",2,7.457,
soccer|bulawayo chiefs|telone|2026-06-09,spreads|bulawayo chiefs fc|1.25|home,spreads,Bulawayo Chiefs FC,1.25,home,1.13,1.0712,"[""Bet365"", ""Betfair Exchange""]","[""odds_api_io""]",2,9.544,
soccer|bulawayo chiefs|telone|2026-06-09,spreads|telone fc|-1.25|away,spreads,Telone FC,-1.25,away,1.33,1.2519,"[""Bet365"", ""Betfair Exchange""]","[""odds_api_io""]",2,9.558,
soccer|bulawayo chiefs|telone|2026-06-09,spreads|bulawayo chiefs fc|1.50|home,spreads,Bulawayo Chiefs FC,1.5,home,1.115,1.0645,"[""Bet365"", ""Betfair Exchange""]","[""odds_api_io""]",2,8.353,
soccer|bulawayo chiefs|telone|2026-06-09,spreads|telone fc|-1.50|away,spreads,Telone FC,-1.5,away,1.33,1.2407,"[""Bet365"", ""Betfair Exchange""]","[""odds_api_io""]",2,11.019,
soccer|bulawayo chiefs|telone|2026-06-09,spreads|telone fc|-0.00|away,spreads,Telone FC,-0.0,away,2.05,1.5147,"[""Bet365"", ""Betfair Exchange""]","[""odds_api_io""]",2,33.864,
soccer|bulawayo chiefs|telone|2026-06-09,doubleChance|1x||,doubleChance,1X,,,1.12,1.12,"[""Betfair Exchange""]","[""odds_api_io""]",1,,
soccer|bulawayo chiefs|telone|2026-06-09,doubleChance|12||,doubleChance,12,,,1.12,1.12,"[""Betfair Exchange""]","[""odds_api_io""]",1,,
soccer|bulawayo chiefs|telone|2026-06-09,doubleChance|x2||,doubleChance,X2,,,1.12,1.12,"[""Betfair Exchange""]","[""odds_api_io""]",1,,
soccer|bulawayo chiefs|telone|2026-06-09,spreads|bulawayo chiefs fc|2.00|home,spreads,Bulawayo Chiefs FC,2.0,home,1.02,1.02,"[""Betfair Exchange""]","[""odds_api_io""]",1,,
soccer|bulawayo chiefs|telone|2026-06-09,spreads|telone fc|-2.00|away,spreads,Telone FC,-2.0,away,1.33,1.33,"[""Betfair Exchange""]","[""odds_api_io""]",1,,
soccer|bulawayo chiefs|telone|2026-06-09,spreads|bulawayo chiefs fc|2.50|home,spreads,Bulawayo Chiefs FC,2.5,home,1.02,1.02,"[""Betfair Exchange""]","[""odds_api_io""]",1,,
soccer|bulawayo chiefs|telone|2026-06-09,spreads|telone fc|-2.50|away,spreads,Telone FC,-2.5,away,1.33,1.33,"[""Betfair Exchange""]","[""odds_api_io""]",1,,
soccer|bulawayo chiefs|telone|2026-06-09,spreads|bulawayo chiefs fc|2.75|home,spreads,Bulawayo Chiefs FC,2.75,home,1.01,1.01,"[""Betfair Exchange""]","[""odds_api_io""]",1,,
soccer|bulawayo chiefs|telone|2026-06-09,spreads|telone fc|-2.75|away,spreads,Telone FC,-2.75,away,1.33,1.33,"[""Betfair Exchange""]","[""odds_api_io""]",1,,
soccer|bulawayo chiefs|telone|2026-06-09,spreads|bulawayo chiefs fc|2.25|home,spreads,Bulawayo Chiefs FC,2.25,home,1.02,1.02,"[""Betfair Exchange""]","[""odds_api_io""]",1,,
soccer|bulawayo chiefs|telone|2026-06-09,spreads|telone fc|-2.25|away,spreads,Telone FC,-2.25,away,1.33,1.33,"[""Betfair Exchange""]","[""odds_api_io""]",1,,
soccer|bulawayo chiefs|telone|2026-06-09,spreads|bulawayo chiefs fc|-2.00|home,spreads,Bulawayo Chiefs FC,-2.0,home,2.0,2.0,"[""Betfair Exchange""]","[""odds_api_io""]",1,,
soccer|bulawayo chiefs|telone|2026-06-09,spreads|telone fc|2.00|away,spreads,Telone FC,2.0,away,1.02,1.015,"[""Betfair Exchange""]","[""odds_api_io""]",2,0.971,
soccer|bulawayo chiefs|telone|2026-06-09,spreads|bulawayo chiefs fc|-2.25|home,spreads,Bulawayo Chiefs FC,-2.25,home,2.0,2.0,"[""Betfair Exchange""]","[""odds_api_io""]",1,,
soccer|bulawayo chiefs|telone|2026-06-09,spreads|telone fc|2.25|away,spreads,Telone FC,2.25,away,1.01,1.01,"[""Betfair Exchange""]","[""odds_api_io""]",1,,
soccer|bulawayo chiefs|telone|2026-06-09,spreads|bulawayo chiefs fc|-2.50|home,spreads,Bulawayo Chiefs FC,-2.5,home,2.0,2.0,"[""Betfair Exchange""]","[""odds_api_io""]",1,,
soccer|bulawayo chiefs|telone|2026-06-09,spreads|telone fc|2.50|away,spreads,Telone FC,2.5,away,1.01,1.01,"[""Betfair Exchange""]","[""odds_api_io""]",1,,
soccer|bulawayo chiefs|telone|2026-06-09,spreads|bulawayo chiefs fc|1.75|home,spreads,Bulawayo Chiefs FC,1.75,home,1.02,1.02,"[""Betfair Exchange""]","[""odds_api_io""]",1,,
soccer|bulawayo chiefs|telone|2026-06-09,spreads|telone fc|-1.75|away,spreads,Telone FC,-1.75,away,1.33,1.33,"[""Betfair Exchange""]","[""odds_api_io""]",1,,
soccer|bulawayo chiefs|telone|2026-06-09,totals|over|7.25|,totals,Over,7.25,,1.01,1.01,"[""Betfair Exchange""]","[""odds_api_io""]",1,,
soccer|bulawayo chiefs|telone|2026-06-09,totals|under|7.25|,totals,Under,7.25,,1.01,1.01,"[""Betfair Exchange""]","[""odds_api_io""]",1,,
soccer|bulawayo chiefs|telone|2026-06-09,totals|over|7.50|,totals,Over,7.5,,1.21,1.21,"[""Betfair Exchange""]","[""odds_api_io""]",1,,
soccer|bulawayo chiefs|telone|2026-06-09,totals|under|7.50|,totals,Under,7.5,,1.01,1.01,"[""Betfair Exchange""]","[""odds_api_io""]",1,,
soccer|bulawayo chiefs|telone|2026-06-09,totals|over|6.50|,totals,Over,6.5,,1.22,1.22,"[""Betfair Exchange""]","[""odds_api_io""]",1,,
soccer|bulawayo chiefs|telone|2026-06-09,totals|under|6.50|,totals,Under,6.5,,1.01,1.01,"[""Betfair Exchange""]","[""odds_api_io""]",1,,
soccer|bulawayo chiefs|telone|2026-06-09,totals|over|6.00|,totals,Over,6.0,,1.01,1.01,"[""Betfair Exchange""]","[""odds_api_io""]",1,,
soccer|bulawayo chiefs|telone|2026-06-09,totals|under|6.00|,totals,Under,6.0,,1.01,1.01,"[""Betfair Exchange""]","[""odds_api_io""]",1,,
soccer|bulawayo chiefs|telone|2026-06-09,totals|over|4.75|,totals,Over,4.75,,1.01,1.01,"[""Betfair Exchange""]","[""odds_api_io""]",1,,
soccer|bulawayo chiefs|telone|2026-06-09,totals|under|4.75|,totals,Under,4.75,,1.01,1.01,"[""Betfair Exchange""]","[""odds_api_io""]",1,,
soccer|bulawayo chiefs|telone|2026-06-09,totals|over|6.25|,totals,Over,6.25,,1.01,1.01,"[""Betfair Exchange""]","[""odds_api_io""]",1,,
soccer|bulawayo chiefs|telone|2026-06-09,totals|under|6.25|,totals,Under,6.25,,1.01,1.01,"[""Betfair Exchange""]","[""odds_api_io""]",1,,
soccer|bulawayo chiefs|telone|2026-06-09,totals|over|7.00|,totals,Over,7.0,,1.01,1.01,"[""Betfair Exchange""]","[""odds_api_io""]",1,,
soccer|bulawayo chiefs|telone|2026-06-09,totals|under|7.00|,totals,Under,7.0,,1.01,1.01,"[""Betfair Exchange""]","[""odds_api_io""]",1,,
soccer|bulawayo chiefs|telone|2026-06-09,totals|over|6.75|,totals,Over,6.75,,1.01,1.01,"[""Betfair Exchange""]","[""odds_api_io""]",1,,
soccer|bulawayo chiefs|telone|2026-06-09,totals|under|6.75|,totals,Under,6.75,,1.01,1.01,"[""Betfair Exchange""]","[""odds_api_io""]",1,,
soccer|bulawayo chiefs|telone|2026-06-09,totals|over|5.00|,totals,Over,5.0,,1.01,1.01,"[""Betfair Exchange""]","[""odds_api_io""]",1,,
soccer|bulawayo chiefs|telone|2026-06-09,totals|under|5.00|,totals,Under,5.0,,1.01,1.01,"[""Betfair Exchange""]","[""odds_api_io""]",1,,
soccer|bulawayo chiefs|telone|2026-06-09,totals|over|5.25|,totals,Over,5.25,,1.01,1.01,"[""Betfair Exchange""]","[""odds_api_io""]",1,,
soccer|bulawayo chiefs|telone|2026-06-09,totals|under|5.25|,totals,Under,5.25,,1.01,1.01,"[""Betfair Exchange""]","[""odds_api_io""]",1,,
soccer|bulawayo chiefs|telone|2026-06-09,totals|over|5.75|,totals,Over,5.75,,1.01,1.01,"[""Betfair Exchange""]","[""odds_api_io""]",1,,
soccer|bulawayo chiefs|telone|2026-06-09,totals|under|5.75|,totals,Under,5.75,,1.01,1.01,"[""Betfair Exchange""]","[""odds_api_io""]",1,,
soccer|bulawayo chiefs|telone|2026-06-09,totals|over|5.50|,totals,Over,5.5,,1.17,1.17,"[""Betfair Exchange""]","[""odds_api_io""]",1,,
soccer|bulawayo chiefs|telone|2026-06-09,totals|under|5.50|,totals,Under,5.5,,1.01,1.01,"[""Betfair Exchange""]","[""odds_api_io""]",1,,
soccer|bulawayo chiefs|telone|2026-06-09,totals|over|3.25|,totals,Over,3.25,,1.01,1.01,"[""Betfair Exchange""]","[""odds_api_io""]",1,,
soccer|bulawayo chiefs|telone|2026-06-09,totals|under|3.25|,totals,Under,3.25,,1.01,1.01,"[""Betfair Exchange""]","[""odds_api_io""]",1,,
soccer|bulawayo chiefs|telone|2026-06-09,totals|over|3.50|,totals,Over,3.5,,1.08,1.08,"[""Betfair Exchange""]","[""odds_api_io""]",1,,
soccer|bulawayo chiefs|telone|2026-06-09,totals|under|3.50|,totals,Under,3.5,,1.18,1.18,"[""Betfair Exchange""]","[""odds_api_io""]",1,,
soccer|bulawayo chiefs|telone|2026-06-09,totals|over|4.50|,totals,Over,4.5,,1.11,1.11,"[""Betfair Exchange""]","[""odds_api_io""]",1,,
soccer|bulawayo chiefs|telone|2026-06-09,totals|under|4.50|,totals,Under,4.5,,1.06,1.06,"[""Betfair Exchange""]","[""odds_api_io""]",1,,
soccer|bulawayo chiefs|telone|2026-06-09,totals|over|2.25|,totals,Over,2.25,,1.08,1.08,"[""Betfair Exchange""]","[""odds_api_io""]",1,,
soccer|bulawayo chiefs|telone|2026-06-09,totals|under|2.25|,totals,Under,2.25,,1.26,1.26,"[""Betfair Exchange""]","[""odds_api_io""]",1,,
soccer|bulawayo chiefs|telone|2026-06-09,totals|over|4.25|,totals,Over,4.25,,1.01,1.01,"[""Betfair Exchange""]","[""odds_api_io""]",1,,
soccer|bulawayo chiefs|telone|2026-06-09,totals|under|4.25|,totals,Under,4.25,,1.05,1.05,"[""Betfair Exchange""]","[""odds_api_io""]",1,,
soccer|bulawayo chiefs|telone|2026-06-09,totals|over|4.00|,totals,Over,4.0,,1.01,1.01,"[""Betfair Exchange""]","[""odds_api_io""]",1,,
soccer|bulawayo chiefs|telone|2026-06-09,totals|under|4.00|,totals,Under,4.0,,1.05,1.05,"[""Betfair Exchange""]","[""odds_api_io""]",1,,
soccer|bulawayo chiefs|telone|2026-06-09,totals|over|3.75|,totals,Over,3.75,,1.01,1.01,"[""Betfair Exchange""]","[""odds_api_io""]",1,,
soccer|bulawayo chiefs|telone|2026-06-09,totals|under|3.75|,totals,Under,3.75,,1.06,1.06,"[""Betfair Exchange""]","[""odds_api_io""]",1,,
soccer|bulawayo chiefs|telone|2026-06-09,totals|over|0.50|,totals,Over,0.5,,1.09,1.09,"[""Betfair Exchange""]","[""odds_api_io""]",1,,
soccer|bulawayo chiefs|telone|2026-06-09,totals|under|0.50|,totals,Under,0.5,,1.16,1.16,"[""Betfair Exchange""]","[""odds_api_io""]",1,,
soccer|bulawayo chiefs|telone|2026-06-09,totals|over|1.00|,totals,Over,1.0,,1.08,1.08,"[""Betfair Exchange""]","[""odds_api_io""]",1,,
soccer|bulawayo chiefs|telone|2026-06-09,totals|under|1.00|,totals,Under,1.0,,1.26,1.26,"[""Betfair Exchange""]","[""odds_api_io""]",1,,
soccer|bulawayo chiefs|telone|2026-06-09,totals|over|0.75|,totals,Over,0.75,,1.07,1.07,"[""Betfair Exchange""]","[""odds_api_io""]",1,,
soccer|bulawayo chiefs|telone|2026-06-09,totals|under|0.75|,totals,Under,0.75,,1.27,1.27,"[""Betfair Exchange""]","[""odds_api_io""]",1,,
soccer|bulawayo chiefs|telone|2026-06-09,totals|over|2.75|,totals,Over,2.75,,2.08,2.08,"[""Betfair Exchange""]","[""odds_api_io""]",1,,
soccer|bulawayo chiefs|telone|2026-06-09,totals|under|2.75|,totals,Under,2.75,,1.17,1.17,"[""Betfair Exchange""]","[""odds_api_io""]",1,,
soccer|bulawayo chiefs|telone|2026-06-09,totals|over|3.00|,totals,Over,3.0,,1.01,1.01,"[""Betfair Exchange""]","[""odds_api_io""]",1,,
soccer|bulawayo chiefs|telone|2026-06-09,totals|under|3.00|,totals,Under,3.0,,1.17,1.17,"[""Betfair Exchange""]","[""odds_api_io""]",1,,
soccer|bulawayo chiefs|telone|2026-06-09,totals|over|1.25|,totals,Over,1.25,,1.09,1.09,"[""Betfair Exchange""]","[""odds_api_io""]",1,,
soccer|bulawayo chiefs|telone|2026-06-09,totals|under|1.25|,totals,Under,1.25,,1.27,1.27,"[""Betfair Exchange""]","[""odds_api_io""]",1,,
soccer|bulawayo chiefs|telone|2026-06-09,totals|over|1.50|,totals,Over,1.5,,1.07,1.07,"[""Betfair Exchange""]","[""odds_api_io""]",1,,
soccer|bulawayo chiefs|telone|2026-06-09,totals|under|1.50|,totals,Under,1.5,,1.27,1.27,"[""Betfair Exchange""]","[""odds_api_io""]",1,,
soccer|bulawayo chiefs|telone|2026-06-09,totals|over|2.00|,totals,Over,2.0,,1.09,1.09,"[""Betfair Exchange""]","[""odds_api_io""]",1,,
soccer|bulawayo chiefs|telone|2026-06-09,totals|under|2.00|,totals,Under,2.0,,1.26,1.26,"[""Betfair Exchange""]","[""odds_api_io""]",1,,
soccer|bulawayo chiefs|telone|2026-06-09,btts|yes||,btts,Yes,,,1.12,1.12,"[""Betfair Exchange""]","[""odds_api_io""]",1,,
soccer|bulawayo chiefs|telone|2026-06-09,btts|no||,btts,No,,,1.12,1.12,"[""Betfair Exchange""]","[""odds_api_io""]",1,,
soccer|bulawayo chiefs|telone|2026-06-09,spreads|bulawayo chiefs fc|-3.00|home,spreads,Bulawayo Chiefs FC,-3.0,home,2.0,2.0,"[""Betfair Exchange""]","[""odds_api_io""]",1,,
soccer|bulawayo chiefs|telone|2026-06-09,spreads|telone fc|3.00|away,spreads,Telone FC,3.0,away,1.01,1.01,"[""Betfair Exchange""]","[""odds_api_io""]",1,,
soccer|bulawayo chiefs|telone|2026-06-09,spreads|bulawayo chiefs fc|3.00|home,spreads,Bulawayo Chiefs FC,3.0,home,1.02,1.02,"[""Betfair Exchange""]","[""odds_api_io""]",1,,
soccer|bulawayo chiefs|telone|2026-06-09,spreads|telone fc|-3.00|away,spreads,Telone FC,-3.0,away,1.33,1.33,"[""Betfair Exchange""]","[""odds_api_io""]",1,,
soccer|australia|cambodia|2026-06-09,h2h|australia u19||home,h2h,Australia U19,,home,1.045,1.0373,"[""Bet365"", ""Betfair Exchange""]","[""odds_api_io""]",2,1.394,
soccer|australia|cambodia|2026-06-09,h2h|draw||,h2h,Draw,,,25.0,18.8356,"[""Bet365"", ""Betfair Exchange""]","[""odds_api_io""]",2,2.667,
soccer|australia|cambodia|2026-06-09,h2h|cambodia u19||away,h2h,Cambodia U19,,away,110.0,52.4477,"[""Bet365"", ""Betfair Exchange""]","[""odds_api_io""]",2,2.032,
soccer|australia|cambodia|2026-06-09,dnb|australia u19|0.00|home,dnb,Australia U19,0.0,home,1.005,1.005,"[""Bet365""]","[""odds_api_io""]",1,,
soccer|australia|cambodia|2026-06-09,dnb|cambodia u19|0.00|away,dnb,Cambodia U19,0.0,away,17.0,17.0,"[""Bet365""]","[""odds_api_io""]",1,,
soccer|australia|cambodia|2026-06-09,spreads|australia u19|-3.50|home,spreads,Australia U19,-3.5,home,1.825,1.798,"[""Bet365"", ""Betfair Exchange"", ""Sbobet""]","[""odds_api_io""]",3,1.385,
soccer|australia|cambodia|2026-06-09,spreads|cambodia u19|3.50|away,spreads,Cambodia U19,3.5,away,2.0,1.9639,"[""Bet365"", ""Betfair Exchange"", ""Sbobet""]","[""odds_api_io""]",3,2.083,
soccer|australia|cambodia|2026-06-09,totals|over|2.50|,totals,Over,2.5,,1.2,1.1949,"[""Bet365"", ""Betfair Exchange""]","[""odds_api_io""]",2,0.7,
soccer|australia|cambodia|2026-06-09,totals|under|2.50|,totals,Under,2.5,,4.8,4.5588,"[""Bet365"", ""Betfair Exchange""]","[""odds_api_io""]",2,2.245,
soccer|australia|cambodia|2026-06-09,doubleChance|12||,doubleChance,12,,,1.03,1.03,"[""Betfair Exchange""]","[""odds_api_io""]",1,,
soccer|australia|cambodia|2026-06-09,doubleChance|x2||,doubleChance,X2,,,21.0,21.0,"[""Betfair Exchange""]","[""odds_api_io""]",1,,
soccer|australia|cambodia|2026-06-09,spreads|australia u19|-3.00|home,spreads,Australia U19,-3.0,home,1.79,1.6203,"[""Betfair Exchange""]","[""odds_api_io""]",2,11.702,
soccer|australia|cambodia|2026-06-09,spreads|cambodia u19|3.00|away,spreads,Cambodia U19,3.0,away,3.0,2.745,"[""Betfair Exchange""]","[""odds_api_io""]",2,6.192,
soccer|australia|cambodia|2026-06-09,spreads|australia u19|-2.25|home,spreads,Australia U19,-2.25,home,1.25,1.25,"[""Betfair Exchange""]","[""odds_api_io""]",1,,
soccer|australia|cambodia|2026-06-09,spreads|cambodia u19|2.25|away,spreads,Cambodia U19,2.25,away,3.68,3.68,"[""Betfair Exchange""]","[""odds_api_io""]",1,,
soccer|australia|cambodia|2026-06-09,spreads|australia u19|-0.25|home,spreads,Australia U19,-0.25,home,1.02,1.02,"[""Betfair Exchange""]","[""odds_api_io""]",1,,
soccer|australia|cambodia|2026-06-09,spreads|cambodia u19|0.25|away,spreads,Cambodia U19,0.25,away,34.58,34.58,"[""Betfair Exchange""]","[""odds_api_io""]",1,,
soccer|australia|cambodia|2026-06-09,spreads|australia u19|-1.00|home,spreads,Australia U19,-1.0,home,1.13,1.0831,"[""Betfair Exchange""]","[""odds_api_io""]",2,7.658,
soccer|australia|cambodia|2026-06-09,spreads|cambodia u19|1.00|away,spreads,Cambodia U19,1.0,away,21.0,19.6709,"[""Betfair Exchange""]","[""odds_api_io""]",2,0.644,
soccer|australia|cambodia|2026-06-09,spreads|australia u19|-0.75|home,spreads,Australia U19,-0.75,home,1.03,1.03,"[""Betfair Exchange""]","[""odds_api_io""]",1,,
soccer|australia|cambodia|2026-06-09,spreads|cambodia u19|0.75|away,spreads,Cambodia U19,0.75,away,19.75,19.75,"[""Betfair Exchange""]","[""odds_api_io""]",1,,
soccer|australia|cambodia|2026-06-09,spreads|australia u19|-1.25|home,spreads,Australia U19,-1.25,home,1.08,1.08,"[""Betfair Exchange""]","[""odds_api_io""]",1,,
soccer|australia|cambodia|2026-06-09,spreads|cambodia u19|1.25|away,spreads,Cambodia U19,1.25,away,8.77,8.77,"[""Betfair Exchange""]","[""odds_api_io""]",1,,
soccer|australia|cambodia|2026-06-09,spreads|australia u19|-2.50|home,spreads,Australia U19,-2.5,home,1.34,1.34,"[""Betfair Exchange""]","[""odds_api_io""]",1,,
soccer|australia|cambodia|2026-06-09,spreads|cambodia u19|2.50|away,spreads,Cambodia U19,2.5,away,3.0,3.0,"[""Betfair Exchange""]","[""odds_api_io""]",1,,
soccer|australia|cambodia|2026-06-09,spreads|australia u19|-2.00|home,spreads,Australia U19,-2.0,home,1.34,1.2435,"[""Betfair Exchange""]","[""odds_api_io""]",2,11.58,
soccer|australia|cambodia|2026-06-09,spreads|cambodia u19|2.00|away,spreads,Cambodia U19,2.0,away,6.0,5.4842,"[""Betfair Exchange""]","[""odds_api_io""]",2,3.135,
soccer|australia|cambodia|2026-06-09,spreads|australia u19|-1.50|home,spreads,Australia U19,-1.5,home,1.13,1.13,"[""Betfair Exchange""]","[""odds_api_io""]",1,,
soccer|australia|cambodia|2026-06-09,spreads|cambodia u19|1.50|away,spreads,Cambodia U19,1.5,away,6.0,6.0,"[""Betfair Exchange""]","[""odds_api_io""]",1,,
soccer|australia|cambodia|2026-06-09,spreads|australia u19|-1.75|home,spreads,Australia U19,-1.75,home,1.14,1.14,"[""Betfair Exchange""]","[""odds_api_io""]",1,,
soccer|australia|cambodia|2026-06-09,spreads|cambodia u19|1.75|away,spreads,Cambodia U19,1.75,away,5.52,5.52,"[""Betfair Exchange""]","[""odds_api_io""]",1,,
soccer|australia|cambodia|2026-06-09,spreads|australia u19|-0.50|home,spreads,Australia U19,-0.5,home,1.03,1.03,"[""Betfair Exchange""]","[""odds_api_io""]",1,,
soccer|australia|cambodia|2026-06-09,spreads|cambodia u19|0.50|away,spreads,Cambodia U19,0.5,away,21.0,21.0,"[""Betfair Exchange""]","[""odds_api_io""]",1,,
soccer|australia|cambodia|2026-06-09,spreads|australia u19|-2.75|home,spreads,Australia U19,-2.75,home,1.39,1.39,"[""Betfair Exchange""]","[""odds_api_io""]",1,,
soccer|australia|cambodia|2026-06-09,spreads|cambodia u19|2.75|away,spreads,Cambodia U19,2.75,away,2.77,2.77,"[""Betfair Exchange""]","[""odds_api_io""]",1,,
soccer|australia|cambodia|2026-06-09,spreads|australia u19|-3.25|home,spreads,Australia U19,-3.25,home,1.63,1.63,"[""Betfair Exchange""]","[""odds_api_io""]",1,,
soccer|australia|cambodia|2026-06-09,spreads|cambodia u19|3.25|away,spreads,Cambodia U19,3.25,away,2.15,2.15,"[""Betfair Exchange""]","[""odds_api_io""]",1,,
soccer|australia|cambodia|2026-06-09,spreads|australia u19|-3.75|home,spreads,Australia U19,-3.75,home,1.95,1.95,"[""Betfair Exchange""]","[""odds_api_io""]",1,,
soccer|australia|cambodia|2026-06-09,spreads|cambodia u19|3.75|away,spreads,Cambodia U19,3.75,away,1.75,1.75,"[""Betfair Exchange""]","[""odds_api_io""]",1,,
soccer|australia|cambodia|2026-06-09,spreads|australia u19|-4.00|home,spreads,Australia U19,-4.0,home,2.22,2.22,"[""Betfair Exchange""]","[""odds_api_io""]",1,,
soccer|australia|cambodia|2026-06-09,spreads|cambodia u19|4.00|away,spreads,Cambodia U19,4.0,away,1.58,1.58,"[""Betfair Exchange""]","[""odds_api_io""]",1,,
soccer|australia|cambodia|2026-06-09,totals|over|3.50|,totals,Over,3.5,,1.47,1.47,"[""Betfair Exchange""]","[""odds_api_io""]",1,,
soccer|australia|cambodia|2026-06-09,totals|under|3.50|,totals,Under,3.5,,2.56,2.56,"[""Betfair Exchange""]","[""odds_api_io""]",1,,
soccer|australia|cambodia|2026-06-09,totals|over|3.75|,totals,Over,3.75,,1.54,1.54,"[""Betfair Exchange""]","[""odds_api_io""]",1,,
soccer|australia|cambodia|2026-06-09,totals|under|3.75|,totals,Under,3.75,,2.31,2.31,"[""Betfair Exchange""]","[""odds_api_io""]",1,,
soccer|australia|cambodia|2026-06-09,totals|over|5.00|,totals,Over,5.0,,2.69,2.69,"[""Betfair Exchange""]","[""odds_api_io""]",1,,
soccer|australia|cambodia|2026-06-09,totals|under|5.00|,totals,Under,5.0,,1.42,1.42,"[""Betfair Exchange""]","[""odds_api_io""]",1,,
soccer|australia|cambodia|2026-06-09,totals|over|4.00|,totals,Over,4.0,,1.66,1.66,"[""Betfair Exchange""]","[""odds_api_io""]",1,,
soccer|australia|cambodia|2026-06-09,totals|under|4.00|,totals,Under,4.0,,2.07,2.07,"[""Betfair Exchange""]","[""odds_api_io""]",1,,
soccer|australia|cambodia|2026-06-09,totals|over|5.25|,totals,Over,5.25,,2.97,2.97,"[""Betfair Exchange""]","[""odds_api_io""]",1,,
soccer|australia|cambodia|2026-06-09,totals|under|5.25|,totals,Under,5.25,,1.36,1.36,"[""Betfair Exchange""]","[""odds_api_io""]",1,,
soccer|australia|cambodia|2026-06-09,totals|over|5.50|,totals,Over,5.5,,3.25,3.25,"[""Betfair Exchange""]","[""odds_api_io""]",1,,
soccer|australia|cambodia|2026-06-09,totals|under|5.50|,totals,Under,5.5,,1.32,1.32,"[""Betfair Exchange""]","[""odds_api_io""]",1,,
soccer|australia|cambodia|2026-06-09,totals|over|3.25|,totals,Over,3.25,,1.35,1.35,"[""Betfair Exchange""]","[""odds_api_io""]",1,,
soccer|australia|cambodia|2026-06-09,totals|under|3.25|,totals,Under,3.25,,3.02,3.02,"[""Betfair Exchange""]","[""odds_api_io""]",1,,
soccer|australia|cambodia|2026-06-09,totals|over|1.75|,totals,Over,1.75,,1.06,1.06,"[""Betfair Exchange""]","[""odds_api_io""]",1,,
soccer|australia|cambodia|2026-06-09,totals|under|1.75|,totals,Under,1.75,,11.64,11.64,"[""Betfair Exchange""]","[""odds_api_io""]",1,,
soccer|australia|cambodia|2026-06-09,totals|over|4.75|,totals,Over,4.75,,2.28,2.28,"[""Betfair Exchange""]","[""odds_api_io""]",1,,
soccer|australia|cambodia|2026-06-09,totals|under|4.75|,totals,Under,4.75,,1.55,1.55,"[""Betfair Exchange""]","[""odds_api_io""]",1,,
soccer|australia|cambodia|2026-06-09,totals|over|2.00|,totals,Over,2.0,,1.06,1.06,"[""Betfair Exchange""]","[""odds_api_io""]",1,,
soccer|australia|cambodia|2026-06-09,totals|under|2.00|,totals,Under,2.0,,10.95,10.95,"[""Betfair Exchange""]","[""odds_api_io""]",1,,
soccer|australia|cambodia|2026-06-09,totals|over|2.25|,totals,Over,2.25,,1.12,1.12,"[""Betfair Exchange""]","[""odds_api_io""]",1,,
soccer|australia|cambodia|2026-06-09,totals|under|2.25|,totals,Under,2.25,,6.49,6.49,"[""Betfair Exchange""]","[""odds_api_io""]",1,,
soccer|australia|cambodia|2026-06-09,totals|over|6.50|,totals,Over,6.5,,5.76,5.76,"[""Betfair Exchange""]","[""odds_api_io""]",1,,
soccer|australia|cambodia|2026-06-09,totals|under|6.50|,totals,Under,6.5,,1.14,1.14,"[""Betfair Exchange""]","[""odds_api_io""]",1,,
soccer|australia|cambodia|2026-06-09,totals|over|6.25|,totals,Over,6.25,,5.37,5.37,"[""Betfair Exchange""]","[""odds_api_io""]",1,,
soccer|australia|cambodia|2026-06-09,totals|under|6.25|,totals,Under,6.25,,1.15,1.15,"[""Betfair Exchange""]","[""odds_api_io""]",1,,
soccer|australia|cambodia|2026-06-09,totals|over|4.50|,totals,Over,4.5,,2.04,2.04,"[""Betfair Exchange""]","[""odds_api_io""]",1,,
soccer|australia|cambodia|2026-06-09,totals|under|4.50|,totals,Under,4.5,,1.69,1.69,"[""Betfair Exchange""]","[""odds_api_io""]",1,,
soccer|australia|cambodia|2026-06-09,totals|over|7.25|,totals,Over,7.25,,11.56,11.56,"[""Betfair Exchange""]","[""odds_api_io""]",1,,
soccer|australia|cambodia|2026-06-09,totals|under|7.25|,totals,Under,7.25,,1.06,1.06,"[""Betfair Exchange""]","[""odds_api_io""]",1,,
soccer|australia|cambodia|2026-06-09,totals|over|5.75|,totals,Over,5.75,,3.87,3.87,"[""Betfair Exchange""]","[""odds_api_io""]",1,,
soccer|australia|cambodia|2026-06-09,totals|under|5.75|,totals,Under,5.75,,1.23,1.23,"[""Betfair Exchange""]","[""odds_api_io""]",1,,
soccer|australia|cambodia|2026-06-09,totals|over|7.00|,totals,Over,7.0,,11.01,11.01,"[""Betfair Exchange""]","[""odds_api_io""]",1,,
soccer|australia|cambodia|2026-06-09,totals|under|7.00|,totals,Under,7.0,,1.06,1.06,"[""Betfair Exchange""]","[""odds_api_io""]",1,,
soccer|australia|cambodia|2026-06-09,totals|over|7.50|,totals,Over,7.5,,12.11,12.11,"[""Betfair Exchange""]","[""odds_api_io""]",1,,
soccer|australia|cambodia|2026-06-09,totals|under|7.50|,totals,Under,7.5,,1.06,1.06,"[""Betfair Exchange""]","[""odds_api_io""]",1,,
soccer|australia|cambodia|2026-06-09,totals|over|6.00|,totals,Over,6.0,,4.99,4.99,"[""Betfair Exchange""]","[""odds_api_io""]",1,,
soccer|australia|cambodia|2026-06-09,totals|under|6.00|,totals,Under,6.0,,1.16,1.16,"[""Betfair Exchange""]","[""odds_api_io""]",1,,
soccer|australia|cambodia|2026-06-09,totals|over|6.75|,totals,Over,6.75,,7.45,7.45,"[""Betfair Exchange""]","[""odds_api_io""]",1,,
soccer|australia|cambodia|2026-06-09,totals|under|6.75|,totals,Under,6.75,,1.1,1.1,"[""Betfair Exchange""]","[""odds_api_io""]",1,,
soccer|australia|cambodia|2026-06-09,totals|over|4.25|,totals,Over,4.25,,1.86,1.8551,"[""Betfair Exchange"", ""Sbobet""]","[""odds_api_io""]",2,0.291,
soccer|australia|cambodia|2026-06-09,totals|under|4.25|,totals,Under,4.25,,1.93,1.8831,"[""Betfair Exchange"", ""Sbobet""]","[""odds_api_io""]",2,2.534,
soccer|australia|cambodia|2026-06-09,totals|over|0.50|,totals,Over,0.5,,1.01,1.01,"[""Betfair Exchange""]","[""odds_api_io""]",1,,
soccer|australia|cambodia|2026-06-09,totals|under|0.50|,totals,Under,0.5,,13.5,13.5,"[""Betfair Exchange""]","[""odds_api_io""]",1,,
soccer|australia|cambodia|2026-06-09,totals|over|0.75|,totals,Over,0.75,,1.01,1.01,"[""Betfair Exchange""]","[""odds_api_io""]",1,,
soccer|australia|cambodia|2026-06-09,totals|under|0.75|,totals,Under,0.75,,13.0,13.0,"[""Betfair Exchange""]","[""odds_api_io""]",1,,
soccer|australia|cambodia|2026-06-09,totals|over|1.25|,totals,Over,1.25,,1.03,1.03,"[""Betfair Exchange""]","[""odds_api_io""]",1,,
soccer|australia|cambodia|2026-06-09,totals|under|1.25|,totals,Under,1.25,,13.0,13.0,"[""Betfair Exchange""]","[""odds_api_io""]",1,,
soccer|australia|cambodia|2026-06-09,totals|over|1.50|,totals,Over,1.5,,1.06,1.06,"[""Betfair Exchange""]","[""odds_api_io""]",1,,
soccer|australia|cambodia|2026-06-09,totals|under|1.50|,totals,Under,1.5,,13.0,13.0,"[""Betfair Exchange""]","[""odds_api_io""]",1,,
soccer|australia|cambodia|2026-06-09,totals|over|1.00|,totals,Over,1.0,,1.01,1.01,"[""Betfair Exchange""]","[""odds_api_io""]",1,,
soccer|australia|cambodia|2026-06-09,totals|under|1.00|,totals,Under,1.0,,13.0,13.0,"[""Betfair Exchange""]","[""odds_api_io""]",1,,
soccer|australia|cambodia|2026-06-09,totals|over|2.75|,totals,Over,2.75,,1.21,1.21,"[""Betfair Exchange""]","[""odds_api_io""]",1,,
soccer|australia|cambodia|2026-06-09,totals|under|2.75|,totals,Under,2.75,,4.28,4.28,"[""Betfair Exchange""]","[""odds_api_io""]",1,,
soccer|australia|cambodia|2026-06-09,totals|over|8.50|,totals,Over,8.5,,21.0,21.0,"[""Betfair Exchange""]","[""odds_api_io""]",1,,
soccer|australia|cambodia|2026-06-09,totals|under|8.50|,totals,Under,8.5,,1.01,1.01,"[""Betfair Exchange""]","[""odds_api_io""]",1,,
soccer|australia|cambodia|2026-06-09,totals|over|3.00|,totals,Over,3.0,,1.23,1.23,"[""Betfair Exchange""]","[""odds_api_io""]",1,,
soccer|australia|cambodia|2026-06-09,totals|under|3.00|,totals,Under,3.0,,3.89,3.89,"[""Betfair Exchange""]","[""odds_api_io""]",1,,
soccer|australia|cambodia|2026-06-09,totals|over|7.75|,totals,Over,7.75,,16.46,16.46,"[""Betfair Exchange""]","[""odds_api_io""]",1,,
soccer|australia|cambodia|2026-06-09,totals|under|7.75|,totals,Under,7.75,,1.04,1.04,"[""Betfair Exchange""]","[""odds_api_io""]",1,,
soccer|australia|cambodia|2026-06-09,totals|over|8.00|,totals,Over,8.0,,20.47,20.47,"[""Betfair Exchange""]","[""odds_api_io""]",1,,
soccer|australia|cambodia|2026-06-09,totals|under|8.00|,totals,Under,8.0,,1.01,1.01,"[""Betfair Exchange""]","[""odds_api_io""]",1,,
soccer|australia|cambodia|2026-06-09,totals|over|8.25|,totals,Over,8.25,,20.73,20.73,"[""Betfair Exchange""]","[""odds_api_io""]",1,,
soccer|australia|cambodia|2026-06-09,totals|under|8.25|,totals,Under,8.25,,1.01,1.01,"[""Betfair Exchange""]","[""odds_api_io""]",1,,
soccer|australia|cambodia|2026-06-09,btts|yes||,btts,Yes,,,3.1,3.1,"[""Betfair Exchange""]","[""odds_api_io""]",1,,
soccer|australia|cambodia|2026-06-09,btts|no||,btts,No,,,1.34,1.34,"[""Betfair Exchange""]","[""odds_api_io""]",1,,
