match_key,provider,kind,observed_at,effective_at,freshness_sec,confidence,metrics,payload,details,provenance_hash,schema_version
soccer|havadar|saipa tehran|2026-06-09,sstats,xg_form,2026-06-09T03:07:49.166670+00:00,,,65.0,"{""away_win_probability"": 0.3001, ""expected_away"": 0.617, ""expected_home"": 0.62, ""home_win_probability"": 0.3013}","{""away_recent"": [{""goals_against"": 0.0, ""goals_for"": 2.0, ""home"": true, ""league"": ""Azadegan League"", ""opponent"": ""Navad Urmia"", ""opponent_key"": ""navad urmia"", ""start"": ""2026-06-02T13:15:00+00:00"", ""team"": ""Havadar"", ""team_key"": ""havadar""}, {""goals_against"": 0.0, ""goals_for"": 0.0, ""home"": false, ""league"": ""Azadegan League"", ""opponent"": ""Niroye Zamini"", ""opponent_key"": ""niroye zamini"", ""start"": ""2026-05-27T13:15:00+00:00"", ""team"": ""Havadar"", ""team_key"": ""havadar""}, {""goals_against"": 0.0, ""goals_for"": 0.0, ""home"": true, ""league"": ""Azadegan League"", ""opponent"": ""Sanat Naft"", ""opponent_key"": ""sanat naft"", ""start"": ""2026-05-21T13:15:00+00:00"", ""team"": ""Havadar"", ""team_key"": ""havadar""}, {""goals_against"": 0.0, ""goals_for"": 0.0, ""home"": false, ""league"": ""Azadegan League"", ""opponent"": ""Pars Jonoubi JAM"", ""opponent_key"": ""pars jonoubi jam"", ""start"": ""2026-05-14T13:30:00+00:00"", ""team"": ""Havadar"", ""team_key"": ""havadar""}], ""home_recent"": [{""goals_against"": 1.0, ""goals_for"": 2.0, ""home"": false, ""league"": ""Azadegan League"", ""opponent"": ""Shenavarsazi Qeshm"", ""opponent_key"": ""shenavarsazi qeshm"", ""start"": ""2026-06-02T14:30:00+00:00"", ""team"": ""Saipa"", ""team_key"": ""saipa""}, {""goals_against"": 0.0, ""goals_for"": 1.0, ""home"": true, ""league"": ""Azadegan League"", ""opponent"": ""Mes Shahr-e Babak"", ""opponent_key"": ""mes shahr e babak"", ""start"": ""2026-05-27T14:45:00+00:00"", ""team"": ""Saipa"", ""team_key"": ""saipa""}, {""goals_against"": 2.0, ""goals_for"": 1.0, ""home"": false, ""league"": ""Azadegan League"", ""opponent"": ""Naft Gachsaran"", ""opponent_key"": ""naft gachsaran"", ""start"": ""2026-05-21T15:00:00+00:00"", ""team"": ""Saipa"", ""team_key"": ""saipa""}, {""goals_against"": 0.0, ""goals_for"": 0.0, ""home"": true, ""league"": ""Azadegan League"", ""opponent"": ""Mes Soongoun"", ""opponent_key"": ""mes soongoun"", ""start"": ""2026-05-14T15:00:00+00:00"", ""team"": ""Saipa"", ""team_key"": ""saipa""}], ""mode"": ""team_form""}","{""away_goals_against_avg"": 0.0, ""away_goals_for_avg"": 0.5, ""away_recent_count"": 4, ""away_team_key"": ""havadar"", ""home_goals_against_avg"": 0.75, ""home_goals_for_avg"": 1.0, ""home_recent_count"": 4, ""home_team_key"": ""saipa"", ""league_overlap_count"": 8, ""provider_odds_hints_count"": 0, ""sstats_mode"": ""team_form""}",7c30ba3a44aedbb03c15476bec05dc2021a3032a,1
soccer|havadar|saipa tehran|2026-06-09,weather,weather,2026-06-09T03:07:49.166670+00:00,,,65.0,"{""away_win_probability"": 0.3001, ""expected_away"": 0.617, ""expected_home"": 0.62, ""home_win_probability"": 0.3013, ""weather_adjustment_applied"": false, ""weather_adjustment_reasons"": [], ""weather_away_team"": ""Havadar SC"", ""weather_city"": ""Saipa"", ""weather_condition"": ""Fog"", ""weather_context_applied"": true, ""weather_country"": ""Papua New Guinea"", ""weather_home_team"": ""Saipa FC Tehran"", ""weather_precip_mm"": 0.0, ""weather_query"": ""Saipa FC Tehran"", ""weather_source"": ""weatherapi"", ""weather_temp_c"": 22.4, ""weather_total_factor"": 1.0, ""weather_wind_kph"": 2.9}","{""away_recent"": [{""goals_against"": 0.0, ""goals_for"": 2.0, ""home"": true, ""league"": ""Azadegan League"", ""opponent"": ""Navad Urmia"", ""opponent_key"": ""navad urmia"", ""start"": ""2026-06-02T13:15:00+00:00"", ""team"": ""Havadar"", ""team_key"": ""havadar""}, {""goals_against"": 0.0, ""goals_for"": 0.0, ""home"": false, ""league"": ""Azadegan League"", ""opponent"": ""Niroye Zamini"", ""opponent_key"": ""niroye zamini"", ""start"": ""2026-05-27T13:15:00+00:00"", ""team"": ""Havadar"", ""team_key"": ""havadar""}, {""goals_against"": 0.0, ""goals_for"": 0.0, ""home"": true, ""league"": ""Azadegan League"", ""opponent"": ""Sanat Naft"", ""opponent_key"": ""sanat naft"", ""start"": ""2026-05-21T13:15:00+00:00"", ""team"": ""Havadar"", ""team_key"": ""havadar""}, {""goals_against"": 0.0, ""goals_for"": 0.0, ""home"": false, ""league"": ""Azadegan League"", ""opponent"": ""Pars Jonoubi JAM"", ""opponent_key"": ""pars jonoubi jam"", ""start"": ""2026-05-14T13:30:00+00:00"", ""team"": ""Havadar"", ""team_key"": ""havadar""}], ""home_recent"": [{""goals_against"": 1.0, ""goals_for"": 2.0, ""home"": false, ""league"": ""Azadegan League"", ""opponent"": ""Shenavarsazi Qeshm"", ""opponent_key"": ""shenavarsazi qeshm"", ""start"": ""2026-06-02T14:30:00+00:00"", ""team"": ""Saipa"", ""team_key"": ""saipa""}, {""goals_against"": 0.0, ""goals_for"": 1.0, ""home"": true, ""league"": ""Azadegan League"", ""opponent"": ""Mes Shahr-e Babak"", ""opponent_key"": ""mes shahr e babak"", ""start"": ""2026-05-27T14:45:00+00:00"", ""team"": ""Saipa"", ""team_key"": ""saipa""}, {""goals_against"": 2.0, ""goals_for"": 1.0, ""home"": false, ""league"": ""Azadegan League"", ""opponent"": ""Naft Gachsaran"", ""opponent_key"": ""naft gachsaran"", ""start"": ""2026-05-21T15:00:00+00:00"", ""team"": ""Saipa"", ""team_key"": ""saipa""}, {""goals_against"": 0.0, ""goals_for"": 0.0, ""home"": true, ""league"": ""Azadegan League"", ""opponent"": ""Mes Soongoun"", ""opponent_key"": ""mes soongoun"", ""start"": ""2026-05-14T15:00:00+00:00"", ""team"": ""Saipa"", ""team_key"": ""saipa""}], ""mode"": ""team_form""}","{""away_goals_against_avg"": 0.0, ""away_goals_for_avg"": 0.5, ""away_recent_count"": 4, ""away_team_key"": ""havadar"", ""home_goals_against_avg"": 0.75, ""home_goals_for_avg"": 1.0, ""home_recent_count"": 4, ""home_team_key"": ""saipa"", ""league_overlap_count"": 8, ""merged_sources"": [""sstats_form""], ""provider_odds_hints_count"": 0, ""sstats_mode"": ""team_form"", ""weather_adjustment_applied"": false, ""weather_adjustment_reasons"": [], ""weather_away_team"": ""Havadar SC"", ""weather_city"": ""Saipa"", ""weather_condition"": ""Fog"", ""weather_context_applied"": true, ""weather_country"": ""Papua New Guinea"", ""weather_home_team"": ""Saipa FC Tehran"", ""weather_precip_mm"": 0.0, ""weather_query"": ""Saipa FC Tehran"", ""weather_source"": ""weatherapi"", ""weather_temp_c"": 22.4, ""weather_total_factor"": 1.0, ""weather_wind_kph"": 2.9}",e0b1310b78c8b03a5d0a118aa8e5a0beab8f848b,1
soccer|ipswich|robina city|2026-06-09,openligadb,fixture_results,2026-06-09T03:07:49.166670+00:00,,,58.41,"{""away_win_probability"": 0.5172, ""clubelo_draw_probability"": 0.2373, ""expected_away"": 1.185, ""expected_home"": 1.171, ""home_win_probability"": 0.2455}","{""away_rating"": {""Club"": ""Benfica"", ""Country"": ""POR"", ""Elo"": ""1823.50866699"", ""From"": ""2026-05-18"", ""Level"": ""1"", ""Rank"": ""19"", ""To"": ""2026-06-10""}, ""home_rating"": {""Club"": ""Ipswich"", ""Country"": ""ENG"", ""Elo"": ""1639.10681152"", ""From"": ""2026-05-24"", ""Level"": ""2"", ""Rank"": ""81"", ""To"": ""2026-06-10""}}","{""away_rating"": 1823.5, ""clubelo_away_elo"": 1823.5, ""clubelo_draw_probability"": 0.2373, ""clubelo_elo_diff_home_adv"": -129.4, ""clubelo_home_elo"": 1639.1, ""home_rating"": 1639.1}",b13772febcecbe673a3427ccc213fe5c5958eeb4,1
soccer|ipswich|robina city|2026-06-09,sstats,xg_form,2026-06-09T03:07:49.166670+00:00,,,65.0,"{""away_win_probability"": 0.2011, ""expected_away"": 0.766, ""expected_home"": 2.224, ""home_win_probability"": 0.5837}","{""away_recent"": [{""goals_against"": 3.0, ""goals_for"": 0.0, ""home"": false, ""league"": ""Queensland Premier League"", ""opponent"": ""Brisbane Strikers"", ""opponent_key"": ""brisbane strikers"", ""start"": ""2026-06-06T07:00:00+00:00"", ""team"": ""Robina City"", ""team_key"": ""robina city""}, {""goals_against"": 1.0, ""goals_for"": 0.0, ""home"": true, ""league"": ""Queensland Premier League"", ""opponent"": ""Caboolture"", ""opponent_key"": ""caboolture"", ""start"": ""2026-05-24T04:30:00+00:00"", ""team"": ""Robina City"", ""team_key"": ""robina city""}, {""goals_against"": 1.0, ""goals_for"": 3.0, ""home"": true, ""league"": ""Queensland Premier League"", ""opponent"": ""North Star"", ""opponent_key"": ""north star"", ""start"": ""2026-05-10T04:30:00+00:00"", ""team"": ""Robina City"", ""team_key"": ""robina city""}], ""home_recent"": [{""goals_against"": 1.0, ""goals_for"": 2.0, ""home"": false, ""league"": ""Queensland Premier League"", ""opponent"": ""Caboolture"", ""opponent_key"": ""caboolture"", ""start"": ""2026-06-06T08:00:00+00:00"", ""team"": ""Ipswich"", ""team_key"": ""ipswich""}, {""goals_against"": 0.0, ""goals_for"": 4.0, ""home"": false, ""league"": ""Queensland Premier League"", ""opponent"": ""St George Willawong"", ""opponent_key"": ""saint george willawong"", ""start"": ""2026-05-24T08:00:00+00:00"", ""team"": ""Ipswich"", ""team_key"": ""ipswich""}, {""goals_against"": 2.0, ""goals_for"": 2.0, ""home"": true, ""league"": ""Queensland Premier League"", ""opponent"": ""Broadbeach United"", ""opponent_key"": ""broadbeach united"", ""start"": ""2026-05-16T08:00:00+00:00"", ""team"": ""Ipswich"", ""team_key"": ""ipswich""}, {""goals_against"": 2.0, ""goals_for"": 4.0, ""home"": false, ""league"": ""Queensland Premier League"", ""opponent"": ""Capalaba"", ""opponent_key"": ""capalaba"", ""start"": ""2026-05-10T07:00:00+00:00"", ""team"": ""Ipswich"", ""team_key"": ""ipswich""}, {""goals_against"": 1.0, ""goals_for"": 1.0, ""home"": true, ""league"": ""Queensland Premier League"", ""opponent"": ""SC Wanderers"", ""opponent_key"": ""wanderers"", ""start"": ""2026-04-25T07:00:00+00:00"", ""team"": ""Ipswich"", ""team_key"": ""ipswich""}, {""goals_against"": 0.0, ""goals_for"": 3.0, ""home"": true, ""league"": ""Championship"", ""opponent"": ""QPR"", ""opponent_key"": ""qpr"", ""start"": ""2026-05-02T11:30:00+00:00"", ""team"": ""Ipswich"", ""team_key"": ""ipswich""}, {""goals_against"": 2.0, ""goals_for"": 2.0, ""home"": false, ""league"": ""Championship"", ""opponent"": ""Southampton"", ""opponent_key"": ""southampton"", ""start"": ""2026-04-28T18:45:00+00:00"", ""team"": ""Ipswich"", ""team_key"": ""ipswich""}, {""goals_against"": 0.0, ""goals_for"": 0.0, ""home"": false, ""league"": ""Championship"", ""opponent"": ""West Brom"", ""opponent_key"": ""west brom"", ""start"": ""2026-04-25T11:30:00+00:00"", ""team"": ""Ipswich"", ""team_key"": ""ipswich""}], ""mode"": ""team_form""}","{""away_goals_against_avg"": 1.667, ""away_goals_for_avg"": 1.0, ""away_recent_count"": 3, ""away_team_key"": ""robina city"", ""home_goals_against_avg"": 1.0, ""home_goals_for_avg"": 2.25, ""home_recent_count"": 8, ""home_team_key"": ""ipswich"", ""league_overlap_count"": 8, ""provider_odds_hints_count"": 0, ""sstats_mode"": ""team_form""}",1efba9037bd3ee4e8ec259baa08d6728a1b14db0,1
soccer|england w|japan w|2026-06-09,sstats,xg_form,2026-06-09T03:07:49.166670+00:00,,,65.0,"{""away_win_probability"": 0.6043, ""expected_away"": 2.624, ""expected_home"": 0.899, ""home_win_probability"": 0.2069}","{""away_recent"": [{""goals_against"": 0.0, ""goals_for"": 5.0, ""home"": true, ""league"": ""Friendlies Women"", ""opponent"": ""South Africa W"", ""opponent_key"": ""south africa w"", ""start"": ""2026-06-06T06:50:00+00:00"", ""team"": ""Japan W"", ""team_key"": ""japan w""}, {""goals_against"": 5.0, ""goals_for"": 1.0, ""home"": false, ""league"": ""AFC U17 Asian Cup - Women"", ""opponent"": ""North Korea U17 W"", ""opponent_key"": ""north korea w"", ""start"": ""2026-05-17T11:30:00+00:00"", ""team"": ""Japan U17 W"", ""team_key"": ""japan w""}, {""goals_against"": 0.0, ""goals_for"": 4.0, ""home"": true, ""league"": ""AFC U17 Asian Cup - Women"", ""opponent"": ""Australia U17 W"", ""opponent_key"": ""australia w"", ""start"": ""2026-05-14T07:00:00+00:00"", ""team"": ""Japan U17 W"", ""team_key"": ""japan w""}, {""goals_against"": 0.0, ""goals_for"": 1.0, ""home"": true, ""league"": ""AFC U17 Asian Cup - Women"", ""opponent"": ""South Korea U17 W"", ""opponent_key"": ""south korea w"", ""start"": ""2026-05-11T07:00:00+00:00"", ""team"": ""Japan U17 W"", ""team_key"": ""japan w""}, {""goals_against"": 0.0, ""goals_for"": 3.0, ""home"": false, ""league"": ""AFC U17 Asian Cup - Women"", ""opponent"": ""India U17 W"", ""opponent_key"": ""india w"", ""start"": ""2026-05-05T11:30:00+00:00"", ""team"": ""Japan U17 W"", ""team_key"": ""japan w""}, {""goals_against"": 0.0, ""goals_for"": 13.0, ""home"": true, ""league"": ""AFC U17 Asian Cup - Women"", ""opponent"": ""Lebanon U17 W"", ""opponent_key"": ""lebanon w"", ""start"": ""2026-05-02T07:30:00+00:00"", ""team"": ""Japan U17 W"", ""team_key"": ""japan w""}], ""home_recent"": [{""goals_against"": 2.0, ""goals_for"": 0.0, ""home"": true, ""league"": ""UEFA U17 Championship - Women"", ""opponent"": ""Poland U17 W"", ""opponent_key"": ""poland w"", ""start"": ""2026-05-14T15:00:00+00:00"", ""team"": ""England U17 W"", ""team_key"": ""england w""}, {""goals_against"": 1.0, ""goals_for"": 1.0, ""home"": true, ""league"": ""UEFA U17 Championship - Women"", ""opponent"": ""Norway U17 W"", ""opponent_key"": ""norway w"", ""start"": ""2026-05-10T14:00:00+00:00"", ""team"": ""England U17 W"", ""team_key"": ""england w""}, {""goals_against"": 1.0, ""goals_for"": 0.0, ""home"": false, ""league"": ""UEFA U17 Championship - Women"", ""opponent"": ""Germany U17 W"", ""opponent_key"": ""germany w"", ""start"": ""2026-05-07T14:00:00+00:00"", ""team"": ""England U17 W"", ""team_key"": ""england w""}, {""goals_against"": 0.0, ""goals_for"": 2.0, ""home"": false, ""league"": ""UEFA U17 Championship - Women"", ""opponent"": ""Northern Ireland U17 W"", ""opponent_key"": ""northern ireland w"", ""start"": ""2026-05-04T14:00:00+00:00"", ""team"": ""England U17 W"", ""team_key"": ""england w""}], ""mode"": ""team_form""}","{""away_goals_against_avg"": 0.833, ""away_goals_for_avg"": 4.5, ""away_recent_count"": 6, ""away_team_key"": ""japan w"", ""home_goals_against_avg"": 1.0, ""home_goals_for_avg"": 0.75, ""home_recent_count"": 4, ""home_team_key"": ""england w"", ""league_overlap_count"": 1, ""provider_odds_hints_count"": 0, ""sstats_mode"": ""team_form""}",dadbd56701694d8b139e944c983733ecc4475fb7,1
soccer|ahrobiznes volochysk|kudrivka|2026-06-09,sstats,xg_form,2026-06-09T03:07:49.166670+00:00,,,65.0,"{""away_win_probability"": 0.2696, ""expected_away"": 0.871, ""expected_home"": 1.54, ""home_win_probability"": 0.4766}","{""away_recent"": [{""goals_against"": 3.0, ""goals_for"": 2.0, ""home"": false, ""league"": ""Premier League"", ""opponent"": ""Dynamo Kyiv"", ""opponent_key"": ""dynamo kyiv"", ""start"": ""2026-05-24T10:00:00+00:00"", ""team"": ""Kudrivka"", ""team_key"": ""kudrivka""}, {""goals_against"": 0.0, ""goals_for"": 1.0, ""home"": true, ""league"": ""Premier League"", ""opponent"": ""LNZ Cherkasy"", ""opponent_key"": ""lnz cherkasy"", ""start"": ""2026-05-18T10:00:00+00:00"", ""team"": ""Kudrivka"", ""team_key"": ""kudrivka""}, {""goals_against"": 1.0, ""goals_for"": 2.0, ""home"": true, ""league"": ""Premier League"", ""opponent"": ""Ruh Lviv"", ""opponent_key"": ""ruh lviv"", ""start"": ""2026-05-14T10:00:00+00:00"", ""team"": ""Kudrivka"", ""team_key"": ""kudrivka""}, {""goals_against"": 5.0, ""goals_for"": 2.0, ""home"": true, ""league"": ""U19 League"", ""opponent"": ""Rukh Vynnyky U19"", ""opponent_key"": ""rukh vynnyky"", ""start"": ""2026-05-12T08:00:00+00:00"", ""team"": ""Kudrivka U19"", ""team_key"": ""kudrivka""}, {""goals_against"": 4.0, ""goals_for"": 1.0, ""home"": false, ""league"": ""U19 League"", ""opponent"": ""Kolos Kovalivka U19"", ""opponent_key"": ""kolos kovalivka"", ""start"": ""2026-05-07T10:00:00+00:00"", ""team"": ""Kudrivka U19"", ""team_key"": ""kudrivka""}, {""goals_against"": 1.0, ""goals_for"": 1.0, ""home"": false, ""league"": ""Premier League"", ""opponent"": ""Obolon'-Brovar"", ""opponent_key"": ""obolon brovar"", ""start"": ""2026-05-03T10:00:00+00:00"", ""team"": ""Kudrivka"", ""team_key"": ""kudrivka""}, {""goals_against"": 2.0, ""goals_for"": 0.0, ""home"": false, ""league"": ""U19 League"", ""opponent"": ""Obolon' Kyiv U19"", ""opponent_key"": ""obolon kyiv"", ""start"": ""2026-05-02T11:00:00+00:00"", ""team"": ""Kudrivka U19"", ""team_key"": ""kudrivka""}, {""goals_against"": 3.0, ""goals_for"": 1.0, ""home"": true, ""league"": ""Premier League"", ""opponent"": ""Shakhtar Donetsk"", ""opponent_key"": ""shakhtar donetsk"", ""start"": ""2026-04-26T15:00:00+00:00"", ""team"": ""Kudrivka"", ""team_key"": ""kudrivka""}, {""goals_against"": 3.0, ""goals_for"": 0.0, ""home"": true, ""league"": ""U19 League"", ""opponent"": ""Shakhtar Donetsk U19"", ""opponent_key"": ""shakhtar donetsk"", ""start"": ""2026-04-25T08:00:00+00:00"", ""team"": ""Kudrivka U19"", ""team_key"": ""kudrivka""}], ""home_recent"": [{""goals_against"": 0.0, ""goals_for"": 1.0, ""home"": true, ""league"": ""Persha Liga"", ""opponent"": ""Chernihiv"", ""opponent_key"": ""chernihiv"", ""start"": ""2026-06-01T10:00:00+00:00"", ""team"": ""Ahrobiznes Volochysk"", ""team_key"": ""ahrobiznes volochysk""}, {""goals_against"": 1.0, ""goals_for"": 1.0, ""home"": false, ""league"": ""Persha Liga"", ""opponent"": ""Prykarpattia"", ""opponent_key"": ""prykarpattia"", ""start"": ""2026-05-23T10:00:00+00:00"", ""team"": ""Ahrobiznes Volochysk"", ""team_key"": ""ahrobiznes volochysk""}, {""goals_against"": 0.0, ""goals_for"": 1.0, ""home"": true, ""league"": ""Persha Liga"", ""opponent"": ""Viktoriya Mykolaivka"", ""opponent_key"": ""viktoriya mykolaivka"", ""start"": ""2026-05-16T09:30:00+00:00"", ""team"": ""Ahrobiznes Volochysk"", ""team_key"": ""ahrobiznes volochysk""}, {""goals_against"": 1.0, ""goals_for"": 0.0, ""home"": false, ""league"": ""Persha Liga"", ""opponent"": ""Probiy Horodenka"", ""opponent_key"": ""probiy horodenka"", ""start"": ""2026-05-10T12:00:00+00:00"", ""team"": ""Ahrobiznes Volochysk"", ""team_key"": ""ahrobiznes volochysk""}, {""goals_against"": 0.0, ""goals_for"": 1.0, ""home"": true, ""league"": ""Persha Liga"", ""opponent"": ""Inhulets"", ""opponent_key"": ""inhulets"", ""start"": ""2026-04-26T10:30:00+00:00"", ""team"": ""Ahrobiznes Volochysk"", ""team_key"": ""ahrobiznes volochysk""}], ""mode"": ""team_form""}","{""away_goals_against_avg"": 2.444, ""away_goals_for_avg"": 1.111, ""away_recent_count"": 9, ""away_team_key"": ""kudrivka"", ""home_goals_against_avg"": 0.4, ""home_goals_for_avg"": 0.8, ""home_recent_count"": 5, ""home_team_key"": ""ahrobiznes volochysk"", ""league_overlap_count"": 9, ""provider_odds_hints_count"": 0, ""sstats_mode"": ""team_form""}",4475e6445e2d50c29aa2997a5562163a958521e9,1
soccer|avion academy|union abong mbang|2026-06-09,sstats,xg_form,2026-06-09T03:07:49.166670+00:00,,,65.0,"{""away_win_probability"": 0.3636, ""expected_away"": 0.929, ""expected_home"": 0.805, ""home_win_probability"": 0.3153}","{""away_recent"": [{""goals_against"": 1.0, ""goals_for"": 2.0, ""home"": false, ""league"": ""Elite Two"", ""opponent"": ""Racing"", ""opponent_key"": ""racing"", ""start"": ""2026-05-23T14:00:00+00:00"", ""team"": ""Union Abong-Mbang"", ""team_key"": ""union abong mbang""}, {""goals_against"": 1.0, ""goals_for"": 2.0, ""home"": true, ""league"": ""Elite Two"", ""opponent"": ""Yafoot"", ""opponent_key"": ""yafoot"", ""start"": ""2026-05-10T12:00:00+00:00"", ""team"": ""Union Abong-Mbang"", ""team_key"": ""union abong mbang""}, {""goals_against"": 1.0, ""goals_for"": 0.0, ""home"": false, ""league"": ""Elite Two"", ""opponent"": ""Kumba"", ""opponent_key"": ""kumba"", ""start"": ""2026-05-06T14:00:00+00:00"", ""team"": ""Union Abong-Mbang"", ""team_key"": ""union abong mbang""}, {""goals_against"": 0.0, ""goals_for"": 0.0, ""home"": true, ""league"": ""Elite Two"", ""opponent"": ""Bafmeng United"", ""opponent_key"": ""bafmeng united"", ""start"": ""2026-04-30T14:30:00+00:00"", ""team"": ""Union Abong-Mbang"", ""team_key"": ""union abong mbang""}], ""home_recent"": [{""goals_against"": 0.0, ""goals_for"": 1.0, ""home"": true, ""league"": ""Elite Two"", ""opponent"": ""Kumba"", ""opponent_key"": ""kumba"", ""start"": ""2026-05-11T12:00:00+00:00"", ""team"": ""Avion Academy"", ""team_key"": ""avion academy""}, {""goals_against"": 2.0, ""goals_for"": 0.0, ""home"": false, ""league"": ""Elite Two"", ""opponent"": ""Yafoot"", ""opponent_key"": ""yafoot"", ""start"": ""2026-05-07T14:00:00+00:00"", ""team"": ""Avion Academy"", ""team_key"": ""avion academy""}, {""goals_against"": 0.0, ""goals_for"": 1.0, ""home"": true, ""league"": ""Elite Two"", ""opponent"": ""Racing"", ""opponent_key"": ""racing"", ""start"": ""2026-04-30T14:30:00+00:00"", ""team"": ""Avion Academy"", ""team_key"": ""avion academy""}], ""mode"": ""team_form""}","{""away_goals_against_avg"": 0.75, ""away_goals_for_avg"": 1.0, ""away_recent_count"": 4, ""away_team_key"": ""union abong mbang"", ""home_goals_against_avg"": 0.667, ""home_goals_for_avg"": 0.667, ""home_recent_count"": 3, ""home_team_key"": ""avion academy"", ""league_overlap_count"": 7, ""provider_odds_hints_count"": 0, ""sstats_mode"": ""team_form""}",8c712bbb2e12775b5f35159ec217902eddb38141,1
soccer|ethiopia|malawi|2026-06-09,bzzoiro,xg_prediction,2026-06-09T03:07:49.166670+00:00,,,70.0952,"{""away_win_probability"": 0.188, ""bzzoiro_draw_probability"": 0.301, ""bzzoiro_over25_probability"": 0.264, ""bzzoiro_weather"": {""code"": null, ""description"": null, ""temperature_c"": null, ""wind_speed"": null}, ""expected_away"": 1.3, ""expected_home"": 1.3, ""home_win_probability"": 0.512}","{""comparison"": {""away_team"": ""Malawi"", ""away_team_id"": 709, ""bookmakers_count"": 0, ""event_date"": ""2026-06-09T09:00:00Z"", ""event_id"": 209452, ""home_team"": ""Ethiopia"", ""home_team_id"": 2278, ""league_id"": 31, ""league_name"": ""International Friendly Games"", ""markets"": {}, ""total_odds"": 0}, ""event"": {""attendance"": null, ""away_coach_id"": 61, ""away_score"": null, ""away_score_ht"": null, ""away_team"": ""Malawi"", ""away_team_id"": 709, ""current_minute"": null, ""event_date"": ""2026-06-09T09:00:00+00:00"", ""extra_time_score"": null, ""group_name"": null, ""head_to_head"": {""avg_total_goals"": 1.0, ""away_goals"": 0, ""away_win_rate"": 0.0, ""away_wins"": 0, ""draws"": 0, ""home_goals"": 1, ""home_win_rate"": 1.0, ""home_wins"": 1, ""recent_matches"": [{""away"": ""Malawi"", ""date"": ""2026-06-06T15:00:00+00:00"", ""home"": ""Ethiopia"", ""score"": ""1-0""}], ""total_matches"": 1}, ""highlights"": [], ""home_coach_id"": 1701, ""home_score"": null, ""home_score_ht"": null, ""home_team"": ""Ethiopia"", ""home_team_id"": 2278, ""id"": 209452, ""is_local_derby"": false, ""is_neutral_ground"": false, ""league_id"": 31, ""live_websocket"": false, ""penalty_shootout"": null, ""period"": """", ""pitch_condition"": null, ""referee_id"": null, ""replaced_by"": null, ""round_name"": """", ""round_number"": null, ""season_id"": 133, ""status"": ""notstarted"", ""travel_distance_km"": null, ""venue_id"": 1543, ""weather"": {""code"": null, ""description"": null, ""temperature_c"": null, ""wind_speed"": null}}, ""metadata"": {""ai_preview"": {""generated_at"": ""2026-06-09T01:45:30.346453+00:00"", ""text"": ""**Ethiopia's hosting Malawi in a friendly rematch, and the hosts have clear momentum** — they've won their last two at home and already beat these visitors 1-0 earlier in the campaign. 🇪🇹\n\nEthiopia's form edges ahead: two wins in their last three, while Malawi sits winless across their recent stretch with just two draws to show for it. The visitors will travel to Dire Dawa needing to snap a losing streak, but Ethiopia's home comfort is a real factor here.\n\nKey storylines:\n\n- **Ethiopia's home fortress** — unbeaten at Dire Dawa in this mini-run, with back-to-back 1-0 wins setting a defensive tone\n- **Malawi's attacking struggles** — B. Adepoju and R. Saizi will need to finally click in the final third after blanking in their last two\n- **Low-scoring pattern emerging** — both teams have favored tight, defensive affairs; the previous meeting and recent form suggest goals will be scarce\n\nExpected lineups:\n\n- **Ethiopia**: S. Habtamu, R. James, Y. Moges, C. Gugsa, A. Reshid, B. Waza, W. Gezahegn, K. Markneh\n- **Malawi**: G. Chokooka, G. Chirwa, M. Lameck, P. Mwaungulu, M. Paipi, L. Njaliwa, W. Mpinganjira\n\nBest picks:\n\n- **Total Goals 3.5**: Under 3.5 goals\n- **Both Teams to Score**: BTTS No\n\nPrediction: **Ethiopia 1–0 Malawi**. Edge to the hosts in a cagey, low-scoring affair. ⚽""}, ""event_id"": 209452, ""funfacts"": [], ""jerseys"": null}, ""odds"": {""event_id"": 209452, ""odds"": {""away_win"": null, ""btts_no"": null, ""btts_yes"": null, ""draw"": null, ""home_win"": null, ""over_15_goals"": null, ""over_25_goals"": null, ""over_35_goals"": null, ""under_15_goals"": null, ""under_25_goals"": null, ""under_35_goals"": null}}, ""odds_comparison"": {""away_team"": ""Malawi"", ""away_team_id"": 709, ""bookmakers_count"": 0, ""event_date"": ""2026-06-09T09:00:00Z"", ""event_id"": 209452, ""home_team"": ""Ethiopia"", ""home_team_id"": 2278, ""league_id"": 31, ""league_name"": ""International Friendly Games"", ""markets"": {}, ""total_odds"": 0}, ""prediction"": {""created_at"": ""2026-06-02T10:52:27Z"", ""event"": {""away_team"": ""Malawi"", ""away_team_id"": 709, ""event_date"": ""2026-06-09T09:00:00Z"", ""home_team"": ""Ethiopia"", ""home_team_id"": 2278, ""id"": 209452, ""league_id"": 31, ""league_name"": ""International Friendly Games"", ""status"": ""notstarted""}, ""id"": 4721, ""markets"": {""btts"": {""prob_yes"": 21.2}, ""expected_goals"": {""away"": 1.3, ""home"": 1.3}, ""match_result"": {""predicted"": ""H"", ""prob_away"": 18.8, ""prob_draw"": 30.1, ""prob_home"": 51.2}, ""over_under"": {""prob_over_15"": 40.7, ""prob_over_25"": 26.4, ""prob_over_35"": 16.2}, ""score"": {""most_likely"": ""1-1""}}, ""model"": {""confidence"": 0.5119, ""version"": ""v5.0""}, ""recommendations"": {""bet_favorite"": false, ""btts"": false, ""favorite"": ""H"", ""favorite_prob"": 51.2, ""over_15"": false, ""over_25"": false, ""over_35"": false, ""winner"": false}}, ""stats"": {""average_positions"": {}, ""event_id"": 209452, ""momentum"": [], ""shotmap"": [], ""stats"": {""away"": {""xg"": {""actual"": null}}, ""home"": {""xg"": {""actual"": null}}}, ""xg_per_minute"": []}}","{""bzzoiro_api_version"": ""v2"", ""bzzoiro_comparison_bridge_hints_added"": 0, ""bzzoiro_context_limit_removed"": true, ""bzzoiro_context_sources_used"": {""compact_odds"": true, ""metadata"": true, ""odds_flat_rows"": 0, ""prediction"": true, ""stats"": true}, ""bzzoiro_draw_probability"": 0.301, ""bzzoiro_event_id"": 209452, ""bzzoiro_is_local_derby"": false, ""bzzoiro_is_neutral_ground"": false, ""bzzoiro_match_quality"": ""exact"", ""bzzoiro_over25_probability"": 0.264, ""bzzoiro_prediction_confidence"": 0.5119, ""bzzoiro_status"": ""notstarted"", ""bzzoiro_travel_distance_km"": null, ""bzzoiro_v2_comparison_hints_added"": 0, ""bzzoiro_v2_odds_comparison_attached"": true, ""bzzoiro_v2_odds_comparison_event_id"": ""209452"", ""bzzoiro_v2_source_matrix_patch"": true, ""bzzoiro_weather"": {""code"": null, ""description"": null, ""temperature_c"": null, ""wind_speed"": null}, ""provider_metric_hints"": {""favorite"": ""H"", ""is_local_derby"": false, ""is_neutral_ground"": false, ""model_version"": ""v5.0"", ""prob_draw"": 0.301, ""prob_over_1_5"": 0.407, ""prob_over_2_5"": 0.264, ""prob_over_3_5"": 0.162, ""provider_confidence"": 0.5119}, ""provider_metric_hints_count"": 9, ""provider_odds_hints"": [], ""provider_odds_hints_count"": 0, ""source_tokens"": [""bzzoiro""]}",58a0774f7ffe2d9505ff84863f721a2fc11dd9ab,1
soccer|ethiopia|malawi|2026-06-09,sstats,xg_form,2026-06-09T03:07:49.166670+00:00,,,50.83708158560336,"{""away_win_probability"": 0.18750625028614087, ""expected_away"": 1.3, ""expected_home"": 1.3, ""favorite_prob"": 0.5118524656879362, ""home_win_probability"": 0.5118524656879362, ""prob_btts_yes"": 0.21172848487513066, ""prob_draw"": 0.300641284025923, ""prob_over_1_5"": 0.4069700178876182, ""prob_over_2_5"": 0.2640903742815125, ""prob_over_3_5"": 0.16212492504167597}","{""btts_recommend"": false, ""confidence"": 51.185246568793616, ""created_at"": ""2026-06-02T10:52:27.834786Z"", ""event"": {""actual_away_xg"": null, ""actual_home_xg"": null, ""ai_preview"": {""generated_at"": ""2026-06-09T01:45:30.346453+00:00"", ""text"": ""**Ethiopia's hosting Malawi in a friendly rematch, and the hosts have clear momentum** — they've won their last two at home and already beat these visitors 1-0 earlier in the campaign. 🇪🇹\n\nEthiopia's form edges ahead: two wins in their last three, while Malawi sits winless across their recent stretch with just two draws to show for it. The visitors will travel to Dire Dawa needing to snap a losing streak, but Ethiopia's home comfort is a real factor here.\n\nKey storylines:\n\n- **Ethiopia's home fortress** — unbeaten at Dire Dawa in this mini-run, with back-to-back 1-0 wins setting a defensive tone\n- **Malawi's attacking struggles** — B. Adepoju and R. Saizi will need to finally click in the final third after blanking in their last two\n- **Low-scoring pattern emerging** — both teams have favored tight, defensive affairs; the previous meeting and recent form suggest goals will be scarce\n\nExpected lineups:\n\n- **Ethiopia**: S. Habtamu, R. James, Y. Moges, C. Gugsa, A. Reshid, B. Waza, W. Gezahegn, K. Markneh\n- **Malawi**: G. Chokooka, G. Chirwa, M. Lameck, P. Mwaungulu, M. Paipi, L. Njaliwa, W. Mpinganjira\n\nBest picks:\n\n- **Total Goals 3.5**: Under 3.5 goals\n- **Both Teams to Score**: BTTS No\n\nPrediction: **Ethiopia 1–0 Malawi**. Edge to the hosts in a cagey, low-scoring affair. ⚽""}, ""attendance"": null, ""average_positions"": null, ""away_coach"": {""country"": ""Zimbabwe"", ""defensive_line"": """", ""id"": 61, ""name"": ""Kalisto Pasuwa"", ""preferred_formation"": ""4-3-3"", ""pressing_intensity"": null, ""profile"": ""defensive"", ""short_name"": ""K. Pasuwa"", ""top_styles"": []}, ""away_score"": null, ""away_score_ht"": null, ""away_team"": ""Malawi"", ""away_team_obj"": {""coach"": {""name"": ""Kalisto Pasuwa"", ""shortName"": ""K. Pasuwa""}, ""country"": ""Malawi"", ""id"": 709, ""name"": ""Malawi"", ""short_name"": ""Malawi"", ""venue"": null}, ""away_xg_live"": null, ""current_minute"": null, ""event_date"": ""2026-06-09T09:00:00Z"", ""extra_time_score"": null, ""funfacts"": null, ""group_name"": null, ""home_coach"": {""country"": ""Ethiopia"", ""defensive_line"": """", ""id"": 1701, ""name"": ""Mesay Teferi"", ""preferred_formation"": ""3-5-2"", ""pressing_intensity"": null, ""profile"": ""defensive"", ""short_name"": ""M. Teferi"", ""top_styles"": []}, ""home_score"": null, ""home_score_ht"": null, ""home_team"": ""Ethiopia"", ""home_team_obj"": {""coach"": {""name"": ""Mesay Teferi"", ""shortName"": ""M. Teferi""}, ""country"": ""Ethiopia"", ""id"": 2278, ""name"": ""Ethiopia"", ""short_name"": ""Ethiopia"", ""venue"": null}, ""home_xg_live"": null, ""id"": 209452, ""incidents"": null, ""is_local_derby"": null, ""is_neutral_ground"": null, ""jerseys"": null, ""league"": {""country"": ""International"", ""current_season"": {""end_date"": ""2026-12-31"", ""id"": 133, ""name"": ""Int. Friendly Games 2026"", ""start_date"": ""2026-01-01"", ""year"": 2026}, ""id"": 31, ""is_women"": false, ""name"": ""International Friendly Games""}, ""lineups"": null, ""live_stats"": null, ""live_websocket"": false, ""momentum"": null, ""odds_away"": null, ""odds_btts_no"": null, ""odds_btts_yes"": null, ""odds_draw"": null, ""odds_home"": null, ""odds_over_15"": null, ""odds_over_25"": null, ""odds_over_35"": null, ""odds_under_15"": null, ""odds_under_25"": null, ""odds_under_35"": null, ""penalty_shootout"": null, ""period"": """", ""pitch_condition"": null, ""referee"": null, ""round_name"": """", ""round_number"": null, ""season"": {""id"": 133, ""name"": ""Int. Friendly Games 2026"", ""year"": 2026}, ""shotmap"": null, ""sr_stats"": null, ""status"": ""notstarted"", ""temperature_c"": null, ""travel_distance_km"": null, ""unavailable_players"": null, ""venue"": {""built_year"": null, ""capacity"": 18000, ""city"": ""Dire Dawa"", ""country"": ""Ethiopia"", ""id"": 1543, ""latitude"": null, ""longitude"": null, ""name"": ""Dire Dawa Stadium"", ""pitch_x"": null, ""pitch_y"": null}, ""weather_code"": null, ""wind_speed"": null, ""xg_per_minute"": null}, ""expected_away_goals"": 1.3, ""expected_home_goals"": 1.3, ""favorite"": ""H"", ""favorite_prob"": 51.185246568793616, ""favorite_recommend"": false, ""id"": 4721, ""model_version"": ""v5.0"", ""most_likely_score"": ""1-1"", ""over_15_recommend"": false, ""over_25_recommend"": false, ""over_35_recommend"": false, ""predicted_result"": ""H"", ""prob_away_win"": 18.75062502861409, ""prob_btts_yes"": 21.172848487513065, ""prob_draw"": 30.0641284025923, ""prob_home_win"": 51.185246568793616, ""prob_over_15"": 40.697001788761824, ""prob_over_25"": 26.40903742815125, ""prob_over_35"": 16.212492504167596, ""winner_recommend"": false}","{""favorite"": ""H"", ""favorite_prob"": 0.5118524656879362, ""match_quality"": ""exact"", ""model_version"": ""v5.0"", ""most_likely_score"": ""1-1"", ""prediction_age_hours"": 160.3, ""prediction_created_at"": ""2026-06-02T10:52:27.834786Z"", ""prob_btts_yes"": 0.21172848487513066, ""prob_draw"": 0.300641284025923, ""prob_over_1_5"": 0.4069700178876182, ""prob_over_2_5"": 0.2640903742815125, ""prob_over_3_5"": 0.16212492504167597, ""provider_confidence"": 0.5118524656879362, ""provider_confidence_pct"": 51.185, ""provider_metric_hints"": {""expected_away_goals"": 1.3, ""expected_home_goals"": 1.3, ""expected_total_goals"": 2.6, ""favorite"": ""H"", ""model_version"": ""v5.0"", ""most_likely_score"": ""1-1"", ""prob_away_win"": 0.18751, ""prob_btts_yes"": 0.21173, ""prob_draw"": 0.30064, ""prob_home_win"": 0.51185, ""prob_over_1_5"": 0.40697, ""prob_over_2_5"": 0.26409, ""prob_over_3_5"": 0.16212, ""provider_confidence"": 0.5118524656879362}, ""provider_metric_hints_count"": 14, ""provider_odds_hints_count"": 0, ""sstats_deep_endpoint_count"": 3, ""sstats_deep_endpoints"": {""game_id"": ""4721"", ""glicko"": {""data"": null, ""message"": ""Для данного матча отсутствует Glicko аналитика"", ""status"": ""error"", ""traceId"": ""00-88060a272cbff5929e7be58cc6fa51fe-ace31a7279389c64-00""}, ""injuries"": {""count"": 0, ""data"": [], ""status"": ""OK"", ""traceId"": ""00-7983785474a4b36cd538b0d6feee1f85-e9585a9b0b2bac74-00""}, ""last_games_stats"": {""away"": {""avgCards"": null, ""avgCardsOpp"": null, ""avgConceded"": 1.2740626, ""avgCorners"": null, ""avgCornersOpp"": null, ""avgDrawOdds"": 3.3476217, ""avgLoseOdds"": 3.191795, ""avgOddsXg"": 1.1263763, ""avgOddsXgConceded"": 1.0379888, ""avgOffsides"": null, ""avgOffsidesOpp"": null, ""avgOppShots"": null, ""avgScore"": 1.5596526, ""avgShots"": null, ""avgWinOdds"": 2.846325, ""draws"": 5, ""gamesCount"": 25, ""loses"": 7, ""maeOddsXg"": 0.4332763, ""maeOddsXgConceded"": 0.23607385, ""profits"": {""drawProfit"": -7.8999996, ""loseNoBet"": -6.0099998, ""loseOrDrawProfit"": -5.9300003, ""loseProfit"": -5.019999, ""winNoBet"": 3.1299992, ""winOrDrawProfit"": 1.27, ""winOrLoseProfit"": 1.8600003, ""winProfit"": 8.14}, ""rmseXg"": 1.2510828, ""rmseXgConceded"": 1.2982885, ""wins"": 13}, ""home"": {""avgCards"": null, ""avgCardsOpp"": null, ""avgConceded"": 1.65437, ""avgCorners"": null, ""avgCornersOpp"": null, ""avgDrawOdds"": 3.3601842, ""avgLoseOdds"": 2.382151, ""avgOddsXg"": 0.98790073, ""avgOddsXgConceded"": 1.259641, ""avgOffsides"": null, ""avgOffsidesOpp"": null, ""avgOppShots"": null, ""avgScore"": 1.1139393, ""avgShots"": null, ""avgWinOdds"": 3.4307427, ""draws"": 3, ""gamesCount"": 25, ""loses"": 15, ""maeOddsXg"": 0.12603855, ""maeOddsXgConceded"": 0.3947289, ""profits"": {""drawProfit"": -14.150002, ""loseNoBet"": 1.5600007, ""loseOrDrawProfit"": -0.7900001, ""loseProfit"": 7.8199987, ""winNoBet"": -4.9100013, ""winOrDrawProfit"": -7.550001, ""winOrLoseProfit"": 3.9500003, ""winProfit"": -1.8500004}, ""rmseXg"": 1.1022828, ""rmseXgConceded"": 1.3248829, ""wins"": 7}}}, ""sstats_mode"": ""bzzoiro_prediction""}",2f2613320ae6ecddad6fa94f356cdfc9e7915314,1
soccer|botswana|niger|2026-06-09,bzzoiro,xg_prediction,2026-06-09T03:07:49.166670+00:00,,,70.1312,"{""away_win_probability"": 0.21899999999999997, ""bzzoiro_draw_probability"": 0.265, ""bzzoiro_over25_probability"": 0.29, ""bzzoiro_weather"": {""code"": null, ""description"": null, ""temperature_c"": null, ""wind_speed"": null}, ""expected_away"": 1.62, ""expected_home"": 0.5, ""home_win_probability"": 0.516}","{""comparison"": {""away_team"": ""Niger"", ""away_team_id"": 704, ""bookmakers_count"": 0, ""event_date"": ""2026-06-09T12:00:00Z"", ""event_id"": 209491, ""home_team"": ""Botswana"", ""home_team_id"": 650, ""league_id"": 31, ""league_name"": ""International Friendly Games"", ""markets"": {}, ""total_odds"": 0}, ""event"": {""attendance"": null, ""away_coach_id"": 67, ""away_score"": null, ""away_score_ht"": null, ""away_team"": ""Niger"", ""away_team_id"": 704, ""current_minute"": null, ""event_date"": ""2026-06-09T12:00:00+00:00"", ""extra_time_score"": null, ""group_name"": null, ""head_to_head"": null, ""highlights"": [], ""home_coach_id"": 62, ""home_score"": null, ""home_score_ht"": null, ""home_team"": ""Botswana"", ""home_team_id"": 650, ""id"": 209491, ""is_local_derby"": false, ""is_neutral_ground"": false, ""league_id"": 31, ""live_websocket"": false, ""penalty_shootout"": null, ""period"": """", ""pitch_condition"": null, ""referee_id"": null, ""replaced_by"": null, ""round_name"": """", ""round_number"": null, ""season_id"": 133, ""status"": ""notstarted"", ""travel_distance_km"": null, ""venue_id"": null, ""weather"": {""code"": null, ""description"": null, ""temperature_c"": null, ""wind_speed"": null}}, ""metadata"": {""ai_preview"": {""generated_at"": ""2026-06-09T01:46:03.134440+00:00"", ""text"": ""**Botswana and Niger meet in a dead-rubber friendly where desperation levels are... let's say uneven.** Botswana limps in winless in four of their last five, while Niger at least cobbled together a draw or two. Neither team's exactly got momentum on their side. 🏟️\n\nBotswana's been getting *hammered* at home lately—back-to-back 3-0 shellackings to Zimbabwe and DR Congo aren't the energy you want heading into Tuesday. Niger, though inconsistent, showed some resilience with that 1-1 draw at Benin. One win apiece this stretch, but wildly different trajectories.\n\nKey storylines:\n\n- **Botswana** desperately needs a confidence booster after two consecutive heavy defeats at home\n- **Niger** will fancy their chances against a side bleeding goals on familiar turf\n- Friendly-match intensity always plays a role—motivation levels could swing either way\n\nExpected lineups:\n\n- **Botswana**: Mokgweetsi, Tsabola, Dsikamatso, Maela, Mpilo, Tshweu, Ntheane, Maroba, Thabani, Montsho, Tsogwane\n- **Niger**: Sanda, Guero, Saïdi, Maazou, Maïga, Souley, Soubeiga, Doula, Doula, Habibou, Hamani\n\nPrediction:\n\n**Niger 1-1 Botswana**. Friendly chaos—Niger edges the form sheet, but Botswana finally stops the bleeding at home with a draw. 🤝""}, ""event_id"": 209491, ""funfacts"": [], ""jerseys"": null}, ""odds"": {""event_id"": 209491, ""odds"": {""away_win"": null, ""btts_no"": null, ""btts_yes"": null, ""draw"": null, ""home_win"": null, ""over_15_goals"": null, ""over_25_goals"": null, ""over_35_goals"": null, ""under_15_goals"": null, ""under_25_goals"": null, ""under_35_goals"": null}}, ""odds_comparison"": {""away_team"": ""Niger"", ""away_team_id"": 704, ""bookmakers_count"": 0, ""event_date"": ""2026-06-09T12:00:00Z"", ""event_id"": 209491, ""home_team"": ""Botswana"", ""home_team_id"": 650, ""league_id"": 31, ""league_name"": ""International Friendly Games"", ""markets"": {}, ""total_odds"": 0}, ""prediction"": {""created_at"": ""2026-06-09T02:20:08Z"", ""event"": {""away_team"": ""Niger"", ""away_team_id"": 704, ""event_date"": ""2026-06-09T12:00:00Z"", ""home_team"": ""Botswana"", ""home_team_id"": 650, ""id"": 209491, ""league_id"": 31, ""league_name"": ""International Friendly Games"", ""status"": ""notstarted""}, ""id"": 5258, ""markets"": {""btts"": {""prob_yes"": 22.0}, ""expected_goals"": {""away"": 1.62, ""home"": 0.5}, ""match_result"": {""predicted"": ""H"", ""prob_away"": 21.9, ""prob_draw"": 26.5, ""prob_home"": 51.6}, ""over_under"": {""prob_over_15"": 40.2, ""prob_over_25"": 29.0, ""prob_over_35"": 19.3}, ""score"": {""most_likely"": ""0-1""}}, ""model"": {""confidence"": 0.5164, ""version"": ""v5.0""}, ""recommendations"": {""bet_favorite"": false, ""btts"": false, ""favorite"": ""H"", ""favorite_prob"": 51.6, ""over_15"": false, ""over_25"": false, ""over_35"": false, ""winner"": false}}, ""stats"": {""average_positions"": {}, ""event_id"": 209491, ""momentum"": [], ""shotmap"": [], ""stats"": {""away"": {""xg"": {""actual"": null}}, ""home"": {""xg"": {""actual"": null}}}, ""xg_per_minute"": []}}","{""bzzoiro_api_version"": ""v2"", ""bzzoiro_comparison_bridge_hints_added"": 0, ""bzzoiro_context_limit_removed"": true, ""bzzoiro_context_sources_used"": {""compact_odds"": true, ""metadata"": true, ""odds_flat_rows"": 0, ""prediction"": true, ""stats"": true}, ""bzzoiro_draw_probability"": 0.265, ""bzzoiro_event_id"": 209491, ""bzzoiro_is_local_derby"": false, ""bzzoiro_is_neutral_ground"": false, ""bzzoiro_match_quality"": ""exact"", ""bzzoiro_over25_probability"": 0.29, ""bzzoiro_prediction_confidence"": 0.5164, ""bzzoiro_status"": ""notstarted"", ""bzzoiro_travel_distance_km"": null, ""bzzoiro_v2_comparison_hints_added"": 0, ""bzzoiro_v2_odds_comparison_attached"": true, ""bzzoiro_v2_odds_comparison_event_id"": ""209491"", ""bzzoiro_v2_source_matrix_patch"": true, ""bzzoiro_weather"": {""code"": null, ""description"": null, ""temperature_c"": null, ""wind_speed"": null}, ""provider_metric_hints"": {""favorite"": ""H"", ""is_local_derby"": false, ""is_neutral_ground"": false, ""model_version"": ""v5.0"", ""prob_draw"": 0.265, ""prob_over_1_5"": 0.402, ""prob_over_2_5"": 0.29, ""prob_over_3_5"": 0.193, ""provider_confidence"": 0.5164}, ""provider_metric_hints_count"": 9, ""provider_odds_hints"": [], ""provider_odds_hints_count"": 0, ""source_tokens"": [""bzzoiro""]}",f645c63bca6bca2a7fd1f0abc2921bf21d27f9dd,1
soccer|botswana|niger|2026-06-09,openligadb,fixture_results,2026-06-09T03:07:49.166670+00:00,,,58.22,"{""away_win_probability"": 0.5094, ""clubelo_draw_probability"": 0.2388, ""expected_away"": 1.179, ""expected_home"": 1.178, ""home_win_probability"": 0.2518}","{""away_rating"": {""Club"": ""Gyoer"", ""Country"": ""HUN"", ""Elo"": ""1454.81445312"", ""From"": ""2026-05-17"", ""Level"": ""1"", ""Rank"": ""None"", ""To"": ""2026-06-10""}, ""home_rating"": {""Club"": ""Botosani"", ""Country"": ""ROM"", ""Elo"": ""1277.43041992"", ""From"": ""2026-05-25"", ""Level"": ""1"", ""Rank"": ""None"", ""To"": ""2026-06-10""}}","{""away_rating"": 1454.8, ""clubelo_away_elo"": 1454.8, ""clubelo_draw_probability"": 0.2388, ""clubelo_elo_diff_home_adv"": -122.4, ""clubelo_home_elo"": 1277.4, ""home_rating"": 1277.4}",88ae9d37c07d1bcc009abea2117bfaf2505b8c69,1
soccer|botswana|niger|2026-06-09,sstats,xg_form,2026-06-09T03:07:49.166670+00:00,,,56.49155261724309,"{""away_win_probability"": 0.21871167206076586, ""expected_away"": 1.625, ""expected_home"": 0.5, ""favorite_prob"": 0.5163850872414362, ""home_win_probability"": 0.5163850872414362, ""prob_btts_yes"": 0.2202788689945827, ""prob_draw"": 0.26490324069779797, ""prob_over_1_5"": 0.4017367640753809, ""prob_over_2_5"": 0.2899985428486113, ""prob_over_3_5"": 0.1931576093734094}","{""btts_recommend"": false, ""confidence"": 51.63850872414362, ""created_at"": ""2026-06-09T02:20:08.699074Z"", ""event"": {""actual_away_xg"": null, ""actual_home_xg"": null, ""ai_preview"": {""generated_at"": ""2026-06-09T01:46:03.134440+00:00"", ""text"": ""**Botswana and Niger meet in a dead-rubber friendly where desperation levels are... let's say uneven.** Botswana limps in winless in four of their last five, while Niger at least cobbled together a draw or two. Neither team's exactly got momentum on their side. 🏟️\n\nBotswana's been getting *hammered* at home lately—back-to-back 3-0 shellackings to Zimbabwe and DR Congo aren't the energy you want heading into Tuesday. Niger, though inconsistent, showed some resilience with that 1-1 draw at Benin. One win apiece this stretch, but wildly different trajectories.\n\nKey storylines:\n\n- **Botswana** desperately needs a confidence booster after two consecutive heavy defeats at home\n- **Niger** will fancy their chances against a side bleeding goals on familiar turf\n- Friendly-match intensity always plays a role—motivation levels could swing either way\n\nExpected lineups:\n\n- **Botswana**: Mokgweetsi, Tsabola, Dsikamatso, Maela, Mpilo, Tshweu, Ntheane, Maroba, Thabani, Montsho, Tsogwane\n- **Niger**: Sanda, Guero, Saïdi, Maazou, Maïga, Souley, Soubeiga, Doula, Doula, Habibou, Hamani\n\nPrediction:\n\n**Niger 1-1 Botswana**. Friendly chaos—Niger edges the form sheet, but Botswana finally stops the bleeding at home with a draw. 🤝""}, ""attendance"": null, ""average_positions"": null, ""away_coach"": {""country"": ""Morocco"", ""defensive_line"": """", ""id"": 67, ""name"": ""Zaki Badou"", ""preferred_formation"": ""4-3-3"", ""pressing_intensity"": null, ""profile"": ""balanced"", ""short_name"": ""Z. Badou"", ""top_styles"": []}, ""away_score"": null, ""away_score_ht"": null, ""away_team"": ""Niger"", ""away_team_obj"": {""coach"": {""name"": ""Zaki Badou"", ""shortName"": ""Z. Badou""}, ""country"": ""Niger"", ""id"": 704, ""name"": ""Niger"", ""short_name"": ""Niger"", ""venue"": null}, ""away_xg_live"": null, ""current_minute"": null, ""event_date"": ""2026-06-09T12:00:00Z"", ""extra_time_score"": null, ""funfacts"": null, ""group_name"": null, ""home_coach"": {""country"": """", ""defensive_line"": """", ""id"": 62, ""name"": ""Morena Ramoreboli"", ""preferred_formation"": ""4-2-3-1"", ""pressing_intensity"": null, ""profile"": ""defensive"", ""short_name"": ""M. Ramoreboli"", ""top_styles"": []}, ""home_score"": null, ""home_score_ht"": null, ""home_team"": ""Botswana"", ""home_team_obj"": {""coach"": {""name"": ""Morena Ramoreboli"", ""shortName"": ""M. Ramoreboli""}, ""country"": ""Botswana"", ""id"": 650, ""name"": ""Botswana"", ""short_name"": """", ""venue"": null}, ""home_xg_live"": null, ""id"": 209491, ""incidents"": null, ""is_local_derby"": null, ""is_neutral_ground"": null, ""jerseys"": null, ""league"": {""country"": ""International"", ""current_season"": {""end_date"": ""2026-12-31"", ""id"": 133, ""name"": ""Int. Friendly Games 2026"", ""start_date"": ""2026-01-01"", ""year"": 2026}, ""id"": 31, ""is_women"": false, ""name"": ""International Friendly Games""}, ""lineups"": null, ""live_stats"": null, ""live_websocket"": false, ""momentum"": null, ""odds_away"": null, ""odds_btts_no"": null, ""odds_btts_yes"": null, ""odds_draw"": null, ""odds_home"": null, ""odds_over_15"": null, ""odds_over_25"": null, ""odds_over_35"": null, ""odds_under_15"": null, ""odds_under_25"": null, ""odds_under_35"": null, ""penalty_shootout"": null, ""period"": """", ""pitch_condition"": null, ""referee"": null, ""round_name"": """", ""round_number"": null, ""season"": {""id"": 133, ""name"": ""Int. Friendly Games 2026"", ""year"": 2026}, ""shotmap"": null, ""sr_stats"": null, ""status"": ""notstarted"", ""temperature_c"": null, ""travel_distance_km"": null, ""unavailable_players"": null, ""venue"": null, ""weather_code"": null, ""wind_speed"": null, ""xg_per_minute"": null}, ""expected_away_goals"": 1.625, ""expected_home_goals"": 0.5, ""favorite"": ""H"", ""favorite_prob"": 51.63850872414362, ""favorite_recommend"": false, ""id"": 5258, ""model_version"": ""v5.0"", ""most_likely_score"": ""0-1"", ""over_15_recommend"": false, ""over_25_recommend"": false, ""over_35_recommend"": false, ""predicted_result"": ""H"", ""prob_away_win"": 21.871167206076585, ""prob_btts_yes"": 22.02788689945827, ""prob_draw"": 26.490324069779795, ""prob_home_win"": 51.63850872414362, ""prob_over_15"": 40.17367640753809, ""prob_over_25"": 28.999854284861133, ""prob_over_35"": 19.31576093734094, ""winner_recommend"": false}","{""favorite"": ""H"", ""favorite_prob"": 0.5163850872414362, ""match_quality"": ""exact"", ""model_version"": ""v5.0"", ""most_likely_score"": ""0-1"", ""prediction_age_hours"": 0.8, ""prediction_created_at"": ""2026-06-09T02:20:08.699074Z"", ""prob_btts_yes"": 0.2202788689945827, ""prob_draw"": 0.26490324069779797, ""prob_over_1_5"": 0.4017367640753809, ""prob_over_2_5"": 0.2899985428486113, ""prob_over_3_5"": 0.1931576093734094, ""provider_confidence"": 0.5163850872414362, ""provider_confidence_pct"": 51.639, ""provider_metric_hints"": {""expected_away_goals"": 1.625, ""expected_home_goals"": 0.5, ""expected_total_goals"": 2.125, ""favorite"": ""H"", ""model_version"": ""v5.0"", ""most_likely_score"": ""0-1"", ""prob_away_win"": 0.21871, ""prob_btts_yes"": 0.22028, ""prob_draw"": 0.2649, ""prob_home_win"": 0.51639, ""prob_over_1_5"": 0.40174, ""prob_over_2_5"": 0.29, ""prob_over_3_5"": 0.19316, ""provider_confidence"": 0.5163850872414362}, ""provider_metric_hints_count"": 14, ""provider_odds_hints_count"": 0, ""sstats_deep_endpoint_count"": 2, ""sstats_deep_endpoints"": {""game_id"": ""5258"", ""injuries"": {""count"": 0, ""data"": [], ""status"": ""OK"", ""traceId"": ""00-b18c215dca68f840b843560da7a52ff4-f50b2243d9cbd570-00""}, ""last_games_stats"": {""data"": null, ""message"": ""Данных не найдено"", ""status"": ""error"", ""traceId"": ""00-c2e59833db5cc04af611fd28c0b2d688-2781b830fdbe472c-00""}}, ""sstats_mode"": ""bzzoiro_prediction""}",bed45a1bd8c72ec8da673d0ed5a04b5d0aaed647,1
soccer|apejes academy|les astres|2026-06-09,sstats,xg_form,2026-06-09T03:07:49.166670+00:00,,,65.0,"{""away_win_probability"": 0.6478, ""expected_away"": 3.267, ""expected_home"": 0.956, ""home_win_probability"": 0.1896}","{""away_recent"": [{""goals_against"": 2.0, ""goals_for"": 4.0, ""home"": true, ""league"": ""Elite Two"", ""opponent"": ""FAP"", ""opponent_key"": ""fap"", ""start"": ""2026-05-11T14:00:00+00:00"", ""team"": ""APEJES Academy"", ""team_key"": ""apejes academy""}, {""goals_against"": 0.0, ""goals_for"": 7.0, ""home"": false, ""league"": ""Elite Two"", ""opponent"": ""Eding Sport"", ""opponent_key"": ""eding sport"", ""start"": ""2026-05-06T15:00:00+00:00"", ""team"": ""APEJES Academy"", ""team_key"": ""apejes academy""}, {""goals_against"": 0.0, ""goals_for"": 1.0, ""home"": true, ""league"": ""Elite Two"", ""opponent"": ""Atlantic"", ""opponent_key"": ""atlantic"", ""start"": ""2026-04-30T15:00:00+00:00"", ""team"": ""APEJES Academy"", ""team_key"": ""apejes academy""}], ""home_recent"": [{""goals_against"": 0.0, ""goals_for"": 1.0, ""home"": false, ""league"": ""Elite Two"", ""opponent"": ""Atlantic"", ""opponent_key"": ""atlantic"", ""start"": ""2026-05-23T14:00:00+00:00"", ""team"": ""Les Astres"", ""team_key"": ""les astres""}, {""goals_against"": 2.0, ""goals_for"": 0.0, ""home"": true, ""league"": ""Elite Two"", ""opponent"": ""Eding Sport"", ""opponent_key"": ""eding sport"", ""start"": ""2026-05-10T12:00:00+00:00"", ""team"": ""Les Astres"", ""team_key"": ""les astres""}, {""goals_against"": 2.0, ""goals_for"": 4.0, ""home"": false, ""league"": ""Elite Two"", ""opponent"": ""FAP"", ""opponent_key"": ""fap"", ""start"": ""2026-05-06T12:00:00+00:00"", ""team"": ""Les Astres"", ""team_key"": ""les astres""}], ""mode"": ""team_form""}","{""away_goals_against_avg"": 0.667, ""away_goals_for_avg"": 4.0, ""away_recent_count"": 3, ""away_team_key"": ""apejes academy"", ""home_goals_against_avg"": 1.333, ""home_goals_for_avg"": 1.667, ""home_recent_count"": 3, ""home_team_key"": ""les astres"", ""league_overlap_count"": 6, ""provider_odds_hints_count"": 0, ""sstats_mode"": ""team_form""}",07ddbc627c76600cdc05bdf01a5a7ae08af4fe2f,1
soccer|brunei darussalam|timor leste|2026-06-09,openligadb,fixture_results,2026-06-09T03:07:49.166670+00:00,,,55.45,"{""away_win_probability"": 0.3511, ""clubelo_draw_probability"": 0.2613, ""expected_away"": 1.066, ""expected_home"": 1.317, ""home_win_probability"": 0.3876}","{""away_rating"": {""Club"": ""Randers"", ""Country"": ""DEN"", ""Elo"": ""1432.48901367"", ""From"": ""2026-05-18"", ""Level"": ""1"", ""Rank"": ""None"", ""To"": ""2026-06-10""}, ""home_rating"": {""Club"": ""Telstar"", ""Country"": ""NED"", ""Elo"": ""1394.69750977"", ""From"": ""2026-05-18"", ""Level"": ""1"", ""Rank"": ""None"", ""To"": ""2026-06-10""}}","{""away_rating"": 1432.5, ""clubelo_away_elo"": 1432.5, ""clubelo_draw_probability"": 0.2613, ""clubelo_elo_diff_home_adv"": 17.2, ""clubelo_home_elo"": 1394.7, ""home_rating"": 1394.7}",7540e6f8d57000f52dcc40c5f1875ea3d5781a00,1
soccer|brunei darussalam|timor leste|2026-06-09,sstats,xg_form,2026-06-09T03:07:49.166670+00:00,,,65.0,"{""away_win_probability"": 0.2351, ""expected_away"": 1.082, ""expected_home"": 2.701, ""home_win_probability"": 0.5867}","{""away_recent"": [{""goals_against"": 4.0, ""goals_for"": 0.0, ""home"": false, ""league"": ""ASEAN Championship U19"", ""opponent"": ""Singapore U19"", ""opponent_key"": ""singapore"", ""start"": ""2026-06-08T13:00:00+00:00"", ""team"": ""Brunei U19"", ""team_key"": ""brunei""}, {""goals_against"": 3.0, ""goals_for"": 0.0, ""home"": true, ""league"": ""ASEAN Championship"", ""opponent"": ""Timor-Leste"", ""opponent_key"": ""timor leste"", ""start"": ""2026-06-02T12:15:00+00:00"", ""team"": ""Brunei"", ""team_key"": ""brunei""}, {""goals_against"": 9.0, ""goals_for"": 0.0, ""home"": false, ""league"": ""ASEAN Championship U19"", ""opponent"": ""Thailand U19"", ""opponent_key"": ""thailand"", ""start"": ""2026-06-02T09:00:00+00:00"", ""team"": ""Brunei U19"", ""team_key"": ""brunei""}], ""home_recent"": [{""goals_against"": 3.0, ""goals_for"": 1.0, ""home"": true, ""league"": ""ASEAN Championship U19"", ""opponent"": ""Myanmar U19"", ""opponent_key"": ""myanmar"", ""start"": ""2026-06-07T13:00:00+00:00"", ""team"": ""Timor-Leste U19"", ""team_key"": ""timor leste""}, {""goals_against"": 3.0, ""goals_for"": 0.0, ""home"": true, ""league"": ""ASEAN Championship U19"", ""opponent"": ""Indonesia U19"", ""opponent_key"": ""indonesia"", ""start"": ""2026-06-04T13:00:00+00:00"", ""team"": ""Timor-Leste U19"", ""team_key"": ""timor leste""}, {""goals_against"": 0.0, ""goals_for"": 3.0, ""home"": false, ""league"": ""ASEAN Championship"", ""opponent"": ""Brunei"", ""opponent_key"": ""brunei"", ""start"": ""2026-06-02T12:15:00+00:00"", ""team"": ""Timor-Leste"", ""team_key"": ""timor leste""}, {""goals_against"": 3.0, ""goals_for"": 0.0, ""home"": false, ""league"": ""ASEAN Championship U19"", ""opponent"": ""Vietnam U19"", ""opponent_key"": ""vietnam"", ""start"": ""2026-06-01T09:00:00+00:00"", ""team"": ""Timor-Leste U19"", ""team_key"": ""timor leste""}], ""mode"": ""team_form""}","{""away_goals_against_avg"": 5.333, ""away_goals_for_avg"": 0.0, ""away_recent_count"": 3, ""away_team_key"": ""brunei"", ""home_goals_against_avg"": 2.25, ""home_goals_for_avg"": 1.0, ""home_recent_count"": 4, ""home_team_key"": ""timor leste"", ""league_overlap_count"": 7, ""provider_odds_hints_count"": 0, ""sstats_mode"": ""team_form""}",5bacf4946704917b1fa29eb49a3e37fa2f67cb06,1
soccer|myanmar|philippines|2026-06-09,bzzoiro,xg_prediction,2026-06-09T03:07:49.166670+00:00,,,69.3792,"{""away_win_probability"": 0.293, ""bzzoiro_draw_probability"": 0.284, ""bzzoiro_over25_probability"": 0.475, ""bzzoiro_weather"": {""code"": null, ""description"": null, ""temperature_c"": null, ""wind_speed"": null}, ""expected_away"": 1.3, ""expected_home"": 1.3, ""home_win_probability"": 0.42200000000000004}","{""comparison"": {""away_team"": ""Myanmar"", ""away_team_id"": 2256, ""bookmakers_count"": 0, ""event_date"": ""2026-06-09T11:30:00Z"", ""event_id"": 207904, ""home_team"": ""Philippines"", ""home_team_id"": 2252, ""league_id"": 31, ""league_name"": ""International Friendly Games"", ""markets"": {}, ""total_odds"": 0}, ""event"": {""attendance"": null, ""away_coach_id"": 1670, ""away_score"": null, ""away_score_ht"": null, ""away_team"": ""Myanmar"", ""away_team_id"": 2256, ""current_minute"": null, ""event_date"": ""2026-06-09T11:30:00+00:00"", ""extra_time_score"": null, ""group_name"": null, ""head_to_head"": null, ""highlights"": [], ""home_coach_id"": 1666, ""home_score"": null, ""home_score_ht"": null, ""home_team"": ""Philippines"", ""home_team_id"": 2252, ""id"": 207904, ""is_local_derby"": false, ""is_neutral_ground"": false, ""league_id"": 31, ""live_websocket"": true, ""penalty_shootout"": null, ""period"": """", ""pitch_condition"": null, ""referee_id"": null, ""replaced_by"": null, ""round_name"": """", ""round_number"": null, ""season_id"": 133, ""status"": ""notstarted"", ""travel_distance_km"": null, ""venue_id"": 1527, ""weather"": {""code"": null, ""description"": null, ""temperature_c"": null, ""wind_speed"": null}}, ""metadata"": {""ai_preview"": {""generated_at"": ""2026-06-09T01:45:46.638788+00:00"", ""text"": ""**Home turf and a hungry Philippines side looking to string together wins.** Myanmar's been leaky — five goals conceded in their last outing — and the hosts will fancy their chances in Manila. 🇵🇭\n\nPhilippines scraped past Guam 5-1 but couldn't close out Vietnam or Indonesia. Myanmar's won just once in five and got hammered 5-0 by Japan at home, so confidence is thin. This is a chance for both to reset, but the Philippines hold the edge on form and crowd.\n\nKey storylines:\n\n- **Philippines' attack** needs to be clinical; flaky defending against mid-tier teams won't cut it here\n- **Myanmar's backline** under pressure again — three straight losses with heavy scorelines suggest structural issues\n- **Home advantage** in Manila should tilt momentum toward the hosts\n\nExpected lineups:\n\n- **Philippines**: P. Deyto, S. Rublico, S. Woods, P. B. Tabinas, C. Rontini, O. Kekkonen, M. Ott, A. Leipold, C. Mrowka, P. Bugas, J. Gayoso\n- **Myanmar**: S. S. Naing, K. M. Oo, S. M. Kyaw, H. Z. Lin, T. H. Soe, M. M. Lwin, L. M. Aung, N. M. Naing, W. L. Aung, H. H. Aung, O. Naing\n\nPrediction:\n\n**Philippines 2–0 Myanmar**\n\nHome comfort and Myanmar's defensive woes point to a comfortable Pinoy win. 🎯""}, ""event_id"": 207904, ""funfacts"": [{""sentence"": ""Philippines haven't lost in their last 7 games."", ""type_id"": 1}, {""sentence"": ""Philippines haven't lost in any of their last 7 home matches."", ""type_id"": 1}, {""sentence"": ""Myanmar have a winning streak of 3 matches."", ""type_id"": 1}], ""jerseys"": {""away"": {""GK"": {""base"": ""f1fd17"", ""number"": ""faf9f9"", ""real"": true, ""sleeve"": ""2952d2"", ""type"": ""short_sleeves""}, ""player"": {""base"": ""ff0000"", ""number"": ""ffe4b1"", ""real"": true, ""sleeve"": ""ff0000"", ""sleevelong"": ""ff0000"", ""type"": ""short_sleeves""}}, ""home"": {""GK"": {""base"": ""ff9605"", ""number"": ""ffffff"", ""real"": true, ""sleeve"": ""2a2a28"", ""type"": ""short_sleeves""}, ""player"": {""base"": ""ffffff"", ""number"": ""dbd539"", ""real"": true, ""sleeve"": ""ffffff"", ""type"": ""short_sleeves""}}}}, ""odds"": {""event_id"": 207904, ""odds"": {""away_win"": null, ""btts_no"": null, ""btts_yes"": null, ""draw"": null, ""home_win"": null, ""over_15_goals"": null, ""over_25_goals"": null, ""over_35_goals"": null, ""under_15_goals"": null, ""under_25_goals"": null, ""under_35_goals"": null}}, ""odds_comparison"": {""away_team"": ""Myanmar"", ""away_team_id"": 2256, ""bookmakers_count"": 0, ""event_date"": ""2026-06-09T11:30:00Z"", ""event_id"": 207904, ""home_team"": ""Philippines"", ""home_team_id"": 2252, ""league_id"": 31, ""league_name"": ""International Friendly Games"", ""markets"": {}, ""total_odds"": 0}, ""prediction"": {""created_at"": ""2026-06-02T10:52:27Z"", ""event"": {""away_team"": ""Myanmar"", ""away_team_id"": 2256, ""event_date"": ""2026-06-09T11:30:00Z"", ""home_team"": ""Philippines"", ""home_team_id"": 2252, ""id"": 207904, ""league_id"": 31, ""league_name"": ""International Friendly Games"", ""status"": ""notstarted""}, ""id"": 4718, ""markets"": {""btts"": {""prob_yes"": 45.2}, ""expected_goals"": {""away"": 1.3, ""home"": 1.3}, ""match_result"": {""predicted"": ""H"", ""prob_away"": 29.3, ""prob_draw"": 28.4, ""prob_home"": 42.2}, ""over_under"": {""prob_over_15"": 70.5, ""prob_over_25"": 47.5, ""prob_over_35"": 28.3}, ""score"": {""most_likely"": ""1-1""}}, ""model"": {""confidence"": 0.4224, ""version"": ""v5.0""}, ""recommendations"": {""bet_favorite"": false, ""btts"": false, ""favorite"": ""H"", ""favorite_prob"": 42.2, ""over_15"": false, ""over_25"": false, ""over_35"": false, ""winner"": false}}, ""stats"": {""average_positions"": {}, ""event_id"": 207904, ""momentum"": [], ""shotmap"": [], ""stats"": {""away"": {""xg"": {""actual"": null}}, ""home"": {""xg"": {""actual"": null}}}, ""xg_per_minute"": []}}","{""bzzoiro_api_version"": ""v2"", ""bzzoiro_comparison_bridge_hints_added"": 0, ""bzzoiro_context_limit_removed"": true, ""bzzoiro_context_sources_used"": {""compact_odds"": true, ""metadata"": true, ""odds_flat_rows"": 0, ""prediction"": true, ""stats"": true}, ""bzzoiro_draw_probability"": 0.284, ""bzzoiro_event_id"": 207904, ""bzzoiro_is_local_derby"": false, ""bzzoiro_is_neutral_ground"": false, ""bzzoiro_match_quality"": ""exact"", ""bzzoiro_over25_probability"": 0.475, ""bzzoiro_prediction_confidence"": 0.4224, ""bzzoiro_status"": ""notstarted"", ""bzzoiro_travel_distance_km"": null, ""bzzoiro_v2_comparison_hints_added"": 0, ""bzzoiro_v2_odds_comparison_attached"": true, ""bzzoiro_v2_odds_comparison_event_id"": ""207904"", ""bzzoiro_v2_source_matrix_patch"": true, ""bzzoiro_weather"": {""code"": null, ""description"": null, ""temperature_c"": null, ""wind_speed"": null}, ""provider_metric_hints"": {""favorite"": ""H"", ""is_local_derby"": false, ""is_neutral_ground"": false, ""model_version"": ""v5.0"", ""prob_draw"": 0.284, ""prob_over_1_5"": 0.705, ""prob_over_2_5"": 0.475, ""prob_over_3_5"": 0.283, ""provider_confidence"": 0.4224}, ""provider_metric_hints_count"": 9, ""provider_odds_hints"": [], ""provider_odds_hints_count"": 0, ""source_tokens"": [""bzzoiro""]}",b86ffc3ece4d2913b951f9af0afbdd1089d17142,1
soccer|myanmar|philippines|2026-06-09,openligadb,fixture_results,2026-06-09T03:07:49.166670+00:00,,,63.0,"{""away_win_probability"": 0.0512, ""clubelo_draw_probability"": 0.19, ""expected_away"": 0.791, ""expected_home"": 1.657, ""home_win_probability"": 0.7588}","{""away_rating"": {""Club"": ""Muenster"", ""Country"": ""GER"", ""Elo"": ""1352.77770996"", ""From"": ""2026-05-21"", ""Level"": ""2"", ""Rank"": ""None"", ""To"": ""2026-06-10""}, ""home_rating"": {""Club"": ""Lens"", ""Country"": ""FRA"", ""Elo"": ""1766.09460449"", ""From"": ""2026-05-25"", ""Level"": ""1"", ""Rank"": ""32"", ""To"": ""2026-06-10""}}","{""away_rating"": 1352.8, ""clubelo_away_elo"": 1352.8, ""clubelo_draw_probability"": 0.19, ""clubelo_elo_diff_home_adv"": 468.3, ""clubelo_home_elo"": 1766.1, ""home_rating"": 1766.1}",01890197bb1a3c0ccb6c052ec14a916068999491,1
soccer|myanmar|philippines|2026-06-09,sstats,xg_form,2026-06-09T03:07:49.166670+00:00,,,48.0,"{""away_win_probability"": 0.29314001292382297, ""expected_away"": 1.3, ""expected_home"": 1.3, ""favorite_prob"": 0.4224408374239001, ""home_win_probability"": 0.4224408374239001, ""prob_btts_yes"": 0.4517412256622271, ""prob_draw"": 0.28441914965227705, ""prob_over_1_5"": 0.7051161858407934, ""prob_over_2_5"": 0.47505230284071503, ""prob_over_3_5"": 0.28348017281804355}","{""btts_recommend"": false, ""confidence"": 42.24408374239001, ""created_at"": ""2026-06-02T10:52:27.003803Z"", ""event"": {""actual_away_xg"": null, ""actual_home_xg"": null, ""ai_preview"": {""generated_at"": ""2026-06-09T01:45:46.638788+00:00"", ""text"": ""**Home turf and a hungry Philippines side looking to string together wins.** Myanmar's been leaky — five goals conceded in their last outing — and the hosts will fancy their chances in Manila. 🇵🇭\n\nPhilippines scraped past Guam 5-1 but couldn't close out Vietnam or Indonesia. Myanmar's won just once in five and got hammered 5-0 by Japan at home, so confidence is thin. This is a chance for both to reset, but the Philippines hold the edge on form and crowd.\n\nKey storylines:\n\n- **Philippines' attack** needs to be clinical; flaky defending against mid-tier teams won't cut it here\n- **Myanmar's backline** under pressure again — three straight losses with heavy scorelines suggest structural issues\n- **Home advantage** in Manila should tilt momentum toward the hosts\n\nExpected lineups:\n\n- **Philippines**: P. Deyto, S. Rublico, S. Woods, P. B. Tabinas, C. Rontini, O. Kekkonen, M. Ott, A. Leipold, C. Mrowka, P. Bugas, J. Gayoso\n- **Myanmar**: S. S. Naing, K. M. Oo, S. M. Kyaw, H. Z. Lin, T. H. Soe, M. M. Lwin, L. M. Aung, N. M. Naing, W. L. Aung, H. H. Aung, O. Naing\n\nPrediction:\n\n**Philippines 2–0 Myanmar**\n\nHome comfort and Myanmar's defensive woes point to a comfortable Pinoy win. 🎯""}, ""attendance"": null, ""average_positions"": null, ""away_coach"": {""country"": ""Myanmar"", ""defensive_line"": """", ""id"": 1670, ""name"": ""Hlaing Win Myo"", ""preferred_formation"": ""4-3-3"", ""pressing_intensity"": null, ""profile"": ""balanced"", ""short_name"": ""H. W. Myo"", ""top_styles"": []}, ""away_score"": null, ""away_score_ht"": null, ""away_team"": ""Myanmar"", ""away_team_obj"": {""coach"": {""name"": ""Hlaing Win Myo"", ""shortName"": ""H. W. Myo""}, ""country"": ""Myanmar"", ""id"": 2256, ""name"": ""Myanmar"", ""short_name"": ""Myanmar"", ""venue"": null}, ""away_xg_live"": null, ""current_minute"": null, ""event_date"": ""2026-06-09T11:30:00Z"", ""extra_time_score"": null, ""funfacts"": [{""sentence"": ""Philippines haven't lost in their last 7 games."", ""type_id"": 1}, {""sentence"": ""Philippines haven't lost in any of their last 7 home matches."", ""type_id"": 1}, {""sentence"": ""Myanmar have a winning streak of 3 matches."", ""type_id"": 1}], ""group_name"": null, ""home_coach"": {""country"": ""Spain"", ""defensive_line"": """", ""id"": 1666, ""name"": ""Carles Cuadrat"", ""preferred_formation"": ""4-4-2"", ""pressing_intensity"": null, ""profile"": ""balanced"", ""short_name"": ""C. Cuadrat"", ""top_styles"": []}, ""home_score"": null, ""home_score_ht"": null, ""home_team"": ""Philippines"", ""home_team_obj"": {""coach"": {""name"": ""Carles Cuadrat"", ""shortName"": ""C. Cuadrat""}, ""country"": ""Philippines"", ""id"": 2252, ""name"": ""Philippines"", ""short_name"": ""Philippines"", ""venue"": null}, ""home_xg_live"": null, ""id"": 207904, ""incidents"": null, ""is_local_derby"": false, ""is_neutral_ground"": null, ""jerseys"": {""away"": {""GK"": {""base"": ""f1fd17"", ""number"": ""faf9f9"", ""real"": true, ""sleeve"": ""2952d2"", ""type"": ""short_sleeves""}, ""player"": {""base"": ""ff0000"", ""number"": ""ffe4b1"", ""real"": true, ""sleeve"": ""ff0000"", ""sleevelong"": ""ff0000"", ""type"": ""short_sleeves""}}, ""home"": {""GK"": {""base"": ""ff9605"", ""number"": ""ffffff"", ""real"": true, ""sleeve"": ""2a2a28"", ""type"": ""short_sleeves""}, ""player"": {""base"": ""ffffff"", ""number"": ""dbd539"", ""real"": true, ""sleeve"": ""ffffff"", ""type"": ""short_sleeves""}}}, ""league"": {""country"": ""International"", ""current_season"": {""end_date"": ""2026-12-31"", ""id"": 133, ""name"": ""Int. Friendly Games 2026"", ""start_date"": ""2026-01-01"", ""year"": 2026}, ""id"": 31, ""is_women"": false, ""name"": ""International Friendly Games""}, ""lineups"": null, ""live_stats"": null, ""live_websocket"": true, ""momentum"": null, ""odds_away"": null, ""odds_btts_no"": null, ""odds_btts_yes"": null, ""odds_draw"": null, ""odds_home"": null, ""odds_over_15"": null, ""odds_over_25"": null, ""odds_over_35"": null, ""odds_under_15"": null, ""odds_under_25"": null, ""odds_under_35"": null, ""penalty_shootout"": null, ""period"": """", ""pitch_condition"": null, ""referee"": null, ""round_name"": """", ""round_number"": null, ""season"": {""id"": 133, ""name"": ""Int. Friendly Games 2026"", ""year"": 2026}, ""shotmap"": null, ""sr_stats"": null, ""status"": ""notstarted"", ""temperature_c"": null, ""travel_distance_km"": null, ""unavailable_players"": null, ""venue"": {""built_year"": null, ""capacity"": 12873, ""city"": ""Manila"", ""country"": ""Philippines"", ""id"": 1527, ""latitude"": null, ""longitude"": null, ""name"": ""RIzal Memorial Stadium"", ""pitch_x"": null, ""pitch_y"": null}, ""weather_code"": null, ""wind_speed"": null, ""xg_per_minute"": null}, ""expected_away_goals"": 1.3, ""expected_home_goals"": 1.3, ""favorite"": ""H"", ""favorite_prob"": 42.24408374239001, ""favorite_recommend"": false, ""id"": 4718, ""model_version"": ""v5.0"", ""most_likely_score"": ""1-1"", ""over_15_recommend"": false, ""over_25_recommend"": false, ""over_35_recommend"": false, ""predicted_result"": ""H"", ""prob_away_win"": 29.314001292382297, ""prob_btts_yes"": 45.17412256622271, ""prob_draw"": 28.441914965227706, ""prob_home_win"": 42.24408374239001, ""prob_over_15"": 70.51161858407934, ""prob_over_25"": 47.5052302840715, ""prob_over_35"": 28.348017281804356, ""winner_recommend"": false}","{""favorite"": ""H"", ""favorite_prob"": 0.4224408374239001, ""match_quality"": ""exact"", ""model_version"": ""v5.0"", ""most_likely_score"": ""1-1"", ""prediction_age_hours"": 160.3, ""prediction_created_at"": ""2026-06-02T10:52:27.003803Z"", ""prob_btts_yes"": 0.4517412256622271, ""prob_draw"": 0.28441914965227705, ""prob_over_1_5"": 0.7051161858407934, ""prob_over_2_5"": 0.47505230284071503, ""prob_over_3_5"": 0.28348017281804355, ""provider_confidence"": 0.4224408374239001, ""provider_confidence_pct"": 42.244, ""provider_metric_hints"": {""expected_away_goals"": 1.3, ""expected_home_goals"": 1.3, ""expected_total_goals"": 2.6, ""favorite"": ""H"", ""is_local_derby"": false, ""model_version"": ""v5.0"", ""most_likely_score"": ""1-1"", ""prob_away_win"": 0.29314, ""prob_btts_yes"": 0.45174, ""prob_draw"": 0.28442, ""prob_home_win"": 0.42244, ""prob_over_1_5"": 0.70512, ""prob_over_2_5"": 0.47505, ""prob_over_3_5"": 0.28348, ""provider_confidence"": 0.4224408374239001}, ""provider_metric_hints_count"": 15, ""provider_odds_hints_count"": 0, ""sstats_deep_endpoint_count"": 3, ""sstats_deep_endpoints"": {""game_id"": ""4718"", ""glicko"": {""data"": null, ""message"": ""Для данного матча отсутствует Glicko аналитика"", ""status"": ""error"", ""traceId"": ""00-8b7f672e89940bd863e0cefbfa38600d-0555dd85f4f45570-00""}, ""injuries"": {""count"": 0, ""data"": [], ""status"": ""OK"", ""traceId"": ""00-c873af4049e7337dd9bf8df29a752cc0-2cf4fd23f74357f3-00""}, ""last_games_stats"": {""away"": {""avgCards"": null, ""avgCardsOpp"": null, ""avgConceded"": 1.2711488, ""avgCorners"": null, ""avgCornersOpp"": null, ""avgDrawOdds"": 3.3857172, ""avgLoseOdds"": 3.3644156, ""avgOddsXg"": 1.2527556, ""avgOddsXgConceded"": 1.0112203, ""avgOffsides"": null, ""avgOffsidesOpp"": null, ""avgOppShots"": null, ""avgScore"": 1.6808896, ""avgShots"": null, ""avgWinOdds"": 2.429828, ""draws"": 3, ""gamesCount"": 25, ""loses"": 10, ""maeOddsXg"": 0.42813396, ""maeOddsXgConceded"": 0.25992846, ""profits"": {""drawProfit"": -14.9, ""loseNoBet"": -1.98, ""loseOrDrawProfit"": -4.42, ""loseProfit"": 3.42, ""winNoBet"": -2.9399998, ""winOrDrawProfit"": -4.9400005, ""winOrLoseProfit"": 4.28, ""winProfit"": 1.6699997}, ""rmseXg"": 1.5181208, ""rmseXgConceded"": 1.3825872, ""wins"": 12}, ""home"": {""avgCards"": null, ""avgCardsOpp"": null, ""avgConceded"": 1.8857098, ""avgCorners"": null, ""avgCornersOpp"": null, ""avgDrawOdds"": 3.4315577, ""avgLoseOdds"": 2.7754006, ""avgOddsXg"": 1.1769215, ""avgOddsXgConceded"": 1.1953105, ""avgOffsides"": null, ""avgOffsidesOpp"": null, ""avgOppShots"": null, ""avgScore"": 1.4736888, ""avgShots"": null, ""avgWinOdds"": 2.8107076, ""draws"": 10, ""gamesCount"": 25, ""loses"": 8, ""maeOddsXg"": 0.29676735, ""maeOddsXgConceded"": 0.6903993, ""profits"": {""drawProfit"": 9.499999, ""loseNoBet"": 0.5599998, ""loseOrDrawProfit"": 1.5599997, ""loseProfit"": -2.9399998, ""winNoBet"": -2.4100003, ""winOrDrawProfit"": 1.8500004, ""winOrLoseProfit"": -5.120001, ""winProfit"": -7.0699997}, ""rmseXg"": 1.1972703, ""rmseXgConceded"": 1.3153455, ""wins"": 7}}}, ""sstats_mode"": ""bzzoiro_prediction""}",e1a30f87ccf6bff4386907bf17947257a5d8cc3b,1
soccer|myanmar|philippines|2026-06-09,thesportsdb,team_profile,2026-06-09T03:07:49.166670+00:00,,,57.0,"{""away_form"": 0.665, ""away_ppg"": 1.918, ""away_win_probability"": 0.2779952941176472, ""expected_away"": 1.3805882352941174, ""expected_home"": 1.6776470588235293, ""home_form"": 0.706, ""home_ppg"": 2.059, ""home_rank"": 2.0, ""home_win_probability"": 0.4895294117647058, ""thesportsdb_away_form_score"": 0.665, ""thesportsdb_away_ppg"": 1.918, ""thesportsdb_draw_probability"": 0.23247529411764706, ""thesportsdb_home_form_score"": 0.706, ""thesportsdb_home_ppg"": 2.059, ""thesportsdb_home_rank"": 2.0}","{""away_row"": {""intDraw"": ""5.2"", ""intGoalsAgainst"": ""37.2"", ""intGoalsFor"": ""61.6"", ""intLoss"": ""8.8"", ""intPlayed"": ""34.0"", ""intPoints"": ""65.2"", ""intWin"": ""20.0"", ""strTeam"": ""League Average""}, ""home_row"": {""dateUpdated"": ""2026-06-08 23:02:05"", ""idLeague"": ""4334"", ""idStanding"": ""9720665"", ""idTeam"": ""133822"", ""intDraw"": ""4"", ""intGoalDifference"": ""31"", ""intGoalsAgainst"": ""35"", ""intGoalsFor"": ""66"", ""intLoss"": ""8"", ""intPlayed"": ""34"", ""intPoints"": ""70"", ""intRank"": ""2"", ""intWin"": ""22"", ""strBadge"": ""https://r2.thesportsdb.com/images/media/team/badge/3pxoum1598797195.png/tiny"", ""strDescription"": ""Champions League"", ""strForm"": ""WLWDD"", ""strLeague"": ""French Ligue 1"", ""strSeason"": ""2025-2026"", ""strTeam"": ""Lens""}}","{""away_form"": 0.665, ""away_ga_pg"": 1.094, ""away_gf_pg"": 1.812, ""away_ppg"": 1.918, ""away_rank"": null, ""home_form"": 0.706, ""home_ga_pg"": 1.029, ""home_gf_pg"": 1.941, ""home_ppg"": 2.059, ""home_rank"": 2.0, ""thesportsdb_away_form_score"": 0.665, ""thesportsdb_away_ga_pg"": 1.094, ""thesportsdb_away_gf_pg"": 1.812, ""thesportsdb_away_ppg"": 1.918, ""thesportsdb_away_rank"": null, ""thesportsdb_draw_probability"": 0.23247529411764706, ""thesportsdb_home_form_score"": 0.706, ""thesportsdb_home_ga_pg"": 1.029, ""thesportsdb_home_gf_pg"": 1.941, ""thesportsdb_home_ppg"": 2.059, ""thesportsdb_home_rank"": 2.0, ""thesportsdb_partial_context"": true}",0adea1dd93db8b3f0d60b9675af57ada043b666c,1
soccer|cessnock city hornets|singleton strikers|2026-06-09,sstats,xg_form,2026-06-09T03:07:49.166670+00:00,,,65.0,"{""away_win_probability"": 0.425, ""expected_away"": 1.863, ""expected_home"": 1.701, ""home_win_probability"": 0.388}","{""away_recent"": [{""goals_against"": 3.0, ""goals_for"": 2.0, ""home"": true, ""league"": ""NNSW League 1"", ""opponent"": ""New Lambton"", ""opponent_key"": ""new lambton"", ""start"": ""2026-05-23T04:00:00+00:00"", ""team"": ""Cessnock City Hornets"", ""team_key"": ""cessnock city hornets""}, {""goals_against"": 3.0, ""goals_for"": 2.0, ""home"": false, ""league"": ""NNSW League 1"", ""opponent"": ""Newcastle Croatia FC"", ""opponent_key"": ""newcastle croatia"", ""start"": ""2026-05-17T03:00:00+00:00"", ""team"": ""Cessnock City Hornets"", ""team_key"": ""cessnock city hornets""}, {""goals_against"": 2.0, ""goals_for"": 2.0, ""home"": true, ""league"": ""NNSW League 1"", ""opponent"": ""Wallsend Red Devils"", ""opponent_key"": ""wallsend red devils"", ""start"": ""2026-05-09T06:30:00+00:00"", ""team"": ""Cessnock City Hornets"", ""team_key"": ""cessnock city hornets""}, {""goals_against"": 1.0, ""goals_for"": 0.0, ""home"": false, ""league"": ""NNSW League 1"", ""opponent"": ""West Wallsend"", ""opponent_key"": ""west wallsend"", ""start"": ""2026-04-26T05:00:00+00:00"", ""team"": ""Cessnock City Hornets"", ""team_key"": ""cessnock city hornets""}], ""home_recent"": [{""goals_against"": 1.0, ""goals_for"": 1.0, ""home"": false, ""league"": ""NNSW League 1"", ""opponent"": ""Dudley Redhead United"", ""opponent_key"": ""dudley redhead united"", ""start"": ""2026-05-24T05:00:00+00:00"", ""team"": ""Singleton Strikers"", ""team_key"": ""singleton strikers""}, {""goals_against"": 3.0, ""goals_for"": 0.0, ""home"": false, ""league"": ""NNSW League 1"", ""opponent"": ""Toronto Awaba Stags"", ""opponent_key"": ""toronto awaba stags"", ""start"": ""2026-05-16T04:00:00+00:00"", ""team"": ""Singleton Strikers"", ""team_key"": ""singleton strikers""}, {""goals_against"": 3.0, ""goals_for"": 2.0, ""home"": true, ""league"": ""NNSW League 1"", ""opponent"": ""Newcastle Croatia FC"", ""opponent_key"": ""newcastle croatia"", ""start"": ""2026-05-09T04:00:00+00:00"", ""team"": ""Singleton Strikers"", ""team_key"": ""singleton strikers""}], ""mode"": ""team_form""}","{""away_goals_against_avg"": 2.25, ""away_goals_for_avg"": 1.5, ""away_recent_count"": 4, ""away_team_key"": ""cessnock city hornets"", ""home_goals_against_avg"": 2.333, ""home_goals_for_avg"": 1.0, ""home_recent_count"": 3, ""home_team_key"": ""singleton strikers"", ""league_overlap_count"": 7, ""provider_odds_hints_count"": 0, ""sstats_mode"": ""team_form""}",c9aef77f31273dcdba4c5abacb033479cb07f837,1
soccer|mt gravatt hawks|yeronga eagles|2026-06-09,sstats,xg_form,2026-06-09T03:07:49.166670+00:00,,,65.0,"{""away_win_probability"": 0.4931, ""expected_away"": 2.099, ""expected_home"": 1.337, ""home_win_probability"": 0.3142}","{""away_recent"": [{""goals_against"": 3.0, ""goals_for"": 1.0, ""home"": false, ""league"": ""GFA League"", ""opponent"": ""Dutch Lions"", ""opponent_key"": ""dutch lions"", ""start"": ""2026-05-25T16:30:00+00:00"", ""team"": ""Hawks"", ""team_key"": ""hawks""}, {""goals_against"": 1.0, ""goals_for"": 3.0, ""home"": true, ""league"": ""GFA League"", ""opponent"": ""Bombada"", ""opponent_key"": ""bombada"", ""start"": ""2026-05-17T16:30:00+00:00"", ""team"": ""Hawks"", ""team_key"": ""hawks""}, {""goals_against"": 3.0, ""goals_for"": 2.0, ""home"": false, ""league"": ""GFA League"", ""opponent"": ""Hart Acedemy"", ""opponent_key"": ""hart acedemy"", ""start"": ""2026-05-12T16:30:00+00:00"", ""team"": ""Hawks"", ""team_key"": ""hawks""}, {""goals_against"": 1.0, ""goals_for"": 0.0, ""home"": true, ""league"": ""GFA League"", ""opponent"": ""Greater Tomorrow"", ""opponent_key"": ""greater tomorrow"", ""start"": ""2026-05-06T16:30:00+00:00"", ""team"": ""Hawks"", ""team_key"": ""hawks""}, {""goals_against"": 2.0, ""goals_for"": 1.0, ""home"": false, ""league"": ""GFA League"", ""opponent"": ""Steve Biko"", ""opponent_key"": ""steve biko"", ""start"": ""2026-05-03T16:30:00+00:00"", ""team"": ""Hawks"", ""team_key"": ""hawks""}], ""home_recent"": [{""goals_against"": 3.0, ""goals_for"": 1.0, ""home"": true, ""league"": ""USL League Two"", ""opponent"": ""Real Central New Jersey"", ""opponent_key"": ""real central new jersey"", ""start"": ""2026-06-07T19:00:00+00:00"", ""team"": ""Eagle FC"", ""team_key"": ""eagle""}, {""goals_against"": 3.0, ""goals_for"": 1.0, ""home"": true, ""league"": ""USL League Two"", ""opponent"": ""Delaware FC"", ""opponent_key"": ""delaware"", ""start"": ""2026-06-02T23:00:00+00:00"", ""team"": ""Eagle FC"", ""team_key"": ""eagle""}, {""goals_against"": 3.0, ""goals_for"": 0.0, ""home"": true, ""league"": ""USL League Two"", ""opponent"": ""Reading United"", ""opponent_key"": ""reading united"", ""start"": ""2026-05-30T23:00:00+00:00"", ""team"": ""Eagle FC"", ""team_key"": ""eagle""}, {""goals_against"": 3.0, ""goals_for"": 0.0, ""home"": false, ""league"": ""USL League Two"", ""opponent"": ""Lehigh Valley United"", ""opponent_key"": ""lehigh valley united"", ""start"": ""2026-05-26T23:00:00+00:00"", ""team"": ""Eagle FC"", ""team_key"": ""eagle""}, {""goals_against"": 1.0, ""goals_for"": 1.0, ""home"": false, ""league"": ""USL League Two"", ""opponent"": ""West Chester United"", ""opponent_key"": ""west chester united"", ""start"": ""2026-05-23T23:00:00+00:00"", ""team"": ""Eagle FC"", ""team_key"": ""eagle""}, {""goals_against"": 5.0, ""goals_for"": 0.0, ""home"": false, ""league"": ""USL League Two"", ""opponent"": ""Lone Star II"", ""opponent_key"": ""lone star 2"", ""start"": ""2026-05-16T20:00:00+00:00"", ""team"": ""Eagle FC"", ""team_key"": ""eagle""}], ""mode"": ""team_form""}","{""away_goals_against_avg"": 2.0, ""away_goals_for_avg"": 1.4, ""away_recent_count"": 5, ""away_team_key"": ""hawks"", ""home_goals_against_avg"": 3.0, ""home_goals_for_avg"": 0.5, ""home_recent_count"": 6, ""home_team_key"": ""eagle"", ""league_overlap_count"": 0, ""provider_odds_hints_count"": 0, ""sstats_mode"": ""team_form""}",2a28ef2dee3dbc1c9141729c0a66bb206aa6ebd0,1
soccer|mt gravatt hawks|yeronga eagles|2026-06-09,weather,weather,2026-06-09T03:07:49.166670+00:00,,,65.0,"{""away_win_probability"": 0.4931, ""expected_away"": 2.099, ""expected_home"": 1.337, ""home_win_probability"": 0.3142, ""weather_adjustment_applied"": false, ""weather_adjustment_reasons"": [], ""weather_away_team"": ""MT Gravatt Hawks"", ""weather_city"": ""Eagles Mere"", ""weather_condition"": ""Sunny"", ""weather_context_applied"": true, ""weather_country"": ""United States of America"", ""weather_home_team"": ""Yeronga Eagles FC"", ""weather_precip_mm"": 0.0, ""weather_query"": ""Yeronga Eagles FC"", ""weather_source"": ""weatherapi"", ""weather_temp_c"": 11.9, ""weather_total_factor"": 1.0, ""weather_wind_kph"": 6.5}","{""away_recent"": [{""goals_against"": 3.0, ""goals_for"": 1.0, ""home"": false, ""league"": ""GFA League"", ""opponent"": ""Dutch Lions"", ""opponent_key"": ""dutch lions"", ""start"": ""2026-05-25T16:30:00+00:00"", ""team"": ""Hawks"", ""team_key"": ""hawks""}, {""goals_against"": 1.0, ""goals_for"": 3.0, ""home"": true, ""league"": ""GFA League"", ""opponent"": ""Bombada"", ""opponent_key"": ""bombada"", ""start"": ""2026-05-17T16:30:00+00:00"", ""team"": ""Hawks"", ""team_key"": ""hawks""}, {""goals_against"": 3.0, ""goals_for"": 2.0, ""home"": false, ""league"": ""GFA League"", ""opponent"": ""Hart Acedemy"", ""opponent_key"": ""hart acedemy"", ""start"": ""2026-05-12T16:30:00+00:00"", ""team"": ""Hawks"", ""team_key"": ""hawks""}, {""goals_against"": 1.0, ""goals_for"": 0.0, ""home"": true, ""league"": ""GFA League"", ""opponent"": ""Greater Tomorrow"", ""opponent_key"": ""greater tomorrow"", ""start"": ""2026-05-06T16:30:00+00:00"", ""team"": ""Hawks"", ""team_key"": ""hawks""}, {""goals_against"": 2.0, ""goals_for"": 1.0, ""home"": false, ""league"": ""GFA League"", ""opponent"": ""Steve Biko"", ""opponent_key"": ""steve biko"", ""start"": ""2026-05-03T16:30:00+00:00"", ""team"": ""Hawks"", ""team_key"": ""hawks""}], ""home_recent"": [{""goals_against"": 3.0, ""goals_for"": 1.0, ""home"": true, ""league"": ""USL League Two"", ""opponent"": ""Real Central New Jersey"", ""opponent_key"": ""real central new jersey"", ""start"": ""2026-06-07T19:00:00+00:00"", ""team"": ""Eagle FC"", ""team_key"": ""eagle""}, {""goals_against"": 3.0, ""goals_for"": 1.0, ""home"": true, ""league"": ""USL League Two"", ""opponent"": ""Delaware FC"", ""opponent_key"": ""delaware"", ""start"": ""2026-06-02T23:00:00+00:00"", ""team"": ""Eagle FC"", ""team_key"": ""eagle""}, {""goals_against"": 3.0, ""goals_for"": 0.0, ""home"": true, ""league"": ""USL League Two"", ""opponent"": ""Reading United"", ""opponent_key"": ""reading united"", ""start"": ""2026-05-30T23:00:00+00:00"", ""team"": ""Eagle FC"", ""team_key"": ""eagle""}, {""goals_against"": 3.0, ""goals_for"": 0.0, ""home"": false, ""league"": ""USL League Two"", ""opponent"": ""Lehigh Valley United"", ""opponent_key"": ""lehigh valley united"", ""start"": ""2026-05-26T23:00:00+00:00"", ""team"": ""Eagle FC"", ""team_key"": ""eagle""}, {""goals_against"": 1.0, ""goals_for"": 1.0, ""home"": false, ""league"": ""USL League Two"", ""opponent"": ""West Chester United"", ""opponent_key"": ""west chester united"", ""start"": ""2026-05-23T23:00:00+00:00"", ""team"": ""Eagle FC"", ""team_key"": ""eagle""}, {""goals_against"": 5.0, ""goals_for"": 0.0, ""home"": false, ""league"": ""USL League Two"", ""opponent"": ""Lone Star II"", ""opponent_key"": ""lone star 2"", ""start"": ""2026-05-16T20:00:00+00:00"", ""team"": ""Eagle FC"", ""team_key"": ""eagle""}], ""mode"": ""team_form""}","{""away_goals_against_avg"": 2.0, ""away_goals_for_avg"": 1.4, ""away_recent_count"": 5, ""away_team_key"": ""hawks"", ""home_goals_against_avg"": 3.0, ""home_goals_for_avg"": 0.5, ""home_recent_count"": 6, ""home_team_key"": ""eagle"", ""league_overlap_count"": 0, ""merged_sources"": [""sstats_form""], ""provider_odds_hints_count"": 0, ""sstats_mode"": ""team_form"", ""weather_adjustment_applied"": false, ""weather_adjustment_reasons"": [], ""weather_away_team"": ""MT Gravatt Hawks"", ""weather_city"": ""Eagles Mere"", ""weather_condition"": ""Sunny"", ""weather_context_applied"": true, ""weather_country"": ""United States of America"", ""weather_home_team"": ""Yeronga Eagles FC"", ""weather_precip_mm"": 0.0, ""weather_query"": ""Yeronga Eagles FC"", ""weather_source"": ""weatherapi"", ""weather_temp_c"": 11.9, ""weather_total_factor"": 1.0, ""weather_wind_kph"": 6.5}",87f9c5f5c6eea426994a2cf60fe3962781e317ec,1
soccer|adelaide city|western strikes|2026-06-09,sstats,xg_form,2026-06-09T03:07:49.166670+00:00,,,65.0,"{""away_win_probability"": 0.4063, ""expected_away"": 1.235, ""expected_home"": 0.985, ""home_win_probability"": 0.3241}","{""away_recent"": [{""goals_against"": 1.0, ""goals_for"": 2.0, ""home"": false, ""league"": ""South Australia NPL"", ""opponent"": ""West Adelaide"", ""opponent_key"": ""west adelaide"", ""start"": ""2026-05-31T07:15:00+00:00"", ""team"": ""Adelaide City"", ""team_key"": ""adelaide city""}, {""goals_against"": 2.0, ""goals_for"": 2.0, ""home"": true, ""league"": ""South Australia NPL"", ""opponent"": ""FK Beograd"", ""opponent_key"": ""beograd"", ""start"": ""2026-05-23T05:00:00+00:00"", ""team"": ""Adelaide City"", ""team_key"": ""adelaide city""}, {""goals_against"": 0.0, ""goals_for"": 0.0, ""home"": false, ""league"": ""South Australia NPL"", ""opponent"": ""Playford City Patriots"", ""opponent_key"": ""playford city patriots"", ""start"": ""2026-05-16T05:30:00+00:00"", ""team"": ""Adelaide City"", ""team_key"": ""adelaide city""}, {""goals_against"": 1.0, ""goals_for"": 2.0, ""home"": true, ""league"": ""South Australia NPL"", ""opponent"": ""Campbelltown City"", ""opponent_key"": ""campbelltown city"", ""start"": ""2026-05-09T09:30:00+00:00"", ""team"": ""Adelaide City"", ""team_key"": ""adelaide city""}], ""home_recent"": [{""goals_against"": 1.0, ""goals_for"": 0.0, ""home"": false, ""league"": ""Serie D - Girone C"", ""opponent"": ""Clodiense"", ""opponent_key"": ""clodiense"", ""start"": ""2026-05-17T17:00:00+00:00"", ""team"": ""Este"", ""team_key"": ""este""}, {""goals_against"": 2.0, ""goals_for"": 0.0, ""home"": false, ""league"": ""Serie D - Girone C"", ""opponent"": ""Legnago Salus"", ""opponent_key"": ""legnago salus"", ""start"": ""2026-05-17T14:00:00+00:00"", ""team"": ""Este"", ""team_key"": ""este""}, {""goals_against"": 0.0, ""goals_for"": 2.0, ""home"": true, ""league"": ""Serie D - Girone C"", ""opponent"": ""Luparense"", ""opponent_key"": ""luparense"", ""start"": ""2026-05-03T13:00:00+00:00"", ""team"": ""Este"", ""team_key"": ""este""}, {""goals_against"": 1.0, ""goals_for"": 2.0, ""home"": false, ""league"": ""Serie D - Girone C"", ""opponent"": ""Treviso"", ""opponent_key"": ""treviso"", ""start"": ""2026-04-26T13:00:00+00:00"", ""team"": ""Este"", ""team_key"": ""este""}], ""mode"": ""team_form""}","{""away_goals_against_avg"": 1.0, ""away_goals_for_avg"": 1.5, ""away_recent_count"": 4, ""away_team_key"": ""adelaide city"", ""home_goals_against_avg"": 1.0, ""home_goals_for_avg"": 1.0, ""home_recent_count"": 4, ""home_team_key"": ""este"", ""league_overlap_count"": 4, ""provider_odds_hints_count"": 0, ""sstats_mode"": ""team_form""}",1183a0f5d1036177fbd53eb85f79d5ea0b258a1b,1
soccer|adelaide city|western strikes|2026-06-09,weather,weather,2026-06-09T03:07:49.166670+00:00,,,65.8,"{""away_win_probability"": 0.4063, ""expected_away"": 1.0868, ""expected_home"": 0.8668, ""home_win_probability"": 0.3241, ""weather_adjustment_applied"": true, ""weather_adjustment_reasons"": [""wind"", ""severe_rain""], ""weather_away_team"": ""Adelaide City"", ""weather_city"": ""Western"", ""weather_condition"": ""Patchy rain nearby"", ""weather_context_applied"": true, ""weather_country"": ""United States of America"", ""weather_home_team"": ""Western Strikes"", ""weather_precip_mm"": 17.3, ""weather_query"": ""Western Strikes"", ""weather_source"": ""weatherapi"", ""weather_temp_c"": 20.6, ""weather_total_factor"": 0.88, ""weather_wind_kph"": 20.2}","{""away_recent"": [{""goals_against"": 1.0, ""goals_for"": 2.0, ""home"": false, ""league"": ""South Australia NPL"", ""opponent"": ""West Adelaide"", ""opponent_key"": ""west adelaide"", ""start"": ""2026-05-31T07:15:00+00:00"", ""team"": ""Adelaide City"", ""team_key"": ""adelaide city""}, {""goals_against"": 2.0, ""goals_for"": 2.0, ""home"": true, ""league"": ""South Australia NPL"", ""opponent"": ""FK Beograd"", ""opponent_key"": ""beograd"", ""start"": ""2026-05-23T05:00:00+00:00"", ""team"": ""Adelaide City"", ""team_key"": ""adelaide city""}, {""goals_against"": 0.0, ""goals_for"": 0.0, ""home"": false, ""league"": ""South Australia NPL"", ""opponent"": ""Playford City Patriots"", ""opponent_key"": ""playford city patriots"", ""start"": ""2026-05-16T05:30:00+00:00"", ""team"": ""Adelaide City"", ""team_key"": ""adelaide city""}, {""goals_against"": 1.0, ""goals_for"": 2.0, ""home"": true, ""league"": ""South Australia NPL"", ""opponent"": ""Campbelltown City"", ""opponent_key"": ""campbelltown city"", ""start"": ""2026-05-09T09:30:00+00:00"", ""team"": ""Adelaide City"", ""team_key"": ""adelaide city""}], ""home_recent"": [{""goals_against"": 1.0, ""goals_for"": 0.0, ""home"": false, ""league"": ""Serie D - Girone C"", ""opponent"": ""Clodiense"", ""opponent_key"": ""clodiense"", ""start"": ""2026-05-17T17:00:00+00:00"", ""team"": ""Este"", ""team_key"": ""este""}, {""goals_against"": 2.0, ""goals_for"": 0.0, ""home"": false, ""league"": ""Serie D - Girone C"", ""opponent"": ""Legnago Salus"", ""opponent_key"": ""legnago salus"", ""start"": ""2026-05-17T14:00:00+00:00"", ""team"": ""Este"", ""team_key"": ""este""}, {""goals_against"": 0.0, ""goals_for"": 2.0, ""home"": true, ""league"": ""Serie D - Girone C"", ""opponent"": ""Luparense"", ""opponent_key"": ""luparense"", ""start"": ""2026-05-03T13:00:00+00:00"", ""team"": ""Este"", ""team_key"": ""este""}, {""goals_against"": 1.0, ""goals_for"": 2.0, ""home"": false, ""league"": ""Serie D - Girone C"", ""opponent"": ""Treviso"", ""opponent_key"": ""treviso"", ""start"": ""2026-04-26T13:00:00+00:00"", ""team"": ""Este"", ""team_key"": ""este""}], ""mode"": ""team_form""}","{""away_goals_against_avg"": 1.0, ""away_goals_for_avg"": 1.5, ""away_recent_count"": 4, ""away_team_key"": ""adelaide city"", ""home_goals_against_avg"": 1.0, ""home_goals_for_avg"": 1.0, ""home_recent_count"": 4, ""home_team_key"": ""este"", ""league_overlap_count"": 4, ""merged_sources"": [""sstats_form""], ""provider_odds_hints_count"": 0, ""sstats_mode"": ""team_form"", ""weather_adjustment_applied"": true, ""weather_adjustment_reasons"": [""wind"", ""severe_rain""], ""weather_away_team"": ""Adelaide City"", ""weather_city"": ""Western"", ""weather_condition"": ""Patchy rain nearby"", ""weather_context_applied"": true, ""weather_country"": ""United States of America"", ""weather_home_team"": ""Western Strikes"", ""weather_precip_mm"": 17.3, ""weather_query"": ""Western Strikes"", ""weather_source"": ""weatherapi"", ""weather_temp_c"": 20.6, ""weather_total_factor"": 0.88, ""weather_wind_kph"": 20.2}",654569940729de8fbd29c392c08dd28edfb77668,1
soccer|north lakes united|uq|2026-06-09,sstats,xg_form,2026-06-09T03:07:49.166670+00:00,,,62.6,"{""away_win_probability"": 0.5755, ""expected_away"": 1.997, ""expected_home"": 0.653, ""home_win_probability"": 0.1882}","{""away_recent"": [{""goals_against"": 0.0, ""goals_for"": 2.0, ""home"": true, ""league"": ""Tercera División RFEF - Group 18"", ""opponent"": ""Guadalajara II"", ""opponent_key"": ""guadalajara 2"", ""start"": ""2026-05-10T14:30:00+00:00"", ""team"": ""Azuqueca"", ""team_key"": ""azuqueca""}, {""goals_against"": 0.0, ""goals_for"": 4.0, ""home"": false, ""league"": ""Tercera División RFEF - Group 18"", ""opponent"": ""Marchamalo"", ""opponent_key"": ""marchamalo"", ""start"": ""2026-05-03T16:00:00+00:00"", ""team"": ""Azuqueca"", ""team_key"": ""azuqueca""}, {""goals_against"": 1.0, ""goals_for"": 4.0, ""home"": true, ""league"": ""Tercera División RFEF - Group 18"", ""opponent"": ""Sonseca"", ""opponent_key"": ""sonseca"", ""start"": ""2026-04-26T15:00:00+00:00"", ""team"": ""Azuqueca"", ""team_key"": ""azuqueca""}], ""home_recent"": [{""goals_against"": 0.0, ""goals_for"": 1.0, ""home"": true, ""league"": ""I-League - 2nd Division"", ""opponent"": ""Sudeva"", ""opponent_key"": ""sudeva"", ""start"": ""2026-05-09T09:30:00+00:00"", ""team"": ""United"", ""team_key"": ""united""}, {""goals_against"": 1.0, ""goals_for"": 1.0, ""home"": true, ""league"": ""I-League - 2nd Division"", ""opponent"": ""Karbi Anglong Morning Star FC"", ""opponent_key"": ""karbi anglong morning star"", ""start"": ""2026-05-02T09:30:00+00:00"", ""team"": ""United"", ""team_key"": ""united""}, {""goals_against"": 0.0, ""goals_for"": 1.0, ""home"": true, ""league"": ""I-League - 2nd Division"", ""opponent"": ""NEROCA"", ""opponent_key"": ""neroca"", ""start"": ""2026-04-26T09:30:00+00:00"", ""team"": ""United"", ""team_key"": ""united""}], ""mode"": ""team_form""}","{""away_goals_against_avg"": 0.333, ""away_goals_for_avg"": 3.333, ""away_recent_count"": 3, ""away_team_key"": ""azuqueca"", ""home_goals_against_avg"": 0.333, ""home_goals_for_avg"": 1.0, ""home_recent_count"": 3, ""home_team_key"": ""united"", ""league_overlap_count"": 0, ""provider_odds_hints_count"": 0, ""sstats_mode"": ""team_form""}",03a03990dc132ac9ac467b3e3c1d142646a3fb7b,1
soccer|north lakes united|uq|2026-06-09,weather,weather,2026-06-09T03:07:49.166670+00:00,,,62.6,"{""away_win_probability"": 0.5755, ""expected_away"": 1.997, ""expected_home"": 0.653, ""home_win_probability"": 0.1882, ""weather_adjustment_applied"": false, ""weather_adjustment_reasons"": [], ""weather_away_team"": ""UQ FC"", ""weather_city"": ""North Lakes"", ""weather_condition"": ""Cloudy"", ""weather_context_applied"": true, ""weather_country"": ""United States of America"", ""weather_home_team"": ""North Lakes United"", ""weather_precip_mm"": 0.0, ""weather_query"": ""North Lakes United"", ""weather_source"": ""weatherapi"", ""weather_temp_c"": 20.8, ""weather_total_factor"": 1.0, ""weather_wind_kph"": 9.4}","{""away_recent"": [{""goals_against"": 0.0, ""goals_for"": 2.0, ""home"": true, ""league"": ""Tercera División RFEF - Group 18"", ""opponent"": ""Guadalajara II"", ""opponent_key"": ""guadalajara 2"", ""start"": ""2026-05-10T14:30:00+00:00"", ""team"": ""Azuqueca"", ""team_key"": ""azuqueca""}, {""goals_against"": 0.0, ""goals_for"": 4.0, ""home"": false, ""league"": ""Tercera División RFEF - Group 18"", ""opponent"": ""Marchamalo"", ""opponent_key"": ""marchamalo"", ""start"": ""2026-05-03T16:00:00+00:00"", ""team"": ""Azuqueca"", ""team_key"": ""azuqueca""}, {""goals_against"": 1.0, ""goals_for"": 4.0, ""home"": true, ""league"": ""Tercera División RFEF - Group 18"", ""opponent"": ""Sonseca"", ""opponent_key"": ""sonseca"", ""start"": ""2026-04-26T15:00:00+00:00"", ""team"": ""Azuqueca"", ""team_key"": ""azuqueca""}], ""home_recent"": [{""goals_against"": 0.0, ""goals_for"": 1.0, ""home"": true, ""league"": ""I-League - 2nd Division"", ""opponent"": ""Sudeva"", ""opponent_key"": ""sudeva"", ""start"": ""2026-05-09T09:30:00+00:00"", ""team"": ""United"", ""team_key"": ""united""}, {""goals_against"": 1.0, ""goals_for"": 1.0, ""home"": true, ""league"": ""I-League - 2nd Division"", ""opponent"": ""Karbi Anglong Morning Star FC"", ""opponent_key"": ""karbi anglong morning star"", ""start"": ""2026-05-02T09:30:00+00:00"", ""team"": ""United"", ""team_key"": ""united""}, {""goals_against"": 0.0, ""goals_for"": 1.0, ""home"": true, ""league"": ""I-League - 2nd Division"", ""opponent"": ""NEROCA"", ""opponent_key"": ""neroca"", ""start"": ""2026-04-26T09:30:00+00:00"", ""team"": ""United"", ""team_key"": ""united""}], ""mode"": ""team_form""}","{""away_goals_against_avg"": 0.333, ""away_goals_for_avg"": 3.333, ""away_recent_count"": 3, ""away_team_key"": ""azuqueca"", ""home_goals_against_avg"": 0.333, ""home_goals_for_avg"": 1.0, ""home_recent_count"": 3, ""home_team_key"": ""united"", ""league_overlap_count"": 0, ""merged_sources"": [""sstats_form""], ""provider_odds_hints_count"": 0, ""sstats_mode"": ""team_form"", ""weather_adjustment_applied"": false, ""weather_adjustment_reasons"": [], ""weather_away_team"": ""UQ FC"", ""weather_city"": ""North Lakes"", ""weather_condition"": ""Cloudy"", ""weather_context_applied"": true, ""weather_country"": ""United States of America"", ""weather_home_team"": ""North Lakes United"", ""weather_precip_mm"": 0.0, ""weather_query"": ""North Lakes United"", ""weather_source"": ""weatherapi"", ""weather_temp_c"": 20.8, ""weather_total_factor"": 1.0, ""weather_wind_kph"": 9.4}",48a6fea9e05dbed4bc857734ce34118ae1e47e59,1
soccer|al fallah|umm mughad|2026-06-09,sstats,xg_form,2026-06-09T03:07:49.166670+00:00,,,65.0,"{""away_win_probability"": 0.3079, ""expected_away"": 1.15, ""expected_home"": 1.764, ""home_win_probability"": 0.4725}","{""away_recent"": [{""goals_against"": 3.0, ""goals_for"": 1.0, ""home"": true, ""league"": ""Sudani Premier League"", ""opponent"": ""Hay Al Wadi"", ""opponent_key"": ""hay al wadi"", ""start"": ""2026-06-06T13:45:00+00:00"", ""team"": ""Al Fallah"", ""team_key"": ""al fallah""}, {""goals_against"": 3.0, ""goals_for"": 0.0, ""home"": false, ""league"": ""Sudani Premier League"", ""opponent"": ""Hilal El-Fasher"", ""opponent_key"": ""hilal el fasher"", ""start"": ""2026-06-02T13:45:00+00:00"", ""team"": ""Al Fallah"", ""team_key"": ""al fallah""}, {""goals_against"": 2.0, ""goals_for"": 0.0, ""home"": false, ""league"": ""Sudani Premier League"", ""opponent"": ""Al Ahli Wad Medani"", ""opponent_key"": ""al ahli wad medani"", ""start"": ""2026-05-24T13:45:00+00:00"", ""team"": ""Al Fallah"", ""team_key"": ""al fallah""}, {""goals_against"": 3.0, ""goals_for"": 0.0, ""home"": true, ""league"": ""Sudani Premier League"", ""opponent"": ""Al Hilal Port Sudan"", ""opponent_key"": ""al hilal port sudan"", ""start"": ""2026-05-20T13:45:00+00:00"", ""team"": ""Al Fallah"", ""team_key"": ""al fallah""}, {""goals_against"": 4.0, ""goals_for"": 0.0, ""home"": true, ""league"": ""Sudani Premier League"", ""opponent"": ""Al-Hilal Omdurman II"", ""opponent_key"": ""al hilal omdurman 2"", ""start"": ""2026-05-16T13:45:00+00:00"", ""team"": ""Al Fallah"", ""team_key"": ""al fallah""}], ""home_recent"": [{""goals_against"": 2.0, ""goals_for"": 0.0, ""home"": false, ""league"": ""Sudani Premier League"", ""opponent"": ""Al Hilal Port Sudan"", ""opponent_key"": ""al hilal port sudan"", ""start"": ""2026-06-01T13:45:00+00:00"", ""team"": ""Umm Mughad"", ""team_key"": ""umm mughad""}, {""goals_against"": 1.0, ""goals_for"": 2.0, ""home"": true, ""league"": ""Sudani Premier League"", ""opponent"": ""Hilal El-Fasher"", ""opponent_key"": ""hilal el fasher"", ""start"": ""2026-05-28T13:45:00+00:00"", ""team"": ""Umm Mughad"", ""team_key"": ""umm mughad""}, {""goals_against"": 3.0, ""goals_for"": 0.0, ""home"": true, ""league"": ""Sudani Premier League"", ""opponent"": ""Al-Hilal Omdurman II"", ""opponent_key"": ""al hilal omdurman 2"", ""start"": ""2026-05-24T13:45:00+00:00"", ""team"": ""Umm Mughad"", ""team_key"": ""umm mughad""}, {""goals_against"": 5.0, ""goals_for"": 2.0, ""home"": false, ""league"": ""Sudani Premier League"", ""opponent"": ""Al-Merreikh II"", ""opponent_key"": ""al merreikh 2"", ""start"": ""2026-05-20T13:45:00+00:00"", ""team"": ""Umm Mughad"", ""team_key"": ""umm mughad""}], ""mode"": ""team_form""}","{""away_goals_against_avg"": 3.0, ""away_goals_for_avg"": 0.2, ""away_recent_count"": 5, ""away_team_key"": ""al fallah"", ""home_goals_against_avg"": 2.75, ""home_goals_for_avg"": 1.0, ""home_recent_count"": 4, ""home_team_key"": ""umm mughad"", ""league_overlap_count"": 9, ""provider_odds_hints_count"": 0, ""sstats_mode"": ""team_form""}",78b01f65c13bd3ff44fedcd8a49b2e4b23ba2cc6,1
soccer|portugal|serbia|2026-06-09,sstats,xg_form,2026-06-09T03:07:49.166670+00:00,,,65.0,"{""away_win_probability"": 0.4947, ""expected_away"": 1.724, ""expected_home"": 0.941, ""home_win_probability"": 0.27}","{""away_recent"": [{""goals_against"": 0.0, ""goals_for"": 0.0, ""home"": true, ""league"": ""UEFA U19 Championship - Qualification"", ""opponent"": ""Greece U19"", ""opponent_key"": ""greece"", ""start"": ""2026-06-06T15:00:00+00:00"", ""team"": ""Portugal U19"", ""team_key"": ""portugal""}, {""goals_against"": 1.0, ""goals_for"": 1.0, ""home"": true, ""league"": ""UEFA U19 Championship - Qualification"", ""opponent"": ""Kazakhstan U19"", ""opponent_key"": ""kazakhstan"", ""start"": ""2026-06-03T09:00:00+00:00"", ""team"": ""Portugal U19"", ""team_key"": ""portugal""}, {""goals_against"": 1.0, ""goals_for"": 3.0, ""home"": false, ""league"": ""Tournoi Maurice Revello"", ""opponent"": ""Venezuela U20"", ""opponent_key"": ""venezuela"", ""start"": ""2026-06-08T16:30:00+00:00"", ""team"": ""Portugal U20"", ""team_key"": ""portugal""}, {""goals_against"": 1.0, ""goals_for"": 2.0, ""home"": true, ""league"": ""Friendlies"", ""opponent"": ""Chile"", ""opponent_key"": ""chile"", ""start"": ""2026-06-06T17:45:00+00:00"", ""team"": ""Portugal"", ""team_key"": ""portugal""}, {""goals_against"": 0.0, ""goals_for"": 0.0, ""home"": true, ""league"": ""Tournoi Maurice Revello"", ""opponent"": ""Côte d'Ivoire U20"", ""opponent_key"": ""cote d ivoire"", ""start"": ""2026-06-06T16:30:00+00:00"", ""team"": ""Portugal U20"", ""team_key"": ""portugal""}, {""goals_against"": 0.0, ""goals_for"": 4.0, ""home"": true, ""league"": ""Friendlies"", ""opponent"": ""Northern Ireland U21"", ""opponent_key"": ""northern ireland"", ""start"": ""2026-06-03T18:30:00+00:00"", ""team"": ""Portugal U21"", ""team_key"": ""portugal""}, {""goals_against"": 1.0, ""goals_for"": 4.0, ""home"": false, ""league"": ""Tournoi Maurice Revello"", ""opponent"": ""Japan U20"", ""opponent_key"": ""japan"", ""start"": ""2026-06-03T13:00:00+00:00"", ""team"": ""Portugal U20"", ""team_key"": ""portugal""}], ""home_recent"": [{""goals_against"": 3.0, ""goals_for"": 1.0, ""home"": true, ""league"": ""UEFA U19 Championship - Qualification"", ""opponent"": ""Kazakhstan U19"", ""opponent_key"": ""kazakhstan"", ""start"": ""2026-06-06T09:00:00+00:00"", ""team"": ""Serbia U19"", ""team_key"": ""serbia""}, {""goals_against"": 0.0, ""goals_for"": 1.0, ""home"": false, ""league"": ""UEFA U19 Championship - Qualification"", ""opponent"": ""Greece U19"", ""opponent_key"": ""greece"", ""start"": ""2026-06-03T15:00:00+00:00"", ""team"": ""Serbia U19"", ""team_key"": ""serbia""}, {""goals_against"": 0.0, ""goals_for"": 1.0, ""home"": true, ""league"": ""Friendlies"", ""opponent"": ""Romania U17"", ""opponent_key"": ""romania"", ""start"": ""2026-06-02T15:00:00+00:00"", ""team"": ""Serbia U17"", ""team_key"": ""serbia""}, {""goals_against"": 3.0, ""goals_for"": 0.0, ""home"": false, ""league"": ""Friendlies"", ""opponent"": ""Cape Verde Islands"", ""opponent_key"": ""cape verde islands"", ""start"": ""2026-05-31T15:00:00+00:00"", ""team"": ""Serbia"", ""team_key"": ""serbia""}, {""goals_against"": 0.0, ""goals_for"": 3.0, ""home"": true, ""league"": ""Friendlies"", ""opponent"": ""North Macedonia U18"", ""opponent_key"": ""north macedonia"", ""start"": ""2026-04-30T10:00:00+00:00"", ""team"": ""Serbia U18"", ""team_key"": ""serbia""}], ""mode"": ""team_form""}","{""away_goals_against_avg"": 0.571, ""away_goals_for_avg"": 2.0, ""away_recent_count"": 7, ""away_team_key"": ""portugal"", ""home_goals_against_avg"": 1.2, ""home_goals_for_avg"": 1.2, ""home_recent_count"": 5, ""home_team_key"": ""serbia"", ""league_overlap_count"": 4, ""provider_odds_hints_count"": 0, ""sstats_mode"": ""team_form""}",87efbaeb835ad03d081ebb61360dbd135886b879,1
soccer|fard alborz|navad urmia|2026-06-09,sstats,xg_form,2026-06-09T03:07:49.166670+00:00,,,65.0,"{""away_win_probability"": 0.269, ""expected_away"": 0.496, ""expected_home"": 0.527, ""home_win_probability"": 0.2861}","{""away_recent"": [{""goals_against"": 2.0, ""goals_for"": 0.0, ""home"": true, ""league"": ""Azadegan League"", ""opponent"": ""Mes Kerman"", ""opponent_key"": ""mes kerman"", ""start"": ""2026-06-02T13:30:00+00:00"", ""team"": ""Fard Alborz"", ""team_key"": ""fard alborz""}, {""goals_against"": 1.0, ""goals_for"": 0.0, ""home"": false, ""league"": ""Azadegan League"", ""opponent"": ""Naft Bandar Abbas"", ""opponent_key"": ""naft bandar abbas"", ""start"": ""2026-05-27T14:30:00+00:00"", ""team"": ""Fard Alborz"", ""team_key"": ""fard alborz""}, {""goals_against"": 0.0, ""goals_for"": 1.0, ""home"": true, ""league"": ""Azadegan League"", ""opponent"": ""Pars Jonoubi JAM"", ""opponent_key"": ""pars jonoubi jam"", ""start"": ""2026-05-21T13:00:00+00:00"", ""team"": ""Fard Alborz"", ""team_key"": ""fard alborz""}, {""goals_against"": 0.0, ""goals_for"": 0.0, ""home"": false, ""league"": ""Azadegan League"", ""opponent"": ""Shahrdari Noshahr"", ""opponent_key"": ""shahrdari noshahr"", ""start"": ""2026-05-14T13:00:00+00:00"", ""team"": ""Fard Alborz"", ""team_key"": ""fard alborz""}], ""home_recent"": [{""goals_against"": 2.0, ""goals_for"": 0.0, ""home"": false, ""league"": ""Azadegan League"", ""opponent"": ""Havadar"", ""opponent_key"": ""havadar"", ""start"": ""2026-06-02T13:15:00+00:00"", ""team"": ""Navad Urmia"", ""team_key"": ""navad urmia""}, {""goals_against"": 0.0, ""goals_for"": 0.0, ""home"": true, ""league"": ""Azadegan League"", ""opponent"": ""Ario Eslamshahr"", ""opponent_key"": ""ario eslamshahr"", ""start"": ""2026-05-27T13:15:00+00:00"", ""team"": ""Navad Urmia"", ""team_key"": ""navad urmia""}, {""goals_against"": 2.0, ""goals_for"": 0.0, ""home"": false, ""league"": ""Azadegan League"", ""opponent"": ""Nassaji Mazandaran"", ""opponent_key"": ""nassaji mazandaran"", ""start"": ""2026-05-21T13:15:00+00:00"", ""team"": ""Navad Urmia"", ""team_key"": ""navad urmia""}, {""goals_against"": 0.0, ""goals_for"": 1.0, ""home"": true, ""league"": ""Azadegan League"", ""opponent"": ""Shenavarsazi Qeshm"", ""opponent_key"": ""shenavarsazi qeshm"", ""start"": ""2026-05-14T12:30:00+00:00"", ""team"": ""Navad Urmia"", ""team_key"": ""navad urmia""}], ""mode"": ""team_form""}","{""away_goals_against_avg"": 0.75, ""away_goals_for_avg"": 0.25, ""away_recent_count"": 4, ""away_team_key"": ""fard alborz"", ""home_goals_against_avg"": 1.0, ""home_goals_for_avg"": 0.25, ""home_recent_count"": 4, ""home_team_key"": ""navad urmia"", ""league_overlap_count"": 8, ""provider_odds_hints_count"": 0, ""sstats_mode"": ""team_form""}",f978c186b0476bdcb2493535a58b2f1f176ccc54,1
soccer|kyrgyzstan|palestine|2026-06-09,bzzoiro,xg_prediction,2026-06-09T03:07:49.166670+00:00,,,69.25919999999999,"{""away_win_probability"": 0.40700000000000003, ""bzzoiro_draw_probability"": 0.28300000000000003, ""bzzoiro_over25_probability"": 0.612, ""bzzoiro_weather"": {""code"": null, ""description"": null, ""temperature_c"": null, ""wind_speed"": null}, ""expected_away"": 2.15, ""expected_home"": 1.15, ""home_win_probability"": 0.31}","{""comparison"": {""away_team"": ""Palestine"", ""away_team_id"": 692, ""bookmakers_count"": 0, ""event_date"": ""2026-06-09T12:30:00Z"", ""event_id"": 209193, ""home_team"": ""Kyrgyzstan"", ""home_team_id"": 667, ""league_id"": 31, ""league_name"": ""International Friendly Games"", ""markets"": {}, ""total_odds"": 0}, ""event"": {""attendance"": null, ""away_coach_id"": 59, ""away_score"": null, ""away_score_ht"": null, ""away_team"": ""Palestine"", ""away_team_id"": 692, ""current_minute"": null, ""event_date"": ""2026-06-09T12:30:00+00:00"", ""extra_time_score"": null, ""group_name"": null, ""head_to_head"": {""avg_total_goals"": 0.0, ""away_goals"": 0, ""away_win_rate"": 0.0, ""away_wins"": 0, ""draws"": 1, ""home_goals"": 0, ""home_win_rate"": 0.0, ""home_wins"": 0, ""recent_matches"": [{""away"": ""Palestine"", ""date"": ""2026-06-06T14:30:00+00:00"", ""home"": ""Kyrgyzstan"", ""score"": ""0-0""}], ""total_matches"": 1}, ""highlights"": [], ""home_coach_id"": 797, ""home_score"": null, ""home_score_ht"": null, ""home_team"": ""Kyrgyzstan"", ""home_team_id"": 667, ""id"": 209193, ""is_local_derby"": false, ""is_neutral_ground"": false, ""league_id"": 31, ""live_websocket"": false, ""penalty_shootout"": null, ""period"": """", ""pitch_condition"": null, ""referee_id"": null, ""replaced_by"": null, ""round_name"": """", ""round_number"": null, ""season_id"": 133, ""status"": ""notstarted"", ""travel_distance_km"": null, ""venue_id"": 510, ""weather"": {""code"": null, ""description"": null, ""temperature_c"": null, ""wind_speed"": null}}, ""metadata"": {""ai_preview"": {""generated_at"": ""2026-06-09T01:46:20.119896+00:00"", ""text"": ""**These two just can't seem to break the deadlock — they played out a 0-0 snooze three months ago, so naturally they're back for round two.** 🤔 Kyrgyzstan's been a bit of a mess lately (3 draws, 2 losses in their last five), while Palestine actually showed some teeth with wins over Kuwait and drawing with Oman. Home turf might matter here, but neither team exactly screams \""explosive offense.\""\n\nPalestine's got the momentum edge and look sharper in form, though they're missing **W. Abou Ali** to an ACL injury — not ideal when you're trying to build something. Kyrgyzstan's defense held the line last time around, but they've also shipped some goals recently (lost 2-5 to Madagascar at home, yikes). Both teams seem content to grind.\n\nKey storylines:\n\n- **Kyrgyzstan** need to tighten up after leaking goals in recent losses, especially at home where they've been vulnerable\n- **Palestine** carry better form and should probe for openings with **O. Dabbagh** and **T. Seyam** up front\n- The first match was a stalemate; expect similar caution with the missing piece for Palestine complicating their setup\n\nExpected lineups:\n\n- **Kyrgyzstan**: A. Pryadkin, V. Kichin, E. Kenzhebaev, C. Brauzman, K. Merk, E. Zarypbekov, B. Almazbekov, M. Akhmedov, M. K. Bern\n- **Palestine**: R. Hamada, W. Nabhan, M. Termanini, A. Mahajna, A. Kaied, O. Kharoub, A. Jaber, O. Dabbagh\n\nBest picks:\n\n- **Total Goals Over 1.5**: Over 1.5 goals\n\nPrediction: **Palestine 1-0 Kyrgyzstan** — slight lean to the away side's form and composure, though don't be shocked if this stays tight. ⚽""}, ""event_id"": 209193, ""funfacts"": [], ""jerseys"": null}, ""odds"": {""event_id"": 209193, ""odds"": {""away_win"": null, ""btts_no"": null, ""btts_yes"": null, ""draw"": null, ""home_win"": null, ""over_15_goals"": null, ""over_25_goals"": null, ""over_35_goals"": null, ""under_15_goals"": null, ""under_25_goals"": null, ""under_35_goals"": null}}, ""odds_comparison"": {""away_team"": ""Palestine"", ""away_team_id"": 692, ""bookmakers_count"": 0, ""event_date"": ""2026-06-09T12:30:00Z"", ""event_id"": 209193, ""home_team"": ""Kyrgyzstan"", ""home_team_id"": 667, ""league_id"": 31, ""league_name"": ""International Friendly Games"", ""markets"": {}, ""total_odds"": 0}, ""prediction"": {""created_at"": ""2026-06-02T10:52:28Z"", ""event"": {""away_team"": ""Palestine"", ""away_team_id"": 692, ""event_date"": ""2026-06-09T12:30:00Z"", ""home_team"": ""Kyrgyzstan"", ""home_team_id"": 667, ""id"": 209193, ""league_id"": 31, ""league_name"": ""International Friendly Games"", ""status"": ""notstarted""}, ""id"": 4724, ""markets"": {""btts"": {""prob_yes"": 59.2}, ""expected_goals"": {""away"": 2.15, ""home"": 1.15}, ""match_result"": {""predicted"": ""A"", ""prob_away"": 40.7, ""prob_draw"": 28.3, ""prob_home"": 31.0}, ""over_under"": {""prob_over_15"": 80.9, ""prob_over_25"": 61.2, ""prob_over_35"": 41.7}, ""score"": {""most_likely"": ""1-2""}}, ""model"": {""confidence"": 0.4074, ""version"": ""v5.0""}, ""recommendations"": {""bet_favorite"": false, ""btts"": false, ""favorite"": ""A"", ""favorite_prob"": 40.7, ""over_15"": false, ""over_25"": false, ""over_35"": false, ""winner"": false}}, ""stats"": {""average_positions"": {}, ""event_id"": 209193, ""momentum"": [], ""shotmap"": [], ""stats"": {""away"": {""xg"": {""actual"": null}}, ""home"": {""xg"": {""actual"": null}}}, ""xg_per_minute"": []}}","{""bzzoiro_api_version"": ""v2"", ""bzzoiro_comparison_bridge_hints_added"": 0, ""bzzoiro_context_limit_removed"": true, ""bzzoiro_context_sources_used"": {""compact_odds"": true, ""metadata"": true, ""odds_flat_rows"": 0, ""prediction"": true, ""stats"": true}, ""bzzoiro_draw_probability"": 0.28300000000000003, ""bzzoiro_event_id"": 209193, ""bzzoiro_is_local_derby"": false, ""bzzoiro_is_neutral_ground"": false, ""bzzoiro_match_quality"": ""exact"", ""bzzoiro_over25_probability"": 0.612, ""bzzoiro_prediction_confidence"": 0.4074, ""bzzoiro_status"": ""notstarted"", ""bzzoiro_travel_distance_km"": null, ""bzzoiro_v2_comparison_hints_added"": 0, ""bzzoiro_v2_odds_comparison_attached"": true, ""bzzoiro_v2_odds_comparison_event_id"": ""209193"", ""bzzoiro_v2_source_matrix_patch"": true, ""bzzoiro_weather"": {""code"": null, ""description"": null, ""temperature_c"": null, ""wind_speed"": null}, ""provider_metric_hints"": {""favorite"": ""A"", ""is_local_derby"": false, ""is_neutral_ground"": false, ""model_version"": ""v5.0"", ""prob_draw"": 0.283, ""prob_over_1_5"": 0.809, ""prob_over_2_5"": 0.612, ""prob_over_3_5"": 0.417, ""provider_confidence"": 0.4074}, ""provider_metric_hints_count"": 9, ""provider_odds_hints"": [], ""provider_odds_hints_count"": 0, ""source_tokens"": [""bzzoiro""]}",51819104e7d82a3d9a8c767daf3e86feb0787277,1
soccer|kyrgyzstan|palestine|2026-06-09,sstats,xg_form,2026-06-09T03:07:49.166670+00:00,,,48.0,"{""away_win_probability"": 0.4073998896825366, ""expected_away"": 2.15, ""expected_home"": 1.15, ""favorite_prob"": 0.4073998896825366, ""home_win_probability"": 0.3100158802926923, ""prob_btts_yes"": 0.5924093926640158, ""prob_draw"": 0.282584230024771, ""prob_over_1_5"": 0.809163703730261, ""prob_over_2_5"": 0.6119956623705501, ""prob_over_3_5"": 0.41692937729059826}","{""btts_recommend"": false, ""confidence"": 40.73998896825366, ""created_at"": ""2026-06-02T10:52:28.671890Z"", ""event"": {""actual_away_xg"": null, ""actual_home_xg"": null, ""ai_preview"": {""generated_at"": ""2026-06-08T12:45:55.151753+00:00"", ""text"": ""**A rematch between two sides that just couldn't break through each other** — Kyrgyzstan and Palestine meet again after a goalless draw, and this time someone's got to find the back of the net. 🔥\n\nKyrgyzstan's form is rough: three draws mixed with heavy losses, including a 2-5 humbling at home to Madagascar. Palestine's doing better overall (2W 2D 1L), fresh off wins over Kuwait and earlier success, but they're missing **W. Abou Ali** through an ACL injury — a real blow to their squad depth.\n\nKey storylines:\n\n- **Palestine's attacking depth** will be tested without **W. Abou Ali** sidelined, forcing **O. Dabbagh** and **Z. Qunbar** to carry more load upfront\n- **Kyrgyzstan's defensive wobbles** at home make them vulnerable; **A. Pryadkin** needs a sharp display to avoid another meltdown\n- Both sides showed they can be cagey (the 0-0 was their last meeting), but Palestine's better recent form suggests they're primed to break that trend\n\nExpected lineups:\n\n- **Kyrgyzstan**: A. Pryadkin, V. Kichin, E. Kenzhebaev, C. Brauzman, K. Merk, K. Z. uulu, E. Zarypbekov, B. Almazbekov, M. Akhmedov, M. K. Bern, N. Stalbekov\n- **Palestine**: R. Hamada, W. Nabhan, M. Termanini, A. Mahajna, M. Al Battat, A. Kaied, O. Kharoub, A. Jaber, T. Seyam, O. Dabbagh, Z. Qunbar\n\nBest picks:\n\n- **Total Goals 1.5**: Over 1.5 goals\n\nPrediction:\n\n**Palestine 2–1 Kyrgyzstan**. Slight lean to the away side; they've got the form edge and should finally end the stalemate. ⚽""}, ""attendance"": null, ""average_positions"": null, ""away_coach"": {""country"": ""Palestine"", ""defensive_line"": """", ""id"": 59, ""name"": ""Ihab Abujazar"", ""preferred_formation"": ""4-4-2"", ""pressing_intensity"": null, ""profile"": ""balanced"", ""short_name"": ""I. Abujazar"", ""top_styles"": []}, ""away_score"": null, ""away_score_ht"": null, ""away_team"": ""Palestine"", ""away_team_obj"": {""coach"": {""name"": ""Ihab Abujazar"", ""shortName"": ""I. Abujazar""}, ""country"": ""Palestine"", ""id"": 692, ""name"": ""Palestine"", ""short_name"": ""Palestine"", ""venue"": {""capacity"": 12500, ""city"": ""Al-Ram"", ""country"": ""Palestine"", ""id"": 519, ""name"": ""Faisal al-Husseini International Stadium""}}, ""away_xg_live"": null, ""current_minute"": null, ""event_date"": ""2026-06-09T12:30:00Z"", ""extra_time_score"": null, ""funfacts"": null, ""group_name"": null, ""home_coach"": null, ""home_score"": null, ""home_score_ht"": null, ""home_team"": ""Kyrgyzstan"", ""home_team_obj"": {""coach"": {""name"": ""Robert Prosinečki"", ""shortName"": ""R. Prosinečki""}, ""country"": ""Kyrgyzstan"", ""id"": 667, ""name"": ""Kyrgyzstan"", ""short_name"": ""Kyrgyzstan"", ""venue"": {""capacity"": 23000, ""city"": ""Bishkek"", ""country"": ""Kyrgyzstan"", ""id"": 510, ""name"": ""Dolen Omurzakov Stadium""}}, ""home_xg_live"": null, ""id"": 209433, ""incidents"": null, ""is_local_derby"": null, ""is_neutral_ground"": null, ""jerseys"": null, ""league"": {""country"": ""International"", ""current_season"": {""end_date"": ""2026-12-31"", ""id"": 133, ""name"": ""Int. Friendly Games 2026"", ""start_date"": ""2026-01-01"", ""year"": 2026}, ""id"": 31, ""is_women"": false, ""name"": ""International Friendly Games""}, ""lineups"": null, ""live_stats"": null, ""live_websocket"": false, ""momentum"": null, ""odds_away"": null, ""odds_btts_no"": null, ""odds_btts_yes"": null, ""odds_draw"": null, ""odds_home"": null, ""odds_over_15"": null, ""odds_over_25"": null, ""odds_over_35"": null, ""odds_under_15"": null, ""odds_under_25"": null, ""odds_under_35"": null, ""penalty_shootout"": null, ""period"": """", ""pitch_condition"": null, ""referee"": null, ""round_name"": """", ""round_number"": null, ""season"": {""id"": 133, ""name"": ""Int. Friendly Games 2026"", ""year"": 2026}, ""shotmap"": null, ""sr_stats"": null, ""status"": ""notstarted"", ""temperature_c"": null, ""travel_distance_km"": null, ""unavailable_players"": null, ""venue"": {""built_year"": null, ""capacity"": 23000, ""city"": ""Bishkek"", ""country"": ""Kyrgyzstan"", ""id"": 510, ""latitude"": null, ""longitude"": null, ""name"": ""Dolen Omurzakov Stadium"", ""pitch_x"": null, ""pitch_y"": null}, ""weather_code"": null, ""wind_speed"": null, ""xg_per_minute"": null}, ""expected_away_goals"": 2.15, ""expected_home_goals"": 1.15, ""favorite"": ""A"", ""favorite_prob"": 40.73998896825366, ""favorite_recommend"": false, ""id"": 4723, ""model_version"": ""v5.0"", ""most_likely_score"": ""1-2"", ""over_15_recommend"": false, ""over_25_recommend"": false, ""over_35_recommend"": false, ""predicted_result"": ""A"", ""prob_away_win"": 40.73998896825366, ""prob_btts_yes"": 59.24093926640158, ""prob_draw"": 28.2584230024771, ""prob_home_win"": 31.00158802926923, ""prob_over_15"": 80.9163703730261, ""prob_over_25"": 61.199566237055016, ""prob_over_35"": 41.69293772905983, ""winner_recommend"": false}","{""favorite"": ""A"", ""favorite_prob"": 0.4073998896825366, ""match_quality"": ""exact"", ""model_version"": ""v5.0"", ""most_likely_score"": ""1-2"", ""prediction_age_hours"": 160.3, ""prediction_created_at"": ""2026-06-02T10:52:28.671890Z"", ""prob_btts_yes"": 0.5924093926640158, ""prob_draw"": 0.282584230024771, ""prob_over_1_5"": 0.809163703730261, ""prob_over_2_5"": 0.6119956623705501, ""prob_over_3_5"": 0.41692937729059826, ""provider_confidence"": 0.4073998896825366, ""provider_confidence_pct"": 40.74, ""provider_metric_hints"": {""expected_away_goals"": 2.15, ""expected_home_goals"": 1.15, ""expected_total_goals"": 3.3, ""favorite"": ""A"", ""model_version"": ""v5.0"", ""most_likely_score"": ""1-2"", ""prob_away_win"": 0.4074, ""prob_btts_yes"": 0.59241, ""prob_draw"": 0.28258, ""prob_home_win"": 0.31002, ""prob_over_1_5"": 0.80916, ""prob_over_2_5"": 0.612, ""prob_over_3_5"": 0.41693, ""provider_confidence"": 0.4073998896825366}, ""provider_metric_hints_count"": 14, ""provider_odds_hints_count"": 0, ""sstats_deep_endpoint_count"": 3, ""sstats_deep_endpoints"": {""game_id"": ""4723"", ""glicko"": {""data"": null, ""message"": ""Для данного матча отсутствует Glicko аналитика"", ""status"": ""error"", ""traceId"": ""00-bd84d608eb1dc09f63946df2dacca00b-c080a47f3012b5e4-00""}, ""injuries"": {""count"": 0, ""data"": [], ""status"": ""OK"", ""traceId"": ""00-e9f9ae0c556a337568a456c0aff169a1-09a277baf4cdd6e5-00""}, ""last_games_stats"": {""away"": {""avgCards"": null, ""avgCardsOpp"": null, ""avgConceded"": 1.0029907, ""avgCorners"": null, ""avgCornersOpp"": null, ""avgDrawOdds"": 3.380309, ""avgLoseOdds"": 3.7594995, ""avgOddsXg"": 1.3033186, ""avgOddsXgConceded"": 0.9318229, ""avgOffsides"": null, ""avgOffsidesOpp"": null, ""avgOppShots"": null, ""avgScore"": 1.64216, ""avgShots"": null, ""avgWinOdds"": 2.238947, ""draws"": 4, ""gamesCount"": 25, ""loses"": 7, ""maeOddsXg"": 0.33884144, ""maeOddsXgConceded"": 0.07116783, ""profits"": {""drawProfit"": -10.25, ""loseNoBet"": -6.660001, ""loseOrDrawProfit"": -5.29, ""loseProfit"": -4.5699997, ""winNoBet"": 0.37000012, ""winOrDrawProfit"": -1.7900001, ""winOrLoseProfit"": 3.1099997, ""winProfit"": 4.74}, ""rmseXg"": 1.3355442, ""rmseXgConceded"": 0.9242646, ""wins"": 14}, ""home"": {""avgCards"": null, ""avgCardsOpp"": null, ""avgConceded"": 1.9259188, ""avgCorners"": null, ""avgCornersOpp"": null, ""avgDrawOdds"": 3.6120608, ""avgLoseOdds"": 1.7286193, ""avgOddsXg"": 0.7299086, ""avgOddsXgConceded"": 1.5331877, ""avgOffsides"": null, ""avgOffsidesOpp"": null, ""avgOppShots"": null, ""avgScore"": 0.678169, ""avgShots"": null, ""avgWinOdds"": 5.24132, ""draws"": 5, ""gamesCount"": 25, ""loses"": 15, ""maeOddsXg"": 0.051739573, ""maeOddsXgConceded"": 0.39273107, ""profits"": {""drawProfit"": -6.45, ""loseNoBet"": 0.060000062, ""loseOrDrawProfit"": -0.26000023, ""loseProfit"": 1.52, ""winNoBet"": -4.25, ""winOrDrawProfit"": -4.539999, ""winOrLoseProfit"": 0.67999995, ""winProfit"": -2.6499996}, ""rmseXg"": 0.82277006, ""rmseXgConceded"": 1.3851327, ""wins"": 5}}}, ""sstats_mode"": ""bzzoiro_prediction""}",3ce58c45e6d3cc8d404188c600c95bc54234bc84,1
soccer|kyrgyzstan|palestine|2026-06-09,thesportsdb,team_profile,2026-06-09T03:07:49.166670+00:00,,,57.0,"{""away_form"": 0.765, ""away_ppg"": 2.235, ""away_rank"": 1.0, ""away_win_probability"": 0.35922823529411757, ""expected_away"": 1.5952941176470588, ""expected_home"": 1.4923529411764704, ""home_form"": 0.665, ""home_ppg"": 1.918, ""home_win_probability"": 0.39282352941176474, ""thesportsdb_away_form_score"": 0.765, ""thesportsdb_away_ppg"": 2.235, ""thesportsdb_away_rank"": 1.0, ""thesportsdb_draw_probability"": 0.24794823529411764, ""thesportsdb_home_form_score"": 0.665, ""thesportsdb_home_ppg"": 1.918}","{""away_row"": {""dateUpdated"": ""2026-06-08 23:02:05"", ""idLeague"": ""4334"", ""idStanding"": ""9720664"", ""idTeam"": ""133714"", ""intDraw"": ""4"", ""intGoalDifference"": ""45"", ""intGoalsAgainst"": ""29"", ""intGoalsFor"": ""74"", ""intLoss"": ""6"", ""intPlayed"": ""34"", ""intPoints"": ""76"", ""intRank"": ""1"", ""intWin"": ""24"", ""strBadge"": ""https://r2.thesportsdb.com/images/media/team/badge/rwqrrq1473504808.png/tiny"", ""strDescription"": ""Champions League"", ""strForm"": ""LWWDW"", ""strLeague"": ""French Ligue 1"", ""strSeason"": ""2025-2026"", ""strTeam"": ""Paris Saint-Germain""}, ""home_row"": {""intDraw"": ""5.2"", ""intGoalsAgainst"": ""37.2"", ""intGoalsFor"": ""61.6"", ""intLoss"": ""8.8"", ""intPlayed"": ""34.0"", ""intPoints"": ""65.2"", ""intWin"": ""20.0"", ""strTeam"": ""League Average""}}","{""away_form"": 0.765, ""away_ga_pg"": 0.853, ""away_gf_pg"": 2.176, ""away_ppg"": 2.235, ""away_rank"": 1.0, ""home_form"": 0.665, ""home_ga_pg"": 1.094, ""home_gf_pg"": 1.812, ""home_ppg"": 1.918, ""home_rank"": null, ""thesportsdb_away_form_score"": 0.765, ""thesportsdb_away_ga_pg"": 0.853, ""thesportsdb_away_gf_pg"": 2.176, ""thesportsdb_away_ppg"": 2.235, ""thesportsdb_away_rank"": 1.0, ""thesportsdb_draw_probability"": 0.24794823529411764, ""thesportsdb_home_form_score"": 0.665, ""thesportsdb_home_ga_pg"": 1.094, ""thesportsdb_home_gf_pg"": 1.812, ""thesportsdb_home_ppg"": 1.918, ""thesportsdb_home_rank"": null, ""thesportsdb_partial_context"": true}",a18ec7ee9ed0c65c745cc11ad43de2012001fea5,1
soccer|cambodia|hong kong|2026-06-09,bzzoiro,xg_prediction,2026-06-09T03:07:49.166670+00:00,,,69.44,"{""away_win_probability"": 0.287, ""bzzoiro_draw_probability"": 0.28300000000000003, ""bzzoiro_over25_probability"": 0.483, ""bzzoiro_weather"": {""code"": null, ""description"": null, ""temperature_c"": null, ""wind_speed"": null}, ""expected_away"": 1.3, ""expected_home"": 1.3, ""home_win_probability"": 0.43}","{""comparison"": {""away_team"": ""Hong Kong"", ""away_team_id"": 2251, ""bookmakers_count"": 0, ""event_date"": ""2026-06-09T10:00:00Z"", ""event_id"": 207905, ""home_team"": ""Cambodia"", ""home_team_id"": 2254, ""league_id"": 31, ""league_name"": ""International Friendly Games"", ""markets"": {}, ""total_odds"": 0}, ""event"": {""attendance"": null, ""away_coach_id"": 1797, ""away_score"": null, ""away_score_ht"": null, ""away_team"": ""Hong Kong"", ""away_team_id"": 2251, ""current_minute"": null, ""event_date"": ""2026-06-09T10:00:00+00:00"", ""extra_time_score"": null, ""group_name"": null, ""head_to_head"": null, ""highlights"": [], ""home_coach_id"": 1668, ""home_score"": null, ""home_score_ht"": null, ""home_team"": ""Cambodia"", ""home_team_id"": 2254, ""id"": 207905, ""is_local_derby"": false, ""is_neutral_ground"": false, ""league_id"": 31, ""live_websocket"": true, ""penalty_shootout"": null, ""period"": """", ""pitch_condition"": null, ""referee_id"": null, ""replaced_by"": null, ""round_name"": """", ""round_number"": null, ""season_id"": 133, ""status"": ""notstarted"", ""travel_distance_km"": null, ""venue_id"": 1528, ""weather"": {""code"": null, ""description"": null, ""temperature_c"": null, ""wind_speed"": null}}, ""metadata"": {""ai_preview"": {""generated_at"": ""2026-06-09T01:45:41.032072+00:00"", ""text"": ""**Cambodia welcomes Hong Kong to Phnom Penh with serious home-field advantage** — the hosts have just demolished Bhutan 4-0 and are playing in front of their own crowd. Hong Kong, meanwhile, are wobbling after three losses in their last five, including a 4-2 drubbing to Iran. 🔥\n\nCambodia's attack has teeth when they get rolling; Hong Kong's defense has been leaky. The visitors do have a win over Mongolia on the board, but inconsistency is their calling card right now. This is textbook home-favorite territory.\n\nKey storylines:\n\n- **Cambodia's attacking trio** of A. K. Coulibaly, H. Soknet, and Y. Devit will look to punish a shaky Hong Kong back line\n- **Hong Kong need C. Wu and E. Camargo** to spark something in midfield and up top — they've been largely quiet in recent matches\n- Home advantage at **Phnom Penh National Olympic Stadium** should tilt the balance toward the hosts\n\nExpected lineups:\n\n- **Cambodia**: D. Vireak, S. Ouk, B. Taing, I. Vakhim, L. Nora, P. Sokha, S. Chanthea, S. Rotana, A. K. Coulibaly, H. Soknet, Y. Devit\n- **Hong Kong**: K. Tse, O. Gerbig, S. Chan, T. Yue, V. Nuñez, C. Tan, C. Philip, C. Wu, E. Camargo, M. Orr, Juninho\n\nPrediction:\n\n**Cambodia 2–0 Hong Kong**. The model backs the hosts; expect a comfortable evening in front of home support. 🏠""}, ""event_id"": 207905, ""funfacts"": [], ""jerseys"": {""away"": {""GK"": {""base"": ""89e8fb"", ""number"": ""ffffff"", ""real"": true, ""sleeve"": ""89e8fb"", ""type"": ""short_sleeves""}, ""player"": {""base"": ""cc0000"", ""number"": ""ffffff"", ""real"": true, ""sleeve"": ""1c1c1c"", ""type"": ""short_sleeves""}}, ""home"": {""GK"": {""base"": ""ff0032"", ""number"": ""fdfcfc"", ""real"": true, ""sleeve"": ""223159"", ""type"": ""short_sleeves""}, ""player"": {""base"": ""0a2ebd"", ""number"": ""ffffff"", ""real"": true, ""sleeve"": ""19326d"", ""type"": ""short_sleeves""}}}}, ""odds"": {""event_id"": 207905, ""odds"": {""away_win"": null, ""btts_no"": null, ""btts_yes"": null, ""draw"": null, ""home_win"": null, ""over_15_goals"": null, ""over_25_goals"": null, ""over_35_goals"": null, ""under_15_goals"": null, ""under_25_goals"": null, ""under_35_goals"": null}}, ""odds_comparison"": {""away_team"": ""Hong Kong"", ""away_team_id"": 2251, ""bookmakers_count"": 0, ""event_date"": ""2026-06-09T10:00:00Z"", ""event_id"": 207905, ""home_team"": ""Cambodia"", ""home_team_id"": 2254, ""league_id"": 31, ""league_name"": ""International Friendly Games"", ""markets"": {}, ""total_odds"": 0}, ""prediction"": {""created_at"": ""2026-06-02T10:52:27Z"", ""event"": {""away_team"": ""Hong Kong"", ""away_team_id"": 2251, ""event_date"": ""2026-06-09T10:00:00Z"", ""home_team"": ""Cambodia"", ""home_team_id"": 2254, ""id"": 207905, ""league_id"": 31, ""league_name"": ""International Friendly Games"", ""status"": ""notstarted""}, ""id"": 4720, ""markets"": {""btts"": {""prob_yes"": 45.1}, ""expected_goals"": {""away"": 1.3, ""home"": 1.3}, ""match_result"": {""predicted"": ""H"", ""prob_away"": 28.7, ""prob_draw"": 28.3, ""prob_home"": 43.0}, ""over_under"": {""prob_over_15"": 70.8, ""prob_over_25"": 48.3, ""prob_over_35"": 29.5}, ""score"": {""most_likely"": ""1-1""}}, ""model"": {""confidence"": 0.43, ""version"": ""v5.0""}, ""recommendations"": {""bet_favorite"": false, ""btts"": false, ""favorite"": ""H"", ""favorite_prob"": 43.0, ""over_15"": false, ""over_25"": false, ""over_35"": false, ""winner"": false}}, ""stats"": {""average_positions"": {}, ""event_id"": 207905, ""momentum"": [], ""shotmap"": [], ""stats"": {""away"": {""xg"": {""actual"": null}}, ""home"": {""xg"": {""actual"": null}}}, ""xg_per_minute"": []}}","{""bzzoiro_api_version"": ""v2"", ""bzzoiro_comparison_bridge_hints_added"": 0, ""bzzoiro_context_limit_removed"": true, ""bzzoiro_context_sources_used"": {""compact_odds"": true, ""metadata"": true, ""odds_flat_rows"": 0, ""prediction"": true, ""stats"": true}, ""bzzoiro_draw_probability"": 0.28300000000000003, ""bzzoiro_event_id"": 207905, ""bzzoiro_is_local_derby"": false, ""bzzoiro_is_neutral_ground"": false, ""bzzoiro_match_quality"": ""exact"", ""bzzoiro_over25_probability"": 0.483, ""bzzoiro_prediction_confidence"": 0.43, ""bzzoiro_status"": ""notstarted"", ""bzzoiro_travel_distance_km"": null, ""bzzoiro_v2_comparison_hints_added"": 0, ""bzzoiro_v2_odds_comparison_attached"": true, ""bzzoiro_v2_odds_comparison_event_id"": ""207905"", ""bzzoiro_v2_source_matrix_patch"": true, ""bzzoiro_weather"": {""code"": null, ""description"": null, ""temperature_c"": null, ""wind_speed"": null}, ""provider_metric_hints"": {""favorite"": ""H"", ""is_local_derby"": false, ""is_neutral_ground"": false, ""model_version"": ""v5.0"", ""prob_draw"": 0.283, ""prob_over_1_5"": 0.708, ""prob_over_2_5"": 0.483, ""prob_over_3_5"": 0.295, ""provider_confidence"": 0.43}, ""provider_metric_hints_count"": 9, ""provider_odds_hints"": [], ""provider_odds_hints_count"": 0, ""source_tokens"": [""bzzoiro""]}",c199f47dd3edac9a421e148ecdc890c40d4768cd,1
soccer|cambodia|hong kong|2026-06-09,openligadb,fixture_results,2026-06-09T03:07:49.166670+00:00,,,63.0,"{""away_win_probability"": 0.0623, ""clubelo_draw_probability"": 0.19, ""expected_away"": 0.791, ""expected_home"": 1.657, ""home_win_probability"": 0.7477}","{""away_rating"": {""Club"": ""Haecken"", ""Country"": ""SWE"", ""Elo"": ""1383.41943359"", ""From"": ""2026-06-01"", ""Level"": ""1"", ""Rank"": ""None"", ""To"": ""2026-06-10""}, ""home_rating"": {""Club"": ""Como"", ""Country"": ""ITA"", ""Elo"": ""1760.02868652"", ""From"": ""2026-05-25"", ""Level"": ""1"", ""Rank"": ""37"", ""To"": ""2026-06-10""}}","{""away_rating"": 1383.4, ""clubelo_away_elo"": 1383.4, ""clubelo_draw_probability"": 0.19, ""clubelo_elo_diff_home_adv"": 431.6, ""clubelo_home_elo"": 1760.0, ""home_rating"": 1760.0}",cbfc754d8dff621fc15d7271c043a4e7604abe27,1
soccer|cambodia|hong kong|2026-06-09,sstats,xg_form,2026-06-09T03:07:49.166670+00:00,,,48.0,"{""away_win_probability"": 0.2868763319999336, ""expected_away"": 1.3, ""expected_home"": 1.3, ""favorite_prob"": 0.4299980565050066, ""home_win_probability"": 0.4299980565050066, ""prob_btts_yes"": 0.45091302427059204, ""prob_draw"": 0.2831256114950597, ""prob_over_1_5"": 0.7084296766388227, ""prob_over_2_5"": 0.4828989047367422, ""prob_over_3_5"": 0.2948088102651801}","{""btts_recommend"": false, ""confidence"": 42.99980565050066, ""created_at"": ""2026-06-02T10:52:27.546436Z"", ""event"": {""actual_away_xg"": null, ""actual_home_xg"": null, ""ai_preview"": {""generated_at"": ""2026-06-09T01:45:41.032072+00:00"", ""text"": ""**Cambodia welcomes Hong Kong to Phnom Penh with serious home-field advantage** — the hosts have just demolished Bhutan 4-0 and are playing in front of their own crowd. Hong Kong, meanwhile, are wobbling after three losses in their last five, including a 4-2 drubbing to Iran. 🔥\n\nCambodia's attack has teeth when they get rolling; Hong Kong's defense has been leaky. The visitors do have a win over Mongolia on the board, but inconsistency is their calling card right now. This is textbook home-favorite territory.\n\nKey storylines:\n\n- **Cambodia's attacking trio** of A. K. Coulibaly, H. Soknet, and Y. Devit will look to punish a shaky Hong Kong back line\n- **Hong Kong need C. Wu and E. Camargo** to spark something in midfield and up top — they've been largely quiet in recent matches\n- Home advantage at **Phnom Penh National Olympic Stadium** should tilt the balance toward the hosts\n\nExpected lineups:\n\n- **Cambodia**: D. Vireak, S. Ouk, B. Taing, I. Vakhim, L. Nora, P. Sokha, S. Chanthea, S. Rotana, A. K. Coulibaly, H. Soknet, Y. Devit\n- **Hong Kong**: K. Tse, O. Gerbig, S. Chan, T. Yue, V. Nuñez, C. Tan, C. Philip, C. Wu, E. Camargo, M. Orr, Juninho\n\nPrediction:\n\n**Cambodia 2–0 Hong Kong**. The model backs the hosts; expect a comfortable evening in front of home support. 🏠""}, ""attendance"": null, ""average_positions"": null, ""away_coach"": {""country"": ""Hong Kong"", ""defensive_line"": """", ""id"": 1797, ""name"": ""Roberto Losada Rodriguez"", ""preferred_formation"": ""4-3-3"", ""pressing_intensity"": null, ""profile"": ""balanced"", ""short_name"": ""R. L. Rodriguez"", ""top_styles"": []}, ""away_score"": null, ""away_score_ht"": null, ""away_team"": ""Hong Kong"", ""away_team_obj"": {""coach"": {""name"": ""Roberto Losada Rodriguez"", ""shortName"": ""R. L. Rodriguez""}, ""country"": ""Hong Kong"", ""id"": 2251, ""name"": ""Hong Kong"", ""short_name"": ""Hong Kong"", ""venue"": null}, ""away_xg_live"": null, ""current_minute"": null, ""event_date"": ""2026-06-09T10:00:00Z"", ""extra_time_score"": null, ""funfacts"": null, ""group_name"": null, ""home_coach"": {""country"": ""Japan"", ""defensive_line"": """", ""id"": 1668, ""name"": ""Koji Gyotoku"", ""preferred_formation"": ""3-4-3"", ""pressing_intensity"": null, ""profile"": ""defensive"", ""short_name"": ""K. Gyotoku"", ""top_styles"": []}, ""home_score"": null, ""home_score_ht"": null, ""home_team"": ""Cambodia"", ""home_team_obj"": {""coach"": {""name"": ""Koji Gyotoku"", ""shortName"": ""K. Gyotoku""}, ""country"": ""Cambodia"", ""id"": 2254, ""name"": ""Cambodia"", ""short_name"": ""Cambodia"", ""venue"": null}, ""home_xg_live"": null, ""id"": 207905, ""incidents"": null, ""is_local_derby"": false, ""is_neutral_ground"": null, ""jerseys"": {""away"": {""GK"": {""base"": ""89e8fb"", ""number"": ""ffffff"", ""real"": true, ""sleeve"": ""89e8fb"", ""type"": ""short_sleeves""}, ""player"": {""base"": ""cc0000"", ""number"": ""ffffff"", ""real"": true, ""sleeve"": ""1c1c1c"", ""type"": ""short_sleeves""}}, ""home"": {""GK"": {""base"": ""ff0032"", ""number"": ""fdfcfc"", ""real"": true, ""sleeve"": ""223159"", ""type"": ""short_sleeves""}, ""player"": {""base"": ""0a2ebd"", ""number"": ""ffffff"", ""real"": true, ""sleeve"": ""19326d"", ""type"": ""short_sleeves""}}}, ""league"": {""country"": ""International"", ""current_season"": {""end_date"": ""2026-12-31"", ""id"": 133, ""name"": ""Int. Friendly Games 2026"", ""start_date"": ""2026-01-01"", ""year"": 2026}, ""id"": 31, ""is_women"": false, ""name"": ""International Friendly Games""}, ""lineups"": null, ""live_stats"": null, ""live_websocket"": true, ""momentum"": null, ""odds_away"": null, ""odds_btts_no"": null, ""odds_btts_yes"": null, ""odds_draw"": null, ""odds_home"": null, ""odds_over_15"": null, ""odds_over_25"": null, ""odds_over_35"": null, ""odds_under_15"": null, ""odds_under_25"": null, ""odds_under_35"": null, ""penalty_shootout"": null, ""period"": """", ""pitch_condition"": null, ""referee"": null, ""round_name"": """", ""round_number"": null, ""season"": {""id"": 133, ""name"": ""Int. Friendly Games 2026"", ""year"": 2026}, ""shotmap"": null, ""sr_stats"": null, ""status"": ""notstarted"", ""temperature_c"": null, ""travel_distance_km"": null, ""unavailable_players"": null, ""venue"": {""built_year"": null, ""capacity"": 50000, ""city"": ""Phnom Penh"", ""country"": ""Cambodia"", ""id"": 1528, ""latitude"": null, ""longitude"": null, ""name"": ""Phnom Penh National Olympic Stadium"", ""pitch_x"": null, ""pitch_y"": null}, ""weather_code"": null, ""wind_speed"": null, ""xg_per_minute"": null}, ""expected_away_goals"": 1.3, ""expected_home_goals"": 1.3, ""favorite"": ""H"", ""favorite_prob"": 42.99980565050066, ""favorite_recommend"": false, ""id"": 4720, ""model_version"": ""v5.0"", ""most_likely_score"": ""1-1"", ""over_15_recommend"": false, ""over_25_recommend"": false, ""over_35_recommend"": false, ""predicted_result"": ""H"", ""prob_away_win"": 28.68763319999336, ""prob_btts_yes"": 45.091302427059205, ""prob_draw"": 28.31256114950597, ""prob_home_win"": 42.99980565050066, ""prob_over_15"": 70.84296766388228, ""prob_over_25"": 48.28989047367422, ""prob_over_35"": 29.48088102651801, ""winner_recommend"": false}","{""favorite"": ""H"", ""favorite_prob"": 0.4299980565050066, ""match_quality"": ""exact"", ""model_version"": ""v5.0"", ""most_likely_score"": ""1-1"", ""prediction_age_hours"": 160.3, ""prediction_created_at"": ""2026-06-02T10:52:27.546436Z"", ""prob_btts_yes"": 0.45091302427059204, ""prob_draw"": 0.2831256114950597, ""prob_over_1_5"": 0.7084296766388227, ""prob_over_2_5"": 0.4828989047367422, ""prob_over_3_5"": 0.2948088102651801, ""provider_confidence"": 0.4299980565050066, ""provider_confidence_pct"": 43.0, ""provider_metric_hints"": {""expected_away_goals"": 1.3, ""expected_home_goals"": 1.3, ""expected_total_goals"": 2.6, ""favorite"": ""H"", ""is_local_derby"": false, ""model_version"": ""v5.0"", ""most_likely_score"": ""1-1"", ""prob_away_win"": 0.28688, ""prob_btts_yes"": 0.45091, ""prob_draw"": 0.28313, ""prob_home_win"": 0.43, ""prob_over_1_5"": 0.70843, ""prob_over_2_5"": 0.4829, ""prob_over_3_5"": 0.29481, ""provider_confidence"": 0.4299980565050066}, ""provider_metric_hints_count"": 15, ""provider_odds_hints_count"": 0, ""sstats_deep_endpoint_count"": 3, ""sstats_deep_endpoints"": {""game_id"": ""4720"", ""glicko"": {""data"": null, ""message"": ""Для данного матча отсутствует Glicko аналитика"", ""status"": ""error"", ""traceId"": ""00-06a127351b171a2bc3927e39cb8608f2-8ce707d06eb58e89-00""}, ""injuries"": {""count"": 0, ""data"": [], ""status"": ""OK"", ""traceId"": ""00-3f0faf048d3ad0ba83b9b912a805f26f-292a5aaae2263ca2-00""}, ""last_games_stats"": {""away"": {""avgCards"": null, ""avgCardsOpp"": null, ""avgConceded"": 1.1609772, ""avgCorners"": null, ""avgCornersOpp"": null, ""avgDrawOdds"": 3.2369087, ""avgLoseOdds"": 2.700781, ""avgOddsXg"": 1.0033884, ""avgOddsXgConceded"": 1.1028225, ""avgOffsides"": null, ""avgOffsidesOpp"": null, ""avgOppShots"": null, ""avgScore"": 1.3569217, ""avgShots"": null, ""avgWinOdds"": 3.116061, ""draws"": 9, ""gamesCount"": 25, ""loses"": 5, ""maeOddsXg"": 0.35353327, ""maeOddsXgConceded"": 0.058154702, ""profits"": {""drawProfit"": 4.799999, ""loseNoBet"": -7.2799997, ""loseOrDrawProfit"": -4.95, ""loseProfit"": -12.099999, ""winNoBet"": 6.23, ""winOrDrawProfit"": 6.9700003, ""winOrLoseProfit"": -3.2099996, ""winProfit"": 7.419999}, ""rmseXg"": 0.84993976, ""rmseXgConceded"": 0.9827537, ""wins"": 11}, ""home"": {""avgCards"": null, ""avgCardsOpp"": null, ""avgConceded"": 1.3552626, ""avgCorners"": null, ""avgCornersOpp"": null, ""avgDrawOdds"": 3.2237718, ""avgLoseOdds"": 3.002805, ""avgOddsXg"": 1.1110371, ""avgOddsXgConceded"": 1.0199279, ""avgOffsides"": null, ""avgOffsidesOpp"": null, ""avgOppShots"": null, ""avgScore"": 1.0782126, ""avgShots"": null, ""avgWinOdds"": 2.679153, ""draws"": 8, ""gamesCount"": 25, ""loses"": 10, ""maeOddsXg"": 0.032824516, ""maeOddsXgConceded"": 0.33533478, ""profits"": {""drawProfit"": 1, ""loseNoBet"": 1.6899996, ""loseOrDrawProfit"": 2.8700004, ""loseProfit"": 2.6299996, ""winNoBet"": -4.7299995, ""winOrDrawProfit"": -3.85, ""winOrLoseProfit"": -1.8799995, ""winProfit"": -7.580001}, ""rmseXg"": 1.0809321, ""rmseXgConceded"": 1.3249468, ""wins"": 7}}}, ""sstats_mode"": ""bzzoiro_prediction""}",f21a41778fd2fc38d3a64345c8ccbacef9ee3f92,1
soccer|liberia|mauritania|2026-06-09,bzzoiro,xg_prediction,2026-06-09T03:07:49.166670+00:00,,,65.1112,"{""away_win_probability"": 0.514, ""bzzoiro_draw_probability"": 0.249, ""bzzoiro_over25_probability"": 0.305, ""bzzoiro_weather"": {""code"": null, ""description"": null, ""temperature_c"": null, ""wind_speed"": null}, ""expected_away"": 1.5, ""expected_home"": 0.98, ""home_win_probability"": 0.237}","{""comparison"": {""away_team"": ""Sierra Leone"", ""away_team_id"": 2277, ""bookmakers_count"": 0, ""event_date"": ""2026-06-09T18:30:00Z"", ""event_id"": 209488, ""home_team"": ""Liberia"", ""home_team_id"": 695, ""league_id"": 31, ""league_name"": ""International Friendly Games"", ""markets"": {}, ""total_odds"": 0}, ""event"": {""attendance"": null, ""away_coach_id"": 1700, ""away_score"": null, ""away_score_ht"": null, ""away_team"": ""Sierra Leone"", ""away_team_id"": 2277, ""current_minute"": null, ""event_date"": ""2026-06-09T18:30:00+00:00"", ""extra_time_score"": null, ""group_name"": null, ""head_to_head"": {""avg_total_goals"": 1.0, ""away_goals"": 1, ""away_win_rate"": 1.0, ""away_wins"": 1, ""draws"": 0, ""home_goals"": 0, ""home_win_rate"": 0.0, ""home_wins"": 0, ""recent_matches"": [{""away"": ""Liberia"", ""date"": ""2026-06-06T16:00:00+00:00"", ""home"": ""Sierra Leone"", ""score"": ""1-0""}], ""total_matches"": 1}, ""highlights"": [], ""home_coach_id"": 69, ""home_score"": null, ""home_score_ht"": null, ""home_team"": ""Liberia"", ""home_team_id"": 695, ""id"": 209488, ""is_local_derby"": false, ""is_neutral_ground"": false, ""league_id"": 31, ""live_websocket"": false, ""penalty_shootout"": null, ""period"": """", ""pitch_condition"": null, ""referee_id"": null, ""replaced_by"": null, ""round_name"": """", ""round_number"": null, ""season_id"": 133, ""status"": ""notstarted"", ""travel_distance_km"": null, ""venue_id"": 1375, ""weather"": {""code"": null, ""description"": null, ""temperature_c"": null, ""wind_speed"": null}}, ""metadata"": {""ai_preview"": {""generated_at"": ""2026-06-09T01:47:20.282234+00:00"", ""text"": ""**Sierra Leone rolls into Monrovia looking to make it back-to-back wins** — they just beat Liberia 1-0 at home and are the form side here. 🔥\n\nLiberia's mixed run (1W 2D 2L) hasn't been kind lately, while the visitors are buzzing at 3W 1D 1L. That home advantage could matter, but Sierra Leone's got the recent edge in this fixture.\n\nKey storylines:\n\n- **Sierra Leone's attacking trio** of S. Tarawallie, M. Bundu, and A. Bakayoko will test Liberia's back line — P. Tarnue and E. Fully have work to do\n- **Liberia's midfield pairing** of O. Dorley and D. Teah needs to disrupt Sierra Leone's tempo and creativity through A. Koroma and S. Fofanah\n- **Defensive solidity wins this one** — both teams have shown they can keep it tight, and loose play in transition could be punished\n\nExpected lineups:\n\n- **Liberia**: A. Wesseh, P. Tarnue, E. Fully, N. Swen, A. Jamal, O. Dorley, D. Teah, A. Kosiah, N. Kenneh, K. Sherman, G. Wallace\n- **Sierra Leone**: F. Koroma, A. Turay, A. Jarjue, D. Kanu, K. Cesay, A. Koroma, S. Fofanah, I. Kanu, S. Tarawallie, M. Bundu, A. Bakayoko\n\nBest picks:\n\n- **Total Goals 3.5**: Under 3.5 goals\n- **Both Teams to Score**: BTTS No\n\nPrediction:\n\n**Sierra Leone 1-0 Liberia**. The model leans visitors, and that recent head-to-head dominance is hard to ignore.""}, ""event_id"": 209488, ""funfacts"": [], ""jerseys"": null}, ""odds"": {""event_id"": 209488, ""odds"": {""away_win"": null, ""btts_no"": null, ""btts_yes"": null, ""draw"": null, ""home_win"": null, ""over_15_goals"": null, ""over_25_goals"": null, ""over_35_goals"": null, ""under_15_goals"": null, ""under_25_goals"": null, ""under_35_goals"": null}}, ""odds_comparison"": {""away_team"": ""Sierra Leone"", ""away_team_id"": 2277, ""bookmakers_count"": 0, ""event_date"": ""2026-06-09T18:30:00Z"", ""event_id"": 209488, ""home_team"": ""Liberia"", ""home_team_id"": 695, ""league_id"": 31, ""league_name"": ""International Friendly Games"", ""markets"": {}, ""total_odds"": 0}, ""prediction"": {""created_at"": ""2026-06-08T02:20:13Z"", ""event"": {""away_team"": ""Sierra Leone"", ""away_team_id"": 2277, ""event_date"": ""2026-06-09T18:30:00Z"", ""home_team"": ""Liberia"", ""home_team_id"": 695, ""id"": 209488, ""league_id"": 31, ""league_name"": ""International Friendly Games"", ""status"": ""notstarted""}, ""id"": 5255, ""markets"": {""btts"": {""prob_yes"": 20.7}, ""expected_goals"": {""away"": 1.5, ""home"": 0.98}, ""match_result"": {""predicted"": ""A"", ""prob_away"": 51.4, ""prob_draw"": 24.9, ""prob_home"": 23.7}, ""over_under"": {""prob_over_15"": 76.9, ""prob_over_25"": 30.5, ""prob_over_35"": 15.8}, ""score"": {""most_likely"": ""0-1""}}, ""model"": {""confidence"": 0.5139, ""version"": ""v5.0""}, ""recommendations"": {""bet_favorite"": false, ""btts"": false, ""favorite"": ""A"", ""favorite_prob"": 51.4, ""over_15"": false, ""over_25"": false, ""over_35"": false, ""winner"": false}}, ""stats"": {""average_positions"": {}, ""event_id"": 209488, ""momentum"": [], ""shotmap"": [], ""stats"": {""away"": {""xg"": {""actual"": null}}, ""home"": {""xg"": {""actual"": null}}}, ""xg_per_minute"": []}}","{""bzzoiro_api_version"": ""v2"", ""bzzoiro_comparison_bridge_hints_added"": 0, ""bzzoiro_context_limit_removed"": true, ""bzzoiro_context_sources_used"": {""compact_odds"": true, ""metadata"": true, ""odds_flat_rows"": 0, ""prediction"": true, ""stats"": true}, ""bzzoiro_draw_probability"": 0.249, ""bzzoiro_event_id"": 209488, ""bzzoiro_is_local_derby"": false, ""bzzoiro_is_neutral_ground"": false, ""bzzoiro_match_quality"": ""fuzzy"", ""bzzoiro_over25_probability"": 0.305, ""bzzoiro_prediction_confidence"": 0.5139, ""bzzoiro_status"": ""notstarted"", ""bzzoiro_travel_distance_km"": null, ""bzzoiro_v2_comparison_hints_added"": 0, ""bzzoiro_v2_odds_comparison_attached"": true, ""bzzoiro_v2_odds_comparison_event_id"": ""209488"", ""bzzoiro_v2_source_matrix_patch"": true, ""bzzoiro_weather"": {""code"": null, ""description"": null, ""temperature_c"": null, ""wind_speed"": null}, ""provider_metric_hints"": {""favorite"": ""A"", ""is_local_derby"": false, ""is_neutral_ground"": false, ""model_version"": ""v5.0"", ""prob_draw"": 0.249, ""prob_over_1_5"": 0.769, ""prob_over_2_5"": 0.305, ""prob_over_3_5"": 0.158, ""provider_confidence"": 0.5139}, ""provider_metric_hints_count"": 9, ""provider_odds_hints"": [], ""provider_odds_hints_count"": 0, ""source_tokens"": [""bzzoiro""]}",b2ca080f40bbe3daf8ad847daeb60132fdbbc9ac,1
soccer|liberia|mauritania|2026-06-09,openligadb,fixture_results,2026-06-09T03:07:49.166670+00:00,,,60.12,"{""away_win_probability"": 0.5854, ""clubelo_draw_probability"": 0.2233, ""expected_away"": 1.237, ""expected_home"": 1.106, ""home_win_probability"": 0.1912}","{""away_rating"": {""Club"": ""Bari"", ""Country"": ""ITA"", ""Elo"": ""1366.16174316"", ""From"": ""2026-05-23"", ""Level"": ""2"", ""Rank"": ""None"", ""To"": ""2026-06-10""}, ""home_rating"": {""Club"": ""Hamrun"", ""Country"": ""MLT"", ""Elo"": ""1116.77966309"", ""From"": ""2026-01-01"", ""Level"": ""0"", ""Rank"": ""None"", ""To"": ""2026-06-10""}}","{""away_rating"": 1366.2, ""clubelo_away_elo"": 1366.2, ""clubelo_draw_probability"": 0.2233, ""clubelo_elo_diff_home_adv"": -194.4, ""clubelo_home_elo"": 1116.8, ""home_rating"": 1116.8}",8d21647acc913d34f741dcfd8a0a086ba63d4185,1
soccer|be sat kermanshah|mes soongoun|2026-06-09,sstats,xg_form,2026-06-09T03:07:49.166670+00:00,,,65.0,"{""away_win_probability"": 0.2199, ""expected_away"": 0.434, ""expected_home"": 0.719, ""home_win_probability"": 0.3644}","{""away_recent"": [{""goals_against"": 0.0, ""goals_for"": 1.0, ""home"": true, ""league"": ""Azadegan League"", ""opponent"": ""Niroye Zamini"", ""opponent_key"": ""niroye zamini"", ""start"": ""2026-06-02T13:00:00+00:00"", ""team"": ""Mes Soongoun"", ""team_key"": ""mes soongoun""}, {""goals_against"": 1.0, ""goals_for"": 0.0, ""home"": false, ""league"": ""Azadegan League"", ""opponent"": ""Sanat Naft"", ""opponent_key"": ""sanat naft"", ""start"": ""2026-05-27T15:15:00+00:00"", ""team"": ""Mes Soongoun"", ""team_key"": ""mes soongoun""}, {""goals_against"": 1.0, ""goals_for"": 2.0, ""home"": true, ""league"": ""Azadegan League"", ""opponent"": ""Naft Bandar Abbas"", ""opponent_key"": ""naft bandar abbas"", ""start"": ""2026-05-21T12:00:00+00:00"", ""team"": ""Mes Soongoun"", ""team_key"": ""mes soongoun""}, {""goals_against"": 0.0, ""goals_for"": 0.0, ""home"": false, ""league"": ""Azadegan League"", ""opponent"": ""Saipa"", ""opponent_key"": ""saipa"", ""start"": ""2026-05-14T15:00:00+00:00"", ""team"": ""Mes Soongoun"", ""team_key"": ""mes soongoun""}], ""home_recent"": [{""goals_against"": 0.0, ""goals_for"": 0.0, ""home"": false, ""league"": ""Azadegan League"", ""opponent"": ""Naft Gachsaran"", ""opponent_key"": ""naft gachsaran"", ""start"": ""2026-06-02T15:00:00+00:00"", ""team"": ""Be'sat Kermanshah"", ""team_key"": ""be sat kermanshah""}, {""goals_against"": 0.0, ""goals_for"": 2.0, ""home"": true, ""league"": ""Azadegan League"", ""opponent"": ""Shenavarsazi Qeshm"", ""opponent_key"": ""shenavarsazi qeshm"", ""start"": ""2026-05-27T13:30:00+00:00"", ""team"": ""Be'sat Kermanshah"", ""team_key"": ""be sat kermanshah""}, {""goals_against"": 1.0, ""goals_for"": 0.0, ""home"": false, ""league"": ""Azadegan League"", ""opponent"": ""Damash Gilanian"", ""opponent_key"": ""damash gilanian"", ""start"": ""2026-05-21T13:00:00+00:00"", ""team"": ""Be'sat Kermanshah"", ""team_key"": ""be sat kermanshah""}], ""mode"": ""team_form""}","{""away_goals_against_avg"": 0.5, ""away_goals_for_avg"": 0.75, ""away_recent_count"": 4, ""away_team_key"": ""mes soongoun"", ""home_goals_against_avg"": 0.333, ""home_goals_for_avg"": 0.667, ""home_recent_count"": 3, ""home_team_key"": ""be sat kermanshah"", ""league_overlap_count"": 7, ""provider_odds_hints_count"": 0, ""sstats_mode"": ""team_form""}",1bcc8400a7e40d943ba484bc05eb0e76d6d386f7,1
soccer|nassaji mazandaran|shenavarsazi qeshm|2026-06-09,sstats,xg_form,2026-06-09T03:07:49.166670+00:00,,,65.0,"{""away_win_probability"": 0.097, ""expected_away"": 0.278, ""expected_home"": 1.771, ""home_win_probability"": 0.6173}","{""away_recent"": [{""goals_against"": 2.0, ""goals_for"": 1.0, ""home"": true, ""league"": ""Azadegan League"", ""opponent"": ""Saipa"", ""opponent_key"": ""saipa"", ""start"": ""2026-06-02T14:30:00+00:00"", ""team"": ""Shenavarsazi Qeshm"", ""team_key"": ""shenavarsazi qeshm""}, {""goals_against"": 2.0, ""goals_for"": 0.0, ""home"": false, ""league"": ""Azadegan League"", ""opponent"": ""Be'sat Kermanshah"", ""opponent_key"": ""be sat kermanshah"", ""start"": ""2026-05-27T13:30:00+00:00"", ""team"": ""Shenavarsazi Qeshm"", ""team_key"": ""shenavarsazi qeshm""}, {""goals_against"": 0.0, ""goals_for"": 0.0, ""home"": true, ""league"": ""Azadegan League"", ""opponent"": ""Niroye Zamini"", ""opponent_key"": ""niroye zamini"", ""start"": ""2026-05-21T14:30:00+00:00"", ""team"": ""Shenavarsazi Qeshm"", ""team_key"": ""shenavarsazi qeshm""}, {""goals_against"": 1.0, ""goals_for"": 0.0, ""home"": false, ""league"": ""Azadegan League"", ""opponent"": ""Navad Urmia"", ""opponent_key"": ""navad urmia"", ""start"": ""2026-05-14T12:30:00+00:00"", ""team"": ""Shenavarsazi Qeshm"", ""team_key"": ""shenavarsazi qeshm""}], ""home_recent"": [{""goals_against"": 0.0, ""goals_for"": 2.0, ""home"": true, ""league"": ""Azadegan League"", ""opponent"": ""Damash Gilanian"", ""opponent_key"": ""damash gilanian"", ""start"": ""2026-06-02T13:30:00+00:00"", ""team"": ""Nassaji Mazandaran"", ""team_key"": ""nassaji mazandaran""}, {""goals_against"": 1.0, ""goals_for"": 2.0, ""home"": false, ""league"": ""Azadegan League"", ""opponent"": ""Mes Kerman"", ""opponent_key"": ""mes kerman"", ""start"": ""2026-05-27T13:30:00+00:00"", ""team"": ""Nassaji Mazandaran"", ""team_key"": ""nassaji mazandaran""}, {""goals_against"": 0.0, ""goals_for"": 2.0, ""home"": true, ""league"": ""Azadegan League"", ""opponent"": ""Navad Urmia"", ""opponent_key"": ""navad urmia"", ""start"": ""2026-05-21T13:15:00+00:00"", ""team"": ""Nassaji Mazandaran"", ""team_key"": ""nassaji mazandaran""}], ""mode"": ""team_form""}","{""away_goals_against_avg"": 1.25, ""away_goals_for_avg"": 0.25, ""away_recent_count"": 4, ""away_team_key"": ""shenavarsazi qeshm"", ""home_goals_against_avg"": 0.333, ""home_goals_for_avg"": 2.0, ""home_recent_count"": 3, ""home_team_key"": ""nassaji mazandaran"", ""league_overlap_count"": 7, ""provider_odds_hints_count"": 0, ""sstats_mode"": ""team_form""}",6ccad92f60d8edf7f34fec12cd842286a452d248,1
soccer|hay al wadi|hilal el fasher|2026-06-09,sstats,xg_form,2026-06-09T03:07:49.166670+00:00,,,65.0,"{""away_win_probability"": 0.3191, ""expected_away"": 1.174, ""expected_home"": 1.685, ""home_win_probability"": 0.458}","{""away_recent"": [{""goals_against"": 1.0, ""goals_for"": 3.0, ""home"": false, ""league"": ""Sudani Premier League"", ""opponent"": ""Al Fallah"", ""opponent_key"": ""al fallah"", ""start"": ""2026-06-06T13:45:00+00:00"", ""team"": ""Hay Al Wadi"", ""team_key"": ""hay al wadi""}, {""goals_against"": 4.0, ""goals_for"": 0.0, ""home"": false, ""league"": ""Sudani Premier League"", ""opponent"": ""Al-Merreikh II"", ""opponent_key"": ""al merreikh 2"", ""start"": ""2026-06-01T13:45:00+00:00"", ""team"": ""Hay Al Wadi"", ""team_key"": ""hay al wadi""}, {""goals_against"": 2.0, ""goals_for"": 0.0, ""home"": true, ""league"": ""Sudani Premier League"", ""opponent"": ""Al Hilal Port Sudan"", ""opponent_key"": ""al hilal port sudan"", ""start"": ""2026-05-23T13:45:00+00:00"", ""team"": ""Hay Al Wadi"", ""team_key"": ""hay al wadi""}, {""goals_against"": 2.0, ""goals_for"": 0.0, ""home"": true, ""league"": ""Sudani Premier League"", ""opponent"": ""Al-Hilal Omdurman II"", ""opponent_key"": ""al hilal omdurman 2"", ""start"": ""2026-05-19T13:45:00+00:00"", ""team"": ""Hay Al Wadi"", ""team_key"": ""hay al wadi""}], ""home_recent"": [{""goals_against"": 0.0, ""goals_for"": 3.0, ""home"": true, ""league"": ""Sudani Premier League"", ""opponent"": ""Al Fallah"", ""opponent_key"": ""al fallah"", ""start"": ""2026-06-02T13:45:00+00:00"", ""team"": ""Hilal El-Fasher"", ""team_key"": ""hilal el fasher""}, {""goals_against"": 2.0, ""goals_for"": 1.0, ""home"": false, ""league"": ""Sudani Premier League"", ""opponent"": ""Umm Mughad"", ""opponent_key"": ""umm mughad"", ""start"": ""2026-05-28T13:45:00+00:00"", ""team"": ""Hilal El-Fasher"", ""team_key"": ""hilal el fasher""}, {""goals_against"": 2.0, ""goals_for"": 0.0, ""home"": false, ""league"": ""Sudani Premier League"", ""opponent"": ""Al-Merreikh II"", ""opponent_key"": ""al merreikh 2"", ""start"": ""2026-05-23T13:45:00+00:00"", ""team"": ""Hilal El-Fasher"", ""team_key"": ""hilal el fasher""}, {""goals_against"": 2.0, ""goals_for"": 0.0, ""home"": true, ""league"": ""Sudani Premier League"", ""opponent"": ""Al Ahli Wad Medani"", ""opponent_key"": ""al ahli wad medani"", ""start"": ""2026-05-19T13:45:00+00:00"", ""team"": ""Hilal El-Fasher"", ""team_key"": ""hilal el fasher""}, {""goals_against"": 0.0, ""goals_for"": 0.0, ""home"": false, ""league"": ""Sudani Premier League"", ""opponent"": ""Al Hilal Port Sudan"", ""opponent_key"": ""al hilal port sudan"", ""start"": ""2026-05-16T13:45:00+00:00"", ""team"": ""Hilal El-Fasher"", ""team_key"": ""hilal el fasher""}], ""mode"": ""team_form""}","{""away_goals_against_avg"": 2.25, ""away_goals_for_avg"": 0.75, ""away_recent_count"": 4, ""away_team_key"": ""hay al wadi"", ""home_goals_against_avg"": 1.2, ""home_goals_for_avg"": 0.8, ""home_recent_count"": 5, ""home_team_key"": ""hilal el fasher"", ""league_overlap_count"": 9, ""provider_odds_hints_count"": 0, ""sstats_mode"": ""team_form""}",99dc6fe9f61bae731bdb1dd6813add35c2d48d01,1
soccer|greece|kazakhstan|2026-06-09,bzzoiro,xg_prediction,2026-06-09T03:07:49.166670+00:00,,,64.9784,"{""away_win_probability"": 0.21100000000000002, ""bzzoiro_draw_probability"": 0.292, ""bzzoiro_over25_probability"": 0.262, ""bzzoiro_weather"": {""code"": null, ""description"": null, ""temperature_c"": null, ""wind_speed"": null}, ""expected_away"": 0.83, ""expected_home"": 1.46, ""home_win_probability"": 0.49700000000000005}","{""comparison"": {""away_team"": ""Kazakhstan"", ""away_team_id"": 2209, ""bookmakers_count"": 0, ""event_date"": ""2026-06-09T17:00:00Z"", ""event_id"": 207440, ""home_team"": ""Hungary"", ""home_team_id"": 714, ""league_id"": 31, ""league_name"": ""International Friendly Games"", ""markets"": {}, ""total_odds"": 0}, ""event"": {""attendance"": null, ""away_coach_id"": 1567, ""away_score"": null, ""away_score_ht"": null, ""away_team"": ""Kazakhstan"", ""away_team_id"": 2209, ""current_minute"": null, ""event_date"": ""2026-06-09T17:00:00+00:00"", ""extra_time_score"": null, ""group_name"": null, ""head_to_head"": null, ""highlights"": [], ""home_coach_id"": 79, ""home_score"": null, ""home_score_ht"": null, ""home_team"": ""Hungary"", ""home_team_id"": 714, ""id"": 207440, ""is_local_derby"": false, ""is_neutral_ground"": false, ""league_id"": 31, ""live_websocket"": true, ""penalty_shootout"": null, ""period"": """", ""pitch_condition"": null, ""referee_id"": 2580, ""replaced_by"": null, ""round_name"": """", ""round_number"": null, ""season_id"": 133, ""status"": ""notstarted"", ""travel_distance_km"": null, ""venue_id"": 1000, ""weather"": {""code"": null, ""description"": null, ""temperature_c"": null, ""wind_speed"": null}}, ""metadata"": {""ai_preview"": {""generated_at"": ""2026-06-09T01:47:04.830966+00:00"", ""text"": ""**Hungary's looking sharp at home, and Kazakhstan are stuck in a draw rut.** This friendly should be a straightforward affair in Debrecen. 🇭🇺\n\nHungary have won 3 of their last 5 with a tidy defensive record, while Kazakhstan are drawing everything — 3 draws in their last 5 tells you they're defensive-minded and tough to break down, not exactly a recipe for a goal-fest.\n\nKey storylines:\n\n- **Hungary's attacking rotation** features D. Szoboszlai and A. Schäfer pulling strings in midfield with R. Sallai and B. Varga providing the edge in the final third\n- **Kazakhstan's 5-back shape** under T. Anarbekov will make them compact but predictable; expect a lot of Hungary possession\n- **Home comfort matters** — Hungary unbeaten at Nagyerdei in recent friendlies, while Kazakhstan travel poorly\n\nExpected lineups:\n\n- **Hungary**: B. Tóth, W. Orbán, M. Kerkez, R. Sallai, C. Styles, D. Szoboszlai, A. Schäfer, B. Varga, A. Tóth, D. Lukács, B. Kovács\n- **Kazakhstan**: T. Anarbekov, N. Alip, Y. Vorogovskiy, A. Kasym, S. Maliy, E. Tapalov, M. Samorodov, I. Chesnokov, R. Orazov, G. Kenzhebek, D. Satpayev\n\nBest picks:\n\n- **Total Goals Under 3.5**: Under 3.5 goals\n\nPrediction:\n\n**Hungary 2–0 Kazakhstan** — Hungary should dominate without needing to go crazy. Low-scoring, controlled win. ⚽""}, ""event_id"": 207440, ""funfacts"": [], ""jerseys"": {""away"": {""GK"": {""base"": ""12a700"", ""number"": ""000000"", ""real"": true, ""sleeve"": ""ffffff"", ""type"": ""short_sleeves""}, ""player"": {""base"": ""ffee00"", ""number"": ""19425c"", ""real"": true, ""sleeve"": ""132f56"", ""sleevelong"": ""feed34"", ""type"": ""short_sleeves""}}, ""home"": {""GK"": {""base"": ""3bb4eb"", ""number"": ""020101"", ""real"": true, ""sleeve"": ""fafafa"", ""type"": ""short_sleeves""}, ""player"": {""base"": ""ca032e"", ""number"": ""ffffff"", ""real"": true, ""sleeve"": ""ec0939"", ""type"": ""short_sleeves""}}}}, ""odds"": {""event_id"": 207440, ""odds"": {""away_win"": null, ""btts_no"": null, ""btts_yes"": null, ""draw"": null, ""home_win"": null, ""over_15_goals"": null, ""over_25_goals"": null, ""over_35_goals"": null, ""under_15_goals"": null, ""under_25_goals"": null, ""under_35_goals"": null}}, ""odds_comparison"": {""away_team"": ""Kazakhstan"", ""away_team_id"": 2209, ""bookmakers_count"": 0, ""event_date"": ""2026-06-09T17:00:00Z"", ""event_id"": 207440, ""home_team"": ""Hungary"", ""home_team_id"": 714, ""league_id"": 31, ""league_name"": ""International Friendly Games"", ""markets"": {}, ""total_odds"": 0}, ""prediction"": {""created_at"": ""2026-06-02T10:52:32Z"", ""event"": {""away_team"": ""Kazakhstan"", ""away_team_id"": 2209, ""event_date"": ""2026-06-09T17:00:00Z"", ""home_team"": ""Hungary"", ""home_team_id"": 714, ""id"": 207440, ""league_id"": 31, ""league_name"": ""International Friendly Games"", ""status"": ""notstarted""}, ""id"": 4733, ""markets"": {""btts"": {""prob_yes"": 34.3}, ""expected_goals"": {""away"": 0.83, ""home"": 1.46}, ""match_result"": {""predicted"": ""H"", ""prob_away"": 21.1, ""prob_draw"": 29.2, ""prob_home"": 49.7}, ""over_under"": {""prob_over_15"": 60.7, ""prob_over_25"": 26.2, ""prob_over_35"": 18.4}, ""score"": {""most_likely"": ""1-0""}}, ""model"": {""confidence"": 0.4973, ""version"": ""v5.0""}, ""recommendations"": {""bet_favorite"": false, ""btts"": false, ""favorite"": ""H"", ""favorite_prob"": 49.7, ""over_15"": false, ""over_25"": false, ""over_35"": false, ""winner"": false}}, ""stats"": {""average_positions"": {}, ""event_id"": 207440, ""momentum"": [], ""shotmap"": [], ""stats"": {""away"": {""xg"": {""actual"": null}}, ""home"": {""xg"": {""actual"": null}}}, ""xg_per_minute"": []}}","{""bzzoiro_api_version"": ""v2"", ""bzzoiro_comparison_bridge_hints_added"": 0, ""bzzoiro_context_limit_removed"": true, ""bzzoiro_context_sources_used"": {""compact_odds"": true, ""metadata"": true, ""odds_flat_rows"": 0, ""prediction"": true, ""stats"": true}, ""bzzoiro_draw_probability"": 0.292, ""bzzoiro_event_id"": 207440, ""bzzoiro_is_local_derby"": false, ""bzzoiro_is_neutral_ground"": false, ""bzzoiro_match_quality"": ""fuzzy"", ""bzzoiro_over25_probability"": 0.262, ""bzzoiro_prediction_confidence"": 0.4973, ""bzzoiro_status"": ""notstarted"", ""bzzoiro_travel_distance_km"": null, ""bzzoiro_v2_comparison_hints_added"": 0, ""bzzoiro_v2_odds_comparison_attached"": true, ""bzzoiro_v2_odds_comparison_event_id"": ""207440"", ""bzzoiro_v2_source_matrix_patch"": true, ""bzzoiro_weather"": {""code"": null, ""description"": null, ""temperature_c"": null, ""wind_speed"": null}, ""provider_metric_hints"": {""favorite"": ""H"", ""is_local_derby"": false, ""is_neutral_ground"": false, ""model_version"": ""v5.0"", ""prob_draw"": 0.292, ""prob_over_1_5"": 0.607, ""prob_over_2_5"": 0.262, ""prob_over_3_5"": 0.184, ""provider_confidence"": 0.4973}, ""provider_metric_hints_count"": 9, ""provider_odds_hints"": [], ""provider_odds_hints_count"": 0, ""source_tokens"": [""bzzoiro""]}",919526dff1811de309a6b09af521d1fa79880b19,1
soccer|greece|kazakhstan|2026-06-09,sstats,xg_form,2026-06-09T03:07:49.166670+00:00,,,65.0,"{""away_win_probability"": 0.2935, ""expected_away"": 0.899, ""expected_home"": 1.344, ""home_win_probability"": 0.4388}","{""away_recent"": [{""goals_against"": 0.0, ""goals_for"": 0.0, ""home"": false, ""league"": ""UEFA U19 Championship - Qualification"", ""opponent"": ""Portugal U19"", ""opponent_key"": ""portugal"", ""start"": ""2026-06-06T15:00:00+00:00"", ""team"": ""Greece U19"", ""team_key"": ""greece""}, {""goals_against"": 1.0, ""goals_for"": 0.0, ""home"": true, ""league"": ""UEFA U19 Championship - Qualification"", ""opponent"": ""Serbia U19"", ""opponent_key"": ""serbia"", ""start"": ""2026-06-03T15:00:00+00:00"", ""team"": ""Greece U19"", ""team_key"": ""greece""}, {""goals_against"": 1.0, ""goals_for"": 0.0, ""home"": true, ""league"": ""Friendlies"", ""opponent"": ""Italy"", ""opponent_key"": ""italy"", ""start"": ""2026-06-07T19:00:00+00:00"", ""team"": ""Greece"", ""team_key"": ""greece""}, {""goals_against"": 2.0, ""goals_for"": 2.0, ""home"": false, ""league"": ""Friendlies"", ""opponent"": ""Sweden"", ""opponent_key"": ""sweden"", ""start"": ""2026-06-04T17:00:00+00:00"", ""team"": ""Greece"", ""team_key"": ""greece""}, {""goals_against"": 1.0, ""goals_for"": 1.0, ""home"": false, ""league"": ""Friendlies"", ""opponent"": ""Croatia U21"", ""opponent_key"": ""croatia"", ""start"": ""2026-05-30T13:00:00+00:00"", ""team"": ""Greece U21"", ""team_key"": ""greece""}, {""goals_against"": 2.0, ""goals_for"": 1.0, ""home"": true, ""league"": ""Friendlies"", ""opponent"": ""England U18"", ""opponent_key"": ""england"", ""start"": ""2026-05-28T09:30:00+00:00"", ""team"": ""Greece U19"", ""team_key"": ""greece""}, {""goals_against"": 2.0, ""goals_for"": 1.0, ""home"": true, ""league"": ""Friendlies"", ""opponent"": ""Qatar U23"", ""opponent_key"": ""qatar"", ""start"": ""2026-05-27T15:30:00+00:00"", ""team"": ""Greece U21"", ""team_key"": ""greece""}, {""goals_against"": 0.0, ""goals_for"": 2.0, ""home"": false, ""league"": ""Friendlies"", ""opponent"": ""Cyprus U19"", ""opponent_key"": ""cyprus"", ""start"": ""2026-05-27T07:00:00+00:00"", ""team"": ""Greece U19"", ""team_key"": ""greece""}], ""home_recent"": [{""goals_against"": 1.0, ""goals_for"": 3.0, ""home"": false, ""league"": ""UEFA U19 Championship - Qualification"", ""opponent"": ""Serbia U19"", ""opponent_key"": ""serbia"", ""start"": ""2026-06-06T09:00:00+00:00"", ""team"": ""Kazakhstan U19"", ""team_key"": ""kazakhstan""}, {""goals_against"": 1.0, ""goals_for"": 1.0, ""home"": false, ""league"": ""UEFA U19 Championship - Qualification"", ""opponent"": ""Portugal U19"", ""opponent_key"": ""portugal"", ""start"": ""2026-06-03T09:00:00+00:00"", ""team"": ""Kazakhstan U19"", ""team_key"": ""kazakhstan""}, {""goals_against"": 2.0, ""goals_for"": 1.0, ""home"": false, ""league"": ""Friendlies"", ""opponent"": ""Belarus U21"", ""opponent_key"": ""belarus"", ""start"": ""2026-06-08T15:00:00+00:00"", ""team"": ""Kazakhstan U21"", ""team_key"": ""kazakhstan""}, {""goals_against"": 1.0, ""goals_for"": 1.0, ""home"": false, ""league"": ""Friendlies"", ""opponent"": ""Armenia"", ""opponent_key"": ""armenia"", ""start"": ""2026-06-06T14:00:00+00:00"", ""team"": ""Kazakhstan"", ""team_key"": ""kazakhstan""}], ""mode"": ""team_form""}","{""away_goals_against_avg"": 1.125, ""away_goals_for_avg"": 0.875, ""away_recent_count"": 8, ""away_team_key"": ""greece"", ""home_goals_against_avg"": 1.25, ""home_goals_for_avg"": 1.5, ""home_recent_count"": 4, ""home_team_key"": ""kazakhstan"", ""league_overlap_count"": 4, ""provider_odds_hints_count"": 0, ""sstats_mode"": ""team_form""}",67ffc7280c5256fc43f4991ef8910740e4372fae,1
soccer|nassaji mazandaran|shenavar sazi qeshm|2026-06-09,sstats,xg_form,2026-06-09T03:07:49.166670+00:00,,,65.0,"{""away_win_probability"": 0.097, ""expected_away"": 0.278, ""expected_home"": 1.771, ""home_win_probability"": 0.6173}","{""away_recent"": [{""goals_against"": 2.0, ""goals_for"": 1.0, ""home"": true, ""league"": ""Azadegan League"", ""opponent"": ""Saipa"", ""opponent_key"": ""saipa"", ""start"": ""2026-06-02T14:30:00+00:00"", ""team"": ""Shenavarsazi Qeshm"", ""team_key"": ""shenavarsazi qeshm""}, {""goals_against"": 2.0, ""goals_for"": 0.0, ""home"": false, ""league"": ""Azadegan League"", ""opponent"": ""Be'sat Kermanshah"", ""opponent_key"": ""be sat kermanshah"", ""start"": ""2026-05-27T13:30:00+00:00"", ""team"": ""Shenavarsazi Qeshm"", ""team_key"": ""shenavarsazi qeshm""}, {""goals_against"": 0.0, ""goals_for"": 0.0, ""home"": true, ""league"": ""Azadegan League"", ""opponent"": ""Niroye Zamini"", ""opponent_key"": ""niroye zamini"", ""start"": ""2026-05-21T14:30:00+00:00"", ""team"": ""Shenavarsazi Qeshm"", ""team_key"": ""shenavarsazi qeshm""}, {""goals_against"": 1.0, ""goals_for"": 0.0, ""home"": false, ""league"": ""Azadegan League"", ""opponent"": ""Navad Urmia"", ""opponent_key"": ""navad urmia"", ""start"": ""2026-05-14T12:30:00+00:00"", ""team"": ""Shenavarsazi Qeshm"", ""team_key"": ""shenavarsazi qeshm""}], ""home_recent"": [{""goals_against"": 0.0, ""goals_for"": 2.0, ""home"": true, ""league"": ""Azadegan League"", ""opponent"": ""Damash Gilanian"", ""opponent_key"": ""damash gilanian"", ""start"": ""2026-06-02T13:30:00+00:00"", ""team"": ""Nassaji Mazandaran"", ""team_key"": ""nassaji mazandaran""}, {""goals_against"": 1.0, ""goals_for"": 2.0, ""home"": false, ""league"": ""Azadegan League"", ""opponent"": ""Mes Kerman"", ""opponent_key"": ""mes kerman"", ""start"": ""2026-05-27T13:30:00+00:00"", ""team"": ""Nassaji Mazandaran"", ""team_key"": ""nassaji mazandaran""}, {""goals_against"": 0.0, ""goals_for"": 2.0, ""home"": true, ""league"": ""Azadegan League"", ""opponent"": ""Navad Urmia"", ""opponent_key"": ""navad urmia"", ""start"": ""2026-05-21T13:15:00+00:00"", ""team"": ""Nassaji Mazandaran"", ""team_key"": ""nassaji mazandaran""}], ""mode"": ""team_form""}","{""away_goals_against_avg"": 1.25, ""away_goals_for_avg"": 0.25, ""away_recent_count"": 4, ""away_team_key"": ""shenavarsazi qeshm"", ""home_goals_against_avg"": 0.333, ""home_goals_for_avg"": 2.0, ""home_recent_count"": 3, ""home_team_key"": ""nassaji mazandaran"", ""league_overlap_count"": 7, ""provider_odds_hints_count"": 0, ""sstats_mode"": ""team_form""}",57186f6018e38fb3b776a1adf51adcad5b5615fe,1
soccer|magic united tfa|rochedale rovers|2026-06-09,openligadb,fixture_results,2026-06-09T03:07:49.166670+00:00,,,63.0,"{""away_win_probability"": 0.1077, ""clubelo_draw_probability"": 0.1955, ""expected_away"": 0.817, ""expected_home"": 1.624, ""home_win_probability"": 0.6968}","{""away_rating"": {""Club"": ""Hermannstadt"", ""Country"": ""ROM"", ""Elo"": ""1250.74987793"", ""From"": ""2026-05-19"", ""Level"": ""1"", ""Rank"": ""None"", ""To"": ""2026-06-10""}, ""home_rating"": {""Club"": ""Ferencvaros"", ""Country"": ""HUN"", ""Elo"": ""1520.0501709"", ""From"": ""2026-05-17"", ""Level"": ""1"", ""Rank"": ""None"", ""To"": ""2026-06-10""}}","{""away_rating"": 1250.7, ""clubelo_away_elo"": 1250.7, ""clubelo_draw_probability"": 0.1955, ""clubelo_elo_diff_home_adv"": 324.3, ""clubelo_home_elo"": 1520.1, ""home_rating"": 1520.1}",5f165903446d8f36207bb7e4f593a1d638e76426,1
soccer|magic united tfa|rochedale rovers|2026-06-09,sstats,xg_form,2026-06-09T03:07:49.166670+00:00,,,65.0,"{""away_win_probability"": 0.4451, ""expected_away"": 1.519, ""expected_home"": 1.073, ""home_win_probability"": 0.3146}","{""away_recent"": [{""goals_against"": 0.0, ""goals_for"": 1.0, ""home"": true, ""league"": ""I-League - 2nd Division"", ""opponent"": ""Sudeva"", ""opponent_key"": ""sudeva"", ""start"": ""2026-05-09T09:30:00+00:00"", ""team"": ""United"", ""team_key"": ""united""}, {""goals_against"": 1.0, ""goals_for"": 1.0, ""home"": true, ""league"": ""I-League - 2nd Division"", ""opponent"": ""Karbi Anglong Morning Star FC"", ""opponent_key"": ""karbi anglong morning star"", ""start"": ""2026-05-02T09:30:00+00:00"", ""team"": ""United"", ""team_key"": ""united""}, {""goals_against"": 0.0, ""goals_for"": 1.0, ""home"": true, ""league"": ""I-League - 2nd Division"", ""opponent"": ""NEROCA"", ""opponent_key"": ""neroca"", ""start"": ""2026-04-26T09:30:00+00:00"", ""team"": ""United"", ""team_key"": ""united""}], ""home_recent"": [{""goals_against"": 2.0, ""goals_for"": 0.0, ""home"": true, ""league"": ""Queensland NPL"", ""opponent"": ""Peninsula Power"", ""opponent_key"": ""peninsula power"", ""start"": ""2026-06-06T09:00:00+00:00"", ""team"": ""Rochedale Rovers"", ""team_key"": ""rochedale rovers""}, {""goals_against"": 0.0, ""goals_for"": 4.0, ""home"": true, ""league"": ""Queensland NPL"", ""opponent"": ""Magic United"", ""opponent_key"": ""magic united"", ""start"": ""2026-06-03T10:00:00+00:00"", ""team"": ""Rochedale Rovers"", ""team_key"": ""rochedale rovers""}, {""goals_against"": 4.0, ""goals_for"": 0.0, ""home"": false, ""league"": ""Queensland NPL"", ""opponent"": ""Gold Coast United"", ""opponent_key"": ""gold coast united"", ""start"": ""2026-05-23T05:00:00+00:00"", ""team"": ""Rochedale Rovers"", ""team_key"": ""rochedale rovers""}, {""goals_against"": 1.0, ""goals_for"": 3.0, ""home"": true, ""league"": ""Queensland NPL"", ""opponent"": ""Olympic"", ""opponent_key"": ""olympic"", ""start"": ""2026-05-10T07:00:00+00:00"", ""team"": ""Rochedale Rovers"", ""team_key"": ""rochedale rovers""}, {""goals_against"": 6.0, ""goals_for"": 1.0, ""home"": false, ""league"": ""Queensland NPL"", ""opponent"": ""Eastern Suburbs"", ""opponent_key"": ""eastern suburbs"", ""start"": ""2026-04-25T09:00:00+00:00"", ""team"": ""Rochedale Rovers"", ""team_key"": ""rochedale rovers""}], ""mode"": ""team_form""}","{""away_goals_against_avg"": 0.333, ""away_goals_for_avg"": 1.0, ""away_recent_count"": 3, ""away_team_key"": ""united"", ""home_goals_against_avg"": 2.6, ""home_goals_for_avg"": 1.6, ""home_recent_count"": 5, ""home_team_key"": ""rochedale rovers"", ""league_overlap_count"": 5, ""provider_odds_hints_count"": 0, ""sstats_mode"": ""team_form""}",eab649b19307749cd5ed867ed1369a48195daf0a,1
soccer|naft gachsaran|sanat mes kerman|2026-06-09,sstats,xg_form,2026-06-09T03:07:49.166670+00:00,,,65.0,"{""away_win_probability"": 0.3602, ""expected_away"": 0.85, ""expected_home"": 0.69, ""home_win_probability"": 0.2923}","{""away_recent"": [{""goals_against"": 0.0, ""goals_for"": 0.0, ""home"": true, ""league"": ""Azadegan League"", ""opponent"": ""Be'sat Kermanshah"", ""opponent_key"": ""be sat kermanshah"", ""start"": ""2026-06-02T15:00:00+00:00"", ""team"": ""Naft Gachsaran"", ""team_key"": ""naft gachsaran""}, {""goals_against"": 0.0, ""goals_for"": 1.0, ""home"": false, ""league"": ""Azadegan League"", ""opponent"": ""Damash Gilanian"", ""opponent_key"": ""damash gilanian"", ""start"": ""2026-05-27T13:30:00+00:00"", ""team"": ""Naft Gachsaran"", ""team_key"": ""naft gachsaran""}, {""goals_against"": 1.0, ""goals_for"": 2.0, ""home"": true, ""league"": ""Azadegan League"", ""opponent"": ""Saipa"", ""opponent_key"": ""saipa"", ""start"": ""2026-05-21T15:00:00+00:00"", ""team"": ""Naft Gachsaran"", ""team_key"": ""naft gachsaran""}, {""goals_against"": 1.0, ""goals_for"": 1.0, ""home"": false, ""league"": ""Azadegan League"", ""opponent"": ""Naft Bandar Abbas"", ""opponent_key"": ""naft bandar abbas"", ""start"": ""2026-05-14T14:15:00+00:00"", ""team"": ""Naft Gachsaran"", ""team_key"": ""naft gachsaran""}], ""home_recent"": [{""goals_against"": 0.0, ""goals_for"": 2.0, ""home"": false, ""league"": ""Azadegan League"", ""opponent"": ""Fard Alborz"", ""opponent_key"": ""fard alborz"", ""start"": ""2026-06-02T13:30:00+00:00"", ""team"": ""Mes Kerman"", ""team_key"": ""mes kerman""}, {""goals_against"": 2.0, ""goals_for"": 1.0, ""home"": true, ""league"": ""Azadegan League"", ""opponent"": ""Nassaji Mazandaran"", ""opponent_key"": ""nassaji mazandaran"", ""start"": ""2026-05-27T13:30:00+00:00"", ""team"": ""Mes Kerman"", ""team_key"": ""mes kerman""}, {""goals_against"": 0.0, ""goals_for"": 0.0, ""home"": false, ""league"": ""Azadegan League"", ""opponent"": ""Ario Eslamshahr"", ""opponent_key"": ""ario eslamshahr"", ""start"": ""2026-05-21T13:30:00+00:00"", ""team"": ""Mes Kerman"", ""team_key"": ""mes kerman""}, {""goals_against"": 1.0, ""goals_for"": 0.0, ""home"": true, ""league"": ""Azadegan League"", ""opponent"": ""Mes Shahr-e Babak"", ""opponent_key"": ""mes shahr e babak"", ""start"": ""2026-05-14T13:15:00+00:00"", ""team"": ""Mes Kerman"", ""team_key"": ""mes kerman""}], ""mode"": ""team_form""}","{""away_goals_against_avg"": 0.5, ""away_goals_for_avg"": 1.0, ""away_recent_count"": 4, ""away_team_key"": ""naft gachsaran"", ""home_goals_against_avg"": 0.75, ""home_goals_for_avg"": 0.75, ""home_recent_count"": 4, ""home_team_key"": ""mes kerman"", ""league_overlap_count"": 8, ""provider_odds_hints_count"": 0, ""sstats_mode"": ""team_form""}",6396fb91d0be37751e4f70703a3b8a70c95c9e52,1
soccer|bulawayo chiefs|telone|2026-06-09,openligadb,fixture_results,2026-06-09T03:07:49.166670+00:00,,,59.07,"{""away_win_probability"": 0.5447, ""clubelo_draw_probability"": 0.2318, ""expected_away"": 1.205, ""expected_home"": 1.145, ""home_win_probability"": 0.2235}","{""away_rating"": {""Club"": ""Lyon"", ""Country"": ""FRA"", ""Elo"": ""1730.66906738"", ""From"": ""2026-05-25"", ""Level"": ""1"", ""Rank"": ""44"", ""To"": ""2026-06-10""}, ""home_rating"": {""Club"": ""Lech"", ""Country"": ""POL"", ""Elo"": ""1520.91882324"", ""From"": ""2026-05-24"", ""Level"": ""1"", ""Rank"": ""None"", ""To"": ""2026-06-10""}}","{""away_rating"": 1730.7, ""clubelo_away_elo"": 1730.7, ""clubelo_draw_probability"": 0.2318, ""clubelo_elo_diff_home_adv"": -154.8, ""clubelo_home_elo"": 1520.9, ""home_rating"": 1520.9}",f831e3c57301ae3a5db3899cca50f7466cf4db5e,1
soccer|bulawayo chiefs|telone|2026-06-09,sstats,xg_form,2026-06-09T03:07:49.166670+00:00,,,65.0,"{""away_win_probability"": 0.3684, ""expected_away"": 1.068, ""expected_home"": 1.011, ""home_win_probability"": 0.3488}","{""away_recent"": [{""goals_against"": 0.0, ""goals_for"": 1.0, ""home"": true, ""league"": ""Premier Soccer League"", ""opponent"": ""Highlanders"", ""opponent_key"": ""highlanders"", ""start"": ""2026-06-06T13:00:00+00:00"", ""team"": ""TelOne"", ""team_key"": ""telone""}, {""goals_against"": 1.0, ""goals_for"": 0.0, ""home"": true, ""league"": ""Premier Soccer League"", ""opponent"": ""Agama"", ""opponent_key"": ""agama"", ""start"": ""2026-05-31T13:00:00+00:00"", ""team"": ""TelOne"", ""team_key"": ""telone""}, {""goals_against"": 1.0, ""goals_for"": 1.0, ""home"": false, ""league"": ""Premier Soccer League"", ""opponent"": ""Hunters"", ""opponent_key"": ""hunters"", ""start"": ""2026-05-24T13:00:00+00:00"", ""team"": ""TelOne"", ""team_key"": ""telone""}, {""goals_against"": 2.0, ""goals_for"": 1.0, ""home"": true, ""league"": ""Premier Soccer League"", ""opponent"": ""Manica Diamonds"", ""opponent_key"": ""manica diamonds"", ""start"": ""2026-05-16T13:00:00+00:00"", ""team"": ""TelOne"", ""team_key"": ""telone""}, {""goals_against"": 1.0, ""goals_for"": 1.0, ""home"": false, ""league"": ""Premier Soccer League"", ""opponent"": ""Ngezi Platinum"", ""opponent_key"": ""ngezi platinum"", ""start"": ""2026-05-13T13:00:00+00:00"", ""team"": ""TelOne"", ""team_key"": ""telone""}, {""goals_against"": 3.0, ""goals_for"": 0.0, ""home"": true, ""league"": ""Premier Soccer League"", ""opponent"": ""Hardrock"", ""opponent_key"": ""hardrock"", ""start"": ""2026-05-09T13:00:00+00:00"", ""team"": ""TelOne"", ""team_key"": ""telone""}, {""goals_against"": 1.0, ""goals_for"": 2.0, ""home"": false, ""league"": ""Premier Soccer League"", ""opponent"": ""Triangle United"", ""opponent_key"": ""triangle united"", ""start"": ""2026-05-03T13:00:00+00:00"", ""team"": ""TelOne"", ""team_key"": ""telone""}, {""goals_against"": 1.0, ""goals_for"": 0.0, ""home"": true, ""league"": ""Premier Soccer League"", ""opponent"": ""Herentals"", ""opponent_key"": ""herentals"", ""start"": ""2026-04-25T13:00:00+00:00"", ""team"": ""TelOne"", ""team_key"": ""telone""}], ""home_recent"": [{""goals_against"": 0.0, ""goals_for"": 0.0, ""home"": true, ""league"": ""Premier Soccer League"", ""opponent"": ""Manica Diamonds"", ""opponent_key"": ""manica diamonds"", ""start"": ""2026-06-01T13:00:00+00:00"", ""team"": ""Bulawayo Chiefs"", ""team_key"": ""bulawayo chiefs""}, {""goals_against"": 4.0, ""goals_for"": 2.0, ""home"": false, ""league"": ""Premier Soccer League"", ""opponent"": ""Ngezi Platinum"", ""opponent_key"": ""ngezi platinum"", ""start"": ""2026-05-23T13:00:00+00:00"", ""team"": ""Bulawayo Chiefs"", ""team_key"": ""bulawayo chiefs""}, {""goals_against"": 2.0, ""goals_for"": 0.0, ""home"": true, ""league"": ""Premier Soccer League"", ""opponent"": ""Hardrock"", ""opponent_key"": ""hardrock"", ""start"": ""2026-05-16T13:00:00+00:00"", ""team"": ""Bulawayo Chiefs"", ""team_key"": ""bulawayo chiefs""}, {""goals_against"": 2.0, ""goals_for"": 2.0, ""home"": false, ""league"": ""Premier Soccer League"", ""opponent"": ""Triangle United"", ""opponent_key"": ""triangle united"", ""start"": ""2026-05-13T13:00:00+00:00"", ""team"": ""Bulawayo Chiefs"", ""team_key"": ""bulawayo chiefs""}, {""goals_against"": 2.0, ""goals_for"": 2.0, ""home"": true, ""league"": ""Premier Soccer League"", ""opponent"": ""Herentals"", ""opponent_key"": ""herentals"", ""start"": ""2026-05-09T13:00:00+00:00"", ""team"": ""Bulawayo Chiefs"", ""team_key"": ""bulawayo chiefs""}, {""goals_against"": 0.0, ""goals_for"": 1.0, ""home"": false, ""league"": ""Premier Soccer League"", ""opponent"": ""CAPS United"", ""opponent_key"": ""caps united"", ""start"": ""2026-05-02T13:00:00+00:00"", ""team"": ""Bulawayo Chiefs"", ""team_key"": ""bulawayo chiefs""}, {""goals_against"": 0.0, ""goals_for"": 2.0, ""home"": true, ""league"": ""Premier Soccer League"", ""opponent"": ""Chicken Inn"", ""opponent_key"": ""chicken inn"", ""start"": ""2026-04-25T13:00:00+00:00"", ""team"": ""Bulawayo Chiefs"", ""team_key"": ""bulawayo chiefs""}], ""mode"": ""team_form""}","{""away_goals_against_avg"": 1.25, ""away_goals_for_avg"": 0.75, ""away_recent_count"": 8, ""away_team_key"": ""telone"", ""home_goals_against_avg"": 1.429, ""home_goals_for_avg"": 1.286, ""home_recent_count"": 7, ""home_team_key"": ""bulawayo chiefs"", ""league_overlap_count"": 15, ""provider_odds_hints_count"": 0, ""sstats_mode"": ""team_form""}",315318e4cb89efa5ab62b728a17518e5b1213fcd,1
soccer|agrobiznes volochisk|kudrivka|2026-06-09,sstats,xg_form,2026-06-09T03:07:49.166670+00:00,,,65.0,"{""away_win_probability"": 0.272, ""expected_away"": 0.864, ""expected_home"": 1.492, ""home_win_probability"": 0.4698}","{""away_recent"": [{""goals_against"": 3.0, ""goals_for"": 2.0, ""home"": false, ""league"": ""Premier League"", ""opponent"": ""Dynamo Kyiv"", ""opponent_key"": ""dynamo kyiv"", ""start"": ""2026-05-24T10:00:00+00:00"", ""team"": ""Kudrivka"", ""team_key"": ""kudrivka""}, {""goals_against"": 0.0, ""goals_for"": 1.0, ""home"": true, ""league"": ""Premier League"", ""opponent"": ""LNZ Cherkasy"", ""opponent_key"": ""lnz cherkasy"", ""start"": ""2026-05-18T10:00:00+00:00"", ""team"": ""Kudrivka"", ""team_key"": ""kudrivka""}, {""goals_against"": 1.0, ""goals_for"": 2.0, ""home"": true, ""league"": ""Premier League"", ""opponent"": ""Ruh Lviv"", ""opponent_key"": ""ruh lviv"", ""start"": ""2026-05-14T10:00:00+00:00"", ""team"": ""Kudrivka"", ""team_key"": ""kudrivka""}, {""goals_against"": 1.0, ""goals_for"": 1.0, ""home"": false, ""league"": ""Premier League"", ""opponent"": ""Obolon'-Brovar"", ""opponent_key"": ""obolon brovar"", ""start"": ""2026-05-03T10:00:00+00:00"", ""team"": ""Kudrivka"", ""team_key"": ""kudrivka""}, {""goals_against"": 3.0, ""goals_for"": 1.0, ""home"": true, ""league"": ""Premier League"", ""opponent"": ""Shakhtar Donetsk"", ""opponent_key"": ""shakhtar donetsk"", ""start"": ""2026-04-26T15:00:00+00:00"", ""team"": ""Kudrivka"", ""team_key"": ""kudrivka""}, {""goals_against"": 5.0, ""goals_for"": 2.0, ""home"": true, ""league"": ""U19 League"", ""opponent"": ""Rukh Vynnyky U19"", ""opponent_key"": ""rukh vynnyky"", ""start"": ""2026-05-12T08:00:00+00:00"", ""team"": ""Kudrivka U19"", ""team_key"": ""kudrivka""}, {""goals_against"": 4.0, ""goals_for"": 1.0, ""home"": false, ""league"": ""U19 League"", ""opponent"": ""Kolos Kovalivka U19"", ""opponent_key"": ""kolos kovalivka"", ""start"": ""2026-05-07T10:00:00+00:00"", ""team"": ""Kudrivka U19"", ""team_key"": ""kudrivka""}, {""goals_against"": 2.0, ""goals_for"": 0.0, ""home"": false, ""league"": ""U19 League"", ""opponent"": ""Obolon' Kyiv U19"", ""opponent_key"": ""obolon kyiv"", ""start"": ""2026-05-02T11:00:00+00:00"", ""team"": ""Kudrivka U19"", ""team_key"": ""kudrivka""}, {""goals_against"": 3.0, ""goals_for"": 0.0, ""home"": true, ""league"": ""U19 League"", ""opponent"": ""Shakhtar Donetsk U19"", ""opponent_key"": ""shakhtar donetsk"", ""start"": ""2026-04-25T08:00:00+00:00"", ""team"": ""Kudrivka U19"", ""team_key"": ""kudrivka""}], ""home_recent"": [{""goals_against"": 0.0, ""goals_for"": 1.0, ""home"": true, ""league"": ""Persha Liga"", ""opponent"": ""Chernihiv"", ""opponent_key"": ""chernihiv"", ""start"": ""2026-06-01T10:00:00+00:00"", ""team"": ""Ahrobiznes Volochysk"", ""team_key"": ""ahrobiznes volochysk""}, {""goals_against"": 1.0, ""goals_for"": 1.0, ""home"": false, ""league"": ""Persha Liga"", ""opponent"": ""Prykarpattia"", ""opponent_key"": ""prykarpattia"", ""start"": ""2026-05-23T10:00:00+00:00"", ""team"": ""Ahrobiznes Volochysk"", ""team_key"": ""ahrobiznes volochysk""}, {""goals_against"": 0.0, ""goals_for"": 1.0, ""home"": true, ""league"": ""Persha Liga"", ""opponent"": ""Viktoriya Mykolaivka"", ""opponent_key"": ""viktoriya mykolaivka"", ""start"": ""2026-05-16T09:30:00+00:00"", ""team"": ""Ahrobiznes Volochysk"", ""team_key"": ""ahrobiznes volochysk""}, {""goals_against"": 1.0, ""goals_for"": 0.0, ""home"": false, ""league"": ""Persha Liga"", ""opponent"": ""Probiy Horodenka"", ""opponent_key"": ""probiy horodenka"", ""start"": ""2026-05-10T12:00:00+00:00"", ""team"": ""Ahrobiznes Volochysk"", ""team_key"": ""ahrobiznes volochysk""}, {""goals_against"": 0.0, ""goals_for"": 1.0, ""home"": true, ""league"": ""Persha Liga"", ""opponent"": ""Inhulets"", ""opponent_key"": ""inhulets"", ""start"": ""2026-04-26T10:30:00+00:00"", ""team"": ""Ahrobiznes Volochysk"", ""team_key"": ""ahrobiznes volochysk""}], ""mode"": ""team_form""}","{""away_goals_against_avg"": 2.444, ""away_goals_for_avg"": 1.111, ""away_recent_count"": 9, ""away_team_key"": ""kudrivka"", ""home_goals_against_avg"": 0.4, ""home_goals_for_avg"": 0.8, ""home_recent_count"": 5, ""home_team_key"": ""ahrobiznes volochysk"", ""league_overlap_count"": 5, ""provider_odds_hints_count"": 0, ""sstats_mode"": ""team_form""}",c7b2d2b77692ed384f84327de45a8e6fbf5241d6,1
soccer|juventud las piedras|liverpool montevideo|2026-06-09,sstats,xg_form,2026-06-09T03:07:49.166670+00:00,,,65.0,"{""away_win_probability"": 0.3449, ""expected_away"": 1.109, ""expected_home"": 1.286, ""home_win_probability"": 0.4001}","{""away_recent"": [{""goals_against"": 2.0, ""goals_for"": 1.0, ""home"": false, ""league"": ""Primera División - Apertura"", ""opponent"": ""Club Nacional"", ""opponent_key"": ""nacional"", ""start"": ""2026-06-06T21:30:00+00:00"", ""team"": ""Juventud"", ""team_key"": ""juventud""}, {""goals_against"": 5.0, ""goals_for"": 2.0, ""home"": true, ""league"": ""Primera División - Apertura"", ""opponent"": ""Wanderers"", ""opponent_key"": ""wanderers"", ""start"": ""2026-05-31T18:00:00+00:00"", ""team"": ""Juventud"", ""team_key"": ""juventud""}, {""goals_against"": 1.0, ""goals_for"": 1.0, ""home"": false, ""league"": ""CONMEBOL Sudamericana"", ""opponent"": ""Cienciano"", ""opponent_key"": ""cienciano"", ""start"": ""2026-05-27T22:00:00+00:00"", ""team"": ""Juventud"", ""team_key"": ""juventud""}, {""goals_against"": 0.0, ""goals_for"": 2.0, ""home"": true, ""league"": ""Primera División - Apertura"", ""opponent"": ""Progreso"", ""opponent_key"": ""progreso"", ""start"": ""2026-05-16T18:00:00+00:00"", ""team"": ""Juventud"", ""team_key"": ""juventud""}, {""goals_against"": 1.0, ""goals_for"": 2.0, ""home"": false, ""league"": ""Primera División - Apertura"", ""opponent"": ""Defensor Sporting"", ""opponent_key"": ""defensor sporting"", ""start"": ""2026-05-10T14:00:00+00:00"", ""team"": ""Juventud"", ""team_key"": ""juventud""}, {""goals_against"": 2.0, ""goals_for"": 2.0, ""home"": true, ""league"": ""CONMEBOL Sudamericana"", ""opponent"": ""Atletico-MG"", ""opponent_key"": ""atletico mg"", ""start"": ""2026-05-05T22:00:00+00:00"", ""team"": ""Juventud"", ""team_key"": ""juventud""}, {""goals_against"": 1.0, ""goals_for"": 2.0, ""home"": true, ""league"": ""Primera División - Apertura"", ""opponent"": ""Wanderers"", ""opponent_key"": ""wanderers"", ""start"": ""2026-05-02T15:30:00+00:00"", ""team"": ""Juventud"", ""team_key"": ""juventud""}, {""goals_against"": 0.0, ""goals_for"": 4.0, ""home"": true, ""league"": ""CONMEBOL Sudamericana"", ""opponent"": ""Puerto Cabello"", ""opponent_key"": ""puerto cabello"", ""start"": ""2026-04-29T22:00:00+00:00"", ""team"": ""Juventud"", ""team_key"": ""juventud""}, {""goals_against"": 1.0, ""goals_for"": 1.0, ""home"": true, ""league"": ""Primera División - Apertura"", ""opponent"": ""Liverpool Montevideo"", ""opponent_key"": ""liverpool montevideo"", ""start"": ""2026-04-25T15:00:00+00:00"", ""team"": ""Juventud"", ""team_key"": ""juventud""}], ""home_recent"": [{""goals_against"": 0.0, ""goals_for"": 1.0, ""home"": false, ""league"": ""Primera División - Apertura"", ""opponent"": ""Boston River"", ""opponent_key"": ""boston river"", ""start"": ""2026-06-01T18:00:00+00:00"", ""team"": ""Liverpool Montevideo"", ""team_key"": ""liverpool montevideo""}, {""goals_against"": 0.0, ""goals_for"": 0.0, ""home"": true, ""league"": ""Primera División - Apertura"", ""opponent"": ""Racing Montevideo"", ""opponent_key"": ""racing montevideo"", ""start"": ""2026-05-22T22:30:00+00:00"", ""team"": ""Liverpool Montevideo"", ""team_key"": ""liverpool montevideo""}, {""goals_against"": 2.0, ""goals_for"": 1.0, ""home"": false, ""league"": ""Primera División - Apertura"", ""opponent"": ""Penarol"", ""opponent_key"": ""penarol"", ""start"": ""2026-05-16T21:30:00+00:00"", ""team"": ""Liverpool Montevideo"", ""team_key"": ""liverpool montevideo""}, {""goals_against"": 1.0, ""goals_for"": 0.0, ""home"": false, ""league"": ""Primera División - Apertura"", ""opponent"": ""Wanderers"", ""opponent_key"": ""wanderers"", ""start"": ""2026-05-08T22:30:00+00:00"", ""team"": ""Liverpool Montevideo"", ""team_key"": ""liverpool montevideo""}, {""goals_against"": 0.0, ""goals_for"": 3.0, ""home"": true, ""league"": ""Primera División - Apertura"", ""opponent"": ""Danubio"", ""opponent_key"": ""danubio"", ""start"": ""2026-05-02T21:30:00+00:00"", ""team"": ""Liverpool Montevideo"", ""team_key"": ""liverpool montevideo""}, {""goals_against"": 1.0, ""goals_for"": 1.0, ""home"": false, ""league"": ""Primera División - Apertura"", ""opponent"": ""Juventud"", ""opponent_key"": ""juventud"", ""start"": ""2026-04-25T15:00:00+00:00"", ""team"": ""Liverpool Montevideo"", ""team_key"": ""liverpool montevideo""}], ""mode"": ""team_form""}","{""away_goals_against_avg"": 1.444, ""away_goals_for_avg"": 1.889, ""away_recent_count"": 9, ""away_team_key"": ""juventud"", ""home_goals_against_avg"": 0.667, ""home_goals_for_avg"": 1.0, ""home_recent_count"": 6, ""home_team_key"": ""liverpool montevideo"", ""league_overlap_count"": 0, ""provider_odds_hints_count"": 0, ""sstats_mode"": ""team_form""}",c36055d1a9b0c9a5e63268e479b0420d2ef6eba9,1
soccer|chile|dr congo|2026-06-09,bzzoiro,xg_prediction,2026-06-09T03:07:49.166670+00:00,,,72.0,"{""away_win_probability"": 0.07, ""bzzoiro_draw_probability"": 0.134, ""bzzoiro_over25_probability"": 0.513, ""bzzoiro_weather"": {""code"": null, ""description"": null, ""temperature_c"": null, ""wind_speed"": null}, ""expected_away"": 1.3, ""expected_home"": 1.65, ""home_win_probability"": 0.7959999999999999}","{""comparison"": {""away_team"": ""Chile"", ""away_team_id"": 936, ""bookmakers_count"": 0, ""event_date"": ""2026-06-09T16:00:00Z"", ""event_id"": 207894, ""home_team"": ""DR Congo"", ""home_team_id"": 648, ""league_id"": 31, ""league_name"": ""International Friendly Games"", ""markets"": {}, ""total_odds"": 0}, ""event"": {""attendance"": null, ""away_coach_id"": 577, ""away_score"": null, ""away_score_ht"": null, ""away_team"": ""Chile"", ""away_team_id"": 936, ""current_minute"": null, ""event_date"": ""2026-06-09T16:00:00+00:00"", ""extra_time_score"": null, ""group_name"": null, ""head_to_head"": null, ""highlights"": [], ""home_coach_id"": 583, ""home_score"": null, ""home_score_ht"": null, ""home_team"": ""DR Congo"", ""home_team_id"": 648, ""id"": 207894, ""is_local_derby"": false, ""is_neutral_ground"": false, ""league_id"": 31, ""live_websocket"": false, ""penalty_shootout"": null, ""period"": """", ""pitch_condition"": null, ""referee_id"": null, ""replaced_by"": null, ""round_name"": """", ""round_number"": null, ""season_id"": 133, ""status"": ""notstarted"", ""travel_distance_km"": null, ""venue_id"": 1529, ""weather"": {""code"": null, ""description"": null, ""temperature_c"": null, ""wind_speed"": null}}, ""metadata"": {""ai_preview"": {""generated_at"": ""2026-06-09T01:46:49.224757+00:00"", ""text"": ""**DR Congo looking to keep the party rolling against a slumping Chile side.** 🇨🇩 This is a proper mismatch on paper — one team riding form, the other desperately searching for a win.\n\nDR Congo's unbeaten run (2W 3D) sits nicely against Chile's current nightmare (1D 4L in five). The Leopards have been solid defensively overseas and lethal at home; meanwhile, Chile just got dismantled 3-0 by Brazil and shut out by Uruguay. This reeks of a confidence mismatch.\n\nKey storylines:\n\n- **C. Bakambu** and **T. Bongonda** spearheading DR Congo's attack against a brittle **G. Maripán** and **F. Sierralta** backline\n- **A. Wan-Bissaka** anchoring the right flank while Chile's **F. Hormazábal** tries to weather the storm\n- Chile desperately needing a spark — **I. Morales** carries the creative load but has little support around him\n\nExpected lineups:\n\n- **DR Congo**: L. Mpasi Nzau, C. Mbemba, A. Tuanzebe, A. Wan-Bissaka, S. Moutoussamy, N. Mbuku, T. Bongonda, N. Sadiki, C. Bakambu\n- **Chile**: B. Cortés, G. Suazo, G. Maripán, F. Sierralta, F. Loyola, F. Sierralta, R. Echeverría, V. Pizarro, I. Morales, L. Cepeda\n\nBest picks:\n\n- **Total Goals 1.5**: Over 1.5 goals\n\nPrediction:\n\n**DR Congo 2–0 Chile.** The Leopards have the edge in every compartment — form, structure, and killer instinct. 🐾""}, ""event_id"": 207894, ""funfacts"": [], ""jerseys"": null}, ""odds"": {""event_id"": 207894, ""odds"": {""away_win"": null, ""btts_no"": null, ""btts_yes"": null, ""draw"": null, ""home_win"": null, ""over_15_goals"": null, ""over_25_goals"": null, ""over_35_goals"": null, ""under_15_goals"": null, ""under_25_goals"": null, ""under_35_goals"": null}}, ""odds_comparison"": {""away_team"": ""Chile"", ""away_team_id"": 936, ""bookmakers_count"": 0, ""event_date"": ""2026-06-09T16:00:00Z"", ""event_id"": 207894, ""home_team"": ""DR Congo"", ""home_team_id"": 648, ""league_id"": 31, ""league_name"": ""International Friendly Games"", ""markets"": {}, ""total_odds"": 0}, ""prediction"": {""created_at"": ""2026-06-02T10:52:30Z"", ""event"": {""away_team"": ""Chile"", ""away_team_id"": 936, ""event_date"": ""2026-06-09T16:00:00Z"", ""home_team"": ""DR Congo"", ""home_team_id"": 648, ""id"": 207894, ""league_id"": 31, ""league_name"": ""International Friendly Games"", ""status"": ""notstarted""}, ""id"": 4728, ""markets"": {""btts"": {""prob_yes"": 31.8}, ""expected_goals"": {""away"": 1.3, ""home"": 1.65}, ""match_result"": {""predicted"": ""H"", ""prob_away"": 7.0, ""prob_draw"": 13.4, ""prob_home"": 79.6}, ""over_under"": {""prob_over_15"": 81.6, ""prob_over_25"": 51.3, ""prob_over_35"": 33.6}, ""score"": {""most_likely"": ""1-1""}}, ""model"": {""confidence"": 0.7958, ""version"": ""v5.0""}, ""recommendations"": {""bet_favorite"": false, ""btts"": false, ""favorite"": ""H"", ""favorite_prob"": 79.6, ""over_15"": false, ""over_25"": false, ""over_35"": false, ""winner"": false}}, ""stats"": {""average_positions"": {}, ""event_id"": 207894, ""momentum"": [], ""shotmap"": [], ""stats"": {""away"": {""xg"": {""actual"": null}}, ""home"": {""xg"": {""actual"": null}}}, ""xg_per_minute"": []}}","{""bzzoiro_api_version"": ""v2"", ""bzzoiro_comparison_bridge_hints_added"": 0, ""bzzoiro_context_limit_removed"": true, ""bzzoiro_context_sources_used"": {""compact_odds"": true, ""metadata"": true, ""odds_flat_rows"": 0, ""prediction"": true, ""stats"": true}, ""bzzoiro_draw_probability"": 0.134, ""bzzoiro_event_id"": 207894, ""bzzoiro_is_local_derby"": false, ""bzzoiro_is_neutral_ground"": false, ""bzzoiro_match_quality"": ""exact"", ""bzzoiro_over25_probability"": 0.513, ""bzzoiro_prediction_confidence"": 0.7958, ""bzzoiro_status"": ""notstarted"", ""bzzoiro_travel_distance_km"": null, ""bzzoiro_v2_comparison_hints_added"": 0, ""bzzoiro_v2_odds_comparison_attached"": true, ""bzzoiro_v2_odds_comparison_event_id"": ""207894"", ""bzzoiro_v2_source_matrix_patch"": true, ""bzzoiro_weather"": {""code"": null, ""description"": null, ""temperature_c"": null, ""wind_speed"": null}, ""provider_metric_hints"": {""favorite"": ""H"", ""is_local_derby"": false, ""is_neutral_ground"": false, ""model_version"": ""v5.0"", ""prob_draw"": 0.134, ""prob_over_1_5"": 0.816, ""prob_over_2_5"": 0.513, ""prob_over_3_5"": 0.336, ""provider_confidence"": 0.7958}, ""provider_metric_hints_count"": 9, ""provider_odds_hints"": [], ""provider_odds_hints_count"": 0, ""source_tokens"": [""bzzoiro""]}",c7da683c8a877e89dcdff85d878fb89aa85aef04,1
soccer|north lakes united|peninsula power|2026-06-09,openligadb,fixture_results,2026-06-09T03:07:49.166670+00:00,,,59.24,"{""away_win_probability"": 0.2181, ""clubelo_draw_probability"": 0.2305, ""expected_away"": 0.95, ""expected_home"": 1.461, ""home_win_probability"": 0.5514}","{""away_rating"": {""Club"": ""Panetolikos"", ""Country"": ""GRE"", ""Elo"": ""1292.25964355"", ""From"": ""2026-05-22"", ""Level"": ""1"", ""Rank"": ""None"", ""To"": ""2026-06-10""}, ""home_rating"": {""Club"": ""Konyaspor"", ""Country"": ""TUR"", ""Elo"": ""1398.39013672"", ""From"": ""2026-05-18"", ""Level"": ""1"", ""Rank"": ""None"", ""To"": ""2026-06-10""}}","{""away_rating"": 1292.3, ""clubelo_away_elo"": 1292.3, ""clubelo_draw_probability"": 0.2305, ""clubelo_elo_diff_home_adv"": 161.1, ""clubelo_home_elo"": 1398.4, ""home_rating"": 1398.4}",dc8e67c51a0d8abaa1f6193c5684aff54aab1c0d,1
soccer|north lakes united|peninsula power|2026-06-09,sstats,xg_form,2026-06-09T03:07:49.166670+00:00,,,64.2,"{""away_win_probability"": 0.2648, ""expected_away"": 0.983, ""expected_home"": 1.91, ""home_win_probability"": 0.5144}","{""away_recent"": [{""goals_against"": 0.0, ""goals_for"": 1.0, ""home"": true, ""league"": ""I-League - 2nd Division"", ""opponent"": ""Sudeva"", ""opponent_key"": ""sudeva"", ""start"": ""2026-05-09T09:30:00+00:00"", ""team"": ""United"", ""team_key"": ""united""}, {""goals_against"": 1.0, ""goals_for"": 1.0, ""home"": true, ""league"": ""I-League - 2nd Division"", ""opponent"": ""Karbi Anglong Morning Star FC"", ""opponent_key"": ""karbi anglong morning star"", ""start"": ""2026-05-02T09:30:00+00:00"", ""team"": ""United"", ""team_key"": ""united""}, {""goals_against"": 0.0, ""goals_for"": 1.0, ""home"": true, ""league"": ""I-League - 2nd Division"", ""opponent"": ""NEROCA"", ""opponent_key"": ""neroca"", ""start"": ""2026-04-26T09:30:00+00:00"", ""team"": ""United"", ""team_key"": ""united""}], ""home_recent"": [{""goals_against"": 0.0, ""goals_for"": 2.0, ""home"": false, ""league"": ""Queensland NPL"", ""opponent"": ""Rochedale Rovers"", ""opponent_key"": ""rochedale rovers"", ""start"": ""2026-06-06T09:00:00+00:00"", ""team"": ""Peninsula Power"", ""team_key"": ""peninsula power""}, {""goals_against"": 0.0, ""goals_for"": 4.0, ""home"": false, ""league"": ""Queensland NPL"", ""opponent"": ""Gold Coast United"", ""opponent_key"": ""gold coast united"", ""start"": ""2026-05-30T05:00:00+00:00"", ""team"": ""Peninsula Power"", ""team_key"": ""peninsula power""}, {""goals_against"": 2.0, ""goals_for"": 3.0, ""home"": true, ""league"": ""Queensland NPL"", ""opponent"": ""Magic United"", ""opponent_key"": ""magic united"", ""start"": ""2026-05-23T07:00:00+00:00"", ""team"": ""Peninsula Power"", ""team_key"": ""peninsula power""}, {""goals_against"": 2.0, ""goals_for"": 3.0, ""home"": true, ""league"": ""Queensland NPL"", ""opponent"": ""Lions"", ""opponent_key"": ""lions"", ""start"": ""2026-04-25T06:00:00+00:00"", ""team"": ""Peninsula Power"", ""team_key"": ""peninsula power""}], ""mode"": ""team_form""}","{""away_goals_against_avg"": 0.333, ""away_goals_for_avg"": 1.0, ""away_recent_count"": 3, ""away_team_key"": ""united"", ""home_goals_against_avg"": 1.0, ""home_goals_for_avg"": 3.0, ""home_recent_count"": 4, ""home_team_key"": ""peninsula power"", ""league_overlap_count"": 0, ""provider_odds_hints_count"": 0, ""sstats_mode"": ""team_form""}",f76cdfb2fc8fceed6c5f439efa3ba7b65cd39e7b,1
soccer|naft bandar abbas|shahrdari noshahr|2026-06-09,sstats,xg_form,2026-06-09T03:07:49.166670+00:00,,,65.0,"{""away_win_probability"": 0.2309, ""expected_away"": 0.473, ""expected_home"": 0.757, ""home_win_probability"": 0.3691}","{""away_recent"": [{""goals_against"": 1.0, ""goals_for"": 1.0, ""home"": false, ""league"": ""Azadegan League"", ""opponent"": ""Ario Eslamshahr"", ""opponent_key"": ""ario eslamshahr"", ""start"": ""2026-06-02T14:00:00+00:00"", ""team"": ""Shahrdari Noshahr"", ""team_key"": ""shahrdari noshahr""}, {""goals_against"": 2.0, ""goals_for"": 0.0, ""home"": true, ""league"": ""Azadegan League"", ""opponent"": ""Pars Jonoubi JAM"", ""opponent_key"": ""pars jonoubi jam"", ""start"": ""2026-05-27T13:00:00+00:00"", ""team"": ""Shahrdari Noshahr"", ""team_key"": ""shahrdari noshahr""}, {""goals_against"": 0.0, ""goals_for"": 0.0, ""home"": false, ""league"": ""Azadegan League"", ""opponent"": ""Mes Shahr-e Babak"", ""opponent_key"": ""mes shahr e babak"", ""start"": ""2026-05-21T13:15:00+00:00"", ""team"": ""Shahrdari Noshahr"", ""team_key"": ""shahrdari noshahr""}, {""goals_against"": 0.0, ""goals_for"": 0.0, ""home"": true, ""league"": ""Azadegan League"", ""opponent"": ""Fard Alborz"", ""opponent_key"": ""fard alborz"", ""start"": ""2026-05-14T13:00:00+00:00"", ""team"": ""Shahrdari Noshahr"", ""team_key"": ""shahrdari noshahr""}], ""home_recent"": [{""goals_against"": 0.0, ""goals_for"": 0.0, ""home"": false, ""league"": ""Azadegan League"", ""opponent"": ""Pars Jonoubi JAM"", ""opponent_key"": ""pars jonoubi jam"", ""start"": ""2026-06-02T15:30:00+00:00"", ""team"": ""Naft Bandar Abbas"", ""team_key"": ""naft bandar abbas""}, {""goals_against"": 0.0, ""goals_for"": 1.0, ""home"": true, ""league"": ""Azadegan League"", ""opponent"": ""Fard Alborz"", ""opponent_key"": ""fard alborz"", ""start"": ""2026-05-27T14:30:00+00:00"", ""team"": ""Naft Bandar Abbas"", ""team_key"": ""naft bandar abbas""}, {""goals_against"": 2.0, ""goals_for"": 1.0, ""home"": false, ""league"": ""Azadegan League"", ""opponent"": ""Mes Soongoun"", ""opponent_key"": ""mes soongoun"", ""start"": ""2026-05-21T12:00:00+00:00"", ""team"": ""Naft Bandar Abbas"", ""team_key"": ""naft bandar abbas""}, {""goals_against"": 1.0, ""goals_for"": 1.0, ""home"": true, ""league"": ""Azadegan League"", ""opponent"": ""Naft Gachsaran"", ""opponent_key"": ""naft gachsaran"", ""start"": ""2026-05-14T14:15:00+00:00"", ""team"": ""Naft Bandar Abbas"", ""team_key"": ""naft bandar abbas""}], ""mode"": ""team_form""}","{""away_goals_against_avg"": 0.75, ""away_goals_for_avg"": 0.25, ""away_recent_count"": 4, ""away_team_key"": ""shahrdari noshahr"", ""home_goals_against_avg"": 0.75, ""home_goals_for_avg"": 0.75, ""home_recent_count"": 4, ""home_team_key"": ""naft bandar abbas"", ""league_overlap_count"": 8, ""provider_odds_hints_count"": 0, ""sstats_mode"": ""team_form""}",1b1d426efcc7fd48fc26ef7ff04d6856f62d24a6,1
soccer|albania|ukraine|2026-06-09,sstats,xg_form,2026-06-09T03:07:49.166670+00:00,,,65.0,"{""away_win_probability"": 0.3176, ""expected_away"": 1.107, ""expected_home"": 1.558, ""home_win_probability"": 0.4471}","{""away_recent"": [{""goals_against"": 3.0, ""goals_for"": 2.0, ""home"": true, ""league"": ""UEFA U17 Championship - Qualification"", ""opponent"": ""Latvia U17"", ""opponent_key"": ""latvia"", ""start"": ""2026-06-06T15:00:00+00:00"", ""team"": ""Ukraine U17"", ""team_key"": ""ukraine""}, {""goals_against"": 3.0, ""goals_for"": 0.0, ""home"": false, ""league"": ""Friendlies"", ""opponent"": ""Japan U21"", ""opponent_key"": ""japan"", ""start"": ""2026-06-08T13:00:00+00:00"", ""team"": ""Ukraine U21"", ""team_key"": ""ukraine""}, {""goals_against"": 2.0, ""goals_for"": 1.0, ""home"": false, ""league"": ""Friendlies"", ""opponent"": ""Denmark"", ""opponent_key"": ""denmark"", ""start"": ""2026-06-07T16:30:00+00:00"", ""team"": ""Ukraine"", ""team_key"": ""ukraine""}, {""goals_against"": 1.0, ""goals_for"": 1.0, ""home"": true, ""league"": ""Friendlies"", ""opponent"": ""Norway U18"", ""opponent_key"": ""norway"", ""start"": ""2026-06-06T10:00:00+00:00"", ""team"": ""Ukraine U18"", ""team_key"": ""ukraine""}, {""goals_against"": 0.0, ""goals_for"": 0.0, ""home"": true, ""league"": ""Friendlies"", ""opponent"": ""Finland U18"", ""opponent_key"": ""finland"", ""start"": ""2026-06-04T11:00:00+00:00"", ""team"": ""Ukraine U18"", ""team_key"": ""ukraine""}, {""goals_against"": 0.0, ""goals_for"": 2.0, ""home"": false, ""league"": ""Friendlies"", ""opponent"": ""Poland"", ""opponent_key"": ""poland"", ""start"": ""2026-05-31T15:30:00+00:00"", ""team"": ""Ukraine"", ""team_key"": ""ukraine""}], ""home_recent"": [{""goals_against"": 2.0, ""goals_for"": 2.0, ""home"": false, ""league"": ""UEFA U17 Championship - Qualification"", ""opponent"": ""Latvia U17"", ""opponent_key"": ""latvia"", ""start"": ""2026-06-03T15:00:00+00:00"", ""team"": ""Albania U17"", ""team_key"": ""albania""}, {""goals_against"": 1.0, ""goals_for"": 0.0, ""home"": false, ""league"": ""Friendlies"", ""opponent"": ""Italy U21"", ""opponent_key"": ""italy"", ""start"": ""2026-06-08T16:15:00+00:00"", ""team"": ""Albania U21"", ""team_key"": ""albania""}, {""goals_against"": 0.0, ""goals_for"": 4.0, ""home"": true, ""league"": ""Friendlies"", ""opponent"": ""Bulgaria U17"", ""opponent_key"": ""bulgaria"", ""start"": ""2026-06-08T08:00:00+00:00"", ""team"": ""Albania U17"", ""team_key"": ""albania""}, {""goals_against"": 3.0, ""goals_for"": 0.0, ""home"": false, ""league"": ""Friendlies"", ""opponent"": ""Bulgaria U19"", ""opponent_key"": ""bulgaria"", ""start"": ""2026-06-07T07:30:00+00:00"", ""team"": ""Albania U19"", ""team_key"": ""albania""}, {""goals_against"": 1.0, ""goals_for"": 0.0, ""home"": true, ""league"": ""Friendlies"", ""opponent"": ""Luxembourg"", ""opponent_key"": ""luxembourg"", ""start"": ""2026-06-06T18:00:00+00:00"", ""team"": ""Albania"", ""team_key"": ""albania""}, {""goals_against"": 1.0, ""goals_for"": 0.0, ""home"": false, ""league"": ""Friendlies"", ""opponent"": ""Bulgaria U19"", ""opponent_key"": ""bulgaria"", ""start"": ""2026-06-04T15:00:00+00:00"", ""team"": ""Albania U19"", ""team_key"": ""albania""}, {""goals_against"": 1.0, ""goals_for"": 0.0, ""home"": true, ""league"": ""Friendlies"", ""opponent"": ""Israel"", ""opponent_key"": ""israel"", ""start"": ""2026-06-03T18:00:00+00:00"", ""team"": ""Albania"", ""team_key"": ""albania""}], ""mode"": ""team_form""}","{""away_goals_against_avg"": 1.5, ""away_goals_for_avg"": 1.0, ""away_recent_count"": 6, ""away_team_key"": ""ukraine"", ""home_goals_against_avg"": 1.286, ""home_goals_for_avg"": 0.857, ""home_recent_count"": 7, ""home_team_key"": ""albania"", ""league_overlap_count"": 2, ""provider_odds_hints_count"": 0, ""sstats_mode"": ""team_form""}",0fd0b19f6687b30ab08b05ec78ac5263e4ebaa5c,1
soccer|kuwait|oman|2026-06-09,bzzoiro,xg_prediction,2026-06-09T03:07:49.166670+00:00,,,68.8416,"{""away_win_probability"": 0.355, ""bzzoiro_draw_probability"": 0.301, ""bzzoiro_over25_probability"": 0.479, ""bzzoiro_weather"": {""code"": null, ""description"": null, ""temperature_c"": null, ""wind_speed"": null}, ""expected_away"": 1.3, ""expected_home"": 1.3, ""home_win_probability"": 0.344}","{""comparison"": {""away_team"": ""Oman"", ""away_team_id"": 2220, ""bookmakers_count"": 0, ""event_date"": ""2026-06-09T12:00:00Z"", ""event_id"": 207501, ""home_team"": ""Kuwait"", ""home_team_id"": 2215, ""league_id"": 31, ""league_name"": ""International Friendly Games"", ""markets"": {}, ""total_odds"": 0}, ""event"": {""attendance"": null, ""away_coach_id"": 1598, ""away_score"": null, ""away_score_ht"": null, ""away_team"": ""Oman"", ""away_team_id"": 2220, ""current_minute"": null, ""event_date"": ""2026-06-09T12:00:00+00:00"", ""extra_time_score"": null, ""group_name"": null, ""head_to_head"": {""avg_total_goals"": 2.5, ""away_goals"": 5, ""away_win_rate"": 1.0, ""away_wins"": 2, ""draws"": 0, ""home_goals"": 0, ""home_win_rate"": 0.0, ""home_wins"": 0, ""recent_matches"": [{""away"": ""Oman"", ""date"": ""2025-03-25T18:15:00+00:00"", ""home"": ""Kuwait"", ""score"": ""0-1""}, {""away"": ""Kuwait"", ""date"": ""2024-10-10T16:00:00+00:00"", ""home"": ""Oman"", ""score"": ""4-0""}], ""total_matches"": 2}, ""highlights"": [], ""home_coach_id"": 1795, ""home_score"": null, ""home_score_ht"": null, ""home_team"": ""Kuwait"", ""home_team_id"": 2215, ""id"": 207501, ""is_local_derby"": false, ""is_neutral_ground"": false, ""league_id"": 31, ""live_websocket"": true, ""penalty_shootout"": null, ""period"": """", ""pitch_condition"": null, ""referee_id"": null, ""replaced_by"": null, ""round_name"": """", ""round_number"": null, ""season_id"": 133, ""status"": ""notstarted"", ""travel_distance_km"": null, ""venue_id"": null, ""weather"": {""code"": null, ""description"": null, ""temperature_c"": null, ""wind_speed"": null}}, ""metadata"": {""ai_preview"": {""generated_at"": ""2026-06-09T01:46:08.724554+00:00"", ""text"": ""**Both teams are searching for wins in this Gulf Cup tune-up**, and honestly it feels wide open. 🤷 Kuwait have been leaky on the road (0-4 to South Korea hurts), while Oman are streaky — capable of hammer jobs like that 4-1 over Mozambique, but also capable of getting spanked 0-3 to Indonesia.\n\nKuwait's three losses in five is rough, but they grabbed a draw at Thailand most recently. Oman's W-D-D-L-L stretch shows inconsistency; they're not the most reliable on the road either after that loss to UAE.\n\nKey storylines:\n\n- **K. A. Rashidi** and the Kuwait back line need to tighten up — shipping 4 goals to Korea was brutal\n- **H. S. A. Shahri** anchoring Oman's front five will be key to unlocking Kuwait's creaky defence\n- Midfield battle between **M. Daham, Y. Majed** and **G. Al-Habashi, A. Al-Alawi** could set the tone\n\nExpected lineups:\n\n- **Kuwait**: K. A. Rashidi, F. Al-Hajeri, J. Al-Mutar, M. Khaled, R. A. Dosari, M. Daham, Y. Majed, R. Hani, E. A. Rashidi, Y. Nasser, K. A. Mershed\n- **Oman**: I. Al-Mukhaini, A. Al-Khamisi, K. Al-Braiki, A. Al-Harthi, A. Al-Kaabi, G. Al-Habashi, A. Al-Alawi, A. Fawaz, Z. Al-Aghbari, H. S. A. Shahri, I. Al-Subhi\n\nPrediction:\n\n**1-1** — coin flip energy. Both teams grab a goal and call it a day. 🤝""}, ""event_id"": 207501, ""funfacts"": [{""sentence"": ""Kuwait haven't won in their last 4 games."", ""type_id"": 1}], ""jerseys"": {""away"": {""GK"": {""base"": ""74fe77"", ""number"": ""050505"", ""real"": true, ""sleeve"": ""74fe77"", ""type"": ""short_sleeves""}, ""player"": {""base"": ""ff0000"", ""number"": ""ffffff"", ""real"": true, ""sleeve"": ""189552"", ""type"": ""short_sleeves""}}, ""home"": {""GK"": {""base"": ""0fdf71"", ""number"": ""ffffff"", ""real"": true, ""sleeve"": ""13fc4d"", ""type"": ""short_sleeves""}, ""player"": {""base"": ""0033ff"", ""number"": ""ffffff"", ""real"": true, ""sleeve"": ""0033ff"", ""type"": ""short_sleeves""}}}}, ""odds"": {""event_id"": 207501, ""odds"": {""away_win"": null, ""btts_no"": null, ""btts_yes"": null, ""draw"": null, ""home_win"": null, ""over_15_goals"": null, ""over_25_goals"": null, ""over_35_goals"": null, ""under_15_goals"": null, ""under_25_goals"": null, ""under_35_goals"": null}}, ""odds_comparison"": {""away_team"": ""Oman"", ""away_team_id"": 2220, ""bookmakers_count"": 0, ""event_date"": ""2026-06-09T12:00:00Z"", ""event_id"": 207501, ""home_team"": ""Kuwait"", ""home_team_id"": 2215, ""league_id"": 31, ""league_name"": ""International Friendly Games"", ""markets"": {}, ""total_odds"": 0}, ""prediction"": {""created_at"": ""2026-06-02T10:47:48Z"", ""event"": {""away_team"": ""Oman"", ""away_team_id"": 2220, ""event_date"": ""2026-06-09T12:00:00Z"", ""home_team"": ""Kuwait"", ""home_team_id"": 2215, ""id"": 207501, ""league_id"": 31, ""league_name"": ""International Friendly Games"", ""status"": ""notstarted""}, ""id"": 4658, ""markets"": {""btts"": {""prob_yes"": 44.9}, ""expected_goals"": {""away"": 1.3, ""home"": 1.3}, ""match_result"": {""predicted"": ""A"", ""prob_away"": 35.5, ""prob_draw"": 30.1, ""prob_home"": 34.4}, ""over_under"": {""prob_over_15"": 69.0, ""prob_over_25"": 47.9, ""prob_over_35"": 28.8}, ""score"": {""most_likely"": ""1-1""}}, ""model"": {""confidence"": 0.3552, ""version"": ""v5.0""}, ""recommendations"": {""bet_favorite"": false, ""btts"": false, ""favorite"": ""A"", ""favorite_prob"": 35.5, ""over_15"": false, ""over_25"": false, ""over_35"": false, ""winner"": false}}, ""stats"": {""average_positions"": {}, ""event_id"": 207501, ""momentum"": [], ""shotmap"": [], ""stats"": {""away"": {""xg"": {""actual"": null}}, ""home"": {""xg"": {""actual"": null}}}, ""xg_per_minute"": []}}","{""bzzoiro_api_version"": ""v2"", ""bzzoiro_comparison_bridge_hints_added"": 0, ""bzzoiro_context_limit_removed"": true, ""bzzoiro_context_sources_used"": {""compact_odds"": true, ""metadata"": true, ""odds_flat_rows"": 0, ""prediction"": true, ""stats"": true}, ""bzzoiro_draw_probability"": 0.301, ""bzzoiro_event_id"": 207501, ""bzzoiro_is_local_derby"": false, ""bzzoiro_is_neutral_ground"": false, ""bzzoiro_match_quality"": ""exact"", ""bzzoiro_over25_probability"": 0.479, ""bzzoiro_prediction_confidence"": 0.3552, ""bzzoiro_status"": ""notstarted"", ""bzzoiro_travel_distance_km"": null, ""bzzoiro_v2_comparison_hints_added"": 0, ""bzzoiro_v2_odds_comparison_attached"": true, ""bzzoiro_v2_odds_comparison_event_id"": ""207501"", ""bzzoiro_v2_source_matrix_patch"": true, ""bzzoiro_weather"": {""code"": null, ""description"": null, ""temperature_c"": null, ""wind_speed"": null}, ""provider_metric_hints"": {""favorite"": ""A"", ""is_local_derby"": false, ""is_neutral_ground"": false, ""model_version"": ""v5.0"", ""prob_draw"": 0.301, ""prob_over_1_5"": 0.69, ""prob_over_2_5"": 0.479, ""prob_over_3_5"": 0.288, ""provider_confidence"": 0.3552}, ""provider_metric_hints_count"": 9, ""provider_odds_hints"": [], ""provider_odds_hints_count"": 0, ""source_tokens"": [""bzzoiro""]}",d018ddf49d48f82c7b2f476a9efb03f979d4e982,1
soccer|kuwait|oman|2026-06-09,sstats,xg_form,2026-06-09T03:07:49.166670+00:00,,,48.0,"{""away_win_probability"": 0.35515492315145925, ""expected_away"": 1.3, ""expected_home"": 1.3, ""favorite_prob"": 0.35515492315145925, ""home_win_probability"": 0.3441899459124143, ""prob_btts_yes"": 0.4487433661349478, ""prob_draw"": 0.30065513093612645, ""prob_over_1_5"": 0.6901655378782336, ""prob_over_2_5"": 0.47884476111557817, ""prob_over_3_5"": 0.2882465108915498}","{""btts_recommend"": false, ""confidence"": 35.51549231514593, ""created_at"": ""2026-06-02T10:47:48.968461Z"", ""event"": {""actual_away_xg"": null, ""actual_home_xg"": null, ""ai_preview"": {""generated_at"": ""2026-06-09T01:46:08.724554+00:00"", ""text"": ""**Both teams are searching for wins in this Gulf Cup tune-up**, and honestly it feels wide open. 🤷 Kuwait have been leaky on the road (0-4 to South Korea hurts), while Oman are streaky — capable of hammer jobs like that 4-1 over Mozambique, but also capable of getting spanked 0-3 to Indonesia.\n\nKuwait's three losses in five is rough, but they grabbed a draw at Thailand most recently. Oman's W-D-D-L-L stretch shows inconsistency; they're not the most reliable on the road either after that loss to UAE.\n\nKey storylines:\n\n- **K. A. Rashidi** and the Kuwait back line need to tighten up — shipping 4 goals to Korea was brutal\n- **H. S. A. Shahri** anchoring Oman's front five will be key to unlocking Kuwait's creaky defence\n- Midfield battle between **M. Daham, Y. Majed** and **G. Al-Habashi, A. Al-Alawi** could set the tone\n\nExpected lineups:\n\n- **Kuwait**: K. A. Rashidi, F. Al-Hajeri, J. Al-Mutar, M. Khaled, R. A. Dosari, M. Daham, Y. Majed, R. Hani, E. A. Rashidi, Y. Nasser, K. A. Mershed\n- **Oman**: I. Al-Mukhaini, A. Al-Khamisi, K. Al-Braiki, A. Al-Harthi, A. Al-Kaabi, G. Al-Habashi, A. Al-Alawi, A. Fawaz, Z. Al-Aghbari, H. S. A. Shahri, I. Al-Subhi\n\nPrediction:\n\n**1-1** — coin flip energy. Both teams grab a goal and call it a day. 🤝""}, ""attendance"": null, ""average_positions"": null, ""away_coach"": {""country"": ""Morocco"", ""defensive_line"": """", ""id"": 1598, ""name"": ""Tarik Sektioui"", ""preferred_formation"": ""4-2-3-1"", ""pressing_intensity"": null, ""profile"": ""balanced"", ""short_name"": ""T. Sektioui"", ""top_styles"": []}, ""away_score"": null, ""away_score_ht"": null, ""away_team"": ""Oman"", ""away_team_obj"": {""coach"": {""name"": ""Tarik Sektioui"", ""shortName"": ""T. Sektioui""}, ""country"": ""Oman"", ""id"": 2220, ""name"": ""Oman"", ""short_name"": ""Oman"", ""venue"": null}, ""away_xg_live"": null, ""current_minute"": null, ""event_date"": ""2026-06-09T12:00:00Z"", ""extra_time_score"": null, ""funfacts"": [{""sentence"": ""Kuwait haven't won in their last 4 games."", ""type_id"": 1}], ""group_name"": null, ""home_coach"": {""country"": ""Portugal"", ""defensive_line"": """", ""id"": 1795, ""name"": ""Helio Sousa"", ""preferred_formation"": ""4-4-2"", ""pressing_intensity"": null, ""profile"": ""attacking"", ""short_name"": ""H. Sousa"", ""top_styles"": []}, ""home_score"": null, ""home_score_ht"": null, ""home_team"": ""Kuwait"", ""home_team_obj"": {""coach"": {""name"": ""Helio Sousa"", ""shortName"": ""H. Sousa""}, ""country"": ""Kuwait"", ""id"": 2215, ""name"": ""Kuwait"", ""short_name"": ""Kuwait"", ""venue"": null}, ""home_xg_live"": null, ""id"": 207501, ""incidents"": null, ""is_local_derby"": false, ""is_neutral_ground"": null, ""jerseys"": {""away"": {""GK"": {""base"": ""74fe77"", ""number"": ""050505"", ""real"": true, ""sleeve"": ""74fe77"", ""type"": ""short_sleeves""}, ""player"": {""base"": ""ff0000"", ""number"": ""ffffff"", ""real"": true, ""sleeve"": ""189552"", ""type"": ""short_sleeves""}}, ""home"": {""GK"": {""base"": ""0fdf71"", ""number"": ""ffffff"", ""real"": true, ""sleeve"": ""13fc4d"", ""type"": ""short_sleeves""}, ""player"": {""base"": ""0033ff"", ""number"": ""ffffff"", ""real"": true, ""sleeve"": ""0033ff"", ""type"": ""short_sleeves""}}}, ""league"": {""country"": ""International"", ""current_season"": {""end_date"": ""2026-12-31"", ""id"": 133, ""name"": ""Int. Friendly Games 2026"", ""start_date"": ""2026-01-01"", ""year"": 2026}, ""id"": 31, ""is_women"": false, ""name"": ""International Friendly Games""}, ""lineups"": null, ""live_stats"": null, ""live_websocket"": true, ""momentum"": null, ""odds_away"": null, ""odds_btts_no"": null, ""odds_btts_yes"": null, ""odds_draw"": null, ""odds_home"": null, ""odds_over_15"": null, ""odds_over_25"": null, ""odds_over_35"": null, ""odds_under_15"": null, ""odds_under_25"": null, ""odds_under_35"": null, ""penalty_shootout"": null, ""period"": """", ""pitch_condition"": null, ""referee"": null, ""round_name"": """", ""round_number"": null, ""season"": {""id"": 133, ""name"": ""Int. Friendly Games 2026"", ""year"": 2026}, ""shotmap"": null, ""sr_stats"": null, ""status"": ""notstarted"", ""temperature_c"": null, ""travel_distance_km"": null, ""unavailable_players"": null, ""venue"": null, ""weather_code"": null, ""wind_speed"": null, ""xg_per_minute"": null}, ""expected_away_goals"": 1.3, ""expected_home_goals"": 1.3, ""favorite"": ""A"", ""favorite_prob"": 35.51549231514593, ""favorite_recommend"": false, ""id"": 4658, ""model_version"": ""v5.0"", ""most_likely_score"": ""1-1"", ""over_15_recommend"": false, ""over_25_recommend"": false, ""over_35_recommend"": false, ""predicted_result"": ""A"", ""prob_away_win"": 35.51549231514593, ""prob_btts_yes"": 44.87433661349478, ""prob_draw"": 30.065513093612644, ""prob_home_win"": 34.41899459124143, ""prob_over_15"": 69.01655378782337, ""prob_over_25"": 47.88447611155782, ""prob_over_35"": 28.82465108915498, ""winner_recommend"": false}","{""favorite"": ""A"", ""favorite_prob"": 0.35515492315145925, ""match_quality"": ""exact"", ""model_version"": ""v5.0"", ""most_likely_score"": ""1-1"", ""prediction_age_hours"": 160.4, ""prediction_created_at"": ""2026-06-02T10:47:48.968461Z"", ""prob_btts_yes"": 0.4487433661349478, ""prob_draw"": 0.30065513093612645, ""prob_over_1_5"": 0.6901655378782336, ""prob_over_2_5"": 0.47884476111557817, ""prob_over_3_5"": 0.2882465108915498, ""provider_confidence"": 0.35515492315145925, ""provider_confidence_pct"": 35.515, ""provider_metric_hints"": {""expected_away_goals"": 1.3, ""expected_home_goals"": 1.3, ""expected_total_goals"": 2.6, ""favorite"": ""A"", ""is_local_derby"": false, ""model_version"": ""v5.0"", ""most_likely_score"": ""1-1"", ""prob_away_win"": 0.35515, ""prob_btts_yes"": 0.44874, ""prob_draw"": 0.30066, ""prob_home_win"": 0.34419, ""prob_over_1_5"": 0.69017, ""prob_over_2_5"": 0.47884, ""prob_over_3_5"": 0.28825, ""provider_confidence"": 0.35515492315145925}, ""provider_metric_hints_count"": 15, ""provider_odds_hints_count"": 0, ""sstats_deep_endpoint_count"": 3, ""sstats_deep_endpoints"": {""game_id"": ""4658"", ""glicko"": {""data"": null, ""message"": ""Для данного матча отсутствует Glicko аналитика"", ""status"": ""error"", ""traceId"": ""00-3f521a40a9a75d316702d8958c7c272f-703ead9ebb637b38-00""}, ""injuries"": {""count"": 0, ""data"": [], ""status"": ""OK"", ""traceId"": ""00-d2b0d42d7a97673f409a40501e1040ea-b867ead708785a31-00""}, ""last_games_stats"": {""away"": {""avgCards"": null, ""avgCardsOpp"": null, ""avgConceded"": 0.96050906, ""avgCorners"": null, ""avgCornersOpp"": null, ""avgDrawOdds"": 3.447851, ""avgLoseOdds"": 4.196743, ""avgOddsXg"": 1.3802823, ""avgOddsXgConceded"": 0.86586386, ""avgOffsides"": null, ""avgOffsidesOpp"": null, ""avgOppShots"": null, ""avgScore"": 1.0836033, ""avgShots"": null, ""avgWinOdds"": 2.0336635, ""draws"": 4, ""gamesCount"": 25, ""loses"": 10, ""maeOddsXg"": 0.29667902, ""maeOddsXgConceded"": 0.0946452, ""profits"": {""drawProfit"": -11.42, ""loseNoBet"": 8.12, ""loseOrDrawProfit"": 1.4200001, ""loseProfit"": 17.160002, ""winNoBet"": -4.99, ""winOrDrawProfit"": -5.7400002, ""winOrLoseProfit"": 2.7799997, ""winProfit"": -2.7399998}, ""rmseXg"": 1.1421437, ""rmseXgConceded"": 1.0769258, ""wins"": 11}, ""home"": {""avgCards"": null, ""avgCardsOpp"": null, ""avgConceded"": 1.7644734, ""avgCorners"": null, ""avgCornersOpp"": null, ""avgDrawOdds"": 3.3292382, ""avgLoseOdds"": 2.7827485, ""avgOddsXg"": 1.114806, ""avgOddsXgConceded"": 1.1378381, ""avgOffsides"": null, ""avgOffsidesOpp"": null, ""avgOppShots"": null, ""avgScore"": 1.4794128, ""avgShots"": null, ""avgWinOdds"": 2.8345037, ""draws"": 9, ""gamesCount"": 25, ""loses"": 7, ""maeOddsXg"": 0.36460674, ""maeOddsXgConceded"": 0.6266353, ""profits"": {""drawProfit"": 5.15, ""loseNoBet"": -3.5400002, ""loseOrDrawProfit"": -1.5999998, ""loseProfit"": -7.14, ""winNoBet"": 0.93999994, ""winOrDrawProfit"": 2.5400004, ""winOrLoseProfit"": -3.5500002, ""winProfit"": -0.68000007}, ""rmseXg"": 0.9933014, ""rmseXgConceded"": 1.1550475, ""wins"": 9}}}, ""sstats_mode"": ""bzzoiro_prediction""}",c2611c4972a4ed48fe99ccc9f4d3220baf257dd7,1
soccer|angola|central african republic|2026-06-09,bzzoiro,xg_prediction,2026-06-09T03:07:49.166670+00:00,,,71.8464,"{""away_win_probability"": 0.08199999999999999, ""bzzoiro_draw_probability"": 0.187, ""bzzoiro_over25_probability"": 0.687, ""bzzoiro_weather"": {""code"": null, ""description"": null, ""temperature_c"": null, ""wind_speed"": null}, ""expected_away"": 1.15, ""expected_home"": 2.65, ""home_win_probability"": 0.731}","{""comparison"": {""away_team"": ""Central African Republic"", ""away_team_id"": 2269, ""bookmakers_count"": 0, ""event_date"": ""2026-06-09T12:00:00Z"", ""event_id"": 209451, ""home_team"": ""Angola"", ""home_team_id"": 646, ""league_id"": 31, ""league_name"": ""International Friendly Games"", ""markets"": {}, ""total_odds"": 0}, ""event"": {""attendance"": null, ""away_coach_id"": 1692, ""away_score"": null, ""away_score_ht"": null, ""away_team"": ""Central African Republic"", ""away_team_id"": 2269, ""current_minute"": null, ""event_date"": ""2026-06-09T12:00:00+00:00"", ""extra_time_score"": null, ""group_name"": null, ""head_to_head"": null, ""highlights"": [], ""home_coach_id"": 690, ""home_score"": null, ""home_score_ht"": null, ""home_team"": ""Angola"", ""home_team_id"": 646, ""id"": 209451, ""is_local_derby"": false, ""is_neutral_ground"": false, ""league_id"": 31, ""live_websocket"": false, ""penalty_shootout"": null, ""period"": """", ""pitch_condition"": null, ""referee_id"": null, ""replaced_by"": null, ""round_name"": """", ""round_number"": null, ""season_id"": 133, ""status"": ""notstarted"", ""travel_distance_km"": null, ""venue_id"": null, ""weather"": {""code"": null, ""description"": null, ""temperature_c"": null, ""wind_speed"": null}}, ""metadata"": {""ai_preview"": {""generated_at"": ""2026-06-09T01:46:13.630482+00:00"", ""text"": ""**Angola's hosting a team that's been leaking goals for fun** — this should be a comfortable afternoon for the home side. 🏟️\n\nAngola have been solid defensively of late, grinding out draws against Egypt and Zimbabwe while Central African Republic just got absolutely hammered 5-0 by Ghana. The visitors won't be coming here with much confidence.\n\nKey storylines:\n\n- **Angola's midfield** (Show, Maestro, M. Keliano) will have plenty of time on the ball against a CAR side struggling for cohesion\n- **Central African Republic's fragility** — they've conceded 8 goals in their last two outings, and Angola should punish that ruthlessly\n- **Attacking depth** — M. Balbúrdia and C. Banza give Angola multiple routes forward in a friendly that feels one-sided\n\nExpected lineups:\n\n- **Angola**: H. Marques, K. Gaspar, T. Carneiro, J. Buatu, E. Afonso, Show, Maestro, M. Keliano, C. Banza, Zini, M. Balbúrdia\n- **Central African Republic**: D. Youfeigane, F. Yangao, S. Tatolna, N. K. Ato-Zandanga, S. Mbaka, G. V. Baboula, Y. Malipangou, M. Djimet, G. Mounguide, G. Koyalipou, K. Namnganda\n\nBest picks:\n\n- **Total Goals 1.5**: Over 1.5 goals\n\nPrediction:\n\n**Angola 3-0 Central African Republic** — the home side should cruise here without breaking a sweat. 💨""}, ""event_id"": 209451, ""funfacts"": [], ""jerseys"": null}, ""odds"": {""event_id"": 209451, ""odds"": {""away_win"": null, ""btts_no"": null, ""btts_yes"": null, ""draw"": null, ""home_win"": null, ""over_15_goals"": null, ""over_25_goals"": null, ""over_35_goals"": null, ""under_15_goals"": null, ""under_25_goals"": null, ""under_35_goals"": null}}, ""odds_comparison"": {""away_team"": ""Central African Republic"", ""away_team_id"": 2269, ""bookmakers_count"": 0, ""event_date"": ""2026-06-09T12:00:00Z"", ""event_id"": 209451, ""home_team"": ""Angola"", ""home_team_id"": 646, ""league_id"": 31, ""league_name"": ""International Friendly Games"", ""markets"": {}, ""total_odds"": 0}, ""prediction"": {""created_at"": ""2026-06-02T10:52:28Z"", ""event"": {""away_team"": ""Central African Republic"", ""away_team_id"": 2269, ""event_date"": ""2026-06-09T12:00:00Z"", ""home_team"": ""Angola"", ""home_team_id"": 646, ""id"": 209451, ""league_id"": 31, ""league_name"": ""International Friendly Games"", ""status"": ""notstarted""}, ""id"": 4722, ""markets"": {""btts"": {""prob_yes"": 65.4}, ""expected_goals"": {""away"": 1.15, ""home"": 2.65}, ""match_result"": {""predicted"": ""H"", ""prob_away"": 8.2, ""prob_draw"": 18.7, ""prob_home"": 73.1}, ""over_under"": {""prob_over_15"": 83.8, ""prob_over_25"": 68.7, ""prob_over_35"": 50.6}, ""score"": {""most_likely"": ""2-1""}}, ""model"": {""confidence"": 0.7308, ""version"": ""v5.0""}, ""recommendations"": {""bet_favorite"": false, ""btts"": false, ""favorite"": ""H"", ""favorite_prob"": 73.1, ""over_15"": false, ""over_25"": false, ""over_35"": false, ""winner"": false}}, ""stats"": {""average_positions"": {}, ""event_id"": 209451, ""momentum"": [], ""shotmap"": [], ""stats"": {""away"": {""xg"": {""actual"": null}}, ""home"": {""xg"": {""actual"": null}}}, ""xg_per_minute"": []}}","{""bzzoiro_api_version"": ""v2"", ""bzzoiro_comparison_bridge_hints_added"": 0, ""bzzoiro_context_limit_removed"": true, ""bzzoiro_context_sources_used"": {""compact_odds"": true, ""metadata"": true, ""odds_flat_rows"": 0, ""prediction"": true, ""stats"": true}, ""bzzoiro_draw_probability"": 0.187, ""bzzoiro_event_id"": 209451, ""bzzoiro_is_local_derby"": false, ""bzzoiro_is_neutral_ground"": false, ""bzzoiro_match_quality"": ""exact"", ""bzzoiro_over25_probability"": 0.687, ""bzzoiro_prediction_confidence"": 0.7308, ""bzzoiro_status"": ""notstarted"", ""bzzoiro_travel_distance_km"": null, ""bzzoiro_v2_comparison_hints_added"": 0, ""bzzoiro_v2_odds_comparison_attached"": true, ""bzzoiro_v2_odds_comparison_event_id"": ""209451"", ""bzzoiro_v2_source_matrix_patch"": true, ""bzzoiro_weather"": {""code"": null, ""description"": null, ""temperature_c"": null, ""wind_speed"": null}, ""provider_metric_hints"": {""favorite"": ""H"", ""is_local_derby"": false, ""is_neutral_ground"": false, ""model_version"": ""v5.0"", ""prob_draw"": 0.187, ""prob_over_1_5"": 0.838, ""prob_over_2_5"": 0.687, ""prob_over_3_5"": 0.506, ""provider_confidence"": 0.7308}, ""provider_metric_hints_count"": 9, ""provider_odds_hints"": [], ""provider_odds_hints_count"": 0, ""source_tokens"": [""bzzoiro""]}",9c1a384a494f8641d4e0738600758a8a0f8377a3,1
soccer|angola|central african republic|2026-06-09,sstats,xg_form,2026-06-09T03:07:49.166670+00:00,,,58.406435650850696,"{""away_win_probability"": 0.08245294804595205, ""expected_away"": 1.15, ""expected_home"": 2.65, ""favorite_prob"": 0.7308329485891204, ""home_win_probability"": 0.7308329485891204, ""prob_btts_yes"": 0.6543152234473554, ""prob_draw"": 0.18671410336492758, ""prob_over_1_5"": 0.8383831551962422, ""prob_over_2_5"": 0.6869827585432534, ""prob_over_3_5"": 0.5056639031081448}","{""btts_recommend"": false, ""confidence"": 73.08329485891204, ""created_at"": ""2026-06-02T10:52:28.257519Z"", ""event"": {""actual_away_xg"": null, ""actual_home_xg"": null, ""ai_preview"": {""generated_at"": ""2026-06-09T01:46:13.630482+00:00"", ""text"": ""**Angola's hosting a team that's been leaking goals for fun** — this should be a comfortable afternoon for the home side. 🏟️\n\nAngola have been solid defensively of late, grinding out draws against Egypt and Zimbabwe while Central African Republic just got absolutely hammered 5-0 by Ghana. The visitors won't be coming here with much confidence.\n\nKey storylines:\n\n- **Angola's midfield** (Show, Maestro, M. Keliano) will have plenty of time on the ball against a CAR side struggling for cohesion\n- **Central African Republic's fragility** — they've conceded 8 goals in their last two outings, and Angola should punish that ruthlessly\n- **Attacking depth** — M. Balbúrdia and C. Banza give Angola multiple routes forward in a friendly that feels one-sided\n\nExpected lineups:\n\n- **Angola**: H. Marques, K. Gaspar, T. Carneiro, J. Buatu, E. Afonso, Show, Maestro, M. Keliano, C. Banza, Zini, M. Balbúrdia\n- **Central African Republic**: D. Youfeigane, F. Yangao, S. Tatolna, N. K. Ato-Zandanga, S. Mbaka, G. V. Baboula, Y. Malipangou, M. Djimet, G. Mounguide, G. Koyalipou, K. Namnganda\n\nBest picks:\n\n- **Total Goals 1.5**: Over 1.5 goals\n\nPrediction:\n\n**Angola 3-0 Central African Republic** — the home side should cruise here without breaking a sweat. 💨""}, ""attendance"": null, ""average_positions"": null, ""away_coach"": {""country"": ""Central African Republic"", ""defensive_line"": """", ""id"": 1692, ""name"": ""Eloge Enza-Yamissi"", ""preferred_formation"": ""4-2-3-1"", ""pressing_intensity"": null, ""profile"": ""balanced"", ""short_name"": ""E. Enza-Yamissi"", ""top_styles"": []}, ""away_score"": null, ""away_score_ht"": null, ""away_team"": ""Central African Republic"", ""away_team_obj"": {""coach"": {""name"": ""Eloge Enza-Yamissi"", ""shortName"": ""E. Enza-Yamissi""}, ""country"": ""Central African Republic"", ""id"": 2269, ""name"": ""Central African Republic"", ""short_name"": ""Central African Republic"", ""venue"": null}, ""away_xg_live"": null, ""current_minute"": null, ""event_date"": ""2026-06-09T12:00:00Z"", ""extra_time_score"": null, ""funfacts"": null, ""group_name"": null, ""home_coach"": {""country"": ""Senegal"", ""defensive_line"": """", ""id"": 690, ""name"": ""Aliou Cissé"", ""preferred_formation"": ""4-3-3"", ""pressing_intensity"": null, ""profile"": ""balanced"", ""short_name"": ""A. Cissé"", ""top_styles"": []}, ""home_score"": null, ""home_score_ht"": null, ""home_team"": ""Angola"", ""home_team_obj"": {""coach"": {""name"": ""Aliou Cissé"", ""shortName"": ""A. Cissé""}, ""country"": ""Angola"", ""id"": 646, ""name"": ""Angola"", ""short_name"": ""Angola"", ""venue"": null}, ""home_xg_live"": null, ""id"": 209451, ""incidents"": null, ""is_local_derby"": null, ""is_neutral_ground"": null, ""jerseys"": null, ""league"": {""country"": ""International"", ""current_season"": {""end_date"": ""2026-12-31"", ""id"": 133, ""name"": ""Int. Friendly Games 2026"", ""start_date"": ""2026-01-01"", ""year"": 2026}, ""id"": 31, ""is_women"": false, ""name"": ""International Friendly Games""}, ""lineups"": null, ""live_stats"": null, ""live_websocket"": false, ""momentum"": null, ""odds_away"": null, ""odds_btts_no"": null, ""odds_btts_yes"": null, ""odds_draw"": null, ""odds_home"": null, ""odds_over_15"": null, ""odds_over_25"": null, ""odds_over_35"": null, ""odds_under_15"": null, ""odds_under_25"": null, ""odds_under_35"": null, ""penalty_shootout"": null, ""period"": """", ""pitch_condition"": null, ""referee"": null, ""round_name"": """", ""round_number"": null, ""season"": {""id"": 133, ""name"": ""Int. Friendly Games 2026"", ""year"": 2026}, ""shotmap"": null, ""sr_stats"": null, ""status"": ""notstarted"", ""temperature_c"": null, ""travel_distance_km"": null, ""unavailable_players"": null, ""venue"": null, ""weather_code"": null, ""wind_speed"": null, ""xg_per_minute"": null}, ""expected_away_goals"": 1.15, ""expected_home_goals"": 2.65, ""favorite"": ""H"", ""favorite_prob"": 73.08329485891204, ""favorite_recommend"": false, ""id"": 4722, ""model_version"": ""v5.0"", ""most_likely_score"": ""2-1"", ""over_15_recommend"": false, ""over_25_recommend"": false, ""over_35_recommend"": false, ""predicted_result"": ""H"", ""prob_away_win"": 8.245294804595204, ""prob_btts_yes"": 65.43152234473554, ""prob_draw"": 18.67141033649276, ""prob_home_win"": 73.08329485891204, ""prob_over_15"": 83.83831551962422, ""prob_over_25"": 68.69827585432535, ""prob_over_35"": 50.56639031081448, ""winner_recommend"": false}","{""favorite"": ""H"", ""favorite_prob"": 0.7308329485891204, ""match_quality"": ""exact"", ""model_version"": ""v5.0"", ""most_likely_score"": ""2-1"", ""prediction_age_hours"": 160.3, ""prediction_created_at"": ""2026-06-02T10:52:28.257519Z"", ""prob_btts_yes"": 0.6543152234473554, ""prob_draw"": 0.18671410336492758, ""prob_over_1_5"": 0.8383831551962422, ""prob_over_2_5"": 0.6869827585432534, ""prob_over_3_5"": 0.5056639031081448, ""provider_confidence"": 0.7308329485891204, ""provider_confidence_pct"": 73.083, ""provider_metric_hints"": {""expected_away_goals"": 1.15, ""expected_home_goals"": 2.65, ""expected_total_goals"": 3.8, ""favorite"": ""H"", ""model_version"": ""v5.0"", ""most_likely_score"": ""2-1"", ""prob_away_win"": 0.08245, ""prob_btts_yes"": 0.65432, ""prob_draw"": 0.18671, ""prob_home_win"": 0.73083, ""prob_over_1_5"": 0.83838, ""prob_over_2_5"": 0.68698, ""prob_over_3_5"": 0.50566, ""provider_confidence"": 0.7308329485891204}, ""provider_metric_hints_count"": 14, ""provider_odds_hints_count"": 0, ""sstats_deep_endpoint_count"": 3, ""sstats_deep_endpoints"": {""game_id"": ""4722"", ""glicko"": {""data"": null, ""message"": ""Для данного матча отсутствует Glicko аналитика"", ""status"": ""error"", ""traceId"": ""00-a2bc84451e8cbb4829802675564f06df-9b926be75f87999e-00""}, ""injuries"": {""count"": 0, ""data"": [], ""status"": ""OK"", ""traceId"": ""00-db86062604cdcf1d69c986e3275faf13-ff4bbc2151636a0d-00""}, ""last_games_stats"": {""away"": {""avgCards"": null, ""avgCardsOpp"": null, ""avgConceded"": 1.1205305, ""avgCorners"": null, ""avgCornersOpp"": null, ""avgDrawOdds"": 3.3379095, ""avgLoseOdds"": 3.234491, ""avgOddsXg"": 1.1949713, ""avgOddsXgConceded"": 1.0236459, ""avgOffsides"": null, ""avgOffsidesOpp"": null, ""avgOppShots"": null, ""avgScore"": 1.7206017, ""avgShots"": null, ""avgWinOdds"": 2.5555985, ""draws"": 6, ""gamesCount"": 25, ""loses"": 6, ""maeOddsXg"": 0.52563035, ""maeOddsXgConceded"": 0.09688461, ""profits"": {""drawProfit"": -5.7, ""loseNoBet"": -7.7300005, ""loseOrDrawProfit"": -6.7599998, ""loseProfit"": -9.16, ""winNoBet"": 2.1100001, ""winOrDrawProfit"": 1.3800001, ""winOrLoseProfit"": 0.33000016, ""winProfit"": 4.8099995}, ""rmseXg"": 1.3188022, ""rmseXgConceded"": 1.2171412, ""wins"": 13}, ""home"": {""avgCards"": null, ""avgCardsOpp"": null, ""avgConceded"": 1.8841232, ""avgCorners"": null, ""avgCornersOpp"": null, ""avgDrawOdds"": 3.4373949, ""avgLoseOdds"": 2.908174, ""avgOddsXg"": 1.1695718, ""avgOddsXgConceded"": 1.1849093, ""avgOffsides"": null, ""avgOffsidesOpp"": null, ""avgOppShots"": null, ""avgScore"": 1.8057954, ""avgShots"": null, ""avgWinOdds"": 2.8016684, ""draws"": 6, ""gamesCount"": 25, ""loses"": 10, ""maeOddsXg"": 0.6362237, ""maeOddsXgConceded"": 0.69921386, ""profits"": {""drawProfit"": -4.200001, ""loseNoBet"": -0.7099997, ""loseOrDrawProfit"": -0.39999986, ""loseProfit"": 0.53999996, ""winNoBet"": -2.1000001, ""winOrDrawProfit"": -2.3500004, ""winOrLoseProfit"": 0.16999996, ""winProfit"": -1.0699997}, ""rmseXg"": 1.1447817, ""rmseXgConceded"": 1.6238835, ""wins"": 9}}}, ""sstats_mode"": ""bzzoiro_prediction""}",e0129912be7a497e8568415a12bd7ba6ddca21a4,1
soccer|damash gilanian|mes shahr e babak|2026-06-09,sstats,xg_form,2026-06-09T03:07:49.166670+00:00,,,65.0,"{""away_win_probability"": 0.4891, ""expected_away"": 1.047, ""expected_home"": 0.273, ""home_win_probability"": 0.1278}","{""away_recent"": [{""goals_against"": 0.0, ""goals_for"": 2.0, ""home"": true, ""league"": ""Azadegan League"", ""opponent"": ""Sanat Naft"", ""opponent_key"": ""sanat naft"", ""start"": ""2026-06-02T13:30:00+00:00"", ""team"": ""Mes Shahr-e Babak"", ""team_key"": ""mes shahr e babak""}, {""goals_against"": 1.0, ""goals_for"": 0.0, ""home"": false, ""league"": ""Azadegan League"", ""opponent"": ""Saipa"", ""opponent_key"": ""saipa"", ""start"": ""2026-05-27T14:45:00+00:00"", ""team"": ""Mes Shahr-e Babak"", ""team_key"": ""mes shahr e babak""}, {""goals_against"": 0.0, ""goals_for"": 0.0, ""home"": true, ""league"": ""Azadegan League"", ""opponent"": ""Shahrdari Noshahr"", ""opponent_key"": ""shahrdari noshahr"", ""start"": ""2026-05-21T13:15:00+00:00"", ""team"": ""Mes Shahr-e Babak"", ""team_key"": ""mes shahr e babak""}, {""goals_against"": 0.0, ""goals_for"": 1.0, ""home"": false, ""league"": ""Azadegan League"", ""opponent"": ""Mes Kerman"", ""opponent_key"": ""mes kerman"", ""start"": ""2026-05-14T13:15:00+00:00"", ""team"": ""Mes Shahr-e Babak"", ""team_key"": ""mes shahr e babak""}], ""home_recent"": [{""goals_against"": 2.0, ""goals_for"": 0.0, ""home"": false, ""league"": ""Azadegan League"", ""opponent"": ""Nassaji Mazandaran"", ""opponent_key"": ""nassaji mazandaran"", ""start"": ""2026-06-02T13:30:00+00:00"", ""team"": ""Damash Gilanian"", ""team_key"": ""damash gilanian""}, {""goals_against"": 1.0, ""goals_for"": 0.0, ""home"": true, ""league"": ""Azadegan League"", ""opponent"": ""Naft Gachsaran"", ""opponent_key"": ""naft gachsaran"", ""start"": ""2026-05-27T13:30:00+00:00"", ""team"": ""Damash Gilanian"", ""team_key"": ""damash gilanian""}, {""goals_against"": 0.0, ""goals_for"": 1.0, ""home"": true, ""league"": ""Azadegan League"", ""opponent"": ""Be'sat Kermanshah"", ""opponent_key"": ""be sat kermanshah"", ""start"": ""2026-05-21T13:00:00+00:00"", ""team"": ""Damash Gilanian"", ""team_key"": ""damash gilanian""}, {""goals_against"": 3.0, ""goals_for"": 0.0, ""home"": false, ""league"": ""Azadegan League"", ""opponent"": ""Niroye Zamini"", ""opponent_key"": ""niroye zamini"", ""start"": ""2026-05-14T13:00:00+00:00"", ""team"": ""Damash Gilanian"", ""team_key"": ""damash gilanian""}], ""mode"": ""team_form""}","{""away_goals_against_avg"": 0.25, ""away_goals_for_avg"": 0.75, ""away_recent_count"": 4, ""away_team_key"": ""mes shahr e babak"", ""home_goals_against_avg"": 1.5, ""home_goals_for_avg"": 0.25, ""home_recent_count"": 4, ""home_team_key"": ""damash gilanian"", ""league_overlap_count"": 8, ""provider_odds_hints_count"": 0, ""sstats_mode"": ""team_form""}",6fc9fa46738fa9c6ddce46ddb7d9e531b2969f3f,1
soccer|armenia|moldova|2026-06-09,bzzoiro,xg_prediction,2026-06-09T03:07:49.166670+00:00,,,69.5056,"{""away_win_probability"": 0.304, ""bzzoiro_draw_probability"": 0.258, ""bzzoiro_over25_probability"": 0.755, ""bzzoiro_weather"": {""code"": null, ""description"": null, ""temperature_c"": null, ""wind_speed"": null}, ""expected_away"": 1.5, ""expected_home"": 2.0, ""home_win_probability"": 0.43799999999999994}","{""comparison"": {""away_team"": ""Moldova"", ""away_team_id"": 673, ""bookmakers_count"": 0, ""event_date"": ""2026-06-09T15:00:00Z"", ""event_id"": 207439, ""home_team"": ""Armenia"", ""home_team_id"": 717, ""league_id"": 31, ""league_name"": ""International Friendly Games"", ""markets"": {}, ""total_odds"": 0}, ""event"": {""attendance"": null, ""away_coach_id"": 50, ""away_score"": null, ""away_score_ht"": null, ""away_team"": ""Moldova"", ""away_team_id"": 673, ""current_minute"": null, ""event_date"": ""2026-06-09T15:00:00+00:00"", ""extra_time_score"": null, ""group_name"": null, ""head_to_head"": null, ""highlights"": [], ""home_coach_id"": 808, ""home_score"": null, ""home_score_ht"": null, ""home_team"": ""Armenia"", ""home_team_id"": 717, ""id"": 207439, ""is_local_derby"": false, ""is_neutral_ground"": false, ""league_id"": 31, ""live_websocket"": true, ""penalty_shootout"": null, ""period"": """", ""pitch_condition"": null, ""referee_id"": null, ""replaced_by"": null, ""round_name"": """", ""round_number"": null, ""season_id"": 133, ""status"": ""notstarted"", ""travel_distance_km"": null, ""venue_id"": 1203, ""weather"": {""code"": null, ""description"": null, ""temperature_c"": null, ""wind_speed"": null}}, ""metadata"": {""ai_preview"": {""generated_at"": ""2026-06-09T01:46:43.364851+00:00"", ""text"": ""**Both teams are bleeding confidence**, but Armenia's home advantage in Yerevan might just tip the scales in a battle between two sides desperate for any positive result. 🏟️\n\nArmenia's stretched thin after a brutal Portugal demolition, though they at least mustered a draw with Kazakhstan at home. Moldova's been similarly brutal on the road, losing to Lithuania and Cyprus, but showed some fight in that Bulgaria stalemate. This is the type of friendly where desperation breeds goals.\n\nKey storylines:\n\n- **Armenia's home form** offers a glimmer of hope; they've picked up a point here recently and need to build on that\n- **Moldova's defensive frailty** on the road is a major red flag heading into enemy territory\n- Both teams' recent attacking output suggests **goals will flow** — neither defense has been watertight\n\nExpected lineups:\n\n- **Armenia**: H. Avagyan, N. Tiknizyan, K. Hovhannisyan, G. Harutyunyan, E. Spertsyan, Z. Shaghoyan, G. Ranos\n- **Moldova**: A. Cojuhar, V. Baboglo, M. Gherasimencov, I. Revenco, V. Stina, Ş. Bodişteanu, V. Postolachi\n\nBest picks:\n\n- **Total Goals 1.5**: Over 1.5 goals\n- **Both Teams to Score**: BTTS Yes\n\nPrediction:\n\n**Armenia 2–1 Moldova** — home turf edge in a chaotic, open friendly where both sides finally string together some attacking play. 🎯""}, ""event_id"": 207439, ""funfacts"": [{""sentence"": ""Moldova haven't won in their last 14 games."", ""type_id"": 1}, {""sentence"": ""Armenia haven't won in their last 6 games."", ""type_id"": 1}, {""sentence"": ""Moldova haven't won any of their last 8 away matches."", ""type_id"": 1}], ""jerseys"": {""away"": {""GK"": {""base"": ""39c968"", ""number"": ""ffffff"", ""real"": true, ""sleeve"": ""39c968"", ""sleevelong"": ""39c968"", ""type"": ""short_sleeves""}, ""player"": {""base"": ""000099"", ""number"": ""ffffff"", ""real"": true, ""sleeve"": ""ffffff"", ""sleevelong"": ""030496"", ""type"": ""short_sleeves""}}, ""home"": {""GK"": {""base"": ""66ff33"", ""number"": ""000000"", ""real"": true, ""sleeve"": ""66ff33"", ""type"": ""short_sleeves""}, ""player"": {""base"": ""ca0000"", ""number"": ""ffffff"", ""real"": true, ""sleeve"": ""ffffff"", ""sleevelong"": ""ca0000"", ""type"": ""short_sleeves""}}}}, ""odds"": {""event_id"": 207439, ""odds"": {""away_win"": null, ""btts_no"": null, ""btts_yes"": null, ""draw"": null, ""home_win"": null, ""over_15_goals"": null, ""over_25_goals"": null, ""over_35_goals"": null, ""under_15_goals"": null, ""under_25_goals"": null, ""under_35_goals"": null}}, ""odds_comparison"": {""away_team"": ""Moldova"", ""away_team_id"": 673, ""bookmakers_count"": 0, ""event_date"": ""2026-06-09T15:00:00Z"", ""event_id"": 207439, ""home_team"": ""Armenia"", ""home_team_id"": 717, ""league_id"": 31, ""league_name"": ""International Friendly Games"", ""markets"": {}, ""total_odds"": 0}, ""prediction"": {""created_at"": ""2026-06-02T10:52:30Z"", ""event"": {""away_team"": ""Moldova"", ""away_team_id"": 673, ""event_date"": ""2026-06-09T15:00:00Z"", ""home_team"": ""Armenia"", ""home_team_id"": 717, ""id"": 207439, ""league_id"": 31, ""league_name"": ""International Friendly Games"", ""status"": ""notstarted""}, ""id"": 4729, ""markets"": {""btts"": {""prob_yes"": 78.7}, ""expected_goals"": {""away"": 1.5, ""home"": 2.0}, ""match_result"": {""predicted"": ""H"", ""prob_away"": 30.4, ""prob_draw"": 25.8, ""prob_home"": 43.8}, ""over_under"": {""prob_over_15"": 87.5, ""prob_over_25"": 75.5, ""prob_over_35"": 54.7}, ""score"": {""most_likely"": ""1-1""}}, ""model"": {""confidence"": 0.4382, ""version"": ""v5.0""}, ""recommendations"": {""bet_favorite"": false, ""btts"": false, ""favorite"": ""H"", ""favorite_prob"": 43.8, ""over_15"": false, ""over_25"": false, ""over_35"": false, ""winner"": false}}, ""stats"": {""average_positions"": {}, ""event_id"": 207439, ""momentum"": [], ""shotmap"": [], ""stats"": {""away"": {""xg"": {""actual"": null}}, ""home"": {""xg"": {""actual"": null}}}, ""xg_per_minute"": []}}","{""bzzoiro_api_version"": ""v2"", ""bzzoiro_comparison_bridge_hints_added"": 0, ""bzzoiro_context_limit_removed"": true, ""bzzoiro_context_sources_used"": {""compact_odds"": true, ""metadata"": true, ""odds_flat_rows"": 0, ""prediction"": true, ""stats"": true}, ""bzzoiro_draw_probability"": 0.258, ""bzzoiro_event_id"": 207439, ""bzzoiro_is_local_derby"": false, ""bzzoiro_is_neutral_ground"": false, ""bzzoiro_match_quality"": ""exact"", ""bzzoiro_over25_probability"": 0.755, ""bzzoiro_prediction_confidence"": 0.4382, ""bzzoiro_status"": ""notstarted"", ""bzzoiro_travel_distance_km"": null, ""bzzoiro_v2_comparison_hints_added"": 0, ""bzzoiro_v2_odds_comparison_attached"": true, ""bzzoiro_v2_odds_comparison_event_id"": ""207439"", ""bzzoiro_v2_source_matrix_patch"": true, ""bzzoiro_weather"": {""code"": null, ""description"": null, ""temperature_c"": null, ""wind_speed"": null}, ""provider_metric_hints"": {""favorite"": ""H"", ""is_local_derby"": false, ""is_neutral_ground"": false, ""model_version"": ""v5.0"", ""prob_draw"": 0.258, ""prob_over_1_5"": 0.875, ""prob_over_2_5"": 0.755, ""prob_over_3_5"": 0.547, ""provider_confidence"": 0.4382}, ""provider_metric_hints_count"": 9, ""provider_odds_hints"": [], ""provider_odds_hints_count"": 0, ""source_tokens"": [""bzzoiro""]}",f26e812eee55792525cbc2f1a3d9867aafe07bf8,1
soccer|armenia|moldova|2026-06-09,sstats,xg_form,2026-06-09T03:07:49.166670+00:00,,,48.0,"{""away_win_probability"": 0.3040901230812344, ""expected_away"": 1.5, ""expected_home"": 2.0, ""favorite_prob"": 0.43822092032231674, ""home_win_probability"": 0.43822092032231674, ""prob_btts_yes"": 0.7866169776369618, ""prob_draw"": 0.25768895659644875, ""prob_over_1_5"": 0.8749817942287553, ""prob_over_2_5"": 0.7554583774844746, ""prob_over_3_5"": 0.5471511854217396}","{""btts_recommend"": false, ""confidence"": 43.82209203223167, ""created_at"": ""2026-06-02T10:52:30.814061Z"", ""event"": {""actual_away_xg"": null, ""actual_home_xg"": null, ""ai_preview"": {""generated_at"": ""2026-06-09T01:46:43.364851+00:00"", ""text"": ""**Both teams are bleeding confidence**, but Armenia's home advantage in Yerevan might just tip the scales in a battle between two sides desperate for any positive result. 🏟️\n\nArmenia's stretched thin after a brutal Portugal demolition, though they at least mustered a draw with Kazakhstan at home. Moldova's been similarly brutal on the road, losing to Lithuania and Cyprus, but showed some fight in that Bulgaria stalemate. This is the type of friendly where desperation breeds goals.\n\nKey storylines:\n\n- **Armenia's home form** offers a glimmer of hope; they've picked up a point here recently and need to build on that\n- **Moldova's defensive frailty** on the road is a major red flag heading into enemy territory\n- Both teams' recent attacking output suggests **goals will flow** — neither defense has been watertight\n\nExpected lineups:\n\n- **Armenia**: H. Avagyan, N. Tiknizyan, K. Hovhannisyan, G. Harutyunyan, E. Spertsyan, Z. Shaghoyan, G. Ranos\n- **Moldova**: A. Cojuhar, V. Baboglo, M. Gherasimencov, I. Revenco, V. Stina, Ş. Bodişteanu, V. Postolachi\n\nBest picks:\n\n- **Total Goals 1.5**: Over 1.5 goals\n- **Both Teams to Score**: BTTS Yes\n\nPrediction:\n\n**Armenia 2–1 Moldova** — home turf edge in a chaotic, open friendly where both sides finally string together some attacking play. 🎯""}, ""attendance"": null, ""average_positions"": null, ""away_coach"": {""country"": ""Moldova"", ""defensive_line"": """", ""id"": 50, ""name"": ""Lilian Popescu"", ""preferred_formation"": ""5-4-1"", ""pressing_intensity"": null, ""profile"": ""defensive"", ""short_name"": ""L. Popescu"", ""top_styles"": []}, ""away_score"": null, ""away_score_ht"": null, ""away_team"": ""Moldova"", ""away_team_obj"": {""coach"": {""name"": ""Lilian Popescu"", ""shortName"": ""L. Popescu""}, ""country"": ""Moldova"", ""id"": 673, ""name"": ""Moldova"", ""short_name"": ""Moldova"", ""venue"": null}, ""away_xg_live"": null, ""current_minute"": null, ""event_date"": ""2026-06-09T15:00:00Z"", ""extra_time_score"": null, ""funfacts"": [{""sentence"": ""Moldova haven't won in their last 14 games."", ""type_id"": 1}, {""sentence"": ""Armenia haven't won in their last 6 games."", ""type_id"": 1}, {""sentence"": ""Moldova haven't won any of their last 8 away matches."", ""type_id"": 1}], ""group_name"": null, ""home_coach"": {""country"": ""Armenia"", ""defensive_line"": """", ""id"": 808, ""name"": ""Yeghishe Melikyan"", ""preferred_formation"": ""3-4-3"", ""pressing_intensity"": null, ""profile"": ""defensive"", ""short_name"": ""Y. Melikyan"", ""top_styles"": []}, ""home_score"": null, ""home_score_ht"": null, ""home_team"": ""Armenia"", ""home_team_obj"": {""coach"": {""name"": ""Yeghishe Melikyan"", ""shortName"": ""Y. Melikyan""}, ""country"": ""Armenia"", ""id"": 717, ""name"": ""Armenia"", ""short_name"": ""Armenia"", ""venue"": null}, ""home_xg_live"": null, ""id"": 207439, ""incidents"": null, ""is_local_derby"": false, ""is_neutral_ground"": null, ""jerseys"": {""away"": {""GK"": {""base"": ""39c968"", ""number"": ""ffffff"", ""real"": true, ""sleeve"": ""39c968"", ""sleevelong"": ""39c968"", ""type"": ""short_sleeves""}, ""player"": {""base"": ""000099"", ""number"": ""ffffff"", ""real"": true, ""sleeve"": ""ffffff"", ""sleevelong"": ""030496"", ""type"": ""short_sleeves""}}, ""home"": {""GK"": {""base"": ""66ff33"", ""number"": ""000000"", ""real"": true, ""sleeve"": ""66ff33"", ""type"": ""short_sleeves""}, ""player"": {""base"": ""ca0000"", ""number"": ""ffffff"", ""real"": true, ""sleeve"": ""ffffff"", ""sleevelong"": ""ca0000"", ""type"": ""short_sleeves""}}}, ""league"": {""country"": ""International"", ""current_season"": {""end_date"": ""2026-12-31"", ""id"": 133, ""name"": ""Int. Friendly Games 2026"", ""start_date"": ""2026-01-01"", ""year"": 2026}, ""id"": 31, ""is_women"": false, ""name"": ""International Friendly Games""}, ""lineups"": null, ""live_stats"": null, ""live_websocket"": true, ""momentum"": null, ""odds_away"": null, ""odds_btts_no"": null, ""odds_btts_yes"": null, ""odds_draw"": null, ""odds_home"": null, ""odds_over_15"": null, ""odds_over_25"": null, ""odds_over_35"": null, ""odds_under_15"": null, ""odds_under_25"": null, ""odds_under_35"": null, ""penalty_shootout"": null, ""period"": """", ""pitch_condition"": null, ""referee"": null, ""round_name"": """", ""round_number"": null, ""season"": {""id"": 133, ""name"": ""Int. Friendly Games 2026"", ""year"": 2026}, ""shotmap"": null, ""sr_stats"": null, ""status"": ""notstarted"", ""temperature_c"": null, ""travel_distance_km"": null, ""unavailable_players"": null, ""venue"": {""built_year"": null, ""capacity"": 14403, ""city"": ""Yerevan"", ""country"": ""Armenia"", ""id"": 1203, ""latitude"": null, ""longitude"": null, ""name"": ""Vazgen Sargsyan Republican Stadium"", ""pitch_x"": null, ""pitch_y"": null}, ""weather_code"": null, ""wind_speed"": null, ""xg_per_minute"": null}, ""expected_away_goals"": 1.5, ""expected_home_goals"": 2.0, ""favorite"": ""H"", ""favorite_prob"": 43.82209203223167, ""favorite_recommend"": false, ""id"": 4729, ""model_version"": ""v5.0"", ""most_likely_score"": ""1-1"", ""over_15_recommend"": false, ""over_25_recommend"": false, ""over_35_recommend"": false, ""predicted_result"": ""H"", ""prob_away_win"": 30.40901230812344, ""prob_btts_yes"": 78.66169776369618, ""prob_draw"": 25.768895659644876, ""prob_home_win"": 43.82209203223167, ""prob_over_15"": 87.49817942287554, ""prob_over_25"": 75.54583774844747, ""prob_over_35"": 54.715118542173954, ""winner_recommend"": false}","{""favorite"": ""H"", ""favorite_prob"": 0.43822092032231674, ""match_quality"": ""exact"", ""model_version"": ""v5.0"", ""most_likely_score"": ""1-1"", ""prediction_age_hours"": 160.3, ""prediction_created_at"": ""2026-06-02T10:52:30.814061Z"", ""prob_btts_yes"": 0.7866169776369618, ""prob_draw"": 0.25768895659644875, ""prob_over_1_5"": 0.8749817942287553, ""prob_over_2_5"": 0.7554583774844746, ""prob_over_3_5"": 0.5471511854217396, ""provider_confidence"": 0.43822092032231674, ""provider_confidence_pct"": 43.822, ""provider_metric_hints"": {""expected_away_goals"": 1.5, ""expected_home_goals"": 2.0, ""expected_total_goals"": 3.5, ""favorite"": ""H"", ""is_local_derby"": false, ""model_version"": ""v5.0"", ""most_likely_score"": ""1-1"", ""prob_away_win"": 0.30409, ""prob_btts_yes"": 0.78662, ""prob_draw"": 0.25769, ""prob_home_win"": 0.43822, ""prob_over_1_5"": 0.87498, ""prob_over_2_5"": 0.75546, ""prob_over_3_5"": 0.54715, ""provider_confidence"": 0.43822092032231674}, ""provider_metric_hints_count"": 15, ""provider_odds_hints_count"": 0, ""sstats_deep_endpoint_count"": 3, ""sstats_deep_endpoints"": {""game_id"": ""4729"", ""glicko"": {""data"": null, ""message"": ""Для данного матча отсутствует Glicko аналитика"", ""status"": ""error"", ""traceId"": ""00-587f217f9a293519f478ab04b219ecb3-0de9d12d71473048-00""}, ""injuries"": {""count"": 0, ""data"": [], ""status"": ""OK"", ""traceId"": ""00-839916d297451175c234a876154dd154-863a1dc687ba77cd-00""}, ""last_games_stats"": {""away"": {""avgCards"": null, ""avgCardsOpp"": null, ""avgConceded"": 1.309028, ""avgCorners"": null, ""avgCornersOpp"": null, ""avgDrawOdds"": 3.411835, ""avgLoseOdds"": 3.3883636, ""avgOddsXg"": 1.2750404, ""avgOddsXgConceded"": 1.017349, ""avgOffsides"": null, ""avgOffsidesOpp"": null, ""avgOppShots"": null, ""avgScore"": 1.7617148, ""avgShots"": null, ""avgWinOdds"": 2.407317, ""draws"": 3, ""gamesCount"": 25, ""loses"": 10, ""maeOddsXg"": 0.48667443, ""maeOddsXgConceded"": 0.29167902, ""profits"": {""drawProfit"": -14.9, ""loseNoBet"": -1.9799999, ""loseOrDrawProfit"": -4.42, ""loseProfit"": 3.42, ""winNoBet"": -3.1600003, ""winOrDrawProfit"": -5.05, ""winOrLoseProfit"": 4.19, ""winProfit"": 1.1199999}, ""rmseXg"": 1.5411823, ""rmseXgConceded"": 1.367482, ""wins"": 12}, ""home"": {""avgCards"": null, ""avgCardsOpp"": null, ""avgConceded"": 0.9945782, ""avgCorners"": null, ""avgCornersOpp"": null, ""avgDrawOdds"": 3.2051733, ""avgLoseOdds"": 2.6292934, ""avgOddsXg"": 0.9742311, ""avgOddsXgConceded"": 1.1043836, ""avgOffsides"": null, ""avgOffsidesOpp"": null, ""avgOppShots"": null, ""avgScore"": 1.1591817, ""avgShots"": null, ""avgWinOdds"": 3.1890006, ""draws"": 6, ""gamesCount"": 25, ""loses"": 9, ""maeOddsXg"": 0.18495059, ""maeOddsXgConceded"": 0.109805405, ""profits"": {""drawProfit"": -4.7000003, ""loseNoBet"": -5.1400003, ""loseOrDrawProfit"": -4.7599998, ""loseProfit"": -4.8600006, ""winNoBet"": -0.8499999, ""winOrDrawProfit"": -0.20000064, ""winOrLoseProfit"": 0.9299998, ""winProfit"": 1.0699999}, ""rmseXg"": 1.1958535, ""rmseXgConceded"": 0.91785955, ""wins"": 10}}}, ""sstats_mode"": ""bzzoiro_prediction""}",7f6378739889abf43568de3bcb99fec790f84f20,1
soccer|fiji|vanuatu|2026-06-09,bzzoiro,xg_prediction,2026-06-09T03:07:49.166670+00:00,,,71.788,"{""away_win_probability"": 0.085, ""bzzoiro_draw_probability"": 0.192, ""bzzoiro_over25_probability"": 0.626, ""bzzoiro_weather"": {""code"": null, ""description"": null, ""temperature_c"": null, ""wind_speed"": null}, ""expected_away"": 1.15, ""expected_home"": 1.65, ""home_win_probability"": 0.7240000000000001}","{""comparison"": {""away_team"": ""Fiji"", ""away_team_id"": 2301, ""bookmakers_count"": 0, ""event_date"": ""2026-06-09T06:00:00Z"", ""event_id"": 209490, ""home_team"": ""Vanuatu"", ""home_team_id"": 2303, ""league_id"": 31, ""league_name"": ""International Friendly Games"", ""markets"": {}, ""total_odds"": 0}, ""event"": {""attendance"": null, ""away_coach_id"": 1722, ""away_score"": null, ""away_score_ht"": null, ""away_team"": ""Fiji"", ""away_team_id"": 2301, ""current_minute"": null, ""event_date"": ""2026-06-09T06:00:00+00:00"", ""extra_time_score"": null, ""group_name"": null, ""head_to_head"": {""avg_total_goals"": 3.0, ""away_goals"": 1, ""away_win_rate"": 0.0, ""away_wins"": 0, ""draws"": 0, ""home_goals"": 2, ""home_win_rate"": 1.0, ""home_wins"": 1, ""recent_matches"": [{""away"": ""Fiji"", ""date"": ""2026-06-06T04:00:00+00:00"", ""home"": ""Vanuatu"", ""score"": ""2-1""}], ""total_matches"": 1}, ""highlights"": [], ""home_coach_id"": null, ""home_score"": null, ""home_score_ht"": null, ""home_team"": ""Vanuatu"", ""home_team_id"": 2303, ""id"": 209490, ""is_local_derby"": false, ""is_neutral_ground"": false, ""league_id"": 31, ""live_websocket"": false, ""penalty_shootout"": null, ""period"": """", ""pitch_condition"": null, ""referee_id"": null, ""replaced_by"": null, ""round_name"": """", ""round_number"": null, ""season_id"": 133, ""status"": ""notstarted"", ""travel_distance_km"": null, ""venue_id"": null, ""weather"": {""code"": null, ""description"": null, ""temperature_c"": null, ""wind_speed"": null}}, ""metadata"": {""ai_preview"": {""generated_at"": ""2026-06-09T01:45:24.473087+00:00"", ""text"": ""**Vanuatu's looking to make it back-to-back over Fiji**, but the hosts are hungry for revenge after a 2-1 loss at home just recently. This friendly is all about who bounces back better from those brutal New Zealand hammerings. 🏝️\n\nVanuatu's got the recent form edge and home comforts working in their favor, while Fiji's been scrappy — mixing a win with two draws but struggling against quality opposition. Both teams need a confidence boost, so expect some attacking intent.\n\nKey storylines:\n\n- **Vanuatu's home record vs Fiji** just showed they can nick a result; repeating that here would be massive\n- **New Zealand's 7-0 demolition of Fiji** vs the 8-1 Vanuatu suffered — both need to prove they're past those shambolic performances\n- Fiji's mid-game solidity (the New Caledonia draw) suggests they won't roll over, but **Vanuatu's recent win** suggests they've got the edge right now\n\nExpected lineups:\n\n- **Vanuatu**: Jack Wetters, Shane Lowry, Christopher Suri, Hermann Dudley, Jeffrey Bosraud, Ronald Wehbe\n- **Fiji**: Naum Senikavat, Amenaia Nasilasila, Sunil Naicker, Anish Chand, Valerio Bosqué, Sa'u Tauqiri\n\nPrediction:\n\n**Vanuatu 2-1 Fiji**\n\nSlight lean toward the hosts off their recent domestic form, though Fiji's dangerous enough to snag a goal. 📍""}, ""event_id"": 209490, ""funfacts"": [], ""jerseys"": null}, ""odds"": {""event_id"": 209490, ""odds"": {""away_win"": null, ""btts_no"": null, ""btts_yes"": null, ""draw"": null, ""home_win"": null, ""over_15_goals"": null, ""over_25_goals"": null, ""over_35_goals"": null, ""under_15_goals"": null, ""under_25_goals"": null, ""under_35_goals"": null}}, ""odds_comparison"": {""away_team"": ""Fiji"", ""away_team_id"": 2301, ""bookmakers_count"": 0, ""event_date"": ""2026-06-09T06:00:00Z"", ""event_id"": 209490, ""home_team"": ""Vanuatu"", ""home_team_id"": 2303, ""league_id"": 31, ""league_name"": ""International Friendly Games"", ""markets"": {}, ""total_odds"": 0}, ""prediction"": {""created_at"": ""2026-06-09T02:20:08Z"", ""event"": {""away_team"": ""Fiji"", ""away_team_id"": 2301, ""event_date"": ""2026-06-09T06:00:00Z"", ""home_team"": ""Vanuatu"", ""home_team_id"": 2303, ""id"": 209490, ""league_id"": 31, ""league_name"": ""International Friendly Games"", ""status"": ""notstarted""}, ""id"": 5257, ""markets"": {""btts"": {""prob_yes"": 70.9}, ""expected_goals"": {""away"": 1.15, ""home"": 1.65}, ""match_result"": {""predicted"": ""H"", ""prob_away"": 8.5, ""prob_draw"": 19.2, ""prob_home"": 72.4}, ""over_under"": {""prob_over_15"": 82.3, ""prob_over_25"": 62.6, ""prob_over_35"": 29.0}, ""score"": {""most_likely"": ""1-1""}}, ""model"": {""confidence"": 0.7235, ""version"": ""v5.0""}, ""recommendations"": {""bet_favorite"": false, ""btts"": false, ""favorite"": ""H"", ""favorite_prob"": 72.4, ""over_15"": false, ""over_25"": false, ""over_35"": false, ""winner"": false}}, ""stats"": {""average_positions"": {}, ""event_id"": 209490, ""momentum"": [], ""shotmap"": [], ""stats"": {""away"": {""xg"": {""actual"": null}}, ""home"": {""xg"": {""actual"": null}}}, ""xg_per_minute"": []}}","{""bzzoiro_api_version"": ""v2"", ""bzzoiro_comparison_bridge_hints_added"": 0, ""bzzoiro_context_limit_removed"": true, ""bzzoiro_context_sources_used"": {""compact_odds"": true, ""metadata"": true, ""odds_flat_rows"": 0, ""prediction"": true, ""stats"": true}, ""bzzoiro_draw_probability"": 0.192, ""bzzoiro_event_id"": 209490, ""bzzoiro_is_local_derby"": false, ""bzzoiro_is_neutral_ground"": false, ""bzzoiro_match_quality"": ""exact"", ""bzzoiro_over25_probability"": 0.626, ""bzzoiro_prediction_confidence"": 0.7235, ""bzzoiro_status"": ""notstarted"", ""bzzoiro_travel_distance_km"": null, ""bzzoiro_v2_comparison_hints_added"": 0, ""bzzoiro_v2_odds_comparison_attached"": true, ""bzzoiro_v2_odds_comparison_event_id"": ""209490"", ""bzzoiro_v2_source_matrix_patch"": true, ""bzzoiro_weather"": {""code"": null, ""description"": null, ""temperature_c"": null, ""wind_speed"": null}, ""provider_metric_hints"": {""favorite"": ""H"", ""is_local_derby"": false, ""is_neutral_ground"": false, ""model_version"": ""v5.0"", ""prob_draw"": 0.192, ""prob_over_1_5"": 0.823, ""prob_over_2_5"": 0.626, ""prob_over_3_5"": 0.29, ""provider_confidence"": 0.7235}, ""provider_metric_hints_count"": 9, ""provider_odds_hints"": [], ""provider_odds_hints_count"": 0, ""source_tokens"": [""bzzoiro""]}",7f9e2dcf0680b839d7634cd738317049851f25d6,1
soccer|fiji|vanuatu|2026-06-09,sstats,xg_form,2026-06-09T03:07:49.166670+00:00,,,63.70503398462526,"{""away_win_probability"": 0.08469887607263889, ""expected_away"": 1.15, ""expected_home"": 1.65, ""favorite_prob"": 0.723501132820842, ""home_win_probability"": 0.723501132820842, ""prob_btts_yes"": 0.7091942349422452, ""prob_draw"": 0.1917999911065192, ""prob_over_1_5"": 0.8231115996688958, ""prob_over_2_5"": 0.6263960099804057, ""prob_over_3_5"": 0.28955860482262985}","{""btts_recommend"": false, ""confidence"": 72.35011328208421, ""created_at"": ""2026-06-09T02:20:08.383525Z"", ""event"": {""actual_away_xg"": null, ""actual_home_xg"": null, ""ai_preview"": {""generated_at"": ""2026-06-09T01:45:24.473087+00:00"", ""text"": ""**Vanuatu's looking to make it back-to-back over Fiji**, but the hosts are hungry for revenge after a 2-1 loss at home just recently. This friendly is all about who bounces back better from those brutal New Zealand hammerings. 🏝️\n\nVanuatu's got the recent form edge and home comforts working in their favor, while Fiji's been scrappy — mixing a win with two draws but struggling against quality opposition. Both teams need a confidence boost, so expect some attacking intent.\n\nKey storylines:\n\n- **Vanuatu's home record vs Fiji** just showed they can nick a result; repeating that here would be massive\n- **New Zealand's 7-0 demolition of Fiji** vs the 8-1 Vanuatu suffered — both need to prove they're past those shambolic performances\n- Fiji's mid-game solidity (the New Caledonia draw) suggests they won't roll over, but **Vanuatu's recent win** suggests they've got the edge right now\n\nExpected lineups:\n\n- **Vanuatu**: Jack Wetters, Shane Lowry, Christopher Suri, Hermann Dudley, Jeffrey Bosraud, Ronald Wehbe\n- **Fiji**: Naum Senikavat, Amenaia Nasilasila, Sunil Naicker, Anish Chand, Valerio Bosqué, Sa'u Tauqiri\n\nPrediction:\n\n**Vanuatu 2-1 Fiji**\n\nSlight lean toward the hosts off their recent domestic form, though Fiji's dangerous enough to snag a goal. 📍""}, ""attendance"": null, ""average_positions"": null, ""away_coach"": {""country"": ""Guadeloupe"", ""defensive_line"": """", ""id"": 1722, ""name"": ""Stéphane Auvray"", ""preferred_formation"": ""4-4-2"", ""pressing_intensity"": null, ""profile"": ""balanced"", ""short_name"": ""S. Auvray"", ""top_styles"": []}, ""away_score"": null, ""away_score_ht"": null, ""away_team"": ""Fiji"", ""away_team_obj"": {""coach"": {""name"": ""Stéphane Auvray"", ""shortName"": ""S. Auvray""}, ""country"": ""Fiji"", ""id"": 2301, ""name"": ""Fiji"", ""short_name"": """", ""venue"": null}, ""away_xg_live"": null, ""current_minute"": null, ""event_date"": ""2026-06-09T06:00:00Z"", ""extra_time_score"": null, ""funfacts"": null, ""group_name"": null, ""home_coach"": null, ""home_score"": null, ""home_score_ht"": null, ""home_team"": ""Vanuatu"", ""home_team_obj"": {""coach"": null, ""country"": ""Vanuatu"", ""id"": 2303, ""name"": ""Vanuatu"", ""short_name"": ""Vanuatu"", ""venue"": null}, ""home_xg_live"": null, ""id"": 209490, ""incidents"": null, ""is_local_derby"": null, ""is_neutral_ground"": null, ""jerseys"": null, ""league"": {""country"": ""International"", ""current_season"": {""end_date"": ""2026-12-31"", ""id"": 133, ""name"": ""Int. Friendly Games 2026"", ""start_date"": ""2026-01-01"", ""year"": 2026}, ""id"": 31, ""is_women"": false, ""name"": ""International Friendly Games""}, ""lineups"": null, ""live_stats"": null, ""live_websocket"": false, ""momentum"": null, ""odds_away"": null, ""odds_btts_no"": null, ""odds_btts_yes"": null, ""odds_draw"": null, ""odds_home"": null, ""odds_over_15"": null, ""odds_over_25"": null, ""odds_over_35"": null, ""odds_under_15"": null, ""odds_under_25"": null, ""odds_under_35"": null, ""penalty_shootout"": null, ""period"": """", ""pitch_condition"": null, ""referee"": null, ""round_name"": """", ""round_number"": null, ""season"": {""id"": 133, ""name"": ""Int. Friendly Games 2026"", ""year"": 2026}, ""shotmap"": null, ""sr_stats"": null, ""status"": ""notstarted"", ""temperature_c"": null, ""travel_distance_km"": null, ""unavailable_players"": null, ""venue"": null, ""weather_code"": null, ""wind_speed"": null, ""xg_per_minute"": null}, ""expected_away_goals"": 1.15, ""expected_home_goals"": 1.65, ""favorite"": ""H"", ""favorite_prob"": 72.35011328208421, ""favorite_recommend"": false, ""id"": 5257, ""model_version"": ""v5.0"", ""most_likely_score"": ""1-1"", ""over_15_recommend"": false, ""over_25_recommend"": false, ""over_35_recommend"": false, ""predicted_result"": ""H"", ""prob_away_win"": 8.469887607263889, ""prob_btts_yes"": 70.91942349422452, ""prob_draw"": 19.17999911065192, ""prob_home_win"": 72.35011328208421, ""prob_over_15"": 82.31115996688958, ""prob_over_25"": 62.63960099804057, ""prob_over_35"": 28.955860482262985, ""winner_recommend"": false}","{""favorite"": ""H"", ""favorite_prob"": 0.723501132820842, ""match_quality"": ""exact"", ""model_version"": ""v5.0"", ""most_likely_score"": ""1-1"", ""prediction_age_hours"": 0.8, ""prediction_created_at"": ""2026-06-09T02:20:08.383525Z"", ""prob_btts_yes"": 0.7091942349422452, ""prob_draw"": 0.1917999911065192, ""prob_over_1_5"": 0.8231115996688958, ""prob_over_2_5"": 0.6263960099804057, ""prob_over_3_5"": 0.28955860482262985, ""provider_confidence"": 0.723501132820842, ""provider_confidence_pct"": 72.35, ""provider_metric_hints"": {""expected_away_goals"": 1.15, ""expected_home_goals"": 1.65, ""expected_total_goals"": 2.8, ""favorite"": ""H"", ""model_version"": ""v5.0"", ""most_likely_score"": ""1-1"", ""prob_away_win"": 0.0847, ""prob_btts_yes"": 0.70919, ""prob_draw"": 0.1918, ""prob_home_win"": 0.7235, ""prob_over_1_5"": 0.82311, ""prob_over_2_5"": 0.6264, ""prob_over_3_5"": 0.28956, ""provider_confidence"": 0.723501132820842}, ""provider_metric_hints_count"": 14, ""provider_odds_hints_count"": 0, ""sstats_deep_endpoint_count"": 2, ""sstats_deep_endpoints"": {""game_id"": ""5257"", ""injuries"": {""count"": 0, ""data"": [], ""status"": ""OK"", ""traceId"": ""00-351b4e14c94a6595ba61f1b581d09f5d-dfbeef2f09275bd1-00""}, ""last_games_stats"": {""data"": null, ""message"": ""Данных не найдено"", ""status"": ""error"", ""traceId"": ""00-0c48c45f8d1119045d40019105af1dae-92201f2bef42dd65-00""}}, ""sstats_mode"": ""bzzoiro_prediction""}",757c571bf7b6d3ef1fdfb6e4b588cde741292f40,1
soccer|chile|congo dr|2026-06-09,bzzoiro,xg_prediction,2026-06-09T03:07:49.166670+00:00,,,67.3664,"{""away_win_probability"": 0.07, ""bzzoiro_draw_probability"": 0.134, ""bzzoiro_over25_probability"": 0.513, ""bzzoiro_weather"": {""code"": null, ""description"": null, ""temperature_c"": null, ""wind_speed"": null}, ""expected_away"": 1.3, ""expected_home"": 1.65, ""home_win_probability"": 0.7959999999999999}","{""comparison"": {""away_team"": ""Chile"", ""away_team_id"": 936, ""bookmakers_count"": 0, ""event_date"": ""2026-06-09T16:00:00Z"", ""event_id"": 207894, ""home_team"": ""DR Congo"", ""home_team_id"": 648, ""league_id"": 31, ""league_name"": ""International Friendly Games"", ""markets"": {}, ""total_odds"": 0}, ""event"": {""attendance"": null, ""away_coach_id"": 577, ""away_score"": null, ""away_score_ht"": null, ""away_team"": ""Chile"", ""away_team_id"": 936, ""current_minute"": null, ""event_date"": ""2026-06-09T16:00:00+00:00"", ""extra_time_score"": null, ""group_name"": null, ""head_to_head"": null, ""highlights"": [], ""home_coach_id"": 583, ""home_score"": null, ""home_score_ht"": null, ""home_team"": ""DR Congo"", ""home_team_id"": 648, ""id"": 207894, ""is_local_derby"": false, ""is_neutral_ground"": false, ""league_id"": 31, ""live_websocket"": false, ""penalty_shootout"": null, ""period"": """", ""pitch_condition"": null, ""referee_id"": null, ""replaced_by"": null, ""round_name"": """", ""round_number"": null, ""season_id"": 133, ""status"": ""notstarted"", ""travel_distance_km"": null, ""venue_id"": 1529, ""weather"": {""code"": null, ""description"": null, ""temperature_c"": null, ""wind_speed"": null}}, ""metadata"": {""ai_preview"": {""generated_at"": ""2026-06-09T01:46:49.224757+00:00"", ""text"": ""**DR Congo looking to keep the party rolling against a slumping Chile side.** 🇨🇩 This is a proper mismatch on paper — one team riding form, the other desperately searching for a win.\n\nDR Congo's unbeaten run (2W 3D) sits nicely against Chile's current nightmare (1D 4L in five). The Leopards have been solid defensively overseas and lethal at home; meanwhile, Chile just got dismantled 3-0 by Brazil and shut out by Uruguay. This reeks of a confidence mismatch.\n\nKey storylines:\n\n- **C. Bakambu** and **T. Bongonda** spearheading DR Congo's attack against a brittle **G. Maripán** and **F. Sierralta** backline\n- **A. Wan-Bissaka** anchoring the right flank while Chile's **F. Hormazábal** tries to weather the storm\n- Chile desperately needing a spark — **I. Morales** carries the creative load but has little support around him\n\nExpected lineups:\n\n- **DR Congo**: L. Mpasi Nzau, C. Mbemba, A. Tuanzebe, A. Wan-Bissaka, S. Moutoussamy, N. Mbuku, T. Bongonda, N. Sadiki, C. Bakambu\n- **Chile**: B. Cortés, G. Suazo, G. Maripán, F. Sierralta, F. Loyola, F. Sierralta, R. Echeverría, V. Pizarro, I. Morales, L. Cepeda\n\nBest picks:\n\n- **Total Goals 1.5**: Over 1.5 goals\n\nPrediction:\n\n**DR Congo 2–0 Chile.** The Leopards have the edge in every compartment — form, structure, and killer instinct. 🐾""}, ""event_id"": 207894, ""funfacts"": [], ""jerseys"": null}, ""odds"": {""event_id"": 207894, ""odds"": {""away_win"": null, ""btts_no"": null, ""btts_yes"": null, ""draw"": null, ""home_win"": null, ""over_15_goals"": null, ""over_25_goals"": null, ""over_35_goals"": null, ""under_15_goals"": null, ""under_25_goals"": null, ""under_35_goals"": null}}, ""odds_comparison"": {""away_team"": ""Chile"", ""away_team_id"": 936, ""bookmakers_count"": 0, ""event_date"": ""2026-06-09T16:00:00Z"", ""event_id"": 207894, ""home_team"": ""DR Congo"", ""home_team_id"": 648, ""league_id"": 31, ""league_name"": ""International Friendly Games"", ""markets"": {}, ""total_odds"": 0}, ""prediction"": {""created_at"": ""2026-06-02T10:52:30Z"", ""event"": {""away_team"": ""Chile"", ""away_team_id"": 936, ""event_date"": ""2026-06-09T16:00:00Z"", ""home_team"": ""DR Congo"", ""home_team_id"": 648, ""id"": 207894, ""league_id"": 31, ""league_name"": ""International Friendly Games"", ""status"": ""notstarted""}, ""id"": 4728, ""markets"": {""btts"": {""prob_yes"": 31.8}, ""expected_goals"": {""away"": 1.3, ""home"": 1.65}, ""match_result"": {""predicted"": ""H"", ""prob_away"": 7.0, ""prob_draw"": 13.4, ""prob_home"": 79.6}, ""over_under"": {""prob_over_15"": 81.6, ""prob_over_25"": 51.3, ""prob_over_35"": 33.6}, ""score"": {""most_likely"": ""1-1""}}, ""model"": {""confidence"": 0.7958, ""version"": ""v5.0""}, ""recommendations"": {""bet_favorite"": false, ""btts"": false, ""favorite"": ""H"", ""favorite_prob"": 79.6, ""over_15"": false, ""over_25"": false, ""over_35"": false, ""winner"": false}}, ""stats"": {""average_positions"": {}, ""event_id"": 207894, ""momentum"": [], ""shotmap"": [], ""stats"": {""away"": {""xg"": {""actual"": null}}, ""home"": {""xg"": {""actual"": null}}}, ""xg_per_minute"": []}}","{""bzzoiro_api_version"": ""v2"", ""bzzoiro_comparison_bridge_hints_added"": 0, ""bzzoiro_context_limit_removed"": true, ""bzzoiro_context_sources_used"": {""compact_odds"": true, ""metadata"": true, ""odds_flat_rows"": 0, ""prediction"": true, ""stats"": true}, ""bzzoiro_draw_probability"": 0.134, ""bzzoiro_event_id"": 207894, ""bzzoiro_is_local_derby"": false, ""bzzoiro_is_neutral_ground"": false, ""bzzoiro_match_quality"": ""fuzzy"", ""bzzoiro_over25_probability"": 0.513, ""bzzoiro_prediction_confidence"": 0.7958, ""bzzoiro_status"": ""notstarted"", ""bzzoiro_travel_distance_km"": null, ""bzzoiro_v2_comparison_hints_added"": 0, ""bzzoiro_v2_odds_comparison_attached"": true, ""bzzoiro_v2_odds_comparison_event_id"": ""207894"", ""bzzoiro_v2_source_matrix_patch"": true, ""bzzoiro_weather"": {""code"": null, ""description"": null, ""temperature_c"": null, ""wind_speed"": null}, ""provider_metric_hints"": {""favorite"": ""H"", ""is_local_derby"": false, ""is_neutral_ground"": false, ""model_version"": ""v5.0"", ""prob_draw"": 0.134, ""prob_over_1_5"": 0.816, ""prob_over_2_5"": 0.513, ""prob_over_3_5"": 0.336, ""provider_confidence"": 0.7958}, ""provider_metric_hints_count"": 9, ""provider_odds_hints"": [], ""provider_odds_hints_count"": 0, ""source_tokens"": [""bzzoiro""]}",752494cb031524b9b2f7da2231eff2fe1ecd5205,1
soccer|livyi bereh|oleksandria|2026-06-09,sstats,xg_form,2026-06-09T03:07:49.166670+00:00,,,65.0,"{""away_win_probability"": 0.2626, ""expected_away"": 1.002, ""expected_home"": 1.994, ""home_win_probability"": 0.5225}","{""away_recent"": [{""goals_against"": 1.0, ""goals_for"": 1.0, ""home"": true, ""league"": ""Premier League"", ""opponent"": ""Kryvbas KR"", ""opponent_key"": ""kryvbas kr"", ""start"": ""2026-05-23T10:00:00+00:00"", ""team"": ""Oleksandria"", ""team_key"": ""oleksandria""}, {""goals_against"": 1.0, ""goals_for"": 3.0, ""home"": false, ""league"": ""Premier League"", ""opponent"": ""Ruh Lviv"", ""opponent_key"": ""ruh lviv"", ""start"": ""2026-05-17T10:00:00+00:00"", ""team"": ""Oleksandria"", ""team_key"": ""oleksandria""}, {""goals_against"": 8.0, ""goals_for"": 1.0, ""home"": false, ""league"": ""U19 League"", ""opponent"": ""Rukh Vynnyky U19"", ""opponent_key"": ""rukh vynnyky"", ""start"": ""2026-05-16T10:00:00+00:00"", ""team"": ""Oleksandria U19"", ""team_key"": ""oleksandria""}, {""goals_against"": 2.0, ""goals_for"": 1.0, ""home"": true, ""league"": ""Premier League"", ""opponent"": ""Zorya Luhansk"", ""opponent_key"": ""zorya luhansk"", ""start"": ""2026-05-12T10:00:00+00:00"", ""team"": ""Oleksandria"", ""team_key"": ""oleksandria""}, {""goals_against"": 1.0, ""goals_for"": 0.0, ""home"": true, ""league"": ""U19 League"", ""opponent"": ""Zorya Luhansk U19"", ""opponent_key"": ""zorya luhansk"", ""start"": ""2026-05-11T09:00:00+00:00"", ""team"": ""Oleksandria U19"", ""team_key"": ""oleksandria""}, {""goals_against"": 3.0, ""goals_for"": 1.0, ""home"": false, ""league"": ""U19 League"", ""opponent"": ""Zhytomyr U19"", ""opponent_key"": ""zhytomyr"", ""start"": ""2026-05-07T10:00:00+00:00"", ""team"": ""Oleksandria U19"", ""team_key"": ""oleksandria""}, {""goals_against"": 3.0, ""goals_for"": 0.0, ""home"": true, ""league"": ""Premier League"", ""opponent"": ""Kolos Kovalivka"", ""opponent_key"": ""kolos kovalivka"", ""start"": ""2026-05-02T10:00:00+00:00"", ""team"": ""Oleksandria"", ""team_key"": ""oleksandria""}, {""goals_against"": 1.0, ""goals_for"": 1.0, ""home"": false, ""league"": ""Premier League"", ""opponent"": ""Epitsentr Dunayivtsi"", ""opponent_key"": ""epitsentr dunayivtsi"", ""start"": ""2026-04-27T10:00:00+00:00"", ""team"": ""Oleksandria"", ""team_key"": ""oleksandria""}, {""goals_against"": 1.0, ""goals_for"": 2.0, ""home"": false, ""league"": ""U19 League"", ""opponent"": ""Epitsentr U19"", ""opponent_key"": ""epitsentr"", ""start"": ""2026-04-26T09:00:00+00:00"", ""team"": ""Oleksandria U19"", ""team_key"": ""oleksandria""}], ""home_recent"": [{""goals_against"": 1.0, ""goals_for"": 3.0, ""home"": false, ""league"": ""Persha Liga"", ""opponent"": ""Inhulets"", ""opponent_key"": ""inhulets"", ""start"": ""2026-06-01T10:00:00+00:00"", ""team"": ""Livyi Bereh"", ""team_key"": ""livyi bereh""}, {""goals_against"": 0.0, ""goals_for"": 0.0, ""home"": false, ""league"": ""Persha Liga"", ""opponent"": ""Chornomorets"", ""opponent_key"": ""chornomorets"", ""start"": ""2026-05-16T13:30:00+00:00"", ""team"": ""Livyi Bereh"", ""team_key"": ""livyi bereh""}, {""goals_against"": 0.0, ""goals_for"": 1.0, ""home"": false, ""league"": ""Persha Liga"", ""opponent"": ""Vorskla Poltava"", ""opponent_key"": ""vorskla poltava"", ""start"": ""2026-05-03T10:00:00+00:00"", ""team"": ""Livyi Bereh"", ""team_key"": ""livyi bereh""}], ""mode"": ""team_form""}","{""away_goals_against_avg"": 2.333, ""away_goals_for_avg"": 1.111, ""away_recent_count"": 9, ""away_team_key"": ""oleksandria"", ""home_goals_against_avg"": 0.333, ""home_goals_for_avg"": 1.333, ""home_recent_count"": 3, ""home_team_key"": ""livyi bereh"", ""league_overlap_count"": 9, ""provider_odds_hints_count"": 0, ""sstats_mode"": ""team_form""}",fdf90813a52dc1d3790599a5a901a28bb89bc622,1
soccer|atlantic|kumba|2026-06-09,sstats,xg_form,2026-06-09T03:07:49.166670+00:00,,,65.0,"{""away_win_probability"": 0.3425, ""expected_away"": 0.674, ""expected_home"": 0.474, ""home_win_probability"": 0.241}","{""away_recent"": [{""goals_against"": 1.0, ""goals_for"": 2.0, ""home"": true, ""league"": ""Elite Two"", ""opponent"": ""Bamboutos"", ""opponent_key"": ""bamboutos"", ""start"": ""2026-05-23T14:00:00+00:00"", ""team"": ""Kumba"", ""team_key"": ""kumba""}, {""goals_against"": 1.0, ""goals_for"": 0.0, ""home"": false, ""league"": ""Elite Two"", ""opponent"": ""Avion Academy"", ""opponent_key"": ""avion academy"", ""start"": ""2026-05-11T12:00:00+00:00"", ""team"": ""Kumba"", ""team_key"": ""kumba""}, {""goals_against"": 0.0, ""goals_for"": 1.0, ""home"": true, ""league"": ""Elite Two"", ""opponent"": ""Union Abong-Mbang"", ""opponent_key"": ""union abong mbang"", ""start"": ""2026-05-06T14:00:00+00:00"", ""team"": ""Kumba"", ""team_key"": ""kumba""}, {""goals_against"": 1.0, ""goals_for"": 0.0, ""home"": false, ""league"": ""Elite Two"", ""opponent"": ""Tonnerre"", ""opponent_key"": ""tonnerre"", ""start"": ""2026-04-30T13:00:00+00:00"", ""team"": ""Kumba"", ""team_key"": ""kumba""}], ""home_recent"": [{""goals_against"": 1.0, ""goals_for"": 0.0, ""home"": true, ""league"": ""Elite Two"", ""opponent"": ""Les Astres"", ""opponent_key"": ""les astres"", ""start"": ""2026-05-23T14:00:00+00:00"", ""team"": ""Atlantic"", ""team_key"": ""atlantic""}, {""goals_against"": 0.0, ""goals_for"": 1.0, ""home"": false, ""league"": ""Elite Two"", ""opponent"": ""Union Douala"", ""opponent_key"": ""union douala"", ""start"": ""2026-05-11T14:00:00+00:00"", ""team"": ""Atlantic"", ""team_key"": ""atlantic""}, {""goals_against"": 0.0, ""goals_for"": 0.0, ""home"": true, ""league"": ""Elite Two"", ""opponent"": ""Sable"", ""opponent_key"": ""sable"", ""start"": ""2026-05-07T14:00:00+00:00"", ""team"": ""Atlantic"", ""team_key"": ""atlantic""}, {""goals_against"": 1.0, ""goals_for"": 0.0, ""home"": false, ""league"": ""Elite Two"", ""opponent"": ""APEJES Academy"", ""opponent_key"": ""apejes academy"", ""start"": ""2026-04-30T15:00:00+00:00"", ""team"": ""Atlantic"", ""team_key"": ""atlantic""}], ""mode"": ""team_form""}","{""away_goals_against_avg"": 0.75, ""away_goals_for_avg"": 0.75, ""away_recent_count"": 4, ""away_team_key"": ""kumba"", ""home_goals_against_avg"": 0.5, ""home_goals_for_avg"": 0.25, ""home_recent_count"": 4, ""home_team_key"": ""atlantic"", ""league_overlap_count"": 8, ""provider_odds_hints_count"": 0, ""sstats_mode"": ""team_form""}",b01af868114f094e11cb3f2158cc55d31c35938f,1
soccer|brunei|timor leste|2026-06-09,bzzoiro,xg_prediction,2026-06-09T03:07:49.166670+00:00,,,65.1112,"{""away_win_probability"": 0.514, ""bzzoiro_draw_probability"": 0.249, ""bzzoiro_over25_probability"": 0.305, ""bzzoiro_weather"": {""code"": null, ""description"": null, ""temperature_c"": null, ""wind_speed"": null}, ""expected_away"": 1.5, ""expected_home"": 0.98, ""home_win_probability"": 0.237}","{""comparison"": {""away_team"": ""Sierra Leone"", ""away_team_id"": 2277, ""bookmakers_count"": 0, ""event_date"": ""2026-06-09T18:30:00Z"", ""event_id"": 209488, ""home_team"": ""Liberia"", ""home_team_id"": 695, ""league_id"": 31, ""league_name"": ""International Friendly Games"", ""markets"": {}, ""total_odds"": 0}, ""event"": {""attendance"": null, ""away_coach_id"": 1700, ""away_score"": null, ""away_score_ht"": null, ""away_team"": ""Sierra Leone"", ""away_team_id"": 2277, ""current_minute"": null, ""event_date"": ""2026-06-09T18:30:00+00:00"", ""extra_time_score"": null, ""group_name"": null, ""head_to_head"": {""avg_total_goals"": 1.0, ""away_goals"": 1, ""away_win_rate"": 1.0, ""away_wins"": 1, ""draws"": 0, ""home_goals"": 0, ""home_win_rate"": 0.0, ""home_wins"": 0, ""recent_matches"": [{""away"": ""Liberia"", ""date"": ""2026-06-06T16:00:00+00:00"", ""home"": ""Sierra Leone"", ""score"": ""1-0""}], ""total_matches"": 1}, ""highlights"": [], ""home_coach_id"": 69, ""home_score"": null, ""home_score_ht"": null, ""home_team"": ""Liberia"", ""home_team_id"": 695, ""id"": 209488, ""is_local_derby"": false, ""is_neutral_ground"": false, ""league_id"": 31, ""live_websocket"": false, ""penalty_shootout"": null, ""period"": """", ""pitch_condition"": null, ""referee_id"": null, ""replaced_by"": null, ""round_name"": """", ""round_number"": null, ""season_id"": 133, ""status"": ""notstarted"", ""travel_distance_km"": null, ""venue_id"": 1375, ""weather"": {""code"": null, ""description"": null, ""temperature_c"": null, ""wind_speed"": null}}, ""metadata"": {""ai_preview"": {""generated_at"": ""2026-06-09T01:47:20.282234+00:00"", ""text"": ""**Sierra Leone rolls into Monrovia looking to make it back-to-back wins** — they just beat Liberia 1-0 at home and are the form side here. 🔥\n\nLiberia's mixed run (1W 2D 2L) hasn't been kind lately, while the visitors are buzzing at 3W 1D 1L. That home advantage could matter, but Sierra Leone's got the recent edge in this fixture.\n\nKey storylines:\n\n- **Sierra Leone's attacking trio** of S. Tarawallie, M. Bundu, and A. Bakayoko will test Liberia's back line — P. Tarnue and E. Fully have work to do\n- **Liberia's midfield pairing** of O. Dorley and D. Teah needs to disrupt Sierra Leone's tempo and creativity through A. Koroma and S. Fofanah\n- **Defensive solidity wins this one** — both teams have shown they can keep it tight, and loose play in transition could be punished\n\nExpected lineups:\n\n- **Liberia**: A. Wesseh, P. Tarnue, E. Fully, N. Swen, A. Jamal, O. Dorley, D. Teah, A. Kosiah, N. Kenneh, K. Sherman, G. Wallace\n- **Sierra Leone**: F. Koroma, A. Turay, A. Jarjue, D. Kanu, K. Cesay, A. Koroma, S. Fofanah, I. Kanu, S. Tarawallie, M. Bundu, A. Bakayoko\n\nBest picks:\n\n- **Total Goals 3.5**: Under 3.5 goals\n- **Both Teams to Score**: BTTS No\n\nPrediction:\n\n**Sierra Leone 1-0 Liberia**. The model leans visitors, and that recent head-to-head dominance is hard to ignore.""}, ""event_id"": 209488, ""funfacts"": [], ""jerseys"": null}, ""odds"": {""event_id"": 209488, ""odds"": {""away_win"": null, ""btts_no"": null, ""btts_yes"": null, ""draw"": null, ""home_win"": null, ""over_15_goals"": null, ""over_25_goals"": null, ""over_35_goals"": null, ""under_15_goals"": null, ""under_25_goals"": null, ""under_35_goals"": null}}, ""odds_comparison"": {""away_team"": ""Sierra Leone"", ""away_team_id"": 2277, ""bookmakers_count"": 0, ""event_date"": ""2026-06-09T18:30:00Z"", ""event_id"": 209488, ""home_team"": ""Liberia"", ""home_team_id"": 695, ""league_id"": 31, ""league_name"": ""International Friendly Games"", ""markets"": {}, ""total_odds"": 0}, ""prediction"": {""created_at"": ""2026-06-08T02:20:13Z"", ""event"": {""away_team"": ""Sierra Leone"", ""away_team_id"": 2277, ""event_date"": ""2026-06-09T18:30:00Z"", ""home_team"": ""Liberia"", ""home_team_id"": 695, ""id"": 209488, ""league_id"": 31, ""league_name"": ""International Friendly Games"", ""status"": ""notstarted""}, ""id"": 5255, ""markets"": {""btts"": {""prob_yes"": 20.7}, ""expected_goals"": {""away"": 1.5, ""home"": 0.98}, ""match_result"": {""predicted"": ""A"", ""prob_away"": 51.4, ""prob_draw"": 24.9, ""prob_home"": 23.7}, ""over_under"": {""prob_over_15"": 76.9, ""prob_over_25"": 30.5, ""prob_over_35"": 15.8}, ""score"": {""most_likely"": ""0-1""}}, ""model"": {""confidence"": 0.5139, ""version"": ""v5.0""}, ""recommendations"": {""bet_favorite"": false, ""btts"": false, ""favorite"": ""A"", ""favorite_prob"": 51.4, ""over_15"": false, ""over_25"": false, ""over_35"": false, ""winner"": false}}, ""stats"": {""average_positions"": {}, ""event_id"": 209488, ""momentum"": [], ""shotmap"": [], ""stats"": {""away"": {""xg"": {""actual"": null}}, ""home"": {""xg"": {""actual"": null}}}, ""xg_per_minute"": []}}","{""bzzoiro_api_version"": ""v2"", ""bzzoiro_comparison_bridge_hints_added"": 0, ""bzzoiro_context_limit_removed"": true, ""bzzoiro_context_sources_used"": {""compact_odds"": true, ""metadata"": true, ""odds_flat_rows"": 0, ""prediction"": true, ""stats"": true}, ""bzzoiro_draw_probability"": 0.249, ""bzzoiro_event_id"": 209488, ""bzzoiro_is_local_derby"": false, ""bzzoiro_is_neutral_ground"": false, ""bzzoiro_match_quality"": ""fuzzy"", ""bzzoiro_over25_probability"": 0.305, ""bzzoiro_prediction_confidence"": 0.5139, ""bzzoiro_status"": ""notstarted"", ""bzzoiro_travel_distance_km"": null, ""bzzoiro_v2_comparison_hints_added"": 0, ""bzzoiro_v2_odds_comparison_attached"": true, ""bzzoiro_v2_odds_comparison_event_id"": ""209488"", ""bzzoiro_v2_source_matrix_patch"": true, ""bzzoiro_weather"": {""code"": null, ""description"": null, ""temperature_c"": null, ""wind_speed"": null}, ""provider_metric_hints"": {""favorite"": ""A"", ""is_local_derby"": false, ""is_neutral_ground"": false, ""model_version"": ""v5.0"", ""prob_draw"": 0.249, ""prob_over_1_5"": 0.769, ""prob_over_2_5"": 0.305, ""prob_over_3_5"": 0.158, ""provider_confidence"": 0.5139}, ""provider_metric_hints_count"": 9, ""provider_odds_hints"": [], ""provider_odds_hints_count"": 0, ""source_tokens"": [""bzzoiro""]}",5a91fb4ef7d2ed9cebebc5f2e75932d298b5673b,1
soccer|brunei|timor leste|2026-06-09,sstats,xg_form,2026-06-09T03:07:49.166670+00:00,,,65.0,"{""away_win_probability"": 0.2351, ""expected_away"": 1.082, ""expected_home"": 2.701, ""home_win_probability"": 0.5867}","{""away_recent"": [{""goals_against"": 4.0, ""goals_for"": 0.0, ""home"": false, ""league"": ""ASEAN Championship U19"", ""opponent"": ""Singapore U19"", ""opponent_key"": ""singapore"", ""start"": ""2026-06-08T13:00:00+00:00"", ""team"": ""Brunei U19"", ""team_key"": ""brunei""}, {""goals_against"": 3.0, ""goals_for"": 0.0, ""home"": true, ""league"": ""ASEAN Championship"", ""opponent"": ""Timor-Leste"", ""opponent_key"": ""timor leste"", ""start"": ""2026-06-02T12:15:00+00:00"", ""team"": ""Brunei"", ""team_key"": ""brunei""}, {""goals_against"": 9.0, ""goals_for"": 0.0, ""home"": false, ""league"": ""ASEAN Championship U19"", ""opponent"": ""Thailand U19"", ""opponent_key"": ""thailand"", ""start"": ""2026-06-02T09:00:00+00:00"", ""team"": ""Brunei U19"", ""team_key"": ""brunei""}], ""home_recent"": [{""goals_against"": 3.0, ""goals_for"": 1.0, ""home"": true, ""league"": ""ASEAN Championship U19"", ""opponent"": ""Myanmar U19"", ""opponent_key"": ""myanmar"", ""start"": ""2026-06-07T13:00:00+00:00"", ""team"": ""Timor-Leste U19"", ""team_key"": ""timor leste""}, {""goals_against"": 3.0, ""goals_for"": 0.0, ""home"": true, ""league"": ""ASEAN Championship U19"", ""opponent"": ""Indonesia U19"", ""opponent_key"": ""indonesia"", ""start"": ""2026-06-04T13:00:00+00:00"", ""team"": ""Timor-Leste U19"", ""team_key"": ""timor leste""}, {""goals_against"": 0.0, ""goals_for"": 3.0, ""home"": false, ""league"": ""ASEAN Championship"", ""opponent"": ""Brunei"", ""opponent_key"": ""brunei"", ""start"": ""2026-06-02T12:15:00+00:00"", ""team"": ""Timor-Leste"", ""team_key"": ""timor leste""}, {""goals_against"": 3.0, ""goals_for"": 0.0, ""home"": false, ""league"": ""ASEAN Championship U19"", ""opponent"": ""Vietnam U19"", ""opponent_key"": ""vietnam"", ""start"": ""2026-06-01T09:00:00+00:00"", ""team"": ""Timor-Leste U19"", ""team_key"": ""timor leste""}], ""mode"": ""team_form""}","{""away_goals_against_avg"": 5.333, ""away_goals_for_avg"": 0.0, ""away_recent_count"": 3, ""away_team_key"": ""brunei"", ""home_goals_against_avg"": 2.25, ""home_goals_for_avg"": 1.0, ""home_recent_count"": 4, ""home_team_key"": ""timor leste"", ""league_overlap_count"": 7, ""provider_odds_hints_count"": 0, ""sstats_mode"": ""team_form""}",cbecfce41211a79e8e58e91eada766352385e1e7,1
soccer|ario eslamshahr|niroye zamini tehran|2026-06-09,sstats,xg_form,2026-06-09T03:07:49.166670+00:00,,,65.0,"{""away_win_probability"": 0.1881, ""expected_away"": 0.306, ""expected_home"": 0.502, ""home_win_probability"": 0.3083}","{""away_recent"": [{""goals_against"": 1.0, ""goals_for"": 1.0, ""home"": true, ""league"": ""Azadegan League"", ""opponent"": ""Shahrdari Noshahr"", ""opponent_key"": ""shahrdari noshahr"", ""start"": ""2026-06-02T14:00:00+00:00"", ""team"": ""Ario Eslamshahr"", ""team_key"": ""ario eslamshahr""}, {""goals_against"": 0.0, ""goals_for"": 0.0, ""home"": false, ""league"": ""Azadegan League"", ""opponent"": ""Navad Urmia"", ""opponent_key"": ""navad urmia"", ""start"": ""2026-05-27T13:15:00+00:00"", ""team"": ""Ario Eslamshahr"", ""team_key"": ""ario eslamshahr""}, {""goals_against"": 0.0, ""goals_for"": 0.0, ""home"": true, ""league"": ""Azadegan League"", ""opponent"": ""Mes Kerman"", ""opponent_key"": ""mes kerman"", ""start"": ""2026-05-21T13:30:00+00:00"", ""team"": ""Ario Eslamshahr"", ""team_key"": ""ario eslamshahr""}, {""goals_against"": 0.0, ""goals_for"": 0.0, ""home"": false, ""league"": ""Azadegan League"", ""opponent"": ""Sanat Naft"", ""opponent_key"": ""sanat naft"", ""start"": ""2026-05-14T15:00:00+00:00"", ""team"": ""Ario Eslamshahr"", ""team_key"": ""ario eslamshahr""}], ""home_recent"": [{""goals_against"": 1.0, ""goals_for"": 0.0, ""home"": false, ""league"": ""Azadegan League"", ""opponent"": ""Mes Soongoun"", ""opponent_key"": ""mes soongoun"", ""start"": ""2026-06-02T13:00:00+00:00"", ""team"": ""Niroye Zamini"", ""team_key"": ""niroye zamini""}, {""goals_against"": 0.0, ""goals_for"": 0.0, ""home"": true, ""league"": ""Azadegan League"", ""opponent"": ""Havadar"", ""opponent_key"": ""havadar"", ""start"": ""2026-05-27T13:15:00+00:00"", ""team"": ""Niroye Zamini"", ""team_key"": ""niroye zamini""}, {""goals_against"": 0.0, ""goals_for"": 0.0, ""home"": false, ""league"": ""Azadegan League"", ""opponent"": ""Shenavarsazi Qeshm"", ""opponent_key"": ""shenavarsazi qeshm"", ""start"": ""2026-05-21T14:30:00+00:00"", ""team"": ""Niroye Zamini"", ""team_key"": ""niroye zamini""}, {""goals_against"": 0.0, ""goals_for"": 3.0, ""home"": true, ""league"": ""Azadegan League"", ""opponent"": ""Damash Gilanian"", ""opponent_key"": ""damash gilanian"", ""start"": ""2026-05-14T13:00:00+00:00"", ""team"": ""Niroye Zamini"", ""team_key"": ""niroye zamini""}], ""mode"": ""team_form""}","{""away_goals_against_avg"": 0.25, ""away_goals_for_avg"": 0.25, ""away_recent_count"": 4, ""away_team_key"": ""ario eslamshahr"", ""home_goals_against_avg"": 0.25, ""home_goals_for_avg"": 0.75, ""home_recent_count"": 4, ""home_team_key"": ""niroye zamini"", ""league_overlap_count"": 8, ""provider_odds_hints_count"": 0, ""sstats_mode"": ""team_form""}",ddd9a10f54df6cfbcdc45cb87e220feee60f5327,1
soccer|logan lightning|redlands united|2026-06-09,sstats,xg_form,2026-06-09T03:07:49.166670+00:00,,,65.0,"{""away_win_probability"": 0.4397, ""expected_away"": 1.87, ""expected_home"": 1.562, ""home_win_probability"": 0.3674}","{""away_recent"": [{""goals_against"": 0.0, ""goals_for"": 3.0, ""home"": false, ""league"": ""Queensland Premier League"", ""opponent"": ""St George Willawong"", ""opponent_key"": ""saint george willawong"", ""start"": ""2026-06-07T06:30:00+00:00"", ""team"": ""Redlands United"", ""team_key"": ""redlands united""}, {""goals_against"": 2.0, ""goals_for"": 0.0, ""home"": false, ""league"": ""Queensland Premier League"", ""opponent"": ""Broadbeach United"", ""opponent_key"": ""broadbeach united"", ""start"": ""2026-05-23T08:00:00+00:00"", ""team"": ""Redlands United"", ""team_key"": ""redlands united""}, {""goals_against"": 4.0, ""goals_for"": 2.0, ""home"": false, ""league"": ""Queensland Premier League"", ""opponent"": ""Caboolture"", ""opponent_key"": ""caboolture"", ""start"": ""2026-04-25T08:00:00+00:00"", ""team"": ""Redlands United"", ""team_key"": ""redlands united""}], ""home_recent"": [{""goals_against"": 1.0, ""goals_for"": 3.0, ""home"": false, ""league"": ""Queensland Premier League"", ""opponent"": ""North Star"", ""opponent_key"": ""north star"", ""start"": ""2026-05-23T07:00:00+00:00"", ""team"": ""Logan Lightning"", ""team_key"": ""logan lightning""}, {""goals_against"": 0.0, ""goals_for"": 2.0, ""home"": false, ""league"": ""Queensland Premier League"", ""opponent"": ""St George Willawong"", ""opponent_key"": ""saint george willawong"", ""start"": ""2026-05-10T08:00:00+00:00"", ""team"": ""Logan Lightning"", ""team_key"": ""logan lightning""}, {""goals_against"": 4.0, ""goals_for"": 0.0, ""home"": true, ""league"": ""Queensland Premier League"", ""opponent"": ""Broadbeach United"", ""opponent_key"": ""broadbeach united"", ""start"": ""2026-05-02T09:00:00+00:00"", ""team"": ""Logan Lightning"", ""team_key"": ""logan lightning""}], ""mode"": ""team_form""}","{""away_goals_against_avg"": 2.0, ""away_goals_for_avg"": 1.667, ""away_recent_count"": 3, ""away_team_key"": ""redlands united"", ""home_goals_against_avg"": 1.667, ""home_goals_for_avg"": 1.667, ""home_recent_count"": 3, ""home_team_key"": ""logan lightning"", ""league_overlap_count"": 6, ""provider_odds_hints_count"": 0, ""sstats_mode"": ""team_form""}",22634041569566ae4cd71a2eb2e438ee35237b22,1
soccer|bahrain|syria|2026-06-09,bzzoiro,xg_prediction,2026-06-09T03:07:49.166670+00:00,,,69.3792,"{""away_win_probability"": 0.293, ""bzzoiro_draw_probability"": 0.284, ""bzzoiro_over25_probability"": 0.46799999999999997, ""bzzoiro_weather"": {""code"": null, ""description"": null, ""temperature_c"": null, ""wind_speed"": null}, ""expected_away"": 1.3, ""expected_home"": 1.3, ""home_win_probability"": 0.42200000000000004}","{""comparison"": {""away_team"": ""Syria"", ""away_team_id"": 2214, ""bookmakers_count"": 0, ""event_date"": ""2026-06-09T14:00:00Z"", ""event_id"": 207943, ""home_team"": ""Bahrain"", ""home_team_id"": 2207, ""league_id"": 31, ""league_name"": ""International Friendly Games"", ""markets"": {}, ""total_odds"": 0}, ""event"": {""attendance"": null, ""away_coach_id"": 1586, ""away_score"": null, ""away_score_ht"": null, ""away_team"": ""Syria"", ""away_team_id"": 2214, ""current_minute"": null, ""event_date"": ""2026-06-09T14:00:00+00:00"", ""extra_time_score"": null, ""group_name"": null, ""head_to_head"": null, ""highlights"": [], ""home_coach_id"": 1565, ""home_score"": null, ""home_score_ht"": null, ""home_team"": ""Bahrain"", ""home_team_id"": 2207, ""id"": 207943, ""is_local_derby"": false, ""is_neutral_ground"": false, ""league_id"": 31, ""live_websocket"": true, ""penalty_shootout"": null, ""period"": """", ""pitch_condition"": null, ""referee_id"": null, ""replaced_by"": null, ""round_name"": """", ""round_number"": null, ""season_id"": 133, ""status"": ""notstarted"", ""travel_distance_km"": null, ""venue_id"": 1544, ""weather"": {""code"": null, ""description"": null, ""temperature_c"": null, ""wind_speed"": null}}, ""metadata"": {""ai_preview"": {""generated_at"": ""2026-06-09T01:46:30.673595+00:00"", ""text"": ""**Two teams in freefall clash in Belek** — neither side has looked remotely threatening in recent weeks, so don't expect fireworks. 🔥 This is less a match and more a mutual cry for help.\n\nBahrain's winless streak is brutal (0 wins in 5), while Syria at least scraped a victory somewhere in there. Still, Syria's latest scoreline was a **0-5 hammering from Japan**, which is the kind of confidence-destroyer that lingers. Bahrain's defensive frailty has been exposed repeatedly, but Syria's attacking shuffles haven't done them favors either.\n\nKey storylines:\n\n- **Bahrain's back line** (A. Al-Khalasi, W. Al Hayam, V. Emmanuel) needs to tighten up or get picked apart again\n- **Syria's striker duo** of P. Sabbag and M. Osman have to convert chances if they get any — neither team creates much\n- Friendly fixtures can hide problems, but both sides are desperate for a confidence boost\n\nExpected lineups:\n\n- **Bahrain**: A. Fardan, A. Al-Khalasi, W. Al Hayam, V. Emmanuel, K. Al Aswad, M. J. Marhoon, S. Saeed, A. Madan\n- **Syria**: A. Madanieh, A. R. Weiss, A. Midani, A. Al Shami, A. Ramadan, M. A. Mawas, E. Abraham, P. Sabbag\n\nPrediction:\n\n**Bahrain 1–0 Syria**\n\nModel edges Bahrain, and in a low-quality clash, that narrow lean holds. Neither team inspires confidence, but Bahrain gets the marginal call at home.""}, ""event_id"": 207943, ""funfacts"": [], ""jerseys"": {""away"": {""GK"": {""base"": ""000000"", ""number"": ""ffffff"", ""real"": true, ""sleeve"": ""000000"", ""sleevelong"": ""000000"", ""type"": ""short_sleeves""}, ""player"": {""base"": ""ffffff"", ""number"": ""e30000"", ""real"": true, ""sleeve"": ""e30000"", ""sleevelong"": ""ffffff"", ""type"": ""short_sleeves""}}, ""home"": {""GK"": {""base"": ""000000"", ""number"": ""ffffff"", ""real"": true, ""sleeve"": ""009966"", ""type"": ""short_sleeves""}, ""player"": {""base"": ""ff0000"", ""number"": ""ffffff"", ""real"": true, ""sleeve"": ""ff0000"", ""type"": ""short_sleeves""}}}}, ""odds"": {""event_id"": 207943, ""odds"": {""away_win"": null, ""btts_no"": null, ""btts_yes"": null, ""draw"": null, ""home_win"": null, ""over_15_goals"": null, ""over_25_goals"": null, ""over_35_goals"": null, ""under_15_goals"": null, ""under_25_goals"": null, ""under_35_goals"": null}}, ""odds_comparison"": {""away_team"": ""Syria"", ""away_team_id"": 2214, ""bookmakers_count"": 0, ""event_date"": ""2026-06-09T14:00:00Z"", ""event_id"": 207943, ""home_team"": ""Bahrain"", ""home_team_id"": 2207, ""league_id"": 31, ""league_name"": ""International Friendly Games"", ""markets"": {}, ""total_odds"": 0}, ""prediction"": {""created_at"": ""2026-06-02T10:52:29Z"", ""event"": {""away_team"": ""Syria"", ""away_team_id"": 2214, ""event_date"": ""2026-06-09T14:00:00Z"", ""home_team"": ""Bahrain"", ""home_team_id"": 2207, ""id"": 207943, ""league_id"": 31, ""league_name"": ""International Friendly Games"", ""status"": ""notstarted""}, ""id"": 4726, ""markets"": {""btts"": {""prob_yes"": 44.8}, ""expected_goals"": {""away"": 1.3, ""home"": 1.3}, ""match_result"": {""predicted"": ""H"", ""prob_away"": 29.3, ""prob_draw"": 28.4, ""prob_home"": 42.2}, ""over_under"": {""prob_over_15"": 69.7, ""prob_over_25"": 46.8, ""prob_over_35"": 28.2}, ""score"": {""most_likely"": ""1-1""}}, ""model"": {""confidence"": 0.4224, ""version"": ""v5.0""}, ""recommendations"": {""bet_favorite"": false, ""btts"": false, ""favorite"": ""H"", ""favorite_prob"": 42.2, ""over_15"": false, ""over_25"": false, ""over_35"": false, ""winner"": false}}, ""stats"": {""average_positions"": {}, ""event_id"": 207943, ""momentum"": [], ""shotmap"": [], ""stats"": {""away"": {""xg"": {""actual"": null}}, ""home"": {""xg"": {""actual"": null}}}, ""xg_per_minute"": []}}","{""bzzoiro_api_version"": ""v2"", ""bzzoiro_comparison_bridge_hints_added"": 0, ""bzzoiro_context_limit_removed"": true, ""bzzoiro_context_sources_used"": {""compact_odds"": true, ""metadata"": true, ""odds_flat_rows"": 0, ""prediction"": true, ""stats"": true}, ""bzzoiro_draw_probability"": 0.284, ""bzzoiro_event_id"": 207943, ""bzzoiro_is_local_derby"": false, ""bzzoiro_is_neutral_ground"": false, ""bzzoiro_match_quality"": ""exact"", ""bzzoiro_over25_probability"": 0.46799999999999997, ""bzzoiro_prediction_confidence"": 0.4224, ""bzzoiro_status"": ""notstarted"", ""bzzoiro_travel_distance_km"": null, ""bzzoiro_v2_comparison_hints_added"": 0, ""bzzoiro_v2_odds_comparison_attached"": true, ""bzzoiro_v2_odds_comparison_event_id"": ""207943"", ""bzzoiro_v2_source_matrix_patch"": true, ""bzzoiro_weather"": {""code"": null, ""description"": null, ""temperature_c"": null, ""wind_speed"": null}, ""provider_metric_hints"": {""favorite"": ""H"", ""is_local_derby"": false, ""is_neutral_ground"": false, ""model_version"": ""v5.0"", ""prob_draw"": 0.284, ""prob_over_1_5"": 0.697, ""prob_over_2_5"": 0.468, ""prob_over_3_5"": 0.282, ""provider_confidence"": 0.4224}, ""provider_metric_hints_count"": 9, ""provider_odds_hints"": [], ""provider_odds_hints_count"": 0, ""source_tokens"": [""bzzoiro""]}",b98cfda4eacddb8c0bbab0a3a0f5206800a4a50e,1
soccer|bahrain|syria|2026-06-09,sstats,xg_form,2026-06-09T03:07:49.166670+00:00,,,48.0,"{""away_win_probability"": 0.29314001292382297, ""expected_away"": 1.3, ""expected_home"": 1.3, ""favorite_prob"": 0.4224408374239001, ""home_win_probability"": 0.4224408374239001, ""prob_btts_yes"": 0.4484782454150478, ""prob_draw"": 0.28441914965227705, ""prob_over_1_5"": 0.6965748782465111, ""prob_over_2_5"": 0.4682225783153967, ""prob_over_3_5"": 0.2824675251985343}","{""btts_recommend"": false, ""confidence"": 42.24408374239001, ""created_at"": ""2026-06-02T10:52:29.608200Z"", ""event"": {""actual_away_xg"": null, ""actual_home_xg"": null, ""ai_preview"": {""generated_at"": ""2026-06-09T01:46:30.673595+00:00"", ""text"": ""**Two teams in freefall clash in Belek** — neither side has looked remotely threatening in recent weeks, so don't expect fireworks. 🔥 This is less a match and more a mutual cry for help.\n\nBahrain's winless streak is brutal (0 wins in 5), while Syria at least scraped a victory somewhere in there. Still, Syria's latest scoreline was a **0-5 hammering from Japan**, which is the kind of confidence-destroyer that lingers. Bahrain's defensive frailty has been exposed repeatedly, but Syria's attacking shuffles haven't done them favors either.\n\nKey storylines:\n\n- **Bahrain's back line** (A. Al-Khalasi, W. Al Hayam, V. Emmanuel) needs to tighten up or get picked apart again\n- **Syria's striker duo** of P. Sabbag and M. Osman have to convert chances if they get any — neither team creates much\n- Friendly fixtures can hide problems, but both sides are desperate for a confidence boost\n\nExpected lineups:\n\n- **Bahrain**: A. Fardan, A. Al-Khalasi, W. Al Hayam, V. Emmanuel, K. Al Aswad, M. J. Marhoon, S. Saeed, A. Madan\n- **Syria**: A. Madanieh, A. R. Weiss, A. Midani, A. Al Shami, A. Ramadan, M. A. Mawas, E. Abraham, P. Sabbag\n\nPrediction:\n\n**Bahrain 1–0 Syria**\n\nModel edges Bahrain, and in a low-quality clash, that narrow lean holds. Neither team inspires confidence, but Bahrain gets the marginal call at home.""}, ""attendance"": null, ""average_positions"": null, ""away_coach"": {""country"": ""Spain"", ""defensive_line"": """", ""id"": 1586, ""name"": ""Jose Maria Lana Fernandez"", ""preferred_formation"": ""4-4-2"", ""pressing_intensity"": null, ""profile"": ""balanced"", ""short_name"": ""J. M. L. Fernandez"", ""top_styles"": []}, ""away_score"": null, ""away_score_ht"": null, ""away_team"": ""Syria"", ""away_team_obj"": {""coach"": {""name"": ""Jose Maria Lana Fernandez"", ""shortName"": ""J. M. L. Fernandez""}, ""country"": ""Syria"", ""id"": 2214, ""name"": ""Syria"", ""short_name"": ""Syria"", ""venue"": null}, ""away_xg_live"": null, ""current_minute"": null, ""event_date"": ""2026-06-09T14:00:00Z"", ""extra_time_score"": null, ""funfacts"": null, ""group_name"": null, ""home_coach"": {""country"": ""Croatia"", ""defensive_line"": """", ""id"": 1565, ""name"": ""Dragan Talajić"", ""preferred_formation"": ""4-4-2"", ""pressing_intensity"": null, ""profile"": ""defensive"", ""short_name"": ""D. Talajić"", ""top_styles"": []}, ""home_score"": null, ""home_score_ht"": null, ""home_team"": ""Bahrain"", ""home_team_obj"": {""coach"": {""name"": ""Dragan Talajić"", ""shortName"": ""D. Talajić""}, ""country"": ""Bahrain"", ""id"": 2207, ""name"": ""Bahrain"", ""short_name"": ""Bahrain"", ""venue"": null}, ""home_xg_live"": null, ""id"": 207943, ""incidents"": null, ""is_local_derby"": false, ""is_neutral_ground"": null, ""jerseys"": {""away"": {""GK"": {""base"": ""000000"", ""number"": ""ffffff"", ""real"": true, ""sleeve"": ""000000"", ""sleevelong"": ""000000"", ""type"": ""short_sleeves""}, ""player"": {""base"": ""ffffff"", ""number"": ""e30000"", ""real"": true, ""sleeve"": ""e30000"", ""sleevelong"": ""ffffff"", ""type"": ""short_sleeves""}}, ""home"": {""GK"": {""base"": ""000000"", ""number"": ""ffffff"", ""real"": true, ""sleeve"": ""009966"", ""type"": ""short_sleeves""}, ""player"": {""base"": ""ff0000"", ""number"": ""ffffff"", ""real"": true, ""sleeve"": ""ff0000"", ""type"": ""short_sleeves""}}}, ""league"": {""country"": ""International"", ""current_season"": {""end_date"": ""2026-12-31"", ""id"": 133, ""name"": ""Int. Friendly Games 2026"", ""start_date"": ""2026-01-01"", ""year"": 2026}, ""id"": 31, ""is_women"": false, ""name"": ""International Friendly Games""}, ""lineups"": null, ""live_stats"": null, ""live_websocket"": true, ""momentum"": null, ""odds_away"": null, ""odds_btts_no"": null, ""odds_btts_yes"": null, ""odds_draw"": null, ""odds_home"": null, ""odds_over_15"": null, ""odds_over_25"": null, ""odds_over_35"": null, ""odds_under_15"": null, ""odds_under_25"": null, ""odds_under_35"": null, ""penalty_shootout"": null, ""period"": """", ""pitch_condition"": null, ""referee"": null, ""round_name"": """", ""round_number"": null, ""season"": {""id"": 133, ""name"": ""Int. Friendly Games 2026"", ""year"": 2026}, ""shotmap"": null, ""sr_stats"": null, ""status"": ""notstarted"", ""temperature_c"": null, ""travel_distance_km"": null, ""unavailable_players"": null, ""venue"": {""built_year"": null, ""capacity"": null, ""city"": ""Belek"", ""country"": ""Türkiye"", ""id"": 1544, ""latitude"": null, ""longitude"": null, ""name"": ""Gloria Arena"", ""pitch_x"": null, ""pitch_y"": null}, ""weather_code"": null, ""wind_speed"": null, ""xg_per_minute"": null}, ""expected_away_goals"": 1.3, ""expected_home_goals"": 1.3, ""favorite"": ""H"", ""favorite_prob"": 42.24408374239001, ""favorite_recommend"": false, ""id"": 4726, ""model_version"": ""v5.0"", ""most_likely_score"": ""1-1"", ""over_15_recommend"": false, ""over_25_recommend"": false, ""over_35_recommend"": false, ""predicted_result"": ""H"", ""prob_away_win"": 29.314001292382297, ""prob_btts_yes"": 44.847824541504785, ""prob_draw"": 28.441914965227706, ""prob_home_win"": 42.24408374239001, ""prob_over_15"": 69.65748782465111, ""prob_over_25"": 46.82225783153967, ""prob_over_35"": 28.24675251985343, ""winner_recommend"": false}","{""favorite"": ""H"", ""favorite_prob"": 0.4224408374239001, ""match_quality"": ""exact"", ""model_version"": ""v5.0"", ""most_likely_score"": ""1-1"", ""prediction_age_hours"": 160.3, ""prediction_created_at"": ""2026-06-02T10:52:29.608200Z"", ""prob_btts_yes"": 0.4484782454150478, ""prob_draw"": 0.28441914965227705, ""prob_over_1_5"": 0.6965748782465111, ""prob_over_2_5"": 0.4682225783153967, ""prob_over_3_5"": 0.2824675251985343, ""provider_confidence"": 0.4224408374239001, ""provider_confidence_pct"": 42.244, ""provider_metric_hints"": {""expected_away_goals"": 1.3, ""expected_home_goals"": 1.3, ""expected_total_goals"": 2.6, ""favorite"": ""H"", ""is_local_derby"": false, ""model_version"": ""v5.0"", ""most_likely_score"": ""1-1"", ""prob_away_win"": 0.29314, ""prob_btts_yes"": 0.44848, ""prob_draw"": 0.28442, ""prob_home_win"": 0.42244, ""prob_over_1_5"": 0.69657, ""prob_over_2_5"": 0.46822, ""prob_over_3_5"": 0.28247, ""provider_confidence"": 0.4224408374239001}, ""provider_metric_hints_count"": 15, ""provider_odds_hints_count"": 0, ""sstats_deep_endpoint_count"": 3, ""sstats_deep_endpoints"": {""game_id"": ""4726"", ""glicko"": {""data"": null, ""message"": ""Для данного матча отсутствует Glicko аналитика"", ""status"": ""error"", ""traceId"": ""00-cf39a894ff73e40e376e2c40873dc6b5-2badae68b261fe20-00""}, ""injuries"": {""count"": 0, ""data"": [], ""status"": ""OK"", ""traceId"": ""00-5721a984ac1c09870e25d50168fe7dc1-82b52f09765ac82b-00""}, ""last_games_stats"": {""away"": {""avgCards"": null, ""avgCardsOpp"": null, ""avgConceded"": 1.0005099, ""avgCorners"": null, ""avgCornersOpp"": null, ""avgDrawOdds"": 3.4040978, ""avgLoseOdds"": 3.846517, ""avgOddsXg"": 1.3234618, ""avgOddsXgConceded"": 0.924424, ""avgOffsides"": null, ""avgOffsidesOpp"": null, ""avgOppShots"": null, ""avgScore"": 1.6430496, ""avgShots"": null, ""avgWinOdds"": 2.2069151, ""draws"": 4, ""gamesCount"": 25, ""loses"": 7, ""maeOddsXg"": 0.31958783, ""maeOddsXgConceded"": 0.076085865, ""profits"": {""drawProfit"": -10.25, ""loseNoBet"": -6.660001, ""loseOrDrawProfit"": -5.29, ""loseProfit"": -4.5700006, ""winNoBet"": -0.099999905, ""winOrDrawProfit"": -1.9800005, ""winOrLoseProfit"": 3.0099998, ""winProfit"": 3.9499998}, ""rmseXg"": 1.3238559, ""rmseXgConceded"": 0.9178188, ""wins"": 14}, ""home"": {""avgCards"": null, ""avgCardsOpp"": null, ""avgConceded"": 1.0423816, ""avgCorners"": null, ""avgCornersOpp"": null, ""avgDrawOdds"": 3.2646747, ""avgLoseOdds"": 3.6238708, ""avgOddsXg"": 1.2198441, ""avgOddsXgConceded"": 0.9064579, ""avgOffsides"": null, ""avgOffsidesOpp"": null, ""avgOppShots"": null, ""avgScore"": 1.2400239, ""avgShots"": null, ""avgWinOdds"": 2.299064, ""draws"": 5, ""gamesCount"": 25, ""loses"": 8, ""maeOddsXg"": 0.020179749, ""maeOddsXgConceded"": 0.13592374, ""profits"": {""drawProfit"": -9.05, ""loseNoBet"": -3.8700001, ""loseOrDrawProfit"": -4.2799997, ""loseProfit"": -1.6100001, ""winNoBet"": -2.28, ""winOrDrawProfit"": -2.92, ""winOrLoseProfit"": 1.88, ""winProfit"": -0.10000026}, ""rmseXg"": 1.0769215, ""rmseXgConceded"": 1.0478753, ""wins"": 12}}}, ""sstats_mode"": ""bzzoiro_prediction""}",26192033d4a08df763e5024ca00eec9e686cb01a,1
soccer|australia w|mexico w|2026-06-09,openligadb,fixture_results,2026-06-09T03:07:49.166670+00:00,,,58.41,"{""away_win_probability"": 0.2454, ""clubelo_draw_probability"": 0.2372, ""expected_away"": 0.975, ""expected_home"": 1.43, ""home_win_probability"": 0.5173}","{""away_rating"": {""Club"": ""Kosice"", ""Country"": ""SLK"", ""Elo"": ""1324.39245605"", ""From"": ""2026-01-01"", ""Level"": ""0"", ""Rank"": ""None"", ""To"": ""2026-06-10""}, ""home_rating"": {""Club"": ""Austria Wien"", ""Country"": ""AUT"", ""Elo"": ""1398.9432373"", ""From"": ""2026-05-18"", ""Level"": ""1"", ""Rank"": ""None"", ""To"": ""2026-06-10""}}","{""away_rating"": 1324.4, ""clubelo_away_elo"": 1324.4, ""clubelo_draw_probability"": 0.2372, ""clubelo_elo_diff_home_adv"": 129.6, ""clubelo_home_elo"": 1398.9, ""home_rating"": 1398.9}",f61fd12a39e7a1440937e0be5b9c8d54c0e83f78,1
soccer|kattaqorgon|lochin|2026-06-09,openligadb,fixture_results,2026-06-09T03:07:49.166670+00:00,,,56.27,"{""away_win_probability"": 0.424, ""clubelo_draw_probability"": 0.2547, ""expected_away"": 1.119, ""expected_home"": 1.252, ""home_win_probability"": 0.3214}","{""away_rating"": {""Club"": ""Torino"", ""Country"": ""ITA"", ""Elo"": ""1624.05883789"", ""From"": ""2026-05-25"", ""Level"": ""1"", ""Rank"": ""93"", ""To"": ""2026-06-10""}, ""home_rating"": {""Club"": ""Lech"", ""Country"": ""POL"", ""Elo"": ""1520.91882324"", ""From"": ""2026-05-24"", ""Level"": ""1"", ""Rank"": ""None"", ""To"": ""2026-06-10""}}","{""away_rating"": 1624.1, ""clubelo_away_elo"": 1624.1, ""clubelo_draw_probability"": 0.2547, ""clubelo_elo_diff_home_adv"": -48.1, ""clubelo_home_elo"": 1520.9, ""home_rating"": 1520.9}",e4550e8d31661238e4e60be0df30efdc3d2a65b8,1
soccer|kattaqorgon|lochin|2026-06-09,sstats,xg_form,2026-06-09T03:07:49.166670+00:00,,,64.2,"{""away_win_probability"": 0.2356, ""expected_away"": 0.757, ""expected_home"": 1.635, ""home_win_probability"": 0.509}","{""away_recent"": [{""goals_against"": 0.0, ""goals_for"": 3.0, ""home"": true, ""league"": ""Pro League A"", ""opponent"": ""FarDu"", ""opponent_key"": ""fardu"", ""start"": ""2026-06-04T12:30:00+00:00"", ""team"": ""Kattaqurgon"", ""team_key"": ""kattaqurgon""}, {""goals_against"": 1.0, ""goals_for"": 1.0, ""home"": false, ""league"": ""Pro League A"", ""opponent"": ""Metalourg"", ""opponent_key"": ""metalourg"", ""start"": ""2026-05-31T13:00:00+00:00"", ""team"": ""Kattaqurgon"", ""team_key"": ""kattaqurgon""}, {""goals_against"": 0.0, ""goals_for"": 0.0, ""home"": false, ""league"": ""Pro League A"", ""opponent"": ""Olimpik-Mobiuz"", ""opponent_key"": ""olimpik mobiuz"", ""start"": ""2026-05-04T13:00:00+00:00"", ""team"": ""Kattaqurgon"", ""team_key"": ""kattaqurgon""}, {""goals_against"": 0.0, ""goals_for"": 1.0, ""home"": true, ""league"": ""Pro League A"", ""opponent"": ""BuxDu"", ""opponent_key"": ""buxdu"", ""start"": ""2026-04-30T12:00:00+00:00"", ""team"": ""Kattaqurgon"", ""team_key"": ""kattaqurgon""}, {""goals_against"": 0.0, ""goals_for"": 1.0, ""home"": false, ""league"": ""Pro League A"", ""opponent"": ""Respublika FA"", ""opponent_key"": ""respublika fa"", ""start"": ""2026-04-26T12:00:00+00:00"", ""team"": ""Kattaqurgon"", ""team_key"": ""kattaqurgon""}], ""home_recent"": [{""goals_against"": 0.0, ""goals_for"": 4.0, ""home"": true, ""league"": ""Pro League A"", ""opponent"": ""BuxDu"", ""opponent_key"": ""buxdu"", ""start"": ""2026-05-31T12:30:00+00:00"", ""team"": ""Lochin"", ""team_key"": ""lochin""}, {""goals_against"": 0.0, ""goals_for"": 0.0, ""home"": false, ""league"": ""Pro League A"", ""opponent"": ""Respublika FA"", ""opponent_key"": ""respublika fa"", ""start"": ""2026-05-05T12:00:00+00:00"", ""team"": ""Lochin"", ""team_key"": ""lochin""}, {""goals_against"": 0.0, ""goals_for"": 2.0, ""home"": false, ""league"": ""Pro League A"", ""opponent"": ""Gazalkent"", ""opponent_key"": ""gazalkent"", ""start"": ""2026-04-26T13:00:00+00:00"", ""team"": ""Lochin"", ""team_key"": ""lochin""}], ""mode"": ""team_form""}","{""away_goals_against_avg"": 0.2, ""away_goals_for_avg"": 1.2, ""away_recent_count"": 5, ""away_team_key"": ""kattaqurgon"", ""home_goals_against_avg"": 0.0, ""home_goals_for_avg"": 2.0, ""home_recent_count"": 3, ""home_team_key"": ""lochin"", ""league_overlap_count"": 0, ""provider_odds_hints_count"": 0, ""sstats_mode"": ""team_form""}",3babc0ad04032d6ed960419a59b7ac675843e9c3,1
soccer|australia|cambodia|2026-06-09,openligadb,fixture_results,2026-06-09T03:07:49.166670+00:00,,,60.56,"{""away_win_probability"": 0.6018, ""clubelo_draw_probability"": 0.2198, ""expected_away"": 1.251, ""expected_home"": 1.089, ""home_win_probability"": 0.1785}","{""away_rating"": {""Club"": ""Como"", ""Country"": ""ITA"", ""Elo"": ""1760.02868652"", ""From"": ""2026-05-25"", ""Level"": ""1"", ""Rank"": ""37"", ""To"": ""2026-06-10""}, ""home_rating"": {""Club"": ""Estoril"", ""Country"": ""POR"", ""Elo"": ""1493.87988281"", ""From"": ""2026-05-17"", ""Level"": ""1"", ""Rank"": ""None"", ""To"": ""2026-06-10""}}","{""away_rating"": 1760.0, ""clubelo_away_elo"": 1760.0, ""clubelo_draw_probability"": 0.2198, ""clubelo_elo_diff_home_adv"": -211.1, ""clubelo_home_elo"": 1493.9, ""home_rating"": 1493.9}",775b05dbd91a2334f7736fee2ec1de91c97620dd,1
soccer|rwanda|tanzania|2026-06-09,bzzoiro,xg_prediction,2026-06-09T03:07:49.166670+00:00,,,69.3792,"{""away_win_probability"": 0.293, ""bzzoiro_draw_probability"": 0.284, ""bzzoiro_over25_probability"": 0.46799999999999997, ""bzzoiro_weather"": {""code"": null, ""description"": null, ""temperature_c"": null, ""wind_speed"": null}, ""expected_away"": 1.3, ""expected_home"": 1.3, ""home_win_probability"": 0.42200000000000004}","{""comparison"": {""away_team"": ""Rwanda"", ""away_team_id"": 2263, ""bookmakers_count"": 0, ""event_date"": ""2026-06-09T12:00:00Z"", ""event_id"": 209431, ""home_team"": ""Tanzania"", ""home_team_id"": 652, ""league_id"": 31, ""league_name"": ""International Friendly Games"", ""markets"": {}, ""total_odds"": 0}, ""event"": {""attendance"": null, ""away_coach_id"": 1687, ""away_score"": null, ""away_score_ht"": null, ""away_team"": ""Rwanda"", ""away_team_id"": 2263, ""current_minute"": null, ""event_date"": ""2026-06-09T12:00:00+00:00"", ""extra_time_score"": null, ""group_name"": null, ""head_to_head"": null, ""highlights"": [], ""home_coach_id"": 693, ""home_score"": null, ""home_score_ht"": null, ""home_team"": ""Tanzania"", ""home_team_id"": 652, ""id"": 209431, ""is_local_derby"": false, ""is_neutral_ground"": false, ""league_id"": 31, ""live_websocket"": false, ""penalty_shootout"": null, ""period"": """", ""pitch_condition"": null, ""referee_id"": null, ""replaced_by"": null, ""round_name"": """", ""round_number"": null, ""season_id"": 133, ""status"": ""notstarted"", ""travel_distance_km"": null, ""venue_id"": null, ""weather"": {""code"": null, ""description"": null, ""temperature_c"": null, ""wind_speed"": null}}, ""metadata"": {""ai_preview"": {""generated_at"": ""2026-06-09T01:45:57.374034+00:00"", ""text"": ""**Two East African sides looking to shake off some rough form — this is basically a coin flip dressed up as a friendly.** Tanzania's been leaky (just one win in five), but Rwanda's worse: three losses in their last four. 🔥\n\nTanzania drew twice at home recently, which is fine if uninspiring. Rwanda's only win came against Zimbabwe, sandwiched between losses to South Africa and Benin. Neither team's lighting it up right now, so expect cautious, scrappy football.\n\nKey storylines:\n\n- **Tanzania's** midfield pivot of N. Miroshi and D. Job will need to control tempo against Rwanda's K. Muhire if they want to avoid another stalemate\n- **Rwanda's** attack led by G. Mugisha and I. Nshuti is starving for goals — three defeats have them searching for confidence\n- Both defenses have looked shaky; Tanzania's back line (M. Hussein, I. Hamad, B. Mwamnyeto) will face real pressure on a bumpy pitch\n\nExpected lineups:\n\n- **Tanzania**: A. Manula, M. Hussein, I. Hamad, B. Mwamnyeto, L. Mwaikenda, N. Miroshi, D. Job, D. Kibu, F. S. Toto, H. Mnoga, S. Msuva\n- **Rwanda**: F. Ntwari, C. Niyomugabo, T. Manzi, A. Mutsinzi, E. Imanishimwe, K. Muhire, J. Kwizera, D. Bizimana, B. Mugisha, I. Nshuti, G. Mugisha\n\nPrediction:\n\n**Tanzania 1-1 Rwanda.** Model's got **Tanzania** with a slight edge, but expect a grinding draw. Neither team has the spark to break through. ⚽""}, ""event_id"": 209431, ""funfacts"": [], ""jerseys"": null}, ""odds"": {""event_id"": 209431, ""odds"": {""away_win"": null, ""btts_no"": null, ""btts_yes"": null, ""draw"": null, ""home_win"": null, ""over_15_goals"": null, ""over_25_goals"": null, ""over_35_goals"": null, ""under_15_goals"": null, ""under_25_goals"": null, ""under_35_goals"": null}}, ""odds_comparison"": {""away_team"": ""Rwanda"", ""away_team_id"": 2263, ""bookmakers_count"": 0, ""event_date"": ""2026-06-09T12:00:00Z"", ""event_id"": 209431, ""home_team"": ""Tanzania"", ""home_team_id"": 652, ""league_id"": 31, ""league_name"": ""International Friendly Games"", ""markets"": {}, ""total_odds"": 0}, ""prediction"": {""created_at"": ""2026-06-02T10:48:50Z"", ""event"": {""away_team"": ""Rwanda"", ""away_team_id"": 2263, ""event_date"": ""2026-06-09T12:00:00Z"", ""home_team"": ""Tanzania"", ""home_team_id"": 652, ""id"": 209431, ""league_id"": 31, ""league_name"": ""International Friendly Games"", ""status"": ""notstarted""}, ""id"": 4717, ""markets"": {""btts"": {""prob_yes"": 44.8}, ""expected_goals"": {""away"": 1.3, ""home"": 1.3}, ""match_result"": {""predicted"": ""H"", ""prob_away"": 29.3, ""prob_draw"": 28.4, ""prob_home"": 42.2}, ""over_under"": {""prob_over_15"": 69.3, ""prob_over_25"": 46.8, ""prob_over_35"": 28.2}, ""score"": {""most_likely"": ""1-1""}}, ""model"": {""confidence"": 0.4224, ""version"": ""v5.0""}, ""recommendations"": {""bet_favorite"": false, ""btts"": false, ""favorite"": ""H"", ""favorite_prob"": 42.2, ""over_15"": false, ""over_25"": false, ""over_35"": false, ""winner"": false}}, ""stats"": {""average_positions"": {}, ""event_id"": 209431, ""momentum"": [], ""shotmap"": [], ""stats"": {""away"": {""xg"": {""actual"": null}}, ""home"": {""xg"": {""actual"": null}}}, ""xg_per_minute"": []}}","{""bzzoiro_api_version"": ""v2"", ""bzzoiro_comparison_bridge_hints_added"": 0, ""bzzoiro_context_limit_removed"": true, ""bzzoiro_context_sources_used"": {""compact_odds"": true, ""metadata"": true, ""odds_flat_rows"": 0, ""prediction"": true, ""stats"": true}, ""bzzoiro_draw_probability"": 0.284, ""bzzoiro_event_id"": 209431, ""bzzoiro_is_local_derby"": false, ""bzzoiro_is_neutral_ground"": false, ""bzzoiro_match_quality"": ""exact"", ""bzzoiro_over25_probability"": 0.46799999999999997, ""bzzoiro_prediction_confidence"": 0.4224, ""bzzoiro_status"": ""notstarted"", ""bzzoiro_travel_distance_km"": null, ""bzzoiro_v2_comparison_hints_added"": 0, ""bzzoiro_v2_odds_comparison_attached"": true, ""bzzoiro_v2_odds_comparison_event_id"": ""209431"", ""bzzoiro_v2_source_matrix_patch"": true, ""bzzoiro_weather"": {""code"": null, ""description"": null, ""temperature_c"": null, ""wind_speed"": null}, ""provider_metric_hints"": {""favorite"": ""H"", ""is_local_derby"": false, ""is_neutral_ground"": false, ""model_version"": ""v5.0"", ""prob_draw"": 0.284, ""prob_over_1_5"": 0.693, ""prob_over_2_5"": 0.468, ""prob_over_3_5"": 0.282, ""provider_confidence"": 0.4224}, ""provider_metric_hints_count"": 9, ""provider_odds_hints"": [], ""provider_odds_hints_count"": 0, ""source_tokens"": [""bzzoiro""]}",bdbaaedeadf81cc1c30dfed08fdb22a4fce3571d,1
soccer|rwanda|tanzania|2026-06-09,sstats,xg_form,2026-06-09T03:07:49.166670+00:00,,,48.0,"{""away_win_probability"": 0.29314001292382297, ""expected_away"": 1.3, ""expected_home"": 1.3, ""favorite_prob"": 0.4224408374239001, ""home_win_probability"": 0.4224408374239001, ""prob_btts_yes"": 0.4482141928689487, ""prob_draw"": 0.28441914965227705, ""prob_over_1_5"": 0.6930243231366151, ""prob_over_2_5"": 0.4681724656062205, ""prob_over_3_5"": 0.2820574750450543}","{""btts_recommend"": false, ""confidence"": 42.24408374239001, ""created_at"": ""2026-06-02T10:48:50.002975Z"", ""event"": {""actual_away_xg"": null, ""actual_home_xg"": null, ""ai_preview"": {""generated_at"": ""2026-06-09T01:45:57.374034+00:00"", ""text"": ""**Two East African sides looking to shake off some rough form — this is basically a coin flip dressed up as a friendly.** Tanzania's been leaky (just one win in five), but Rwanda's worse: three losses in their last four. 🔥\n\nTanzania drew twice at home recently, which is fine if uninspiring. Rwanda's only win came against Zimbabwe, sandwiched between losses to South Africa and Benin. Neither team's lighting it up right now, so expect cautious, scrappy football.\n\nKey storylines:\n\n- **Tanzania's** midfield pivot of N. Miroshi and D. Job will need to control tempo against Rwanda's K. Muhire if they want to avoid another stalemate\n- **Rwanda's** attack led by G. Mugisha and I. Nshuti is starving for goals — three defeats have them searching for confidence\n- Both defenses have looked shaky; Tanzania's back line (M. Hussein, I. Hamad, B. Mwamnyeto) will face real pressure on a bumpy pitch\n\nExpected lineups:\n\n- **Tanzania**: A. Manula, M. Hussein, I. Hamad, B. Mwamnyeto, L. Mwaikenda, N. Miroshi, D. Job, D. Kibu, F. S. Toto, H. Mnoga, S. Msuva\n- **Rwanda**: F. Ntwari, C. Niyomugabo, T. Manzi, A. Mutsinzi, E. Imanishimwe, K. Muhire, J. Kwizera, D. Bizimana, B. Mugisha, I. Nshuti, G. Mugisha\n\nPrediction:\n\n**Tanzania 1-1 Rwanda.** Model's got **Tanzania** with a slight edge, but expect a grinding draw. Neither team has the spark to break through. ⚽""}, ""attendance"": null, ""average_positions"": null, ""away_coach"": {""country"": ""England"", ""defensive_line"": """", ""id"": 1687, ""name"": ""Stephen Constantine"", ""preferred_formation"": ""4-1-4-1"", ""pressing_intensity"": null, ""profile"": ""defensive"", ""short_name"": ""S. Constantine"", ""top_styles"": []}, ""away_score"": null, ""away_score_ht"": null, ""away_team"": ""Rwanda"", ""away_team_obj"": {""coach"": {""name"": ""Stephen Constantine"", ""shortName"": ""S. Constantine""}, ""country"": ""Rwanda"", ""id"": 2263, ""name"": ""Rwanda"", ""short_name"": ""Rwanda"", ""venue"": null}, ""away_xg_live"": null, ""current_minute"": null, ""event_date"": ""2026-06-09T12:00:00Z"", ""extra_time_score"": null, ""funfacts"": null, ""group_name"": null, ""home_coach"": {""country"": ""Argentina"", ""defensive_line"": """", ""id"": 693, ""name"": ""Miguel Gamondi"", ""preferred_formation"": ""4-2-3-1"", ""pressing_intensity"": null, ""profile"": ""defensive"", ""short_name"": ""M. Gamondi"", ""top_styles"": []}, ""home_score"": null, ""home_score_ht"": null, ""home_team"": ""Tanzania"", ""home_team_obj"": {""coach"": {""name"": ""Miguel Gamondi"", ""shortName"": ""M. Gamondi""}, ""country"": ""Tanzania"", ""id"": 652, ""name"": ""Tanzania"", ""short_name"": ""Tanzania"", ""venue"": null}, ""home_xg_live"": null, ""id"": 209431, ""incidents"": null, ""is_local_derby"": null, ""is_neutral_ground"": null, ""jerseys"": null, ""league"": {""country"": ""International"", ""current_season"": {""end_date"": ""2026-12-31"", ""id"": 133, ""name"": ""Int. Friendly Games 2026"", ""start_date"": ""2026-01-01"", ""year"": 2026}, ""id"": 31, ""is_women"": false, ""name"": ""International Friendly Games""}, ""lineups"": null, ""live_stats"": null, ""live_websocket"": false, ""momentum"": null, ""odds_away"": null, ""odds_btts_no"": null, ""odds_btts_yes"": null, ""odds_draw"": null, ""odds_home"": null, ""odds_over_15"": null, ""odds_over_25"": null, ""odds_over_35"": null, ""odds_under_15"": null, ""odds_under_25"": null, ""odds_under_35"": null, ""penalty_shootout"": null, ""period"": """", ""pitch_condition"": null, ""referee"": null, ""round_name"": """", ""round_number"": null, ""season"": {""id"": 133, ""name"": ""Int. Friendly Games 2026"", ""year"": 2026}, ""shotmap"": null, ""sr_stats"": null, ""status"": ""notstarted"", ""temperature_c"": null, ""travel_distance_km"": null, ""unavailable_players"": null, ""venue"": null, ""weather_code"": null, ""wind_speed"": null, ""xg_per_minute"": null}, ""expected_away_goals"": 1.3, ""expected_home_goals"": 1.3, ""favorite"": ""H"", ""favorite_prob"": 42.24408374239001, ""favorite_recommend"": false, ""id"": 4717, ""model_version"": ""v5.0"", ""most_likely_score"": ""1-1"", ""over_15_recommend"": false, ""over_25_recommend"": false, ""over_35_recommend"": false, ""predicted_result"": ""H"", ""prob_away_win"": 29.314001292382297, ""prob_btts_yes"": 44.82141928689487, ""prob_draw"": 28.441914965227706, ""prob_home_win"": 42.24408374239001, ""prob_over_15"": 69.30243231366151, ""prob_over_25"": 46.81724656062205, ""prob_over_35"": 28.20574750450543, ""winner_recommend"": false}","{""favorite"": ""H"", ""favorite_prob"": 0.4224408374239001, ""match_quality"": ""exact"", ""model_version"": ""v5.0"", ""most_likely_score"": ""1-1"", ""prediction_age_hours"": 160.4, ""prediction_created_at"": ""2026-06-02T10:48:50.002975Z"", ""prob_btts_yes"": 0.4482141928689487, ""prob_draw"": 0.28441914965227705, ""prob_over_1_5"": 0.6930243231366151, ""prob_over_2_5"": 0.4681724656062205, ""prob_over_3_5"": 0.2820574750450543, ""provider_confidence"": 0.4224408374239001, ""provider_confidence_pct"": 42.244, ""provider_metric_hints"": {""expected_away_goals"": 1.3, ""expected_home_goals"": 1.3, ""expected_total_goals"": 2.6, ""favorite"": ""H"", ""model_version"": ""v5.0"", ""most_likely_score"": ""1-1"", ""prob_away_win"": 0.29314, ""prob_btts_yes"": 0.44821, ""prob_draw"": 0.28442, ""prob_home_win"": 0.42244, ""prob_over_1_5"": 0.69302, ""prob_over_2_5"": 0.46817, ""prob_over_3_5"": 0.28206, ""provider_confidence"": 0.4224408374239001}, ""provider_metric_hints_count"": 14, ""provider_odds_hints_count"": 0, ""sstats_deep_endpoint_count"": 3, ""sstats_deep_endpoints"": {""game_id"": ""4717"", ""glicko"": {""data"": null, ""message"": ""Для данного матча отсутствует Glicko аналитика"", ""status"": ""error"", ""traceId"": ""00-f542583635b162a439d7f37e25e7c42c-20b92e7575bb0679-00""}, ""injuries"": {""count"": 0, ""data"": [], ""status"": ""OK"", ""traceId"": ""00-493b1f5414fb2849959cd89ceddd66e6-7d994fc11cdd8a88-00""}, ""last_games_stats"": {""away"": {""avgCards"": null, ""avgCardsOpp"": null, ""avgConceded"": 0.9225277, ""avgCorners"": null, ""avgCornersOpp"": null, ""avgDrawOdds"": 3.439953, ""avgLoseOdds"": 4.2730875, ""avgOddsXg"": 1.382485, ""avgOddsXgConceded"": 0.846866, ""avgOffsides"": null, ""avgOffsidesOpp"": null, ""avgOppShots"": null, ""avgScore"": 1.6130127, ""avgShots"": null, ""avgWinOdds"": 2.004445, ""draws"": 3, ""gamesCount"": 25, ""loses"": 8, ""maeOddsXg"": 0.23052764, ""maeOddsXgConceded"": 0.07566166, ""profits"": {""drawProfit"": -15, ""loseNoBet"": -0.76000047, ""loseOrDrawProfit"": -5.359999, ""loseProfit"": 6.2300005, ""winNoBet"": -2.5700002, ""winOrDrawProfit"": -3.5800004, ""winOrLoseProfit"": 4.1299996, ""winProfit"": 1.7}, ""rmseXg"": 1.2830495, ""rmseXgConceded"": 0.9339921, ""wins"": 14}, ""home"": {""avgCards"": null, ""avgCardsOpp"": null, ""avgConceded"": 1.1562033, ""avgCorners"": null, ""avgCornersOpp"": null, ""avgDrawOdds"": 3.3332634, ""avgLoseOdds"": 2.7492375, ""avgOddsXg"": 1.086765, ""avgOddsXgConceded"": 1.1431366, ""avgOffsides"": null, ""avgOffsidesOpp"": null, ""avgOppShots"": null, ""avgScore"": 1.4755186, ""avgShots"": null, ""avgWinOdds"": 3.0077097, ""draws"": 6, ""gamesCount"": 25, ""loses"": 6, ""maeOddsXg"": 0.38875353, ""maeOddsXgConceded"": 0.013066649, ""profits"": {""drawProfit"": -5.3499994, ""loseNoBet"": -8.619999, ""loseOrDrawProfit"": -7.5299997, ""loseProfit"": -10.150001, ""winNoBet"": 7.33, ""winOrDrawProfit"": 4.22, ""winOrLoseProfit"": 0.36000025, ""winProfit"": 12.73}, ""rmseXg"": 1.2526459, ""rmseXgConceded"": 1.2977542, ""wins"": 13}}}, ""sstats_mode"": ""bzzoiro_prediction""}",469c5f1aa527cd882b412dccb8935a8468a2fd9e,1
soccer|thailand|uae|2026-06-09,openligadb,fixture_results,2026-06-09T03:07:49.166670+00:00,,,59.89,"{""away_win_probability"": 0.5768, ""clubelo_draw_probability"": 0.2252, ""expected_away"": 1.23, ""expected_home"": 1.114, ""home_win_probability"": 0.198}","{""away_rating"": {""Club"": ""AEK"", ""Country"": ""GRE"", ""Elo"": ""1640.65869141"", ""From"": ""2026-05-24"", ""Level"": ""1"", ""Rank"": ""79"", ""To"": ""2026-06-10""}, ""home_rating"": {""Club"": ""Tondela"", ""Country"": ""POR"", ""Elo"": ""1399.9251709"", ""From"": ""2026-05-17"", ""Level"": ""1"", ""Rank"": ""None"", ""To"": ""2026-06-10""}}","{""away_rating"": 1640.7, ""clubelo_away_elo"": 1640.7, ""clubelo_draw_probability"": 0.2252, ""clubelo_elo_diff_home_adv"": -185.7, ""clubelo_home_elo"": 1399.9, ""home_rating"": 1399.9}",043e2a67d302fdcdb5729797e001f7b9e7611041,1
soccer|thailand|uae|2026-06-09,thesportsdb,team_profile,2026-06-09T03:07:49.166670+00:00,,,57.0,"{""away_form"": 0.665, ""away_ppg"": 1.918, ""away_win_probability"": 0.3298776470588235, ""expected_away"": 1.4541176470588235, ""expected_home"": 1.4864705882352942, ""home_form"": 0.618, ""home_ppg"": 1.765, ""home_rank"": 4.0, ""home_win_probability"": 0.42776470588235294, ""thesportsdb_away_form_score"": 0.665, ""thesportsdb_away_ppg"": 1.918, ""thesportsdb_draw_probability"": 0.24235764705882354, ""thesportsdb_home_form_score"": 0.618, ""thesportsdb_home_ppg"": 1.765, ""thesportsdb_home_rank"": 4.0}","{""away_row"": {""intDraw"": ""5.2"", ""intGoalsAgainst"": ""37.2"", ""intGoalsFor"": ""61.6"", ""intLoss"": ""8.8"", ""intPlayed"": ""34.0"", ""intPoints"": ""65.2"", ""intWin"": ""20.0"", ""strTeam"": ""League Average""}, ""home_row"": {""dateUpdated"": ""2026-06-08 23:02:05"", ""idLeague"": ""4334"", ""idStanding"": ""9720667"", ""idTeam"": ""133713"", ""intDraw"": ""6"", ""intGoalDifference"": ""13"", ""intGoalsAgainst"": ""40"", ""intGoalsFor"": ""53"", ""intLoss"": ""10"", ""intPlayed"": ""34"", ""intPoints"": ""60"", ""intRank"": ""4"", ""intWin"": ""18"", ""strBadge"": ""https://r2.thesportsdb.com/images/media/team/badge/blk9771656932845.png/tiny"", ""strDescription"": ""Champions League Qualification"", ""strForm"": ""LLWWW"", ""strLeague"": ""French Ligue 1"", ""strSeason"": ""2025-2026"", ""strTeam"": ""Lyon""}}","{""away_form"": 0.665, ""away_ga_pg"": 1.094, ""away_gf_pg"": 1.812, ""away_ppg"": 1.918, ""away_rank"": null, ""home_form"": 0.618, ""home_ga_pg"": 1.176, ""home_gf_pg"": 1.559, ""home_ppg"": 1.765, ""home_rank"": 4.0, ""thesportsdb_away_form_score"": 0.665, ""thesportsdb_away_ga_pg"": 1.094, ""thesportsdb_away_gf_pg"": 1.812, ""thesportsdb_away_ppg"": 1.918, ""thesportsdb_away_rank"": null, ""thesportsdb_draw_probability"": 0.24235764705882354, ""thesportsdb_home_form_score"": 0.618, ""thesportsdb_home_ga_pg"": 1.176, ""thesportsdb_home_gf_pg"": 1.559, ""thesportsdb_home_ppg"": 1.765, ""thesportsdb_home_rank"": 4.0, ""thesportsdb_partial_context"": true}",1dc32b21263679cdfc0100121bd23ad008791989,1
soccer|palayesh naft bandar abbas|shahrdari nowshahr|2026-06-09,sstats,xg_form,2026-06-09T03:07:49.166670+00:00,,,65.0,"{""away_win_probability"": 0.1941, ""expected_away"": 0.493, ""expected_home"": 1.229, ""home_win_probability"": 0.4834}","{""away_recent"": [{""goals_against"": 1.0, ""goals_for"": 1.0, ""home"": false, ""league"": ""Azadegan League"", ""opponent"": ""Ario Eslamshahr"", ""opponent_key"": ""ario eslamshahr"", ""start"": ""2026-06-02T14:00:00+00:00"", ""team"": ""Shahrdari Noshahr"", ""team_key"": ""shahrdari noshahr""}, {""goals_against"": 2.0, ""goals_for"": 0.0, ""home"": true, ""league"": ""Azadegan League"", ""opponent"": ""Pars Jonoubi JAM"", ""opponent_key"": ""pars jonoubi jam"", ""start"": ""2026-05-27T13:00:00+00:00"", ""team"": ""Shahrdari Noshahr"", ""team_key"": ""shahrdari noshahr""}, {""goals_against"": 0.0, ""goals_for"": 0.0, ""home"": false, ""league"": ""Azadegan League"", ""opponent"": ""Mes Shahr-e Babak"", ""opponent_key"": ""mes shahr e babak"", ""start"": ""2026-05-21T13:15:00+00:00"", ""team"": ""Shahrdari Noshahr"", ""team_key"": ""shahrdari noshahr""}, {""goals_against"": 0.0, ""goals_for"": 0.0, ""home"": true, ""league"": ""Azadegan League"", ""opponent"": ""Fard Alborz"", ""opponent_key"": ""fard alborz"", ""start"": ""2026-05-14T13:00:00+00:00"", ""team"": ""Shahrdari Noshahr"", ""team_key"": ""shahrdari noshahr""}], ""home_recent"": [{""goals_against"": 0.0, ""goals_for"": 2.0, ""home"": true, ""league"": ""Premier League"", ""opponent"": ""Dordoi Bishkek"", ""opponent_key"": ""dordoi bishkek"", ""start"": ""2026-05-25T14:30:00+00:00"", ""team"": ""Alay"", ""team_key"": ""alay""}, {""goals_against"": 1.0, ""goals_for"": 2.0, ""home"": false, ""league"": ""Premier League"", ""opponent"": ""Abdish-Ata"", ""opponent_key"": ""abdish ata"", ""start"": ""2026-05-17T14:30:00+00:00"", ""team"": ""Alay"", ""team_key"": ""alay""}, {""goals_against"": 0.0, ""goals_for"": 0.0, ""home"": false, ""league"": ""Premier League"", ""opponent"": ""Alga"", ""opponent_key"": ""alga"", ""start"": ""2026-05-09T14:30:00+00:00"", ""team"": ""Alay"", ""team_key"": ""alay""}, {""goals_against"": 1.0, ""goals_for"": 2.0, ""home"": true, ""league"": ""Premier League"", ""opponent"": ""Bars"", ""opponent_key"": ""bars"", ""start"": ""2026-05-03T14:30:00+00:00"", ""team"": ""Alay"", ""team_key"": ""alay""}, {""goals_against"": 2.0, ""goals_for"": 0.0, ""home"": false, ""league"": ""Premier League"", ""opponent"": ""Muras United"", ""opponent_key"": ""muras united"", ""start"": ""2026-04-26T12:30:00+00:00"", ""team"": ""Alay"", ""team_key"": ""alay""}], ""mode"": ""team_form""}","{""away_goals_against_avg"": 0.75, ""away_goals_for_avg"": 0.25, ""away_recent_count"": 4, ""away_team_key"": ""shahrdari noshahr"", ""home_goals_against_avg"": 0.8, ""home_goals_for_avg"": 1.2, ""home_recent_count"": 5, ""home_team_key"": ""alay"", ""league_overlap_count"": 9, ""provider_odds_hints_count"": 0, ""sstats_mode"": ""team_form""}",005ab357540a524ae0318f667187b6e0628c2b5b,1
soccer|palayesh naft bandar abbas|shahrdari nowshahr|2026-06-09,weather,weather,2026-06-09T03:07:49.166670+00:00,,,65.8,"{""away_win_probability"": 0.1941, ""expected_away"": 0.47820999999999997, ""expected_home"": 1.1921300000000001, ""home_win_probability"": 0.4834, ""weather_adjustment_applied"": true, ""weather_adjustment_reasons"": [""heat""], ""weather_away_team"": ""Shahrdari Nowshahr"", ""weather_city"": ""Bandar `Abbas"", ""weather_condition"": ""Sunny"", ""weather_context_applied"": true, ""weather_country"": ""Iran"", ""weather_home_team"": ""Palayesh Naft Bandar Abbas FC"", ""weather_precip_mm"": 0.0, ""weather_query"": ""Palayesh Naft Bandar Abbas FC"", ""weather_source"": ""weatherapi"", ""weather_temp_c"": 36.1, ""weather_total_factor"": 0.97, ""weather_wind_kph"": 15.8}","{""away_recent"": [{""goals_against"": 1.0, ""goals_for"": 1.0, ""home"": false, ""league"": ""Azadegan League"", ""opponent"": ""Ario Eslamshahr"", ""opponent_key"": ""ario eslamshahr"", ""start"": ""2026-06-02T14:00:00+00:00"", ""team"": ""Shahrdari Noshahr"", ""team_key"": ""shahrdari noshahr""}, {""goals_against"": 2.0, ""goals_for"": 0.0, ""home"": true, ""league"": ""Azadegan League"", ""opponent"": ""Pars Jonoubi JAM"", ""opponent_key"": ""pars jonoubi jam"", ""start"": ""2026-05-27T13:00:00+00:00"", ""team"": ""Shahrdari Noshahr"", ""team_key"": ""shahrdari noshahr""}, {""goals_against"": 0.0, ""goals_for"": 0.0, ""home"": false, ""league"": ""Azadegan League"", ""opponent"": ""Mes Shahr-e Babak"", ""opponent_key"": ""mes shahr e babak"", ""start"": ""2026-05-21T13:15:00+00:00"", ""team"": ""Shahrdari Noshahr"", ""team_key"": ""shahrdari noshahr""}, {""goals_against"": 0.0, ""goals_for"": 0.0, ""home"": true, ""league"": ""Azadegan League"", ""opponent"": ""Fard Alborz"", ""opponent_key"": ""fard alborz"", ""start"": ""2026-05-14T13:00:00+00:00"", ""team"": ""Shahrdari Noshahr"", ""team_key"": ""shahrdari noshahr""}], ""home_recent"": [{""goals_against"": 0.0, ""goals_for"": 2.0, ""home"": true, ""league"": ""Premier League"", ""opponent"": ""Dordoi Bishkek"", ""opponent_key"": ""dordoi bishkek"", ""start"": ""2026-05-25T14:30:00+00:00"", ""team"": ""Alay"", ""team_key"": ""alay""}, {""goals_against"": 1.0, ""goals_for"": 2.0, ""home"": false, ""league"": ""Premier League"", ""opponent"": ""Abdish-Ata"", ""opponent_key"": ""abdish ata"", ""start"": ""2026-05-17T14:30:00+00:00"", ""team"": ""Alay"", ""team_key"": ""alay""}, {""goals_against"": 0.0, ""goals_for"": 0.0, ""home"": false, ""league"": ""Premier League"", ""opponent"": ""Alga"", ""opponent_key"": ""alga"", ""start"": ""2026-05-09T14:30:00+00:00"", ""team"": ""Alay"", ""team_key"": ""alay""}, {""goals_against"": 1.0, ""goals_for"": 2.0, ""home"": true, ""league"": ""Premier League"", ""opponent"": ""Bars"", ""opponent_key"": ""bars"", ""start"": ""2026-05-03T14:30:00+00:00"", ""team"": ""Alay"", ""team_key"": ""alay""}, {""goals_against"": 2.0, ""goals_for"": 0.0, ""home"": false, ""league"": ""Premier League"", ""opponent"": ""Muras United"", ""opponent_key"": ""muras united"", ""start"": ""2026-04-26T12:30:00+00:00"", ""team"": ""Alay"", ""team_key"": ""alay""}], ""mode"": ""team_form""}","{""away_goals_against_avg"": 0.75, ""away_goals_for_avg"": 0.25, ""away_recent_count"": 4, ""away_team_key"": ""shahrdari noshahr"", ""home_goals_against_avg"": 0.8, ""home_goals_for_avg"": 1.2, ""home_recent_count"": 5, ""home_team_key"": ""alay"", ""league_overlap_count"": 9, ""merged_sources"": [""sstats_form""], ""provider_odds_hints_count"": 0, ""sstats_mode"": ""team_form"", ""weather_adjustment_applied"": true, ""weather_adjustment_reasons"": [""heat""], ""weather_away_team"": ""Shahrdari Nowshahr"", ""weather_city"": ""Bandar `Abbas"", ""weather_condition"": ""Sunny"", ""weather_context_applied"": true, ""weather_country"": ""Iran"", ""weather_home_team"": ""Palayesh Naft Bandar Abbas FC"", ""weather_precip_mm"": 0.0, ""weather_query"": ""Palayesh Naft Bandar Abbas FC"", ""weather_source"": ""weatherapi"", ""weather_temp_c"": 36.1, ""weather_total_factor"": 0.97, ""weather_wind_kph"": 15.8}",3a9cb5a5bdf5aa2a1e0417fca0f229023088ab6d,1
soccer|benin|togo|2026-06-09,bzzoiro,xg_prediction,2026-06-09T03:07:49.166670+00:00,,,69.4792,"{""away_win_probability"": 0.435, ""bzzoiro_draw_probability"": 0.322, ""bzzoiro_over25_probability"": 0.21, ""bzzoiro_weather"": {""code"": null, ""description"": null, ""temperature_c"": null, ""wind_speed"": null}, ""expected_away"": 1.15, ""expected_home"": 1.32, ""home_win_probability"": 0.243}","{""comparison"": {""away_team"": ""Benin"", ""away_team_id"": 649, ""bookmakers_count"": 0, ""event_date"": ""2026-06-09T18:00:00Z"", ""event_id"": 209492, ""home_team"": ""Togo"", ""home_team_id"": 694, ""league_id"": 31, ""league_name"": ""International Friendly Games"", ""markets"": {}, ""total_odds"": 0}, ""event"": {""attendance"": null, ""away_coach_id"": 92, ""away_score"": null, ""away_score_ht"": null, ""away_team"": ""Benin"", ""away_team_id"": 649, ""current_minute"": null, ""event_date"": ""2026-06-09T18:00:00+00:00"", ""extra_time_score"": null, ""group_name"": null, ""head_to_head"": null, ""highlights"": [], ""home_coach_id"": 68, ""home_score"": null, ""home_score_ht"": null, ""home_team"": ""Togo"", ""home_team_id"": 694, ""id"": 209492, ""is_local_derby"": false, ""is_neutral_ground"": false, ""league_id"": 31, ""live_websocket"": false, ""penalty_shootout"": null, ""period"": """", ""pitch_condition"": null, ""referee_id"": null, ""replaced_by"": null, ""round_name"": """", ""round_number"": null, ""season_id"": 133, ""status"": ""notstarted"", ""travel_distance_km"": null, ""venue_id"": 1547, ""weather"": {""code"": null, ""description"": null, ""temperature_c"": null, ""wind_speed"": null}}, ""metadata"": {""ai_preview"": {""generated_at"": ""2026-06-09T01:47:09.633100+00:00"", ""text"": ""**Togo and Benin collide in Morocco for a midweek friendly** — two West African sides looking to fine-tune before bigger continental commitments. 🏟️ This one's got draw written all over it given both teams' recent tendency to share the spoils.\n\nTogo's been grinding out results (three draws in the last five), while Benin's edged ahead with two wins but also shown they can be cagey. Neither squad is blowing anyone away, but they've both got decent defensive shape.\n\nKey storylines:\n\n- **Togo's draw-heavy form** vs **Benin's sharper attack** — which side dictates the tempo?\n- Both teams dealing with travel to Morocco for this neutral-ground test\n- A chance for squad rotation and fringe players to impress before qualifiers kick in\n\nExpected lineups:\n\n- **Togo**: Gomis, Djitte, Dossevi, Ayité, Mensah, and supporting cast\n- **Benin**: Dgnimadi, Kiki, and crew looking to build on recent wins\n\nPrediction:\n\n**1-1 draw** — classic friendly vibe. Both teams are cautious enough to avoid defeat but not hungry enough to push hard for all three points. 🤝""}, ""event_id"": 209492, ""funfacts"": [], ""jerseys"": null}, ""odds"": {""event_id"": 209492, ""odds"": {""away_win"": null, ""btts_no"": null, ""btts_yes"": null, ""draw"": null, ""home_win"": null, ""over_15_goals"": null, ""over_25_goals"": null, ""over_35_goals"": null, ""under_15_goals"": null, ""under_25_goals"": null, ""under_35_goals"": null}}, ""odds_comparison"": {""away_team"": ""Benin"", ""away_team_id"": 649, ""bookmakers_count"": 0, ""event_date"": ""2026-06-09T18:00:00Z"", ""event_id"": 209492, ""home_team"": ""Togo"", ""home_team_id"": 694, ""league_id"": 31, ""league_name"": ""International Friendly Games"", ""markets"": {}, ""total_odds"": 0}, ""prediction"": {""created_at"": ""2026-06-09T02:20:09Z"", ""event"": {""away_team"": ""Benin"", ""away_team_id"": 649, ""event_date"": ""2026-06-09T18:00:00Z"", ""home_team"": ""Togo"", ""home_team_id"": 694, ""id"": 209492, ""league_id"": 31, ""league_name"": ""International Friendly Games"", ""status"": ""notstarted""}, ""id"": 5259, ""markets"": {""btts"": {""prob_yes"": 18.6}, ""expected_goals"": {""away"": 1.15, ""home"": 1.32}, ""match_result"": {""predicted"": ""A"", ""prob_away"": 43.5, ""prob_draw"": 32.2, ""prob_home"": 24.3}, ""over_under"": {""prob_over_15"": 31.3, ""prob_over_25"": 21.0, ""prob_over_35"": 14.0}, ""score"": {""most_likely"": ""1-1""}}, ""model"": {""confidence"": 0.4349, ""version"": ""v5.0""}, ""recommendations"": {""bet_favorite"": false, ""btts"": false, ""favorite"": ""A"", ""favorite_prob"": 43.5, ""over_15"": false, ""over_25"": false, ""over_35"": false, ""winner"": false}}, ""stats"": {""average_positions"": {}, ""event_id"": 209492, ""momentum"": [], ""shotmap"": [], ""stats"": {""away"": {""xg"": {""actual"": null}}, ""home"": {""xg"": {""actual"": null}}}, ""xg_per_minute"": []}}","{""bzzoiro_api_version"": ""v2"", ""bzzoiro_comparison_bridge_hints_added"": 0, ""bzzoiro_context_limit_removed"": true, ""bzzoiro_context_sources_used"": {""compact_odds"": true, ""metadata"": true, ""odds_flat_rows"": 0, ""prediction"": true, ""stats"": true}, ""bzzoiro_draw_probability"": 0.322, ""bzzoiro_event_id"": 209492, ""bzzoiro_is_local_derby"": false, ""bzzoiro_is_neutral_ground"": false, ""bzzoiro_match_quality"": ""exact"", ""bzzoiro_over25_probability"": 0.21, ""bzzoiro_prediction_confidence"": 0.4349, ""bzzoiro_status"": ""notstarted"", ""bzzoiro_travel_distance_km"": null, ""bzzoiro_v2_comparison_hints_added"": 0, ""bzzoiro_v2_odds_comparison_attached"": true, ""bzzoiro_v2_odds_comparison_event_id"": ""209492"", ""bzzoiro_v2_source_matrix_patch"": true, ""bzzoiro_weather"": {""code"": null, ""description"": null, ""temperature_c"": null, ""wind_speed"": null}, ""provider_metric_hints"": {""favorite"": ""A"", ""is_local_derby"": false, ""is_neutral_ground"": false, ""model_version"": ""v5.0"", ""prob_draw"": 0.322, ""prob_over_1_5"": 0.313, ""prob_over_2_5"": 0.21, ""prob_over_3_5"": 0.14, ""provider_confidence"": 0.4349}, ""provider_metric_hints_count"": 9, ""provider_odds_hints"": [], ""provider_odds_hints_count"": 0, ""source_tokens"": [""bzzoiro""]}",2a3be93ba4a4641186402ce0c7333dd813fb38d8,1
soccer|benin|togo|2026-06-09,openligadb,fixture_results,2026-06-09T03:07:49.166670+00:00,,,62.91,"{""away_win_probability"": 0.1205, ""clubelo_draw_probability"": 0.2006, ""expected_away"": 0.837, ""expected_home"": 1.6, ""home_win_probability"": 0.6789}","{""away_rating"": {""Club"": ""Banants"", ""Country"": ""ARM"", ""Elo"": ""1179.43408203"", ""From"": ""2026-02-27"", ""Level"": ""0"", ""Rank"": ""None"", ""To"": ""2026-06-10""}, ""home_rating"": {""Club"": ""Pogon"", ""Country"": ""POL"", ""Elo"": ""1424.82580566"", ""From"": ""2026-05-24"", ""Level"": ""1"", ""Rank"": ""None"", ""To"": ""2026-06-10""}}","{""away_rating"": 1179.4, ""clubelo_away_elo"": 1179.4, ""clubelo_draw_probability"": 0.2006, ""clubelo_elo_diff_home_adv"": 300.4, ""clubelo_home_elo"": 1424.8, ""home_rating"": 1424.8}",f8ecb3d1bf9da3ecf04584b6de906b910dfb3085,1
soccer|benin|togo|2026-06-09,sstats,xg_form,2026-06-09T03:07:49.166670+00:00,,,53.26661804569623,"{""away_win_probability"": 0.43491947727848157, ""expected_away"": 1.15, ""expected_home"": 1.3166666666666667, ""favorite_prob"": 0.43491947727848157, ""home_win_probability"": 0.24279953095741547, ""prob_btts_yes"": 0.18649816959807558, ""prob_draw"": 0.322280991764103, ""prob_over_1_5"": 0.3129199990653905, ""prob_over_2_5"": 0.2101873333347405, ""prob_over_3_5"": 0.14043536465334638}","{""btts_recommend"": false, ""confidence"": 43.49194772784816, ""created_at"": ""2026-06-09T02:20:09.089794Z"", ""event"": {""actual_away_xg"": null, ""actual_home_xg"": null, ""ai_preview"": {""generated_at"": ""2026-06-09T01:47:09.633100+00:00"", ""text"": ""**Togo and Benin collide in Morocco for a midweek friendly** — two West African sides looking to fine-tune before bigger continental commitments. 🏟️ This one's got draw written all over it given both teams' recent tendency to share the spoils.\n\nTogo's been grinding out results (three draws in the last five), while Benin's edged ahead with two wins but also shown they can be cagey. Neither squad is blowing anyone away, but they've both got decent defensive shape.\n\nKey storylines:\n\n- **Togo's draw-heavy form** vs **Benin's sharper attack** — which side dictates the tempo?\n- Both teams dealing with travel to Morocco for this neutral-ground test\n- A chance for squad rotation and fringe players to impress before qualifiers kick in\n\nExpected lineups:\n\n- **Togo**: Gomis, Djitte, Dossevi, Ayité, Mensah, and supporting cast\n- **Benin**: Dgnimadi, Kiki, and crew looking to build on recent wins\n\nPrediction:\n\n**1-1 draw** — classic friendly vibe. Both teams are cautious enough to avoid defeat but not hungry enough to push hard for all three points. 🤝""}, ""attendance"": null, ""average_positions"": null, ""away_coach"": {""country"": ""Germany"", ""defensive_line"": ""mid"", ""id"": 92, ""name"": ""Gernot Rohr"", ""preferred_formation"": ""4-2-3-1"", ""pressing_intensity"": 0.5037803177934983, ""profile"": ""balanced"", ""short_name"": ""G. Rohr"", ""top_styles"": [""anti_football"", ""terrorist_fb""]}, ""away_score"": null, ""away_score_ht"": null, ""away_team"": ""Benin"", ""away_team_obj"": {""coach"": {""name"": ""Gernot Rohr"", ""shortName"": ""G. Rohr""}, ""country"": ""Benin"", ""id"": 649, ""name"": ""Benin"", ""short_name"": ""Benin"", ""venue"": {""capacity"": 20000, ""city"": ""Cotonou"", ""country"": ""Benin"", ""id"": 502, ""name"": ""Stade de l'Amitie""}}, ""away_xg_live"": null, ""current_minute"": null, ""event_date"": ""2026-06-09T18:00:00Z"", ""extra_time_score"": null, ""funfacts"": null, ""group_name"": null, ""home_coach"": {""country"": ""France"", ""defensive_line"": """", ""id"": 68, ""name"": ""Patrice Neveu"", ""preferred_formation"": ""3-4-3"", ""pressing_intensity"": null, ""profile"": ""defensive"", ""short_name"": ""P. Neveu"", ""top_styles"": []}, ""home_score"": null, ""home_score_ht"": null, ""home_team"": ""Togo"", ""home_team_obj"": {""coach"": {""name"": ""Patrice Neveu"", ""shortName"": ""P. Neveu""}, ""country"": ""Togo"", ""id"": 694, ""name"": ""Togo"", ""short_name"": """", ""venue"": null}, ""home_xg_live"": null, ""id"": 209492, ""incidents"": null, ""is_local_derby"": null, ""is_neutral_ground"": null, ""jerseys"": null, ""league"": {""country"": ""International"", ""current_season"": {""end_date"": ""2026-12-31"", ""id"": 133, ""name"": ""Int. Friendly Games 2026"", ""start_date"": ""2026-01-01"", ""year"": 2026}, ""id"": 31, ""is_women"": false, ""name"": ""International Friendly Games""}, ""lineups"": null, ""live_stats"": null, ""live_websocket"": false, ""momentum"": null, ""odds_away"": null, ""odds_btts_no"": null, ""odds_btts_yes"": null, ""odds_draw"": null, ""odds_home"": null, ""odds_over_15"": null, ""odds_over_25"": null, ""odds_over_35"": null, ""odds_under_15"": null, ""odds_under_25"": null, ""odds_under_35"": null, ""penalty_shootout"": null, ""period"": """", ""pitch_condition"": null, ""referee"": null, ""round_name"": """", ""round_number"": null, ""season"": {""id"": 133, ""name"": ""Int. Friendly Games 2026"", ""year"": 2026}, ""shotmap"": null, ""sr_stats"": null, ""status"": ""notstarted"", ""temperature_c"": null, ""travel_distance_km"": null, ""unavailable_players"": null, ""venue"": {""built_year"": null, ""capacity"": 15000, ""city"": ""Mohammedia"", ""country"": ""Morocco"", ""id"": 1547, ""latitude"": null, ""longitude"": null, ""name"": ""Al-Bashir Stadium"", ""pitch_x"": null, ""pitch_y"": null}, ""weather_code"": null, ""wind_speed"": null, ""xg_per_minute"": null}, ""expected_away_goals"": 1.15, ""expected_home_goals"": 1.3166666666666667, ""favorite"": ""A"", ""favorite_prob"": 43.49194772784816, ""favorite_recommend"": false, ""id"": 5259, ""model_version"": ""v5.0"", ""most_likely_score"": ""1-1"", ""over_15_recommend"": false, ""over_25_recommend"": false, ""over_35_recommend"": false, ""predicted_result"": ""A"", ""prob_away_win"": 43.49194772784816, ""prob_btts_yes"": 18.64981695980756, ""prob_draw"": 32.2280991764103, ""prob_home_win"": 24.279953095741547, ""prob_over_15"": 31.291999906539047, ""prob_over_25"": 21.01873333347405, ""prob_over_35"": 14.043536465334638, ""winner_recommend"": false}","{""favorite"": ""A"", ""favorite_prob"": 0.43491947727848157, ""match_quality"": ""exact"", ""model_version"": ""v5.0"", ""most_likely_score"": ""1-1"", ""prediction_age_hours"": 0.8, ""prediction_created_at"": ""2026-06-09T02:20:09.089794Z"", ""prob_btts_yes"": 0.18649816959807558, ""prob_draw"": 0.322280991764103, ""prob_over_1_5"": 0.3129199990653905, ""prob_over_2_5"": 0.2101873333347405, ""prob_over_3_5"": 0.14043536465334638, ""provider_confidence"": 0.43491947727848157, ""provider_confidence_pct"": 43.492, ""provider_metric_hints"": {""expected_away_goals"": 1.15, ""expected_home_goals"": 1.3166666666666667, ""expected_total_goals"": 2.4667, ""favorite"": ""A"", ""model_version"": ""v5.0"", ""most_likely_score"": ""1-1"", ""prob_away_win"": 0.43492, ""prob_btts_yes"": 0.1865, ""prob_draw"": 0.32228, ""prob_home_win"": 0.2428, ""prob_over_1_5"": 0.31292, ""prob_over_2_5"": 0.21019, ""prob_over_3_5"": 0.14044, ""provider_confidence"": 0.43491947727848157}, ""provider_metric_hints_count"": 14, ""provider_odds_hints_count"": 0, ""sstats_deep_endpoint_count"": 2, ""sstats_deep_endpoints"": {""game_id"": ""5259"", ""injuries"": {""count"": 0, ""data"": [], ""status"": ""OK"", ""traceId"": ""00-be8b39699f41e9af5b15f54ce55262ba-7fce5de10ef05cd3-00""}, ""last_games_stats"": {""data"": null, ""message"": ""Данных не найдено"", ""status"": ""error"", ""traceId"": ""00-1172904dd83d902037d55fd54af2d4a7-e770f66dfe3e30e8-00""}}, ""sstats_mode"": ""bzzoiro_prediction""}",bab7cae86c5baa82945131fb979aaadf0e243652,1
soccer|kattaqurgon|lochin|2026-06-09,sstats,xg_form,2026-06-09T03:07:49.166670+00:00,,,65.0,"{""away_win_probability"": 0.2356, ""expected_away"": 0.757, ""expected_home"": 1.635, ""home_win_probability"": 0.509}","{""away_recent"": [{""goals_against"": 0.0, ""goals_for"": 3.0, ""home"": true, ""league"": ""Pro League A"", ""opponent"": ""FarDu"", ""opponent_key"": ""fardu"", ""start"": ""2026-06-04T12:30:00+00:00"", ""team"": ""Kattaqurgon"", ""team_key"": ""kattaqurgon""}, {""goals_against"": 1.0, ""goals_for"": 1.0, ""home"": false, ""league"": ""Pro League A"", ""opponent"": ""Metalourg"", ""opponent_key"": ""metalourg"", ""start"": ""2026-05-31T13:00:00+00:00"", ""team"": ""Kattaqurgon"", ""team_key"": ""kattaqurgon""}, {""goals_against"": 0.0, ""goals_for"": 0.0, ""home"": false, ""league"": ""Pro League A"", ""opponent"": ""Olimpik-Mobiuz"", ""opponent_key"": ""olimpik mobiuz"", ""start"": ""2026-05-04T13:00:00+00:00"", ""team"": ""Kattaqurgon"", ""team_key"": ""kattaqurgon""}, {""goals_against"": 0.0, ""goals_for"": 1.0, ""home"": true, ""league"": ""Pro League A"", ""opponent"": ""BuxDu"", ""opponent_key"": ""buxdu"", ""start"": ""2026-04-30T12:00:00+00:00"", ""team"": ""Kattaqurgon"", ""team_key"": ""kattaqurgon""}, {""goals_against"": 0.0, ""goals_for"": 1.0, ""home"": false, ""league"": ""Pro League A"", ""opponent"": ""Respublika FA"", ""opponent_key"": ""respublika fa"", ""start"": ""2026-04-26T12:00:00+00:00"", ""team"": ""Kattaqurgon"", ""team_key"": ""kattaqurgon""}], ""home_recent"": [{""goals_against"": 0.0, ""goals_for"": 4.0, ""home"": true, ""league"": ""Pro League A"", ""opponent"": ""BuxDu"", ""opponent_key"": ""buxdu"", ""start"": ""2026-05-31T12:30:00+00:00"", ""team"": ""Lochin"", ""team_key"": ""lochin""}, {""goals_against"": 0.0, ""goals_for"": 0.0, ""home"": false, ""league"": ""Pro League A"", ""opponent"": ""Respublika FA"", ""opponent_key"": ""respublika fa"", ""start"": ""2026-05-05T12:00:00+00:00"", ""team"": ""Lochin"", ""team_key"": ""lochin""}, {""goals_against"": 0.0, ""goals_for"": 2.0, ""home"": false, ""league"": ""Pro League A"", ""opponent"": ""Gazalkent"", ""opponent_key"": ""gazalkent"", ""start"": ""2026-04-26T13:00:00+00:00"", ""team"": ""Lochin"", ""team_key"": ""lochin""}], ""mode"": ""team_form""}","{""away_goals_against_avg"": 0.2, ""away_goals_for_avg"": 1.2, ""away_recent_count"": 5, ""away_team_key"": ""kattaqurgon"", ""home_goals_against_avg"": 0.0, ""home_goals_for_avg"": 2.0, ""home_recent_count"": 3, ""home_team_key"": ""lochin"", ""league_overlap_count"": 8, ""provider_odds_hints_count"": 0, ""sstats_mode"": ""team_form""}",24dae5f4127381702bba0411bf6aaa87494d8ec9,1
soccer|samford rangers|virginia united|2026-06-09,openligadb,fixture_results,2026-06-09T03:07:49.166670+00:00,,,60.39,"{""away_win_probability"": 0.5957, ""clubelo_draw_probability"": 0.2211, ""expected_away"": 1.246, ""expected_home"": 1.095, ""home_win_probability"": 0.1832}","{""away_rating"": {""Club"": ""Angers"", ""Country"": ""FRA"", ""Elo"": ""1546.59716797"", ""From"": ""2026-05-18"", ""Level"": ""1"", ""Rank"": ""None"", ""To"": ""2026-06-10""}, ""home_rating"": {""Club"": ""Dundee United"", ""Country"": ""SCO"", ""Elo"": ""1286.71264648"", ""From"": ""2026-05-18"", ""Level"": ""1"", ""Rank"": ""None"", ""To"": ""2026-06-10""}}","{""away_rating"": 1546.6, ""clubelo_away_elo"": 1546.6, ""clubelo_draw_probability"": 0.2211, ""clubelo_elo_diff_home_adv"": -204.9, ""clubelo_home_elo"": 1286.7, ""home_rating"": 1286.7}",874bf4144e49a719e2f607b684f554e6690b6fdc,1
soccer|samford rangers|virginia united|2026-06-09,sstats,xg_form,2026-06-09T03:07:49.166670+00:00,,,65.0,"{""away_win_probability"": 0.2606, ""expected_away"": 0.713, ""expected_home"": 1.204, ""home_win_probability"": 0.4398}","{""away_recent"": [{""goals_against"": 2.0, ""goals_for"": 1.0, ""home"": true, ""league"": ""Premier League"", ""opponent"": ""Highlanders"", ""opponent_key"": ""highlanders"", ""start"": ""2026-05-24T13:00:00+00:00"", ""team"": ""Rangers FC"", ""team_key"": ""rangers""}, {""goals_against"": 1.0, ""goals_for"": 1.0, ""home"": false, ""league"": ""Premier League"", ""opponent"": ""Ezulwini United"", ""opponent_key"": ""ezulwini united"", ""start"": ""2026-05-19T13:00:00+00:00"", ""team"": ""Rangers FC"", ""team_key"": ""rangers""}, {""goals_against"": 1.0, ""goals_for"": 0.0, ""home"": true, ""league"": ""Premier League"", ""opponent"": ""Nsingizini Hotspurs"", ""opponent_key"": ""nsingizini hotspurs"", ""start"": ""2026-05-16T13:15:00+00:00"", ""team"": ""Rangers FC"", ""team_key"": ""rangers""}, {""goals_against"": 1.0, ""goals_for"": 1.0, ""home"": false, ""league"": ""Premier League"", ""opponent"": ""Eastern District"", ""opponent_key"": ""eastern district"", ""start"": ""2026-05-16T10:00:00+00:00"", ""team"": ""BC Rangers"", ""team_key"": ""rangers""}, {""goals_against"": 2.0, ""goals_for"": 1.0, ""home"": false, ""league"": ""Premier League"", ""opponent"": ""Hong Kong FC"", ""opponent_key"": ""hong kong"", ""start"": ""2026-05-10T10:00:00+00:00"", ""team"": ""BC Rangers"", ""team_key"": ""rangers""}, {""goals_against"": 1.0, ""goals_for"": 1.0, ""home"": true, ""league"": ""Premier League"", ""opponent"": ""Green Mamba"", ""opponent_key"": ""green mamba"", ""start"": ""2026-05-05T13:00:00+00:00"", ""team"": ""Rangers FC"", ""team_key"": ""rangers""}, {""goals_against"": 2.0, ""goals_for"": 1.0, ""home"": true, ""league"": ""Premier League"", ""opponent"": ""Kowloon City"", ""opponent_key"": ""kowloon city"", ""start"": ""2026-05-03T10:00:00+00:00"", ""team"": ""BC Rangers"", ""team_key"": ""rangers""}, {""goals_against"": 1.0, ""goals_for"": 0.0, ""home"": false, ""league"": ""Premier League"", ""opponent"": ""Malanti Chiefs"", ""opponent_key"": ""malanti chiefs"", ""start"": ""2026-04-29T13:00:00+00:00"", ""team"": ""Rangers FC"", ""team_key"": ""rangers""}, {""goals_against"": 2.0, ""goals_for"": 0.0, ""home"": false, ""league"": ""FA Cup"", ""opponent"": ""Wofoo Tai Po"", ""opponent_key"": ""wofoo tai po"", ""start"": ""2026-05-23T07:00:00+00:00"", ""team"": ""BC Rangers"", ""team_key"": ""rangers""}, {""goals_against"": 2.0, ""goals_for"": 5.0, ""home"": false, ""league"": ""Premiership"", ""opponent"": ""Falkirk"", ""opponent_key"": ""falkirk"", ""start"": ""2026-05-16T11:30:00+00:00"", ""team"": ""Rangers"", ""team_key"": ""rangers""}], ""home_recent"": [{""goals_against"": 0.0, ""goals_for"": 1.0, ""home"": true, ""league"": ""I-League - 2nd Division"", ""opponent"": ""Sudeva"", ""opponent_key"": ""sudeva"", ""start"": ""2026-05-09T09:30:00+00:00"", ""team"": ""United"", ""team_key"": ""united""}, {""goals_against"": 1.0, ""goals_for"": 1.0, ""home"": true, ""league"": ""I-League - 2nd Division"", ""opponent"": ""Karbi Anglong Morning Star FC"", ""opponent_key"": ""karbi anglong morning star"", ""start"": ""2026-05-02T09:30:00+00:00"", ""team"": ""United"", ""team_key"": ""united""}, {""goals_against"": 0.0, ""goals_for"": 1.0, ""home"": true, ""league"": ""I-League - 2nd Division"", ""opponent"": ""NEROCA"", ""opponent_key"": ""neroca"", ""start"": ""2026-04-26T09:30:00+00:00"", ""team"": ""United"", ""team_key"": ""united""}], ""mode"": ""team_form""}","{""away_goals_against_avg"": 1.5, ""away_goals_for_avg"": 1.1, ""away_recent_count"": 10, ""away_team_key"": ""rangers"", ""home_goals_against_avg"": 0.333, ""home_goals_for_avg"": 1.0, ""home_recent_count"": 3, ""home_team_key"": ""united"", ""league_overlap_count"": 8, ""provider_odds_hints_count"": 0, ""sstats_mode"": ""team_form""}",d719f69edd1167e3263cb35ed4e89aecaf241e71,1
soccer|samford rangers|virginia united|2026-06-09,thesportsdb,team_profile,2026-06-09T03:07:49.166670+00:00,,,57.0,"{""away_form"": 0.758, ""away_ppg"": 2.091, ""away_rank"": 2.0, ""away_win_probability"": 0.3408290909090908, ""expected_away"": 1.4448484848484848, ""expected_home"": 1.4963636363636363, ""home_form"": 0.676, ""home_ppg"": 1.885, ""home_win_probability"": 0.4147272727272728, ""thesportsdb_away_form_score"": 0.758, ""thesportsdb_away_ppg"": 2.091, ""thesportsdb_away_rank"": 2.0, ""thesportsdb_draw_probability"": 0.24444363636363636, ""thesportsdb_home_form_score"": 0.676, ""thesportsdb_home_ppg"": 1.885}","{""away_row"": {""dateUpdated"": ""2026-06-08 23:02:00"", ""idLeague"": ""4330"", ""idStanding"": ""9720213"", ""idTeam"": ""133642"", ""intDraw"": ""12"", ""intGoalDifference"": ""35"", ""intGoalsAgainst"": ""31"", ""intGoalsFor"": ""66"", ""intLoss"": ""2"", ""intPlayed"": ""33"", ""intPoints"": ""69"", ""intRank"": ""2"", ""intWin"": ""19"", ""strBadge"": ""https://r2.thesportsdb.com/images/media/team/badge/ti24j61614290048.png/tiny"", ""strDescription"": ""Championship round"", ""strForm"": ""WLLLL"", ""strLeague"": ""Scottish Premier League"", ""strSeason"": ""2025-2026"", ""strTeam"": ""Rangers""}, ""home_row"": {""intDraw"": ""9.4"", ""intGoalsAgainst"": ""32.0"", ""intGoalsFor"": ""57.2"", ""intLoss"": ""6.0"", ""intPlayed"": ""33.0"", ""intPoints"": ""62.2"", ""intWin"": ""17.6"", ""strTeam"": ""League Average""}}","{""away_form"": 0.758, ""away_ga_pg"": 0.939, ""away_gf_pg"": 2.0, ""away_ppg"": 2.091, ""away_rank"": 2.0, ""home_form"": 0.676, ""home_ga_pg"": 0.97, ""home_gf_pg"": 1.733, ""home_ppg"": 1.885, ""home_rank"": null, ""thesportsdb_away_form_score"": 0.758, ""thesportsdb_away_ga_pg"": 0.939, ""thesportsdb_away_gf_pg"": 2.0, ""thesportsdb_away_ppg"": 2.091, ""thesportsdb_away_rank"": 2.0, ""thesportsdb_draw_probability"": 0.24444363636363636, ""thesportsdb_home_form_score"": 0.676, ""thesportsdb_home_ga_pg"": 0.97, ""thesportsdb_home_gf_pg"": 1.733, ""thesportsdb_home_ppg"": 1.885, ""thesportsdb_home_rank"": null, ""thesportsdb_partial_context"": true}",158b246e7a61c021e81e271991f65b6b520bf46a,1
soccer|samford rangers|virginia united|2026-06-09,weather,weather,2026-06-09T03:07:49.166670+00:00,,,74.63265599999998,"{""away_form"": 0.758, ""away_ppg"": 2.091, ""away_rank"": 2.0, ""away_win_probability"": 0.43880253320070656, ""clubelo_draw_probability"": 0.2211, ""expected_away"": 1.1491563875246213, ""expected_home"": 1.22652133484827, ""home_form"": 0.676, ""home_ppg"": 1.885, ""home_win_probability"": 0.31253290264499006, ""thesportsdb_away_form_score"": 0.758, ""thesportsdb_away_ppg"": 2.091, ""thesportsdb_away_rank"": 2.0, ""thesportsdb_draw_probability"": 0.24444363636363636, ""thesportsdb_home_form_score"": 0.676, ""thesportsdb_home_ppg"": 1.885, ""weather_adjustment_applied"": false, ""weather_adjustment_reasons"": [], ""weather_away_team"": ""Samford Rangers"", ""weather_city"": ""Virginia Beach"", ""weather_condition"": ""Sunny"", ""weather_context_applied"": true, ""weather_country"": ""United States of America"", ""weather_home_team"": ""Virginia United"", ""weather_precip_mm"": 0.0, ""weather_query"": ""Virginia United"", ""weather_source"": ""weatherapi"", ""weather_temp_c"": 18.8, ""weather_total_factor"": 1.0, ""weather_wind_kph"": 10.1}","{""sources"": {""clubelo"": {""away_rating"": {""Club"": ""Angers"", ""Country"": ""FRA"", ""Elo"": ""1546.59716797"", ""From"": ""2026-05-18"", ""Level"": ""1"", ""Rank"": ""None"", ""To"": ""2026-06-10""}, ""home_rating"": {""Club"": ""Dundee United"", ""Country"": ""SCO"", ""Elo"": ""1286.71264648"", ""From"": ""2026-05-18"", ""Level"": ""1"", ""Rank"": ""None"", ""To"": ""2026-06-10""}}, ""ensemble"": {""sources"": {""sstats_form"": {""away_recent"": [{""goals_against"": 2.0, ""goals_for"": 1.0, ""home"": true, ""league"": ""Premier League"", ""opponent"": ""Highlanders"", ""opponent_key"": ""highlanders"", ""start"": ""2026-05-24T13:00:00+00:00"", ""team"": ""Rangers FC"", ""team_key"": ""rangers""}, {""goals_against"": 1.0, ""goals_for"": 1.0, ""home"": false, ""league"": ""Premier League"", ""opponent"": ""Ezulwini United"", ""opponent_key"": ""ezulwini united"", ""start"": ""2026-05-19T13:00:00+00:00"", ""team"": ""Rangers FC"", ""team_key"": ""rangers""}, {""goals_against"": 1.0, ""goals_for"": 0.0, ""home"": true, ""league"": ""Premier League"", ""opponent"": ""Nsingizini Hotspurs"", ""opponent_key"": ""nsingizini hotspurs"", ""start"": ""2026-05-16T13:15:00+00:00"", ""team"": ""Rangers FC"", ""team_key"": ""rangers""}, {""goals_against"": 1.0, ""goals_for"": 1.0, ""home"": false, ""league"": ""Premier League"", ""opponent"": ""Eastern District"", ""opponent_key"": ""eastern district"", ""start"": ""2026-05-16T10:00:00+00:00"", ""team"": ""BC Rangers"", ""team_key"": ""rangers""}, {""goals_against"": 2.0, ""goals_for"": 1.0, ""home"": false, ""league"": ""Premier League"", ""opponent"": ""Hong Kong FC"", ""opponent_key"": ""hong kong"", ""start"": ""2026-05-10T10:00:00+00:00"", ""team"": ""BC Rangers"", ""team_key"": ""rangers""}, {""goals_against"": 1.0, ""goals_for"": 1.0, ""home"": true, ""league"": ""Premier League"", ""opponent"": ""Green Mamba"", ""opponent_key"": ""green mamba"", ""start"": ""2026-05-05T13:00:00+00:00"", ""team"": ""Rangers FC"", ""team_key"": ""rangers""}, {""goals_against"": 2.0, ""goals_for"": 1.0, ""home"": true, ""league"": ""Premier League"", ""opponent"": ""Kowloon City"", ""opponent_key"": ""kowloon city"", ""start"": ""2026-05-03T10:00:00+00:00"", ""team"": ""BC Rangers"", ""team_key"": ""rangers""}, {""goals_against"": 1.0, ""goals_for"": 0.0, ""home"": false, ""league"": ""Premier League"", ""opponent"": ""Malanti Chiefs"", ""opponent_key"": ""malanti chiefs"", ""start"": ""2026-04-29T13:00:00+00:00"", ""team"": ""Rangers FC"", ""team_key"": ""rangers""}, {""goals_against"": 2.0, ""goals_for"": 0.0, ""home"": false, ""league"": ""FA Cup"", ""opponent"": ""Wofoo Tai Po"", ""opponent_key"": ""wofoo tai po"", ""start"": ""2026-05-23T07:00:00+00:00"", ""team"": ""BC Rangers"", ""team_key"": ""rangers""}, {""goals_against"": 2.0, ""goals_for"": 5.0, ""home"": false, ""league"": ""Premiership"", ""opponent"": ""Falkirk"", ""opponent_key"": ""falkirk"", ""start"": ""2026-05-16T11:30:00+00:00"", ""team"": ""Rangers"", ""team_key"": ""rangers""}], ""home_recent"": [{""goals_against"": 0.0, ""goals_for"": 1.0, ""home"": true, ""league"": ""I-League - 2nd Division"", ""opponent"": ""Sudeva"", ""opponent_key"": ""sudeva"", ""start"": ""2026-05-09T09:30:00+00:00"", ""team"": ""United"", ""team_key"": ""united""}, {""goals_against"": 1.0, ""goals_for"": 1.0, ""home"": true, ""league"": ""I-League - 2nd Division"", ""opponent"": ""Karbi Anglong Morning Star FC"", ""opponent_key"": ""karbi anglong morning star"", ""start"": ""2026-05-02T09:30:00+00:00"", ""team"": ""United"", ""team_key"": ""united""}, {""goals_against"": 0.0, ""goals_for"": 1.0, ""home"": true, ""league"": ""I-League - 2nd Division"", ""opponent"": ""NEROCA"", ""opponent_key"": ""neroca"", ""start"": ""2026-04-26T09:30:00+00:00"", ""team"": ""United"", ""team_key"": ""united""}], ""mode"": ""team_form""}, ""thesportsdb"": {""away_row"": {""dateUpdated"": ""2026-06-08 23:02:00"", ""idLeague"": ""4330"", ""idStanding"": ""9720213"", ""idTeam"": ""133642"", ""intDraw"": ""12"", ""intGoalDifference"": ""35"", ""intGoalsAgainst"": ""31"", ""intGoalsFor"": ""66"", ""intLoss"": ""2"", ""intPlayed"": ""33"", ""intPoints"": ""69"", ""intRank"": ""2"", ""intWin"": ""19"", ""strBadge"": ""https://r2.thesportsdb.com/images/media/team/badge/ti24j61614290048.png/tiny"", ""strDescription"": ""Championship round"", ""strForm"": ""WLLLL"", ""strLeague"": ""Scottish Premier League"", ""strSeason"": ""2025-2026"", ""strTeam"": ""Rangers""}, ""home_row"": {""intDraw"": ""9.4"", ""intGoalsAgainst"": ""32.0"", ""intGoalsFor"": ""57.2"", ""intLoss"": ""6.0"", ""intPlayed"": ""33.0"", ""intPoints"": ""62.2"", ""intWin"": ""17.6"", ""strTeam"": ""League Average""}}}}}}","{""away_form"": 0.758, ""away_ga_pg"": 0.939, ""away_gf_pg"": 2.0, ""away_goals_against_avg"": 1.5, ""away_goals_for_avg"": 1.1, ""away_ppg"": 2.091, ""away_rank"": 2.0, ""away_rating"": 1546.6, ""away_recent_count"": 10, ""away_team_key"": ""rangers"", ""blend_weights"": {""clubelo"": 67.637, ""ensemble"": 75.881}, ""clubelo_away_elo"": 1546.6, ""clubelo_draw_probability"": 0.2211, ""clubelo_elo_diff_home_adv"": -204.9, ""clubelo_home_elo"": 1286.7, ""context_mode"": ""ensemble"", ""home_form"": 0.676, ""home_ga_pg"": 0.97, ""home_gf_pg"": 1.733, ""home_goals_against_avg"": 0.333, ""home_goals_for_avg"": 1.0, ""home_ppg"": 1.885, ""home_rank"": null, ""home_rating"": 1286.7, ""home_recent_count"": 3, ""home_team_key"": ""united"", ""league_overlap_count"": 8, ""merged_sources"": [""sstats_form"", ""thesportsdb"", ""clubelo""], ""provider_odds_hints_count"": 0, ""sstats_mode"": ""team_form"", ""thesportsdb_away_form_score"": 0.758, ""thesportsdb_away_ga_pg"": 0.939, ""thesportsdb_away_gf_pg"": 2.0, ""thesportsdb_away_ppg"": 2.091, ""thesportsdb_away_rank"": 2.0, ""thesportsdb_draw_probability"": 0.24444363636363636, ""thesportsdb_home_form_score"": 0.676, ""thesportsdb_home_ga_pg"": 0.97, ""thesportsdb_home_gf_pg"": 1.733, ""thesportsdb_home_ppg"": 1.885, ""thesportsdb_home_rank"": null, ""thesportsdb_partial_context"": true, ""weather_adjustment_applied"": false, ""weather_adjustment_reasons"": [], ""weather_away_team"": ""Samford Rangers"", ""weather_city"": ""Virginia Beach"", ""weather_condition"": ""Sunny"", ""weather_context_applied"": true, ""weather_country"": ""United States of America"", ""weather_home_team"": ""Virginia United"", ""weather_precip_mm"": 0.0, ""weather_query"": ""Virginia United"", ""weather_source"": ""weatherapi"", ""weather_temp_c"": 18.8, ""weather_total_factor"": 1.0, ""weather_wind_kph"": 10.1}",1dc9692858a67c81b18de4ca0ea69ab013929291,1
soccer|mes kerman|naft gachsaran|2026-06-09,sstats,xg_form,2026-06-09T03:07:49.166670+00:00,,,65.0,"{""away_win_probability"": 0.3602, ""expected_away"": 0.85, ""expected_home"": 0.69, ""home_win_probability"": 0.2923}","{""away_recent"": [{""goals_against"": 0.0, ""goals_for"": 0.0, ""home"": true, ""league"": ""Azadegan League"", ""opponent"": ""Be'sat Kermanshah"", ""opponent_key"": ""be sat kermanshah"", ""start"": ""2026-06-02T15:00:00+00:00"", ""team"": ""Naft Gachsaran"", ""team_key"": ""naft gachsaran""}, {""goals_against"": 0.0, ""goals_for"": 1.0, ""home"": false, ""league"": ""Azadegan League"", ""opponent"": ""Damash Gilanian"", ""opponent_key"": ""damash gilanian"", ""start"": ""2026-05-27T13:30:00+00:00"", ""team"": ""Naft Gachsaran"", ""team_key"": ""naft gachsaran""}, {""goals_against"": 1.0, ""goals_for"": 2.0, ""home"": true, ""league"": ""Azadegan League"", ""opponent"": ""Saipa"", ""opponent_key"": ""saipa"", ""start"": ""2026-05-21T15:00:00+00:00"", ""team"": ""Naft Gachsaran"", ""team_key"": ""naft gachsaran""}, {""goals_against"": 1.0, ""goals_for"": 1.0, ""home"": false, ""league"": ""Azadegan League"", ""opponent"": ""Naft Bandar Abbas"", ""opponent_key"": ""naft bandar abbas"", ""start"": ""2026-05-14T14:15:00+00:00"", ""team"": ""Naft Gachsaran"", ""team_key"": ""naft gachsaran""}], ""home_recent"": [{""goals_against"": 0.0, ""goals_for"": 2.0, ""home"": false, ""league"": ""Azadegan League"", ""opponent"": ""Fard Alborz"", ""opponent_key"": ""fard alborz"", ""start"": ""2026-06-02T13:30:00+00:00"", ""team"": ""Mes Kerman"", ""team_key"": ""mes kerman""}, {""goals_against"": 2.0, ""goals_for"": 1.0, ""home"": true, ""league"": ""Azadegan League"", ""opponent"": ""Nassaji Mazandaran"", ""opponent_key"": ""nassaji mazandaran"", ""start"": ""2026-05-27T13:30:00+00:00"", ""team"": ""Mes Kerman"", ""team_key"": ""mes kerman""}, {""goals_against"": 0.0, ""goals_for"": 0.0, ""home"": false, ""league"": ""Azadegan League"", ""opponent"": ""Ario Eslamshahr"", ""opponent_key"": ""ario eslamshahr"", ""start"": ""2026-05-21T13:30:00+00:00"", ""team"": ""Mes Kerman"", ""team_key"": ""mes kerman""}, {""goals_against"": 1.0, ""goals_for"": 0.0, ""home"": true, ""league"": ""Azadegan League"", ""opponent"": ""Mes Shahr-e Babak"", ""opponent_key"": ""mes shahr e babak"", ""start"": ""2026-05-14T13:15:00+00:00"", ""team"": ""Mes Kerman"", ""team_key"": ""mes kerman""}], ""mode"": ""team_form""}","{""away_goals_against_avg"": 0.5, ""away_goals_for_avg"": 1.0, ""away_recent_count"": 4, ""away_team_key"": ""naft gachsaran"", ""home_goals_against_avg"": 0.75, ""home_goals_for_avg"": 0.75, ""home_recent_count"": 4, ""home_team_key"": ""mes kerman"", ""league_overlap_count"": 8, ""provider_odds_hints_count"": 0, ""sstats_mode"": ""team_form""}",b0fb8990b6cc247810c30ab26f596459de785a90,1
soccer|china|thailand|2026-06-09,bzzoiro,xg_prediction,2026-06-09T03:07:49.166670+00:00,,,69.1,"{""away_win_probability"": 0.297, ""bzzoiro_draw_probability"": 0.387, ""bzzoiro_over25_probability"": 0.376, ""bzzoiro_weather"": {""code"": 0, ""description"": ""unknown"", ""temperature_c"": 21, ""wind_speed"": 3.0}, ""expected_away"": 1.3, ""expected_home"": 1.65, ""home_win_probability"": 0.316}","{""comparison"": {""away_team"": ""Thailand"", ""away_team_id"": 718, ""bookmakers_count"": 0, ""event_date"": ""2026-06-09T11:35:00Z"", ""event_id"": 209432, ""home_team"": ""China"", ""home_team_id"": 664, ""league_id"": 31, ""league_name"": ""International Friendly Games"", ""markets"": {}, ""total_odds"": 0}, ""event"": {""attendance"": null, ""away_coach_id"": 1587, ""away_score"": null, ""away_score_ht"": null, ""away_team"": ""Thailand"", ""away_team_id"": 718, ""current_minute"": null, ""event_date"": ""2026-06-09T11:35:00+00:00"", ""extra_time_score"": null, ""group_name"": null, ""head_to_head"": {""avg_total_goals"": 2.5, ""away_goals"": 2, ""away_win_rate"": 0.0, ""away_wins"": 0, ""draws"": 1, ""home_goals"": 3, ""home_win_rate"": 0.5, ""home_wins"": 1, ""recent_matches"": [{""away"": ""Thailand"", ""date"": ""2024-06-06T12:00:00+00:00"", ""home"": ""China"", ""score"": ""1-1""}, {""away"": ""China"", ""date"": ""2023-11-16T12:30:00+00:00"", ""home"": ""Thailand"", ""score"": ""1-2""}], ""total_matches"": 2}, ""highlights"": [], ""home_coach_id"": 699, ""home_score"": null, ""home_score_ht"": null, ""home_team"": ""China"", ""home_team_id"": 664, ""id"": 209432, ""is_local_derby"": false, ""is_neutral_ground"": false, ""league_id"": 31, ""live_websocket"": true, ""penalty_shootout"": null, ""period"": """", ""pitch_condition"": null, ""referee_id"": null, ""replaced_by"": null, ""round_name"": """", ""round_number"": null, ""season_id"": 133, ""status"": ""notstarted"", ""travel_distance_km"": null, ""venue_id"": 1244, ""weather"": {""code"": 0, ""description"": ""unknown"", ""temperature_c"": 21, ""wind_speed"": 3.0}}, ""metadata"": {""ai_preview"": {""generated_at"": ""2026-06-09T01:45:52.156024+00:00"", ""text"": ""**China host Thailand in a friendly that could go either way** — both sides are hovering around .500 form, and the previous meeting between them ended 1-1, so expect a cagey, evenly-matched 90 minutes. 🏟️\n\nChina's won two of their last three but also dropped games to tougher opposition; Thailand just beat Singapore 3-1 at home but can't seem to put a run together. Home advantage gives the hosts a slight edge, but Thailand's draw-heavy record suggests they'll set up defensively and make this a grind.\n\nKey storylines:\n\n- **China's midfield engine** in W. Shihao and S. Wang will need to control tempo — Thailand's defensive pairing of W. Pomphan and W. Choolthong is organized but not explosive\n- **Thailand's counter threat** through K. Kaman and T. Poeiphimai could punish China if they overcommit forward\n- **Hangzhou's home crowd** might matter more than the quality on the pitch; whoever settles first wins the mental edge\n\nExpected lineups:\n\n- **China**: H. Li, C. Zhu, H. Pengfei, Z. Wei, X. Y. Alex, W. Shihao, S. Wang, X. Wenneng, Z. Yuning, W. Yudong, W. Lei\n- **Thailand**: P. Khammai, S. Bureerat, N. Sayriya, M. Bihr, W. Choolthong, W. Pomphan, S. Yooyen, T. Dangda, K. Kaman, T. Poeiphimai, S. Sareepim\n\nPrediction:\n\n**1-1 draw** — slight lean toward Thailand grabbing a point on the road, but this screams coin flip. 🤝""}, ""event_id"": 209432, ""funfacts"": [{""sentence"": ""Thailand haven't lost in their last 6 games."", ""type_id"": 1}, {""sentence"": ""During the last 5 meetings with China playing at home, China have won 1 times, there have been 2 draws while Thailand have won 2 times. The goal difference is 10-8 in favour of Thailand."", ""type_id"": 6}], ""jerseys"": {""away"": {""GK"": {""base"": ""00385a"", ""number"": ""ffffff"", ""real"": true, ""sleeve"": ""001270"", ""type"": ""short_sleeves""}, ""player"": {""base"": ""0246f3"", ""number"": ""f7f3f3"", ""real"": true, ""sleeve"": ""0246f3"", ""sleevelong"": ""0246f3"", ""type"": ""short_sleeves""}}, ""home"": {""GK"": {""base"": ""76ff0d"", ""number"": ""ffffff"", ""real"": true, ""sleeve"": ""76ff0d"", ""type"": ""short_sleeves""}, ""player"": {""base"": ""fc2c2d"", ""number"": ""282828"", ""real"": true, ""sleeve"": ""ffde77"", ""sleevelong"": ""fc2c2d"", ""type"": ""short_sleeves""}}}}, ""odds"": {""event_id"": 209432, ""odds"": {""away_win"": null, ""btts_no"": null, ""btts_yes"": null, ""draw"": null, ""home_win"": null, ""over_15_goals"": null, ""over_25_goals"": null, ""over_35_goals"": null, ""under_15_goals"": null, ""under_25_goals"": null, ""under_35_goals"": null}}, ""odds_comparison"": {""away_team"": ""Thailand"", ""away_team_id"": 718, ""bookmakers_count"": 0, ""event_date"": ""2026-06-09T11:35:00Z"", ""event_id"": 209432, ""home_team"": ""China"", ""home_team_id"": 664, ""league_id"": 31, ""league_name"": ""International Friendly Games"", ""markets"": {}, ""total_odds"": 0}, ""prediction"": {""created_at"": ""2026-06-02T10:52:27Z"", ""event"": {""away_team"": ""Thailand"", ""away_team_id"": 718, ""event_date"": ""2026-06-09T11:35:00Z"", ""home_team"": ""China"", ""home_team_id"": 664, ""id"": 209432, ""league_id"": 31, ""league_name"": ""International Friendly Games"", ""status"": ""notstarted""}, ""id"": 4719, ""markets"": {""btts"": {""prob_yes"": 57.8}, ""expected_goals"": {""away"": 1.3, ""home"": 1.65}, ""match_result"": {""predicted"": ""D"", ""prob_away"": 29.7, ""prob_draw"": 38.7, ""prob_home"": 31.6}, ""over_under"": {""prob_over_15"": 74.4, ""prob_over_25"": 37.6, ""prob_over_35"": 23.4}, ""score"": {""most_likely"": ""1-1""}}, ""model"": {""confidence"": 0.3875, ""version"": ""v5.0""}, ""recommendations"": {""bet_favorite"": false, ""btts"": false, ""favorite"": ""H"", ""favorite_prob"": 31.6, ""over_15"": false, ""over_25"": false, ""over_35"": false, ""winner"": false}}, ""stats"": {""average_positions"": {}, ""event_id"": 209432, ""momentum"": [], ""shotmap"": [], ""stats"": {""away"": {""xg"": {""actual"": null}}, ""home"": {""xg"": {""actual"": null}}}, ""xg_per_minute"": []}}","{""bzzoiro_api_version"": ""v2"", ""bzzoiro_comparison_bridge_hints_added"": 0, ""bzzoiro_context_limit_removed"": true, ""bzzoiro_context_sources_used"": {""compact_odds"": true, ""metadata"": true, ""odds_flat_rows"": 0, ""prediction"": true, ""stats"": true}, ""bzzoiro_draw_probability"": 0.387, ""bzzoiro_event_id"": 209432, ""bzzoiro_is_local_derby"": false, ""bzzoiro_is_neutral_ground"": false, ""bzzoiro_match_quality"": ""exact"", ""bzzoiro_over25_probability"": 0.376, ""bzzoiro_prediction_confidence"": 0.3875, ""bzzoiro_status"": ""notstarted"", ""bzzoiro_travel_distance_km"": null, ""bzzoiro_v2_comparison_hints_added"": 0, ""bzzoiro_v2_odds_comparison_attached"": true, ""bzzoiro_v2_odds_comparison_event_id"": ""209432"", ""bzzoiro_v2_source_matrix_patch"": true, ""bzzoiro_weather"": {""code"": 0, ""description"": ""unknown"", ""temperature_c"": 21, ""wind_speed"": 3.0}, ""provider_metric_hints"": {""favorite"": ""H"", ""is_local_derby"": false, ""is_neutral_ground"": false, ""model_version"": ""v5.0"", ""prob_draw"": 0.387, ""prob_over_1_5"": 0.744, ""prob_over_2_5"": 0.376, ""prob_over_3_5"": 0.234, ""provider_confidence"": 0.3875, ""temperature_c"": 21.0, ""wind_speed"": 3.0}, ""provider_metric_hints_count"": 11, ""provider_odds_hints"": [], ""provider_odds_hints_count"": 0, ""source_tokens"": [""bzzoiro""]}",aba6b1b11d3da503c509fcfd37fdf91c0de9438b,1
soccer|china|thailand|2026-06-09,openligadb,fixture_results,2026-06-09T03:07:49.166670+00:00,,,58.52,"{""away_win_probability"": 0.2415, ""clubelo_draw_probability"": 0.2363, ""expected_away"": 0.972, ""expected_home"": 1.434, ""home_win_probability"": 0.5222}","{""away_rating"": {""Club"": ""Tondela"", ""Country"": ""POR"", ""Elo"": ""1399.9251709"", ""From"": ""2026-05-17"", ""Level"": ""1"", ""Rank"": ""None"", ""To"": ""2026-06-10""}, ""home_rating"": {""Club"": ""Mechelen"", ""Country"": ""BEL"", ""Elo"": ""1478.85217285"", ""From"": ""2026-05-25"", ""Level"": ""1"", ""Rank"": ""None"", ""To"": ""2026-06-10""}}","{""away_rating"": 1399.9, ""clubelo_away_elo"": 1399.9, ""clubelo_draw_probability"": 0.2363, ""clubelo_elo_diff_home_adv"": 133.9, ""clubelo_home_elo"": 1478.9, ""home_rating"": 1478.9}",2353ee1980680f20835318510a1d485bceb00a94,1
soccer|china|thailand|2026-06-09,sstats,xg_form,2026-06-09T03:07:49.166670+00:00,,,48.0,"{""away_win_probability"": 0.296560989280743, ""expected_away"": 1.3, ""expected_home"": 1.65, ""favorite_prob"": 0.3159483424500535, ""home_win_probability"": 0.3159483424500535, ""prob_btts_yes"": 0.5783430928626593, ""prob_draw"": 0.38749066826920353, ""prob_over_1_5"": 0.7436288570527039, ""prob_over_2_5"": 0.37603451021349005, ""prob_over_3_5"": 0.2337504429392604}","{""btts_recommend"": false, ""confidence"": 38.749066826920355, ""created_at"": ""2026-06-02T10:52:27.274381Z"", ""event"": {""actual_away_xg"": null, ""actual_home_xg"": null, ""ai_preview"": {""generated_at"": ""2026-06-09T01:45:52.156024+00:00"", ""text"": ""**China host Thailand in a friendly that could go either way** — both sides are hovering around .500 form, and the previous meeting between them ended 1-1, so expect a cagey, evenly-matched 90 minutes. 🏟️\n\nChina's won two of their last three but also dropped games to tougher opposition; Thailand just beat Singapore 3-1 at home but can't seem to put a run together. Home advantage gives the hosts a slight edge, but Thailand's draw-heavy record suggests they'll set up defensively and make this a grind.\n\nKey storylines:\n\n- **China's midfield engine** in W. Shihao and S. Wang will need to control tempo — Thailand's defensive pairing of W. Pomphan and W. Choolthong is organized but not explosive\n- **Thailand's counter threat** through K. Kaman and T. Poeiphimai could punish China if they overcommit forward\n- **Hangzhou's home crowd** might matter more than the quality on the pitch; whoever settles first wins the mental edge\n\nExpected lineups:\n\n- **China**: H. Li, C. Zhu, H. Pengfei, Z. Wei, X. Y. Alex, W. Shihao, S. Wang, X. Wenneng, Z. Yuning, W. Yudong, W. Lei\n- **Thailand**: P. Khammai, S. Bureerat, N. Sayriya, M. Bihr, W. Choolthong, W. Pomphan, S. Yooyen, T. Dangda, K. Kaman, T. Poeiphimai, S. Sareepim\n\nPrediction:\n\n**1-1 draw** — slight lean toward Thailand grabbing a point on the road, but this screams coin flip. 🤝""}, ""attendance"": null, ""average_positions"": null, ""away_coach"": {""country"": ""USA"", ""defensive_line"": """", ""id"": 1587, ""name"": ""Anthony Hudson"", ""preferred_formation"": ""4-2-3-1"", ""pressing_intensity"": null, ""profile"": ""balanced"", ""short_name"": ""A. Hudson"", ""top_styles"": []}, ""away_score"": null, ""away_score_ht"": null, ""away_team"": ""Thailand"", ""away_team_obj"": {""coach"": {""name"": ""Anthony Hudson"", ""shortName"": ""A. Hudson""}, ""country"": ""Thailand"", ""id"": 718, ""name"": ""Thailand"", ""short_name"": ""Thailand"", ""venue"": {""capacity"": 49722, ""city"": ""Bangkok"", ""country"": ""Thailand"", ""id"": 531, ""name"": ""Rajamangala National Stadium""}}, ""away_xg_live"": null, ""current_minute"": null, ""event_date"": ""2026-06-09T11:35:00Z"", ""extra_time_score"": null, ""funfacts"": [{""sentence"": ""Thailand haven't lost in their last 6 games."", ""type_id"": 1}, {""sentence"": ""During the last 5 meetings with China playing at home, China have won 1 times, there have been 2 draws while Thailand have won 2 times. The goal difference is 10-8 in favour of Thailand."", ""type_id"": 6}], ""group_name"": null, ""home_coach"": {""country"": ""China"", ""defensive_line"": """", ""id"": 699, ""name"": ""Shao Jiayi"", ""preferred_formation"": ""4-3-1-2"", ""pressing_intensity"": null, ""profile"": ""defensive"", ""short_name"": ""S. Jiayi"", ""top_styles"": []}, ""home_score"": null, ""home_score_ht"": null, ""home_team"": ""China"", ""home_team_obj"": {""coach"": {""name"": ""Shao Jiayi"", ""shortName"": ""S. Jiayi""}, ""country"": ""China"", ""id"": 664, ""name"": ""China"", ""short_name"": ""China"", ""venue"": null}, ""home_xg_live"": null, ""id"": 209432, ""incidents"": null, ""is_local_derby"": false, ""is_neutral_ground"": null, ""jerseys"": {""away"": {""GK"": {""base"": ""00385a"", ""number"": ""ffffff"", ""real"": true, ""sleeve"": ""001270"", ""type"": ""short_sleeves""}, ""player"": {""base"": ""0246f3"", ""number"": ""f7f3f3"", ""real"": true, ""sleeve"": ""0246f3"", ""sleevelong"": ""0246f3"", ""type"": ""short_sleeves""}}, ""home"": {""GK"": {""base"": ""76ff0d"", ""number"": ""ffffff"", ""real"": true, ""sleeve"": ""76ff0d"", ""type"": ""short_sleeves""}, ""player"": {""base"": ""fc2c2d"", ""number"": ""282828"", ""real"": true, ""sleeve"": ""ffde77"", ""sleevelong"": ""fc2c2d"", ""type"": ""short_sleeves""}}}, ""league"": {""country"": ""International"", ""current_season"": {""end_date"": ""2026-12-31"", ""id"": 133, ""name"": ""Int. Friendly Games 2026"", ""start_date"": ""2026-01-01"", ""year"": 2026}, ""id"": 31, ""is_women"": false, ""name"": ""International Friendly Games""}, ""lineups"": null, ""live_stats"": null, ""live_websocket"": true, ""momentum"": null, ""odds_away"": null, ""odds_btts_no"": null, ""odds_btts_yes"": null, ""odds_draw"": null, ""odds_home"": null, ""odds_over_15"": null, ""odds_over_25"": null, ""odds_over_35"": null, ""odds_under_15"": null, ""odds_under_25"": null, ""odds_under_35"": null, ""penalty_shootout"": null, ""period"": """", ""pitch_condition"": null, ""referee"": null, ""round_name"": """", ""round_number"": null, ""season"": {""id"": 133, ""name"": ""Int. Friendly Games 2026"", ""year"": 2026}, ""shotmap"": null, ""sr_stats"": null, ""status"": ""notstarted"", ""temperature_c"": 21, ""travel_distance_km"": null, ""unavailable_players"": null, ""venue"": {""built_year"": null, ""capacity"": 51000, ""city"": ""Hangzhou"", ""country"": ""China"", ""id"": 1244, ""latitude"": 30.2683, ""longitude"": 120.129, ""name"": ""Hangzhou Dragon Stadium"", ""pitch_x"": null, ""pitch_y"": null}, ""weather_code"": 0, ""wind_speed"": 3.0, ""xg_per_minute"": null}, ""expected_away_goals"": 1.3, ""expected_home_goals"": 1.65, ""favorite"": ""H"", ""favorite_prob"": 31.594834245005348, ""favorite_recommend"": false, ""id"": 4719, ""model_version"": ""v5.0"", ""most_likely_score"": ""1-1"", ""over_15_recommend"": false, ""over_25_recommend"": false, ""over_35_recommend"": false, ""predicted_result"": ""D"", ""prob_away_win"": 29.656098928074297, ""prob_btts_yes"": 57.83430928626593, ""prob_draw"": 38.749066826920355, ""prob_home_win"": 31.594834245005348, ""prob_over_15"": 74.36288570527039, ""prob_over_25"": 37.603451021349, ""prob_over_35"": 23.375044293926038, ""winner_recommend"": false}","{""favorite"": ""H"", ""favorite_prob"": 0.3159483424500535, ""match_quality"": ""exact"", ""model_version"": ""v5.0"", ""most_likely_score"": ""1-1"", ""prediction_age_hours"": 160.3, ""prediction_created_at"": ""2026-06-02T10:52:27.274381Z"", ""prob_btts_yes"": 0.5783430928626593, ""prob_draw"": 0.38749066826920353, ""prob_over_1_5"": 0.7436288570527039, ""prob_over_2_5"": 0.37603451021349005, ""prob_over_3_5"": 0.2337504429392604, ""provider_confidence"": 0.38749066826920353, ""provider_confidence_pct"": 38.749, ""provider_metric_hints"": {""expected_away_goals"": 1.3, ""expected_home_goals"": 1.65, ""expected_total_goals"": 2.95, ""favorite"": ""H"", ""is_local_derby"": false, ""model_version"": ""v5.0"", ""most_likely_score"": ""1-1"", ""prob_away_win"": 0.29656, ""prob_btts_yes"": 0.57834, ""prob_draw"": 0.38749, ""prob_home_win"": 0.31595, ""prob_over_1_5"": 0.74363, ""prob_over_2_5"": 0.37603, ""prob_over_3_5"": 0.23375, ""provider_confidence"": 0.38749066826920353, ""temperature_c"": 21.0, ""wind_speed"": 3.0}, ""provider_metric_hints_count"": 17, ""provider_odds_hints_count"": 0, ""sstats_deep_endpoint_count"": 3, ""sstats_deep_endpoints"": {""game_id"": ""4719"", ""glicko"": {""data"": null, ""message"": ""Для данного матча отсутствует Glicko аналитика"", ""status"": ""error"", ""traceId"": ""00-4d8929bc133087fbb785ceabaad13b50-452a2fc426f53d3c-00""}, ""injuries"": {""count"": 0, ""data"": [], ""status"": ""OK"", ""traceId"": ""00-7c6fc8c9cdb858a3605c64ef21e1e7dd-1dbcbd08e293abda-00""}, ""last_games_stats"": {""away"": {""avgCards"": null, ""avgCardsOpp"": null, ""avgConceded"": 1.160641, ""avgCorners"": null, ""avgCornersOpp"": null, ""avgDrawOdds"": 3.1273582, ""avgLoseOdds"": 3.2666197, ""avgOddsXg"": 1.094769, ""avgOddsXgConceded"": 0.92674524, ""avgOffsides"": null, ""avgOffsidesOpp"": null, ""avgOppShots"": null, ""avgScore"": 0.9597163, ""avgShots"": null, ""avgWinOdds"": 2.524519, ""draws"": 8, ""gamesCount"": 25, ""loses"": 10, ""maeOddsXg"": 0.13505268, ""maeOddsXgConceded"": 0.23389572, ""profits"": {""drawProfit"": -0.25000024, ""loseNoBet"": 5.2799993, ""loseOrDrawProfit"": 4.2400002, ""loseProfit"": 8.209999, ""winNoBet"": -4.11, ""winOrDrawProfit"": -3.67, ""winOrLoseProfit"": -1.7599998, ""winProfit"": -5.8300004}, ""rmseXg"": 1.1483129, ""rmseXgConceded"": 1.1072603, ""wins"": 7}, ""home"": {""avgCards"": null, ""avgCardsOpp"": null, ""avgConceded"": 1.3576767, ""avgCorners"": null, ""avgCornersOpp"": null, ""avgDrawOdds"": 3.3757653, ""avgLoseOdds"": 3.1283169, ""avgOddsXg"": 1.1757238, ""avgOddsXgConceded"": 1.0791445, ""avgOffsides"": null, ""avgOffsidesOpp"": null, ""avgOppShots"": null, ""avgScore"": 1.5495168, ""avgShots"": null, ""avgWinOdds"": 2.6953876, ""draws"": 6, ""gamesCount"": 25, ""loses"": 10, ""maeOddsXg"": 0.373793, ""maeOddsXgConceded"": 0.27853227, ""profits"": {""drawProfit"": -4, ""loseNoBet"": 5.4900002, ""loseOrDrawProfit"": 2.1699996, ""loseProfit"": 9.889999, ""winNoBet"": -3.14, ""winOrDrawProfit"": -2.7, ""winOrLoseProfit"": -0.029999852, ""winProfit"": -2.6}, ""rmseXg"": 1.5656911, ""rmseXgConceded"": 0.978297, ""wins"": 9}}}, ""sstats_mode"": ""bzzoiro_prediction""}",fe012fc5d0dceb62ef8de740dfd4e08bdb35258e,1
soccer|china|thailand|2026-06-09,thesportsdb,team_profile,2026-06-09T03:07:49.166670+00:00,,,57.0,"{""away_form"": 0.618, ""away_ppg"": 1.765, ""away_rank"": 4.0, ""away_win_probability"": 0.2757223529411764, ""expected_away"": 1.2864705882352943, ""expected_home"": 1.6541176470588235, ""home_form"": 0.665, ""home_ppg"": 1.918, ""home_win_probability"": 0.4922352941176471, ""thesportsdb_away_form_score"": 0.618, ""thesportsdb_away_ppg"": 1.765, ""thesportsdb_away_rank"": 4.0, ""thesportsdb_draw_probability"": 0.23204235294117648, ""thesportsdb_home_form_score"": 0.665, ""thesportsdb_home_ppg"": 1.918}","{""away_row"": {""dateUpdated"": ""2026-06-08 23:02:05"", ""idLeague"": ""4334"", ""idStanding"": ""9720667"", ""idTeam"": ""133713"", ""intDraw"": ""6"", ""intGoalDifference"": ""13"", ""intGoalsAgainst"": ""40"", ""intGoalsFor"": ""53"", ""intLoss"": ""10"", ""intPlayed"": ""34"", ""intPoints"": ""60"", ""intRank"": ""4"", ""intWin"": ""18"", ""strBadge"": ""https://r2.thesportsdb.com/images/media/team/badge/blk9771656932845.png/tiny"", ""strDescription"": ""Champions League Qualification"", ""strForm"": ""LLWWW"", ""strLeague"": ""French Ligue 1"", ""strSeason"": ""2025-2026"", ""strTeam"": ""Lyon""}, ""home_row"": {""intDraw"": ""5.2"", ""intGoalsAgainst"": ""37.2"", ""intGoalsFor"": ""61.6"", ""intLoss"": ""8.8"", ""intPlayed"": ""34.0"", ""intPoints"": ""65.2"", ""intWin"": ""20.0"", ""strTeam"": ""League Average""}}","{""away_form"": 0.618, ""away_ga_pg"": 1.176, ""away_gf_pg"": 1.559, ""away_ppg"": 1.765, ""away_rank"": 4.0, ""home_form"": 0.665, ""home_ga_pg"": 1.094, ""home_gf_pg"": 1.812, ""home_ppg"": 1.918, ""home_rank"": null, ""thesportsdb_away_form_score"": 0.618, ""thesportsdb_away_ga_pg"": 1.176, ""thesportsdb_away_gf_pg"": 1.559, ""thesportsdb_away_ppg"": 1.765, ""thesportsdb_away_rank"": 4.0, ""thesportsdb_draw_probability"": 0.23204235294117648, ""thesportsdb_home_form_score"": 0.665, ""thesportsdb_home_ga_pg"": 1.094, ""thesportsdb_home_gf_pg"": 1.812, ""thesportsdb_home_ppg"": 1.918, ""thesportsdb_home_rank"": null, ""thesportsdb_partial_context"": true}",1c2272a9a46a64a5ddef2917f5f05d2f63ea055b,1
soccer|ogooue|stade migoveen|2026-06-09,sstats,xg_form,2026-06-09T03:07:49.166670+00:00,,,65.0,"{""away_win_probability"": 0.447, ""expected_away"": 1.497, ""expected_home"": 1.032, ""home_win_probability"": 0.3082}","{""away_recent"": [{""goals_against"": 1.0, ""goals_for"": 2.0, ""home"": true, ""league"": ""Championnat D1"", ""opponent"": ""Stade Mandji"", ""opponent_key"": ""stade mandji"", ""start"": ""2026-06-06T14:30:00+00:00"", ""team"": ""Ogooue FC"", ""team_key"": ""ogooue""}, {""goals_against"": 1.0, ""goals_for"": 1.0, ""home"": false, ""league"": ""Championnat D1"", ""opponent"": ""Vautour Club"", ""opponent_key"": ""vautour"", ""start"": ""2026-06-02T14:30:00+00:00"", ""team"": ""Ogooue FC"", ""team_key"": ""ogooue""}, {""goals_against"": 2.0, ""goals_for"": 4.0, ""home"": true, ""league"": ""Championnat D1"", ""opponent"": ""US Oyem"", ""opponent_key"": ""us oyem"", ""start"": ""2026-05-30T15:00:00+00:00"", ""team"": ""Ogooue FC"", ""team_key"": ""ogooue""}, {""goals_against"": 2.0, ""goals_for"": 0.0, ""home"": false, ""league"": ""Championnat D1"", ""opponent"": ""Lozo"", ""opponent_key"": ""lozo"", ""start"": ""2026-05-27T14:30:00+00:00"", ""team"": ""Ogooue FC"", ""team_key"": ""ogooue""}, {""goals_against"": 1.0, ""goals_for"": 3.0, ""home"": true, ""league"": ""Championnat D1"", ""opponent"": ""Dikaki"", ""opponent_key"": ""dikaki"", ""start"": ""2026-05-23T14:30:00+00:00"", ""team"": ""Ogooue FC"", ""team_key"": ""ogooue""}, {""goals_against"": 2.0, ""goals_for"": 2.0, ""home"": true, ""league"": ""Championnat D1"", ""opponent"": ""Bouenguidi"", ""opponent_key"": ""bouenguidi"", ""start"": ""2026-05-20T14:30:00+00:00"", ""team"": ""Ogooue FC"", ""team_key"": ""ogooue""}, {""goals_against"": 2.0, ""goals_for"": 0.0, ""home"": false, ""league"": ""Championnat D1"", ""opponent"": ""Pélican"", ""opponent_key"": ""pelican"", ""start"": ""2026-05-16T14:30:00+00:00"", ""team"": ""Ogooue FC"", ""team_key"": ""ogooue""}, {""goals_against"": 0.0, ""goals_for"": 3.0, ""home"": false, ""league"": ""Championnat D1"", ""opponent"": ""Bitam"", ""opponent_key"": ""bitam"", ""start"": ""2026-05-09T14:30:00+00:00"", ""team"": ""Ogooue FC"", ""team_key"": ""ogooue""}, {""goals_against"": 0.0, ""goals_for"": 3.0, ""home"": true, ""league"": ""Championnat D1"", ""opponent"": ""Cercle Mbéri"", ""opponent_key"": ""cercle mberi"", ""start"": ""2026-05-05T14:30:00+00:00"", ""team"": ""Ogooue FC"", ""team_key"": ""ogooue""}, {""goals_against"": 1.0, ""goals_for"": 1.0, ""home"": false, ""league"": ""Championnat D1"", ""opponent"": ""Oyem AC"", ""opponent_key"": ""oyem"", ""start"": ""2026-05-02T14:30:00+00:00"", ""team"": ""Ogooue FC"", ""team_key"": ""ogooue""}], ""home_recent"": [{""goals_against"": 0.0, ""goals_for"": 0.0, ""home"": false, ""league"": ""Championnat D1"", ""opponent"": ""Bouenguidi"", ""opponent_key"": ""bouenguidi"", ""start"": ""2026-06-06T15:00:00+00:00"", ""team"": ""Stade Migoveen"", ""team_key"": ""stade migoveen""}, {""goals_against"": 2.0, ""goals_for"": 2.0, ""home"": true, ""league"": ""Championnat D1"", ""opponent"": ""Pélican"", ""opponent_key"": ""pelican"", ""start"": ""2026-06-03T15:00:00+00:00"", ""team"": ""Stade Migoveen"", ""team_key"": ""stade migoveen""}, {""goals_against"": 1.0, ""goals_for"": 1.0, ""home"": false, ""league"": ""Championnat D1"", ""opponent"": ""Bitam"", ""opponent_key"": ""bitam"", ""start"": ""2026-05-30T14:30:00+00:00"", ""team"": ""Stade Migoveen"", ""team_key"": ""stade migoveen""}, {""goals_against"": 0.0, ""goals_for"": 0.0, ""home"": true, ""league"": ""Championnat D1"", ""opponent"": ""Cercle Mbéri"", ""opponent_key"": ""cercle mberi"", ""start"": ""2026-05-26T14:30:00+00:00"", ""team"": ""Stade Migoveen"", ""team_key"": ""stade migoveen""}, {""goals_against"": 0.0, ""goals_for"": 0.0, ""home"": false, ""league"": ""Championnat D1"", ""opponent"": ""Oyem AC"", ""opponent_key"": ""oyem"", ""start"": ""2026-05-23T14:30:00+00:00"", ""team"": ""Stade Migoveen"", ""team_key"": ""stade migoveen""}, {""goals_against"": 3.0, ""goals_for"": 1.0, ""home"": true, ""league"": ""Championnat D1"", ""opponent"": ""FC 105"", ""opponent_key"": ""105"", ""start"": ""2026-05-20T14:30:00+00:00"", ""team"": ""Stade Migoveen"", ""team_key"": ""stade migoveen""}, {""goals_against"": 2.0, ""goals_for"": 1.0, ""home"": false, ""league"": ""Championnat D1"", ""opponent"": ""Mangasport"", ""opponent_key"": ""mangasport"", ""start"": ""2026-05-16T14:30:00+00:00"", ""team"": ""Stade Migoveen"", ""team_key"": ""stade migoveen""}, {""goals_against"": 2.0, ""goals_for"": 3.0, ""home"": false, ""league"": ""Championnat D1"", ""opponent"": ""Dikaki"", ""opponent_key"": ""dikaki"", ""start"": ""2026-05-10T14:30:00+00:00"", ""team"": ""Stade Migoveen"", ""team_key"": ""stade migoveen""}, {""goals_against"": 5.0, ""goals_for"": 0.0, ""home"": false, ""league"": ""Championnat D1"", ""opponent"": ""Stade Mandji"", ""opponent_key"": ""stade mandji"", ""start"": ""2026-05-05T14:30:00+00:00"", ""team"": ""Stade Migoveen"", ""team_key"": ""stade migoveen""}, {""goals_against"": 0.0, ""goals_for"": 1.0, ""home"": true, ""league"": ""Championnat D1"", ""opponent"": ""Vautour Club"", ""opponent_key"": ""vautour"", ""start"": ""2026-05-02T15:00:00+00:00"", ""team"": ""Stade Migoveen"", ""team_key"": ""stade migoveen""}], ""mode"": ""team_form""}","{""away_goals_against_avg"": 1.2, ""away_goals_for_avg"": 1.9, ""away_recent_count"": 10, ""away_team_key"": ""ogooue"", ""home_goals_against_avg"": 1.5, ""home_goals_for_avg"": 0.9, ""home_recent_count"": 10, ""home_team_key"": ""stade migoveen"", ""league_overlap_count"": 20, ""provider_odds_hints_count"": 0, ""sstats_mode"": ""team_form""}",9a3bbf913fcf44f4a376ea4accb3560a28ff50ae,1
soccer|livyi bereh kyiv|oleksandriya|2026-06-09,openligadb,fixture_results,2026-06-09T03:07:49.166670+00:00,,,56.37,"{""away_win_probability"": 0.3177, ""clubelo_draw_probability"": 0.2539, ""expected_away"": 1.038, ""expected_home"": 1.352, ""home_win_probability"": 0.4285}","{""away_rating"": {""Club"": ""Olexandriya"", ""Country"": ""UKR"", ""Elo"": ""1197.1862793"", ""From"": ""2026-05-24"", ""Level"": ""1"", ""Rank"": ""None"", ""To"": ""2026-06-09""}, ""home_rating"": {""Club"": ""Livyi Bereh"", ""Country"": ""UKR"", ""Elo"": ""1194.17749023"", ""From"": ""2026-06-09"", ""Level"": ""1"", ""Rank"": ""None"", ""To"": ""2026-06-09""}}","{""away_rating"": 1197.2, ""clubelo_away_elo"": 1197.2, ""clubelo_draw_probability"": 0.2539, ""clubelo_elo_diff_home_adv"": 52.0, ""clubelo_home_elo"": 1194.2, ""home_rating"": 1194.2}",3cb9d086e42fcf2f2ac22fc8fad28e90006ed979,1
soccer|livyi bereh kyiv|oleksandriya|2026-06-09,sstats,xg_form,2026-06-09T03:07:49.166670+00:00,,,65.0,"{""away_win_probability"": 0.2707, ""expected_away"": 0.996, ""expected_home"": 1.863, ""home_win_probability"": 0.5064}","{""away_recent"": [{""goals_against"": 1.0, ""goals_for"": 1.0, ""home"": true, ""league"": ""Premier League"", ""opponent"": ""Kryvbas KR"", ""opponent_key"": ""kryvbas kr"", ""start"": ""2026-05-23T10:00:00+00:00"", ""team"": ""Oleksandria"", ""team_key"": ""oleksandria""}, {""goals_against"": 1.0, ""goals_for"": 3.0, ""home"": false, ""league"": ""Premier League"", ""opponent"": ""Ruh Lviv"", ""opponent_key"": ""ruh lviv"", ""start"": ""2026-05-17T10:00:00+00:00"", ""team"": ""Oleksandria"", ""team_key"": ""oleksandria""}, {""goals_against"": 2.0, ""goals_for"": 1.0, ""home"": true, ""league"": ""Premier League"", ""opponent"": ""Zorya Luhansk"", ""opponent_key"": ""zorya luhansk"", ""start"": ""2026-05-12T10:00:00+00:00"", ""team"": ""Oleksandria"", ""team_key"": ""oleksandria""}, {""goals_against"": 3.0, ""goals_for"": 0.0, ""home"": true, ""league"": ""Premier League"", ""opponent"": ""Kolos Kovalivka"", ""opponent_key"": ""kolos kovalivka"", ""start"": ""2026-05-02T10:00:00+00:00"", ""team"": ""Oleksandria"", ""team_key"": ""oleksandria""}, {""goals_against"": 1.0, ""goals_for"": 1.0, ""home"": false, ""league"": ""Premier League"", ""opponent"": ""Epitsentr Dunayivtsi"", ""opponent_key"": ""epitsentr dunayivtsi"", ""start"": ""2026-04-27T10:00:00+00:00"", ""team"": ""Oleksandria"", ""team_key"": ""oleksandria""}, {""goals_against"": 8.0, ""goals_for"": 1.0, ""home"": false, ""league"": ""U19 League"", ""opponent"": ""Rukh Vynnyky U19"", ""opponent_key"": ""rukh vynnyky"", ""start"": ""2026-05-16T10:00:00+00:00"", ""team"": ""Oleksandria U19"", ""team_key"": ""oleksandria""}, {""goals_against"": 1.0, ""goals_for"": 0.0, ""home"": true, ""league"": ""U19 League"", ""opponent"": ""Zorya Luhansk U19"", ""opponent_key"": ""zorya luhansk"", ""start"": ""2026-05-11T09:00:00+00:00"", ""team"": ""Oleksandria U19"", ""team_key"": ""oleksandria""}, {""goals_against"": 3.0, ""goals_for"": 1.0, ""home"": false, ""league"": ""U19 League"", ""opponent"": ""Zhytomyr U19"", ""opponent_key"": ""zhytomyr"", ""start"": ""2026-05-07T10:00:00+00:00"", ""team"": ""Oleksandria U19"", ""team_key"": ""oleksandria""}, {""goals_against"": 1.0, ""goals_for"": 2.0, ""home"": false, ""league"": ""U19 League"", ""opponent"": ""Epitsentr U19"", ""opponent_key"": ""epitsentr"", ""start"": ""2026-04-26T09:00:00+00:00"", ""team"": ""Oleksandria U19"", ""team_key"": ""oleksandria""}], ""home_recent"": [{""goals_against"": 1.0, ""goals_for"": 3.0, ""home"": false, ""league"": ""Persha Liga"", ""opponent"": ""Inhulets"", ""opponent_key"": ""inhulets"", ""start"": ""2026-06-01T10:00:00+00:00"", ""team"": ""Livyi Bereh"", ""team_key"": ""livyi bereh""}, {""goals_against"": 0.0, ""goals_for"": 0.0, ""home"": false, ""league"": ""Persha Liga"", ""opponent"": ""Chornomorets"", ""opponent_key"": ""chornomorets"", ""start"": ""2026-05-16T13:30:00+00:00"", ""team"": ""Livyi Bereh"", ""team_key"": ""livyi bereh""}, {""goals_against"": 0.0, ""goals_for"": 1.0, ""home"": false, ""league"": ""Persha Liga"", ""opponent"": ""Vorskla Poltava"", ""opponent_key"": ""vorskla poltava"", ""start"": ""2026-05-03T10:00:00+00:00"", ""team"": ""Livyi Bereh"", ""team_key"": ""livyi bereh""}], ""mode"": ""team_form""}","{""away_goals_against_avg"": 2.333, ""away_goals_for_avg"": 1.111, ""away_recent_count"": 9, ""away_team_key"": ""oleksandria"", ""home_goals_against_avg"": 0.333, ""home_goals_for_avg"": 1.333, ""home_recent_count"": 3, ""home_team_key"": ""livyi bereh"", ""league_overlap_count"": 5, ""provider_odds_hints_count"": 0, ""sstats_mode"": ""team_form""}",e8a20290e7ead723e868aee4470927dcb3db4e79,1
soccer|myanmar w|thailand w|2026-06-09,openligadb,fixture_results,2026-06-09T03:07:49.166670+00:00,,,61.12,"{""away_win_probability"": 0.6217, ""clubelo_draw_probability"": 0.2152, ""expected_away"": 1.268, ""expected_home"": 1.068, ""home_win_probability"": 0.1631}","{""away_rating"": {""Club"": ""Midtjylland"", ""Country"": ""DEN"", ""Elo"": ""1687.3840332"", ""From"": ""2026-05-24"", ""Level"": ""1"", ""Rank"": ""59"", ""To"": ""2026-06-10""}, ""home_rating"": {""Club"": ""Mantova"", ""Country"": ""ITA"", ""Elo"": ""1399.96459961"", ""From"": ""2026-05-09"", ""Level"": ""2"", ""Rank"": ""None"", ""To"": ""2026-06-10""}}","{""away_rating"": 1687.4, ""clubelo_away_elo"": 1687.4, ""clubelo_draw_probability"": 0.2152, ""clubelo_elo_diff_home_adv"": -232.4, ""clubelo_home_elo"": 1400.0, ""home_rating"": 1400.0}",63b8b42ca1d0a62123c48be4903abc9acc8ce007,1
soccer|myanmar w|thailand w|2026-06-09,sstats,xg_form,2026-06-09T03:07:49.166670+00:00,,,65.0,"{""away_win_probability"": 0.2635, ""expected_away"": 0.812, ""expected_home"": 1.449, ""home_win_probability"": 0.4702}","{""away_recent"": [{""goals_against"": 0.0, ""goals_for"": 1.0, ""home"": true, ""league"": ""Friendlies Women"", ""opponent"": ""Uzbekistan W"", ""opponent_key"": ""uzbekistan w"", ""start"": ""2026-06-06T10:30:00+00:00"", ""team"": ""Thailand W"", ""team_key"": ""thailand w""}, {""goals_against"": 6.0, ""goals_for"": 0.0, ""home"": false, ""league"": ""AFC U17 Asian Cup - Women"", ""opponent"": ""North Korea U17 W"", ""opponent_key"": ""north korea w"", ""start"": ""2026-05-11T11:30:00+00:00"", ""team"": ""Thailand U17 W"", ""team_key"": ""thailand w""}, {""goals_against"": 6.0, ""goals_for"": 0.0, ""home"": false, ""league"": ""AFC U17 Asian Cup - Women"", ""opponent"": ""China PR U17 W"", ""opponent_key"": ""china pr w"", ""start"": ""2026-05-07T11:30:00+00:00"", ""team"": ""Thailand U17 W"", ""team_key"": ""thailand w""}, {""goals_against"": 0.0, ""goals_for"": 1.0, ""home"": false, ""league"": ""AFC U17 Asian Cup - Women"", ""opponent"": ""Myanmar U17 W"", ""opponent_key"": ""myanmar w"", ""start"": ""2026-05-04T07:30:00+00:00"", ""team"": ""Thailand U17 W"", ""team_key"": ""thailand w""}], ""home_recent"": [{""goals_against"": 1.0, ""goals_for"": 0.0, ""home"": true, ""league"": ""Friendlies Women"", ""opponent"": ""Uzbekistan W"", ""opponent_key"": ""uzbekistan w"", ""start"": ""2026-06-03T10:30:00+00:00"", ""team"": ""Myanmar W"", ""team_key"": ""myanmar w""}, {""goals_against"": 2.0, ""goals_for"": 1.0, ""home"": false, ""league"": ""AFC U17 Asian Cup - Women"", ""opponent"": ""Vietnam U17 W"", ""opponent_key"": ""vietnam w"", ""start"": ""2026-05-07T11:30:00+00:00"", ""team"": ""Myanmar U17 W"", ""team_key"": ""myanmar w""}, {""goals_against"": 1.0, ""goals_for"": 0.0, ""home"": true, ""league"": ""AFC U17 Asian Cup - Women"", ""opponent"": ""Thailand U17 W"", ""opponent_key"": ""thailand w"", ""start"": ""2026-05-04T07:30:00+00:00"", ""team"": ""Myanmar U17 W"", ""team_key"": ""myanmar w""}], ""mode"": ""team_form""}","{""away_goals_against_avg"": 3.0, ""away_goals_for_avg"": 0.5, ""away_recent_count"": 4, ""away_team_key"": ""thailand w"", ""home_goals_against_avg"": 1.333, ""home_goals_for_avg"": 0.333, ""home_recent_count"": 3, ""home_team_key"": ""myanmar w"", ""league_overlap_count"": 2, ""provider_odds_hints_count"": 0, ""sstats_mode"": ""team_form""}",90e553af59798e2d66cb700ea068d998ff09886b,1
soccer|al ahli wad medani|al hilal port sudan|2026-06-09,sstats,xg_form,2026-06-09T03:07:49.166670+00:00,,,65.0,"{""away_win_probability"": 0.3263, ""expected_away"": 0.887, ""expected_home"": 1.01, ""home_win_probability"": 0.3718}","{""away_recent"": [{""goals_against"": 2.0, ""goals_for"": 0.0, ""home"": false, ""league"": ""Sudani Premier League"", ""opponent"": ""Al-Hilal Omdurman II"", ""opponent_key"": ""al hilal omdurman 2"", ""start"": ""2026-06-02T13:45:00+00:00"", ""team"": ""Al Ahli Wad Medani"", ""team_key"": ""al ahli wad medani""}, {""goals_against"": 0.0, ""goals_for"": 2.0, ""home"": true, ""league"": ""Sudani Premier League"", ""opponent"": ""Al Fallah"", ""opponent_key"": ""al fallah"", ""start"": ""2026-05-24T13:45:00+00:00"", ""team"": ""Al Ahli Wad Medani"", ""team_key"": ""al ahli wad medani""}, {""goals_against"": 0.0, ""goals_for"": 2.0, ""home"": false, ""league"": ""Sudani Premier League"", ""opponent"": ""Hilal El-Fasher"", ""opponent_key"": ""hilal el fasher"", ""start"": ""2026-05-19T13:45:00+00:00"", ""team"": ""Al Ahli Wad Medani"", ""team_key"": ""al ahli wad medani""}], ""home_recent"": [{""goals_against"": 1.0, ""goals_for"": 0.0, ""home"": true, ""league"": ""Sudani Premier League"", ""opponent"": ""Al-Merreikh II"", ""opponent_key"": ""al merreikh 2"", ""start"": ""2026-06-06T13:45:00+00:00"", ""team"": ""Al Hilal Port Sudan"", ""team_key"": ""al hilal port sudan""}, {""goals_against"": 0.0, ""goals_for"": 2.0, ""home"": true, ""league"": ""Sudani Premier League"", ""opponent"": ""Umm Mughad"", ""opponent_key"": ""umm mughad"", ""start"": ""2026-06-01T13:45:00+00:00"", ""team"": ""Al Hilal Port Sudan"", ""team_key"": ""al hilal port sudan""}, {""goals_against"": 3.0, ""goals_for"": 1.0, ""home"": false, ""league"": ""Sudani Premier League"", ""opponent"": ""Al-Hilal Omdurman II"", ""opponent_key"": ""al hilal omdurman 2"", ""start"": ""2026-05-28T13:45:00+00:00"", ""team"": ""Al Hilal Port Sudan"", ""team_key"": ""al hilal port sudan""}, {""goals_against"": 0.0, ""goals_for"": 2.0, ""home"": false, ""league"": ""Sudani Premier League"", ""opponent"": ""Hay Al Wadi"", ""opponent_key"": ""hay al wadi"", ""start"": ""2026-05-23T13:45:00+00:00"", ""team"": ""Al Hilal Port Sudan"", ""team_key"": ""al hilal port sudan""}, {""goals_against"": 0.0, ""goals_for"": 3.0, ""home"": false, ""league"": ""Sudani Premier League"", ""opponent"": ""Al Fallah"", ""opponent_key"": ""al fallah"", ""start"": ""2026-05-20T13:45:00+00:00"", ""team"": ""Al Hilal Port Sudan"", ""team_key"": ""al hilal port sudan""}, {""goals_against"": 0.0, ""goals_for"": 0.0, ""home"": true, ""league"": ""Sudani Premier League"", ""opponent"": ""Hilal El-Fasher"", ""opponent_key"": ""hilal el fasher"", ""start"": ""2026-05-16T13:45:00+00:00"", ""team"": ""Al Hilal Port Sudan"", ""team_key"": ""al hilal port sudan""}], ""mode"": ""team_form""}","{""away_goals_against_avg"": 0.667, ""away_goals_for_avg"": 1.333, ""away_recent_count"": 3, ""away_team_key"": ""al ahli wad medani"", ""home_goals_against_avg"": 0.667, ""home_goals_for_avg"": 1.333, ""home_recent_count"": 6, ""home_team_key"": ""al hilal port sudan"", ""league_overlap_count"": 9, ""provider_odds_hints_count"": 0, ""sstats_mode"": ""team_form""}",cad32ec6ed905d2163fa0e0650300939a3b6c4c1,1
soccer|aduana|basake holy stars|2026-06-09,sstats,xg_form,2026-06-09T03:07:49.166670+00:00,,,65.0,"{""away_win_probability"": 0.3359, ""expected_away"": 1.109, ""expected_home"": 1.372, ""home_win_probability"": 0.4157}","{""away_recent"": [{""goals_against"": 3.0, ""goals_for"": 0.0, ""home"": false, ""league"": ""Premier League"", ""opponent"": ""Vision"", ""opponent_key"": ""vision"", ""start"": ""2026-05-24T15:00:00+00:00"", ""team"": ""Aduana Stars"", ""team_key"": ""aduana stars""}, {""goals_against"": 1.0, ""goals_for"": 3.0, ""home"": true, ""league"": ""Premier League"", ""opponent"": ""Young Apostles"", ""opponent_key"": ""young apostles"", ""start"": ""2026-05-17T15:00:00+00:00"", ""team"": ""Aduana Stars"", ""team_key"": ""aduana stars""}, {""goals_against"": 0.0, ""goals_for"": 0.0, ""home"": false, ""league"": ""Premier League"", ""opponent"": ""Hearts of Oak"", ""opponent_key"": ""hearts of oak"", ""start"": ""2026-05-10T15:00:00+00:00"", ""team"": ""Aduana Stars"", ""team_key"": ""aduana stars""}, {""goals_against"": 2.0, ""goals_for"": 0.0, ""home"": false, ""league"": ""Premier League"", ""opponent"": ""Basake Holy Stars"", ""opponent_key"": ""basake holy stars"", ""start"": ""2026-05-06T15:00:00+00:00"", ""team"": ""Aduana Stars"", ""team_key"": ""aduana stars""}, {""goals_against"": 0.0, ""goals_for"": 0.0, ""home"": true, ""league"": ""Premier League"", ""opponent"": ""Heart of Lions"", ""opponent_key"": ""heart of lions"", ""start"": ""2026-05-03T15:00:00+00:00"", ""team"": ""Aduana Stars"", ""team_key"": ""aduana stars""}], ""home_recent"": [{""goals_against"": 2.0, ""goals_for"": 1.0, ""home"": false, ""league"": ""Friendlies Clubs"", ""opponent"": ""Medeama"", ""opponent_key"": ""medeama"", ""start"": ""2026-05-27T17:00:00+00:00"", ""team"": ""Basake Holy Stars"", ""team_key"": ""basake holy stars""}, {""goals_against"": 4.0, ""goals_for"": 1.0, ""home"": true, ""league"": ""Premier League"", ""opponent"": ""Dreams"", ""opponent_key"": ""dreams"", ""start"": ""2026-05-24T15:00:00+00:00"", ""team"": ""Basake Holy Stars"", ""team_key"": ""basake holy stars""}, {""goals_against"": 0.0, ""goals_for"": 3.0, ""home"": false, ""league"": ""Premier League"", ""opponent"": ""Hohoe United"", ""opponent_key"": ""hohoe united"", ""start"": ""2026-05-17T15:00:00+00:00"", ""team"": ""Basake Holy Stars"", ""team_key"": ""basake holy stars""}, {""goals_against"": 1.0, ""goals_for"": 0.0, ""home"": true, ""league"": ""Premier League"", ""opponent"": ""Medeama"", ""opponent_key"": ""medeama"", ""start"": ""2026-05-10T15:00:00+00:00"", ""team"": ""Basake Holy Stars"", ""team_key"": ""basake holy stars""}, {""goals_against"": 0.0, ""goals_for"": 2.0, ""home"": true, ""league"": ""Premier League"", ""opponent"": ""Aduana Stars"", ""opponent_key"": ""aduana stars"", ""start"": ""2026-05-06T15:00:00+00:00"", ""team"": ""Basake Holy Stars"", ""team_key"": ""basake holy stars""}, {""goals_against"": 3.0, ""goals_for"": 1.0, ""home"": false, ""league"": ""Premier League"", ""opponent"": ""Samartex"", ""opponent_key"": ""samartex"", ""start"": ""2026-05-03T15:00:00+00:00"", ""team"": ""Basake Holy Stars"", ""team_key"": ""basake holy stars""}], ""mode"": ""team_form""}","{""away_goals_against_avg"": 1.2, ""away_goals_for_avg"": 0.6, ""away_recent_count"": 5, ""away_team_key"": ""aduana stars"", ""home_goals_against_avg"": 1.667, ""home_goals_for_avg"": 1.333, ""home_recent_count"": 6, ""home_team_key"": ""basake holy stars"", ""league_overlap_count"": 0, ""provider_odds_hints_count"": 0, ""sstats_mode"": ""team_form""}",7875fa87d75ba960e2ea38d57da93f9a1a13de4b,1
soccer|aduana|basake holy stars|2026-06-09,weather,weather,2026-06-09T03:07:49.166670+00:00,,,65.0,"{""away_win_probability"": 0.3359, ""expected_away"": 1.109, ""expected_home"": 1.372, ""home_win_probability"": 0.4157, ""weather_adjustment_applied"": false, ""weather_adjustment_reasons"": [], ""weather_away_team"": ""Aduana FC"", ""weather_city"": ""Basake"", ""weather_condition"": ""Partly Cloudy"", ""weather_context_applied"": true, ""weather_country"": ""Ghana"", ""weather_home_team"": ""Basake Holy Stars"", ""weather_precip_mm"": 0.0, ""weather_query"": ""Basake Holy Stars"", ""weather_source"": ""weatherapi"", ""weather_temp_c"": 27.5, ""weather_total_factor"": 1.0, ""weather_wind_kph"": 14.8}","{""away_recent"": [{""goals_against"": 3.0, ""goals_for"": 0.0, ""home"": false, ""league"": ""Premier League"", ""opponent"": ""Vision"", ""opponent_key"": ""vision"", ""start"": ""2026-05-24T15:00:00+00:00"", ""team"": ""Aduana Stars"", ""team_key"": ""aduana stars""}, {""goals_against"": 1.0, ""goals_for"": 3.0, ""home"": true, ""league"": ""Premier League"", ""opponent"": ""Young Apostles"", ""opponent_key"": ""young apostles"", ""start"": ""2026-05-17T15:00:00+00:00"", ""team"": ""Aduana Stars"", ""team_key"": ""aduana stars""}, {""goals_against"": 0.0, ""goals_for"": 0.0, ""home"": false, ""league"": ""Premier League"", ""opponent"": ""Hearts of Oak"", ""opponent_key"": ""hearts of oak"", ""start"": ""2026-05-10T15:00:00+00:00"", ""team"": ""Aduana Stars"", ""team_key"": ""aduana stars""}, {""goals_against"": 2.0, ""goals_for"": 0.0, ""home"": false, ""league"": ""Premier League"", ""opponent"": ""Basake Holy Stars"", ""opponent_key"": ""basake holy stars"", ""start"": ""2026-05-06T15:00:00+00:00"", ""team"": ""Aduana Stars"", ""team_key"": ""aduana stars""}, {""goals_against"": 0.0, ""goals_for"": 0.0, ""home"": true, ""league"": ""Premier League"", ""opponent"": ""Heart of Lions"", ""opponent_key"": ""heart of lions"", ""start"": ""2026-05-03T15:00:00+00:00"", ""team"": ""Aduana Stars"", ""team_key"": ""aduana stars""}], ""home_recent"": [{""goals_against"": 2.0, ""goals_for"": 1.0, ""home"": false, ""league"": ""Friendlies Clubs"", ""opponent"": ""Medeama"", ""opponent_key"": ""medeama"", ""start"": ""2026-05-27T17:00:00+00:00"", ""team"": ""Basake Holy Stars"", ""team_key"": ""basake holy stars""}, {""goals_against"": 4.0, ""goals_for"": 1.0, ""home"": true, ""league"": ""Premier League"", ""opponent"": ""Dreams"", ""opponent_key"": ""dreams"", ""start"": ""2026-05-24T15:00:00+00:00"", ""team"": ""Basake Holy Stars"", ""team_key"": ""basake holy stars""}, {""goals_against"": 0.0, ""goals_for"": 3.0, ""home"": false, ""league"": ""Premier League"", ""opponent"": ""Hohoe United"", ""opponent_key"": ""hohoe united"", ""start"": ""2026-05-17T15:00:00+00:00"", ""team"": ""Basake Holy Stars"", ""team_key"": ""basake holy stars""}, {""goals_against"": 1.0, ""goals_for"": 0.0, ""home"": true, ""league"": ""Premier League"", ""opponent"": ""Medeama"", ""opponent_key"": ""medeama"", ""start"": ""2026-05-10T15:00:00+00:00"", ""team"": ""Basake Holy Stars"", ""team_key"": ""basake holy stars""}, {""goals_against"": 0.0, ""goals_for"": 2.0, ""home"": true, ""league"": ""Premier League"", ""opponent"": ""Aduana Stars"", ""opponent_key"": ""aduana stars"", ""start"": ""2026-05-06T15:00:00+00:00"", ""team"": ""Basake Holy Stars"", ""team_key"": ""basake holy stars""}, {""goals_against"": 3.0, ""goals_for"": 1.0, ""home"": false, ""league"": ""Premier League"", ""opponent"": ""Samartex"", ""opponent_key"": ""samartex"", ""start"": ""2026-05-03T15:00:00+00:00"", ""team"": ""Basake Holy Stars"", ""team_key"": ""basake holy stars""}], ""mode"": ""team_form""}","{""away_goals_against_avg"": 1.2, ""away_goals_for_avg"": 0.6, ""away_recent_count"": 5, ""away_team_key"": ""aduana stars"", ""home_goals_against_avg"": 1.667, ""home_goals_for_avg"": 1.333, ""home_recent_count"": 6, ""home_team_key"": ""basake holy stars"", ""league_overlap_count"": 0, ""merged_sources"": [""sstats_form""], ""provider_odds_hints_count"": 0, ""sstats_mode"": ""team_form"", ""weather_adjustment_applied"": false, ""weather_adjustment_reasons"": [], ""weather_away_team"": ""Aduana FC"", ""weather_city"": ""Basake"", ""weather_condition"": ""Partly Cloudy"", ""weather_context_applied"": true, ""weather_country"": ""Ghana"", ""weather_home_team"": ""Basake Holy Stars"", ""weather_precip_mm"": 0.0, ""weather_query"": ""Basake Holy Stars"", ""weather_source"": ""weatherapi"", ""weather_temp_c"": 27.5, ""weather_total_factor"": 1.0, ""weather_wind_kph"": 14.8}",8f5aa5117603cd9878bcfd2dd24d35c4ccc0b755,1
soccer|china pr|tajikistan|2026-06-09,bzzoiro,xg_prediction,2026-06-09T03:07:49.166670+00:00,,,64.1,"{""away_win_probability"": 0.297, ""bzzoiro_draw_probability"": 0.387, ""bzzoiro_over25_probability"": 0.376, ""bzzoiro_weather"": {""code"": 0, ""description"": ""unknown"", ""temperature_c"": 21, ""wind_speed"": 3.0}, ""expected_away"": 1.3, ""expected_home"": 1.65, ""home_win_probability"": 0.316}","{""comparison"": {""away_team"": ""Thailand"", ""away_team_id"": 718, ""bookmakers_count"": 0, ""event_date"": ""2026-06-09T11:35:00Z"", ""event_id"": 209432, ""home_team"": ""China"", ""home_team_id"": 664, ""league_id"": 31, ""league_name"": ""International Friendly Games"", ""markets"": {}, ""total_odds"": 0}, ""event"": {""attendance"": null, ""away_coach_id"": 1587, ""away_score"": null, ""away_score_ht"": null, ""away_team"": ""Thailand"", ""away_team_id"": 718, ""current_minute"": null, ""event_date"": ""2026-06-09T11:35:00+00:00"", ""extra_time_score"": null, ""group_name"": null, ""head_to_head"": {""avg_total_goals"": 2.5, ""away_goals"": 2, ""away_win_rate"": 0.0, ""away_wins"": 0, ""draws"": 1, ""home_goals"": 3, ""home_win_rate"": 0.5, ""home_wins"": 1, ""recent_matches"": [{""away"": ""Thailand"", ""date"": ""2024-06-06T12:00:00+00:00"", ""home"": ""China"", ""score"": ""1-1""}, {""away"": ""China"", ""date"": ""2023-11-16T12:30:00+00:00"", ""home"": ""Thailand"", ""score"": ""1-2""}], ""total_matches"": 2}, ""highlights"": [], ""home_coach_id"": 699, ""home_score"": null, ""home_score_ht"": null, ""home_team"": ""China"", ""home_team_id"": 664, ""id"": 209432, ""is_local_derby"": false, ""is_neutral_ground"": false, ""league_id"": 31, ""live_websocket"": true, ""penalty_shootout"": null, ""period"": """", ""pitch_condition"": null, ""referee_id"": null, ""replaced_by"": null, ""round_name"": """", ""round_number"": null, ""season_id"": 133, ""status"": ""notstarted"", ""travel_distance_km"": null, ""venue_id"": 1244, ""weather"": {""code"": 0, ""description"": ""unknown"", ""temperature_c"": 21, ""wind_speed"": 3.0}}, ""metadata"": {""ai_preview"": {""generated_at"": ""2026-06-09T01:45:52.156024+00:00"", ""text"": ""**China host Thailand in a friendly that could go either way** — both sides are hovering around .500 form, and the previous meeting between them ended 1-1, so expect a cagey, evenly-matched 90 minutes. 🏟️\n\nChina's won two of their last three but also dropped games to tougher opposition; Thailand just beat Singapore 3-1 at home but can't seem to put a run together. Home advantage gives the hosts a slight edge, but Thailand's draw-heavy record suggests they'll set up defensively and make this a grind.\n\nKey storylines:\n\n- **China's midfield engine** in W. Shihao and S. Wang will need to control tempo — Thailand's defensive pairing of W. Pomphan and W. Choolthong is organized but not explosive\n- **Thailand's counter threat** through K. Kaman and T. Poeiphimai could punish China if they overcommit forward\n- **Hangzhou's home crowd** might matter more than the quality on the pitch; whoever settles first wins the mental edge\n\nExpected lineups:\n\n- **China**: H. Li, C. Zhu, H. Pengfei, Z. Wei, X. Y. Alex, W. Shihao, S. Wang, X. Wenneng, Z. Yuning, W. Yudong, W. Lei\n- **Thailand**: P. Khammai, S. Bureerat, N. Sayriya, M. Bihr, W. Choolthong, W. Pomphan, S. Yooyen, T. Dangda, K. Kaman, T. Poeiphimai, S. Sareepim\n\nPrediction:\n\n**1-1 draw** — slight lean toward Thailand grabbing a point on the road, but this screams coin flip. 🤝""}, ""event_id"": 209432, ""funfacts"": [{""sentence"": ""Thailand haven't lost in their last 6 games."", ""type_id"": 1}, {""sentence"": ""During the last 5 meetings with China playing at home, China have won 1 times, there have been 2 draws while Thailand have won 2 times. The goal difference is 10-8 in favour of Thailand."", ""type_id"": 6}], ""jerseys"": {""away"": {""GK"": {""base"": ""00385a"", ""number"": ""ffffff"", ""real"": true, ""sleeve"": ""001270"", ""type"": ""short_sleeves""}, ""player"": {""base"": ""0246f3"", ""number"": ""f7f3f3"", ""real"": true, ""sleeve"": ""0246f3"", ""sleevelong"": ""0246f3"", ""type"": ""short_sleeves""}}, ""home"": {""GK"": {""base"": ""76ff0d"", ""number"": ""ffffff"", ""real"": true, ""sleeve"": ""76ff0d"", ""type"": ""short_sleeves""}, ""player"": {""base"": ""fc2c2d"", ""number"": ""282828"", ""real"": true, ""sleeve"": ""ffde77"", ""sleevelong"": ""fc2c2d"", ""type"": ""short_sleeves""}}}}, ""odds"": {""event_id"": 209432, ""odds"": {""away_win"": null, ""btts_no"": null, ""btts_yes"": null, ""draw"": null, ""home_win"": null, ""over_15_goals"": null, ""over_25_goals"": null, ""over_35_goals"": null, ""under_15_goals"": null, ""under_25_goals"": null, ""under_35_goals"": null}}, ""odds_comparison"": {""away_team"": ""Thailand"", ""away_team_id"": 718, ""bookmakers_count"": 0, ""event_date"": ""2026-06-09T11:35:00Z"", ""event_id"": 209432, ""home_team"": ""China"", ""home_team_id"": 664, ""league_id"": 31, ""league_name"": ""International Friendly Games"", ""markets"": {}, ""total_odds"": 0}, ""prediction"": {""created_at"": ""2026-06-02T10:52:27Z"", ""event"": {""away_team"": ""Thailand"", ""away_team_id"": 718, ""event_date"": ""2026-06-09T11:35:00Z"", ""home_team"": ""China"", ""home_team_id"": 664, ""id"": 209432, ""league_id"": 31, ""league_name"": ""International Friendly Games"", ""status"": ""notstarted""}, ""id"": 4719, ""markets"": {""btts"": {""prob_yes"": 57.8}, ""expected_goals"": {""away"": 1.3, ""home"": 1.65}, ""match_result"": {""predicted"": ""D"", ""prob_away"": 29.7, ""prob_draw"": 38.7, ""prob_home"": 31.6}, ""over_under"": {""prob_over_15"": 74.4, ""prob_over_25"": 37.6, ""prob_over_35"": 23.4}, ""score"": {""most_likely"": ""1-1""}}, ""model"": {""confidence"": 0.3875, ""version"": ""v5.0""}, ""recommendations"": {""bet_favorite"": false, ""btts"": false, ""favorite"": ""H"", ""favorite_prob"": 31.6, ""over_15"": false, ""over_25"": false, ""over_35"": false, ""winner"": false}}, ""stats"": {""average_positions"": {}, ""event_id"": 209432, ""momentum"": [], ""shotmap"": [], ""stats"": {""away"": {""xg"": {""actual"": null}}, ""home"": {""xg"": {""actual"": null}}}, ""xg_per_minute"": []}}","{""bzzoiro_api_version"": ""v2"", ""bzzoiro_comparison_bridge_hints_added"": 0, ""bzzoiro_context_limit_removed"": true, ""bzzoiro_context_sources_used"": {""compact_odds"": true, ""metadata"": true, ""odds_flat_rows"": 0, ""prediction"": true, ""stats"": true}, ""bzzoiro_draw_probability"": 0.387, ""bzzoiro_event_id"": 209432, ""bzzoiro_is_local_derby"": false, ""bzzoiro_is_neutral_ground"": false, ""bzzoiro_match_quality"": ""fuzzy"", ""bzzoiro_over25_probability"": 0.376, ""bzzoiro_prediction_confidence"": 0.3875, ""bzzoiro_status"": ""notstarted"", ""bzzoiro_travel_distance_km"": null, ""bzzoiro_v2_comparison_hints_added"": 0, ""bzzoiro_v2_odds_comparison_attached"": true, ""bzzoiro_v2_odds_comparison_event_id"": ""209432"", ""bzzoiro_v2_source_matrix_patch"": true, ""bzzoiro_weather"": {""code"": 0, ""description"": ""unknown"", ""temperature_c"": 21, ""wind_speed"": 3.0}, ""provider_metric_hints"": {""favorite"": ""H"", ""is_local_derby"": false, ""is_neutral_ground"": false, ""model_version"": ""v5.0"", ""prob_draw"": 0.387, ""prob_over_1_5"": 0.744, ""prob_over_2_5"": 0.376, ""prob_over_3_5"": 0.234, ""provider_confidence"": 0.3875, ""temperature_c"": 21.0, ""wind_speed"": 3.0}, ""provider_metric_hints_count"": 11, ""provider_odds_hints"": [], ""provider_odds_hints_count"": 0, ""source_tokens"": [""bzzoiro""]}",83b4de124d021f3f670223d4c01c932adf69d95b,1
soccer|china pr|tajikistan|2026-06-09,sstats,xg_form,2026-06-09T03:07:49.166670+00:00,,,65.0,"{""away_win_probability"": 0.3689, ""expected_away"": 1.158, ""expected_home"": 1.161, ""home_win_probability"": 0.3698}","{""away_recent"": [{""goals_against"": 1.0, ""goals_for"": 0.0, ""home"": false, ""league"": ""Friendlies"", ""opponent"": ""China PR U23"", ""opponent_key"": ""china pr"", ""start"": ""2026-06-06T07:30:00+00:00"", ""team"": ""Tajikistan U23"", ""team_key"": ""tajikistan""}, {""goals_against"": 1.0, ""goals_for"": 0.0, ""home"": true, ""league"": ""Friendlies"", ""opponent"": ""Kyrgyz Republic U20"", ""opponent_key"": ""kyrgyz republic"", ""start"": ""2026-05-19T12:00:00+00:00"", ""team"": ""Tajikistan U20"", ""team_key"": ""tajikistan""}, {""goals_against"": 3.0, ""goals_for"": 0.0, ""home"": true, ""league"": ""Friendlies"", ""opponent"": ""Uzbekistan U20"", ""opponent_key"": ""uzbekistan"", ""start"": ""2026-05-17T12:00:00+00:00"", ""team"": ""Tajikistan U20"", ""team_key"": ""tajikistan""}, {""goals_against"": 1.0, ""goals_for"": 2.0, ""home"": true, ""league"": ""Friendlies"", ""opponent"": ""Turkmenistan U20"", ""opponent_key"": ""turkmenistan"", ""start"": ""2026-05-13T07:30:00+00:00"", ""team"": ""Tajikistan U20"", ""team_key"": ""tajikistan""}, {""goals_against"": 5.0, ""goals_for"": 5.0, ""home"": false, ""league"": ""AFC U17 Asian Cup"", ""opponent"": ""Saudi Arabia U17"", ""opponent_key"": ""saudi arabia"", ""start"": ""2026-05-12T17:00:00+00:00"", ""team"": ""Tajikistan U17"", ""team_key"": ""tajikistan""}, {""goals_against"": 0.0, ""goals_for"": 1.0, ""home"": false, ""league"": ""AFC U17 Asian Cup"", ""opponent"": ""Myanmar U17"", ""opponent_key"": ""myanmar"", ""start"": ""2026-05-09T17:30:00+00:00"", ""team"": ""Tajikistan U17"", ""team_key"": ""tajikistan""}, {""goals_against"": 0.0, ""goals_for"": 2.0, ""home"": true, ""league"": ""AFC U17 Asian Cup"", ""opponent"": ""Thailand U17"", ""opponent_key"": ""thailand"", ""start"": ""2026-05-05T17:30:00+00:00"", ""team"": ""Tajikistan U17"", ""team_key"": ""tajikistan""}], ""home_recent"": [{""goals_against"": 0.0, ""goals_for"": 1.0, ""home"": true, ""league"": ""Friendlies"", ""opponent"": ""Tajikistan U23"", ""opponent_key"": ""tajikistan"", ""start"": ""2026-06-06T07:30:00+00:00"", ""team"": ""China PR U23"", ""team_key"": ""china pr""}, {""goals_against"": 3.0, ""goals_for"": 0.0, ""home"": true, ""league"": ""Tournoi Maurice Revello"", ""opponent"": ""Tunisia U23"", ""opponent_key"": ""tunisia"", ""start"": ""2026-06-07T16:30:00+00:00"", ""team"": ""China PR U20"", ""team_key"": ""china pr""}, {""goals_against"": 3.0, ""goals_for"": 0.0, ""home"": true, ""league"": ""Tournoi Maurice Revello"", ""opponent"": ""Congo DR U20"", ""opponent_key"": ""congo dr"", ""start"": ""2026-06-02T13:00:00+00:00"", ""team"": ""China PR U20"", ""team_key"": ""china pr""}, {""goals_against"": 0.0, ""goals_for"": 1.0, ""home"": true, ""league"": ""Tournoi Maurice Revello"", ""opponent"": ""Saudi Arabia U21"", ""opponent_key"": ""saudi arabia"", ""start"": ""2026-05-31T13:00:00+00:00"", ""team"": ""China PR U20"", ""team_key"": ""china pr""}, {""goals_against"": 0.0, ""goals_for"": 2.0, ""home"": true, ""league"": ""AFC U17 Asian Cup"", ""opponent"": ""Australia U17"", ""opponent_key"": ""australia"", ""start"": ""2026-05-19T18:30:00+00:00"", ""team"": ""China PR U17"", ""team_key"": ""china pr""}, {""goals_against"": 0.0, ""goals_for"": 2.0, ""home"": true, ""league"": ""AFC U17 Asian Cup"", ""opponent"": ""Qatar U17"", ""opponent_key"": ""qatar"", ""start"": ""2026-05-12T16:00:00+00:00"", ""team"": ""China PR U17"", ""team_key"": ""china pr""}, {""goals_against"": 2.0, ""goals_for"": 1.0, ""home"": true, ""league"": ""AFC U17 Asian Cup"", ""opponent"": ""Japan U17"", ""opponent_key"": ""japan"", ""start"": ""2026-05-09T16:00:00+00:00"", ""team"": ""China PR U17"", ""team_key"": ""china pr""}, {""goals_against"": 1.0, ""goals_for"": 0.0, ""home"": false, ""league"": ""AFC U17 Asian Cup"", ""opponent"": ""Indonesia U17"", ""opponent_key"": ""indonesia"", ""start"": ""2026-05-05T16:30:00+00:00"", ""team"": ""China PR U17"", ""team_key"": ""china pr""}], ""mode"": ""team_form""}","{""away_goals_against_avg"": 1.571, ""away_goals_for_avg"": 1.429, ""away_recent_count"": 7, ""away_team_key"": ""tajikistan"", ""home_goals_against_avg"": 1.125, ""home_goals_for_avg"": 0.875, ""home_recent_count"": 8, ""home_team_key"": ""china pr"", ""league_overlap_count"": 5, ""provider_odds_hints_count"": 0, ""sstats_mode"": ""team_form""}",50b723cb484378435e74e6221de146c27c8977f6,1
soccer|ipswich knights|logan roos|2026-06-09,openligadb,fixture_results,2026-06-09T03:07:49.166670+00:00,,,60.55,"{""away_win_probability"": 0.1788, ""clubelo_draw_probability"": 0.2198, ""expected_away"": 0.909, ""expected_home"": 1.511, ""home_win_probability"": 0.6014}","{""away_rating"": {""Club"": ""Leganes"", ""Country"": ""ESP"", ""Elo"": ""1483.35803223"", ""From"": ""2026-06-01"", ""Level"": ""2"", ""Rank"": ""None"", ""To"": ""2026-06-10""}, ""home_rating"": {""Club"": ""Ipswich"", ""Country"": ""ENG"", ""Elo"": ""1639.10681152"", ""From"": ""2026-05-24"", ""Level"": ""2"", ""Rank"": ""81"", ""To"": ""2026-06-10""}}","{""away_rating"": 1483.4, ""clubelo_away_elo"": 1483.4, ""clubelo_draw_probability"": 0.2198, ""clubelo_elo_diff_home_adv"": 210.7, ""clubelo_home_elo"": 1639.1, ""home_rating"": 1639.1}",f0d2106dafb58707a6643b9044c05413afdc36b0,1
soccer|ipswich knights|logan roos|2026-06-09,sstats,xg_form,2026-06-09T03:07:49.166670+00:00,,,65.0,"{""away_win_probability"": 0.4761, ""expected_away"": 2.695, ""expected_home"": 2.146, ""home_win_probability"": 0.379}","{""away_recent"": [{""goals_against"": 2.0, ""goals_for"": 1.0, ""home"": false, ""league"": ""3. Division - Girone 3"", ""opponent"": ""Førde"", ""opponent_key"": ""f rde"", ""start"": ""2026-05-23T13:00:00+00:00"", ""team"": ""Os"", ""team_key"": ""os""}, {""goals_against"": 0.0, ""goals_for"": 6.0, ""home"": true, ""league"": ""3. Division - Girone 3"", ""opponent"": ""Fyllingsdalen"", ""opponent_key"": ""fyllingsdalen"", ""start"": ""2026-05-14T13:00:00+00:00"", ""team"": ""Os"", ""team_key"": ""os""}, {""goals_against"": 4.0, ""goals_for"": 6.0, ""home"": false, ""league"": ""3. Division - Girone 3"", ""opponent"": ""Stord"", ""opponent_key"": ""stord"", ""start"": ""2026-05-09T12:00:00+00:00"", ""team"": ""Os"", ""team_key"": ""os""}, {""goals_against"": 0.0, ""goals_for"": 6.0, ""home"": true, ""league"": ""3. Division - Girone 3"", ""opponent"": ""Vard"", ""opponent_key"": ""vard"", ""start"": ""2026-05-02T13:00:00+00:00"", ""team"": ""Os"", ""team_key"": ""os""}, {""goals_against"": 3.0, ""goals_for"": 5.0, ""home"": true, ""league"": ""3. Division - Girone 3"", ""opponent"": ""Fana"", ""opponent_key"": ""fana"", ""start"": ""2026-04-25T12:00:00+00:00"", ""team"": ""Os"", ""team_key"": ""os""}], ""home_recent"": [{""goals_against"": 1.0, ""goals_for"": 2.0, ""home"": false, ""league"": ""Queensland Premier League"", ""opponent"": ""Caboolture"", ""opponent_key"": ""caboolture"", ""start"": ""2026-06-06T08:00:00+00:00"", ""team"": ""Ipswich"", ""team_key"": ""ipswich""}, {""goals_against"": 0.0, ""goals_for"": 4.0, ""home"": false, ""league"": ""Queensland Premier League"", ""opponent"": ""St George Willawong"", ""opponent_key"": ""saint george willawong"", ""start"": ""2026-05-24T08:00:00+00:00"", ""team"": ""Ipswich"", ""team_key"": ""ipswich""}, {""goals_against"": 2.0, ""goals_for"": 2.0, ""home"": true, ""league"": ""Queensland Premier League"", ""opponent"": ""Broadbeach United"", ""opponent_key"": ""broadbeach united"", ""start"": ""2026-05-16T08:00:00+00:00"", ""team"": ""Ipswich"", ""team_key"": ""ipswich""}, {""goals_against"": 2.0, ""goals_for"": 4.0, ""home"": false, ""league"": ""Queensland Premier League"", ""opponent"": ""Capalaba"", ""opponent_key"": ""capalaba"", ""start"": ""2026-05-10T07:00:00+00:00"", ""team"": ""Ipswich"", ""team_key"": ""ipswich""}, {""goals_against"": 1.0, ""goals_for"": 1.0, ""home"": true, ""league"": ""Queensland Premier League"", ""opponent"": ""SC Wanderers"", ""opponent_key"": ""wanderers"", ""start"": ""2026-04-25T07:00:00+00:00"", ""team"": ""Ipswich"", ""team_key"": ""ipswich""}, {""goals_against"": 0.0, ""goals_for"": 3.0, ""home"": true, ""league"": ""Championship"", ""opponent"": ""QPR"", ""opponent_key"": ""qpr"", ""start"": ""2026-05-02T11:30:00+00:00"", ""team"": ""Ipswich"", ""team_key"": ""ipswich""}, {""goals_against"": 2.0, ""goals_for"": 2.0, ""home"": false, ""league"": ""Championship"", ""opponent"": ""Southampton"", ""opponent_key"": ""southampton"", ""start"": ""2026-04-28T18:45:00+00:00"", ""team"": ""Ipswich"", ""team_key"": ""ipswich""}, {""goals_against"": 0.0, ""goals_for"": 0.0, ""home"": false, ""league"": ""Championship"", ""opponent"": ""West Brom"", ""opponent_key"": ""west brom"", ""start"": ""2026-04-25T11:30:00+00:00"", ""team"": ""Ipswich"", ""team_key"": ""ipswich""}], ""mode"": ""team_form""}","{""away_goals_against_avg"": 1.8, ""away_goals_for_avg"": 4.8, ""away_recent_count"": 5, ""away_team_key"": ""os"", ""home_goals_against_avg"": 1.0, ""home_goals_for_avg"": 2.25, ""home_recent_count"": 8, ""home_team_key"": ""ipswich"", ""league_overlap_count"": 5, ""provider_odds_hints_count"": 0, ""sstats_mode"": ""team_form""}",6e2757250d4e7a94c48bf8c507889745f6f64b71,1
soccer|ipswich knights|logan roos|2026-06-09,weather,weather,2026-06-09T03:07:49.166670+00:00,,,68.0,"{""away_win_probability"": 0.32646591361139976, ""clubelo_draw_probability"": 0.2198, ""expected_away"": 1.7960881994953244, ""expected_home"": 1.8263981000445302, ""home_win_probability"": 0.490936161496215, ""weather_adjustment_applied"": false, ""weather_adjustment_reasons"": [], ""weather_away_team"": ""Logan Roos FC"", ""weather_city"": ""Ipswich"", ""weather_condition"": ""Partly Cloudy"", ""weather_context_applied"": true, ""weather_country"": ""Jamaica"", ""weather_home_team"": ""Ipswich Knights"", ""weather_precip_mm"": 0.0, ""weather_query"": ""Ipswich Knights"", ""weather_source"": ""weatherapi"", ""weather_temp_c"": 20.7, ""weather_total_factor"": 1.0, ""weather_wind_kph"": 5.0}","{""sources"": {""clubelo"": {""away_rating"": {""Club"": ""Leganes"", ""Country"": ""ESP"", ""Elo"": ""1483.35803223"", ""From"": ""2026-06-01"", ""Level"": ""2"", ""Rank"": ""None"", ""To"": ""2026-06-10""}, ""home_rating"": {""Club"": ""Ipswich"", ""Country"": ""ENG"", ""Elo"": ""1639.10681152"", ""From"": ""2026-05-24"", ""Level"": ""2"", ""Rank"": ""81"", ""To"": ""2026-06-10""}}, ""sstats_form"": {""away_recent"": [{""goals_against"": 2.0, ""goals_for"": 1.0, ""home"": false, ""league"": ""3. Division - Girone 3"", ""opponent"": ""Førde"", ""opponent_key"": ""f rde"", ""start"": ""2026-05-23T13:00:00+00:00"", ""team"": ""Os"", ""team_key"": ""os""}, {""goals_against"": 0.0, ""goals_for"": 6.0, ""home"": true, ""league"": ""3. Division - Girone 3"", ""opponent"": ""Fyllingsdalen"", ""opponent_key"": ""fyllingsdalen"", ""start"": ""2026-05-14T13:00:00+00:00"", ""team"": ""Os"", ""team_key"": ""os""}, {""goals_against"": 4.0, ""goals_for"": 6.0, ""home"": false, ""league"": ""3. Division - Girone 3"", ""opponent"": ""Stord"", ""opponent_key"": ""stord"", ""start"": ""2026-05-09T12:00:00+00:00"", ""team"": ""Os"", ""team_key"": ""os""}, {""goals_against"": 0.0, ""goals_for"": 6.0, ""home"": true, ""league"": ""3. Division - Girone 3"", ""opponent"": ""Vard"", ""opponent_key"": ""vard"", ""start"": ""2026-05-02T13:00:00+00:00"", ""team"": ""Os"", ""team_key"": ""os""}, {""goals_against"": 3.0, ""goals_for"": 5.0, ""home"": true, ""league"": ""3. Division - Girone 3"", ""opponent"": ""Fana"", ""opponent_key"": ""fana"", ""start"": ""2026-04-25T12:00:00+00:00"", ""team"": ""Os"", ""team_key"": ""os""}], ""home_recent"": [{""goals_against"": 1.0, ""goals_for"": 2.0, ""home"": false, ""league"": ""Queensland Premier League"", ""opponent"": ""Caboolture"", ""opponent_key"": ""caboolture"", ""start"": ""2026-06-06T08:00:00+00:00"", ""team"": ""Ipswich"", ""team_key"": ""ipswich""}, {""goals_against"": 0.0, ""goals_for"": 4.0, ""home"": false, ""league"": ""Queensland Premier League"", ""opponent"": ""St George Willawong"", ""opponent_key"": ""saint george willawong"", ""start"": ""2026-05-24T08:00:00+00:00"", ""team"": ""Ipswich"", ""team_key"": ""ipswich""}, {""goals_against"": 2.0, ""goals_for"": 2.0, ""home"": true, ""league"": ""Queensland Premier League"", ""opponent"": ""Broadbeach United"", ""opponent_key"": ""broadbeach united"", ""start"": ""2026-05-16T08:00:00+00:00"", ""team"": ""Ipswich"", ""team_key"": ""ipswich""}, {""goals_against"": 2.0, ""goals_for"": 4.0, ""home"": false, ""league"": ""Queensland Premier League"", ""opponent"": ""Capalaba"", ""opponent_key"": ""capalaba"", ""start"": ""2026-05-10T07:00:00+00:00"", ""team"": ""Ipswich"", ""team_key"": ""ipswich""}, {""goals_against"": 1.0, ""goals_for"": 1.0, ""home"": true, ""league"": ""Queensland Premier League"", ""opponent"": ""SC Wanderers"", ""opponent_key"": ""wanderers"", ""start"": ""2026-04-25T07:00:00+00:00"", ""team"": ""Ipswich"", ""team_key"": ""ipswich""}, {""goals_against"": 0.0, ""goals_for"": 3.0, ""home"": true, ""league"": ""Championship"", ""opponent"": ""QPR"", ""opponent_key"": ""qpr"", ""start"": ""2026-05-02T11:30:00+00:00"", ""team"": ""Ipswich"", ""team_key"": ""ipswich""}, {""goals_against"": 2.0, ""goals_for"": 2.0, ""home"": false, ""league"": ""Championship"", ""opponent"": ""Southampton"", ""opponent_key"": ""southampton"", ""start"": ""2026-04-28T18:45:00+00:00"", ""team"": ""Ipswich"", ""team_key"": ""ipswich""}, {""goals_against"": 0.0, ""goals_for"": 0.0, ""home"": false, ""league"": ""Championship"", ""opponent"": ""West Brom"", ""opponent_key"": ""west brom"", ""start"": ""2026-04-25T11:30:00+00:00"", ""team"": ""Ipswich"", ""team_key"": ""ipswich""}], ""mode"": ""team_form""}}}","{""away_goals_against_avg"": 1.8, ""away_goals_for_avg"": 4.8, ""away_rating"": 1483.4, ""away_recent_count"": 5, ""away_team_key"": ""os"", ""blend_weights"": {""clubelo"": 67.816, ""sstats_form"": 66.924}, ""clubelo_away_elo"": 1483.4, ""clubelo_draw_probability"": 0.2198, ""clubelo_elo_diff_home_adv"": 210.7, ""clubelo_home_elo"": 1639.1, ""context_mode"": ""ensemble"", ""home_goals_against_avg"": 1.0, ""home_goals_for_avg"": 2.25, ""home_rating"": 1639.1, ""home_recent_count"": 8, ""home_team_key"": ""ipswich"", ""league_overlap_count"": 5, ""merged_sources"": [""sstats_form"", ""clubelo""], ""provider_odds_hints_count"": 0, ""sstats_mode"": ""team_form"", ""weather_adjustment_applied"": false, ""weather_adjustment_reasons"": [], ""weather_away_team"": ""Logan Roos FC"", ""weather_city"": ""Ipswich"", ""weather_condition"": ""Partly Cloudy"", ""weather_context_applied"": true, ""weather_country"": ""Jamaica"", ""weather_home_team"": ""Ipswich Knights"", ""weather_precip_mm"": 0.0, ""weather_query"": ""Ipswich Knights"", ""weather_source"": ""weatherapi"", ""weather_temp_c"": 20.7, ""weather_total_factor"": 1.0, ""weather_wind_kph"": 5.0}",cbe419f1ba6e21966df85187ef0d2f07d326e4bf,1
soccer|indonesia|mozambique|2026-06-09,bzzoiro,xg_prediction,2026-06-09T03:07:49.166670+00:00,,,69.3792,"{""away_win_probability"": 0.293, ""bzzoiro_draw_probability"": 0.284, ""bzzoiro_over25_probability"": 0.469, ""bzzoiro_weather"": {""code"": null, ""description"": null, ""temperature_c"": null, ""wind_speed"": null}, ""expected_away"": 1.3, ""expected_home"": 1.3, ""home_win_probability"": 0.42200000000000004}","{""comparison"": {""away_team"": ""Mozambique"", ""away_team_id"": 657, ""bookmakers_count"": 0, ""event_date"": ""2026-06-09T13:00:00Z"", ""event_id"": 209434, ""home_team"": ""Indonesia"", ""home_team_id"": 2249, ""league_id"": 31, ""league_name"": ""International Friendly Games"", ""markets"": {}, ""total_odds"": 0}, ""event"": {""attendance"": null, ""away_coach_id"": 691, ""away_score"": null, ""away_score_ht"": null, ""away_team"": ""Mozambique"", ""away_team_id"": 657, ""current_minute"": null, ""event_date"": ""2026-06-09T13:00:00+00:00"", ""extra_time_score"": null, ""group_name"": null, ""head_to_head"": null, ""highlights"": [], ""home_coach_id"": 1645, ""home_score"": null, ""home_score_ht"": null, ""home_team"": ""Indonesia"", ""home_team_id"": 2249, ""id"": 209434, ""is_local_derby"": false, ""is_neutral_ground"": false, ""league_id"": 31, ""live_websocket"": true, ""penalty_shootout"": null, ""period"": """", ""pitch_condition"": null, ""referee_id"": null, ""replaced_by"": null, ""round_name"": """", ""round_number"": null, ""season_id"": 133, ""status"": ""notstarted"", ""travel_distance_km"": null, ""venue_id"": 1420, ""weather"": {""code"": null, ""description"": null, ""temperature_c"": null, ""wind_speed"": null}}, ""metadata"": {""ai_preview"": {""generated_at"": ""2026-06-09T01:46:25.553866+00:00"", ""text"": ""**Indonesia hosts a Mozambique side in dire form** — the Red and White have the home crowd at Gelora Bung Karno, and their guests arrive winless in five. 🏟️\n\nIndonesia's bounce back after losses to Iraq and Saudi Arabia with a thumping 3-0 win over Oman. Mozambique, meanwhile, have been hammered 4-0 by Nigeria and 4-1 by Oman — they're fragile on the road and struggling to score.\n\nKey storylines:\n\n- **M. Paes** and Indonesia's back line will face minimal pressure against a Mozambique attack that's mustered just one goal across their last three outings\n- **B. P. Nugraha** spearheads the home attack with support from **I. Jenner** in a system built to exploit width and ball retention\n- Mozambique's midfield anchors **M. N. Kambala** and **K. Abdala** have their hands full containing Indonesia's energy in the middle\n\nExpected lineups:\n\n- **Indonesia**: M. Paes, C. Verdonk, R. Ridho, J. Hubner, K. Diks, N. Tjoe-A-On, J. Pelupessy, Y. Sayuri, I. Jenner, B. P. Nugraha, R. Oratmangoen\n- **Mozambique**: Ernan, Nanani, Nenê, E. G. Dove, Chico, M. N. Kambala, K. Abdala, C. Alfandega, A. Raice, A. Cantolo, Dário\n\nPrediction:\n\n**Indonesia 3–0 Mozambique**. Home advantage, form edge, and Mozambique's defensive brittleness make this a mismatch. 🎯""}, ""event_id"": 209434, ""funfacts"": [{""sentence"": ""Mozambique have lost 3 matches in a row."", ""type_id"": 1}], ""jerseys"": {""away"": {""GK"": {""base"": ""0d0d0d"", ""number"": ""e4e850"", ""real"": true, ""sleeve"": ""e9f558"", ""type"": ""short_sleeves""}, ""player"": {""base"": ""ff0000"", ""number"": ""eac953"", ""real"": true, ""sleeve"": ""eace50"", ""type"": ""short_sleeves""}}, ""home"": {""GK"": {""base"": ""e9ec4a"", ""number"": ""fc0808"", ""real"": true, ""sleeve"": ""1aca27"", ""type"": ""short_sleeves""}, ""player"": {""base"": ""bc1515"", ""number"": ""ffffff"", ""real"": true, ""sleeve"": ""fffafa"", ""type"": ""short_sleeves""}}}}, ""odds"": {""event_id"": 209434, ""odds"": {""away_win"": null, ""btts_no"": null, ""btts_yes"": null, ""draw"": null, ""home_win"": null, ""over_15_goals"": null, ""over_25_goals"": null, ""over_35_goals"": null, ""under_15_goals"": null, ""under_25_goals"": null, ""under_35_goals"": null}}, ""odds_comparison"": {""away_team"": ""Mozambique"", ""away_team_id"": 657, ""bookmakers_count"": 0, ""event_date"": ""2026-06-09T13:00:00Z"", ""event_id"": 209434, ""home_team"": ""Indonesia"", ""home_team_id"": 2249, ""league_id"": 31, ""league_name"": ""International Friendly Games"", ""markets"": {}, ""total_odds"": 0}, ""prediction"": {""created_at"": ""2026-06-02T10:52:29Z"", ""event"": {""away_team"": ""Mozambique"", ""away_team_id"": 657, ""event_date"": ""2026-06-09T13:00:00Z"", ""home_team"": ""Indonesia"", ""home_team_id"": 2249, ""id"": 209434, ""league_id"": 31, ""league_name"": ""International Friendly Games"", ""status"": ""notstarted""}, ""id"": 4725, ""markets"": {""btts"": {""prob_yes"": 44.9}, ""expected_goals"": {""away"": 1.3, ""home"": 1.3}, ""match_result"": {""predicted"": ""H"", ""prob_away"": 29.3, ""prob_draw"": 28.4, ""prob_home"": 42.2}, ""over_under"": {""prob_over_15"": 70.4, ""prob_over_25"": 46.9, ""prob_over_35"": 28.3}, ""score"": {""most_likely"": ""1-1""}}, ""model"": {""confidence"": 0.4224, ""version"": ""v5.0""}, ""recommendations"": {""bet_favorite"": false, ""btts"": false, ""favorite"": ""H"", ""favorite_prob"": 42.2, ""over_15"": false, ""over_25"": false, ""over_35"": false, ""winner"": false}}, ""stats"": {""average_positions"": {}, ""event_id"": 209434, ""momentum"": [], ""shotmap"": [], ""stats"": {""away"": {""xg"": {""actual"": null}}, ""home"": {""xg"": {""actual"": null}}}, ""xg_per_minute"": []}}","{""bzzoiro_api_version"": ""v2"", ""bzzoiro_comparison_bridge_hints_added"": 0, ""bzzoiro_context_limit_removed"": true, ""bzzoiro_context_sources_used"": {""compact_odds"": true, ""metadata"": true, ""odds_flat_rows"": 0, ""prediction"": true, ""stats"": true}, ""bzzoiro_draw_probability"": 0.284, ""bzzoiro_event_id"": 209434, ""bzzoiro_is_local_derby"": false, ""bzzoiro_is_neutral_ground"": false, ""bzzoiro_match_quality"": ""exact"", ""bzzoiro_over25_probability"": 0.469, ""bzzoiro_prediction_confidence"": 0.4224, ""bzzoiro_status"": ""notstarted"", ""bzzoiro_travel_distance_km"": null, ""bzzoiro_v2_comparison_hints_added"": 0, ""bzzoiro_v2_odds_comparison_attached"": true, ""bzzoiro_v2_odds_comparison_event_id"": ""209434"", ""bzzoiro_v2_source_matrix_patch"": true, ""bzzoiro_weather"": {""code"": null, ""description"": null, ""temperature_c"": null, ""wind_speed"": null}, ""provider_metric_hints"": {""favorite"": ""H"", ""is_local_derby"": false, ""is_neutral_ground"": false, ""model_version"": ""v5.0"", ""prob_draw"": 0.284, ""prob_over_1_5"": 0.704, ""prob_over_2_5"": 0.469, ""prob_over_3_5"": 0.283, ""provider_confidence"": 0.4224}, ""provider_metric_hints_count"": 9, ""provider_odds_hints"": [], ""provider_odds_hints_count"": 0, ""source_tokens"": [""bzzoiro""]}",0ee6fe9f176e9578d049e223373e2c68688a8f4c,1
soccer|indonesia|mozambique|2026-06-09,openligadb,fixture_results,2026-06-09T03:07:49.166670+00:00,,,63.0,"{""away_win_probability"": 0.0279, ""clubelo_draw_probability"": 0.19, ""expected_away"": 0.791, ""expected_home"": 1.657, ""home_win_probability"": 0.7821}","{""away_rating"": {""Club"": ""Zimbru"", ""Country"": ""MOL"", ""Elo"": ""1121.74816895"", ""From"": ""2026-01-01"", ""Level"": ""0"", ""Rank"": ""None"", ""To"": ""2026-06-10""}, ""home_rating"": {""Club"": ""Udinese"", ""Country"": ""ITA"", ""Elo"": ""1645.94165039"", ""From"": ""2026-05-25"", ""Level"": ""1"", ""Rank"": ""76"", ""To"": ""2026-06-10""}}","{""away_rating"": 1121.7, ""clubelo_away_elo"": 1121.7, ""clubelo_draw_probability"": 0.19, ""clubelo_elo_diff_home_adv"": 579.2, ""clubelo_home_elo"": 1645.9, ""home_rating"": 1645.9}",b122a5dea180541473b9f78b4fc738b7f88efc7b,1
soccer|indonesia|mozambique|2026-06-09,sstats,xg_form,2026-06-09T03:07:49.166670+00:00,,,48.0,"{""away_win_probability"": 0.29314001292382297, ""expected_away"": 1.3, ""expected_home"": 1.3, ""favorite_prob"": 0.4224408374239001, ""home_win_probability"": 0.4224408374239001, ""prob_btts_yes"": 0.4492516793723081, ""prob_draw"": 0.28441914965227705, ""prob_over_1_5"": 0.7039644291641001, ""prob_over_2_5"": 0.4691249334749214, ""prob_over_3_5"": 0.28252237513954803}","{""btts_recommend"": false, ""confidence"": 42.24408374239001, ""created_at"": ""2026-06-02T10:52:29.299946Z"", ""event"": {""actual_away_xg"": null, ""actual_home_xg"": null, ""ai_preview"": {""generated_at"": ""2026-06-09T01:46:25.553866+00:00"", ""text"": ""**Indonesia hosts a Mozambique side in dire form** — the Red and White have the home crowd at Gelora Bung Karno, and their guests arrive winless in five. 🏟️\n\nIndonesia's bounce back after losses to Iraq and Saudi Arabia with a thumping 3-0 win over Oman. Mozambique, meanwhile, have been hammered 4-0 by Nigeria and 4-1 by Oman — they're fragile on the road and struggling to score.\n\nKey storylines:\n\n- **M. Paes** and Indonesia's back line will face minimal pressure against a Mozambique attack that's mustered just one goal across their last three outings\n- **B. P. Nugraha** spearheads the home attack with support from **I. Jenner** in a system built to exploit width and ball retention\n- Mozambique's midfield anchors **M. N. Kambala** and **K. Abdala** have their hands full containing Indonesia's energy in the middle\n\nExpected lineups:\n\n- **Indonesia**: M. Paes, C. Verdonk, R. Ridho, J. Hubner, K. Diks, N. Tjoe-A-On, J. Pelupessy, Y. Sayuri, I. Jenner, B. P. Nugraha, R. Oratmangoen\n- **Mozambique**: Ernan, Nanani, Nenê, E. G. Dove, Chico, M. N. Kambala, K. Abdala, C. Alfandega, A. Raice, A. Cantolo, Dário\n\nPrediction:\n\n**Indonesia 3–0 Mozambique**. Home advantage, form edge, and Mozambique's defensive brittleness make this a mismatch. 🎯""}, ""attendance"": null, ""average_positions"": null, ""away_coach"": {""country"": ""Mozambique"", ""defensive_line"": """", ""id"": 691, ""name"": ""Francisco Queriol Conde Jnior"", ""preferred_formation"": ""4-2-3-1"", ""pressing_intensity"": null, ""profile"": ""balanced"", ""short_name"": ""F. Q. C. Jnior"", ""top_styles"": []}, ""away_score"": null, ""away_score_ht"": null, ""away_team"": ""Mozambique"", ""away_team_obj"": {""coach"": {""name"": ""Francisco Queriol Conde Jnior"", ""shortName"": ""F. Q. C. Jnior""}, ""country"": ""Mozambique"", ""id"": 657, ""name"": ""Mozambique"", ""short_name"": ""Mozambique"", ""venue"": null}, ""away_xg_live"": null, ""current_minute"": null, ""event_date"": ""2026-06-09T13:00:00Z"", ""extra_time_score"": null, ""funfacts"": [{""sentence"": ""Mozambique have lost 3 matches in a row."", ""type_id"": 1}], ""group_name"": null, ""home_coach"": {""country"": ""England"", ""defensive_line"": """", ""id"": 1645, ""name"": ""John Herdman"", ""preferred_formation"": ""5-4-1"", ""pressing_intensity"": null, ""profile"": ""balanced"", ""short_name"": ""J. Herdman"", ""top_styles"": []}, ""home_score"": null, ""home_score_ht"": null, ""home_team"": ""Indonesia"", ""home_team_obj"": {""coach"": {""name"": ""John Herdman"", ""shortName"": ""J. Herdman""}, ""country"": ""Indonesia"", ""id"": 2249, ""name"": ""Indonesia"", ""short_name"": ""Indonesia"", ""venue"": null}, ""home_xg_live"": null, ""id"": 209434, ""incidents"": null, ""is_local_derby"": false, ""is_neutral_ground"": null, ""jerseys"": {""away"": {""GK"": {""base"": ""0d0d0d"", ""number"": ""e4e850"", ""real"": true, ""sleeve"": ""e9f558"", ""type"": ""short_sleeves""}, ""player"": {""base"": ""ff0000"", ""number"": ""eac953"", ""real"": true, ""sleeve"": ""eace50"", ""type"": ""short_sleeves""}}, ""home"": {""GK"": {""base"": ""e9ec4a"", ""number"": ""fc0808"", ""real"": true, ""sleeve"": ""1aca27"", ""type"": ""short_sleeves""}, ""player"": {""base"": ""bc1515"", ""number"": ""ffffff"", ""real"": true, ""sleeve"": ""fffafa"", ""type"": ""short_sleeves""}}}, ""league"": {""country"": ""International"", ""current_season"": {""end_date"": ""2026-12-31"", ""id"": 133, ""name"": ""Int. Friendly Games 2026"", ""start_date"": ""2026-01-01"", ""year"": 2026}, ""id"": 31, ""is_women"": false, ""name"": ""International Friendly Games""}, ""lineups"": null, ""live_stats"": null, ""live_websocket"": true, ""momentum"": null, ""odds_away"": null, ""odds_btts_no"": null, ""odds_btts_yes"": null, ""odds_draw"": null, ""odds_home"": null, ""odds_over_15"": null, ""odds_over_25"": null, ""odds_over_35"": null, ""odds_under_15"": null, ""odds_under_25"": null, ""odds_under_35"": null, ""penalty_shootout"": null, ""period"": """", ""pitch_condition"": null, ""referee"": null, ""round_name"": """", ""round_number"": null, ""season"": {""id"": 133, ""name"": ""Int. Friendly Games 2026"", ""year"": 2026}, ""shotmap"": null, ""sr_stats"": null, ""status"": ""notstarted"", ""temperature_c"": null, ""travel_distance_km"": null, ""unavailable_players"": null, ""venue"": {""built_year"": null, ""capacity"": 82000, ""city"": ""Senayan"", ""country"": ""Indonesia"", ""id"": 1420, ""latitude"": null, ""longitude"": null, ""name"": ""Gelora Bung Karno Stadium"", ""pitch_x"": null, ""pitch_y"": null}, ""weather_code"": null, ""wind_speed"": null, ""xg_per_minute"": null}, ""expected_away_goals"": 1.3, ""expected_home_goals"": 1.3, ""favorite"": ""H"", ""favorite_prob"": 42.24408374239001, ""favorite_recommend"": false, ""id"": 4725, ""model_version"": ""v5.0"", ""most_likely_score"": ""1-1"", ""over_15_recommend"": false, ""over_25_recommend"": false, ""over_35_recommend"": false, ""predicted_result"": ""H"", ""prob_away_win"": 29.314001292382297, ""prob_btts_yes"": 44.92516793723081, ""prob_draw"": 28.441914965227706, ""prob_home_win"": 42.24408374239001, ""prob_over_15"": 70.39644291641001, ""prob_over_25"": 46.91249334749214, ""prob_over_35"": 28.252237513954803, ""winner_recommend"": false}","{""favorite"": ""H"", ""favorite_prob"": 0.4224408374239001, ""match_quality"": ""exact"", ""model_version"": ""v5.0"", ""most_likely_score"": ""1-1"", ""prediction_age_hours"": 160.3, ""prediction_created_at"": ""2026-06-02T10:52:29.299946Z"", ""prob_btts_yes"": 0.4492516793723081, ""prob_draw"": 0.28441914965227705, ""prob_over_1_5"": 0.7039644291641001, ""prob_over_2_5"": 0.4691249334749214, ""prob_over_3_5"": 0.28252237513954803, ""provider_confidence"": 0.4224408374239001, ""provider_confidence_pct"": 42.244, ""provider_metric_hints"": {""expected_away_goals"": 1.3, ""expected_home_goals"": 1.3, ""expected_total_goals"": 2.6, ""favorite"": ""H"", ""is_local_derby"": false, ""model_version"": ""v5.0"", ""most_likely_score"": ""1-1"", ""prob_away_win"": 0.29314, ""prob_btts_yes"": 0.44925, ""prob_draw"": 0.28442, ""prob_home_win"": 0.42244, ""prob_over_1_5"": 0.70396, ""prob_over_2_5"": 0.46912, ""prob_over_3_5"": 0.28252, ""provider_confidence"": 0.4224408374239001}, ""provider_metric_hints_count"": 15, ""provider_odds_hints_count"": 0, ""sstats_deep_endpoint_count"": 3, ""sstats_deep_endpoints"": {""game_id"": ""4725"", ""glicko"": {""data"": null, ""message"": ""Для данного матча отсутствует Glicko аналитика"", ""status"": ""error"", ""traceId"": ""00-938bc2286353e6ed94b04d98f8097ef9-abdad502ee67a165-00""}, ""injuries"": {""count"": 0, ""data"": [], ""status"": ""OK"", ""traceId"": ""00-c143d43d9a9e01a785ebd13eda16b8ac-027fde29cdf04032-00""}, ""last_games_stats"": {""away"": {""avgCards"": null, ""avgCardsOpp"": null, ""avgConceded"": 1.721451, ""avgCorners"": null, ""avgCornersOpp"": null, ""avgDrawOdds"": 3.3813007, ""avgLoseOdds"": 3.110106, ""avgOddsXg"": 1.0618107, ""avgOddsXgConceded"": 1.0940394, ""avgOffsides"": null, ""avgOffsidesOpp"": null, ""avgOppShots"": null, ""avgScore"": 1.1216176, ""avgShots"": null, ""avgWinOdds"": 3.0957334, ""draws"": 5, ""gamesCount"": 25, ""loses"": 14, ""maeOddsXg"": 0.059806824, ""maeOddsXgConceded"": 0.6274116, ""profits"": {""drawProfit"": -5.4, ""loseNoBet"": 4.7599993, ""loseOrDrawProfit"": 6.77, ""loseProfit"": 10.159999, ""winNoBet"": -7.710001, ""winOrDrawProfit"": -8.85, ""winOrLoseProfit"": 1.97, ""winProfit"": -7.1400003}, ""rmseXg"": 1.2799398, ""rmseXgConceded"": 1.47779, ""wins"": 6}, ""home"": {""avgCards"": null, ""avgCardsOpp"": null, ""avgConceded"": 1.0334707, ""avgCorners"": null, ""avgCornersOpp"": null, ""avgDrawOdds"": 3.201553, ""avgLoseOdds"": 2.6280963, ""avgOddsXg"": 0.9715416, ""avgOddsXgConceded"": 1.1032381, ""avgOffsides"": null, ""avgOffsidesOpp"": null, ""avgOppShots"": null, ""avgScore"": 1.200921, ""avgShots"": null, ""avgWinOdds"": 3.19294, ""draws"": 6, ""gamesCount"": 25, ""loses"": 9, ""maeOddsXg"": 0.22937948, ""maeOddsXgConceded"": 0.069767356, ""profits"": {""drawProfit"": -4.7000003, ""loseNoBet"": -5.1400003, ""loseOrDrawProfit"": -4.7599998, ""loseProfit"": -4.86, ""winNoBet"": -0.8499999, ""winOrDrawProfit"": -0.20000076, ""winOrLoseProfit"": 0.95000005, ""winProfit"": 1.0699997}, ""rmseXg"": 1.1757787, ""rmseXgConceded"": 0.94449705, ""wins"": 10}}}, ""sstats_mode"": ""bzzoiro_prediction""}",75328b66b66b0ad295d252df2317e5a0d4fdd06f,1
soccer|ario eslamshahr|niroye zamini|2026-06-09,sstats,xg_form,2026-06-09T03:07:49.166670+00:00,,,65.0,"{""away_win_probability"": 0.1881, ""expected_away"": 0.306, ""expected_home"": 0.502, ""home_win_probability"": 0.3083}","{""away_recent"": [{""goals_against"": 1.0, ""goals_for"": 1.0, ""home"": true, ""league"": ""Azadegan League"", ""opponent"": ""Shahrdari Noshahr"", ""opponent_key"": ""shahrdari noshahr"", ""start"": ""2026-06-02T14:00:00+00:00"", ""team"": ""Ario Eslamshahr"", ""team_key"": ""ario eslamshahr""}, {""goals_against"": 0.0, ""goals_for"": 0.0, ""home"": false, ""league"": ""Azadegan League"", ""opponent"": ""Navad Urmia"", ""opponent_key"": ""navad urmia"", ""start"": ""2026-05-27T13:15:00+00:00"", ""team"": ""Ario Eslamshahr"", ""team_key"": ""ario eslamshahr""}, {""goals_against"": 0.0, ""goals_for"": 0.0, ""home"": true, ""league"": ""Azadegan League"", ""opponent"": ""Mes Kerman"", ""opponent_key"": ""mes kerman"", ""start"": ""2026-05-21T13:30:00+00:00"", ""team"": ""Ario Eslamshahr"", ""team_key"": ""ario eslamshahr""}, {""goals_against"": 0.0, ""goals_for"": 0.0, ""home"": false, ""league"": ""Azadegan League"", ""opponent"": ""Sanat Naft"", ""opponent_key"": ""sanat naft"", ""start"": ""2026-05-14T15:00:00+00:00"", ""team"": ""Ario Eslamshahr"", ""team_key"": ""ario eslamshahr""}], ""home_recent"": [{""goals_against"": 1.0, ""goals_for"": 0.0, ""home"": false, ""league"": ""Azadegan League"", ""opponent"": ""Mes Soongoun"", ""opponent_key"": ""mes soongoun"", ""start"": ""2026-06-02T13:00:00+00:00"", ""team"": ""Niroye Zamini"", ""team_key"": ""niroye zamini""}, {""goals_against"": 0.0, ""goals_for"": 0.0, ""home"": true, ""league"": ""Azadegan League"", ""opponent"": ""Havadar"", ""opponent_key"": ""havadar"", ""start"": ""2026-05-27T13:15:00+00:00"", ""team"": ""Niroye Zamini"", ""team_key"": ""niroye zamini""}, {""goals_against"": 0.0, ""goals_for"": 0.0, ""home"": false, ""league"": ""Azadegan League"", ""opponent"": ""Shenavarsazi Qeshm"", ""opponent_key"": ""shenavarsazi qeshm"", ""start"": ""2026-05-21T14:30:00+00:00"", ""team"": ""Niroye Zamini"", ""team_key"": ""niroye zamini""}, {""goals_against"": 0.0, ""goals_for"": 3.0, ""home"": true, ""league"": ""Azadegan League"", ""opponent"": ""Damash Gilanian"", ""opponent_key"": ""damash gilanian"", ""start"": ""2026-05-14T13:00:00+00:00"", ""team"": ""Niroye Zamini"", ""team_key"": ""niroye zamini""}], ""mode"": ""team_form""}","{""away_goals_against_avg"": 0.25, ""away_goals_for_avg"": 0.25, ""away_recent_count"": 4, ""away_team_key"": ""ario eslamshahr"", ""home_goals_against_avg"": 0.25, ""home_goals_for_avg"": 0.75, ""home_recent_count"": 4, ""home_team_key"": ""niroye zamini"", ""league_overlap_count"": 8, ""provider_odds_hints_count"": 0, ""sstats_mode"": ""team_form""}",45a4f0b2015f9154be184a79ddd95f943e1c3d17,1
soccer|india|tajikistan|2026-06-09,bzzoiro,xg_prediction,2026-06-09T03:07:49.166670+00:00,,,70.7136,"{""away_win_probability"": 0.19, ""bzzoiro_draw_probability"": 0.22, ""bzzoiro_over25_probability"": 0.384, ""bzzoiro_weather"": {""code"": null, ""description"": null, ""temperature_c"": null, ""wind_speed"": null}, ""expected_away"": 1.3, ""expected_home"": 1.4, ""home_win_probability"": 0.589}","{""comparison"": {""away_team"": ""India"", ""away_team_id"": 2056, ""bookmakers_count"": 0, ""event_date"": ""2026-06-09T15:00:00Z"", ""event_id"": 209458, ""home_team"": ""Tajikistan"", ""home_team_id"": 2210, ""league_id"": 31, ""league_name"": ""International Friendly Games"", ""markets"": {}, ""total_odds"": 0}, ""event"": {""attendance"": null, ""away_coach_id"": 1447, ""away_score"": null, ""away_score_ht"": null, ""away_team"": ""India"", ""away_team_id"": 2056, ""current_minute"": null, ""event_date"": ""2026-06-09T15:00:00+00:00"", ""extra_time_score"": null, ""group_name"": null, ""head_to_head"": {""avg_total_goals"": 4.0, ""away_goals"": 1, ""away_win_rate"": 0.0, ""away_wins"": 0, ""draws"": 0, ""home_goals"": 3, ""home_win_rate"": 1.0, ""home_wins"": 1, ""recent_matches"": [{""away"": ""India"", ""date"": ""2026-06-05T15:00:00+00:00"", ""home"": ""Tajikistan"", ""score"": ""3-1""}], ""total_matches"": 1}, ""highlights"": [], ""home_coach_id"": 1764, ""home_score"": null, ""home_score_ht"": null, ""home_team"": ""Tajikistan"", ""home_team_id"": 2210, ""id"": 209458, ""is_local_derby"": false, ""is_neutral_ground"": false, ""league_id"": 31, ""live_websocket"": true, ""penalty_shootout"": null, ""period"": """", ""pitch_condition"": null, ""referee_id"": null, ""replaced_by"": null, ""round_name"": """", ""round_number"": null, ""season_id"": 133, ""status"": ""notstarted"", ""travel_distance_km"": null, ""venue_id"": 1545, ""weather"": {""code"": null, ""description"": null, ""temperature_c"": null, ""wind_speed"": null}}, ""metadata"": {""ai_preview"": {""generated_at"": ""2026-06-09T01:46:38.203768+00:00"", ""text"": ""**Tajikistan's looking for a revenge tour after that 3-1 home win last time**, and India's showing up to this friendly in rough form — winless in five with four defeats. 🎯\n\nTajikistan's recent form is solid (2W-1D-2L), capped by that dominant 3-0 over Pakistan at home. India's been leaky on the road, dropping three straight away matches and struggling to find the back of the net. This one has all the hallmarks of a **Tajikistan control job**.\n\nKey storylines:\n\n- **Tajikistan's attacking threat** led by F. Davlatov and A. Shukurov should find space against an India defense that's been vulnerable on the road\n- **India's defensive shape** anchored by S. Jhingan will need to hold tight early; L. Chhangte and N. M. Singh are their best bets to spark a counterattack\n- **Recency advantage**: Tajikistan just proved they can dismantle this India side, and they're back at the Central Stadium where they thrive\n\nExpected lineups:\n\n- **Tajikistan**: R. Yatimov, Z. Dzhuraboev, A. Nazarov, V. Khanonov, S. Kurbonov, P. Umarbaev, E. Panshanbe, A. Dzhalilov, A. Shukurov, S. Samiev, F. Davlatov\n- **India**: G. Sandhu, R. Bheke, N. Poojary, S. Jhingan, A. Mishra, L. Chhangte, N. M. Singh, R. Ali, F. Choudhary, E. Lalrindika, V. P. Singh\n\nBest picks:\n\n- **Total Goals 3.5**: Under 3.5 goals\n\nPrediction: **Tajikistan 2–0 India**. India's form is dire; Tajikistan has a clear edge here.""}, ""event_id"": 209458, ""funfacts"": [{""sentence"": ""India haven't won any of their last 3 games against Tajikistan."", ""type_id"": 2}, {""sentence"": ""Tajikistan haven't lost in their last 8 games."", ""type_id"": 1}, {""sentence"": ""India haven't won any of their last 10 away matches."", ""type_id"": 1}], ""jerseys"": {""away"": {""GK"": {""base"": ""000000"", ""number"": ""ffffff"", ""real"": true, ""sleeve"": ""2fc02b"", ""type"": ""short_sleeves""}, ""player"": {""base"": ""1997c8"", ""number"": ""ffffff"", ""real"": true, ""sleeve"": ""1997c8"", ""type"": ""short_sleeves""}}, ""home"": {""GK"": {""base"": ""062fc6"", ""number"": ""ffffff"", ""real"": true, ""sleeve"": ""062fc6"", ""type"": ""short_sleeves""}, ""player"": {""base"": ""f10909"", ""number"": ""f6eeee"", ""real"": true, ""sleeve"": ""ecf3ef"", ""type"": ""short_sleeves""}}}}, ""odds"": {""event_id"": 209458, ""odds"": {""away_win"": null, ""btts_no"": null, ""btts_yes"": null, ""draw"": null, ""home_win"": null, ""over_15_goals"": null, ""over_25_goals"": null, ""over_35_goals"": null, ""under_15_goals"": null, ""under_25_goals"": null, ""under_35_goals"": null}}, ""odds_comparison"": {""away_team"": ""India"", ""away_team_id"": 2056, ""bookmakers_count"": 0, ""event_date"": ""2026-06-09T15:00:00Z"", ""event_id"": 209458, ""home_team"": ""Tajikistan"", ""home_team_id"": 2210, ""league_id"": 31, ""league_name"": ""International Friendly Games"", ""markets"": {}, ""total_odds"": 0}, ""prediction"": {""created_at"": ""2026-06-03T02:20:16Z"", ""event"": {""away_team"": ""India"", ""away_team_id"": 2056, ""event_date"": ""2026-06-09T15:00:00Z"", ""home_team"": ""Tajikistan"", ""home_team_id"": 2210, ""id"": 209458, ""league_id"": 31, ""league_name"": ""International Friendly Games"", ""status"": ""notstarted""}, ""id"": 5233, ""markets"": {""btts"": {""prob_yes"": 29.4}, ""expected_goals"": {""away"": 1.3, ""home"": 1.4}, ""match_result"": {""predicted"": ""H"", ""prob_away"": 19.0, ""prob_draw"": 22.0, ""prob_home"": 58.9}, ""over_under"": {""prob_over_15"": 67.2, ""prob_over_25"": 38.4, ""prob_over_35"": 18.9}, ""score"": {""most_likely"": ""1-1""}}, ""model"": {""confidence"": 0.5892, ""version"": ""v5.0""}, ""recommendations"": {""bet_favorite"": false, ""btts"": false, ""favorite"": ""H"", ""favorite_prob"": 58.9, ""over_15"": false, ""over_25"": false, ""over_35"": false, ""winner"": false}}, ""stats"": {""average_positions"": {}, ""event_id"": 209458, ""momentum"": [], ""shotmap"": [], ""stats"": {""away"": {""xg"": {""actual"": null}}, ""home"": {""xg"": {""actual"": null}}}, ""xg_per_minute"": []}}","{""bzzoiro_api_version"": ""v2"", ""bzzoiro_comparison_bridge_hints_added"": 0, ""bzzoiro_context_limit_removed"": true, ""bzzoiro_context_sources_used"": {""compact_odds"": true, ""metadata"": true, ""odds_flat_rows"": 0, ""prediction"": true, ""stats"": true}, ""bzzoiro_draw_probability"": 0.22, ""bzzoiro_event_id"": 209458, ""bzzoiro_is_local_derby"": false, ""bzzoiro_is_neutral_ground"": false, ""bzzoiro_match_quality"": ""exact"", ""bzzoiro_over25_probability"": 0.384, ""bzzoiro_prediction_confidence"": 0.5892, ""bzzoiro_status"": ""notstarted"", ""bzzoiro_travel_distance_km"": null, ""bzzoiro_v2_comparison_hints_added"": 0, ""bzzoiro_v2_odds_comparison_attached"": true, ""bzzoiro_v2_odds_comparison_event_id"": ""209458"", ""bzzoiro_v2_source_matrix_patch"": true, ""bzzoiro_weather"": {""code"": null, ""description"": null, ""temperature_c"": null, ""wind_speed"": null}, ""provider_metric_hints"": {""favorite"": ""H"", ""is_local_derby"": false, ""is_neutral_ground"": false, ""model_version"": ""v5.0"", ""prob_draw"": 0.22, ""prob_over_1_5"": 0.672, ""prob_over_2_5"": 0.384, ""prob_over_3_5"": 0.189, ""provider_confidence"": 0.5892}, ""provider_metric_hints_count"": 9, ""provider_odds_hints"": [], ""provider_odds_hints_count"": 0, ""source_tokens"": [""bzzoiro""]}",5ce3e74e5411fe2c44d895757c67aba9d7617f2b,1
soccer|india|tajikistan|2026-06-09,sstats,xg_form,2026-06-09T03:07:49.166670+00:00,,,55.12254280040425,"{""away_win_probability"": 0.19047142671376827, ""expected_away"": 1.3, ""expected_home"": 1.4, ""favorite_prob"": 0.5891577517142851, ""home_win_probability"": 0.5891577517142851, ""prob_btts_yes"": 0.294262769465416, ""prob_draw"": 0.22037082157194668, ""prob_over_1_5"": 0.6715139013934617, ""prob_over_2_5"": 0.3836465148889975, ""prob_over_3_5"": 0.18920825904655025}","{""btts_recommend"": false, ""confidence"": 58.91577517142851, ""created_at"": ""2026-06-03T02:20:16.046744Z"", ""event"": {""actual_away_xg"": null, ""actual_home_xg"": null, ""ai_preview"": {""generated_at"": ""2026-06-09T01:46:38.203768+00:00"", ""text"": ""**Tajikistan's looking for a revenge tour after that 3-1 home win last time**, and India's showing up to this friendly in rough form — winless in five with four defeats. 🎯\n\nTajikistan's recent form is solid (2W-1D-2L), capped by that dominant 3-0 over Pakistan at home. India's been leaky on the road, dropping three straight away matches and struggling to find the back of the net. This one has all the hallmarks of a **Tajikistan control job**.\n\nKey storylines:\n\n- **Tajikistan's attacking threat** led by F. Davlatov and A. Shukurov should find space against an India defense that's been vulnerable on the road\n- **India's defensive shape** anchored by S. Jhingan will need to hold tight early; L. Chhangte and N. M. Singh are their best bets to spark a counterattack\n- **Recency advantage**: Tajikistan just proved they can dismantle this India side, and they're back at the Central Stadium where they thrive\n\nExpected lineups:\n\n- **Tajikistan**: R. Yatimov, Z. Dzhuraboev, A. Nazarov, V. Khanonov, S. Kurbonov, P. Umarbaev, E. Panshanbe, A. Dzhalilov, A. Shukurov, S. Samiev, F. Davlatov\n- **India**: G. Sandhu, R. Bheke, N. Poojary, S. Jhingan, A. Mishra, L. Chhangte, N. M. Singh, R. Ali, F. Choudhary, E. Lalrindika, V. P. Singh\n\nBest picks:\n\n- **Total Goals 3.5**: Under 3.5 goals\n\nPrediction: **Tajikistan 2–0 India**. India's form is dire; Tajikistan has a clear edge here.""}, ""attendance"": null, ""average_positions"": null, ""away_coach"": {""country"": ""India"", ""defensive_line"": """", ""id"": 1447, ""name"": ""Khalid Jamil"", ""preferred_formation"": ""4-2-3-1"", ""pressing_intensity"": null, ""profile"": ""defensive"", ""short_name"": ""K. Jamil"", ""top_styles"": []}, ""away_score"": null, ""away_score_ht"": null, ""away_team"": ""India"", ""away_team_obj"": {""coach"": {""name"": ""Khalid Jamil"", ""shortName"": ""K. Jamil""}, ""country"": ""India"", ""id"": 2056, ""name"": ""India"", ""short_name"": ""India"", ""venue"": null}, ""away_xg_live"": null, ""current_minute"": null, ""event_date"": ""2026-06-09T15:00:00Z"", ""extra_time_score"": null, ""funfacts"": [{""sentence"": ""India haven't won any of their last 3 games against Tajikistan."", ""type_id"": 2}, {""sentence"": ""Tajikistan haven't lost in their last 8 games."", ""type_id"": 1}, {""sentence"": ""India haven't won any of their last 10 away matches."", ""type_id"": 1}], ""group_name"": null, ""home_coach"": {""country"": ""Georgia"", ""defensive_line"": """", ""id"": 1764, ""name"": ""Gela Shekiladze"", ""preferred_formation"": ""4-3-3"", ""pressing_intensity"": null, ""profile"": ""attacking"", ""short_name"": ""G. Shekiladze"", ""top_styles"": []}, ""home_score"": null, ""home_score_ht"": null, ""home_team"": ""Tajikistan"", ""home_team_obj"": {""coach"": {""name"": ""Gela Shekiladze"", ""shortName"": ""G. Shekiladze""}, ""country"": ""Tajikistan"", ""id"": 2210, ""name"": ""Tajikistan"", ""short_name"": ""Tajikistan"", ""venue"": null}, ""home_xg_live"": null, ""id"": 209458, ""incidents"": null, ""is_local_derby"": false, ""is_neutral_ground"": null, ""jerseys"": {""away"": {""GK"": {""base"": ""000000"", ""number"": ""ffffff"", ""real"": true, ""sleeve"": ""2fc02b"", ""type"": ""short_sleeves""}, ""player"": {""base"": ""1997c8"", ""number"": ""ffffff"", ""real"": true, ""sleeve"": ""1997c8"", ""type"": ""short_sleeves""}}, ""home"": {""GK"": {""base"": ""062fc6"", ""number"": ""ffffff"", ""real"": true, ""sleeve"": ""062fc6"", ""type"": ""short_sleeves""}, ""player"": {""base"": ""f10909"", ""number"": ""f6eeee"", ""real"": true, ""sleeve"": ""ecf3ef"", ""type"": ""short_sleeves""}}}, ""league"": {""country"": ""International"", ""current_season"": {""end_date"": ""2026-12-31"", ""id"": 133, ""name"": ""Int. Friendly Games 2026"", ""start_date"": ""2026-01-01"", ""year"": 2026}, ""id"": 31, ""is_women"": false, ""name"": ""International Friendly Games""}, ""lineups"": null, ""live_stats"": null, ""live_websocket"": true, ""momentum"": null, ""odds_away"": null, ""odds_btts_no"": null, ""odds_btts_yes"": null, ""odds_draw"": null, ""odds_home"": null, ""odds_over_15"": null, ""odds_over_25"": null, ""odds_over_35"": null, ""odds_under_15"": null, ""odds_under_25"": null, ""odds_under_35"": null, ""penalty_shootout"": null, ""period"": """", ""pitch_condition"": null, ""referee"": null, ""round_name"": """", ""round_number"": null, ""season"": {""id"": 133, ""name"": ""Int. Friendly Games 2026"", ""year"": 2026}, ""shotmap"": null, ""sr_stats"": null, ""status"": ""notstarted"", ""temperature_c"": null, ""travel_distance_km"": null, ""unavailable_players"": null, ""venue"": {""built_year"": null, ""capacity"": 20000, ""city"": ""Hisor"", ""country"": ""Tajikistan"", ""id"": 1545, ""latitude"": null, ""longitude"": null, ""name"": ""Central Stadium"", ""pitch_x"": null, ""pitch_y"": null}, ""weather_code"": null, ""wind_speed"": null, ""xg_per_minute"": null}, ""expected_away_goals"": 1.3, ""expected_home_goals"": 1.4, ""favorite"": ""H"", ""favorite_prob"": 58.91577517142851, ""favorite_recommend"": false, ""id"": 5233, ""model_version"": ""v5.0"", ""most_likely_score"": ""1-1"", ""over_15_recommend"": false, ""over_25_recommend"": false, ""over_35_recommend"": false, ""predicted_result"": ""H"", ""prob_away_win"": 19.047142671376825, ""prob_btts_yes"": 29.426276946541602, ""prob_draw"": 22.037082157194668, ""prob_home_win"": 58.91577517142851, ""prob_over_15"": 67.15139013934616, ""prob_over_25"": 38.364651488899746, ""prob_over_35"": 18.920825904655025, ""winner_recommend"": false}","{""favorite"": ""H"", ""favorite_prob"": 0.5891577517142851, ""match_quality"": ""exact"", ""model_version"": ""v5.0"", ""most_likely_score"": ""1-1"", ""prediction_age_hours"": 144.8, ""prediction_created_at"": ""2026-06-03T02:20:16.046744Z"", ""prob_btts_yes"": 0.294262769465416, ""prob_draw"": 0.22037082157194668, ""prob_over_1_5"": 0.6715139013934617, ""prob_over_2_5"": 0.3836465148889975, ""prob_over_3_5"": 0.18920825904655025, ""provider_confidence"": 0.5891577517142851, ""provider_confidence_pct"": 58.916, ""provider_metric_hints"": {""expected_away_goals"": 1.3, ""expected_home_goals"": 1.4, ""expected_total_goals"": 2.7, ""favorite"": ""H"", ""is_local_derby"": false, ""model_version"": ""v5.0"", ""most_likely_score"": ""1-1"", ""prob_away_win"": 0.19047, ""prob_btts_yes"": 0.29426, ""prob_draw"": 0.22037, ""prob_home_win"": 0.58916, ""prob_over_1_5"": 0.67151, ""prob_over_2_5"": 0.38365, ""prob_over_3_5"": 0.18921, ""provider_confidence"": 0.5891577517142851}, ""provider_metric_hints_count"": 15, ""provider_odds_hints_count"": 0, ""sstats_deep_endpoint_count"": 2, ""sstats_deep_endpoints"": {""game_id"": ""5233"", ""injuries"": {""count"": 0, ""data"": [], ""status"": ""OK"", ""traceId"": ""00-aeda3fe403923e4c43f3d7c11420b19d-f431cfa3a392be37-00""}, ""last_games_stats"": {""data"": null, ""message"": ""Данных не найдено"", ""status"": ""error"", ""traceId"": ""00-1aecccf9ae3b1207a6425d0489556a93-750e5450dfd67798-00""}}, ""sstats_mode"": ""bzzoiro_prediction""}",642b8016c9e8a843e27f05026cd74b76de9500af,1
