match_key,market_key,family,selection,point,team_side,best_price,consensus_fair_odds,books,sources,snapshots_count,dispersion_pct,steam_score
soccer|9 octubre|vinotinto ecuador|2026-06-09,h2h|9 de octubre fc||home,h2h,9 de Octubre FC,,home,1.87,1.8509,"[""Bet365"", ""Unibet""]","[""odds_api_io""]",2,1.079,
soccer|9 octubre|vinotinto ecuador|2026-06-09,h2h|draw||,h2h,Draw,,,3.05,2.9167,"[""Bet365"", ""Unibet""]","[""odds_api_io""]",2,2.927,
soccer|9 octubre|vinotinto ecuador|2026-06-09,h2h|vinotinto fc ecuador||away,h2h,Vinotinto FC Ecuador,,away,4.5,4.2954,"[""Bet365"", ""Unibet""]","[""odds_api_io""]",2,2.168,
soccer|9 octubre|vinotinto ecuador|2026-06-09,dnb|9 de octubre fc|0.00|home,dnb,9 de Octubre FC,0.0,home,1.32,1.3097,"[""Bet365"", ""Unibet""]","[""odds_api_io""]",2,1.166,
soccer|9 octubre|vinotinto ecuador|2026-06-09,dnb|vinotinto fc ecuador|0.00|away,dnb,Vinotinto FC Ecuador,0.0,away,3.4,3.078,"[""Bet365"", ""Unibet""]","[""odds_api_io""]",2,6.303,
soccer|9 octubre|vinotinto ecuador|2026-06-09,spreads|9 de octubre fc|-0.50|home,spreads,9 de Octubre FC,-0.5,home,1.875,1.875,"[""Bet365""]","[""odds_api_io""]",1,,
soccer|9 octubre|vinotinto ecuador|2026-06-09,spreads|vinotinto fc ecuador|0.50|away,spreads,Vinotinto FC Ecuador,0.5,away,1.925,1.925,"[""Bet365""]","[""odds_api_io""]",1,,
soccer|9 octubre|vinotinto ecuador|2026-06-09,totals|over|2.00|,totals,Over,2.0,,1.875,1.875,"[""Bet365""]","[""odds_api_io""]",1,,
soccer|9 octubre|vinotinto ecuador|2026-06-09,totals|under|2.00|,totals,Under,2.0,,1.925,1.925,"[""Bet365""]","[""odds_api_io""]",1,,
soccer|9 octubre|vinotinto ecuador|2026-06-09,totals|over|2.50|,totals,Over,2.5,,2.5,2.4399,"[""Bet365"", ""Unibet""]","[""odds_api_io""]",2,2.017,
soccer|9 octubre|vinotinto ecuador|2026-06-09,totals|under|2.50|,totals,Under,2.5,,1.5,1.4902,"[""Bet365"", ""Unibet""]","[""odds_api_io""]",2,0.901,
soccer|9 octubre|vinotinto ecuador|2026-06-09,spreads|9 de octubre fc|-2.50|home,spreads,9 de Octubre FC,-2.5,home,6.8,6.8,"[""Bet365""]","[""odds_api_io""]",1,,
soccer|9 octubre|vinotinto ecuador|2026-06-09,spreads|vinotinto fc ecuador|2.50|away,spreads,Vinotinto FC Ecuador,2.5,away,1.105,1.105,"[""Bet365""]","[""odds_api_io""]",1,,
soccer|9 octubre|vinotinto ecuador|2026-06-09,spreads|9 de octubre fc|-2.25|home,spreads,9 de Octubre FC,-2.25,home,6.4,6.4,"[""Bet365""]","[""odds_api_io""]",1,,
soccer|9 octubre|vinotinto ecuador|2026-06-09,spreads|vinotinto fc ecuador|2.25|away,spreads,Vinotinto FC Ecuador,2.25,away,1.115,1.115,"[""Bet365""]","[""odds_api_io""]",1,,
soccer|9 octubre|vinotinto ecuador|2026-06-09,spreads|9 de octubre fc|-2.00|home,spreads,9 de Octubre FC,-2.0,home,5.9,5.9,"[""Bet365""]","[""odds_api_io""]",1,,
soccer|9 octubre|vinotinto ecuador|2026-06-09,spreads|vinotinto fc ecuador|2.00|away,spreads,Vinotinto FC Ecuador,2.0,away,1.13,1.13,"[""Bet365""]","[""odds_api_io""]",1,,
soccer|9 octubre|vinotinto ecuador|2026-06-09,spreads|9 de octubre fc|-1.75|home,spreads,9 de Octubre FC,-1.75,home,4.15,4.15,"[""Bet365""]","[""odds_api_io""]",1,,
soccer|9 octubre|vinotinto ecuador|2026-06-09,spreads|vinotinto fc ecuador|1.75|away,spreads,Vinotinto FC Ecuador,1.75,away,1.22,1.22,"[""Bet365""]","[""odds_api_io""]",1,,
soccer|9 octubre|vinotinto ecuador|2026-06-09,spreads|9 de octubre fc|-1.50|home,spreads,9 de Octubre FC,-1.5,home,3.3,3.3,"[""Bet365""]","[""odds_api_io""]",1,,
soccer|9 octubre|vinotinto ecuador|2026-06-09,spreads|vinotinto fc ecuador|1.50|away,spreads,Vinotinto FC Ecuador,1.5,away,1.325,1.325,"[""Bet365""]","[""odds_api_io""]",1,,
soccer|9 octubre|vinotinto ecuador|2026-06-09,spreads|9 de octubre fc|-1.00|home,spreads,9 de Octubre FC,-1.0,home,3.1,2.8222,"[""Bet365"", ""Unibet""]","[""odds_api_io""]",2,6.203,
soccer|9 octubre|vinotinto ecuador|2026-06-09,spreads|vinotinto fc ecuador|1.00|away,spreads,Vinotinto FC Ecuador,1.0,away,1.72,1.5852,"[""Bet365"", ""Unibet""]","[""odds_api_io""]",2,9.657,
soccer|9 octubre|vinotinto ecuador|2026-06-09,spreads|9 de octubre fc|-0.75|home,spreads,9 de Octubre FC,-0.75,home,2.1,2.1,"[""Bet365""]","[""odds_api_io""]",1,,
soccer|9 octubre|vinotinto ecuador|2026-06-09,spreads|vinotinto fc ecuador|0.75|away,spreads,Vinotinto FC Ecuador,0.75,away,6.0,6.0,"[""Bet365""]","[""odds_api_io""]",1,,
soccer|9 octubre|vinotinto ecuador|2026-06-09,spreads|9 de octubre fc|-0.25|home,spreads,9 de Octubre FC,-0.25,home,1.6,1.6,"[""Bet365""]","[""odds_api_io""]",1,,
soccer|9 octubre|vinotinto ecuador|2026-06-09,spreads|vinotinto fc ecuador|0.25|away,spreads,Vinotinto FC Ecuador,0.25,away,3.9,3.9,"[""Bet365""]","[""odds_api_io""]",1,,
soccer|9 octubre|vinotinto ecuador|2026-06-09,spreads|9 de octubre fc|0.00|home,spreads,9 de Octubre FC,0.0,home,1.325,1.325,"[""Bet365""]","[""odds_api_io""]",1,,
soccer|9 octubre|vinotinto ecuador|2026-06-09,spreads|vinotinto fc ecuador|-0.00|away,spreads,Vinotinto FC Ecuador,-0.0,away,3.3,3.3,"[""Bet365""]","[""odds_api_io""]",1,,
soccer|9 octubre|vinotinto ecuador|2026-06-09,spreads|9 de octubre fc|0.25|home,spreads,9 de Octubre FC,0.25,home,1.24,1.24,"[""Bet365""]","[""odds_api_io""]",1,,
soccer|9 octubre|vinotinto ecuador|2026-06-09,spreads|vinotinto fc ecuador|-0.25|away,spreads,Vinotinto FC Ecuador,-0.25,away,2.3,2.3,"[""Bet365""]","[""odds_api_io""]",1,,
soccer|9 octubre|vinotinto ecuador|2026-06-09,spreads|9 de octubre fc|0.50|home,spreads,9 de Octubre FC,0.5,home,1.19,1.19,"[""Bet365""]","[""odds_api_io""]",1,,
soccer|9 octubre|vinotinto ecuador|2026-06-09,spreads|vinotinto fc ecuador|-0.50|away,spreads,Vinotinto FC Ecuador,-0.5,away,4.5,4.5,"[""Bet365""]","[""odds_api_io""]",1,,
soccer|9 octubre|vinotinto ecuador|2026-06-09,spreads|9 de octubre fc|0.75|home,spreads,9 de Octubre FC,0.75,home,1.125,1.125,"[""Bet365""]","[""odds_api_io""]",1,,
soccer|9 octubre|vinotinto ecuador|2026-06-09,spreads|vinotinto fc ecuador|-0.75|away,spreads,Vinotinto FC Ecuador,-0.75,away,1.7,1.7,"[""Bet365""]","[""odds_api_io""]",1,,
soccer|9 octubre|vinotinto ecuador|2026-06-09,spreads|9 de octubre fc|-1.25|home,spreads,9 de Octubre FC,-1.25,home,3.0,3.0,"[""Bet365""]","[""odds_api_io""]",1,,
soccer|9 octubre|vinotinto ecuador|2026-06-09,spreads|vinotinto fc ecuador|1.25|away,spreads,Vinotinto FC Ecuador,1.25,away,1.375,1.375,"[""Bet365""]","[""odds_api_io""]",1,,
soccer|9 octubre|vinotinto ecuador|2026-06-09,doubleChance|1x||,doubleChance,1X,,,1.11,1.11,"[""Unibet""]","[""odds_api_io""]",1,,
soccer|9 octubre|vinotinto ecuador|2026-06-09,doubleChance|12||,doubleChance,12,,,1.62,1.62,"[""Unibet""]","[""odds_api_io""]",1,,
soccer|9 octubre|vinotinto ecuador|2026-06-09,doubleChance|x2||,doubleChance,X2,,,1.38,1.38,"[""Unibet""]","[""odds_api_io""]",1,,
soccer|9 octubre|vinotinto ecuador|2026-06-09,totals|over|1.50|,totals,Over,1.5,,1.44,1.44,"[""Unibet""]","[""odds_api_io""]",1,,
soccer|9 octubre|vinotinto ecuador|2026-06-09,totals|under|1.50|,totals,Under,1.5,,2.48,2.48,"[""Unibet""]","[""odds_api_io""]",1,,
soccer|9 octubre|vinotinto ecuador|2026-06-09,totals|over|3.50|,totals,Over,3.5,,4.35,4.35,"[""Unibet""]","[""odds_api_io""]",1,,
soccer|9 octubre|vinotinto ecuador|2026-06-09,totals|under|3.50|,totals,Under,3.5,,1.15,1.15,"[""Unibet""]","[""odds_api_io""]",1,,
soccer|9 octubre|vinotinto ecuador|2026-06-09,totals|over|0.50|,totals,Over,0.5,,1.08,1.08,"[""Unibet""]","[""odds_api_io""]",1,,
soccer|9 octubre|vinotinto ecuador|2026-06-09,totals|under|0.50|,totals,Under,0.5,,6.0,6.0,"[""Unibet""]","[""odds_api_io""]",1,,
soccer|9 octubre|vinotinto ecuador|2026-06-09,btts|yes||,btts,Yes,,,2.12,2.12,"[""Unibet""]","[""odds_api_io""]",1,,
soccer|9 octubre|vinotinto ecuador|2026-06-09,btts|no||,btts,No,,,1.62,1.62,"[""Unibet""]","[""odds_api_io""]",1,,
soccer|9 octubre|vinotinto ecuador|2026-06-09,teamTotals|over|1.50|,teamTotals,Over,1.5,,2.18,2.18,"[""Unibet""]","[""odds_api_io""]",1,,
soccer|9 octubre|vinotinto ecuador|2026-06-09,teamTotals|under|1.50|,teamTotals,Under,1.5,,1.53,1.53,"[""Unibet""]","[""odds_api_io""]",1,,
soccer|9 octubre|vinotinto ecuador|2026-06-09,teamTotals|over|0.50|,teamTotals,Over,0.5,,1.63,1.63,"[""Unibet""]","[""odds_api_io""]",1,,
soccer|9 octubre|vinotinto ecuador|2026-06-09,teamTotals|under|0.50|,teamTotals,Under,0.5,,2.02,2.02,"[""Unibet""]","[""odds_api_io""]",1,,
soccer|fortaleza|nautico|2026-06-09,h2h|nautico||home,h2h,Nautico,,home,2.46,2.3053,"[""Bet365"", ""Unibet"", ""Betfair Exchange"", ""Sbobet"", ""consensus"", ""1xbet"", ""betano"", ""pinnacle"", ""interwetten"", ""unibet"", ""novibet"", ""bwin"", ""sportingbet"", ""betway"", ""888sport"", ""william-hill"", ""bet365"", ""betsson"", ""marathon"", ""oddssafari-consensus"", ""bzzoiro"", ""bzzoiro-consensus""]","[""odds_api_io"", ""bzzoiro""]",22,3.794,
soccer|fortaleza|nautico|2026-06-09,h2h|draw||,h2h,Draw,,,3.15,3.0415,"[""Bet365"", ""Unibet"", ""Betfair Exchange"", ""Sbobet"", ""consensus"", ""1xbet"", ""betano"", ""pinnacle"", ""interwetten"", ""unibet"", ""novibet"", ""bwin"", ""sportingbet"", ""betway"", ""888sport"", ""william-hill"", ""bet365"", ""betsson"", ""marathon"", ""oddssafari-consensus"", ""bzzoiro"", ""bzzoiro-consensus""]","[""odds_api_io"", ""bzzoiro""]",22,2.737,
soccer|fortaleza|nautico|2026-06-09,h2h|fortaleza||away,h2h,Fortaleza,,away,3.45,3.1818,"[""Bet365"", ""Unibet"", ""Betfair Exchange"", ""Sbobet"", ""consensus"", ""1xbet"", ""betano"", ""pinnacle"", ""interwetten"", ""unibet"", ""novibet"", ""bwin"", ""sportingbet"", ""betway"", ""888sport"", ""william-hill"", ""bet365"", ""betsson"", ""marathon"", ""oddssafari-consensus"", ""bzzoiro"", ""bzzoiro-consensus""]","[""odds_api_io"", ""bzzoiro""]",22,4.459,
soccer|fortaleza|nautico|2026-06-09,dnb|nautico|0.00|home,dnb,Nautico,0.0,home,1.69,1.6296,"[""Bet365"", ""Unibet"", ""Betfair Exchange""]","[""odds_api_io""]",3,4.482,
soccer|fortaleza|nautico|2026-06-09,dnb|fortaleza|0.00|away,dnb,Fortaleza,0.0,away,2.38,2.2414,"[""Bet365"", ""Unibet"", ""Betfair Exchange""]","[""odds_api_io""]",3,5.602,
soccer|fortaleza|nautico|2026-06-09,spreads|nautico|-0.25|home,spreads,Nautico,-0.25,home,2.07,2.0377,"[""Bet365"", ""Betfair Exchange"", ""Sbobet""]","[""odds_api_io""]",3,2.324,
soccer|fortaleza|nautico|2026-06-09,spreads|fortaleza|0.25|away,spreads,Fortaleza,0.25,away,1.9,1.8516,"[""Bet365"", ""Betfair Exchange"", ""Sbobet""]","[""odds_api_io""]",3,2.163,
soccer|fortaleza|nautico|2026-06-09,totals|over|2.25|,totals,Over,2.25,,2.11,2.065,"[""Bet365"", ""Betfair Exchange"", ""Sbobet""]","[""odds_api_io""]",3,1.989,
soccer|fortaleza|nautico|2026-06-09,totals|under|2.25|,totals,Under,2.25,,1.86,1.8182,"[""Bet365"", ""Betfair Exchange"", ""Sbobet""]","[""odds_api_io""]",3,2.575,
soccer|fortaleza|nautico|2026-06-09,totals|over|2.50|,totals,Over,2.5,,2.44,2.2676,"[""Bet365"", ""Unibet"", ""Betfair Exchange"", ""bzzoiro"", ""pinnacle"", ""bet365"", ""1xbet"", ""consensus"", ""marathon"", ""oddssafariconsensus"", ""888sport"", ""betano"", ""bwin"", ""novibet"", ""sportingbet"", ""unibet"", ""betsson"", ""betway"", ""interwetten"", ""bzzoiro-consensus""]","[""odds_api_io"", ""bzzoiro""]",21,4.888,
soccer|fortaleza|nautico|2026-06-09,totals|under|2.50|,totals,Under,2.5,,1.67,1.6145,"[""Bet365"", ""Unibet"", ""Betfair Exchange"", ""bzzoiro"", ""bzzoiro-consensus""]","[""odds_api_io"", ""bzzoiro""]",5,3.013,
soccer|fortaleza|nautico|2026-06-09,btts|yes||,btts,Yes,,,2.02,1.9277,"[""Bet365"", ""Unibet"", ""Betfair Exchange"", ""consensus"", ""1xbet"", ""betano"", ""pinnacle"", ""interwetten"", ""unibet"", ""novibet"", ""bwin"", ""sportingbet"", ""betway"", ""888sport"", ""william-hill"", ""bet365"", ""betsson"", ""marathon"", ""oddssafari-consensus"", ""bzzoiro"", ""bzzoiro-consensus""]","[""odds_api_io"", ""bzzoiro""]",21,3.687,
soccer|fortaleza|nautico|2026-06-09,btts|no||,btts,No,,,1.94,1.8014,"[""Bet365"", ""Unibet"", ""Betfair Exchange"", ""consensus"", ""1xbet"", ""betano"", ""pinnacle"", ""interwetten"", ""unibet"", ""novibet"", ""bwin"", ""sportingbet"", ""betway"", ""888sport"", ""william-hill"", ""bet365"", ""betsson"", ""marathon"", ""oddssafari-consensus"", ""bzzoiro"", ""bzzoiro-consensus""]","[""odds_api_io"", ""bzzoiro""]",21,5.596,
soccer|fortaleza|nautico|2026-06-09,spreads|nautico|-1.00|home,spreads,Nautico,-1.0,home,5.8,4.5561,"[""Bet365"", ""Unibet"", ""Betfair Exchange""]","[""odds_api_io""]",5,9.786,
soccer|fortaleza|nautico|2026-06-09,spreads|fortaleza|-1.00|away,spreads,Fortaleza,-1.0,away,9.8,2.6105,"[""Bet365"", ""Unibet"", ""Betfair Exchange""]","[""odds_api_io""]",6,69.161,
soccer|fortaleza|nautico|2026-06-09,spreads|nautico|1.00|home,spreads,Nautico,1.0,home,1.825,1.3096,"[""Bet365"", ""Unibet"", ""Betfair Exchange""]","[""odds_api_io""]",5,34.892,
soccer|fortaleza|nautico|2026-06-09,teamTotals|over|0.50|,teamTotals,Over,0.5,,1.5,1.3864,"[""Bet365"", ""Unibet""]","[""odds_api_io""]",4,10.853,
soccer|fortaleza|nautico|2026-06-09,teamTotals|under|0.50|,teamTotals,Under,0.5,,3.35,2.8748,"[""Bet365"", ""Unibet""]","[""odds_api_io""]",4,10.149,
soccer|fortaleza|nautico|2026-06-09,teamTotals|over|3.50|,teamTotals,Over,3.5,,26.0,19.0964,"[""Bet365"", ""Unibet""]","[""odds_api_io""]",3,2.821,
soccer|fortaleza|nautico|2026-06-09,teamTotals|under|3.50|,teamTotals,Under,3.5,,1.02,1.0166,"[""Bet365"", ""Unibet""]","[""odds_api_io""]",3,0.971,
soccer|fortaleza|nautico|2026-06-09,teamTotals|over|1.50|,teamTotals,Over,1.5,,3.4,2.7927,"[""Bet365"", ""Unibet""]","[""odds_api_io""]",4,12.255,
soccer|fortaleza|nautico|2026-06-09,teamTotals|under|1.50|,teamTotals,Under,1.5,,1.5,1.4011,"[""Bet365"", ""Unibet""]","[""odds_api_io""]",4,10.256,
soccer|fortaleza|nautico|2026-06-09,teamTotals|over|2.50|,teamTotals,Over,2.5,,10.0,7.0875,"[""Bet365"", ""Unibet""]","[""odds_api_io""]",4,7.857,
soccer|fortaleza|nautico|2026-06-09,teamTotals|under|2.50|,teamTotals,Under,2.5,,1.111,1.0852,"[""Bet365"", ""Unibet""]","[""odds_api_io""]",4,4.331,
soccer|fortaleza|nautico|2026-06-09,teamTotals|over|4.50|,teamTotals,Over,4.5,,51.0,51.0,"[""Bet365""]","[""odds_api_io""]",1,,
soccer|fortaleza|nautico|2026-06-09,teamTotals|under|4.50|,teamTotals,Under,4.5,,1.002,1.002,"[""Bet365""]","[""odds_api_io""]",1,,
soccer|fortaleza|nautico|2026-06-09,spreads|nautico|-1.75|home,spreads,Nautico,-1.75,home,8.24,7.2209,"[""Bet365"", ""Betfair Exchange""]","[""odds_api_io""]",2,3.489,
soccer|fortaleza|nautico|2026-06-09,spreads|fortaleza|1.75|away,spreads,Fortaleza,1.75,away,1.12,1.1175,"[""Bet365"", ""Betfair Exchange""]","[""odds_api_io""]",2,0.4,
soccer|fortaleza|nautico|2026-06-09,spreads|nautico|-1.50|home,spreads,Nautico,-1.5,home,5.83,4.8652,"[""Bet365"", ""Unibet"", ""Betfair Exchange""]","[""odds_api_io""]",3,6.103,
soccer|fortaleza|nautico|2026-06-09,spreads|fortaleza|1.50|away,spreads,Fortaleza,1.5,away,1.19,1.1802,"[""Bet365"", ""Unibet"", ""Betfair Exchange""]","[""odds_api_io""]",3,1.436,
soccer|fortaleza|nautico|2026-06-09,spreads|nautico|-1.25|home,spreads,Nautico,-1.25,home,5.17,4.6734,"[""Bet365"", ""Betfair Exchange""]","[""odds_api_io""]",2,4.187,
soccer|fortaleza|nautico|2026-06-09,spreads|fortaleza|1.25|away,spreads,Fortaleza,1.25,away,7.0,2.0516,"[""Bet365"", ""Betfair Exchange""]","[""odds_api_io""]",2,67.681,
soccer|fortaleza|nautico|2026-06-09,spreads|fortaleza|1.00|away,spreads,Fortaleza,1.0,away,6.4,1.8307,"[""Bet365"", ""Unibet"", ""Betfair Exchange""]","[""odds_api_io""]",4,63.74,
soccer|fortaleza|nautico|2026-06-09,spreads|nautico|-0.75|home,spreads,Nautico,-0.75,home,3.05,2.895,"[""Bet365"", ""Betfair Exchange""]","[""odds_api_io""]",2,3.577,
soccer|fortaleza|nautico|2026-06-09,spreads|fortaleza|0.75|away,spreads,Fortaleza,0.75,away,4.15,2.1414,"[""Bet365"", ""Betfair Exchange""]","[""odds_api_io""]",2,44.397,
soccer|fortaleza|nautico|2026-06-09,spreads|nautico|-0.50|home,spreads,Nautico,-0.5,home,2.65,2.3823,"[""Bet365"", ""Unibet"", ""Betfair Exchange""]","[""odds_api_io""]",4,8.347,
soccer|fortaleza|nautico|2026-06-09,spreads|fortaleza|0.50|away,spreads,Fortaleza,0.5,away,3.3,1.9627,"[""Bet365"", ""Unibet"", ""Betfair Exchange""]","[""odds_api_io""]",3,32.197,
soccer|fortaleza|nautico|2026-06-09,spreads|nautico|0.00|home,spreads,Nautico,0.0,home,1.71,1.6656,"[""Bet365"", ""Betfair Exchange"", ""Sbobet""]","[""odds_api_io""]",3,4.02,
soccer|fortaleza|nautico|2026-06-09,spreads|fortaleza|-0.00|away,spreads,Fortaleza,-0.0,away,2.38,2.3026,"[""Bet365"", ""Betfair Exchange"", ""Sbobet""]","[""odds_api_io""]",3,2.826,
soccer|fortaleza|nautico|2026-06-09,spreads|nautico|0.25|home,spreads,Nautico,0.25,home,1.5,1.4622,"[""Bet365"", ""Betfair Exchange""]","[""odds_api_io""]",2,3.509,
soccer|fortaleza|nautico|2026-06-09,spreads|fortaleza|-0.25|away,spreads,Fortaleza,-0.25,away,2.91,2.8292,"[""Bet365"", ""Betfair Exchange""]","[""odds_api_io""]",2,1.999,
soccer|fortaleza|nautico|2026-06-09,spreads|nautico|0.50|home,spreads,Nautico,0.5,home,1.39,1.3485,"[""Bet365"", ""Unibet"", ""Betfair Exchange""]","[""odds_api_io""]",3,3.529,
soccer|fortaleza|nautico|2026-06-09,spreads|fortaleza|-0.50|away,spreads,Fortaleza,-0.5,away,3.45,2.2055,"[""Bet365"", ""Unibet"", ""Betfair Exchange""]","[""odds_api_io""]",4,33.514,
soccer|fortaleza|nautico|2026-06-09,spreads|nautico|0.75|home,spreads,Nautico,0.75,home,1.25,1.2351,"[""Bet365"", ""Betfair Exchange""]","[""odds_api_io""]",2,1.967,
soccer|fortaleza|nautico|2026-06-09,spreads|fortaleza|-0.75|away,spreads,Fortaleza,-0.75,away,4.62,2.1993,"[""Bet365"", ""Betfair Exchange""]","[""odds_api_io""]",2,48.53,
soccer|fortaleza|nautico|2026-06-09,spreads|nautico|1.25|home,spreads,Nautico,1.25,home,1.11,1.1051,"[""Bet365"", ""Betfair Exchange""]","[""odds_api_io""]",2,0.819,
soccer|fortaleza|nautico|2026-06-09,spreads|fortaleza|-1.25|away,spreads,Fortaleza,-1.25,away,8.87,2.1593,"[""Bet365"", ""Betfair Exchange""]","[""odds_api_io""]",2,71.371,
soccer|fortaleza|nautico|2026-06-09,doubleChance|1x||,doubleChance,1X,,,1.39,1.2975,"[""Unibet"", ""Betfair Exchange""]","[""odds_api_io""]",2,10.702,
soccer|fortaleza|nautico|2026-06-09,doubleChance|12||,doubleChance,12,,,1.65,1.5335,"[""Unibet"", ""Betfair Exchange""]","[""odds_api_io""]",2,8.838,
soccer|fortaleza|nautico|2026-06-09,doubleChance|x2||,doubleChance,X2,,,1.66,1.4896,"[""Unibet"", ""Betfair Exchange""]","[""odds_api_io""]",2,14.386,
soccer|fortaleza|nautico|2026-06-09,spreads|nautico|1.50|home,spreads,Nautico,1.5,home,1.1,1.0854,"[""Unibet"", ""Betfair Exchange""]","[""odds_api_io""]",2,2.549,
soccer|fortaleza|nautico|2026-06-09,spreads|fortaleza|-1.50|away,spreads,Fortaleza,-1.5,away,9.8,7.7037,"[""Unibet"", ""Betfair Exchange""]","[""odds_api_io""]",2,5.796,
soccer|fortaleza|nautico|2026-06-09,totals|over|4.50|,totals,Over,4.5,,11.5,9.8368,"[""Unibet"", ""Betfair Exchange""]","[""odds_api_io""]",2,3.069,
soccer|fortaleza|nautico|2026-06-09,totals|under|4.50|,totals,Under,4.5,,1.08,1.0654,"[""Unibet"", ""Betfair Exchange""]","[""odds_api_io""]",2,2.646,
soccer|fortaleza|nautico|2026-06-09,totals|over|1.50|,totals,Over,1.5,,1.47,1.4138,"[""Unibet"", ""Betfair Exchange"", ""bzzoiro-consensus""]","[""odds_api_io"", ""bzzoiro""]",3,4.965,
soccer|fortaleza|nautico|2026-06-09,totals|under|1.50|,totals,Under,1.5,,3.05,2.7554,"[""Unibet"", ""Betfair Exchange"", ""bzzoiro"", ""novibet"", ""betway"", ""pinnacle"", ""bet365"", ""betsson"", ""bwin"", ""interwetten"", ""sportingbet"", ""oddssafariconsensus"", ""888sport"", ""betano"", ""consensus"", ""1xbet"", ""marathon"", ""unibet"", ""bzzoiro-consensus""]","[""odds_api_io"", ""bzzoiro""]",19,5.675,
soccer|fortaleza|nautico|2026-06-09,totals|over|3.50|,totals,Over,3.5,,4.84,4.1419,"[""Unibet"", ""Betfair Exchange"", ""bzzoiro"", ""pinnacle"", ""888sport"", ""bet365"", ""bwin"", ""sportingbet"", ""oddssafariconsensus"", ""consensus"", ""betsson"", ""betano"", ""betway"", ""interwetten"", ""novibet"", ""unibet"", ""1xbet"", ""marathon"", ""bzzoiro-consensus""]","[""odds_api_io"", ""bzzoiro""]",19,4.72,
soccer|fortaleza|nautico|2026-06-09,totals|under|3.50|,totals,Under,3.5,,1.24,1.214,"[""Unibet"", ""Betfair Exchange"", ""bzzoiro-consensus""]","[""odds_api_io"", ""bzzoiro""]",3,3.388,
soccer|fortaleza|nautico|2026-06-09,totals|over|0.50|,totals,Over,0.5,,1.11,1.0804,"[""Unibet"", ""Betfair Exchange""]","[""odds_api_io""]",2,5.148,
soccer|fortaleza|nautico|2026-06-09,totals|under|0.50|,totals,Under,0.5,,9.33,8.6417,"[""Unibet"", ""Betfair Exchange""]","[""odds_api_io""]",2,1.782,
soccer|fortaleza|nautico|2026-06-09,totals|over|5.50|,totals,Over,5.5,,30.0,23.486,"[""Unibet"", ""Betfair Exchange""]","[""odds_api_io""]",2,1.93,
soccer|fortaleza|nautico|2026-06-09,spreads|nautico|-2.00|home,spreads,Nautico,-2.0,home,15.5,13.0286,"[""Unibet"", ""Betfair Exchange""]","[""odds_api_io""]",3,3.072,
soccer|fortaleza|nautico|2026-06-09,spreads|fortaleza|2.00|away,spreads,Fortaleza,2.0,away,1.19,1.1332,"[""Unibet"", ""Betfair Exchange""]","[""odds_api_io""]",3,10.306,
soccer|fortaleza|nautico|2026-06-09,spreads|nautico|2.00|home,spreads,Nautico,2.0,home,1.1,1.0621,"[""Unibet"", ""Betfair Exchange""]","[""odds_api_io""]",3,7.13,
soccer|fortaleza|nautico|2026-06-09,spreads|fortaleza|-2.00|away,spreads,Fortaleza,-2.0,away,30.0,22.4969,"[""Unibet"", ""Betfair Exchange""]","[""odds_api_io""]",3,3.333,
soccer|fortaleza|nautico|2026-06-09,spreads|nautico|1.75|home,spreads,Nautico,1.75,home,1.06,1.06,"[""Betfair Exchange""]","[""odds_api_io""]",1,,
soccer|fortaleza|nautico|2026-06-09,spreads|fortaleza|-1.75|away,spreads,Fortaleza,-1.75,away,14.32,14.32,"[""Betfair Exchange""]","[""odds_api_io""]",1,,
soccer|fortaleza|nautico|2026-06-09,spreads|nautico|2.50|home,spreads,Nautico,2.5,home,1.02,1.02,"[""Betfair Exchange""]","[""odds_api_io""]",1,,
soccer|fortaleza|nautico|2026-06-09,spreads|fortaleza|-2.50|away,spreads,Fortaleza,-2.5,away,30.58,30.58,"[""Betfair Exchange""]","[""odds_api_io""]",1,,
soccer|fortaleza|nautico|2026-06-09,spreads|nautico|2.25|home,spreads,Nautico,2.25,home,1.02,1.02,"[""Betfair Exchange""]","[""odds_api_io""]",1,,
soccer|fortaleza|nautico|2026-06-09,spreads|fortaleza|-2.25|away,spreads,Fortaleza,-2.25,away,29.52,29.52,"[""Betfair Exchange""]","[""odds_api_io""]",1,,
soccer|fortaleza|nautico|2026-06-09,spreads|nautico|2.75|home,spreads,Nautico,2.75,home,1.01,1.01,"[""Betfair Exchange""]","[""odds_api_io""]",1,,
soccer|fortaleza|nautico|2026-06-09,spreads|fortaleza|-2.75|away,spreads,Fortaleza,-2.75,away,48.9,48.9,"[""Betfair Exchange""]","[""odds_api_io""]",1,,
soccer|fortaleza|nautico|2026-06-09,spreads|nautico|-2.25|home,spreads,Nautico,-2.25,home,14.72,14.72,"[""Betfair Exchange""]","[""odds_api_io""]",1,,
soccer|fortaleza|nautico|2026-06-09,spreads|fortaleza|2.25|away,spreads,Fortaleza,2.25,away,1.05,1.05,"[""Betfair Exchange""]","[""odds_api_io""]",1,,
soccer|fortaleza|nautico|2026-06-09,spreads|nautico|-3.00|home,spreads,Nautico,-3.0,home,60.0,58.7443,"[""Betfair Exchange""]","[""odds_api_io""]",2,0.071,
soccer|fortaleza|nautico|2026-06-09,spreads|fortaleza|3.00|away,spreads,Fortaleza,3.0,away,1.05,1.0296,"[""Betfair Exchange""]","[""odds_api_io""]",2,3.772,
soccer|fortaleza|nautico|2026-06-09,spreads|nautico|-2.75|home,spreads,Nautico,-2.75,home,24.11,24.11,"[""Betfair Exchange""]","[""odds_api_io""]",1,,
soccer|fortaleza|nautico|2026-06-09,spreads|fortaleza|2.75|away,spreads,Fortaleza,2.75,away,1.03,1.03,"[""Betfair Exchange""]","[""odds_api_io""]",1,,
soccer|fortaleza|nautico|2026-06-09,spreads|nautico|-3.50|home,spreads,Nautico,-3.5,home,60.0,60.0,"[""Betfair Exchange""]","[""odds_api_io""]",1,,
soccer|fortaleza|nautico|2026-06-09,spreads|fortaleza|3.50|away,spreads,Fortaleza,3.5,away,1.01,1.01,"[""Betfair Exchange""]","[""odds_api_io""]",1,,
soccer|fortaleza|nautico|2026-06-09,spreads|nautico|-2.50|home,spreads,Nautico,-2.5,home,15.55,15.55,"[""Betfair Exchange""]","[""odds_api_io""]",1,,
soccer|fortaleza|nautico|2026-06-09,spreads|fortaleza|2.50|away,spreads,Fortaleza,2.5,away,1.05,1.05,"[""Betfair Exchange""]","[""odds_api_io""]",1,,
soccer|fortaleza|nautico|2026-06-09,spreads|nautico|-3.25|home,spreads,Nautico,-3.25,home,58.77,58.77,"[""Betfair Exchange""]","[""odds_api_io""]",1,,
soccer|fortaleza|nautico|2026-06-09,spreads|fortaleza|3.25|away,spreads,Fortaleza,3.25,away,1.01,1.01,"[""Betfair Exchange""]","[""odds_api_io""]",1,,
soccer|fortaleza|nautico|2026-06-09,totals|over|2.00|,totals,Over,2.0,,1.79,1.7701,"[""Betfair Exchange"", ""Sbobet""]","[""odds_api_io""]",2,1.277,
soccer|fortaleza|nautico|2026-06-09,totals|under|2.00|,totals,Under,2.0,,2.22,2.18,"[""Betfair Exchange"", ""Sbobet""]","[""odds_api_io""]",2,1.684,
soccer|fortaleza|nautico|2026-06-09,totals|over|1.25|,totals,Over,1.25,,1.31,1.31,"[""Betfair Exchange""]","[""odds_api_io""]",1,,
soccer|fortaleza|nautico|2026-06-09,totals|under|1.25|,totals,Under,1.25,,4.04,4.04,"[""Betfair Exchange""]","[""odds_api_io""]",1,,
soccer|fortaleza|nautico|2026-06-09,totals|over|1.75|,totals,Over,1.75,,1.59,1.59,"[""Betfair Exchange""]","[""odds_api_io""]",1,,
soccer|fortaleza|nautico|2026-06-09,totals|under|1.75|,totals,Under,1.75,,2.61,2.61,"[""Betfair Exchange""]","[""odds_api_io""]",1,,
soccer|fortaleza|nautico|2026-06-09,totals|over|1.00|,totals,Over,1.0,,1.15,1.15,"[""Betfair Exchange""]","[""odds_api_io""]",1,,
soccer|fortaleza|nautico|2026-06-09,totals|under|1.00|,totals,Under,1.0,,6.93,6.93,"[""Betfair Exchange""]","[""odds_api_io""]",1,,
soccer|fortaleza|nautico|2026-06-09,totals|over|0.75|,totals,Over,0.75,,1.12,1.12,"[""Betfair Exchange""]","[""odds_api_io""]",1,,
soccer|fortaleza|nautico|2026-06-09,totals|under|0.75|,totals,Under,0.75,,7.84,7.84,"[""Betfair Exchange""]","[""odds_api_io""]",1,,
soccer|fortaleza|nautico|2026-06-09,totals|over|4.25|,totals,Over,4.25,,10.81,10.81,"[""Betfair Exchange""]","[""odds_api_io""]",1,,
soccer|fortaleza|nautico|2026-06-09,totals|under|4.25|,totals,Under,4.25,,1.08,1.08,"[""Betfair Exchange""]","[""odds_api_io""]",1,,
soccer|fortaleza|nautico|2026-06-09,totals|over|3.75|,totals,Over,3.75,,6.41,6.41,"[""Betfair Exchange""]","[""odds_api_io""]",1,,
soccer|fortaleza|nautico|2026-06-09,totals|under|3.75|,totals,Under,3.75,,1.16,1.16,"[""Betfair Exchange""]","[""odds_api_io""]",1,,
soccer|fortaleza|nautico|2026-06-09,totals|over|4.75|,totals,Over,4.75,,16.44,16.44,"[""Betfair Exchange""]","[""odds_api_io""]",1,,
soccer|fortaleza|nautico|2026-06-09,totals|under|4.75|,totals,Under,4.75,,1.05,1.05,"[""Betfair Exchange""]","[""odds_api_io""]",1,,
soccer|fortaleza|nautico|2026-06-09,totals|over|3.00|,totals,Over,3.0,,3.86,3.86,"[""Betfair Exchange""]","[""odds_api_io""]",1,,
soccer|fortaleza|nautico|2026-06-09,totals|under|3.00|,totals,Under,3.0,,1.32,1.32,"[""Betfair Exchange""]","[""odds_api_io""]",1,,
soccer|fortaleza|nautico|2026-06-09,totals|over|4.00|,totals,Over,4.0,,10.12,10.12,"[""Betfair Exchange""]","[""odds_api_io""]",1,,
soccer|fortaleza|nautico|2026-06-09,totals|under|4.00|,totals,Under,4.0,,1.09,1.09,"[""Betfair Exchange""]","[""odds_api_io""]",1,,
soccer|fortaleza|nautico|2026-06-09,totals|over|2.75|,totals,Over,2.75,,2.91,2.91,"[""Betfair Exchange""]","[""odds_api_io""]",1,,
soccer|fortaleza|nautico|2026-06-09,totals|under|2.75|,totals,Under,2.75,,1.5,1.5,"[""Betfair Exchange""]","[""odds_api_io""]",1,,
soccer|fortaleza|nautico|2026-06-09,totals|over|3.25|,totals,Over,3.25,,4.35,4.35,"[""Betfair Exchange""]","[""odds_api_io""]",1,,
soccer|fortaleza|nautico|2026-06-09,totals|under|3.25|,totals,Under,3.25,,1.28,1.28,"[""Betfair Exchange""]","[""odds_api_io""]",1,,
soccer|fortaleza|nautico|2026-06-09,totals|under|5.50|,totals,Under,5.5,,1.02,1.02,"[""Betfair Exchange""]","[""odds_api_io""]",1,,
soccer|fortaleza|nautico|2026-06-09,totals|over|5.25|,totals,Over,5.25,,29.19,29.19,"[""Betfair Exchange""]","[""odds_api_io""]",1,,
soccer|fortaleza|nautico|2026-06-09,totals|under|5.25|,totals,Under,5.25,,1.02,1.02,"[""Betfair Exchange""]","[""odds_api_io""]",1,,
soccer|fortaleza|nautico|2026-06-09,totals|over|5.00|,totals,Over,5.0,,28.39,28.39,"[""Betfair Exchange""]","[""odds_api_io""]",1,,
soccer|fortaleza|nautico|2026-06-09,totals|under|5.00|,totals,Under,5.0,,1.02,1.02,"[""Betfair Exchange""]","[""odds_api_io""]",1,,
soccer|fortaleza|nautico|2026-06-09,spreads|nautico|3.00|home,spreads,Nautico,3.0,home,1.02,1.02,"[""Betfair Exchange""]","[""odds_api_io""]",1,,
soccer|fortaleza|nautico|2026-06-09,spreads|fortaleza|-3.00|away,spreads,Fortaleza,-3.0,away,130.0,130.0,"[""Betfair Exchange""]","[""odds_api_io""]",1,,
soccer|fortaleza|nautico|2026-06-09,totals|under|6.50|,totals,Under,6.5,,5.92,5.5649,"[""oddssafariconsensus"", ""novibet""]","[""bzzoiro""]",2,2.156,
soccer|fortaleza|nautico|2026-06-09,totals|over|12.50|,totals,Over,12.5,,4.5,3.8785,"[""novibet"", ""oddssafariconsensus"", ""bwin"", ""sportingbet"", ""betsson""]","[""bzzoiro""]",5,5.175,
soccer|fortaleza|nautico|2026-06-09,totals|under|7.50|,totals,Under,7.5,,4.0,3.6909,"[""bwin"", ""sportingbet"", ""oddssafariconsensus"", ""betsson"", ""novibet"", ""marathon""]","[""bzzoiro""]",6,4.24,
soccer|fortaleza|nautico|2026-06-09,totals|over|11.50|,totals,Over,11.5,,3.25,2.9075,"[""novibet"", ""marathon"", ""betsson"", ""oddssafariconsensus"", ""betway"", ""bwin"", ""sportingbet""]","[""bzzoiro""]",7,6.268,
soccer|fortaleza|nautico|2026-06-09,totals|under|8.50|,totals,Under,8.5,,2.7,2.5482,"[""bwin"", ""sportingbet"", ""pinnacle"", ""betsson"", ""oddssafariconsensus"", ""betway"", ""novibet"", ""marathon"", ""unibet""]","[""bzzoiro""]",9,4.98,
soccer|fortaleza|nautico|2026-06-09,totals|over|11.00|,totals,Over,11.0,,2.44,2.44,"[""oddssafariconsensus"", ""pinnacle""]","[""bzzoiro""]",2,,
soccer|fortaleza|nautico|2026-06-09,totals|over|10.50|,totals,Over,10.5,,2.4,2.2123,"[""novibet"", ""betway"", ""unibet"", ""marathon"", ""betsson"", ""oddssafariconsensus"", ""pinnacle"", ""bet365"", ""bwin"", ""sportingbet""]","[""bzzoiro""]",10,7.114,
soccer|fortaleza|nautico|2026-06-09,totals|under|9.00|,totals,Under,9.0,,2.33,2.33,"[""oddssafariconsensus"", ""pinnacle""]","[""bzzoiro""]",2,,
soccer|fortaleza|nautico|2026-06-09,totals|under|9.50|,totals,Under,9.5,,2.05,2.05,"[""bwin"", ""sportingbet""]","[""bzzoiro""]",2,,
soccer|fortaleza|nautico|2026-06-09,totals|over|15.00|,totals,Over,15.0,,1.4,1.4,"[""over@1.5""]","[""bzzoiro""]",1,,
soccer|fortaleza|nautico|2026-06-09,totals|under|15.00|,totals,Under,15.0,,2.69,2.69,"[""under@1.5""]","[""bzzoiro""]",1,,
soccer|fortaleza|nautico|2026-06-09,totals|over|25.00|,totals,Over,25.0,,2.27,2.27,"[""over@2.5""]","[""bzzoiro""]",1,,
soccer|fortaleza|nautico|2026-06-09,totals|under|25.00|,totals,Under,25.0,,1.59,1.59,"[""under@2.5""]","[""bzzoiro""]",1,,
soccer|fortaleza|nautico|2026-06-09,totals|over|35.00|,totals,Over,35.0,,4.09,4.09,"[""over@3.5""]","[""bzzoiro""]",1,,
soccer|fortaleza|nautico|2026-06-09,totals|under|35.00|,totals,Under,35.0,,1.19,1.19,"[""under@3.5""]","[""bzzoiro""]",1,,
soccer|fortaleza|nautico|2026-06-09,totals|over||,totals,Over,,,15.5,2.2883,"[""over@8.5"", ""over@9.0"", ""over@9.5"", ""over@10.0"", ""over@10.5"", ""over@11.0"", ""over@4.5"", ""over@5.5"", ""over@6.5"", ""over@7.5"", ""over@11.5"", ""over@12.5"", ""over@13.5"", ""over@14.5"", ""over@15.5"", ""over@16.5"", ""over@17.5"", ""over@0.5"", ""over@1.5""]","[""bzzoiro""]",19,92.558,
soccer|fortaleza|nautico|2026-06-09,totals|under||,totals,Under,,,12.25,1.5815,"[""under@8.5"", ""under@9.0"", ""under@9.5"", ""under@10.0"", ""under@10.5"", ""under@11.0"", ""under@4.5"", ""under@5.5"", ""under@6.5"", ""under@7.5"", ""under@11.5"", ""under@12.5"", ""under@13.5"", ""under@14.5"", ""under@15.5"", ""under@16.5"", ""under@17.5"", ""under@0.5"", ""under@1.5""]","[""bzzoiro""]",19,91.737,
soccer|as far rabat|maghreb as fes|2026-06-09,h2h|maghreb as de fes||home,h2h,Maghreb AS de Fes,,home,3.55,3.1908,"[""Unibet"", ""Betfair Exchange"", ""Sbobet"", ""1xbet"", ""betano"", ""pinnacle"", ""interwetten"", ""unibet"", ""novibet"", ""bwin"", ""sportingbet"", ""betway"", ""888sport"", ""william-hill"", ""bet365"", ""betsson"", ""marathon"", ""oddssafari-consensus"", ""bzzoiro""]","[""odds_api_io"", ""bzzoiro""]",19,5.164,
soccer|as far rabat|maghreb as fes|2026-06-09,h2h|draw||,h2h,Draw,,,3.1,2.8066,"[""Unibet"", ""Betfair Exchange"", ""Sbobet"", ""1xbet"", ""betano"", ""pinnacle"", ""interwetten"", ""unibet"", ""novibet"", ""bwin"", ""sportingbet"", ""betway"", ""888sport"", ""william-hill"", ""bet365"", ""betsson"", ""marathon"", ""oddssafari-consensus"", ""bzzoiro""]","[""odds_api_io"", ""bzzoiro""]",19,5.91,
soccer|as far rabat|maghreb as fes|2026-06-09,h2h|as far rabat||away,h2h,AS Far Rabat,,away,2.5,2.3181,"[""Unibet"", ""Betfair Exchange"", ""Sbobet"", ""1xbet"", ""betano"", ""pinnacle"", ""interwetten"", ""unibet"", ""novibet"", ""bwin"", ""sportingbet"", ""betway"", ""888sport"", ""william-hill"", ""bet365"", ""betsson"", ""marathon"", ""oddssafari-consensus"", ""bzzoiro""]","[""odds_api_io"", ""bzzoiro""]",19,5.455,
soccer|as far rabat|maghreb as fes|2026-06-09,dnb|maghreb as de fes|0.00|home,dnb,Maghreb AS de Fes,0.0,home,2.34,2.2292,"[""Unibet"", ""Betfair Exchange""]","[""odds_api_io""]",2,4.435,
soccer|as far rabat|maghreb as fes|2026-06-09,dnb|as far rabat|0.00|away,dnb,AS Far Rabat,0.0,away,1.65,1.6056,"[""Unibet"", ""Betfair Exchange""]","[""odds_api_io""]",2,3.497,
soccer|as far rabat|maghreb as fes|2026-06-09,doubleChance|1x||,doubleChance,1X,,,1.53,1.5056,"[""Unibet"", ""Betfair Exchange""]","[""odds_api_io""]",2,2.208,
soccer|as far rabat|maghreb as fes|2026-06-09,doubleChance|12||,doubleChance,12,,,1.41,1.3498,"[""Unibet"", ""Betfair Exchange""]","[""odds_api_io""]",2,6.597,
soccer|as far rabat|maghreb as fes|2026-06-09,doubleChance|x2||,doubleChance,X2,,,1.31,1.2806,"[""Unibet"", ""Betfair Exchange""]","[""odds_api_io""]",2,3.664,
soccer|as far rabat|maghreb as fes|2026-06-09,totals|over|2.50|,totals,Over,2.5,,2.76,2.6148,"[""Unibet"", ""Betfair Exchange"", ""pinnacle"", ""bet365"", ""betsson"", ""1xbet"", ""marathon"", ""oddssafariconsensus"", ""888sport"", ""betano"", ""bwin"", ""interwetten"", ""sportingbet"", ""novibet"", ""betway""]","[""odds_api_io"", ""bzzoiro""]",15,6.321,
soccer|as far rabat|maghreb as fes|2026-06-09,totals|under|2.50|,totals,Under,2.5,,1.48,1.48,"[""Unibet"", ""Betfair Exchange""]","[""odds_api_io""]",2,,
soccer|as far rabat|maghreb as fes|2026-06-09,totals|over|1.50|,totals,Over,1.5,,1.59,1.5091,"[""Unibet"", ""Betfair Exchange""]","[""odds_api_io""]",2,7.037,
soccer|as far rabat|maghreb as fes|2026-06-09,totals|under|1.50|,totals,Under,1.5,,2.5,2.3431,"[""Unibet"", ""Betfair Exchange"", ""novibet"", ""pinnacle"", ""bet365"", ""betway"", ""bwin"", ""sportingbet"", ""betsson"", ""oddssafariconsensus"", ""888sport"", ""unibet"", ""1xbet"", ""marathon"", ""betano"", ""interwetten""]","[""odds_api_io"", ""bzzoiro""]",16,5.455,
soccer|as far rabat|maghreb as fes|2026-06-09,totals|over|3.50|,totals,Over,3.5,,6.19,5.1376,"[""Unibet"", ""Betfair Exchange"", ""888sport"", ""bet365"", ""bwin"", ""sportingbet"", ""1xbet"", ""marathon"", ""oddssafariconsensus"", ""betsson"", ""betway"", ""novibet"", ""betano""]","[""odds_api_io"", ""bzzoiro""]",13,7.101,
soccer|as far rabat|maghreb as fes|2026-06-09,totals|under|3.50|,totals,Under,3.5,,1.16,1.1552,"[""Unibet"", ""Betfair Exchange""]","[""odds_api_io""]",2,0.75,
soccer|as far rabat|maghreb as fes|2026-06-09,totals|over|0.50|,totals,Over,0.5,,1.14,1.1002,"[""Unibet"", ""Betfair Exchange""]","[""odds_api_io""]",2,6.62,
soccer|as far rabat|maghreb as fes|2026-06-09,totals|under|0.50|,totals,Under,0.5,,7.01,6.4869,"[""Unibet"", ""Betfair Exchange""]","[""odds_api_io""]",2,2.401,
soccer|as far rabat|maghreb as fes|2026-06-09,btts|yes||,btts,Yes,,,2.2,2.1129,"[""Unibet"", ""Betfair Exchange"", ""1xbet"", ""betano"", ""pinnacle"", ""unibet"", ""novibet"", ""bwin"", ""sportingbet"", ""betway"", ""888sport"", ""william-hill"", ""bet365"", ""betsson"", ""marathon"", ""oddssafari-consensus"", ""bzzoiro""]","[""odds_api_io"", ""bzzoiro""]",17,5.828,
soccer|as far rabat|maghreb as fes|2026-06-09,btts|no||,btts,No,,,1.77,1.6469,"[""Unibet"", ""Betfair Exchange"", ""1xbet"", ""betano"", ""pinnacle"", ""unibet"", ""novibet"", ""bwin"", ""sportingbet"", ""betway"", ""888sport"", ""william-hill"", ""bet365"", ""betsson"", ""marathon"", ""oddssafari-consensus"", ""bzzoiro""]","[""odds_api_io"", ""bzzoiro""]",17,6.003,
soccer|as far rabat|maghreb as fes|2026-06-09,spreads|maghreb as de fes|0.00|home,spreads,Maghreb AS de Fes,0.0,home,2.35,2.35,"[""Betfair Exchange""]","[""odds_api_io""]",1,,
soccer|as far rabat|maghreb as fes|2026-06-09,spreads|as far rabat|-0.00|away,spreads,AS Far Rabat,-0.0,away,1.66,1.66,"[""Betfair Exchange""]","[""odds_api_io""]",1,,
soccer|as far rabat|maghreb as fes|2026-06-09,spreads|maghreb as de fes|0.75|home,spreads,Maghreb AS de Fes,0.75,home,1.39,1.39,"[""Betfair Exchange""]","[""odds_api_io""]",1,,
soccer|as far rabat|maghreb as fes|2026-06-09,spreads|as far rabat|-0.75|away,spreads,AS Far Rabat,-0.75,away,3.11,3.11,"[""Betfair Exchange""]","[""odds_api_io""]",1,,
soccer|as far rabat|maghreb as fes|2026-06-09,spreads|maghreb as de fes|-0.75|home,spreads,Maghreb AS de Fes,-0.75,home,4.64,4.64,"[""Betfair Exchange""]","[""odds_api_io""]",1,,
soccer|as far rabat|maghreb as fes|2026-06-09,spreads|as far rabat|0.75|away,spreads,AS Far Rabat,0.75,away,1.22,1.22,"[""Betfair Exchange""]","[""odds_api_io""]",1,,
soccer|as far rabat|maghreb as fes|2026-06-09,spreads|maghreb as de fes|1.00|home,spreads,Maghreb AS de Fes,1.0,home,1.61,1.3816,"[""Betfair Exchange""]","[""odds_api_io""]",2,20.533,
soccer|as far rabat|maghreb as fes|2026-06-09,spreads|as far rabat|-1.00|away,spreads,AS Far Rabat,-1.0,away,6.4,5.544,"[""Betfair Exchange""]","[""odds_api_io""]",2,4.825,
soccer|as far rabat|maghreb as fes|2026-06-09,spreads|maghreb as de fes|0.25|home,spreads,Maghreb AS de Fes,0.25,home,1.84,1.8201,"[""Betfair Exchange"", ""Sbobet""]","[""odds_api_io""]",2,1.208,
soccer|as far rabat|maghreb as fes|2026-06-09,spreads|as far rabat|-0.25|away,spreads,AS Far Rabat,-0.25,away,2.04,2.04,"[""Betfair Exchange"", ""Sbobet""]","[""odds_api_io""]",2,,
soccer|as far rabat|maghreb as fes|2026-06-09,spreads|maghreb as de fes|0.50|home,spreads,Maghreb AS de Fes,0.5,home,1.57,1.57,"[""Betfair Exchange""]","[""odds_api_io""]",1,,
soccer|as far rabat|maghreb as fes|2026-06-09,spreads|as far rabat|-0.50|away,spreads,AS Far Rabat,-0.5,away,2.43,2.43,"[""Betfair Exchange""]","[""odds_api_io""]",1,,
soccer|as far rabat|maghreb as fes|2026-06-09,spreads|maghreb as de fes|-0.50|home,spreads,Maghreb AS de Fes,-0.5,home,3.4,3.4,"[""Betfair Exchange""]","[""odds_api_io""]",1,,
soccer|as far rabat|maghreb as fes|2026-06-09,spreads|as far rabat|0.50|away,spreads,AS Far Rabat,0.5,away,1.3,1.3,"[""Betfair Exchange""]","[""odds_api_io""]",1,,
soccer|as far rabat|maghreb as fes|2026-06-09,spreads|maghreb as de fes|1.50|home,spreads,Maghreb AS de Fes,1.5,home,1.15,1.15,"[""Betfair Exchange""]","[""odds_api_io""]",1,,
soccer|as far rabat|maghreb as fes|2026-06-09,spreads|as far rabat|-1.50|away,spreads,AS Far Rabat,-1.5,away,6.48,6.48,"[""Betfair Exchange""]","[""odds_api_io""]",1,,
soccer|as far rabat|maghreb as fes|2026-06-09,spreads|maghreb as de fes|1.25|home,spreads,Maghreb AS de Fes,1.25,home,1.18,1.18,"[""Betfair Exchange""]","[""odds_api_io""]",1,,
soccer|as far rabat|maghreb as fes|2026-06-09,spreads|as far rabat|-1.25|away,spreads,AS Far Rabat,-1.25,away,5.71,5.71,"[""Betfair Exchange""]","[""odds_api_io""]",1,,
soccer|as far rabat|maghreb as fes|2026-06-09,spreads|maghreb as de fes|-0.25|home,spreads,Maghreb AS de Fes,-0.25,home,2.83,2.83,"[""Betfair Exchange""]","[""odds_api_io""]",1,,
soccer|as far rabat|maghreb as fes|2026-06-09,spreads|as far rabat|0.25|away,spreads,AS Far Rabat,0.25,away,1.45,1.45,"[""Betfair Exchange""]","[""odds_api_io""]",1,,
soccer|as far rabat|maghreb as fes|2026-06-09,spreads|maghreb as de fes|-1.50|home,spreads,Maghreb AS de Fes,-1.5,home,9.22,9.22,"[""Betfair Exchange""]","[""odds_api_io""]",1,,
soccer|as far rabat|maghreb as fes|2026-06-09,spreads|as far rabat|1.50|away,spreads,AS Far Rabat,1.5,away,1.07,1.07,"[""Betfair Exchange""]","[""odds_api_io""]",1,,
soccer|as far rabat|maghreb as fes|2026-06-09,spreads|maghreb as de fes|1.75|home,spreads,Maghreb AS de Fes,1.75,home,1.08,1.08,"[""Betfair Exchange""]","[""odds_api_io""]",1,,
soccer|as far rabat|maghreb as fes|2026-06-09,spreads|as far rabat|-1.75|away,spreads,AS Far Rabat,-1.75,away,8.38,8.38,"[""Betfair Exchange""]","[""odds_api_io""]",1,,
soccer|as far rabat|maghreb as fes|2026-06-09,spreads|maghreb as de fes|-1.25|home,spreads,Maghreb AS de Fes,-1.25,home,8.36,8.36,"[""Betfair Exchange""]","[""odds_api_io""]",1,,
soccer|as far rabat|maghreb as fes|2026-06-09,spreads|as far rabat|1.25|away,spreads,AS Far Rabat,1.25,away,1.08,1.08,"[""Betfair Exchange""]","[""odds_api_io""]",1,,
soccer|as far rabat|maghreb as fes|2026-06-09,totals|over|2.25|,totals,Over,2.25,,2.42,2.42,"[""Betfair Exchange""]","[""odds_api_io""]",1,,
soccer|as far rabat|maghreb as fes|2026-06-09,totals|under|2.25|,totals,Under,2.25,,1.6,1.6,"[""Betfair Exchange""]","[""odds_api_io""]",1,,
soccer|as far rabat|maghreb as fes|2026-06-09,totals|over|3.00|,totals,Over,3.0,,4.66,4.66,"[""Betfair Exchange""]","[""odds_api_io""]",1,,
soccer|as far rabat|maghreb as fes|2026-06-09,totals|under|3.00|,totals,Under,3.0,,1.21,1.21,"[""Betfair Exchange""]","[""odds_api_io""]",1,,
soccer|as far rabat|maghreb as fes|2026-06-09,totals|over|1.25|,totals,Over,1.25,,1.4,1.4,"[""Betfair Exchange""]","[""odds_api_io""]",1,,
soccer|as far rabat|maghreb as fes|2026-06-09,totals|under|1.25|,totals,Under,1.25,,3.17,3.17,"[""Betfair Exchange""]","[""odds_api_io""]",1,,
soccer|as far rabat|maghreb as fes|2026-06-09,totals|over|1.00|,totals,Over,1.0,,1.2,1.2,"[""Betfair Exchange""]","[""odds_api_io""]",1,,
soccer|as far rabat|maghreb as fes|2026-06-09,totals|under|1.00|,totals,Under,1.0,,5.25,5.25,"[""Betfair Exchange""]","[""odds_api_io""]",1,,
soccer|as far rabat|maghreb as fes|2026-06-09,totals|over|0.75|,totals,Over,0.75,,1.17,1.17,"[""Betfair Exchange""]","[""odds_api_io""]",1,,
soccer|as far rabat|maghreb as fes|2026-06-09,totals|under|0.75|,totals,Under,0.75,,5.5,5.5,"[""Betfair Exchange""]","[""odds_api_io""]",1,,
soccer|as far rabat|maghreb as fes|2026-06-09,totals|over|1.75|,totals,Over,1.75,,1.74,1.74,"[""Betfair Exchange""]","[""odds_api_io""]",1,,
soccer|as far rabat|maghreb as fes|2026-06-09,totals|under|1.75|,totals,Under,1.75,,2.14,2.14,"[""Betfair Exchange""]","[""odds_api_io""]",1,,
soccer|as far rabat|maghreb as fes|2026-06-09,totals|over|2.75|,totals,Over,2.75,,3.43,3.43,"[""Betfair Exchange""]","[""odds_api_io""]",1,,
soccer|as far rabat|maghreb as fes|2026-06-09,totals|under|2.75|,totals,Under,2.75,,1.35,1.35,"[""Betfair Exchange""]","[""odds_api_io""]",1,,
soccer|as far rabat|maghreb as fes|2026-06-09,totals|over|2.00|,totals,Over,2.0,,2.07,2.0649,"[""Betfair Exchange"", ""Sbobet""]","[""odds_api_io""]",2,0.235,
soccer|as far rabat|maghreb as fes|2026-06-09,totals|under|2.00|,totals,Under,2.0,,1.81,1.78,"[""Betfair Exchange"", ""Sbobet""]","[""odds_api_io""]",2,1.894,
soccer|as far rabat|maghreb as fes|2026-06-09,totals|over|4.50|,totals,Over,4.5,,14.55,14.55,"[""Betfair Exchange""]","[""odds_api_io""]",1,,
soccer|as far rabat|maghreb as fes|2026-06-09,totals|under|4.50|,totals,Under,4.5,,1.04,1.04,"[""Betfair Exchange""]","[""odds_api_io""]",1,,
soccer|as far rabat|maghreb as fes|2026-06-09,totals|over|3.25|,totals,Over,3.25,,5.17,5.17,"[""Betfair Exchange""]","[""odds_api_io""]",1,,
soccer|as far rabat|maghreb as fes|2026-06-09,totals|under|3.25|,totals,Under,3.25,,1.18,1.18,"[""Betfair Exchange""]","[""odds_api_io""]",1,,
soccer|as far rabat|maghreb as fes|2026-06-09,totals|over|4.00|,totals,Over,4.0,,14.0,14.0,"[""Betfair Exchange""]","[""odds_api_io""]",1,,
soccer|as far rabat|maghreb as fes|2026-06-09,totals|under|4.00|,totals,Under,4.0,,1.05,1.05,"[""Betfair Exchange""]","[""odds_api_io""]",1,,
soccer|as far rabat|maghreb as fes|2026-06-09,totals|over|4.25|,totals,Over,4.25,,14.72,14.72,"[""Betfair Exchange""]","[""odds_api_io""]",1,,
soccer|as far rabat|maghreb as fes|2026-06-09,totals|under|4.25|,totals,Under,4.25,,1.05,1.05,"[""Betfair Exchange""]","[""odds_api_io""]",1,,
soccer|as far rabat|maghreb as fes|2026-06-09,totals|over|3.75|,totals,Over,3.75,,7.88,7.88,"[""Betfair Exchange""]","[""odds_api_io""]",1,,
soccer|as far rabat|maghreb as fes|2026-06-09,totals|under|3.75|,totals,Under,3.75,,1.1,1.1,"[""Betfair Exchange""]","[""odds_api_io""]",1,,
soccer|as far rabat|maghreb as fes|2026-06-09,spreads|maghreb as de fes|-1.00|home,spreads,Maghreb AS de Fes,-1.0,home,9.8,9.8,"[""Betfair Exchange""]","[""odds_api_io""]",1,,
soccer|as far rabat|maghreb as fes|2026-06-09,spreads|as far rabat|1.00|away,spreads,AS Far Rabat,1.0,away,1.34,1.34,"[""Betfair Exchange""]","[""odds_api_io""]",1,,
soccer|as far rabat|maghreb as fes|2026-06-09,totals|over|11.50|,totals,Over,11.5,,6.0,6.0,"[""888sport"", ""oddssafariconsensus""]","[""bzzoiro""]",2,,
soccer|as far rabat|maghreb as fes|2026-06-09,totals|under|5.50|,totals,Under,5.5,,4.6,4.6,"[""888sport"", ""oddssafariconsensus""]","[""bzzoiro""]",2,,
soccer|as far rabat|maghreb as fes|2026-06-09,totals|over|10.50|,totals,Over,10.5,,4.0,4.0,"[""888sport"", ""oddssafariconsensus""]","[""bzzoiro""]",2,,
soccer|as far rabat|maghreb as fes|2026-06-09,totals|under|6.50|,totals,Under,6.5,,3.0,3.0,"[""888sport"", ""oddssafariconsensus""]","[""bzzoiro""]",2,,
soccer|as far rabat|maghreb as fes|2026-06-09,totals|over|9.50|,totals,Over,9.5,,2.875,2.8618,"[""888sport"", ""oddssafariconsensus"", ""novibet""]","[""bzzoiro""]",3,0.305,
soccer|as far rabat|maghreb as fes|2026-06-09,totals|under|7.50|,totals,Under,7.5,,2.15,2.1262,"[""novibet"", ""oddssafariconsensus"", ""888sport""]","[""bzzoiro""]",3,1.107,
soccer|as far rabat|maghreb as fes|2026-06-09,totals|over|8.50|,totals,Over,8.5,,2.1,2.0824,"[""bet365"", ""novibet"", ""oddssafariconsensus"", ""888sport""]","[""bzzoiro""]",4,1.161,
soccer|as far rabat|maghreb as fes|2026-06-09,totals|under|8.50|,totals,Under,8.5,,1.667,1.643,"[""bet365"", ""novibet"", ""oddssafariconsensus"", ""888sport""]","[""bzzoiro""]",4,1.932,
soccer|as far rabat|maghreb as fes|2026-06-09,totals|over|7.50|,totals,Over,7.5,,1.63,1.6216,"[""novibet"", ""oddssafariconsensus"", ""888sport""]","[""bzzoiro""]",3,0.57,
soccer|as far rabat|maghreb as fes|2026-06-09,totals|over|15.00|,totals,Over,15.0,,1.5,1.5,"[""over@1.5""]","[""bzzoiro""]",1,,
soccer|as far rabat|maghreb as fes|2026-06-09,totals|under|15.00|,totals,Under,15.0,,2.28,2.28,"[""under@1.5""]","[""bzzoiro""]",1,,
soccer|as far rabat|maghreb as fes|2026-06-09,totals|over|25.00|,totals,Over,25.0,,2.65,2.65,"[""over@2.5""]","[""bzzoiro""]",1,,
soccer|as far rabat|maghreb as fes|2026-06-09,totals|under|25.00|,totals,Under,25.0,,1.42,1.42,"[""under@2.5""]","[""bzzoiro""]",1,,
soccer|as far rabat|maghreb as fes|2026-06-09,totals|over|35.00|,totals,Over,35.0,,5.15,5.15,"[""over@3.5""]","[""bzzoiro""]",1,,
soccer|as far rabat|maghreb as fes|2026-06-09,totals|under|35.00|,totals,Under,35.0,,1.098,1.098,"[""under@3.5""]","[""bzzoiro""]",1,,
soccer|as far rabat|maghreb as fes|2026-06-09,totals|over||,totals,Over,,,9.5,2.2346,"[""over@7.5"", ""over@8.5"", ""over@9.5"", ""over@5.5"", ""over@6.5"", ""over@10.5"", ""over@11.5"", ""over@12.5""]","[""bzzoiro""]",8,76.204,
soccer|as far rabat|maghreb as fes|2026-06-09,totals|under||,totals,Under,,,4.6,1.5852,"[""under@7.5"", ""under@8.5"", ""under@9.5"", ""under@5.5"", ""under@6.5"", ""under@10.5"", ""under@11.5"", ""under@12.5""]","[""bzzoiro""]",8,73.499,
soccer|cuiaba|ponte preta|2026-06-09,h2h|ponte preta||home,h2h,Ponte Preta,,home,3.67,3.4029,"[""Bet365"", ""Unibet"", ""Betfair Exchange"", ""Sbobet"", ""1xbet"", ""betano"", ""pinnacle"", ""interwetten"", ""unibet"", ""novibet"", ""bwin"", ""sportingbet"", ""betway"", ""888sport"", ""william-hill"", ""bet365"", ""betsson"", ""marathon"", ""oddssafari-consensus"", ""bzzoiro""]","[""odds_api_io"", ""bzzoiro""]",20,4.498,
soccer|cuiaba|ponte preta|2026-06-09,h2h|draw||,h2h,Draw,,,2.92,2.7528,"[""Bet365"", ""Unibet"", ""Betfair Exchange"", ""Sbobet"", ""1xbet"", ""betano"", ""pinnacle"", ""interwetten"", ""unibet"", ""novibet"", ""bwin"", ""sportingbet"", ""betway"", ""888sport"", ""william-hill"", ""bet365"", ""betsson"", ""marathon"", ""oddssafari-consensus"", ""bzzoiro""]","[""odds_api_io"", ""bzzoiro""]",20,3.921,
soccer|cuiaba|ponte preta|2026-06-09,h2h|cuiaba||away,h2h,Cuiaba,,away,2.52,2.3919,"[""Bet365"", ""Unibet"", ""Betfair Exchange"", ""Sbobet"", ""1xbet"", ""betano"", ""pinnacle"", ""interwetten"", ""unibet"", ""novibet"", ""bwin"", ""sportingbet"", ""betway"", ""888sport"", ""william-hill"", ""bet365"", ""betsson"", ""marathon"", ""oddssafari-consensus"", ""bzzoiro""]","[""odds_api_io"", ""bzzoiro""]",20,3.986,
soccer|cuiaba|ponte preta|2026-06-09,dnb|ponte preta|0.00|home,dnb,Ponte Preta,0.0,home,2.44,2.2595,"[""Bet365"", ""Unibet"", ""Betfair Exchange""]","[""odds_api_io""]",3,6.635,
soccer|cuiaba|ponte preta|2026-06-09,dnb|cuiaba|0.00|away,dnb,Cuiaba,0.0,away,1.66,1.6198,"[""Bet365"", ""Unibet"", ""Betfair Exchange""]","[""odds_api_io""]",3,3.413,
soccer|cuiaba|ponte preta|2026-06-09,spreads|ponte preta|0.25|home,spreads,Ponte Preta,0.25,home,1.88,1.8366,"[""Bet365"", ""Betfair Exchange"", ""Sbobet""]","[""odds_api_io""]",3,2.364,
soccer|cuiaba|ponte preta|2026-06-09,spreads|cuiaba|-0.25|away,spreads,Cuiaba,-0.25,away,2.09,2.053,"[""Bet365"", ""Betfair Exchange"", ""Sbobet""]","[""odds_api_io""]",3,2.153,
soccer|cuiaba|ponte preta|2026-06-09,totals|over|1.75|,totals,Over,1.75,,1.91,1.8649,"[""Bet365"", ""Betfair Exchange"", ""Sbobet""]","[""odds_api_io""]",3,2.438,
soccer|cuiaba|ponte preta|2026-06-09,totals|under|1.75|,totals,Under,1.75,,2.03,2.0083,"[""Bet365"", ""Betfair Exchange"", ""Sbobet""]","[""odds_api_io""]",3,1.372,
soccer|cuiaba|ponte preta|2026-06-09,totals|over|2.50|,totals,Over,2.5,,3.15,2.8915,"[""Bet365"", ""Unibet"", ""Betfair Exchange"", ""pinnacle"", ""bet365"", ""betsson"", ""betway"", ""bwin"", ""oddssafariconsensus"", ""sportingbet"", ""interwetten"", ""novibet"", ""betano"", ""888sport"", ""1xbet"", ""marathon"", ""unibet""]","[""odds_api_io"", ""bzzoiro""]",17,5.291,
soccer|cuiaba|ponte preta|2026-06-09,totals|under|2.50|,totals,Under,2.5,,1.45,1.404,"[""Bet365"", ""Unibet"", ""Betfair Exchange""]","[""odds_api_io""]",3,4.402,
soccer|cuiaba|ponte preta|2026-06-09,btts|yes||,btts,Yes,,,2.4,2.2927,"[""Bet365"", ""Unibet"", ""Betfair Exchange"", ""1xbet"", ""betano"", ""pinnacle"", ""interwetten"", ""unibet"", ""novibet"", ""bwin"", ""sportingbet"", ""betway"", ""888sport"", ""william-hill"", ""bet365"", ""betsson"", ""marathon"", ""oddssafari-consensus"", ""bzzoiro""]","[""odds_api_io"", ""bzzoiro""]",19,4.845,
soccer|cuiaba|ponte preta|2026-06-09,btts|no||,btts,No,,,1.71,1.5702,"[""Bet365"", ""Unibet"", ""Betfair Exchange"", ""1xbet"", ""betano"", ""pinnacle"", ""interwetten"", ""unibet"", ""novibet"", ""bwin"", ""sportingbet"", ""betway"", ""888sport"", ""william-hill"", ""bet365"", ""betsson"", ""marathon"", ""oddssafari-consensus"", ""bzzoiro""]","[""odds_api_io"", ""bzzoiro""]",19,8.187,
soccer|cuiaba|ponte preta|2026-06-09,spreads|ponte preta|1.00|home,spreads,Ponte Preta,1.0,home,1.63,1.4022,"[""Bet365"", ""Unibet"", ""Betfair Exchange""]","[""odds_api_io""]",5,20.618,
soccer|cuiaba|ponte preta|2026-06-09,spreads|ponte preta|-2.00|home,spreads,Ponte Preta,-2.0,home,39.39,26.0101,"[""Bet365"", ""Unibet"", ""Betfair Exchange""]","[""odds_api_io""]",3,2.724,
soccer|cuiaba|ponte preta|2026-06-09,spreads|cuiaba|2.00|away,spreads,Cuiaba,2.0,away,15.0,1.5005,"[""Bet365"", ""Unibet"", ""Betfair Exchange""]","[""odds_api_io""]",3,92.343,
soccer|cuiaba|ponte preta|2026-06-09,spreads|ponte preta|-1.00|home,spreads,Ponte Preta,-1.0,home,10.0,8.6863,"[""Bet365"", ""Unibet"", ""Betfair Exchange""]","[""odds_api_io""]",4,3.333,
soccer|cuiaba|ponte preta|2026-06-09,spreads|ponte preta|2.00|home,spreads,Ponte Preta,2.0,home,1.16,1.1091,"[""Bet365"", ""Unibet"", ""Betfair Exchange""]","[""odds_api_io""]",4,9.947,
soccer|cuiaba|ponte preta|2026-06-09,spreads|cuiaba|-2.00|away,spreads,Cuiaba,-2.0,away,19.0,3.544,"[""Bet365"", ""Unibet"", ""Betfair Exchange""]","[""odds_api_io""]",4,89.524,
soccer|cuiaba|ponte preta|2026-06-09,spreads|ponte preta|3.00|home,spreads,Ponte Preta,3.0,home,1.03,1.03,"[""Bet365""]","[""odds_api_io""]",1,,
soccer|cuiaba|ponte preta|2026-06-09,spreads|cuiaba|3.00|away,spreads,Cuiaba,3.0,away,34.0,1.9287,"[""Bet365"", ""Betfair Exchange""]","[""odds_api_io""]",2,96.069,
soccer|cuiaba|ponte preta|2026-06-09,spreads|ponte preta|0.00|home,spreads,Ponte Preta,0.0,home,2.44,2.2368,"[""Bet365"", ""Betfair Exchange"", ""Sbobet""]","[""odds_api_io""]",4,10.964,
soccer|cuiaba|ponte preta|2026-06-09,teamTotals|over|3.50|,teamTotals,Over,3.5,,41.0,28.3146,"[""Bet365"", ""Unibet""]","[""odds_api_io""]",3,1.909,
soccer|cuiaba|ponte preta|2026-06-09,teamTotals|under|3.50|,teamTotals,Under,3.5,,1.01,1.008,"[""Bet365"", ""Unibet""]","[""odds_api_io""]",3,0.592,
soccer|cuiaba|ponte preta|2026-06-09,teamTotals|over|0.50|,teamTotals,Over,0.5,,1.666,1.5068,"[""Bet365"", ""Unibet""]","[""odds_api_io""]",4,11.405,
soccer|cuiaba|ponte preta|2026-06-09,teamTotals|under|0.50|,teamTotals,Under,0.5,,2.75,2.4273,"[""Bet365"", ""Unibet""]","[""odds_api_io""]",4,11.255,
soccer|cuiaba|ponte preta|2026-06-09,teamTotals|over|1.50|,teamTotals,Over,1.5,,4.333,3.4793,"[""Bet365"", ""Unibet""]","[""odds_api_io""]",4,10.82,
soccer|cuiaba|ponte preta|2026-06-09,teamTotals|under|1.50|,teamTotals,Under,1.5,,1.36,1.2821,"[""Bet365"", ""Unibet""]","[""odds_api_io""]",4,9.804,
soccer|cuiaba|ponte preta|2026-06-09,teamTotals|over|2.50|,teamTotals,Over,2.5,,15.0,9.761,"[""Bet365"", ""Unibet""]","[""odds_api_io""]",4,6.667,
soccer|cuiaba|ponte preta|2026-06-09,teamTotals|under|2.50|,teamTotals,Under,2.5,,1.071,1.05,"[""Bet365"", ""Unibet""]","[""odds_api_io""]",4,3.717,
soccer|cuiaba|ponte preta|2026-06-09,spreads|ponte preta|1.25|home,spreads,Ponte Preta,1.25,home,1.19,1.1851,"[""Bet365"", ""Betfair Exchange""]","[""odds_api_io""]",2,0.712,
soccer|cuiaba|ponte preta|2026-06-09,spreads|cuiaba|-1.25|away,spreads,Cuiaba,-1.25,away,5.59,5.0853,"[""Bet365"", ""Betfair Exchange""]","[""odds_api_io""]",2,3.616,
soccer|cuiaba|ponte preta|2026-06-09,spreads|ponte preta|-0.25|home,spreads,Ponte Preta,-0.25,home,3.06,2.9532,"[""Bet365"", ""Betfair Exchange""]","[""odds_api_io""]",2,2.408,
soccer|cuiaba|ponte preta|2026-06-09,spreads|cuiaba|0.25|away,spreads,Cuiaba,0.25,away,1.46,1.4299,"[""Bet365"", ""Betfair Exchange""]","[""odds_api_io""]",2,2.935,
soccer|cuiaba|ponte preta|2026-06-09,spreads|ponte preta|-0.75|home,spreads,Ponte Preta,-0.75,home,5.06,4.713,"[""Bet365"", ""Betfair Exchange""]","[""odds_api_io""]",2,2.964,
soccer|cuiaba|ponte preta|2026-06-09,spreads|cuiaba|0.75|away,spreads,Cuiaba,0.75,away,2.85,1.6962,"[""Bet365"", ""Betfair Exchange""]","[""odds_api_io""]",2,46.879,
soccer|cuiaba|ponte preta|2026-06-09,spreads|ponte preta|-0.50|home,spreads,Ponte Preta,-0.5,home,3.68,2.9331,"[""Bet365"", ""Unibet"", ""Betfair Exchange""]","[""odds_api_io""]",4,19.996,
soccer|cuiaba|ponte preta|2026-06-09,spreads|cuiaba|0.50|away,spreads,Cuiaba,0.5,away,2.35,1.5696,"[""Bet365"", ""Unibet"", ""Betfair Exchange""]","[""odds_api_io""]",3,32.074,
soccer|cuiaba|ponte preta|2026-06-09,spreads|cuiaba|-0.00|away,spreads,Cuiaba,-0.0,away,1.66,1.6333,"[""Bet365"", ""Betfair Exchange"", ""Sbobet""]","[""odds_api_io""]",3,2.259,
soccer|cuiaba|ponte preta|2026-06-09,spreads|ponte preta|0.50|home,spreads,Ponte Preta,0.5,home,1.63,1.5753,"[""Bet365"", ""Unibet"", ""Betfair Exchange""]","[""odds_api_io""]",3,4.44,
soccer|cuiaba|ponte preta|2026-06-09,spreads|cuiaba|-0.50|away,spreads,Cuiaba,-0.5,away,2.52,1.9379,"[""Bet365"", ""Unibet"", ""Betfair Exchange""]","[""odds_api_io""]",4,37.241,
soccer|cuiaba|ponte preta|2026-06-09,spreads|ponte preta|0.75|home,spreads,Ponte Preta,0.75,home,1.43,1.4151,"[""Bet365"", ""Betfair Exchange""]","[""odds_api_io""]",2,1.499,
soccer|cuiaba|ponte preta|2026-06-09,spreads|cuiaba|-0.75|away,spreads,Cuiaba,-0.75,away,3.18,1.7569,"[""Bet365"", ""Betfair Exchange""]","[""odds_api_io""]",2,51.887,
soccer|cuiaba|ponte preta|2026-06-09,spreads|cuiaba|-1.00|away,spreads,Cuiaba,-1.0,away,6.2,5.0304,"[""Bet365"", ""Unibet"", ""Betfair Exchange""]","[""odds_api_io""]",4,7.967,
soccer|cuiaba|ponte preta|2026-06-09,spreads|ponte preta|1.50|home,spreads,Ponte Preta,1.5,home,1.16,1.147,"[""Bet365"", ""Unibet"", ""Betfair Exchange""]","[""odds_api_io""]",3,2.289,
soccer|cuiaba|ponte preta|2026-06-09,spreads|cuiaba|-1.50|away,spreads,Cuiaba,-1.5,away,6.32,5.573,"[""Bet365"", ""Unibet"", ""Betfair Exchange""]","[""odds_api_io""]",3,4.177,
soccer|cuiaba|ponte preta|2026-06-09,doubleChance|1x||,doubleChance,1X,,,1.63,1.4827,"[""Unibet"", ""Betfair Exchange""]","[""odds_api_io""]",2,12.724,
soccer|cuiaba|ponte preta|2026-06-09,doubleChance|12||,doubleChance,12,,,1.57,1.5382,"[""Unibet"", ""Betfair Exchange""]","[""odds_api_io""]",2,2.531,
soccer|cuiaba|ponte preta|2026-06-09,doubleChance|x2||,doubleChance,X2,,,1.35,1.295,"[""Unibet"", ""Betfair Exchange""]","[""odds_api_io""]",2,6.571,
soccer|cuiaba|ponte preta|2026-06-09,spreads|ponte preta|-1.50|home,spreads,Ponte Preta,-1.5,home,10.26,8.0337,"[""Unibet"", ""Betfair Exchange""]","[""odds_api_io""]",2,5.638,
soccer|cuiaba|ponte preta|2026-06-09,spreads|cuiaba|1.50|away,spreads,Cuiaba,1.5,away,1.07,1.07,"[""Unibet"", ""Betfair Exchange""]","[""odds_api_io""]",2,,
soccer|cuiaba|ponte preta|2026-06-09,totals|over|4.50|,totals,Over,4.5,,19.5,15.0067,"[""Unibet"", ""Betfair Exchange""]","[""odds_api_io""]",2,3.205,
soccer|cuiaba|ponte preta|2026-06-09,totals|under|4.50|,totals,Under,4.5,,1.04,1.0254,"[""Unibet"", ""Betfair Exchange""]","[""odds_api_io""]",2,2.856,
soccer|cuiaba|ponte preta|2026-06-09,totals|over|1.50|,totals,Over,1.5,,1.55,1.55,"[""Unibet""]","[""odds_api_io""]",1,,
soccer|cuiaba|ponte preta|2026-06-09,totals|under|1.50|,totals,Under,1.5,,2.4,2.2428,"[""Unibet"", ""Betfair Exchange"", ""novibet"", ""pinnacle"", ""betway"", ""1xbet"", ""marathon"", ""oddssafariconsensus"", ""888sport"", ""bet365"", ""betano"", ""bwin"", ""interwetten"", ""sportingbet"", ""unibet"", ""betsson""]","[""odds_api_io"", ""bzzoiro""]",16,4.205,
soccer|cuiaba|ponte preta|2026-06-09,totals|over|3.50|,totals,Over,3.5,,7.25,5.8139,"[""Unibet"", ""Betfair Exchange"", ""888sport"", ""bwin"", ""novibet"", ""sportingbet"", ""oddssafariconsensus"", ""betsson"", ""interwetten"", ""1xbet"", ""marathon"", ""betano""]","[""odds_api_io"", ""bzzoiro""]",12,5.075,
soccer|cuiaba|ponte preta|2026-06-09,totals|under|3.50|,totals,Under,3.5,,1.15,1.1305,"[""Unibet"", ""Betfair Exchange""]","[""odds_api_io""]",2,3.134,
soccer|cuiaba|ponte preta|2026-06-09,totals|over|0.50|,totals,Over,0.5,,1.16,1.1305,"[""Unibet"", ""Betfair Exchange""]","[""odds_api_io""]",2,4.702,
soccer|cuiaba|ponte preta|2026-06-09,totals|under|0.50|,totals,Under,0.5,,6.6,6.4276,"[""Unibet"", ""Betfair Exchange""]","[""odds_api_io""]",2,0.848,
soccer|cuiaba|ponte preta|2026-06-09,spreads|cuiaba|1.00|away,spreads,Cuiaba,1.0,away,1.35,1.247,"[""Unibet"", ""Betfair Exchange""]","[""odds_api_io""]",3,16.835,
soccer|cuiaba|ponte preta|2026-06-09,spreads|ponte preta|2.25|home,spreads,Ponte Preta,2.25,home,1.03,1.03,"[""Betfair Exchange""]","[""odds_api_io""]",1,,
soccer|cuiaba|ponte preta|2026-06-09,spreads|cuiaba|-2.25|away,spreads,Cuiaba,-2.25,away,18.07,18.07,"[""Betfair Exchange""]","[""odds_api_io""]",1,,
soccer|cuiaba|ponte preta|2026-06-09,spreads|ponte preta|1.75|home,spreads,Ponte Preta,1.75,home,1.1,1.1,"[""Betfair Exchange""]","[""odds_api_io""]",1,,
soccer|cuiaba|ponte preta|2026-06-09,spreads|cuiaba|-1.75|away,spreads,Cuiaba,-1.75,away,9.15,9.15,"[""Betfair Exchange""]","[""odds_api_io""]",1,,
soccer|cuiaba|ponte preta|2026-06-09,spreads|ponte preta|-1.75|home,spreads,Ponte Preta,-1.75,home,15.88,15.88,"[""Betfair Exchange""]","[""odds_api_io""]",1,,
soccer|cuiaba|ponte preta|2026-06-09,spreads|cuiaba|1.75|away,spreads,Cuiaba,1.75,away,1.04,1.04,"[""Betfair Exchange""]","[""odds_api_io""]",1,,
soccer|cuiaba|ponte preta|2026-06-09,spreads|ponte preta|-1.25|home,spreads,Ponte Preta,-1.25,home,9.41,9.41,"[""Betfair Exchange""]","[""odds_api_io""]",1,,
soccer|cuiaba|ponte preta|2026-06-09,spreads|cuiaba|1.25|away,spreads,Cuiaba,1.25,away,1.08,1.08,"[""Betfair Exchange""]","[""odds_api_io""]",1,,
soccer|cuiaba|ponte preta|2026-06-09,spreads|ponte preta|-2.25|home,spreads,Ponte Preta,-2.25,home,40.69,40.69,"[""Betfair Exchange""]","[""odds_api_io""]",1,,
soccer|cuiaba|ponte preta|2026-06-09,spreads|cuiaba|2.25|away,spreads,Cuiaba,2.25,away,1.01,1.01,"[""Betfair Exchange""]","[""odds_api_io""]",1,,
soccer|cuiaba|ponte preta|2026-06-09,totals|over|2.00|,totals,Over,2.0,,2.31,2.3001,"[""Betfair Exchange"", ""Sbobet""]","[""odds_api_io""]",2,0.378,
soccer|cuiaba|ponte preta|2026-06-09,totals|under|2.00|,totals,Under,2.0,,1.72,1.6849,"[""Betfair Exchange"", ""Sbobet""]","[""odds_api_io""]",2,2.467,
soccer|cuiaba|ponte preta|2026-06-09,totals|over|2.25|,totals,Over,2.25,,2.74,2.74,"[""Betfair Exchange""]","[""odds_api_io""]",1,,
soccer|cuiaba|ponte preta|2026-06-09,totals|under|2.25|,totals,Under,2.25,,1.55,1.55,"[""Betfair Exchange""]","[""odds_api_io""]",1,,
soccer|cuiaba|ponte preta|2026-06-09,totals|over|5.25|,totals,Over,5.25,,54.08,54.08,"[""Betfair Exchange""]","[""odds_api_io""]",1,,
soccer|cuiaba|ponte preta|2026-06-09,totals|under|5.25|,totals,Under,5.25,,1.01,1.01,"[""Betfair Exchange""]","[""odds_api_io""]",1,,
soccer|cuiaba|ponte preta|2026-06-09,totals|over|3.25|,totals,Over,3.25,,6.6,6.6,"[""Betfair Exchange""]","[""odds_api_io""]",1,,
soccer|cuiaba|ponte preta|2026-06-09,totals|under|3.25|,totals,Under,3.25,,1.16,1.16,"[""Betfair Exchange""]","[""odds_api_io""]",1,,
soccer|cuiaba|ponte preta|2026-06-09,totals|over|1.25|,totals,Over,1.25,,1.47,1.47,"[""Betfair Exchange""]","[""odds_api_io""]",1,,
soccer|cuiaba|ponte preta|2026-06-09,totals|under|1.25|,totals,Under,1.25,,3.04,3.04,"[""Betfair Exchange""]","[""odds_api_io""]",1,,
soccer|cuiaba|ponte preta|2026-06-09,totals|over|0.75|,totals,Over,0.75,,1.2,1.2,"[""Betfair Exchange""]","[""odds_api_io""]",1,,
soccer|cuiaba|ponte preta|2026-06-09,totals|under|0.75|,totals,Under,0.75,,5.53,5.53,"[""Betfair Exchange""]","[""odds_api_io""]",1,,
soccer|cuiaba|ponte preta|2026-06-09,totals|over|1.00|,totals,Over,1.0,,1.24,1.24,"[""Betfair Exchange""]","[""odds_api_io""]",1,,
soccer|cuiaba|ponte preta|2026-06-09,totals|under|1.00|,totals,Under,1.0,,4.71,4.71,"[""Betfair Exchange""]","[""odds_api_io""]",1,,
soccer|cuiaba|ponte preta|2026-06-09,totals|over|3.00|,totals,Over,3.0,,5.96,5.96,"[""Betfair Exchange""]","[""odds_api_io""]",1,,
soccer|cuiaba|ponte preta|2026-06-09,totals|under|3.00|,totals,Under,3.0,,1.19,1.19,"[""Betfair Exchange""]","[""odds_api_io""]",1,,
soccer|cuiaba|ponte preta|2026-06-09,totals|over|2.75|,totals,Over,2.75,,3.99,3.99,"[""Betfair Exchange""]","[""odds_api_io""]",1,,
soccer|cuiaba|ponte preta|2026-06-09,totals|under|2.75|,totals,Under,2.75,,1.32,1.32,"[""Betfair Exchange""]","[""odds_api_io""]",1,,
soccer|cuiaba|ponte preta|2026-06-09,totals|over|4.00|,totals,Over,4.0,,17.81,17.81,"[""Betfair Exchange""]","[""odds_api_io""]",1,,
soccer|cuiaba|ponte preta|2026-06-09,totals|under|4.00|,totals,Under,4.0,,1.05,1.05,"[""Betfair Exchange""]","[""odds_api_io""]",1,,
soccer|cuiaba|ponte preta|2026-06-09,totals|over|3.75|,totals,Over,3.75,,10.11,10.11,"[""Betfair Exchange""]","[""odds_api_io""]",1,,
soccer|cuiaba|ponte preta|2026-06-09,totals|under|3.75|,totals,Under,3.75,,1.08,1.08,"[""Betfair Exchange""]","[""odds_api_io""]",1,,
soccer|cuiaba|ponte preta|2026-06-09,totals|over|4.25|,totals,Over,4.25,,18.65,18.65,"[""Betfair Exchange""]","[""odds_api_io""]",1,,
soccer|cuiaba|ponte preta|2026-06-09,totals|under|4.25|,totals,Under,4.25,,1.04,1.04,"[""Betfair Exchange""]","[""odds_api_io""]",1,,
soccer|cuiaba|ponte preta|2026-06-09,totals|over|4.75|,totals,Over,4.75,,28.92,28.92,"[""Betfair Exchange""]","[""odds_api_io""]",1,,
soccer|cuiaba|ponte preta|2026-06-09,totals|under|4.75|,totals,Under,4.75,,1.01,1.01,"[""Betfair Exchange""]","[""odds_api_io""]",1,,
soccer|cuiaba|ponte preta|2026-06-09,totals|over|5.00|,totals,Over,5.0,,53.17,53.17,"[""Betfair Exchange""]","[""odds_api_io""]",1,,
soccer|cuiaba|ponte preta|2026-06-09,totals|under|5.00|,totals,Under,5.0,,1.01,1.01,"[""Betfair Exchange""]","[""odds_api_io""]",1,,
soccer|cuiaba|ponte preta|2026-06-09,spreads|ponte preta|-3.00|home,spreads,Ponte Preta,-3.0,home,85.0,85.0,"[""Betfair Exchange""]","[""odds_api_io""]",1,,
soccer|cuiaba|ponte preta|2026-06-09,totals|over|12.50|,totals,Over,12.5,,5.25,4.707,"[""bwin"", ""sportingbet"", ""oddssafariconsensus"", ""novibet"", ""betsson""]","[""bzzoiro""]",5,8.35,
soccer|cuiaba|ponte preta|2026-06-09,totals|over|13.50|,totals,Over,13.5,,5.25,5.25,"[""bwin"", ""sportingbet""]","[""bzzoiro""]",2,,
soccer|cuiaba|ponte preta|2026-06-09,totals|under|6.50|,totals,Under,6.5,,5.0,4.6576,"[""novibet"", ""oddssafariconsensus"", ""bwin"", ""sportingbet""]","[""bzzoiro""]",4,2.222,
soccer|cuiaba|ponte preta|2026-06-09,totals|over|11.50|,totals,Over,11.5,,3.7,3.4066,"[""bwin"", ""sportingbet"", ""oddssafariconsensus"", ""marathon"", ""betsson"", ""novibet"", ""betway""]","[""bzzoiro""]",7,9.337,
soccer|cuiaba|ponte preta|2026-06-09,totals|under|7.50|,totals,Under,7.5,,3.3,3.0748,"[""novibet"", ""betsson"", ""oddssafariconsensus"", ""marathon"", ""bwin"", ""sportingbet""]","[""bzzoiro""]",6,3.595,
soccer|cuiaba|ponte preta|2026-06-09,totals|over|10.50|,totals,Over,10.5,,2.65,2.4414,"[""bwin"", ""sportingbet"", ""betsson"", ""marathon"", ""oddssafariconsensus"", ""betway"", ""novibet"", ""pinnacle"", ""unibet"", ""bet365""]","[""bzzoiro""]",10,12.264,
soccer|cuiaba|ponte preta|2026-06-09,totals|under|8.50|,totals,Under,8.5,,2.42,2.2598,"[""pinnacle"", ""novibet"", ""unibet"", ""oddssafariconsensus"", ""betsson"", ""marathon"", ""betway"", ""bwin"", ""sportingbet""]","[""bzzoiro""]",9,5.189,
soccer|cuiaba|ponte preta|2026-06-09,totals|over|11.00|,totals,Over,11.0,,2.41,2.41,"[""oddssafariconsensus"", ""pinnacle""]","[""bzzoiro""]",2,,
soccer|cuiaba|ponte preta|2026-06-09,totals|over|10.00|,totals,Over,10.0,,2.23,2.23,"[""oddssafariconsensus"", ""pinnacle""]","[""bzzoiro""]",2,,
soccer|cuiaba|ponte preta|2026-06-09,totals|under|9.00|,totals,Under,9.0,,2.09,2.09,"[""oddssafariconsensus"", ""pinnacle""]","[""bzzoiro""]",2,,
soccer|cuiaba|ponte preta|2026-06-09,totals|over|9.50|,totals,Over,9.5,,2.01,2.0036,"[""pinnacle"", ""bwin"", ""sportingbet""]","[""bzzoiro""]",3,0.249,
soccer|cuiaba|ponte preta|2026-06-09,totals|over|15.00|,totals,Over,15.0,,1.62,1.62,"[""over@1.5""]","[""bzzoiro""]",1,,
soccer|cuiaba|ponte preta|2026-06-09,totals|under|15.00|,totals,Under,15.0,,2.23,2.23,"[""under@1.5""]","[""bzzoiro""]",1,,
soccer|cuiaba|ponte preta|2026-06-09,totals|over|25.00|,totals,Over,25.0,,2.74,2.74,"[""over@2.5""]","[""bzzoiro""]",1,,
soccer|cuiaba|ponte preta|2026-06-09,totals|under|25.00|,totals,Under,25.0,,1.35,1.35,"[""under@2.5""]","[""bzzoiro""]",1,,
soccer|cuiaba|ponte preta|2026-06-09,totals|over|35.00|,totals,Over,35.0,,5.35,5.35,"[""over@3.5""]","[""bzzoiro""]",1,,
soccer|cuiaba|ponte preta|2026-06-09,totals|under|35.00|,totals,Under,35.0,,1.089,1.089,"[""under@3.5""]","[""bzzoiro""]",1,,
soccer|cuiaba|ponte preta|2026-06-09,totals|over||,totals,Over,,,15.5,2.379,"[""over@8.5"", ""over@9.0"", ""over@9.5"", ""over@10.0"", ""over@10.5"", ""over@11.0"", ""over@4.5"", ""over@5.5"", ""over@6.5"", ""over@7.5"", ""over@11.5"", ""over@12.5"", ""over@13.5"", ""over@14.5"", ""over@15.5"", ""over@16.5"", ""over@17.5"", ""over@0.5"", ""over@1.5""]","[""bzzoiro""]",19,92.853,
soccer|cuiaba|ponte preta|2026-06-09,totals|under||,totals,Under,,,11.75,1.5418,"[""under@8.5"", ""under@9.0"", ""under@9.5"", ""under@10.0"", ""under@10.5"", ""under@11.0"", ""under@4.5"", ""under@5.5"", ""under@6.5"", ""under@7.5"", ""under@11.5"", ""under@12.5"", ""under@13.5"", ""under@14.5"", ""under@15.5"", ""under@16.5"", ""under@17.5"", ""under@0.5"", ""under@1.5""]","[""bzzoiro""]",19,91.389,
soccer|akron city|cleveland force|2026-06-09,h2h|cleveland force sc||home,h2h,Cleveland Force SC,,home,2.4,2.4,"[""Bet365""]","[""odds_api_io""]",1,,
soccer|akron city|cleveland force|2026-06-09,h2h|draw||,h2h,Draw,,,3.6,3.6,"[""Bet365""]","[""odds_api_io""]",1,,
soccer|akron city|cleveland force|2026-06-09,h2h|akron city fc||away,h2h,Akron City FC,,away,2.375,2.375,"[""Bet365""]","[""odds_api_io""]",1,,
soccer|akron city|cleveland force|2026-06-09,dnb|cleveland force sc|0.00|home,dnb,Cleveland Force SC,0.0,home,2.1,2.1,"[""Bet365""]","[""odds_api_io""]",1,,
soccer|akron city|cleveland force|2026-06-09,dnb|akron city fc|0.00|away,dnb,Akron City FC,0.0,away,1.666,1.666,"[""Bet365""]","[""odds_api_io""]",1,,
soccer|akron city|cleveland force|2026-06-09,spreads|cleveland force sc|0.00|home,spreads,Cleveland Force SC,0.0,home,1.9,1.9,"[""Bet365""]","[""odds_api_io""]",1,,
soccer|akron city|cleveland force|2026-06-09,totals|over|3.50|,totals,Over,3.5,,2.41,2.2463,"[""Bet365"", ""pinnacle"", ""novibet"", ""betano"", ""1xbet"", ""unibet"", ""betsson"", ""oddssafariconsensus"", ""888sport"", ""bwin"", ""sportingbet"", ""marathon"", ""bet365"", ""betway"", ""interwetten""]","[""odds_api_io"", ""bzzoiro""]",15,11.138,
soccer|akron city|cleveland force|2026-06-09,totals|under|3.50|,totals,Under,3.5,,1.9,1.9,"[""Bet365""]","[""odds_api_io""]",1,,
soccer|akron city|cleveland force|2026-06-09,totals|over|2.50|,totals,Over,2.5,,1.363,1.363,"[""Bet365""]","[""odds_api_io""]",1,,
soccer|akron city|cleveland force|2026-06-09,totals|under|2.50|,totals,Under,2.5,,3.0,2.4717,"[""Bet365"", ""888sport"", ""bet365"", ""betway"", ""unibet"", ""pinnacle"", ""oddssafariconsensus"", ""1xbet"", ""betsson"", ""marathon"", ""betano"", ""bwin"", ""interwetten"", ""novibet"", ""sportingbet""]","[""odds_api_io"", ""bzzoiro""]",15,8.333,
soccer|akron city|cleveland force|2026-06-09,spreads|cleveland force sc|-2.00|home,spreads,Cleveland Force SC,-2.0,home,7.0,7.0,"[""Bet365""]","[""odds_api_io""]",1,,
soccer|akron city|cleveland force|2026-06-09,spreads|akron city fc|2.00|away,spreads,Akron City FC,2.0,away,6.8,6.8,"[""Bet365""]","[""odds_api_io""]",1,,
soccer|akron city|cleveland force|2026-06-09,spreads|cleveland force sc|-1.75|home,spreads,Cleveland Force SC,-1.75,home,5.25,5.25,"[""Bet365""]","[""odds_api_io""]",1,,
soccer|akron city|cleveland force|2026-06-09,spreads|akron city fc|1.75|away,spreads,Akron City FC,1.75,away,5.0,5.0,"[""Bet365""]","[""odds_api_io""]",1,,
soccer|akron city|cleveland force|2026-06-09,spreads|cleveland force sc|-1.50|home,spreads,Cleveland Force SC,-1.5,home,4.1,4.1,"[""Bet365""]","[""odds_api_io""]",1,,
soccer|akron city|cleveland force|2026-06-09,spreads|akron city fc|1.50|away,spreads,Akron City FC,1.5,away,4.0,4.0,"[""Bet365""]","[""odds_api_io""]",1,,
soccer|akron city|cleveland force|2026-06-09,spreads|cleveland force sc|-1.25|home,spreads,Cleveland Force SC,-1.25,home,3.8,3.8,"[""Bet365""]","[""odds_api_io""]",1,,
soccer|akron city|cleveland force|2026-06-09,spreads|akron city fc|1.25|away,spreads,Akron City FC,1.25,away,3.7,3.7,"[""Bet365""]","[""odds_api_io""]",1,,
soccer|akron city|cleveland force|2026-06-09,spreads|cleveland force sc|-1.00|home,spreads,Cleveland Force SC,-1.0,home,3.45,3.45,"[""Bet365""]","[""odds_api_io""]",1,,
soccer|akron city|cleveland force|2026-06-09,spreads|akron city fc|1.00|away,spreads,Akron City FC,1.0,away,3.45,3.45,"[""Bet365""]","[""odds_api_io""]",1,,
soccer|akron city|cleveland force|2026-06-09,spreads|cleveland force sc|-0.75|home,spreads,Cleveland Force SC,-0.75,home,2.85,2.85,"[""Bet365""]","[""odds_api_io""]",1,,
soccer|akron city|cleveland force|2026-06-09,spreads|akron city fc|0.75|away,spreads,Akron City FC,0.75,away,2.75,2.75,"[""Bet365""]","[""odds_api_io""]",1,,
soccer|akron city|cleveland force|2026-06-09,spreads|cleveland force sc|-0.50|home,spreads,Cleveland Force SC,-0.5,home,2.425,2.425,"[""Bet365""]","[""odds_api_io""]",1,,
soccer|akron city|cleveland force|2026-06-09,spreads|akron city fc|0.50|away,spreads,Akron City FC,0.5,away,2.375,2.375,"[""Bet365""]","[""odds_api_io""]",1,,
soccer|akron city|cleveland force|2026-06-09,spreads|cleveland force sc|-0.25|home,spreads,Cleveland Force SC,-0.25,home,2.2,2.2,"[""Bet365""]","[""odds_api_io""]",1,,
soccer|akron city|cleveland force|2026-06-09,spreads|akron city fc|0.25|away,spreads,Akron City FC,0.25,away,2.15,2.15,"[""Bet365""]","[""odds_api_io""]",1,,
soccer|akron city|cleveland force|2026-06-09,spreads|cleveland force sc|0.25|home,spreads,Cleveland Force SC,0.25,home,1.675,1.675,"[""Bet365""]","[""odds_api_io""]",1,,
soccer|akron city|cleveland force|2026-06-09,spreads|akron city fc|-0.25|away,spreads,Akron City FC,-0.25,away,1.65,1.65,"[""Bet365""]","[""odds_api_io""]",1,,
soccer|akron city|cleveland force|2026-06-09,spreads|cleveland force sc|0.50|home,spreads,Cleveland Force SC,0.5,home,1.55,1.55,"[""Bet365""]","[""odds_api_io""]",1,,
soccer|akron city|cleveland force|2026-06-09,spreads|akron city fc|-0.50|away,spreads,Akron City FC,-0.5,away,1.525,1.525,"[""Bet365""]","[""odds_api_io""]",1,,
soccer|akron city|cleveland force|2026-06-09,spreads|cleveland force sc|0.75|home,spreads,Cleveland Force SC,0.75,home,1.425,1.425,"[""Bet365""]","[""odds_api_io""]",1,,
soccer|akron city|cleveland force|2026-06-09,spreads|akron city fc|-0.75|away,spreads,Akron City FC,-0.75,away,1.4,1.4,"[""Bet365""]","[""odds_api_io""]",1,,
soccer|akron city|cleveland force|2026-06-09,spreads|cleveland force sc|1.00|home,spreads,Cleveland Force SC,1.0,home,1.3,1.3,"[""Bet365""]","[""odds_api_io""]",1,,
soccer|akron city|cleveland force|2026-06-09,spreads|akron city fc|-1.00|away,spreads,Akron City FC,-1.0,away,1.3,1.3,"[""Bet365""]","[""odds_api_io""]",1,,
soccer|akron city|cleveland force|2026-06-09,spreads|cleveland force sc|1.25|home,spreads,Cleveland Force SC,1.25,home,1.26,1.26,"[""Bet365""]","[""odds_api_io""]",1,,
soccer|akron city|cleveland force|2026-06-09,spreads|akron city fc|-1.25|away,spreads,Akron City FC,-1.25,away,1.25,1.25,"[""Bet365""]","[""odds_api_io""]",1,,
soccer|akron city|cleveland force|2026-06-09,spreads|cleveland force sc|1.50|home,spreads,Cleveland Force SC,1.5,home,1.23,1.23,"[""Bet365""]","[""odds_api_io""]",1,,
soccer|akron city|cleveland force|2026-06-09,spreads|akron city fc|-1.50|away,spreads,Akron City FC,-1.5,away,1.225,1.225,"[""Bet365""]","[""odds_api_io""]",1,,
soccer|akron city|cleveland force|2026-06-09,spreads|cleveland force sc|1.75|home,spreads,Cleveland Force SC,1.75,home,1.17,1.17,"[""Bet365""]","[""odds_api_io""]",1,,
soccer|akron city|cleveland force|2026-06-09,spreads|akron city fc|-1.75|away,spreads,Akron City FC,-1.75,away,1.16,1.16,"[""Bet365""]","[""odds_api_io""]",1,,
soccer|akron city|cleveland force|2026-06-09,spreads|cleveland force sc|2.00|home,spreads,Cleveland Force SC,2.0,home,1.105,1.105,"[""Bet365""]","[""odds_api_io""]",1,,
soccer|akron city|cleveland force|2026-06-09,spreads|akron city fc|-2.00|away,spreads,Akron City FC,-2.0,away,1.1,1.1,"[""Bet365""]","[""odds_api_io""]",1,,
soccer|akron city|cleveland force|2026-06-09,spreads|akron city fc|-0.00|away,spreads,Akron City FC,-0.0,away,1.9,1.9,"[""Bet365""]","[""odds_api_io""]",1,,
soccer|akron city|cleveland force|2026-06-09,totals|over|12.50|,totals,Over,12.5,,5.9,5.9,"[""novibet""]","[""bzzoiro""]",1,,
soccer|akron city|cleveland force|2026-06-09,totals|under|1.50|,totals,Under,1.5,,5.5,4.9555,"[""bet365"", ""unibet"", ""1xbet"", ""marathon"", ""888sport"", ""bwin"", ""sportingbet"", ""oddssafariconsensus"", ""betsson"", ""interwetten"", ""betano"", ""novibet"", ""pinnacle""]","[""bzzoiro""]",13,3.37,
soccer|akron city|cleveland force|2026-06-09,totals|over|11.50|,totals,Over,11.5,,4.5,3.9422,"[""marathon"", ""oddssafariconsensus"", ""novibet"", ""bwin"", ""sportingbet"", ""interwetten""]","[""bzzoiro""]",6,7.19,
soccer|akron city|cleveland force|2026-06-09,totals|under|6.50|,totals,Under,6.5,,4.1,3.7109,"[""novibet"", ""bwin"", ""sportingbet"", ""oddssafariconsensus"", ""interwetten"", ""unibet"", ""marathon"", ""betsson""]","[""bzzoiro""]",8,3.779,
soccer|akron city|cleveland force|2026-06-09,totals|over|10.50|,totals,Over,10.5,,3.3,2.9783,"[""betsson"", ""marathon"", ""oddssafariconsensus"", ""bwin"", ""sportingbet"", ""interwetten"", ""novibet"", ""unibet"", ""betway""]","[""bzzoiro""]",9,7.792,
soccer|akron city|cleveland force|2026-06-09,totals|under|7.50|,totals,Under,7.5,,2.8,2.579,"[""novibet"", ""betway"", ""bwin"", ""sportingbet"", ""unibet"", ""oddssafariconsensus"", ""pinnacle"", ""interwetten"", ""marathon"", ""betsson""]","[""bzzoiro""]",10,5.102,
soccer|akron city|cleveland force|2026-06-09,totals|over|10.00|,totals,Over,10.0,,2.6,2.6,"[""oddssafariconsensus"", ""pinnacle""]","[""bzzoiro""]",2,,
soccer|akron city|cleveland force|2026-06-09,totals|over|9.50|,totals,Over,9.5,,2.45,2.2809,"[""betsson"", ""pinnacle"", ""marathon"", ""oddssafariconsensus"", ""betway"", ""bwin"", ""sportingbet"", ""unibet"", ""interwetten"", ""novibet""]","[""bzzoiro""]",10,4.638,
soccer|akron city|cleveland force|2026-06-09,totals|under|8.00|,totals,Under,8.0,,2.21,2.21,"[""oddssafariconsensus"", ""pinnacle""]","[""bzzoiro""]",2,,
soccer|akron city|cleveland force|2026-06-09,totals|over|9.00|,totals,Over,9.0,,2.13,2.13,"[""oddssafariconsensus""]","[""bzzoiro""]",1,,
soccer|ottawa|supra du quebec|2026-06-09,h2h|ottawa||home,h2h,Ottawa,,home,1.96,1.8864,"[""Bet365"", ""Unibet"", ""Betfair Exchange"", ""Sbobet""]","[""odds_api_io""]",4,4.535,
soccer|ottawa|supra du quebec|2026-06-09,h2h|draw||,h2h,Draw,,,4.0,3.7022,"[""Bet365"", ""Unibet"", ""Betfair Exchange"", ""Sbobet""]","[""odds_api_io""]",4,5.12,
soccer|ottawa|supra du quebec|2026-06-09,h2h|fc supra du quebec||away,h2h,FC Supra Du Quebec,,away,3.95,3.5368,"[""Bet365"", ""Unibet"", ""Betfair Exchange"", ""Sbobet""]","[""odds_api_io""]",4,4.987,
soccer|ottawa|supra du quebec|2026-06-09,dnb|ottawa|0.00|home,dnb,Ottawa,0.0,home,1.47,1.4384,"[""Bet365"", ""Unibet"", ""Betfair Exchange""]","[""odds_api_io""]",3,3.401,
soccer|ottawa|supra du quebec|2026-06-09,dnb|fc supra du quebec|0.00|away,dnb,FC Supra Du Quebec,0.0,away,3.0,2.7173,"[""Bet365"", ""Unibet"", ""Betfair Exchange""]","[""odds_api_io""]",3,5.882,
soccer|ottawa|supra du quebec|2026-06-09,spreads|ottawa|-0.50|home,spreads,Ottawa,-0.5,home,1.96,1.8852,"[""Bet365"", ""Betfair Exchange"", ""Sbobet""]","[""odds_api_io""]",3,4.535,
soccer|ottawa|supra du quebec|2026-06-09,spreads|fc supra du quebec|0.50|away,spreads,FC Supra Du Quebec,0.5,away,2.03,1.9757,"[""Bet365"", ""Betfair Exchange"", ""Sbobet""]","[""odds_api_io""]",3,3.37,
soccer|ottawa|supra du quebec|2026-06-09,totals|over|2.75|,totals,Over,2.75,,1.9,1.8417,"[""Bet365"", ""Betfair Exchange"", ""Sbobet""]","[""odds_api_io""]",3,4.187,
soccer|ottawa|supra du quebec|2026-06-09,totals|under|2.75|,totals,Under,2.75,,2.04,1.9917,"[""Bet365"", ""Betfair Exchange"", ""Sbobet""]","[""odds_api_io""]",3,3.612,
soccer|ottawa|supra du quebec|2026-06-09,totals|over|2.50|,totals,Over,2.5,,1.72,1.7098,"[""Bet365"", ""Unibet"", ""Betfair Exchange""]","[""odds_api_io""]",3,0.684,
soccer|ottawa|supra du quebec|2026-06-09,totals|under|2.50|,totals,Under,2.5,,2.32,2.1362,"[""Bet365"", ""Unibet"", ""Betfair Exchange""]","[""odds_api_io""]",3,6.897,
soccer|ottawa|supra du quebec|2026-06-09,btts|yes||,btts,Yes,,,1.666,1.6423,"[""Bet365"", ""Unibet"", ""Betfair Exchange""]","[""odds_api_io""]",3,2.088,
soccer|ottawa|supra du quebec|2026-06-09,btts|no||,btts,No,,,2.36,2.1623,"[""Bet365"", ""Unibet"", ""Betfair Exchange""]","[""odds_api_io""]",3,6.647,
soccer|ottawa|supra du quebec|2026-06-09,spreads|ottawa|-3.00|home,spreads,Ottawa,-3.0,home,16.0,15.4136,"[""Bet365"", ""Betfair Exchange""]","[""odds_api_io""]",3,0.417,
soccer|ottawa|supra du quebec|2026-06-09,spreads|ottawa|-2.00|home,spreads,Ottawa,-2.0,home,7.0,6.303,"[""Bet365"", ""Betfair Exchange""]","[""odds_api_io""]",4,2.663,
soccer|ottawa|supra du quebec|2026-06-09,spreads|fc supra du quebec|2.00|away,spreads,FC Supra Du Quebec,2.0,away,17.0,1.5634,"[""Bet365"", ""Betfair Exchange""]","[""odds_api_io""]",4,82.613,
soccer|ottawa|supra du quebec|2026-06-09,spreads|ottawa|1.00|home,spreads,Ottawa,1.0,home,1.333,1.2079,"[""Bet365"", ""Betfair Exchange""]","[""odds_api_io""]",4,15.071,
soccer|ottawa|supra du quebec|2026-06-09,spreads|ottawa|2.00|home,spreads,Ottawa,2.0,home,1.09,1.0632,"[""Bet365"", ""Betfair Exchange""]","[""odds_api_io""]",3,6.296,
soccer|ottawa|supra du quebec|2026-06-09,spreads|fc supra du quebec|-2.00|away,spreads,FC Supra Du Quebec,-2.0,away,26.0,3.607,"[""Bet365"", ""Betfair Exchange""]","[""odds_api_io""]",3,73.077,
soccer|ottawa|supra du quebec|2026-06-09,spreads|fc supra du quebec|-3.00|away,spreads,FC Supra Du Quebec,-3.0,away,80.0,2.1894,"[""Bet365"", ""Betfair Exchange""]","[""odds_api_io""]",2,90.493,
soccer|ottawa|supra du quebec|2026-06-09,spreads|fc supra du quebec|1.00|away,spreads,FC Supra Du Quebec,1.0,away,7.0,2.7337,"[""Bet365"", ""Betfair Exchange""]","[""odds_api_io""]",4,51.074,
soccer|ottawa|supra du quebec|2026-06-09,teamTotals|over|2.50|,teamTotals,Over,2.5,,6.5,4.55,"[""Bet365""]","[""odds_api_io""]",2,13.187,
soccer|ottawa|supra du quebec|2026-06-09,teamTotals|under|2.50|,teamTotals,Under,2.5,,1.285,1.1853,"[""Bet365""]","[""odds_api_io""]",2,13.088,
soccer|ottawa|supra du quebec|2026-06-09,teamTotals|over|3.50|,teamTotals,Over,3.5,,11.0,8.5556,"[""Bet365""]","[""odds_api_io""]",2,5.195,
soccer|ottawa|supra du quebec|2026-06-09,teamTotals|under|3.50|,teamTotals,Under,3.5,,1.083,1.0506,"[""Bet365""]","[""odds_api_io""]",2,5.703,
soccer|ottawa|supra du quebec|2026-06-09,teamTotals|over|4.50|,teamTotals,Over,4.5,,21.0,14.4375,"[""Bet365""]","[""odds_api_io""]",2,4.329,
soccer|ottawa|supra du quebec|2026-06-09,teamTotals|under|4.50|,teamTotals,Under,4.5,,1.02,1.0109,"[""Bet365""]","[""odds_api_io""]",2,1.761,
soccer|ottawa|supra du quebec|2026-06-09,teamTotals|over|5.50|,teamTotals,Over,5.5,,21.0,21.0,"[""Bet365""]","[""odds_api_io""]",1,,
soccer|ottawa|supra du quebec|2026-06-09,teamTotals|under|5.50|,teamTotals,Under,5.5,,1.002,1.002,"[""Bet365""]","[""odds_api_io""]",1,,
soccer|ottawa|supra du quebec|2026-06-09,teamTotals|over|0.50|,teamTotals,Over,0.5,,1.363,1.2568,"[""Bet365""]","[""odds_api_io""]",2,12.396,
soccer|ottawa|supra du quebec|2026-06-09,teamTotals|under|0.50|,teamTotals,Under,0.5,,4.5,3.6,"[""Bet365""]","[""odds_api_io""]",2,11.111,
soccer|ottawa|supra du quebec|2026-06-09,teamTotals|over|1.50|,teamTotals,Over,1.5,,2.625,2.1586,"[""Bet365""]","[""odds_api_io""]",2,16.46,
soccer|ottawa|supra du quebec|2026-06-09,teamTotals|under|1.50|,teamTotals,Under,1.5,,1.833,1.6154,"[""Bet365""]","[""odds_api_io""]",2,14.697,
soccer|ottawa|supra du quebec|2026-06-09,spreads|ottawa|-1.50|home,spreads,Ottawa,-1.5,home,3.3,3.3,"[""Bet365"", ""Betfair Exchange""]","[""odds_api_io""]",2,,
soccer|ottawa|supra du quebec|2026-06-09,spreads|fc supra du quebec|1.50|away,spreads,FC Supra Du Quebec,1.5,away,1.35,1.3376,"[""Bet365"", ""Betfair Exchange""]","[""odds_api_io""]",2,1.398,
soccer|ottawa|supra du quebec|2026-06-09,spreads|ottawa|-2.50|home,spreads,Ottawa,-2.5,home,7.03,6.8121,"[""Bet365"", ""Betfair Exchange""]","[""odds_api_io""]",2,0.927,
soccer|ottawa|supra du quebec|2026-06-09,spreads|fc supra du quebec|2.50|away,spreads,FC Supra Du Quebec,2.5,away,1.13,1.1201,"[""Bet365"", ""Betfair Exchange""]","[""odds_api_io""]",2,1.595,
soccer|ottawa|supra du quebec|2026-06-09,spreads|ottawa|-1.75|home,spreads,Ottawa,-1.75,home,4.19,4.0945,"[""Bet365"", ""Betfair Exchange""]","[""odds_api_io""]",2,1.134,
soccer|ottawa|supra du quebec|2026-06-09,spreads|fc supra du quebec|1.75|away,spreads,FC Supra Du Quebec,1.75,away,1.26,1.2451,"[""Bet365"", ""Betfair Exchange""]","[""odds_api_io""]",2,1.936,
soccer|ottawa|supra du quebec|2026-06-09,spreads|ottawa|-1.00|home,spreads,Ottawa,-1.0,home,3.3,2.8159,"[""Bet365"", ""Betfair Exchange""]","[""odds_api_io""]",3,8.159,
soccer|ottawa|supra du quebec|2026-06-09,spreads|ottawa|-0.75|home,spreads,Ottawa,-0.75,home,2.21,2.1801,"[""Bet365"", ""Betfair Exchange""]","[""odds_api_io""]",2,1.263,
soccer|ottawa|supra du quebec|2026-06-09,spreads|fc supra du quebec|0.75|away,spreads,FC Supra Du Quebec,0.75,away,4.25,2.4906,"[""Bet365"", ""Betfair Exchange""]","[""odds_api_io""]",2,32.65,
soccer|ottawa|supra du quebec|2026-06-09,spreads|ottawa|-0.25|home,spreads,Ottawa,-0.25,home,1.71,1.6926,"[""Bet365"", ""Betfair Exchange""]","[""odds_api_io""]",2,1.222,
soccer|ottawa|supra du quebec|2026-06-09,spreads|fc supra du quebec|0.25|away,spreads,FC Supra Du Quebec,0.25,away,3.0,2.6361,"[""Bet365"", ""Betfair Exchange""]","[""odds_api_io""]",2,9.04,
soccer|ottawa|supra du quebec|2026-06-09,spreads|ottawa|0.00|home,spreads,Ottawa,0.0,home,1.47,1.4601,"[""Bet365"", ""Betfair Exchange""]","[""odds_api_io""]",2,0.938,
soccer|ottawa|supra du quebec|2026-06-09,spreads|fc supra du quebec|-0.00|away,spreads,FC Supra Du Quebec,-0.0,away,3.0,2.8311,"[""Bet365"", ""Betfair Exchange""]","[""odds_api_io""]",2,4.05,
soccer|ottawa|supra du quebec|2026-06-09,spreads|ottawa|0.25|home,spreads,Ottawa,0.25,home,1.375,1.3724,"[""Bet365"", ""Betfair Exchange""]","[""odds_api_io""]",2,0.265,
soccer|ottawa|supra du quebec|2026-06-09,spreads|fc supra du quebec|-0.25|away,spreads,FC Supra Du Quebec,-0.25,away,3.47,2.6664,"[""Bet365"", ""Betfair Exchange""]","[""odds_api_io""]",2,17.693,
soccer|ottawa|supra du quebec|2026-06-09,spreads|ottawa|0.50|home,spreads,Ottawa,0.5,home,1.31,1.3051,"[""Bet365"", ""Betfair Exchange""]","[""odds_api_io""]",2,0.587,
soccer|ottawa|supra du quebec|2026-06-09,spreads|fc supra du quebec|-0.50|away,spreads,FC Supra Du Quebec,-0.5,away,3.95,3.6876,"[""Bet365"", ""Betfair Exchange""]","[""odds_api_io""]",2,3.669,
soccer|ottawa|supra du quebec|2026-06-09,spreads|ottawa|0.75|home,spreads,Ottawa,0.75,home,1.21,1.21,"[""Bet365"", ""Betfair Exchange""]","[""odds_api_io""]",2,,
soccer|ottawa|supra du quebec|2026-06-09,spreads|fc supra du quebec|-0.75|away,spreads,FC Supra Du Quebec,-0.75,away,5.07,2.5413,"[""Bet365"", ""Betfair Exchange""]","[""odds_api_io""]",2,39.978,
soccer|ottawa|supra du quebec|2026-06-09,spreads|fc supra du quebec|-1.00|away,spreads,FC Supra Du Quebec,-1.0,away,8.8,3.2962,"[""Bet365"", ""Betfair Exchange""]","[""odds_api_io""]",3,56.433,
soccer|ottawa|supra du quebec|2026-06-09,spreads|ottawa|-2.25|home,spreads,Ottawa,-2.25,home,6.48,6.365,"[""Bet365"", ""Betfair Exchange""]","[""odds_api_io""]",2,0.568,
soccer|ottawa|supra du quebec|2026-06-09,spreads|fc supra du quebec|2.25|away,spreads,FC Supra Du Quebec,2.25,away,1.14,1.1301,"[""Bet365"", ""Betfair Exchange""]","[""odds_api_io""]",2,1.566,
soccer|ottawa|supra du quebec|2026-06-09,spreads|ottawa|-1.25|home,spreads,Ottawa,-1.25,home,3.0,3.0,"[""Bet365"", ""Betfair Exchange""]","[""odds_api_io""]",2,,
soccer|ottawa|supra du quebec|2026-06-09,spreads|fc supra du quebec|1.25|away,spreads,FC Supra Du Quebec,1.25,away,6.8,2.3354,"[""Bet365"", ""Betfair Exchange""]","[""odds_api_io""]",2,55.224,
soccer|ottawa|supra du quebec|2026-06-09,spreads|ottawa|1.25|home,spreads,Ottawa,1.25,home,1.105,1.1024,"[""Bet365"", ""Betfair Exchange""]","[""odds_api_io""]",2,0.411,
soccer|ottawa|supra du quebec|2026-06-09,spreads|fc supra du quebec|-1.25|away,spreads,FC Supra Du Quebec,-1.25,away,8.19,2.3856,"[""Bet365"", ""Betfair Exchange""]","[""odds_api_io""]",2,60.517,
soccer|ottawa|supra du quebec|2026-06-09,doubleChance|1x||,doubleChance,1X,,,1.31,1.2601,"[""Unibet"", ""Betfair Exchange""]","[""odds_api_io""]",2,6.309,
soccer|ottawa|supra du quebec|2026-06-09,doubleChance|12||,doubleChance,12,,,1.31,1.2496,"[""Unibet"", ""Betfair Exchange""]","[""odds_api_io""]",2,7.698,
soccer|ottawa|supra du quebec|2026-06-09,doubleChance|x2||,doubleChance,X2,,,2.02,1.8698,"[""Unibet"", ""Betfair Exchange""]","[""odds_api_io""]",2,8.299,
soccer|ottawa|supra du quebec|2026-06-09,totals|over|3.50|,totals,Over,3.5,,2.85,2.8131,"[""Unibet"", ""Betfair Exchange""]","[""odds_api_io""]",2,0.884,
soccer|ottawa|supra du quebec|2026-06-09,totals|under|3.50|,totals,Under,3.5,,1.52,1.4442,"[""Unibet"", ""Betfair Exchange""]","[""odds_api_io""]",2,7.203,
soccer|ottawa|supra du quebec|2026-06-09,totals|over|1.50|,totals,Over,1.5,,1.24,1.2303,"[""Unibet"", ""Betfair Exchange""]","[""odds_api_io""]",2,1.322,
soccer|ottawa|supra du quebec|2026-06-09,totals|under|1.50|,totals,Under,1.5,,4.9,4.3032,"[""Unibet"", ""Betfair Exchange""]","[""odds_api_io""]",2,5.908,
soccer|ottawa|supra du quebec|2026-06-09,spreads|fc supra du quebec|3.00|away,spreads,FC Supra Du Quebec,3.0,away,1.13,1.0831,"[""Betfair Exchange""]","[""odds_api_io""]",2,7.658,
soccer|ottawa|supra du quebec|2026-06-09,spreads|ottawa|-3.75|home,spreads,Ottawa,-3.75,home,16.46,16.46,"[""Betfair Exchange""]","[""odds_api_io""]",1,,
soccer|ottawa|supra du quebec|2026-06-09,spreads|fc supra du quebec|3.75|away,spreads,FC Supra Du Quebec,3.75,away,1.02,1.02,"[""Betfair Exchange""]","[""odds_api_io""]",1,,
soccer|ottawa|supra du quebec|2026-06-09,spreads|ottawa|-3.50|home,spreads,Ottawa,-3.5,home,16.46,16.46,"[""Betfair Exchange""]","[""odds_api_io""]",1,,
soccer|ottawa|supra du quebec|2026-06-09,spreads|fc supra du quebec|3.50|away,spreads,FC Supra Du Quebec,3.5,away,1.04,1.04,"[""Betfair Exchange""]","[""odds_api_io""]",1,,
soccer|ottawa|supra du quebec|2026-06-09,spreads|ottawa|1.75|home,spreads,Ottawa,1.75,home,1.06,1.06,"[""Betfair Exchange""]","[""odds_api_io""]",1,,
soccer|ottawa|supra du quebec|2026-06-09,spreads|fc supra du quebec|-1.75|away,spreads,FC Supra Du Quebec,-1.75,away,12.65,12.65,"[""Betfair Exchange""]","[""odds_api_io""]",1,,
soccer|ottawa|supra du quebec|2026-06-09,spreads|ottawa|-2.75|home,spreads,Ottawa,-2.75,home,9.58,9.58,"[""Betfair Exchange""]","[""odds_api_io""]",1,,
soccer|ottawa|supra du quebec|2026-06-09,spreads|fc supra du quebec|2.75|away,spreads,FC Supra Du Quebec,2.75,away,1.09,1.09,"[""Betfair Exchange""]","[""odds_api_io""]",1,,
soccer|ottawa|supra du quebec|2026-06-09,spreads|ottawa|-3.25|home,spreads,Ottawa,-3.25,home,15.95,15.95,"[""Betfair Exchange""]","[""odds_api_io""]",1,,
soccer|ottawa|supra du quebec|2026-06-09,spreads|fc supra du quebec|3.25|away,spreads,FC Supra Du Quebec,3.25,away,1.04,1.04,"[""Betfair Exchange""]","[""odds_api_io""]",1,,
soccer|ottawa|supra du quebec|2026-06-09,spreads|ottawa|1.50|home,spreads,Ottawa,1.5,home,1.09,1.09,"[""Betfair Exchange""]","[""odds_api_io""]",1,,
soccer|ottawa|supra du quebec|2026-06-09,spreads|fc supra du quebec|-1.50|away,spreads,FC Supra Du Quebec,-1.5,away,8.8,8.8,"[""Betfair Exchange""]","[""odds_api_io""]",1,,
soccer|ottawa|supra du quebec|2026-06-09,spreads|ottawa|2.50|home,spreads,Ottawa,2.5,home,1.02,1.02,"[""Betfair Exchange""]","[""odds_api_io""]",1,,
soccer|ottawa|supra du quebec|2026-06-09,spreads|fc supra du quebec|-2.50|away,spreads,FC Supra Du Quebec,-2.5,away,26.0,26.0,"[""Betfair Exchange""]","[""odds_api_io""]",1,,
soccer|ottawa|supra du quebec|2026-06-09,spreads|ottawa|2.75|home,spreads,Ottawa,2.75,home,1.01,1.01,"[""Betfair Exchange""]","[""odds_api_io""]",1,,
soccer|ottawa|supra du quebec|2026-06-09,spreads|fc supra du quebec|-2.75|away,spreads,FC Supra Du Quebec,-2.75,away,38.73,38.73,"[""Betfair Exchange""]","[""odds_api_io""]",1,,
soccer|ottawa|supra du quebec|2026-06-09,spreads|ottawa|2.25|home,spreads,Ottawa,2.25,home,1.02,1.02,"[""Betfair Exchange""]","[""odds_api_io""]",1,,
soccer|ottawa|supra du quebec|2026-06-09,spreads|fc supra du quebec|-2.25|away,spreads,FC Supra Du Quebec,-2.25,away,25.02,25.02,"[""Betfair Exchange""]","[""odds_api_io""]",1,,
soccer|ottawa|supra du quebec|2026-06-09,totals|over|1.25|,totals,Over,1.25,,1.14,1.14,"[""Betfair Exchange""]","[""odds_api_io""]",1,,
soccer|ottawa|supra du quebec|2026-06-09,totals|under|1.25|,totals,Under,1.25,,6.93,6.93,"[""Betfair Exchange""]","[""odds_api_io""]",1,,
soccer|ottawa|supra du quebec|2026-06-09,totals|over|1.75|,totals,Over,1.75,,1.27,1.27,"[""Betfair Exchange""]","[""odds_api_io""]",1,,
soccer|ottawa|supra du quebec|2026-06-09,totals|under|1.75|,totals,Under,1.75,,4.2,4.2,"[""Betfair Exchange""]","[""odds_api_io""]",1,,
soccer|ottawa|supra du quebec|2026-06-09,totals|over|2.00|,totals,Over,2.0,,1.33,1.33,"[""Betfair Exchange""]","[""odds_api_io""]",1,,
soccer|ottawa|supra du quebec|2026-06-09,totals|under|2.00|,totals,Under,2.0,,3.69,3.69,"[""Betfair Exchange""]","[""odds_api_io""]",1,,
soccer|ottawa|supra du quebec|2026-06-09,totals|over|2.25|,totals,Over,2.25,,1.52,1.52,"[""Betfair Exchange""]","[""odds_api_io""]",1,,
soccer|ottawa|supra du quebec|2026-06-09,totals|under|2.25|,totals,Under,2.25,,2.77,2.77,"[""Betfair Exchange""]","[""odds_api_io""]",1,,
soccer|ottawa|supra du quebec|2026-06-09,totals|over|3.25|,totals,Over,3.25,,2.46,2.46,"[""Betfair Exchange""]","[""odds_api_io""]",1,,
soccer|ottawa|supra du quebec|2026-06-09,totals|under|3.25|,totals,Under,3.25,,1.63,1.63,"[""Betfair Exchange""]","[""odds_api_io""]",1,,
soccer|ottawa|supra du quebec|2026-06-09,totals|over|1.00|,totals,Over,1.0,,1.04,1.04,"[""Betfair Exchange""]","[""odds_api_io""]",1,,
soccer|ottawa|supra du quebec|2026-06-09,totals|under|1.00|,totals,Under,1.0,,13.38,13.38,"[""Betfair Exchange""]","[""odds_api_io""]",1,,
soccer|ottawa|supra du quebec|2026-06-09,totals|over|0.50|,totals,Over,0.5,,1.04,1.04,"[""Betfair Exchange""]","[""odds_api_io""]",1,,
soccer|ottawa|supra du quebec|2026-06-09,totals|under|0.50|,totals,Under,0.5,,17.66,17.66,"[""Betfair Exchange""]","[""odds_api_io""]",1,,
soccer|ottawa|supra du quebec|2026-06-09,totals|over|0.75|,totals,Over,0.75,,1.04,1.04,"[""Betfair Exchange""]","[""odds_api_io""]",1,,
soccer|ottawa|supra du quebec|2026-06-09,totals|under|0.75|,totals,Under,0.75,,14.47,14.47,"[""Betfair Exchange""]","[""odds_api_io""]",1,,
soccer|ottawa|supra du quebec|2026-06-09,totals|over|4.75|,totals,Over,4.75,,6.98,6.98,"[""Betfair Exchange""]","[""odds_api_io""]",1,,
soccer|ottawa|supra du quebec|2026-06-09,totals|under|4.75|,totals,Under,4.75,,1.13,1.13,"[""Betfair Exchange""]","[""odds_api_io""]",1,,
soccer|ottawa|supra du quebec|2026-06-09,totals|over|5.50|,totals,Over,5.5,,12.11,12.11,"[""Betfair Exchange""]","[""odds_api_io""]",1,,
soccer|ottawa|supra du quebec|2026-06-09,totals|under|5.50|,totals,Under,5.5,,1.08,1.08,"[""Betfair Exchange""]","[""odds_api_io""]",1,,
soccer|ottawa|supra du quebec|2026-06-09,totals|over|5.25|,totals,Over,5.25,,11.46,11.46,"[""Betfair Exchange""]","[""odds_api_io""]",1,,
soccer|ottawa|supra du quebec|2026-06-09,totals|under|5.25|,totals,Under,5.25,,1.08,1.08,"[""Betfair Exchange""]","[""odds_api_io""]",1,,
soccer|ottawa|supra du quebec|2026-06-09,totals|over|5.75|,totals,Over,5.75,,16.51,16.51,"[""Betfair Exchange""]","[""odds_api_io""]",1,,
soccer|ottawa|supra du quebec|2026-06-09,totals|under|5.75|,totals,Under,5.75,,1.05,1.05,"[""Betfair Exchange""]","[""odds_api_io""]",1,,
soccer|ottawa|supra du quebec|2026-06-09,totals|over|3.00|,totals,Over,3.0,,2.15,2.15,"[""Betfair Exchange""]","[""odds_api_io""]",1,,
soccer|ottawa|supra du quebec|2026-06-09,totals|under|3.00|,totals,Under,3.0,,1.8,1.8,"[""Betfair Exchange""]","[""odds_api_io""]",1,,
soccer|ottawa|supra du quebec|2026-06-09,totals|over|5.00|,totals,Over,5.0,,10.82,10.82,"[""Betfair Exchange""]","[""odds_api_io""]",1,,
soccer|ottawa|supra du quebec|2026-06-09,totals|under|5.00|,totals,Under,5.0,,1.09,1.09,"[""Betfair Exchange""]","[""odds_api_io""]",1,,
soccer|ottawa|supra du quebec|2026-06-09,totals|over|4.00|,totals,Over,4.0,,4.39,4.39,"[""Betfair Exchange""]","[""odds_api_io""]",1,,
soccer|ottawa|supra du quebec|2026-06-09,totals|under|4.00|,totals,Under,4.0,,1.27,1.27,"[""Betfair Exchange""]","[""odds_api_io""]",1,,
soccer|ottawa|supra du quebec|2026-06-09,totals|over|4.25|,totals,Over,4.25,,4.84,4.84,"[""Betfair Exchange""]","[""odds_api_io""]",1,,
soccer|ottawa|supra du quebec|2026-06-09,totals|under|4.25|,totals,Under,4.25,,1.24,1.24,"[""Betfair Exchange""]","[""odds_api_io""]",1,,
soccer|ottawa|supra du quebec|2026-06-09,totals|over|3.75|,totals,Over,3.75,,3.33,3.33,"[""Betfair Exchange""]","[""odds_api_io""]",1,,
soccer|ottawa|supra du quebec|2026-06-09,totals|under|3.75|,totals,Under,3.75,,1.39,1.39,"[""Betfair Exchange""]","[""odds_api_io""]",1,,
soccer|ottawa|supra du quebec|2026-06-09,totals|over|6.25|,totals,Over,6.25,,27.34,27.34,"[""Betfair Exchange""]","[""odds_api_io""]",1,,
soccer|ottawa|supra du quebec|2026-06-09,totals|under|6.25|,totals,Under,6.25,,1.02,1.02,"[""Betfair Exchange""]","[""odds_api_io""]",1,,
soccer|ottawa|supra du quebec|2026-06-09,totals|over|6.50|,totals,Over,6.5,,28.0,28.0,"[""Betfair Exchange""]","[""odds_api_io""]",1,,
soccer|ottawa|supra du quebec|2026-06-09,totals|under|6.50|,totals,Under,6.5,,1.02,1.02,"[""Betfair Exchange""]","[""odds_api_io""]",1,,
soccer|ottawa|supra du quebec|2026-06-09,totals|over|6.00|,totals,Over,6.0,,26.68,26.68,"[""Betfair Exchange""]","[""odds_api_io""]",1,,
soccer|ottawa|supra du quebec|2026-06-09,totals|under|6.00|,totals,Under,6.0,,1.02,1.02,"[""Betfair Exchange""]","[""odds_api_io""]",1,,
soccer|ottawa|supra du quebec|2026-06-09,totals|over|4.50|,totals,Over,4.5,,5.3,5.3,"[""Betfair Exchange""]","[""odds_api_io""]",1,,
soccer|ottawa|supra du quebec|2026-06-09,totals|under|4.50|,totals,Under,4.5,,1.21,1.21,"[""Betfair Exchange""]","[""odds_api_io""]",1,,
soccer|ottawa|supra du quebec|2026-06-09,spreads|ottawa|3.00|home,spreads,Ottawa,3.0,home,1.02,1.02,"[""Betfair Exchange""]","[""odds_api_io""]",1,,
soccer|saudi arabia|senegal|2026-06-09,h2h|senegal||home,h2h,Senegal,,home,1.65,1.5876,"[""Bet365"", ""Unibet"", ""Betfair Exchange"", ""Sbobet"", ""1xbet"", ""betano"", ""pinnacle"", ""interwetten"", ""unibet"", ""novibet"", ""bwin"", ""sportingbet"", ""betway"", ""william-hill"", ""marathon"", ""oddssafari-consensus"", ""bzzoiro""]","[""odds_api_io"", ""bzzoiro""]",17,4.329,
soccer|saudi arabia|senegal|2026-06-09,h2h|draw||,h2h,Draw,,,4.1,3.821,"[""Bet365"", ""Unibet"", ""Betfair Exchange"", ""Sbobet"", ""1xbet"", ""betano"", ""pinnacle"", ""interwetten"", ""unibet"", ""novibet"", ""bwin"", ""sportingbet"", ""betway"", ""william-hill"", ""marathon"", ""oddssafari-consensus"", ""bzzoiro""]","[""odds_api_io"", ""bzzoiro""]",17,3.7,
soccer|saudi arabia|senegal|2026-06-09,h2h|saudi arabia||away,h2h,Saudi Arabia,,away,6.5,5.8477,"[""Bet365"", ""Unibet"", ""Betfair Exchange"", ""Sbobet"", ""1xbet"", ""betano"", ""pinnacle"", ""interwetten"", ""unibet"", ""novibet"", ""bwin"", ""sportingbet"", ""betway"", ""william-hill"", ""marathon"", ""oddssafari-consensus"", ""bzzoiro""]","[""odds_api_io"", ""bzzoiro""]",17,4.223,
soccer|saudi arabia|senegal|2026-06-09,dnb|senegal|0.00|home,dnb,Senegal,0.0,home,1.24,1.2103,"[""Bet365"", ""Unibet"", ""Betfair Exchange""]","[""odds_api_io""]",3,3.388,
soccer|saudi arabia|senegal|2026-06-09,dnb|saudi arabia|0.00|away,dnb,Saudi Arabia,0.0,away,4.8,4.4017,"[""Bet365"", ""Unibet"", ""Betfair Exchange""]","[""odds_api_io""]",3,3.557,
soccer|saudi arabia|senegal|2026-06-09,spreads|senegal|-0.75|home,spreads,Senegal,-0.75,home,1.83,1.529,"[""Bet365"", ""Betfair Exchange"", ""Sbobet""]","[""odds_api_io""]",4,36.264,
soccer|saudi arabia|senegal|2026-06-09,spreads|saudi arabia|0.75|away,spreads,Saudi Arabia,0.75,away,9.36,2.5583,"[""Bet365"", ""Betfair Exchange"", ""Sbobet""]","[""odds_api_io""]",4,39.067,
soccer|saudi arabia|senegal|2026-06-09,totals|over|2.25|,totals,Over,2.25,,1.91,1.8411,"[""Bet365"", ""Betfair Exchange"", ""Sbobet""]","[""odds_api_io""]",3,3.51,
soccer|saudi arabia|senegal|2026-06-09,totals|under|2.25|,totals,Under,2.25,,2.05,2.0182,"[""Bet365"", ""Betfair Exchange"", ""Sbobet""]","[""odds_api_io""]",3,1.852,
soccer|saudi arabia|senegal|2026-06-09,totals|over|2.50|,totals,Over,2.5,,2.18,2.0665,"[""Bet365"", ""Unibet"", ""Betfair Exchange"", ""Sbobet"", ""pinnacle"", ""1xbet"", ""betano"", ""unibet"", ""oddssafariconsensus"", ""bwin"", ""interwetten"", ""marathon"", ""sportingbet"", ""betway"", ""novibet"", ""williamhill""]","[""odds_api_io"", ""bzzoiro""]",16,5.942,
soccer|saudi arabia|senegal|2026-06-09,totals|under|2.50|,totals,Under,2.5,,1.81,1.7472,"[""Bet365"", ""Unibet"", ""Betfair Exchange"", ""Sbobet"", ""1xbet"", ""novibet"", ""unibet"", ""betway"", ""marathon"", ""oddssafariconsensus""]","[""odds_api_io"", ""bzzoiro""]",10,3.575,
soccer|saudi arabia|senegal|2026-06-09,btts|yes||,btts,Yes,,,2.16,2.0796,"[""Bet365"", ""Unibet"", ""Betfair Exchange"", ""1xbet"", ""betano"", ""pinnacle"", ""interwetten"", ""unibet"", ""novibet"", ""bwin"", ""sportingbet"", ""betway"", ""william-hill"", ""marathon"", ""oddssafari-consensus"", ""bzzoiro""]","[""odds_api_io"", ""bzzoiro""]",16,3.455,
soccer|saudi arabia|senegal|2026-06-09,btts|no||,btts,No,,,1.8,1.6854,"[""Bet365"", ""Unibet"", ""Betfair Exchange"", ""1xbet"", ""betano"", ""pinnacle"", ""interwetten"", ""unibet"", ""novibet"", ""bwin"", ""sportingbet"", ""betway"", ""william-hill"", ""marathon"", ""oddssafari-consensus"", ""bzzoiro""]","[""odds_api_io"", ""bzzoiro""]",16,6.364,
soccer|saudi arabia|senegal|2026-06-09,spreads|saudi arabia|1.00|away,spreads,Saudi Arabia,1.0,away,22.0,2.9201,"[""Bet365"", ""Unibet"", ""Betfair Exchange"", ""Sbobet""]","[""odds_api_io""]",6,51.952,
soccer|saudi arabia|senegal|2026-06-09,spreads|senegal|1.00|home,spreads,Senegal,1.0,home,2.94,1.9523,"[""Bet365"", ""Unibet"", ""Betfair Exchange""]","[""odds_api_io""]",4,55.272,
soccer|saudi arabia|senegal|2026-06-09,spreads|senegal|-2.00|home,spreads,Senegal,-2.0,home,5.25,1.6721,"[""Bet365"", ""Unibet"", ""Betfair Exchange""]","[""odds_api_io""]",4,78.04,
soccer|saudi arabia|senegal|2026-06-09,spreads|saudi arabia|2.00|away,spreads,Saudi Arabia,2.0,away,95.0,1.7993,"[""Bet365"", ""Unibet"", ""Betfair Exchange""]","[""odds_api_io""]",4,82.281,
soccer|saudi arabia|senegal|2026-06-09,spreads|senegal|0.25|home,spreads,Senegal,0.25,home,1.45,1.4122,"[""Bet365"", ""Betfair Exchange""]","[""odds_api_io""]",2,3.762,
soccer|saudi arabia|senegal|2026-06-09,spreads|saudi arabia|-0.25|away,spreads,Saudi Arabia,-0.25,away,5.0,3.8643,"[""Bet365"", ""Betfair Exchange""]","[""odds_api_io""]",2,11.546,
soccer|saudi arabia|senegal|2026-06-09,spreads|senegal|-0.25|home,spreads,Senegal,-0.25,home,1.2,1.1851,"[""Bet365"", ""Betfair Exchange""]","[""odds_api_io""]",2,2.137,
soccer|saudi arabia|senegal|2026-06-09,spreads|saudi arabia|0.25|away,spreads,Saudi Arabia,0.25,away,5.63,3.9361,"[""Bet365"", ""Betfair Exchange""]","[""odds_api_io""]",2,15.571,
soccer|saudi arabia|senegal|2026-06-09,spreads|senegal|-1.50|home,spreads,Senegal,-1.5,home,2.63,1.705,"[""Bet365"", ""Unibet"", ""Betfair Exchange""]","[""odds_api_io""]",3,59.065,
soccer|saudi arabia|senegal|2026-06-09,spreads|saudi arabia|1.50|away,spreads,Saudi Arabia,1.5,away,22.0,2.134,"[""Bet365"", ""Unibet"", ""Betfair Exchange""]","[""odds_api_io""]",3,66.377,
soccer|saudi arabia|senegal|2026-06-09,spreads|senegal|0.50|home,spreads,Senegal,0.5,home,1.65,1.4073,"[""Bet365"", ""Unibet"", ""Betfair Exchange""]","[""odds_api_io""]",3,28.68,
soccer|saudi arabia|senegal|2026-06-09,spreads|saudi arabia|-0.50|away,spreads,Saudi Arabia,-0.5,away,5.5,3.8064,"[""Bet365"", ""Unibet"", ""Betfair Exchange""]","[""odds_api_io""]",3,21.659,
soccer|saudi arabia|senegal|2026-06-09,spreads|senegal|0.00|home,spreads,Senegal,0.0,home,1.24,1.2251,"[""Bet365"", ""Betfair Exchange""]","[""odds_api_io""]",2,1.999,
soccer|saudi arabia|senegal|2026-06-09,spreads|saudi arabia|-0.00|away,spreads,Saudi Arabia,-0.0,away,4.86,4.5401,"[""Bet365"", ""Betfair Exchange""]","[""odds_api_io""]",2,2.953,
soccer|saudi arabia|senegal|2026-06-09,spreads|senegal|-0.50|home,spreads,Senegal,-0.5,home,1.53,1.257,"[""Bet365"", ""Unibet"", ""Betfair Exchange""]","[""odds_api_io""]",3,21.597,
soccer|saudi arabia|senegal|2026-06-09,spreads|saudi arabia|0.50|away,spreads,Saudi Arabia,0.5,away,6.4,2.9975,"[""Bet365"", ""Unibet"", ""Betfair Exchange""]","[""odds_api_io""]",3,27.853,
soccer|saudi arabia|senegal|2026-06-09,spreads|senegal|-1.25|home,spreads,Senegal,-1.25,home,2.31,1.6286,"[""Bet365"", ""Betfair Exchange"", ""Sbobet""]","[""odds_api_io""]",3,52.864,
soccer|saudi arabia|senegal|2026-06-09,spreads|saudi arabia|1.25|away,spreads,Saudi Arabia,1.25,away,20.78,2.3364,"[""Bet365"", ""Betfair Exchange"", ""Sbobet""]","[""odds_api_io""]",3,57.688,
soccer|saudi arabia|senegal|2026-06-09,spreads|senegal|-1.75|home,spreads,Senegal,-1.75,home,3.3,1.5435,"[""Bet365"", ""Betfair Exchange""]","[""odds_api_io""]",2,67.736,
soccer|saudi arabia|senegal|2026-06-09,spreads|saudi arabia|1.75|away,spreads,Saudi Arabia,1.75,away,35.1,2.5974,"[""Bet365"", ""Betfair Exchange""]","[""odds_api_io""]",2,72.623,
soccer|saudi arabia|senegal|2026-06-09,spreads|senegal|-2.25|home,spreads,Senegal,-2.25,home,4.8,4.8,"[""Bet365""]","[""odds_api_io""]",1,,
soccer|saudi arabia|senegal|2026-06-09,spreads|saudi arabia|2.25|away,spreads,Saudi Arabia,2.25,away,1.175,1.175,"[""Bet365""]","[""odds_api_io""]",1,,
soccer|saudi arabia|senegal|2026-06-09,spreads|senegal|-2.50|home,spreads,Senegal,-2.5,home,5.5,5.244,"[""Bet365"", ""Unibet""]","[""odds_api_io""]",2,1.818,
soccer|saudi arabia|senegal|2026-06-09,spreads|saudi arabia|2.50|away,spreads,Saudi Arabia,2.5,away,1.15,1.1352,"[""Bet365"", ""Unibet""]","[""odds_api_io""]",2,2.329,
soccer|saudi arabia|senegal|2026-06-09,spreads|senegal|-2.75|home,spreads,Senegal,-2.75,home,7.0,7.0,"[""Bet365""]","[""odds_api_io""]",1,,
soccer|saudi arabia|senegal|2026-06-09,spreads|saudi arabia|2.75|away,spreads,Saudi Arabia,2.75,away,1.1,1.1,"[""Bet365""]","[""odds_api_io""]",1,,
soccer|saudi arabia|senegal|2026-06-09,teamTotals|over|1.50|,teamTotals,Over,1.5,,5.0,2.594,"[""Bet365"", ""Unibet""]","[""odds_api_io""]",4,36.497,
soccer|saudi arabia|senegal|2026-06-09,teamTotals|under|1.50|,teamTotals,Under,1.5,,1.91,1.4456,"[""Bet365"", ""Unibet""]","[""odds_api_io""]",4,33.851,
soccer|saudi arabia|senegal|2026-06-09,teamTotals|over|2.50|,teamTotals,Over,2.5,,17.0,4.7566,"[""Bet365"", ""Unibet""]","[""odds_api_io""]",3,23.103,
soccer|saudi arabia|senegal|2026-06-09,teamTotals|under|2.50|,teamTotals,Under,2.5,,1.285,1.1764,"[""Bet365"", ""Unibet""]","[""odds_api_io""]",3,19.74,
soccer|saudi arabia|senegal|2026-06-09,teamTotals|over|4.50|,teamTotals,Over,4.5,,21.0,21.0,"[""Bet365""]","[""odds_api_io""]",1,,
soccer|saudi arabia|senegal|2026-06-09,teamTotals|under|4.50|,teamTotals,Under,4.5,,1.015,1.015,"[""Bet365""]","[""odds_api_io""]",1,,
soccer|saudi arabia|senegal|2026-06-09,teamTotals|over|5.50|,teamTotals,Over,5.5,,51.0,51.0,"[""Bet365""]","[""odds_api_io""]",1,,
soccer|saudi arabia|senegal|2026-06-09,teamTotals|under|5.50|,teamTotals,Under,5.5,,1.002,1.002,"[""Bet365""]","[""odds_api_io""]",1,,
soccer|saudi arabia|senegal|2026-06-09,teamTotals|over|0.50|,teamTotals,Over,0.5,,1.8,1.3897,"[""Bet365"", ""Unibet""]","[""odds_api_io""]",4,32.94,
soccer|saudi arabia|senegal|2026-06-09,teamTotals|under|0.50|,teamTotals,Under,0.5,,5.0,2.7743,"[""Bet365"", ""Unibet""]","[""odds_api_io""]",4,32.383,
soccer|saudi arabia|senegal|2026-06-09,teamTotals|over|3.50|,teamTotals,Over,3.5,,51.0,13.8305,"[""Bet365""]","[""odds_api_io""]",2,10.539,
soccer|saudi arabia|senegal|2026-06-09,teamTotals|under|3.50|,teamTotals,Under,3.5,,1.083,1.0409,"[""Bet365""]","[""odds_api_io""]",2,7.464,
soccer|saudi arabia|senegal|2026-06-09,spreads|senegal|-1.00|home,spreads,Senegal,-1.0,home,2.63,1.5599,"[""Bet365"", ""Unibet"", ""Betfair Exchange"", ""Sbobet""]","[""odds_api_io""]",5,58.131,
soccer|saudi arabia|senegal|2026-06-09,doubleChance|1x||,doubleChance,1X,,,2.5,1.5435,"[""Unibet"", ""Betfair Exchange""]","[""odds_api_io""]",2,51.743,
soccer|saudi arabia|senegal|2026-06-09,doubleChance|12||,doubleChance,12,,,1.38,1.3426,"[""Unibet"", ""Betfair Exchange""]","[""odds_api_io""]",2,3.872,
soccer|saudi arabia|senegal|2026-06-09,doubleChance|x2||,doubleChance,X2,,,1.68,1.3691,"[""Unibet"", ""Betfair Exchange""]","[""odds_api_io""]",2,25.946,
soccer|saudi arabia|senegal|2026-06-09,totals|over|1.50|,totals,Over,1.5,,1.39,1.3556,"[""Unibet"", ""Betfair Exchange""]","[""odds_api_io""]",2,3.815,
soccer|saudi arabia|senegal|2026-06-09,totals|under|1.50|,totals,Under,1.5,,3.45,3.0721,"[""Unibet"", ""Betfair Exchange"", ""novibet"", ""bwin"", ""sportingbet"", ""unibet"", ""1xbet"", ""marathon"", ""oddssafariconsensus"", ""pinnacle"", ""888sport"", ""betano"", ""betway"", ""interwetten""]","[""odds_api_io"", ""bzzoiro""]",14,4.913,
soccer|saudi arabia|senegal|2026-06-09,totals|over|3.50|,totals,Over,3.5,,4.12,3.6814,"[""Unibet"", ""Betfair Exchange"", ""pinnacle"", ""unibet"", ""888sport"", ""betano"", ""oddssafariconsensus"", ""betway"", ""bwin"", ""interwetten"", ""novibet"", ""sportingbet"", ""1xbet"", ""marathon""]","[""odds_api_io"", ""bzzoiro""]",14,3.897,
soccer|saudi arabia|senegal|2026-06-09,totals|under|3.50|,totals,Under,3.5,,1.3,1.2705,"[""Unibet"", ""Betfair Exchange""]","[""odds_api_io""]",2,3.722,
soccer|saudi arabia|senegal|2026-06-09,totals|over|4.50|,totals,Over,4.5,,9.2,7.6731,"[""Unibet"", ""Betfair Exchange""]","[""odds_api_io""]",2,4.515,
soccer|saudi arabia|senegal|2026-06-09,totals|under|4.50|,totals,Under,4.5,,1.11,1.0905,"[""Unibet"", ""Betfair Exchange""]","[""odds_api_io""]",2,3.368,
soccer|saudi arabia|senegal|2026-06-09,spreads|saudi arabia|-1.00|away,spreads,Saudi Arabia,-1.0,away,12.5,2.8623,"[""Unibet"", ""Betfair Exchange""]","[""odds_api_io""]",3,46.645,
soccer|saudi arabia|senegal|2026-06-09,spreads|senegal|-4.00|home,spreads,Senegal,-4.0,home,3.0,3.0,"[""Unibet""]","[""odds_api_io""]",1,,
soccer|saudi arabia|senegal|2026-06-09,spreads|saudi arabia|4.00|away,spreads,Saudi Arabia,4.0,away,1.33,1.33,"[""Unibet""]","[""odds_api_io""]",1,,
soccer|saudi arabia|senegal|2026-06-09,spreads|senegal|-3.00|home,spreads,Senegal,-3.0,home,11.0,11.0,"[""Unibet""]","[""odds_api_io""]",1,,
soccer|saudi arabia|senegal|2026-06-09,spreads|saudi arabia|3.00|away,spreads,Saudi Arabia,3.0,away,1.11,1.11,"[""Unibet""]","[""odds_api_io""]",1,,
soccer|saudi arabia|senegal|2026-06-09,spreads|senegal|0.75|home,spreads,Senegal,0.75,home,1.83,1.83,"[""Betfair Exchange""]","[""odds_api_io""]",1,,
soccer|saudi arabia|senegal|2026-06-09,spreads|saudi arabia|-0.75|away,spreads,Saudi Arabia,-0.75,away,2.17,2.17,"[""Betfair Exchange""]","[""odds_api_io""]",1,,
soccer|saudi arabia|senegal|2026-06-09,spreads|senegal|2.00|home,spreads,Senegal,2.0,home,6.6,5.9279,"[""Betfair Exchange""]","[""odds_api_io""]",2,3.436,
soccer|saudi arabia|senegal|2026-06-09,spreads|saudi arabia|-2.00|away,spreads,Saudi Arabia,-2.0,away,1.49,1.3294,"[""Betfair Exchange""]","[""odds_api_io""]",2,16.219,
soccer|saudi arabia|senegal|2026-06-09,spreads|senegal|2.75|home,spreads,Senegal,2.75,home,8.92,8.92,"[""Betfair Exchange""]","[""odds_api_io""]",1,,
soccer|saudi arabia|senegal|2026-06-09,spreads|saudi arabia|-2.75|away,spreads,Saudi Arabia,-2.75,away,1.1,1.1,"[""Betfair Exchange""]","[""odds_api_io""]",1,,
soccer|saudi arabia|senegal|2026-06-09,spreads|senegal|1.75|home,spreads,Senegal,1.75,home,3.7,3.7,"[""Betfair Exchange""]","[""odds_api_io""]",1,,
soccer|saudi arabia|senegal|2026-06-09,spreads|saudi arabia|-1.75|away,spreads,Saudi Arabia,-1.75,away,1.34,1.34,"[""Betfair Exchange""]","[""odds_api_io""]",1,,
soccer|saudi arabia|senegal|2026-06-09,spreads|senegal|2.25|home,spreads,Senegal,2.25,home,6.0,6.0,"[""Betfair Exchange""]","[""odds_api_io""]",1,,
soccer|saudi arabia|senegal|2026-06-09,spreads|saudi arabia|-2.25|away,spreads,Saudi Arabia,-2.25,away,1.18,1.18,"[""Betfair Exchange""]","[""odds_api_io""]",1,,
soccer|saudi arabia|senegal|2026-06-09,spreads|senegal|2.50|home,spreads,Senegal,2.5,home,6.6,6.6,"[""Betfair Exchange""]","[""odds_api_io""]",1,,
soccer|saudi arabia|senegal|2026-06-09,spreads|saudi arabia|-2.50|away,spreads,Saudi Arabia,-2.5,away,1.16,1.16,"[""Betfair Exchange""]","[""odds_api_io""]",1,,
soccer|saudi arabia|senegal|2026-06-09,spreads|senegal|1.25|home,spreads,Senegal,1.25,home,2.57,2.57,"[""Betfair Exchange""]","[""odds_api_io""]",1,,
soccer|saudi arabia|senegal|2026-06-09,spreads|saudi arabia|-1.25|away,spreads,Saudi Arabia,-1.25,away,1.61,1.61,"[""Betfair Exchange""]","[""odds_api_io""]",1,,
soccer|saudi arabia|senegal|2026-06-09,spreads|senegal|1.50|home,spreads,Senegal,1.5,home,2.95,2.95,"[""Betfair Exchange""]","[""odds_api_io""]",1,,
soccer|saudi arabia|senegal|2026-06-09,spreads|saudi arabia|-1.50|away,spreads,Saudi Arabia,-1.5,away,1.49,1.49,"[""Betfair Exchange""]","[""odds_api_io""]",1,,
soccer|saudi arabia|senegal|2026-06-09,spreads|senegal|3.75|home,spreads,Senegal,3.75,home,16.0,16.0,"[""Betfair Exchange""]","[""odds_api_io""]",1,,
soccer|saudi arabia|senegal|2026-06-09,spreads|saudi arabia|-3.75|away,spreads,Saudi Arabia,-3.75,away,1.02,1.02,"[""Betfair Exchange""]","[""odds_api_io""]",1,,
soccer|saudi arabia|senegal|2026-06-09,spreads|senegal|3.25|home,spreads,Senegal,3.25,home,15.28,15.28,"[""Betfair Exchange""]","[""odds_api_io""]",1,,
soccer|saudi arabia|senegal|2026-06-09,spreads|saudi arabia|-3.25|away,spreads,Saudi Arabia,-3.25,away,1.05,1.05,"[""Betfair Exchange""]","[""odds_api_io""]",1,,
soccer|saudi arabia|senegal|2026-06-09,spreads|senegal|3.50|home,spreads,Senegal,3.5,home,16.0,16.0,"[""Betfair Exchange""]","[""odds_api_io""]",1,,
soccer|saudi arabia|senegal|2026-06-09,spreads|saudi arabia|-3.50|away,spreads,Saudi Arabia,-3.5,away,1.04,1.04,"[""Betfair Exchange""]","[""odds_api_io""]",1,,
soccer|saudi arabia|senegal|2026-06-09,spreads|senegal|3.00|home,spreads,Senegal,3.0,home,16.0,15.2516,"[""Betfair Exchange""]","[""odds_api_io""]",2,0.613,
soccer|saudi arabia|senegal|2026-06-09,spreads|saudi arabia|-3.00|away,spreads,Saudi Arabia,-3.0,away,1.16,1.1023,"[""Betfair Exchange""]","[""odds_api_io""]",2,9.031,
soccer|saudi arabia|senegal|2026-06-09,totals|over|0.50|,totals,Over,0.5,,1.09,1.09,"[""Betfair Exchange""]","[""odds_api_io""]",1,,
soccer|saudi arabia|senegal|2026-06-09,totals|under|0.50|,totals,Under,0.5,,12.0,12.0,"[""Betfair Exchange""]","[""odds_api_io""]",1,,
soccer|saudi arabia|senegal|2026-06-09,totals|over|0.75|,totals,Over,0.75,,1.1,1.1,"[""Betfair Exchange""]","[""odds_api_io""]",1,,
soccer|saudi arabia|senegal|2026-06-09,totals|under|0.75|,totals,Under,0.75,,9.2,9.2,"[""Betfair Exchange""]","[""odds_api_io""]",1,,
soccer|saudi arabia|senegal|2026-06-09,totals|over|1.00|,totals,Over,1.0,,1.11,1.11,"[""Betfair Exchange""]","[""odds_api_io""]",1,,
soccer|saudi arabia|senegal|2026-06-09,totals|under|1.00|,totals,Under,1.0,,8.22,8.22,"[""Betfair Exchange""]","[""odds_api_io""]",1,,
soccer|saudi arabia|senegal|2026-06-09,totals|over|1.25|,totals,Over,1.25,,1.25,1.25,"[""Betfair Exchange""]","[""odds_api_io""]",1,,
soccer|saudi arabia|senegal|2026-06-09,totals|under|1.25|,totals,Under,1.25,,4.65,4.65,"[""Betfair Exchange""]","[""odds_api_io""]",1,,
soccer|saudi arabia|senegal|2026-06-09,totals|over|2.00|,totals,Over,2.0,,1.62,1.5693,"[""Betfair Exchange"", ""Sbobet""]","[""odds_api_io""]",2,4.061,
soccer|saudi arabia|senegal|2026-06-09,totals|under|2.00|,totals,Under,2.0,,2.5,2.4601,"[""Betfair Exchange"", ""Sbobet""]","[""odds_api_io""]",2,1.322,
soccer|saudi arabia|senegal|2026-06-09,totals|over|1.75|,totals,Over,1.75,,1.48,1.48,"[""Betfair Exchange""]","[""odds_api_io""]",1,,
soccer|saudi arabia|senegal|2026-06-09,totals|under|1.75|,totals,Under,1.75,,2.92,2.92,"[""Betfair Exchange""]","[""odds_api_io""]",1,,
soccer|saudi arabia|senegal|2026-06-09,totals|over|5.25|,totals,Over,5.25,,22.27,22.27,"[""Betfair Exchange""]","[""odds_api_io""]",1,,
soccer|saudi arabia|senegal|2026-06-09,totals|under|5.25|,totals,Under,5.25,,1.03,1.03,"[""Betfair Exchange""]","[""odds_api_io""]",1,,
soccer|saudi arabia|senegal|2026-06-09,totals|over|5.75|,totals,Over,5.75,,33.5,33.5,"[""Betfair Exchange""]","[""odds_api_io""]",1,,
soccer|saudi arabia|senegal|2026-06-09,totals|under|5.75|,totals,Under,5.75,,1.01,1.01,"[""Betfair Exchange""]","[""odds_api_io""]",1,,
soccer|saudi arabia|senegal|2026-06-09,totals|over|4.75|,totals,Over,4.75,,12.71,12.71,"[""Betfair Exchange""]","[""odds_api_io""]",1,,
soccer|saudi arabia|senegal|2026-06-09,totals|under|4.75|,totals,Under,4.75,,1.06,1.06,"[""Betfair Exchange""]","[""odds_api_io""]",1,,
soccer|saudi arabia|senegal|2026-06-09,totals|over|3.25|,totals,Over,3.25,,3.67,3.67,"[""Betfair Exchange""]","[""odds_api_io""]",1,,
soccer|saudi arabia|senegal|2026-06-09,totals|under|3.25|,totals,Under,3.25,,1.35,1.35,"[""Betfair Exchange""]","[""odds_api_io""]",1,,
soccer|saudi arabia|senegal|2026-06-09,totals|over|6.25|,totals,Over,6.25,,59.19,59.19,"[""Betfair Exchange""]","[""odds_api_io""]",1,,
soccer|saudi arabia|senegal|2026-06-09,totals|under|6.25|,totals,Under,6.25,,1.01,1.01,"[""Betfair Exchange""]","[""odds_api_io""]",1,,
soccer|saudi arabia|senegal|2026-06-09,totals|over|6.50|,totals,Over,6.5,,60.0,60.0,"[""Betfair Exchange""]","[""odds_api_io""]",1,,
soccer|saudi arabia|senegal|2026-06-09,totals|under|6.50|,totals,Under,6.5,,3.85,2.4695,"[""Betfair Exchange"", ""novibet"", ""bwin"", ""sportingbet"", ""oddssafariconsensus"", ""marathon""]","[""odds_api_io"", ""bzzoiro""]",6,73.036,
soccer|saudi arabia|senegal|2026-06-09,totals|over|6.00|,totals,Over,6.0,,58.39,58.39,"[""Betfair Exchange""]","[""odds_api_io""]",1,,
soccer|saudi arabia|senegal|2026-06-09,totals|under|6.00|,totals,Under,6.0,,1.01,1.01,"[""Betfair Exchange""]","[""odds_api_io""]",1,,
soccer|saudi arabia|senegal|2026-06-09,totals|over|5.00|,totals,Over,5.0,,21.55,21.55,"[""Betfair Exchange""]","[""odds_api_io""]",1,,
soccer|saudi arabia|senegal|2026-06-09,totals|under|5.00|,totals,Under,5.0,,1.03,1.03,"[""Betfair Exchange""]","[""odds_api_io""]",1,,
soccer|saudi arabia|senegal|2026-06-09,totals|over|3.00|,totals,Over,3.0,,3.23,3.23,"[""Betfair Exchange""]","[""odds_api_io""]",1,,
soccer|saudi arabia|senegal|2026-06-09,totals|under|3.00|,totals,Under,3.0,,1.41,1.41,"[""Betfair Exchange""]","[""odds_api_io""]",1,,
soccer|saudi arabia|senegal|2026-06-09,totals|over|4.00|,totals,Over,4.0,,7.96,7.96,"[""Betfair Exchange""]","[""odds_api_io""]",1,,
soccer|saudi arabia|senegal|2026-06-09,totals|under|4.00|,totals,Under,4.0,,1.12,1.12,"[""Betfair Exchange""]","[""odds_api_io""]",1,,
soccer|saudi arabia|senegal|2026-06-09,totals|over|4.25|,totals,Over,4.25,,8.58,8.58,"[""Betfair Exchange""]","[""odds_api_io""]",1,,
soccer|saudi arabia|senegal|2026-06-09,totals|under|4.25|,totals,Under,4.25,,1.11,1.11,"[""Betfair Exchange""]","[""odds_api_io""]",1,,
soccer|saudi arabia|senegal|2026-06-09,totals|over|2.75|,totals,Over,2.75,,2.54,2.54,"[""Betfair Exchange""]","[""odds_api_io""]",1,,
soccer|saudi arabia|senegal|2026-06-09,totals|under|2.75|,totals,Under,2.75,,1.6,1.6,"[""Betfair Exchange""]","[""odds_api_io""]",1,,
soccer|saudi arabia|senegal|2026-06-09,totals|over|3.75|,totals,Over,3.75,,5.34,5.34,"[""Betfair Exchange""]","[""odds_api_io""]",1,,
soccer|saudi arabia|senegal|2026-06-09,totals|under|3.75|,totals,Under,3.75,,1.2,1.2,"[""Betfair Exchange""]","[""odds_api_io""]",1,,
soccer|saudi arabia|senegal|2026-06-09,totals|over|5.50|,totals,Over,5.5,,22.0,22.0,"[""Betfair Exchange""]","[""odds_api_io""]",1,,
soccer|saudi arabia|senegal|2026-06-09,totals|under|5.50|,totals,Under,5.5,,6.0,2.1961,"[""Betfair Exchange"", ""novibet"", ""oddssafariconsensus""]","[""odds_api_io"", ""bzzoiro""]",3,80.421,
soccer|saudi arabia|senegal|2026-06-09,totals|over|11.50|,totals,Over,11.5,,4.45,4.45,"[""novibet"", ""oddssafariconsensus""]","[""bzzoiro""]",2,,
soccer|saudi arabia|senegal|2026-06-09,totals|over|10.50|,totals,Over,10.5,,3.4,3.2934,"[""bwin"", ""sportingbet"", ""oddssafariconsensus"", ""marathon"", ""novibet""]","[""bzzoiro""]",5,2.334,
soccer|saudi arabia|senegal|2026-06-09,totals|under|7.50|,totals,Under,7.5,,2.65,2.4796,"[""novibet"", ""pinnacle"", ""marathon"", ""bwin"", ""oddssafariconsensus"", ""sportingbet"", ""betway""]","[""bzzoiro""]",7,3.931,
soccer|saudi arabia|senegal|2026-06-09,totals|over|9.50|,totals,Over,9.5,,2.4,2.3519,"[""bwin"", ""sportingbet"", ""betway"", ""oddssafariconsensus"", ""marathon"", ""novibet"", ""pinnacle""]","[""bzzoiro""]",7,1.812,
soccer|saudi arabia|senegal|2026-06-09,totals|under|8.00|,totals,Under,8.0,,2.23,2.23,"[""oddssafariconsensus"", ""pinnacle""]","[""bzzoiro""]",2,,
soccer|saudi arabia|senegal|2026-06-09,totals|over|9.00|,totals,Over,9.0,,2.06,2.06,"[""oddssafariconsensus"", ""pinnacle""]","[""bzzoiro""]",2,,
soccer|saudi arabia|senegal|2026-06-09,totals|under|8.50|,totals,Under,8.5,,1.96,1.8821,"[""novibet"", ""pinnacle"", ""oddssafariconsensus"", ""marathon"", ""betway"", ""bwin"", ""sportingbet""]","[""bzzoiro""]",7,3.034,
soccer|saudi arabia|senegal|2026-06-09,totals|over|8.50|,totals,Over,8.5,,1.85,1.8236,"[""betway"", ""bwin"", ""oddssafariconsensus"", ""sportingbet"", ""pinnacle"", ""marathon"", ""novibet""]","[""bzzoiro""]",7,2.126,
soccer|saudi arabia|senegal|2026-06-09,totals|under|9.00|,totals,Under,9.0,,1.714,1.7121,"[""pinnacle"", ""oddssafariconsensus""]","[""bzzoiro""]",2,0.136,
soccer|saudi arabia|senegal|2026-06-09,totals|over|15.00|,totals,Over,15.0,,1.29,1.29,"[""over@1.5""]","[""bzzoiro""]",1,,
soccer|saudi arabia|senegal|2026-06-09,totals|under|15.00|,totals,Under,15.0,,3.04,3.04,"[""under@1.5""]","[""bzzoiro""]",1,,
soccer|saudi arabia|senegal|2026-06-09,totals|over|25.00|,totals,Over,25.0,,2.143,2.143,"[""over@2.5""]","[""bzzoiro""]",1,,
soccer|saudi arabia|senegal|2026-06-09,totals|under|25.00|,totals,Under,25.0,,1.805,1.805,"[""under@2.5""]","[""bzzoiro""]",1,,
soccer|saudi arabia|senegal|2026-06-09,totals|over|35.00|,totals,Over,35.0,,3.58,3.58,"[""over@3.5""]","[""bzzoiro""]",1,,
soccer|saudi arabia|senegal|2026-06-09,totals|under|35.00|,totals,Under,35.0,,1.21,1.21,"[""under@3.5""]","[""bzzoiro""]",1,,
soccer|saudi arabia|senegal|2026-06-09,totals|over||,totals,Over,,,4.45,1.7891,"[""over@7.5"", ""over@8.5"", ""over@9.0"", ""over@9.5"", ""over@8.0"", ""over@5.5"", ""over@6.5"", ""over@10.5"", ""over@11.5""]","[""bzzoiro""]",9,68.437,
soccer|saudi arabia|senegal|2026-06-09,totals|under||,totals,Under,,,6.0,1.9488,"[""under@7.5"", ""under@8.5"", ""under@9.0"", ""under@9.5"", ""under@8.0"", ""under@5.5"", ""under@6.5"", ""under@10.5"", ""under@11.5""]","[""bzzoiro""]",9,68.079,
soccer|hudson valley crusaders|new england mutiny|2026-06-09,h2h|hudson valley crusaders||home,h2h,Hudson Valley Crusaders,,home,1.666,1.666,"[""Bet365""]","[""odds_api_io""]",1,,
soccer|hudson valley crusaders|new england mutiny|2026-06-09,h2h|draw||,h2h,Draw,,,3.8,3.8,"[""Bet365""]","[""odds_api_io""]",1,,
soccer|hudson valley crusaders|new england mutiny|2026-06-09,h2h|new england mutiny||away,h2h,New England Mutiny,,away,4.0,4.0,"[""Bet365""]","[""odds_api_io""]",1,,
soccer|hudson valley crusaders|new england mutiny|2026-06-09,dnb|hudson valley crusaders|0.00|home,dnb,Hudson Valley Crusaders,0.0,home,1.333,1.333,"[""Bet365""]","[""odds_api_io""]",1,,
soccer|hudson valley crusaders|new england mutiny|2026-06-09,dnb|new england mutiny|0.00|away,dnb,New England Mutiny,0.0,away,3.25,3.25,"[""Bet365""]","[""odds_api_io""]",1,,
soccer|hudson valley crusaders|new england mutiny|2026-06-09,spreads|hudson valley crusaders|-0.75|home,spreads,Hudson Valley Crusaders,-0.75,home,1.9,1.9,"[""Bet365""]","[""odds_api_io""]",1,,
soccer|hudson valley crusaders|new england mutiny|2026-06-09,spreads|new england mutiny|0.75|away,spreads,New England Mutiny,0.75,away,1.9,1.9,"[""Bet365""]","[""odds_api_io""]",1,,
soccer|hudson valley crusaders|new england mutiny|2026-06-09,totals|over|3.00|,totals,Over,3.0,,1.925,1.925,"[""Bet365""]","[""odds_api_io""]",1,,
soccer|hudson valley crusaders|new england mutiny|2026-06-09,totals|under|3.00|,totals,Under,3.0,,1.875,1.875,"[""Bet365""]","[""odds_api_io""]",1,,
soccer|hudson valley crusaders|new england mutiny|2026-06-09,totals|over|2.50|,totals,Over,2.5,,1.571,1.571,"[""Bet365""]","[""odds_api_io""]",1,,
soccer|hudson valley crusaders|new england mutiny|2026-06-09,totals|under|2.50|,totals,Under,2.5,,2.35,2.35,"[""Bet365""]","[""odds_api_io""]",1,,
soccer|delaware|west chester united usl2|2026-06-09,h2h|delaware fc||home,h2h,Delaware FC,,home,2.55,2.55,"[""Bet365""]","[""odds_api_io""]",1,,
soccer|delaware|west chester united usl2|2026-06-09,h2h|draw||,h2h,Draw,,,3.8,3.8,"[""Bet365""]","[""odds_api_io""]",1,,
soccer|delaware|west chester united usl2|2026-06-09,h2h|west chester united usl2||away,h2h,West Chester United USL2,,away,2.15,2.15,"[""Bet365""]","[""odds_api_io""]",1,,
soccer|delaware|west chester united usl2|2026-06-09,dnb|delaware fc|0.00|home,dnb,Delaware FC,0.0,home,2.625,2.625,"[""Bet365""]","[""odds_api_io""]",1,,
soccer|delaware|west chester united usl2|2026-06-09,dnb|west chester united usl2|0.00|away,dnb,West Chester United USL2,0.0,away,1.444,1.444,"[""Bet365""]","[""odds_api_io""]",1,,
soccer|delaware|west chester united usl2|2026-06-09,spreads|delaware fc|0.25|home,spreads,Delaware FC,0.25,home,2.15,1.9595,"[""Bet365""]","[""odds_api_io""]",2,9.044,
soccer|delaware|west chester united usl2|2026-06-09,spreads|west chester united usl2|-0.25|away,spreads,West Chester United USL2,-0.25,away,2.0,1.6296,"[""Bet365""]","[""odds_api_io""]",2,22.727,
soccer|delaware|west chester united usl2|2026-06-09,totals|over|3.50|,totals,Over,3.5,,1.825,1.825,"[""Bet365""]","[""odds_api_io""]",1,,
soccer|delaware|west chester united usl2|2026-06-09,totals|under|3.50|,totals,Under,3.5,,1.975,1.975,"[""Bet365""]","[""odds_api_io""]",1,,
soccer|delaware|west chester united usl2|2026-06-09,totals|over|2.50|,totals,Over,2.5,,1.4,1.4,"[""Bet365""]","[""odds_api_io""]",1,,
soccer|delaware|west chester united usl2|2026-06-09,totals|under|2.50|,totals,Under,2.5,,2.75,2.75,"[""Bet365""]","[""odds_api_io""]",1,,
soccer|delaware|west chester united usl2|2026-06-09,spreads|delaware fc|-1.50|home,spreads,Delaware FC,-1.5,home,6.25,6.25,"[""Bet365""]","[""odds_api_io""]",1,,
soccer|delaware|west chester united usl2|2026-06-09,spreads|west chester united usl2|1.50|away,spreads,West Chester United USL2,1.5,away,2.85,2.85,"[""Bet365""]","[""odds_api_io""]",1,,
soccer|delaware|west chester united usl2|2026-06-09,spreads|delaware fc|1.50|home,spreads,Delaware FC,1.5,home,1.4,1.4,"[""Bet365""]","[""odds_api_io""]",1,,
soccer|delaware|west chester united usl2|2026-06-09,spreads|west chester united usl2|-1.50|away,spreads,West Chester United USL2,-1.5,away,1.12,1.12,"[""Bet365""]","[""odds_api_io""]",1,,
soccer|delaware|west chester united usl2|2026-06-09,spreads|delaware fc|2.00|home,spreads,Delaware FC,2.0,home,1.2,1.2,"[""Bet365""]","[""odds_api_io""]",1,,
soccer|delaware|west chester united usl2|2026-06-09,spreads|west chester united usl2|-2.00|away,spreads,West Chester United USL2,-2.0,away,4.4,4.4,"[""Bet365""]","[""odds_api_io""]",1,,
soccer|delaware|west chester united usl2|2026-06-09,spreads|delaware fc|-1.25|home,spreads,Delaware FC,-1.25,home,5.9,5.9,"[""Bet365""]","[""odds_api_io""]",1,,
soccer|delaware|west chester united usl2|2026-06-09,spreads|west chester united usl2|1.25|away,spreads,West Chester United USL2,1.25,away,2.675,2.675,"[""Bet365""]","[""odds_api_io""]",1,,
soccer|delaware|west chester united usl2|2026-06-09,spreads|delaware fc|-1.00|home,spreads,Delaware FC,-1.0,home,5.75,5.75,"[""Bet365""]","[""odds_api_io""]",1,,
soccer|delaware|west chester united usl2|2026-06-09,spreads|west chester united usl2|1.00|away,spreads,West Chester United USL2,1.0,away,2.375,2.375,"[""Bet365""]","[""odds_api_io""]",1,,
soccer|delaware|west chester united usl2|2026-06-09,spreads|delaware fc|-0.75|home,spreads,Delaware FC,-0.75,home,4.1,4.1,"[""Bet365""]","[""odds_api_io""]",1,,
soccer|delaware|west chester united usl2|2026-06-09,spreads|west chester united usl2|0.75|away,spreads,West Chester United USL2,0.75,away,1.225,1.225,"[""Bet365""]","[""odds_api_io""]",1,,
soccer|delaware|west chester united usl2|2026-06-09,spreads|delaware fc|1.00|home,spreads,Delaware FC,1.0,home,1.55,1.55,"[""Bet365""]","[""odds_api_io""]",1,,
soccer|delaware|west chester united usl2|2026-06-09,spreads|west chester united usl2|-1.00|away,spreads,West Chester United USL2,-1.0,away,1.14,1.14,"[""Bet365""]","[""odds_api_io""]",1,,
soccer|delaware|west chester united usl2|2026-06-09,spreads|delaware fc|1.25|home,spreads,Delaware FC,1.25,home,1.45,1.45,"[""Bet365""]","[""odds_api_io""]",1,,
soccer|delaware|west chester united usl2|2026-06-09,spreads|west chester united usl2|-1.25|away,spreads,West Chester United USL2,-1.25,away,1.13,1.13,"[""Bet365""]","[""odds_api_io""]",1,,
soccer|delaware|west chester united usl2|2026-06-09,spreads|delaware fc|2.25|home,spreads,Delaware FC,2.25,home,1.175,1.175,"[""Bet365""]","[""odds_api_io""]",1,,
soccer|delaware|west chester united usl2|2026-06-09,spreads|west chester united usl2|-2.25|away,spreads,West Chester United USL2,-2.25,away,4.8,4.8,"[""Bet365""]","[""odds_api_io""]",1,,
soccer|delaware|west chester united usl2|2026-06-09,spreads|delaware fc|2.50|home,spreads,Delaware FC,2.5,home,1.16,1.16,"[""Bet365""]","[""odds_api_io""]",1,,
soccer|delaware|west chester united usl2|2026-06-09,spreads|west chester united usl2|-2.50|away,spreads,West Chester United USL2,-2.5,away,5.25,5.25,"[""Bet365""]","[""odds_api_io""]",1,,
soccer|delaware|west chester united usl2|2026-06-09,spreads|delaware fc|-0.50|home,spreads,Delaware FC,-0.5,home,3.45,3.45,"[""Bet365""]","[""odds_api_io""]",1,,
soccer|delaware|west chester united usl2|2026-06-09,spreads|west chester united usl2|0.50|away,spreads,West Chester United USL2,0.5,away,1.3,1.3,"[""Bet365""]","[""odds_api_io""]",1,,
soccer|delaware|west chester united usl2|2026-06-09,spreads|delaware fc|-0.25|home,spreads,Delaware FC,-0.25,home,3.0,3.0,"[""Bet365""]","[""odds_api_io""]",1,,
soccer|delaware|west chester united usl2|2026-06-09,spreads|west chester united usl2|0.25|away,spreads,West Chester United USL2,0.25,away,1.675,1.675,"[""Bet365""]","[""odds_api_io""]",1,,
soccer|delaware|west chester united usl2|2026-06-09,spreads|delaware fc|0.00|home,spreads,Delaware FC,0.0,home,2.675,2.675,"[""Bet365""]","[""odds_api_io""]",1,,
soccer|delaware|west chester united usl2|2026-06-09,spreads|west chester united usl2|-0.00|away,spreads,West Chester United USL2,-0.0,away,1.45,1.45,"[""Bet365""]","[""odds_api_io""]",1,,
soccer|delaware|west chester united usl2|2026-06-09,spreads|delaware fc|1.75|home,spreads,Delaware FC,1.75,home,1.3,1.3,"[""Bet365""]","[""odds_api_io""]",1,,
soccer|delaware|west chester united usl2|2026-06-09,spreads|west chester united usl2|-1.75|away,spreads,West Chester United USL2,-1.75,away,3.45,3.45,"[""Bet365""]","[""odds_api_io""]",1,,
soccer|charlottesville blues|northern virginia|2026-06-09,h2h|northern virginia fc||home,h2h,Northern Virginia FC,,home,2.0,2.0,"[""Bet365""]","[""odds_api_io""]",1,,
soccer|charlottesville blues|northern virginia|2026-06-09,h2h|draw||,h2h,Draw,,,3.5,3.5,"[""Bet365""]","[""odds_api_io""]",1,,
soccer|charlottesville blues|northern virginia|2026-06-09,h2h|charlottesville blues||away,h2h,Charlottesville Blues,,away,3.1,3.1,"[""Bet365""]","[""odds_api_io""]",1,,
soccer|charlottesville blues|northern virginia|2026-06-09,dnb|northern virginia fc|0.00|home,dnb,Northern Virginia FC,0.0,home,1.727,1.727,"[""Bet365""]","[""odds_api_io""]",1,,
soccer|charlottesville blues|northern virginia|2026-06-09,dnb|charlottesville blues|0.00|away,dnb,Charlottesville Blues,0.0,away,2.0,2.0,"[""Bet365""]","[""odds_api_io""]",1,,
soccer|charlottesville blues|northern virginia|2026-06-09,spreads|northern virginia fc|-0.25|home,spreads,Northern Virginia FC,-0.25,home,1.825,1.825,"[""Bet365""]","[""odds_api_io""]",1,,
soccer|charlottesville blues|northern virginia|2026-06-09,spreads|charlottesville blues|0.25|away,spreads,Charlottesville Blues,0.25,away,1.975,1.975,"[""Bet365""]","[""odds_api_io""]",1,,
soccer|charlottesville blues|northern virginia|2026-06-09,totals|over|3.00|,totals,Over,3.0,,1.85,1.85,"[""Bet365""]","[""odds_api_io""]",1,,
soccer|charlottesville blues|northern virginia|2026-06-09,totals|under|3.00|,totals,Under,3.0,,1.95,1.95,"[""Bet365""]","[""odds_api_io""]",1,,
soccer|charlottesville blues|northern virginia|2026-06-09,totals|over|2.50|,totals,Over,2.5,,1.571,1.571,"[""Bet365""]","[""odds_api_io""]",1,,
soccer|charlottesville blues|northern virginia|2026-06-09,totals|under|2.50|,totals,Under,2.5,,2.35,2.35,"[""Bet365""]","[""odds_api_io""]",1,,
soccer|charlottesville blues|northern virginia|2026-06-09,spreads|northern virginia fc|-2.00|home,spreads,Northern Virginia FC,-2.0,home,6.8,6.8,"[""Bet365""]","[""odds_api_io""]",1,,
soccer|charlottesville blues|northern virginia|2026-06-09,spreads|charlottesville blues|2.00|away,spreads,Charlottesville Blues,2.0,away,1.105,1.105,"[""Bet365""]","[""odds_api_io""]",1,,
soccer|charlottesville blues|northern virginia|2026-06-09,spreads|northern virginia fc|-1.75|home,spreads,Northern Virginia FC,-1.75,home,5.0,5.0,"[""Bet365""]","[""odds_api_io""]",1,,
soccer|charlottesville blues|northern virginia|2026-06-09,spreads|charlottesville blues|1.75|away,spreads,Charlottesville Blues,1.75,away,6.25,6.25,"[""Bet365""]","[""odds_api_io""]",1,,
soccer|charlottesville blues|northern virginia|2026-06-09,spreads|northern virginia fc|-1.50|home,spreads,Northern Virginia FC,-1.5,home,3.9,3.9,"[""Bet365""]","[""odds_api_io""]",1,,
soccer|charlottesville blues|northern virginia|2026-06-09,spreads|charlottesville blues|1.50|away,spreads,Charlottesville Blues,1.5,away,5.0,5.0,"[""Bet365""]","[""odds_api_io""]",1,,
soccer|charlottesville blues|northern virginia|2026-06-09,spreads|northern virginia fc|-1.25|home,spreads,Northern Virginia FC,-1.25,home,3.55,3.55,"[""Bet365""]","[""odds_api_io""]",1,,
soccer|charlottesville blues|northern virginia|2026-06-09,spreads|charlottesville blues|1.25|away,spreads,Charlottesville Blues,1.25,away,4.5,4.5,"[""Bet365""]","[""odds_api_io""]",1,,
soccer|charlottesville blues|northern virginia|2026-06-09,spreads|northern virginia fc|-1.00|home,spreads,Northern Virginia FC,-1.0,home,3.3,3.3,"[""Bet365""]","[""odds_api_io""]",1,,
soccer|charlottesville blues|northern virginia|2026-06-09,spreads|charlottesville blues|1.00|away,spreads,Charlottesville Blues,1.0,away,4.15,4.15,"[""Bet365""]","[""odds_api_io""]",1,,
soccer|charlottesville blues|northern virginia|2026-06-09,spreads|northern virginia fc|-0.75|home,spreads,Northern Virginia FC,-0.75,home,2.675,2.675,"[""Bet365""]","[""odds_api_io""]",1,,
soccer|charlottesville blues|northern virginia|2026-06-09,spreads|charlottesville blues|0.75|away,spreads,Charlottesville Blues,0.75,away,3.3,3.3,"[""Bet365""]","[""odds_api_io""]",1,,
soccer|charlottesville blues|northern virginia|2026-06-09,spreads|northern virginia fc|-0.50|home,spreads,Northern Virginia FC,-0.5,home,2.3,2.3,"[""Bet365""]","[""odds_api_io""]",1,,
soccer|charlottesville blues|northern virginia|2026-06-09,spreads|charlottesville blues|0.50|away,spreads,Charlottesville Blues,0.5,away,2.75,2.75,"[""Bet365""]","[""odds_api_io""]",1,,
soccer|charlottesville blues|northern virginia|2026-06-09,spreads|northern virginia fc|0.00|home,spreads,Northern Virginia FC,0.0,home,1.725,1.725,"[""Bet365""]","[""odds_api_io""]",1,,
soccer|charlottesville blues|northern virginia|2026-06-09,spreads|charlottesville blues|-0.00|away,spreads,Charlottesville Blues,-0.0,away,2.075,2.075,"[""Bet365""]","[""odds_api_io""]",1,,
soccer|charlottesville blues|northern virginia|2026-06-09,spreads|northern virginia fc|0.25|home,spreads,Northern Virginia FC,0.25,home,1.55,1.55,"[""Bet365""]","[""odds_api_io""]",1,,
soccer|charlottesville blues|northern virginia|2026-06-09,spreads|charlottesville blues|-0.25|away,spreads,Charlottesville Blues,-0.25,away,2.375,2.375,"[""Bet365""]","[""odds_api_io""]",1,,
soccer|charlottesville blues|northern virginia|2026-06-09,spreads|northern virginia fc|0.50|home,spreads,Northern Virginia FC,0.5,home,1.425,1.425,"[""Bet365""]","[""odds_api_io""]",1,,
soccer|charlottesville blues|northern virginia|2026-06-09,spreads|charlottesville blues|-0.50|away,spreads,Charlottesville Blues,-0.5,away,1.6,1.6,"[""Bet365""]","[""odds_api_io""]",1,,
soccer|charlottesville blues|northern virginia|2026-06-09,spreads|northern virginia fc|0.75|home,spreads,Northern Virginia FC,0.75,home,1.325,1.325,"[""Bet365""]","[""odds_api_io""]",1,,
soccer|charlottesville blues|northern virginia|2026-06-09,spreads|charlottesville blues|-0.75|away,spreads,Charlottesville Blues,-0.75,away,1.45,1.45,"[""Bet365""]","[""odds_api_io""]",1,,
soccer|charlottesville blues|northern virginia|2026-06-09,spreads|northern virginia fc|1.00|home,spreads,Northern Virginia FC,1.0,home,1.22,1.22,"[""Bet365""]","[""odds_api_io""]",1,,
soccer|charlottesville blues|northern virginia|2026-06-09,spreads|charlottesville blues|-1.00|away,spreads,Charlottesville Blues,-1.0,away,1.325,1.325,"[""Bet365""]","[""odds_api_io""]",1,,
soccer|charlottesville blues|northern virginia|2026-06-09,spreads|northern virginia fc|1.25|home,spreads,Northern Virginia FC,1.25,home,1.19,1.19,"[""Bet365""]","[""odds_api_io""]",1,,
soccer|charlottesville blues|northern virginia|2026-06-09,spreads|charlottesville blues|-1.25|away,spreads,Charlottesville Blues,-1.25,away,1.275,1.275,"[""Bet365""]","[""odds_api_io""]",1,,
soccer|charlottesville blues|northern virginia|2026-06-09,spreads|northern virginia fc|1.50|home,spreads,Northern Virginia FC,1.5,home,1.17,1.17,"[""Bet365""]","[""odds_api_io""]",1,,
soccer|charlottesville blues|northern virginia|2026-06-09,spreads|charlottesville blues|-1.50|away,spreads,Charlottesville Blues,-1.5,away,1.24,1.24,"[""Bet365""]","[""odds_api_io""]",1,,
soccer|charlottesville blues|northern virginia|2026-06-09,spreads|northern virginia fc|1.75|home,spreads,Northern Virginia FC,1.75,home,1.12,1.12,"[""Bet365""]","[""odds_api_io""]",1,,
soccer|charlottesville blues|northern virginia|2026-06-09,spreads|charlottesville blues|-1.75|away,spreads,Charlottesville Blues,-1.75,away,1.17,1.17,"[""Bet365""]","[""odds_api_io""]",1,,
soccer|argentina|iceland|2026-06-10,h2h|argentina||home,h2h,Argentina,,home,1.23,1.1861,"[""Bet365"", ""Unibet"", ""Betfair Exchange"", ""Sbobet"", ""1xbet"", ""betano"", ""pinnacle"", ""interwetten"", ""unibet"", ""novibet"", ""bwin"", ""sportingbet"", ""betway"", ""888sport"", ""william-hill"", ""bet365"", ""betsson"", ""marathon"", ""oddssafari-consensus"", ""bzzoiro""]","[""odds_api_io"", ""bzzoiro""]",20,4.462,
soccer|argentina|iceland|2026-06-10,h2h|draw||,h2h,Draw,,,8.4,6.7328,"[""Bet365"", ""Unibet"", ""Betfair Exchange"", ""Sbobet"", ""1xbet"", ""betano"", ""pinnacle"", ""interwetten"", ""unibet"", ""novibet"", ""bwin"", ""sportingbet"", ""betway"", ""888sport"", ""william-hill"", ""bet365"", ""betsson"", ""marathon"", ""oddssafari-consensus"", ""bzzoiro""]","[""odds_api_io"", ""bzzoiro""]",20,6.614,
soccer|argentina|iceland|2026-06-10,h2h|iceland||away,h2h,Iceland,,away,21.0,14.9862,"[""Bet365"", ""Unibet"", ""Betfair Exchange"", ""Sbobet"", ""1xbet"", ""betano"", ""pinnacle"", ""interwetten"", ""unibet"", ""novibet"", ""bwin"", ""sportingbet"", ""betway"", ""888sport"", ""william-hill"", ""bet365"", ""betsson"", ""marathon"", ""oddssafari-consensus"", ""bzzoiro""]","[""odds_api_io"", ""bzzoiro""]",20,5.238,
soccer|argentina|iceland|2026-06-10,dnb|argentina|0.00|home,dnb,Argentina,0.0,home,1.08,1.056,"[""Bet365"", ""Unibet"", ""Betfair Exchange""]","[""odds_api_io""]",3,3.561,
soccer|argentina|iceland|2026-06-10,dnb|iceland|0.00|away,dnb,Iceland,0.0,away,18.5,10.6056,"[""Bet365"", ""Unibet"", ""Betfair Exchange""]","[""odds_api_io""]",3,10.22,
soccer|argentina|iceland|2026-06-10,spreads|argentina|-2.00|home,spreads,Argentina,-2.0,home,2.64,2.1781,"[""Bet365"", ""Unibet"", ""Betfair Exchange"", ""Sbobet""]","[""odds_api_io""]",6,13.403,
soccer|argentina|iceland|2026-06-10,spreads|iceland|2.00|away,spreads,Iceland,2.0,away,2.58,2.0988,"[""Bet365"", ""Unibet"", ""Betfair Exchange"", ""Sbobet""]","[""odds_api_io""]",5,15.294,
soccer|argentina|iceland|2026-06-10,totals|over|3.00|,totals,Over,3.0,,1.91,1.8429,"[""Bet365"", ""Betfair Exchange"", ""Sbobet""]","[""odds_api_io""]",3,3.2,
soccer|argentina|iceland|2026-06-10,totals|under|3.00|,totals,Under,3.0,,2.05,2.0168,"[""Bet365"", ""Betfair Exchange"", ""Sbobet""]","[""odds_api_io""]",3,1.22,
soccer|argentina|iceland|2026-06-10,totals|over|2.50|,totals,Over,2.5,,1.59,1.5096,"[""Bet365"", ""Unibet"", ""Betfair Exchange""]","[""odds_api_io""]",3,6.551,
soccer|argentina|iceland|2026-06-10,totals|under|2.50|,totals,Under,2.5,,2.61,2.4622,"[""Bet365"", ""Unibet"", ""Betfair Exchange"", ""888sport"", ""bet365"", ""betway"", ""unibet"", ""pinnacle"", ""oddssafariconsensus"", ""1xbet"", ""betsson"", ""marathon"", ""betano"", ""bwin"", ""interwetten"", ""novibet"", ""sportingbet""]","[""odds_api_io"", ""bzzoiro""]",17,3.352,
soccer|argentina|iceland|2026-06-10,btts|yes||,btts,Yes,,,2.4,2.2191,"[""Bet365"", ""Unibet"", ""Betfair Exchange"", ""1xbet"", ""betano"", ""pinnacle"", ""interwetten"", ""unibet"", ""novibet"", ""bwin"", ""sportingbet"", ""betway"", ""888sport"", ""william-hill"", ""bet365"", ""betsson"", ""marathon"", ""oddssafari-consensus"", ""bzzoiro""]","[""odds_api_io"", ""bzzoiro""]",19,5.062,
soccer|argentina|iceland|2026-06-10,btts|no||,btts,No,,,1.67,1.6072,"[""Bet365"", ""Unibet"", ""Betfair Exchange"", ""1xbet"", ""betano"", ""pinnacle"", ""interwetten"", ""unibet"", ""novibet"", ""bwin"", ""sportingbet"", ""betway"", ""888sport"", ""william-hill"", ""bet365"", ""betsson"", ""marathon"", ""oddssafari-consensus"", ""bzzoiro""]","[""odds_api_io"", ""bzzoiro""]",19,4.222,
soccer|argentina|iceland|2026-06-10,spreads|iceland|-2.00|away,spreads,Iceland,-2.0,away,2.375,2.375,"[""Bet365""]","[""odds_api_io""]",1,,
soccer|argentina|iceland|2026-06-10,spreads|argentina|1.00|home,spreads,Argentina,1.0,home,1.04,1.0326,"[""Bet365"", ""Betfair Exchange""]","[""odds_api_io""]",2,1.407,
soccer|argentina|iceland|2026-06-10,spreads|iceland|-1.00|away,spreads,Iceland,-1.0,away,80.0,8.6614,"[""Bet365"", ""Betfair Exchange""]","[""odds_api_io""]",2,20.972,
soccer|argentina|iceland|2026-06-10,spreads|iceland|-3.00|away,spreads,Iceland,-3.0,away,1.571,1.571,"[""Bet365""]","[""odds_api_io""]",1,,
soccer|argentina|iceland|2026-06-10,spreads|argentina|-1.50|home,spreads,Argentina,-1.5,home,1.61,1.58,"[""Bet365"", ""Betfair Exchange""]","[""odds_api_io""]",2,2.404,
soccer|argentina|iceland|2026-06-10,spreads|iceland|1.50|away,spreads,Iceland,1.5,away,2.58,2.4751,"[""Bet365"", ""Betfair Exchange""]","[""odds_api_io""]",2,3.346,
soccer|argentina|iceland|2026-06-10,spreads|argentina|-3.75|home,spreads,Argentina,-3.75,home,5.97,5.7296,"[""Bet365"", ""Betfair Exchange""]","[""odds_api_io""]",2,1.431,
soccer|argentina|iceland|2026-06-10,spreads|iceland|3.75|away,spreads,Iceland,3.75,away,1.15,1.15,"[""Bet365"", ""Betfair Exchange""]","[""odds_api_io""]",2,,
soccer|argentina|iceland|2026-06-10,spreads|argentina|-3.50|home,spreads,Argentina,-3.5,home,4.9,4.5007,"[""Bet365"", ""Betfair Exchange""]","[""odds_api_io""]",2,3.688,
soccer|argentina|iceland|2026-06-10,spreads|iceland|3.50|away,spreads,Iceland,3.5,away,1.22,1.22,"[""Bet365"", ""Betfair Exchange""]","[""odds_api_io""]",2,,
soccer|argentina|iceland|2026-06-10,spreads|argentina|-3.25|home,spreads,Argentina,-3.25,home,4.47,4.1139,"[""Bet365"", ""Betfair Exchange""]","[""odds_api_io""]",2,3.944,
soccer|argentina|iceland|2026-06-10,spreads|iceland|3.25|away,spreads,Iceland,3.25,away,1.25,1.25,"[""Bet365"", ""Betfair Exchange""]","[""odds_api_io""]",2,,
soccer|argentina|iceland|2026-06-10,spreads|argentina|-2.75|home,spreads,Argentina,-2.75,home,3.13,2.9312,"[""Bet365"", ""Betfair Exchange""]","[""odds_api_io""]",2,4.415,
soccer|argentina|iceland|2026-06-10,spreads|iceland|2.75|away,spreads,Iceland,2.75,away,1.44,1.4326,"[""Bet365"", ""Betfair Exchange""]","[""odds_api_io""]",2,0.731,
soccer|argentina|iceland|2026-06-10,spreads|argentina|-2.50|home,spreads,Argentina,-2.5,home,2.64,2.4272,"[""Bet365"", ""Unibet"", ""Betfair Exchange""]","[""odds_api_io""]",3,5.981,
soccer|argentina|iceland|2026-06-10,spreads|iceland|2.50|away,spreads,Iceland,2.5,away,1.59,1.5604,"[""Bet365"", ""Unibet"", ""Betfair Exchange""]","[""odds_api_io""]",3,2.042,
soccer|argentina|iceland|2026-06-10,spreads|argentina|-2.25|home,spreads,Argentina,-2.25,home,2.32,2.2086,"[""Bet365"", ""Betfair Exchange"", ""Sbobet""]","[""odds_api_io""]",3,3.408,
soccer|argentina|iceland|2026-06-10,spreads|iceland|2.25|away,spreads,Iceland,2.25,away,1.74,1.705,"[""Bet365"", ""Betfair Exchange"", ""Sbobet""]","[""odds_api_io""]",3,2.23,
soccer|argentina|iceland|2026-06-10,spreads|argentina|-1.75|home,spreads,Argentina,-1.75,home,1.77,1.7214,"[""Bet365"", ""Betfair Exchange"", ""Sbobet""]","[""odds_api_io""]",3,3.204,
soccer|argentina|iceland|2026-06-10,spreads|iceland|1.75|away,spreads,Iceland,1.75,away,2.28,2.1858,"[""Bet365"", ""Betfair Exchange"", ""Sbobet""]","[""odds_api_io""]",3,3.089,
soccer|argentina|iceland|2026-06-10,spreads|argentina|-1.00|home,spreads,Argentina,-1.0,home,1.61,1.3874,"[""Bet365"", ""Unibet"", ""Betfair Exchange""]","[""odds_api_io""]",4,17.888,
soccer|argentina|iceland|2026-06-10,spreads|iceland|1.00|away,spreads,Iceland,1.0,away,6.0,4.6778,"[""Bet365"", ""Unibet"", ""Betfair Exchange""]","[""odds_api_io""]",4,10.36,
soccer|argentina|iceland|2026-06-10,spreads|argentina|-0.75|home,spreads,Argentina,-0.75,home,1.22,1.2149,"[""Bet365"", ""Betfair Exchange""]","[""odds_api_io""]",2,0.677,
soccer|argentina|iceland|2026-06-10,spreads|iceland|0.75|away,spreads,Iceland,0.75,away,5.41,4.7082,"[""Bet365"", ""Betfair Exchange""]","[""odds_api_io""]",2,5.612,
soccer|argentina|iceland|2026-06-10,spreads|argentina|-0.50|home,spreads,Argentina,-0.5,home,3.4,1.5012,"[""Bet365"", ""Unibet"", ""Betfair Exchange""]","[""odds_api_io""]",3,54.622,
soccer|argentina|iceland|2026-06-10,spreads|iceland|0.50|away,spreads,Iceland,0.5,away,6.09,5.1898,"[""Bet365"", ""Betfair Exchange""]","[""odds_api_io""]",2,5.802,
soccer|argentina|iceland|2026-06-10,spreads|argentina|-0.25|home,spreads,Argentina,-0.25,home,1.12,1.1175,"[""Bet365"", ""Betfair Exchange""]","[""odds_api_io""]",2,0.4,
soccer|argentina|iceland|2026-06-10,spreads|iceland|0.25|away,spreads,Iceland,0.25,away,8.89,7.4644,"[""Bet365"", ""Betfair Exchange""]","[""odds_api_io""]",2,4.376,
soccer|argentina|iceland|2026-06-10,spreads|argentina|-3.00|home,spreads,Argentina,-3.0,home,4.9,4.0415,"[""Bet365"", ""Unibet"", ""Betfair Exchange""]","[""odds_api_io""]",4,8.577,
soccer|argentina|iceland|2026-06-10,spreads|iceland|3.00|away,spreads,Iceland,3.0,away,1.59,1.4159,"[""Bet365"", ""Unibet"", ""Betfair Exchange""]","[""odds_api_io""]",4,14.626,
soccer|argentina|iceland|2026-06-10,spreads|argentina|-1.25|home,spreads,Argentina,-1.25,home,1.43,1.4151,"[""Bet365"", ""Betfair Exchange""]","[""odds_api_io""]",2,1.499,
soccer|argentina|iceland|2026-06-10,spreads|iceland|1.25|away,spreads,Iceland,1.25,away,3.22,3.0271,"[""Bet365"", ""Betfair Exchange""]","[""odds_api_io""]",2,4.032,
soccer|argentina|iceland|2026-06-10,teamTotals|over|1.50|,teamTotals,Over,1.5,,7.0,2.0815,"[""Bet365"", ""Unibet""]","[""odds_api_io""]",4,67.681,
soccer|argentina|iceland|2026-06-10,teamTotals|under|1.50|,teamTotals,Under,1.5,,3.75,1.6782,"[""Bet365"", ""Unibet""]","[""odds_api_io""]",4,66.791,
soccer|argentina|iceland|2026-06-10,teamTotals|over|2.50|,teamTotals,Over,2.5,,26.0,2.6377,"[""Bet365"", ""Unibet""]","[""odds_api_io""]",3,52.334,
soccer|argentina|iceland|2026-06-10,teamTotals|under|2.50|,teamTotals,Under,2.5,,1.91,1.4515,"[""Bet365"", ""Unibet""]","[""odds_api_io""]",3,46.654,
soccer|argentina|iceland|2026-06-10,teamTotals|over|0.50|,teamTotals,Over,0.5,,2.1,1.5578,"[""Bet365"", ""Unibet""]","[""odds_api_io""]",3,47.619,
soccer|argentina|iceland|2026-06-10,teamTotals|under|0.50|,teamTotals,Under,0.5,,11.0,2.3464,"[""Bet365"", ""Unibet""]","[""odds_api_io""]",3,50.933,
soccer|argentina|iceland|2026-06-10,teamTotals|over|3.50|,teamTotals,Over,3.5,,3.25,3.1492,"[""Bet365"", ""Unibet""]","[""odds_api_io""]",2,2.018,
soccer|argentina|iceland|2026-06-10,teamTotals|under|3.50|,teamTotals,Under,3.5,,1.333,1.3266,"[""Bet365"", ""Unibet""]","[""odds_api_io""]",2,0.739,
soccer|argentina|iceland|2026-06-10,teamTotals|over|4.50|,teamTotals,Over,4.5,,6.0,5.8753,"[""Bet365"", ""Unibet""]","[""odds_api_io""]",2,0.725,
soccer|argentina|iceland|2026-06-10,teamTotals|under|4.50|,teamTotals,Under,4.5,,1.125,1.1076,"[""Bet365"", ""Unibet""]","[""odds_api_io""]",2,2.854,
soccer|argentina|iceland|2026-06-10,teamTotals|over|5.50|,teamTotals,Over,5.5,,13.0,12.2218,"[""Bet365"", ""Unibet""]","[""odds_api_io""]",2,1.003,
soccer|argentina|iceland|2026-06-10,teamTotals|under|5.50|,teamTotals,Under,5.5,,1.04,1.04,"[""Bet365""]","[""odds_api_io""]",1,,
soccer|argentina|iceland|2026-06-10,teamTotals|over|6.50|,teamTotals,Over,6.5,,26.0,26.0,"[""Bet365""]","[""odds_api_io""]",1,,
soccer|argentina|iceland|2026-06-10,teamTotals|under|6.50|,teamTotals,Under,6.5,,1.01,1.01,"[""Bet365""]","[""odds_api_io""]",1,,
soccer|argentina|iceland|2026-06-10,teamTotals|over|7.50|,teamTotals,Over,7.5,,51.0,51.0,"[""Bet365""]","[""odds_api_io""]",1,,
soccer|argentina|iceland|2026-06-10,teamTotals|under|7.50|,teamTotals,Under,7.5,,1.002,1.002,"[""Bet365""]","[""odds_api_io""]",1,,
soccer|argentina|iceland|2026-06-10,doubleChance|1x||,doubleChance,1X,,,1.04,1.04,"[""Unibet"", ""Betfair Exchange""]","[""odds_api_io""]",2,,
soccer|argentina|iceland|2026-06-10,doubleChance|12||,doubleChance,12,,,1.23,1.1758,"[""Unibet"", ""Betfair Exchange""]","[""odds_api_io""]",2,7.195,
soccer|argentina|iceland|2026-06-10,doubleChance|x2||,doubleChance,X2,,,6.0,3.689,"[""Unibet"", ""Betfair Exchange""]","[""odds_api_io""]",2,21.795,
soccer|argentina|iceland|2026-06-10,totals|over|6.50|,totals,Over,6.5,,18.0,15.8328,"[""Unibet"", ""Betfair Exchange""]","[""odds_api_io""]",2,1.587,
soccer|argentina|iceland|2026-06-10,totals|over|3.50|,totals,Over,3.5,,2.47,2.2805,"[""Unibet"", ""Betfair Exchange"", ""pinnacle"", ""novibet"", ""betano"", ""1xbet"", ""unibet"", ""betsson"", ""oddssafariconsensus"", ""888sport"", ""bwin"", ""sportingbet"", ""marathon"", ""bet365"", ""betway"", ""interwetten""]","[""odds_api_io"", ""bzzoiro""]",16,6.243,
soccer|argentina|iceland|2026-06-10,totals|under|3.50|,totals,Under,3.5,,1.64,1.6352,"[""Unibet"", ""Betfair Exchange""]","[""odds_api_io""]",2,0.374,
soccer|argentina|iceland|2026-06-10,totals|over|4.50|,totals,Over,4.5,,4.5,4.0776,"[""Unibet"", ""Betfair Exchange""]","[""odds_api_io""]",2,4.805,
soccer|argentina|iceland|2026-06-10,totals|under|4.50|,totals,Under,4.5,,1.27,1.2554,"[""Unibet"", ""Betfair Exchange""]","[""odds_api_io""]",2,1.905,
soccer|argentina|iceland|2026-06-10,totals|over|1.50|,totals,Over,1.5,,1.18,1.1454,"[""Unibet"", ""Betfair Exchange""]","[""odds_api_io""]",2,5.344,
soccer|argentina|iceland|2026-06-10,totals|under|1.50|,totals,Under,1.5,,6.0,5.0526,"[""Unibet"", ""Betfair Exchange"", ""bet365"", ""unibet"", ""1xbet"", ""marathon"", ""888sport"", ""bwin"", ""sportingbet"", ""oddssafariconsensus"", ""betsson"", ""interwetten"", ""betano"", ""novibet"", ""pinnacle""]","[""odds_api_io"", ""bzzoiro""]",15,4.885,
soccer|argentina|iceland|2026-06-10,totals|over|5.50|,totals,Over,5.5,,9.6,8.1498,"[""Unibet"", ""Betfair Exchange""]","[""odds_api_io""]",2,3.869,
soccer|argentina|iceland|2026-06-10,totals|under|5.50|,totals,Under,5.5,,1.1,1.0854,"[""Unibet"", ""Betfair Exchange""]","[""odds_api_io""]",2,2.549,
soccer|argentina|iceland|2026-06-10,spreads|argentina|-4.00|home,spreads,Argentina,-4.0,home,8.0,7.9212,"[""Unibet"", ""Betfair Exchange""]","[""odds_api_io""]",2,0.239,
soccer|argentina|iceland|2026-06-10,spreads|iceland|4.00|away,spreads,Iceland,4.0,away,1.19,1.13,"[""Unibet"", ""Betfair Exchange""]","[""odds_api_io""]",2,8.559,
soccer|argentina|iceland|2026-06-10,spreads|iceland|-0.50|away,spreads,Iceland,-0.5,away,21.0,3.4369,"[""Unibet"", ""Betfair Exchange""]","[""odds_api_io""]",2,50.794,
soccer|argentina|iceland|2026-06-10,spreads|argentina|0.75|home,spreads,Argentina,0.75,home,1.02,1.02,"[""Betfair Exchange""]","[""odds_api_io""]",1,,
soccer|argentina|iceland|2026-06-10,spreads|iceland|-0.75|away,spreads,Iceland,-0.75,away,32.68,32.68,"[""Betfair Exchange""]","[""odds_api_io""]",1,,
soccer|argentina|iceland|2026-06-10,spreads|argentina|0.00|home,spreads,Argentina,0.0,home,1.05,1.05,"[""Betfair Exchange""]","[""odds_api_io""]",1,,
soccer|argentina|iceland|2026-06-10,spreads|iceland|-0.00|away,spreads,Iceland,-0.0,away,18.55,18.55,"[""Betfair Exchange""]","[""odds_api_io""]",1,,
soccer|argentina|iceland|2026-06-10,spreads|argentina|0.25|home,spreads,Argentina,0.25,home,1.04,1.04,"[""Betfair Exchange""]","[""odds_api_io""]",1,,
soccer|argentina|iceland|2026-06-10,spreads|iceland|-0.25|away,spreads,Iceland,-0.25,away,19.77,19.77,"[""Betfair Exchange""]","[""odds_api_io""]",1,,
soccer|argentina|iceland|2026-06-10,spreads|argentina|0.50|home,spreads,Argentina,0.5,home,1.04,1.04,"[""Betfair Exchange""]","[""odds_api_io""]",1,,
soccer|argentina|iceland|2026-06-10,totals|over|3.25|,totals,Over,3.25,,2.19,2.1084,"[""Betfair Exchange"", ""Sbobet""]","[""odds_api_io""]",2,3.599,
soccer|argentina|iceland|2026-06-10,totals|under|3.25|,totals,Under,3.25,,1.79,1.79,"[""Betfair Exchange"", ""Sbobet""]","[""odds_api_io""]",2,,
soccer|argentina|iceland|2026-06-10,totals|over|3.75|,totals,Over,3.75,,2.89,2.89,"[""Betfair Exchange""]","[""odds_api_io""]",1,,
soccer|argentina|iceland|2026-06-10,totals|under|3.75|,totals,Under,3.75,,1.45,1.45,"[""Betfair Exchange""]","[""odds_api_io""]",1,,
soccer|argentina|iceland|2026-06-10,totals|over|2.75|,totals,Over,2.75,,1.71,1.6646,"[""Betfair Exchange"", ""Sbobet""]","[""odds_api_io""]",2,3.249,
soccer|argentina|iceland|2026-06-10,totals|under|2.75|,totals,Under,2.75,,2.33,2.29,"[""Betfair Exchange"", ""Sbobet""]","[""odds_api_io""]",2,1.526,
soccer|argentina|iceland|2026-06-10,totals|over|2.25|,totals,Over,2.25,,1.41,1.41,"[""Betfair Exchange""]","[""odds_api_io""]",1,,
soccer|argentina|iceland|2026-06-10,totals|under|2.25|,totals,Under,2.25,,3.27,3.27,"[""Betfair Exchange""]","[""odds_api_io""]",1,,
soccer|argentina|iceland|2026-06-10,totals|over|2.00|,totals,Over,2.0,,1.24,1.24,"[""Betfair Exchange""]","[""odds_api_io""]",1,,
soccer|argentina|iceland|2026-06-10,totals|under|2.00|,totals,Under,2.0,,4.58,4.58,"[""Betfair Exchange""]","[""odds_api_io""]",1,,
soccer|argentina|iceland|2026-06-10,totals|over|0.75|,totals,Over,0.75,,1.03,1.03,"[""Betfair Exchange""]","[""odds_api_io""]",1,,
soccer|argentina|iceland|2026-06-10,totals|under|0.75|,totals,Under,0.75,,11.64,11.64,"[""Betfair Exchange""]","[""odds_api_io""]",1,,
soccer|argentina|iceland|2026-06-10,totals|over|6.00|,totals,Over,6.0,,17.12,17.12,"[""Betfair Exchange""]","[""odds_api_io""]",1,,
soccer|argentina|iceland|2026-06-10,totals|under|6.00|,totals,Under,6.0,,1.03,1.03,"[""Betfair Exchange""]","[""odds_api_io""]",1,,
soccer|argentina|iceland|2026-06-10,totals|over|1.75|,totals,Over,1.75,,1.2,1.2,"[""Betfair Exchange""]","[""odds_api_io""]",1,,
soccer|argentina|iceland|2026-06-10,totals|under|1.75|,totals,Under,1.75,,5.16,5.16,"[""Betfair Exchange""]","[""odds_api_io""]",1,,
soccer|argentina|iceland|2026-06-10,totals|over|7.50|,totals,Over,7.5,,44.0,44.0,"[""Betfair Exchange""]","[""odds_api_io""]",1,,
soccer|argentina|iceland|2026-06-10,totals|under|7.50|,totals,Under,7.5,,2.8,2.2362,"[""Betfair Exchange"", ""novibet"", ""betway"", ""bwin"", ""sportingbet"", ""unibet"", ""oddssafariconsensus"", ""pinnacle"", ""interwetten"", ""marathon"", ""betsson""]","[""odds_api_io"", ""bzzoiro""]",11,63.296,
soccer|argentina|iceland|2026-06-10,totals|over|5.00|,totals,Over,5.0,,8.46,8.46,"[""Betfair Exchange""]","[""odds_api_io""]",1,,
soccer|argentina|iceland|2026-06-10,totals|under|5.00|,totals,Under,5.0,,1.11,1.11,"[""Betfair Exchange""]","[""odds_api_io""]",1,,
soccer|argentina|iceland|2026-06-10,totals|over|7.00|,totals,Over,7.0,,42.55,42.55,"[""Betfair Exchange""]","[""odds_api_io""]",1,,
soccer|argentina|iceland|2026-06-10,totals|under|7.00|,totals,Under,7.0,,1.01,1.01,"[""Betfair Exchange""]","[""odds_api_io""]",1,,
soccer|argentina|iceland|2026-06-10,totals|over|7.25|,totals,Over,7.25,,43.27,43.27,"[""Betfair Exchange""]","[""odds_api_io""]",1,,
soccer|argentina|iceland|2026-06-10,totals|under|7.25|,totals,Under,7.25,,1.01,1.01,"[""Betfair Exchange""]","[""odds_api_io""]",1,,
soccer|argentina|iceland|2026-06-10,totals|over|0.50|,totals,Over,0.5,,1.03,1.03,"[""Betfair Exchange""]","[""odds_api_io""]",1,,
soccer|argentina|iceland|2026-06-10,totals|under|0.50|,totals,Under,0.5,,32.0,32.0,"[""Betfair Exchange""]","[""odds_api_io""]",1,,
soccer|argentina|iceland|2026-06-10,totals|over|1.25|,totals,Over,1.25,,1.1,1.1,"[""Betfair Exchange""]","[""odds_api_io""]",1,,
soccer|argentina|iceland|2026-06-10,totals|under|1.25|,totals,Under,1.25,,8.2,8.2,"[""Betfair Exchange""]","[""odds_api_io""]",1,,
soccer|argentina|iceland|2026-06-10,totals|over|4.25|,totals,Over,4.25,,4.08,4.08,"[""Betfair Exchange""]","[""odds_api_io""]",1,,
soccer|argentina|iceland|2026-06-10,totals|under|4.25|,totals,Under,4.25,,1.3,1.3,"[""Betfair Exchange""]","[""odds_api_io""]",1,,
soccer|argentina|iceland|2026-06-10,totals|under|6.50|,totals,Under,6.5,,4.1,2.8173,"[""Betfair Exchange"", ""novibet"", ""bwin"", ""sportingbet"", ""oddssafariconsensus"", ""interwetten"", ""unibet"", ""marathon"", ""betsson""]","[""odds_api_io"", ""bzzoiro""]",9,72.697,
soccer|argentina|iceland|2026-06-10,totals|over|5.25|,totals,Over,5.25,,9.03,9.03,"[""Betfair Exchange""]","[""odds_api_io""]",1,,
soccer|argentina|iceland|2026-06-10,totals|under|5.25|,totals,Under,5.25,,1.11,1.11,"[""Betfair Exchange""]","[""odds_api_io""]",1,,
soccer|argentina|iceland|2026-06-10,totals|over|5.75|,totals,Over,5.75,,12.21,12.21,"[""Betfair Exchange""]","[""odds_api_io""]",1,,
soccer|argentina|iceland|2026-06-10,totals|under|5.75|,totals,Under,5.75,,1.06,1.06,"[""Betfair Exchange""]","[""odds_api_io""]",1,,
soccer|argentina|iceland|2026-06-10,totals|over|1.00|,totals,Over,1.0,,1.03,1.03,"[""Betfair Exchange""]","[""odds_api_io""]",1,,
soccer|argentina|iceland|2026-06-10,totals|under|1.00|,totals,Under,1.0,,11.22,11.22,"[""Betfair Exchange""]","[""odds_api_io""]",1,,
soccer|argentina|iceland|2026-06-10,totals|over|4.75|,totals,Over,4.75,,5.76,5.76,"[""Betfair Exchange""]","[""odds_api_io""]",1,,
soccer|argentina|iceland|2026-06-10,totals|under|4.75|,totals,Under,4.75,,1.18,1.18,"[""Betfair Exchange""]","[""odds_api_io""]",1,,
soccer|argentina|iceland|2026-06-10,totals|over|6.75|,totals,Over,6.75,,25.12,25.12,"[""Betfair Exchange""]","[""odds_api_io""]",1,,
soccer|argentina|iceland|2026-06-10,totals|under|6.75|,totals,Under,6.75,,1.01,1.01,"[""Betfair Exchange""]","[""odds_api_io""]",1,,
soccer|argentina|iceland|2026-06-10,totals|over|4.00|,totals,Over,4.0,,3.67,3.67,"[""Betfair Exchange""]","[""odds_api_io""]",1,,
soccer|argentina|iceland|2026-06-10,totals|under|4.00|,totals,Under,4.0,,1.35,1.35,"[""Betfair Exchange""]","[""odds_api_io""]",1,,
soccer|argentina|iceland|2026-06-10,totals|over|6.25|,totals,Over,6.25,,17.56,17.56,"[""Betfair Exchange""]","[""odds_api_io""]",1,,
soccer|argentina|iceland|2026-06-10,totals|under|6.25|,totals,Under,6.25,,1.03,1.03,"[""Betfair Exchange""]","[""odds_api_io""]",1,,
soccer|argentina|iceland|2026-06-10,totals|over|12.50|,totals,Over,12.5,,5.9,5.9,"[""novibet""]","[""bzzoiro""]",1,,
soccer|argentina|iceland|2026-06-10,totals|over|11.50|,totals,Over,11.5,,4.5,3.9422,"[""marathon"", ""oddssafariconsensus"", ""novibet"", ""bwin"", ""sportingbet"", ""interwetten""]","[""bzzoiro""]",6,7.19,
soccer|argentina|iceland|2026-06-10,totals|over|10.50|,totals,Over,10.5,,3.3,2.9783,"[""betsson"", ""marathon"", ""oddssafariconsensus"", ""bwin"", ""sportingbet"", ""interwetten"", ""novibet"", ""unibet"", ""betway""]","[""bzzoiro""]",9,7.792,
soccer|argentina|iceland|2026-06-10,totals|over|10.00|,totals,Over,10.0,,2.6,2.6,"[""oddssafariconsensus"", ""pinnacle""]","[""bzzoiro""]",2,,
soccer|argentina|iceland|2026-06-10,totals|over|9.50|,totals,Over,9.5,,2.45,2.2809,"[""betsson"", ""pinnacle"", ""marathon"", ""oddssafariconsensus"", ""betway"", ""bwin"", ""sportingbet"", ""unibet"", ""interwetten"", ""novibet""]","[""bzzoiro""]",10,4.638,
soccer|argentina|iceland|2026-06-10,totals|under|8.00|,totals,Under,8.0,,2.21,2.21,"[""oddssafariconsensus"", ""pinnacle""]","[""bzzoiro""]",2,,
soccer|argentina|iceland|2026-06-10,totals|over|9.00|,totals,Over,9.0,,2.13,2.13,"[""oddssafariconsensus""]","[""bzzoiro""]",1,,
soccer|argentina|iceland|2026-06-10,totals|over|15.00|,totals,Over,15.0,,1.103,1.103,"[""over@1.5""]","[""bzzoiro""]",1,,
soccer|argentina|iceland|2026-06-10,totals|under|15.00|,totals,Under,15.0,,5.05,5.05,"[""under@1.5""]","[""bzzoiro""]",1,,
soccer|argentina|iceland|2026-06-10,totals|over|25.00|,totals,Over,25.0,,1.45,1.45,"[""over@2.5""]","[""bzzoiro""]",1,,
soccer|argentina|iceland|2026-06-10,totals|under|25.00|,totals,Under,25.0,,2.42,2.42,"[""under@2.5""]","[""bzzoiro""]",1,,
soccer|argentina|iceland|2026-06-10,totals|over|35.00|,totals,Over,35.0,,2.321,2.321,"[""over@3.5""]","[""bzzoiro""]",1,,
soccer|argentina|iceland|2026-06-10,totals|under|35.00|,totals,Under,35.0,,1.696,1.696,"[""under@3.5""]","[""bzzoiro""]",1,,
soccer|argentina|iceland|2026-06-10,totals|over||,totals,Over,,,14.25,2.1117,"[""over@7.5"", ""over@8.5"", ""over@9.0"", ""over@9.5"", ""over@10.0"", ""over@8.0"", ""over@6.5"", ""over@10.5"", ""over@11.5"", ""over@4.5"", ""over@5.5"", ""over@12.5"", ""over@13.5"", ""over@14.5"", ""over@15.5"", ""over@3.5"", ""over@0.5""]","[""bzzoiro""]",17,92.883,
soccer|argentina|iceland|2026-06-10,totals|under||,totals,Under,,,14.5,1.6669,"[""under@7.5"", ""under@8.5"", ""under@9.0"", ""under@9.5"", ""under@10.0"", ""under@8.0"", ""under@6.5"", ""under@10.5"", ""under@11.5"", ""under@4.5"", ""under@5.5"", ""under@12.5"", ""under@13.5"", ""under@14.5"", ""under@15.5"", ""under@3.5"", ""under@0.5""]","[""bzzoiro""]",17,93.004,
soccer|iraq|venezuela|2026-06-10,h2h|iraq||home,h2h,Iraq,,home,3.85,3.3496,"[""Bet365"", ""Unibet"", ""Betfair Exchange"", ""Sbobet"", ""1xbet"", ""pinnacle"", ""interwetten"", ""unibet"", ""novibet"", ""bwin"", ""sportingbet"", ""betway"", ""888sport"", ""william-hill"", ""bet365"", ""betsson"", ""marathon"", ""oddssafari-consensus"", ""bzzoiro""]","[""odds_api_io"", ""bzzoiro""]",19,6.706,
soccer|iraq|venezuela|2026-06-10,h2h|draw||,h2h,Draw,,,3.305,3.1143,"[""Bet365"", ""Unibet"", ""Betfair Exchange"", ""Sbobet"", ""1xbet"", ""pinnacle"", ""interwetten"", ""unibet"", ""novibet"", ""bwin"", ""sportingbet"", ""betway"", ""888sport"", ""william-hill"", ""bet365"", ""betsson"", ""marathon"", ""oddssafari-consensus"", ""bzzoiro""]","[""odds_api_io"", ""bzzoiro""]",19,4.107,
soccer|iraq|venezuela|2026-06-10,h2h|venezuela||away,h2h,Venezuela,,away,2.337,2.203,"[""Bet365"", ""Unibet"", ""Betfair Exchange"", ""Sbobet"", ""1xbet"", ""pinnacle"", ""interwetten"", ""unibet"", ""novibet"", ""bwin"", ""sportingbet"", ""betway"", ""888sport"", ""william-hill"", ""bet365"", ""betsson"", ""marathon"", ""oddssafari-consensus"", ""bzzoiro""]","[""odds_api_io"", ""bzzoiro""]",19,4.829,
soccer|iraq|venezuela|2026-06-10,dnb|iraq|0.00|home,dnb,Iraq,0.0,home,2.68,2.3614,"[""Bet365"", ""Unibet"", ""Betfair Exchange""]","[""odds_api_io""]",3,10.763,
soccer|iraq|venezuela|2026-06-10,dnb|venezuela|0.00|away,dnb,Venezuela,0.0,away,1.66,1.5846,"[""Bet365"", ""Unibet"", ""Betfair Exchange""]","[""odds_api_io""]",3,4.991,
soccer|iraq|venezuela|2026-06-10,spreads|iraq|0.25|home,spreads,Iraq,0.25,home,2.06,1.9828,"[""Bet365"", ""Betfair Exchange"", ""Sbobet""]","[""odds_api_io""]",3,3.003,
soccer|iraq|venezuela|2026-06-10,spreads|venezuela|-0.25|away,spreads,Venezuela,-0.25,away,1.91,1.8866,"[""Bet365"", ""Betfair Exchange"", ""Sbobet""]","[""odds_api_io""]",3,1.698,
soccer|iraq|venezuela|2026-06-10,totals|over|2.00|,totals,Over,2.0,,1.82,1.78,"[""Bet365"", ""Betfair Exchange"", ""Sbobet""]","[""odds_api_io""]",3,2.198,
soccer|iraq|venezuela|2026-06-10,totals|under|2.00|,totals,Under,2.0,,2.16,2.0863,"[""Bet365"", ""Betfair Exchange"", ""Sbobet""]","[""odds_api_io""]",3,2.484,
soccer|iraq|venezuela|2026-06-10,totals|over|2.50|,totals,Over,2.5,,2.47,2.3132,"[""Bet365"", ""Unibet"", ""Betfair Exchange"", ""1xbet"", ""pinnacle"", ""bet365"", ""bwin"", ""sportingbet"", ""betsson"", ""oddssafariconsensus"", ""888sport"", ""interwetten"", ""unibet"", ""marathon"", ""betway"", ""novibet""]","[""odds_api_io"", ""bzzoiro""]",16,5.597,
soccer|iraq|venezuela|2026-06-10,totals|under|2.50|,totals,Under,2.5,,1.65,1.607,"[""Bet365"", ""Unibet"", ""Betfair Exchange""]","[""odds_api_io""]",3,3.048,
soccer|iraq|venezuela|2026-06-10,btts|yes||,btts,Yes,,,2.08,1.9706,"[""Bet365"", ""Unibet"", ""Betfair Exchange"", ""1xbet"", ""pinnacle"", ""interwetten"", ""unibet"", ""novibet"", ""bwin"", ""sportingbet"", ""betway"", ""888sport"", ""william-hill"", ""bet365"", ""betsson"", ""marathon"", ""oddssafari-consensus"", ""bzzoiro""]","[""odds_api_io"", ""bzzoiro""]",18,5.115,
soccer|iraq|venezuela|2026-06-10,btts|no||,btts,No,,,1.89,1.761,"[""Bet365"", ""Unibet"", ""Betfair Exchange"", ""1xbet"", ""pinnacle"", ""interwetten"", ""unibet"", ""novibet"", ""bwin"", ""sportingbet"", ""betway"", ""888sport"", ""william-hill"", ""bet365"", ""betsson"", ""marathon"", ""oddssafari-consensus"", ""bzzoiro""]","[""odds_api_io"", ""bzzoiro""]",18,5.569,
soccer|iraq|venezuela|2026-06-10,spreads|venezuela|1.00|away,spreads,Venezuela,1.0,away,4.75,1.7233,"[""Bet365"", ""Unibet"", ""Betfair Exchange""]","[""odds_api_io""]",5,69.037,
soccer|iraq|venezuela|2026-06-10,spreads|iraq|-2.00|home,spreads,Iraq,-2.0,home,42.0,31.125,"[""Bet365"", ""Betfair Exchange""]","[""odds_api_io""]",3,2.381,
soccer|iraq|venezuela|2026-06-10,spreads|venezuela|2.00|away,spreads,Venezuela,2.0,away,11.0,1.493,"[""Bet365"", ""Betfair Exchange""]","[""odds_api_io""]",3,88.948,
soccer|iraq|venezuela|2026-06-10,spreads|iraq|2.00|home,spreads,Iraq,2.0,home,1.23,1.1534,"[""Bet365"", ""Unibet"", ""Betfair Exchange""]","[""odds_api_io""]",4,12.157,
soccer|iraq|venezuela|2026-06-10,spreads|venezuela|-2.00|away,spreads,Venezuela,-2.0,away,14.0,3.3897,"[""Bet365"", ""Unibet"", ""Betfair Exchange""]","[""odds_api_io""]",4,86.228,
soccer|iraq|venezuela|2026-06-10,spreads|iraq|3.00|home,spreads,Iraq,3.0,home,1.06,1.0362,"[""Bet365"", ""Betfair Exchange""]","[""odds_api_io""]",3,4.67,
soccer|iraq|venezuela|2026-06-10,spreads|venezuela|-1.00|away,spreads,Venezuela,-1.0,away,4.9,2.1561,"[""Bet365"", ""Unibet"", ""Betfair Exchange""]","[""odds_api_io""]",5,69.278,
soccer|iraq|venezuela|2026-06-10,spreads|venezuela|3.00|away,spreads,Venezuela,3.0,away,29.0,1.9378,"[""Bet365"", ""Betfair Exchange""]","[""odds_api_io""]",2,94.591,
soccer|iraq|venezuela|2026-06-10,teamTotals|over|1.50|,teamTotals,Over,1.5,,3.5,2.7888,"[""Bet365"", ""Unibet""]","[""odds_api_io""]",3,12.581,
soccer|iraq|venezuela|2026-06-10,teamTotals|under|1.50|,teamTotals,Under,1.5,,1.48,1.3965,"[""Bet365"", ""Unibet""]","[""odds_api_io""]",3,10.253,
soccer|iraq|venezuela|2026-06-10,teamTotals|over|3.50|,teamTotals,Over,3.5,,29.0,22.9583,"[""Bet365""]","[""odds_api_io""]",2,1.815,
soccer|iraq|venezuela|2026-06-10,teamTotals|under|3.50|,teamTotals,Under,3.5,,1.02,1.013,"[""Bet365""]","[""odds_api_io""]",2,1.364,
soccer|iraq|venezuela|2026-06-10,teamTotals|over|0.50|,teamTotals,Over,0.5,,1.5,1.4143,"[""Bet365"", ""Unibet""]","[""odds_api_io""]",3,8.352,
soccer|iraq|venezuela|2026-06-10,teamTotals|under|0.50|,teamTotals,Under,0.5,,3.25,2.7489,"[""Bet365"", ""Unibet""]","[""odds_api_io""]",3,9.231,
soccer|iraq|venezuela|2026-06-10,teamTotals|over|2.50|,teamTotals,Over,2.5,,10.0,7.8788,"[""Bet365""]","[""odds_api_io""]",2,5.385,
soccer|iraq|venezuela|2026-06-10,teamTotals|under|2.50|,teamTotals,Under,2.5,,1.111,1.0859,"[""Bet365""]","[""odds_api_io""]",2,4.153,
soccer|iraq|venezuela|2026-06-10,teamTotals|over|4.50|,teamTotals,Over,4.5,,51.0,51.0,"[""Bet365""]","[""odds_api_io""]",1,,
soccer|iraq|venezuela|2026-06-10,teamTotals|under|4.50|,teamTotals,Under,4.5,,1.002,1.002,"[""Bet365""]","[""odds_api_io""]",1,,
soccer|iraq|venezuela|2026-06-10,spreads|iraq|0.00|home,spreads,Iraq,0.0,home,2.68,2.4524,"[""Bet365"", ""Betfair Exchange"", ""Sbobet""]","[""odds_api_io""]",3,6.165,
soccer|iraq|venezuela|2026-06-10,spreads|venezuela|-0.00|away,spreads,Venezuela,-0.0,away,1.6,1.573,"[""Bet365"", ""Betfair Exchange"", ""Sbobet""]","[""odds_api_io""]",3,2.016,
soccer|iraq|venezuela|2026-06-10,spreads|iraq|1.50|home,spreads,Iraq,1.5,home,1.23,1.1936,"[""Bet365"", ""Unibet"", ""Betfair Exchange""]","[""odds_api_io""]",3,4.906,
soccer|iraq|venezuela|2026-06-10,spreads|venezuela|-1.50|away,spreads,Venezuela,-1.5,away,4.9,4.5615,"[""Bet365"", ""Unibet"", ""Betfair Exchange""]","[""odds_api_io""]",3,2.848,
soccer|iraq|venezuela|2026-06-10,spreads|iraq|-1.25|home,spreads,Iraq,-1.25,home,10.11,8.2998,"[""Bet365"", ""Betfair Exchange""]","[""odds_api_io""]",2,4.395,
soccer|iraq|venezuela|2026-06-10,spreads|venezuela|1.25|away,spreads,Venezuela,1.25,away,4.15,1.7209,"[""Bet365"", ""Betfair Exchange""]","[""odds_api_io""]",2,66.813,
soccer|iraq|venezuela|2026-06-10,spreads|iraq|-1.00|home,spreads,Iraq,-1.0,home,11.0,8.0598,"[""Bet365"", ""Unibet"", ""Betfair Exchange""]","[""odds_api_io""]",4,6.534,
soccer|iraq|venezuela|2026-06-10,spreads|iraq|1.00|home,spreads,Iraq,1.0,home,1.77,1.4628,"[""Bet365"", ""Unibet"", ""Betfair Exchange""]","[""odds_api_io""]",4,21.934,
soccer|iraq|venezuela|2026-06-10,spreads|iraq|1.25|home,spreads,Iraq,1.25,home,1.27,1.245,"[""Bet365"", ""Betfair Exchange""]","[""odds_api_io""]",2,3.227,
soccer|iraq|venezuela|2026-06-10,spreads|venezuela|-1.25|away,spreads,Venezuela,-1.25,away,4.38,1.7777,"[""Bet365"", ""Betfair Exchange""]","[""odds_api_io""]",2,68.078,
soccer|iraq|venezuela|2026-06-10,spreads|iraq|-0.75|home,spreads,Iraq,-0.75,home,5.23,4.5441,"[""Bet365"", ""Betfair Exchange""]","[""odds_api_io""]",2,5.88,
soccer|iraq|venezuela|2026-06-10,spreads|venezuela|0.75|away,spreads,Venezuela,0.75,away,2.675,1.6644,"[""Bet365"", ""Betfair Exchange""]","[""odds_api_io""]",2,44.584,
soccer|iraq|venezuela|2026-06-10,spreads|iraq|-0.50|home,spreads,Iraq,-0.5,home,3.85,3.248,"[""Bet365"", ""Unibet"", ""Betfair Exchange""]","[""odds_api_io""]",3,8.509,
soccer|iraq|venezuela|2026-06-10,spreads|venezuela|0.50|away,spreads,Venezuela,0.5,away,2.25,1.5495,"[""Bet365"", ""Unibet"", ""Betfair Exchange""]","[""odds_api_io""]",3,30.182,
soccer|iraq|venezuela|2026-06-10,spreads|iraq|-0.25|home,spreads,Iraq,-0.25,home,3.27,2.9481,"[""Bet365"", ""Betfair Exchange""]","[""odds_api_io""]",2,6.802,
soccer|iraq|venezuela|2026-06-10,spreads|venezuela|0.25|away,spreads,Venezuela,0.25,away,1.45,1.4397,"[""Bet365"", ""Betfair Exchange""]","[""odds_api_io""]",2,0.965,
soccer|iraq|venezuela|2026-06-10,spreads|iraq|0.50|home,spreads,Iraq,0.5,home,1.77,1.663,"[""Bet365"", ""Unibet"", ""Betfair Exchange"", ""Sbobet""]","[""odds_api_io""]",4,6.003,
soccer|iraq|venezuela|2026-06-10,spreads|venezuela|-0.50|away,spreads,Venezuela,-0.5,away,2.26,1.908,"[""Bet365"", ""Unibet"", ""Betfair Exchange"", ""Sbobet""]","[""odds_api_io""]",4,29.826,
soccer|iraq|venezuela|2026-06-10,spreads|iraq|0.75|home,spreads,Iraq,0.75,home,1.55,1.4992,"[""Bet365"", ""Betfair Exchange""]","[""odds_api_io""]",2,4.449,
soccer|iraq|venezuela|2026-06-10,spreads|venezuela|-0.75|away,spreads,Venezuela,-0.75,away,2.73,1.7077,"[""Bet365"", ""Betfair Exchange""]","[""odds_api_io""]",2,44.671,
soccer|iraq|venezuela|2026-06-10,spreads|iraq|1.75|home,spreads,Iraq,1.75,home,1.15,1.1351,"[""Bet365"", ""Betfair Exchange""]","[""odds_api_io""]",2,2.329,
soccer|iraq|venezuela|2026-06-10,spreads|venezuela|-1.75|away,spreads,Venezuela,-1.75,away,6.87,6.551,"[""Bet365"", ""Betfair Exchange""]","[""odds_api_io""]",2,1.444,
soccer|iraq|venezuela|2026-06-10,doubleChance|1x||,doubleChance,1X,,,1.77,1.6628,"[""Unibet"", ""Betfair Exchange""]","[""odds_api_io""]",2,7.605,
soccer|iraq|venezuela|2026-06-10,doubleChance|12||,doubleChance,12,,,1.42,1.3599,"[""Unibet"", ""Betfair Exchange""]","[""odds_api_io""]",2,6.501,
soccer|iraq|venezuela|2026-06-10,doubleChance|x2||,doubleChance,X2,,,1.34,1.3205,"[""Unibet"", ""Betfair Exchange""]","[""odds_api_io""]",2,2.296,
soccer|iraq|venezuela|2026-06-10,totals|over|1.50|,totals,Over,1.5,,1.48,1.4252,"[""Unibet"", ""Betfair Exchange""]","[""odds_api_io""]",2,5.425,
soccer|iraq|venezuela|2026-06-10,totals|under|1.50|,totals,Under,1.5,,2.98,2.7193,"[""Unibet"", ""Betfair Exchange"", ""pinnacle"", ""betway"", ""novibet"", ""betsson"", ""oddssafariconsensus"", ""1xbet"", ""marathon"", ""interwetten"", ""888sport"", ""bet365"", ""bwin"", ""sportingbet""]","[""odds_api_io"", ""bzzoiro""]",14,4.904,
soccer|iraq|venezuela|2026-06-10,totals|over|3.50|,totals,Over,3.5,,5.0,4.2444,"[""Unibet"", ""Betfair Exchange"", ""888sport"", ""betsson"", ""pinnacle"", ""bwin"", ""sportingbet"", ""bet365"", ""oddssafariconsensus"", ""betway"", ""interwetten"", ""novibet"", ""1xbet"", ""marathon""]","[""odds_api_io"", ""bzzoiro""]",14,5.316,
soccer|iraq|venezuela|2026-06-10,totals|under|3.50|,totals,Under,3.5,,1.23,1.2154,"[""Unibet"", ""Betfair Exchange""]","[""odds_api_io""]",2,2.033,
soccer|iraq|venezuela|2026-06-10,spreads|iraq|-1.75|home,spreads,Iraq,-1.75,home,16.91,16.91,"[""Betfair Exchange""]","[""odds_api_io""]",1,,
soccer|iraq|venezuela|2026-06-10,spreads|venezuela|1.75|away,spreads,Venezuela,1.75,away,1.05,1.05,"[""Betfair Exchange""]","[""odds_api_io""]",1,,
soccer|iraq|venezuela|2026-06-10,spreads|iraq|2.25|home,spreads,Iraq,2.25,home,1.07,1.07,"[""Betfair Exchange""]","[""odds_api_io""]",1,,
soccer|iraq|venezuela|2026-06-10,spreads|venezuela|-2.25|away,spreads,Venezuela,-2.25,away,13.09,13.09,"[""Betfair Exchange""]","[""odds_api_io""]",1,,
soccer|iraq|venezuela|2026-06-10,spreads|iraq|2.50|home,spreads,Iraq,2.5,home,1.06,1.06,"[""Betfair Exchange""]","[""odds_api_io""]",1,,
soccer|iraq|venezuela|2026-06-10,spreads|venezuela|-2.50|away,spreads,Venezuela,-2.5,away,14.0,14.0,"[""Betfair Exchange""]","[""odds_api_io""]",1,,
soccer|iraq|venezuela|2026-06-10,spreads|iraq|2.75|home,spreads,Iraq,2.75,home,1.04,1.04,"[""Betfair Exchange""]","[""odds_api_io""]",1,,
soccer|iraq|venezuela|2026-06-10,spreads|venezuela|-2.75|away,spreads,Venezuela,-2.75,away,21.12,21.12,"[""Betfair Exchange""]","[""odds_api_io""]",1,,
soccer|iraq|venezuela|2026-06-10,spreads|iraq|-1.50|home,spreads,Iraq,-1.5,home,11.05,11.05,"[""Betfair Exchange""]","[""odds_api_io""]",1,,
soccer|iraq|venezuela|2026-06-10,spreads|venezuela|1.50|away,spreads,Venezuela,1.5,away,1.09,1.09,"[""Betfair Exchange""]","[""odds_api_io""]",1,,
soccer|iraq|venezuela|2026-06-10,spreads|iraq|3.50|home,spreads,Iraq,3.5,home,1.01,1.01,"[""Betfair Exchange""]","[""odds_api_io""]",1,,
soccer|iraq|venezuela|2026-06-10,spreads|venezuela|-3.50|away,spreads,Venezuela,-3.5,away,48.0,48.0,"[""Betfair Exchange""]","[""odds_api_io""]",1,,
soccer|iraq|venezuela|2026-06-10,spreads|venezuela|-3.00|away,spreads,Venezuela,-3.0,away,48.0,46.7534,"[""Betfair Exchange""]","[""odds_api_io""]",2,0.111,
soccer|iraq|venezuela|2026-06-10,spreads|iraq|3.25|home,spreads,Iraq,3.25,home,1.01,1.01,"[""Betfair Exchange""]","[""odds_api_io""]",1,,
soccer|iraq|venezuela|2026-06-10,spreads|venezuela|-3.25|away,spreads,Venezuela,-3.25,away,46.78,46.78,"[""Betfair Exchange""]","[""odds_api_io""]",1,,
soccer|iraq|venezuela|2026-06-10,spreads|iraq|-2.25|home,spreads,Iraq,-2.25,home,40.6,40.6,"[""Betfair Exchange""]","[""odds_api_io""]",1,,
soccer|iraq|venezuela|2026-06-10,spreads|venezuela|2.25|away,spreads,Venezuela,2.25,away,1.02,1.02,"[""Betfair Exchange""]","[""odds_api_io""]",1,,
soccer|iraq|venezuela|2026-06-10,spreads|iraq|-2.75|home,spreads,Iraq,-2.75,home,65.06,65.06,"[""Betfair Exchange""]","[""odds_api_io""]",1,,
soccer|iraq|venezuela|2026-06-10,spreads|venezuela|2.75|away,spreads,Venezuela,2.75,away,1.01,1.01,"[""Betfair Exchange""]","[""odds_api_io""]",1,,
soccer|iraq|venezuela|2026-06-10,spreads|iraq|-2.50|home,spreads,Iraq,-2.5,home,42.0,42.0,"[""Betfair Exchange""]","[""odds_api_io""]",1,,
soccer|iraq|venezuela|2026-06-10,spreads|venezuela|2.50|away,spreads,Venezuela,2.5,away,1.02,1.02,"[""Betfair Exchange""]","[""odds_api_io""]",1,,
soccer|iraq|venezuela|2026-06-10,totals|over|2.25|,totals,Over,2.25,,2.16,2.1251,"[""Betfair Exchange"", ""Sbobet""]","[""odds_api_io""]",2,1.551,
soccer|iraq|venezuela|2026-06-10,totals|under|2.25|,totals,Under,2.25,,1.83,1.7795,"[""Betfair Exchange"", ""Sbobet""]","[""odds_api_io""]",2,3.159,
soccer|iraq|venezuela|2026-06-10,totals|over|1.25|,totals,Over,1.25,,1.31,1.31,"[""Betfair Exchange""]","[""odds_api_io""]",1,,
soccer|iraq|venezuela|2026-06-10,totals|under|1.25|,totals,Under,1.25,,3.85,3.85,"[""Betfair Exchange""]","[""odds_api_io""]",1,,
soccer|iraq|venezuela|2026-06-10,totals|over|3.00|,totals,Over,3.0,,3.97,3.97,"[""Betfair Exchange""]","[""odds_api_io""]",1,,
soccer|iraq|venezuela|2026-06-10,totals|under|3.00|,totals,Under,3.0,,1.31,1.31,"[""Betfair Exchange""]","[""odds_api_io""]",1,,
soccer|iraq|venezuela|2026-06-10,totals|over|2.75|,totals,Over,2.75,,2.96,2.96,"[""Betfair Exchange""]","[""odds_api_io""]",1,,
soccer|iraq|venezuela|2026-06-10,totals|under|2.75|,totals,Under,2.75,,1.48,1.48,"[""Betfair Exchange""]","[""odds_api_io""]",1,,
soccer|iraq|venezuela|2026-06-10,totals|over|1.75|,totals,Over,1.75,,1.61,1.5749,"[""Betfair Exchange"", ""Sbobet""]","[""odds_api_io""]",2,2.823,
soccer|iraq|venezuela|2026-06-10,totals|under|1.75|,totals,Under,1.75,,2.52,2.4493,"[""Betfair Exchange"", ""Sbobet""]","[""odds_api_io""]",2,2.334,
soccer|iraq|venezuela|2026-06-10,totals|over|3.75|,totals,Over,3.75,,6.64,6.64,"[""Betfair Exchange""]","[""odds_api_io""]",1,,
soccer|iraq|venezuela|2026-06-10,totals|under|3.75|,totals,Under,3.75,,1.16,1.16,"[""Betfair Exchange""]","[""odds_api_io""]",1,,
soccer|iraq|venezuela|2026-06-10,totals|over|3.25|,totals,Over,3.25,,4.48,4.48,"[""Betfair Exchange""]","[""odds_api_io""]",1,,
soccer|iraq|venezuela|2026-06-10,totals|under|3.25|,totals,Under,3.25,,1.27,1.27,"[""Betfair Exchange""]","[""odds_api_io""]",1,,
soccer|iraq|venezuela|2026-06-10,totals|over|0.75|,totals,Over,0.75,,1.13,1.13,"[""Betfair Exchange""]","[""odds_api_io""]",1,,
soccer|iraq|venezuela|2026-06-10,totals|under|0.75|,totals,Under,0.75,,6.93,6.93,"[""Betfair Exchange""]","[""odds_api_io""]",1,,
soccer|iraq|venezuela|2026-06-10,totals|over|0.50|,totals,Over,0.5,,1.11,1.11,"[""Betfair Exchange""]","[""odds_api_io""]",1,,
soccer|iraq|venezuela|2026-06-10,totals|under|0.50|,totals,Under,0.5,,9.0,9.0,"[""Betfair Exchange""]","[""odds_api_io""]",1,,
soccer|iraq|venezuela|2026-06-10,totals|over|1.00|,totals,Over,1.0,,1.15,1.15,"[""Betfair Exchange""]","[""odds_api_io""]",1,,
soccer|iraq|venezuela|2026-06-10,totals|under|1.00|,totals,Under,1.0,,6.13,6.13,"[""Betfair Exchange""]","[""odds_api_io""]",1,,
soccer|iraq|venezuela|2026-06-10,totals|over|4.00|,totals,Over,4.0,,10.6,10.6,"[""Betfair Exchange""]","[""odds_api_io""]",1,,
soccer|iraq|venezuela|2026-06-10,totals|under|4.00|,totals,Under,4.0,,1.08,1.08,"[""Betfair Exchange""]","[""odds_api_io""]",1,,
soccer|iraq|venezuela|2026-06-10,totals|over|4.75|,totals,Over,4.75,,17.26,17.26,"[""Betfair Exchange""]","[""odds_api_io""]",1,,
soccer|iraq|venezuela|2026-06-10,totals|under|4.75|,totals,Under,4.75,,1.04,1.04,"[""Betfair Exchange""]","[""odds_api_io""]",1,,
soccer|iraq|venezuela|2026-06-10,totals|over|4.25|,totals,Over,4.25,,11.3,11.3,"[""Betfair Exchange""]","[""odds_api_io""]",1,,
soccer|iraq|venezuela|2026-06-10,totals|under|4.25|,totals,Under,4.25,,1.08,1.08,"[""Betfair Exchange""]","[""odds_api_io""]",1,,
soccer|iraq|venezuela|2026-06-10,totals|over|4.50|,totals,Over,4.5,,12.0,12.0,"[""Betfair Exchange""]","[""odds_api_io""]",1,,
soccer|iraq|venezuela|2026-06-10,totals|under|4.50|,totals,Under,4.5,,1.07,1.07,"[""Betfair Exchange""]","[""odds_api_io""]",1,,
soccer|iraq|venezuela|2026-06-10,totals|over|5.25|,totals,Over,5.25,,1.01,1.01,"[""Betfair Exchange""]","[""odds_api_io""]",1,,
soccer|iraq|venezuela|2026-06-10,totals|under|5.25|,totals,Under,5.25,,1.02,1.02,"[""Betfair Exchange""]","[""odds_api_io""]",1,,
soccer|iraq|venezuela|2026-06-10,spreads|iraq|-3.00|home,spreads,Iraq,-3.0,home,150.0,150.0,"[""Betfair Exchange""]","[""odds_api_io""]",1,,
soccer|iraq|venezuela|2026-06-10,totals|under|6.50|,totals,Under,6.5,,3.7,3.4494,"[""bwin"", ""sportingbet"", ""novibet"", ""oddssafariconsensus"", ""betsson"", ""marathon"", ""interwetten""]","[""bzzoiro""]",7,5.76,
soccer|iraq|venezuela|2026-06-10,totals|over|10.50|,totals,Over,10.5,,3.5,3.373,"[""marathon"", ""betsson"", ""interwetten"", ""novibet"", ""oddssafariconsensus"", ""bwin"", ""sportingbet""]","[""bzzoiro""]",7,2.198,
soccer|iraq|venezuela|2026-06-10,totals|under|7.00|,totals,Under,7.0,,2.77,2.77,"[""oddssafariconsensus"", ""pinnacle""]","[""bzzoiro""]",2,,
soccer|iraq|venezuela|2026-06-10,totals|over|9.50|,totals,Over,9.5,,2.625,2.4688,"[""betway"", ""interwetten"", ""marathon"", ""betsson"", ""oddssafariconsensus"", ""novibet"", ""pinnacle"", ""bwin"", ""sportingbet""]","[""bzzoiro""]",9,4.099,
soccer|iraq|venezuela|2026-06-10,totals|under|7.50|,totals,Under,7.5,,2.5,2.3841,"[""bwin"", ""novibet"", ""sportingbet"", ""betsson"", ""oddssafariconsensus"", ""pinnacle"", ""marathon"", ""betway"", ""interwetten""]","[""bzzoiro""]",9,5.455,
soccer|iraq|venezuela|2026-06-10,totals|over|9.00|,totals,Over,9.0,,2.17,2.17,"[""oddssafariconsensus"", ""pinnacle""]","[""bzzoiro""]",2,,
soccer|iraq|venezuela|2026-06-10,totals|under|8.00|,totals,Under,8.0,,2.11,2.11,"[""oddssafariconsensus"", ""pinnacle""]","[""bzzoiro""]",2,,
soccer|iraq|venezuela|2026-06-10,totals|over|8.50|,totals,Over,8.5,,2.0,1.9075,"[""bet365"", ""betway"", ""interwetten"", ""marathon"", ""pinnacle"", ""oddssafariconsensus"", ""betsson"", ""novibet"", ""bwin""]","[""bzzoiro""]",9,5.556,
soccer|iraq|venezuela|2026-06-10,totals|under|8.50|,totals,Under,8.5,,1.87,1.8409,"[""bwin"", ""sportingbet"", ""novibet"", ""pinnacle"", ""betsson"", ""oddssafariconsensus""]","[""bzzoiro""]",6,2.08,
soccer|iraq|venezuela|2026-06-10,totals|over|15.00|,totals,Over,15.0,,1.37,1.37,"[""over@1.5""]","[""bzzoiro""]",1,,
soccer|iraq|venezuela|2026-06-10,totals|under|15.00|,totals,Under,15.0,,2.66,2.66,"[""under@1.5""]","[""bzzoiro""]",1,,
soccer|iraq|venezuela|2026-06-10,totals|over|25.00|,totals,Over,25.0,,2.37,2.37,"[""over@2.5""]","[""bzzoiro""]",1,,
soccer|iraq|venezuela|2026-06-10,totals|under|25.00|,totals,Under,25.0,,1.671,1.671,"[""under@2.5""]","[""bzzoiro""]",1,,
soccer|iraq|venezuela|2026-06-10,totals|over|35.00|,totals,Over,35.0,,3.95,3.95,"[""over@3.5""]","[""bzzoiro""]",1,,
soccer|iraq|venezuela|2026-06-10,totals|under|35.00|,totals,Under,35.0,,1.173,1.173,"[""under@3.5""]","[""bzzoiro""]",1,,
soccer|iraq|venezuela|2026-06-10,totals|over||,totals,Over,,,3.4,1.8145,"[""over@7.5"", ""over@8.5"", ""over@9.0"", ""over@9.5"", ""over@8.0"", ""over@7.0"", ""over@6.5"", ""over@10.5""]","[""bzzoiro""]",8,45.776,
soccer|iraq|venezuela|2026-06-10,totals|under||,totals,Under,,,3.05,1.9147,"[""under@7.5"", ""under@8.5"", ""under@9.0"", ""under@9.5"", ""under@8.0"", ""under@7.0"", ""under@6.5"", ""under@10.5""]","[""bzzoiro""]",8,45.953,
soccer|portoviejo|san antonio|2026-06-10,h2h|san antonio fc||home,h2h,San Antonio FC,,home,1.98,1.9382,"[""Bet365"", ""Unibet""]","[""odds_api_io""]",2,2.127,
soccer|portoviejo|san antonio|2026-06-10,h2h|draw||,h2h,Draw,,,3.1,3.0504,"[""Bet365"", ""Unibet""]","[""odds_api_io""]",2,1.075,
soccer|portoviejo|san antonio|2026-06-10,h2h|portoviejo||away,h2h,Portoviejo,,away,3.9,3.8253,"[""Bet365"", ""Unibet""]","[""odds_api_io""]",2,1.026,
soccer|portoviejo|san antonio|2026-06-10,dnb|san antonio fc|0.00|home,dnb,San Antonio FC,0.0,home,1.4,1.3902,"[""Bet365"", ""Unibet""]","[""odds_api_io""]",2,1.035,
soccer|portoviejo|san antonio|2026-06-10,dnb|portoviejo|0.00|away,dnb,Portoviejo,0.0,away,2.75,2.6747,"[""Bet365"", ""Unibet""]","[""odds_api_io""]",2,2.098,
soccer|portoviejo|san antonio|2026-06-10,spreads|san antonio fc|-0.50|home,spreads,San Antonio FC,-0.5,home,1.95,1.95,"[""Bet365""]","[""odds_api_io""]",1,,
soccer|portoviejo|san antonio|2026-06-10,spreads|portoviejo|0.50|away,spreads,Portoviejo,0.5,away,1.85,1.85,"[""Bet365""]","[""odds_api_io""]",1,,
soccer|portoviejo|san antonio|2026-06-10,totals|over|2.00|,totals,Over,2.0,,1.95,1.95,"[""Bet365""]","[""odds_api_io""]",1,,
soccer|portoviejo|san antonio|2026-06-10,totals|under|2.00|,totals,Under,2.0,,1.85,1.85,"[""Bet365""]","[""odds_api_io""]",1,,
soccer|portoviejo|san antonio|2026-06-10,totals|over|2.50|,totals,Over,2.5,,2.5,2.3982,"[""Bet365"", ""Unibet""]","[""odds_api_io""]",2,3.478,
soccer|portoviejo|san antonio|2026-06-10,totals|under|2.50|,totals,Under,2.5,,1.5,1.5,"[""Bet365"", ""Unibet""]","[""odds_api_io""]",2,,
soccer|portoviejo|san antonio|2026-06-10,spreads|san antonio fc|-2.25|home,spreads,San Antonio FC,-2.25,home,7.0,7.0,"[""Bet365""]","[""odds_api_io""]",1,,
soccer|portoviejo|san antonio|2026-06-10,spreads|portoviejo|2.25|away,spreads,Portoviejo,2.25,away,1.1,1.1,"[""Bet365""]","[""odds_api_io""]",1,,
soccer|portoviejo|san antonio|2026-06-10,spreads|san antonio fc|-2.00|home,spreads,San Antonio FC,-2.0,home,6.6,6.6,"[""Bet365""]","[""odds_api_io""]",1,,
soccer|portoviejo|san antonio|2026-06-10,spreads|portoviejo|2.00|away,spreads,Portoviejo,2.0,away,1.11,1.11,"[""Bet365""]","[""odds_api_io""]",1,,
soccer|portoviejo|san antonio|2026-06-10,spreads|san antonio fc|-1.75|home,spreads,San Antonio FC,-1.75,home,4.5,4.5,"[""Bet365""]","[""odds_api_io""]",1,,
soccer|portoviejo|san antonio|2026-06-10,spreads|portoviejo|1.75|away,spreads,Portoviejo,1.75,away,1.19,1.19,"[""Bet365""]","[""odds_api_io""]",1,,
soccer|portoviejo|san antonio|2026-06-10,spreads|san antonio fc|-1.50|home,spreads,San Antonio FC,-1.5,home,3.55,3.55,"[""Bet365""]","[""odds_api_io""]",1,,
soccer|portoviejo|san antonio|2026-06-10,spreads|portoviejo|1.50|away,spreads,Portoviejo,1.5,away,1.275,1.275,"[""Bet365""]","[""odds_api_io""]",1,,
soccer|portoviejo|san antonio|2026-06-10,spreads|san antonio fc|-1.25|home,spreads,San Antonio FC,-1.25,home,3.1,3.1,"[""Bet365""]","[""odds_api_io""]",1,,
soccer|portoviejo|san antonio|2026-06-10,spreads|portoviejo|1.25|away,spreads,Portoviejo,1.25,away,1.35,1.35,"[""Bet365""]","[""odds_api_io""]",1,,
soccer|portoviejo|san antonio|2026-06-10,spreads|san antonio fc|-1.00|home,spreads,San Antonio FC,-1.0,home,3.25,2.9733,"[""Bet365"", ""Unibet""]","[""odds_api_io""]",2,5.594,
soccer|portoviejo|san antonio|2026-06-10,spreads|portoviejo|1.00|away,spreads,Portoviejo,1.0,away,1.64,1.5224,"[""Bet365"", ""Unibet""]","[""odds_api_io""]",2,9.2,
soccer|portoviejo|san antonio|2026-06-10,spreads|san antonio fc|-0.75|home,spreads,San Antonio FC,-0.75,home,2.25,2.25,"[""Bet365""]","[""odds_api_io""]",1,,
soccer|portoviejo|san antonio|2026-06-10,spreads|portoviejo|0.75|away,spreads,Portoviejo,0.75,away,5.25,5.25,"[""Bet365""]","[""odds_api_io""]",1,,
soccer|portoviejo|san antonio|2026-06-10,spreads|san antonio fc|-0.25|home,spreads,San Antonio FC,-0.25,home,1.65,1.65,"[""Bet365""]","[""odds_api_io""]",1,,
soccer|portoviejo|san antonio|2026-06-10,spreads|portoviejo|0.25|away,spreads,Portoviejo,0.25,away,3.45,3.45,"[""Bet365""]","[""odds_api_io""]",1,,
soccer|portoviejo|san antonio|2026-06-10,spreads|san antonio fc|0.00|home,spreads,San Antonio FC,0.0,home,1.4,1.4,"[""Bet365""]","[""odds_api_io""]",1,,
soccer|portoviejo|san antonio|2026-06-10,spreads|portoviejo|-0.00|away,spreads,Portoviejo,-0.0,away,2.85,2.85,"[""Bet365""]","[""odds_api_io""]",1,,
soccer|portoviejo|san antonio|2026-06-10,spreads|san antonio fc|0.25|home,spreads,San Antonio FC,0.25,home,1.3,1.3,"[""Bet365""]","[""odds_api_io""]",1,,
soccer|portoviejo|san antonio|2026-06-10,spreads|portoviejo|-0.25|away,spreads,Portoviejo,-0.25,away,2.2,2.2,"[""Bet365""]","[""odds_api_io""]",1,,
soccer|portoviejo|san antonio|2026-06-10,spreads|san antonio fc|0.50|home,spreads,San Antonio FC,0.5,home,1.24,1.24,"[""Bet365""]","[""odds_api_io""]",1,,
soccer|portoviejo|san antonio|2026-06-10,spreads|portoviejo|-0.50|away,spreads,Portoviejo,-0.5,away,3.9,3.9,"[""Bet365""]","[""odds_api_io""]",1,,
soccer|portoviejo|san antonio|2026-06-10,spreads|san antonio fc|0.75|home,spreads,San Antonio FC,0.75,home,1.16,1.16,"[""Bet365""]","[""odds_api_io""]",1,,
soccer|portoviejo|san antonio|2026-06-10,spreads|portoviejo|-0.75|away,spreads,Portoviejo,-0.75,away,1.625,1.625,"[""Bet365""]","[""odds_api_io""]",1,,
soccer|portoviejo|san antonio|2026-06-10,doubleChance|1x||,doubleChance,1X,,,1.18,1.18,"[""Unibet""]","[""odds_api_io""]",1,,
soccer|portoviejo|san antonio|2026-06-10,doubleChance|12||,doubleChance,12,,,1.27,1.27,"[""Unibet""]","[""odds_api_io""]",1,,
soccer|portoviejo|san antonio|2026-06-10,doubleChance|x2||,doubleChance,X2,,,1.64,1.64,"[""Unibet""]","[""odds_api_io""]",1,,
soccer|portoviejo|san antonio|2026-06-10,totals|over|1.50|,totals,Over,1.5,,1.4,1.4,"[""Unibet""]","[""odds_api_io""]",1,,
soccer|portoviejo|san antonio|2026-06-10,totals|under|1.50|,totals,Under,1.5,,2.6,2.6,"[""Unibet""]","[""odds_api_io""]",1,,
soccer|portoviejo|san antonio|2026-06-10,totals|over|3.50|,totals,Over,3.5,,4.1,4.1,"[""Unibet""]","[""odds_api_io""]",1,,
soccer|portoviejo|san antonio|2026-06-10,totals|under|3.50|,totals,Under,3.5,,1.17,1.17,"[""Unibet""]","[""odds_api_io""]",1,,
soccer|portoviejo|san antonio|2026-06-10,totals|over|4.50|,totals,Over,4.5,,8.5,8.5,"[""Unibet""]","[""odds_api_io""]",1,,
soccer|portoviejo|san antonio|2026-06-10,totals|under|4.50|,totals,Under,4.5,,1.04,1.04,"[""Unibet""]","[""odds_api_io""]",1,,
soccer|portoviejo|san antonio|2026-06-10,btts|yes||,btts,Yes,,,2.02,2.02,"[""Unibet""]","[""odds_api_io""]",1,,
soccer|portoviejo|san antonio|2026-06-10,btts|no||,btts,No,,,1.68,1.68,"[""Unibet""]","[""odds_api_io""]",1,,
soccer|portoviejo|san antonio|2026-06-10,teamTotals|over|1.50|,teamTotals,Over,1.5,,2.2,2.2,"[""Unibet""]","[""odds_api_io""]",1,,
soccer|portoviejo|san antonio|2026-06-10,teamTotals|under|1.50|,teamTotals,Under,1.5,,1.52,1.52,"[""Unibet""]","[""odds_api_io""]",1,,
soccer|portoviejo|san antonio|2026-06-10,teamTotals|over|0.50|,teamTotals,Over,0.5,,1.54,1.54,"[""Unibet""]","[""odds_api_io""]",1,,
soccer|portoviejo|san antonio|2026-06-10,teamTotals|under|0.50|,teamTotals,Under,0.5,,2.16,2.16,"[""Unibet""]","[""odds_api_io""]",1,,
soccer|birmingham legion|corpus christi|2026-06-10,h2h|birmingham legion fc||home,h2h,Birmingham Legion FC,,home,1.38,1.38,"[""Bet365""]","[""odds_api_io""]",1,,
soccer|birmingham legion|corpus christi|2026-06-10,h2h|draw||,h2h,Draw,,,5.5,5.5,"[""Bet365""]","[""odds_api_io""]",1,,
soccer|birmingham legion|corpus christi|2026-06-10,h2h|corpus christi||away,h2h,Corpus Christi,,away,4.75,4.75,"[""Bet365""]","[""odds_api_io""]",1,,
soccer|birmingham legion|corpus christi|2026-06-10,dnb|birmingham legion fc|0.00|home,dnb,Birmingham Legion FC,0.0,home,1.2,1.2,"[""Bet365""]","[""odds_api_io""]",1,,
soccer|birmingham legion|corpus christi|2026-06-10,dnb|corpus christi|0.00|away,dnb,Corpus Christi,0.0,away,4.333,4.333,"[""Bet365""]","[""odds_api_io""]",1,,
soccer|birmingham legion|corpus christi|2026-06-10,spreads|birmingham legion fc|-1.50|home,spreads,Birmingham Legion FC,-1.5,home,2.1,2.0488,"[""Bet365""]","[""odds_api_io""]",2,2.381,
soccer|birmingham legion|corpus christi|2026-06-10,spreads|corpus christi|1.50|away,spreads,Corpus Christi,1.5,away,1.8,1.7486,"[""Bet365""]","[""odds_api_io""]",2,3.268,
soccer|birmingham legion|corpus christi|2026-06-10,totals|over|3.25|,totals,Over,3.25,,2.0,2.0,"[""Bet365""]","[""odds_api_io""]",1,,
soccer|birmingham legion|corpus christi|2026-06-10,totals|under|3.25|,totals,Under,3.25,,1.8,1.8,"[""Bet365""]","[""odds_api_io""]",1,,
soccer|birmingham legion|corpus christi|2026-06-10,totals|over|2.50|,totals,Over,2.5,,1.5,1.5,"[""Bet365""]","[""odds_api_io""]",1,,
soccer|birmingham legion|corpus christi|2026-06-10,totals|under|2.50|,totals,Under,2.5,,2.5,2.5,"[""Bet365""]","[""odds_api_io""]",1,,
soccer|birmingham legion|corpus christi|2026-06-10,spreads|birmingham legion fc|-3.25|home,spreads,Birmingham Legion FC,-3.25,home,6.25,6.25,"[""Bet365""]","[""odds_api_io""]",1,,
soccer|birmingham legion|corpus christi|2026-06-10,spreads|corpus christi|3.25|away,spreads,Corpus Christi,3.25,away,1.12,1.12,"[""Bet365""]","[""odds_api_io""]",1,,
soccer|birmingham legion|corpus christi|2026-06-10,spreads|birmingham legion fc|-3.00|home,spreads,Birmingham Legion FC,-3.0,home,5.9,5.9,"[""Bet365""]","[""odds_api_io""]",1,,
soccer|birmingham legion|corpus christi|2026-06-10,spreads|corpus christi|3.00|away,spreads,Corpus Christi,3.0,away,1.13,1.13,"[""Bet365""]","[""odds_api_io""]",1,,
soccer|birmingham legion|corpus christi|2026-06-10,spreads|birmingham legion fc|-2.75|home,spreads,Birmingham Legion FC,-2.75,home,4.25,4.25,"[""Bet365""]","[""odds_api_io""]",1,,
soccer|birmingham legion|corpus christi|2026-06-10,spreads|corpus christi|2.75|away,spreads,Corpus Christi,2.75,away,1.21,1.21,"[""Bet365""]","[""odds_api_io""]",1,,
soccer|birmingham legion|corpus christi|2026-06-10,spreads|birmingham legion fc|-2.50|home,spreads,Birmingham Legion FC,-2.5,home,3.55,3.55,"[""Bet365""]","[""odds_api_io""]",1,,
soccer|birmingham legion|corpus christi|2026-06-10,spreads|corpus christi|2.50|away,spreads,Corpus Christi,2.5,away,1.275,1.275,"[""Bet365""]","[""odds_api_io""]",1,,
soccer|birmingham legion|corpus christi|2026-06-10,spreads|birmingham legion fc|-2.25|home,spreads,Birmingham Legion FC,-2.25,home,3.3,3.3,"[""Bet365""]","[""odds_api_io""]",1,,
soccer|birmingham legion|corpus christi|2026-06-10,spreads|corpus christi|2.25|away,spreads,Corpus Christi,2.25,away,1.325,1.325,"[""Bet365""]","[""odds_api_io""]",1,,
soccer|birmingham legion|corpus christi|2026-06-10,spreads|birmingham legion fc|-2.00|home,spreads,Birmingham Legion FC,-2.0,home,2.85,2.85,"[""Bet365""]","[""odds_api_io""]",1,,
soccer|birmingham legion|corpus christi|2026-06-10,spreads|corpus christi|2.00|away,spreads,Corpus Christi,2.0,away,1.4,1.4,"[""Bet365""]","[""odds_api_io""]",1,,
soccer|birmingham legion|corpus christi|2026-06-10,spreads|birmingham legion fc|-1.75|home,spreads,Birmingham Legion FC,-1.75,home,2.375,2.375,"[""Bet365""]","[""odds_api_io""]",1,,
soccer|birmingham legion|corpus christi|2026-06-10,spreads|corpus christi|1.75|away,spreads,Corpus Christi,1.75,away,1.55,1.55,"[""Bet365""]","[""odds_api_io""]",1,,
soccer|birmingham legion|corpus christi|2026-06-10,spreads|birmingham legion fc|-1.00|home,spreads,Birmingham Legion FC,-1.0,home,1.65,1.65,"[""Bet365""]","[""odds_api_io""]",1,,
soccer|birmingham legion|corpus christi|2026-06-10,spreads|corpus christi|1.00|away,spreads,Corpus Christi,1.0,away,2.2,2.2,"[""Bet365""]","[""odds_api_io""]",1,,
soccer|birmingham legion|corpus christi|2026-06-10,spreads|birmingham legion fc|-0.75|home,spreads,Birmingham Legion FC,-0.75,home,1.525,1.525,"[""Bet365""]","[""odds_api_io""]",1,,
soccer|birmingham legion|corpus christi|2026-06-10,spreads|corpus christi|0.75|away,spreads,Corpus Christi,0.75,away,7.0,7.0,"[""Bet365""]","[""odds_api_io""]",1,,
soccer|birmingham legion|corpus christi|2026-06-10,spreads|birmingham legion fc|-0.50|home,spreads,Birmingham Legion FC,-0.5,home,1.425,1.425,"[""Bet365""]","[""odds_api_io""]",1,,
soccer|birmingham legion|corpus christi|2026-06-10,spreads|corpus christi|0.50|away,spreads,Corpus Christi,0.5,away,5.25,5.25,"[""Bet365""]","[""odds_api_io""]",1,,
soccer|birmingham legion|corpus christi|2026-06-10,spreads|birmingham legion fc|-0.25|home,spreads,Birmingham Legion FC,-0.25,home,1.3,1.3,"[""Bet365""]","[""odds_api_io""]",1,,
soccer|birmingham legion|corpus christi|2026-06-10,spreads|corpus christi|0.25|away,spreads,Corpus Christi,0.25,away,4.8,4.8,"[""Bet365""]","[""odds_api_io""]",1,,
soccer|birmingham legion|corpus christi|2026-06-10,spreads|birmingham legion fc|0.00|home,spreads,Birmingham Legion FC,0.0,home,1.2,1.2,"[""Bet365""]","[""odds_api_io""]",1,,
soccer|birmingham legion|corpus christi|2026-06-10,spreads|corpus christi|-0.00|away,spreads,Corpus Christi,-0.0,away,4.4,4.4,"[""Bet365""]","[""odds_api_io""]",1,,
soccer|birmingham legion|corpus christi|2026-06-10,spreads|birmingham legion fc|0.25|home,spreads,Birmingham Legion FC,0.25,home,1.175,1.175,"[""Bet365""]","[""odds_api_io""]",1,,
soccer|birmingham legion|corpus christi|2026-06-10,spreads|corpus christi|-0.25|away,spreads,Corpus Christi,-0.25,away,3.45,3.45,"[""Bet365""]","[""odds_api_io""]",1,,
soccer|birmingham legion|corpus christi|2026-06-10,spreads|birmingham legion fc|0.50|home,spreads,Birmingham Legion FC,0.5,home,1.16,1.16,"[""Bet365""]","[""odds_api_io""]",1,,
soccer|birmingham legion|corpus christi|2026-06-10,spreads|corpus christi|-0.50|away,spreads,Corpus Christi,-0.5,away,2.75,2.75,"[""Bet365""]","[""odds_api_io""]",1,,
soccer|birmingham legion|corpus christi|2026-06-10,spreads|birmingham legion fc|0.75|home,spreads,Birmingham Legion FC,0.75,home,1.1,1.1,"[""Bet365""]","[""odds_api_io""]",1,,
soccer|birmingham legion|corpus christi|2026-06-10,spreads|corpus christi|-0.75|away,spreads,Corpus Christi,-0.75,away,2.425,2.425,"[""Bet365""]","[""odds_api_io""]",1,,
soccer|columbus united|ssa swarm|2026-06-09,h2h|ssa swarm||home,h2h,SSA Swarm,,home,2.25,2.25,"[""Bet365""]","[""odds_api_io""]",1,,
soccer|columbus united|ssa swarm|2026-06-09,h2h|draw||,h2h,Draw,,,3.75,3.75,"[""Bet365""]","[""odds_api_io""]",1,,
soccer|columbus united|ssa swarm|2026-06-09,h2h|columbus united fc||away,h2h,Columbus United FC,,away,2.5,2.5,"[""Bet365""]","[""odds_api_io""]",1,,
soccer|columbus united|ssa swarm|2026-06-09,dnb|ssa swarm|0.00|home,dnb,SSA Swarm,0.0,home,1.8,1.8,"[""Bet365""]","[""odds_api_io""]",1,,
soccer|columbus united|ssa swarm|2026-06-09,dnb|columbus united fc|0.00|away,dnb,Columbus United FC,0.0,away,1.909,1.909,"[""Bet365""]","[""odds_api_io""]",1,,
soccer|columbus united|ssa swarm|2026-06-09,spreads|ssa swarm|0.00|home,spreads,SSA Swarm,0.0,home,1.8,1.8,"[""Bet365""]","[""odds_api_io""]",1,,
soccer|columbus united|ssa swarm|2026-06-09,totals|over|2.75|,totals,Over,2.75,,1.8,1.8,"[""Bet365""]","[""odds_api_io""]",1,,
soccer|columbus united|ssa swarm|2026-06-09,totals|under|2.75|,totals,Under,2.75,,2.0,2.0,"[""Bet365""]","[""odds_api_io""]",1,,
soccer|columbus united|ssa swarm|2026-06-09,totals|over|2.50|,totals,Over,2.5,,1.65,1.65,"[""Bet365""]","[""odds_api_io""]",1,,
soccer|columbus united|ssa swarm|2026-06-09,totals|under|2.50|,totals,Under,2.5,,2.2,2.2,"[""Bet365""]","[""odds_api_io""]",1,,
soccer|columbus united|ssa swarm|2026-06-09,spreads|ssa swarm|-1.75|home,spreads,SSA Swarm,-1.75,home,5.25,5.25,"[""Bet365""]","[""odds_api_io""]",1,,
soccer|columbus united|ssa swarm|2026-06-09,spreads|columbus united fc|1.75|away,spreads,Columbus United FC,1.75,away,5.9,5.9,"[""Bet365""]","[""odds_api_io""]",1,,
soccer|columbus united|ssa swarm|2026-06-09,spreads|ssa swarm|-1.50|home,spreads,SSA Swarm,-1.5,home,4.1,4.1,"[""Bet365""]","[""odds_api_io""]",1,,
soccer|columbus united|ssa swarm|2026-06-09,spreads|columbus united fc|1.50|away,spreads,Columbus United FC,1.5,away,4.5,4.5,"[""Bet365""]","[""odds_api_io""]",1,,
soccer|columbus united|ssa swarm|2026-06-09,spreads|ssa swarm|-1.25|home,spreads,SSA Swarm,-1.25,home,3.7,3.7,"[""Bet365""]","[""odds_api_io""]",1,,
soccer|columbus united|ssa swarm|2026-06-09,spreads|columbus united fc|1.25|away,spreads,Columbus United FC,1.25,away,4.25,4.25,"[""Bet365""]","[""odds_api_io""]",1,,
soccer|columbus united|ssa swarm|2026-06-09,spreads|ssa swarm|-1.00|home,spreads,SSA Swarm,-1.0,home,3.45,3.45,"[""Bet365""]","[""odds_api_io""]",1,,
soccer|columbus united|ssa swarm|2026-06-09,spreads|columbus united fc|1.00|away,spreads,Columbus United FC,1.0,away,3.9,3.9,"[""Bet365""]","[""odds_api_io""]",1,,
soccer|columbus united|ssa swarm|2026-06-09,spreads|ssa swarm|-0.75|home,spreads,SSA Swarm,-0.75,home,2.675,2.675,"[""Bet365""]","[""odds_api_io""]",1,,
soccer|columbus united|ssa swarm|2026-06-09,spreads|columbus united fc|0.75|away,spreads,Columbus United FC,0.75,away,3.0,3.0,"[""Bet365""]","[""odds_api_io""]",1,,
soccer|columbus united|ssa swarm|2026-06-09,spreads|ssa swarm|-0.50|home,spreads,SSA Swarm,-0.5,home,2.3,2.3,"[""Bet365""]","[""odds_api_io""]",1,,
soccer|columbus united|ssa swarm|2026-06-09,spreads|columbus united fc|0.50|away,spreads,Columbus United FC,0.5,away,2.5,2.5,"[""Bet365""]","[""odds_api_io""]",1,,
soccer|columbus united|ssa swarm|2026-06-09,spreads|ssa swarm|-0.25|home,spreads,SSA Swarm,-0.25,home,2.05,2.05,"[""Bet365""]","[""odds_api_io""]",1,,
soccer|columbus united|ssa swarm|2026-06-09,spreads|columbus united fc|0.25|away,spreads,Columbus United FC,0.25,away,2.25,2.25,"[""Bet365""]","[""odds_api_io""]",1,,
soccer|columbus united|ssa swarm|2026-06-09,spreads|ssa swarm|0.25|home,spreads,SSA Swarm,0.25,home,1.625,1.625,"[""Bet365""]","[""odds_api_io""]",1,,
soccer|columbus united|ssa swarm|2026-06-09,spreads|columbus united fc|-0.25|away,spreads,Columbus United FC,-0.25,away,1.75,1.75,"[""Bet365""]","[""odds_api_io""]",1,,
soccer|columbus united|ssa swarm|2026-06-09,spreads|ssa swarm|0.50|home,spreads,SSA Swarm,0.5,home,1.5,1.5,"[""Bet365""]","[""odds_api_io""]",1,,
soccer|columbus united|ssa swarm|2026-06-09,spreads|columbus united fc|-0.50|away,spreads,Columbus United FC,-0.5,away,1.6,1.6,"[""Bet365""]","[""odds_api_io""]",1,,
soccer|columbus united|ssa swarm|2026-06-09,spreads|ssa swarm|0.75|home,spreads,SSA Swarm,0.75,home,1.375,1.375,"[""Bet365""]","[""odds_api_io""]",1,,
soccer|columbus united|ssa swarm|2026-06-09,spreads|columbus united fc|-0.75|away,spreads,Columbus United FC,-0.75,away,1.45,1.45,"[""Bet365""]","[""odds_api_io""]",1,,
soccer|columbus united|ssa swarm|2026-06-09,spreads|ssa swarm|1.00|home,spreads,SSA Swarm,1.0,home,1.24,1.24,"[""Bet365""]","[""odds_api_io""]",1,,
soccer|columbus united|ssa swarm|2026-06-09,spreads|columbus united fc|-1.00|away,spreads,Columbus United FC,-1.0,away,1.3,1.3,"[""Bet365""]","[""odds_api_io""]",1,,
soccer|columbus united|ssa swarm|2026-06-09,spreads|ssa swarm|1.25|home,spreads,SSA Swarm,1.25,home,1.21,1.21,"[""Bet365""]","[""odds_api_io""]",1,,
soccer|columbus united|ssa swarm|2026-06-09,spreads|columbus united fc|-1.25|away,spreads,Columbus United FC,-1.25,away,1.26,1.26,"[""Bet365""]","[""odds_api_io""]",1,,
soccer|columbus united|ssa swarm|2026-06-09,spreads|ssa swarm|1.50|home,spreads,SSA Swarm,1.5,home,1.19,1.19,"[""Bet365""]","[""odds_api_io""]",1,,
soccer|columbus united|ssa swarm|2026-06-09,spreads|columbus united fc|-1.50|away,spreads,Columbus United FC,-1.5,away,1.225,1.225,"[""Bet365""]","[""odds_api_io""]",1,,
soccer|columbus united|ssa swarm|2026-06-09,spreads|ssa swarm|1.75|home,spreads,SSA Swarm,1.75,home,1.13,1.13,"[""Bet365""]","[""odds_api_io""]",1,,
soccer|columbus united|ssa swarm|2026-06-09,spreads|columbus united fc|-1.75|away,spreads,Columbus United FC,-1.75,away,1.16,1.16,"[""Bet365""]","[""odds_api_io""]",1,,
soccer|columbus united|ssa swarm|2026-06-09,spreads|columbus united fc|-0.00|away,spreads,Columbus United FC,-0.0,away,2.0,2.0,"[""Bet365""]","[""odds_api_io""]",1,,
soccer|marin alliance|san juan|2026-06-10,h2h|marin fc alliance||home,h2h,Marin FC Alliance,,home,4.5,4.5,"[""Bet365""]","[""odds_api_io""]",1,,
soccer|marin alliance|san juan|2026-06-10,h2h|draw||,h2h,Draw,,,4.5,4.5,"[""Bet365""]","[""odds_api_io""]",1,,
soccer|marin alliance|san juan|2026-06-10,h2h|san juan sc||away,h2h,San Juan SC,,away,1.5,1.5,"[""Bet365""]","[""odds_api_io""]",1,,
soccer|marin alliance|san juan|2026-06-10,dnb|marin fc alliance|0.00|home,dnb,Marin FC Alliance,0.0,home,3.75,3.75,"[""Bet365""]","[""odds_api_io""]",1,,
soccer|marin alliance|san juan|2026-06-10,dnb|san juan sc|0.00|away,dnb,San Juan SC,0.0,away,1.25,1.25,"[""Bet365""]","[""odds_api_io""]",1,,
soccer|marin alliance|san juan|2026-06-10,spreads|marin fc alliance|1.00|home,spreads,Marin FC Alliance,1.0,home,2.0,2.0,"[""Bet365""]","[""odds_api_io""]",1,,
soccer|marin alliance|san juan|2026-06-10,spreads|san juan sc|-1.00|away,spreads,San Juan SC,-1.0,away,1.8,1.8,"[""Bet365""]","[""odds_api_io""]",1,,
soccer|marin alliance|san juan|2026-06-10,totals|over|3.75|,totals,Over,3.75,,2.0,2.0,"[""Bet365""]","[""odds_api_io""]",1,,
soccer|marin alliance|san juan|2026-06-10,totals|under|3.75|,totals,Under,3.75,,1.8,1.8,"[""Bet365""]","[""odds_api_io""]",1,,
soccer|marin alliance|san juan|2026-06-10,totals|over|2.50|,totals,Over,2.5,,1.333,1.333,"[""Bet365""]","[""odds_api_io""]",1,,
soccer|marin alliance|san juan|2026-06-10,totals|under|2.50|,totals,Under,2.5,,3.25,3.25,"[""Bet365""]","[""odds_api_io""]",1,,
soccer|olympia|portland cherry bombs|2026-06-10,h2h|portland cherry bombs fc||home,h2h,Portland Cherry Bombs FC,,home,1.571,1.571,"[""Bet365""]","[""odds_api_io""]",1,,
soccer|olympia|portland cherry bombs|2026-06-10,h2h|draw||,h2h,Draw,,,4.1,4.1,"[""Bet365""]","[""odds_api_io""]",1,,
soccer|olympia|portland cherry bombs|2026-06-10,h2h|fc olympia||away,h2h,FC Olympia,,away,4.333,4.333,"[""Bet365""]","[""odds_api_io""]",1,,
soccer|olympia|portland cherry bombs|2026-06-10,dnb|portland cherry bombs fc|0.00|home,dnb,Portland Cherry Bombs FC,0.0,home,1.285,1.285,"[""Bet365""]","[""odds_api_io""]",1,,
soccer|olympia|portland cherry bombs|2026-06-10,dnb|fc olympia|0.00|away,dnb,FC Olympia,0.0,away,3.5,3.5,"[""Bet365""]","[""odds_api_io""]",1,,
soccer|olympia|portland cherry bombs|2026-06-10,spreads|portland cherry bombs fc|-1.00|home,spreads,Portland Cherry Bombs FC,-1.0,home,2.0,2.0,"[""Bet365""]","[""odds_api_io""]",1,,
soccer|olympia|portland cherry bombs|2026-06-10,spreads|fc olympia|1.00|away,spreads,FC Olympia,1.0,away,1.8,1.8,"[""Bet365""]","[""odds_api_io""]",1,,
soccer|olympia|portland cherry bombs|2026-06-10,totals|over|3.00|,totals,Over,3.0,,1.85,1.85,"[""Bet365""]","[""odds_api_io""]",1,,
soccer|olympia|portland cherry bombs|2026-06-10,totals|under|3.00|,totals,Under,3.0,,1.95,1.95,"[""Bet365""]","[""odds_api_io""]",1,,
soccer|olympia|portland cherry bombs|2026-06-10,totals|over|2.50|,totals,Over,2.5,,1.533,1.533,"[""Bet365""]","[""odds_api_io""]",1,,
soccer|olympia|portland cherry bombs|2026-06-10,totals|under|2.50|,totals,Under,2.5,,2.375,2.375,"[""Bet365""]","[""odds_api_io""]",1,,
soccer|as far rabat|mas fes|2026-06-09,totals|over|11.50|,totals,Over,11.5,,6.0,6.0,"[""888sport"", ""oddssafariconsensus""]","[""bzzoiro""]",2,,
soccer|as far rabat|mas fes|2026-06-09,totals|over|3.50|,totals,Over,3.5,,5.5,5.1423,"[""888sport"", ""bet365"", ""bwin"", ""sportingbet"", ""1xbet"", ""marathon"", ""oddssafariconsensus"", ""betsson"", ""betway"", ""novibet"", ""betano""]","[""bzzoiro""]",11,3.557,
soccer|as far rabat|mas fes|2026-06-09,totals|under|5.50|,totals,Under,5.5,,4.6,4.6,"[""888sport"", ""oddssafariconsensus""]","[""bzzoiro""]",2,,
soccer|as far rabat|mas fes|2026-06-09,totals|over|10.50|,totals,Over,10.5,,4.0,4.0,"[""888sport"", ""oddssafariconsensus""]","[""bzzoiro""]",2,,
soccer|as far rabat|mas fes|2026-06-09,totals|under|6.50|,totals,Under,6.5,,3.0,3.0,"[""888sport"", ""oddssafariconsensus""]","[""bzzoiro""]",2,,
soccer|as far rabat|mas fes|2026-06-09,totals|over|9.50|,totals,Over,9.5,,2.875,2.8618,"[""888sport"", ""oddssafariconsensus"", ""novibet""]","[""bzzoiro""]",3,0.305,
soccer|as far rabat|mas fes|2026-06-09,totals|over|2.50|,totals,Over,2.5,,2.76,2.6269,"[""pinnacle"", ""bet365"", ""betsson"", ""1xbet"", ""marathon"", ""oddssafariconsensus"", ""888sport"", ""betano"", ""bwin"", ""interwetten"", ""sportingbet"", ""novibet"", ""betway""]","[""bzzoiro""]",13,3.768,
soccer|as far rabat|mas fes|2026-06-09,totals|under|1.50|,totals,Under,1.5,,2.4,2.3225,"[""novibet"", ""pinnacle"", ""bet365"", ""betway"", ""bwin"", ""sportingbet"", ""betsson"", ""oddssafariconsensus"", ""888sport"", ""unibet"", ""1xbet"", ""marathon"", ""betano"", ""interwetten""]","[""bzzoiro""]",14,3.788,
soccer|as far rabat|mas fes|2026-06-09,totals|under|7.50|,totals,Under,7.5,,2.15,2.1262,"[""novibet"", ""oddssafariconsensus"", ""888sport""]","[""bzzoiro""]",3,1.107,
soccer|as far rabat|mas fes|2026-06-09,totals|over|8.50|,totals,Over,8.5,,2.1,2.0824,"[""bet365"", ""novibet"", ""oddssafariconsensus"", ""888sport""]","[""bzzoiro""]",4,1.161,
soccer|as far rabat|mas fes|2026-06-09,totals|under|8.50|,totals,Under,8.5,,1.667,1.643,"[""bet365"", ""novibet"", ""oddssafariconsensus"", ""888sport""]","[""bzzoiro""]",4,1.932,
soccer|as far rabat|mas fes|2026-06-09,totals|over|7.50|,totals,Over,7.5,,1.63,1.6216,"[""novibet"", ""oddssafariconsensus"", ""888sport""]","[""bzzoiro""]",3,0.57,
soccer|as far rabat|mas fes|2026-06-09,h2h|mas de fès||home,h2h,MAS de Fès,,home,3.28,3.188,"[""1xbet"", ""betano"", ""pinnacle"", ""interwetten"", ""unibet"", ""novibet"", ""bwin"", ""sportingbet"", ""betway"", ""888sport"", ""william-hill"", ""bet365"", ""betsson"", ""marathon"", ""oddssafari-consensus"", ""bzzoiro""]","[""bzzoiro""]",16,1.77,
soccer|as far rabat|mas fes|2026-06-09,h2h|draw||,h2h,Draw,,,2.9,2.7839,"[""1xbet"", ""betano"", ""pinnacle"", ""interwetten"", ""unibet"", ""novibet"", ""bwin"", ""sportingbet"", ""betway"", ""888sport"", ""william-hill"", ""bet365"", ""betsson"", ""marathon"", ""oddssafari-consensus"", ""bzzoiro""]","[""bzzoiro""]",16,3.685,
soccer|as far rabat|mas fes|2026-06-09,h2h|as far rabat||away,h2h,AS FAR Rabat,,away,2.4,2.3115,"[""1xbet"", ""betano"", ""pinnacle"", ""interwetten"", ""unibet"", ""novibet"", ""bwin"", ""sportingbet"", ""betway"", ""888sport"", ""william-hill"", ""bet365"", ""betsson"", ""marathon"", ""oddssafari-consensus"", ""bzzoiro""]","[""bzzoiro""]",16,3.788,
soccer|as far rabat|mas fes|2026-06-09,totals|over|15.00|,totals,Over,15.0,,1.5,1.5,"[""over@1.5""]","[""bzzoiro""]",1,,
soccer|as far rabat|mas fes|2026-06-09,totals|under|15.00|,totals,Under,15.0,,2.28,2.28,"[""under@1.5""]","[""bzzoiro""]",1,,
soccer|as far rabat|mas fes|2026-06-09,totals|over|25.00|,totals,Over,25.0,,2.65,2.65,"[""over@2.5""]","[""bzzoiro""]",1,,
soccer|as far rabat|mas fes|2026-06-09,totals|under|25.00|,totals,Under,25.0,,1.42,1.42,"[""under@2.5""]","[""bzzoiro""]",1,,
soccer|as far rabat|mas fes|2026-06-09,totals|over|35.00|,totals,Over,35.0,,5.15,5.15,"[""over@3.5""]","[""bzzoiro""]",1,,
soccer|as far rabat|mas fes|2026-06-09,totals|under|35.00|,totals,Under,35.0,,1.098,1.098,"[""under@3.5""]","[""bzzoiro""]",1,,
soccer|as far rabat|mas fes|2026-06-09,btts|yes||,btts,Yes,,,2.2,2.12,"[""1xbet"", ""betano"", ""pinnacle"", ""unibet"", ""novibet"", ""bwin"", ""sportingbet"", ""betway"", ""888sport"", ""william-hill"", ""bet365"", ""betsson"", ""marathon"", ""oddssafari-consensus"", ""bzzoiro""]","[""bzzoiro""]",15,3.565,
soccer|as far rabat|mas fes|2026-06-09,btts|no||,btts,No,,,1.67,1.6371,"[""1xbet"", ""betano"", ""pinnacle"", ""unibet"", ""novibet"", ""bwin"", ""sportingbet"", ""betway"", ""888sport"", ""william-hill"", ""bet365"", ""betsson"", ""marathon"", ""oddssafari-consensus"", ""bzzoiro""]","[""bzzoiro""]",15,2.62,
soccer|as far rabat|mas fes|2026-06-09,totals|over||,totals,Over,,,9.5,2.2346,"[""over@7.5"", ""over@8.5"", ""over@9.5"", ""over@5.5"", ""over@6.5"", ""over@10.5"", ""over@11.5"", ""over@12.5""]","[""bzzoiro""]",8,76.204,
soccer|as far rabat|mas fes|2026-06-09,totals|under||,totals,Under,,,4.6,1.5852,"[""under@7.5"", ""under@8.5"", ""under@9.5"", ""under@5.5"", ""under@6.5"", ""under@10.5"", ""under@11.5"", ""under@12.5""]","[""bzzoiro""]",8,73.499,
soccer|far rabat|maghreb fes|2026-06-09,totals|over|11.50|,totals,Over,11.5,,6.0,6.0,"[""888sport"", ""oddssafariconsensus""]","[""bzzoiro""]",2,,
soccer|far rabat|maghreb fes|2026-06-09,totals|over|3.50|,totals,Over,3.5,,5.5,5.1423,"[""888sport"", ""bet365"", ""bwin"", ""sportingbet"", ""1xbet"", ""marathon"", ""oddssafariconsensus"", ""betsson"", ""betway"", ""novibet"", ""betano""]","[""bzzoiro""]",11,3.557,
soccer|far rabat|maghreb fes|2026-06-09,totals|under|5.50|,totals,Under,5.5,,4.6,4.6,"[""888sport"", ""oddssafariconsensus""]","[""bzzoiro""]",2,,
soccer|far rabat|maghreb fes|2026-06-09,totals|over|10.50|,totals,Over,10.5,,4.0,4.0,"[""888sport"", ""oddssafariconsensus""]","[""bzzoiro""]",2,,
soccer|far rabat|maghreb fes|2026-06-09,totals|under|6.50|,totals,Under,6.5,,3.0,3.0,"[""888sport"", ""oddssafariconsensus""]","[""bzzoiro""]",2,,
soccer|far rabat|maghreb fes|2026-06-09,totals|over|9.50|,totals,Over,9.5,,2.875,2.8618,"[""888sport"", ""oddssafariconsensus"", ""novibet""]","[""bzzoiro""]",3,0.305,
soccer|far rabat|maghreb fes|2026-06-09,totals|over|2.50|,totals,Over,2.5,,2.76,2.6269,"[""pinnacle"", ""bet365"", ""betsson"", ""1xbet"", ""marathon"", ""oddssafariconsensus"", ""888sport"", ""betano"", ""bwin"", ""interwetten"", ""sportingbet"", ""novibet"", ""betway""]","[""bzzoiro""]",13,3.768,
soccer|far rabat|maghreb fes|2026-06-09,totals|under|1.50|,totals,Under,1.5,,2.4,2.3225,"[""novibet"", ""pinnacle"", ""bet365"", ""betway"", ""bwin"", ""sportingbet"", ""betsson"", ""oddssafariconsensus"", ""888sport"", ""unibet"", ""1xbet"", ""marathon"", ""betano"", ""interwetten""]","[""bzzoiro""]",14,3.788,
soccer|far rabat|maghreb fes|2026-06-09,totals|under|7.50|,totals,Under,7.5,,2.15,2.1262,"[""novibet"", ""oddssafariconsensus"", ""888sport""]","[""bzzoiro""]",3,1.107,
soccer|far rabat|maghreb fes|2026-06-09,totals|over|8.50|,totals,Over,8.5,,2.1,2.0824,"[""bet365"", ""novibet"", ""oddssafariconsensus"", ""888sport""]","[""bzzoiro""]",4,1.161,
soccer|far rabat|maghreb fes|2026-06-09,totals|under|8.50|,totals,Under,8.5,,1.667,1.643,"[""bet365"", ""novibet"", ""oddssafariconsensus"", ""888sport""]","[""bzzoiro""]",4,1.932,
soccer|far rabat|maghreb fes|2026-06-09,totals|over|7.50|,totals,Over,7.5,,1.63,1.6216,"[""novibet"", ""oddssafariconsensus"", ""888sport""]","[""bzzoiro""]",3,0.57,
soccer|far rabat|maghreb fes|2026-06-09,h2h|maghreb de fes||home,h2h,Maghreb de Fes,,home,3.28,3.188,"[""1xbet"", ""betano"", ""pinnacle"", ""interwetten"", ""unibet"", ""novibet"", ""bwin"", ""sportingbet"", ""betway"", ""888sport"", ""william-hill"", ""bet365"", ""betsson"", ""marathon"", ""oddssafari-consensus"", ""bzzoiro""]","[""bzzoiro""]",16,1.77,
soccer|far rabat|maghreb fes|2026-06-09,h2h|draw||,h2h,Draw,,,2.9,2.7839,"[""1xbet"", ""betano"", ""pinnacle"", ""interwetten"", ""unibet"", ""novibet"", ""bwin"", ""sportingbet"", ""betway"", ""888sport"", ""william-hill"", ""bet365"", ""betsson"", ""marathon"", ""oddssafari-consensus"", ""bzzoiro""]","[""bzzoiro""]",16,3.685,
soccer|far rabat|maghreb fes|2026-06-09,h2h|far rabat||away,h2h,Far Rabat,,away,2.4,2.3115,"[""1xbet"", ""betano"", ""pinnacle"", ""interwetten"", ""unibet"", ""novibet"", ""bwin"", ""sportingbet"", ""betway"", ""888sport"", ""william-hill"", ""bet365"", ""betsson"", ""marathon"", ""oddssafari-consensus"", ""bzzoiro""]","[""bzzoiro""]",16,3.788,
soccer|far rabat|maghreb fes|2026-06-09,totals|over|15.00|,totals,Over,15.0,,1.5,1.5,"[""over@1.5""]","[""bzzoiro""]",1,,
soccer|far rabat|maghreb fes|2026-06-09,totals|under|15.00|,totals,Under,15.0,,2.28,2.28,"[""under@1.5""]","[""bzzoiro""]",1,,
soccer|far rabat|maghreb fes|2026-06-09,totals|over|25.00|,totals,Over,25.0,,2.65,2.65,"[""over@2.5""]","[""bzzoiro""]",1,,
soccer|far rabat|maghreb fes|2026-06-09,totals|under|25.00|,totals,Under,25.0,,1.42,1.42,"[""under@2.5""]","[""bzzoiro""]",1,,
soccer|far rabat|maghreb fes|2026-06-09,totals|over|35.00|,totals,Over,35.0,,5.15,5.15,"[""over@3.5""]","[""bzzoiro""]",1,,
soccer|far rabat|maghreb fes|2026-06-09,totals|under|35.00|,totals,Under,35.0,,1.098,1.098,"[""under@3.5""]","[""bzzoiro""]",1,,
soccer|far rabat|maghreb fes|2026-06-09,btts|yes||,btts,Yes,,,2.2,2.12,"[""1xbet"", ""betano"", ""pinnacle"", ""unibet"", ""novibet"", ""bwin"", ""sportingbet"", ""betway"", ""888sport"", ""william-hill"", ""bet365"", ""betsson"", ""marathon"", ""oddssafari-consensus"", ""bzzoiro""]","[""bzzoiro""]",15,3.565,
soccer|far rabat|maghreb fes|2026-06-09,btts|no||,btts,No,,,1.67,1.6371,"[""1xbet"", ""betano"", ""pinnacle"", ""unibet"", ""novibet"", ""bwin"", ""sportingbet"", ""betway"", ""888sport"", ""william-hill"", ""bet365"", ""betsson"", ""marathon"", ""oddssafari-consensus"", ""bzzoiro""]","[""bzzoiro""]",15,2.62,
soccer|far rabat|maghreb fes|2026-06-09,totals|over||,totals,Over,,,9.5,2.2346,"[""over@7.5"", ""over@8.5"", ""over@9.5"", ""over@5.5"", ""over@6.5"", ""over@10.5"", ""over@11.5"", ""over@12.5""]","[""bzzoiro""]",8,76.204,
soccer|far rabat|maghreb fes|2026-06-09,totals|under||,totals,Under,,,4.6,1.5852,"[""under@7.5"", ""under@8.5"", ""under@9.5"", ""under@5.5"", ""under@6.5"", ""under@10.5"", ""under@11.5"", ""under@12.5""]","[""bzzoiro""]",8,73.499,
