match_key,source,source_event_id,sport_key,league_name,home_team,away_team,commence_time,tier,metadata,forecast_status,forecast_family,forecast_selection,forecast_selection_key,forecast_team_side,forecast_line,forecast_odds,forecast_bookmaker,forecast_odds_source,forecast_model_probability_pct,forecast_adjusted_probability_pct,forecast_market_probability_pct,forecast_edge_pct,forecast_ev_pct,forecast_confidence,forecast_books_count,forecast_sources_count,forecast_model_mode,forecast_publication_score,forecast_expected_home,forecast_expected_away,forecast_total_xg,forecast_context_source,forecast_context_confidence,forecast_market_movement,forecast_quality_status,forecast_quality_score,forecast_quality_reasons,forecast_quality_calibration,forecast_reasons,forecast_analysis_points
soccer|c r k s v jong colombia|r k s v scherpenheuvel|2026-05-12,odds_api_io,71344600,soccer,Curacao - Prome Divishon,R.K.S.V. Scherpenheuvel,C.R.K.S.V. Jong Colombia,2026-05-12T00:00:00+00:00,mid,"{""competition"": ""Curacao - Prome Divishon"", ""odds_api_io_id"": 71344600, ""raw_event"": {""away"": ""C.R.K.S.V. Jong Colombia"", ""awayId"": 516830, ""date"": ""2026-05-12T00:00:00Z"", ""home"": ""R.K.S.V. Scherpenheuvel"", ""homeId"": 317045, ""id"": 71344600, ""league"": {""name"": ""Curacao - Prome Divishon"", ""slug"": ""curacao-prome-divishon""}, ""scores"": {""away"": 0, ""home"": 0}, ""sport"": {""name"": ""Football"", ""slug"": ""football""}, ""status"": ""pending""}}",,,,,,,,,,,,,,,,,,,,,,,,,,,,,,,
soccer|c r k s v jong holland|r k s v centro dominguito|2026-05-12,odds_api_io,71344598,soccer,Curacao - Prome Divishon,C.R.K.S.V. Jong Holland,R.K.S.V. Centro Dominguito,2026-05-12T00:00:00+00:00,mid,"{""competition"": ""Curacao - Prome Divishon"", ""odds_api_io_id"": 71344598, ""raw_event"": {""away"": ""R.K.S.V. Centro Dominguito"", ""awayId"": 317031, ""date"": ""2026-05-12T00:00:00Z"", ""home"": ""C.R.K.S.V. Jong Holland"", ""homeId"": 317033, ""id"": 71344598, ""league"": {""name"": ""Curacao - Prome Divishon"", ""slug"": ""curacao-prome-divishon""}, ""scores"": {""away"": 0, ""home"": 0}, ""sport"": {""name"": ""Football"", ""slug"": ""football""}, ""status"": ""pending""}}",,,,,,,,,,,,,,,,,,,,,,,,,,,,,,,
soccer|curico unido|san marcos arica|2026-05-12,odds_api_io,68097884,soccer,Chile - Primera B,Curico Unido,San Marcos de Arica,2026-05-12T00:00:00+00:00,mid,"{""competition"": ""Chile - Primera B"", ""odds_api_io_id"": 68097884, ""raw_event"": {""away"": ""San Marcos de Arica"", ""awayId"": 39219, ""date"": ""2026-05-12T00:00:00Z"", ""home"": ""Curico Unido"", ""homeId"": 33595, ""id"": 68097884, ""league"": {""name"": ""Chile - Primera B"", ""slug"": ""chile-primera-b""}, ""scores"": {""away"": 0, ""home"": 0}, ""sport"": {""name"": ""Football"", ""slug"": ""football""}, ""status"": ""pending""}}",,totals,Больше 2.5,,,2.5,,,,,52.52,49.02,,,78.5,,,controlled_consensus_rescue,94.5,,,,,,,,,,,,
soccer|dendele|fluxo|2026-05-12,odds_api_io,71310298,soccer,SoccerSpecials - Kings League Brazil,Dendele FC,Fluxo FC,2026-05-12T00:00:00+00:00,mid,"{""competition"": ""SoccerSpecials - Kings League Brazil"", ""odds_api_io_id"": 71310298, ""raw_event"": {""away"": ""Fluxo FC"", ""awayId"": 1245138, ""date"": ""2026-05-12T00:00:00Z"", ""home"": ""Dendele FC"", ""homeId"": 1245130, ""id"": 71310298, ""league"": {""name"": ""SoccerSpecials - Kings League Brazil"", ""slug"": ""soccerspecials-kings-league-brazil""}, ""scores"": {""away"": 0, ""home"": 0}, ""sport"": {""name"": ""Football"", ""slug"": ""football""}, ""status"": ""pending""}}",,,,,,,,,,,,,,,,,,,,,,,,,,,,,,,
soccer|deportes limache|palestino|2026-05-12,odds_api_io,71069118,soccer,Chile - Copa de la Liga,CD Palestino,Deportes Limache,2026-05-12T00:00:00+00:00,mid,"{""competition"": ""Chile - Copa de la Liga"", ""odds_api_io_id"": 71069118, ""raw_event"": {""away"": ""Deportes Limache"", ""awayId"": 434002, ""date"": ""2026-05-12T00:00:00Z"", ""home"": ""CD Palestino"", ""homeId"": 3157, ""id"": 71069118, ""league"": {""name"": ""Chile - Copa de la Liga"", ""slug"": ""chile-copa-de-la-liga""}, ""scores"": {""away"": 0, ""home"": 0}, ""sport"": {""name"": ""Football"", ""slug"": ""football""}, ""status"": ""pending""}}",,totals,Меньше 2.5,,,2.5,,,,,54.96,52.21,,,78.5,,,controlled_consensus_rescue,93.804,,,,,,,,,,,,
soccer|inter willemstad|s v victory boys|2026-05-12,odds_api_io,71344602,soccer,Curacao - Prome Divishon,S.V. Victory Boys,Inter Willemstad,2026-05-12T00:00:00+00:00,mid,"{""competition"": ""Curacao - Prome Divishon"", ""odds_api_io_id"": 71344602, ""raw_event"": {""away"": ""Inter Willemstad"", ""awayId"": 317043, ""date"": ""2026-05-12T00:00:00Z"", ""home"": ""S.V. Victory Boys"", ""homeId"": 317041, ""id"": 71344602, ""league"": {""name"": ""Curacao - Prome Divishon"", ""slug"": ""curacao-prome-divishon""}, ""scores"": {""away"": 0, ""home"": 0}, ""sport"": {""name"": ""Football"", ""slug"": ""football""}, ""status"": ""pending""}}",,,,,,,,,,,,,,,,,,,,,,,,,,,,,,,
soccer|ldu quito|mushuc runa|2026-05-12,odds_api_io,68687628,soccer,Ecuador - LigaPro Primera A,Mushuc Runa SC,LDU Quito,2026-05-12T00:00:00+00:00,mid,"{""competition"": ""Ecuador - LigaPro Primera A"", ""odds_api_io_id"": 68687628, ""raw_event"": {""away"": ""LDU Quito"", ""awayId"": 5257, ""date"": ""2026-05-12T00:00:00Z"", ""home"": ""Mushuc Runa SC"", ""homeId"": 134976, ""id"": 68687628, ""league"": {""name"": ""Ecuador - LigaPro Primera A"", ""slug"": ""ecuador-ligapro-primera-a""}, ""scores"": {""away"": 0, ""home"": 0}, ""sport"": {""name"": ""Football"", ""slug"": ""football""}, ""status"": ""pending""}}",,totals,Меньше 2.25,,,2.25,,,,,49.46,48.11,,,72.75,,,controlled_consensus_rescue,79.117,,,,,,,,,,,,
soccer|estudiantes l p|nacional|2026-05-12,day_inventory,soccer|estudiantes l p|nacional|2026-05-12,soccer,Division di Honor,Nacional,Estudiantes L.P.,2026-05-12T00:30:00+00:00,mid,"{""country"": ""Aruba"", ""day_inventory"": true, ""day_inventory_coverage"": {""context"": false, ""fixture_core"": true, ""form"": false, ""news"": false, ""odds"": false, ""ready_for_model"": false, ""ready_for_publish"": false, ""weather"": false, ""xg"": false}, ""day_inventory_path"": "".data/day_inventory/2026-05-12.json"", ""day_inventory_refresh"": {""last_context_refresh_utc"": null, ""last_fixture_refresh_utc"": ""2026-05-11T21:01:46.397166+00:00"", ""last_odds_refresh_utc"": null}, ""day_inventory_source_ids"": {""sstats"": ""1543810""}, ""flash_id"": """", ""league_id"": ""421"", ""provider"": ""sstats"", ""provider_source_ids"": {""sstats"": ""1543810""}, ""season_id"": """", ""sources_seen"": ""sstats"", ""status"": ""2""}",,,,,,,,,,,,,,,,,,,,,,,,,,,,,,,
soccer|escorpiones belen|inter san carlos|2026-05-12,odds_api_io,71398476,soccer,"Costa Rica - Liga de Ascenso, Clausura",CD Escorpiones Belen,Inter San Carlos,2026-05-12T01:00:00+00:00,mid,"{""competition"": ""Costa Rica - Liga de Ascenso, Clausura"", ""odds_api_io_id"": 71398476, ""raw_event"": {""away"": ""Inter San Carlos"", ""awayId"": 1096475, ""date"": ""2026-05-12T01:00:00Z"", ""home"": ""CD Escorpiones Belen"", ""homeId"": 831304, ""id"": 71398476, ""league"": {""name"": ""Costa Rica - Liga de Ascenso, Clausura"", ""slug"": ""costa-rica-liga-de-ascenso-clausura""}, ""scores"": {""away"": 0, ""home"": 0}, ""sport"": {""name"": ""Football"", ""slug"": ""football""}, ""status"": ""pending""}}",,totals,Больше 2.5,,,2.5,,,,,46.98,45.38,,,73.59,,,controlled_consensus_rescue,81.835,,,,,,,,,,,,
soccer|llaneros|millonarios|2026-05-12,odds_api_io,71334960,soccer,Colombia - Copa Colombia,Millonarios FC,Llaneros FC,2026-05-12T01:00:00+00:00,mid,"{""competition"": ""Colombia - Copa Colombia"", ""odds_api_io_id"": 71334960, ""raw_event"": {""away"": ""Llaneros FC"", ""awayId"": 89374, ""date"": ""2026-05-12T01:00:00Z"", ""home"": ""Millonarios FC"", ""homeId"": 6117, ""id"": 71334960, ""league"": {""name"": ""Colombia - Copa Colombia"", ""slug"": ""colombia-copa-colombia""}, ""scores"": {""away"": 0, ""home"": 0}, ""sport"": {""name"": ""Football"", ""slug"": ""football""}, ""status"": ""pending""}}",,totals,Больше 2.5,,,2.5,,,,,45.49,44.27,,,72.33,,,controlled_consensus_rescue,78.128,,,,,,,,,,,,
soccer|sport boys|universitario deportes|2026-05-12,odds_api_io,70881598,soccer,Peru - Liga 1,Sport Boys Association,Universitario de Deportes,2026-05-12T01:30:00+00:00,mid,"{""competition"": ""Peru - Liga 1"", ""odds_api_io_id"": 70881598, ""raw_event"": {""away"": ""Universitario de Deportes"", ""awayId"": 2305, ""date"": ""2026-05-12T01:30:00Z"", ""home"": ""Sport Boys Association"", ""homeId"": 2312, ""id"": 70881598, ""league"": {""name"": ""Peru - Liga 1"", ""slug"": ""peru-liga-1""}, ""scores"": {""away"": 0, ""home"": 0}, ""sport"": {""name"": ""Football"", ""slug"": ""football""}, ""status"": ""pending""}}",,,,,,,,,,,,,,,,,,,,,,,,,,,,,,,
soccer|sport boys|universitario|2026-05-12,day_inventory,soccer|sport boys|universitario|2026-05-12,soccer,Primera División,Sport Boys,Universitario,2026-05-12T01:30:00+00:00,mid,"{""country"": ""Peru"", ""day_inventory"": true, ""day_inventory_coverage"": {""context"": false, ""fixture_core"": true, ""form"": false, ""news"": false, ""odds"": false, ""ready_for_model"": false, ""ready_for_publish"": false, ""weather"": false, ""xg"": false}, ""day_inventory_path"": "".data/day_inventory/2026-05-12.json"", ""day_inventory_refresh"": {""last_context_refresh_utc"": null, ""last_fixture_refresh_utc"": ""2026-05-11T21:01:46.397966+00:00"", ""last_odds_refresh_utc"": null}, ""day_inventory_source_ids"": {""sstats"": ""1512604""}, ""flash_id"": ""Y73MF0vo"", ""league_id"": ""281"", ""provider"": ""sstats"", ""provider_source_ids"": {""sstats"": ""1512604""}, ""season_id"": """", ""sources_seen"": ""sstats"", ""status"": ""2""}",,,,,,,,,,,,,,,,,,,,,,,,,,,,,,,
soccer|bula|south melbourne|2026-05-12,day_inventory,soccer|bula|south melbourne|2026-05-12,soccer,OFC Pro League,South Melbourne,Bula,2026-05-12T03:00:00+00:00,mid,"{""country"": ""World"", ""day_inventory"": true, ""day_inventory_coverage"": {""context"": false, ""fixture_core"": true, ""form"": false, ""news"": false, ""odds"": false, ""ready_for_model"": false, ""ready_for_publish"": false, ""weather"": false, ""xg"": false}, ""day_inventory_path"": "".data/day_inventory/2026-05-12.json"", ""day_inventory_refresh"": {""last_context_refresh_utc"": null, ""last_fixture_refresh_utc"": ""2026-05-11T21:01:46.398128+00:00"", ""last_odds_refresh_utc"": null}, ""day_inventory_source_ids"": {""sstats"": ""1542457""}, ""flash_id"": ""ju3aWRXi"", ""league_id"": ""1214"", ""provider"": ""sstats"", ""provider_source_ids"": {""sstats"": ""1542457""}, ""season_id"": """", ""sources_seen"": ""sstats"", ""status"": ""2""}",,,,,,,,,,,,,,,,,,,,,,,,,,,,,,,
soccer|auckland 2|south island united|2026-05-12,day_inventory,soccer|auckland 2|south island united|2026-05-12,soccer,OFC Pro League,Auckland FC 2,South Island United,2026-05-12T07:00:00+00:00,mid,"{""country"": ""World"", ""day_inventory"": true, ""day_inventory_coverage"": {""context"": false, ""fixture_core"": true, ""form"": false, ""news"": false, ""odds"": false, ""ready_for_model"": false, ""ready_for_publish"": false, ""weather"": false, ""xg"": false}, ""day_inventory_path"": "".data/day_inventory/2026-05-12.json"", ""day_inventory_refresh"": {""last_context_refresh_utc"": null, ""last_fixture_refresh_utc"": ""2026-05-11T21:01:46.398321+00:00"", ""last_odds_refresh_utc"": null}, ""day_inventory_source_ids"": {""sstats"": ""1542458""}, ""flash_id"": ""WI4FSqXG"", ""league_id"": ""1214"", ""provider"": ""sstats"", ""provider_source_ids"": {""sstats"": ""1542458""}, ""season_id"": """", ""sources_seen"": ""sstats"", ""status"": ""2""}",,,,,,,,,,,,,,,,,,,,,,,,,,,,,,,
soccer|azzurri united|port darwin|2026-05-12,odds_api_io,71240284,soccer,Australia - Northern Territory Premier League,Port Darwin FC,Azzurri United FC,2026-05-12T08:30:00+00:00,mid,"{""competition"": ""Australia - Northern Territory Premier League"", ""odds_api_io_id"": 71240284, ""raw_event"": {""away"": ""Azzurri United FC"", ""awayId"": 427289, ""date"": ""2026-05-12T08:30:00Z"", ""home"": ""Port Darwin FC"", ""homeId"": 427291, ""id"": 71240284, ""league"": {""name"": ""Australia - Northern Territory Premier League"", ""slug"": ""australia-northern-territory-premier-league""}, ""scores"": {""away"": 0, ""home"": 0}, ""sport"": {""name"": ""Football"", ""slug"": ""football""}, ""status"": ""pending""}}",,,,,,,,,,,,,,,,,,,,,,,,,,,,,,,
soccer|brothers union|mohammedan dhaka|2026-05-12,odds_api_io,71325526,soccer,Bangladesh - Federation Cup,Brothers Union,Mohammedan SC Dhaka,2026-05-12T08:45:00+00:00,mid,"{""competition"": ""Bangladesh - Federation Cup"", ""odds_api_io_id"": 71325526, ""raw_event"": {""away"": ""Mohammedan SC Dhaka"", ""awayId"": 275093, ""date"": ""2026-05-12T08:45:00Z"", ""home"": ""Brothers Union"", ""homeId"": 336965, ""id"": 71325526, ""league"": {""name"": ""Bangladesh - Federation Cup"", ""slug"": ""bangladesh-federation-cup""}, ""scores"": {""away"": 0, ""home"": 0}, ""sport"": {""name"": ""Football"", ""slug"": ""football""}, ""status"": ""pending""}}",,totals,Больше 2.5,,,2.5,,,,,55.29,51.79,,,76.1,,,controlled_consensus_rescue,90.1,,,,,,,,,,,,
soccer|canberra white eagles|queanbeyan city|2026-05-12,odds_api_io,69194920,soccer,Australia - Capital NPL 1,Canberra White Eagles FC,Queanbeyan City FC,2026-05-12T09:30:00+00:00,mid,"{""competition"": ""Australia - Capital NPL 1"", ""odds_api_io_id"": 69194920, ""raw_event"": {""away"": ""Queanbeyan City FC"", ""awayId"": 555286, ""date"": ""2026-05-12T09:30:00Z"", ""home"": ""Canberra White Eagles FC"", ""homeId"": 550721, ""id"": 69194920, ""league"": {""name"": ""Australia - Capital NPL 1"", ""slug"": ""australia-capital-npl-1""}, ""scores"": {""away"": 0, ""home"": 0}, ""sport"": {""name"": ""Football"", ""slug"": ""football""}, ""status"": ""pending""}}",,totals,Меньше 4.5,,,4.5,,,,,62.26,58.76,,,76.1,,,controlled_consensus_rescue,90.1,,,,,,,,,,,,
soccer|oleksandria|zorya luhansk|2026-05-12,day_inventory,soccer|oleksandria|zorya luhansk|2026-05-12,soccer,Premier League,Oleksandria,Zorya Luhansk,2026-05-12T10:00:00+00:00,mid,"{""country"": ""Ukraine"", ""day_inventory"": true, ""day_inventory_coverage"": {""context"": false, ""fixture_core"": true, ""form"": false, ""news"": false, ""odds"": false, ""ready_for_model"": false, ""ready_for_publish"": false, ""weather"": false, ""xg"": false}, ""day_inventory_path"": "".data/day_inventory/2026-05-12.json"", ""day_inventory_refresh"": {""last_context_refresh_utc"": null, ""last_fixture_refresh_utc"": ""2026-05-11T21:01:46.399131+00:00"", ""last_odds_refresh_utc"": null}, ""day_inventory_source_ids"": {""sstats"": ""1391614""}, ""flash_id"": ""Or9zwj5t"", ""league_id"": ""333"", ""provider"": ""sstats"", ""provider_source_ids"": {""sstats"": ""1391614""}, ""season_id"": """", ""sources_seen"": ""sstats"", ""status"": ""2""}",,,,,,,,,,,,,,,,,,,,,,,,,,,,,,,
soccer|oleksandriya|zorya luhansk|2026-05-12,odds_api_io,61651664,soccer,Ukraine - Premier League,FC Oleksandriya,FC Zorya Luhansk,2026-05-12T10:00:00+00:00,mid,"{""competition"": ""Ukraine - Premier League"", ""odds_api_io_id"": 61651664, ""raw_event"": {""away"": ""FC Zorya Luhansk"", ""awayId"": 5987, ""date"": ""2026-05-12T10:00:00Z"", ""home"": ""FC Oleksandriya"", ""homeId"": 25479, ""id"": 61651664, ""league"": {""name"": ""Ukraine - Premier League"", ""slug"": ""ukraine-premier-league""}, ""scores"": {""away"": 0, ""home"": 0}, ""sport"": {""name"": ""Football"", ""slug"": ""football""}, ""status"": ""pending""}}",,,,,,,,,,,,,,,,,,,,,,,,,,,,,,,
soccer|daejeon citizen|gangwon|2026-05-12,odds_api_io,67817690,soccer,Republic of Korea - K-League 1,Gangwon FC,Daejeon Citizen FC,2026-05-12T10:30:00+00:00,mid,"{""competition"": ""Republic of Korea - K-League 1"", ""odds_api_io_id"": 67817690, ""raw_event"": {""away"": ""Daejeon Citizen FC"", ""awayId"": 7645, ""date"": ""2026-05-12T10:30:00Z"", ""home"": ""Gangwon FC"", ""homeId"": 34220, ""id"": 67817690, ""league"": {""name"": ""Republic of Korea - K-League 1"", ""slug"": ""republic-of-korea-k-league-1""}, ""scores"": {""away"": 0, ""home"": 0}, ""sport"": {""name"": ""Football"", ""slug"": ""football""}, ""status"": ""pending""}}",,,,,,,,,,,,,,,,,,,,,,,,,,,,,,,
soccer|daejeon hana citizen|gangwon|2026-05-12,day_inventory,soccer|daejeon hana citizen|gangwon|2026-05-12,soccer,K League 1,Gangwon FC,Daejeon Hana Citizen,2026-05-12T10:30:00+00:00,mid,"{""country"": """", ""day_inventory"": true, ""day_inventory_coverage"": {""context"": false, ""fixture_core"": true, ""form"": false, ""news"": false, ""odds"": false, ""ready_for_model"": false, ""ready_for_publish"": false, ""weather"": false, ""xg"": false}, ""day_inventory_path"": "".data/day_inventory/2026-05-12.json"", ""day_inventory_refresh"": {""last_context_refresh_utc"": null, ""last_fixture_refresh_utc"": ""2026-05-11T21:01:46.399864+00:00"", ""last_odds_refresh_utc"": null}, ""day_inventory_source_ids"": {""bzzoiro"": ""205070""}, ""period"": """", ""provider"": ""bzzoiro"", ""provider_source_ids"": {""bzzoiro"": ""205070""}, ""sources_seen"": ""bzzoiro"", ""status"": ""notstarted"", ""venue"": ""{'id': 1132, 'name': 'Gangneung Stadium', 'city': 'Gangneung', 'country': 'South Korea', 'capacity': 22333, 'latitude': 37.773647, 'longitude': 128.897625, 'pitch_x': None, 'pitch_y': None, 'built_year': 1980}""}",,,,,,,,,,,,,,,,,,,,,,,,,,,,,,,
soccer|darwin hearts|hellenic athletic|2026-05-12,odds_api_io,71240286,soccer,Australia - Northern Territory Premier League,Hellenic Athletic Club,Darwin Hearts FC,2026-05-12T10:30:00+00:00,mid,"{""competition"": ""Australia - Northern Territory Premier League"", ""odds_api_io_id"": 71240286, ""raw_event"": {""away"": ""Darwin Hearts FC"", ""awayId"": 427287, ""date"": ""2026-05-12T10:30:00Z"", ""home"": ""Hellenic Athletic Club"", ""homeId"": 452853, ""id"": 71240286, ""league"": {""name"": ""Australia - Northern Territory Premier League"", ""slug"": ""australia-northern-territory-premier-league""}, ""scores"": {""away"": 0, ""home"": 0}, ""sport"": {""name"": ""Football"", ""slug"": ""football""}, ""status"": ""pending""}}",,,,,,,,,,,,,,,,,,,,,,,,,,,,,,,
soccer|gwangju|seoul|2026-05-12,odds_api_io,67817692,soccer,Republic of Korea - K-League 1,Gwangju FC,FC Seoul,2026-05-12T10:30:00+00:00,mid,"{""competition"": ""Republic of Korea - K-League 1"", ""odds_api_io_id"": 67817692, ""raw_event"": {""away"": ""FC Seoul"", ""awayId"": 7646, ""date"": ""2026-05-12T10:30:00Z"", ""home"": ""Gwangju FC"", ""homeId"": 48912, ""id"": 67817692, ""league"": {""name"": ""Republic of Korea - K-League 1"", ""slug"": ""republic-of-korea-k-league-1""}, ""scores"": {""away"": 0, ""home"": 0}, ""sport"": {""name"": ""Football"", ""slug"": ""football""}, ""status"": ""pending""}}",,,,,,,,,,,,,,,,,,,,,,,,,,,,,,,
soccer|incheon united|pohang steelers|2026-05-12,odds_api_io,67817694,soccer,Republic of Korea - K-League 1,Incheon United FC,FC Pohang Steelers,2026-05-12T10:30:00+00:00,mid,"{""competition"": ""Republic of Korea - K-League 1"", ""odds_api_io_id"": 67817694, ""raw_event"": {""away"": ""FC Pohang Steelers"", ""awayId"": 7650, ""date"": ""2026-05-12T10:30:00Z"", ""home"": ""Incheon United FC"", ""homeId"": 7648, ""id"": 67817694, ""league"": {""name"": ""Republic of Korea - K-League 1"", ""slug"": ""republic-of-korea-k-league-1""}, ""scores"": {""away"": 0, ""home"": 0}, ""sport"": {""name"": ""Football"", ""slug"": ""football""}, ""status"": ""pending""}}",,totals,Больше 2.5,,,2.5,,,,,42.07,40.68,,,75.22,,,controlled_consensus_rescue,83.561,,,,,,,,,,,,
soccer|al ahed|al ansar|2026-05-12,day_inventory,soccer|al ahed|al ansar|2026-05-12,soccer,Premier League,Al Ansar,Al Ahed,2026-05-12T11:00:00+00:00,mid,"{""country"": ""Lebanon"", ""day_inventory"": true, ""day_inventory_coverage"": {""context"": false, ""fixture_core"": true, ""form"": false, ""news"": false, ""odds"": false, ""ready_for_model"": false, ""ready_for_publish"": false, ""weather"": false, ""xg"": false}, ""day_inventory_path"": "".data/day_inventory/2026-05-12.json"", ""day_inventory_refresh"": {""last_context_refresh_utc"": null, ""last_fixture_refresh_utc"": ""2026-05-11T21:01:46.400595+00:00"", ""last_odds_refresh_utc"": null}, ""day_inventory_source_ids"": {""sstats"": ""1508062""}, ""flash_id"": """", ""league_id"": ""390"", ""provider"": ""sstats"", ""provider_source_ids"": {""sstats"": ""1508062""}, ""season_id"": """", ""sources_seen"": ""sstats"", ""status"": ""2""}",,,,,,,,,,,,,,,,,,,,,,,,,,,,,,,
soccer|namungo|singida black stars|2026-05-12,odds_api_io,70478154,soccer,Tanzania - Premier League,Singida Black Stars SC,Namungo FC,2026-05-12T11:00:00+00:00,mid,"{""competition"": ""Tanzania - Premier League"", ""odds_api_io_id"": 70478154, ""raw_event"": {""away"": ""Namungo FC"", ""awayId"": 624442, ""date"": ""2026-05-12T11:00:00Z"", ""home"": ""Singida Black Stars SC"", ""homeId"": 689389, ""id"": 70478154, ""league"": {""name"": ""Tanzania - Premier League"", ""slug"": ""tanzania-premier-league""}, ""scores"": {""away"": 0, ""home"": 0}, ""sport"": {""name"": ""Football"", ""slug"": ""football""}, ""status"": ""pending""}}",,,,,,,,,,,,,,,,,,,,,,,,,,,,,,,
soccer|araks ararat|hayq|2026-05-12,day_inventory,soccer|araks ararat|hayq|2026-05-12,soccer,First League,Hayq,Araks Ararat,2026-05-12T11:30:00+00:00,mid,"{""country"": ""Armenia"", ""day_inventory"": true, ""day_inventory_coverage"": {""context"": false, ""fixture_core"": true, ""form"": false, ""news"": false, ""odds"": false, ""ready_for_model"": false, ""ready_for_publish"": false, ""weather"": false, ""xg"": false}, ""day_inventory_path"": "".data/day_inventory/2026-05-12.json"", ""day_inventory_refresh"": {""last_context_refresh_utc"": null, ""last_fixture_refresh_utc"": ""2026-05-11T21:01:46.401169+00:00"", ""last_odds_refresh_utc"": null}, ""day_inventory_source_ids"": {""sstats"": ""1543027""}, ""flash_id"": ""GIQNutbf"", ""league_id"": ""343"", ""provider"": ""sstats"", ""provider_source_ids"": {""sstats"": ""1543027""}, ""season_id"": """", ""sources_seen"": ""sstats"", ""status"": ""2""}",,,,,,,,,,,,,,,,,,,,,,,,,,,,,,,
soccer|ararati araks|hayq|2026-05-12,odds_api_io,71231934,soccer,Armenia - First League,FC Hayq,FC Ararati Araks,2026-05-12T11:30:00+00:00,mid,"{""competition"": ""Armenia - First League"", ""odds_api_io_id"": 71231934, ""raw_event"": {""away"": ""FC Ararati Araks"", ""awayId"": 1175803, ""date"": ""2026-05-12T11:30:00Z"", ""home"": ""FC Hayq"", ""homeId"": 1272142, ""id"": 71231934, ""league"": {""name"": ""Armenia - First League"", ""slug"": ""armenia-first-league""}, ""scores"": {""away"": 0, ""home"": 0}, ""sport"": {""name"": ""Football"", ""slug"": ""football""}, ""status"": ""pending""}}",,,,,,,,,,,,,,,,,,,,,,,,,,,,,,,
soccer|ae kifisia|asteras aktor|2026-05-12,day_inventory,soccer|ae kifisia|asteras aktor|2026-05-12,soccer,Stoiximan Super League,Asteras Aktor,AE Kifisia,2026-05-12T12:00:00+00:00,mid,"{""country"": """", ""day_inventory"": true, ""day_inventory_coverage"": {""context"": false, ""fixture_core"": true, ""form"": false, ""news"": false, ""odds"": false, ""ready_for_model"": false, ""ready_for_publish"": false, ""weather"": false, ""xg"": false}, ""day_inventory_path"": "".data/day_inventory/2026-05-12.json"", ""day_inventory_refresh"": {""last_context_refresh_utc"": null, ""last_fixture_refresh_utc"": ""2026-05-11T21:01:46.401340+00:00"", ""last_odds_refresh_utc"": null}, ""day_inventory_source_ids"": {""bzzoiro"": ""9221""}, ""period"": """", ""provider"": ""bzzoiro"", ""provider_source_ids"": {""bzzoiro"": ""9221""}, ""sources_seen"": ""bzzoiro"", ""status"": ""notstarted"", ""venue"": ""{'id': 311, 'name': 'Theodoros Kolokotronis Stadium', 'city': 'Tripoli', 'country': 'Greece', 'capacity': 7423, 'latitude': 37.521989, 'longitude': 22.378164, 'pitch_x': 105, 'pitch_y': 68, 'built_year': 1979}""}",,,,,,,,,,,,,,,,,,,,,,,,,,,,,,,
soccer|fardu ferghana|xorazm urganch|2026-05-12,odds_api_io,71436762,soccer,Uzbekistan - Cup,Fardu Ferghana,Xorazm Fk Urganch,2026-05-12T12:00:00+00:00,mid,"{""competition"": ""Uzbekistan - Cup"", ""odds_api_io_id"": 71436762, ""raw_event"": {""away"": ""Xorazm Fk Urganch"", ""awayId"": 40260, ""date"": ""2026-05-12T12:00:00Z"", ""home"": ""Fardu Ferghana"", ""homeId"": 467081, ""id"": 71436762, ""league"": {""name"": ""Uzbekistan - Cup"", ""slug"": ""uzbekistan-cup""}, ""scores"": {""away"": 0, ""home"": 0}, ""sport"": {""name"": ""Football"", ""slug"": ""football""}, ""status"": ""pending""}}",,,,,,,,,,,,,,,,,,,,,,,,,,,,,,,
soccer|epitsentr dunayivtsi|polessya|2026-05-12,day_inventory,soccer|epitsentr dunayivtsi|polessya|2026-05-12,soccer,Premier League,Epitsentr Dunayivtsi,Polessya,2026-05-12T12:30:00+00:00,mid,"{""country"": ""Ukraine"", ""day_inventory"": true, ""day_inventory_coverage"": {""context"": false, ""fixture_core"": true, ""form"": false, ""news"": false, ""odds"": false, ""ready_for_model"": false, ""ready_for_publish"": false, ""weather"": false, ""xg"": false}, ""day_inventory_path"": "".data/day_inventory/2026-05-12.json"", ""day_inventory_refresh"": {""last_context_refresh_utc"": null, ""last_fixture_refresh_utc"": ""2026-05-11T21:01:46.401719+00:00"", ""last_odds_refresh_utc"": null}, ""day_inventory_source_ids"": {""sstats"": ""1391615""}, ""flash_id"": ""fmc8VP3U"", ""league_id"": ""333"", ""provider"": ""sstats"", ""provider_source_ids"": {""sstats"": ""1391615""}, ""season_id"": """", ""sources_seen"": ""sstats"", ""status"": ""2""}",,,,,,,,,,,,,,,,,,,,,,,,,,,,,,,
soccer|epitsentr kamianets podilskyi|polissya zhytomyr|2026-05-12,odds_api_io,61651656,soccer,Ukraine - Premier League,FC Epitsentr Kamianets-Podilskyi,FC Polissya Zhytomyr,2026-05-12T12:30:00+00:00,mid,"{""competition"": ""Ukraine - Premier League"", ""odds_api_io_id"": 61651656, ""raw_event"": {""away"": ""FC Polissya Zhytomyr"", ""awayId"": 350828, ""date"": ""2026-05-12T12:30:00Z"", ""home"": ""FC Epitsentr Kamianets-Podilskyi"", ""homeId"": 602316, ""id"": 61651656, ""league"": {""name"": ""Ukraine - Premier League"", ""slug"": ""ukraine-premier-league""}, ""scores"": {""away"": 0, ""home"": 0}, ""sport"": {""name"": ""Football"", ""slug"": ""football""}, ""status"": ""pending""}}",,,,,,,,,,,,,,,,,,,,,,,,,,,,,,,
soccer|al nejmeh|jwaaya|2026-05-12,day_inventory,soccer|al nejmeh|jwaaya|2026-05-12,soccer,Premier League,Al Nejmeh,Jwaaya FC,2026-05-12T13:00:00+00:00,mid,"{""country"": ""Lebanon"", ""day_inventory"": true, ""day_inventory_coverage"": {""context"": false, ""fixture_core"": true, ""form"": false, ""news"": false, ""odds"": false, ""ready_for_model"": false, ""ready_for_publish"": false, ""weather"": false, ""xg"": false}, ""day_inventory_path"": "".data/day_inventory/2026-05-12.json"", ""day_inventory_refresh"": {""last_context_refresh_utc"": null, ""last_fixture_refresh_utc"": ""2026-05-11T21:01:46.402811+00:00"", ""last_odds_refresh_utc"": null}, ""day_inventory_source_ids"": {""sstats"": ""1508057""}, ""flash_id"": ""lbgjSYX8"", ""league_id"": ""390"", ""provider"": ""sstats"", ""provider_source_ids"": {""sstats"": ""1508057""}, ""season_id"": """", ""sources_seen"": ""sstats"", ""status"": ""2""}",,,,,,,,,,,,,,,,,,,,,,,,,,,,,,,
soccer|al sholla|hutteen|2026-05-12,odds_api_io,71358332,soccer,Syria - Premier League,Al-Sholla,Hutteen SC,2026-05-12T13:00:00+00:00,mid,"{""competition"": ""Syria - Premier League"", ""odds_api_io_id"": 71358332, ""raw_event"": {""away"": ""Hutteen SC"", ""awayId"": 189388, ""date"": ""2026-05-12T13:00:00Z"", ""home"": ""Al-Sholla"", ""homeId"": 759918, ""id"": 71358332, ""league"": {""name"": ""Syria - Premier League"", ""slug"": ""syria-premier-league""}, ""scores"": {""away"": 0, ""home"": 0}, ""sport"": {""name"": ""Football"", ""slug"": ""football""}, ""status"": ""pending""}}",,,,,,,,,,,,,,,,,,,,,,,,,,,,,,,
soccer|al shouleh|hottin|2026-05-12,day_inventory,soccer|al shouleh|hottin|2026-05-12,soccer,Premier League,Al Shouleh,Hottin,2026-05-12T13:00:00+00:00,mid,"{""country"": ""Syria"", ""day_inventory"": true, ""day_inventory_coverage"": {""context"": false, ""fixture_core"": true, ""form"": false, ""news"": false, ""odds"": false, ""ready_for_model"": false, ""ready_for_publish"": false, ""weather"": false, ""xg"": false}, ""day_inventory_path"": "".data/day_inventory/2026-05-12.json"", ""day_inventory_refresh"": {""last_context_refresh_utc"": null, ""last_fixture_refresh_utc"": ""2026-05-11T21:01:46.402968+00:00"", ""last_odds_refresh_utc"": null}, ""day_inventory_source_ids"": {""sstats"": ""1544516""}, ""flash_id"": ""nRvi0uDs"", ""league_id"": ""425"", ""provider"": ""sstats"", ""provider_source_ids"": {""sstats"": ""1544516""}, ""season_id"": """", ""sources_seen"": ""sstats"", ""status"": ""2""}",,,,,,,,,,,,,,,,,,,,,,,,,,,,,,,
soccer|bul|lugazi municipal|2026-05-12,odds_api_io,70316162,soccer,Uganda - Premier League,Bul FC,Lugazi Municipal FC,2026-05-12T13:00:00+00:00,mid,"{""competition"": ""Uganda - Premier League"", ""odds_api_io_id"": 70316162, ""raw_event"": {""away"": ""Lugazi Municipal FC"", ""awayId"": 528159, ""date"": ""2026-05-12T13:00:00Z"", ""home"": ""Bul FC"", ""homeId"": 375406, ""id"": 70316162, ""league"": {""name"": ""Uganda - Premier League"", ""slug"": ""uganda-premier-league""}, ""scores"": {""away"": 0, ""home"": 0}, ""sport"": {""name"": ""Football"", ""slug"": ""football""}, ""status"": ""pending""}}",,,,,,,,,,,,,,,,,,,,,,,,,,,,,,,
soccer|bul|lugazi|2026-05-12,day_inventory,soccer|bul|lugazi|2026-05-12,soccer,Premier League,BUL,Lugazi,2026-05-12T13:00:00+00:00,mid,"{""country"": ""Uganda"", ""day_inventory"": true, ""day_inventory_coverage"": {""context"": false, ""fixture_core"": true, ""form"": false, ""news"": false, ""odds"": false, ""ready_for_model"": false, ""ready_for_publish"": false, ""weather"": false, ""xg"": false}, ""day_inventory_path"": "".data/day_inventory/2026-05-12.json"", ""day_inventory_refresh"": {""last_context_refresh_utc"": null, ""last_fixture_refresh_utc"": ""2026-05-11T21:01:46.403111+00:00"", ""last_odds_refresh_utc"": null}, ""day_inventory_source_ids"": {""sstats"": ""1516334""}, ""flash_id"": ""dWf5Hym4"", ""league_id"": ""585"", ""provider"": ""sstats"", ""provider_source_ids"": {""sstats"": ""1516334""}, ""season_id"": """", ""sources_seen"": ""sstats"", ""status"": ""2""}",,,,,,,,,,,,,,,,,,,,,,,,,,,,,,,
soccer|entebbe uppc|maroons|2026-05-12,odds_api_io,70316164,soccer,Uganda - Premier League,Maroons FC,Entebbe UPPC FC,2026-05-12T13:00:00+00:00,mid,"{""competition"": ""Uganda - Premier League"", ""odds_api_io_id"": 70316164, ""raw_event"": {""away"": ""Entebbe UPPC FC"", ""awayId"": 671625, ""date"": ""2026-05-12T13:00:00Z"", ""home"": ""Maroons FC"", ""homeId"": 213478, ""id"": 70316164, ""league"": {""name"": ""Uganda - Premier League"", ""slug"": ""uganda-premier-league""}, ""scores"": {""away"": 0, ""home"": 0}, ""sport"": {""name"": ""Football"", ""slug"": ""football""}, ""status"": ""pending""}}",,,,,,,,,,,,,,,,,,,,,,,,,,,,,,,
soccer|gokulam kerala|namdhari|2026-05-12,odds_api_io,71338142,soccer,India - I-League,Namdhari FC,Gokulam Kerala FC,2026-05-12T13:00:00+00:00,mid,"{""competition"": ""India - I-League"", ""odds_api_io_id"": 71338142, ""raw_event"": {""away"": ""Gokulam Kerala FC"", ""awayId"": 393250, ""date"": ""2026-05-12T13:00:00Z"", ""home"": ""Namdhari FC"", ""homeId"": 1067806, ""id"": 71338142, ""league"": {""name"": ""India - I-League"", ""slug"": ""india-i-league""}, ""scores"": {""away"": 0, ""home"": 0}, ""sport"": {""name"": ""Football"", ""slug"": ""football""}, ""status"": ""pending""}}",,,,,,,,,,,,,,,,,,,,,,,,,,,,,,,
soccer|gokulam|namdhari|2026-05-12,day_inventory,soccer|gokulam|namdhari|2026-05-12,soccer,I-League,Namdhari,Gokulam,2026-05-12T13:00:00+00:00,mid,"{""country"": ""India"", ""day_inventory"": true, ""day_inventory_coverage"": {""context"": false, ""fixture_core"": true, ""form"": false, ""news"": false, ""odds"": false, ""ready_for_model"": false, ""ready_for_publish"": false, ""weather"": false, ""xg"": false}, ""day_inventory_path"": "".data/day_inventory/2026-05-12.json"", ""day_inventory_refresh"": {""last_context_refresh_utc"": null, ""last_fixture_refresh_utc"": ""2026-05-11T21:01:46.402442+00:00"", ""last_odds_refresh_utc"": null}, ""day_inventory_source_ids"": {""sstats"": ""1544314""}, ""flash_id"": """", ""league_id"": ""324"", ""provider"": ""sstats"", ""provider_source_ids"": {""sstats"": ""1544314""}, ""season_id"": """", ""sources_seen"": ""sstats"", ""status"": ""2""}",,,,,,,,,,,,,,,,,,,,,,,,,,,,,,,
soccer|mika yerevan|shirak gyumri 2|2026-05-12,odds_api_io,71231936,soccer,Armenia - First League,FC Mika Yerevan,FC Shirak Gyumri 2,2026-05-12T13:00:00+00:00,mid,"{""competition"": ""Armenia - First League"", ""odds_api_io_id"": 71231936, ""raw_event"": {""away"": ""FC Shirak Gyumri 2"", ""awayId"": 36154, ""date"": ""2026-05-12T13:00:00Z"", ""home"": ""FC Mika Yerevan"", ""homeId"": 5229, ""id"": 71231936, ""league"": {""name"": ""Armenia - First League"", ""slug"": ""armenia-first-league""}, ""scores"": {""away"": 0, ""home"": 0}, ""sport"": {""name"": ""Football"", ""slug"": ""football""}, ""status"": ""pending""}}",,,,,,,,,,,,,,,,,,,,,,,,,,,,,,,
soccer|mika|shirak 2|2026-05-12,day_inventory,soccer|mika|shirak 2|2026-05-12,soccer,First League,Mika,Shirak II,2026-05-12T13:00:00+00:00,mid,"{""country"": ""Armenia"", ""day_inventory"": true, ""day_inventory_coverage"": {""context"": false, ""fixture_core"": true, ""form"": false, ""news"": false, ""odds"": false, ""ready_for_model"": false, ""ready_for_publish"": false, ""weather"": false, ""xg"": false}, ""day_inventory_path"": "".data/day_inventory/2026-05-12.json"", ""day_inventory_refresh"": {""last_context_refresh_utc"": null, ""last_fixture_refresh_utc"": ""2026-05-11T21:01:46.402294+00:00"", ""last_odds_refresh_utc"": null}, ""day_inventory_source_ids"": {""sstats"": ""1543028""}, ""flash_id"": ""8hNFs2Ts"", ""league_id"": ""343"", ""provider"": ""sstats"", ""provider_source_ids"": {""sstats"": ""1543028""}, ""season_id"": """", ""sources_seen"": ""sstats"", ""status"": ""2""}",,,,,,,,,,,,,,,,,,,,,,,,,,,,,,,
soccer|napsa stars|zanaco|2026-05-12,odds_api_io,71423450,soccer,Zambia - Super League,Napsa Stars,Zanaco FC,2026-05-12T13:00:00+00:00,mid,"{""competition"": ""Zambia - Super League"", ""odds_api_io_id"": 71423450, ""raw_event"": {""away"": ""Zanaco FC"", ""awayId"": 195260, ""date"": ""2026-05-12T13:00:00Z"", ""home"": ""Napsa Stars"", ""homeId"": 195270, ""id"": 71423450, ""league"": {""name"": ""Zambia - Super League"", ""slug"": ""zambia-super-league""}, ""scores"": {""away"": 0, ""home"": 0}, ""sport"": {""name"": ""Football"", ""slug"": ""football""}, ""status"": ""pending""}}",,,,,,,,,,,,,,,,,,,,,,,,,,,,,,,
soccer|police|vipers|2026-05-12,day_inventory,soccer|police|vipers|2026-05-12,soccer,Premier League,Police,Vipers,2026-05-12T13:00:00+00:00,mid,"{""country"": ""Uganda"", ""day_inventory"": true, ""day_inventory_coverage"": {""context"": false, ""fixture_core"": true, ""form"": false, ""news"": false, ""odds"": false, ""ready_for_model"": false, ""ready_for_publish"": false, ""weather"": false, ""xg"": false}, ""day_inventory_path"": "".data/day_inventory/2026-05-12.json"", ""day_inventory_refresh"": {""last_context_refresh_utc"": null, ""last_fixture_refresh_utc"": ""2026-05-11T21:01:46.403257+00:00"", ""last_odds_refresh_utc"": null}, ""day_inventory_source_ids"": {""sstats"": ""1516339""}, ""flash_id"": """", ""league_id"": ""585"", ""provider"": ""sstats"", ""provider_source_ids"": {""sstats"": ""1516339""}, ""season_id"": """", ""sources_seen"": ""sstats"", ""status"": ""2""}",,,,,,,,,,,,,,,,,,,,,,,,,,,,,,,
soccer|uganda police|vipers|2026-05-12,odds_api_io,70316208,soccer,Uganda - Premier League,Uganda Police FC,Vipers SC,2026-05-12T13:00:00+00:00,mid,"{""competition"": ""Uganda - Premier League"", ""odds_api_io_id"": 70316208, ""raw_event"": {""away"": ""Vipers SC"", ""awayId"": 218704, ""date"": ""2026-05-12T13:00:00Z"", ""home"": ""Uganda Police FC"", ""homeId"": 375398, ""id"": 70316208, ""league"": {""name"": ""Uganda - Premier League"", ""slug"": ""uganda-premier-league""}, ""scores"": {""away"": 0, ""home"": 0}, ""sport"": {""name"": ""Football"", ""slug"": ""football""}, ""status"": ""pending""}}",,,,,,,,,,,,,,,,,,,,,,,,,,,,,,,
soccer|jkt tanzania|tabora united|2026-05-12,day_inventory,soccer|jkt tanzania|tabora united|2026-05-12,soccer,Ligi kuu Bara,Tabora United,JKT Tanzania,2026-05-12T13:15:00+00:00,mid,"{""country"": ""Tanzania"", ""day_inventory"": true, ""day_inventory_coverage"": {""context"": false, ""fixture_core"": true, ""form"": false, ""news"": false, ""odds"": false, ""ready_for_model"": false, ""ready_for_publish"": false, ""weather"": false, ""xg"": false}, ""day_inventory_path"": "".data/day_inventory/2026-05-12.json"", ""day_inventory_refresh"": {""last_context_refresh_utc"": null, ""last_fixture_refresh_utc"": ""2026-05-11T21:01:46.404330+00:00"", ""last_odds_refresh_utc"": null}, ""day_inventory_source_ids"": {""sstats"": ""1477228""}, ""flash_id"": ""0zJPSXl1"", ""league_id"": ""567"", ""provider"": ""sstats"", ""provider_source_ids"": {""sstats"": ""1477228""}, ""season_id"": """", ""sources_seen"": ""sstats"", ""status"": ""2""}",,,,,,,,,,,,,,,,,,,,,,,,,,,,,,,
soccer|jkt tanzania|tra united|2026-05-12,odds_api_io,70478164,soccer,Tanzania - Premier League,TRA United,Jkt Tanzania,2026-05-12T13:15:00+00:00,mid,"{""competition"": ""Tanzania - Premier League"", ""odds_api_io_id"": 70478164, ""raw_event"": {""away"": ""Jkt Tanzania"", ""awayId"": 495358, ""date"": ""2026-05-12T13:15:00Z"", ""home"": ""TRA United"", ""homeId"": 788884, ""id"": 70478164, ""league"": {""name"": ""Tanzania - Premier League"", ""slug"": ""tanzania-premier-league""}, ""scores"": {""away"": 0, ""home"": 0}, ""sport"": {""name"": ""Football"", ""slug"": ""football""}, ""status"": ""pending""}}",,totals,Меньше 2,,,2.0,,,,,52.94,51.12,,,71.98,,,controlled_consensus_rescue,79.853,,,,,,,,,,,,
soccer|bdf xi|mochudi centre chiefs|2026-05-12,odds_api_io,62945461,soccer,Botswana - Premier League,Bdf Xi,Mochudi Centre Chiefs,2026-05-12T13:30:00+00:00,mid,"{""competition"": ""Botswana - Premier League"", ""odds_api_io_id"": 62945461, ""raw_event"": {""away"": ""Mochudi Centre Chiefs"", ""awayId"": 134296, ""date"": ""2026-05-12T13:30:00Z"", ""home"": ""Bdf Xi"", ""homeId"": 406201, ""id"": 62945461, ""league"": {""name"": ""Botswana - Premier League"", ""slug"": ""botswana-premier-league""}, ""scores"": {""away"": 0, ""home"": 0}, ""sport"": {""name"": ""Football"", ""slug"": ""football""}, ""status"": ""pending""}}",,,,,,,,,,,,,,,,,,,,,,,,,,,,,,,
soccer|al khaboora|sur|2026-05-12,odds_api_io,71336688,soccer,Oman - Omani League,Sur SC,Al-Khaboora,2026-05-12T13:50:00+00:00,mid,"{""competition"": ""Oman - Omani League"", ""odds_api_io_id"": 71336688, ""raw_event"": {""away"": ""Al-Khaboora"", ""awayId"": 173430, ""date"": ""2026-05-12T13:50:00Z"", ""home"": ""Sur SC"", ""homeId"": 57439, ""id"": 71336688, ""league"": {""name"": ""Oman - Omani League"", ""slug"": ""oman-omani-league""}, ""scores"": {""away"": 0, ""home"": 0}, ""sport"": {""name"": ""Football"", ""slug"": ""football""}, ""status"": ""pending""}}",,,,,,,,,,,,,,,,,,,,,,,,,,,,,,,
soccer|al khabourah|sur|2026-05-12,day_inventory,soccer|al khabourah|sur|2026-05-12,soccer,Professional League,Sur,Al-Khabourah,2026-05-12T13:50:00+00:00,mid,"{""country"": ""Oman"", ""day_inventory"": true, ""day_inventory_coverage"": {""context"": false, ""fixture_core"": true, ""form"": false, ""news"": false, ""odds"": false, ""ready_for_model"": false, ""ready_for_publish"": false, ""weather"": false, ""xg"": false}, ""day_inventory_path"": "".data/day_inventory/2026-05-12.json"", ""day_inventory_refresh"": {""last_context_refresh_utc"": null, ""last_fixture_refresh_utc"": ""2026-05-11T21:01:46.405037+00:00"", ""last_odds_refresh_utc"": null}, ""day_inventory_source_ids"": {""sstats"": ""1540925""}, ""flash_id"": ""vJxKgOMb"", ""league_id"": ""406"", ""provider"": ""sstats"", ""provider_source_ids"": {""sstats"": ""1540925""}, ""season_id"": """", ""sources_seen"": ""sstats"", ""status"": ""2""}",,,,,,,,,,,,,,,,,,,,,,,,,,,,,,,
soccer|atk mohun bagan|inter kashi|2026-05-12,day_inventory,soccer|atk mohun bagan|inter kashi|2026-05-12,soccer,Indian Super League,ATK Mohun Bagan,Inter Kashi,2026-05-12T14:00:00+00:00,mid,"{""country"": ""India"", ""day_inventory"": true, ""day_inventory_coverage"": {""context"": false, ""fixture_core"": true, ""form"": false, ""news"": false, ""odds"": false, ""ready_for_model"": false, ""ready_for_publish"": false, ""weather"": false, ""xg"": false}, ""day_inventory_path"": "".data/day_inventory/2026-05-12.json"", ""day_inventory_refresh"": {""last_context_refresh_utc"": null, ""last_fixture_refresh_utc"": ""2026-05-11T21:01:46.405994+00:00"", ""last_odds_refresh_utc"": null}, ""day_inventory_source_ids"": {""sstats"": ""1521343""}, ""flash_id"": """", ""league_id"": ""323"", ""provider"": ""sstats"", ""provider_source_ids"": {""sstats"": ""1521343""}, ""season_id"": """", ""sources_seen"": ""sstats"", ""status"": ""2""}",,,,,,,,,,,,,,,,,,,,,,,,,,,,,,,
soccer|calvary|ura|2026-05-12,odds_api_io,70316166,soccer,Uganda - Premier League,URA FC,Calvary,2026-05-12T14:00:00+00:00,mid,"{""competition"": ""Uganda - Premier League"", ""odds_api_io_id"": 70316166, ""raw_event"": {""away"": ""Calvary"", ""awayId"": 528181, ""date"": ""2026-05-12T14:00:00Z"", ""home"": ""URA FC"", ""homeId"": 366558, ""id"": 70316166, ""league"": {""name"": ""Uganda - Premier League"", ""slug"": ""uganda-premier-league""}, ""scores"": {""away"": 0, ""home"": 0}, ""sport"": {""name"": ""Football"", ""slug"": ""football""}, ""status"": ""pending""}}",,,,,,,,,,,,,,,,,,,,,,,,,,,,,,,
soccer|celeste|don bosco|2026-05-12,day_inventory,soccer|celeste|don bosco|2026-05-12,soccer,Ligue 1,Céleste,Don Bosco,2026-05-12T14:00:00+00:00,mid,"{""country"": ""Congo-DR"", ""day_inventory"": true, ""day_inventory_coverage"": {""context"": false, ""fixture_core"": true, ""form"": false, ""news"": false, ""odds"": false, ""ready_for_model"": false, ""ready_for_publish"": false, ""weather"": false, ""xg"": false}, ""day_inventory_path"": "".data/day_inventory/2026-05-12.json"", ""day_inventory_refresh"": {""last_context_refresh_utc"": null, ""last_fixture_refresh_utc"": ""2026-05-11T21:01:46.406196+00:00"", ""last_odds_refresh_utc"": null}, ""day_inventory_source_ids"": {""sstats"": ""1542502""}, ""flash_id"": """", ""league_id"": ""424"", ""provider"": ""sstats"", ""provider_source_ids"": {""sstats"": ""1542502""}, ""season_id"": """", ""sources_seen"": ""sstats"", ""status"": ""2""}",,,,,,,,,,,,,,,,,,,,,,,,,,,,,,,
soccer|el gouna|kahraba ismailia|2026-05-12,day_inventory,soccer|el gouna|kahraba ismailia|2026-05-12,soccer,Premier League,El Gouna FC,Kahraba Ismailia,2026-05-12T14:00:00+00:00,mid,"{""country"": ""Egypt"", ""day_inventory"": true, ""day_inventory_coverage"": {""context"": false, ""fixture_core"": true, ""form"": false, ""news"": false, ""odds"": false, ""ready_for_model"": false, ""ready_for_publish"": false, ""weather"": false, ""xg"": false}, ""day_inventory_path"": "".data/day_inventory/2026-05-12.json"", ""day_inventory_refresh"": {""last_context_refresh_utc"": null, ""last_fixture_refresh_utc"": ""2026-05-11T21:01:46.406544+00:00"", ""last_odds_refresh_utc"": null}, ""day_inventory_source_ids"": {""sstats"": ""1533636""}, ""flash_id"": ""GhNflqoo"", ""league_id"": ""233"", ""provider"": ""sstats"", ""provider_source_ids"": {""sstats"": ""1533636""}, ""season_id"": """", ""sources_seen"": ""sstats"", ""status"": ""2""}",,,,,,,,,,,,,,,,,,,,,,,,,,,,,,,
soccer|el gouna|kahrabaa ismailia|2026-05-12,odds_api_io,69880304,soccer,Egypt - Premier League,El Gouna FC,Kahrabaa Ismailia,2026-05-12T14:00:00+00:00,mid,"{""competition"": ""Egypt - Premier League"", ""odds_api_io_id"": 69880304, ""raw_event"": {""away"": ""Kahrabaa Ismailia"", ""awayId"": 510490, ""date"": ""2026-05-12T14:00:00Z"", ""home"": ""El Gouna FC"", ""homeId"": 43565, ""id"": 69880304, ""league"": {""name"": ""Egypt - Premier League"", ""slug"": ""egypt-premier-league""}, ""scores"": {""away"": 0, ""home"": 0}, ""sport"": {""name"": ""Football"", ""slug"": ""football""}, ""status"": ""pending""}}",,,,,,,,,,,,,,,,,,,,,,,,,,,,,,,
soccer|future|pharco|2026-05-12,day_inventory,soccer|future|pharco|2026-05-12,soccer,Premier League,Pharco,Future FC,2026-05-12T14:00:00+00:00,mid,"{""country"": ""Egypt"", ""day_inventory"": true, ""day_inventory_coverage"": {""context"": false, ""fixture_core"": true, ""form"": false, ""news"": false, ""odds"": false, ""ready_for_model"": false, ""ready_for_publish"": false, ""weather"": false, ""xg"": false}, ""day_inventory_path"": "".data/day_inventory/2026-05-12.json"", ""day_inventory_refresh"": {""last_context_refresh_utc"": null, ""last_fixture_refresh_utc"": ""2026-05-11T21:01:46.406711+00:00"", ""last_odds_refresh_utc"": null}, ""day_inventory_source_ids"": {""sstats"": ""1533637""}, ""flash_id"": ""MkAtCnwh"", ""league_id"": ""233"", ""provider"": ""sstats"", ""provider_source_ids"": {""sstats"": ""1533637""}, ""season_id"": """", ""sources_seen"": ""sstats"", ""status"": ""2""}",,,,,,,,,,,,,,,,,,,,,,,,,,,,,,,
soccer|inter kashi|mohun bagan super giant|2026-05-12,odds_api_io,68746468,soccer,India - Indian Super League,Mohun Bagan Super Giant,Inter Kashi FC,2026-05-12T14:00:00+00:00,mid,"{""competition"": ""India - Indian Super League"", ""odds_api_io_id"": 68746468, ""raw_event"": {""away"": ""Inter Kashi FC"", ""awayId"": 1061008, ""date"": ""2026-05-12T14:00:00Z"", ""home"": ""Mohun Bagan Super Giant"", ""homeId"": 759052, ""id"": 68746468, ""league"": {""name"": ""India - Indian Super League"", ""slug"": ""india-indian-super-league""}, ""scores"": {""away"": 0, ""home"": 0}, ""sport"": {""name"": ""Football"", ""slug"": ""football""}, ""status"": ""pending""}}",,totals,Меньше 3.5,,,3.5,,,,,59.27,57.97,,,70.28,,,controlled_consensus_rescue,74.815,,,,,,,,,,,,
soccer|inter turku|js hercules|2026-05-12,odds_api_io,71325988,soccer,Finland - Suomen Cup,FC Inter Turku,JS Hercules,2026-05-12T14:00:00+00:00,mid,"{""competition"": ""Finland - Suomen Cup"", ""odds_api_io_id"": 71325988, ""raw_event"": {""away"": ""JS Hercules"", ""awayId"": 200267, ""date"": ""2026-05-12T14:00:00Z"", ""home"": ""FC Inter Turku"", ""homeId"": 2247, ""id"": 71325988, ""league"": {""name"": ""Finland - Suomen Cup"", ""slug"": ""finland-suomen-cup""}, ""scores"": {""away"": 0, ""home"": 0}, ""sport"": {""name"": ""Football"", ""slug"": ""football""}, ""status"": ""pending""}}",,,,,,,,,,,,,,,,,,,,,,,,,,,,,,,
soccer|modern sport|pharco|2026-05-12,odds_api_io,69880306,soccer,Egypt - Premier League,Pharco FC,Modern Sport FC,2026-05-12T14:00:00+00:00,mid,"{""competition"": ""Egypt - Premier League"", ""odds_api_io_id"": 69880306, ""raw_event"": {""away"": ""Modern Sport FC"", ""awayId"": 375678, ""date"": ""2026-05-12T14:00:00Z"", ""home"": ""Pharco FC"", ""homeId"": 307074, ""id"": 69880306, ""league"": {""name"": ""Egypt - Premier League"", ""slug"": ""egypt-premier-league""}, ""scores"": {""away"": 0, ""home"": 0}, ""sport"": {""name"": ""Football"", ""slug"": ""football""}, ""status"": ""pending""}}",,totals,Меньше 1.5,,,1.5,,,,,40.25,38.84,,,70.66,,,controlled_consensus_rescue,77.322,,,,,,,,,,,,
soccer|simba|vita|2026-05-12,day_inventory,soccer|simba|vita|2026-05-12,soccer,Ligue 1,Vita Club,Simba,2026-05-12T14:00:00+00:00,mid,"{""country"": ""Congo-DR"", ""day_inventory"": true, ""day_inventory_coverage"": {""context"": false, ""fixture_core"": true, ""form"": false, ""news"": false, ""odds"": false, ""ready_for_model"": false, ""ready_for_publish"": false, ""weather"": false, ""xg"": false}, ""day_inventory_path"": "".data/day_inventory/2026-05-12.json"", ""day_inventory_refresh"": {""last_context_refresh_utc"": null, ""last_fixture_refresh_utc"": ""2026-05-11T21:01:46.406363+00:00"", ""last_odds_refresh_utc"": null}, ""day_inventory_source_ids"": {""sstats"": ""1542495""}, ""flash_id"": """", ""league_id"": ""424"", ""provider"": ""sstats"", ""provider_source_ids"": {""sstats"": ""1542495""}, ""season_id"": """", ""sources_seen"": ""sstats"", ""status"": ""2""}",,,,,,,,,,,,,,,,,,,,,,,,,,,,,,,
soccer|bitam|lozo|2026-05-12,day_inventory,soccer|bitam|lozo|2026-05-12,soccer,Championnat D1,Lozo,Bitam,2026-05-12T14:30:00+00:00,mid,"{""country"": ""Gabon"", ""day_inventory"": true, ""day_inventory_coverage"": {""context"": false, ""fixture_core"": true, ""form"": false, ""news"": false, ""odds"": false, ""ready_for_model"": false, ""ready_for_publish"": false, ""weather"": false, ""xg"": false}, ""day_inventory_path"": "".data/day_inventory/2026-05-12.json"", ""day_inventory_refresh"": {""last_context_refresh_utc"": null, ""last_fixture_refresh_utc"": ""2026-05-11T21:01:46.407022+00:00"", ""last_odds_refresh_utc"": null}, ""day_inventory_source_ids"": {""sstats"": ""1533175""}, ""flash_id"": """", ""league_id"": ""968"", ""provider"": ""sstats"", ""provider_source_ids"": {""sstats"": ""1533175""}, ""season_id"": """", ""sources_seen"": ""sstats"", ""status"": ""2""}",,,,,,,,,,,,,,,,,,,,,,,,,,,,,,,
soccer|cherno more varna|lokomotiv plovdiv|2026-05-12,day_inventory,soccer|cherno more varna|lokomotiv plovdiv|2026-05-12,soccer,Parva Liga,Cherno More Varna,Lokomotiv Plovdiv,2026-05-12T14:45:00+00:00,mid,"{""country"": """", ""day_inventory"": true, ""day_inventory_coverage"": {""context"": false, ""fixture_core"": true, ""form"": false, ""news"": false, ""odds"": false, ""ready_for_model"": false, ""ready_for_publish"": false, ""weather"": false, ""xg"": false}, ""day_inventory_path"": "".data/day_inventory/2026-05-12.json"", ""day_inventory_refresh"": {""last_context_refresh_utc"": null, ""last_fixture_refresh_utc"": ""2026-05-11T21:01:46.407430+00:00"", ""last_odds_refresh_utc"": null}, ""day_inventory_source_ids"": {""bzzoiro"": ""203005"", ""sstats"": ""1540968""}, ""period"": """", ""provider"": ""bzzoiro"", ""provider_source_ids"": {""bzzoiro"": ""203005"", ""sstats"": ""1540968""}, ""sources_seen"": ""bzzoiro,sstats"", ""status"": ""notstarted"", ""venue"": ""{'id': 322, 'name': 'Ticha Stadium', 'city': 'Varna', 'country': 'Bulgaria', 'capacity': 6250, 'latitude': 43.215833, 'longitude': 27.931389, 'pitch_x': None, 'pitch_y': None, 'built_year': 1968}""}",,,,,,,,,,,,,,,,,,,,,,,,,,,,,,,
soccer|pfc cherno more varna|pfc lokomotiv plovdiv|2026-05-12,odds_api_io,70906728,soccer,Bulgaria - Parva Liga,PFC Cherno More Varna,PFC Lokomotiv Plovdiv,2026-05-12T14:45:00+00:00,mid,"{""competition"": ""Bulgaria - Parva Liga"", ""odds_api_io_id"": 70906728, ""raw_event"": {""away"": ""PFC Lokomotiv Plovdiv"", ""awayId"": 3272, ""date"": ""2026-05-12T14:45:00Z"", ""home"": ""PFC Cherno More Varna"", ""homeId"": 3280, ""id"": 70906728, ""league"": {""name"": ""Bulgaria - Parva Liga"", ""slug"": ""bulgaria-parva-liga""}, ""scores"": {""away"": 0, ""home"": 0}, ""sport"": {""name"": ""Football"", ""slug"": ""football""}, ""status"": ""pending""}}",,,,,,,,,,,,,,,,,,,,,,,,,,,,,,,
soccer|a sakiet edayer|cs redeyef|2026-05-12,odds_api_io,71255510,soccer,Tunisia - Ligue 2,A Sakiet Edayer,CS Redeyef,2026-05-12T15:00:00+00:00,mid,"{""competition"": ""Tunisia - Ligue 2"", ""odds_api_io_id"": 71255510, ""raw_event"": {""away"": ""CS Redeyef"", ""awayId"": 402381, ""date"": ""2026-05-12T15:00:00Z"", ""home"": ""A Sakiet Edayer"", ""homeId"": 302328, ""id"": 71255510, ""league"": {""name"": ""Tunisia - Ligue 2"", ""slug"": ""tunisia-ligue-2""}, ""scores"": {""away"": 0, ""home"": 0}, ""sport"": {""name"": ""Football"", ""slug"": ""football""}, ""status"": ""pending""}}",,,,,,,,,,,,,,,,,,,,,,,,,,,,,,,
soccer|al faisaly jor|ramtha|2026-05-12,odds_api_io,71228890,soccer,Jordan - Jordan Cup,AL Faisaly (Jor),Ramtha SC,2026-05-12T15:00:00+00:00,mid,"{""competition"": ""Jordan - Jordan Cup"", ""odds_api_io_id"": 71228890, ""raw_event"": {""away"": ""Ramtha SC"", ""awayId"": 54595, ""date"": ""2026-05-12T15:00:00Z"", ""home"": ""AL Faisaly (Jor)"", ""homeId"": 47482, ""id"": 71228890, ""league"": {""name"": ""Jordan - Jordan Cup"", ""slug"": ""jordan-jordan-cup""}, ""scores"": {""away"": 0, ""home"": 0}, ""sport"": {""name"": ""Football"", ""slug"": ""football""}, ""status"": ""pending""}}",,,,,,,,,,,,,,,,,,,,,,,,,,,,,,,
soccer|al faisaly|al ramtha|2026-05-12,day_inventory,soccer|al faisaly|al ramtha|2026-05-12,soccer,Cup,Al Faisaly,Al Ramtha,2026-05-12T15:00:00+00:00,mid,"{""country"": ""Jordan"", ""day_inventory"": true, ""day_inventory_coverage"": {""context"": false, ""fixture_core"": true, ""form"": false, ""news"": false, ""odds"": false, ""ready_for_model"": false, ""ready_for_publish"": false, ""weather"": false, ""xg"": false}, ""day_inventory_path"": "".data/day_inventory/2026-05-12.json"", ""day_inventory_refresh"": {""last_context_refresh_utc"": null, ""last_fixture_refresh_utc"": ""2026-05-11T21:01:46.408000+00:00"", ""last_odds_refresh_utc"": null}, ""day_inventory_source_ids"": {""sstats"": ""1543736""}, ""flash_id"": ""ABpIX0gR"", ""league_id"": ""863"", ""provider"": ""sstats"", ""provider_source_ids"": {""sstats"": ""1543736""}, ""season_id"": """", ""sources_seen"": ""sstats"", ""status"": ""2""}",,totals,Больше 3,,,3.0,,,,,51.79,50.38,,,70.66,,,controlled_consensus_rescue,76.24,,,,,,,,,,,,
soccer|ariana|moknine|2026-05-12,day_inventory,soccer|ariana|moknine|2026-05-12,soccer,Ligue 2,Moknine,Ariana,2026-05-12T15:00:00+00:00,mid,"{""country"": ""Tunisia"", ""day_inventory"": true, ""day_inventory_coverage"": {""context"": false, ""fixture_core"": true, ""form"": false, ""news"": false, ""odds"": false, ""ready_for_model"": false, ""ready_for_publish"": false, ""weather"": false, ""xg"": false}, ""day_inventory_path"": "".data/day_inventory/2026-05-12.json"", ""day_inventory_refresh"": {""last_context_refresh_utc"": null, ""last_fixture_refresh_utc"": ""2026-05-11T21:01:46.409764+00:00"", ""last_odds_refresh_utc"": null}, ""day_inventory_source_ids"": {""sstats"": ""1544159""}, ""flash_id"": """", ""league_id"": ""828"", ""provider"": ""sstats"", ""provider_source_ids"": {""sstats"": ""1544159""}, ""season_id"": """", ""sources_seen"": ""sstats"", ""status"": ""2""}",,,,,,,,,,,,,,,,,,,,,,,,,,,,,,,
soccer|as ariana|moknine|2026-05-12,odds_api_io,71255504,soccer,Tunisia - Ligue 2,SC Moknine,AS Ariana,2026-05-12T15:00:00+00:00,mid,"{""competition"": ""Tunisia - Ligue 2"", ""odds_api_io_id"": 71255504, ""raw_event"": {""away"": ""AS Ariana"", ""awayId"": 296026, ""date"": ""2026-05-12T15:00:00Z"", ""home"": ""SC Moknine"", ""homeId"": 302318, ""id"": 71255504, ""league"": {""name"": ""Tunisia - Ligue 2"", ""slug"": ""tunisia-ligue-2""}, ""scores"": {""away"": 0, ""home"": 0}, ""sport"": {""name"": ""Football"", ""slug"": ""football""}, ""status"": ""pending""}}",,,,,,,,,,,,,,,,,,,,,,,,,,,,,,,
soccer|as djelma|stade gabesien|2026-05-12,odds_api_io,71255506,soccer,Tunisia - Ligue 2,AS Djelma,Stade Gabesien,2026-05-12T15:00:00+00:00,mid,"{""competition"": ""Tunisia - Ligue 2"", ""odds_api_io_id"": 71255506, ""raw_event"": {""away"": ""Stade Gabesien"", ""awayId"": 83995, ""date"": ""2026-05-12T15:00:00Z"", ""home"": ""AS Djelma"", ""homeId"": 302312, ""id"": 71255506, ""league"": {""name"": ""Tunisia - Ligue 2"", ""slug"": ""tunisia-ligue-2""}, ""scores"": {""away"": 0, ""home"": 0}, ""sport"": {""name"": ""Football"", ""slug"": ""football""}, ""status"": ""pending""}}",,,,,,,,,,,,,,,,,,,,,,,,,,,,,,,
soccer|as kasserine|ksour essef|2026-05-12,day_inventory,soccer|as kasserine|ksour essef|2026-05-12,soccer,Ligue 2,AS Kasserine,Ksour Essef,2026-05-12T15:00:00+00:00,mid,"{""country"": ""Tunisia"", ""day_inventory"": true, ""day_inventory_coverage"": {""context"": false, ""fixture_core"": true, ""form"": false, ""news"": false, ""odds"": false, ""ready_for_model"": false, ""ready_for_publish"": false, ""weather"": false, ""xg"": false}, ""day_inventory_path"": "".data/day_inventory/2026-05-12.json"", ""day_inventory_refresh"": {""last_context_refresh_utc"": null, ""last_fixture_refresh_utc"": ""2026-05-11T21:01:46.409261+00:00"", ""last_odds_refresh_utc"": null}, ""day_inventory_source_ids"": {""sstats"": ""1544158""}, ""flash_id"": ""tlKzLpdk"", ""league_id"": ""828"", ""provider"": ""sstats"", ""provider_source_ids"": {""sstats"": ""1544158""}, ""season_id"": """", ""sources_seen"": ""sstats"", ""status"": ""2""}",,,,,,,,,,,,,,,,,,,,,,,,,,,,,,,
soccer|as kasserine|us ksour essaf|2026-05-12,odds_api_io,71255508,soccer,Tunisia - Ligue 2,AS Kasserine,US Ksour Essaf,2026-05-12T15:00:00+00:00,mid,"{""competition"": ""Tunisia - Ligue 2"", ""odds_api_io_id"": 71255508, ""raw_event"": {""away"": ""US Ksour Essaf"", ""awayId"": 239038, ""date"": ""2026-05-12T15:00:00Z"", ""home"": ""AS Kasserine"", ""homeId"": 148872, ""id"": 71255508, ""league"": {""name"": ""Tunisia - Ligue 2"", ""slug"": ""tunisia-ligue-2""}, ""scores"": {""away"": 0, ""home"": 0}, ""sport"": {""name"": ""Football"", ""slug"": ""football""}, ""status"": ""pending""}}",,,,,,,,,,,,,,,,,,,,,,,,,,,,,,,
soccer|as marsa|jeunesse sportive omrane|2026-05-12,day_inventory,soccer|as marsa|jeunesse sportive omrane|2026-05-12,soccer,Ligue 1,Jeunesse Sportive Omrane,AS Marsa,2026-05-12T15:00:00+00:00,mid,"{""country"": ""Tunisia"", ""day_inventory"": true, ""day_inventory_coverage"": {""context"": false, ""fixture_core"": true, ""form"": false, ""news"": false, ""odds"": false, ""ready_for_model"": false, ""ready_for_publish"": false, ""weather"": false, ""xg"": false}, ""day_inventory_path"": "".data/day_inventory/2026-05-12.json"", ""day_inventory_refresh"": {""last_context_refresh_utc"": null, ""last_fixture_refresh_utc"": ""2026-05-11T21:01:46.409093+00:00"", ""last_odds_refresh_utc"": null}, ""day_inventory_source_ids"": {""sstats"": ""1542710""}, ""flash_id"": ""nX5MUtTq"", ""league_id"": ""202"", ""provider"": ""sstats"", ""provider_source_ids"": {""sstats"": ""1542710""}, ""season_id"": """", ""sources_seen"": ""sstats"", ""status"": ""2""}",,,,,,,,,,,,,,,,,,,,,,,,,,,,,,,
soccer|avenir s marsa|js omrane|2026-05-12,odds_api_io,71372082,soccer,Tunisia - Ligue 1,JS Omrane,Avenir S Marsa,2026-05-12T15:00:00+00:00,mid,"{""competition"": ""Tunisia - Ligue 1"", ""odds_api_io_id"": 71372082, ""raw_event"": {""away"": ""Avenir S Marsa"", ""awayId"": 59614, ""date"": ""2026-05-12T15:00:00Z"", ""home"": ""JS Omrane"", ""homeId"": 672949, ""id"": 71372082, ""league"": {""name"": ""Tunisia - Ligue 1"", ""slug"": ""tunisia-ligue-1""}, ""scores"": {""away"": 0, ""home"": 0}, ""sport"": {""name"": ""Football"", ""slug"": ""football""}, ""status"": ""pending""}}",,totals,Меньше 2,,,2.0,,,,,52.55,50.87,,,71.53,,,controlled_consensus_rescue,78.636,,,,,,,,,,,,
soccer|avenir sportif la marsa|js omrane|2026-05-12,day_inventory,soccer|avenir sportif la marsa|js omrane|2026-05-12,soccer,Tunisian Ligue Professionnelle 1,JS Omrane,Avenir Sportif De La Marsa,2026-05-12T15:00:00+00:00,mid,"{""country"": """", ""day_inventory"": true, ""day_inventory_coverage"": {""context"": false, ""fixture_core"": true, ""form"": false, ""news"": false, ""odds"": false, ""ready_for_model"": false, ""ready_for_publish"": false, ""weather"": false, ""xg"": false}, ""day_inventory_path"": "".data/day_inventory/2026-05-12.json"", ""day_inventory_refresh"": {""last_context_refresh_utc"": null, ""last_fixture_refresh_utc"": ""2026-05-11T21:01:46.412610+00:00"", ""last_odds_refresh_utc"": null}, ""day_inventory_source_ids"": {""bzzoiro"": ""207158""}, ""period"": """", ""provider"": ""bzzoiro"", ""provider_source_ids"": {""bzzoiro"": ""207158""}, ""sources_seen"": ""bzzoiro"", ""status"": ""notstarted"", ""venue"": """"}",,,,,,,,,,,,,,,,,,,,,,,,,,,,,,,
soccer|bouchamma|korba|2026-05-12,day_inventory,soccer|bouchamma|korba|2026-05-12,soccer,Ligue 2,Bouchamma,Korba,2026-05-12T15:00:00+00:00,mid,"{""country"": ""Tunisia"", ""day_inventory"": true, ""day_inventory_coverage"": {""context"": false, ""fixture_core"": true, ""form"": false, ""news"": false, ""odds"": false, ""ready_for_model"": false, ""ready_for_publish"": false, ""weather"": false, ""xg"": false}, ""day_inventory_path"": "".data/day_inventory/2026-05-12.json"", ""day_inventory_refresh"": {""last_context_refresh_utc"": null, ""last_fixture_refresh_utc"": ""2026-05-11T21:01:46.409442+00:00"", ""last_odds_refresh_utc"": null}, ""day_inventory_source_ids"": {""sstats"": ""1544154""}, ""flash_id"": ""vuAUtSI8"", ""league_id"": ""828"", ""provider"": ""sstats"", ""provider_source_ids"": {""sstats"": ""1544154""}, ""season_id"": """", ""sources_seen"": ""sstats"", ""status"": ""2""}",,,,,,,,,,,,,,,,,,,,,,,,,,,,,,,
soccer|carina gubin|zag ebie lubin 2|2026-05-12,day_inventory,soccer|carina gubin|zag ebie lubin 2|2026-05-12,soccer,III Liga - Group 3,Zagłębie Lubin II,Carina Gubin,2026-05-12T15:00:00+00:00,mid,"{""country"": ""Poland"", ""day_inventory"": true, ""day_inventory_coverage"": {""context"": false, ""fixture_core"": true, ""form"": false, ""news"": false, ""odds"": false, ""ready_for_model"": false, ""ready_for_publish"": false, ""weather"": false, ""xg"": false}, ""day_inventory_path"": "".data/day_inventory/2026-05-12.json"", ""day_inventory_refresh"": {""last_context_refresh_utc"": null, ""last_fixture_refresh_utc"": ""2026-05-11T21:01:46.408534+00:00"", ""last_odds_refresh_utc"": null}, ""day_inventory_source_ids"": {""sstats"": ""1411042""}, ""flash_id"": ""lvM7hICl"", ""league_id"": ""782"", ""provider"": ""sstats"", ""provider_source_ids"": {""sstats"": ""1411042""}, ""season_id"": """", ""sources_seen"": ""sstats"", ""status"": ""2""}",,,,,,,,,,,,,,,,,,,,,,,,,,,,,,,
soccer|chrudim|pribram|2026-05-12,day_inventory,soccer|chrudim|pribram|2026-05-12,soccer,FNL,Chrudim,Příbram,2026-05-12T15:00:00+00:00,mid,"{""country"": ""Czech-Republic"", ""day_inventory"": true, ""day_inventory_coverage"": {""context"": false, ""fixture_core"": true, ""form"": false, ""news"": false, ""odds"": false, ""ready_for_model"": false, ""ready_for_publish"": false, ""weather"": false, ""xg"": false}, ""day_inventory_path"": "".data/day_inventory/2026-05-12.json"", ""day_inventory_refresh"": {""last_context_refresh_utc"": null, ""last_fixture_refresh_utc"": ""2026-05-11T21:01:46.408330+00:00"", ""last_odds_refresh_utc"": null}, ""day_inventory_source_ids"": {""sstats"": ""1402791""}, ""flash_id"": ""jJbMQbs2"", ""league_id"": ""346"", ""provider"": ""sstats"", ""provider_source_ids"": {""sstats"": ""1402791""}, ""season_id"": """", ""sources_seen"": ""sstats"", ""status"": ""2""}",,,,,,,,,,,,,,,,,,,,,,,,,,,,,,,
soccer|cs korba|es bouchamma|2026-05-12,odds_api_io,71255512,soccer,Tunisia - Ligue 2,ES Bouchamma,CS Korba,2026-05-12T15:00:00+00:00,mid,"{""competition"": ""Tunisia - Ligue 2"", ""odds_api_io_id"": 71255512, ""raw_event"": {""away"": ""CS Korba"", ""awayId"": 296036, ""date"": ""2026-05-12T15:00:00Z"", ""home"": ""ES Bouchamma"", ""homeId"": 516810, ""id"": 71255512, ""league"": {""name"": ""Tunisia - Ligue 2"", ""slug"": ""tunisia-ligue-2""}, ""scores"": {""away"": 0, ""home"": 0}, ""sport"": {""name"": ""Football"", ""slug"": ""football""}, ""status"": ""pending""}}",,,,,,,,,,,,,,,,,,,,,,,,,,,,,,,
soccer|djelma|stade gabesien|2026-05-12,day_inventory,soccer|djelma|stade gabesien|2026-05-12,soccer,Ligue 2,Djelma,Stade Gabesien,2026-05-12T15:00:00+00:00,mid,"{""country"": ""Tunisia"", ""day_inventory"": true, ""day_inventory_coverage"": {""context"": false, ""fixture_core"": true, ""form"": false, ""news"": false, ""odds"": false, ""ready_for_model"": false, ""ready_for_publish"": false, ""weather"": false, ""xg"": false}, ""day_inventory_path"": "".data/day_inventory/2026-05-12.json"", ""day_inventory_refresh"": {""last_context_refresh_utc"": null, ""last_fixture_refresh_utc"": ""2026-05-11T21:01:46.409605+00:00"", ""last_odds_refresh_utc"": null}, ""day_inventory_source_ids"": {""sstats"": ""1544155""}, ""flash_id"": ""A5T4Q6YR"", ""league_id"": ""828"", ""provider"": ""sstats"", ""provider_source_ids"": {""sstats"": ""1544155""}, ""season_id"": """", ""sources_seen"": ""sstats"", ""status"": ""2""}",,,,,,,,,,,,,,,,,,,,,,,,,,,,,,,
soccer|egs gafsa|eo sidi bouzid|2026-05-12,odds_api_io,71255514,soccer,Tunisia - Ligue 2,EGS Gafsa,EO Sidi Bouzid,2026-05-12T15:00:00+00:00,mid,"{""competition"": ""Tunisia - Ligue 2"", ""odds_api_io_id"": 71255514, ""raw_event"": {""away"": ""EO Sidi Bouzid"", ""awayId"": 223600, ""date"": ""2026-05-12T15:00:00Z"", ""home"": ""EGS Gafsa"", ""homeId"": 59622, ""id"": 71255514, ""league"": {""name"": ""Tunisia - Ligue 2"", ""slug"": ""tunisia-ligue-2""}, ""scores"": {""away"": 0, ""home"": 0}, ""sport"": {""name"": ""Football"", ""slug"": ""football""}, ""status"": ""pending""}}",,,,,,,,,,,,,,,,,,,,,,,,,,,,,,,
soccer|fap|kabel novi sad|2026-05-12,odds_api_io,70681952,soccer,Serbia - Prva Liga,FK Fap,FK Kabel Novi Sad,2026-05-12T15:00:00+00:00,mid,"{""competition"": ""Serbia - Prva Liga"", ""odds_api_io_id"": 70681952, ""raw_event"": {""away"": ""FK Kabel Novi Sad"", ""awayId"": 466627, ""date"": ""2026-05-12T15:00:00Z"", ""home"": ""FK Fap"", ""homeId"": 544925, ""id"": 70681952, ""league"": {""name"": ""Serbia - Prva Liga"", ""slug"": ""serbia-prva-liga""}, ""scores"": {""away"": 0, ""home"": 0}, ""sport"": {""name"": ""Football"", ""slug"": ""football""}, ""status"": ""pending""}}",,,,,,,,,,,,,,,,,,,,,,,,,,,,,,,
soccer|jendouba sport|kalaa sport|2026-05-12,odds_api_io,71255502,soccer,Tunisia - Ligue 2,Kalaa Sport,Jendouba Sport,2026-05-12T15:00:00+00:00,mid,"{""competition"": ""Tunisia - Ligue 2"", ""odds_api_io_id"": 71255502, ""raw_event"": {""away"": ""Jendouba Sport"", ""awayId"": 148864, ""date"": ""2026-05-12T15:00:00Z"", ""home"": ""Kalaa Sport"", ""homeId"": 191832, ""id"": 71255502, ""league"": {""name"": ""Tunisia - Ligue 2"", ""slug"": ""tunisia-ligue-2""}, ""scores"": {""away"": 0, ""home"": 0}, ""sport"": {""name"": ""Football"", ""slug"": ""football""}, ""status"": ""pending""}}",,,,,,,,,,,,,,,,,,,,,,,,,,,,,,,
soccer|karpaty lviv|metalist 1925 kharkiv|2026-05-12,odds_api_io,61651662,soccer,Ukraine - Premier League,FC Metalist 1925 Kharkiv,Karpaty Lviv,2026-05-12T15:00:00+00:00,mid,"{""competition"": ""Ukraine - Premier League"", ""odds_api_io_id"": 61651662, ""raw_event"": {""away"": ""Karpaty Lviv"", ""awayId"": 3316, ""date"": ""2026-05-12T15:00:00Z"", ""home"": ""FC Metalist 1925 Kharkiv"", ""homeId"": 373230, ""id"": 61651662, ""league"": {""name"": ""Ukraine - Premier League"", ""slug"": ""ukraine-premier-league""}, ""scores"": {""away"": 0, ""home"": 0}, ""sport"": {""name"": ""Football"", ""slug"": ""football""}, ""status"": ""pending""}}",,,,,,,,,,,,,,,,,,,,,,,,,,,,,,,
soccer|karpaty|metalist 1925 kharkiv|2026-05-12,day_inventory,soccer|karpaty|metalist 1925 kharkiv|2026-05-12,soccer,Premier League,Metalist 1925 Kharkiv,Karpaty,2026-05-12T15:00:00+00:00,mid,"{""country"": ""Ukraine"", ""day_inventory"": true, ""day_inventory_coverage"": {""context"": false, ""fixture_core"": true, ""form"": false, ""news"": false, ""odds"": false, ""ready_for_model"": false, ""ready_for_publish"": false, ""weather"": false, ""xg"": false}, ""day_inventory_path"": "".data/day_inventory/2026-05-12.json"", ""day_inventory_refresh"": {""last_context_refresh_utc"": null, ""last_fixture_refresh_utc"": ""2026-05-11T21:01:46.410323+00:00"", ""last_odds_refresh_utc"": null}, ""day_inventory_source_ids"": {""sstats"": ""1391618""}, ""flash_id"": ""UuCryUZh"", ""league_id"": ""333"", ""provider"": ""sstats"", ""provider_source_ids"": {""sstats"": ""1391618""}, ""season_id"": """", ""sources_seen"": ""sstats"", ""status"": ""2""}",,,,,,,,,,,,,,,,,,,,,,,,,,,,,,,
soccer|kryvbas kriviy rih|veres rivne|2026-05-12,odds_api_io,61651650,soccer,Ukraine - Premier League,Veres Rivne,FC Kryvbas Kriviy Rih,2026-05-12T15:00:00+00:00,mid,"{""competition"": ""Ukraine - Premier League"", ""odds_api_io_id"": 61651650, ""raw_event"": {""away"": ""FC Kryvbas Kriviy Rih"", ""awayId"": 3320, ""date"": ""2026-05-12T15:00:00Z"", ""home"": ""Veres Rivne"", ""homeId"": 213180, ""id"": 61651650, ""league"": {""name"": ""Ukraine - Premier League"", ""slug"": ""ukraine-premier-league""}, ""scores"": {""away"": 0, ""home"": 0}, ""sport"": {""name"": ""Football"", ""slug"": ""football""}, ""status"": ""pending""}}",,,,,,,,,,,,,,,,,,,,,,,,,,,,,,,
soccer|kryvbas kr|veres rivne|2026-05-12,day_inventory,soccer|kryvbas kr|veres rivne|2026-05-12,soccer,Premier League,Veres Rivne,Kryvbas KR,2026-05-12T15:00:00+00:00,mid,"{""country"": ""Ukraine"", ""day_inventory"": true, ""day_inventory_coverage"": {""context"": false, ""fixture_core"": true, ""form"": false, ""news"": false, ""odds"": false, ""ready_for_model"": false, ""ready_for_publish"": false, ""weather"": false, ""xg"": false}, ""day_inventory_path"": "".data/day_inventory/2026-05-12.json"", ""day_inventory_refresh"": {""last_context_refresh_utc"": null, ""last_fixture_refresh_utc"": ""2026-05-11T21:01:46.410489+00:00"", ""last_odds_refresh_utc"": null}, ""day_inventory_source_ids"": {""sstats"": ""1396813""}, ""flash_id"": ""Ox6QoolB"", ""league_id"": ""333"", ""provider"": ""sstats"", ""provider_source_ids"": {""sstats"": ""1396813""}, ""season_id"": """", ""sources_seen"": ""sstats"", ""status"": ""2""}",,,,,,,,,,,,,,,,,,,,,,,,,,,,,,,
soccer|liepaja|ogre united|2026-05-12,odds_api_io,68492514,soccer,Latvia - Virsliga,FK Liepaja,Ogre United,2026-05-12T15:00:00+00:00,mid,"{""competition"": ""Latvia - Virsliga"", ""odds_api_io_id"": 68492514, ""raw_event"": {""away"": ""Ogre United"", ""awayId"": 1015457, ""date"": ""2026-05-12T15:00:00Z"", ""home"": ""FK Liepaja"", ""homeId"": 146336, ""id"": 68492514, ""league"": {""name"": ""Latvia - Virsliga"", ""slug"": ""latvia-virsliga""}, ""scores"": {""away"": 0, ""home"": 0}, ""sport"": {""name"": ""Football"", ""slug"": ""football""}, ""status"": ""pending""}}",,totals,Меньше 2.5,,,2.5,,,,,41.2,39.14,,,75.04,,,controlled_consensus_rescue,87.623,,,,,,,,,,,,
soccer|mfk chrudim|pribram|2026-05-12,odds_api_io,71231390,soccer,Czechia - FNL,MFK Chrudim,FK Pribram,2026-05-12T15:00:00+00:00,mid,"{""competition"": ""Czechia - FNL"", ""odds_api_io_id"": 71231390, ""raw_event"": {""away"": ""FK Pribram"", ""awayId"": 2213, ""date"": ""2026-05-12T15:00:00Z"", ""home"": ""MFK Chrudim"", ""homeId"": 36741, ""id"": 71231390, ""league"": {""name"": ""Czechia - FNL"", ""slug"": ""czechia-fnl""}, ""scores"": {""away"": 0, ""home"": 0}, ""sport"": {""name"": ""Football"", ""slug"": ""football""}, ""status"": ""pending""}}",,,,,,,,,,,,,,,,,,,,,,,,,,,,,,,
soccer|mkp carina gubin|zaglebie lubin 2|2026-05-12,odds_api_io,62036882,soccer,"Poland - III Liga, Group 3",Zaglebie Lubin II,Mkp Carina Gubin,2026-05-12T15:00:00+00:00,mid,"{""competition"": ""Poland - III Liga, Group 3"", ""odds_api_io_id"": 62036882, ""raw_event"": {""away"": ""Mkp Carina Gubin"", ""awayId"": 821350, ""date"": ""2026-05-12T15:00:00Z"", ""home"": ""Zaglebie Lubin II"", ""homeId"": 340526, ""id"": 62036882, ""league"": {""name"": ""Poland - III Liga, Group 3"", ""slug"": ""poland-iii-liga-group-3""}, ""scores"": {""away"": 0, ""home"": 0}, ""sport"": {""name"": ""Football"", ""slug"": ""football""}, ""status"": ""pending""}}",,,,,,,,,,,,,,,,,,,,,,,,,,,,,,,
soccer|pepo lappeenranta|seinajoen jk|2026-05-12,odds_api_io,71325992,soccer,Finland - Suomen Cup,Seinajoen JK,PEPO Lappeenranta,2026-05-12T15:00:00+00:00,mid,"{""competition"": ""Finland - Suomen Cup"", ""odds_api_io_id"": 71325992, ""raw_event"": {""away"": ""PEPO Lappeenranta"", ""awayId"": 2275, ""date"": ""2026-05-12T15:00:00Z"", ""home"": ""Seinajoen JK"", ""homeId"": 22395, ""id"": 71325992, ""league"": {""name"": ""Finland - Suomen Cup"", ""slug"": ""finland-suomen-cup""}, ""scores"": {""away"": 0, ""home"": 0}, ""sport"": {""name"": ""Football"", ""slug"": ""football""}, ""status"": ""pending""}}",,,,,,,,,,,,,,,,,,,,,,,,,,,,,,,
soccer|pepo|sjk|2026-05-12,day_inventory,soccer|pepo|sjk|2026-05-12,soccer,Suomen Cup,SJK,PEPO,2026-05-12T15:00:00+00:00,mid,"{""country"": """", ""day_inventory"": true, ""day_inventory_coverage"": {""context"": false, ""fixture_core"": true, ""form"": false, ""news"": false, ""odds"": false, ""ready_for_model"": false, ""ready_for_publish"": false, ""weather"": false, ""xg"": false}, ""day_inventory_path"": "".data/day_inventory/2026-05-12.json"", ""day_inventory_refresh"": {""last_context_refresh_utc"": null, ""last_fixture_refresh_utc"": ""2026-05-11T21:01:46.410970+00:00"", ""last_odds_refresh_utc"": null}, ""day_inventory_source_ids"": {""bzzoiro"": ""207395"", ""sstats"": ""1544234""}, ""period"": """", ""provider"": ""bzzoiro"", ""provider_source_ids"": {""bzzoiro"": ""207395"", ""sstats"": ""1544234""}, ""sources_seen"": ""bzzoiro,sstats"", ""status"": ""notstarted"", ""venue"": """"}",,,,,,,,,,,,,,,,,,,,,,,,,,,,,,,
soccer|progres sakiet eddaier|redeyef|2026-05-12,day_inventory,soccer|progres sakiet eddaier|redeyef|2026-05-12,soccer,Ligue 2,Progrès Sakiet Eddaïer,Redeyef,2026-05-12T15:00:00+00:00,mid,"{""country"": ""Tunisia"", ""day_inventory"": true, ""day_inventory_coverage"": {""context"": false, ""fixture_core"": true, ""form"": false, ""news"": false, ""odds"": false, ""ready_for_model"": false, ""ready_for_publish"": false, ""weather"": false, ""xg"": false}, ""day_inventory_path"": "".data/day_inventory/2026-05-12.json"", ""day_inventory_refresh"": {""last_context_refresh_utc"": null, ""last_fixture_refresh_utc"": ""2026-05-11T21:01:46.409945+00:00"", ""last_odds_refresh_utc"": null}, ""day_inventory_source_ids"": {""sstats"": ""1544160""}, ""flash_id"": ""noNrJOQ1"", ""league_id"": ""828"", ""provider"": ""sstats"", ""provider_source_ids"": {""sstats"": ""1544160""}, ""season_id"": """", ""sources_seen"": ""sstats"", ""status"": ""2""}",,,,,,,,,,,,,,,,,,,,,,,,,,,,,,,
soccer|rozova dolina kazanlak|spartak plovdiv|2026-05-12,odds_api_io,66988660,soccer,Bulgaria - Treta Liga,Spartak Plovdiv,FK Rozova Dolina Kazanlak,2026-05-12T15:00:00+00:00,mid,"{""competition"": ""Bulgaria - Treta Liga"", ""odds_api_io_id"": 66988660, ""raw_event"": {""away"": ""FK Rozova Dolina Kazanlak"", ""awayId"": 267513, ""date"": ""2026-05-12T15:00:00Z"", ""home"": ""Spartak Plovdiv"", ""homeId"": 32645, ""id"": 66988660, ""league"": {""name"": ""Bulgaria - Treta Liga"", ""slug"": ""bulgaria-treta-liga""}, ""scores"": {""away"": 0, ""home"": 0}, ""sport"": {""name"": ""Football"", ""slug"": ""football""}, ""status"": ""pending""}}",,,,,,,,,,,,,,,,,,,,,,,,,,,,,,,
soccer|stepojevac vaga|trayal|2026-05-12,day_inventory,soccer|stepojevac vaga|trayal|2026-05-12,soccer,Prva Liga,Stepojevac Vaga,FK Trayal,2026-05-12T15:00:00+00:00,mid,"{""country"": ""Serbia"", ""day_inventory"": true, ""day_inventory_coverage"": {""context"": false, ""fixture_core"": true, ""form"": false, ""news"": false, ""odds"": false, ""ready_for_model"": false, ""ready_for_publish"": false, ""weather"": false, ""xg"": false}, ""day_inventory_path"": "".data/day_inventory/2026-05-12.json"", ""day_inventory_refresh"": {""last_context_refresh_utc"": null, ""last_fixture_refresh_utc"": ""2026-05-11T21:01:46.410829+00:00"", ""last_odds_refresh_utc"": null}, ""day_inventory_source_ids"": {""sstats"": ""1539919""}, ""flash_id"": ""hrbIR92n"", ""league_id"": ""287"", ""provider"": ""sstats"", ""provider_source_ids"": {""sstats"": ""1539919""}, ""season_id"": """", ""sources_seen"": ""sstats"", ""status"": ""2""}",,,,,,,,,,,,,,,,,,,,,,,,,,,,,,,
soccer|sternberk|tatran vsechovice|2026-05-12,odds_api_io,70624872,soccer,Czechia - Divize E,Sternberk,Tatran Vsechovice,2026-05-12T15:00:00+00:00,mid,"{""competition"": ""Czechia - Divize E"", ""odds_api_io_id"": 70624872, ""raw_event"": {""away"": ""Tatran Vsechovice"", ""awayId"": 433802, ""date"": ""2026-05-12T15:00:00Z"", ""home"": ""Sternberk"", ""homeId"": 355348, ""id"": 70624872, ""league"": {""name"": ""Czechia - Divize E"", ""slug"": ""czechia-divize-e""}, ""scores"": {""away"": 0, ""home"": 0}, ""sport"": {""name"": ""Football"", ""slug"": ""football""}, ""status"": ""pending""}}",,,,,,,,,,,,,,,,,,,,,,,,,,,,,,,
soccer|trayal krusevac|usce novi beograd|2026-05-12,odds_api_io,70681950,soccer,Serbia - Prva Liga,FK Usce Novi Beograd,FK Trayal Krusevac,2026-05-12T15:00:00+00:00,mid,"{""competition"": ""Serbia - Prva Liga"", ""odds_api_io_id"": 70681950, ""raw_event"": {""away"": ""FK Trayal Krusevac"", ""awayId"": 273511, ""date"": ""2026-05-12T15:00:00Z"", ""home"": ""FK Usce Novi Beograd"", ""homeId"": 397462, ""id"": 70681950, ""league"": {""name"": ""Serbia - Prva Liga"", ""slug"": ""serbia-prva-liga""}, ""scores"": {""away"": 0, ""home"": 0}, ""sport"": {""name"": ""Football"", ""slug"": ""football""}, ""status"": ""pending""}}",,,,,,,,,,,,,,,,,,,,,,,,,,,,,,,
soccer|1 slovacko uherske hradiste|banik ostrava|2026-05-12,odds_api_io,71085582,soccer,Czechia - 1. Liga,1. FC Slovacko Uherske Hradiste,FC Banik Ostrava,2026-05-12T15:30:00+00:00,mid,"{""competition"": ""Czechia - 1. Liga"", ""odds_api_io_id"": 71085582, ""raw_event"": {""away"": ""FC Banik Ostrava"", ""awayId"": 2204, ""date"": ""2026-05-12T15:30:00Z"", ""home"": ""1. FC Slovacko Uherske Hradiste"", ""homeId"": 4871, ""id"": 71085582, ""league"": {""name"": ""Czechia - 1. Liga"", ""slug"": ""czechia-1-liga""}, ""scores"": {""away"": 0, ""home"": 0}, ""sport"": {""name"": ""Football"", ""slug"": ""football""}, ""status"": ""pending""}}",,totals,Меньше 2.5,,,2.5,,,,,50.6,49.27,,,75.02,,,controlled_consensus_rescue,82.244,,,,,,,,,,,,
soccer|banik ostrava|slovacko|2026-05-12,day_inventory,soccer|banik ostrava|slovacko|2026-05-12,soccer,Czech Liga,Slovácko,Baník Ostrava,2026-05-12T15:30:00+00:00,mid,"{""country"": ""Czech-Republic"", ""day_inventory"": true, ""day_inventory_coverage"": {""context"": false, ""fixture_core"": true, ""form"": false, ""news"": false, ""odds"": false, ""ready_for_model"": false, ""ready_for_publish"": false, ""weather"": false, ""xg"": false}, ""day_inventory_path"": "".data/day_inventory/2026-05-12.json"", ""day_inventory_refresh"": {""last_context_refresh_utc"": null, ""last_fixture_refresh_utc"": ""2026-05-11T21:01:46.413364+00:00"", ""last_odds_refresh_utc"": null}, ""day_inventory_source_ids"": {""sstats"": ""1542814""}, ""flash_id"": ""S8IL2ELF"", ""league_id"": ""345"", ""provider"": ""sstats"", ""provider_source_ids"": {""sstats"": ""1542814""}, ""season_id"": """", ""sources_seen"": ""sstats"", ""status"": ""2""}",,,,,,,,,,,,,,,,,,,,,,,,,,,,,,,
soccer|dukla prague|mlada boleslav|2026-05-12,odds_api_io,71085578,soccer,Czechia - 1. Liga,FK Mlada Boleslav,Dukla Prague,2026-05-12T15:30:00+00:00,mid,"{""competition"": ""Czechia - 1. Liga"", ""odds_api_io_id"": 71085578, ""raw_event"": {""away"": ""Dukla Prague"", ""awayId"": 7739, ""date"": ""2026-05-12T15:30:00Z"", ""home"": ""FK Mlada Boleslav"", ""homeId"": 2224, ""id"": 71085578, ""league"": {""name"": ""Czechia - 1. Liga"", ""slug"": ""czechia-1-liga""}, ""scores"": {""away"": 0, ""home"": 0}, ""sport"": {""name"": ""Football"", ""slug"": ""football""}, ""status"": ""pending""}}",,,,,,,,,,,,,,,,,,,,,,,,,,,,,,,
soccer|dukla praha|mlada boleslav|2026-05-12,day_inventory,soccer|dukla praha|mlada boleslav|2026-05-12,soccer,Czech Liga,Mlada Boleslav,Dukla Praha,2026-05-12T15:30:00+00:00,mid,"{""country"": ""Czech-Republic"", ""day_inventory"": true, ""day_inventory_coverage"": {""context"": false, ""fixture_core"": true, ""form"": false, ""news"": false, ""odds"": false, ""ready_for_model"": false, ""ready_for_publish"": false, ""weather"": false, ""xg"": false}, ""day_inventory_path"": "".data/day_inventory/2026-05-12.json"", ""day_inventory_refresh"": {""last_context_refresh_utc"": null, ""last_fixture_refresh_utc"": ""2026-05-11T21:01:46.413194+00:00"", ""last_odds_refresh_utc"": null}, ""day_inventory_source_ids"": {""sstats"": ""1542813""}, ""flash_id"": ""f5NRtXbd"", ""league_id"": ""345"", ""provider"": ""sstats"", ""provider_source_ids"": {""sstats"": ""1542813""}, ""season_id"": """", ""sources_seen"": ""sstats"", ""status"": ""2""}",,,,,,,,,,,,,,,,,,,,,,,,,,,,,,,
soccer|teplice|zlin|2026-05-12,odds_api_io,71085580,soccer,Czechia - 1. Liga,FC Zlin,FK Teplice,2026-05-12T15:30:00+00:00,mid,"{""competition"": ""Czechia - 1. Liga"", ""odds_api_io_id"": 71085580, ""raw_event"": {""away"": ""FK Teplice"", ""awayId"": 2208, ""date"": ""2026-05-12T15:30:00Z"", ""home"": ""FC Zlin"", ""homeId"": 2220, ""id"": 71085580, ""league"": {""name"": ""Czechia - 1. Liga"", ""slug"": ""czechia-1-liga""}, ""scores"": {""away"": 0, ""home"": 0}, ""sport"": {""name"": ""Football"", ""slug"": ""football""}, ""status"": ""pending""}}",,,,,,,,,,,,,,,,,,,,,,,,,,,,,,,
soccer|ae kifisia|aps atromitos athinon|2026-05-12,day_inventory,soccer|ae kifisia|aps atromitos athinon|2026-05-12,soccer,Stoiximan Super League,AE Kifisia,APS Atromitos Athinon,2026-05-12T16:00:00+00:00,mid,"{""country"": """", ""day_inventory"": true, ""day_inventory_coverage"": {""context"": false, ""fixture_core"": true, ""form"": false, ""news"": false, ""odds"": false, ""ready_for_model"": false, ""ready_for_publish"": false, ""weather"": false, ""xg"": false}, ""day_inventory_path"": "".data/day_inventory/2026-05-12.json"", ""day_inventory_refresh"": {""last_context_refresh_utc"": null, ""last_fixture_refresh_utc"": ""2026-05-11T21:01:46.413881+00:00"", ""last_odds_refresh_utc"": null}, ""day_inventory_source_ids"": {""bzzoiro"": ""9220""}, ""period"": """", ""provider"": ""bzzoiro"", ""provider_source_ids"": {""bzzoiro"": ""9220""}, ""sources_seen"": ""bzzoiro"", ""status"": ""notstarted"", ""venue"": ""{'id': 147, 'name': 'Apostolos Nikolaidis Stadium', 'city': 'Athens', 'country': 'Greece', 'capacity': 16620, 'latitude': 37.987169, 'longitude': 23.754194, 'pitch_x': None, 'pitch_y': None, 'built_year': None}""}",,,,,,,,,,,,,,,,,,,,,,,,,,,,,,,
soccer|ael novibet|gfs panetolikos|2026-05-12,day_inventory,soccer|ael novibet|gfs panetolikos|2026-05-12,soccer,Stoiximan Super League,GFS Panetolikos,AEL Novibet,2026-05-12T16:00:00+00:00,mid,"{""country"": """", ""day_inventory"": true, ""day_inventory_coverage"": {""context"": false, ""fixture_core"": true, ""form"": false, ""news"": false, ""odds"": false, ""ready_for_model"": false, ""ready_for_publish"": false, ""weather"": false, ""xg"": false}, ""day_inventory_path"": "".data/day_inventory/2026-05-12.json"", ""day_inventory_refresh"": {""last_context_refresh_utc"": null, ""last_fixture_refresh_utc"": ""2026-05-11T21:01:46.414230+00:00"", ""last_odds_refresh_utc"": null}, ""day_inventory_source_ids"": {""bzzoiro"": ""9222""}, ""period"": """", ""provider"": ""bzzoiro"", ""provider_source_ids"": {""bzzoiro"": ""9222""}, ""sources_seen"": ""bzzoiro"", ""status"": ""notstarted"", ""venue"": ""{'id': 312, 'name': 'Panetolikos Stadium', 'city': 'Agrinio', 'country': 'Greece', 'capacity': 7321, 'latitude': 38.629967, 'longitude': 21.411747, 'pitch_x': None, 'pitch_y': None, 'built_year': 1930}""}",,,,,,,,,,,,,,,,,,,,,,,,,,,,,,,
soccer|asteras aktor|mgs panserraikos|2026-05-12,day_inventory,soccer|asteras aktor|mgs panserraikos|2026-05-12,soccer,Stoiximan Super League,Asteras Aktor,MGS Panserraikos,2026-05-12T16:00:00+00:00,mid,"{""country"": """", ""day_inventory"": true, ""day_inventory_coverage"": {""context"": false, ""fixture_core"": true, ""form"": false, ""news"": false, ""odds"": false, ""ready_for_model"": false, ""ready_for_publish"": false, ""weather"": false, ""xg"": false}, ""day_inventory_path"": "".data/day_inventory/2026-05-12.json"", ""day_inventory_refresh"": {""last_context_refresh_utc"": null, ""last_fixture_refresh_utc"": ""2026-05-11T21:01:46.414058+00:00"", ""last_odds_refresh_utc"": null}, ""day_inventory_source_ids"": {""bzzoiro"": ""10264""}, ""period"": """", ""provider"": ""bzzoiro"", ""provider_source_ids"": {""bzzoiro"": ""10264""}, ""sources_seen"": ""bzzoiro"", ""status"": ""notstarted"", ""venue"": ""{'id': 311, 'name': 'Theodoros Kolokotronis Stadium', 'city': 'Tripoli', 'country': 'Greece', 'capacity': 7423, 'latitude': 37.521989, 'longitude': 22.378164, 'pitch_x': 105, 'pitch_y': 68, 'built_year': 1979}""}",,,,,,,,,,,,,,,,,,,,,,,,,,,,,,,
soccer|asteras tripolis|panserraikos|2026-05-12,day_inventory,soccer|asteras tripolis|panserraikos|2026-05-12,soccer,Super League 1,Asteras Tripolis,Panserraikos,2026-05-12T16:00:00+00:00,mid,"{""country"": ""Greece"", ""day_inventory"": true, ""day_inventory_coverage"": {""context"": false, ""fixture_core"": true, ""form"": false, ""news"": false, ""odds"": false, ""ready_for_model"": false, ""ready_for_publish"": false, ""weather"": false, ""xg"": false}, ""day_inventory_path"": "".data/day_inventory/2026-05-12.json"", ""day_inventory_refresh"": {""last_context_refresh_utc"": null, ""last_fixture_refresh_utc"": ""2026-05-11T21:01:46.414731+00:00"", ""last_odds_refresh_utc"": null}, ""day_inventory_source_ids"": {""sstats"": ""1537101""}, ""flash_id"": ""WxB52jJO"", ""league_id"": ""197"", ""provider"": ""sstats"", ""provider_source_ids"": {""sstats"": ""1537101""}, ""season_id"": """", ""sources_seen"": ""sstats"", ""status"": ""2""}",,,,,,,,,,,,,,,,,,,,,,,,,,,,,,,
soccer|atromitos|kifisia|2026-05-12,day_inventory,soccer|atromitos|kifisia|2026-05-12,soccer,Super League 1,Kifisia,Atromitos,2026-05-12T16:00:00+00:00,mid,"{""country"": ""Greece"", ""day_inventory"": true, ""day_inventory_coverage"": {""context"": false, ""fixture_core"": true, ""form"": false, ""news"": false, ""odds"": false, ""ready_for_model"": false, ""ready_for_publish"": false, ""weather"": false, ""xg"": false}, ""day_inventory_path"": "".data/day_inventory/2026-05-12.json"", ""day_inventory_refresh"": {""last_context_refresh_utc"": null, ""last_fixture_refresh_utc"": ""2026-05-11T21:01:46.414883+00:00"", ""last_odds_refresh_utc"": null}, ""day_inventory_source_ids"": {""sstats"": ""1537100""}, ""flash_id"": ""nkoFMg4t"", ""league_id"": ""197"", ""provider"": ""sstats"", ""provider_source_ids"": {""sstats"": ""1537100""}, ""season_id"": """", ""sources_seen"": ""sstats"", ""status"": ""2""}",,,,,,,,,,,,,,,,,,,,,,,,,,,,,,,
soccer|auda|riga|2026-05-12,day_inventory,soccer|auda|riga|2026-05-12,soccer,Virsliga,Riga,Auda,2026-05-12T16:00:00+00:00,mid,"{""country"": ""Latvia"", ""day_inventory"": true, ""day_inventory_coverage"": {""context"": false, ""fixture_core"": true, ""form"": false, ""news"": false, ""odds"": false, ""ready_for_model"": false, ""ready_for_publish"": false, ""weather"": false, ""xg"": false}, ""day_inventory_path"": "".data/day_inventory/2026-05-12.json"", ""day_inventory_refresh"": {""last_context_refresh_utc"": null, ""last_fixture_refresh_utc"": ""2026-05-11T21:01:46.415178+00:00"", ""last_odds_refresh_utc"": null}, ""day_inventory_source_ids"": {""sstats"": ""1515832""}, ""flash_id"": ""AkkHAFCt"", ""league_id"": ""365"", ""provider"": ""sstats"", ""provider_source_ids"": {""sstats"": ""1515832""}, ""season_id"": """", ""sources_seen"": ""sstats"", ""status"": ""2""}",,,,,,,,,,,,,,,,,,,,,,,,,,,,,,,
soccer|black bulls|costa sol|2026-05-12,odds_api_io,71411502,soccer,Mozambique - Mocambola,Black Bulls FC,Costa Do Sol,2026-05-12T16:00:00+00:00,mid,"{""competition"": ""Mozambique - Mocambola"", ""odds_api_io_id"": 71411502, ""raw_event"": {""away"": ""Costa Do Sol"", ""awayId"": 463163, ""date"": ""2026-05-12T16:00:00Z"", ""home"": ""Black Bulls FC"", ""homeId"": 457559, ""id"": 71411502, ""league"": {""name"": ""Mozambique - Mocambola"", ""slug"": ""mozambique-mocambola""}, ""scores"": {""away"": 0, ""home"": 0}, ""sport"": {""name"": ""Football"", ""slug"": ""football""}, ""status"": ""pending""}}",,,,,,,,,,,,,,,,,,,,,,,,,,,,,,,
soccer|kuopion palloseura|pk 35|2026-05-12,day_inventory,soccer|kuopion palloseura|pk 35|2026-05-12,soccer,Suomen Cup,PK-35,Kuopion Palloseura,2026-05-12T16:00:00+00:00,mid,"{""country"": """", ""day_inventory"": true, ""day_inventory_coverage"": {""context"": false, ""fixture_core"": true, ""form"": false, ""news"": false, ""odds"": false, ""ready_for_model"": false, ""ready_for_publish"": false, ""weather"": false, ""xg"": false}, ""day_inventory_path"": "".data/day_inventory/2026-05-12.json"", ""day_inventory_refresh"": {""last_context_refresh_utc"": null, ""last_fixture_refresh_utc"": ""2026-05-11T21:01:46.414546+00:00"", ""last_odds_refresh_utc"": null}, ""day_inventory_source_ids"": {""bzzoiro"": ""207396""}, ""period"": """", ""provider"": ""bzzoiro"", ""provider_source_ids"": {""bzzoiro"": ""207396""}, ""sources_seen"": ""bzzoiro"", ""status"": ""notstarted"", ""venue"": """"}",,,,,,,,,,,,,,,,,,,,,,,,,,,,,,,
soccer|kups|pk 35|2026-05-12,day_inventory,soccer|kups|pk 35|2026-05-12,soccer,Suomen Cup,PK-35,KuPS,2026-05-12T16:00:00+00:00,mid,"{""country"": ""Finland"", ""day_inventory"": true, ""day_inventory_coverage"": {""context"": false, ""fixture_core"": true, ""form"": false, ""news"": false, ""odds"": false, ""ready_for_model"": false, ""ready_for_publish"": false, ""weather"": false, ""xg"": false}, ""day_inventory_path"": "".data/day_inventory/2026-05-12.json"", ""day_inventory_refresh"": {""last_context_refresh_utc"": null, ""last_fixture_refresh_utc"": ""2026-05-11T21:01:46.414377+00:00"", ""last_odds_refresh_utc"": null}, ""day_inventory_source_ids"": {""sstats"": ""1544239""}, ""flash_id"": """", ""league_id"": ""246"", ""provider"": ""sstats"", ""provider_source_ids"": {""sstats"": ""1544239""}, ""season_id"": """", ""sources_seen"": ""sstats"", ""status"": ""2""}",,,,,,,,,,,,,,,,,,,,,,,,,,,,,,,
soccer|larisa|panetolikos|2026-05-12,day_inventory,soccer|larisa|panetolikos|2026-05-12,soccer,Super League 1,Panetolikos,Larisa,2026-05-12T16:00:00+00:00,mid,"{""country"": ""Greece"", ""day_inventory"": true, ""day_inventory_coverage"": {""context"": false, ""fixture_core"": true, ""form"": false, ""news"": false, ""odds"": false, ""ready_for_model"": false, ""ready_for_publish"": false, ""weather"": false, ""xg"": false}, ""day_inventory_path"": "".data/day_inventory/2026-05-12.json"", ""day_inventory_refresh"": {""last_context_refresh_utc"": null, ""last_fixture_refresh_utc"": ""2026-05-11T21:01:46.415035+00:00"", ""last_odds_refresh_utc"": null}, ""day_inventory_source_ids"": {""sstats"": ""1537102""}, ""flash_id"": ""fFlNKXYh"", ""league_id"": ""197"", ""provider"": ""sstats"", ""provider_source_ids"": {""sstats"": ""1537102""}, ""season_id"": """", ""sources_seen"": ""sstats"", ""status"": ""2""}",,,,,,,,,,,,,,,,,,,,,,,,,,,,,,,
soccer|olympique sport d abobo|sol|2026-05-12,day_inventory,soccer|olympique sport d abobo|sol|2026-05-12,soccer,Ligue 1,Olympique Sport d'Abobo,SOL,2026-05-12T16:00:00+00:00,mid,"{""country"": ""Ivory-Coast"", ""day_inventory"": true, ""day_inventory_coverage"": {""context"": false, ""fixture_core"": true, ""form"": false, ""news"": false, ""odds"": false, ""ready_for_model"": false, ""ready_for_publish"": false, ""weather"": false, ""xg"": false}, ""day_inventory_path"": "".data/day_inventory/2026-05-12.json"", ""day_inventory_refresh"": {""last_context_refresh_utc"": null, ""last_fixture_refresh_utc"": ""2026-05-11T21:01:46.413698+00:00"", ""last_odds_refresh_utc"": null}, ""day_inventory_source_ids"": {""sstats"": ""1544389""}, ""flash_id"": ""8EjKLya5"", ""league_id"": ""386"", ""provider"": ""sstats"", ""provider_source_ids"": {""sstats"": ""1544389""}, ""season_id"": """", ""sources_seen"": ""sstats"", ""status"": ""2""}",,,,,,,,,,,,,,,,,,,,,,,,,,,,,,,
soccer|al kholood|al okhdood|2026-05-12,day_inventory,soccer|al kholood|al okhdood|2026-05-12,soccer,Saudi Pro League,Al-Kholood,Al-Okhdood,2026-05-12T16:20:00+00:00,mid,"{""country"": """", ""day_inventory"": true, ""day_inventory_coverage"": {""context"": false, ""fixture_core"": true, ""form"": false, ""news"": false, ""odds"": false, ""ready_for_model"": false, ""ready_for_publish"": false, ""weather"": false, ""xg"": false}, ""day_inventory_path"": "".data/day_inventory/2026-05-12.json"", ""day_inventory_refresh"": {""last_context_refresh_utc"": null, ""last_fixture_refresh_utc"": ""2026-05-11T21:01:46.415495+00:00"", ""last_odds_refresh_utc"": null}, ""day_inventory_source_ids"": {""bzzoiro"": ""4805"", ""sstats"": ""1436197""}, ""period"": """", ""provider"": ""bzzoiro"", ""provider_source_ids"": {""bzzoiro"": ""4805"", ""sstats"": ""1436197""}, ""sources_seen"": ""bzzoiro,sstats"", ""status"": ""notstarted"", ""venue"": ""{'id': 247, 'name': 'Al-Hazem Club Stadium', 'city': 'Ar Rass', 'country': 'Saudi Arabia', 'capacity': 8000, 'latitude': 25.860278, 'longitude': 43.502222, 'pitch_x': None, 'pitch_y': None, 'built_year': None}""}",,,,,,,,,,,,,,,,,,,,,,,,,,,,,,,
soccer|al rustaq|ibri|2026-05-12,day_inventory,soccer|al rustaq|ibri|2026-05-12,soccer,Professional League,Al-Rustaq,Ibri,2026-05-12T16:20:00+00:00,mid,"{""country"": ""Oman"", ""day_inventory"": true, ""day_inventory_coverage"": {""context"": false, ""fixture_core"": true, ""form"": false, ""news"": false, ""odds"": false, ""ready_for_model"": false, ""ready_for_publish"": false, ""weather"": false, ""xg"": false}, ""day_inventory_path"": "".data/day_inventory/2026-05-12.json"", ""day_inventory_refresh"": {""last_context_refresh_utc"": null, ""last_fixture_refresh_utc"": ""2026-05-11T21:01:46.415330+00:00"", ""last_odds_refresh_utc"": null}, ""day_inventory_source_ids"": {""sstats"": ""1540926""}, ""flash_id"": ""nqtSi2iB"", ""league_id"": ""406"", ""provider"": ""sstats"", ""provider_source_ids"": {""sstats"": ""1540926""}, ""season_id"": """", ""sources_seen"": ""sstats"", ""status"": ""2""}",,,,,,,,,,,,,,,,,,,,,,,,,,,,,,,
soccer|bombada|dutch lions|2026-05-12,day_inventory,soccer|bombada|dutch lions|2026-05-12,soccer,GFA League,Bombada,Dutch Lions,2026-05-12T16:30:00+00:00,mid,"{""country"": ""Gambia"", ""day_inventory"": true, ""day_inventory_coverage"": {""context"": false, ""fixture_core"": true, ""form"": false, ""news"": false, ""odds"": false, ""ready_for_model"": false, ""ready_for_publish"": false, ""weather"": false, ""xg"": false}, ""day_inventory_path"": "".data/day_inventory/2026-05-12.json"", ""day_inventory_refresh"": {""last_context_refresh_utc"": null, ""last_fixture_refresh_utc"": ""2026-05-11T21:01:46.415665+00:00"", ""last_odds_refresh_utc"": null}, ""day_inventory_source_ids"": {""sstats"": ""1531343""}, ""flash_id"": ""OEtUB2dT"", ""league_id"": ""845"", ""provider"": ""sstats"", ""provider_source_ids"": {""sstats"": ""1531343""}, ""season_id"": """", ""sources_seen"": ""sstats"", ""status"": ""2""}",,,,,,,,,,,,,,,,,,,,,,,,,,,,,,,
soccer|bst galaxy|rhino|2026-05-12,day_inventory,soccer|bst galaxy|rhino|2026-05-12,soccer,GFA League,Team Rhino,BST Galaxy,2026-05-12T16:30:00+00:00,mid,"{""country"": ""Gambia"", ""day_inventory"": true, ""day_inventory_coverage"": {""context"": false, ""fixture_core"": true, ""form"": false, ""news"": false, ""odds"": false, ""ready_for_model"": false, ""ready_for_publish"": false, ""weather"": false, ""xg"": false}, ""day_inventory_path"": "".data/day_inventory/2026-05-12.json"", ""day_inventory_refresh"": {""last_context_refresh_utc"": null, ""last_fixture_refresh_utc"": ""2026-05-11T21:01:46.416149+00:00"", ""last_odds_refresh_utc"": null}, ""day_inventory_source_ids"": {""sstats"": ""1531346""}, ""flash_id"": ""YmSa6tKj"", ""league_id"": ""845"", ""provider"": ""sstats"", ""provider_source_ids"": {""sstats"": ""1531346""}, ""season_id"": """", ""sources_seen"": ""sstats"", ""status"": ""2""}",,,,,,,,,,,,,,,,,,,,,,,,,,,,,,,
soccer|hart acedemy|hawks|2026-05-12,day_inventory,soccer|hart acedemy|hawks|2026-05-12,soccer,GFA League,Hart Acedemy,Hawks,2026-05-12T16:30:00+00:00,mid,"{""country"": ""Gambia"", ""day_inventory"": true, ""day_inventory_coverage"": {""context"": false, ""fixture_core"": true, ""form"": false, ""news"": false, ""odds"": false, ""ready_for_model"": false, ""ready_for_publish"": false, ""weather"": false, ""xg"": false}, ""day_inventory_path"": "".data/day_inventory/2026-05-12.json"", ""day_inventory_refresh"": {""last_context_refresh_utc"": null, ""last_fixture_refresh_utc"": ""2026-05-11T21:01:46.415824+00:00"", ""last_odds_refresh_utc"": null}, ""day_inventory_source_ids"": {""sstats"": ""1531344""}, ""flash_id"": ""ryuEFpc4"", ""league_id"": ""845"", ""provider"": ""sstats"", ""provider_source_ids"": {""sstats"": ""1531344""}, ""season_id"": """", ""sources_seen"": ""sstats"", ""status"": ""2""}",,,,,,,,,,,,,,,,,,,,,,,,,,,,,,,
soccer|real banjul|samger|2026-05-12,day_inventory,soccer|real banjul|samger|2026-05-12,soccer,GFA League,Samger,Real de Banjul,2026-05-12T16:30:00+00:00,mid,"{""country"": ""Gambia"", ""day_inventory"": true, ""day_inventory_coverage"": {""context"": false, ""fixture_core"": true, ""form"": false, ""news"": false, ""odds"": false, ""ready_for_model"": false, ""ready_for_publish"": false, ""weather"": false, ""xg"": false}, ""day_inventory_path"": "".data/day_inventory/2026-05-12.json"", ""day_inventory_refresh"": {""last_context_refresh_utc"": null, ""last_fixture_refresh_utc"": ""2026-05-11T21:01:46.415985+00:00"", ""last_odds_refresh_utc"": null}, ""day_inventory_source_ids"": {""sstats"": ""1531345""}, ""flash_id"": ""j1rMDORG"", ""league_id"": ""845"", ""provider"": ""sstats"", ""provider_source_ids"": {""sstats"": ""1531345""}, ""season_id"": """", ""sources_seen"": ""sstats"", ""status"": ""2""}",,,,,,,,,,,,,,,,,,,,,,,,,,,,,,,
soccer|chemal|nouakchott king s|2026-05-12,day_inventory,soccer|chemal|nouakchott king s|2026-05-12,soccer,Premier League,Chemal,Nouakchott King's,2026-05-12T16:45:00+00:00,mid,"{""country"": ""Mauritania"", ""day_inventory"": true, ""day_inventory_coverage"": {""context"": false, ""fixture_core"": true, ""form"": false, ""news"": false, ""odds"": false, ""ready_for_model"": false, ""ready_for_publish"": false, ""weather"": false, ""xg"": false}, ""day_inventory_path"": "".data/day_inventory/2026-05-12.json"", ""day_inventory_refresh"": {""last_context_refresh_utc"": null, ""last_fixture_refresh_utc"": ""2026-05-11T21:01:46.416318+00:00"", ""last_odds_refresh_utc"": null}, ""day_inventory_source_ids"": {""sstats"": ""1538872""}, ""flash_id"": ""GUUVz7GE"", ""league_id"": ""762"", ""provider"": ""sstats"", ""provider_source_ids"": {""sstats"": ""1538872""}, ""season_id"": """", ""sources_seen"": ""sstats"", ""status"": ""2""}",,,,,,,,,,,,,,,,,,,,,,,,,,,,,,,
soccer|juve stabia|modena|2026-05-12,day_inventory,soccer|juve stabia|modena|2026-05-12,soccer,Serie B,Modena,Juve Stabia,2026-05-12T16:45:00+00:00,mid,"{""country"": ""Italy"", ""day_inventory"": true, ""day_inventory_coverage"": {""context"": false, ""fixture_core"": true, ""form"": false, ""news"": false, ""odds"": false, ""ready_for_model"": false, ""ready_for_publish"": false, ""weather"": false, ""xg"": false}, ""day_inventory_path"": "".data/day_inventory/2026-05-12.json"", ""day_inventory_refresh"": {""last_context_refresh_utc"": null, ""last_fixture_refresh_utc"": ""2026-05-11T21:01:46.416474+00:00"", ""last_odds_refresh_utc"": null}, ""day_inventory_source_ids"": {""sstats"": ""1544649""}, ""flash_id"": ""b9SBBFpo"", ""league_id"": ""136"", ""provider"": ""sstats"", ""provider_source_ids"": {""sstats"": ""1544649""}, ""season_id"": """", ""sources_seen"": ""sstats"", ""status"": ""2""}",,,,,,,,,,,,,,,,,,,,,,,,,,,,,,,
soccer|buchholz|teutonia ottensen|2026-05-12,day_inventory,soccer|buchholz|teutonia ottensen|2026-05-12,soccer,Oberliga - Hamburg,Buchholz,Teutonia Ottensen,2026-05-12T17:00:00+00:00,mid,"{""country"": ""Germany"", ""day_inventory"": true, ""day_inventory_coverage"": {""context"": false, ""fixture_core"": true, ""form"": false, ""news"": false, ""odds"": false, ""ready_for_model"": false, ""ready_for_publish"": false, ""weather"": false, ""xg"": false}, ""day_inventory_path"": "".data/day_inventory/2026-05-12.json"", ""day_inventory_refresh"": {""last_context_refresh_utc"": null, ""last_fixture_refresh_utc"": ""2026-05-11T21:01:46.417373+00:00"", ""last_odds_refresh_utc"": null}, ""day_inventory_source_ids"": {""sstats"": ""1408034""}, ""flash_id"": ""hCbWI1SE"", ""league_id"": ""745"", ""provider"": ""sstats"", ""provider_source_ids"": {""sstats"": ""1408034""}, ""season_id"": """", ""sources_seen"": ""sstats"", ""status"": ""2""}",,,,,,,,,,,,,,,,,,,,,,,,,,,,,,,
soccer|celta vigo|levante|2026-05-12,day_inventory,soccer|celta vigo|levante|2026-05-12,soccer,La Liga,Celta Vigo,Levante UD,2026-05-12T17:00:00+00:00,mid,"{""country"": """", ""day_inventory"": true, ""day_inventory_coverage"": {""context"": false, ""fixture_core"": true, ""form"": false, ""news"": false, ""odds"": false, ""ready_for_model"": false, ""ready_for_publish"": false, ""weather"": false, ""xg"": false}, ""day_inventory_path"": "".data/day_inventory/2026-05-12.json"", ""day_inventory_refresh"": {""last_context_refresh_utc"": null, ""last_fixture_refresh_utc"": ""2026-05-11T21:01:46.416810+00:00"", ""last_odds_refresh_utc"": null}, ""day_inventory_source_ids"": {""bzzoiro"": ""1041"", ""sstats"": ""1391171""}, ""period"": """", ""provider"": ""bzzoiro"", ""provider_source_ids"": {""bzzoiro"": ""1041"", ""sstats"": ""1391171""}, ""secondary_source_event_id"": ""2279746"", ""sources_seen"": ""bzzoiro,sstats,thesportsdb"", ""status"": ""notstarted"", ""venue"": ""{'id': 49, 'name': 'Estadio Abanca Balaídos', 'city': 'Vigo', 'country': 'Spain', 'capacity': 24870, 'latitude': 42.211852, 'longitude': -8.739721, 'pitch_x': 105, 'pitch_y': 68, 'built_year': 1928}""}",,,,,,,,,,,,,,,,,,,,,,,,,,,,,,,
soccer|djurgarden|hammarby|2026-05-12,day_inventory,soccer|djurgarden|hammarby|2026-05-12,soccer,Damallsvenskan,Djurgården,Hammarby,2026-05-12T17:00:00+00:00,mid,"{""country"": ""Sweden"", ""day_inventory"": true, ""day_inventory_coverage"": {""context"": false, ""fixture_core"": true, ""form"": false, ""news"": false, ""odds"": false, ""ready_for_model"": false, ""ready_for_publish"": false, ""weather"": false, ""xg"": false}, ""day_inventory_path"": "".data/day_inventory/2026-05-12.json"", ""day_inventory_refresh"": {""last_context_refresh_utc"": null, ""last_fixture_refresh_utc"": ""2026-05-11T21:01:46.416640+00:00"", ""last_odds_refresh_utc"": null}, ""day_inventory_source_ids"": {""sstats"": ""1495460""}, ""flash_id"": ""KjC3pOk1"", ""league_id"": ""549"", ""provider"": ""sstats"", ""provider_source_ids"": {""sstats"": ""1495460""}, ""season_id"": """", ""sources_seen"": ""sstats"", ""status"": ""2""}",,,,,,,,,,,,,,,,,,,,,,,,,,,,,,,
soccer|express|kitara|2026-05-12,day_inventory,soccer|express|kitara|2026-05-12,soccer,Premier League,Express,Kitara,2026-05-12T17:00:00+00:00,mid,"{""country"": ""Uganda"", ""day_inventory"": true, ""day_inventory_coverage"": {""context"": false, ""fixture_core"": true, ""form"": false, ""news"": false, ""odds"": false, ""ready_for_model"": false, ""ready_for_publish"": false, ""weather"": false, ""xg"": false}, ""day_inventory_path"": "".data/day_inventory/2026-05-12.json"", ""day_inventory_refresh"": {""last_context_refresh_utc"": null, ""last_fixture_refresh_utc"": ""2026-05-11T21:01:46.417896+00:00"", ""last_odds_refresh_utc"": null}, ""day_inventory_source_ids"": {""sstats"": ""1516337""}, ""flash_id"": ""8hmi8X9j"", ""league_id"": ""585"", ""provider"": ""sstats"", ""provider_source_ids"": {""sstats"": ""1516337""}, ""season_id"": """", ""sources_seen"": ""sstats"", ""status"": ""2""}",,,,,,,,,,,,,,,,,,,,,,,,,,,,,,,
soccer|hapoel petah tikva|hapoel tel aviv|2026-05-12,day_inventory,soccer|hapoel petah tikva|hapoel tel aviv|2026-05-12,soccer,Ligat Ha'al,Hapoel Tel Aviv,Hapoel Petah Tikva,2026-05-12T17:00:00+00:00,mid,"{""country"": ""Israel"", ""day_inventory"": true, ""day_inventory_coverage"": {""context"": false, ""fixture_core"": true, ""form"": false, ""news"": false, ""odds"": false, ""ready_for_model"": false, ""ready_for_publish"": false, ""weather"": false, ""xg"": false}, ""day_inventory_path"": "".data/day_inventory/2026-05-12.json"", ""day_inventory_refresh"": {""last_context_refresh_utc"": null, ""last_fixture_refresh_utc"": ""2026-05-11T21:01:46.417202+00:00"", ""last_odds_refresh_utc"": null}, ""day_inventory_source_ids"": {""sstats"": ""1540721""}, ""flash_id"": ""zuqZpcR1"", ""league_id"": ""383"", ""provider"": ""sstats"", ""provider_source_ids"": {""sstats"": ""1540721""}, ""season_id"": """", ""sources_seen"": ""sstats"", ""status"": ""2""}",,,,,,,,,,,,,,,,,,,,,,,,,,,,,,,
soccer|ifk varnamo|orebro sk|2026-05-12,day_inventory,soccer|ifk varnamo|orebro sk|2026-05-12,soccer,Superettan,IFK Varnamo,Orebro SK,2026-05-12T17:00:00+00:00,mid,"{""country"": ""Sweden"", ""day_inventory"": true, ""day_inventory_coverage"": {""context"": false, ""fixture_core"": true, ""form"": false, ""news"": false, ""odds"": false, ""ready_for_model"": false, ""ready_for_publish"": false, ""weather"": false, ""xg"": false}, ""day_inventory_path"": "".data/day_inventory/2026-05-12.json"", ""day_inventory_refresh"": {""last_context_refresh_utc"": null, ""last_fixture_refresh_utc"": ""2026-05-11T21:01:46.418407+00:00"", ""last_odds_refresh_utc"": null}, ""day_inventory_source_ids"": {""sstats"": ""1497568""}, ""flash_id"": ""ARabYflo"", ""league_id"": ""114"", ""provider"": ""sstats"", ""provider_source_ids"": {""sstats"": ""1497568""}, ""season_id"": """", ""sources_seen"": ""sstats"", ""status"": ""2""}",,,,,,,,,,,,,,,,,,,,,,,,,,,,,,,
soccer|ismaily|wadi degla|2026-05-12,day_inventory,soccer|ismaily|wadi degla|2026-05-12,soccer,Premier League,Wadi Degla,Ismaily SC,2026-05-12T17:00:00+00:00,mid,"{""country"": ""Egypt"", ""day_inventory"": true, ""day_inventory_coverage"": {""context"": false, ""fixture_core"": true, ""form"": false, ""news"": false, ""odds"": false, ""ready_for_model"": false, ""ready_for_publish"": false, ""weather"": false, ""xg"": false}, ""day_inventory_path"": "".data/day_inventory/2026-05-12.json"", ""day_inventory_refresh"": {""last_context_refresh_utc"": null, ""last_fixture_refresh_utc"": ""2026-05-11T21:01:46.418061+00:00"", ""last_odds_refresh_utc"": null}, ""day_inventory_source_ids"": {""sstats"": ""1533638""}, ""flash_id"": ""2TBd84xH"", ""league_id"": ""233"", ""provider"": ""sstats"", ""provider_source_ids"": {""sstats"": ""1533638""}, ""season_id"": """", ""sources_seen"": ""sstats"", ""status"": ""2""}",,,,,,,,,,,,,,,,,,,,,,,,,,,,,,,
soccer|kaiserslautern 2|tus koblenz|2026-05-12,day_inventory,soccer|kaiserslautern 2|tus koblenz|2026-05-12,soccer,Oberliga - Rheinland-Pfalz / Saar,TuS Koblenz,Kaiserslautern II,2026-05-12T17:00:00+00:00,mid,"{""country"": ""Germany"", ""day_inventory"": true, ""day_inventory_coverage"": {""context"": false, ""fixture_core"": true, ""form"": false, ""news"": false, ""odds"": false, ""ready_for_model"": false, ""ready_for_publish"": false, ""weather"": false, ""xg"": false}, ""day_inventory_path"": "".data/day_inventory/2026-05-12.json"", ""day_inventory_refresh"": {""last_context_refresh_utc"": null, ""last_fixture_refresh_utc"": ""2026-05-11T21:01:46.417748+00:00"", ""last_odds_refresh_utc"": null}, ""day_inventory_source_ids"": {""sstats"": ""1406642""}, ""flash_id"": ""48HzosJj"", ""league_id"": ""752"", ""provider"": ""sstats"", ""provider_source_ids"": {""sstats"": ""1406642""}, ""season_id"": """", ""sources_seen"": ""sstats"", ""status"": ""2""}",,,,,,,,,,,,,,,,,,,,,,,,,,,,,,,
soccer|landskrona bois|norrby if|2026-05-12,day_inventory,soccer|landskrona bois|norrby if|2026-05-12,soccer,Superettan,Landskrona BoIS,Norrby IF,2026-05-12T17:00:00+00:00,mid,"{""country"": ""Sweden"", ""day_inventory"": true, ""day_inventory_coverage"": {""context"": false, ""fixture_core"": true, ""form"": false, ""news"": false, ""odds"": false, ""ready_for_model"": false, ""ready_for_publish"": false, ""weather"": false, ""xg"": false}, ""day_inventory_path"": "".data/day_inventory/2026-05-12.json"", ""day_inventory_refresh"": {""last_context_refresh_utc"": null, ""last_fixture_refresh_utc"": ""2026-05-11T21:01:46.418580+00:00"", ""last_odds_refresh_utc"": null}, ""day_inventory_source_ids"": {""sstats"": ""1497564""}, ""flash_id"": ""p27CsaRb"", ""league_id"": ""114"", ""provider"": ""sstats"", ""provider_source_ids"": {""sstats"": ""1497564""}, ""season_id"": """", ""sources_seen"": ""sstats"", ""status"": ""2""}",,,,,,,,,,,,,,,,,,,,,,,,,,,,,,,
soccer|levante|rc celta vigo|2026-05-12,day_inventory,544563,soccer,Primera Division,RC Celta de Vigo,Levante UD,2026-05-12T17:00:00+00:00,mid,"{""competition_code"": ""PD"", ""competition_type"": ""LEAGUE"", ""day_inventory"": true, ""day_inventory_coverage"": {""context"": false, ""fixture_core"": true, ""form"": false, ""news"": false, ""odds"": false, ""ready_for_model"": false, ""ready_for_publish"": false, ""weather"": false, ""xg"": false}, ""day_inventory_path"": "".data/day_inventory/2026-05-12.json"", ""day_inventory_refresh"": {""last_context_refresh_utc"": null, ""last_fixture_refresh_utc"": ""2026-05-11T21:01:46.418240+00:00"", ""last_odds_refresh_utc"": null}, ""day_inventory_source_ids"": {""football_data"": ""544563""}, ""group"": """", ""stage"": ""REGULAR_SEASON"", ""status"": ""TIMED""}",,,,,,,,,,,,,,,,,,,,,,,,,,,,,,,
soccer|niendorfer tsv|vorwarts wacker 04|2026-05-12,day_inventory,soccer|niendorfer tsv|vorwarts wacker 04|2026-05-12,soccer,Oberliga - Hamburg,Niendorfer TSV,Vorwärts-Wacker 04,2026-05-12T17:00:00+00:00,mid,"{""country"": ""Germany"", ""day_inventory"": true, ""day_inventory_coverage"": {""context"": false, ""fixture_core"": true, ""form"": false, ""news"": false, ""odds"": false, ""ready_for_model"": false, ""ready_for_publish"": false, ""weather"": false, ""xg"": false}, ""day_inventory_path"": "".data/day_inventory/2026-05-12.json"", ""day_inventory_refresh"": {""last_context_refresh_utc"": null, ""last_fixture_refresh_utc"": ""2026-05-11T21:01:46.417560+00:00"", ""last_odds_refresh_utc"": null}, ""day_inventory_source_ids"": {""sstats"": ""1407964""}, ""flash_id"": ""fBHWP0MF"", ""league_id"": ""745"", ""provider"": ""sstats"", ""provider_source_ids"": {""sstats"": ""1407964""}, ""season_id"": """", ""sources_seen"": ""sstats"", ""status"": ""2""}",,,,,,,,,,,,,,,,,,,,,,,,,,,,,,,
soccer|sepsi osk sfantu gheorghe|voluntari|2026-05-12,day_inventory,soccer|sepsi osk sfantu gheorghe|voluntari|2026-05-12,soccer,Liga II,FC Voluntari,Sepsi OSK Sfantu Gheorghe,2026-05-12T17:00:00+00:00,mid,"{""country"": ""Romania"", ""day_inventory"": true, ""day_inventory_coverage"": {""context"": false, ""fixture_core"": true, ""form"": false, ""news"": false, ""odds"": false, ""ready_for_model"": false, ""ready_for_publish"": false, ""weather"": false, ""xg"": false}, ""day_inventory_path"": "".data/day_inventory/2026-05-12.json"", ""day_inventory_refresh"": {""last_context_refresh_utc"": null, ""last_fixture_refresh_utc"": ""2026-05-11T21:01:46.417005+00:00"", ""last_odds_refresh_utc"": null}, ""day_inventory_source_ids"": {""sstats"": ""1534001""}, ""flash_id"": ""dWlBAW7c"", ""league_id"": ""284"", ""provider"": ""sstats"", ""provider_source_ids"": {""sstats"": ""1534001""}, ""season_id"": """", ""sources_seen"": ""sstats"", ""status"": ""2""}",,,,,,,,,,,,,,,,,,,,,,,,,,,,,,,
soccer|arda kardzhali|botev plovdiv|2026-05-12,day_inventory,soccer|arda kardzhali|botev plovdiv|2026-05-12,soccer,Parva Liga,Botev Plovdiv,Arda Kardzhali,2026-05-12T17:15:00+00:00,mid,"{""country"": """", ""day_inventory"": true, ""day_inventory_coverage"": {""context"": false, ""fixture_core"": true, ""form"": false, ""news"": false, ""odds"": false, ""ready_for_model"": false, ""ready_for_publish"": false, ""weather"": false, ""xg"": false}, ""day_inventory_path"": "".data/day_inventory/2026-05-12.json"", ""day_inventory_refresh"": {""last_context_refresh_utc"": null, ""last_fixture_refresh_utc"": ""2026-05-11T21:01:46.418769+00:00"", ""last_odds_refresh_utc"": null}, ""day_inventory_source_ids"": {""bzzoiro"": ""203006"", ""sstats"": ""1540967""}, ""period"": """", ""provider"": ""bzzoiro"", ""provider_source_ids"": {""bzzoiro"": ""203006"", ""sstats"": ""1540967""}, ""sources_seen"": ""bzzoiro,sstats"", ""status"": ""notstarted"", ""venue"": ""{'id': 324, 'name': 'Hristo Botev Stadium', 'city': 'Plovdiv', 'country': 'Bulgaria', 'capacity': 18700, 'latitude': 42.140128, 'longitude': 24.764428, 'pitch_x': None, 'pitch_y': None, 'built_year': None}""}",,,,,,,,,,,,,,,,,,,,,,,,,,,,,,,
soccer|al hussein|al wihdat|2026-05-12,day_inventory,soccer|al hussein|al wihdat|2026-05-12,soccer,Cup,Al Hussein,Al Wihdat,2026-05-12T17:30:00+00:00,mid,"{""country"": ""Jordan"", ""day_inventory"": true, ""day_inventory_coverage"": {""context"": false, ""fixture_core"": true, ""form"": false, ""news"": false, ""odds"": false, ""ready_for_model"": false, ""ready_for_publish"": false, ""weather"": false, ""xg"": false}, ""day_inventory_path"": "".data/day_inventory/2026-05-12.json"", ""day_inventory_refresh"": {""last_context_refresh_utc"": null, ""last_fixture_refresh_utc"": ""2026-05-11T21:01:46.418940+00:00"", ""last_odds_refresh_utc"": null}, ""day_inventory_source_ids"": {""sstats"": ""1543737""}, ""flash_id"": ""QyjmSvHl"", ""league_id"": ""863"", ""provider"": ""sstats"", ""provider_source_ids"": {""sstats"": ""1543737""}, ""season_id"": """", ""sources_seen"": ""sstats"", ""status"": ""2""}",,,,,,,,,,,,,,,,,,,,,,,,,,,,,,,
soccer|beitar jerusalem|hapoel beer sheva|2026-05-12,day_inventory,soccer|beitar jerusalem|hapoel beer sheva|2026-05-12,soccer,Ligat Ha'al,Beitar Jerusalem,Hapoel Beer Sheva,2026-05-12T17:30:00+00:00,mid,"{""country"": ""Israel"", ""day_inventory"": true, ""day_inventory_coverage"": {""context"": false, ""fixture_core"": true, ""form"": false, ""news"": false, ""odds"": false, ""ready_for_model"": false, ""ready_for_publish"": false, ""weather"": false, ""xg"": false}, ""day_inventory_path"": "".data/day_inventory/2026-05-12.json"", ""day_inventory_refresh"": {""last_context_refresh_utc"": null, ""last_fixture_refresh_utc"": ""2026-05-11T21:01:46.419127+00:00"", ""last_odds_refresh_utc"": null}, ""day_inventory_source_ids"": {""sstats"": ""1540720""}, ""flash_id"": ""zaZS6vlL"", ""league_id"": ""383"", ""provider"": ""sstats"", ""provider_source_ids"": {""sstats"": ""1540720""}, ""season_id"": """", ""sources_seen"": ""sstats"", ""status"": ""2""}",,,,,,,,,,,,,,,,,,,,,,,,,,,,,,,
soccer|mamelodi sundowns|ts galaxy|2026-05-12,day_inventory,soccer|mamelodi sundowns|ts galaxy|2026-05-12,soccer,Premier Soccer League,TS Galaxy,Mamelodi Sundowns,2026-05-12T17:30:00+00:00,mid,"{""country"": ""South-Africa"", ""day_inventory"": true, ""day_inventory_coverage"": {""context"": false, ""fixture_core"": true, ""form"": false, ""news"": false, ""odds"": false, ""ready_for_model"": false, ""ready_for_publish"": false, ""weather"": false, ""xg"": false}, ""day_inventory_path"": "".data/day_inventory/2026-05-12.json"", ""day_inventory_refresh"": {""last_context_refresh_utc"": null, ""last_fixture_refresh_utc"": ""2026-05-11T21:01:46.419300+00:00"", ""last_odds_refresh_utc"": null}, ""day_inventory_source_ids"": {""sstats"": ""1429697""}, ""flash_id"": ""jmMCXxBr"", ""league_id"": ""288"", ""provider"": ""sstats"", ""provider_source_ids"": {""sstats"": ""1429697""}, ""season_id"": """", ""sources_seen"": ""sstats"", ""status"": ""2""}",,,,,,,,,,,,,,,,,,,,,,,,,,,,,,,
soccer|al hilal saudi|al nassr|2026-05-12,day_inventory,soccer|al hilal saudi|al nassr|2026-05-12,soccer,Pro League,Al-Nassr,Al-Hilal Saudi FC,2026-05-12T18:00:00+00:00,mid,"{""country"": ""Saudi-Arabia"", ""day_inventory"": true, ""day_inventory_coverage"": {""context"": false, ""fixture_core"": true, ""form"": false, ""news"": false, ""odds"": false, ""ready_for_model"": false, ""ready_for_publish"": false, ""weather"": false, ""xg"": false}, ""day_inventory_path"": "".data/day_inventory/2026-05-12.json"", ""day_inventory_refresh"": {""last_context_refresh_utc"": null, ""last_fixture_refresh_utc"": ""2026-05-11T21:01:46.420393+00:00"", ""last_odds_refresh_utc"": null}, ""day_inventory_source_ids"": {""sstats"": ""1436194""}, ""flash_id"": ""6Nt6fKzG"", ""league_id"": ""307"", ""provider"": ""sstats"", ""provider_source_ids"": {""sstats"": ""1436194""}, ""season_id"": """", ""sources_seen"": ""sstats"", ""status"": ""2""}",,,,,,,,,,,,,,,,,,,,,,,,,,,,,,,
soccer|al hilal|al nassr|2026-05-12,day_inventory,soccer|al hilal|al nassr|2026-05-12,soccer,Saudi Pro League,Al-Nassr,Al-Hilal,2026-05-12T18:00:00+00:00,mid,"{""country"": """", ""day_inventory"": true, ""day_inventory_coverage"": {""context"": false, ""fixture_core"": true, ""form"": false, ""news"": false, ""odds"": false, ""ready_for_model"": false, ""ready_for_publish"": false, ""weather"": false, ""xg"": false}, ""day_inventory_path"": "".data/day_inventory/2026-05-12.json"", ""day_inventory_refresh"": {""last_context_refresh_utc"": null, ""last_fixture_refresh_utc"": ""2026-05-11T21:01:46.420552+00:00"", ""last_odds_refresh_utc"": null}, ""day_inventory_source_ids"": {""bzzoiro"": ""4807""}, ""period"": """", ""provider"": ""bzzoiro"", ""provider_source_ids"": {""bzzoiro"": ""4807""}, ""sources_seen"": ""bzzoiro"", ""status"": ""notstarted"", ""venue"": ""{'id': 256, 'name': 'Al-Awwal Park', 'city': 'Riyadh', 'country': 'Saudi Arabia', 'capacity': 25000, 'latitude': 24.729335, 'longitude': 46.623977, 'pitch_x': None, 'pitch_y': None, 'built_year': 2015}""}",,,,,,,,,,,,,,,,,,,,,,,,,,,,,,,
soccer|borussia dortmund 2|real madrid|2026-05-12,day_inventory,soccer|borussia dortmund 2|real madrid|2026-05-12,soccer,Premier League International Cup,Real Madrid U21,Borussia Dortmund II,2026-05-12T18:00:00+00:00,mid,"{""country"": ""World"", ""day_inventory"": true, ""day_inventory_coverage"": {""context"": false, ""fixture_core"": true, ""form"": false, ""news"": false, ""odds"": false, ""ready_for_model"": false, ""ready_for_publish"": false, ""weather"": false, ""xg"": false}, ""day_inventory_path"": "".data/day_inventory/2026-05-12.json"", ""day_inventory_refresh"": {""last_context_refresh_utc"": null, ""last_fixture_refresh_utc"": ""2026-05-11T21:01:46.420030+00:00"", ""last_odds_refresh_utc"": null}, ""day_inventory_source_ids"": {""sstats"": ""1543729""}, ""flash_id"": ""KKCbfScs"", ""league_id"": ""1039"", ""provider"": ""sstats"", ""provider_source_ids"": {""sstats"": ""1543729""}, ""season_id"": """", ""sources_seen"": ""sstats"", ""status"": ""2""}",,,,,,,,,,,,,,,,,,,,,,,,,,,,,,,
soccer|elche|real betis balompie|2026-05-12,day_inventory,544562,soccer,Primera Division,Real Betis Balompié,Elche CF,2026-05-12T18:00:00+00:00,mid,"{""competition_code"": ""PD"", ""competition_type"": ""LEAGUE"", ""day_inventory"": true, ""day_inventory_coverage"": {""context"": false, ""fixture_core"": true, ""form"": false, ""news"": false, ""odds"": false, ""ready_for_model"": false, ""ready_for_publish"": false, ""weather"": false, ""xg"": false}, ""day_inventory_path"": "".data/day_inventory/2026-05-12.json"", ""day_inventory_refresh"": {""last_context_refresh_utc"": null, ""last_fixture_refresh_utc"": ""2026-05-11T21:01:46.420212+00:00"", ""last_odds_refresh_utc"": null}, ""day_inventory_source_ids"": {""football_data"": ""544562""}, ""group"": """", ""stage"": ""REGULAR_SEASON"", ""status"": ""TIMED""}",,,,,,,,,,,,,,,,,,,,,,,,,,,,,,,
soccer|elche|real betis|2026-05-12,day_inventory,soccer|elche|real betis|2026-05-12,soccer,La Liga,Real Betis,Elche,2026-05-12T18:00:00+00:00,mid,"{""country"": """", ""day_inventory"": true, ""day_inventory_coverage"": {""context"": false, ""fixture_core"": true, ""form"": false, ""news"": false, ""odds"": false, ""ready_for_model"": false, ""ready_for_publish"": false, ""weather"": false, ""xg"": false}, ""day_inventory_path"": "".data/day_inventory/2026-05-12.json"", ""day_inventory_refresh"": {""last_context_refresh_utc"": null, ""last_fixture_refresh_utc"": ""2026-05-11T21:01:46.419659+00:00"", ""last_odds_refresh_utc"": null}, ""day_inventory_source_ids"": {""bzzoiro"": ""1047"", ""sstats"": ""1391170""}, ""period"": """", ""provider"": ""bzzoiro"", ""provider_source_ids"": {""bzzoiro"": ""1047"", ""sstats"": ""1391170""}, ""secondary_source_event_id"": ""2279745"", ""sources_seen"": ""bzzoiro,sstats,thesportsdb"", ""status"": ""notstarted"", ""venue"": ""{'id': 1136, 'name': 'Estadio de la Cartuja', 'city': 'Seville', 'country': 'Spain', 'capacity': 70000, 'latitude': 37.417223, 'longitude': -6.004737, 'pitch_x': None, 'pitch_y': None, 'built_year': 1999}""}",,,,,,,,,,,,,,,,,,,,,,,,,,,,,,,
soccer|mostaganem|usm alger|2026-05-12,day_inventory,soccer|mostaganem|usm alger|2026-05-12,soccer,Ligue 1,USM Alger,Mostaganem,2026-05-12T18:00:00+00:00,mid,"{""country"": ""Algeria"", ""day_inventory"": true, ""day_inventory_coverage"": {""context"": false, ""fixture_core"": true, ""form"": false, ""news"": false, ""odds"": false, ""ready_for_model"": false, ""ready_for_publish"": false, ""weather"": false, ""xg"": false}, ""day_inventory_path"": "".data/day_inventory/2026-05-12.json"", ""day_inventory_refresh"": {""last_context_refresh_utc"": null, ""last_fixture_refresh_utc"": ""2026-05-11T21:01:46.419831+00:00"", ""last_odds_refresh_utc"": null}, ""day_inventory_source_ids"": {""sstats"": ""1513465""}, ""flash_id"": ""SAE12aC6"", ""league_id"": ""186"", ""provider"": ""sstats"", ""provider_source_ids"": {""sstats"": ""1513465""}, ""season_id"": """", ""sources_seen"": ""sstats"", ""status"": ""2""}",,,,,,,,,,,,,,,,,,,,,,,,,,,,,,,
soccer|plzen|sparta praha|2026-05-12,day_inventory,soccer|plzen|sparta praha|2026-05-12,soccer,Czech Liga,Sparta Praha,Plzen,2026-05-12T18:00:00+00:00,mid,"{""country"": ""Czech-Republic"", ""day_inventory"": true, ""day_inventory_coverage"": {""context"": false, ""fixture_core"": true, ""form"": false, ""news"": false, ""odds"": false, ""ready_for_model"": false, ""ready_for_publish"": false, ""weather"": false, ""xg"": false}, ""day_inventory_path"": "".data/day_inventory/2026-05-12.json"", ""day_inventory_refresh"": {""last_context_refresh_utc"": null, ""last_fixture_refresh_utc"": ""2026-05-11T21:01:46.419459+00:00"", ""last_odds_refresh_utc"": null}, ""day_inventory_source_ids"": {""sstats"": ""1542828""}, ""flash_id"": ""bHzvRT2s"", ""league_id"": ""345"", ""provider"": ""sstats"", ""provider_source_ids"": {""sstats"": ""1542828""}, ""season_id"": """", ""sources_seen"": ""sstats"", ""status"": ""2""}",,,,,,,,,,,,,,,,,,,,,,,,,,,,,,,
soccer|grasshopper zurich|winterthur|2026-05-12,day_inventory,soccer|grasshopper zurich|winterthur|2026-05-12,soccer,Super League,Grasshopper Club Zürich,FC Winterthur,2026-05-12T18:30:00+00:00,mid,"{""country"": """", ""day_inventory"": true, ""day_inventory_coverage"": {""context"": false, ""fixture_core"": true, ""form"": false, ""news"": false, ""odds"": false, ""ready_for_model"": false, ""ready_for_publish"": false, ""weather"": false, ""xg"": false}, ""day_inventory_path"": "".data/day_inventory/2026-05-12.json"", ""day_inventory_refresh"": {""last_context_refresh_utc"": null, ""last_fixture_refresh_utc"": ""2026-05-11T21:01:46.421263+00:00"", ""last_odds_refresh_utc"": null}, ""day_inventory_source_ids"": {""bzzoiro"": ""10253""}, ""period"": """", ""provider"": ""bzzoiro"", ""provider_source_ids"": {""bzzoiro"": ""10253""}, ""sources_seen"": ""bzzoiro"", ""status"": ""notstarted"", ""venue"": ""{'id': 237, 'name': 'Letzigrund', 'city': 'Zurich', 'country': 'Switzerland', 'capacity': 26104, 'latitude': 47.382794, 'longitude': 8.504364, 'pitch_x': 105, 'pitch_y': 68, 'built_year': 2007}""}",,,,,,,,,,,,,,,,,,,,,,,,,,,,,,,
soccer|grasshoppers|winterthur|2026-05-12,day_inventory,soccer|grasshoppers|winterthur|2026-05-12,soccer,Super League,Grasshoppers,FC Winterthur,2026-05-12T18:30:00+00:00,mid,"{""country"": ""Switzerland"", ""day_inventory"": true, ""day_inventory_coverage"": {""context"": false, ""fixture_core"": true, ""form"": false, ""news"": false, ""odds"": false, ""ready_for_model"": false, ""ready_for_publish"": false, ""weather"": false, ""xg"": false}, ""day_inventory_path"": "".data/day_inventory/2026-05-12.json"", ""day_inventory_refresh"": {""last_context_refresh_utc"": null, ""last_fixture_refresh_utc"": ""2026-05-11T21:01:46.421430+00:00"", ""last_odds_refresh_utc"": null}, ""day_inventory_source_ids"": {""sstats"": ""1538477""}, ""flash_id"": ""fsVv4bGF"", ""league_id"": ""207"", ""provider"": ""sstats"", ""provider_source_ids"": {""sstats"": ""1538477""}, ""season_id"": """", ""sources_seen"": ""sstats"", ""status"": ""2""}",,,,,,,,,,,,,,,,,,,,,,,,,,,,,,,
soccer|lausanne sport|servette|2026-05-12,day_inventory,soccer|lausanne sport|servette|2026-05-12,soccer,Super League,Servette FC,FC Lausanne-Sport,2026-05-12T18:30:00+00:00,mid,"{""country"": """", ""day_inventory"": true, ""day_inventory_coverage"": {""context"": false, ""fixture_core"": true, ""form"": false, ""news"": false, ""odds"": false, ""ready_for_model"": false, ""ready_for_publish"": false, ""weather"": false, ""xg"": false}, ""day_inventory_path"": "".data/day_inventory/2026-05-12.json"", ""day_inventory_refresh"": {""last_context_refresh_utc"": null, ""last_fixture_refresh_utc"": ""2026-05-11T21:01:46.421606+00:00"", ""last_odds_refresh_utc"": null}, ""day_inventory_source_ids"": {""bzzoiro"": ""10254""}, ""period"": """", ""provider"": ""bzzoiro"", ""provider_source_ids"": {""bzzoiro"": ""10254""}, ""sources_seen"": ""bzzoiro"", ""status"": ""notstarted"", ""venue"": ""{'id': 241, 'name': 'Stade de Genève', 'city': 'Geneva', 'country': 'Switzerland', 'capacity': 30084, 'latitude': 46.177847, 'longitude': 6.127431, 'pitch_x': 105, 'pitch_y': 68, 'built_year': 2003}""}",,,,,,,,,,,,,,,,,,,,,,,,,,,,,,,
soccer|lausanne|servette|2026-05-12,day_inventory,soccer|lausanne|servette|2026-05-12,soccer,Super League,Servette FC,Lausanne,2026-05-12T18:30:00+00:00,mid,"{""country"": ""Switzerland"", ""day_inventory"": true, ""day_inventory_coverage"": {""context"": false, ""fixture_core"": true, ""form"": false, ""news"": false, ""odds"": false, ""ready_for_model"": false, ""ready_for_publish"": false, ""weather"": false, ""xg"": false}, ""day_inventory_path"": "".data/day_inventory/2026-05-12.json"", ""day_inventory_refresh"": {""last_context_refresh_utc"": null, ""last_fixture_refresh_utc"": ""2026-05-11T21:01:46.421781+00:00"", ""last_odds_refresh_utc"": null}, ""day_inventory_source_ids"": {""sstats"": ""1538479""}, ""flash_id"": ""MTWW5Ko3"", ""league_id"": ""207"", ""provider"": ""sstats"", ""provider_source_ids"": {""sstats"": ""1538479""}, ""season_id"": """", ""sources_seen"": ""sstats"", ""status"": ""2""}",,,,,,,,,,,,,,,,,,,,,,,,,,,,,,,
soccer|luzern|zurich|2026-05-12,day_inventory,soccer|luzern|zurich|2026-05-12,soccer,Super League,FC Luzern,FC Zürich,2026-05-12T18:30:00+00:00,mid,"{""country"": """", ""day_inventory"": true, ""day_inventory_coverage"": {""context"": false, ""fixture_core"": true, ""form"": false, ""news"": false, ""odds"": false, ""ready_for_model"": false, ""ready_for_publish"": false, ""weather"": false, ""xg"": false}, ""day_inventory_path"": "".data/day_inventory/2026-05-12.json"", ""day_inventory_refresh"": {""last_context_refresh_utc"": null, ""last_fixture_refresh_utc"": ""2026-05-11T21:01:46.421071+00:00"", ""last_odds_refresh_utc"": null}, ""day_inventory_source_ids"": {""bzzoiro"": ""10252"", ""sstats"": ""1538478""}, ""period"": """", ""provider"": ""bzzoiro"", ""provider_source_ids"": {""bzzoiro"": ""10252"", ""sstats"": ""1538478""}, ""sources_seen"": ""bzzoiro,sstats"", ""status"": ""notstarted"", ""venue"": ""{'id': 240, 'name': 'Swissporarena', 'city': 'Lucerne', 'country': 'Switzerland', 'capacity': 16800, 'latitude': 47.033264, 'longitude': 8.305187, 'pitch_x': 105, 'pitch_y': 68, 'built_year': 2011}""}",,,,,,,,,,,,,,,,,,,,,,,,,,,,,,,
soccer|red star 93|rodez|2026-05-12,day_inventory,soccer|red star 93|rodez|2026-05-12,soccer,Ligue 1,RED Star FC 93,Rodez,2026-05-12T18:30:00+00:00,mid,"{""country"": ""France"", ""day_inventory"": true, ""day_inventory_coverage"": {""context"": false, ""fixture_core"": true, ""form"": false, ""news"": false, ""odds"": false, ""ready_for_model"": false, ""ready_for_publish"": false, ""weather"": false, ""xg"": false}, ""day_inventory_path"": "".data/day_inventory/2026-05-12.json"", ""day_inventory_refresh"": {""last_context_refresh_utc"": null, ""last_fixture_refresh_utc"": ""2026-05-11T21:01:46.420734+00:00"", ""last_odds_refresh_utc"": null}, ""day_inventory_source_ids"": {""sstats"": ""1544684""}, ""flash_id"": ""Kni5RCfK"", ""league_id"": ""61"", ""provider"": ""sstats"", ""provider_source_ids"": {""sstats"": ""1544684""}, ""season_id"": """", ""sources_seen"": ""sstats"", ""status"": ""2""}",,,,,,,,,,,,,,,,,,,,,,,,,,,,,,,
soccer|red star|rodez af|2026-05-12,day_inventory,soccer|red star|rodez af|2026-05-12,soccer,Ligue 1,Red Star FC,Rodez AF,2026-05-12T18:30:00+00:00,mid,"{""country"": """", ""day_inventory"": true, ""day_inventory_coverage"": {""context"": false, ""fixture_core"": true, ""form"": false, ""news"": false, ""odds"": false, ""ready_for_model"": false, ""ready_for_publish"": false, ""weather"": false, ""xg"": false}, ""day_inventory_path"": "".data/day_inventory/2026-05-12.json"", ""day_inventory_refresh"": {""last_context_refresh_utc"": null, ""last_fixture_refresh_utc"": ""2026-05-11T21:01:46.420903+00:00"", ""last_odds_refresh_utc"": null}, ""day_inventory_source_ids"": {""bzzoiro"": ""207171""}, ""period"": """", ""provider"": ""bzzoiro"", ""provider_source_ids"": {""bzzoiro"": ""207171""}, ""sources_seen"": ""bzzoiro"", ""status"": ""notstarted"", ""venue"": ""{'id': 1293, 'name': 'Stade de Paris', 'city': 'Saint-Ouen', 'country': 'France', 'capacity': 10000, 'latitude': None, 'longitude': None, 'pitch_x': None, 'pitch_y': None, 'built_year': None}""}",,,,,,,,,,,,,,,,,,,,,,,,,,,,,,,
soccer|aberdeen|saint mirren|2026-05-12,day_inventory,soccer|aberdeen|saint mirren|2026-05-12,soccer,Scottish Premiership,Aberdeen,St. Mirren,2026-05-12T18:45:00+00:00,mid,"{""country"": """", ""day_inventory"": true, ""day_inventory_coverage"": {""context"": false, ""fixture_core"": true, ""form"": false, ""news"": false, ""odds"": false, ""ready_for_model"": false, ""ready_for_publish"": false, ""weather"": false, ""xg"": false}, ""day_inventory_path"": "".data/day_inventory/2026-05-12.json"", ""day_inventory_refresh"": {""last_context_refresh_utc"": null, ""last_fixture_refresh_utc"": ""2026-05-11T21:01:46.422777+00:00"", ""last_odds_refresh_utc"": null}, ""day_inventory_source_ids"": {""bzzoiro"": ""10301"", ""sstats"": ""1540014""}, ""period"": """", ""provider"": ""bzzoiro"", ""provider_source_ids"": {""bzzoiro"": ""10301"", ""sstats"": ""1540014""}, ""sources_seen"": ""bzzoiro,sstats"", ""status"": ""notstarted"", ""venue"": ""{'id': 224, 'name': 'Pittodrie Stadium', 'city': 'Aberdeen', 'country': 'Scotland', 'capacity': 20866, 'latitude': None, 'longitude': None, 'pitch_x': None, 'pitch_y': None, 'built_year': None}""}",,,,,,,,,,,,,,,,,,,,,,,,,,,,,,,
soccer|clyde|hamilton academical|2026-05-12,day_inventory,soccer|clyde|hamilton academical|2026-05-12,soccer,League One,Clyde,Hamilton Academical,2026-05-12T18:45:00+00:00,mid,"{""country"": ""Scotland"", ""day_inventory"": true, ""day_inventory_coverage"": {""context"": false, ""fixture_core"": true, ""form"": false, ""news"": false, ""odds"": false, ""ready_for_model"": false, ""ready_for_publish"": false, ""weather"": false, ""xg"": false}, ""day_inventory_path"": "".data/day_inventory/2026-05-12.json"", ""day_inventory_refresh"": {""last_context_refresh_utc"": null, ""last_fixture_refresh_utc"": ""2026-05-11T21:01:46.422269+00:00"", ""last_odds_refresh_utc"": null}, ""day_inventory_source_ids"": {""sstats"": ""1544687""}, ""flash_id"": """", ""league_id"": ""183"", ""provider"": ""sstats"", ""provider_source_ids"": {""sstats"": ""1544687""}, ""season_id"": """", ""sources_seen"": ""sstats"", ""status"": ""2""}",,,,,,,,,,,,,,,,,,,,,,,,,,,,,,,
soccer|domagnano|virtus|2026-05-12,day_inventory,soccer|domagnano|virtus|2026-05-12,soccer,Campionato,Domagnano,Virtus,2026-05-12T18:45:00+00:00,mid,"{""country"": ""San-Marino"", ""day_inventory"": true, ""day_inventory_coverage"": {""context"": false, ""fixture_core"": true, ""form"": false, ""news"": false, ""odds"": false, ""ready_for_model"": false, ""ready_for_publish"": false, ""weather"": false, ""xg"": false}, ""day_inventory_path"": "".data/day_inventory/2026-05-12.json"", ""day_inventory_refresh"": {""last_context_refresh_utc"": null, ""last_fixture_refresh_utc"": ""2026-05-11T21:01:46.421934+00:00"", ""last_odds_refresh_utc"": null}, ""day_inventory_source_ids"": {""sstats"": ""1544374""}, ""flash_id"": ""pQn2vJZR"", ""league_id"": ""404"", ""provider"": ""sstats"", ""provider_source_ids"": {""sstats"": ""1544374""}, ""season_id"": """", ""sources_seen"": ""sstats"", ""status"": ""2""}",,,,,,,,,,,,,,,,,,,,,,,,,,,,,,,
soccer|dundee united|livingston|2026-05-12,day_inventory,soccer|dundee united|livingston|2026-05-12,soccer,Scottish Premiership,Dundee United,Livingston,2026-05-12T18:45:00+00:00,mid,"{""country"": """", ""day_inventory"": true, ""day_inventory_coverage"": {""context"": false, ""fixture_core"": true, ""form"": false, ""news"": false, ""odds"": false, ""ready_for_model"": false, ""ready_for_publish"": false, ""weather"": false, ""xg"": false}, ""day_inventory_path"": "".data/day_inventory/2026-05-12.json"", ""day_inventory_refresh"": {""last_context_refresh_utc"": null, ""last_fixture_refresh_utc"": ""2026-05-11T21:01:46.422948+00:00"", ""last_odds_refresh_utc"": null}, ""day_inventory_source_ids"": {""bzzoiro"": ""10302"", ""sstats"": ""1540015""}, ""period"": """", ""provider"": ""bzzoiro"", ""provider_source_ids"": {""bzzoiro"": ""10302"", ""sstats"": ""1540015""}, ""sources_seen"": ""bzzoiro,sstats"", ""status"": ""notstarted"", ""venue"": ""{'id': 219, 'name': 'Tannadice Park', 'city': 'Dundee', 'country': 'Scotland', 'capacity': 14233, 'latitude': None, 'longitude': None, 'pitch_x': None, 'pitch_y': None, 'built_year': None}""}",,,,,,,,,,,,,,,,,,,,,,,,,,,,,,,
soccer|dundee|kilmarnock|2026-05-12,day_inventory,soccer|dundee|kilmarnock|2026-05-12,soccer,Scottish Premiership,Kilmarnock,Dundee FC,2026-05-12T18:45:00+00:00,mid,"{""country"": """", ""day_inventory"": true, ""day_inventory_coverage"": {""context"": false, ""fixture_core"": true, ""form"": false, ""news"": false, ""odds"": false, ""ready_for_model"": false, ""ready_for_publish"": false, ""weather"": false, ""xg"": false}, ""day_inventory_path"": "".data/day_inventory/2026-05-12.json"", ""day_inventory_refresh"": {""last_context_refresh_utc"": null, ""last_fixture_refresh_utc"": ""2026-05-11T21:01:46.423295+00:00"", ""last_odds_refresh_utc"": null}, ""day_inventory_source_ids"": {""bzzoiro"": ""10303"", ""sstats"": ""1540016""}, ""period"": """", ""provider"": ""bzzoiro"", ""provider_source_ids"": {""bzzoiro"": ""10303"", ""sstats"": ""1540016""}, ""sources_seen"": ""bzzoiro,sstats"", ""status"": ""notstarted"", ""venue"": ""{'id': 215, 'name': 'BBSP Rugby Park', 'city': 'Kilmarnock', 'country': 'Scotland', 'capacity': 15003, 'latitude': None, 'longitude': None, 'pitch_x': None, 'pitch_y': None, 'built_year': None}""}",,,,,,,,,,,,,,,,,,,,,,,,,,,,,,,
soccer|dunfermline athletic|partick thistle|2026-05-12,day_inventory,soccer|dunfermline athletic|partick thistle|2026-05-12,soccer,Scottish Premiership,Dunfermline Athletic,Partick Thistle,2026-05-12T18:45:00+00:00,mid,"{""country"": """", ""day_inventory"": true, ""day_inventory_coverage"": {""context"": false, ""fixture_core"": true, ""form"": false, ""news"": false, ""odds"": false, ""ready_for_model"": false, ""ready_for_publish"": false, ""weather"": false, ""xg"": false}, ""day_inventory_path"": "".data/day_inventory/2026-05-12.json"", ""day_inventory_refresh"": {""last_context_refresh_utc"": null, ""last_fixture_refresh_utc"": ""2026-05-11T21:01:46.423135+00:00"", ""last_odds_refresh_utc"": null}, ""day_inventory_source_ids"": {""bzzoiro"": ""207160""}, ""period"": """", ""provider"": ""bzzoiro"", ""provider_source_ids"": {""bzzoiro"": ""207160""}, ""sources_seen"": ""bzzoiro"", ""status"": ""notstarted"", ""venue"": """"}",,,,,,,,,,,,,,,,,,,,,,,,,,,,,,,
soccer|dunfermline|partick|2026-05-12,day_inventory,soccer|dunfermline|partick|2026-05-12,soccer,Premiership,Dunfermline,Partick,2026-05-12T18:45:00+00:00,mid,"{""country"": ""Scotland"", ""day_inventory"": true, ""day_inventory_coverage"": {""context"": false, ""fixture_core"": true, ""form"": false, ""news"": false, ""odds"": false, ""ready_for_model"": false, ""ready_for_publish"": false, ""weather"": false, ""xg"": false}, ""day_inventory_path"": "".data/day_inventory/2026-05-12.json"", ""day_inventory_refresh"": {""last_context_refresh_utc"": null, ""last_fixture_refresh_utc"": ""2026-05-11T21:01:46.422424+00:00"", ""last_odds_refresh_utc"": null}, ""day_inventory_source_ids"": {""sstats"": ""1544661""}, ""flash_id"": ""nka5e3fm"", ""league_id"": ""179"", ""provider"": ""sstats"", ""provider_source_ids"": {""sstats"": ""1544661""}, ""season_id"": """", ""sources_seen"": ""sstats"", ""status"": ""2""}",,,,,,,,,,,,,,,,,,,,,,,,,,,,,,,
soccer|dungannon swifts|linfield|2026-05-12,day_inventory,soccer|dungannon swifts|linfield|2026-05-12,soccer,Premiership,Linfield,Dungannon Swifts,2026-05-12T18:45:00+00:00,mid,"{""country"": ""Northern-Ireland"", ""day_inventory"": true, ""day_inventory_coverage"": {""context"": false, ""fixture_core"": true, ""form"": false, ""news"": false, ""odds"": false, ""ready_for_model"": false, ""ready_for_publish"": false, ""weather"": false, ""xg"": false}, ""day_inventory_path"": "".data/day_inventory/2026-05-12.json"", ""day_inventory_refresh"": {""last_context_refresh_utc"": null, ""last_fixture_refresh_utc"": ""2026-05-11T21:01:46.422590+00:00"", ""last_odds_refresh_utc"": null}, ""day_inventory_source_ids"": {""sstats"": ""1544689""}, ""flash_id"": ""zFTYpfcm"", ""league_id"": ""408"", ""provider"": ""sstats"", ""provider_source_ids"": {""sstats"": ""1544689""}, ""season_id"": """", ""sources_seen"": ""sstats"", ""status"": ""2""}",,,,,,,,,,,,,,,,,,,,,,,,,,,,,,,
soccer|la fiorita|tre penne|2026-05-12,day_inventory,soccer|la fiorita|tre penne|2026-05-12,soccer,Campionato,Tre Penne,La Fiorita,2026-05-12T18:45:00+00:00,mid,"{""country"": ""San-Marino"", ""day_inventory"": true, ""day_inventory_coverage"": {""context"": false, ""fixture_core"": true, ""form"": false, ""news"": false, ""odds"": false, ""ready_for_model"": false, ""ready_for_publish"": false, ""weather"": false, ""xg"": false}, ""day_inventory_path"": "".data/day_inventory/2026-05-12.json"", ""day_inventory_refresh"": {""last_context_refresh_utc"": null, ""last_fixture_refresh_utc"": ""2026-05-11T21:01:46.422104+00:00"", ""last_odds_refresh_utc"": null}, ""day_inventory_source_ids"": {""sstats"": ""1544375""}, ""flash_id"": ""xKkfoRnC"", ""league_id"": ""404"", ""provider"": ""sstats"", ""provider_source_ids"": {""sstats"": ""1544375""}, ""season_id"": """", ""sources_seen"": ""sstats"", ""status"": ""2""}",,,,,,,,,,,,,,,,,,,,,,,,,,,,,,,
soccer|avellino|catanzaro|2026-05-12,day_inventory,soccer|avellino|catanzaro|2026-05-12,soccer,Serie B,Catanzaro,Avellino,2026-05-12T19:00:00+00:00,mid,"{""country"": ""Italy"", ""day_inventory"": true, ""day_inventory_coverage"": {""context"": false, ""fixture_core"": true, ""form"": false, ""news"": false, ""odds"": false, ""ready_for_model"": false, ""ready_for_publish"": false, ""weather"": false, ""xg"": false}, ""day_inventory_path"": "".data/day_inventory/2026-05-12.json"", ""day_inventory_refresh"": {""last_context_refresh_utc"": null, ""last_fixture_refresh_utc"": ""2026-05-11T21:01:46.424160+00:00"", ""last_odds_refresh_utc"": null}, ""day_inventory_source_ids"": {""sstats"": ""1544650""}, ""flash_id"": ""2PRtHyNN"", ""league_id"": ""136"", ""provider"": ""sstats"", ""provider_source_ids"": {""sstats"": ""1544650""}, ""season_id"": """", ""sources_seen"": ""sstats"", ""status"": ""2""}",,,,,,,,,,,,,,,,,,,,,,,,,,,,,,,
soccer|cr belouizdad|js saoura|2026-05-12,day_inventory,soccer|cr belouizdad|js saoura|2026-05-12,soccer,Ligue 1,JS Saoura,CR Belouizdad,2026-05-12T19:00:00+00:00,mid,"{""country"": ""Algeria"", ""day_inventory"": true, ""day_inventory_coverage"": {""context"": false, ""fixture_core"": true, ""form"": false, ""news"": false, ""odds"": false, ""ready_for_model"": false, ""ready_for_publish"": false, ""weather"": false, ""xg"": false}, ""day_inventory_path"": "".data/day_inventory/2026-05-12.json"", ""day_inventory_refresh"": {""last_context_refresh_utc"": null, ""last_fixture_refresh_utc"": ""2026-05-11T21:01:46.423800+00:00"", ""last_odds_refresh_utc"": null}, ""day_inventory_source_ids"": {""sstats"": ""1513400""}, ""flash_id"": ""YV91xczf"", ""league_id"": ""186"", ""provider"": ""sstats"", ""provider_source_ids"": {""sstats"": ""1513400""}, ""season_id"": """", ""sources_seen"": ""sstats"", ""status"": ""2""}",,,,,,,,,,,,,,,,,,,,,,,,,,,,,,,
soccer|leones|orsomarso|2026-05-12,day_inventory,soccer|leones|orsomarso|2026-05-12,soccer,Copa Colombia,Leones FC,Orsomarso,2026-05-12T19:00:00+00:00,mid,"{""country"": ""Colombia"", ""day_inventory"": true, ""day_inventory_coverage"": {""context"": false, ""fixture_core"": true, ""form"": false, ""news"": false, ""odds"": false, ""ready_for_model"": false, ""ready_for_publish"": false, ""weather"": false, ""xg"": false}, ""day_inventory_path"": "".data/day_inventory/2026-05-12.json"", ""day_inventory_refresh"": {""last_context_refresh_utc"": null, ""last_fixture_refresh_utc"": ""2026-05-11T21:01:46.423617+00:00"", ""last_odds_refresh_utc"": null}, ""day_inventory_source_ids"": {""sstats"": ""1544264""}, ""flash_id"": """", ""league_id"": ""241"", ""provider"": ""sstats"", ""provider_source_ids"": {""sstats"": ""1544264""}, ""season_id"": """", ""sources_seen"": ""sstats"", ""status"": ""2""}",,,,,,,,,,,,,,,,,,,,,,,,,,,,,,,
soccer|middlesbrough|southampton|2026-05-12,day_inventory,soccer|middlesbrough|southampton|2026-05-12,soccer,Championship,Southampton,Middlesbrough,2026-05-12T19:00:00+00:00,mid,"{""country"": """", ""day_inventory"": true, ""day_inventory_coverage"": {""context"": false, ""fixture_core"": true, ""form"": false, ""news"": false, ""odds"": false, ""ready_for_model"": false, ""ready_for_publish"": false, ""weather"": false, ""xg"": false}, ""day_inventory_path"": "".data/day_inventory/2026-05-12.json"", ""day_inventory_refresh"": {""last_context_refresh_utc"": null, ""last_fixture_refresh_utc"": ""2026-05-11T21:01:46.423459+00:00"", ""last_odds_refresh_utc"": null}, ""day_inventory_source_ids"": {""bzzoiro"": ""206672"", ""sstats"": ""1543789""}, ""period"": """", ""provider"": ""bzzoiro"", ""provider_source_ids"": {""bzzoiro"": ""206672"", ""sstats"": ""1543789""}, ""secondary_source_event_id"": ""557838"", ""sources_seen"": ""bzzoiro,football_data,sstats"", ""status"": ""notstarted"", ""venue"": ""{'id': 200, 'name': \""St. Mary's Stadium\"", 'city': 'Southampton', 'country': 'England', 'capacity': 32384, 'latitude': 50.905833, 'longitude': -1.391111, 'pitch_x': 105, 'pitch_y': 68, 'built_year': 2001}""}",,,,,,,,,,,,,,,,,,,,,,,,,,,,,,,
soccer|san antonio bulo bulo|universitario vinto|2026-05-12,day_inventory,soccer|san antonio bulo bulo|universitario vinto|2026-05-12,soccer,Primera División,San Antonio Bulo Bulo,Universitario de Vinto,2026-05-12T19:00:00+00:00,mid,"{""country"": ""Bolivia"", ""day_inventory"": true, ""day_inventory_coverage"": {""context"": false, ""fixture_core"": true, ""form"": false, ""news"": false, ""odds"": false, ""ready_for_model"": false, ""ready_for_publish"": false, ""weather"": false, ""xg"": false}, ""day_inventory_path"": "".data/day_inventory/2026-05-12.json"", ""day_inventory_refresh"": {""last_context_refresh_utc"": null, ""last_fixture_refresh_utc"": ""2026-05-11T21:01:46.424005+00:00"", ""last_odds_refresh_utc"": null}, ""day_inventory_source_ids"": {""sstats"": ""1538373""}, ""flash_id"": """", ""league_id"": ""344"", ""provider"": ""sstats"", ""provider_source_ids"": {""sstats"": ""1538373""}, ""season_id"": """", ""sources_seen"": ""sstats"", ""status"": ""2""}",,,,,,,,,,,,,,,,,,,,,,,,,,,,,,,
soccer|atletico madrid|ca osasuna|2026-05-12,day_inventory,544567,soccer,Primera Division,CA Osasuna,Club Atlético de Madrid,2026-05-12T19:30:00+00:00,mid,"{""competition_code"": ""PD"", ""competition_type"": ""LEAGUE"", ""day_inventory"": true, ""day_inventory_coverage"": {""context"": false, ""fixture_core"": true, ""form"": false, ""news"": false, ""odds"": false, ""ready_for_model"": false, ""ready_for_publish"": false, ""weather"": false, ""xg"": false}, ""day_inventory_path"": "".data/day_inventory/2026-05-12.json"", ""day_inventory_refresh"": {""last_context_refresh_utc"": null, ""last_fixture_refresh_utc"": ""2026-05-11T21:01:46.424514+00:00"", ""last_odds_refresh_utc"": null}, ""day_inventory_source_ids"": {""football_data"": ""544567""}, ""group"": """", ""stage"": ""REGULAR_SEASON"", ""status"": ""TIMED""}",,,,,,,,,,,,,,,,,,,,,,,,,,,,,,,
soccer|atletico madrid|osasuna|2026-05-12,day_inventory,soccer|atletico madrid|osasuna|2026-05-12,soccer,La Liga,Osasuna,Atletico Madrid,2026-05-12T19:30:00+00:00,mid,"{""country"": ""Spain"", ""day_inventory"": true, ""day_inventory_coverage"": {""context"": false, ""fixture_core"": true, ""form"": false, ""news"": false, ""odds"": false, ""ready_for_model"": false, ""ready_for_publish"": false, ""weather"": false, ""xg"": false}, ""day_inventory_path"": "".data/day_inventory/2026-05-12.json"", ""day_inventory_refresh"": {""last_context_refresh_utc"": null, ""last_fixture_refresh_utc"": ""2026-05-11T21:01:46.424326+00:00"", ""last_odds_refresh_utc"": null}, ""day_inventory_source_ids"": {""sstats"": ""1391175""}, ""flash_id"": ""QXY2yYR1"", ""league_id"": ""140"", ""provider"": ""sstats"", ""provider_source_ids"": {""sstats"": ""1391175""}, ""season_id"": """", ""secondary_source_event_id"": ""2279750"", ""sources_seen"": ""sstats,thesportsdb"", ""status"": ""2""}",,,,,,,,,,,,,,,,,,,,,,,,,,,,,,,
soccer|barcelona|insutec|2026-05-12,day_inventory,soccer|barcelona|insutec|2026-05-12,soccer,Copa Ecuador,Insutec,Barcelona SC,2026-05-12T20:00:00+00:00,mid,"{""country"": ""Ecuador"", ""day_inventory"": true, ""day_inventory_coverage"": {""context"": false, ""fixture_core"": true, ""form"": false, ""news"": false, ""odds"": false, ""ready_for_model"": false, ""ready_for_publish"": false, ""weather"": false, ""xg"": false}, ""day_inventory_path"": "".data/day_inventory/2026-05-12.json"", ""day_inventory_refresh"": {""last_context_refresh_utc"": null, ""last_fixture_refresh_utc"": ""2026-05-11T21:01:46.424855+00:00"", ""last_odds_refresh_utc"": null}, ""day_inventory_source_ids"": {""sstats"": ""1542921""}, ""flash_id"": """", ""league_id"": ""917"", ""provider"": ""sstats"", ""provider_source_ids"": {""sstats"": ""1542921""}, ""season_id"": """", ""sources_seen"": ""sstats"", ""status"": ""2""}",,,,,,,,,,,,,,,,,,,,,,,,,,,,,,,
soccer|popayan|real santander|2026-05-12,day_inventory,soccer|popayan|real santander|2026-05-12,soccer,Copa Colombia,Real Santander,Popayan,2026-05-12T20:00:00+00:00,mid,"{""country"": ""Colombia"", ""day_inventory"": true, ""day_inventory_coverage"": {""context"": false, ""fixture_core"": true, ""form"": false, ""news"": false, ""odds"": false, ""ready_for_model"": false, ""ready_for_publish"": false, ""weather"": false, ""xg"": false}, ""day_inventory_path"": "".data/day_inventory/2026-05-12.json"", ""day_inventory_refresh"": {""last_context_refresh_utc"": null, ""last_fixture_refresh_utc"": ""2026-05-11T21:01:46.424695+00:00"", ""last_odds_refresh_utc"": null}, ""day_inventory_source_ids"": {""sstats"": ""1544266""}, ""flash_id"": """", ""league_id"": ""241"", ""provider"": ""sstats"", ""provider_source_ids"": {""sstats"": ""1544266""}, ""season_id"": """", ""sources_seen"": ""sstats"", ""status"": ""2""}",,,,,,,,,,,,,,,,,,,,,,,,,,,,,,,
