match_key,source,source_event_id,sport_key,league_name,home_team,away_team,commence_time,tier,metadata,forecast_status,forecast_family,forecast_selection,forecast_selection_key,forecast_team_side,forecast_line,forecast_odds,forecast_bookmaker,forecast_odds_source,forecast_model_probability_pct,forecast_adjusted_probability_pct,forecast_market_probability_pct,forecast_edge_pct,forecast_ev_pct,forecast_confidence,forecast_books_count,forecast_sources_count,forecast_model_mode,forecast_publication_score,forecast_expected_home,forecast_expected_away,forecast_total_xg,forecast_context_source,forecast_context_confidence,forecast_market_movement,forecast_quality_status,forecast_quality_score,forecast_quality_reasons,forecast_quality_calibration,forecast_reasons,forecast_analysis_points
soccer|bolivar|ca nacional potosi|2026-05-14,odds_api_io,70379164,soccer,Bolivia - Division Profesional,Club Bolivar,CA Nacional Potosi,2026-05-14T00:00:00+00:00,mid,"{""competition"": ""Bolivia - Division Profesional"", ""odds_api_io_id"": 70379164, ""raw_event"": {""away"": ""CA Nacional Potosi"", ""awayId"": 47700, ""date"": ""2026-05-14T00:00:00Z"", ""home"": ""Club Bolivar"", ""homeId"": 7059, ""id"": 70379164, ""league"": {""name"": ""Bolivia - Division Profesional"", ""slug"": ""bolivia-division-profesional""}, ""scores"": {""away"": 0, ""home"": 0}, ""sport"": {""name"": ""Football"", ""slug"": ""football""}, ""status"": ""pending""}}",,totals,Меньше,under,,2.75,,Betfair Exchange,odds_api_io,67.12,57.78,50.38,,,70.84,,,xg_total,117.147,1.473,0.94,,clubelo,,insufficient_history,,,,,,
soccer|america|guadalajara|2026-05-14,day_inventory,71453180,soccer,Mexico - U21 Liga MX,Guadalajara,Club America,2026-05-14T00:00:00+00:00,mid,"{""accumulated_from_latest_matches"": true, ""coverage_repair_sources"": [""day_inventory""], ""day_inventory"": true, ""day_inventory_coverage"": {""context"": false, ""context_2plus_sources"": false, ""fixture_core"": true, ""form"": false, ""news"": false, ""odds"": true, ""odds_2plus_sources"": false, ""odds_sources_count"": 1, ""ready_for_model"": false, ""ready_for_publish"": false, ""weather"": false, ""xg"": false}, ""day_inventory_path"": "".data/day_inventory/2026-05-14.json"", ""day_inventory_refresh"": {""last_context_refresh_utc"": null, ""last_fixture_refresh_utc"": ""2026-05-13T23:01:56.128855+00:00"", ""last_odds_refresh_utc"": null}, ""day_inventory_source_ids"": {""day_inventory"": ""71453180"", ""odds_api_io"": ""71453180""}, ""latest_run_source"": ""day_inventory"", ""latest_run_source_event_id"": ""71453180""}",,,,,,,,,,,,,,,,,,,,,,,,,,,,,,,
soccer|bolivar|nacional potosi|2026-05-14,day_inventory,soccer|bolivar|nacional potosi|2026-05-14,soccer,Unknown,Bolívar,Nacional Potosí,2026-05-14T00:00:00+00:00,mid,"{""accumulated_from_latest_matches"": true, ""core_inventory"": true, ""coverage_repair_sources"": [""day_inventory""], ""day_inventory"": true, ""day_inventory_coverage"": {""context"": true, ""context_2plus_sources"": false, ""context_sources_count"": 2, ""fixture_core"": true, ""fixture_source_2plus"": false, ""form"": true, ""form_sources_count"": 2, ""news"": false, ""odds"": false, ""odds_2plus_sources"": false, ""ready_for_model"": false, ""ready_for_publish"": false, ""weather"": false, ""xg"": true, ""xg_sources_count"": 2}, ""day_inventory_path"": "".data/day_inventory/2026-05-14.json"", ""day_inventory_refresh"": {""last_context_refresh_utc"": null, ""last_fixture_refresh_utc"": ""2026-05-13T21:01:36.644113+00:00"", ""last_odds_refresh_utc"": null}, ""day_inventory_source_ids"": {""day_inventory"": ""soccer|bolivar|nacional potosi|2026-05-14"", ""sstats"": ""1538378""}, ""latest_run_source"": ""day_inventory"", ""latest_run_source_event_id"": ""soccer|bolivar|nacional potosi|2026-05-14"", ""provider_source_ids"": {""sstats"": ""1538378""}, ""sources_seen"": ""sstats"", ""sstats_has_context_hint"": true, ""sstats_status"": ""2""}",,,,,,,,,,,,,,,,,,,,,,,,,,,,,,,
soccer|canadian|danubio montevideo|2026-05-14,day_inventory,71428438,soccer,"Uruguay - Primera Division, Women",Canadian,Danubio FC Montevideo,2026-05-14T00:00:00+00:00,mid,"{""accumulated_from_latest_matches"": true, ""coverage_repair_sources"": [""day_inventory""], ""day_inventory"": true, ""day_inventory_coverage"": {""context"": false, ""context_2plus_sources"": false, ""fixture_core"": true, ""form"": false, ""news"": false, ""odds"": true, ""odds_2plus_sources"": false, ""odds_sources_count"": 1, ""ready_for_model"": false, ""ready_for_publish"": false, ""weather"": false, ""xg"": false}, ""day_inventory_path"": "".data/day_inventory/2026-05-14.json"", ""day_inventory_refresh"": {""last_context_refresh_utc"": null, ""last_fixture_refresh_utc"": ""2026-05-13T23:01:56.128953+00:00"", ""last_odds_refresh_utc"": null}, ""day_inventory_source_ids"": {""day_inventory"": ""71428438"", ""odds_api_io"": ""71428438""}, ""latest_run_source"": ""day_inventory"", ""latest_run_source_event_id"": ""71428438""}",,,,,,,,,,,,,,,,,,,,,,,,,,,,,,,
soccer|austin 2|colorado rapids 2|2026-05-14,odds_api_io,68156608,soccer,USA - MLS Next Pro,Colorado Rapids 2,Austin FC II,2026-05-14T00:00:00+00:00,mid,"{""competition"": ""USA - MLS Next Pro"", ""odds_api_io_id"": 68156608, ""raw_event"": {""away"": ""Austin FC II"", ""awayId"": 999245, ""date"": ""2026-05-14T00:00:00Z"", ""home"": ""Colorado Rapids 2"", ""homeId"": 885969, ""id"": 68156608, ""league"": {""name"": ""USA - MLS Next Pro"", ""slug"": ""usa-mls-next-pro""}, ""scores"": {""away"": 0, ""home"": 0}, ""sport"": {""name"": ""Football"", ""slug"": ""football""}, ""status"": ""pending""}}",,totals,Меньше,under,,2.5,,BzzoiroConsensus,bzzoiro,55.79,49.73,44.03,,,82.31,,,xg_total,55.679,1.31,1.175,,ensemble,,insufficient_history,,,,,,
soccer|cincinnati 2|huntsville city|2026-05-14,odds_api_io,68156610,soccer,USA - MLS Next Pro,Huntsville City FC,FC Cincinnati 2,2026-05-14T00:00:00+00:00,mid,"{""competition"": ""USA - MLS Next Pro"", ""odds_api_io_id"": 68156610, ""raw_event"": {""away"": ""FC Cincinnati 2"", ""awayId"": 885981, ""date"": ""2026-05-14T00:00:00Z"", ""home"": ""Huntsville City FC"", ""homeId"": 999247, ""id"": 68156610, ""league"": {""name"": ""USA - MLS Next Pro"", ""slug"": ""usa-mls-next-pro""}, ""scores"": {""away"": 0, ""home"": 0}, ""sport"": {""name"": ""Football"", ""slug"": ""football""}, ""status"": ""pending""}}",,totals,Меньше,under,,3.0,,pinnacle,sstats,72.94,61.52,50.91,,,81.46,,,xg_total,60.919,1.326,1.304,,ensemble,,insufficient_history,,,,,,
soccer|minnesota united 2|portland timbers 2|2026-05-14,odds_api_io,68156612,soccer,USA - MLS Next Pro,Portland Timbers II,Minnesota United FC 2,2026-05-14T00:00:00+00:00,mid,"{""competition"": ""USA - MLS Next Pro"", ""odds_api_io_id"": 68156612, ""raw_event"": {""away"": ""Minnesota United FC 2"", ""awayId"": 885973, ""date"": ""2026-05-14T00:00:00Z"", ""home"": ""Portland Timbers II"", ""homeId"": 206007, ""id"": 68156612, ""league"": {""name"": ""USA - MLS Next Pro"", ""slug"": ""usa-mls-next-pro""}, ""scores"": {""away"": 0, ""home"": 0}, ""sport"": {""name"": ""Football"", ""slug"": ""football""}, ""status"": ""pending""}}",,totals,Меньше,under,,3.0,,bet365,sstats,78.19,61.88,46.14,,,84.1,,,xg_total,101.311,1.179,1.157,,ensemble,,insufficient_history,,,,,,
soccer|ahfc royals|houston|2026-05-14,odds_api_io,69090816,soccer,USA - USL League Two,Houston FC,AHFC Royals,2026-05-14T00:00:00+00:00,mid,"{""competition"": ""USA - USL League Two"", ""odds_api_io_id"": 69090816, ""raw_event"": {""away"": ""AHFC Royals"", ""awayId"": 434116, ""date"": ""2026-05-14T00:00:00Z"", ""home"": ""Houston FC"", ""homeId"": 334471, ""id"": 69090816, ""league"": {""name"": ""USA - USL League Two"", ""slug"": ""usa-usl-league-two""}, ""scores"": {""away"": 0, ""home"": 0}, ""sport"": {""name"": ""Football"", ""slug"": ""football""}, ""status"": ""pending""}}",,,,,,,,,,,,,,,,,,,,,,,,,,,,,,,
soccer|almaden|project 51o|2026-05-14,odds_api_io,69090814,soccer,USA - USL League Two,Project 51O,Almaden FC,2026-05-14T00:00:00+00:00,mid,"{""competition"": ""USA - USL League Two"", ""odds_api_io_id"": 69090814, ""raw_event"": {""away"": ""Almaden FC"", ""awayId"": 1107791, ""date"": ""2026-05-14T00:00:00Z"", ""home"": ""Project 51O"", ""homeId"": 677599, ""id"": 69090814, ""league"": {""name"": ""USA - USL League Two"", ""slug"": ""usa-usl-league-two""}, ""scores"": {""away"": 0, ""home"": 0}, ""sport"": {""name"": ""Football"", ""slug"": ""football""}, ""status"": ""pending""}}",,,,,,,,,,,,,,,,,,,,,,,,,,,,,,,
soccer|miami|weston|2026-05-14,odds_api_io,69090812,soccer,USA - USL League Two,Weston FC,Miami AC,2026-05-14T00:00:00+00:00,mid,"{""competition"": ""USA - USL League Two"", ""odds_api_io_id"": 69090812, ""raw_event"": {""away"": ""Miami AC"", ""awayId"": 585825, ""date"": ""2026-05-14T00:00:00Z"", ""home"": ""Weston FC"", ""homeId"": 334483, ""id"": 69090812, ""league"": {""name"": ""USA - USL League Two"", ""slug"": ""usa-usl-league-two""}, ""scores"": {""away"": 0, ""home"": 0}, ""sport"": {""name"": ""Football"", ""slug"": ""football""}, ""status"": ""pending""}}",,,,,,,,,,,,,,,,,,,,,,,,,,,,,,,
soccer|midwest united|union macomb|2026-05-14,odds_api_io,68988898,soccer,USA - USL W League,Midwest United FC,Union FC Macomb,2026-05-14T00:00:00+00:00,mid,"{""competition"": ""USA - USL W League"", ""odds_api_io_id"": 68988898, ""raw_event"": {""away"": ""Union FC Macomb"", ""awayId"": 1232517, ""date"": ""2026-05-14T00:00:00Z"", ""home"": ""Midwest United FC"", ""homeId"": 912039, ""id"": 68988898, ""league"": {""name"": ""USA - USL W League"", ""slug"": ""usa-usl-w-league""}, ""scores"": {""away"": 0, ""home"": 0}, ""sport"": {""name"": ""Football"", ""slug"": ""football""}, ""status"": ""pending""}}",,,,,,,,,,,,,,,,,,,,,,,,,,,,,,,
soccer|ca river plate arg|gimnasia y esgrima la plata|2026-05-14,odds_api_io,71428930,soccer,Argentina - Liga Profesional,CA River Plate (ARG),Gimnasia y Esgrima La Plata,2026-05-14T00:30:00+00:00,mid,"{""competition"": ""Argentina - Liga Profesional"", ""odds_api_io_id"": 71428930, ""raw_event"": {""away"": ""Gimnasia y Esgrima La Plata"", ""awayId"": 3205, ""date"": ""2026-05-14T00:30:00Z"", ""home"": ""CA River Plate (ARG)"", ""homeId"": 3211, ""id"": 71428930, ""league"": {""name"": ""Argentina - Liga Profesional"", ""slug"": ""argentina-liga-profesional""}, ""scores"": {""away"": 0, ""home"": 0}, ""sport"": {""name"": ""Football"", ""slug"": ""football""}, ""status"": ""pending""}}",,,,,,,,,,,,,,,,,,,,,,,,,,,,,,,
soccer|porto caravel|real koyari|2026-05-14,odds_api_io,71344518,soccer,Aruba - Division Honor,Real Koyari,Porto Caravel,2026-05-14T00:30:00+00:00,mid,"{""competition"": ""Aruba - Division Honor"", ""odds_api_io_id"": 71344518, ""raw_event"": {""away"": ""Porto Caravel"", ""awayId"": 530421, ""date"": ""2026-05-14T00:30:00Z"", ""home"": ""Real Koyari"", ""homeId"": 597402, ""id"": 71344518, ""league"": {""name"": ""Aruba - Division Honor"", ""slug"": ""aruba-division-honor""}, ""scores"": {""away"": 0, ""home"": 0}, ""sport"": {""name"": ""Football"", ""slug"": ""football""}, ""status"": ""pending""}}",,,,,,,,,,,,,,,,,,,,,,,,,,,,,,,
soccer|atletico mineiro|ceara ce|2026-05-14,odds_api_io,70401310,soccer,Brazil - Copa do Brasil,Ceara SC CE,Atletico Mineiro MG,2026-05-14T00:30:00+00:00,mid,"{""competition"": ""Brazil - Copa do Brasil"", ""odds_api_io_id"": 70401310, ""raw_event"": {""away"": ""Atletico Mineiro MG"", ""awayId"": 1977, ""date"": ""2026-05-14T00:30:00Z"", ""home"": ""Ceara SC CE"", ""homeId"": 2001, ""id"": 70401310, ""league"": {""name"": ""Brazil - Copa do Brasil"", ""slug"": ""brazil-copa-do-brasil""}, ""scores"": {""away"": 0, ""home"": 0}, ""sport"": {""name"": ""Football"", ""slug"": ""football""}, ""status"": ""pending""}}",,totals,Больше,over,,2.5,,Betfair Exchange,odds_api_io,49.59,44.9,41.17,,,71.2,,,xg_total,41.259,1.791,0.867,,ensemble,,insufficient_history,,,,,,
soccer|bahia ba|remo pa|2026-05-14,odds_api_io,70401296,soccer,Brazil - Copa do Brasil,Clube do Remo PA,EC Bahia BA,2026-05-14T00:30:00+00:00,mid,"{""competition"": ""Brazil - Copa do Brasil"", ""odds_api_io_id"": 70401296, ""raw_event"": {""away"": ""EC Bahia BA"", ""awayId"": 1955, ""date"": ""2026-05-14T00:30:00Z"", ""home"": ""Clube do Remo PA"", ""homeId"": 2012, ""id"": 70401296, ""league"": {""name"": ""Brazil - Copa do Brasil"", ""slug"": ""brazil-copa-do-brasil""}, ""scores"": {""away"": 0, ""home"": 0}, ""sport"": {""name"": ""Football"", ""slug"": ""football""}, ""status"": ""pending""}}",,totals,Меньше,under,,2.5,,Betfair Exchange,odds_api_io,48.9,48.32,47.85,,,70.52,,,xg_total,28.463,1.721,0.998,,ensemble,,insufficient_history,,,,,,
soccer|jacuipense ba|se palmeiras sp|2026-05-14,odds_api_io,70401286,soccer,Brazil - Copa do Brasil,EC Jacuipense BA,SE Palmeiras SP,2026-05-14T00:30:00+00:00,mid,"{""competition"": ""Brazil - Copa do Brasil"", ""odds_api_io_id"": 70401286, ""raw_event"": {""away"": ""SE Palmeiras SP"", ""awayId"": 1963, ""date"": ""2026-05-14T00:30:00Z"", ""home"": ""EC Jacuipense BA"", ""homeId"": 87166, ""id"": 70401286, ""league"": {""name"": ""Brazil - Copa do Brasil"", ""slug"": ""brazil-copa-do-brasil""}, ""scores"": {""away"": 0, ""home"": 0}, ""sport"": {""name"": ""Football"", ""slug"": ""football""}, ""status"": ""pending""}}",,totals,Меньше,under,,2.5,,Betfair Exchange,odds_api_io,58.57,50.24,43.54,,,71.82,,,xg_total,50.299,1.086,1.253,,ensemble,,insufficient_history,,,,,,
soccer|academia quintana|guayama|2026-05-14,odds_api_io,69289828,soccer,Puerto Rico - LPR Pro,Guayama FC,Academia Quintana,2026-05-14T00:30:00+00:00,mid,"{""competition"": ""Puerto Rico - LPR Pro"", ""odds_api_io_id"": 69289828, ""raw_event"": {""away"": ""Academia Quintana"", ""awayId"": 1290267, ""date"": ""2026-05-14T00:30:00Z"", ""home"": ""Guayama FC"", ""homeId"": 1290277, ""id"": 69289828, ""league"": {""name"": ""Puerto Rico - LPR Pro"", ""slug"": ""puerto-rico-lpr-pro""}, ""scores"": {""away"": 0, ""home"": 0}, ""sport"": {""name"": ""Football"", ""slug"": ""football""}, ""status"": ""pending""}}",,,,,,,,,,,,,,,,,,,,,,,,,,,,,,,
soccer|metropolitan fa san juan|ponce|2026-05-14,odds_api_io,69289830,soccer,Puerto Rico - LPR Pro,Metropolitan FA San Juan,Ponce FC,2026-05-14T00:30:00+00:00,mid,"{""competition"": ""Puerto Rico - LPR Pro"", ""odds_api_io_id"": 69289830, ""raw_event"": {""away"": ""Ponce FC"", ""awayId"": 1290265, ""date"": ""2026-05-14T00:30:00Z"", ""home"": ""Metropolitan FA San Juan"", ""homeId"": 802932, ""id"": 69289830, ""league"": {""name"": ""Puerto Rico - LPR Pro"", ""slug"": ""puerto-rico-lpr-pro""}, ""scores"": {""away"": 0, ""home"": 0}, ""sport"": {""name"": ""Football"", ""slug"": ""football""}, ""status"": ""pending""}}",,,,,,,,,,,,,,,,,,,,,,,,,,,,,,,
soccer|atletico mg|ceara|2026-05-14,day_inventory,soccer|atletico mg|ceara|2026-05-14,soccer,Unknown,Ceara,Atletico-MG,2026-05-14T00:30:00+00:00,mid,"{""accumulated_from_latest_matches"": true, ""core_inventory"": true, ""coverage_repair_sources"": [""day_inventory""], ""day_inventory"": true, ""day_inventory_coverage"": {""context"": true, ""context_2plus_sources"": false, ""context_sources_count"": 2, ""fixture_core"": true, ""fixture_source_2plus"": false, ""form"": true, ""form_sources_count"": 2, ""news"": false, ""odds"": false, ""odds_2plus_sources"": false, ""ready_for_model"": false, ""ready_for_publish"": false, ""weather"": false, ""xg"": true, ""xg_sources_count"": 2}, ""day_inventory_path"": "".data/day_inventory/2026-05-14.json"", ""day_inventory_refresh"": {""last_context_refresh_utc"": null, ""last_fixture_refresh_utc"": ""2026-05-13T21:01:36.644284+00:00"", ""last_odds_refresh_utc"": null}, ""day_inventory_source_ids"": {""day_inventory"": ""soccer|atletico mg|ceara|2026-05-14"", ""sstats"": ""1537022""}, ""latest_run_source"": ""day_inventory"", ""latest_run_source_event_id"": ""soccer|atletico mg|ceara|2026-05-14"", ""provider_source_ids"": {""sstats"": ""1537022""}, ""sources_seen"": ""sstats"", ""sstats_has_context_hint"": true, ""sstats_status"": ""2""}",,,,,,,,,,,,,,,,,,,,,,,,,,,,,,,
soccer|gimnasia l p|river plate|2026-05-14,day_inventory,soccer|gimnasia l p|river plate|2026-05-14,soccer,Unknown,River Plate,Gimnasia L.P.,2026-05-14T00:30:00+00:00,mid,"{""accumulated_from_latest_matches"": true, ""core_inventory"": true, ""coverage_repair_sources"": [""day_inventory""], ""day_inventory"": true, ""day_inventory_coverage"": {""context"": true, ""context_2plus_sources"": false, ""context_sources_count"": 2, ""fixture_core"": true, ""fixture_source_2plus"": false, ""form"": true, ""form_sources_count"": 2, ""news"": false, ""odds"": false, ""odds_2plus_sources"": false, ""ready_for_model"": false, ""ready_for_publish"": false, ""weather"": false, ""xg"": true, ""xg_sources_count"": 2}, ""day_inventory_path"": "".data/day_inventory/2026-05-14.json"", ""day_inventory_refresh"": {""last_context_refresh_utc"": null, ""last_fixture_refresh_utc"": ""2026-05-13T21:01:36.644461+00:00"", ""last_odds_refresh_utc"": null}, ""day_inventory_source_ids"": {""day_inventory"": ""soccer|gimnasia l p|river plate|2026-05-14"", ""sstats"": ""1544852""}, ""latest_run_source"": ""day_inventory"", ""latest_run_source_event_id"": ""soccer|gimnasia l p|river plate|2026-05-14"", ""provider_source_ids"": {""sstats"": ""1544852""}, ""sources_seen"": ""sstats"", ""sstats_has_context_hint"": true, ""sstats_status"": ""2""}",,,,,,,,,,,,,,,,,,,,,,,,,,,,,,,
soccer|la galaxy|sporting kansas city|2026-05-14,day_inventory,soccer|la galaxy|sporting kansas city|2026-05-14,soccer,Unknown,Sporting Kansas City,LA Galaxy,2026-05-14T00:30:00+00:00,mid,"{""accumulated_from_latest_matches"": true, ""bzzoiro_context_fields"": true, ""bzzoiro_has_context_hint"": true, ""bzzoiro_has_prediction"": true, ""bzzoiro_raw_source"": ""predictions"", ""core_inventory"": true, ""core_merge_audit"": [{""decision"": {""avg"": 1.0, ""away_score"": 1.0, ""home_score"": 1.0, ""kickoff_diff_hours"": 0.0, ""min"": 1.0, ""orientation"": ""direct""}, ""provider"": ""bzzoiro"", ""provider_match_key"": ""soccer|la galaxy|sporting kansas city|2026-05-14""}], ""coverage_repair_sources"": [""day_inventory""], ""day_inventory"": true, ""day_inventory_coverage"": {""context"": true, ""context_2plus_sources"": false, ""context_sources_count"": 2, ""fixture_core"": true, ""fixture_source_2plus"": false, ""form"": true, ""form_sources_count"": 2, ""lineups"": true, ""news"": false, ""odds"": true, ""odds_2plus_sources"": false, ""odds_sources_count"": 1, ""ready_for_model"": false, ""ready_for_publish"": false, ""venue_referee"": true, ""weather"": false, ""xg"": true, ""xg_sources_count"": 2}, ""day_inventory_path"": "".data/day_inventory/2026-05-14.json"", ""day_inventory_refresh"": {""last_context_refresh_utc"": null, ""last_fixture_refresh_utc"": ""2026-05-13T21:01:36.644652+00:00"", ""last_odds_refresh_utc"": null}, ""day_inventory_source_ids"": {""bzzoiro"": ""5097"", ""day_inventory"": ""soccer|la galaxy|sporting kansas city|2026-05-14"", ""sstats"": ""1490289""}, ""latest_run_source"": ""day_inventory"", ""latest_run_source_event_id"": ""soccer|la galaxy|sporting kansas city|2026-05-14"", ""provider_source_ids"": {""bzzoiro"": ""5097""}, ""sources_seen"": ""bzzoiro""}",,,,,,,,,,,,,,,,,,,,,,,,,,,,,,,
soccer|dallas|vancouver whitecaps|2026-05-14,odds_api_io,66299162,soccer,USA - MLS,FC Dallas,Vancouver Whitecaps FC,2026-05-14T00:30:00+00:00,mid,"{""competition"": ""USA - MLS"", ""odds_api_io_id"": 66299162, ""raw_event"": {""away"": ""Vancouver Whitecaps FC"", ""awayId"": 22010, ""date"": ""2026-05-14T00:30:00Z"", ""home"": ""FC Dallas"", ""homeId"": 2512, ""id"": 66299162, ""league"": {""name"": ""USA - MLS"", ""slug"": ""usa-mls""}, ""scores"": {""away"": 0, ""home"": 0}, ""sport"": {""name"": ""Football"", ""slug"": ""football""}, ""status"": ""pending""}}",,totals,Меньше,under,,2.5,,Betfair Exchange,odds_api_io,50.23,44.73,39.94,,,77.25,,,xg_total,49.033,1.528,1.076,,ensemble,,insufficient_history,,,,,,
soccer|colorado rapids|minnesota united|2026-05-14,odds_api_io,66299166,soccer,USA - MLS,Minnesota United FC,Colorado Rapids,2026-05-14T00:30:00+00:00,mid,"{""competition"": ""USA - MLS"", ""odds_api_io_id"": 66299166, ""raw_event"": {""away"": ""Colorado Rapids"", ""awayId"": 2510, ""date"": ""2026-05-14T00:30:00Z"", ""home"": ""Minnesota United FC"", ""homeId"": 41618, ""id"": 66299166, ""league"": {""name"": ""USA - MLS"", ""slug"": ""usa-mls""}, ""scores"": {""away"": 0, ""home"": 0}, ""sport"": {""name"": ""Football"", ""slug"": ""football""}, ""status"": ""pending""}}",,totals,Меньше,under,,2.5,,Betfair Exchange,odds_api_io,55.34,47.19,40.0,,,77.99,,,xg_total,58.865,1.574,0.927,,ensemble,,insufficient_history,,,,,,
soccer|los angeles|saint louis city|2026-05-14,odds_api_io,66299168,soccer,USA - MLS,Saint Louis City SC,Los Angeles FC,2026-05-14T00:30:00+00:00,mid,"{""competition"": ""USA - MLS"", ""odds_api_io_id"": 66299168, ""raw_event"": {""away"": ""Los Angeles FC"", ""awayId"": 402227, ""date"": ""2026-05-14T00:30:00Z"", ""home"": ""Saint Louis City SC"", ""homeId"": 874725, ""id"": 66299168, ""league"": {""name"": ""USA - MLS"", ""slug"": ""usa-mls""}, ""scores"": {""away"": 0, ""home"": 0}, ""sport"": {""name"": ""Football"", ""slug"": ""football""}, ""status"": ""pending""}}",,totals,Меньше,under,,2.5,,Betfair Exchange,odds_api_io,53.0,47.57,42.69,,,79.23,,,xg_total,48.081,1.382,1.232,,ensemble,,insufficient_history,,,,,,
soccer|los angeles galaxy|sporting kansas city|2026-05-14,odds_api_io,66299164,soccer,USA - MLS,Sporting Kansas City,Los Angeles Galaxy,2026-05-14T00:30:00+00:00,mid,"{""competition"": ""USA - MLS"", ""odds_api_io_id"": 66299164, ""raw_event"": {""away"": ""Los Angeles Galaxy"", ""awayId"": 2513, ""date"": ""2026-05-14T00:30:00Z"", ""home"": ""Sporting Kansas City"", ""homeId"": 2509, ""id"": 66299164, ""league"": {""name"": ""USA - MLS"", ""slug"": ""usa-mls""}, ""scores"": {""away"": 0, ""home"": 0}, ""sport"": {""name"": ""Football"", ""slug"": ""football""}, ""status"": ""pending""}}",,totals,Меньше,under,,2.5,,Betfair Exchange,odds_api_io,49.87,43.39,37.77,,,77.02,,,xg_total,55.008,1.342,1.398,,ensemble,,insufficient_history,,,,,,
soccer|ad isidro metapan|cacahuatique|2026-05-14,day_inventory,71463326,soccer,"El Salvador - Primera Division, Reserves, Clausura",AD Isidro Metapan,CD Cacahuatique,2026-05-14T01:00:00+00:00,mid,"{""accumulated_from_latest_matches"": true, ""coverage_repair_sources"": [""day_inventory""], ""day_inventory"": true, ""day_inventory_coverage"": {""context"": false, ""context_2plus_sources"": false, ""fixture_core"": true, ""form"": false, ""news"": false, ""odds"": true, ""odds_2plus_sources"": false, ""odds_sources_count"": 1, ""ready_for_model"": false, ""ready_for_publish"": false, ""weather"": false, ""xg"": false}, ""day_inventory_path"": "".data/day_inventory/2026-05-14.json"", ""day_inventory_refresh"": {""last_context_refresh_utc"": null, ""last_fixture_refresh_utc"": ""2026-05-13T23:01:56.130936+00:00"", ""last_odds_refresh_utc"": null}, ""day_inventory_source_ids"": {""day_inventory"": ""71463326"", ""odds_api_io"": ""71463326""}, ""latest_run_source"": ""day_inventory"", ""latest_run_source_event_id"": ""71463326""}",,,,,,,,,,,,,,,,,,,,,,,,,,,,,,,
soccer|boise|naples|2026-05-14,odds_api_io,67171920,soccer,USA - USL League One,AC Boise,FC Naples,2026-05-14T01:00:00+00:00,mid,"{""competition"": ""USA - USL League One"", ""odds_api_io_id"": 67171920, ""raw_event"": {""away"": ""FC Naples"", ""awayId"": 1218557, ""date"": ""2026-05-14T01:00:00Z"", ""home"": ""AC Boise"", ""homeId"": 1312978, ""id"": 67171920, ""league"": {""name"": ""USA - USL League One"", ""slug"": ""usa-usl-league-one""}, ""scores"": {""away"": 0, ""home"": 0}, ""sport"": {""name"": ""Football"", ""slug"": ""football""}, ""status"": ""pending""}}",,totals,Больше,over,,2.5,,pinnacle,sstats,44.0,47.59,50.32,,,68.22,,,xg_total,13.322,1.4,1.037,,ensemble,,insufficient_history,,,,,,
soccer|junior|once caldas|2026-05-14,odds_api_io,71297590,soccer,"Colombia - Primera A, Apertura",CD Junior FC,CD Once Caldas,2026-05-14T01:15:00+00:00,mid,"{""competition"": ""Colombia - Primera A, Apertura"", ""odds_api_io_id"": 71297590, ""raw_event"": {""away"": ""CD Once Caldas"", ""awayId"": 6118, ""date"": ""2026-05-14T01:15:00Z"", ""home"": ""CD Junior FC"", ""homeId"": 6105, ""id"": 71297590, ""league"": {""name"": ""Colombia - Primera A, Apertura"", ""slug"": ""colombia-primera-a-apertura""}, ""scores"": {""away"": 0, ""home"": 0}, ""sport"": {""name"": ""Football"", ""slug"": ""football""}, ""status"": ""pending""}}",,,,,,,,,,,,,,,,,,,,,,,,,,,,,,,
soccer|houston dynamo|real salt lake|2026-05-14,odds_api_io,66299170,soccer,USA - MLS,Real Salt Lake,Houston Dynamo,2026-05-14T01:30:00+00:00,mid,"{""competition"": ""USA - MLS"", ""odds_api_io_id"": 66299170, ""raw_event"": {""away"": ""Houston Dynamo"", ""awayId"": 2508, ""date"": ""2026-05-14T01:30:00Z"", ""home"": ""Real Salt Lake"", ""homeId"": 5133, ""id"": 66299170, ""league"": {""name"": ""USA - MLS"", ""slug"": ""usa-mls""}, ""scores"": {""away"": 0, ""home"": 0}, ""sport"": {""name"": ""Football"", ""slug"": ""football""}, ""status"": ""pending""}}",,totals,Меньше,under,,2.5,,Betfair Exchange,odds_api_io,49.24,43.73,38.99,,,76.36,,,xg_total,49.946,1.327,1.337,,ensemble,,insufficient_history,,,,,,
soccer|austin|san diego|2026-05-14,odds_api_io,66299172,soccer,USA - MLS,San Diego FC,Austin FC,2026-05-14T01:30:00+00:00,mid,"{""competition"": ""USA - MLS"", ""odds_api_io_id"": 66299172, ""raw_event"": {""away"": ""Austin FC"", ""awayId"": 772256, ""date"": ""2026-05-14T01:30:00Z"", ""home"": ""San Diego FC"", ""homeId"": 1217911, ""id"": 66299172, ""league"": {""name"": ""USA - MLS"", ""slug"": ""usa-mls""}, ""scores"": {""away"": 0, ""home"": 0}, ""sport"": {""name"": ""Football"", ""slug"": ""football""}, ""status"": ""pending""}}",,totals,Меньше,under,,2.5,,Betfair Exchange,odds_api_io,52.25,43.98,36.69,,,78.04,,,xg_total,73.25,1.391,1.233,,ensemble,,insufficient_history,,,,,,
soccer|san jose earthquakes|seattle sounders|2026-05-14,odds_api_io,66299174,soccer,USA - MLS,Seattle Sounders,San Jose Earthquakes,2026-05-14T01:30:00+00:00,mid,"{""competition"": ""USA - MLS"", ""odds_api_io_id"": 66299174, ""raw_event"": {""away"": ""San Jose Earthquakes"", ""awayId"": 21825, ""date"": ""2026-05-14T01:30:00Z"", ""home"": ""Seattle Sounders"", ""homeId"": 22009, ""id"": 66299174, ""league"": {""name"": ""USA - MLS"", ""slug"": ""usa-mls""}, ""scores"": {""away"": 0, ""home"": 0}, ""sport"": {""name"": ""Football"", ""slug"": ""football""}, ""status"": ""pending""}}",,totals,Меньше,under,,2.5,,Betfair Exchange,odds_api_io,46.22,42.71,39.67,,,76.92,,,xg_total,40.455,1.574,1.132,,ensemble,,insufficient_history,,,,,,
soccer|cs herediano|saprissa san jose|2026-05-14,odds_api_io,71458150,soccer,"Costa Rica - Primera Division, Clausura",Deportivo Saprissa San Jose,CS Herediano,2026-05-14T02:00:00+00:00,mid,"{""competition"": ""Costa Rica - Primera Division, Clausura"", ""odds_api_io_id"": 71458150, ""raw_event"": {""away"": ""CS Herediano"", ""awayId"": 7045, ""date"": ""2026-05-14T02:00:00Z"", ""home"": ""Deportivo Saprissa San Jose"", ""homeId"": 6574, ""id"": 71458150, ""league"": {""name"": ""Costa Rica - Primera Division, Clausura"", ""slug"": ""costa-rica-primera-division-clausura""}, ""scores"": {""away"": 0, ""home"": 0}, ""sport"": {""name"": ""Football"", ""slug"": ""football""}, ""status"": ""pending""}}",,totals,Больше,over,,3.5,,Unibet,odds_api_io,33.36,31.27,29.61,,,70.83,,,market_simple_totals,32.177,,,,market_signal,,insufficient_history,,,,,,
soccer|portmore united|racing united|2026-05-14,odds_api_io,71370044,soccer,Jamaica - Premier League,Portmore United,Racing United FC,2026-05-14T02:00:00+00:00,mid,"{""competition"": ""Jamaica - Premier League"", ""odds_api_io_id"": 71370044, ""raw_event"": {""away"": ""Racing United FC"", ""awayId"": 1186067, ""date"": ""2026-05-14T02:00:00Z"", ""home"": ""Portmore United"", ""homeId"": 124528, ""id"": 71370044, ""league"": {""name"": ""Jamaica - Premier League"", ""slug"": ""jamaica-premier-league""}, ""scores"": {""away"": 0, ""home"": 0}, ""sport"": {""name"": ""Football"", ""slug"": ""football""}, ""status"": ""pending""}}",,totals,Больше,over,,3.0,,Betfair Exchange,odds_api_io,22.13,38.26,52.38,,,77.54,,,xg_total,54.855,1.4,1.0,,sstats_form_v1,,insufficient_history,,,,,,
soccer|cruz azul|guadalajara|2026-05-14,odds_api_io,71450700,soccer,"Mexico - Liga MX, Clausura",CF Cruz Azul,CD Guadalajara,2026-05-14T02:00:00+00:00,mid,"{""competition"": ""Mexico - Liga MX, Clausura"", ""odds_api_io_id"": 71450700, ""raw_event"": {""away"": ""CD Guadalajara"", ""awayId"": 1938, ""date"": ""2026-05-14T02:00:00Z"", ""home"": ""CF Cruz Azul"", ""homeId"": 1947, ""id"": 71450700, ""league"": {""name"": ""Mexico - Liga MX, Clausura"", ""slug"": ""mexico-liga-mx-clausura""}, ""scores"": {""away"": 0, ""home"": 0}, ""sport"": {""name"": ""Football"", ""slug"": ""football""}, ""status"": ""pending""}}",,totals,Больше,over,,2.5,,Betfair Exchange,odds_api_io,57.68,53.31,49.83,,,71.1,,,xg_total,38.965,1.8,1.2,,ensemble,,insufficient_history,,,,,,
soccer|cruz azul|guadalajara chivas|2026-05-14,day_inventory,soccer|cruz azul|guadalajara chivas|2026-05-14,soccer,Unknown,Cruz Azul,Guadalajara Chivas,2026-05-14T02:00:00+00:00,mid,"{""accumulated_from_latest_matches"": true, ""core_inventory"": true, ""coverage_repair_sources"": [""day_inventory""], ""day_inventory"": true, ""day_inventory_coverage"": {""context"": true, ""context_2plus_sources"": false, ""context_sources_count"": 2, ""fixture_core"": true, ""fixture_source_2plus"": false, ""form"": true, ""form_sources_count"": 2, ""lineups"": true, ""news"": false, ""odds"": true, ""odds_2plus_sources"": false, ""odds_sources_count"": 1, ""ready_for_model"": false, ""ready_for_publish"": false, ""venue_referee"": true, ""weather"": false, ""xg"": true, ""xg_sources_count"": 2}, ""day_inventory_path"": "".data/day_inventory/2026-05-14.json"", ""day_inventory_refresh"": {""last_context_refresh_utc"": null, ""last_fixture_refresh_utc"": ""2026-05-13T21:01:36.648831+00:00"", ""last_odds_refresh_utc"": null}, ""day_inventory_source_ids"": {""day_inventory"": ""soccer|cruz azul|guadalajara chivas|2026-05-14"", ""sstats"": ""1544853""}, ""latest_run_source"": ""day_inventory"", ""latest_run_source_event_id"": ""soccer|cruz azul|guadalajara chivas|2026-05-14"", ""provider_source_ids"": {""sstats"": ""1544853""}, ""sources_seen"": ""sstats"", ""sstats_has_context_hint"": true, ""sstats_status"": ""2""}",,,,,,,,,,,,,,,,,,,,,,,,,,,,,,,
soccer|sf glens|sportivo san juan|2026-05-14,day_inventory,soccer|sf glens|sportivo san juan|2026-05-14,soccer,Unknown,Sportivo San Juan,SF Glens,2026-05-14T02:00:00+00:00,mid,"{""accumulated_from_latest_matches"": true, ""core_inventory"": true, ""coverage_repair_sources"": [""day_inventory""], ""day_inventory"": true, ""day_inventory_coverage"": {""context"": true, ""context_2plus_sources"": false, ""context_sources_count"": 2, ""fixture_core"": true, ""fixture_source_2plus"": false, ""form"": true, ""form_sources_count"": 2, ""lineups"": true, ""news"": false, ""odds"": true, ""odds_2plus_sources"": false, ""odds_sources_count"": 1, ""ready_for_model"": false, ""ready_for_publish"": false, ""venue_referee"": true, ""weather"": false, ""xg"": true, ""xg_sources_count"": 2}, ""day_inventory_path"": "".data/day_inventory/2026-05-14.json"", ""day_inventory_refresh"": {""last_context_refresh_utc"": null, ""last_fixture_refresh_utc"": ""2026-05-13T21:01:36.649008+00:00"", ""last_odds_refresh_utc"": null}, ""day_inventory_source_ids"": {""day_inventory"": ""soccer|sf glens|sportivo san juan|2026-05-14"", ""sstats"": ""1524451""}, ""latest_run_source"": ""day_inventory"", ""latest_run_source_event_id"": ""soccer|sf glens|sportivo san juan|2026-05-14"", ""provider_source_ids"": {""sstats"": ""1524451""}, ""sources_seen"": ""sstats"", ""sstats_has_context_hint"": true, ""sstats_status"": ""2""}",,,,,,,,,,,,,,,,,,,,,,,,,,,,,,,
soccer|academica|davis legacy|2026-05-14,odds_api_io,69090818,soccer,USA - USL League Two,Academica SC,Davis Legacy,2026-05-14T02:00:00+00:00,mid,"{""competition"": ""USA - USL League Two"", ""odds_api_io_id"": 69090818, ""raw_event"": {""away"": ""Davis Legacy"", ""awayId"": 798378, ""date"": ""2026-05-14T02:00:00Z"", ""home"": ""Academica SC"", ""homeId"": 559226, ""id"": 69090818, ""league"": {""name"": ""USA - USL League Two"", ""slug"": ""usa-usl-league-two""}, ""scores"": {""away"": 0, ""home"": 0}, ""sport"": {""name"": ""Football"", ""slug"": ""football""}, ""status"": ""pending""}}",,,,,,,,,,,,,,,,,,,,,,,,,,,,,,,
soccer|san francisco glens|san juan|2026-05-14,odds_api_io,69090820,soccer,USA - USL League Two,San Juan FC,San Francisco Glens SC,2026-05-14T02:00:00+00:00,mid,"{""competition"": ""USA - USL League Two"", ""odds_api_io_id"": 69090820, ""raw_event"": {""away"": ""San Francisco Glens SC"", ""awayId"": 433036, ""date"": ""2026-05-14T02:00:00Z"", ""home"": ""San Juan FC"", ""homeId"": 473585, ""id"": 69090820, ""league"": {""name"": ""USA - USL League Two"", ""slug"": ""usa-usl-league-two""}, ""scores"": {""away"": 0, ""home"": 0}, ""sport"": {""name"": ""Football"", ""slug"": ""football""}, ""status"": ""pending""}}",,,,,,,,,,,,,,,,,,,,,,,,,,,,,,,
soccer|australia w|japan w|2026-05-14,day_inventory,70035756,soccer,Unknown,Japan U17 W,Australia U17 W,2026-05-14T07:00:00+00:00,mid,"{""accumulated_from_latest_matches"": true, ""core_inventory"": true, ""coverage_repair_sources"": [""day_inventory""], ""day_inventory"": true, ""day_inventory_coverage"": {""context"": true, ""context_2plus_sources"": false, ""context_sources_count"": 2, ""fixture_core"": true, ""fixture_source_2plus"": true, ""form"": true, ""form_sources_count"": 2, ""news"": false, ""odds"": true, ""odds_2plus_sources"": false, ""odds_sources_count"": 2, ""ready_for_model"": true, ""ready_for_publish"": false, ""weather"": false, ""xg"": true, ""xg_sources_count"": 2}, ""day_inventory_path"": "".data/day_inventory/2026-05-14.json"", ""day_inventory_refresh"": {""last_context_refresh_utc"": null, ""last_fixture_refresh_utc"": ""2026-05-13T21:01:36.649587+00:00"", ""last_odds_refresh_utc"": null}, ""day_inventory_source_ids"": {""day_inventory"": ""70035756"", ""odds_api_io"": ""70035756"", ""sstats"": ""1544861""}, ""latest_run_source"": ""day_inventory"", ""latest_run_source_event_id"": ""70035756"", ""provider_source_ids"": {""sstats"": ""1544861""}, ""sources_seen"": ""sstats"", ""sstats_has_context_hint"": true, ""sstats_status"": ""2""}",,,,,,,,,,,,,,,,,,,,,,,,,,,,,,,
soccer|austria lustenau 2|gofis|2026-05-14,odds_api_io,61927884,soccer,"Austria Amateur - Vorarlberg, Eliteliga",Austria Lustenau II,SC Gofis,2026-05-14T08:00:00+00:00,mid,"{""competition"": ""Austria Amateur - Vorarlberg, Eliteliga"", ""odds_api_io_id"": 61927884, ""raw_event"": {""away"": ""SC Gofis"", ""awayId"": 742207, ""date"": ""2026-05-14T08:00:00Z"", ""home"": ""Austria Lustenau II"", ""homeId"": 2188, ""id"": 61927884, ""league"": {""name"": ""Austria Amateur - Vorarlberg, Eliteliga"", ""slug"": ""austria-amateur-vorarlberg-eliteliga""}, ""scores"": {""away"": 0, ""home"": 0}, ""sport"": {""name"": ""Football"", ""slug"": ""football""}, ""status"": ""pending""}}",,,,,,,,,,,,,,,,,,,,,,,,,,,,,,,
soccer|kiisto|sjk j|2026-05-14,odds_api_io,69924102,soccer,Finland - Kolmonen,SJK-J,FC Kiisto,2026-05-14T08:00:00+00:00,mid,"{""competition"": ""Finland - Kolmonen"", ""odds_api_io_id"": 69924102, ""raw_event"": {""away"": ""FC Kiisto"", ""awayId"": 22375, ""date"": ""2026-05-14T08:00:00Z"", ""home"": ""SJK-J"", ""homeId"": 1007667, ""id"": 69924102, ""league"": {""name"": ""Finland - Kolmonen"", ""slug"": ""finland-kolmonen""}, ""scores"": {""away"": 0, ""home"": 0}, ""sport"": {""name"": ""Football"", ""slug"": ""football""}, ""status"": ""pending""}}",,,,,,,,,,,,,,,,,,,,,,,,,,,,,,,
soccer|sv lochau|wolfurt|2026-05-14,odds_api_io,61927890,soccer,"Austria Amateur - Vorarlberg, Eliteliga",SV Lochau,FC Wolfurt,2026-05-14T09:00:00+00:00,mid,"{""competition"": ""Austria Amateur - Vorarlberg, Eliteliga"", ""odds_api_io_id"": 61927890, ""raw_event"": {""away"": ""FC Wolfurt"", ""awayId"": 2186, ""date"": ""2026-05-14T09:00:00Z"", ""home"": ""SV Lochau"", ""homeId"": 215516, ""id"": 61927890, ""league"": {""name"": ""Austria Amateur - Vorarlberg, Eliteliga"", ""slug"": ""austria-amateur-vorarlberg-eliteliga""}, ""scores"": {""away"": 0, ""home"": 0}, ""sport"": {""name"": ""Football"", ""slug"": ""football""}, ""status"": ""pending""}}",,,,,,,,,,,,,,,,,,,,,,,,,,,,,,,
soccer|astana reserves|tobol kostanay reserves|2026-05-14,odds_api_io,69854642,soccer,Kazakhstan - Pervaya Liga,FC Tobol Kostanay Reserve,FC Astana Reserve,2026-05-14T09:00:00+00:00,mid,"{""competition"": ""Kazakhstan - Pervaya Liga"", ""odds_api_io_id"": 69854642, ""raw_event"": {""away"": ""FC Astana Reserve"", ""awayId"": 352036, ""date"": ""2026-05-14T09:00:00Z"", ""home"": ""FC Tobol Kostanay Reserve"", ""homeId"": 352058, ""id"": 69854642, ""league"": {""name"": ""Kazakhstan - Pervaya Liga"", ""slug"": ""kazakhstan-pervaya-liga""}, ""scores"": {""away"": 0, ""home"": 0}, ""sport"": {""name"": ""Football"", ""slug"": ""football""}, ""status"": ""pending""}}",,,,,,,,,,,,,,,,,,,,,,,,,,,,,,,
soccer|irkutsk|spartak 2 moscow|2026-05-14,odds_api_io,70250756,soccer,"Russia - 2. Liga, Division B, Group 2",FC Irkutsk,FC Spartak-2 Moscow,2026-05-14T09:00:00+00:00,mid,"{""competition"": ""Russia - 2. Liga, Division B, Group 2"", ""odds_api_io_id"": 70250756, ""raw_event"": {""away"": ""FC Spartak-2 Moscow"", ""awayId"": 71090, ""date"": ""2026-05-14T09:00:00Z"", ""home"": ""FC Irkutsk"", ""homeId"": 798280, ""id"": 70250756, ""league"": {""name"": ""Russia - 2. Liga, Division B, Group 2"", ""slug"": ""russia-2-liga-division-b-group-2""}, ""scores"": {""away"": 0, ""home"": 0}, ""sport"": {""name"": ""Football"", ""slug"": ""football""}, ""status"": ""pending""}}",,,,,,,,,,,,,,,,,,,,,,,,,,,,,,,
soccer|astana 2|tobol 2|2026-05-14,day_inventory,soccer|astana 2|tobol 2|2026-05-14,soccer,Unknown,Tobol 2,Astana II,2026-05-14T09:00:00+00:00,mid,"{""accumulated_from_latest_matches"": true, ""core_inventory"": true, ""coverage_repair_sources"": [""day_inventory""], ""day_inventory"": true, ""day_inventory_coverage"": {""context"": true, ""context_2plus_sources"": false, ""context_sources_count"": 2, ""fixture_core"": true, ""fixture_source_2plus"": false, ""form"": true, ""form_sources_count"": 2, ""news"": false, ""odds"": true, ""odds_2plus_sources"": false, ""odds_sources_count"": 1, ""ready_for_model"": false, ""ready_for_publish"": false, ""weather"": false, ""xg"": true, ""xg_sources_count"": 2}, ""day_inventory_path"": "".data/day_inventory/2026-05-14.json"", ""day_inventory_refresh"": {""last_context_refresh_utc"": null, ""last_fixture_refresh_utc"": ""2026-05-13T21:01:36.649748+00:00"", ""last_odds_refresh_utc"": null}, ""day_inventory_source_ids"": {""day_inventory"": ""soccer|astana 2|tobol 2|2026-05-14"", ""sstats"": ""1534741""}, ""latest_run_source"": ""day_inventory"", ""latest_run_source_event_id"": ""soccer|astana 2|tobol 2|2026-05-14"", ""provider_source_ids"": {""sstats"": ""1534741""}, ""sources_seen"": ""sstats"", ""sstats_has_context_hint"": true, ""sstats_status"": ""2""}",,,,,,,,,,,,,,,,,,,,,,,,,,,,,,,
soccer|unterhaching|wacker burghausen|2026-05-14,day_inventory,71332456,soccer,Unknown,Unterhaching U19,Wacker Burghausen U19,2026-05-14T09:00:00+00:00,mid,"{""accumulated_from_latest_matches"": true, ""core_inventory"": true, ""coverage_repair_sources"": [""day_inventory""], ""day_inventory"": true, ""day_inventory_coverage"": {""context"": true, ""context_2plus_sources"": false, ""context_sources_count"": 2, ""fixture_core"": true, ""fixture_source_2plus"": true, ""form"": true, ""form_sources_count"": 2, ""news"": false, ""odds"": true, ""odds_2plus_sources"": false, ""odds_sources_count"": 2, ""ready_for_model"": true, ""ready_for_publish"": false, ""weather"": false, ""xg"": true, ""xg_sources_count"": 2}, ""day_inventory_path"": "".data/day_inventory/2026-05-14.json"", ""day_inventory_refresh"": {""last_context_refresh_utc"": null, ""last_fixture_refresh_utc"": ""2026-05-13T21:01:36.649939+00:00"", ""last_odds_refresh_utc"": null}, ""day_inventory_source_ids"": {""day_inventory"": ""71332456"", ""odds_api_io"": ""71332456"", ""sstats"": ""1518615""}, ""latest_run_source"": ""day_inventory"", ""latest_run_source_event_id"": ""71332456"", ""provider_source_ids"": {""sstats"": ""1518615""}, ""sources_seen"": ""sstats"", ""sstats_has_context_hint"": true, ""sstats_status"": ""2""}",,,,,,,,,,,,,,,,,,,,,,,,,,,,,,,
soccer|neroca|sudeva delhi|2026-05-14,odds_api_io,70090084,soccer,India - I-League 2,Neroca FC,Sudeva Delhi FC,2026-05-14T09:30:00+00:00,mid,"{""competition"": ""India - I-League 2"", ""odds_api_io_id"": 70090084, ""raw_event"": {""away"": ""Sudeva Delhi FC"", ""awayId"": 307602, ""date"": ""2026-05-14T09:30:00Z"", ""home"": ""Neroca FC"", ""homeId"": 275163, ""id"": 70090084, ""league"": {""name"": ""India - I-League 2"", ""slug"": ""india-i-league-2""}, ""scores"": {""away"": 0, ""home"": 0}, ""sport"": {""name"": ""Football"", ""slug"": ""football""}, ""status"": ""pending""}}",,,,,,,,,,,,,,,,,,,,,,,,,,,,,,,
soccer|hadiya hossana|sidama bunna|2026-05-14,odds_api_io,70926662,soccer,Ethiopia - Premier League,Sidama Bunna SC,Hadiya Hossana FC,2026-05-14T10:00:00+00:00,mid,"{""competition"": ""Ethiopia - Premier League"", ""odds_api_io_id"": 70926662, ""raw_event"": {""away"": ""Hadiya Hossana FC"", ""awayId"": 669303, ""date"": ""2026-05-14T10:00:00Z"", ""home"": ""Sidama Bunna SC"", ""homeId"": 559182, ""id"": 70926662, ""league"": {""name"": ""Ethiopia - Premier League"", ""slug"": ""ethiopia-premier-league""}, ""scores"": {""away"": 0, ""home"": 0}, ""sport"": {""name"": ""Football"", ""slug"": ""football""}, ""status"": ""pending""}}",,totals,Меньше,under,,2.0,,1xbet,sstats,58.91,56.99,55.16,,,83.24,,,market_simple_totals,45.261,,,,market_signal,,insufficient_history,,,,,,
soccer|japs|ktp|2026-05-14,day_inventory,71343350,soccer,"Finland - Suomen Cup, Women",JaPS,FC KTP,2026-05-14T10:00:00+00:00,mid,"{""accumulated_from_latest_matches"": true, ""coverage_repair_sources"": [""day_inventory""], ""day_inventory"": true, ""day_inventory_coverage"": {""context"": false, ""context_2plus_sources"": false, ""fixture_core"": true, ""form"": false, ""news"": false, ""odds"": true, ""odds_2plus_sources"": false, ""odds_sources_count"": 1, ""ready_for_model"": false, ""ready_for_publish"": false, ""weather"": false, ""xg"": false}, ""day_inventory_path"": "".data/day_inventory/2026-05-14.json"", ""day_inventory_refresh"": {""last_context_refresh_utc"": null, ""last_fixture_refresh_utc"": ""2026-05-13T23:01:56.132809+00:00"", ""last_odds_refresh_utc"": null}, ""day_inventory_source_ids"": {""day_inventory"": ""71343350"", ""odds_api_io"": ""71343350""}, ""latest_run_source"": ""day_inventory"", ""latest_run_source_event_id"": ""71343350""}",,,,,,,,,,,,,,,,,,,,,,,,,,,,,,,
soccer|barcelona|tenerife|2026-05-14,day_inventory,71312154,soccer,Spain - U19 Division de Honor Juvenil,FC Barcelona,CD Tenerife,2026-05-14T10:00:00+00:00,mid,"{""accumulated_from_latest_matches"": true, ""coverage_repair_sources"": [""day_inventory""], ""day_inventory"": true, ""day_inventory_coverage"": {""context"": false, ""context_2plus_sources"": false, ""fixture_core"": true, ""form"": false, ""news"": false, ""odds"": true, ""odds_2plus_sources"": false, ""odds_sources_count"": 1, ""ready_for_model"": false, ""ready_for_publish"": false, ""weather"": false, ""xg"": false}, ""day_inventory_path"": "".data/day_inventory/2026-05-14.json"", ""day_inventory_refresh"": {""last_context_refresh_utc"": null, ""last_fixture_refresh_utc"": ""2026-05-13T23:01:56.132830+00:00"", ""last_odds_refresh_utc"": null}, ""day_inventory_source_ids"": {""day_inventory"": ""71312154"", ""odds_api_io"": ""71312154""}, ""latest_run_source"": ""day_inventory"", ""latest_run_source_event_id"": ""71312154""}",,,,,,,,,,,,,,,,,,,,,,,,,,,,,,,
soccer|djurgardens if|mjallby aif|2026-05-14,day_inventory,68309476,soccer,Sweden Amateur - U19 Allsvenskan,Djurgardens IF,Mjallby AIF,2026-05-14T10:00:00+00:00,mid,"{""accumulated_from_latest_matches"": true, ""coverage_repair_sources"": [""day_inventory""], ""day_inventory"": true, ""day_inventory_coverage"": {""context"": false, ""context_2plus_sources"": false, ""fixture_core"": true, ""form"": false, ""news"": false, ""odds"": true, ""odds_2plus_sources"": false, ""odds_sources_count"": 1, ""ready_for_model"": false, ""ready_for_publish"": false, ""weather"": false, ""xg"": false}, ""day_inventory_path"": "".data/day_inventory/2026-05-14.json"", ""day_inventory_refresh"": {""last_context_refresh_utc"": null, ""last_fixture_refresh_utc"": ""2026-05-13T23:01:56.132851+00:00"", ""last_odds_refresh_utc"": null}, ""day_inventory_source_ids"": {""day_inventory"": ""68309476"", ""odds_api_io"": ""68309476""}, ""latest_run_source"": ""day_inventory"", ""latest_run_source_event_id"": ""68309476""}",,,,,,,,,,,,,,,,,,,,,,,,,,,,,,,
soccer|paro|thimphu city|2026-05-14,day_inventory,soccer|paro|thimphu city|2026-05-14,soccer,Unknown,Paro,Thimphu City,2026-05-14T10:00:00+00:00,mid,"{""accumulated_from_latest_matches"": true, ""core_inventory"": true, ""coverage_repair_sources"": [""day_inventory""], ""day_inventory"": true, ""day_inventory_coverage"": {""context"": true, ""context_2plus_sources"": false, ""context_sources_count"": 2, ""fixture_core"": true, ""fixture_source_2plus"": false, ""form"": true, ""form_sources_count"": 2, ""news"": false, ""odds"": true, ""odds_2plus_sources"": false, ""odds_sources_count"": 1, ""ready_for_model"": false, ""ready_for_publish"": false, ""weather"": false, ""xg"": true, ""xg_sources_count"": 2}, ""day_inventory_path"": "".data/day_inventory/2026-05-14.json"", ""day_inventory_refresh"": {""last_context_refresh_utc"": null, ""last_fixture_refresh_utc"": ""2026-05-13T21:01:36.650833+00:00"", ""last_odds_refresh_utc"": null}, ""day_inventory_source_ids"": {""day_inventory"": ""soccer|paro|thimphu city|2026-05-14"", ""sstats"": ""1543564""}, ""latest_run_source"": ""day_inventory"", ""latest_run_source_event_id"": ""soccer|paro|thimphu city|2026-05-14"", ""provider_source_ids"": {""sstats"": ""1543564""}, ""sources_seen"": ""sstats"", ""sstats_has_context_hint"": true, ""sstats_status"": ""2""}",,,,,,,,,,,,,,,,,,,,,,,,,,,,,,,
soccer|aarhus fremad|hobro ik|2026-05-14,odds_api_io,70318288,soccer,Denmark - 1. Division,Hobro IK,Aarhus Fremad,2026-05-14T11:00:00+00:00,mid,"{""competition"": ""Denmark - 1. Division"", ""odds_api_io_id"": 70318288, ""raw_event"": {""away"": ""Aarhus Fremad"", ""awayId"": 4874, ""date"": ""2026-05-14T11:00:00Z"", ""home"": ""Hobro IK"", ""homeId"": 1392, ""id"": 70318288, ""league"": {""name"": ""Denmark - 1. Division"", ""slug"": ""denmark-1-division""}, ""scores"": {""away"": 0, ""home"": 0}, ""sport"": {""name"": ""Football"", ""slug"": ""football""}, ""status"": ""pending""}}",,,,,,,,,,,,,,,,,,,,,,,,,,,,,,,
soccer|kaspiy aktau reserves|yelimay reserves|2026-05-14,odds_api_io,69854636,soccer,Kazakhstan - Pervaya Liga,FC Yelimay Reserve,FC Kaspiy Aktau Reserve,2026-05-14T11:00:00+00:00,mid,"{""competition"": ""Kazakhstan - Pervaya Liga"", ""odds_api_io_id"": 69854636, ""raw_event"": {""away"": ""FC Kaspiy Aktau Reserve"", ""awayId"": 793138, ""date"": ""2026-05-14T11:00:00Z"", ""home"": ""FC Yelimay Reserve"", ""homeId"": 1015619, ""id"": 69854636, ""league"": {""name"": ""Kazakhstan - Pervaya Liga"", ""slug"": ""kazakhstan-pervaya-liga""}, ""scores"": {""away"": 0, ""home"": 0}, ""sport"": {""name"": ""Football"", ""slug"": ""football""}, ""status"": ""pending""}}",,,,,,,,,,,,,,,,,,,,,,,,,,,,,,,
soccer|bjarg|brattvaag|2026-05-14,odds_api_io,67915816,soccer,Norway - 2nd Division Group 1,Bjarg,Brattvaag,2026-05-14T11:00:00+00:00,mid,"{""competition"": ""Norway - 2nd Division Group 1"", ""odds_api_io_id"": 67915816, ""raw_event"": {""away"": ""Brattvaag"", ""awayId"": 954, ""date"": ""2026-05-14T11:00:00Z"", ""home"": ""Bjarg"", ""homeId"": 35610, ""id"": 67915816, ""league"": {""name"": ""Norway - 2nd Division Group 1"", ""slug"": ""norway-2nd-division-group-1""}, ""scores"": {""away"": 0, ""home"": 0}, ""sport"": {""name"": ""Football"", ""slug"": ""football""}, ""status"": ""pending""}}",,,,,,,,,,,,,,,,,,,,,,,,,,,,,,,
soccer|grorud il|tromsdalen uil|2026-05-14,odds_api_io,67915570,soccer,Norway - 2nd Division Group 2,Tromsdalen UIL,Grorud IL,2026-05-14T11:00:00+00:00,mid,"{""competition"": ""Norway - 2nd Division Group 2"", ""odds_api_io_id"": 67915570, ""raw_event"": {""away"": ""Grorud IL"", ""awayId"": 7320, ""date"": ""2026-05-14T11:00:00Z"", ""home"": ""Tromsdalen UIL"", ""homeId"": 669, ""id"": 67915570, ""league"": {""name"": ""Norway - 2nd Division Group 2"", ""slug"": ""norway-2nd-division-group-2""}, ""scores"": {""away"": 0, ""home"": 0}, ""sport"": {""name"": ""Football"", ""slug"": ""football""}, ""status"": ""pending""}}",,,,,,,,,,,,,,,,,,,,,,,,,,,,,,,
soccer|foerde|stord|2026-05-14,odds_api_io,67919882,soccer,Norway - 3rd Division Group 3,Stord FK,Foerde,2026-05-14T11:00:00+00:00,mid,"{""competition"": ""Norway - 3rd Division Group 3"", ""odds_api_io_id"": 67919882, ""raw_event"": {""away"": ""Foerde"", ""awayId"": 691, ""date"": ""2026-05-14T11:00:00Z"", ""home"": ""Stord FK"", ""homeId"": 705, ""id"": 67919882, ""league"": {""name"": ""Norway - 3rd Division Group 3"", ""slug"": ""norway-3rd-division-group-3""}, ""scores"": {""away"": 0, ""home"": 0}, ""sport"": {""name"": ""Football"", ""slug"": ""football""}, ""status"": ""pending""}}",,,,,,,,,,,,,,,,,,,,,,,,,,,,,,,
soccer|harstad|skjervoey|2026-05-14,odds_api_io,67920576,soccer,Norway - 3rd Division Group 5,Skjervoey,Harstad,2026-05-14T11:00:00+00:00,mid,"{""competition"": ""Norway - 3rd Division Group 5"", ""odds_api_io_id"": 67920576, ""raw_event"": {""away"": ""Harstad"", ""awayId"": 716, ""date"": ""2026-05-14T11:00:00Z"", ""home"": ""Skjervoey"", ""homeId"": 719, ""id"": 67920576, ""league"": {""name"": ""Norway - 3rd Division Group 5"", ""slug"": ""norway-3rd-division-group-5""}, ""scores"": {""away"": 0, ""home"": 0}, ""sport"": {""name"": ""Football"", ""slug"": ""football""}, ""status"": ""pending""}}",,,,,,,,,,,,,,,,,,,,,,,,,,,,,,,
soccer|ifk berga|rappe goif|2026-05-14,odds_api_io,68344646,soccer,"Sweden - Division 2, Promotion Playoffs",IFK Berga,Rappe GOIF,2026-05-14T11:00:00+00:00,mid,"{""competition"": ""Sweden - Division 2, Promotion Playoffs"", ""odds_api_io_id"": 68344646, ""raw_event"": {""away"": ""Rappe GOIF"", ""awayId"": 327037, ""date"": ""2026-05-14T11:00:00Z"", ""home"": ""IFK Berga"", ""homeId"": 34708, ""id"": 68344646, ""league"": {""name"": ""Sweden - Division 2, Promotion Playoffs"", ""slug"": ""sweden-division-2-promotion-playoffs""}, ""scores"": {""away"": 0, ""home"": 0}, ""sport"": {""name"": ""Football"", ""slug"": ""football""}, ""status"": ""pending""}}",,,,,,,,,,,,,,,,,,,,,,,,,,,,,,,
soccer|if sylvia|nykopings bis|2026-05-14,odds_api_io,68377536,soccer,"Sweden - Division 2, Promotion Playoffs",Nykopings BIS,IF Sylvia,2026-05-14T11:00:00+00:00,mid,"{""competition"": ""Sweden - Division 2, Promotion Playoffs"", ""odds_api_io_id"": 68377536, ""raw_event"": {""away"": ""IF Sylvia"", ""awayId"": 1776, ""date"": ""2026-05-14T11:00:00Z"", ""home"": ""Nykopings BIS"", ""homeId"": 1801, ""id"": 68377536, ""league"": {""name"": ""Sweden - Division 2, Promotion Playoffs"", ""slug"": ""sweden-division-2-promotion-playoffs""}, ""scores"": {""away"": 0, ""home"": 0}, ""sport"": {""name"": ""Football"", ""slug"": ""football""}, ""status"": ""pending""}}",,,,,,,,,,,,,,,,,,,,,,,,,,,,,,,
soccer|lindo ff|nykopings bis|2026-05-14,odds_api_io,70344940,soccer,"Sweden - Division 2, Promotion Playoffs",Nykopings BIS,Lindo FF,2026-05-14T11:00:00+00:00,mid,"{""competition"": ""Sweden - Division 2, Promotion Playoffs"", ""odds_api_io_id"": 70344940, ""raw_event"": {""away"": ""Lindo FF"", ""awayId"": 21874, ""date"": ""2026-05-14T11:00:00Z"", ""home"": ""Nykopings BIS"", ""homeId"": 1801, ""id"": 70344940, ""league"": {""name"": ""Sweden - Division 2, Promotion Playoffs"", ""slug"": ""sweden-division-2-promotion-playoffs""}, ""scores"": {""away"": 0, ""home"": 0}, ""sport"": {""name"": ""Football"", ""slug"": ""football""}, ""status"": ""pending""}}",,,,,,,,,,,,,,,,,,,,,,,,,,,,,,,
soccer|qviding fif|torslanda ik|2026-05-14,odds_api_io,68377650,soccer,"Sweden - Division 2, Promotion Playoffs",Torslanda IK,Qviding FIF,2026-05-14T11:00:00+00:00,mid,"{""competition"": ""Sweden - Division 2, Promotion Playoffs"", ""odds_api_io_id"": 68377650, ""raw_event"": {""away"": ""Qviding FIF"", ""awayId"": 1815, ""date"": ""2026-05-14T11:00:00Z"", ""home"": ""Torslanda IK"", ""homeId"": 1790, ""id"": 68377650, ""league"": {""name"": ""Sweden - Division 2, Promotion Playoffs"", ""slug"": ""sweden-division-2-promotion-playoffs""}, ""scores"": {""away"": 0, ""home"": 0}, ""sport"": {""name"": ""Football"", ""slug"": ""football""}, ""status"": ""pending""}}",,,,,,,,,,,,,,,,,,,,,,,,,,,,,,,
soccer|ik kongahalla|vastra frolunda if|2026-05-14,odds_api_io,68377654,soccer,"Sweden - Division 2, Promotion Playoffs",Vastra Frolunda IF,IK Kongahalla,2026-05-14T11:00:00+00:00,mid,"{""competition"": ""Sweden - Division 2, Promotion Playoffs"", ""odds_api_io_id"": 68377654, ""raw_event"": {""away"": ""IK Kongahalla"", ""awayId"": 1846, ""date"": ""2026-05-14T11:00:00Z"", ""home"": ""Vastra Frolunda IF"", ""homeId"": 1785, ""id"": 68377654, ""league"": {""name"": ""Sweden - Division 2, Promotion Playoffs"", ""slug"": ""sweden-division-2-promotion-playoffs""}, ""scores"": {""away"": 0, ""home"": 0}, ""sport"": {""name"": ""Football"", ""slug"": ""football""}, ""status"": ""pending""}}",,,,,,,,,,,,,,,,,,,,,,,,,,,,,,,
soccer|fbk karlstad|piteaa if|2026-05-14,odds_api_io,68310884,soccer,"Sweden - Ettan, Relegation/Promotion",Piteaa IF,FBK Karlstad,2026-05-14T11:00:00+00:00,mid,"{""competition"": ""Sweden - Ettan, Relegation/Promotion"", ""odds_api_io_id"": 68310884, ""raw_event"": {""away"": ""FBK Karlstad"", ""awayId"": 22236, ""date"": ""2026-05-14T11:00:00Z"", ""home"": ""Piteaa IF"", ""homeId"": 1873, ""id"": 68310884, ""league"": {""name"": ""Sweden - Ettan, Relegation/Promotion"", ""slug"": ""sweden-ettan-relegation/promotion""}, ""scores"": {""away"": 0, ""home"": 0}, ""sport"": {""name"": ""Football"", ""slug"": ""football""}, ""status"": ""pending""}}",,,,,,,,,,,,,,,,,,,,,,,,,,,,,,,
soccer|olympic|tvaakers if|2026-05-14,odds_api_io,68311588,soccer,"Sweden - Ettan, Relegation/Promotion",Tvaakers IF,BK Olympic,2026-05-14T11:00:00+00:00,mid,"{""competition"": ""Sweden - Ettan, Relegation/Promotion"", ""odds_api_io_id"": 68311588, ""raw_event"": {""away"": ""BK Olympic"", ""awayId"": 47812, ""date"": ""2026-05-14T11:00:00Z"", ""home"": ""Tvaakers IF"", ""homeId"": 22356, ""id"": 68311588, ""league"": {""name"": ""Sweden - Ettan, Relegation/Promotion"", ""slug"": ""sweden-ettan-relegation/promotion""}, ""scores"": {""away"": 0, ""home"": 0}, ""sport"": {""name"": ""Football"", ""slug"": ""football""}, ""status"": ""pending""}}",,,,,,,,,,,,,,,,,,,,,,,,,,,,,,,
soccer|gefle if|vasalunds if|2026-05-14,odds_api_io,68310886,soccer,"Sweden - Ettan, Relegation/Promotion",Vasalunds IF,Gefle IF,2026-05-14T11:00:00+00:00,mid,"{""competition"": ""Sweden - Ettan, Relegation/Promotion"", ""odds_api_io_id"": 68310886, ""raw_event"": {""away"": ""Gefle IF"", ""awayId"": 1778, ""date"": ""2026-05-14T11:00:00Z"", ""home"": ""Vasalunds IF"", ""homeId"": 5950, ""id"": 68310886, ""league"": {""name"": ""Sweden - Ettan, Relegation/Promotion"", ""slug"": ""sweden-ettan-relegation/promotion""}, ""scores"": {""away"": 0, ""home"": 0}, ""sport"": {""name"": ""Football"", ""slug"": ""football""}, ""status"": ""pending""}}",,,,,,,,,,,,,,,,,,,,,,,,,,,,,,,
soccer|kmc|mtibwa sugar|2026-05-14,odds_api_io,70479350,soccer,Tanzania - Premier League,Mtibwa Sugar FC,Kmc FC,2026-05-14T11:00:00+00:00,mid,"{""competition"": ""Tanzania - Premier League"", ""odds_api_io_id"": 70479350, ""raw_event"": {""away"": ""Kmc FC"", ""awayId"": 495508, ""date"": ""2026-05-14T11:00:00Z"", ""home"": ""Mtibwa Sugar FC"", ""homeId"": 238664, ""id"": 70479350, ""league"": {""name"": ""Tanzania - Premier League"", ""slug"": ""tanzania-premier-league""}, ""scores"": {""away"": 0, ""home"": 0}, ""sport"": {""name"": ""Football"", ""slug"": ""football""}, ""status"": ""pending""}}",,,,,,,,,,,,,,,,,,,,,,,,,,,,,,,
soccer|fountain gate|tanzania prisons|2026-05-14,odds_api_io,70479314,soccer,Tanzania - Premier League,Tanzania Prisons,Fountain Gate FC,2026-05-14T11:00:00+00:00,mid,"{""competition"": ""Tanzania - Premier League"", ""odds_api_io_id"": 70479314, ""raw_event"": {""away"": ""Fountain Gate FC"", ""awayId"": 927033, ""date"": ""2026-05-14T11:00:00Z"", ""home"": ""Tanzania Prisons"", ""homeId"": 238674, ""id"": 70479314, ""league"": {""name"": ""Tanzania - Premier League"", ""slug"": ""tanzania-premier-league""}, ""scores"": {""away"": 0, ""home"": 0}, ""sport"": {""name"": ""Football"", ""slug"": ""football""}, ""status"": ""pending""}}",,,,,,,,,,,,,,,,,,,,,,,,,,,,,,,
soccer|berga|rappe|2026-05-14,day_inventory,soccer|berga|rappe|2026-05-14,soccer,Unknown,Berga,Räppe,2026-05-14T11:00:00+00:00,mid,"{""accumulated_from_latest_matches"": true, ""core_inventory"": true, ""coverage_repair_sources"": [""day_inventory""], ""day_inventory"": true, ""day_inventory_coverage"": {""context"": true, ""context_2plus_sources"": false, ""context_sources_count"": 2, ""fixture_core"": true, ""fixture_source_2plus"": false, ""form"": true, ""form_sources_count"": 2, ""news"": false, ""odds"": true, ""odds_2plus_sources"": false, ""odds_sources_count"": 1, ""ready_for_model"": false, ""ready_for_publish"": false, ""weather"": false, ""xg"": true, ""xg_sources_count"": 2}, ""day_inventory_path"": "".data/day_inventory/2026-05-14.json"", ""day_inventory_refresh"": {""last_context_refresh_utc"": null, ""last_fixture_refresh_utc"": ""2026-05-13T21:01:36.650982+00:00"", ""last_odds_refresh_utc"": null}, ""day_inventory_source_ids"": {""day_inventory"": ""soccer|berga|rappe|2026-05-14"", ""sstats"": ""1510929""}, ""latest_run_source"": ""day_inventory"", ""latest_run_source_event_id"": ""soccer|berga|rappe|2026-05-14"", ""provider_source_ids"": {""sstats"": ""1510929""}, ""sources_seen"": ""sstats"", ""sstats_has_context_hint"": true, ""sstats_status"": ""2""}",,,,,,,,,,,,,,,,,,,,,,,,,,,,,,,
soccer|hansa rostock|hertha bsc|2026-05-14,day_inventory,67150202,soccer,Unknown,Hertha BSC U19,Hansa Rostock U19,2026-05-14T11:00:00+00:00,mid,"{""accumulated_from_latest_matches"": true, ""core_inventory"": true, ""coverage_repair_sources"": [""day_inventory""], ""day_inventory"": true, ""day_inventory_coverage"": {""context"": true, ""context_2plus_sources"": false, ""context_sources_count"": 2, ""fixture_core"": true, ""fixture_source_2plus"": true, ""form"": true, ""form_sources_count"": 2, ""news"": false, ""odds"": true, ""odds_2plus_sources"": false, ""odds_sources_count"": 1, ""ready_for_model"": true, ""ready_for_publish"": false, ""weather"": false, ""xg"": true, ""xg_sources_count"": 2}, ""day_inventory_path"": "".data/day_inventory/2026-05-14.json"", ""day_inventory_refresh"": {""last_context_refresh_utc"": null, ""last_fixture_refresh_utc"": ""2026-05-13T21:01:36.651180+00:00"", ""last_odds_refresh_utc"": null}, ""day_inventory_source_ids"": {""day_inventory"": ""67150202"", ""odds_api_io"": ""67150202"", ""sstats"": ""1518480""}, ""latest_run_source"": ""day_inventory"", ""latest_run_source_event_id"": ""67150202"", ""provider_source_ids"": {""sstats"": ""1518480""}, ""sources_seen"": ""sstats"", ""sstats_has_context_hint"": true, ""sstats_status"": ""2""}",,,,,,,,,,,,,,,,,,,,,,,,,,,,,,,
soccer|aarhus fremad|hobro|2026-05-14,day_inventory,70318288,soccer,Unknown,Hobro,Aarhus Fremad,2026-05-14T11:00:00+00:00,mid,"{""accumulated_from_latest_matches"": true, ""core_inventory"": true, ""coverage_repair_sources"": [""day_inventory""], ""day_inventory"": true, ""day_inventory_coverage"": {""context"": true, ""context_2plus_sources"": false, ""context_sources_count"": 2, ""fixture_core"": true, ""fixture_source_2plus"": true, ""form"": true, ""form_sources_count"": 2, ""news"": false, ""odds"": true, ""odds_2plus_sources"": false, ""odds_sources_count"": 2, ""ready_for_model"": true, ""ready_for_publish"": false, ""weather"": false, ""xg"": true, ""xg_sources_count"": 2}, ""day_inventory_path"": "".data/day_inventory/2026-05-14.json"", ""day_inventory_refresh"": {""last_context_refresh_utc"": null, ""last_fixture_refresh_utc"": ""2026-05-13T21:01:36.651341+00:00"", ""last_odds_refresh_utc"": null}, ""day_inventory_source_ids"": {""day_inventory"": ""70318288"", ""odds_api_io"": ""70318288"", ""sstats"": ""1538280""}, ""latest_run_source"": ""day_inventory"", ""latest_run_source_event_id"": ""70318288"", ""provider_source_ids"": {""sstats"": ""1538280""}, ""sources_seen"": ""sstats"", ""sstats_has_context_hint"": true, ""sstats_status"": ""2""}",,,,,,,,,,,,,,,,,,,,,,,,,,,,,,,
soccer|hombrucher sv|meppen|2026-05-14,day_inventory,69068516,soccer,Unknown,Hombrucher SV U19,Meppen U19,2026-05-14T11:00:00+00:00,mid,"{""accumulated_from_latest_matches"": true, ""core_inventory"": true, ""coverage_repair_sources"": [""day_inventory""], ""day_inventory"": true, ""day_inventory_coverage"": {""context"": true, ""context_2plus_sources"": false, ""context_sources_count"": 2, ""fixture_core"": true, ""fixture_source_2plus"": true, ""form"": true, ""form_sources_count"": 2, ""news"": false, ""odds"": true, ""odds_2plus_sources"": false, ""odds_sources_count"": 1, ""ready_for_model"": true, ""ready_for_publish"": false, ""weather"": false, ""xg"": true, ""xg_sources_count"": 2}, ""day_inventory_path"": "".data/day_inventory/2026-05-14.json"", ""day_inventory_refresh"": {""last_context_refresh_utc"": null, ""last_fixture_refresh_utc"": ""2026-05-13T21:01:36.651515+00:00"", ""last_odds_refresh_utc"": null}, ""day_inventory_source_ids"": {""day_inventory"": ""69068516"", ""odds_api_io"": ""69068516"", ""sstats"": ""1518628""}, ""latest_run_source"": ""day_inventory"", ""latest_run_source_event_id"": ""69068516"", ""provider_source_ids"": {""sstats"": ""1518628""}, ""sources_seen"": ""sstats"", ""sstats_has_context_hint"": true, ""sstats_status"": ""2""}",,,,,,,,,,,,,,,,,,,,,,,,,,,,,,,
soccer|lindo ff|nykoping|2026-05-14,day_inventory,70344940,soccer,Unknown,Nyköping,Lindo FF,2026-05-14T11:00:00+00:00,mid,"{""accumulated_from_latest_matches"": true, ""core_inventory"": true, ""coverage_repair_sources"": [""day_inventory""], ""day_inventory"": true, ""day_inventory_coverage"": {""context"": true, ""context_2plus_sources"": false, ""context_sources_count"": 2, ""fixture_core"": true, ""fixture_source_2plus"": true, ""form"": true, ""form_sources_count"": 2, ""news"": false, ""odds"": true, ""odds_2plus_sources"": false, ""odds_sources_count"": 1, ""ready_for_model"": true, ""ready_for_publish"": false, ""weather"": false, ""xg"": true, ""xg_sources_count"": 2}, ""day_inventory_path"": "".data/day_inventory/2026-05-14.json"", ""day_inventory_refresh"": {""last_context_refresh_utc"": null, ""last_fixture_refresh_utc"": ""2026-05-13T21:01:36.651829+00:00"", ""last_odds_refresh_utc"": null}, ""day_inventory_source_ids"": {""day_inventory"": ""70344940"", ""odds_api_io"": ""70344940"", ""sstats"": ""1511123""}, ""latest_run_source"": ""day_inventory"", ""latest_run_source_event_id"": ""70344940"", ""provider_source_ids"": {""sstats"": ""1511123""}, ""sources_seen"": ""sstats"", ""sstats_has_context_hint"": true, ""sstats_status"": ""2""}",,,,,,,,,,,,,,,,,,,,,,,,,,,,,,,
soccer|harstad|skjerv y|2026-05-14,day_inventory,67920576,soccer,Unknown,Skjervøy,Harstad,2026-05-14T11:00:00+00:00,mid,"{""accumulated_from_latest_matches"": true, ""core_inventory"": true, ""coverage_repair_sources"": [""day_inventory""], ""day_inventory"": true, ""day_inventory_coverage"": {""context"": true, ""context_2plus_sources"": false, ""context_sources_count"": 2, ""fixture_core"": true, ""fixture_source_2plus"": true, ""form"": true, ""form_sources_count"": 2, ""news"": false, ""odds"": true, ""odds_2plus_sources"": false, ""odds_sources_count"": 1, ""ready_for_model"": true, ""ready_for_publish"": false, ""weather"": false, ""xg"": true, ""xg_sources_count"": 2}, ""day_inventory_path"": "".data/day_inventory/2026-05-14.json"", ""day_inventory_refresh"": {""last_context_refresh_utc"": null, ""last_fixture_refresh_utc"": ""2026-05-13T21:01:36.651984+00:00"", ""last_odds_refresh_utc"": null}, ""day_inventory_source_ids"": {""day_inventory"": ""67920576"", ""odds_api_io"": ""67920576"", ""sstats"": ""1497153""}, ""latest_run_source"": ""day_inventory"", ""latest_run_source_event_id"": ""67920576"", ""provider_source_ids"": {""sstats"": ""1497153""}, ""sources_seen"": ""sstats"", ""sstats_has_context_hint"": true, ""sstats_status"": ""2""}",,,,,,,,,,,,,,,,,,,,,,,,,,,,,,,
soccer|f rde|stord|2026-05-14,day_inventory,67919882,soccer,Unknown,Stord,Førde,2026-05-14T11:00:00+00:00,mid,"{""accumulated_from_latest_matches"": true, ""core_inventory"": true, ""coverage_repair_sources"": [""day_inventory""], ""day_inventory"": true, ""day_inventory_coverage"": {""context"": true, ""context_2plus_sources"": false, ""context_sources_count"": 2, ""fixture_core"": true, ""fixture_source_2plus"": true, ""form"": true, ""form_sources_count"": 2, ""news"": false, ""odds"": true, ""odds_2plus_sources"": false, ""odds_sources_count"": 2, ""ready_for_model"": true, ""ready_for_publish"": false, ""weather"": false, ""xg"": true, ""xg_sources_count"": 2}, ""day_inventory_path"": "".data/day_inventory/2026-05-14.json"", ""day_inventory_refresh"": {""last_context_refresh_utc"": null, ""last_fixture_refresh_utc"": ""2026-05-13T21:01:36.652133+00:00"", ""last_odds_refresh_utc"": null}, ""day_inventory_source_ids"": {""day_inventory"": ""67919882"", ""odds_api_io"": ""67919882"", ""sstats"": ""1496790""}, ""latest_run_source"": ""day_inventory"", ""latest_run_source_event_id"": ""67919882"", ""provider_source_ids"": {""sstats"": ""1496790""}, ""sources_seen"": ""sstats"", ""sstats_has_context_hint"": true, ""sstats_status"": ""2""}",,,,,,,,,,,,,,,,,,,,,,,,,,,,,,,
soccer|grorud|tromsdalen uil|2026-05-14,day_inventory,67915570,soccer,Unknown,Tromsdalen Uil,Grorud,2026-05-14T11:00:00+00:00,mid,"{""accumulated_from_latest_matches"": true, ""core_inventory"": true, ""coverage_repair_sources"": [""day_inventory""], ""day_inventory"": true, ""day_inventory_coverage"": {""context"": true, ""context_2plus_sources"": false, ""context_sources_count"": 2, ""fixture_core"": true, ""fixture_source_2plus"": true, ""form"": true, ""form_sources_count"": 2, ""news"": false, ""odds"": true, ""odds_2plus_sources"": false, ""odds_sources_count"": 2, ""ready_for_model"": true, ""ready_for_publish"": false, ""weather"": false, ""xg"": true, ""xg_sources_count"": 2}, ""day_inventory_path"": "".data/day_inventory/2026-05-14.json"", ""day_inventory_refresh"": {""last_context_refresh_utc"": null, ""last_fixture_refresh_utc"": ""2026-05-13T21:01:36.652307+00:00"", ""last_odds_refresh_utc"": null}, ""day_inventory_source_ids"": {""day_inventory"": ""67915570"", ""odds_api_io"": ""67915570"", ""sstats"": ""1496244""}, ""latest_run_source"": ""day_inventory"", ""latest_run_source_event_id"": ""67915570"", ""provider_source_ids"": {""sstats"": ""1496244""}, ""sources_seen"": ""sstats"", ""sstats_has_context_hint"": true, ""sstats_status"": ""2""}",,,,,,,,,,,,,,,,,,,,,,,,,,,,,,,
soccer|olympic|tvaaker|2026-05-14,day_inventory,soccer|olympic|tvaaker|2026-05-14,soccer,Unknown,Tvååker,Olympic,2026-05-14T11:00:00+00:00,mid,"{""accumulated_from_latest_matches"": true, ""core_inventory"": true, ""coverage_repair_sources"": [""day_inventory""], ""day_inventory"": true, ""day_inventory_coverage"": {""context"": true, ""context_2plus_sources"": false, ""context_sources_count"": 2, ""fixture_core"": true, ""fixture_source_2plus"": false, ""form"": true, ""form_sources_count"": 2, ""news"": false, ""odds"": false, ""odds_2plus_sources"": false, ""ready_for_model"": false, ""ready_for_publish"": false, ""weather"": false, ""xg"": true, ""xg_sources_count"": 2}, ""day_inventory_path"": "".data/day_inventory/2026-05-14.json"", ""day_inventory_refresh"": {""last_context_refresh_utc"": null, ""last_fixture_refresh_utc"": ""2026-05-13T21:01:36.652455+00:00"", ""last_odds_refresh_utc"": null}, ""day_inventory_source_ids"": {""day_inventory"": ""soccer|olympic|tvaaker|2026-05-14"", ""sstats"": ""1504425""}, ""latest_run_source"": ""day_inventory"", ""latest_run_source_event_id"": ""soccer|olympic|tvaaker|2026-05-14"", ""provider_source_ids"": {""sstats"": ""1504425""}, ""sources_seen"": ""sstats"", ""sstats_has_context_hint"": true, ""sstats_status"": ""2""}",,,,,,,,,,,,,,,,,,,,,,,,,,,,,,,
soccer|kongahalla|vastra frolunda|2026-05-14,day_inventory,68377654,soccer,Unknown,Västra Frölunda,Kongahälla,2026-05-14T11:00:00+00:00,mid,"{""accumulated_from_latest_matches"": true, ""core_inventory"": true, ""coverage_repair_sources"": [""day_inventory""], ""day_inventory"": true, ""day_inventory_coverage"": {""context"": true, ""context_2plus_sources"": false, ""context_sources_count"": 2, ""fixture_core"": true, ""fixture_source_2plus"": true, ""form"": true, ""form_sources_count"": 2, ""news"": false, ""odds"": true, ""odds_2plus_sources"": false, ""odds_sources_count"": 1, ""ready_for_model"": true, ""ready_for_publish"": false, ""weather"": false, ""xg"": true, ""xg_sources_count"": 2}, ""day_inventory_path"": "".data/day_inventory/2026-05-14.json"", ""day_inventory_refresh"": {""last_context_refresh_utc"": null, ""last_fixture_refresh_utc"": ""2026-05-13T21:01:36.652629+00:00"", ""last_odds_refresh_utc"": null}, ""day_inventory_source_ids"": {""day_inventory"": ""68377654"", ""odds_api_io"": ""68377654"", ""sstats"": ""1511301""}, ""latest_run_source"": ""day_inventory"", ""latest_run_source_event_id"": ""68377654"", ""provider_source_ids"": {""sstats"": ""1511301""}, ""sources_seen"": ""sstats"", ""sstats_has_context_hint"": true, ""sstats_status"": ""2""}",,,,,,,,,,,,,,,,,,,,,,,,,,,,,,,
soccer|kaspij aktau 2|yelimay semey 2|2026-05-14,day_inventory,69854636,soccer,Unknown,Yelimay Semey 2,Kaspij Aktau 2,2026-05-14T11:00:00+00:00,mid,"{""accumulated_from_latest_matches"": true, ""core_inventory"": true, ""coverage_repair_sources"": [""day_inventory""], ""day_inventory"": true, ""day_inventory_coverage"": {""context"": true, ""context_2plus_sources"": false, ""context_sources_count"": 2, ""fixture_core"": true, ""fixture_source_2plus"": true, ""form"": true, ""form_sources_count"": 2, ""news"": false, ""odds"": true, ""odds_2plus_sources"": false, ""odds_sources_count"": 1, ""ready_for_model"": true, ""ready_for_publish"": false, ""weather"": false, ""xg"": true, ""xg_sources_count"": 2}, ""day_inventory_path"": "".data/day_inventory/2026-05-14.json"", ""day_inventory_refresh"": {""last_context_refresh_utc"": null, ""last_fixture_refresh_utc"": ""2026-05-13T21:01:36.652811+00:00"", ""last_odds_refresh_utc"": null}, ""day_inventory_source_ids"": {""day_inventory"": ""69854636"", ""odds_api_io"": ""69854636"", ""sstats"": ""1534743""}, ""latest_run_source"": ""day_inventory"", ""latest_run_source_event_id"": ""69854636"", ""provider_source_ids"": {""sstats"": ""1534743""}, ""sources_seen"": ""sstats"", ""sstats_has_context_hint"": true, ""sstats_status"": ""2""}",,,,,,,,,,,,,,,,,,,,,,,,,,,,,,,
soccer|china|korea dpr|2026-05-14,day_inventory,70035758,soccer,"International Youth - U17 AFC Asian Cup, Women",China,Korea DPR,2026-05-14T11:30:00+00:00,mid,"{""accumulated_from_latest_matches"": true, ""coverage_repair_sources"": [""day_inventory""], ""day_inventory"": true, ""day_inventory_coverage"": {""context"": false, ""context_2plus_sources"": false, ""fixture_core"": true, ""form"": false, ""news"": false, ""odds"": true, ""odds_2plus_sources"": false, ""odds_sources_count"": 1, ""ready_for_model"": false, ""ready_for_publish"": false, ""weather"": false, ""xg"": false}, ""day_inventory_path"": "".data/day_inventory/2026-05-14.json"", ""day_inventory_refresh"": {""last_context_refresh_utc"": null, ""last_fixture_refresh_utc"": ""2026-05-13T23:01:56.134530+00:00"", ""last_odds_refresh_utc"": null}, ""day_inventory_source_ids"": {""day_inventory"": ""70035758"", ""odds_api_io"": ""70035758""}, ""latest_run_source"": ""day_inventory"", ""latest_run_source_event_id"": ""70035758""}",,,,,,,,,,,,,,,,,,,,,,,,,,,,,,,
soccer|finnsnes il|skjetten|2026-05-14,odds_api_io,67920580,soccer,Norway - 3rd Division Group 5,Finnsnes IL,Skjetten,2026-05-14T11:30:00+00:00,mid,"{""competition"": ""Norway - 3rd Division Group 5"", ""odds_api_io_id"": 67920580, ""raw_event"": {""away"": ""Skjetten"", ""awayId"": 7544, ""date"": ""2026-05-14T11:30:00Z"", ""home"": ""Finnsnes IL"", ""homeId"": 718, ""id"": 67920580, ""league"": {""name"": ""Norway - 3rd Division Group 5"", ""slug"": ""norway-3rd-division-group-5""}, ""scores"": {""away"": 0, ""home"": 0}, ""sport"": {""name"": ""Football"", ""slug"": ""football""}, ""status"": ""pending""}}",,,,,,,,,,,,,,,,,,,,,,,,,,,,,,,
soccer|if brommapojkarna|ik sirius|2026-05-14,day_inventory,68309482,soccer,Sweden Amateur - U19 Allsvenskan,IF Brommapojkarna,IK Sirius,2026-05-14T11:30:00+00:00,mid,"{""accumulated_from_latest_matches"": true, ""coverage_repair_sources"": [""day_inventory""], ""day_inventory"": true, ""day_inventory_coverage"": {""context"": false, ""context_2plus_sources"": false, ""fixture_core"": true, ""form"": false, ""news"": false, ""odds"": true, ""odds_2plus_sources"": false, ""odds_sources_count"": 1, ""ready_for_model"": false, ""ready_for_publish"": false, ""weather"": false, ""xg"": false}, ""day_inventory_path"": "".data/day_inventory/2026-05-14.json"", ""day_inventory_refresh"": {""last_context_refresh_utc"": null, ""last_fixture_refresh_utc"": ""2026-05-13T23:01:56.134570+00:00"", ""last_odds_refresh_utc"": null}, ""day_inventory_source_ids"": {""day_inventory"": ""68309482"", ""odds_api_io"": ""68309482""}, ""latest_run_source"": ""day_inventory"", ""latest_run_source_event_id"": ""68309482""}",,,,,,,,,,,,,,,,,,,,,,,,,,,,,,,
soccer|china pr w|north korea w|2026-05-14,day_inventory,soccer|china pr w|north korea w|2026-05-14,soccer,Unknown,China PR U17 W,North Korea U17 W,2026-05-14T11:30:00+00:00,mid,"{""accumulated_from_latest_matches"": true, ""core_inventory"": true, ""coverage_repair_sources"": [""day_inventory""], ""day_inventory"": true, ""day_inventory_coverage"": {""context"": true, ""context_2plus_sources"": false, ""context_sources_count"": 2, ""fixture_core"": true, ""fixture_source_2plus"": false, ""form"": true, ""form_sources_count"": 2, ""news"": false, ""odds"": false, ""odds_2plus_sources"": false, ""ready_for_model"": false, ""ready_for_publish"": false, ""weather"": false, ""xg"": true, ""xg_sources_count"": 2}, ""day_inventory_path"": "".data/day_inventory/2026-05-14.json"", ""day_inventory_refresh"": {""last_context_refresh_utc"": null, ""last_fixture_refresh_utc"": ""2026-05-13T21:01:36.652998+00:00"", ""last_odds_refresh_utc"": null}, ""day_inventory_source_ids"": {""day_inventory"": ""soccer|china pr w|north korea w|2026-05-14"", ""sstats"": ""1544862""}, ""latest_run_source"": ""day_inventory"", ""latest_run_source_event_id"": ""soccer|china pr w|north korea w|2026-05-14"", ""provider_source_ids"": {""sstats"": ""1544862""}, ""sources_seen"": ""sstats"", ""sstats_has_context_hint"": true, ""sstats_status"": ""2""}",,,,,,,,,,,,,,,,,,,,,,,,,,,,,,,
soccer|finnsnes|skjetten|2026-05-14,day_inventory,67920580,soccer,Unknown,Finnsnes,Skjetten,2026-05-14T11:30:00+00:00,mid,"{""accumulated_from_latest_matches"": true, ""core_inventory"": true, ""coverage_repair_sources"": [""day_inventory""], ""day_inventory"": true, ""day_inventory_coverage"": {""context"": true, ""context_2plus_sources"": false, ""fixture_core"": true, ""fixture_source_2plus"": true, ""form"": true, ""news"": false, ""odds"": true, ""odds_2plus_sources"": false, ""odds_sources_count"": 1, ""ready_for_model"": true, ""ready_for_publish"": false, ""weather"": false, ""xg"": false}, ""day_inventory_path"": "".data/day_inventory/2026-05-14.json"", ""day_inventory_refresh"": {""last_context_refresh_utc"": null, ""last_fixture_refresh_utc"": ""2026-05-13T21:01:36.653149+00:00"", ""last_odds_refresh_utc"": null}, ""day_inventory_source_ids"": {""day_inventory"": ""67920580"", ""odds_api_io"": ""67920580"", ""sstats"": ""1497150""}, ""latest_run_source"": ""day_inventory"", ""latest_run_source_event_id"": ""67920580"", ""provider_source_ids"": {""sstats"": ""1497150""}, ""sources_seen"": ""sstats"", ""sstats_has_context_hint"": true, ""sstats_status"": ""2""}",,,,,,,,,,,,,,,,,,,,,,,,,,,,,,,
soccer|asa aarhus|sfb oure fa|2026-05-14,odds_api_io,70663760,soccer,Denmark Amateur - Danmarksserien,ASA Aarhus,SfB-Oure FA,2026-05-14T12:00:00+00:00,mid,"{""competition"": ""Denmark Amateur - Danmarksserien"", ""odds_api_io_id"": 70663760, ""raw_event"": {""away"": ""SfB-Oure FA"", ""awayId"": 106275, ""date"": ""2026-05-14T12:00:00Z"", ""home"": ""ASA Aarhus"", ""homeId"": 740743, ""id"": 70663760, ""league"": {""name"": ""Denmark Amateur - Danmarksserien"", ""slug"": ""denmark-amateur-danmarksserien""}, ""scores"": {""away"": 0, ""home"": 0}, ""sport"": {""name"": ""Football"", ""slug"": ""football""}, ""status"": ""pending""}}",,,,,,,,,,,,,,,,,,,,,,,,,,,,,,,
soccer|ethiopian coffee|shire endaselassie|2026-05-14,odds_api_io,70926664,soccer,Ethiopia - Premier League,Shire Endaselassie FC,Ethiopian Coffee SC,2026-05-14T12:00:00+00:00,mid,"{""competition"": ""Ethiopia - Premier League"", ""odds_api_io_id"": 70926664, ""raw_event"": {""away"": ""Ethiopian Coffee SC"", ""awayId"": 255653, ""date"": ""2026-05-14T12:00:00Z"", ""home"": ""Shire Endaselassie FC"", ""homeId"": 524392, ""id"": 70926664, ""league"": {""name"": ""Ethiopia - Premier League"", ""slug"": ""ethiopia-premier-league""}, ""scores"": {""away"": 0, ""home"": 0}, ""sport"": {""name"": ""Football"", ""slug"": ""football""}, ""status"": ""pending""}}",,,,,,,,,,,,,,,,,,,,,,,,,,,,,,,
soccer|honka|hps 2|2026-05-14,day_inventory,71343346,soccer,"Finland - Suomen Cup, Women",HPS II,FC Honka,2026-05-14T12:00:00+00:00,mid,"{""accumulated_from_latest_matches"": true, ""coverage_repair_sources"": [""day_inventory""], ""day_inventory"": true, ""day_inventory_coverage"": {""context"": false, ""context_2plus_sources"": false, ""fixture_core"": true, ""form"": false, ""news"": false, ""odds"": true, ""odds_2plus_sources"": false, ""odds_sources_count"": 1, ""ready_for_model"": false, ""ready_for_publish"": false, ""weather"": false, ""xg"": false}, ""day_inventory_path"": "".data/day_inventory/2026-05-14.json"", ""day_inventory_refresh"": {""last_context_refresh_utc"": null, ""last_fixture_refresh_utc"": ""2026-05-13T23:01:56.134756+00:00"", ""last_odds_refresh_utc"": null}, ""day_inventory_source_ids"": {""day_inventory"": ""71343346"", ""odds_api_io"": ""71343346""}, ""latest_run_source"": ""day_inventory"", ""latest_run_source_event_id"": ""71343346""}",,,,,,,,,,,,,,,,,,,,,,,,,,,,,,,
soccer|ellidi|vaengir jupiters|2026-05-14,odds_api_io,70844428,soccer,Iceland - 4. deild,Ellidi,Vaengir Jupiters,2026-05-14T12:00:00+00:00,mid,"{""competition"": ""Iceland - 4. deild"", ""odds_api_io_id"": 70844428, ""raw_event"": {""away"": ""Vaengir Jupiters"", ""awayId"": 152564, ""date"": ""2026-05-14T12:00:00Z"", ""home"": ""Ellidi"", ""homeId"": 152574, ""id"": 70844428, ""league"": {""name"": ""Iceland - 4. deild"", ""slug"": ""iceland-4-deild""}, ""scores"": {""away"": 0, ""home"": 0}, ""sport"": {""name"": ""Football"", ""slug"": ""football""}, ""status"": ""pending""}}",,,,,,,,,,,,,,,,,,,,,,,,,,,,,,,
soccer|byaasen|nardo|2026-05-14,odds_api_io,67919604,soccer,Norway - 3rd Division Group 2,Nardo FK,Byaasen,2026-05-14T12:00:00+00:00,mid,"{""competition"": ""Norway - 3rd Division Group 2"", ""odds_api_io_id"": 67919604, ""raw_event"": {""away"": ""Byaasen"", ""awayId"": 675, ""date"": ""2026-05-14T12:00:00Z"", ""home"": ""Nardo FK"", ""homeId"": 799, ""id"": 67919604, ""league"": {""name"": ""Norway - 3rd Division Group 2"", ""slug"": ""norway-3rd-division-group-2""}, ""scores"": {""away"": 0, ""home"": 0}, ""sport"": {""name"": ""Football"", ""slug"": ""football""}, ""status"": ""pending""}}",,,,,,,,,,,,,,,,,,,,,,,,,,,,,,,
soccer|ntnui|orkla|2026-05-14,odds_api_io,67919608,soccer,Norway - 3rd Division Group 2,Ntnui,Orkla,2026-05-14T12:00:00+00:00,mid,"{""competition"": ""Norway - 3rd Division Group 2"", ""odds_api_io_id"": 67919608, ""raw_event"": {""away"": ""Orkla"", ""awayId"": 7455, ""date"": ""2026-05-14T12:00:00Z"", ""home"": ""Ntnui"", ""homeId"": 789, ""id"": 67919608, ""league"": {""name"": ""Norway - 3rd Division Group 2"", ""slug"": ""norway-3rd-division-group-2""}, ""scores"": {""away"": 0, ""home"": 0}, ""sport"": {""name"": ""Football"", ""slug"": ""football""}, ""status"": ""pending""}}",,,,,,,,,,,,,,,,,,,,,,,,,,,,,,,
soccer|haugesund 2|hinna|2026-05-14,odds_api_io,67920352,soccer,Norway - 3rd Division Group 4,Hinna,FK Haugesund 2,2026-05-14T12:00:00+00:00,mid,"{""competition"": ""Norway - 3rd Division Group 4"", ""odds_api_io_id"": 67920352, ""raw_event"": {""away"": ""FK Haugesund 2"", ""awayId"": 7345, ""date"": ""2026-05-14T12:00:00Z"", ""home"": ""Hinna"", ""homeId"": 35613, ""id"": 67920352, ""league"": {""name"": ""Norway - 3rd Division Group 4"", ""slug"": ""norway-3rd-division-group-4""}, ""scores"": {""away"": 0, ""home"": 0}, ""sport"": {""name"": ""Football"", ""slug"": ""football""}, ""status"": ""pending""}}",,,,,,,,,,,,,,,,,,,,,,,,,,,,,,,
soccer|madla|odds 2|2026-05-14,odds_api_io,67920358,soccer,Norway - 3rd Division Group 4,Odds BK 2,Madla,2026-05-14T12:00:00+00:00,mid,"{""competition"": ""Norway - 3rd Division Group 4"", ""odds_api_io_id"": 67920358, ""raw_event"": {""away"": ""Madla"", ""awayId"": 1022, ""date"": ""2026-05-14T12:00:00Z"", ""home"": ""Odds BK 2"", ""homeId"": 6092, ""id"": 67920358, ""league"": {""name"": ""Norway - 3rd Division Group 4"", ""slug"": ""norway-3rd-division-group-4""}, ""scores"": {""away"": 0, ""home"": 0}, ""sport"": {""name"": ""Football"", ""slug"": ""football""}, ""status"": ""pending""}}",,,,,,,,,,,,,,,,,,,,,,,,,,,,,,,
soccer|staal joerpeland il|varhaug|2026-05-14,odds_api_io,67920354,soccer,Norway - 3rd Division Group 4,Staal Joerpeland IL,Varhaug,2026-05-14T12:00:00+00:00,mid,"{""competition"": ""Norway - 3rd Division Group 4"", ""odds_api_io_id"": 67920354, ""raw_event"": {""away"": ""Varhaug"", ""awayId"": 1069, ""date"": ""2026-05-14T12:00:00Z"", ""home"": ""Staal Joerpeland IL"", ""homeId"": 7485, ""id"": 67920354, ""league"": {""name"": ""Norway - 3rd Division Group 4"", ""slug"": ""norway-3rd-division-group-4""}, ""scores"": {""away"": 0, ""home"": 0}, ""sport"": {""name"": ""Football"", ""slug"": ""football""}, ""status"": ""pending""}}",,,,,,,,,,,,,,,,,,,,,,,,,,,,,,,
soccer|brodd|stabaek fotball 2|2026-05-14,odds_api_io,67920356,soccer,Norway - 3rd Division Group 4,Stabaek Fotball 2,Brodd,2026-05-14T12:00:00+00:00,mid,"{""competition"": ""Norway - 3rd Division Group 4"", ""odds_api_io_id"": 67920356, ""raw_event"": {""away"": ""Brodd"", ""awayId"": 22243, ""date"": ""2026-05-14T12:00:00Z"", ""home"": ""Stabaek Fotball 2"", ""homeId"": 869, ""id"": 67920356, ""league"": {""name"": ""Norway - 3rd Division Group 4"", ""slug"": ""norway-3rd-division-group-4""}, ""scores"": {""away"": 0, ""home"": 0}, ""sport"": {""name"": ""Football"", ""slug"": ""football""}, ""status"": ""pending""}}",,,,,,,,,,,,,,,,,,,,,,,,,,,,,,,
soccer|akra|viking 2|2026-05-14,odds_api_io,67920350,soccer,Norway - 3rd Division Group 4,Viking FK 2,Akra,2026-05-14T12:00:00+00:00,mid,"{""competition"": ""Norway - 3rd Division Group 4"", ""odds_api_io_id"": 67920350, ""raw_event"": {""away"": ""Akra"", ""awayId"": 805, ""date"": ""2026-05-14T12:00:00Z"", ""home"": ""Viking FK 2"", ""homeId"": 871, ""id"": 67920350, ""league"": {""name"": ""Norway - 3rd Division Group 4"", ""slug"": ""norway-3rd-division-group-4""}, ""scores"": {""away"": 0, ""home"": 0}, ""sport"": {""name"": ""Football"", ""slug"": ""football""}, ""status"": ""pending""}}",,,,,,,,,,,,,,,,,,,,,,,,,,,,,,,
soccer|fauske sprint|tromsoe 2|2026-05-14,odds_api_io,67920584,soccer,Norway - 3rd Division Group 5,Tromsoe 2,Fauske/Sprint,2026-05-14T12:00:00+00:00,mid,"{""competition"": ""Norway - 3rd Division Group 5"", ""odds_api_io_id"": 67920584, ""raw_event"": {""away"": ""Fauske/Sprint"", ""awayId"": 723, ""date"": ""2026-05-14T12:00:00Z"", ""home"": ""Tromsoe 2"", ""homeId"": 7065, ""id"": 67920584, ""league"": {""name"": ""Norway - 3rd Division Group 5"", ""slug"": ""norway-3rd-division-group-5""}, ""scores"": {""away"": 0, ""home"": 0}, ""sport"": {""name"": ""Football"", ""slug"": ""football""}, ""status"": ""pending""}}",,,,,,,,,,,,,,,,,,,,,,,,,,,,,,,
soccer|oppsal if|raade il|2026-05-14,odds_api_io,67921052,soccer,Norway - 3rd Division Group 6,Oppsal IF,Raade IL,2026-05-14T12:00:00+00:00,mid,"{""competition"": ""Norway - 3rd Division Group 6"", ""odds_api_io_id"": 67921052, ""raw_event"": {""away"": ""Raade IL"", ""awayId"": 874, ""date"": ""2026-05-14T12:00:00Z"", ""home"": ""Oppsal IF"", ""homeId"": 1043, ""id"": 67921052, ""league"": {""name"": ""Norway - 3rd Division Group 6"", ""slug"": ""norway-3rd-division-group-6""}, ""scores"": {""away"": 0, ""home"": 0}, ""sport"": {""name"": ""Football"", ""slug"": ""football""}, ""status"": ""pending""}}",,,,,,,,,,,,,,,,,,,,,,,,,,,,,,,
soccer|ifk karlshamn|oskarshamns aik|2026-05-14,odds_api_io,68344648,soccer,"Sweden - Division 2, Promotion Playoffs",IFK Karlshamn,Oskarshamns AIK,2026-05-14T12:00:00+00:00,mid,"{""competition"": ""Sweden - Division 2, Promotion Playoffs"", ""odds_api_io_id"": 68344648, ""raw_event"": {""away"": ""Oskarshamns AIK"", ""awayId"": 22320, ""date"": ""2026-05-14T12:00:00Z"", ""home"": ""IFK Karlshamn"", ""homeId"": 342164, ""id"": 68344648, ""league"": {""name"": ""Sweden - Division 2, Promotion Playoffs"", ""slug"": ""sweden-division-2-promotion-playoffs""}, ""scores"": {""away"": 0, ""home"": 0}, ""sport"": {""name"": ""Football"", ""slug"": ""football""}, ""status"": ""pending""}}",,,,,,,,,,,,,,,,,,,,,,,,,,,,,,,
soccer|ifk kumla|skara|2026-05-14,odds_api_io,68320170,soccer,"Sweden - Division 2, Promotion Playoffs",IFK Kumla,Skara FC,2026-05-14T12:00:00+00:00,mid,"{""competition"": ""Sweden - Division 2, Promotion Playoffs"", ""odds_api_io_id"": 68320170, ""raw_event"": {""away"": ""Skara FC"", ""awayId"": 22341, ""date"": ""2026-05-14T12:00:00Z"", ""home"": ""IFK Kumla"", ""homeId"": 22287, ""id"": 68320170, ""league"": {""name"": ""Sweden - Division 2, Promotion Playoffs"", ""slug"": ""sweden-division-2-promotion-playoffs""}, ""scores"": {""away"": 0, ""home"": 0}, ""sport"": {""name"": ""Football"", ""slug"": ""football""}, ""status"": ""pending""}}",,,,,,,,,,,,,,,,,,,,,,,,,,,,,,,
soccer|if boljan falkenberg|landvetter is|2026-05-14,odds_api_io,68377658,soccer,"Sweden - Division 2, Promotion Playoffs",Landvetter IS,IF Boljan Falkenberg,2026-05-14T12:00:00+00:00,mid,"{""competition"": ""Sweden - Division 2, Promotion Playoffs"", ""odds_api_io_id"": 68377658, ""raw_event"": {""away"": ""IF Boljan Falkenberg"", ""awayId"": 1225617, ""date"": ""2026-05-14T12:00:00Z"", ""home"": ""Landvetter IS"", ""homeId"": 342144, ""id"": 68377658, ""league"": {""name"": ""Sweden - Division 2, Promotion Playoffs"", ""slug"": ""sweden-division-2-promotion-playoffs""}, ""scores"": {""away"": 0, ""home"": 0}, ""sport"": {""name"": ""Football"", ""slug"": ""football""}, ""status"": ""pending""}}",,,,,,,,,,,,,,,,,,,,,,,,,,,,,,,
soccer|fransta ik|umea ff|2026-05-14,odds_api_io,69539870,soccer,"Sweden - Division 2, Promotion Playoffs",Umea FF,Fransta IK,2026-05-14T12:00:00+00:00,mid,"{""competition"": ""Sweden - Division 2, Promotion Playoffs"", ""odds_api_io_id"": 69539870, ""raw_event"": {""away"": ""Fransta IK"", ""awayId"": 1332282, ""date"": ""2026-05-14T12:00:00Z"", ""home"": ""Umea FF"", ""homeId"": 35649, ""id"": 69539870, ""league"": {""name"": ""Sweden - Division 2, Promotion Playoffs"", ""slug"": ""sweden-division-2-promotion-playoffs""}, ""scores"": {""away"": 0, ""home"": 0}, ""sport"": {""name"": ""Football"", ""slug"": ""football""}, ""status"": ""pending""}}",,,,,,,,,,,,,,,,,,,,,,,,,,,,,,,
soccer|if karlstad fotbollutveckling|vanersborgs|2026-05-14,odds_api_io,68320172,soccer,"Sweden - Division 2, Promotion Playoffs",Vanersborgs FK,IF Karlstad Fotbollutveckling,2026-05-14T12:00:00+00:00,mid,"{""competition"": ""Sweden - Division 2, Promotion Playoffs"", ""odds_api_io_id"": 68320172, ""raw_event"": {""away"": ""IF Karlstad Fotbollutveckling"", ""awayId"": 802592, ""date"": ""2026-05-14T12:00:00Z"", ""home"": ""Vanersborgs FK"", ""homeId"": 157254, ""id"": 68320172, ""league"": {""name"": ""Sweden - Division 2, Promotion Playoffs"", ""slug"": ""sweden-division-2-promotion-playoffs""}, ""scores"": {""away"": 0, ""home"": 0}, ""sport"": {""name"": ""Football"", ""slug"": ""football""}, ""status"": ""pending""}}",,,,,,,,,,,,,,,,,,,,,,,,,,,,,,,
soccer|linero if|vaxjo norra|2026-05-14,odds_api_io,68344650,soccer,"Sweden - Division 2, Promotion Playoffs",Vaxjo Norra,Linero IF,2026-05-14T12:00:00+00:00,mid,"{""competition"": ""Sweden - Division 2, Promotion Playoffs"", ""odds_api_io_id"": 68344650, ""raw_event"": {""away"": ""Linero IF"", ""awayId"": 688525, ""date"": ""2026-05-14T12:00:00Z"", ""home"": ""Vaxjo Norra"", ""homeId"": 1877, ""id"": 68344650, ""league"": {""name"": ""Sweden - Division 2, Promotion Playoffs"", ""slug"": ""sweden-division-2-promotion-playoffs""}, ""scores"": {""away"": 0, ""home"": 0}, ""sport"": {""name"": ""Football"", ""slug"": ""football""}, ""status"": ""pending""}}",,,,,,,,,,,,,,,,,,,,,,,,,,,,,,,
soccer|helsingborgs if|kalmar ff|2026-05-14,day_inventory,68309480,soccer,Sweden Amateur - U19 Allsvenskan,Helsingborgs IF,Kalmar FF,2026-05-14T12:00:00+00:00,mid,"{""accumulated_from_latest_matches"": true, ""coverage_repair_sources"": [""day_inventory""], ""day_inventory"": true, ""day_inventory_coverage"": {""context"": false, ""context_2plus_sources"": false, ""fixture_core"": true, ""form"": false, ""news"": false, ""odds"": true, ""odds_2plus_sources"": false, ""odds_sources_count"": 1, ""ready_for_model"": false, ""ready_for_publish"": false, ""weather"": false, ""xg"": false}, ""day_inventory_path"": "".data/day_inventory/2026-05-14.json"", ""day_inventory_refresh"": {""last_context_refresh_utc"": null, ""last_fixture_refresh_utc"": ""2026-05-13T23:01:56.135007+00:00"", ""last_odds_refresh_utc"": null}, ""day_inventory_source_ids"": {""day_inventory"": ""68309480"", ""odds_api_io"": ""68309480""}, ""latest_run_source"": ""day_inventory"", ""latest_run_source_event_id"": ""68309480""}",,,,,,,,,,,,,,,,,,,,,,,,,,,,,,,
soccer|halmstads|orebro sk|2026-05-14,day_inventory,68309488,soccer,Sweden Amateur - U19 Allsvenskan,Orebro SK,Halmstads BK,2026-05-14T12:00:00+00:00,mid,"{""accumulated_from_latest_matches"": true, ""coverage_repair_sources"": [""day_inventory""], ""day_inventory"": true, ""day_inventory_coverage"": {""context"": false, ""context_2plus_sources"": false, ""fixture_core"": true, ""form"": false, ""news"": false, ""odds"": true, ""odds_2plus_sources"": false, ""odds_sources_count"": 1, ""ready_for_model"": false, ""ready_for_publish"": false, ""weather"": false, ""xg"": false}, ""day_inventory_path"": "".data/day_inventory/2026-05-14.json"", ""day_inventory_refresh"": {""last_context_refresh_utc"": null, ""last_fixture_refresh_utc"": ""2026-05-13T23:01:56.135027+00:00"", ""last_odds_refresh_utc"": null}, ""day_inventory_source_ids"": {""day_inventory"": ""68309488"", ""odds_api_io"": ""68309488""}, ""latest_run_source"": ""day_inventory"", ""latest_run_source_event_id"": ""68309488""}",,,,,,,,,,,,,,,,,,,,,,,,,,,,,,,
soccer|betlemi|saburtalo 2|2026-05-14,day_inventory,soccer|betlemi|saburtalo 2|2026-05-14,soccer,Unknown,Betlemi,Saburtalo II,2026-05-14T12:00:00+00:00,mid,"{""accumulated_from_latest_matches"": true, ""core_inventory"": true, ""coverage_repair_sources"": [""day_inventory""], ""day_inventory"": true, ""day_inventory_coverage"": {""context"": true, ""context_2plus_sources"": false, ""fixture_core"": true, ""fixture_source_2plus"": false, ""form"": true, ""news"": false, ""odds"": false, ""odds_2plus_sources"": false, ""ready_for_model"": false, ""ready_for_publish"": false, ""weather"": false, ""xg"": false}, ""day_inventory_path"": "".data/day_inventory/2026-05-14.json"", ""day_inventory_refresh"": {""last_context_refresh_utc"": null, ""last_fixture_refresh_utc"": ""2026-05-13T21:01:36.653323+00:00"", ""last_odds_refresh_utc"": null}, ""day_inventory_source_ids"": {""day_inventory"": ""soccer|betlemi|saburtalo 2|2026-05-14"", ""sstats"": ""1507354""}, ""latest_run_source"": ""day_inventory"", ""latest_run_source_event_id"": ""soccer|betlemi|saburtalo 2|2026-05-14"", ""provider_source_ids"": {""sstats"": ""1507354""}, ""sources_seen"": ""sstats"", ""sstats_has_context_hint"": true, ""sstats_status"": ""2""}",,,,,,,,,,,,,,,,,,,,,,,,,,,,,,,
soccer|didube 2014|dinamo tbilisi 2|2026-05-14,day_inventory,soccer|didube 2014|dinamo tbilisi 2|2026-05-14,soccer,Unknown,Didube 2014,Dinamo Tbilisi II,2026-05-14T12:00:00+00:00,mid,"{""accumulated_from_latest_matches"": true, ""core_inventory"": true, ""coverage_repair_sources"": [""day_inventory""], ""day_inventory"": true, ""day_inventory_coverage"": {""context"": true, ""context_2plus_sources"": false, ""fixture_core"": true, ""fixture_source_2plus"": false, ""form"": true, ""news"": false, ""odds"": false, ""odds_2plus_sources"": false, ""ready_for_model"": false, ""ready_for_publish"": false, ""weather"": false, ""xg"": false}, ""day_inventory_path"": "".data/day_inventory/2026-05-14.json"", ""day_inventory_refresh"": {""last_context_refresh_utc"": null, ""last_fixture_refresh_utc"": ""2026-05-13T21:01:36.653502+00:00"", ""last_odds_refresh_utc"": null}, ""day_inventory_source_ids"": {""day_inventory"": ""soccer|didube 2014|dinamo tbilisi 2|2026-05-14"", ""sstats"": ""1507355""}, ""latest_run_source"": ""day_inventory"", ""latest_run_source_event_id"": ""soccer|didube 2014|dinamo tbilisi 2|2026-05-14"", ""provider_source_ids"": {""sstats"": ""1507355""}, ""sources_seen"": ""sstats"", ""sstats_has_context_hint"": true, ""sstats_status"": ""2""}",,,,,,,,,,,,,,,,,,,,,,,,,,,,,,,
soccer|gardabani|lokomotivi tbilisi|2026-05-14,day_inventory,soccer|gardabani|lokomotivi tbilisi|2026-05-14,soccer,Unknown,Gardabani,Lokomotivi Tbilisi,2026-05-14T12:00:00+00:00,mid,"{""accumulated_from_latest_matches"": true, ""core_inventory"": true, ""coverage_repair_sources"": [""day_inventory""], ""day_inventory"": true, ""day_inventory_coverage"": {""context"": true, ""context_2plus_sources"": false, ""fixture_core"": true, ""fixture_source_2plus"": false, ""form"": true, ""news"": false, ""odds"": false, ""odds_2plus_sources"": false, ""ready_for_model"": false, ""ready_for_publish"": false, ""weather"": false, ""xg"": false}, ""day_inventory_path"": "".data/day_inventory/2026-05-14.json"", ""day_inventory_refresh"": {""last_context_refresh_utc"": null, ""last_fixture_refresh_utc"": ""2026-05-13T21:01:36.653672+00:00"", ""last_odds_refresh_utc"": null}, ""day_inventory_source_ids"": {""day_inventory"": ""soccer|gardabani|lokomotivi tbilisi|2026-05-14"", ""sstats"": ""1507356""}, ""latest_run_source"": ""day_inventory"", ""latest_run_source_event_id"": ""soccer|gardabani|lokomotivi tbilisi|2026-05-14"", ""provider_source_ids"": {""sstats"": ""1507356""}, ""sources_seen"": ""sstats"", ""sstats_has_context_hint"": true, ""sstats_status"": ""2""}",,,,,,,,,,,,,,,,,,,,,,,,,,,,,,,
soccer|gottne|ifk ostersund|2026-05-14,day_inventory,soccer|gottne|ifk ostersund|2026-05-14,soccer,Unknown,Gottne,IFK Östersund,2026-05-14T12:00:00+00:00,mid,"{""accumulated_from_latest_matches"": true, ""core_inventory"": true, ""coverage_repair_sources"": [""day_inventory""], ""day_inventory"": true, ""day_inventory_coverage"": {""context"": true, ""context_2plus_sources"": false, ""fixture_core"": true, ""fixture_source_2plus"": false, ""form"": true, ""news"": false, ""odds"": false, ""odds_2plus_sources"": false, ""ready_for_model"": false, ""ready_for_publish"": false, ""weather"": false, ""xg"": false}, ""day_inventory_path"": "".data/day_inventory/2026-05-14.json"", ""day_inventory_refresh"": {""last_context_refresh_utc"": null, ""last_fixture_refresh_utc"": ""2026-05-13T21:01:36.653831+00:00"", ""last_odds_refresh_utc"": null}, ""day_inventory_source_ids"": {""day_inventory"": ""soccer|gottne|ifk ostersund|2026-05-14"", ""sstats"": ""1515721""}, ""latest_run_source"": ""day_inventory"", ""latest_run_source_event_id"": ""soccer|gottne|ifk ostersund|2026-05-14"", ""provider_source_ids"": {""sstats"": ""1515721""}, ""sources_seen"": ""sstats"", ""sstats_has_context_hint"": true, ""sstats_status"": ""2""}",,,,,,,,,,,,,,,,,,,,,,,,,,,,,,,
soccer|irao|varketili|2026-05-14,day_inventory,soccer|irao|varketili|2026-05-14,soccer,Unknown,Irao,Varketili,2026-05-14T12:00:00+00:00,mid,"{""accumulated_from_latest_matches"": true, ""core_inventory"": true, ""coverage_repair_sources"": [""day_inventory""], ""day_inventory"": true, ""day_inventory_coverage"": {""context"": true, ""context_2plus_sources"": false, ""fixture_core"": true, ""fixture_source_2plus"": false, ""form"": true, ""news"": false, ""odds"": false, ""odds_2plus_sources"": false, ""ready_for_model"": false, ""ready_for_publish"": false, ""weather"": false, ""xg"": false}, ""day_inventory_path"": "".data/day_inventory/2026-05-14.json"", ""day_inventory_refresh"": {""last_context_refresh_utc"": null, ""last_fixture_refresh_utc"": ""2026-05-13T21:01:36.654137+00:00"", ""last_odds_refresh_utc"": null}, ""day_inventory_source_ids"": {""day_inventory"": ""soccer|irao|varketili|2026-05-14"", ""sstats"": ""1507360""}, ""latest_run_source"": ""day_inventory"", ""latest_run_source_event_id"": ""soccer|irao|varketili|2026-05-14"", ""provider_source_ids"": {""sstats"": ""1507360""}, ""sources_seen"": ""sstats"", ""sstats_has_context_hint"": true, ""sstats_status"": ""2""}",,,,,,,,,,,,,,,,,,,,,,,,,,,,,,,
soccer|karlshamn|oskarshamns aik|2026-05-14,day_inventory,68344648,soccer,Unknown,Karlshamn,Oskarshamns AIK,2026-05-14T12:00:00+00:00,mid,"{""accumulated_from_latest_matches"": true, ""core_inventory"": true, ""coverage_repair_sources"": [""day_inventory""], ""day_inventory"": true, ""day_inventory_coverage"": {""context"": true, ""context_2plus_sources"": false, ""fixture_core"": true, ""fixture_source_2plus"": true, ""form"": true, ""news"": false, ""odds"": true, ""odds_2plus_sources"": false, ""odds_sources_count"": 1, ""ready_for_model"": true, ""ready_for_publish"": false, ""weather"": false, ""xg"": false}, ""day_inventory_path"": "".data/day_inventory/2026-05-14.json"", ""day_inventory_refresh"": {""last_context_refresh_utc"": null, ""last_fixture_refresh_utc"": ""2026-05-13T21:01:36.654320+00:00"", ""last_odds_refresh_utc"": null}, ""day_inventory_source_ids"": {""day_inventory"": ""68344648"", ""odds_api_io"": ""68344648"", ""sstats"": ""1510932""}, ""latest_run_source"": ""day_inventory"", ""latest_run_source_event_id"": ""68344648"", ""provider_source_ids"": {""sstats"": ""1510932""}, ""sources_seen"": ""sstats"", ""sstats_has_context_hint"": true, ""sstats_status"": ""2""}",,,,,,,,,,,,,,,,,,,,,,,,,,,,,,,
soccer|iberia 2010|kolkheti khobi|2026-05-14,day_inventory,soccer|iberia 2010|kolkheti khobi|2026-05-14,soccer,Unknown,Kolkheti Khobi,Iberia 2010,2026-05-14T12:00:00+00:00,mid,"{""accumulated_from_latest_matches"": true, ""core_inventory"": true, ""coverage_repair_sources"": [""day_inventory""], ""day_inventory"": true, ""day_inventory_coverage"": {""context"": true, ""context_2plus_sources"": false, ""fixture_core"": true, ""fixture_source_2plus"": false, ""form"": true, ""news"": false, ""odds"": false, ""odds_2plus_sources"": false, ""ready_for_model"": false, ""ready_for_publish"": false, ""weather"": false, ""xg"": false}, ""day_inventory_path"": "".data/day_inventory/2026-05-14.json"", ""day_inventory_refresh"": {""last_context_refresh_utc"": null, ""last_fixture_refresh_utc"": ""2026-05-13T21:01:36.654496+00:00"", ""last_odds_refresh_utc"": null}, ""day_inventory_source_ids"": {""day_inventory"": ""soccer|iberia 2010|kolkheti khobi|2026-05-14"", ""sstats"": ""1507357""}, ""latest_run_source"": ""day_inventory"", ""latest_run_source_event_id"": ""soccer|iberia 2010|kolkheti khobi|2026-05-14"", ""provider_source_ids"": {""sstats"": ""1507357""}, ""sources_seen"": ""sstats"", ""sstats_has_context_hint"": true, ""sstats_status"": ""2""}",,,,,,,,,,,,,,,,,,,,,,,,,,,,,,,
soccer|kumla|skara|2026-05-14,day_inventory,68320170,soccer,Unknown,Kumla,Skara,2026-05-14T12:00:00+00:00,mid,"{""accumulated_from_latest_matches"": true, ""core_inventory"": true, ""coverage_repair_sources"": [""day_inventory""], ""day_inventory"": true, ""day_inventory_coverage"": {""context"": true, ""context_2plus_sources"": false, ""fixture_core"": true, ""fixture_source_2plus"": true, ""form"": true, ""news"": false, ""odds"": true, ""odds_2plus_sources"": false, ""odds_sources_count"": 1, ""ready_for_model"": true, ""ready_for_publish"": false, ""weather"": false, ""xg"": false}, ""day_inventory_path"": "".data/day_inventory/2026-05-14.json"", ""day_inventory_refresh"": {""last_context_refresh_utc"": null, ""last_fixture_refresh_utc"": ""2026-05-13T21:01:36.654642+00:00"", ""last_odds_refresh_utc"": null}, ""day_inventory_source_ids"": {""day_inventory"": ""68320170"", ""odds_api_io"": ""68320170"", ""sstats"": ""1510576""}, ""latest_run_source"": ""day_inventory"", ""latest_run_source_event_id"": ""68320170"", ""provider_source_ids"": {""sstats"": ""1510576""}, ""sources_seen"": ""sstats"", ""sstats_has_context_hint"": true, ""sstats_status"": ""2""}",,,,,,,,,,,,,,,,,,,,,,,,,,,,,,,
soccer|boljan|landvetter is|2026-05-14,day_inventory,68377658,soccer,Unknown,Landvetter IS,Böljan,2026-05-14T12:00:00+00:00,mid,"{""accumulated_from_latest_matches"": true, ""core_inventory"": true, ""coverage_repair_sources"": [""day_inventory""], ""day_inventory"": true, ""day_inventory_coverage"": {""context"": true, ""context_2plus_sources"": false, ""fixture_core"": true, ""fixture_source_2plus"": true, ""form"": true, ""news"": false, ""odds"": true, ""odds_2plus_sources"": false, ""odds_sources_count"": 1, ""ready_for_model"": true, ""ready_for_publish"": false, ""weather"": false, ""xg"": false}, ""day_inventory_path"": "".data/day_inventory/2026-05-14.json"", ""day_inventory_refresh"": {""last_context_refresh_utc"": null, ""last_fixture_refresh_utc"": ""2026-05-13T21:01:36.654805+00:00"", ""last_odds_refresh_utc"": null}, ""day_inventory_source_ids"": {""day_inventory"": ""68377658"", ""odds_api_io"": ""68377658"", ""sstats"": ""1511306""}, ""latest_run_source"": ""day_inventory"", ""latest_run_source_event_id"": ""68377658"", ""provider_source_ids"": {""sstats"": ""1511306""}, ""sources_seen"": ""sstats"", ""sstats_has_context_hint"": true, ""sstats_status"": ""2""}",,,,,,,,,,,,,,,,,,,,,,,,,,,,,,,
soccer|iveria khashuri|margveti 2006|2026-05-14,day_inventory,soccer|iveria khashuri|margveti 2006|2026-05-14,soccer,Unknown,Margveti 2006,Iveria Khashuri,2026-05-14T12:00:00+00:00,mid,"{""accumulated_from_latest_matches"": true, ""core_inventory"": true, ""coverage_repair_sources"": [""day_inventory""], ""day_inventory"": true, ""day_inventory_coverage"": {""context"": true, ""context_2plus_sources"": false, ""fixture_core"": true, ""fixture_source_2plus"": false, ""form"": true, ""news"": false, ""odds"": false, ""odds_2plus_sources"": false, ""ready_for_model"": false, ""ready_for_publish"": false, ""weather"": false, ""xg"": false}, ""day_inventory_path"": "".data/day_inventory/2026-05-14.json"", ""day_inventory_refresh"": {""last_context_refresh_utc"": null, ""last_fixture_refresh_utc"": ""2026-05-13T21:01:36.654982+00:00"", ""last_odds_refresh_utc"": null}, ""day_inventory_source_ids"": {""day_inventory"": ""soccer|iveria khashuri|margveti 2006|2026-05-14"", ""sstats"": ""1507358""}, ""latest_run_source"": ""day_inventory"", ""latest_run_source_event_id"": ""soccer|iveria khashuri|margveti 2006|2026-05-14"", ""provider_source_ids"": {""sstats"": ""1507358""}, ""sources_seen"": ""sstats"", ""sstats_has_context_hint"": true, ""sstats_status"": ""2""}",,,,,,,,,,,,,,,,,,,,,,,,,,,,,,,
soccer|gonio|merani tbilisi|2026-05-14,day_inventory,soccer|gonio|merani tbilisi|2026-05-14,soccer,Unknown,Merani Tbilisi,Gonio,2026-05-14T12:00:00+00:00,mid,"{""accumulated_from_latest_matches"": true, ""core_inventory"": true, ""coverage_repair_sources"": [""day_inventory""], ""day_inventory"": true, ""day_inventory_coverage"": {""context"": true, ""context_2plus_sources"": false, ""fixture_core"": true, ""fixture_source_2plus"": false, ""form"": true, ""news"": false, ""odds"": false, ""odds_2plus_sources"": false, ""ready_for_model"": false, ""ready_for_publish"": false, ""weather"": false, ""xg"": false}, ""day_inventory_path"": "".data/day_inventory/2026-05-14.json"", ""day_inventory_refresh"": {""last_context_refresh_utc"": null, ""last_fixture_refresh_utc"": ""2026-05-13T21:01:36.655142+00:00"", ""last_odds_refresh_utc"": null}, ""day_inventory_source_ids"": {""day_inventory"": ""soccer|gonio|merani tbilisi|2026-05-14"", ""sstats"": ""1507359""}, ""latest_run_source"": ""day_inventory"", ""latest_run_source_event_id"": ""soccer|gonio|merani tbilisi|2026-05-14"", ""provider_source_ids"": {""sstats"": ""1507359""}, ""sources_seen"": ""sstats"", ""sstats_has_context_hint"": true, ""sstats_status"": ""2""}",,,,,,,,,,,,,,,,,,,,,,,,,,,,,,,
soccer|byasen|nardo|2026-05-14,day_inventory,67919604,soccer,Unknown,Nardo,Byåsen,2026-05-14T12:00:00+00:00,mid,"{""accumulated_from_latest_matches"": true, ""core_inventory"": true, ""coverage_repair_sources"": [""day_inventory""], ""day_inventory"": true, ""day_inventory_coverage"": {""context"": true, ""context_2plus_sources"": false, ""fixture_core"": true, ""fixture_source_2plus"": true, ""form"": true, ""news"": false, ""odds"": true, ""odds_2plus_sources"": false, ""odds_sources_count"": 1, ""ready_for_model"": true, ""ready_for_publish"": false, ""weather"": false, ""xg"": false}, ""day_inventory_path"": "".data/day_inventory/2026-05-14.json"", ""day_inventory_refresh"": {""last_context_refresh_utc"": null, ""last_fixture_refresh_utc"": ""2026-05-13T21:01:36.655478+00:00"", ""last_odds_refresh_utc"": null}, ""day_inventory_source_ids"": {""day_inventory"": ""67919604"", ""odds_api_io"": ""67919604"", ""sstats"": ""1496605""}, ""latest_run_source"": ""day_inventory"", ""latest_run_source_event_id"": ""67919604"", ""provider_source_ids"": {""sstats"": ""1496605""}, ""sources_seen"": ""sstats"", ""sstats_has_context_hint"": true, ""sstats_status"": ""2""}",,,,,,,,,,,,,,,,,,,,,,,,,,,,,,,
soccer|madla|odd 2|2026-05-14,day_inventory,67920358,soccer,Unknown,Odd II,Madla,2026-05-14T12:00:00+00:00,mid,"{""accumulated_from_latest_matches"": true, ""core_inventory"": true, ""coverage_repair_sources"": [""day_inventory""], ""day_inventory"": true, ""day_inventory_coverage"": {""context"": true, ""context_2plus_sources"": false, ""fixture_core"": true, ""fixture_source_2plus"": true, ""form"": true, ""news"": false, ""odds"": true, ""odds_2plus_sources"": false, ""odds_sources_count"": 1, ""ready_for_model"": true, ""ready_for_publish"": false, ""weather"": false, ""xg"": false}, ""day_inventory_path"": "".data/day_inventory/2026-05-14.json"", ""day_inventory_refresh"": {""last_context_refresh_utc"": null, ""last_fixture_refresh_utc"": ""2026-05-13T21:01:36.655631+00:00"", ""last_odds_refresh_utc"": null}, ""day_inventory_source_ids"": {""day_inventory"": ""67920358"", ""odds_api_io"": ""67920358"", ""sstats"": ""1496969""}, ""latest_run_source"": ""day_inventory"", ""latest_run_source_event_id"": ""67920358"", ""provider_source_ids"": {""sstats"": ""1496969""}, ""sources_seen"": ""sstats"", ""sstats_has_context_hint"": true, ""sstats_status"": ""2""}",,,,,,,,,,,,,,,,,,,,,,,,,,,,,,,
soccer|oppsal|rade|2026-05-14,day_inventory,67921052,soccer,Unknown,Oppsal,Råde,2026-05-14T12:00:00+00:00,mid,"{""accumulated_from_latest_matches"": true, ""core_inventory"": true, ""coverage_repair_sources"": [""day_inventory""], ""day_inventory"": true, ""day_inventory_coverage"": {""context"": true, ""context_2plus_sources"": false, ""fixture_core"": true, ""fixture_source_2plus"": true, ""form"": true, ""news"": false, ""odds"": true, ""odds_2plus_sources"": false, ""odds_sources_count"": 1, ""ready_for_model"": true, ""ready_for_publish"": false, ""weather"": false, ""xg"": false}, ""day_inventory_path"": "".data/day_inventory/2026-05-14.json"", ""day_inventory_refresh"": {""last_context_refresh_utc"": null, ""last_fixture_refresh_utc"": ""2026-05-13T21:01:36.655776+00:00"", ""last_odds_refresh_utc"": null}, ""day_inventory_source_ids"": {""day_inventory"": ""67921052"", ""odds_api_io"": ""67921052"", ""sstats"": ""1497333""}, ""latest_run_source"": ""day_inventory"", ""latest_run_source_event_id"": ""67921052"", ""provider_source_ids"": {""sstats"": ""1497333""}, ""sources_seen"": ""sstats"", ""sstats_has_context_hint"": true, ""sstats_status"": ""2""}",,,,,,,,,,,,,,,,,,,,,,,,,,,,,,,
soccer|staal j rpeland|varhaug|2026-05-14,day_inventory,67920354,soccer,Unknown,Staal Jørpeland,Varhaug,2026-05-14T12:00:00+00:00,mid,"{""accumulated_from_latest_matches"": true, ""core_inventory"": true, ""coverage_repair_sources"": [""day_inventory""], ""day_inventory"": true, ""day_inventory_coverage"": {""context"": true, ""context_2plus_sources"": false, ""fixture_core"": true, ""fixture_source_2plus"": true, ""form"": true, ""news"": false, ""odds"": true, ""odds_2plus_sources"": false, ""odds_sources_count"": 1, ""ready_for_model"": true, ""ready_for_publish"": false, ""weather"": false, ""xg"": false}, ""day_inventory_path"": "".data/day_inventory/2026-05-14.json"", ""day_inventory_refresh"": {""last_context_refresh_utc"": null, ""last_fixture_refresh_utc"": ""2026-05-13T21:01:36.655948+00:00"", ""last_odds_refresh_utc"": null}, ""day_inventory_source_ids"": {""day_inventory"": ""67920354"", ""odds_api_io"": ""67920354"", ""sstats"": ""1496970""}, ""latest_run_source"": ""day_inventory"", ""latest_run_source_event_id"": ""67920354"", ""provider_source_ids"": {""sstats"": ""1496970""}, ""sources_seen"": ""sstats"", ""sstats_has_context_hint"": true, ""sstats_status"": ""2""}",,,,,,,,,,,,,,,,,,,,,,,,,,,,,,,
soccer|brodd|stab k 2|2026-05-14,day_inventory,67920356,soccer,Unknown,Stabæk II,Brodd,2026-05-14T12:00:00+00:00,mid,"{""accumulated_from_latest_matches"": true, ""core_inventory"": true, ""coverage_repair_sources"": [""day_inventory""], ""day_inventory"": true, ""day_inventory_coverage"": {""context"": true, ""context_2plus_sources"": false, ""fixture_core"": true, ""fixture_source_2plus"": true, ""form"": true, ""news"": false, ""odds"": true, ""odds_2plus_sources"": false, ""odds_sources_count"": 1, ""ready_for_model"": true, ""ready_for_publish"": false, ""weather"": false, ""xg"": false}, ""day_inventory_path"": "".data/day_inventory/2026-05-14.json"", ""day_inventory_refresh"": {""last_context_refresh_utc"": null, ""last_fixture_refresh_utc"": ""2026-05-13T21:01:36.656107+00:00"", ""last_odds_refresh_utc"": null}, ""day_inventory_source_ids"": {""day_inventory"": ""67920356"", ""odds_api_io"": ""67920356"", ""sstats"": ""1496971""}, ""latest_run_source"": ""day_inventory"", ""latest_run_source_event_id"": ""67920356"", ""provider_source_ids"": {""sstats"": ""1496971""}, ""sources_seen"": ""sstats"", ""sstats_has_context_hint"": true, ""sstats_status"": ""2""}",,,,,,,,,,,,,,,,,,,,,,,,,,,,,,,
soccer|ethiopia bunna|suhul shire|2026-05-14,day_inventory,soccer|ethiopia bunna|suhul shire|2026-05-14,soccer,Unknown,Suhul Shire,Ethiopia Bunna,2026-05-14T12:00:00+00:00,mid,"{""accumulated_from_latest_matches"": true, ""core_inventory"": true, ""coverage_repair_sources"": [""day_inventory""], ""day_inventory"": true, ""day_inventory_coverage"": {""context"": true, ""context_2plus_sources"": false, ""fixture_core"": true, ""fixture_source_2plus"": false, ""form"": true, ""news"": false, ""odds"": false, ""odds_2plus_sources"": false, ""ready_for_model"": false, ""ready_for_publish"": false, ""weather"": false, ""xg"": false}, ""day_inventory_path"": "".data/day_inventory/2026-05-14.json"", ""day_inventory_refresh"": {""last_context_refresh_utc"": null, ""last_fixture_refresh_utc"": ""2026-05-13T21:01:36.656330+00:00"", ""last_odds_refresh_utc"": null}, ""day_inventory_source_ids"": {""day_inventory"": ""soccer|ethiopia bunna|suhul shire|2026-05-14"", ""sstats"": ""1541056""}, ""latest_run_source"": ""day_inventory"", ""latest_run_source_event_id"": ""soccer|ethiopia bunna|suhul shire|2026-05-14"", ""provider_source_ids"": {""sstats"": ""1541056""}, ""sources_seen"": ""sstats"", ""sstats_has_context_hint"": true, ""sstats_status"": ""2""}",,,,,,,,,,,,,,,,,,,,,,,,,,,,,,,
soccer|fransta|thoren|2026-05-14,day_inventory,soccer|fransta|thoren|2026-05-14,soccer,Unknown,Team Thoren,Fransta,2026-05-14T12:00:00+00:00,mid,"{""accumulated_from_latest_matches"": true, ""core_inventory"": true, ""coverage_repair_sources"": [""day_inventory""], ""day_inventory"": true, ""day_inventory_coverage"": {""context"": true, ""context_2plus_sources"": false, ""fixture_core"": true, ""fixture_source_2plus"": false, ""form"": true, ""news"": false, ""odds"": false, ""odds_2plus_sources"": false, ""ready_for_model"": false, ""ready_for_publish"": false, ""weather"": false, ""xg"": false}, ""day_inventory_path"": "".data/day_inventory/2026-05-14.json"", ""day_inventory_refresh"": {""last_context_refresh_utc"": null, ""last_fixture_refresh_utc"": ""2026-05-13T21:01:36.656497+00:00"", ""last_odds_refresh_utc"": null}, ""day_inventory_source_ids"": {""day_inventory"": ""soccer|fransta|thoren|2026-05-14"", ""sstats"": ""1515723""}, ""latest_run_source"": ""day_inventory"", ""latest_run_source_event_id"": ""soccer|fransta|thoren|2026-05-14"", ""provider_source_ids"": {""sstats"": ""1515723""}, ""sources_seen"": ""sstats"", ""sstats_has_context_hint"": true, ""sstats_status"": ""2""}",,,,,,,,,,,,,,,,,,,,,,,,,,,,,,,
soccer|fauske sprint|troms 2|2026-05-14,day_inventory,67920584,soccer,Unknown,Tromsø II,Fauske Sprint,2026-05-14T12:00:00+00:00,mid,"{""accumulated_from_latest_matches"": true, ""core_inventory"": true, ""coverage_repair_sources"": [""day_inventory""], ""day_inventory"": true, ""day_inventory_coverage"": {""context"": true, ""context_2plus_sources"": false, ""fixture_core"": true, ""fixture_source_2plus"": true, ""form"": true, ""news"": false, ""odds"": true, ""odds_2plus_sources"": false, ""odds_sources_count"": 1, ""ready_for_model"": true, ""ready_for_publish"": false, ""weather"": false, ""xg"": false}, ""day_inventory_path"": "".data/day_inventory/2026-05-14.json"", ""day_inventory_refresh"": {""last_context_refresh_utc"": null, ""last_fixture_refresh_utc"": ""2026-05-13T21:01:36.656672+00:00"", ""last_odds_refresh_utc"": null}, ""day_inventory_source_ids"": {""day_inventory"": ""67920584"", ""odds_api_io"": ""67920584"", ""sstats"": ""1497154""}, ""latest_run_source"": ""day_inventory"", ""latest_run_source_event_id"": ""67920584"", ""provider_source_ids"": {""sstats"": ""1497154""}, ""sources_seen"": ""sstats"", ""sstats_has_context_hint"": true, ""sstats_status"": ""2""}",,,,,,,,,,,,,,,,,,,,,,,,,,,,,,,
soccer|taraz|turan turkistan|2026-05-14,day_inventory,soccer|taraz|turan turkistan|2026-05-14,soccer,Unknown,Turan Turkistan,Taraz,2026-05-14T12:00:00+00:00,mid,"{""accumulated_from_latest_matches"": true, ""core_inventory"": true, ""coverage_repair_sources"": [""day_inventory""], ""day_inventory"": true, ""day_inventory_coverage"": {""context"": true, ""context_2plus_sources"": false, ""fixture_core"": true, ""fixture_source_2plus"": false, ""form"": true, ""news"": false, ""odds"": false, ""odds_2plus_sources"": false, ""ready_for_model"": false, ""ready_for_publish"": false, ""weather"": false, ""xg"": false}, ""day_inventory_path"": "".data/day_inventory/2026-05-14.json"", ""day_inventory_refresh"": {""last_context_refresh_utc"": null, ""last_fixture_refresh_utc"": ""2026-05-13T21:01:36.656836+00:00"", ""last_odds_refresh_utc"": null}, ""day_inventory_source_ids"": {""day_inventory"": ""soccer|taraz|turan turkistan|2026-05-14"", ""sstats"": ""1534742""}, ""latest_run_source"": ""day_inventory"", ""latest_run_source_event_id"": ""soccer|taraz|turan turkistan|2026-05-14"", ""provider_source_ids"": {""sstats"": ""1534742""}, ""sources_seen"": ""sstats"", ""sstats_has_context_hint"": true, ""sstats_status"": ""2""}",,,,,,,,,,,,,,,,,,,,,,,,,,,,,,,
soccer|if karlstad 2|vanersborgs|2026-05-14,day_inventory,68320172,soccer,Unknown,Vänersborgs FK,IF Karlstad II,2026-05-14T12:00:00+00:00,mid,"{""accumulated_from_latest_matches"": true, ""core_inventory"": true, ""coverage_repair_sources"": [""day_inventory""], ""day_inventory"": true, ""day_inventory_coverage"": {""context"": true, ""context_2plus_sources"": false, ""fixture_core"": true, ""fixture_source_2plus"": true, ""form"": true, ""news"": false, ""odds"": true, ""odds_2plus_sources"": false, ""odds_sources_count"": 1, ""ready_for_model"": true, ""ready_for_publish"": false, ""weather"": false, ""xg"": false}, ""day_inventory_path"": "".data/day_inventory/2026-05-14.json"", ""day_inventory_refresh"": {""last_context_refresh_utc"": null, ""last_fixture_refresh_utc"": ""2026-05-13T21:01:36.657187+00:00"", ""last_odds_refresh_utc"": null}, ""day_inventory_source_ids"": {""day_inventory"": ""68320172"", ""odds_api_io"": ""68320172"", ""sstats"": ""1510578""}, ""latest_run_source"": ""day_inventory"", ""latest_run_source_event_id"": ""68320172"", ""provider_source_ids"": {""sstats"": ""1510578""}, ""sources_seen"": ""sstats"", ""sstats_has_context_hint"": true, ""sstats_status"": ""2""}",,,,,,,,,,,,,,,,,,,,,,,,,,,,,,,
soccer|linero|vaxjo norra|2026-05-14,day_inventory,68344650,soccer,Unknown,Växjö Norra,Linero,2026-05-14T12:00:00+00:00,mid,"{""accumulated_from_latest_matches"": true, ""core_inventory"": true, ""coverage_repair_sources"": [""day_inventory""], ""day_inventory"": true, ""day_inventory_coverage"": {""context"": true, ""context_2plus_sources"": false, ""fixture_core"": true, ""fixture_source_2plus"": true, ""form"": true, ""news"": false, ""odds"": true, ""odds_2plus_sources"": false, ""odds_sources_count"": 1, ""ready_for_model"": true, ""ready_for_publish"": false, ""weather"": false, ""xg"": false}, ""day_inventory_path"": "".data/day_inventory/2026-05-14.json"", ""day_inventory_refresh"": {""last_context_refresh_utc"": null, ""last_fixture_refresh_utc"": ""2026-05-13T21:01:36.657351+00:00"", ""last_odds_refresh_utc"": null}, ""day_inventory_source_ids"": {""day_inventory"": ""68344650"", ""odds_api_io"": ""68344650"", ""sstats"": ""1510934""}, ""latest_run_source"": ""day_inventory"", ""latest_run_source_event_id"": ""68344650"", ""provider_source_ids"": {""sstats"": ""1510934""}, ""sources_seen"": ""sstats"", ""sstats_has_context_hint"": true, ""sstats_status"": ""2""}",,,,,,,,,,,,,,,,,,,,,,,,,,,,,,,
soccer|septemvri sofia|spartak 1918 varna|2026-05-14,odds_api_io,70906780,soccer,Bulgaria - Parva Liga,FK Septemvri Sofia,FK Spartak 1918 Varna,2026-05-14T12:15:00+00:00,mid,"{""competition"": ""Bulgaria - Parva Liga"", ""odds_api_io_id"": 70906780, ""raw_event"": {""away"": ""FK Spartak 1918 Varna"", ""awayId"": 3278, ""date"": ""2026-05-14T12:15:00Z"", ""home"": ""FK Septemvri Sofia"", ""homeId"": 214054, ""id"": 70906780, ""league"": {""name"": ""Bulgaria - Parva Liga"", ""slug"": ""bulgaria-parva-liga""}, ""scores"": {""away"": 0, ""home"": 0}, ""sport"": {""name"": ""Football"", ""slug"": ""football""}, ""status"": ""pending""}}",,,,,,,,,,,,,,,,,,,,,,,,,,,,,,,
soccer|septemvri sofia|spartak varna|2026-05-14,day_inventory,70906780,soccer,Unknown,FK Septemvri Sofia,FK Spartak Varna,2026-05-14T12:15:00+00:00,mid,"{""accumulated_from_latest_matches"": true, ""bzzoiro_context_fields"": true, ""bzzoiro_has_context_hint"": true, ""bzzoiro_has_prediction"": true, ""bzzoiro_raw_source"": ""predictions"", ""core_inventory"": true, ""core_merge_audit"": [{""decision"": {""avg"": 1.0, ""away_score"": 1.0, ""home_score"": 1.0, ""kickoff_diff_hours"": 0.0, ""min"": 1.0, ""orientation"": ""direct""}, ""provider"": ""bzzoiro"", ""provider_match_key"": ""soccer|septemvri sofia|spartak varna|2026-05-14""}, {""decision"": {""avg"": 0.8660714285714286, ""away_score"": 0.8571428571428571, ""home_score"": 0.875, ""kickoff_diff_hours"": 0.0, ""min"": 0.8571428571428571, ""orientation"": ""direct""}, ""provider"": ""sstats"", ""provider_match_key"": ""soccer|septemvri sofia|spartak varna|2026-05-14""}], ""coverage_repair_sources"": [""day_inventory""], ""day_inventory"": true, ""day_inventory_coverage"": {""context"": true, ""context_2plus_sources"": false, ""context_sources_count"": 1, ""fixture_core"": true, ""fixture_source_2plus"": true, ""form"": true, ""news"": false, ""odds"": true, ""odds_2plus_sources"": false, ""odds_sources_count"": 1, ""ready_for_model"": true, ""ready_for_publish"": false, ""weather"": false, ""xg"": true}, ""day_inventory_path"": "".data/day_inventory/2026-05-14.json"", ""day_inventory_refresh"": {""last_context_refresh_utc"": null, ""last_fixture_refresh_utc"": ""2026-05-13T21:01:36.646046+00:00"", ""last_odds_refresh_utc"": null}, ""day_inventory_source_ids"": {""bzzoiro"": ""203010"", ""day_inventory"": ""70906780"", ""odds_api_io"": ""70906780"", ""sstats"": ""1541003""}, ""latest_run_source"": ""day_inventory"", ""latest_run_source_event_id"": ""70906780"", ""provider_source_ids"": {""bzzoiro"": ""203010"", ""sstats"": ""1541003""}, ""sources_seen"": ""bzzoiro,sstats"", ""sstats_has_context_hint"": true, ""sstats_status"": ""2""}",,,,,,,,,,,,,,,,,,,,,,,,,,,,,,,
soccer|austria wien|salzburg frauen|2026-05-14,day_inventory,70981006,soccer,"Austria Amateur - OFB Cup, Women",FC Salzburg Frauen,FK Austria Wien,2026-05-14T12:30:00+00:00,mid,"{""accumulated_from_latest_matches"": true, ""coverage_repair_sources"": [""day_inventory""], ""day_inventory"": true, ""day_inventory_coverage"": {""context"": false, ""context_2plus_sources"": false, ""fixture_core"": true, ""form"": false, ""news"": false, ""odds"": true, ""odds_2plus_sources"": false, ""odds_sources_count"": 1, ""ready_for_model"": false, ""ready_for_publish"": false, ""weather"": false, ""xg"": false}, ""day_inventory_path"": "".data/day_inventory/2026-05-14.json"", ""day_inventory_refresh"": {""last_context_refresh_utc"": null, ""last_fixture_refresh_utc"": ""2026-05-13T23:01:56.136749+00:00"", ""last_odds_refresh_utc"": null}, ""day_inventory_source_ids"": {""day_inventory"": ""70981006"", ""odds_api_io"": ""70981006""}, ""latest_run_source"": ""day_inventory"", ""latest_run_source_event_id"": ""70981006""}",,,,,,,,,,,,,,,,,,,,,,,,,,,,,,,
soccer|if gnistan|pk 35 vantaa|2026-05-14,day_inventory,71463322,soccer,"Finland - Suomen Cup, Women",IF Gnistan,PK-35 Vantaa,2026-05-14T12:30:00+00:00,mid,"{""accumulated_from_latest_matches"": true, ""coverage_repair_sources"": [""day_inventory""], ""day_inventory"": true, ""day_inventory_coverage"": {""context"": false, ""context_2plus_sources"": false, ""fixture_core"": true, ""form"": false, ""news"": false, ""odds"": true, ""odds_2plus_sources"": false, ""odds_sources_count"": 1, ""ready_for_model"": false, ""ready_for_publish"": false, ""weather"": false, ""xg"": false}, ""day_inventory_path"": "".data/day_inventory/2026-05-14.json"", ""day_inventory_refresh"": {""last_context_refresh_utc"": null, ""last_fixture_refresh_utc"": ""2026-05-13T23:01:56.136769+00:00"", ""last_odds_refresh_utc"": null}, ""day_inventory_source_ids"": {""day_inventory"": ""71463322"", ""odds_api_io"": ""71463322""}, ""latest_run_source"": ""day_inventory"", ""latest_run_source_event_id"": ""71463322""}",,,,,,,,,,,,,,,,,,,,,,,,,,,,,,,
soccer|lysekloster|sk traeff|2026-05-14,odds_api_io,67915820,soccer,Norway - 2nd Division Group 1,SK Traeff,Lysekloster,2026-05-14T12:30:00+00:00,mid,"{""competition"": ""Norway - 2nd Division Group 1"", ""odds_api_io_id"": 67915820, ""raw_event"": {""away"": ""Lysekloster"", ""awayId"": 199925, ""date"": ""2026-05-14T12:30:00Z"", ""home"": ""SK Traeff"", ""homeId"": 689, ""id"": 67915820, ""league"": {""name"": ""Norway - 2nd Division Group 1"", ""slug"": ""norway-2nd-division-group-1""}, ""scores"": {""away"": 0, ""home"": 0}, ""sport"": {""name"": ""Football"", ""slug"": ""football""}, ""status"": ""pending""}}",,,,,,,,,,,,,,,,,,,,,,,,,,,,,,,
soccer|ifk goteborg|malmo ff|2026-05-14,day_inventory,68309484,soccer,Sweden Amateur - U19 Allsvenskan,IFK Goteborg,Malmo FF,2026-05-14T12:30:00+00:00,mid,"{""accumulated_from_latest_matches"": true, ""coverage_repair_sources"": [""day_inventory""], ""day_inventory"": true, ""day_inventory_coverage"": {""context"": false, ""context_2plus_sources"": false, ""fixture_core"": true, ""form"": false, ""news"": false, ""odds"": true, ""odds_2plus_sources"": false, ""odds_sources_count"": 1, ""ready_for_model"": false, ""ready_for_publish"": false, ""weather"": false, ""xg"": false}, ""day_inventory_path"": "".data/day_inventory/2026-05-14.json"", ""day_inventory_refresh"": {""last_context_refresh_utc"": null, ""last_fixture_refresh_utc"": ""2026-05-13T23:01:56.136788+00:00"", ""last_odds_refresh_utc"": null}, ""day_inventory_source_ids"": {""day_inventory"": ""68309484"", ""odds_api_io"": ""68309484""}, ""latest_run_source"": ""day_inventory"", ""latest_run_source_event_id"": ""68309484""}",,,,,,,,,,,,,,,,,,,,,,,,,,,,,,,
soccer|navad urmia|shenavarsazi qeshm|2026-05-14,day_inventory,70945878,soccer,Unknown,Navad Urmia,Shenavarsazi Qeshm,2026-05-14T12:30:00+00:00,mid,"{""accumulated_from_latest_matches"": true, ""core_inventory"": true, ""coverage_repair_sources"": [""day_inventory""], ""day_inventory"": true, ""day_inventory_coverage"": {""context"": true, ""context_2plus_sources"": false, ""fixture_core"": true, ""fixture_source_2plus"": true, ""form"": true, ""news"": false, ""odds"": true, ""odds_2plus_sources"": false, ""odds_sources_count"": 1, ""ready_for_model"": true, ""ready_for_publish"": false, ""weather"": false, ""xg"": false}, ""day_inventory_path"": "".data/day_inventory/2026-05-14.json"", ""day_inventory_refresh"": {""last_context_refresh_utc"": null, ""last_fixture_refresh_utc"": ""2026-05-13T21:01:36.657532+00:00"", ""last_odds_refresh_utc"": null}, ""day_inventory_source_ids"": {""day_inventory"": ""70945878"", ""odds_api_io"": ""70945878"", ""sstats"": ""1521122""}, ""latest_run_source"": ""day_inventory"", ""latest_run_source_event_id"": ""70945878"", ""provider_source_ids"": {""sstats"": ""1521122""}, ""sources_seen"": ""sstats"", ""sstats_has_context_hint"": true, ""sstats_status"": ""2""}",,,,,,,,,,,,,,,,,,,,,,,,,,,,,,,
soccer|lysekloster|tr ff|2026-05-14,day_inventory,67915820,soccer,Unknown,Træff,Lysekloster,2026-05-14T12:30:00+00:00,mid,"{""accumulated_from_latest_matches"": true, ""core_inventory"": true, ""coverage_repair_sources"": [""day_inventory""], ""day_inventory"": true, ""day_inventory_coverage"": {""context"": true, ""context_2plus_sources"": false, ""fixture_core"": true, ""fixture_source_2plus"": true, ""form"": true, ""news"": false, ""odds"": true, ""odds_2plus_sources"": false, ""odds_sources_count"": 1, ""ready_for_model"": true, ""ready_for_publish"": false, ""weather"": false, ""xg"": false}, ""day_inventory_path"": "".data/day_inventory/2026-05-14.json"", ""day_inventory_refresh"": {""last_context_refresh_utc"": null, ""last_fixture_refresh_utc"": ""2026-05-13T21:01:36.657689+00:00"", ""last_odds_refresh_utc"": null}, ""day_inventory_source_ids"": {""day_inventory"": ""67915820"", ""odds_api_io"": ""67915820"", ""sstats"": ""1496062""}, ""latest_run_source"": ""day_inventory"", ""latest_run_source_event_id"": ""67915820"", ""provider_source_ids"": {""sstats"": ""1496062""}, ""sources_seen"": ""sstats"", ""sstats_has_context_hint"": true, ""sstats_status"": ""2""}",,,,,,,,,,,,,,,,,,,,,,,,,,,,,,,
soccer|sv anthering|ufv thalgau|2026-05-14,day_inventory,61906362,soccer,"Austria Amateur - Salzburg, Salzburger Liga",UFV Thalgau,SV Anthering,2026-05-14T13:00:00+00:00,mid,"{""accumulated_from_latest_matches"": true, ""coverage_repair_sources"": [""day_inventory""], ""day_inventory"": true, ""day_inventory_coverage"": {""context"": false, ""context_2plus_sources"": false, ""fixture_core"": true, ""form"": false, ""news"": false, ""odds"": true, ""odds_2plus_sources"": false, ""odds_sources_count"": 1, ""ready_for_model"": false, ""ready_for_publish"": false, ""weather"": false, ""xg"": false}, ""day_inventory_path"": "".data/day_inventory/2026-05-14.json"", ""day_inventory_refresh"": {""last_context_refresh_utc"": null, ""last_fixture_refresh_utc"": ""2026-05-13T23:01:56.136936+00:00"", ""last_odds_refresh_utc"": null}, ""day_inventory_source_ids"": {""day_inventory"": ""61906362"", ""odds_api_io"": ""61906362""}, ""latest_run_source"": ""day_inventory"", ""latest_run_source_event_id"": ""61906362""}",,,,,,,,,,,,,,,,,,,,,,,,,,,,,,,
soccer|fauve azur yaounde|gazelle fa garoua|2026-05-14,day_inventory,70774892,soccer,Cameroon - Elite One,Fauve Azur de Yaounde,Gazelle FA de Garoua,2026-05-14T13:00:00+00:00,mid,"{""accumulated_from_latest_matches"": true, ""coverage_repair_sources"": [""day_inventory""], ""day_inventory"": true, ""day_inventory_coverage"": {""context"": false, ""context_2plus_sources"": false, ""fixture_core"": true, ""form"": false, ""news"": false, ""odds"": true, ""odds_2plus_sources"": false, ""odds_sources_count"": 1, ""ready_for_model"": false, ""ready_for_publish"": false, ""weather"": false, ""xg"": false}, ""day_inventory_path"": "".data/day_inventory/2026-05-14.json"", ""day_inventory_refresh"": {""last_context_refresh_utc"": null, ""last_fixture_refresh_utc"": ""2026-05-13T23:01:56.136957+00:00"", ""last_odds_refresh_utc"": null}, ""day_inventory_source_ids"": {""day_inventory"": ""70774892"", ""odds_api_io"": ""70774892""}, ""latest_run_source"": ""day_inventory"", ""latest_run_source_event_id"": ""70774892""}",,,,,,,,,,,,,,,,,,,,,,,,,,,,,,,
soccer|aalesund 2|molde 2|2026-05-14,day_inventory,soccer|aalesund 2|molde 2|2026-05-14,soccer,Unknown,Aalesund II,Molde II,2026-05-14T13:00:00+00:00,mid,"{""accumulated_from_latest_matches"": true, ""core_inventory"": true, ""coverage_repair_sources"": [""day_inventory""], ""day_inventory"": true, ""day_inventory_coverage"": {""context"": true, ""context_2plus_sources"": false, ""fixture_core"": true, ""fixture_source_2plus"": false, ""form"": true, ""news"": false, ""odds"": false, ""odds_2plus_sources"": false, ""ready_for_model"": false, ""ready_for_publish"": false, ""weather"": false, ""xg"": false}, ""day_inventory_path"": "".data/day_inventory/2026-05-14.json"", ""day_inventory_refresh"": {""last_context_refresh_utc"": null, ""last_fixture_refresh_utc"": ""2026-05-13T21:01:36.657855+00:00"", ""last_odds_refresh_utc"": null}, ""day_inventory_source_ids"": {""day_inventory"": ""soccer|aalesund 2|molde 2|2026-05-14"", ""sstats"": ""1496603""}, ""latest_run_source"": ""day_inventory"", ""latest_run_source_event_id"": ""soccer|aalesund 2|molde 2|2026-05-14"", ""provider_source_ids"": {""sstats"": ""1496603""}, ""sources_seen"": ""sstats"", ""sstats_has_context_hint"": true, ""sstats_status"": ""2""}",,,,,,,,,,,,,,,,,,,,,,,,,,,,,,,
soccer|abu qair semad|raya ghazl|2026-05-14,day_inventory,soccer|abu qair semad|raya ghazl|2026-05-14,soccer,Unknown,Abu Qair Semad,Raya Ghazl,2026-05-14T13:00:00+00:00,mid,"{""accumulated_from_latest_matches"": true, ""core_inventory"": true, ""coverage_repair_sources"": [""day_inventory""], ""day_inventory"": true, ""day_inventory_coverage"": {""context"": true, ""context_2plus_sources"": false, ""fixture_core"": true, ""fixture_source_2plus"": false, ""form"": true, ""news"": false, ""odds"": false, ""odds_2plus_sources"": false, ""ready_for_model"": false, ""ready_for_publish"": false, ""weather"": false, ""xg"": false}, ""day_inventory_path"": "".data/day_inventory/2026-05-14.json"", ""day_inventory_refresh"": {""last_context_refresh_utc"": null, ""last_fixture_refresh_utc"": ""2026-05-13T21:01:36.658029+00:00"", ""last_odds_refresh_utc"": null}, ""day_inventory_source_ids"": {""day_inventory"": ""soccer|abu qair semad|raya ghazl|2026-05-14"", ""sstats"": ""1440975""}, ""latest_run_source"": ""day_inventory"", ""latest_run_source_event_id"": ""soccer|abu qair semad|raya ghazl|2026-05-14"", ""provider_source_ids"": {""sstats"": ""1440975""}, ""sources_seen"": ""sstats"", ""sstats_has_context_hint"": true, ""sstats_status"": ""2""}",,,,,,,,,,,,,,,,,,,,,,,,,,,,,,,
soccer|assyriska ff|umea|2026-05-14,day_inventory,soccer|assyriska ff|umea|2026-05-14,soccer,Unknown,Assyriska FF,Umeå FC,2026-05-14T13:00:00+00:00,mid,"{""accumulated_from_latest_matches"": true, ""core_inventory"": true, ""coverage_repair_sources"": [""day_inventory""], ""day_inventory"": true, ""day_inventory_coverage"": {""context"": true, ""context_2plus_sources"": false, ""fixture_core"": true, ""fixture_source_2plus"": false, ""form"": true, ""news"": false, ""odds"": false, ""odds_2plus_sources"": false, ""ready_for_model"": false, ""ready_for_publish"": false, ""weather"": false, ""xg"": false}, ""day_inventory_path"": "".data/day_inventory/2026-05-14.json"", ""day_inventory_refresh"": {""last_context_refresh_utc"": null, ""last_fixture_refresh_utc"": ""2026-05-13T21:01:36.658208+00:00"", ""last_odds_refresh_utc"": null}, ""day_inventory_source_ids"": {""day_inventory"": ""soccer|assyriska ff|umea|2026-05-14"", ""sstats"": ""1505140""}, ""latest_run_source"": ""day_inventory"", ""latest_run_source_event_id"": ""soccer|assyriska ff|umea|2026-05-14"", ""provider_source_ids"": {""sstats"": ""1505140""}, ""sources_seen"": ""sstats"", ""sstats_has_context_hint"": true, ""sstats_status"": ""2""}",,,,,,,,,,,,,,,,,,,,,,,,,,,,,,,
soccer|elverum|fram|2026-05-14,day_inventory,soccer|elverum|fram|2026-05-14,soccer,Unknown,Elverum,Fram,2026-05-14T13:00:00+00:00,mid,"{""accumulated_from_latest_matches"": true, ""core_inventory"": true, ""coverage_repair_sources"": [""day_inventory""], ""day_inventory"": true, ""day_inventory_coverage"": {""context"": true, ""context_2plus_sources"": false, ""fixture_core"": true, ""fixture_source_2plus"": false, ""form"": true, ""news"": false, ""odds"": false, ""odds_2plus_sources"": false, ""ready_for_model"": false, ""ready_for_publish"": false, ""weather"": false, ""xg"": false}, ""day_inventory_path"": "".data/day_inventory/2026-05-14.json"", ""day_inventory_refresh"": {""last_context_refresh_utc"": null, ""last_fixture_refresh_utc"": ""2026-05-13T21:01:36.658353+00:00"", ""last_odds_refresh_utc"": null}, ""day_inventory_source_ids"": {""day_inventory"": ""soccer|elverum|fram|2026-05-14"", ""sstats"": ""1497331""}, ""latest_run_source"": ""day_inventory"", ""latest_run_source_event_id"": ""soccer|elverum|fram|2026-05-14"", ""provider_source_ids"": {""sstats"": ""1497331""}, ""sources_seen"": ""sstats"", ""sstats_has_context_hint"": true, ""sstats_status"": ""2""}",,,,,,,,,,,,,,,,,,,,,,,,,,,,,,,
soccer|ethnikos neou keramidiou|panthrakikos|2026-05-14,day_inventory,70717230,soccer,Unknown,Ethnikos Neou Keramidiou,Panthrakikos,2026-05-14T13:00:00+00:00,mid,"{""accumulated_from_latest_matches"": true, ""core_inventory"": true, ""coverage_repair_sources"": [""day_inventory""], ""day_inventory"": true, ""day_inventory_coverage"": {""context"": true, ""context_2plus_sources"": false, ""fixture_core"": true, ""fixture_source_2plus"": true, ""form"": true, ""news"": false, ""odds"": true, ""odds_2plus_sources"": false, ""odds_sources_count"": 1, ""ready_for_model"": true, ""ready_for_publish"": false, ""weather"": false, ""xg"": false}, ""day_inventory_path"": "".data/day_inventory/2026-05-14.json"", ""day_inventory_refresh"": {""last_context_refresh_utc"": null, ""last_fixture_refresh_utc"": ""2026-05-13T21:01:36.658544+00:00"", ""last_odds_refresh_utc"": null}, ""day_inventory_source_ids"": {""day_inventory"": ""70717230"", ""odds_api_io"": ""70717230"", ""sstats"": ""1542639""}, ""latest_run_source"": ""day_inventory"", ""latest_run_source_event_id"": ""70717230"", ""provider_source_ids"": {""sstats"": ""1542639""}, ""sources_seen"": ""sstats"", ""sstats_has_context_hint"": true, ""sstats_status"": ""2""}",,,,,,,,,,,,,,,,,,,,,,,,,,,,,,,
soccer|fl ya|kongsvinger 2|2026-05-14,day_inventory,soccer|fl ya|kongsvinger 2|2026-05-14,soccer,Unknown,Fløya,Kongsvinger II,2026-05-14T13:00:00+00:00,mid,"{""accumulated_from_latest_matches"": true, ""core_inventory"": true, ""coverage_repair_sources"": [""day_inventory""], ""day_inventory"": true, ""day_inventory_coverage"": {""context"": true, ""context_2plus_sources"": false, ""fixture_core"": true, ""fixture_source_2plus"": false, ""form"": true, ""news"": false, ""odds"": false, ""odds_2plus_sources"": false, ""ready_for_model"": false, ""ready_for_publish"": false, ""weather"": false, ""xg"": false}, ""day_inventory_path"": "".data/day_inventory/2026-05-14.json"", ""day_inventory_refresh"": {""last_context_refresh_utc"": null, ""last_fixture_refresh_utc"": ""2026-05-13T21:01:36.658728+00:00"", ""last_odds_refresh_utc"": null}, ""day_inventory_source_ids"": {""day_inventory"": ""soccer|fl ya|kongsvinger 2|2026-05-14"", ""sstats"": ""1497151""}, ""latest_run_source"": ""day_inventory"", ""latest_run_source_event_id"": ""soccer|fl ya|kongsvinger 2|2026-05-14"", ""provider_source_ids"": {""sstats"": ""1497151""}, ""sources_seen"": ""sstats"", ""sstats_has_context_hint"": true, ""sstats_status"": ""2""}",,,,,,,,,,,,,,,,,,,,,,,,,,,,,,,
soccer|france w|norway w|2026-05-14,day_inventory,soccer|france w|norway w|2026-05-14,soccer,Unknown,France U17 W,Norway U17 W,2026-05-14T13:00:00+00:00,mid,"{""accumulated_from_latest_matches"": true, ""core_inventory"": true, ""coverage_repair_sources"": [""day_inventory""], ""day_inventory"": true, ""day_inventory_coverage"": {""context"": true, ""context_2plus_sources"": false, ""fixture_core"": true, ""fixture_source_2plus"": false, ""form"": true, ""news"": false, ""odds"": false, ""odds_2plus_sources"": false, ""ready_for_model"": false, ""ready_for_publish"": false, ""weather"": false, ""xg"": false}, ""day_inventory_path"": "".data/day_inventory/2026-05-14.json"", ""day_inventory_refresh"": {""last_context_refresh_utc"": null, ""last_fixture_refresh_utc"": ""2026-05-13T21:01:36.658913+00:00"", ""last_odds_refresh_utc"": null}, ""day_inventory_source_ids"": {""day_inventory"": ""soccer|france w|norway w|2026-05-14"", ""sstats"": ""1544820""}, ""latest_run_source"": ""day_inventory"", ""latest_run_source_event_id"": ""soccer|france w|norway w|2026-05-14"", ""provider_source_ids"": {""sstats"": ""1544820""}, ""sources_seen"": ""sstats"", ""sstats_has_context_hint"": true, ""sstats_status"": ""2""}",,,,,,,,,,,,,,,,,,,,,,,,,,,,,,,
soccer|dynamos|herentals|2026-05-14,day_inventory,soccer|dynamos|herentals|2026-05-14,soccer,Unknown,Herentals,Dynamos,2026-05-14T13:00:00+00:00,mid,"{""accumulated_from_latest_matches"": true, ""core_inventory"": true, ""coverage_repair_sources"": [""day_inventory""], ""day_inventory"": true, ""day_inventory_coverage"": {""context"": true, ""context_2plus_sources"": false, ""fixture_core"": true, ""fixture_source_2plus"": false, ""form"": true, ""news"": false, ""odds"": false, ""odds_2plus_sources"": false, ""ready_for_model"": false, ""ready_for_publish"": false, ""weather"": false, ""xg"": false}, ""day_inventory_path"": "".data/day_inventory/2026-05-14.json"", ""day_inventory_refresh"": {""last_context_refresh_utc"": null, ""last_fixture_refresh_utc"": ""2026-05-13T21:01:36.659067+00:00"", ""last_odds_refresh_utc"": null}, ""day_inventory_source_ids"": {""day_inventory"": ""soccer|dynamos|herentals|2026-05-14"", ""sstats"": ""1495250""}, ""latest_run_source"": ""day_inventory"", ""latest_run_source_event_id"": ""soccer|dynamos|herentals|2026-05-14"", ""provider_source_ids"": {""sstats"": ""1495250""}, ""sources_seen"": ""sstats"", ""sstats_has_context_hint"": true, ""sstats_status"": ""2""}",,,,,,,,,,,,,,,,,,,,,,,,,,,,,,,
soccer|h nefoss|stj rdals blink|2026-05-14,day_inventory,soccer|h nefoss|stj rdals blink|2026-05-14,soccer,Unknown,Hønefoss,Stjørdals-Blink,2026-05-14T13:00:00+00:00,mid,"{""accumulated_from_latest_matches"": true, ""core_inventory"": true, ""coverage_repair_sources"": [""day_inventory""], ""day_inventory"": true, ""day_inventory_coverage"": {""context"": true, ""context_2plus_sources"": false, ""fixture_core"": true, ""fixture_source_2plus"": false, ""form"": true, ""news"": false, ""odds"": false, ""odds_2plus_sources"": false, ""ready_for_model"": false, ""ready_for_publish"": false, ""weather"": false, ""xg"": false}, ""day_inventory_path"": "".data/day_inventory/2026-05-14.json"", ""day_inventory_refresh"": {""last_context_refresh_utc"": null, ""last_fixture_refresh_utc"": ""2026-05-13T21:01:36.659254+00:00"", ""last_odds_refresh_utc"": null}, ""day_inventory_source_ids"": {""day_inventory"": ""soccer|h nefoss|stj rdals blink|2026-05-14"", ""sstats"": ""1496240""}, ""latest_run_source"": ""day_inventory"", ""latest_run_source_event_id"": ""soccer|h nefoss|stj rdals blink|2026-05-14"", ""provider_source_ids"": {""sstats"": ""1496240""}, ""sources_seen"": ""sstats"", ""sstats_has_context_hint"": true, ""sstats_status"": ""2""}",,,,,,,,,,,,,,,,,,,,,,,,,,,,,,,
soccer|jabala|jaish|2026-05-14,day_inventory,soccer|jabala|jaish|2026-05-14,soccer,Unknown,Jaish,Jabala,2026-05-14T13:00:00+00:00,mid,"{""accumulated_from_latest_matches"": true, ""core_inventory"": true, ""coverage_repair_sources"": [""day_inventory""], ""day_inventory"": true, ""day_inventory_coverage"": {""context"": true, ""context_2plus_sources"": false, ""fixture_core"": true, ""fixture_source_2plus"": false, ""form"": true, ""news"": false, ""odds"": false, ""odds_2plus_sources"": false, ""ready_for_model"": false, ""ready_for_publish"": false, ""weather"": false, ""xg"": false}, ""day_inventory_path"": "".data/day_inventory/2026-05-14.json"", ""day_inventory_refresh"": {""last_context_refresh_utc"": null, ""last_fixture_refresh_utc"": ""2026-05-13T21:01:36.659401+00:00"", ""last_odds_refresh_utc"": null}, ""day_inventory_source_ids"": {""day_inventory"": ""soccer|jabala|jaish|2026-05-14"", ""sstats"": ""1544525""}, ""latest_run_source"": ""day_inventory"", ""latest_run_source_event_id"": ""soccer|jabala|jaish|2026-05-14"", ""provider_source_ids"": {""sstats"": ""1544525""}, ""sources_seen"": ""sstats"", ""sstats_has_context_hint"": true, ""sstats_status"": ""2""}",,,,,,,,,,,,,,,,,,,,,,,,,,,,,,,
soccer|gazelle|jeunes fauves|2026-05-14,day_inventory,soccer|gazelle|jeunes fauves|2026-05-14,soccer,Unknown,Jeunes Fauves,Gazelle,2026-05-14T13:00:00+00:00,mid,"{""accumulated_from_latest_matches"": true, ""core_inventory"": true, ""coverage_repair_sources"": [""day_inventory""], ""day_inventory"": true, ""day_inventory_coverage"": {""context"": true, ""context_2plus_sources"": false, ""fixture_core"": true, ""fixture_source_2plus"": false, ""form"": true, ""news"": false, ""odds"": false, ""odds_2plus_sources"": false, ""ready_for_model"": false, ""ready_for_publish"": false, ""weather"": false, ""xg"": false}, ""day_inventory_path"": "".data/day_inventory/2026-05-14.json"", ""day_inventory_refresh"": {""last_context_refresh_utc"": null, ""last_fixture_refresh_utc"": ""2026-05-13T21:01:36.659563+00:00"", ""last_odds_refresh_utc"": null}, ""day_inventory_source_ids"": {""day_inventory"": ""soccer|gazelle|jeunes fauves|2026-05-14"", ""sstats"": ""1512905""}, ""latest_run_source"": ""day_inventory"", ""latest_run_source_event_id"": ""soccer|gazelle|jeunes fauves|2026-05-14"", ""provider_source_ids"": {""sstats"": ""1512905""}, ""sources_seen"": ""sstats"", ""sstats_has_context_hint"": true, ""sstats_status"": ""2""}",,,,,,,,,,,,,,,,,,,,,,,,,,,,,,,
soccer|kvik trondheim|strindheim|2026-05-14,day_inventory,soccer|kvik trondheim|strindheim|2026-05-14,soccer,Unknown,Kvik Trondheim,Strindheim,2026-05-14T13:00:00+00:00,mid,"{""accumulated_from_latest_matches"": true, ""core_inventory"": true, ""coverage_repair_sources"": [""day_inventory""], ""day_inventory"": true, ""day_inventory_coverage"": {""context"": true, ""context_2plus_sources"": false, ""fixture_core"": true, ""fixture_source_2plus"": false, ""form"": true, ""news"": false, ""odds"": false, ""odds_2plus_sources"": false, ""ready_for_model"": false, ""ready_for_publish"": false, ""weather"": false, ""xg"": false}, ""day_inventory_path"": "".data/day_inventory/2026-05-14.json"", ""day_inventory_refresh"": {""last_context_refresh_utc"": null, ""last_fixture_refresh_utc"": ""2026-05-13T21:01:36.659739+00:00"", ""last_odds_refresh_utc"": null}, ""day_inventory_source_ids"": {""day_inventory"": ""soccer|kvik trondheim|strindheim|2026-05-14"", ""sstats"": ""1496604""}, ""latest_run_source"": ""day_inventory"", ""latest_run_source_event_id"": ""soccer|kvik trondheim|strindheim|2026-05-14"", ""provider_source_ids"": {""sstats"": ""1496604""}, ""sources_seen"": ""sstats"", ""sstats_has_context_hint"": true, ""sstats_status"": ""2""}",,,,,,,,,,,,,,,,,,,,,,,,,,,,,,,
soccer|grebbestad|lidkoping|2026-05-14,day_inventory,soccer|grebbestad|lidkoping|2026-05-14,soccer,Unknown,Lidköping,Grebbestad,2026-05-14T13:00:00+00:00,mid,"{""accumulated_from_latest_matches"": true, ""core_inventory"": true, ""coverage_repair_sources"": [""day_inventory""], ""day_inventory"": true, ""day_inventory_coverage"": {""context"": true, ""context_2plus_sources"": false, ""fixture_core"": true, ""fixture_source_2plus"": false, ""form"": true, ""news"": false, ""odds"": false, ""odds_2plus_sources"": false, ""ready_for_model"": false, ""ready_for_publish"": false, ""weather"": false, ""xg"": false}, ""day_inventory_path"": "".data/day_inventory/2026-05-14.json"", ""day_inventory_refresh"": {""last_context_refresh_utc"": null, ""last_fixture_refresh_utc"": ""2026-05-13T21:01:36.659902+00:00"", ""last_odds_refresh_utc"": null}, ""day_inventory_source_ids"": {""day_inventory"": ""soccer|grebbestad|lidkoping|2026-05-14"", ""sstats"": ""1510574""}, ""latest_run_source"": ""day_inventory"", ""latest_run_source_event_id"": ""soccer|grebbestad|lidkoping|2026-05-14"", ""provider_source_ids"": {""sstats"": ""1510574""}, ""sources_seen"": ""sstats"", ""sstats_has_context_hint"": true, ""sstats_status"": ""2""}",,,,,,,,,,,,,,,,,,,,,,,,,,,,,,,
soccer|gj vik lyn|lillehammer|2026-05-14,day_inventory,soccer|gj vik lyn|lillehammer|2026-05-14,soccer,Unknown,Lillehammer,Gjøvik-Lyn,2026-05-14T13:00:00+00:00,mid,"{""accumulated_from_latest_matches"": true, ""core_inventory"": true, ""coverage_repair_sources"": [""day_inventory""], ""day_inventory"": true, ""day_inventory_coverage"": {""context"": true, ""context_2plus_sources"": false, ""fixture_core"": true, ""fixture_source_2plus"": false, ""form"": true, ""news"": false, ""odds"": false, ""odds_2plus_sources"": false, ""ready_for_model"": false, ""ready_for_publish"": false, ""weather"": false, ""xg"": false}, ""day_inventory_path"": "".data/day_inventory/2026-05-14.json"", ""day_inventory_refresh"": {""last_context_refresh_utc"": null, ""last_fixture_refresh_utc"": ""2026-05-13T21:01:36.660071+00:00"", ""last_odds_refresh_utc"": null}, ""day_inventory_source_ids"": {""day_inventory"": ""soccer|gj vik lyn|lillehammer|2026-05-14"", ""sstats"": ""1497332""}, ""latest_run_source"": ""day_inventory"", ""latest_run_source_event_id"": ""soccer|gj vik lyn|lillehammer|2026-05-14"", ""provider_source_ids"": {""sstats"": ""1497332""}, ""sources_seen"": ""sstats"", ""sstats_has_context_hint"": true, ""sstats_status"": ""2""}",,,,,,,,,,,,,,,,,,,,,,,,,,,,,,,
soccer|lokomotiv oslo|union carl berner|2026-05-14,day_inventory,soccer|lokomotiv oslo|union carl berner|2026-05-14,soccer,Unknown,Lokomotiv Oslo,Union Carl Berner,2026-05-14T13:00:00+00:00,mid,"{""accumulated_from_latest_matches"": true, ""core_inventory"": true, ""coverage_repair_sources"": [""day_inventory""], ""day_inventory"": true, ""day_inventory_coverage"": {""context"": true, ""context_2plus_sources"": false, ""fixture_core"": true, ""fixture_source_2plus"": false, ""form"": true, ""news"": false, ""odds"": false, ""odds_2plus_sources"": false, ""ready_for_model"": false, ""ready_for_publish"": false, ""weather"": false, ""xg"": false}, ""day_inventory_path"": "".data/day_inventory/2026-05-14.json"", ""day_inventory_refresh"": {""last_context_refresh_utc"": null, ""last_fixture_refresh_utc"": ""2026-05-13T21:01:36.660270+00:00"", ""last_odds_refresh_utc"": null}, ""day_inventory_source_ids"": {""day_inventory"": ""soccer|lokomotiv oslo|union carl berner|2026-05-14"", ""sstats"": ""1496425""}, ""latest_run_source"": ""day_inventory"", ""latest_run_source_event_id"": ""soccer|lokomotiv oslo|union carl berner|2026-05-14"", ""provider_source_ids"": {""sstats"": ""1496425""}, ""sources_seen"": ""sstats"", ""sstats_has_context_hint"": true, ""sstats_status"": ""2""}",,,,,,,,,,,,,,,,,,,,,,,,,,,,,,,
soccer|angola|mali|2026-05-14,day_inventory,soccer|angola|mali|2026-05-14,soccer,Unknown,Mali U17,Angola U17,2026-05-14T13:00:00+00:00,mid,"{""accumulated_from_latest_matches"": true, ""core_inventory"": true, ""coverage_repair_sources"": [""day_inventory""], ""day_inventory"": true, ""day_inventory_coverage"": {""context"": true, ""context_2plus_sources"": false, ""fixture_core"": true, ""fixture_source_2plus"": false, ""form"": true, ""news"": false, ""odds"": false, ""odds_2plus_sources"": false, ""ready_for_model"": false, ""ready_for_publish"": false, ""weather"": false, ""xg"": false}, ""day_inventory_path"": "".data/day_inventory/2026-05-14.json"", ""day_inventory_refresh"": {""last_context_refresh_utc"": null, ""last_fixture_refresh_utc"": ""2026-05-13T21:01:36.660431+00:00"", ""last_odds_refresh_utc"": null}, ""day_inventory_source_ids"": {""day_inventory"": ""soccer|angola|mali|2026-05-14"", ""sstats"": ""1544895""}, ""latest_run_source"": ""day_inventory"", ""latest_run_source_event_id"": ""soccer|angola|mali|2026-05-14"", ""provider_source_ids"": {""sstats"": ""1544895""}, ""sources_seen"": ""sstats"", ""sstats_has_context_hint"": true, ""sstats_status"": ""2""}",,,,,,,,,,,,,,,,,,,,,,,,,,,,,,,
soccer|konkola blades|mines|2026-05-14,day_inventory,71423416,soccer,Unknown,Mines,Konkola Blades,2026-05-14T13:00:00+00:00,mid,"{""accumulated_from_latest_matches"": true, ""core_inventory"": true, ""coverage_repair_sources"": [""day_inventory""], ""day_inventory"": true, ""day_inventory_coverage"": {""context"": true, ""context_2plus_sources"": false, ""fixture_core"": true, ""fixture_source_2plus"": true, ""form"": true, ""news"": false, ""odds"": true, ""odds_2plus_sources"": false, ""odds_sources_count"": 1, ""ready_for_model"": true, ""ready_for_publish"": false, ""weather"": false, ""xg"": false}, ""day_inventory_path"": "".data/day_inventory/2026-05-14.json"", ""day_inventory_refresh"": {""last_context_refresh_utc"": null, ""last_fixture_refresh_utc"": ""2026-05-13T21:01:36.660592+00:00"", ""last_odds_refresh_utc"": null}, ""day_inventory_source_ids"": {""day_inventory"": ""71423416"", ""odds_api_io"": ""71423416"", ""sstats"": ""1416193""}, ""latest_run_source"": ""day_inventory"", ""latest_run_source_event_id"": ""71423416"", ""provider_source_ids"": {""sstats"": ""1416193""}, ""sources_seen"": ""sstats"", ""sstats_has_context_hint"": true, ""sstats_status"": ""2""}",,,,,,,,,,,,,,,,,,,,,,,,,,,,,,,
soccer|damash gilanian|niroye zamini|2026-05-14,day_inventory,70945790,soccer,Unknown,Niroye Zamini,Damash Gilanian,2026-05-14T13:00:00+00:00,mid,"{""accumulated_from_latest_matches"": true, ""core_inventory"": true, ""coverage_repair_sources"": [""day_inventory""], ""day_inventory"": true, ""day_inventory_coverage"": {""context"": true, ""context_2plus_sources"": false, ""fixture_core"": true, ""fixture_source_2plus"": true, ""form"": true, ""news"": false, ""odds"": true, ""odds_2plus_sources"": false, ""odds_sources_count"": 1, ""ready_for_model"": true, ""ready_for_publish"": false, ""weather"": false, ""xg"": false}, ""day_inventory_path"": "".data/day_inventory/2026-05-14.json"", ""day_inventory_refresh"": {""last_context_refresh_utc"": null, ""last_fixture_refresh_utc"": ""2026-05-13T21:01:36.660767+00:00"", ""last_odds_refresh_utc"": null}, ""day_inventory_source_ids"": {""day_inventory"": ""70945790"", ""odds_api_io"": ""70945790"", ""sstats"": ""1521115""}, ""latest_run_source"": ""day_inventory"", ""latest_run_source_event_id"": ""70945790"", ""provider_source_ids"": {""sstats"": ""1521115""}, ""sources_seen"": ""sstats"", ""sstats_has_context_hint"": true, ""sstats_status"": ""2""}",,,,,,,,,,,,,,,,,,,,,,,,,,,,,,,
soccer|fyllingsdalen|os|2026-05-14,day_inventory,soccer|fyllingsdalen|os|2026-05-14,soccer,Unknown,Os,Fyllingsdalen,2026-05-14T13:00:00+00:00,mid,"{""accumulated_from_latest_matches"": true, ""core_inventory"": true, ""coverage_repair_sources"": [""day_inventory""], ""day_inventory"": true, ""day_inventory_coverage"": {""context"": true, ""context_2plus_sources"": false, ""fixture_core"": true, ""fixture_source_2plus"": false, ""form"": true, ""news"": false, ""odds"": false, ""odds_2plus_sources"": false, ""ready_for_model"": false, ""ready_for_publish"": false, ""weather"": false, ""xg"": false}, ""day_inventory_path"": "".data/day_inventory/2026-05-14.json"", ""day_inventory_refresh"": {""last_context_refresh_utc"": null, ""last_fixture_refresh_utc"": ""2026-05-13T21:01:36.660917+00:00"", ""last_odds_refresh_utc"": null}, ""day_inventory_source_ids"": {""day_inventory"": ""soccer|fyllingsdalen|os|2026-05-14"", ""sstats"": ""1496789""}, ""latest_run_source"": ""day_inventory"", ""latest_run_source_event_id"": ""soccer|fyllingsdalen|os|2026-05-14"", ""provider_source_ids"": {""sstats"": ""1496789""}, ""sources_seen"": ""sstats"", ""sstats_has_context_hint"": true, ""sstats_status"": ""2""}",,,,,,,,,,,,,,,,,,,,,,,,,,,,,,,
soccer|brumunddal|raelingen|2026-05-14,day_inventory,soccer|brumunddal|raelingen|2026-05-14,soccer,Unknown,Raelingen,Brumunddal,2026-05-14T13:00:00+00:00,mid,"{""accumulated_from_latest_matches"": true, ""core_inventory"": true, ""coverage_repair_sources"": [""day_inventory""], ""day_inventory"": true, ""day_inventory_coverage"": {""context"": true, ""context_2plus_sources"": false, ""fixture_core"": true, ""fixture_source_2plus"": false, ""form"": true, ""news"": false, ""odds"": false, ""odds_2plus_sources"": false, ""ready_for_model"": false, ""ready_for_publish"": false, ""weather"": false, ""xg"": false}, ""day_inventory_path"": "".data/day_inventory/2026-05-14.json"", ""day_inventory_refresh"": {""last_context_refresh_utc"": null, ""last_fixture_refresh_utc"": ""2026-05-13T21:01:36.661077+00:00"", ""last_odds_refresh_utc"": null}, ""day_inventory_source_ids"": {""day_inventory"": ""soccer|brumunddal|raelingen|2026-05-14"", ""sstats"": ""1497335""}, ""latest_run_source"": ""day_inventory"", ""latest_run_source_event_id"": ""soccer|brumunddal|raelingen|2026-05-14"", ""provider_source_ids"": {""sstats"": ""1497335""}, ""sources_seen"": ""sstats"", ""sstats_has_context_hint"": true, ""sstats_status"": ""2""}",,,,,,,,,,,,,,,,,,,,,,,,,,,,,,,
soccer|green eagles|red arrows|2026-05-14,day_inventory,71423498,soccer,Unknown,Red Arrows,Green Eagles,2026-05-14T13:00:00+00:00,mid,"{""accumulated_from_latest_matches"": true, ""core_inventory"": true, ""coverage_repair_sources"": [""day_inventory""], ""day_inventory"": true, ""day_inventory_coverage"": {""context"": true, ""context_2plus_sources"": false, ""fixture_core"": true, ""fixture_source_2plus"": true, ""form"": true, ""news"": false, ""odds"": true, ""odds_2plus_sources"": false, ""odds_sources_count"": 1, ""ready_for_model"": true, ""ready_for_publish"": false, ""weather"": false, ""xg"": false}, ""day_inventory_path"": "".data/day_inventory/2026-05-14.json"", ""day_inventory_refresh"": {""last_context_refresh_utc"": null, ""last_fixture_refresh_utc"": ""2026-05-13T21:01:36.661258+00:00"", ""last_odds_refresh_utc"": null}, ""day_inventory_source_ids"": {""day_inventory"": ""71423498"", ""odds_api_io"": ""71423498"", ""sstats"": ""1416195""}, ""latest_run_source"": ""day_inventory"", ""latest_run_source_event_id"": ""71423498"", ""provider_source_ids"": {""sstats"": ""1416195""}, ""sources_seen"": ""sstats"", ""sstats_has_context_hint"": true, ""sstats_status"": ""2""}",,,,,,,,,,,,,,,,,,,,,,,,,,,,,,,
soccer|fard alborz|shahrdari noshahr|2026-05-14,day_inventory,70945796,soccer,Unknown,Shahrdari Noshahr,Fard Alborz,2026-05-14T13:00:00+00:00,mid,"{""accumulated_from_latest_matches"": true, ""core_inventory"": true, ""coverage_repair_sources"": [""day_inventory""], ""day_inventory"": true, ""day_inventory_coverage"": {""context"": true, ""context_2plus_sources"": false, ""fixture_core"": true, ""fixture_source_2plus"": true, ""form"": true, ""news"": false, ""odds"": true, ""odds_2plus_sources"": false, ""odds_sources_count"": 1, ""ready_for_model"": true, ""ready_for_publish"": false, ""weather"": false, ""xg"": false}, ""day_inventory_path"": "".data/day_inventory/2026-05-14.json"", ""day_inventory_refresh"": {""last_context_refresh_utc"": null, ""last_fixture_refresh_utc"": ""2026-05-13T21:01:36.661436+00:00"", ""last_odds_refresh_utc"": null}, ""day_inventory_source_ids"": {""day_inventory"": ""70945796"", ""odds_api_io"": ""70945796"", ""sstats"": ""1521117""}, ""latest_run_source"": ""day_inventory"", ""latest_run_source_event_id"": ""70945796"", ""provider_source_ids"": {""sstats"": ""1521117""}, ""sources_seen"": ""sstats"", ""sstats_has_context_hint"": true, ""sstats_status"": ""2""}",,,,,,,,,,,,,,,,,,,,,,,,,,,,,,,
soccer|melhus|spjelkavik|2026-05-14,day_inventory,soccer|melhus|spjelkavik|2026-05-14,soccer,Unknown,Spjelkavik,Melhus,2026-05-14T13:00:00+00:00,mid,"{""accumulated_from_latest_matches"": true, ""core_inventory"": true, ""coverage_repair_sources"": [""day_inventory""], ""day_inventory"": true, ""day_inventory_coverage"": {""context"": true, ""context_2plus_sources"": false, ""fixture_core"": true, ""fixture_source_2plus"": false, ""form"": true, ""news"": false, ""odds"": false, ""odds_2plus_sources"": false, ""ready_for_model"": false, ""ready_for_publish"": false, ""weather"": false, ""xg"": false}, ""day_inventory_path"": "".data/day_inventory/2026-05-14.json"", ""day_inventory_refresh"": {""last_context_refresh_utc"": null, ""last_fixture_refresh_utc"": ""2026-05-13T21:01:36.661589+00:00"", ""last_odds_refresh_utc"": null}, ""day_inventory_source_ids"": {""day_inventory"": ""soccer|melhus|spjelkavik|2026-05-14"", ""sstats"": ""1496608""}, ""latest_run_source"": ""day_inventory"", ""latest_run_source_event_id"": ""soccer|melhus|spjelkavik|2026-05-14"", ""provider_source_ids"": {""sstats"": ""1496608""}, ""sources_seen"": ""sstats"", ""sstats_has_context_hint"": true, ""sstats_status"": ""2""}",,,,,,,,,,,,,,,,,,,,,,,,,,,,,,,
soccer|str msgodset 2|ulfstind|2026-05-14,day_inventory,soccer|str msgodset 2|ulfstind|2026-05-14,soccer,Unknown,Ulfstind,Strømsgodset II,2026-05-14T13:00:00+00:00,mid,"{""accumulated_from_latest_matches"": true, ""core_inventory"": true, ""coverage_repair_sources"": [""day_inventory""], ""day_inventory"": true, ""day_inventory_coverage"": {""context"": true, ""context_2plus_sources"": false, ""fixture_core"": true, ""fixture_source_2plus"": false, ""form"": true, ""news"": false, ""odds"": false, ""odds_2plus_sources"": false, ""ready_for_model"": false, ""ready_for_publish"": false, ""weather"": false, ""xg"": false}, ""day_inventory_path"": "".data/day_inventory/2026-05-14.json"", ""day_inventory_refresh"": {""last_context_refresh_utc"": null, ""last_fixture_refresh_utc"": ""2026-05-13T21:01:36.661765+00:00"", ""last_odds_refresh_utc"": null}, ""day_inventory_source_ids"": {""day_inventory"": ""soccer|str msgodset 2|ulfstind|2026-05-14"", ""sstats"": ""1497155""}, ""latest_run_source"": ""day_inventory"", ""latest_run_source_event_id"": ""soccer|str msgodset 2|ulfstind|2026-05-14"", ""provider_source_ids"": {""sstats"": ""1497155""}, ""sources_seen"": ""sstats"", ""sstats_has_context_hint"": true, ""sstats_status"": ""2""}",,,,,,,,,,,,,,,,,,,,,,,,,,,,,,,
soccer|anderlecht|union saint gilloise|2026-05-14,day_inventory,soccer|anderlecht|union saint gilloise|2026-05-14,soccer,Unknown,Union St. Gilloise,Anderlecht,2026-05-14T13:00:00+00:00,mid,"{""accumulated_from_latest_matches"": true, ""core_inventory"": true, ""coverage_repair_sources"": [""day_inventory""], ""day_inventory"": true, ""day_inventory_coverage"": {""context"": true, ""context_2plus_sources"": false, ""fixture_core"": true, ""fixture_source_2plus"": false, ""form"": true, ""news"": false, ""odds"": false, ""odds_2plus_sources"": false, ""ready_for_model"": false, ""ready_for_publish"": false, ""weather"": false, ""xg"": false}, ""day_inventory_path"": "".data/day_inventory/2026-05-14.json"", ""day_inventory_refresh"": {""last_context_refresh_utc"": null, ""last_fixture_refresh_utc"": ""2026-05-13T21:01:36.661952+00:00"", ""last_odds_refresh_utc"": null}, ""day_inventory_source_ids"": {""day_inventory"": ""soccer|anderlecht|union saint gilloise|2026-05-14"", ""sstats"": ""1522577""}, ""latest_run_source"": ""day_inventory"", ""latest_run_source_event_id"": ""soccer|anderlecht|union saint gilloise|2026-05-14"", ""provider_source_ids"": {""sstats"": ""1522577""}, ""sources_seen"": ""sstats"", ""sstats_has_context_hint"": true, ""sstats_status"": ""2""}",,,,,,,,,,,,,,,,,,,,,,,,,,,,,,,
soccer|kedus giorgis|welayta dicha|2026-05-14,day_inventory,soccer|kedus giorgis|welayta dicha|2026-05-14,soccer,Unknown,Welayta Dicha,Kedus Giorgis,2026-05-14T13:00:00+00:00,mid,"{""accumulated_from_latest_matches"": true, ""core_inventory"": true, ""coverage_repair_sources"": [""day_inventory""], ""day_inventory"": true, ""day_inventory_coverage"": {""context"": true, ""context_2plus_sources"": false, ""fixture_core"": true, ""fixture_source_2plus"": false, ""form"": true, ""news"": false, ""odds"": false, ""odds_2plus_sources"": false, ""ready_for_model"": false, ""ready_for_publish"": false, ""weather"": false, ""xg"": false}, ""day_inventory_path"": "".data/day_inventory/2026-05-14.json"", ""day_inventory_refresh"": {""last_context_refresh_utc"": null, ""last_fixture_refresh_utc"": ""2026-05-13T21:01:36.662125+00:00"", ""last_odds_refresh_utc"": null}, ""day_inventory_source_ids"": {""day_inventory"": ""soccer|kedus giorgis|welayta dicha|2026-05-14"", ""sstats"": ""1541057""}, ""latest_run_source"": ""day_inventory"", ""latest_run_source_event_id"": ""soccer|kedus giorgis|welayta dicha|2026-05-14"", ""provider_source_ids"": {""sstats"": ""1541057""}, ""sources_seen"": ""sstats"", ""sstats_has_context_hint"": true, ""sstats_status"": ""2""}",,,,,,,,,,,,,,,,,,,,,,,,,,,,,,,
soccer|difai agsu|simal|2026-05-14,day_inventory,soccer|difai agsu|simal|2026-05-14,soccer,Unknown,Şimal,Difai Ağsu,2026-05-14T13:00:00+00:00,mid,"{""accumulated_from_latest_matches"": true, ""core_inventory"": true, ""coverage_repair_sources"": [""day_inventory""], ""day_inventory"": true, ""day_inventory_coverage"": {""context"": true, ""context_2plus_sources"": false, ""fixture_core"": true, ""fixture_source_2plus"": false, ""form"": true, ""news"": false, ""odds"": false, ""odds_2plus_sources"": false, ""ready_for_model"": false, ""ready_for_publish"": false, ""weather"": false, ""xg"": false}, ""day_inventory_path"": "".data/day_inventory/2026-05-14.json"", ""day_inventory_refresh"": {""last_context_refresh_utc"": null, ""last_fixture_refresh_utc"": ""2026-05-13T21:01:36.662300+00:00"", ""last_odds_refresh_utc"": null}, ""day_inventory_source_ids"": {""day_inventory"": ""soccer|difai agsu|simal|2026-05-14"", ""sstats"": ""1466976""}, ""latest_run_source"": ""day_inventory"", ""latest_run_source_event_id"": ""soccer|difai agsu|simal|2026-05-14"", ""provider_source_ids"": {""sstats"": ""1466976""}, ""sources_seen"": ""sstats"", ""sstats_has_context_hint"": true, ""sstats_status"": ""2""}",,,,,,,,,,,,,,,,,,,,,,,,,,,,,,,
soccer|be sat kermanshah|nassaji mazandaran|2026-05-14,day_inventory,soccer|be sat kermanshah|nassaji mazandaran|2026-05-14,soccer,Unknown,Be'sat Kermanshah,Nassaji Mazandaran,2026-05-14T13:15:00+00:00,mid,"{""accumulated_from_latest_matches"": true, ""core_inventory"": true, ""coverage_repair_sources"": [""day_inventory""], ""day_inventory"": true, ""day_inventory_coverage"": {""context"": true, ""context_2plus_sources"": false, ""fixture_core"": true, ""fixture_source_2plus"": false, ""form"": true, ""news"": false, ""odds"": false, ""odds_2plus_sources"": false, ""ready_for_model"": false, ""ready_for_publish"": false, ""weather"": false, ""xg"": false}, ""day_inventory_path"": "".data/day_inventory/2026-05-14.json"", ""day_inventory_refresh"": {""last_context_refresh_utc"": null, ""last_fixture_refresh_utc"": ""2026-05-13T21:01:36.662495+00:00"", ""last_odds_refresh_utc"": null}, ""day_inventory_source_ids"": {""day_inventory"": ""soccer|be sat kermanshah|nassaji mazandaran|2026-05-14"", ""sstats"": ""1521118""}, ""latest_run_source"": ""day_inventory"", ""latest_run_source_event_id"": ""soccer|be sat kermanshah|nassaji mazandaran|2026-05-14"", ""provider_source_ids"": {""sstats"": ""1521118""}, ""sources_seen"": ""sstats"", ""sstats_has_context_hint"": true, ""sstats_status"": ""2""}",,,,,,,,,,,,,,,,,,,,,,,,,,,,,,,
soccer|ezulwini united|tabankulu|2026-05-14,day_inventory,soccer|ezulwini united|tabankulu|2026-05-14,soccer,Unknown,Ezulwini United,Tabankulu,2026-05-14T13:15:00+00:00,mid,"{""accumulated_from_latest_matches"": true, ""core_inventory"": true, ""coverage_repair_sources"": [""day_inventory""], ""day_inventory"": true, ""day_inventory_coverage"": {""context"": true, ""context_2plus_sources"": false, ""fixture_core"": true, ""fixture_source_2plus"": false, ""form"": true, ""news"": false, ""odds"": false, ""odds_2plus_sources"": false, ""ready_for_model"": false, ""ready_for_publish"": false, ""weather"": false, ""xg"": false}, ""day_inventory_path"": "".data/day_inventory/2026-05-14.json"", ""day_inventory_refresh"": {""last_context_refresh_utc"": null, ""last_fixture_refresh_utc"": ""2026-05-13T21:01:36.662664+00:00"", ""last_odds_refresh_utc"": null}, ""day_inventory_source_ids"": {""day_inventory"": ""soccer|ezulwini united|tabankulu|2026-05-14"", ""sstats"": ""1512078""}, ""latest_run_source"": ""day_inventory"", ""latest_run_source_event_id"": ""soccer|ezulwini united|tabankulu|2026-05-14"", ""provider_source_ids"": {""sstats"": ""1512078""}, ""sources_seen"": ""sstats"", ""sstats_has_context_hint"": true, ""sstats_status"": ""2""}",,,,,,,,,,,,,,,,,,,,,,,,,,,,,,,
soccer|mashujaa|simba|2026-05-14,day_inventory,soccer|mashujaa|simba|2026-05-14,soccer,Unknown,Mashujaa,Simba,2026-05-14T13:15:00+00:00,mid,"{""accumulated_from_latest_matches"": true, ""core_inventory"": true, ""coverage_repair_sources"": [""day_inventory""], ""day_inventory"": true, ""day_inventory_coverage"": {""context"": true, ""context_2plus_sources"": false, ""fixture_core"": true, ""fixture_source_2plus"": false, ""form"": true, ""news"": false, ""odds"": false, ""odds_2plus_sources"": false, ""ready_for_model"": false, ""ready_for_publish"": false, ""weather"": false, ""xg"": false}, ""day_inventory_path"": "".data/day_inventory/2026-05-14.json"", ""day_inventory_refresh"": {""last_context_refresh_utc"": null, ""last_fixture_refresh_utc"": ""2026-05-13T21:01:36.662815+00:00"", ""last_odds_refresh_utc"": null}, ""day_inventory_source_ids"": {""day_inventory"": ""soccer|mashujaa|simba|2026-05-14"", ""sstats"": ""1477226""}, ""latest_run_source"": ""day_inventory"", ""latest_run_source_event_id"": ""soccer|mashujaa|simba|2026-05-14"", ""provider_source_ids"": {""sstats"": ""1477226""}, ""sources_seen"": ""sstats"", ""sstats_has_context_hint"": true, ""sstats_status"": ""2""}",,,,,,,,,,,,,,,,,,,,,,,,,,,,,,,
soccer|mes kerman|mes shahr e babak|2026-05-14,day_inventory,soccer|mes kerman|mes shahr e babak|2026-05-14,soccer,Unknown,Mes Kerman,Mes Shahr-e Babak,2026-05-14T13:15:00+00:00,mid,"{""accumulated_from_latest_matches"": true, ""core_inventory"": true, ""coverage_repair_sources"": [""day_inventory""], ""day_inventory"": true, ""day_inventory_coverage"": {""context"": true, ""context_2plus_sources"": false, ""fixture_core"": true, ""fixture_source_2plus"": false, ""form"": true, ""news"": false, ""odds"": false, ""odds_2plus_sources"": false, ""ready_for_model"": false, ""ready_for_publish"": false, ""weather"": false, ""xg"": false}, ""day_inventory_path"": "".data/day_inventory/2026-05-14.json"", ""day_inventory_refresh"": {""last_context_refresh_utc"": null, ""last_fixture_refresh_utc"": ""2026-05-13T21:01:36.662997+00:00"", ""last_odds_refresh_utc"": null}, ""day_inventory_source_ids"": {""day_inventory"": ""soccer|mes kerman|mes shahr e babak|2026-05-14"", ""sstats"": ""1521120""}, ""latest_run_source"": ""day_inventory"", ""latest_run_source_event_id"": ""soccer|mes kerman|mes shahr e babak|2026-05-14"", ""provider_source_ids"": {""sstats"": ""1521120""}, ""sources_seen"": ""sstats"", ""sstats_has_context_hint"": true, ""sstats_status"": ""2""}",,,,,,,,,,,,,,,,,,,,,,,,,,,,,,,
soccer|asyut petrol|baladiyyat al mehalla|2026-05-14,day_inventory,soccer|asyut petrol|baladiyyat al mehalla|2026-05-14,soccer,Unknown,Asyut Petrol,Baladiyyat Al Mehalla,2026-05-14T13:30:00+00:00,mid,"{""accumulated_from_latest_matches"": true, ""core_inventory"": true, ""coverage_repair_sources"": [""day_inventory""], ""day_inventory"": true, ""day_inventory_coverage"": {""context"": true, ""context_2plus_sources"": false, ""fixture_core"": true, ""fixture_source_2plus"": false, ""form"": true, ""news"": false, ""odds"": false, ""odds_2plus_sources"": false, ""ready_for_model"": false, ""ready_for_publish"": false, ""weather"": false, ""xg"": false}, ""day_inventory_path"": "".data/day_inventory/2026-05-14.json"", ""day_inventory_refresh"": {""last_context_refresh_utc"": null, ""last_fixture_refresh_utc"": ""2026-05-13T21:01:36.663195+00:00"", ""last_odds_refresh_utc"": null}, ""day_inventory_source_ids"": {""day_inventory"": ""soccer|asyut petrol|baladiyyat al mehalla|2026-05-14"", ""sstats"": ""1440972""}, ""latest_run_source"": ""day_inventory"", ""latest_run_source_event_id"": ""soccer|asyut petrol|baladiyyat al mehalla|2026-05-14"", ""provider_source_ids"": {""sstats"": ""1440972""}, ""sources_seen"": ""sstats"", ""sstats_has_context_hint"": true, ""sstats_status"": ""2""}",,,,,,,,,,,,,,,,,,,,,,,,,,,,,,,
soccer|el dakhleya|proxy|2026-05-14,day_inventory,soccer|el dakhleya|proxy|2026-05-14,soccer,Unknown,El Dakhleya,Proxy,2026-05-14T13:30:00+00:00,mid,"{""accumulated_from_latest_matches"": true, ""core_inventory"": true, ""coverage_repair_sources"": [""day_inventory""], ""day_inventory"": true, ""day_inventory_coverage"": {""context"": true, ""context_2plus_sources"": false, ""fixture_core"": true, ""fixture_source_2plus"": false, ""form"": true, ""news"": false, ""odds"": false, ""odds_2plus_sources"": false, ""ready_for_model"": false, ""ready_for_publish"": false, ""weather"": false, ""xg"": false}, ""day_inventory_path"": "".data/day_inventory/2026-05-14.json"", ""day_inventory_refresh"": {""last_context_refresh_utc"": null, ""last_fixture_refresh_utc"": ""2026-05-13T21:01:36.663354+00:00"", ""last_odds_refresh_utc"": null}, ""day_inventory_source_ids"": {""day_inventory"": ""soccer|el dakhleya|proxy|2026-05-14"", ""sstats"": ""1440971""}, ""latest_run_source"": ""day_inventory"", ""latest_run_source_event_id"": ""soccer|el dakhleya|proxy|2026-05-14"", ""provider_source_ids"": {""sstats"": ""1440971""}, ""sources_seen"": ""sstats"", ""sstats_has_context_hint"": true, ""sstats_status"": ""2""}",,,,,,,,,,,,,,,,,,,,,,,,,,,,,,,
soccer|el entag el harby|tersana|2026-05-14,day_inventory,soccer|el entag el harby|tersana|2026-05-14,soccer,Unknown,El Entag EL Harby,Tersana,2026-05-14T13:30:00+00:00,mid,"{""accumulated_from_latest_matches"": true, ""core_inventory"": true, ""coverage_repair_sources"": [""day_inventory""], ""day_inventory"": true, ""day_inventory_coverage"": {""context"": true, ""context_2plus_sources"": false, ""fixture_core"": true, ""fixture_source_2plus"": false, ""form"": true, ""news"": false, ""odds"": false, ""odds_2plus_sources"": false, ""ready_for_model"": false, ""ready_for_publish"": false, ""weather"": false, ""xg"": false}, ""day_inventory_path"": "".data/day_inventory/2026-05-14.json"", ""day_inventory_refresh"": {""last_context_refresh_utc"": null, ""last_fixture_refresh_utc"": ""2026-05-13T21:01:36.663525+00:00"", ""last_odds_refresh_utc"": null}, ""day_inventory_source_ids"": {""day_inventory"": ""soccer|el entag el harby|tersana|2026-05-14"", ""sstats"": ""1445412""}, ""latest_run_source"": ""day_inventory"", ""latest_run_source_event_id"": ""soccer|el entag el harby|tersana|2026-05-14"", ""provider_source_ids"": {""sstats"": ""1445412""}, ""sources_seen"": ""sstats"", ""sstats_has_context_hint"": true, ""sstats_status"": ""2""}",,,,,,,,,,,,,,,,,,,,,,,,,,,,,,,
soccer|el seka el hadid|la viena|2026-05-14,day_inventory,soccer|el seka el hadid|la viena|2026-05-14,soccer,Unknown,El Seka El Hadid,La Viena FC,2026-05-14T13:30:00+00:00,mid,"{""accumulated_from_latest_matches"": true, ""core_inventory"": true, ""coverage_repair_sources"": [""day_inventory""], ""day_inventory"": true, ""day_inventory_coverage"": {""context"": true, ""context_2plus_sources"": false, ""fixture_core"": true, ""fixture_source_2plus"": false, ""form"": true, ""news"": false, ""odds"": false, ""odds_2plus_sources"": false, ""ready_for_model"": false, ""ready_for_publish"": false, ""weather"": false, ""xg"": false}, ""day_inventory_path"": "".data/day_inventory/2026-05-14.json"", ""day_inventory_refresh"": {""last_context_refresh_utc"": null, ""last_fixture_refresh_utc"": ""2026-05-13T21:01:36.663707+00:00"", ""last_odds_refresh_utc"": null}, ""day_inventory_source_ids"": {""day_inventory"": ""soccer|el seka el hadid|la viena|2026-05-14"", ""sstats"": ""1440973""}, ""latest_run_source"": ""day_inventory"", ""latest_run_source_event_id"": ""soccer|el seka el hadid|la viena|2026-05-14"", ""provider_source_ids"": {""sstats"": ""1440973""}, ""sources_seen"": ""sstats"", ""sstats_has_context_hint"": true, ""sstats_status"": ""2""}",,,,,,,,,,,,,,,,,,,,,,,,,,,,,,,
soccer|aswan|maleyet kafr el zayiat|2026-05-14,day_inventory,soccer|aswan|maleyet kafr el zayiat|2026-05-14,soccer,Unknown,Maleyet Kafr El Zayiat,Aswan Sc,2026-05-14T13:30:00+00:00,mid,"{""accumulated_from_latest_matches"": true, ""core_inventory"": true, ""coverage_repair_sources"": [""day_inventory""], ""day_inventory"": true, ""day_inventory_coverage"": {""context"": true, ""context_2plus_sources"": false, ""fixture_core"": true, ""fixture_source_2plus"": false, ""form"": true, ""news"": false, ""odds"": false, ""odds_2plus_sources"": false, ""ready_for_model"": false, ""ready_for_publish"": false, ""weather"": false, ""xg"": false}, ""day_inventory_path"": "".data/day_inventory/2026-05-14.json"", ""day_inventory_refresh"": {""last_context_refresh_utc"": null, ""last_fixture_refresh_utc"": ""2026-05-13T21:01:36.663890+00:00"", ""last_odds_refresh_utc"": null}, ""day_inventory_source_ids"": {""day_inventory"": ""soccer|aswan|maleyet kafr el zayiat|2026-05-14"", ""sstats"": ""1445411""}, ""latest_run_source"": ""day_inventory"", ""latest_run_source_event_id"": ""soccer|aswan|maleyet kafr el zayiat|2026-05-14"", ""provider_source_ids"": {""sstats"": ""1445411""}, ""sources_seen"": ""sstats"", ""sstats_has_context_hint"": true, ""sstats_status"": ""2""}",,,,,,,,,,,,,,,,,,,,,,,,,,,,,,,
soccer|itesalat|masar|2026-05-14,day_inventory,soccer|itesalat|masar|2026-05-14,soccer,Unknown,Masar,Itesalat,2026-05-14T13:30:00+00:00,mid,"{""accumulated_from_latest_matches"": true, ""core_inventory"": true, ""coverage_repair_sources"": [""day_inventory""], ""day_inventory"": true, ""day_inventory_coverage"": {""context"": true, ""context_2plus_sources"": false, ""fixture_core"": true, ""fixture_source_2plus"": false, ""form"": true, ""news"": false, ""odds"": false, ""odds_2plus_sources"": false, ""ready_for_model"": false, ""ready_for_publish"": false, ""weather"": false, ""xg"": false}, ""day_inventory_path"": "".data/day_inventory/2026-05-14.json"", ""day_inventory_refresh"": {""last_context_refresh_utc"": null, ""last_fixture_refresh_utc"": ""2026-05-13T21:01:36.664041+00:00"", ""last_odds_refresh_utc"": null}, ""day_inventory_source_ids"": {""day_inventory"": ""soccer|itesalat|masar|2026-05-14"", ""sstats"": ""1445413""}, ""latest_run_source"": ""day_inventory"", ""latest_run_source_event_id"": ""soccer|itesalat|masar|2026-05-14"", ""provider_source_ids"": {""sstats"": ""1445413""}, ""sources_seen"": ""sstats"", ""sstats_has_context_hint"": true, ""sstats_status"": ""2""}",,,,,,,,,,,,,,,,,,,,,,,,,,,,,,,
soccer|dayrout|olympic el qanah|2026-05-14,day_inventory,soccer|dayrout|olympic el qanah|2026-05-14,soccer,Unknown,Olympic El Qanah,Dayrout,2026-05-14T13:30:00+00:00,mid,"{""accumulated_from_latest_matches"": true, ""core_inventory"": true, ""coverage_repair_sources"": [""day_inventory""], ""day_inventory"": true, ""day_inventory_coverage"": {""context"": true, ""context_2plus_sources"": false, ""fixture_core"": true, ""fixture_source_2plus"": false, ""form"": true, ""news"": false, ""odds"": false, ""odds_2plus_sources"": false, ""ready_for_model"": false, ""ready_for_publish"": false, ""weather"": false, ""xg"": false}, ""day_inventory_path"": "".data/day_inventory/2026-05-14.json"", ""day_inventory_refresh"": {""last_context_refresh_utc"": null, ""last_fixture_refresh_utc"": ""2026-05-13T21:01:36.664219+00:00"", ""last_odds_refresh_utc"": null}, ""day_inventory_source_ids"": {""day_inventory"": ""soccer|dayrout|olympic el qanah|2026-05-14"", ""sstats"": ""1440976""}, ""latest_run_source"": ""day_inventory"", ""latest_run_source_event_id"": ""soccer|dayrout|olympic el qanah|2026-05-14"", ""provider_source_ids"": {""sstats"": ""1440976""}, ""sources_seen"": ""sstats"", ""sstats_has_context_hint"": true, ""sstats_status"": ""2""}",,,,,,,,,,,,,,,,,,,,,,,,,,,,,,,
soccer|havadar|pars jonoubi jam|2026-05-14,day_inventory,soccer|havadar|pars jonoubi jam|2026-05-14,soccer,Unknown,Pars Jonoubi JAM,Havadar,2026-05-14T13:30:00+00:00,mid,"{""accumulated_from_latest_matches"": true, ""core_inventory"": true, ""coverage_repair_sources"": [""day_inventory""], ""day_inventory"": true, ""day_inventory_coverage"": {""context"": true, ""context_2plus_sources"": false, ""fixture_core"": true, ""fixture_source_2plus"": false, ""form"": true, ""news"": false, ""odds"": false, ""odds_2plus_sources"": false, ""ready_for_model"": false, ""ready_for_publish"": false, ""weather"": false, ""xg"": false}, ""day_inventory_path"": "".data/day_inventory/2026-05-14.json"", ""day_inventory_refresh"": {""last_context_refresh_utc"": null, ""last_fixture_refresh_utc"": ""2026-05-13T21:01:36.664387+00:00"", ""last_odds_refresh_utc"": null}, ""day_inventory_source_ids"": {""day_inventory"": ""soccer|havadar|pars jonoubi jam|2026-05-14"", ""sstats"": ""1521116""}, ""latest_run_source"": ""day_inventory"", ""latest_run_source_event_id"": ""soccer|havadar|pars jonoubi jam|2026-05-14"", ""provider_source_ids"": {""sstats"": ""1521116""}, ""sources_seen"": ""sstats"", ""sstats_has_context_hint"": true, ""sstats_status"": ""2""}",,,,,,,,,,,,,,,,,,,,,,,,,,,,,,,
soccer|el mansura|tanta|2026-05-14,day_inventory,soccer|el mansura|tanta|2026-05-14,soccer,Unknown,Tanta SC,El Mansura,2026-05-14T13:30:00+00:00,mid,"{""accumulated_from_latest_matches"": true, ""core_inventory"": true, ""coverage_repair_sources"": [""day_inventory""], ""day_inventory"": true, ""day_inventory_coverage"": {""context"": true, ""context_2plus_sources"": false, ""fixture_core"": true, ""fixture_source_2plus"": false, ""form"": true, ""news"": false, ""odds"": false, ""odds_2plus_sources"": false, ""ready_for_model"": false, ""ready_for_publish"": false, ""weather"": false, ""xg"": false}, ""day_inventory_path"": "".data/day_inventory/2026-05-14.json"", ""day_inventory_refresh"": {""last_context_refresh_utc"": null, ""last_fixture_refresh_utc"": ""2026-05-13T21:01:36.664548+00:00"", ""last_odds_refresh_utc"": null}, ""day_inventory_source_ids"": {""day_inventory"": ""soccer|el mansura|tanta|2026-05-14"", ""sstats"": ""1440974""}, ""latest_run_source"": ""day_inventory"", ""latest_run_source_event_id"": ""soccer|el mansura|tanta|2026-05-14"", ""provider_source_ids"": {""sstats"": ""1440974""}, ""sources_seen"": ""sstats"", ""sstats_has_context_hint"": true, ""sstats_status"": ""2""}",,,,,,,,,,,,,,,,,,,,,,,,,,,,,,,
soccer|sotra|vidar|2026-05-14,day_inventory,soccer|sotra|vidar|2026-05-14,soccer,Unknown,Vidar,Sotra,2026-05-14T13:30:00+00:00,mid,"{""accumulated_from_latest_matches"": true, ""core_inventory"": true, ""coverage_repair_sources"": [""day_inventory""], ""day_inventory"": true, ""day_inventory_coverage"": {""context"": true, ""context_2plus_sources"": false, ""fixture_core"": true, ""fixture_source_2plus"": false, ""form"": true, ""news"": false, ""odds"": false, ""odds_2plus_sources"": false, ""ready_for_model"": false, ""ready_for_publish"": false, ""weather"": false, ""xg"": false}, ""day_inventory_path"": "".data/day_inventory/2026-05-14.json"", ""day_inventory_refresh"": {""last_context_refresh_utc"": null, ""last_fixture_refresh_utc"": ""2026-05-13T21:01:36.664691+00:00"", ""last_odds_refresh_utc"": null}, ""day_inventory_source_ids"": {""day_inventory"": ""soccer|sotra|vidar|2026-05-14"", ""sstats"": ""1496063""}, ""latest_run_source"": ""day_inventory"", ""latest_run_source_event_id"": ""soccer|sotra|vidar|2026-05-14"", ""provider_source_ids"": {""sstats"": ""1496063""}, ""sources_seen"": ""sstats"", ""sstats_has_context_hint"": true, ""sstats_status"": ""2""}",,,,,,,,,,,,,,,,,,,,,,,,,,,,,,,
soccer|angelholms ff|atvidabergs ff|2026-05-14,day_inventory,soccer|angelholms ff|atvidabergs ff|2026-05-14,soccer,Unknown,Angelholms FF,Atvidabergs FF,2026-05-14T14:00:00+00:00,mid,"{""accumulated_from_latest_matches"": true, ""core_inventory"": true, ""coverage_repair_sources"": [""day_inventory""], ""day_inventory"": true, ""day_inventory_coverage"": {""context"": true, ""context_2plus_sources"": false, ""fixture_core"": true, ""fixture_source_2plus"": false, ""form"": true, ""news"": false, ""odds"": false, ""odds_2plus_sources"": false, ""ready_for_model"": false, ""ready_for_publish"": false, ""weather"": false, ""xg"": false}, ""day_inventory_path"": "".data/day_inventory/2026-05-14.json"", ""day_inventory_refresh"": {""last_context_refresh_utc"": null, ""last_fixture_refresh_utc"": ""2026-05-13T21:01:36.664867+00:00"", ""last_odds_refresh_utc"": null}, ""day_inventory_source_ids"": {""day_inventory"": ""soccer|angelholms ff|atvidabergs ff|2026-05-14"", ""sstats"": ""1504419""}, ""latest_run_source"": ""day_inventory"", ""latest_run_source_event_id"": ""soccer|angelholms ff|atvidabergs ff|2026-05-14"", ""provider_source_ids"": {""sstats"": ""1504419""}, ""sources_seen"": ""sstats"", ""sstats_has_context_hint"": true, ""sstats_status"": ""2""}",,,,,,,,,,,,,,,,,,,,,,,,,,,,,,,
soccer|bansko|germaneya|2026-05-14,day_inventory,soccer|bansko|germaneya|2026-05-14,soccer,Unknown,Bansko,Germaneya,2026-05-14T14:00:00+00:00,mid,"{""accumulated_from_latest_matches"": true, ""core_inventory"": true, ""coverage_repair_sources"": [""day_inventory""], ""day_inventory"": true, ""day_inventory_coverage"": {""context"": true, ""context_2plus_sources"": false, ""fixture_core"": true, ""fixture_source_2plus"": false, ""form"": true, ""news"": false, ""odds"": false, ""odds_2plus_sources"": false, ""ready_for_model"": false, ""ready_for_publish"": false, ""weather"": false, ""xg"": false}, ""day_inventory_path"": "".data/day_inventory/2026-05-14.json"", ""day_inventory_refresh"": {""last_context_refresh_utc"": null, ""last_fixture_refresh_utc"": ""2026-05-13T21:01:36.665020+00:00"", ""last_odds_refresh_utc"": null}, ""day_inventory_source_ids"": {""day_inventory"": ""soccer|bansko|germaneya|2026-05-14"", ""sstats"": ""1488981""}, ""latest_run_source"": ""day_inventory"", ""latest_run_source_event_id"": ""soccer|bansko|germaneya|2026-05-14"", ""provider_source_ids"": {""sstats"": ""1488981""}, ""sources_seen"": ""sstats"", ""sstats_has_context_hint"": true, ""sstats_status"": ""2""}",,,,,,,,,,,,,,,,,,,,,,,,,,,,,,,
soccer|hb torshavn|vikingur gota|2026-05-14,day_inventory,soccer|hb torshavn|vikingur gota|2026-05-14,soccer,Unknown,HB Torshavn,Vikingur Gota,2026-05-14T14:00:00+00:00,mid,"{""accumulated_from_latest_matches"": true, ""core_inventory"": true, ""coverage_repair_sources"": [""day_inventory""], ""day_inventory"": true, ""day_inventory_coverage"": {""context"": true, ""context_2plus_sources"": false, ""fixture_core"": true, ""fixture_source_2plus"": false, ""form"": true, ""news"": false, ""odds"": false, ""odds_2plus_sources"": false, ""ready_for_model"": false, ""ready_for_publish"": false, ""weather"": false, ""xg"": false}, ""day_inventory_path"": "".data/day_inventory/2026-05-14.json"", ""day_inventory_refresh"": {""last_context_refresh_utc"": null, ""last_fixture_refresh_utc"": ""2026-05-13T21:01:36.665201+00:00"", ""last_odds_refresh_utc"": null}, ""day_inventory_source_ids"": {""day_inventory"": ""soccer|hb torshavn|vikingur gota|2026-05-14"", ""sstats"": ""1543342""}, ""latest_run_source"": ""day_inventory"", ""latest_run_source_event_id"": ""soccer|hb torshavn|vikingur gota|2026-05-14"", ""provider_source_ids"": {""sstats"": ""1543342""}, ""sources_seen"": ""sstats"", ""sstats_has_context_hint"": true, ""sstats_status"": ""2""}",,,,,,,,,,,,,,,,,,,,,,,,,,,,,,,
soccer|hoyvik|tb|2026-05-14,day_inventory,soccer|hoyvik|tb|2026-05-14,soccer,Unknown,Hoyvík,TB,2026-05-14T14:00:00+00:00,mid,"{""accumulated_from_latest_matches"": true, ""core_inventory"": true, ""coverage_repair_sources"": [""day_inventory""], ""day_inventory"": true, ""day_inventory_coverage"": {""context"": true, ""context_2plus_sources"": false, ""fixture_core"": true, ""fixture_source_2plus"": false, ""form"": true, ""news"": false, ""odds"": false, ""odds_2plus_sources"": false, ""ready_for_model"": false, ""ready_for_publish"": false, ""weather"": false, ""xg"": false}, ""day_inventory_path"": "".data/day_inventory/2026-05-14.json"", ""day_inventory_refresh"": {""last_context_refresh_utc"": null, ""last_fixture_refresh_utc"": ""2026-05-13T21:01:36.665342+00:00"", ""last_odds_refresh_utc"": null}, ""day_inventory_source_ids"": {""day_inventory"": ""soccer|hoyvik|tb|2026-05-14"", ""sstats"": ""1506572""}, ""latest_run_source"": ""day_inventory"", ""latest_run_source_event_id"": ""soccer|hoyvik|tb|2026-05-14"", ""provider_source_ids"": {""sstats"": ""1506572""}, ""sources_seen"": ""sstats"", ""sstats_has_context_hint"": true, ""sstats_status"": ""2""}",,,,,,,,,,,,,,,,,,,,,,,,,,,,,,,
soccer|if karlstad|stocksund|2026-05-14,day_inventory,soccer|if karlstad|stocksund|2026-05-14,soccer,Unknown,IF Karlstad,Stocksund,2026-05-14T14:00:00+00:00,mid,"{""accumulated_from_latest_matches"": true, ""core_inventory"": true, ""coverage_repair_sources"": [""day_inventory""], ""day_inventory"": true, ""day_inventory_coverage"": {""context"": true, ""context_2plus_sources"": false, ""fixture_core"": true, ""fixture_source_2plus"": false, ""form"": true, ""news"": false, ""odds"": false, ""odds_2plus_sources"": false, ""ready_for_model"": false, ""ready_for_publish"": false, ""weather"": false, ""xg"": false}, ""day_inventory_path"": "".data/day_inventory/2026-05-14.json"", ""day_inventory_refresh"": {""last_context_refresh_utc"": null, ""last_fixture_refresh_utc"": ""2026-05-13T21:01:36.665506+00:00"", ""last_odds_refresh_utc"": null}, ""day_inventory_source_ids"": {""day_inventory"": ""soccer|if karlstad|stocksund|2026-05-14"", ""sstats"": ""1505142""}, ""latest_run_source"": ""day_inventory"", ""latest_run_source_event_id"": ""soccer|if karlstad|stocksund|2026-05-14"", ""provider_source_ids"": {""sstats"": ""1505142""}, ""sources_seen"": ""sstats"", ""sstats_has_context_hint"": true, ""sstats_status"": ""2""}",,,,,,,,,,,,,,,,,,,,,,,,,,,,,,,
soccer|gir|ka akureyri|2026-05-14,day_inventory,soccer|gir|ka akureyri|2026-05-14,soccer,Unknown,KA Akureyri,Ægir,2026-05-14T14:00:00+00:00,mid,"{""accumulated_from_latest_matches"": true, ""core_inventory"": true, ""coverage_repair_sources"": [""day_inventory""], ""day_inventory"": true, ""day_inventory_coverage"": {""context"": true, ""context_2plus_sources"": false, ""fixture_core"": true, ""fixture_source_2plus"": false, ""form"": true, ""news"": false, ""odds"": false, ""odds_2plus_sources"": false, ""ready_for_model"": false, ""ready_for_publish"": false, ""weather"": false, ""xg"": false}, ""day_inventory_path"": "".data/day_inventory/2026-05-14.json"", ""day_inventory_refresh"": {""last_context_refresh_utc"": null, ""last_fixture_refresh_utc"": ""2026-05-13T21:01:36.665663+00:00"", ""last_odds_refresh_utc"": null}, ""day_inventory_source_ids"": {""day_inventory"": ""soccer|gir|ka akureyri|2026-05-14"", ""sstats"": ""1540157""}, ""latest_run_source"": ""day_inventory"", ""latest_run_source_event_id"": ""soccer|gir|ka akureyri|2026-05-14"", ""provider_source_ids"": {""sstats"": ""1540157""}, ""sources_seen"": ""sstats"", ""sstats_has_context_hint"": true, ""sstats_status"": ""2""}",,,,,,,,,,,,,,,,,,,,,,,,,,,,,,,
soccer|fjardabyggd leiknir|throttur vogar|2026-05-14,day_inventory,soccer|fjardabyggd leiknir|throttur vogar|2026-05-14,soccer,Unknown,Thróttur Vogar,Fjardabyggd / Leiknir,2026-05-14T14:00:00+00:00,mid,"{""accumulated_from_latest_matches"": true, ""core_inventory"": true, ""coverage_repair_sources"": [""day_inventory""], ""day_inventory"": true, ""day_inventory_coverage"": {""context"": true, ""context_2plus_sources"": false, ""fixture_core"": true, ""fixture_source_2plus"": false, ""form"": true, ""news"": false, ""odds"": false, ""odds_2plus_sources"": false, ""ready_for_model"": false, ""ready_for_publish"": false, ""weather"": false, ""xg"": false}, ""day_inventory_path"": "".data/day_inventory/2026-05-14.json"", ""day_inventory_refresh"": {""last_context_refresh_utc"": null, ""last_fixture_refresh_utc"": ""2026-05-13T21:01:36.665853+00:00"", ""last_odds_refresh_utc"": null}, ""day_inventory_source_ids"": {""day_inventory"": ""soccer|fjardabyggd leiknir|throttur vogar|2026-05-14"", ""sstats"": ""1543367""}, ""latest_run_source"": ""day_inventory"", ""latest_run_source_event_id"": ""soccer|fjardabyggd leiknir|throttur vogar|2026-05-14"", ""provider_source_ids"": {""sstats"": ""1543367""}, ""sources_seen"": ""sstats"", ""sstats_has_context_hint"": true, ""sstats_status"": ""2""}",,,,,,,,,,,,,,,,,,,,,,,,,,,,,,,
soccer|jonkopings sodra|trelleborgs ff|2026-05-14,day_inventory,soccer|jonkopings sodra|trelleborgs ff|2026-05-14,soccer,Unknown,trelleborgs FF,Jonkopings Sodra,2026-05-14T14:00:00+00:00,mid,"{""accumulated_from_latest_matches"": true, ""core_inventory"": true, ""coverage_repair_sources"": [""day_inventory""], ""day_inventory"": true, ""day_inventory_coverage"": {""context"": true, ""context_2plus_sources"": false, ""fixture_core"": true, ""fixture_source_2plus"": false, ""form"": true, ""news"": false, ""odds"": false, ""odds_2plus_sources"": false, ""ready_for_model"": false, ""ready_for_publish"": false, ""weather"": false, ""xg"": false}, ""day_inventory_path"": "".data/day_inventory/2026-05-14.json"", ""day_inventory_refresh"": {""last_context_refresh_utc"": null, ""last_fixture_refresh_utc"": ""2026-05-13T21:01:36.666580+00:00"", ""last_odds_refresh_utc"": null}, ""day_inventory_source_ids"": {""day_inventory"": ""soccer|jonkopings sodra|trelleborgs ff|2026-05-14"", ""sstats"": ""1504423""}, ""latest_run_source"": ""day_inventory"", ""latest_run_source_event_id"": ""soccer|jonkopings sodra|trelleborgs ff|2026-05-14"", ""provider_source_ids"": {""sstats"": ""1504423""}, ""sources_seen"": ""sstats"", ""sstats_has_context_hint"": true, ""sstats_status"": ""2""}",,,,,,,,,,,,,,,,,,,,,,,,,,,,,,,
soccer|malmo|trollhattan|2026-05-14,day_inventory,soccer|malmo|trollhattan|2026-05-14,soccer,Unknown,Trollhättan,AFC Malmo,2026-05-14T14:00:00+00:00,mid,"{""accumulated_from_latest_matches"": true, ""core_inventory"": true, ""coverage_repair_sources"": [""day_inventory""], ""day_inventory"": true, ""day_inventory_coverage"": {""context"": true, ""context_2plus_sources"": false, ""fixture_core"": true, ""fixture_source_2plus"": false, ""form"": true, ""news"": false, ""odds"": false, ""odds_2plus_sources"": false, ""ready_for_model"": false, ""ready_for_publish"": false, ""weather"": false, ""xg"": false}, ""day_inventory_path"": "".data/day_inventory/2026-05-14.json"", ""day_inventory_refresh"": {""last_context_refresh_utc"": null, ""last_fixture_refresh_utc"": ""2026-05-13T21:01:36.666055+00:00"", ""last_odds_refresh_utc"": null}, ""day_inventory_source_ids"": {""day_inventory"": ""soccer|malmo|trollhattan|2026-05-14"", ""sstats"": ""1504424""}, ""latest_run_source"": ""day_inventory"", ""latest_run_source_event_id"": ""soccer|malmo|trollhattan|2026-05-14"", ""provider_source_ids"": {""sstats"": ""1504424""}, ""sources_seen"": ""sstats"", ""sstats_has_context_hint"": true, ""sstats_status"": ""2""}",,,,,,,,,,,,,,,,,,,,,,,,,,,,,,,
soccer|grotta|vestri|2026-05-14,day_inventory,soccer|grotta|vestri|2026-05-14,soccer,Unknown,Vestri,Grotta,2026-05-14T14:00:00+00:00,mid,"{""accumulated_from_latest_matches"": true, ""core_inventory"": true, ""coverage_repair_sources"": [""day_inventory""], ""day_inventory"": true, ""day_inventory_coverage"": {""context"": true, ""context_2plus_sources"": false, ""fixture_core"": true, ""fixture_source_2plus"": false, ""form"": true, ""news"": false, ""odds"": false, ""odds_2plus_sources"": false, ""ready_for_model"": false, ""ready_for_publish"": false, ""weather"": false, ""xg"": false}, ""day_inventory_path"": "".data/day_inventory/2026-05-14.json"", ""day_inventory_refresh"": {""last_context_refresh_utc"": null, ""last_fixture_refresh_utc"": ""2026-05-13T21:01:36.666214+00:00"", ""last_odds_refresh_utc"": null}, ""day_inventory_source_ids"": {""day_inventory"": ""soccer|grotta|vestri|2026-05-14"", ""sstats"": ""1540447""}, ""latest_run_source"": ""day_inventory"", ""latest_run_source_event_id"": ""soccer|grotta|vestri|2026-05-14"", ""provider_source_ids"": {""sstats"": ""1540447""}, ""sources_seen"": ""sstats"", ""sstats_has_context_hint"": true, ""sstats_status"": ""2""}",,,,,,,,,,,,,,,,,,,,,,,,,,,,,,,
soccer|bayern munich w|vfl wolfsburg w|2026-05-14,day_inventory,soccer|bayern munich w|vfl wolfsburg w|2026-05-14,soccer,Unknown,VfL Wolfsburg W,Bayern Munich W,2026-05-14T14:00:00+00:00,mid,"{""accumulated_from_latest_matches"": true, ""core_inventory"": true, ""coverage_repair_sources"": [""day_inventory""], ""day_inventory"": true, ""day_inventory_coverage"": {""context"": true, ""context_2plus_sources"": false, ""fixture_core"": true, ""fixture_source_2plus"": false, ""form"": true, ""news"": false, ""odds"": false, ""odds_2plus_sources"": false, ""ready_for_model"": false, ""ready_for_publish"": false, ""weather"": false, ""xg"": false}, ""day_inventory_path"": "".data/day_inventory/2026-05-14.json"", ""day_inventory_refresh"": {""last_context_refresh_utc"": null, ""last_fixture_refresh_utc"": ""2026-05-13T21:01:36.666402+00:00"", ""last_odds_refresh_utc"": null}, ""day_inventory_source_ids"": {""day_inventory"": ""soccer|bayern munich w|vfl wolfsburg w|2026-05-14"", ""sstats"": ""1539973""}, ""latest_run_source"": ""day_inventory"", ""latest_run_source_event_id"": ""soccer|bayern munich w|vfl wolfsburg w|2026-05-14"", ""provider_source_ids"": {""sstats"": ""1539973""}, ""sources_seen"": ""sstats"", ""sstats_has_context_hint"": true, ""sstats_status"": ""2""}",,,,,,,,,,,,,,,,,,,,,,,,,,,,,,,
soccer|al shabab|dhofar|2026-05-14,day_inventory,soccer|al shabab|dhofar|2026-05-14,soccer,Unknown,Dhofar,Al-Shabab,2026-05-14T14:05:00+00:00,mid,"{""accumulated_from_latest_matches"": true, ""core_inventory"": true, ""coverage_repair_sources"": [""day_inventory""], ""day_inventory"": true, ""day_inventory_coverage"": {""context"": true, ""context_2plus_sources"": false, ""fixture_core"": true, ""fixture_source_2plus"": false, ""form"": true, ""news"": false, ""odds"": false, ""odds_2plus_sources"": false, ""ready_for_model"": false, ""ready_for_publish"": false, ""weather"": false, ""xg"": false}, ""day_inventory_path"": "".data/day_inventory/2026-05-14.json"", ""day_inventory_refresh"": {""last_context_refresh_utc"": null, ""last_fixture_refresh_utc"": ""2026-05-13T21:01:36.666736+00:00"", ""last_odds_refresh_utc"": null}, ""day_inventory_source_ids"": {""day_inventory"": ""soccer|al shabab|dhofar|2026-05-14"", ""sstats"": ""1540929""}, ""latest_run_source"": ""day_inventory"", ""latest_run_source_event_id"": ""soccer|al shabab|dhofar|2026-05-14"", ""provider_source_ids"": {""sstats"": ""1540929""}, ""sources_seen"": ""sstats"", ""sstats_has_context_hint"": true, ""sstats_status"": ""2""}",,,,,,,,,,,,,,,,,,,,,,,,,,,,,,,
soccer|naft bandar abbas|naft gachsaran|2026-05-14,day_inventory,soccer|naft bandar abbas|naft gachsaran|2026-05-14,soccer,Unknown,Naft Bandar Abbas,Naft Gachsaran,2026-05-14T14:15:00+00:00,mid,"{""accumulated_from_latest_matches"": true, ""core_inventory"": true, ""coverage_repair_sources"": [""day_inventory""], ""day_inventory"": true, ""day_inventory_coverage"": {""context"": true, ""context_2plus_sources"": false, ""fixture_core"": true, ""fixture_source_2plus"": false, ""form"": true, ""news"": false, ""odds"": false, ""odds_2plus_sources"": false, ""ready_for_model"": false, ""ready_for_publish"": false, ""weather"": false, ""xg"": false}, ""day_inventory_path"": "".data/day_inventory/2026-05-14.json"", ""day_inventory_refresh"": {""last_context_refresh_utc"": null, ""last_fixture_refresh_utc"": ""2026-05-13T21:01:36.666920+00:00"", ""last_odds_refresh_utc"": null}, ""day_inventory_source_ids"": {""day_inventory"": ""soccer|naft bandar abbas|naft gachsaran|2026-05-14"", ""sstats"": ""1521114""}, ""latest_run_source"": ""day_inventory"", ""latest_run_source_event_id"": ""soccer|naft bandar abbas|naft gachsaran|2026-05-14"", ""provider_source_ids"": {""sstats"": ""1521114""}, ""sources_seen"": ""sstats"", ""sstats_has_context_hint"": true, ""sstats_status"": ""2""}",,,,,,,,,,,,,,,,,,,,,,,,,,,,,,,
soccer|academica lobito|lunda sul|2026-05-14,day_inventory,soccer|academica lobito|lunda sul|2026-05-14,soccer,Unknown,Académica do Lobito,CD Lunda-Sul,2026-05-14T14:30:00+00:00,mid,"{""accumulated_from_latest_matches"": true, ""core_inventory"": true, ""coverage_repair_sources"": [""day_inventory""], ""day_inventory"": true, ""day_inventory_coverage"": {""context"": true, ""context_2plus_sources"": false, ""fixture_core"": true, ""fixture_source_2plus"": false, ""form"": true, ""news"": false, ""odds"": false, ""odds_2plus_sources"": false, ""ready_for_model"": false, ""ready_for_publish"": false, ""weather"": false, ""xg"": false}, ""day_inventory_path"": "".data/day_inventory/2026-05-14.json"", ""day_inventory_refresh"": {""last_context_refresh_utc"": null, ""last_fixture_refresh_utc"": ""2026-05-13T21:01:36.667111+00:00"", ""last_odds_refresh_utc"": null}, ""day_inventory_source_ids"": {""day_inventory"": ""soccer|academica lobito|lunda sul|2026-05-14"", ""sstats"": ""1471736""}, ""latest_run_source"": ""day_inventory"", ""latest_run_source_event_id"": ""soccer|academica lobito|lunda sul|2026-05-14"", ""provider_source_ids"": {""sstats"": ""1471736""}, ""sources_seen"": ""sstats"", ""sstats_has_context_hint"": true, ""sstats_status"": ""2""}",,,,,,,,,,,,,,,,,,,,,,,,,,,,,,,
soccer|basel|saint gallen 1879|2026-05-14,day_inventory,soccer|basel|saint gallen 1879|2026-05-14,soccer,Unknown,Basel,FC St. Gallen 1879,2026-05-14T14:30:00+00:00,mid,"{""accumulated_from_latest_matches"": true, ""bzzoiro_context_fields"": true, ""bzzoiro_has_context_hint"": true, ""bzzoiro_has_prediction"": true, ""bzzoiro_raw_source"": ""predictions"", ""core_inventory"": true, ""core_merge_audit"": [{""decision"": {""avg"": 1.0, ""away_score"": 1.0, ""home_score"": 1.0, ""kickoff_diff_hours"": 0.0, ""min"": 1.0, ""orientation"": ""direct""}, ""provider"": ""bzzoiro"", ""provider_match_key"": ""soccer|basel|saint gallen 1879|2026-05-14""}, {""decision"": {""avg"": 0.82, ""away_score"": 0.82, ""home_score"": 0.82, ""kickoff_diff_hours"": 0.0, ""min"": 0.82, ""orientation"": ""direct""}, ""provider"": ""sstats"", ""provider_match_key"": ""soccer|basel 1893|saint gallen|2026-05-14""}], ""coverage_repair_sources"": [""day_inventory""], ""day_inventory"": true, ""day_inventory_coverage"": {""context"": true, ""context_2plus_sources"": false, ""context_sources_count"": 1, ""fixture_core"": true, ""fixture_source_2plus"": true, ""form"": true, ""news"": false, ""odds"": false, ""odds_2plus_sources"": false, ""ready_for_model"": false, ""ready_for_publish"": false, ""weather"": false, ""xg"": true}, ""day_inventory_path"": "".data/day_inventory/2026-05-14.json"", ""day_inventory_refresh"": {""last_context_refresh_utc"": null, ""last_fixture_refresh_utc"": ""2026-05-13T21:01:36.646258+00:00"", ""last_odds_refresh_utc"": null}, ""day_inventory_source_ids"": {""bzzoiro"": ""10255"", ""day_inventory"": ""soccer|basel|saint gallen 1879|2026-05-14"", ""sstats"": ""1538492""}, ""latest_run_source"": ""day_inventory"", ""latest_run_source_event_id"": ""soccer|basel|saint gallen 1879|2026-05-14"", ""provider_source_ids"": {""bzzoiro"": ""10255"", ""sstats"": ""1538492""}, ""sources_seen"": ""bzzoiro,sstats"", ""sstats_has_context_hint"": true, ""sstats_status"": ""2""}",,,,,,,,,,,,,,,,,,,,,,,,,,,,,,,
soccer|lugano|sion|2026-05-14,day_inventory,soccer|lugano|sion|2026-05-14,soccer,Unknown,FC Sion,FC Lugano,2026-05-14T14:30:00+00:00,mid,"{""accumulated_from_latest_matches"": true, ""bzzoiro_context_fields"": true, ""bzzoiro_has_context_hint"": true, ""bzzoiro_has_prediction"": true, ""bzzoiro_raw_source"": ""predictions"", ""core_inventory"": true, ""core_merge_audit"": [{""decision"": {""avg"": 1.0, ""away_score"": 1.0, ""home_score"": 1.0, ""kickoff_diff_hours"": 0.0, ""min"": 1.0, ""orientation"": ""direct""}, ""provider"": ""bzzoiro"", ""provider_match_key"": ""soccer|lugano|sion|2026-05-14""}, {""decision"": {""avg"": 1.0, ""away_score"": 1.0, ""home_score"": 1.0, ""kickoff_diff_hours"": 0.0, ""min"": 1.0, ""orientation"": ""direct""}, ""provider"": ""sstats"", ""provider_match_key"": ""soccer|lugano|sion|2026-05-14""}], ""coverage_repair_sources"": [""day_inventory""], ""day_inventory"": true, ""day_inventory_coverage"": {""context"": true, ""context_2plus_sources"": false, ""context_sources_count"": 1, ""fixture_core"": true, ""fixture_source_2plus"": true, ""form"": true, ""news"": false, ""odds"": false, ""odds_2plus_sources"": false, ""ready_for_model"": false, ""ready_for_publish"": false, ""weather"": false, ""xg"": true}, ""day_inventory_path"": "".data/day_inventory/2026-05-14.json"", ""day_inventory_refresh"": {""last_context_refresh_utc"": null, ""last_fixture_refresh_utc"": ""2026-05-13T21:01:36.646432+00:00"", ""last_odds_refresh_utc"": null}, ""day_inventory_source_ids"": {""bzzoiro"": ""10256"", ""day_inventory"": ""soccer|lugano|sion|2026-05-14"", ""sstats"": ""1538493""}, ""latest_run_source"": ""day_inventory"", ""latest_run_source_event_id"": ""soccer|lugano|sion|2026-05-14"", ""provider_source_ids"": {""bzzoiro"": ""10256"", ""sstats"": ""1538493""}, ""sources_seen"": ""bzzoiro,sstats"", ""sstats_has_context_hint"": true, ""sstats_status"": ""2""}",,,,,,,,,,,,,,,,,,,,,,,,,,,,,,,
soccer|bsc young boys|thun|2026-05-14,day_inventory,soccer|bsc young boys|thun|2026-05-14,soccer,Unknown,FC Thun,BSC Young Boys,2026-05-14T14:30:00+00:00,mid,"{""accumulated_from_latest_matches"": true, ""bzzoiro_context_fields"": true, ""bzzoiro_has_context_hint"": true, ""bzzoiro_has_prediction"": true, ""bzzoiro_raw_source"": ""predictions"", ""core_inventory"": true, ""core_merge_audit"": [{""decision"": {""avg"": 1.0, ""away_score"": 1.0, ""home_score"": 1.0, ""kickoff_diff_hours"": 0.0, ""min"": 1.0, ""orientation"": ""direct""}, ""provider"": ""bzzoiro"", ""provider_match_key"": ""soccer|bsc young boys|thun|2026-05-14""}, {""decision"": {""avg"": 1.0, ""away_score"": 1.0, ""home_score"": 1.0, ""kickoff_diff_hours"": 0.0, ""min"": 1.0, ""orientation"": ""direct""}, ""provider"": ""sstats"", ""provider_match_key"": ""soccer|bsc young boys|thun|2026-05-14""}], ""coverage_repair_sources"": [""day_inventory""], ""day_inventory"": true, ""day_inventory_coverage"": {""context"": true, ""context_2plus_sources"": false, ""context_sources_count"": 1, ""fixture_core"": true, ""fixture_source_2plus"": true, ""form"": true, ""news"": false, ""odds"": false, ""odds_2plus_sources"": false, ""ready_for_model"": false, ""ready_for_publish"": false, ""weather"": false, ""xg"": true}, ""day_inventory_path"": "".data/day_inventory/2026-05-14.json"", ""day_inventory_refresh"": {""last_context_refresh_utc"": null, ""last_fixture_refresh_utc"": ""2026-05-13T21:01:36.646615+00:00"", ""last_odds_refresh_utc"": null}, ""day_inventory_source_ids"": {""bzzoiro"": ""10257"", ""day_inventory"": ""soccer|bsc young boys|thun|2026-05-14"", ""sstats"": ""1538494""}, ""latest_run_source"": ""day_inventory"", ""latest_run_source_event_id"": ""soccer|bsc young boys|thun|2026-05-14"", ""provider_source_ids"": {""bzzoiro"": ""10257"", ""sstats"": ""1538494""}, ""sources_seen"": ""bzzoiro,sstats"", ""sstats_has_context_hint"": true, ""sstats_status"": ""2""}",,,,,,,,,,,,,,,,,,,,,,,,,,,,,,,
soccer|al minaa basra|naft|2026-05-14,day_inventory,soccer|al minaa basra|naft|2026-05-14,soccer,Unknown,Naft,Al Minaa Basra,2026-05-14T14:30:00+00:00,mid,"{""accumulated_from_latest_matches"": true, ""core_inventory"": true, ""coverage_repair_sources"": [""day_inventory""], ""day_inventory"": true, ""day_inventory_coverage"": {""context"": true, ""context_2plus_sources"": false, ""fixture_core"": true, ""fixture_source_2plus"": false, ""form"": true, ""news"": false, ""odds"": false, ""odds_2plus_sources"": false, ""ready_for_model"": false, ""ready_for_publish"": false, ""weather"": false, ""xg"": false}, ""day_inventory_path"": "".data/day_inventory/2026-05-14.json"", ""day_inventory_refresh"": {""last_context_refresh_utc"": null, ""last_fixture_refresh_utc"": ""2026-05-13T21:01:36.667288+00:00"", ""last_odds_refresh_utc"": null}, ""day_inventory_source_ids"": {""day_inventory"": ""soccer|al minaa basra|naft|2026-05-14"", ""sstats"": ""1544401""}, ""latest_run_source"": ""day_inventory"", ""latest_run_source_event_id"": ""soccer|al minaa basra|naft|2026-05-14"", ""provider_source_ids"": {""sstats"": ""1544401""}, ""sources_seen"": ""sstats"", ""sstats_has_context_hint"": true, ""sstats_status"": ""2""}",,,,,,,,,,,,,,,,,,,,,,,,,,,,,,,
soccer|al karma|naft maysan|2026-05-14,day_inventory,soccer|al karma|naft maysan|2026-05-14,soccer,Unknown,Naft Maysan,Al-Karma,2026-05-14T14:30:00+00:00,mid,"{""accumulated_from_latest_matches"": true, ""core_inventory"": true, ""coverage_repair_sources"": [""day_inventory""], ""day_inventory"": true, ""day_inventory_coverage"": {""context"": true, ""context_2plus_sources"": false, ""fixture_core"": true, ""fixture_source_2plus"": false, ""form"": true, ""news"": false, ""odds"": false, ""odds_2plus_sources"": false, ""ready_for_model"": false, ""ready_for_publish"": false, ""weather"": false, ""xg"": false}, ""day_inventory_path"": "".data/day_inventory/2026-05-14.json"", ""day_inventory_refresh"": {""last_context_refresh_utc"": null, ""last_fixture_refresh_utc"": ""2026-05-13T21:01:36.667455+00:00"", ""last_odds_refresh_utc"": null}, ""day_inventory_source_ids"": {""day_inventory"": ""soccer|al karma|naft maysan|2026-05-14"", ""sstats"": ""1544402""}, ""latest_run_source"": ""day_inventory"", ""latest_run_source_event_id"": ""soccer|al karma|naft maysan|2026-05-14"", ""provider_source_ids"": {""sstats"": ""1544402""}, ""sources_seen"": ""sstats"", ""sstats_has_context_hint"": true, ""sstats_status"": ""2""}",,,,,,,,,,,,,,,,,,,,,,,,,,,,,,,
soccer|aigle royal|stade renard|2026-05-14,day_inventory,soccer|aigle royal|stade renard|2026-05-14,soccer,Unknown,Stade Renard,Aigle Royal,2026-05-14T14:30:00+00:00,mid,"{""accumulated_from_latest_matches"": true, ""core_inventory"": true, ""coverage_repair_sources"": [""day_inventory""], ""day_inventory"": true, ""day_inventory_coverage"": {""context"": true, ""context_2plus_sources"": false, ""fixture_core"": true, ""fixture_source_2plus"": false, ""form"": true, ""news"": false, ""odds"": false, ""odds_2plus_sources"": false, ""ready_for_model"": false, ""ready_for_publish"": false, ""weather"": false, ""xg"": false}, ""day_inventory_path"": "".data/day_inventory/2026-05-14.json"", ""day_inventory_refresh"": {""last_context_refresh_utc"": null, ""last_fixture_refresh_utc"": ""2026-05-13T21:01:36.667624+00:00"", ""last_odds_refresh_utc"": null}, ""day_inventory_source_ids"": {""day_inventory"": ""soccer|aigle royal|stade renard|2026-05-14"", ""sstats"": ""1512907""}, ""latest_run_source"": ""day_inventory"", ""latest_run_source_event_id"": ""soccer|aigle royal|stade renard|2026-05-14"", ""provider_source_ids"": {""sstats"": ""1512907""}, ""sources_seen"": ""sstats"", ""sstats_has_context_hint"": true, ""sstats_status"": ""2""}",,,,,,,,,,,,,,,,,,,,,,,,,,,,,,,
soccer|al jahra|al nasar|2026-05-14,day_inventory,soccer|al jahra|al nasar|2026-05-14,soccer,Unknown,Al Jahra,Al Nasar,2026-05-14T14:40:00+00:00,mid,"{""accumulated_from_latest_matches"": true, ""core_inventory"": true, ""coverage_repair_sources"": [""day_inventory""], ""day_inventory"": true, ""day_inventory_coverage"": {""context"": true, ""context_2plus_sources"": false, ""fixture_core"": true, ""fixture_source_2plus"": false, ""form"": true, ""news"": false, ""odds"": false, ""odds_2plus_sources"": false, ""ready_for_model"": false, ""ready_for_publish"": false, ""weather"": false, ""xg"": false}, ""day_inventory_path"": "".data/day_inventory/2026-05-14.json"", ""day_inventory_refresh"": {""last_context_refresh_utc"": null, ""last_fixture_refresh_utc"": ""2026-05-13T21:01:36.667782+00:00"", ""last_odds_refresh_utc"": null}, ""day_inventory_source_ids"": {""day_inventory"": ""soccer|al jahra|al nasar|2026-05-14"", ""sstats"": ""1526453""}, ""latest_run_source"": ""day_inventory"", ""latest_run_source_event_id"": ""soccer|al jahra|al nasar|2026-05-14"", ""provider_source_ids"": {""sstats"": ""1526453""}, ""sources_seen"": ""sstats"", ""sstats_has_context_hint"": true, ""sstats_status"": ""2""}",,,,,,,,,,,,,,,,,,,,,,,,,,,,,,,
soccer|botev vratsa|pfk montana 1921|2026-05-14,day_inventory,soccer|botev vratsa|pfk montana 1921|2026-05-14,soccer,Unknown,Botev Vratsa,PFK Montana 1921,2026-05-14T14:45:00+00:00,mid,"{""accumulated_from_latest_matches"": true, ""bzzoiro_context_fields"": true, ""bzzoiro_has_context_hint"": true, ""bzzoiro_has_prediction"": true, ""bzzoiro_raw_source"": ""predictions"", ""core_inventory"": true, ""core_merge_audit"": [{""decision"": {""avg"": 1.0, ""away_score"": 1.0, ""home_score"": 1.0, ""kickoff_diff_hours"": 0.0, ""min"": 1.0, ""orientation"": ""direct""}, ""provider"": ""bzzoiro"", ""provider_match_key"": ""soccer|botev vratsa|pfk montana 1921|2026-05-14""}, {""decision"": {""avg"": 0.9099999999999999, ""away_score"": 0.82, ""home_score"": 1.0, ""kickoff_diff_hours"": 0.0, ""min"": 0.82, ""orientation"": ""direct""}, ""provider"": ""sstats"", ""provider_match_key"": ""soccer|botev vratsa|montana|2026-05-14""}], ""coverage_repair_sources"": [""day_inventory""], ""day_inventory"": true, ""day_inventory_coverage"": {""context"": true, ""context_2plus_sources"": false, ""context_sources_count"": 1, ""fixture_core"": true, ""fixture_source_2plus"": true, ""form"": true, ""news"": false, ""odds"": false, ""odds_2plus_sources"": false, ""ready_for_model"": false, ""ready_for_publish"": false, ""weather"": false, ""xg"": true}, ""day_inventory_path"": "".data/day_inventory/2026-05-14.json"", ""day_inventory_refresh"": {""last_context_refresh_utc"": null, ""last_fixture_refresh_utc"": ""2026-05-13T21:01:36.646808+00:00"", ""last_odds_refresh_utc"": null}, ""day_inventory_source_ids"": {""bzzoiro"": ""203011"", ""day_inventory"": ""soccer|botev vratsa|pfk montana 1921|2026-05-14"", ""sstats"": ""1541001""}, ""latest_run_source"": ""day_inventory"", ""latest_run_source_event_id"": ""soccer|botev vratsa|pfk montana 1921|2026-05-14"", ""provider_source_ids"": {""bzzoiro"": ""203011"", ""sstats"": ""1541001""}, ""sources_seen"": ""bzzoiro,sstats"", ""sstats_has_context_hint"": true, ""sstats_status"": ""2""}",,,,,,,,,,,,,,,,,,,,,,,,,,,,,,,
soccer|admira wacker|floridsdorfer|2026-05-14,day_inventory,soccer|admira wacker|floridsdorfer|2026-05-14,soccer,Unknown,Admira Wacker,Floridsdorfer AC,2026-05-14T15:00:00+00:00,mid,"{""accumulated_from_latest_matches"": true, ""core_inventory"": true, ""coverage_repair_sources"": [""day_inventory""], ""day_inventory"": true, ""day_inventory_coverage"": {""context"": true, ""context_2plus_sources"": false, ""fixture_core"": true, ""fixture_source_2plus"": false, ""form"": true, ""news"": false, ""odds"": false, ""odds_2plus_sources"": false, ""ready_for_model"": false, ""ready_for_publish"": false, ""weather"": false, ""xg"": false}, ""day_inventory_path"": "".data/day_inventory/2026-05-14.json"", ""day_inventory_refresh"": {""last_context_refresh_utc"": null, ""last_fixture_refresh_utc"": ""2026-05-13T21:01:36.667957+00:00"", ""last_odds_refresh_utc"": null}, ""day_inventory_source_ids"": {""day_inventory"": ""soccer|admira wacker|floridsdorfer|2026-05-14"", ""sstats"": ""1391857""}, ""latest_run_source"": ""day_inventory"", ""latest_run_source_event_id"": ""soccer|admira wacker|floridsdorfer|2026-05-14"", ""provider_source_ids"": {""sstats"": ""1391857""}, ""sources_seen"": ""sstats"", ""sstats_has_context_hint"": true, ""sstats_status"": ""2""}",,,,,,,,,,,,,,,,,,,,,,,,,,,,,,,
soccer|austria klagenfurt|liefering|2026-05-14,day_inventory,soccer|austria klagenfurt|liefering|2026-05-14,soccer,Unknown,Austria Klagenfurt,FC Liefering,2026-05-14T15:00:00+00:00,mid,"{""accumulated_from_latest_matches"": true, ""core_inventory"": true, ""coverage_repair_sources"": [""day_inventory""], ""day_inventory"": true, ""day_inventory_coverage"": {""context"": true, ""context_2plus_sources"": false, ""fixture_core"": true, ""fixture_source_2plus"": false, ""form"": true, ""news"": false, ""odds"": false, ""odds_2plus_sources"": false, ""ready_for_model"": false, ""ready_for_publish"": false, ""weather"": false, ""xg"": false}, ""day_inventory_path"": "".data/day_inventory/2026-05-14.json"", ""day_inventory_refresh"": {""last_context_refresh_utc"": null, ""last_fixture_refresh_utc"": ""2026-05-13T21:01:36.668134+00:00"", ""last_odds_refresh_utc"": null}, ""day_inventory_source_ids"": {""day_inventory"": ""soccer|austria klagenfurt|liefering|2026-05-14"", ""sstats"": ""1391860""}, ""latest_run_source"": ""day_inventory"", ""latest_run_source_event_id"": ""soccer|austria klagenfurt|liefering|2026-05-14"", ""provider_source_ids"": {""sstats"": ""1391860""}, ""sources_seen"": ""sstats"", ""sstats_has_context_hint"": true, ""sstats_status"": ""2""}",,,,,,,,,,,,,,,,,,,,,,,,,,,,,,,
soccer|austria klagenfurt 2|lendorf|2026-05-14,day_inventory,soccer|austria klagenfurt 2|lendorf|2026-05-14,soccer,Unknown,Austria Klagenfurt II,Lendorf,2026-05-14T15:00:00+00:00,mid,"{""accumulated_from_latest_matches"": true, ""core_inventory"": true, ""coverage_repair_sources"": [""day_inventory""], ""day_inventory"": true, ""day_inventory_coverage"": {""context"": true, ""context_2plus_sources"": false, ""fixture_core"": true, ""fixture_source_2plus"": false, ""form"": true, ""news"": false, ""odds"": false, ""odds_2plus_sources"": false, ""ready_for_model"": false, ""ready_for_publish"": false, ""weather"": false, ""xg"": false}, ""day_inventory_path"": "".data/day_inventory/2026-05-14.json"", ""day_inventory_refresh"": {""last_context_refresh_utc"": null, ""last_fixture_refresh_utc"": ""2026-05-13T21:01:36.668320+00:00"", ""last_odds_refresh_utc"": null}, ""day_inventory_source_ids"": {""day_inventory"": ""soccer|austria klagenfurt 2|lendorf|2026-05-14"", ""sstats"": ""1464152""}, ""latest_run_source"": ""day_inventory"", ""latest_run_source_event_id"": ""soccer|austria klagenfurt 2|lendorf|2026-05-14"", ""provider_source_ids"": {""sstats"": ""1464152""}, ""sources_seen"": ""sstats"", ""sstats_has_context_hint"": true, ""sstats_status"": ""2""}",,,,,,,,,,,,,,,,,,,,,,,,,,,,,,,
soccer|austria lustenau|sku amstetten|2026-05-14,day_inventory,soccer|austria lustenau|sku amstetten|2026-05-14,soccer,Unknown,Austria Lustenau,SKU Amstetten,2026-05-14T15:00:00+00:00,mid,"{""accumulated_from_latest_matches"": true, ""core_inventory"": true, ""coverage_repair_sources"": [""day_inventory""], ""day_inventory"": true, ""day_inventory_coverage"": {""context"": true, ""context_2plus_sources"": false, ""fixture_core"": true, ""fixture_source_2plus"": false, ""form"": true, ""news"": false, ""odds"": false, ""odds_2plus_sources"": false, ""ready_for_model"": false, ""ready_for_publish"": false, ""weather"": false, ""xg"": false}, ""day_inventory_path"": "".data/day_inventory/2026-05-14.json"", ""day_inventory_refresh"": {""last_context_refresh_utc"": null, ""last_fixture_refresh_utc"": ""2026-05-13T21:01:36.668497+00:00"", ""last_odds_refresh_utc"": null}, ""day_inventory_source_ids"": {""day_inventory"": ""soccer|austria lustenau|sku amstetten|2026-05-14"", ""sstats"": ""1391858""}, ""latest_run_source"": ""day_inventory"", ""latest_run_source_event_id"": ""soccer|austria lustenau|sku amstetten|2026-05-14"", ""provider_source_ids"": {""sstats"": ""1391858""}, ""sources_seen"": ""sstats"", ""sstats_has_context_hint"": true, ""sstats_status"": ""2""}",,,,,,,,,,,,,,,,,,,,,,,,,,,,,,,
soccer|austria vienna am|sv kapfenberg|2026-05-14,day_inventory,soccer|austria vienna am|sv kapfenberg|2026-05-14,soccer,Unknown,Austria Vienna (Am),SV Kapfenberg,2026-05-14T15:00:00+00:00,mid,"{""accumulated_from_latest_matches"": true, ""core_inventory"": true, ""coverage_repair_sources"": [""day_inventory""], ""day_inventory"": true, ""day_inventory_coverage"": {""context"": true, ""context_2plus_sources"": false, ""fixture_core"": true, ""fixture_source_2plus"": false, ""form"": true, ""news"": false, ""odds"": false, ""odds_2plus_sources"": false, ""ready_for_model"": false, ""ready_for_publish"": false, ""weather"": false, ""xg"": false}, ""day_inventory_path"": "".data/day_inventory/2026-05-14.json"", ""day_inventory_refresh"": {""last_context_refresh_utc"": null, ""last_fixture_refresh_utc"": ""2026-05-13T21:01:36.668685+00:00"", ""last_odds_refresh_utc"": null}, ""day_inventory_source_ids"": {""day_inventory"": ""soccer|austria vienna am|sv kapfenberg|2026-05-14"", ""sstats"": ""1391864""}, ""latest_run_source"": ""day_inventory"", ""latest_run_source_event_id"": ""soccer|austria vienna am|sv kapfenberg|2026-05-14"", ""provider_source_ids"": {""sstats"": ""1391864""}, ""sources_seen"": ""sstats"", ""sstats_has_context_hint"": true, ""sstats_status"": ""2""}",,,,,,,,,,,,,,,,,,,,,,,,,,,,,,,
soccer|bleiburg|ferlach|2026-05-14,day_inventory,soccer|bleiburg|ferlach|2026-05-14,soccer,Unknown,Bleiburg,Ferlach,2026-05-14T15:00:00+00:00,mid,"{""accumulated_from_latest_matches"": true, ""core_inventory"": true, ""coverage_repair_sources"": [""day_inventory""], ""day_inventory"": true, ""day_inventory_coverage"": {""context"": true, ""context_2plus_sources"": false, ""fixture_core"": true, ""fixture_source_2plus"": false, ""form"": true, ""news"": false, ""odds"": false, ""odds_2plus_sources"": false, ""ready_for_model"": false, ""ready_for_publish"": false, ""weather"": false, ""xg"": false}, ""day_inventory_path"": "".data/day_inventory/2026-05-14.json"", ""day_inventory_refresh"": {""last_context_refresh_utc"": null, ""last_fixture_refresh_utc"": ""2026-05-13T21:01:36.668834+00:00"", ""last_odds_refresh_utc"": null}, ""day_inventory_source_ids"": {""day_inventory"": ""soccer|bleiburg|ferlach|2026-05-14"", ""sstats"": ""1464158""}, ""latest_run_source"": ""day_inventory"", ""latest_run_source_event_id"": ""soccer|bleiburg|ferlach|2026-05-14"", ""provider_source_ids"": {""sstats"": ""1464158""}, ""sources_seen"": ""sstats"", ""sstats_has_context_hint"": true, ""sstats_status"": ""2""}",,,,,,,,,,,,,,,,,,,,,,,,,,,,,,,
soccer|africain|olympique beja|2026-05-14,day_inventory,soccer|africain|olympique beja|2026-05-14,soccer,Unknown,Club Africain,Olympique Béja,2026-05-14T15:00:00+00:00,mid,"{""accumulated_from_latest_matches"": true, ""bzzoiro_context_fields"": true, ""bzzoiro_has_context_hint"": true, ""bzzoiro_has_prediction"": true, ""bzzoiro_raw_source"": ""predictions"", ""core_inventory"": true, ""core_merge_audit"": [{""decision"": {""avg"": 1.0, ""away_score"": 1.0, ""home_score"": 1.0, ""kickoff_diff_hours"": 0.0, ""min"": 1.0, ""orientation"": ""direct""}, ""provider"": ""bzzoiro"", ""provider_match_key"": ""soccer|africain|olympique beja|2026-05-14""}, {""decision"": {""avg"": 1.0, ""away_score"": 1.0, ""home_score"": 1.0, ""kickoff_diff_hours"": 0.0, ""min"": 1.0, ""orientation"": ""direct""}, ""provider"": ""sstats"", ""provider_match_key"": ""soccer|africain|olympique beja|2026-05-14""}], ""coverage_repair_sources"": [""day_inventory""], ""day_inventory"": true, ""day_inventory_coverage"": {""context"": true, ""context_2plus_sources"": false, ""context_sources_count"": 1, ""fixture_core"": true, ""fixture_source_2plus"": true, ""form"": true, ""news"": false, ""odds"": false, ""odds_2plus_sources"": false, ""ready_for_model"": false, ""ready_for_publish"": false, ""weather"": false, ""xg"": true}, ""day_inventory_path"": "".data/day_inventory/2026-05-14.json"", ""day_inventory_refresh"": {""last_context_refresh_utc"": null, ""last_fixture_refresh_utc"": ""2026-05-13T21:01:36.647000+00:00"", ""last_odds_refresh_utc"": null}, ""day_inventory_source_ids"": {""bzzoiro"": ""207159"", ""day_inventory"": ""soccer|africain|olympique beja|2026-05-14"", ""sstats"": ""1542708""}, ""latest_run_source"": ""day_inventory"", ""latest_run_source_event_id"": ""soccer|africain|olympique beja|2026-05-14"", ""provider_source_ids"": {""bzzoiro"": ""207159"", ""sstats"": ""1542708""}, ""sources_seen"": ""bzzoiro,sstats"", ""sstats_has_context_hint"": true, ""sstats_status"": ""2""}",,,,,,,,,,,,,,,,,,,,,,,,,,,,,,,
soccer|cs sfaxien|es sahel|2026-05-14,day_inventory,soccer|cs sfaxien|es sahel|2026-05-14,soccer,Unknown,CS Sfaxien,ES Sahel,2026-05-14T15:00:00+00:00,mid,"{""accumulated_from_latest_matches"": true, ""core_inventory"": true, ""coverage_repair_sources"": [""day_inventory""], ""day_inventory"": true, ""day_inventory_coverage"": {""context"": true, ""context_2plus_sources"": false, ""fixture_core"": true, ""fixture_source_2plus"": false, ""form"": true, ""news"": false, ""odds"": false, ""odds_2plus_sources"": false, ""ready_for_model"": false, ""ready_for_publish"": false, ""weather"": false, ""xg"": false}, ""day_inventory_path"": "".data/day_inventory/2026-05-14.json"", ""day_inventory_refresh"": {""last_context_refresh_utc"": null, ""last_fixture_refresh_utc"": ""2026-05-13T21:01:36.669205+00:00"", ""last_odds_refresh_utc"": null}, ""day_inventory_source_ids"": {""day_inventory"": ""soccer|cs sfaxien|es sahel|2026-05-14"", ""sstats"": ""1542709""}, ""latest_run_source"": ""day_inventory"", ""latest_run_source_event_id"": ""soccer|cs sfaxien|es sahel|2026-05-14"", ""provider_source_ids"": {""sstats"": ""1542709""}, ""sources_seen"": ""sstats"", ""sstats_has_context_hint"": true, ""sstats_status"": ""2""}",,,,,,,,,,,,,,,,,,,,,,,,,,,,,,,
soccer|cs sfaxien|etoile sportive du sahel|2026-05-14,day_inventory,soccer|cs sfaxien|etoile sportive du sahel|2026-05-14,soccer,Unknown,CS Sfaxien,Etoile Sportive Du Sahel,2026-05-14T15:00:00+00:00,mid,"{""accumulated_from_latest_matches"": true, ""bzzoiro_context_fields"": true, ""bzzoiro_has_context_hint"": true, ""bzzoiro_has_prediction"": true, ""bzzoiro_raw_source"": ""predictions"", ""core_inventory"": true, ""core_merge_audit"": [{""decision"": {""avg"": 1.0, ""away_score"": 1.0, ""home_score"": 1.0, ""kickoff_diff_hours"": 0.0, ""min"": 1.0, ""orientation"": ""direct""}, ""provider"": ""bzzoiro"", ""provider_match_key"": ""soccer|cs sfaxien|etoile sportive du sahel|2026-05-14""}], ""coverage_repair_sources"": [""day_inventory""], ""day_inventory"": true, ""day_inventory_coverage"": {""context"": true, ""context_2plus_sources"": false, ""context_sources_count"": 1, ""fixture_core"": true, ""form"": false, ""news"": false, ""odds"": false, ""odds_2plus_sources"": false, ""ready_for_model"": false, ""ready_for_publish"": false, ""weather"": false, ""xg"": true}, ""day_inventory_path"": "".data/day_inventory/2026-05-14.json"", ""day_inventory_refresh"": {""last_context_refresh_utc"": null, ""last_fixture_refresh_utc"": ""2026-05-13T21:01:36.669033+00:00"", ""last_odds_refresh_utc"": null}, ""day_inventory_source_ids"": {""bzzoiro"": ""206895"", ""day_inventory"": ""soccer|cs sfaxien|etoile sportive du sahel|2026-05-14"", ""sstats"": ""1542709""}, ""latest_run_source"": ""day_inventory"", ""latest_run_source_event_id"": ""soccer|cs sfaxien|etoile sportive du sahel|2026-05-14"", ""provider_source_ids"": {""bzzoiro"": ""206895""}, ""sources_seen"": ""bzzoiro""}",,,,,,,,,,,,,,,,,,,,,,,,,,,,,,,
soccer|donau klagenfurt|volkermarkt|2026-05-14,day_inventory,soccer|donau klagenfurt|volkermarkt|2026-05-14,soccer,Unknown,Donau Klagenfurt,Völkermarkt,2026-05-14T15:00:00+00:00,mid,"{""accumulated_from_latest_matches"": true, ""core_inventory"": true, ""coverage_repair_sources"": [""day_inventory""], ""day_inventory"": true, ""day_inventory_coverage"": {""context"": true, ""context_2plus_sources"": false, ""fixture_core"": true, ""fixture_source_2plus"": false, ""form"": true, ""news"": false, ""odds"": false, ""odds_2plus_sources"": false, ""ready_for_model"": false, ""ready_for_publish"": false, ""weather"": false, ""xg"": false}, ""day_inventory_path"": "".data/day_inventory/2026-05-14.json"", ""day_inventory_refresh"": {""last_context_refresh_utc"": null, ""last_fixture_refresh_utc"": ""2026-05-13T21:01:36.669383+00:00"", ""last_odds_refresh_utc"": null}, ""day_inventory_source_ids"": {""day_inventory"": ""soccer|donau klagenfurt|volkermarkt|2026-05-14"", ""sstats"": ""1464155""}, ""latest_run_source"": ""day_inventory"", ""latest_run_source_event_id"": ""soccer|donau klagenfurt|volkermarkt|2026-05-14"", ""provider_source_ids"": {""sstats"": ""1464155""}, ""sources_seen"": ""sstats"", ""sstats_has_context_hint"": true, ""sstats_status"": ""2""}",,,,,,,,,,,,,,,,,,,,,,,,,,,,,,,
soccer|england w|poland w|2026-05-14,day_inventory,soccer|england w|poland w|2026-05-14,soccer,Unknown,England U17 W,Poland U17 W,2026-05-14T15:00:00+00:00,mid,"{""accumulated_from_latest_matches"": true, ""core_inventory"": true, ""coverage_repair_sources"": [""day_inventory""], ""day_inventory"": true, ""day_inventory_coverage"": {""context"": true, ""context_2plus_sources"": false, ""fixture_core"": true, ""fixture_source_2plus"": false, ""form"": true, ""news"": false, ""odds"": false, ""odds_2plus_sources"": false, ""ready_for_model"": false, ""ready_for_publish"": false, ""weather"": false, ""xg"": false}, ""day_inventory_path"": "".data/day_inventory/2026-05-14.json"", ""day_inventory_refresh"": {""last_context_refresh_utc"": null, ""last_fixture_refresh_utc"": ""2026-05-13T21:01:36.669561+00:00"", ""last_odds_refresh_utc"": null}, ""day_inventory_source_ids"": {""day_inventory"": ""soccer|england w|poland w|2026-05-14"", ""sstats"": ""1544864""}, ""latest_run_source"": ""day_inventory"", ""latest_run_source_event_id"": ""soccer|england w|poland w|2026-05-14"", ""provider_source_ids"": {""sstats"": ""1544864""}, ""sources_seen"": ""sstats"", ""sstats_has_context_hint"": true, ""sstats_status"": ""2""}",,,,,,,,,,,,,,,,,,,,,,,,,,,,,,,
soccer|es metlaoui|js kairouanaise|2026-05-14,day_inventory,soccer|es metlaoui|js kairouanaise|2026-05-14,soccer,Unknown,ES Métlaoui,JS Kairouanaise,2026-05-14T15:00:00+00:00,mid,"{""accumulated_from_latest_matches"": true, ""bzzoiro_context_fields"": true, ""bzzoiro_has_context_hint"": true, ""bzzoiro_has_prediction"": true, ""bzzoiro_raw_source"": ""predictions"", ""core_inventory"": true, ""core_merge_audit"": [{""decision"": {""avg"": 1.0, ""away_score"": 1.0, ""home_score"": 1.0, ""kickoff_diff_hours"": 0.0, ""min"": 1.0, ""orientation"": ""direct""}, ""provider"": ""bzzoiro"", ""provider_match_key"": ""soccer|es metlaoui|js kairouanaise|2026-05-14""}, {""decision"": {""avg"": 0.9736842105263157, ""away_score"": 1.0, ""home_score"": 0.9473684210526315, ""kickoff_diff_hours"": 0.0, ""min"": 0.9473684210526315, ""orientation"": ""direct""}, ""provider"": ""sstats"", ""provider_match_key"": ""soccer|es metlaoui|js kairouanaise|2026-05-14""}], ""coverage_repair_sources"": [""day_inventory""], ""day_inventory"": true, ""day_inventory_coverage"": {""context"": true, ""context_2plus_sources"": false, ""context_sources_count"": 1, ""fixture_core"": true, ""fixture_source_2plus"": true, ""form"": true, ""news"": false, ""odds"": false, ""odds_2plus_sources"": false, ""ready_for_model"": false, ""ready_for_publish"": false, ""weather"": false, ""xg"": true}, ""day_inventory_path"": "".data/day_inventory/2026-05-14.json"", ""day_inventory_refresh"": {""last_context_refresh_utc"": null, ""last_fixture_refresh_utc"": ""2026-05-13T21:01:36.647199+00:00"", ""last_odds_refresh_utc"": null}, ""day_inventory_source_ids"": {""bzzoiro"": ""206898"", ""day_inventory"": ""soccer|es metlaoui|js kairouanaise|2026-05-14"", ""sstats"": ""1542711""}, ""latest_run_source"": ""day_inventory"", ""latest_run_source_event_id"": ""soccer|es metlaoui|js kairouanaise|2026-05-14"", ""provider_source_ids"": {""bzzoiro"": ""206898"", ""sstats"": ""1542711""}, ""sources_seen"": ""bzzoiro,sstats"", ""sstats_has_context_hint"": true, ""sstats_status"": ""2""}",,,,,,,,,,,,,,,,,,,,,,,,,,,,,,,
soccer|copenhagen|midtjylland|2026-05-14,day_inventory,soccer|copenhagen|midtjylland|2026-05-14,soccer,Unknown,FC Copenhagen,FC Midtjylland,2026-05-14T15:00:00+00:00,mid,"{""accumulated_from_latest_matches"": true, ""core_inventory"": true, ""coverage_repair_sources"": [""day_inventory""], ""day_inventory"": true, ""day_inventory_coverage"": {""context"": true, ""context_2plus_sources"": false, ""fixture_core"": true, ""fixture_source_2plus"": false, ""form"": true, ""news"": false, ""odds"": false, ""odds_2plus_sources"": false, ""ready_for_model"": false, ""ready_for_publish"": false, ""weather"": false, ""xg"": false}, ""day_inventory_path"": "".data/day_inventory/2026-05-14.json"", ""day_inventory_refresh"": {""last_context_refresh_utc"": null, ""last_fixture_refresh_utc"": ""2026-05-13T21:01:36.669735+00:00"", ""last_odds_refresh_utc"": null}, ""day_inventory_source_ids"": {""day_inventory"": ""soccer|copenhagen|midtjylland|2026-05-14"", ""sstats"": ""1530944""}, ""latest_run_source"": ""day_inventory"", ""latest_run_source_event_id"": ""soccer|copenhagen|midtjylland|2026-05-14"", ""provider_source_ids"": {""sstats"": ""1530944""}, ""sources_seen"": ""sstats"", ""sstats_has_context_hint"": true, ""sstats_status"": ""2""}",,,,,,,,,,,,,,,,,,,,,,,,,,,,,,,
soccer|baranovichi|gomel|2026-05-14,day_inventory,soccer|baranovichi|gomel|2026-05-14,soccer,Unknown,FC Gomel,Baranovichi,2026-05-14T15:00:00+00:00,mid,"{""accumulated_from_latest_matches"": true, ""core_inventory"": true, ""coverage_repair_sources"": [""day_inventory""], ""day_inventory"": true, ""day_inventory_coverage"": {""context"": true, ""context_2plus_sources"": false, ""fixture_core"": true, ""fixture_source_2plus"": false, ""form"": true, ""news"": false, ""odds"": false, ""odds_2plus_sources"": false, ""ready_for_model"": false, ""ready_for_publish"": false, ""weather"": false, ""xg"": false}, ""day_inventory_path"": "".data/day_inventory/2026-05-14.json"", ""day_inventory_refresh"": {""last_context_refresh_utc"": null, ""last_fixture_refresh_utc"": ""2026-05-13T21:01:36.669894+00:00"", ""last_odds_refresh_utc"": null}, ""day_inventory_source_ids"": {""day_inventory"": ""soccer|baranovichi|gomel|2026-05-14"", ""sstats"": ""1525866""}, ""latest_run_source"": ""day_inventory"", ""latest_run_source_event_id"": ""soccer|baranovichi|gomel|2026-05-14"", ""provider_source_ids"": {""sstats"": ""1525866""}, ""sources_seen"": ""sstats"", ""sstats_has_context_hint"": true, ""sstats_status"": ""2""}",,,,,,,,,,,,,,,,,,,,,,,,,,,,,,,
soccer|noah|urartu|2026-05-14,day_inventory,soccer|noah|urartu|2026-05-14,soccer,Unknown,FC Urartu,FC Noah,2026-05-14T15:00:00+00:00,mid,"{""accumulated_from_latest_matches"": true, ""core_inventory"": true, ""coverage_repair_sources"": [""day_inventory""], ""day_inventory"": true, ""day_inventory_coverage"": {""context"": true, ""context_2plus_sources"": false, ""fixture_core"": true, ""fixture_source_2plus"": false, ""form"": true, ""news"": false, ""odds"": false, ""odds_2plus_sources"": false, ""ready_for_model"": false, ""ready_for_publish"": false, ""weather"": false, ""xg"": false}, ""day_inventory_path"": "".data/day_inventory/2026-05-14.json"", ""day_inventory_refresh"": {""last_context_refresh_utc"": null, ""last_fixture_refresh_utc"": ""2026-05-13T21:01:36.670050+00:00"", ""last_odds_refresh_utc"": null}, ""day_inventory_source_ids"": {""day_inventory"": ""soccer|noah|urartu|2026-05-14"", ""sstats"": ""1543730""}, ""latest_run_source"": ""day_inventory"", ""latest_run_source_event_id"": ""soccer|noah|urartu|2026-05-14"", ""provider_source_ids"": {""sstats"": ""1543730""}, ""sources_seen"": ""sstats"", ""sstats_has_context_hint"": true, ""sstats_status"": ""2""}",,,,,,,,,,,,,,,,,,,,,,,,,,,,,,,
soccer|first vienna|schwarz wei bregenz|2026-05-14,day_inventory,soccer|first vienna|schwarz wei bregenz|2026-05-14,soccer,Unknown,First Vienna,Schwarz-Weiß Bregenz,2026-05-14T15:00:00+00:00,mid,"{""accumulated_from_latest_matches"": true, ""core_inventory"": true, ""coverage_repair_sources"": [""day_inventory""], ""day_inventory"": true, ""day_inventory_coverage"": {""context"": true, ""context_2plus_sources"": false, ""fixture_core"": true, ""fixture_source_2plus"": false, ""form"": true, ""news"": false, ""odds"": false, ""odds_2plus_sources"": false, ""ready_for_model"": false, ""ready_for_publish"": false, ""weather"": false, ""xg"": false}, ""day_inventory_path"": "".data/day_inventory/2026-05-14.json"", ""day_inventory_refresh"": {""last_context_refresh_utc"": null, ""last_fixture_refresh_utc"": ""2026-05-13T21:01:36.670253+00:00"", ""last_odds_refresh_utc"": null}, ""day_inventory_source_ids"": {""day_inventory"": ""soccer|first vienna|schwarz wei bregenz|2026-05-14"", ""sstats"": ""1391861""}, ""latest_run_source"": ""day_inventory"", ""latest_run_source_event_id"": ""soccer|first vienna|schwarz wei bregenz|2026-05-14"", ""provider_source_ids"": {""sstats"": ""1391861""}, ""sources_seen"": ""sstats"", ""sstats_has_context_hint"": true, ""sstats_status"": ""2""}",,,,,,,,,,,,,,,,,,,,,,,,,,,,,,,
soccer|cotonsport|fortuna mfou|2026-05-14,day_inventory,soccer|cotonsport|fortuna mfou|2026-05-14,soccer,Unknown,Fortuna Mfou,Cotonsport,2026-05-14T15:00:00+00:00,mid,"{""accumulated_from_latest_matches"": true, ""core_inventory"": true, ""coverage_repair_sources"": [""day_inventory""], ""day_inventory"": true, ""day_inventory_coverage"": {""context"": true, ""context_2plus_sources"": false, ""fixture_core"": true, ""fixture_source_2plus"": false, ""form"": true, ""news"": false, ""odds"": false, ""odds_2plus_sources"": false, ""ready_for_model"": false, ""ready_for_publish"": false, ""weather"": false, ""xg"": false}, ""day_inventory_path"": "".data/day_inventory/2026-05-14.json"", ""day_inventory_refresh"": {""last_context_refresh_utc"": null, ""last_fixture_refresh_utc"": ""2026-05-13T21:01:36.670421+00:00"", ""last_odds_refresh_utc"": null}, ""day_inventory_source_ids"": {""day_inventory"": ""soccer|cotonsport|fortuna mfou|2026-05-14"", ""sstats"": ""1512906""}, ""latest_run_source"": ""day_inventory"", ""latest_run_source_event_id"": ""soccer|cotonsport|fortuna mfou|2026-05-14"", ""provider_source_ids"": {""sstats"": ""1512906""}, ""sources_seen"": ""sstats"", ""sstats_has_context_hint"": true, ""sstats_status"": ""2""}",,,,,,,,,,,,,,,,,,,,,,,,,,,,,,,
soccer|fh hafnarfjordur|fylkir|2026-05-14,day_inventory,soccer|fh hafnarfjordur|fylkir|2026-05-14,soccer,Unknown,Fylkir,FH hafnarfjordur,2026-05-14T15:00:00+00:00,mid,"{""accumulated_from_latest_matches"": true, ""core_inventory"": true, ""coverage_repair_sources"": [""day_inventory""], ""day_inventory"": true, ""day_inventory_coverage"": {""context"": true, ""context_2plus_sources"": false, ""fixture_core"": true, ""fixture_source_2plus"": false, ""form"": true, ""news"": false, ""odds"": false, ""odds_2plus_sources"": false, ""ready_for_model"": false, ""ready_for_publish"": false, ""weather"": false, ""xg"": false}, ""day_inventory_path"": "".data/day_inventory/2026-05-14.json"", ""day_inventory_refresh"": {""last_context_refresh_utc"": null, ""last_fixture_refresh_utc"": ""2026-05-13T21:01:36.670582+00:00"", ""last_odds_refresh_utc"": null}, ""day_inventory_source_ids"": {""day_inventory"": ""soccer|fh hafnarfjordur|fylkir|2026-05-14"", ""sstats"": ""1540156""}, ""latest_run_source"": ""day_inventory"", ""latest_run_source_event_id"": ""soccer|fh hafnarfjordur|fylkir|2026-05-14"", ""provider_source_ids"": {""sstats"": ""1540156""}, ""sources_seen"": ""sstats"", ""sstats_has_context_hint"": true, ""sstats_status"": ""2""}",,,,,,,,,,,,,,,,,,,,,,,,,,,,,,,
soccer|grafenstein|wolfsberg|2026-05-14,day_inventory,soccer|grafenstein|wolfsberg|2026-05-14,soccer,Unknown,Grafenstein,Wolfsberg,2026-05-14T15:00:00+00:00,mid,"{""accumulated_from_latest_matches"": true, ""core_inventory"": true, ""coverage_repair_sources"": [""day_inventory""], ""day_inventory"": true, ""day_inventory_coverage"": {""context"": true, ""context_2plus_sources"": false, ""fixture_core"": true, ""fixture_source_2plus"": false, ""form"": true, ""news"": false, ""odds"": false, ""odds_2plus_sources"": false, ""ready_for_model"": false, ""ready_for_publish"": false, ""weather"": false, ""xg"": false}, ""day_inventory_path"": "".data/day_inventory/2026-05-14.json"", ""day_inventory_refresh"": {""last_context_refresh_utc"": null, ""last_fixture_refresh_utc"": ""2026-05-13T21:01:36.670738+00:00"", ""last_odds_refresh_utc"": null}, ""day_inventory_source_ids"": {""day_inventory"": ""soccer|grafenstein|wolfsberg|2026-05-14"", ""sstats"": ""1464157""}, ""latest_run_source"": ""day_inventory"", ""latest_run_source_event_id"": ""soccer|grafenstein|wolfsberg|2026-05-14"", ""provider_source_ids"": {""sstats"": ""1464157""}, ""sources_seen"": ""sstats"", ""sstats_has_context_hint"": true, ""sstats_status"": ""2""}",,,,,,,,,,,,,,,,,,,,,,,,,,,,,,,
soccer|kitzbuhel|kuchl|2026-05-14,day_inventory,soccer|kitzbuhel|kuchl|2026-05-14,soccer,Unknown,Kuchl,Kitzbühel,2026-05-14T15:00:00+00:00,mid,"{""accumulated_from_latest_matches"": true, ""core_inventory"": true, ""coverage_repair_sources"": [""day_inventory""], ""day_inventory"": true, ""day_inventory_coverage"": {""context"": true, ""context_2plus_sources"": false, ""fixture_core"": true, ""fixture_source_2plus"": false, ""form"": true, ""news"": false, ""odds"": false, ""odds_2plus_sources"": false, ""ready_for_model"": false, ""ready_for_publish"": false, ""weather"": false, ""xg"": false}, ""day_inventory_path"": "".data/day_inventory/2026-05-14.json"", ""day_inventory_refresh"": {""last_context_refresh_utc"": null, ""last_fixture_refresh_utc"": ""2026-05-13T21:01:36.670889+00:00"", ""last_odds_refresh_utc"": null}, ""day_inventory_source_ids"": {""day_inventory"": ""soccer|kitzbuhel|kuchl|2026-05-14"", ""sstats"": ""1398922""}, ""latest_run_source"": ""day_inventory"", ""latest_run_source_event_id"": ""soccer|kitzbuhel|kuchl|2026-05-14"", ""provider_source_ids"": {""sstats"": ""1398922""}, ""sources_seen"": ""sstats"", ""sstats_has_context_hint"": true, ""sstats_status"": ""2""}",,,,,,,,,,,,,,,,,,,,,,,,,,,,,,,
soccer|dellach im gailtal|kottmannsdorf|2026-05-14,day_inventory,soccer|dellach im gailtal|kottmannsdorf|2026-05-14,soccer,Unknown,Köttmannsdorf,Dellach im Gailtal,2026-05-14T15:00:00+00:00,mid,"{""accumulated_from_latest_matches"": true, ""core_inventory"": true, ""coverage_repair_sources"": [""day_inventory""], ""day_inventory"": true, ""day_inventory_coverage"": {""context"": true, ""context_2plus_sources"": false, ""fixture_core"": true, ""fixture_source_2plus"": false, ""form"": true, ""news"": false, ""odds"": false, ""odds_2plus_sources"": false, ""ready_for_model"": false, ""ready_for_publish"": false, ""weather"": false, ""xg"": false}, ""day_inventory_path"": "".data/day_inventory/2026-05-14.json"", ""day_inventory_refresh"": {""last_context_refresh_utc"": null, ""last_fixture_refresh_utc"": ""2026-05-13T21:01:36.671072+00:00"", ""last_odds_refresh_utc"": null}, ""day_inventory_source_ids"": {""day_inventory"": ""soccer|dellach im gailtal|kottmannsdorf|2026-05-14"", ""sstats"": ""1464153""}, ""latest_run_source"": ""day_inventory"", ""latest_run_source_event_id"": ""soccer|dellach im gailtal|kottmannsdorf|2026-05-14"", ""provider_source_ids"": {""sstats"": ""1464153""}, ""sources_seen"": ""sstats"", ""sstats_has_context_hint"": true, ""sstats_status"": ""2""}",,,,,,,,,,,,,,,,,,,,,,,,,,,,,,,
soccer|gif sundsvall|ljungskile sk|2026-05-14,day_inventory,soccer|gif sundsvall|ljungskile sk|2026-05-14,soccer,Unknown,Ljungskile SK,GIF Sundsvall,2026-05-14T15:00:00+00:00,mid,"{""accumulated_from_latest_matches"": true, ""core_inventory"": true, ""coverage_repair_sources"": [""day_inventory""], ""day_inventory"": true, ""day_inventory_coverage"": {""context"": true, ""context_2plus_sources"": false, ""fixture_core"": true, ""fixture_source_2plus"": false, ""form"": true, ""news"": false, ""odds"": false, ""odds_2plus_sources"": false, ""ready_for_model"": false, ""ready_for_publish"": false, ""weather"": false, ""xg"": false}, ""day_inventory_path"": "".data/day_inventory/2026-05-14.json"", ""day_inventory_refresh"": {""last_context_refresh_utc"": null, ""last_fixture_refresh_utc"": ""2026-05-13T21:01:36.671258+00:00"", ""last_odds_refresh_utc"": null}, ""day_inventory_source_ids"": {""day_inventory"": ""soccer|gif sundsvall|ljungskile sk|2026-05-14"", ""sstats"": ""1497565""}, ""latest_run_source"": ""day_inventory"", ""latest_run_source_event_id"": ""soccer|gif sundsvall|ljungskile sk|2026-05-14"", ""provider_source_ids"": {""sstats"": ""1497565""}, ""sources_seen"": ""sstats"", ""sstats_has_context_hint"": true, ""sstats_status"": ""2""}",,,,,,,,,,,,,,,,,,,,,,,,,,,,,,,
soccer|mekelakeya|negelle arsi|2026-05-14,day_inventory,soccer|mekelakeya|negelle arsi|2026-05-14,soccer,Unknown,Mekelakeya,Negelle Arsi,2026-05-14T15:00:00+00:00,mid,"{""accumulated_from_latest_matches"": true, ""core_inventory"": true, ""coverage_repair_sources"": [""day_inventory""], ""day_inventory"": true, ""day_inventory_coverage"": {""context"": true, ""context_2plus_sources"": false, ""fixture_core"": true, ""fixture_source_2plus"": false, ""form"": true, ""news"": false, ""odds"": false, ""odds_2plus_sources"": false, ""ready_for_model"": false, ""ready_for_publish"": false, ""weather"": false, ""xg"": false}, ""day_inventory_path"": "".data/day_inventory/2026-05-14.json"", ""day_inventory_refresh"": {""last_context_refresh_utc"": null, ""last_fixture_refresh_utc"": ""2026-05-13T21:01:36.671423+00:00"", ""last_odds_refresh_utc"": null}, ""day_inventory_source_ids"": {""day_inventory"": ""soccer|mekelakeya|negelle arsi|2026-05-14"", ""sstats"": ""1541058""}, ""latest_run_source"": ""day_inventory"", ""latest_run_source_event_id"": ""soccer|mekelakeya|negelle arsi|2026-05-14"", ""provider_source_ids"": {""sstats"": ""1541058""}, ""sources_seen"": ""sstats"", ""sstats_has_context_hint"": true, ""sstats_status"": ""2""}",,,,,,,,,,,,,,,,,,,,,,,,,,,,,,,
soccer|nu dorf|tsu matrei|2026-05-14,day_inventory,61898612,soccer,Unknown,Nußdorf,TSU Matrei,2026-05-14T15:00:00+00:00,mid,"{""accumulated_from_latest_matches"": true, ""core_inventory"": true, ""coverage_repair_sources"": [""day_inventory""], ""day_inventory"": true, ""day_inventory_coverage"": {""context"": true, ""context_2plus_sources"": false, ""fixture_core"": true, ""fixture_source_2plus"": true, ""form"": true, ""news"": false, ""odds"": true, ""odds_2plus_sources"": false, ""odds_sources_count"": 1, ""ready_for_model"": true, ""ready_for_publish"": false, ""weather"": false, ""xg"": false}, ""day_inventory_path"": "".data/day_inventory/2026-05-14.json"", ""day_inventory_refresh"": {""last_context_refresh_utc"": null, ""last_fixture_refresh_utc"": ""2026-05-13T21:01:36.671584+00:00"", ""last_odds_refresh_utc"": null}, ""day_inventory_source_ids"": {""day_inventory"": ""61898612"", ""odds_api_io"": ""61898612"", ""sstats"": ""1464151""}, ""latest_run_source"": ""day_inventory"", ""latest_run_source_event_id"": ""61898612"", ""provider_source_ids"": {""sstats"": ""1464151""}, ""sources_seen"": ""sstats"", ""sstats_has_context_hint"": true, ""sstats_status"": ""2""}",,,,,,,,,,,,,,,,,,,,,,,,,,,,,,,
soccer|parndorf|sv horn|2026-05-14,day_inventory,soccer|parndorf|sv horn|2026-05-14,soccer,Unknown,Parndorf,SV Horn,2026-05-14T15:00:00+00:00,mid,"{""accumulated_from_latest_matches"": true, ""core_inventory"": true, ""coverage_repair_sources"": [""day_inventory""], ""day_inventory"": true, ""day_inventory_coverage"": {""context"": true, ""context_2plus_sources"": false, ""fixture_core"": true, ""fixture_source_2plus"": false, ""form"": true, ""news"": false, ""odds"": false, ""odds_2plus_sources"": false, ""ready_for_model"": false, ""ready_for_publish"": false, ""weather"": false, ""xg"": false}, ""day_inventory_path"": "".data/day_inventory/2026-05-14.json"", ""day_inventory_refresh"": {""last_context_refresh_utc"": null, ""last_fixture_refresh_utc"": ""2026-05-13T21:01:36.671742+00:00"", ""last_odds_refresh_utc"": null}, ""day_inventory_source_ids"": {""day_inventory"": ""soccer|parndorf|sv horn|2026-05-14"", ""sstats"": ""1418118""}, ""latest_run_source"": ""day_inventory"", ""latest_run_source_event_id"": ""soccer|parndorf|sv horn|2026-05-14"", ""provider_source_ids"": {""sstats"": ""1418118""}, ""sources_seen"": ""sstats"", ""sstats_has_context_hint"": true, ""sstats_status"": ""2""}",,,,,,,,,,,,,,,,,,,,,,,,,,,,,,,
soccer|mes soongoun|saipa|2026-05-14,day_inventory,soccer|mes soongoun|saipa|2026-05-14,soccer,Unknown,Saipa,Mes Soongoun,2026-05-14T15:00:00+00:00,mid,"{""accumulated_from_latest_matches"": true, ""core_inventory"": true, ""coverage_repair_sources"": [""day_inventory""], ""day_inventory"": true, ""day_inventory_coverage"": {""context"": true, ""context_2plus_sources"": false, ""fixture_core"": true, ""fixture_source_2plus"": false, ""form"": true, ""news"": false, ""odds"": false, ""odds_2plus_sources"": false, ""ready_for_model"": false, ""ready_for_publish"": false, ""weather"": false, ""xg"": false}, ""day_inventory_path"": "".data/day_inventory/2026-05-14.json"", ""day_inventory_refresh"": {""last_context_refresh_utc"": null, ""last_fixture_refresh_utc"": ""2026-05-13T21:01:36.672089+00:00"", ""last_odds_refresh_utc"": null}, ""day_inventory_source_ids"": {""day_inventory"": ""soccer|mes soongoun|saipa|2026-05-14"", ""sstats"": ""1521121""}, ""latest_run_source"": ""day_inventory"", ""latest_run_source_event_id"": ""soccer|mes soongoun|saipa|2026-05-14"", ""provider_source_ids"": {""sstats"": ""1521121""}, ""sources_seen"": ""sstats"", ""sstats_has_context_hint"": true, ""sstats_status"": ""2""}",,,,,,,,,,,,,,,,,,,,,,,,,,,,,,,
soccer|ario eslamshahr|sanat naft|2026-05-14,day_inventory,soccer|ario eslamshahr|sanat naft|2026-05-14,soccer,Unknown,Sanat Naft,Ario Eslamshahr,2026-05-14T15:00:00+00:00,mid,"{""accumulated_from_latest_matches"": true, ""core_inventory"": true, ""coverage_repair_sources"": [""day_inventory""], ""day_inventory"": true, ""day_inventory_coverage"": {""context"": true, ""context_2plus_sources"": false, ""fixture_core"": true, ""fixture_source_2plus"": false, ""form"": true, ""news"": false, ""odds"": false, ""odds_2plus_sources"": false, ""ready_for_model"": false, ""ready_for_publish"": false, ""weather"": false, ""xg"": false}, ""day_inventory_path"": "".data/day_inventory/2026-05-14.json"", ""day_inventory_refresh"": {""last_context_refresh_utc"": null, ""last_fixture_refresh_utc"": ""2026-05-13T21:01:36.672278+00:00"", ""last_odds_refresh_utc"": null}, ""day_inventory_source_ids"": {""day_inventory"": ""soccer|ario eslamshahr|sanat naft|2026-05-14"", ""sstats"": ""1521119""}, ""latest_run_source"": ""day_inventory"", ""latest_run_source_event_id"": ""soccer|ario eslamshahr|sanat naft|2026-05-14"", ""provider_source_ids"": {""sstats"": ""1521119""}, ""sources_seen"": ""sstats"", ""sstats_has_context_hint"": true, ""sstats_status"": ""2""}",,,,,,,,,,,,,,,,,,,,,,,,,,,,,,,
soccer|skn saint polten|wspg wels|2026-05-14,day_inventory,soccer|skn saint polten|wspg wels|2026-05-14,soccer,Unknown,SKN ST. Polten,WSPG Wels,2026-05-14T15:00:00+00:00,mid,"{""accumulated_from_latest_matches"": true, ""core_inventory"": true, ""coverage_repair_sources"": [""day_inventory""], ""day_inventory"": true, ""day_inventory_coverage"": {""context"": true, ""context_2plus_sources"": false, ""fixture_core"": true, ""fixture_source_2plus"": false, ""form"": true, ""news"": false, ""odds"": false, ""odds_2plus_sources"": false, ""ready_for_model"": false, ""ready_for_publish"": false, ""weather"": false, ""xg"": false}, ""day_inventory_path"": "".data/day_inventory/2026-05-14.json"", ""day_inventory_refresh"": {""last_context_refresh_utc"": null, ""last_fixture_refresh_utc"": ""2026-05-13T21:01:36.671929+00:00"", ""last_odds_refresh_utc"": null}, ""day_inventory_source_ids"": {""day_inventory"": ""soccer|skn saint polten|wspg wels|2026-05-14"", ""sstats"": ""1391859""}, ""latest_run_source"": ""day_inventory"", ""latest_run_source_event_id"": ""soccer|skn saint polten|wspg wels|2026-05-14"", ""provider_source_ids"": {""sstats"": ""1391859""}, ""sources_seen"": ""sstats"", ""sstats_has_context_hint"": true, ""sstats_status"": ""2""}",,,,,,,,,,,,,,,,,,,,,,,,,,,,,,,
soccer|sak klagenfurt|spittal|2026-05-14,day_inventory,soccer|sak klagenfurt|spittal|2026-05-14,soccer,Unknown,Spittal,SAK Klagenfurt,2026-05-14T15:00:00+00:00,mid,"{""accumulated_from_latest_matches"": true, ""core_inventory"": true, ""coverage_repair_sources"": [""day_inventory""], ""day_inventory"": true, ""day_inventory_coverage"": {""context"": true, ""context_2plus_sources"": false, ""fixture_core"": true, ""fixture_source_2plus"": false, ""form"": true, ""news"": false, ""odds"": false, ""odds_2plus_sources"": false, ""ready_for_model"": false, ""ready_for_publish"": false, ""weather"": false, ""xg"": false}, ""day_inventory_path"": "".data/day_inventory/2026-05-14.json"", ""day_inventory_refresh"": {""last_context_refresh_utc"": null, ""last_fixture_refresh_utc"": ""2026-05-13T21:01:36.672446+00:00"", ""last_odds_refresh_utc"": null}, ""day_inventory_source_ids"": {""day_inventory"": ""soccer|sak klagenfurt|spittal|2026-05-14"", ""sstats"": ""1464154""}, ""latest_run_source"": ""day_inventory"", ""latest_run_source_event_id"": ""soccer|sak klagenfurt|spittal|2026-05-14"", ""provider_source_ids"": {""sstats"": ""1464154""}, ""sources_seen"": ""sstats"", ""sstats_has_context_hint"": true, ""sstats_status"": ""2""}",,,,,,,,,,,,,,,,,,,,,,,,,,,,,,,
soccer|kac|saint veit glan|2026-05-14,day_inventory,soccer|kac|saint veit glan|2026-05-14,soccer,Unknown,St. Veit / Glan,KAC,2026-05-14T15:00:00+00:00,mid,"{""accumulated_from_latest_matches"": true, ""core_inventory"": true, ""coverage_repair_sources"": [""day_inventory""], ""day_inventory"": true, ""day_inventory_coverage"": {""context"": true, ""context_2plus_sources"": false, ""fixture_core"": true, ""fixture_source_2plus"": false, ""form"": true, ""news"": false, ""odds"": false, ""odds_2plus_sources"": false, ""ready_for_model"": false, ""ready_for_publish"": false, ""weather"": false, ""xg"": false}, ""day_inventory_path"": "".data/day_inventory/2026-05-14.json"", ""day_inventory_refresh"": {""last_context_refresh_utc"": null, ""last_fixture_refresh_utc"": ""2026-05-13T21:01:36.672619+00:00"", ""last_odds_refresh_utc"": null}, ""day_inventory_source_ids"": {""day_inventory"": ""soccer|kac|saint veit glan|2026-05-14"", ""sstats"": ""1464156""}, ""latest_run_source"": ""day_inventory"", ""latest_run_source_event_id"": ""soccer|kac|saint veit glan|2026-05-14"", ""provider_source_ids"": {""sstats"": ""1464156""}, ""sources_seen"": ""sstats"", ""sstats_has_context_hint"": true, ""sstats_status"": ""2""}",,,,,,,,,,,,,,,,,,,,,,,,,,,,,,,
soccer|rapid wien 2|sturm graz 2|2026-05-14,day_inventory,soccer|rapid wien 2|sturm graz 2|2026-05-14,soccer,Unknown,Sturm Graz II,Rapid Wien II,2026-05-14T15:00:00+00:00,mid,"{""accumulated_from_latest_matches"": true, ""core_inventory"": true, ""coverage_repair_sources"": [""day_inventory""], ""day_inventory"": true, ""day_inventory_coverage"": {""context"": true, ""context_2plus_sources"": false, ""fixture_core"": true, ""fixture_source_2plus"": false, ""form"": true, ""news"": false, ""odds"": false, ""odds_2plus_sources"": false, ""ready_for_model"": false, ""ready_for_publish"": false, ""weather"": false, ""xg"": false}, ""day_inventory_path"": "".data/day_inventory/2026-05-14.json"", ""day_inventory_refresh"": {""last_context_refresh_utc"": null, ""last_fixture_refresh_utc"": ""2026-05-13T21:01:36.672803+00:00"", ""last_odds_refresh_utc"": null}, ""day_inventory_source_ids"": {""day_inventory"": ""soccer|rapid wien 2|sturm graz 2|2026-05-14"", ""sstats"": ""1391863""}, ""latest_run_source"": ""day_inventory"", ""latest_run_source_event_id"": ""soccer|rapid wien 2|sturm graz 2|2026-05-14"", ""provider_source_ids"": {""sstats"": ""1391863""}, ""sources_seen"": ""sstats"", ""sstats_has_context_hint"": true, ""sstats_status"": ""2""}",,,,,,,,,,,,,,,,,,,,,,,,,,,,,,,
soccer|es tunis|us ben guerdane|2026-05-14,day_inventory,soccer|es tunis|us ben guerdane|2026-05-14,soccer,Unknown,US Ben Guerdane,ES Tunis,2026-05-14T15:00:00+00:00,mid,"{""accumulated_from_latest_matches"": true, ""core_inventory"": true, ""coverage_repair_sources"": [""day_inventory""], ""day_inventory"": true, ""day_inventory_coverage"": {""context"": true, ""context_2plus_sources"": false, ""fixture_core"": true, ""fixture_source_2plus"": false, ""form"": true, ""news"": false, ""odds"": false, ""odds_2plus_sources"": false, ""ready_for_model"": false, ""ready_for_publish"": false, ""weather"": false, ""xg"": false}, ""day_inventory_path"": "".data/day_inventory/2026-05-14.json"", ""day_inventory_refresh"": {""last_context_refresh_utc"": null, ""last_fixture_refresh_utc"": ""2026-05-13T21:01:36.673188+00:00"", ""last_odds_refresh_utc"": null}, ""day_inventory_source_ids"": {""day_inventory"": ""soccer|es tunis|us ben guerdane|2026-05-14"", ""sstats"": ""1542706""}, ""latest_run_source"": ""day_inventory"", ""latest_run_source_event_id"": ""soccer|es tunis|us ben guerdane|2026-05-14"", ""provider_source_ids"": {""sstats"": ""1542706""}, ""sources_seen"": ""sstats"", ""sstats_has_context_hint"": true, ""sstats_status"": ""2""}",,,,,,,,,,,,,,,,,,,,,,,,,,,,,,,
soccer|esperance tunis|us ben guerdane|2026-05-14,day_inventory,soccer|esperance tunis|us ben guerdane|2026-05-14,soccer,Unknown,US Ben Guerdane,Espérance Tunis,2026-05-14T15:00:00+00:00,mid,"{""accumulated_from_latest_matches"": true, ""bzzoiro_context_fields"": true, ""bzzoiro_has_context_hint"": true, ""bzzoiro_has_prediction"": true, ""bzzoiro_raw_source"": ""predictions"", ""core_inventory"": true, ""core_merge_audit"": [{""decision"": {""avg"": 1.0, ""away_score"": 1.0, ""home_score"": 1.0, ""kickoff_diff_hours"": 0.0, ""min"": 1.0, ""orientation"": ""direct""}, ""provider"": ""bzzoiro"", ""provider_match_key"": ""soccer|esperance tunis|us ben guerdane|2026-05-14""}], ""coverage_repair_sources"": [""day_inventory""], ""day_inventory"": true, ""day_inventory_coverage"": {""context"": true, ""context_2plus_sources"": false, ""context_sources_count"": 1, ""fixture_core"": true, ""fixture_source_2plus"": true, ""form"": false, ""news"": false, ""odds"": false, ""odds_2plus_sources"": false, ""ready_for_model"": false, ""ready_for_publish"": false, ""weather"": false, ""xg"": true}, ""day_inventory_path"": "".data/day_inventory/2026-05-14.json"", ""day_inventory_refresh"": {""last_context_refresh_utc"": null, ""last_fixture_refresh_utc"": ""2026-05-13T21:01:36.673004+00:00"", ""last_odds_refresh_utc"": null}, ""day_inventory_source_ids"": {""bzzoiro"": ""206899"", ""day_inventory"": ""soccer|esperance tunis|us ben guerdane|2026-05-14"", ""sstats"": ""1542706""}, ""latest_run_source"": ""day_inventory"", ""latest_run_source_event_id"": ""soccer|esperance tunis|us ben guerdane|2026-05-14"", ""provider_source_ids"": {""bzzoiro"": ""206899""}, ""sources_seen"": ""bzzoiro""}",,,,,,,,,,,,,,,,,,,,,,,,,,,,,,,
soccer|as soliman|us monastir|2026-05-14,day_inventory,soccer|as soliman|us monastir|2026-05-14,soccer,Unknown,US Monastir,AS Soliman,2026-05-14T15:00:00+00:00,mid,"{""accumulated_from_latest_matches"": true, ""bzzoiro_context_fields"": true, ""bzzoiro_has_context_hint"": true, ""bzzoiro_has_prediction"": true, ""bzzoiro_raw_source"": ""predictions"", ""core_inventory"": true, ""core_merge_audit"": [{""decision"": {""avg"": 1.0, ""away_score"": 1.0, ""home_score"": 1.0, ""kickoff_diff_hours"": 0.0, ""min"": 1.0, ""orientation"": ""direct""}, ""provider"": ""bzzoiro"", ""provider_match_key"": ""soccer|as soliman|us monastir|2026-05-14""}, {""decision"": {""avg"": 0.9099999999999999, ""away_score"": 1.0, ""home_score"": 0.82, ""kickoff_diff_hours"": 0.0, ""min"": 0.82, ""orientation"": ""direct""}, ""provider"": ""sstats"", ""provider_match_key"": ""soccer|as soliman|us monastirienne|2026-05-14""}], ""coverage_repair_sources"": [""day_inventory""], ""day_inventory"": true, ""day_inventory_coverage"": {""context"": true, ""context_2plus_sources"": false, ""context_sources_count"": 1, ""fixture_core"": true, ""fixture_source_2plus"": true, ""form"": true, ""news"": false, ""odds"": false, ""odds_2plus_sources"": false, ""ready_for_model"": false, ""ready_for_publish"": false, ""weather"": false, ""xg"": true}, ""day_inventory_path"": "".data/day_inventory/2026-05-14.json"", ""day_inventory_refresh"": {""last_context_refresh_utc"": null, ""last_fixture_refresh_utc"": ""2026-05-13T21:01:36.647381+00:00"", ""last_odds_refresh_utc"": null}, ""day_inventory_source_ids"": {""bzzoiro"": ""206900"", ""day_inventory"": ""soccer|as soliman|us monastir|2026-05-14"", ""sstats"": ""1542712""}, ""latest_run_source"": ""day_inventory"", ""latest_run_source_event_id"": ""soccer|as soliman|us monastir|2026-05-14"", ""provider_source_ids"": {""bzzoiro"": ""206900"", ""sstats"": ""1542712""}, ""sources_seen"": ""bzzoiro,sstats"", ""sstats_has_context_hint"": true, ""sstats_status"": ""2""}",,,,,,,,,,,,,,,,,,,,,,,,,,,,,,,
soccer|smail|sohar|2026-05-14,day_inventory,soccer|smail|sohar|2026-05-14,soccer,Unknown,Smail,Sohar,2026-05-14T15:20:00+00:00,mid,"{""accumulated_from_latest_matches"": true, ""core_inventory"": true, ""coverage_repair_sources"": [""day_inventory""], ""day_inventory"": true, ""day_inventory_coverage"": {""context"": true, ""context_2plus_sources"": false, ""fixture_core"": true, ""fixture_source_2plus"": false, ""form"": true, ""news"": false, ""odds"": false, ""odds_2plus_sources"": false, ""ready_for_model"": false, ""ready_for_publish"": false, ""weather"": false, ""xg"": false}, ""day_inventory_path"": "".data/day_inventory/2026-05-14.json"", ""day_inventory_refresh"": {""last_context_refresh_utc"": null, ""last_fixture_refresh_utc"": ""2026-05-13T21:01:36.673335+00:00"", ""last_odds_refresh_utc"": null}, ""day_inventory_source_ids"": {""day_inventory"": ""soccer|smail|sohar|2026-05-14"", ""sstats"": ""1540930""}, ""latest_run_source"": ""day_inventory"", ""latest_run_source_event_id"": ""soccer|smail|sohar|2026-05-14"", ""provider_source_ids"": {""sstats"": ""1540930""}, ""sources_seen"": ""sstats"", ""sstats_has_context_hint"": true, ""sstats_status"": ""2""}",,,,,,,,,,,,,,,,,,,,,,,,,,,,,,,
soccer|azam|pamba jiji|2026-05-14,day_inventory,soccer|azam|pamba jiji|2026-05-14,soccer,Unknown,Azam,Pamba Jiji,2026-05-14T15:30:00+00:00,mid,"{""accumulated_from_latest_matches"": true, ""core_inventory"": true, ""coverage_repair_sources"": [""day_inventory""], ""day_inventory"": true, ""day_inventory_coverage"": {""context"": true, ""context_2plus_sources"": false, ""fixture_core"": true, ""fixture_source_2plus"": false, ""form"": true, ""news"": false, ""odds"": false, ""odds_2plus_sources"": false, ""ready_for_model"": false, ""ready_for_publish"": false, ""weather"": false, ""xg"": false}, ""day_inventory_path"": "".data/day_inventory/2026-05-14.json"", ""day_inventory_refresh"": {""last_context_refresh_utc"": null, ""last_fixture_refresh_utc"": ""2026-05-13T21:01:36.673489+00:00"", ""last_odds_refresh_utc"": null}, ""day_inventory_source_ids"": {""day_inventory"": ""soccer|azam|pamba jiji|2026-05-14"", ""sstats"": ""1477224""}, ""latest_run_source"": ""day_inventory"", ""latest_run_source_event_id"": ""soccer|azam|pamba jiji|2026-05-14"", ""provider_source_ids"": {""sstats"": ""1477224""}, ""sources_seen"": ""sstats"", ""sstats_has_context_hint"": true, ""sstats_status"": ""2""}",,,,,,,,,,,,,,,,,,,,,,,,,,,,,,,
soccer|al fateh|al najma|2026-05-14,day_inventory,soccer|al fateh|al najma|2026-05-14,soccer,Unknown,Al-Fateh,Al-Najma SC,2026-05-14T15:55:00+00:00,mid,"{""accumulated_from_latest_matches"": true, ""bzzoiro_context_fields"": true, ""bzzoiro_has_context_hint"": true, ""bzzoiro_has_prediction"": true, ""bzzoiro_raw_source"": ""predictions"", ""core_inventory"": true, ""core_merge_audit"": [{""decision"": {""avg"": 1.0, ""away_score"": 1.0, ""home_score"": 1.0, ""kickoff_diff_hours"": 0.0, ""min"": 1.0, ""orientation"": ""direct""}, ""provider"": ""bzzoiro"", ""provider_match_key"": ""soccer|al fateh|al najma|2026-05-14""}, {""decision"": {""avg"": 0.9099999999999999, ""away_score"": 0.82, ""home_score"": 1.0, ""kickoff_diff_hours"": 0.0, ""min"": 0.82, ""orientation"": ""direct""}, ""provider"": ""sstats"", ""provider_match_key"": ""soccer|al fateh|al najma|2026-05-14""}], ""coverage_repair_sources"": [""day_inventory""], ""day_inventory"": true, ""day_inventory_coverage"": {""context"": true, ""context_2plus_sources"": false, ""context_sources_count"": 1, ""fixture_core"": true, ""fixture_source_2plus"": true, ""form"": true, ""news"": false, ""odds"": false, ""odds_2plus_sources"": false, ""ready_for_model"": false, ""ready_for_publish"": false, ""weather"": false, ""xg"": true}, ""day_inventory_path"": "".data/day_inventory/2026-05-14.json"", ""day_inventory_refresh"": {""last_context_refresh_utc"": null, ""last_fixture_refresh_utc"": ""2026-05-13T21:01:36.647557+00:00"", ""last_odds_refresh_utc"": null}, ""day_inventory_source_ids"": {""bzzoiro"": ""4813"", ""day_inventory"": ""soccer|al fateh|al najma|2026-05-14"", ""sstats"": ""1438974""}, ""latest_run_source"": ""day_inventory"", ""latest_run_source_event_id"": ""soccer|al fateh|al najma|2026-05-14"", ""provider_source_ids"": {""bzzoiro"": ""4813"", ""sstats"": ""1438974""}, ""sources_seen"": ""bzzoiro,sstats"", ""sstats_has_context_hint"": true, ""sstats_status"": ""2""}",,,,,,,,,,,,,,,,,,,,,,,,,,,,,,,
soccer|tallinn|tallinna kalev|2026-05-14,day_inventory,soccer|tallinn|tallinna kalev|2026-05-14,soccer,Unknown,FC Tallinn,Tallinna Kalev,2026-05-14T16:00:00+00:00,mid,"{""accumulated_from_latest_matches"": true, ""core_inventory"": true, ""coverage_repair_sources"": [""day_inventory""], ""day_inventory"": true, ""day_inventory_coverage"": {""context"": true, ""context_2plus_sources"": false, ""fixture_core"": true, ""fixture_source_2plus"": false, ""form"": true, ""news"": false, ""odds"": false, ""odds_2plus_sources"": false, ""ready_for_model"": false, ""ready_for_publish"": false, ""weather"": false, ""xg"": false}, ""day_inventory_path"": "".data/day_inventory/2026-05-14.json"", ""day_inventory_refresh"": {""last_context_refresh_utc"": null, ""last_fixture_refresh_utc"": ""2026-05-13T21:01:36.673663+00:00"", ""last_odds_refresh_utc"": null}, ""day_inventory_source_ids"": {""day_inventory"": ""soccer|tallinn|tallinna kalev|2026-05-14"", ""sstats"": ""1519552""}, ""latest_run_source"": ""day_inventory"", ""latest_run_source_event_id"": ""soccer|tallinn|tallinna kalev|2026-05-14"", ""provider_source_ids"": {""sstats"": ""1519552""}, ""sources_seen"": ""sstats"", ""sstats_has_context_hint"": true, ""sstats_status"": ""2""}",,,,,,,,,,,,,,,,,,,,,,,,,,,,,,,
soccer|gamle oslo|sf grei|2026-05-14,day_inventory,soccer|gamle oslo|sf grei|2026-05-14,soccer,Unknown,Gamle Oslo,SF Grei,2026-05-14T16:00:00+00:00,mid,"{""accumulated_from_latest_matches"": true, ""core_inventory"": true, ""coverage_repair_sources"": [""day_inventory""], ""day_inventory"": true, ""day_inventory_coverage"": {""context"": true, ""context_2plus_sources"": false, ""fixture_core"": true, ""fixture_source_2plus"": false, ""form"": true, ""news"": false, ""odds"": false, ""odds_2plus_sources"": false, ""ready_for_model"": false, ""ready_for_publish"": false, ""weather"": false, ""xg"": false}, ""day_inventory_path"": "".data/day_inventory/2026-05-14.json"", ""day_inventory_refresh"": {""last_context_refresh_utc"": null, ""last_fixture_refresh_utc"": ""2026-05-13T21:01:36.673825+00:00"", ""last_odds_refresh_utc"": null}, ""day_inventory_source_ids"": {""day_inventory"": ""soccer|gamle oslo|sf grei|2026-05-14"", ""sstats"": ""1496422""}, ""latest_run_source"": ""day_inventory"", ""latest_run_source_event_id"": ""soccer|gamle oslo|sf grei|2026-05-14"", ""provider_source_ids"": {""sstats"": ""1496422""}, ""sources_seen"": ""sstats"", ""sstats_has_context_hint"": true, ""sstats_status"": ""2""}",,,,,,,,,,,,,,,,,,,,,,,,,,,,,,,
soccer|hapoel hadera|hapoel ra anana|2026-05-14,day_inventory,soccer|hapoel hadera|hapoel ra anana|2026-05-14,soccer,Unknown,Hapoel Hadera,Hapoel Ra'anana,2026-05-14T16:00:00+00:00,mid,"{""accumulated_from_latest_matches"": true, ""core_inventory"": true, ""coverage_repair_sources"": [""day_inventory""], ""day_inventory"": true, ""day_inventory_coverage"": {""context"": true, ""context_2plus_sources"": false, ""fixture_core"": true, ""fixture_source_2plus"": false, ""form"": true, ""news"": false, ""odds"": false, ""odds_2plus_sources"": false, ""ready_for_model"": false, ""ready_for_publish"": false, ""weather"": false, ""xg"": false}, ""day_inventory_path"": "".data/day_inventory/2026-05-14.json"", ""day_inventory_refresh"": {""last_context_refresh_utc"": null, ""last_fixture_refresh_utc"": ""2026-05-13T21:01:36.674002+00:00"", ""last_odds_refresh_utc"": null}, ""day_inventory_source_ids"": {""day_inventory"": ""soccer|hapoel hadera|hapoel ra anana|2026-05-14"", ""sstats"": ""1541904""}, ""latest_run_source"": ""day_inventory"", ""latest_run_source_event_id"": ""soccer|hapoel hadera|hapoel ra anana|2026-05-14"", ""provider_source_ids"": {""sstats"": ""1541904""}, ""sources_seen"": ""sstats"", ""sstats_has_context_hint"": true, ""sstats_status"": ""2""}",,,,,,,,,,,,,,,,,,,,,,,,,,,,,,,
soccer|huracan reserves|independiente reserves|2026-05-14,day_inventory,soccer|huracan reserves|independiente reserves|2026-05-14,soccer,Unknown,Huracán Res.,Independiente Res.,2026-05-14T16:00:00+00:00,mid,"{""accumulated_from_latest_matches"": true, ""core_inventory"": true, ""coverage_repair_sources"": [""day_inventory""], ""day_inventory"": true, ""day_inventory_coverage"": {""context"": true, ""context_2plus_sources"": false, ""fixture_core"": true, ""fixture_source_2plus"": false, ""form"": true, ""news"": false, ""odds"": false, ""odds_2plus_sources"": false, ""ready_for_model"": false, ""ready_for_publish"": false, ""weather"": false, ""xg"": false}, ""day_inventory_path"": "".data/day_inventory/2026-05-14.json"", ""day_inventory_refresh"": {""last_context_refresh_utc"": null, ""last_fixture_refresh_utc"": ""2026-05-13T21:01:36.674205+00:00"", ""last_odds_refresh_utc"": null}, ""day_inventory_source_ids"": {""day_inventory"": ""soccer|huracan reserves|independiente reserves|2026-05-14"", ""sstats"": ""1512391""}, ""latest_run_source"": ""day_inventory"", ""latest_run_source_event_id"": ""soccer|huracan reserves|independiente reserves|2026-05-14"", ""provider_source_ids"": {""sstats"": ""1512391""}, ""sources_seen"": ""sstats"", ""sstats_has_context_hint"": true, ""sstats_status"": ""2""}",,,,,,,,,,,,,,,,,,,,,,,,,,,,,,,
soccer|hapoel acre|ironi modi in|2026-05-14,day_inventory,soccer|hapoel acre|ironi modi in|2026-05-14,soccer,Unknown,Ironi Modi'in,Hapoel Acre,2026-05-14T16:00:00+00:00,mid,"{""accumulated_from_latest_matches"": true, ""core_inventory"": true, ""coverage_repair_sources"": [""day_inventory""], ""day_inventory"": true, ""day_inventory_coverage"": {""context"": true, ""context_2plus_sources"": false, ""fixture_core"": true, ""fixture_source_2plus"": false, ""form"": true, ""news"": false, ""odds"": false, ""odds_2plus_sources"": false, ""ready_for_model"": false, ""ready_for_publish"": false, ""weather"": false, ""xg"": false}, ""day_inventory_path"": "".data/day_inventory/2026-05-14.json"", ""day_inventory_refresh"": {""last_context_refresh_utc"": null, ""last_fixture_refresh_utc"": ""2026-05-13T21:01:36.674382+00:00"", ""last_odds_refresh_utc"": null}, ""day_inventory_source_ids"": {""day_inventory"": ""soccer|hapoel acre|ironi modi in|2026-05-14"", ""sstats"": ""1541903""}, ""latest_run_source"": ""day_inventory"", ""latest_run_source_event_id"": ""soccer|hapoel acre|ironi modi in|2026-05-14"", ""provider_source_ids"": {""sstats"": ""1541903""}, ""sources_seen"": ""sstats"", ""sstats_has_context_hint"": true, ""sstats_status"": ""2""}",,,,,,,,,,,,,,,,,,,,,,,,,,,,,,,
soccer|dr bak frogn|sandefjord 2|2026-05-14,day_inventory,soccer|dr bak frogn|sandefjord 2|2026-05-14,soccer,Unknown,Sandefjord II,Drøbak / Frogn,2026-05-14T16:00:00+00:00,mid,"{""accumulated_from_latest_matches"": true, ""core_inventory"": true, ""coverage_repair_sources"": [""day_inventory""], ""day_inventory"": true, ""day_inventory_coverage"": {""context"": true, ""context_2plus_sources"": false, ""fixture_core"": true, ""fixture_source_2plus"": false, ""form"": true, ""news"": false, ""odds"": false, ""odds_2plus_sources"": false, ""ready_for_model"": false, ""ready_for_publish"": false, ""weather"": false, ""xg"": false}, ""day_inventory_path"": "".data/day_inventory/2026-05-14.json"", ""day_inventory_refresh"": {""last_context_refresh_utc"": null, ""last_fixture_refresh_utc"": ""2026-05-13T21:01:36.674562+00:00"", ""last_odds_refresh_utc"": null}, ""day_inventory_source_ids"": {""day_inventory"": ""soccer|dr bak frogn|sandefjord 2|2026-05-14"", ""sstats"": ""1497336""}, ""latest_run_source"": ""day_inventory"", ""latest_run_source_event_id"": ""soccer|dr bak frogn|sandefjord 2|2026-05-14"", ""provider_source_ids"": {""sstats"": ""1497336""}, ""sources_seen"": ""sstats"", ""sstats_has_context_hint"": true, ""sstats_status"": ""2""}",,,,,,,,,,,,,,,,,,,,,,,,,,,,,,,
soccer|senegal|south africa|2026-05-14,day_inventory,soccer|senegal|south africa|2026-05-14,soccer,Unknown,Senegal U17,South Africa U17,2026-05-14T16:00:00+00:00,mid,"{""accumulated_from_latest_matches"": true, ""core_inventory"": true, ""coverage_repair_sources"": [""day_inventory""], ""day_inventory"": true, ""day_inventory_coverage"": {""context"": true, ""context_2plus_sources"": false, ""fixture_core"": true, ""fixture_source_2plus"": false, ""form"": true, ""news"": false, ""odds"": false, ""odds_2plus_sources"": false, ""ready_for_model"": false, ""ready_for_publish"": false, ""weather"": false, ""xg"": false}, ""day_inventory_path"": "".data/day_inventory/2026-05-14.json"", ""day_inventory_refresh"": {""last_context_refresh_utc"": null, ""last_fixture_refresh_utc"": ""2026-05-13T21:01:36.674737+00:00"", ""last_odds_refresh_utc"": null}, ""day_inventory_source_ids"": {""day_inventory"": ""soccer|senegal|south africa|2026-05-14"", ""sstats"": ""1544896""}, ""latest_run_source"": ""day_inventory"", ""latest_run_source_event_id"": ""soccer|senegal|south africa|2026-05-14"", ""provider_source_ids"": {""sstats"": ""1544896""}, ""sources_seen"": ""sstats"", ""sstats_has_context_hint"": true, ""sstats_status"": ""2""}",,,,,,,,,,,,,,,,,,,,,,,,,,,,,,,
soccer|austria salzburg|stripfing|2026-05-14,day_inventory,soccer|austria salzburg|stripfing|2026-05-14,soccer,Unknown,Stripfing,Austria Salzburg,2026-05-14T16:00:00+00:00,mid,"{""accumulated_from_latest_matches"": true, ""core_inventory"": true, ""coverage_repair_sources"": [""day_inventory""], ""day_inventory"": true, ""day_inventory_coverage"": {""context"": true, ""context_2plus_sources"": false, ""fixture_core"": true, ""fixture_source_2plus"": false, ""form"": true, ""news"": false, ""odds"": false, ""odds_2plus_sources"": false, ""ready_for_model"": false, ""ready_for_publish"": false, ""weather"": false, ""xg"": false}, ""day_inventory_path"": "".data/day_inventory/2026-05-14.json"", ""day_inventory_refresh"": {""last_context_refresh_utc"": null, ""last_fixture_refresh_utc"": ""2026-05-13T21:01:36.674906+00:00"", ""last_odds_refresh_utc"": null}, ""day_inventory_source_ids"": {""day_inventory"": ""soccer|austria salzburg|stripfing|2026-05-14"", ""sstats"": ""1391862""}, ""latest_run_source"": ""day_inventory"", ""latest_run_source_event_id"": ""soccer|austria salzburg|stripfing|2026-05-14"", ""provider_source_ids"": {""sstats"": ""1391862""}, ""sources_seen"": ""sstats"", ""sstats_has_context_hint"": true, ""sstats_status"": ""15""}",,,,,,,,,,,,,,,,,,,,,,,,,,,,,,,
soccer|mozambique|tanzania|2026-05-14,day_inventory,soccer|mozambique|tanzania|2026-05-14,soccer,Unknown,Tanzania U17,Mozambique U17,2026-05-14T16:00:00+00:00,mid,"{""accumulated_from_latest_matches"": true, ""core_inventory"": true, ""coverage_repair_sources"": [""day_inventory""], ""day_inventory"": true, ""day_inventory_coverage"": {""context"": true, ""context_2plus_sources"": false, ""fixture_core"": true, ""fixture_source_2plus"": false, ""form"": true, ""news"": false, ""odds"": false, ""odds_2plus_sources"": false, ""ready_for_model"": false, ""ready_for_publish"": false, ""weather"": false, ""xg"": false}, ""day_inventory_path"": "".data/day_inventory/2026-05-14.json"", ""day_inventory_refresh"": {""last_context_refresh_utc"": null, ""last_fixture_refresh_utc"": ""2026-05-13T21:01:36.675078+00:00"", ""last_odds_refresh_utc"": null}, ""day_inventory_source_ids"": {""day_inventory"": ""soccer|mozambique|tanzania|2026-05-14"", ""sstats"": ""1544905""}, ""latest_run_source"": ""day_inventory"", ""latest_run_source_event_id"": ""soccer|mozambique|tanzania|2026-05-14"", ""provider_source_ids"": {""sstats"": ""1544905""}, ""sources_seen"": ""sstats"", ""sstats_has_context_hint"": true, ""sstats_status"": ""2""}",,,,,,,,,,,,,,,,,,,,,,,,,,,,,,,
soccer|bakaridjan|djoliba|2026-05-14,day_inventory,soccer|bakaridjan|djoliba|2026-05-14,soccer,Unknown,Bakaridjan,Djoliba,2026-05-14T16:30:00+00:00,mid,"{""accumulated_from_latest_matches"": true, ""core_inventory"": true, ""coverage_repair_sources"": [""day_inventory""], ""day_inventory"": true, ""day_inventory_coverage"": {""context"": true, ""context_2plus_sources"": false, ""fixture_core"": true, ""fixture_source_2plus"": false, ""form"": true, ""news"": false, ""odds"": false, ""odds_2plus_sources"": false, ""ready_for_model"": false, ""ready_for_publish"": false, ""weather"": false, ""xg"": false}, ""day_inventory_path"": "".data/day_inventory/2026-05-14.json"", ""day_inventory_refresh"": {""last_context_refresh_utc"": null, ""last_fixture_refresh_utc"": ""2026-05-13T21:01:36.675240+00:00"", ""last_odds_refresh_utc"": null}, ""day_inventory_source_ids"": {""day_inventory"": ""soccer|bakaridjan|djoliba|2026-05-14"", ""sstats"": ""1540838""}, ""latest_run_source"": ""day_inventory"", ""latest_run_source_event_id"": ""soccer|bakaridjan|djoliba|2026-05-14"", ""provider_source_ids"": {""sstats"": ""1540838""}, ""sources_seen"": ""sstats"", ""sstats_has_context_hint"": true, ""sstats_status"": ""2""}",,,,,,,,,,,,,,,,,,,,,,,,,,,,,,,
soccer|mali coura|stade malien bamako|2026-05-14,day_inventory,soccer|mali coura|stade malien bamako|2026-05-14,soccer,Unknown,Mali Coura,Stade Malien Bamako,2026-05-14T16:30:00+00:00,mid,"{""accumulated_from_latest_matches"": true, ""core_inventory"": true, ""coverage_repair_sources"": [""day_inventory""], ""day_inventory"": true, ""day_inventory_coverage"": {""context"": true, ""context_2plus_sources"": false, ""fixture_core"": true, ""fixture_source_2plus"": false, ""form"": true, ""news"": false, ""odds"": false, ""odds_2plus_sources"": false, ""ready_for_model"": false, ""ready_for_publish"": false, ""weather"": false, ""xg"": false}, ""day_inventory_path"": "".data/day_inventory/2026-05-14.json"", ""day_inventory_refresh"": {""last_context_refresh_utc"": null, ""last_fixture_refresh_utc"": ""2026-05-13T21:01:36.675423+00:00"", ""last_odds_refresh_utc"": null}, ""day_inventory_source_ids"": {""day_inventory"": ""soccer|mali coura|stade malien bamako|2026-05-14"", ""sstats"": ""1540839""}, ""latest_run_source"": ""day_inventory"", ""latest_run_source_event_id"": ""soccer|mali coura|stade malien bamako|2026-05-14"", ""provider_source_ids"": {""sstats"": ""1540839""}, ""sources_seen"": ""sstats"", ""sstats_has_context_hint"": true, ""sstats_status"": ""2""}",,,,,,,,,,,,,,,,,,,,,,,,,,,,,,,
soccer|sleipner|smedby|2026-05-14,day_inventory,soccer|sleipner|smedby|2026-05-14,soccer,Unknown,Sleipner,Smedby,2026-05-14T16:30:00+00:00,mid,"{""accumulated_from_latest_matches"": true, ""core_inventory"": true, ""coverage_repair_sources"": [""day_inventory""], ""day_inventory"": true, ""day_inventory_coverage"": {""context"": true, ""context_2plus_sources"": false, ""fixture_core"": true, ""fixture_source_2plus"": false, ""form"": true, ""news"": false, ""odds"": false, ""odds_2plus_sources"": false, ""ready_for_model"": false, ""ready_for_publish"": false, ""weather"": false, ""xg"": false}, ""day_inventory_path"": "".data/day_inventory/2026-05-14.json"", ""day_inventory_refresh"": {""last_context_refresh_utc"": null, ""last_fixture_refresh_utc"": ""2026-05-13T21:01:36.675575+00:00"", ""last_odds_refresh_utc"": null}, ""day_inventory_source_ids"": {""day_inventory"": ""soccer|sleipner|smedby|2026-05-14"", ""sstats"": ""1511120""}, ""latest_run_source"": ""day_inventory"", ""latest_run_source_event_id"": ""soccer|sleipner|smedby|2026-05-14"", ""provider_source_ids"": {""sstats"": ""1511120""}, ""sources_seen"": ""sstats"", ""sstats_has_context_hint"": true, ""sstats_status"": ""2""}",,,,,,,,,,,,,,,,,,,,,,,,,,,,,,,
soccer|al jabalain|al wehda|2026-05-14,day_inventory,soccer|al jabalain|al wehda|2026-05-14,soccer,Unknown,Al Wehda Club,Al Jabalain,2026-05-14T16:35:00+00:00,mid,"{""accumulated_from_latest_matches"": true, ""core_inventory"": true, ""coverage_repair_sources"": [""day_inventory""], ""day_inventory"": true, ""day_inventory_coverage"": {""context"": true, ""context_2plus_sources"": false, ""fixture_core"": true, ""fixture_source_2plus"": false, ""form"": true, ""news"": false, ""odds"": false, ""odds_2plus_sources"": false, ""ready_for_model"": false, ""ready_for_publish"": false, ""weather"": false, ""xg"": false}, ""day_inventory_path"": "".data/day_inventory/2026-05-14.json"", ""day_inventory_refresh"": {""last_context_refresh_utc"": null, ""last_fixture_refresh_utc"": ""2026-05-13T21:01:36.675748+00:00"", ""last_odds_refresh_utc"": null}, ""day_inventory_source_ids"": {""day_inventory"": ""soccer|al jabalain|al wehda|2026-05-14"", ""sstats"": ""1499119""}, ""latest_run_source"": ""day_inventory"", ""latest_run_source_event_id"": ""soccer|al jabalain|al wehda|2026-05-14"", ""provider_source_ids"": {""sstats"": ""1499119""}, ""sources_seen"": ""sstats"", ""sstats_has_context_hint"": true, ""sstats_status"": ""2""}",,,,,,,,,,,,,,,,,,,,,,,,,,,,,,,
soccer|al nahda|al seeb|2026-05-14,day_inventory,soccer|al nahda|al seeb|2026-05-14,soccer,Unknown,Al-Nahda,Al Seeb,2026-05-14T16:35:00+00:00,mid,"{""accumulated_from_latest_matches"": true, ""core_inventory"": true, ""coverage_repair_sources"": [""day_inventory""], ""day_inventory"": true, ""day_inventory_coverage"": {""context"": true, ""context_2plus_sources"": false, ""fixture_core"": true, ""fixture_source_2plus"": false, ""form"": true, ""news"": false, ""odds"": false, ""odds_2plus_sources"": false, ""ready_for_model"": false, ""ready_for_publish"": false, ""weather"": false, ""xg"": false}, ""day_inventory_path"": "".data/day_inventory/2026-05-14.json"", ""day_inventory_refresh"": {""last_context_refresh_utc"": null, ""last_fixture_refresh_utc"": ""2026-05-13T21:01:36.675906+00:00"", ""last_odds_refresh_utc"": null}, ""day_inventory_source_ids"": {""day_inventory"": ""soccer|al nahda|al seeb|2026-05-14"", ""sstats"": ""1540931""}, ""latest_run_source"": ""day_inventory"", ""latest_run_source_event_id"": ""soccer|al nahda|al seeb|2026-05-14"", ""provider_source_ids"": {""sstats"": ""1540931""}, ""sources_seen"": ""sstats"", ""sstats_has_context_hint"": true, ""sstats_status"": ""2""}",,,,,,,,,,,,,,,,,,,,,,,,,,,,,,,
soccer|al anwar|al orubah|2026-05-14,day_inventory,soccer|al anwar|al orubah|2026-05-14,soccer,Unknown,Al Orubah,Al Anwar,2026-05-14T16:45:00+00:00,mid,"{""accumulated_from_latest_matches"": true, ""core_inventory"": true, ""coverage_repair_sources"": [""day_inventory""], ""day_inventory"": true, ""day_inventory_coverage"": {""context"": true, ""context_2plus_sources"": false, ""fixture_core"": true, ""fixture_source_2plus"": false, ""form"": true, ""news"": false, ""odds"": false, ""odds_2plus_sources"": false, ""ready_for_model"": false, ""ready_for_publish"": false, ""weather"": false, ""xg"": false}, ""day_inventory_path"": "".data/day_inventory/2026-05-14.json"", ""day_inventory_refresh"": {""last_context_refresh_utc"": null, ""last_fixture_refresh_utc"": ""2026-05-13T21:01:36.676066+00:00"", ""last_odds_refresh_utc"": null}, ""day_inventory_source_ids"": {""day_inventory"": ""soccer|al anwar|al orubah|2026-05-14"", ""sstats"": ""1499115""}, ""latest_run_source"": ""day_inventory"", ""latest_run_source_event_id"": ""soccer|al anwar|al orubah|2026-05-14"", ""provider_source_ids"": {""sstats"": ""1499115""}, ""sources_seen"": ""sstats"", ""sstats_has_context_hint"": true, ""sstats_status"": ""2""}",,,,,,,,,,,,,,,,,,,,,,,,,,,,,,,
soccer|rayo vallecano|valencia|2026-05-14,day_inventory,544568,soccer,Spanish La Liga,Valencia,Rayo Vallecano,2026-05-14T17:00:00+00:00,mid,"{""day_inventory"": true, ""day_inventory_coverage"": {""context"": true, ""context_2plus_sources"": false, ""context_sources_count"": 1, ""fixture_core"": true, ""fixture_source_2plus"": true, ""form"": false, ""news"": false, ""odds"": false, ""odds_2plus_sources"": false, ""ready_for_model"": false, ""ready_for_publish"": false, ""weather"": false, ""xg"": true}, ""day_inventory_path"": "".data/day_inventory/2026-05-14.json"", ""day_inventory_refresh"": {""last_context_refresh_utc"": null, ""last_fixture_refresh_utc"": ""2026-05-13T23:06:32.364334+00:00"", ""last_odds_refresh_utc"": null}, ""day_inventory_source_ids"": {""bzzoiro"": ""1049"", ""football_data"": ""544568"", ""sstats"": ""1391177"", ""thesportsdb"": ""2279752""}, ""fixture_expansion_raw_sample"": {""season"": ""2025-2026"", ""venue"": ""Estadio de Mestalla""}, ""fixture_expansion_source"": ""thesportsdb""}",,,,,,,,,,,,,,,,,,,,,,,,,,,,,,,
soccer|al qasim|al zawra a|2026-05-14,day_inventory,soccer|al qasim|al zawra a|2026-05-14,soccer,Unknown,Al Zawra'a,Al-Qasim,2026-05-14T17:00:00+00:00,mid,"{""accumulated_from_latest_matches"": true, ""core_inventory"": true, ""coverage_repair_sources"": [""day_inventory""], ""day_inventory"": true, ""day_inventory_coverage"": {""context"": true, ""context_2plus_sources"": false, ""fixture_core"": true, ""fixture_source_2plus"": false, ""form"": true, ""news"": false, ""odds"": false, ""odds_2plus_sources"": false, ""ready_for_model"": false, ""ready_for_publish"": false, ""weather"": false, ""xg"": false}, ""day_inventory_path"": "".data/day_inventory/2026-05-14.json"", ""day_inventory_refresh"": {""last_context_refresh_utc"": null, ""last_fixture_refresh_utc"": ""2026-05-13T21:01:36.676242+00:00"", ""last_odds_refresh_utc"": null}, ""day_inventory_source_ids"": {""day_inventory"": ""soccer|al qasim|al zawra a|2026-05-14"", ""sstats"": ""1544403""}, ""latest_run_source"": ""day_inventory"", ""latest_run_source_event_id"": ""soccer|al qasim|al zawra a|2026-05-14"", ""provider_source_ids"": {""sstats"": ""1544403""}, ""sources_seen"": ""sstats"", ""sstats_has_context_hint"": true, ""sstats_status"": ""2""}",,,,,,,,,,,,,,,,,,,,,,,,,,,,,,,
soccer|germany w|spain w|2026-05-14,day_inventory,soccer|germany w|spain w|2026-05-14,soccer,Unknown,Germany U17 W,Spain U17 W,2026-05-14T17:00:00+00:00,mid,"{""accumulated_from_latest_matches"": true, ""core_inventory"": true, ""coverage_repair_sources"": [""day_inventory""], ""day_inventory"": true, ""day_inventory_coverage"": {""context"": true, ""context_2plus_sources"": false, ""fixture_core"": true, ""fixture_source_2plus"": false, ""form"": true, ""news"": false, ""odds"": false, ""odds_2plus_sources"": false, ""ready_for_model"": false, ""ready_for_publish"": false, ""weather"": false, ""xg"": false}, ""day_inventory_path"": "".data/day_inventory/2026-05-14.json"", ""day_inventory_refresh"": {""last_context_refresh_utc"": null, ""last_fixture_refresh_utc"": ""2026-05-13T21:01:36.676422+00:00"", ""last_odds_refresh_utc"": null}, ""day_inventory_source_ids"": {""day_inventory"": ""soccer|germany w|spain w|2026-05-14"", ""sstats"": ""1544863""}, ""latest_run_source"": ""day_inventory"", ""latest_run_source_event_id"": ""soccer|germany w|spain w|2026-05-14"", ""provider_source_ids"": {""sstats"": ""1544863""}, ""sources_seen"": ""sstats"", ""sstats_has_context_hint"": true, ""sstats_status"": ""2""}",,,,,,,,,,,,,,,,,,,,,,,,,,,,,,,
soccer|austevoll|gneist|2026-05-14,day_inventory,soccer|austevoll|gneist|2026-05-14,soccer,Unknown,Gneist,Austevoll,2026-05-14T17:00:00+00:00,mid,"{""accumulated_from_latest_matches"": true, ""core_inventory"": true, ""coverage_repair_sources"": [""day_inventory""], ""day_inventory"": true, ""day_inventory_coverage"": {""context"": true, ""context_2plus_sources"": false, ""fixture_core"": true, ""fixture_source_2plus"": false, ""form"": true, ""news"": false, ""odds"": false, ""odds_2plus_sources"": false, ""ready_for_model"": false, ""ready_for_publish"": false, ""weather"": false, ""xg"": false}, ""day_inventory_path"": "".data/day_inventory/2026-05-14.json"", ""day_inventory_refresh"": {""last_context_refresh_utc"": null, ""last_fixture_refresh_utc"": ""2026-05-13T21:01:36.676575+00:00"", ""last_odds_refresh_utc"": null}, ""day_inventory_source_ids"": {""day_inventory"": ""soccer|austevoll|gneist|2026-05-14"", ""sstats"": ""1496788""}, ""latest_run_source"": ""day_inventory"", ""latest_run_source_event_id"": ""soccer|austevoll|gneist|2026-05-14"", ""provider_source_ids"": {""sstats"": ""1496788""}, ""sources_seen"": ""sstats"", ""sstats_has_context_hint"": true, ""sstats_status"": ""2""}",,,,,,,,,,,,,,,,,,,,,,,,,,,,,,,
soccer|al arabi|al tadhamon|2026-05-14,day_inventory,soccer|al arabi|al tadhamon|2026-05-14,soccer,Unknown,Al Arabi,Al Tadhamon,2026-05-14T17:15:00+00:00,mid,"{""accumulated_from_latest_matches"": true, ""core_inventory"": true, ""coverage_repair_sources"": [""day_inventory""], ""day_inventory"": true, ""day_inventory_coverage"": {""context"": true, ""context_2plus_sources"": false, ""fixture_core"": true, ""fixture_source_2plus"": false, ""form"": true, ""news"": false, ""odds"": false, ""odds_2plus_sources"": false, ""ready_for_model"": false, ""ready_for_publish"": false, ""weather"": false, ""xg"": false}, ""day_inventory_path"": "".data/day_inventory/2026-05-14.json"", ""day_inventory_refresh"": {""last_context_refresh_utc"": null, ""last_fixture_refresh_utc"": ""2026-05-13T21:01:36.676780+00:00"", ""last_odds_refresh_utc"": null}, ""day_inventory_source_ids"": {""day_inventory"": ""soccer|al arabi|al tadhamon|2026-05-14"", ""sstats"": ""1526454""}, ""latest_run_source"": ""day_inventory"", ""latest_run_source_event_id"": ""soccer|al arabi|al tadhamon|2026-05-14"", ""provider_source_ids"": {""sstats"": ""1526454""}, ""sources_seen"": ""sstats"", ""sstats_has_context_hint"": true, ""sstats_status"": ""2""}",,,,,,,,,,,,,,,,,,,,,,,,,,,,,,,
soccer|beroe stara zagora|lokomotiv sofia|2026-05-14,day_inventory,soccer|beroe stara zagora|lokomotiv sofia|2026-05-14,soccer,Unknown,Lokomotiv Sofia,Beroe Stara Zagora,2026-05-14T17:15:00+00:00,mid,"{""accumulated_from_latest_matches"": true, ""bzzoiro_context_fields"": true, ""bzzoiro_has_context_hint"": true, ""bzzoiro_has_prediction"": true, ""bzzoiro_raw_source"": ""predictions"", ""core_inventory"": true, ""core_merge_audit"": [{""decision"": {""avg"": 1.0, ""away_score"": 1.0, ""home_score"": 1.0, ""kickoff_diff_hours"": 0.0, ""min"": 1.0, ""orientation"": ""direct""}, ""provider"": ""bzzoiro"", ""provider_match_key"": ""soccer|beroe stara zagora|lokomotiv sofia|2026-05-14""}, {""decision"": {""avg"": 0.9099999999999999, ""away_score"": 0.82, ""home_score"": 1.0, ""kickoff_diff_hours"": 0.0, ""min"": 0.82, ""orientation"": ""direct""}, ""provider"": ""sstats"", ""provider_match_key"": ""soccer|beroe|lokomotiv sofia|2026-05-14""}], ""coverage_repair_sources"": [""day_inventory""], ""day_inventory"": true, ""day_inventory_coverage"": {""context"": true, ""context_2plus_sources"": false, ""context_sources_count"": 1, ""fixture_core"": true, ""fixture_source_2plus"": true, ""form"": true, ""news"": false, ""odds"": false, ""odds_2plus_sources"": false, ""ready_for_model"": false, ""ready_for_publish"": false, ""weather"": false, ""xg"": true}, ""day_inventory_path"": "".data/day_inventory/2026-05-14.json"", ""day_inventory_refresh"": {""last_context_refresh_utc"": null, ""last_fixture_refresh_utc"": ""2026-05-13T21:01:36.647931+00:00"", ""last_odds_refresh_utc"": null}, ""day_inventory_source_ids"": {""bzzoiro"": ""203012"", ""day_inventory"": ""soccer|beroe stara zagora|lokomotiv sofia|2026-05-14"", ""sstats"": ""1541002""}, ""latest_run_source"": ""day_inventory"", ""latest_run_source_event_id"": ""soccer|beroe stara zagora|lokomotiv sofia|2026-05-14"", ""provider_source_ids"": {""bzzoiro"": ""203012"", ""sstats"": ""1541002""}, ""sources_seen"": ""bzzoiro,sstats"", ""sstats_has_context_hint"": true, ""sstats_status"": ""2""}",,,,,,,,,,,,,,,,,,,,,,,,,,,,,,,
soccer|girona|real sociedad|2026-05-14,day_inventory,544565,soccer,Spanish La Liga,Girona,Real Sociedad,2026-05-14T18:00:00+00:00,mid,"{""day_inventory"": true, ""day_inventory_coverage"": {""context"": true, ""context_2plus_sources"": false, ""context_sources_count"": 1, ""fixture_core"": true, ""form"": false, ""news"": false, ""odds"": false, ""odds_2plus_sources"": false, ""ready_for_model"": false, ""ready_for_publish"": false, ""weather"": false, ""xg"": true}, ""day_inventory_path"": "".data/day_inventory/2026-05-14.json"", ""day_inventory_refresh"": {""last_context_refresh_utc"": null, ""last_fixture_refresh_utc"": ""2026-05-13T23:06:32.364191+00:00"", ""last_odds_refresh_utc"": null}, ""day_inventory_source_ids"": {""bzzoiro"": ""1045"", ""football_data"": ""544565"", ""sstats"": ""1391174"", ""thesportsdb"": ""2279749""}, ""fixture_expansion_raw_sample"": {""season"": ""2025-2026"", ""venue"": ""Estadi Municipal de Montilivi""}, ""fixture_expansion_source"": ""thesportsdb""}",,,,,,,,,,,,,,,,,,,,,,,,,,,,,,,
soccer|al bukayriyah|al diriyah|2026-05-14,day_inventory,soccer|al bukayriyah|al diriyah|2026-05-14,soccer,Unknown,Al Diriyah,Al Bukayriyah,2026-05-14T18:00:00+00:00,mid,"{""accumulated_from_latest_matches"": true, ""core_inventory"": true, ""coverage_repair_sources"": [""day_inventory""], ""day_inventory"": true, ""day_inventory_coverage"": {""context"": true, ""context_2plus_sources"": false, ""fixture_core"": true, ""fixture_source_2plus"": false, ""form"": true, ""news"": false, ""odds"": false, ""odds_2plus_sources"": false, ""ready_for_model"": false, ""ready_for_publish"": false, ""weather"": false, ""xg"": false}, ""day_inventory_path"": "".data/day_inventory/2026-05-14.json"", ""day_inventory_refresh"": {""last_context_refresh_utc"": null, ""last_fixture_refresh_utc"": ""2026-05-13T21:01:36.676953+00:00"", ""last_odds_refresh_utc"": null}, ""day_inventory_source_ids"": {""day_inventory"": ""soccer|al bukayriyah|al diriyah|2026-05-14"", ""sstats"": ""1499113""}, ""latest_run_source"": ""day_inventory"", ""latest_run_source_event_id"": ""soccer|al bukayriyah|al diriyah|2026-05-14"", ""provider_source_ids"": {""sstats"": ""1499113""}, ""sources_seen"": ""sstats"", ""sstats_has_context_hint"": true, ""sstats_status"": ""2""}",,,,,,,,,,,,,,,,,,,,,,,,,,,,,,,
soccer|al ula|al zulfi|2026-05-14,day_inventory,soccer|al ula|al zulfi|2026-05-14,soccer,Unknown,Al Ula,Al Zulfi,2026-05-14T18:00:00+00:00,mid,"{""accumulated_from_latest_matches"": true, ""core_inventory"": true, ""coverage_repair_sources"": [""day_inventory""], ""day_inventory"": true, ""day_inventory_coverage"": {""context"": true, ""context_2plus_sources"": false, ""fixture_core"": true, ""fixture_source_2plus"": false, ""form"": true, ""news"": false, ""odds"": false, ""odds_2plus_sources"": false, ""ready_for_model"": false, ""ready_for_publish"": false, ""weather"": false, ""xg"": false}, ""day_inventory_path"": "".data/day_inventory/2026-05-14.json"", ""day_inventory_refresh"": {""last_context_refresh_utc"": null, ""last_fixture_refresh_utc"": ""2026-05-13T21:01:36.677110+00:00"", ""last_odds_refresh_utc"": null}, ""day_inventory_source_ids"": {""day_inventory"": ""soccer|al ula|al zulfi|2026-05-14"", ""sstats"": ""1499118""}, ""latest_run_source"": ""day_inventory"", ""latest_run_source_event_id"": ""soccer|al ula|al zulfi|2026-05-14"", ""provider_source_ids"": {""sstats"": ""1499118""}, ""sources_seen"": ""sstats"", ""sstats_has_context_hint"": true, ""sstats_status"": ""2""}",,,,,,,,,,,,,,,,,,,,,,,,,,,,,,,
soccer|al ettifaq|al ittihad|2026-05-14,day_inventory,soccer|al ettifaq|al ittihad|2026-05-14,soccer,Unknown,Al-Ettifaq,Al-Ittihad,2026-05-14T18:00:00+00:00,mid,"{""accumulated_from_latest_matches"": true, ""bzzoiro_context_fields"": true, ""bzzoiro_has_context_hint"": true, ""bzzoiro_has_prediction"": true, ""bzzoiro_raw_source"": ""predictions"", ""core_inventory"": true, ""core_merge_audit"": [{""decision"": {""avg"": 1.0, ""away_score"": 1.0, ""home_score"": 1.0, ""kickoff_diff_hours"": 0.0, ""min"": 1.0, ""orientation"": ""direct""}, ""provider"": ""bzzoiro"", ""provider_match_key"": ""soccer|al ettifaq|al ittihad|2026-05-14""}, {""decision"": {""avg"": 0.9099999999999999, ""away_score"": 0.82, ""home_score"": 1.0, ""kickoff_diff_hours"": 0.0, ""min"": 0.82, ""orientation"": ""direct""}, ""provider"": ""sstats"", ""provider_match_key"": ""soccer|al ettifaq|al ittihad|2026-05-14""}], ""coverage_repair_sources"": [""day_inventory""], ""day_inventory"": true, ""day_inventory_coverage"": {""context"": true, ""context_2plus_sources"": false, ""context_sources_count"": 1, ""fixture_core"": true, ""fixture_source_2plus"": true, ""form"": true, ""news"": false, ""odds"": false, ""odds_2plus_sources"": false, ""ready_for_model"": false, ""ready_for_publish"": false, ""weather"": false, ""xg"": true}, ""day_inventory_path"": "".data/day_inventory/2026-05-14.json"", ""day_inventory_refresh"": {""last_context_refresh_utc"": null, ""last_fixture_refresh_utc"": ""2026-05-13T21:01:36.648105+00:00"", ""last_odds_refresh_utc"": null}, ""day_inventory_source_ids"": {""bzzoiro"": ""4812"", ""day_inventory"": ""soccer|al ettifaq|al ittihad|2026-05-14"", ""sstats"": ""1436202""}, ""latest_run_source"": ""day_inventory"", ""latest_run_source_event_id"": ""soccer|al ettifaq|al ittihad|2026-05-14"", ""provider_source_ids"": {""bzzoiro"": ""4812"", ""sstats"": ""1436202""}, ""sources_seen"": ""bzzoiro,sstats"", ""sstats_has_context_hint"": true, ""sstats_status"": ""2""}",,,,,,,,,,,,,,,,,,,,,,,,,,,,,,,
soccer|al baten|al faisaly|2026-05-14,day_inventory,soccer|al baten|al faisaly|2026-05-14,soccer,Unknown,Al-Faisaly FC,Al Baten,2026-05-14T18:00:00+00:00,mid,"{""accumulated_from_latest_matches"": true, ""core_inventory"": true, ""coverage_repair_sources"": [""day_inventory""], ""day_inventory"": true, ""day_inventory_coverage"": {""context"": true, ""context_2plus_sources"": false, ""fixture_core"": true, ""fixture_source_2plus"": false, ""form"": true, ""news"": false, ""odds"": false, ""odds_2plus_sources"": false, ""ready_for_model"": false, ""ready_for_publish"": false, ""weather"": false, ""xg"": false}, ""day_inventory_path"": "".data/day_inventory/2026-05-14.json"", ""day_inventory_refresh"": {""last_context_refresh_utc"": null, ""last_fixture_refresh_utc"": ""2026-05-13T21:01:36.677288+00:00"", ""last_odds_refresh_utc"": null}, ""day_inventory_source_ids"": {""day_inventory"": ""soccer|al baten|al faisaly|2026-05-14"", ""sstats"": ""1499114""}, ""latest_run_source"": ""day_inventory"", ""latest_run_source_event_id"": ""soccer|al baten|al faisaly|2026-05-14"", ""provider_source_ids"": {""sstats"": ""1499114""}, ""sources_seen"": ""sstats"", ""sstats_has_context_hint"": true, ""sstats_status"": ""2""}",,,,,,,,,,,,,,,,,,,,,,,,,,,,,,,
soccer|al hazem|al qadsiah|2026-05-14,day_inventory,soccer|al hazem|al qadsiah|2026-05-14,soccer,Unknown,Al-Qadsiah,Al-Hazem,2026-05-14T18:00:00+00:00,mid,"{""accumulated_from_latest_matches"": true, ""bzzoiro_context_fields"": true, ""bzzoiro_has_context_hint"": true, ""bzzoiro_has_prediction"": true, ""bzzoiro_raw_source"": ""predictions"", ""core_inventory"": true, ""core_merge_audit"": [{""decision"": {""avg"": 1.0, ""away_score"": 1.0, ""home_score"": 1.0, ""kickoff_diff_hours"": 0.0, ""min"": 1.0, ""orientation"": ""direct""}, ""provider"": ""bzzoiro"", ""provider_match_key"": ""soccer|al hazem|al qadsiah|2026-05-14""}, {""decision"": {""avg"": 0.8706293706293706, ""away_score"": 0.9230769230769231, ""home_score"": 0.8181818181818182, ""kickoff_diff_hours"": 0.0, ""min"": 0.8181818181818182, ""orientation"": ""direct""}, ""provider"": ""sstats"", ""provider_match_key"": ""soccer|al hazm|al qadisiyah|2026-05-14""}], ""coverage_repair_sources"": [""day_inventory""], ""day_inventory"": true, ""day_inventory_coverage"": {""context"": true, ""context_2plus_sources"": false, ""context_sources_count"": 1, ""fixture_core"": true, ""fixture_source_2plus"": true, ""form"": true, ""news"": false, ""odds"": false, ""odds_2plus_sources"": false, ""ready_for_model"": false, ""ready_for_publish"": false, ""weather"": false, ""xg"": true}, ""day_inventory_path"": "".data/day_inventory/2026-05-14.json"", ""day_inventory_refresh"": {""last_context_refresh_utc"": null, ""last_fixture_refresh_utc"": ""2026-05-13T21:01:36.648287+00:00"", ""last_odds_refresh_utc"": null}, ""day_inventory_source_ids"": {""bzzoiro"": ""4816"", ""day_inventory"": ""soccer|al hazem|al qadsiah|2026-05-14"", ""sstats"": ""1436207""}, ""latest_run_source"": ""day_inventory"", ""latest_run_source_event_id"": ""soccer|al hazem|al qadsiah|2026-05-14"", ""provider_source_ids"": {""bzzoiro"": ""4816"", ""sstats"": ""1436207""}, ""sources_seen"": ""bzzoiro,sstats"", ""sstats_has_context_hint"": true, ""sstats_status"": ""2""}",,,,,,,,,,,,,,,,,,,,,,,,,,,,,,,
soccer|america mineiro|bahia|2026-05-14,day_inventory,soccer|america mineiro|bahia|2026-05-14,soccer,Unknown,América Mineiro U20,Bahia U20,2026-05-14T18:00:00+00:00,mid,"{""accumulated_from_latest_matches"": true, ""core_inventory"": true, ""coverage_repair_sources"": [""day_inventory""], ""day_inventory"": true, ""day_inventory_coverage"": {""context"": true, ""context_2plus_sources"": false, ""fixture_core"": true, ""fixture_source_2plus"": false, ""form"": true, ""news"": false, ""odds"": false, ""odds_2plus_sources"": false, ""ready_for_model"": false, ""ready_for_publish"": false, ""weather"": false, ""xg"": false}, ""day_inventory_path"": "".data/day_inventory/2026-05-14.json"", ""day_inventory_refresh"": {""last_context_refresh_utc"": null, ""last_fixture_refresh_utc"": ""2026-05-13T21:01:36.677469+00:00"", ""last_odds_refresh_utc"": null}, ""day_inventory_source_ids"": {""day_inventory"": ""soccer|america mineiro|bahia|2026-05-14"", ""sstats"": ""1526123""}, ""latest_run_source"": ""day_inventory"", ""latest_run_source_event_id"": ""soccer|america mineiro|bahia|2026-05-14"", ""provider_source_ids"": {""sstats"": ""1526123""}, ""sources_seen"": ""sstats"", ""sstats_has_context_hint"": true, ""sstats_status"": ""2""}",,,,,,,,,,,,,,,,,,,,,,,,,,,,,,,
soccer|atletico mineiro|mirassol|2026-05-14,day_inventory,soccer|atletico mineiro|mirassol|2026-05-14,soccer,Unknown,Atlético Mineiro U20,Mirassol U20,2026-05-14T18:00:00+00:00,mid,"{""accumulated_from_latest_matches"": true, ""core_inventory"": true, ""coverage_repair_sources"": [""day_inventory""], ""day_inventory"": true, ""day_inventory_coverage"": {""context"": true, ""context_2plus_sources"": false, ""fixture_core"": true, ""form"": true, ""news"": false, ""odds"": false, ""odds_2plus_sources"": false, ""ready_for_model"": false, ""ready_for_publish"": false, ""weather"": false, ""xg"": false}, ""day_inventory_path"": "".data/day_inventory/2026-05-14.json"", ""day_inventory_refresh"": {""last_context_refresh_utc"": null, ""last_fixture_refresh_utc"": ""2026-05-13T21:01:36.677652+00:00"", ""last_odds_refresh_utc"": null}, ""day_inventory_source_ids"": {""day_inventory"": ""soccer|atletico mineiro|mirassol|2026-05-14"", ""sstats"": ""1538537""}, ""latest_run_source"": ""day_inventory"", ""latest_run_source_event_id"": ""soccer|atletico mineiro|mirassol|2026-05-14"", ""provider_source_ids"": {""sstats"": ""1538537""}, ""sources_seen"": ""sstats"", ""sstats_has_context_hint"": true, ""sstats_status"": ""2""}",,,,,,,,,,,,,,,,,,,,,,,,,,,,,,,
soccer|ceara|novorizontino|2026-05-14,day_inventory,soccer|ceara|novorizontino|2026-05-14,soccer,Unknown,Ceará U20,Novorizontino U20,2026-05-14T18:00:00+00:00,mid,"{""accumulated_from_latest_matches"": true, ""core_inventory"": true, ""coverage_repair_sources"": [""day_inventory""], ""day_inventory"": true, ""day_inventory_coverage"": {""context"": true, ""context_2plus_sources"": false, ""fixture_core"": true, ""form"": true, ""news"": false, ""odds"": false, ""odds_2plus_sources"": false, ""ready_for_model"": false, ""ready_for_publish"": false, ""weather"": false, ""xg"": false}, ""day_inventory_path"": "".data/day_inventory/2026-05-14.json"", ""day_inventory_refresh"": {""last_context_refresh_utc"": null, ""last_fixture_refresh_utc"": ""2026-05-13T21:01:36.677823+00:00"", ""last_odds_refresh_utc"": null}, ""day_inventory_source_ids"": {""day_inventory"": ""soccer|ceara|novorizontino|2026-05-14"", ""sstats"": ""1538532""}, ""latest_run_source"": ""day_inventory"", ""latest_run_source_event_id"": ""soccer|ceara|novorizontino|2026-05-14"", ""provider_source_ids"": {""sstats"": ""1538532""}, ""sources_seen"": ""sstats"", ""sstats_has_context_hint"": true, ""sstats_status"": ""2""}",,,,,,,,,,,,,,,,,,,,,,,,,,,,,,,
soccer|riestra reserves|san martin san juan reserves|2026-05-14,day_inventory,soccer|riestra reserves|san martin san juan reserves|2026-05-14,soccer,Unknown,Deportivo Riestra Res.,San Martín San Juan Res.,2026-05-14T18:00:00+00:00,mid,"{""accumulated_from_latest_matches"": true, ""core_inventory"": true, ""coverage_repair_sources"": [""day_inventory""], ""day_inventory"": true, ""day_inventory_coverage"": {""context"": true, ""context_2plus_sources"": false, ""fixture_core"": true, ""form"": true, ""news"": false, ""odds"": false, ""odds_2plus_sources"": false, ""ready_for_model"": false, ""ready_for_publish"": false, ""weather"": false, ""xg"": false}, ""day_inventory_path"": "".data/day_inventory/2026-05-14.json"", ""day_inventory_refresh"": {""last_context_refresh_utc"": null, ""last_fixture_refresh_utc"": ""2026-05-13T21:01:36.678051+00:00"", ""last_odds_refresh_utc"": null}, ""day_inventory_source_ids"": {""day_inventory"": ""soccer|riestra reserves|san martin san juan reserves|2026-05-14"", ""sstats"": ""1512386""}, ""latest_run_source"": ""day_inventory"", ""latest_run_source_event_id"": ""soccer|riestra reserves|san martin san juan reserves|2026-05-14"", ""provider_source_ids"": {""sstats"": ""1512386""}, ""sources_seen"": ""sstats"", ""sstats_has_context_hint"": true, ""sstats_status"": ""2""}",,,,,,,,,,,,,,,,,,,,,,,,,,,,,,,
soccer|gimnasia mendoza 2|godoy cruz reserves|2026-05-14,day_inventory,soccer|gimnasia mendoza 2|godoy cruz reserves|2026-05-14,soccer,Unknown,Godoy Cruz Res.,Gimnasia Mendoza 2,2026-05-14T18:00:00+00:00,mid,"{""accumulated_from_latest_matches"": true, ""core_inventory"": true, ""coverage_repair_sources"": [""day_inventory""], ""day_inventory"": true, ""day_inventory_coverage"": {""context"": true, ""context_2plus_sources"": false, ""fixture_core"": true, ""form"": true, ""news"": false, ""odds"": false, ""odds_2plus_sources"": false, ""ready_for_model"": false, ""ready_for_publish"": false, ""weather"": false, ""xg"": false}, ""day_inventory_path"": "".data/day_inventory/2026-05-14.json"", ""day_inventory_refresh"": {""last_context_refresh_utc"": null, ""last_fixture_refresh_utc"": ""2026-05-13T21:01:36.678259+00:00"", ""last_odds_refresh_utc"": null}, ""day_inventory_source_ids"": {""day_inventory"": ""soccer|gimnasia mendoza 2|godoy cruz reserves|2026-05-14"", ""sstats"": ""1512390""}, ""latest_run_source"": ""day_inventory"", ""latest_run_source_event_id"": ""soccer|gimnasia mendoza 2|godoy cruz reserves|2026-05-14"", ""provider_source_ids"": {""sstats"": ""1512390""}, ""sources_seen"": ""sstats"", ""sstats_has_context_hint"": true, ""sstats_status"": ""2""}",,,,,,,,,,,,,,,,,,,,,,,,,,,,,,,
soccer|estudiantes la plata reserves|lanus reserves|2026-05-14,day_inventory,soccer|estudiantes la plata reserves|lanus reserves|2026-05-14,soccer,Unknown,Lanús Res.,Estudiantes La Plata Res,2026-05-14T18:00:00+00:00,mid,"{""accumulated_from_latest_matches"": true, ""core_inventory"": true, ""coverage_repair_sources"": [""day_inventory""], ""day_inventory"": true, ""day_inventory_coverage"": {""context"": true, ""context_2plus_sources"": false, ""fixture_core"": true, ""form"": true, ""news"": false, ""odds"": false, ""odds_2plus_sources"": false, ""ready_for_model"": false, ""ready_for_publish"": false, ""weather"": false, ""xg"": false}, ""day_inventory_path"": "".data/day_inventory/2026-05-14.json"", ""day_inventory_refresh"": {""last_context_refresh_utc"": null, ""last_fixture_refresh_utc"": ""2026-05-13T21:01:36.678462+00:00"", ""last_odds_refresh_utc"": null}, ""day_inventory_source_ids"": {""day_inventory"": ""soccer|estudiantes la plata reserves|lanus reserves|2026-05-14"", ""sstats"": ""1512393""}, ""latest_run_source"": ""day_inventory"", ""latest_run_source_event_id"": ""soccer|estudiantes la plata reserves|lanus reserves|2026-05-14"", ""provider_source_ids"": {""sstats"": ""1512393""}, ""sources_seen"": ""sstats"", ""sstats_has_context_hint"": true, ""sstats_status"": ""2""}",,,,,,,,,,,,,,,,,,,,,,,,,,,,,,,
soccer|manchester city|manchester united|2026-05-14,day_inventory,soccer|manchester city|manchester united|2026-05-14,soccer,Unknown,Manchester City U18,Manchester United U18,2026-05-14T18:00:00+00:00,mid,"{""accumulated_from_latest_matches"": true, ""core_inventory"": true, ""coverage_repair_sources"": [""day_inventory""], ""day_inventory"": true, ""day_inventory_coverage"": {""context"": true, ""context_2plus_sources"": false, ""fixture_core"": true, ""form"": true, ""news"": false, ""odds"": false, ""odds_2plus_sources"": false, ""ready_for_model"": false, ""ready_for_publish"": false, ""weather"": false, ""xg"": false}, ""day_inventory_path"": "".data/day_inventory/2026-05-14.json"", ""day_inventory_refresh"": {""last_context_refresh_utc"": null, ""last_fixture_refresh_utc"": ""2026-05-13T21:01:36.678662+00:00"", ""last_odds_refresh_utc"": null}, ""day_inventory_source_ids"": {""day_inventory"": ""soccer|manchester city|manchester united|2026-05-14"", ""sstats"": ""1541125""}, ""latest_run_source"": ""day_inventory"", ""latest_run_source_event_id"": ""soccer|manchester city|manchester united|2026-05-14"", ""provider_source_ids"": {""sstats"": ""1541125""}, ""sources_seen"": ""sstats"", ""sstats_has_context_hint"": true, ""sstats_status"": ""2""}",,,,,,,,,,,,,,,,,,,,,,,,,,,,,,,
soccer|instituto reserves|river plate reserves|2026-05-14,day_inventory,soccer|instituto reserves|river plate reserves|2026-05-14,soccer,Unknown,River Plate Res.,Instituto Res.,2026-05-14T18:00:00+00:00,mid,"{""accumulated_from_latest_matches"": true, ""core_inventory"": true, ""coverage_repair_sources"": [""day_inventory""], ""day_inventory"": true, ""day_inventory_coverage"": {""context"": true, ""context_2plus_sources"": false, ""fixture_core"": true, ""form"": true, ""news"": false, ""odds"": false, ""odds_2plus_sources"": false, ""ready_for_model"": false, ""ready_for_publish"": false, ""weather"": false, ""xg"": false}, ""day_inventory_path"": "".data/day_inventory/2026-05-14.json"", ""day_inventory_refresh"": {""last_context_refresh_utc"": null, ""last_fixture_refresh_utc"": ""2026-05-13T21:01:36.678853+00:00"", ""last_odds_refresh_utc"": null}, ""day_inventory_source_ids"": {""day_inventory"": ""soccer|instituto reserves|river plate reserves|2026-05-14"", ""sstats"": ""1512396""}, ""latest_run_source"": ""day_inventory"", ""latest_run_source_event_id"": ""soccer|instituto reserves|river plate reserves|2026-05-14"", ""provider_source_ids"": {""sstats"": ""1512396""}, ""sources_seen"": ""sstats"", ""sstats_has_context_hint"": true, ""sstats_status"": ""2""}",,,,,,,,,,,,,,,,,,,,,,,,,,,,,,,
soccer|san lorenzo reserves|sarmiento reserves|2026-05-14,day_inventory,soccer|san lorenzo reserves|sarmiento reserves|2026-05-14,soccer,Unknown,Sarmiento Res.,San Lorenzo Res.,2026-05-14T18:00:00+00:00,mid,"{""accumulated_from_latest_matches"": true, ""core_inventory"": true, ""coverage_repair_sources"": [""day_inventory""], ""day_inventory"": true, ""day_inventory_coverage"": {""context"": true, ""context_2plus_sources"": false, ""fixture_core"": true, ""form"": true, ""news"": false, ""odds"": false, ""odds_2plus_sources"": false, ""ready_for_model"": false, ""ready_for_publish"": false, ""weather"": false, ""xg"": false}, ""day_inventory_path"": "".data/day_inventory/2026-05-14.json"", ""day_inventory_refresh"": {""last_context_refresh_utc"": null, ""last_fixture_refresh_utc"": ""2026-05-13T21:01:36.679043+00:00"", ""last_odds_refresh_utc"": null}, ""day_inventory_source_ids"": {""day_inventory"": ""soccer|san lorenzo reserves|sarmiento reserves|2026-05-14"", ""sstats"": ""1512397""}, ""latest_run_source"": ""day_inventory"", ""latest_run_source_event_id"": ""soccer|san lorenzo reserves|sarmiento reserves|2026-05-14"", ""provider_source_ids"": {""sstats"": ""1512397""}, ""sources_seen"": ""sstats"", ""sstats_has_context_hint"": true, ""sstats_status"": ""2""}",,,,,,,,,,,,,,,,,,,,,,,,,,,,,,,
soccer|burnley|sunderland|2026-05-14,day_inventory,soccer|burnley|sunderland|2026-05-14,soccer,Unknown,Sunderland U21,Burnley U21,2026-05-14T18:00:00+00:00,mid,"{""accumulated_from_latest_matches"": true, ""core_inventory"": true, ""coverage_repair_sources"": [""day_inventory""], ""day_inventory"": true, ""day_inventory_coverage"": {""context"": true, ""context_2plus_sources"": false, ""fixture_core"": true, ""form"": true, ""news"": false, ""odds"": false, ""odds_2plus_sources"": false, ""ready_for_model"": false, ""ready_for_publish"": false, ""weather"": false, ""xg"": false}, ""day_inventory_path"": "".data/day_inventory/2026-05-14.json"", ""day_inventory_refresh"": {""last_context_refresh_utc"": null, ""last_fixture_refresh_utc"": ""2026-05-13T21:01:36.679223+00:00"", ""last_odds_refresh_utc"": null}, ""day_inventory_source_ids"": {""day_inventory"": ""soccer|burnley|sunderland|2026-05-14"", ""sstats"": ""1542716""}, ""latest_run_source"": ""day_inventory"", ""latest_run_source_event_id"": ""soccer|burnley|sunderland|2026-05-14"", ""provider_source_ids"": {""sstats"": ""1542716""}, ""sources_seen"": ""sstats"", ""sstats_has_context_hint"": true, ""sstats_status"": ""2""}",,,,,,,,,,,,,,,,,,,,,,,,,,,,,,,
soccer|talleres cordoba reserves|union santa fe reserves|2026-05-14,day_inventory,soccer|talleres cordoba reserves|union santa fe reserves|2026-05-14,soccer,Unknown,Unión Santa Fe Res.,Talleres Córdoba Res.,2026-05-14T18:00:00+00:00,mid,"{""accumulated_from_latest_matches"": true, ""core_inventory"": true, ""coverage_repair_sources"": [""day_inventory""], ""day_inventory"": true, ""day_inventory_coverage"": {""context"": true, ""context_2plus_sources"": false, ""fixture_core"": true, ""form"": true, ""news"": false, ""odds"": false, ""odds_2plus_sources"": false, ""ready_for_model"": false, ""ready_for_publish"": false, ""weather"": false, ""xg"": false}, ""day_inventory_path"": "".data/day_inventory/2026-05-14.json"", ""day_inventory_refresh"": {""last_context_refresh_utc"": null, ""last_fixture_refresh_utc"": ""2026-05-13T21:01:36.679439+00:00"", ""last_odds_refresh_utc"": null}, ""day_inventory_source_ids"": {""day_inventory"": ""soccer|talleres cordoba reserves|union santa fe reserves|2026-05-14"", ""sstats"": ""1512398""}, ""latest_run_source"": ""day_inventory"", ""latest_run_source_event_id"": ""soccer|talleres cordoba reserves|union santa fe reserves|2026-05-14"", ""provider_source_ids"": {""sstats"": ""1512398""}, ""sources_seen"": ""sstats"", ""sstats_has_context_hint"": true, ""sstats_status"": ""2""}",,,,,,,,,,,,,,,,,,,,,,,,,,,,,,,
soccer|inhumas|royal|2026-05-14,day_inventory,soccer|inhumas|royal|2026-05-14,soccer,Unknown,Inhumas U20,Royal U20,2026-05-14T18:30:00+00:00,mid,"{""accumulated_from_latest_matches"": true, ""core_inventory"": true, ""coverage_repair_sources"": [""day_inventory""], ""day_inventory"": true, ""day_inventory_coverage"": {""context"": true, ""context_2plus_sources"": false, ""fixture_core"": true, ""form"": true, ""news"": false, ""odds"": false, ""odds_2plus_sources"": false, ""ready_for_model"": false, ""ready_for_publish"": false, ""weather"": false, ""xg"": false}, ""day_inventory_path"": "".data/day_inventory/2026-05-14.json"", ""day_inventory_refresh"": {""last_context_refresh_utc"": null, ""last_fixture_refresh_utc"": ""2026-05-13T21:01:36.679602+00:00"", ""last_odds_refresh_utc"": null}, ""day_inventory_source_ids"": {""day_inventory"": ""soccer|inhumas|royal|2026-05-14"", ""sstats"": ""1530667""}, ""latest_run_source"": ""day_inventory"", ""latest_run_source_event_id"": ""soccer|inhumas|royal|2026-05-14"", ""provider_source_ids"": {""sstats"": ""1530667""}, ""sources_seen"": ""sstats"", ""sstats_has_context_hint"": true, ""sstats_status"": ""2""}",,,,,,,,,,,,,,,,,,,,,,,,,,,,,,,
soccer|us bougouba|usfas bamako|2026-05-14,day_inventory,soccer|us bougouba|usfas bamako|2026-05-14,soccer,Unknown,USFAS Bamako,US Bougouba,2026-05-14T18:30:00+00:00,mid,"{""accumulated_from_latest_matches"": true, ""core_inventory"": true, ""coverage_repair_sources"": [""day_inventory""], ""day_inventory"": true, ""day_inventory_coverage"": {""context"": true, ""context_2plus_sources"": false, ""fixture_core"": true, ""form"": true, ""news"": false, ""odds"": false, ""odds_2plus_sources"": false, ""ready_for_model"": false, ""ready_for_publish"": false, ""weather"": false, ""xg"": false}, ""day_inventory_path"": "".data/day_inventory/2026-05-14.json"", ""day_inventory_refresh"": {""last_context_refresh_utc"": null, ""last_fixture_refresh_utc"": ""2026-05-13T21:01:36.679774+00:00"", ""last_odds_refresh_utc"": null}, ""day_inventory_source_ids"": {""day_inventory"": ""soccer|us bougouba|usfas bamako|2026-05-14"", ""sstats"": ""1540840""}, ""latest_run_source"": ""day_inventory"", ""latest_run_source_event_id"": ""soccer|us bougouba|usfas bamako|2026-05-14"", ""provider_source_ids"": {""sstats"": ""1540840""}, ""sources_seen"": ""sstats"", ""sstats_has_context_hint"": true, ""sstats_status"": ""2""}",,,,,,,,,,,,,,,,,,,,,,,,,,,,,,,
soccer|algeria|ghana|2026-05-14,day_inventory,soccer|algeria|ghana|2026-05-14,soccer,Unknown,Algeria U17,Ghana U17,2026-05-14T19:00:00+00:00,mid,"{""accumulated_from_latest_matches"": true, ""core_inventory"": true, ""coverage_repair_sources"": [""day_inventory""], ""day_inventory"": true, ""day_inventory_coverage"": {""context"": true, ""context_2plus_sources"": false, ""fixture_core"": true, ""form"": true, ""news"": false, ""odds"": false, ""odds_2plus_sources"": false, ""ready_for_model"": false, ""ready_for_publish"": false, ""weather"": false, ""xg"": false}, ""day_inventory_path"": "".data/day_inventory/2026-05-14.json"", ""day_inventory_refresh"": {""last_context_refresh_utc"": null, ""last_fixture_refresh_utc"": ""2026-05-13T21:01:36.679934+00:00"", ""last_odds_refresh_utc"": null}, ""day_inventory_source_ids"": {""day_inventory"": ""soccer|algeria|ghana|2026-05-14"", ""sstats"": ""1544906""}, ""latest_run_source"": ""day_inventory"", ""latest_run_source_event_id"": ""soccer|algeria|ghana|2026-05-14"", ""provider_source_ids"": {""sstats"": ""1544906""}, ""sources_seen"": ""sstats"", ""sstats_has_context_hint"": true, ""sstats_status"": ""2""}",,,,,,,,,,,,,,,,,,,,,,,,,,,,,,,
soccer|always ready|strongest|2026-05-14,day_inventory,soccer|always ready|strongest|2026-05-14,soccer,Unknown,Always Ready,The Strongest,2026-05-14T19:00:00+00:00,mid,"{""accumulated_from_latest_matches"": true, ""core_inventory"": true, ""coverage_repair_sources"": [""day_inventory""], ""day_inventory"": true, ""day_inventory_coverage"": {""context"": true, ""context_2plus_sources"": false, ""fixture_core"": true, ""form"": true, ""news"": false, ""odds"": false, ""odds_2plus_sources"": false, ""ready_for_model"": false, ""ready_for_publish"": false, ""weather"": false, ""xg"": false}, ""day_inventory_path"": "".data/day_inventory/2026-05-14.json"", ""day_inventory_refresh"": {""last_context_refresh_utc"": null, ""last_fixture_refresh_utc"": ""2026-05-13T21:01:36.680107+00:00"", ""last_odds_refresh_utc"": null}, ""day_inventory_source_ids"": {""day_inventory"": ""soccer|always ready|strongest|2026-05-14"", ""sstats"": ""1538376""}, ""latest_run_source"": ""day_inventory"", ""latest_run_source_event_id"": ""soccer|always ready|strongest|2026-05-14"", ""provider_source_ids"": {""sstats"": ""1538376""}, ""sources_seen"": ""sstats"", ""sstats_has_context_hint"": true, ""sstats_status"": ""2""}",,,,,,,,,,,,,,,,,,,,,,,,,,,,,,,
soccer|bolton|bradford|2026-05-14,day_inventory,soccer|bolton|bradford|2026-05-14,soccer,Unknown,Bradford,Bolton,2026-05-14T19:00:00+00:00,mid,"{""accumulated_from_latest_matches"": true, ""core_inventory"": true, ""coverage_repair_sources"": [""day_inventory""], ""day_inventory"": true, ""day_inventory_coverage"": {""context"": true, ""context_2plus_sources"": false, ""fixture_core"": true, ""form"": true, ""news"": false, ""odds"": false, ""odds_2plus_sources"": false, ""ready_for_model"": false, ""ready_for_publish"": false, ""weather"": false, ""xg"": false}, ""day_inventory_path"": "".data/day_inventory/2026-05-14.json"", ""day_inventory_refresh"": {""last_context_refresh_utc"": null, ""last_fixture_refresh_utc"": ""2026-05-13T21:01:36.680266+00:00"", ""last_odds_refresh_utc"": null}, ""day_inventory_source_ids"": {""day_inventory"": ""soccer|bolton|bradford|2026-05-14"", ""sstats"": ""1544064""}, ""latest_run_source"": ""day_inventory"", ""latest_run_source_event_id"": ""soccer|bolton|bradford|2026-05-14"", ""provider_source_ids"": {""sstats"": ""1544064""}, ""sources_seen"": ""sstats"", ""sstats_has_context_hint"": true, ""sstats_status"": ""2""}",,,,,,,,,,,,,,,,,,,,,,,,,,,,,,,
soccer|mayfield united|midleton|2026-05-14,day_inventory,soccer|mayfield united|midleton|2026-05-14,soccer,Unknown,Midleton,Mayfield Utd,2026-05-14T19:00:00+00:00,mid,"{""accumulated_from_latest_matches"": true, ""core_inventory"": true, ""coverage_repair_sources"": [""day_inventory""], ""day_inventory"": true, ""day_inventory_coverage"": {""context"": true, ""context_2plus_sources"": false, ""fixture_core"": true, ""form"": true, ""news"": false, ""odds"": false, ""odds_2plus_sources"": false, ""ready_for_model"": false, ""ready_for_publish"": false, ""weather"": false, ""xg"": false}, ""day_inventory_path"": "".data/day_inventory/2026-05-14.json"", ""day_inventory_refresh"": {""last_context_refresh_utc"": null, ""last_fixture_refresh_utc"": ""2026-05-13T21:01:36.680434+00:00"", ""last_odds_refresh_utc"": null}, ""day_inventory_source_ids"": {""day_inventory"": ""soccer|mayfield united|midleton|2026-05-14"", ""sstats"": ""1539726""}, ""latest_run_source"": ""day_inventory"", ""latest_run_source_event_id"": ""soccer|mayfield united|midleton|2026-05-14"", ""provider_source_ids"": {""sstats"": ""1539726""}, ""sources_seen"": ""sstats"", ""sstats_has_context_hint"": true, ""sstats_status"": ""2""}",,,,,,,,,,,,,,,,,,,,,,,,,,,,,,,
soccer|real madrid|real oviedo|2026-05-14,day_inventory,544570,soccer,Spanish La Liga,Real Madrid,Real Oviedo,2026-05-14T19:30:00+00:00,mid,"{""day_inventory"": true, ""day_inventory_coverage"": {""context"": true, ""context_2plus_sources"": false, ""context_sources_count"": 1, ""fixture_core"": true, ""form"": false, ""news"": false, ""odds"": false, ""odds_2plus_sources"": false, ""ready_for_model"": false, ""ready_for_publish"": false, ""weather"": false, ""xg"": true}, ""day_inventory_path"": "".data/day_inventory/2026-05-14.json"", ""day_inventory_refresh"": {""last_context_refresh_utc"": null, ""last_fixture_refresh_utc"": ""2026-05-13T23:06:32.364270+00:00"", ""last_odds_refresh_utc"": null}, ""day_inventory_source_ids"": {""bzzoiro"": ""1048"", ""football_data"": ""544570"", ""sstats"": ""1391176"", ""thesportsdb"": ""2279751""}, ""fixture_expansion_raw_sample"": {""season"": ""2025-2026"", ""venue"": ""Estadio Santiago Bernabéu""}, ""fixture_expansion_source"": ""thesportsdb""}",,,,,,,,,,,,,,,,,,,,,,,,,,,,,,,
soccer|atletico|santo domingo|2026-05-14,day_inventory,soccer|atletico|santo domingo|2026-05-14,soccer,Unknown,Santo Domingo,Atletico FC,2026-05-14T19:30:00+00:00,mid,"{""accumulated_from_latest_matches"": true, ""core_inventory"": true, ""coverage_repair_sources"": [""day_inventory""], ""day_inventory"": true, ""day_inventory_coverage"": {""context"": true, ""context_2plus_sources"": false, ""fixture_core"": true, ""form"": true, ""news"": false, ""odds"": false, ""odds_2plus_sources"": false, ""ready_for_model"": false, ""ready_for_publish"": false, ""weather"": false, ""xg"": false}, ""day_inventory_path"": "".data/day_inventory/2026-05-14.json"", ""day_inventory_refresh"": {""last_context_refresh_utc"": null, ""last_fixture_refresh_utc"": ""2026-05-13T21:01:36.680605+00:00"", ""last_odds_refresh_utc"": null}, ""day_inventory_source_ids"": {""day_inventory"": ""soccer|atletico|santo domingo|2026-05-14"", ""sstats"": ""1526533""}, ""latest_run_source"": ""day_inventory"", ""latest_run_source_event_id"": ""soccer|atletico|santo domingo|2026-05-14"", ""provider_source_ids"": {""sstats"": ""1526533""}, ""sources_seen"": ""sstats"", ""sstats_has_context_hint"": true, ""sstats_status"": ""2""}",,,,,,,,,,,,,,,,,,,,,,,,,,,,,,,
soccer|3 noviembre|capiata|2026-05-14,day_inventory,soccer|3 noviembre|capiata|2026-05-14,soccer,Unknown,3 de Noviembre,Deportivo Capiata,2026-05-14T20:00:00+00:00,mid,"{""accumulated_from_latest_matches"": true, ""core_inventory"": true, ""coverage_repair_sources"": [""day_inventory""], ""day_inventory"": true, ""day_inventory_coverage"": {""context"": true, ""context_2plus_sources"": false, ""fixture_core"": true, ""form"": true, ""news"": false, ""odds"": false, ""odds_2plus_sources"": false, ""ready_for_model"": false, ""ready_for_publish"": false, ""weather"": false, ""xg"": false}, ""day_inventory_path"": "".data/day_inventory/2026-05-14.json"", ""day_inventory_refresh"": {""last_context_refresh_utc"": null, ""last_fixture_refresh_utc"": ""2026-05-13T21:01:36.680787+00:00"", ""last_odds_refresh_utc"": null}, ""day_inventory_source_ids"": {""day_inventory"": ""soccer|3 noviembre|capiata|2026-05-14"", ""sstats"": ""1544821""}, ""latest_run_source"": ""day_inventory"", ""latest_run_source_event_id"": ""soccer|3 noviembre|capiata|2026-05-14"", ""provider_source_ids"": {""sstats"": ""1544821""}, ""sources_seen"": ""sstats"", ""sstats_has_context_hint"": true, ""sstats_status"": ""2""}",,,,,,,,,,,,,,,,,,,,,,,,,,,,,,,
soccer|astillero ecu|guayaquil city|2026-05-14,day_inventory,soccer|astillero ecu|guayaquil city|2026-05-14,soccer,Unknown,Astillero FC (Ecu),Guayaquil City FC,2026-05-14T20:00:00+00:00,mid,"{""accumulated_from_latest_matches"": true, ""core_inventory"": true, ""coverage_repair_sources"": [""day_inventory""], ""day_inventory"": true, ""day_inventory_coverage"": {""context"": true, ""context_2plus_sources"": false, ""fixture_core"": true, ""form"": true, ""news"": false, ""odds"": false, ""odds_2plus_sources"": false, ""ready_for_model"": false, ""ready_for_publish"": false, ""weather"": false, ""xg"": false}, ""day_inventory_path"": "".data/day_inventory/2026-05-14.json"", ""day_inventory_refresh"": {""last_context_refresh_utc"": null, ""last_fixture_refresh_utc"": ""2026-05-13T21:01:36.680977+00:00"", ""last_odds_refresh_utc"": null}, ""day_inventory_source_ids"": {""day_inventory"": ""soccer|astillero ecu|guayaquil city|2026-05-14"", ""sstats"": ""1542925""}, ""latest_run_source"": ""day_inventory"", ""latest_run_source_event_id"": ""soccer|astillero ecu|guayaquil city|2026-05-14"", ""provider_source_ids"": {""sstats"": ""1542925""}, ""sources_seen"": ""sstats"", ""sstats_has_context_hint"": true, ""sstats_status"": ""2""}",,,,,,,,,,,,,,,,,,,,,,,,,,,,,,,
