match_key,market_key,provider,bookmaker,family,selection,price,observed_at,point,team_side,source_event_id,metadata,schema_version
soccer|bashundhara kings|dhaka wanderers|2026-10-06,h2h|dhaka wanderers club||,odds_api_io,Bet365,h2h,Dhaka Wanderers Club,21.0,2026-10-06T07:34:53.445749+00:00,,,,"{""configured_bookmakers"": ""Bet365,Unibet"", ""entitlement_fallback_used"": false, ""fetched_at_utc"": ""2026-10-06T07:34:53.445749+00:00"", ""market_integrity"": ""safe_match_market"", ""odds_api_io"": true, ""odds_api_io_account"": ""account1"", ""raw_market_name"": ""ml"", ""requested_bookmakers"": ""Bet365,Unibet""}",1
soccer|bashundhara kings|dhaka wanderers|2026-10-06,h2h|draw||,odds_api_io,Bet365,h2h,Draw,9.0,2026-10-06T07:34:53.445749+00:00,,,,"{""configured_bookmakers"": ""Bet365,Unibet"", ""entitlement_fallback_used"": false, ""fetched_at_utc"": ""2026-10-06T07:34:53.445749+00:00"", ""market_integrity"": ""safe_match_market"", ""odds_api_io"": true, ""odds_api_io_account"": ""account1"", ""raw_market_name"": ""ml"", ""requested_bookmakers"": ""Bet365,Unibet""}",1
soccer|bashundhara kings|dhaka wanderers|2026-10-06,h2h|bashundhara kings||,odds_api_io,Bet365,h2h,Bashundhara Kings,1.1,2026-10-06T07:34:53.445749+00:00,,,,"{""configured_bookmakers"": ""Bet365,Unibet"", ""entitlement_fallback_used"": false, ""fetched_at_utc"": ""2026-10-06T07:34:53.445749+00:00"", ""market_integrity"": ""safe_match_market"", ""odds_api_io"": true, ""odds_api_io_account"": ""account1"", ""raw_market_name"": ""ml"", ""requested_bookmakers"": ""Bet365,Unibet""}",1
soccer|bashundhara kings|dhaka wanderers|2026-10-06,dnb|dhaka wanderers club||,odds_api_io,Bet365,dnb,Dhaka Wanderers Club,10.5,2026-10-06T07:34:53.445749+00:00,,,,"{""configured_bookmakers"": ""Bet365,Unibet"", ""entitlement_fallback_used"": false, ""fetched_at_utc"": ""2026-10-06T07:34:53.445749+00:00"", ""market_integrity"": ""safe_match_market"", ""odds_api_io"": true, ""odds_api_io_account"": ""account1"", ""raw_market_name"": ""draw no bet"", ""requested_bookmakers"": ""Bet365,Unibet""}",1
soccer|bashundhara kings|dhaka wanderers|2026-10-06,dnb|bashundhara kings||,odds_api_io,Bet365,dnb,Bashundhara Kings,1.025,2026-10-06T07:34:53.445749+00:00,,,,"{""configured_bookmakers"": ""Bet365,Unibet"", ""entitlement_fallback_used"": false, ""fetched_at_utc"": ""2026-10-06T07:34:53.445749+00:00"", ""market_integrity"": ""safe_match_market"", ""odds_api_io"": true, ""odds_api_io_account"": ""account1"", ""raw_market_name"": ""draw no bet"", ""requested_bookmakers"": ""Bet365,Unibet""}",1
soccer|bashundhara kings|dhaka wanderers|2026-10-06,spreads|dhaka wanderers club|2.75|home,odds_api_io,Bet365,spreads,Dhaka Wanderers Club,1.85,2026-10-06T07:34:53.445749+00:00,2.75,home,,"{""configured_bookmakers"": ""Bet365,Unibet"", ""entitlement_fallback_used"": false, ""fetched_at_utc"": ""2026-10-06T07:34:53.445749+00:00"", ""market_integrity"": ""safe_match_market"", ""odds_api_io"": true, ""odds_api_io_account"": ""account1"", ""raw_market_name"": ""spread"", ""requested_bookmakers"": ""Bet365,Unibet""}",1
soccer|bashundhara kings|dhaka wanderers|2026-10-06,spreads|bashundhara kings|-2.75|away,odds_api_io,Bet365,spreads,Bashundhara Kings,1.95,2026-10-06T07:34:53.445749+00:00,-2.75,away,,"{""configured_bookmakers"": ""Bet365,Unibet"", ""entitlement_fallback_used"": false, ""fetched_at_utc"": ""2026-10-06T07:34:53.445749+00:00"", ""market_integrity"": ""safe_match_market"", ""odds_api_io"": true, ""odds_api_io_account"": ""account1"", ""raw_market_name"": ""spread"", ""requested_bookmakers"": ""Bet365,Unibet""}",1
soccer|bashundhara kings|dhaka wanderers|2026-10-06,totals|over|3.75|,odds_api_io,Bet365,totals,Over,1.925,2026-10-06T07:34:53.445749+00:00,3.75,,,"{""configured_bookmakers"": ""Bet365,Unibet"", ""entitlement_fallback_used"": false, ""fetched_at_utc"": ""2026-10-06T07:34:53.445749+00:00"", ""market_integrity"": ""safe_match_market"", ""odds_api_io"": true, ""odds_api_io_account"": ""account1"", ""raw_market_name"": ""totals"", ""requested_bookmakers"": ""Bet365,Unibet""}",1
soccer|bashundhara kings|dhaka wanderers|2026-10-06,totals|under|3.75|,odds_api_io,Bet365,totals,Under,1.875,2026-10-06T07:34:53.445749+00:00,3.75,,,"{""configured_bookmakers"": ""Bet365,Unibet"", ""entitlement_fallback_used"": false, ""fetched_at_utc"": ""2026-10-06T07:34:53.445749+00:00"", ""market_integrity"": ""safe_match_market"", ""odds_api_io"": true, ""odds_api_io_account"": ""account1"", ""raw_market_name"": ""totals"", ""requested_bookmakers"": ""Bet365,Unibet""}",1
soccer|bashundhara kings|dhaka wanderers|2026-10-06,totals|over|2.50|,odds_api_io,Bet365,totals,Over,1.3,2026-10-06T07:34:53.445749+00:00,2.5,,,"{""configured_bookmakers"": ""Bet365,Unibet"", ""entitlement_fallback_used"": false, ""fetched_at_utc"": ""2026-10-06T07:34:53.445749+00:00"", ""market_integrity"": ""safe_match_market"", ""odds_api_io"": true, ""odds_api_io_account"": ""account1"", ""raw_market_name"": ""goals over/under"", ""requested_bookmakers"": ""Bet365,Unibet""}",1
soccer|bashundhara kings|dhaka wanderers|2026-10-06,totals|under|2.50|,odds_api_io,Bet365,totals,Under,3.4,2026-10-06T07:34:53.445749+00:00,2.5,,,"{""configured_bookmakers"": ""Bet365,Unibet"", ""entitlement_fallback_used"": false, ""fetched_at_utc"": ""2026-10-06T07:34:53.445749+00:00"", ""market_integrity"": ""safe_match_market"", ""odds_api_io"": true, ""odds_api_io_account"": ""account1"", ""raw_market_name"": ""goals over/under"", ""requested_bookmakers"": ""Bet365,Unibet""}",1
soccer|arambagh ks|mohammedan dhaka|2026-10-06,h2h|mohammedan sc dhaka||,odds_api_io,Bet365,h2h,Mohammedan SC Dhaka,1.071,2026-10-06T07:34:53.445749+00:00,,,,"{""configured_bookmakers"": ""Bet365,Unibet"", ""entitlement_fallback_used"": false, ""fetched_at_utc"": ""2026-10-06T07:34:53.445749+00:00"", ""market_integrity"": ""safe_match_market"", ""odds_api_io"": true, ""odds_api_io_account"": ""account1"", ""raw_market_name"": ""ml"", ""requested_bookmakers"": ""Bet365,Unibet""}",1
soccer|arambagh ks|mohammedan dhaka|2026-10-06,h2h|draw||,odds_api_io,Bet365,h2h,Draw,10.0,2026-10-06T07:34:53.445749+00:00,,,,"{""configured_bookmakers"": ""Bet365,Unibet"", ""entitlement_fallback_used"": false, ""fetched_at_utc"": ""2026-10-06T07:34:53.445749+00:00"", ""market_integrity"": ""safe_match_market"", ""odds_api_io"": true, ""odds_api_io_account"": ""account1"", ""raw_market_name"": ""ml"", ""requested_bookmakers"": ""Bet365,Unibet""}",1
soccer|arambagh ks|mohammedan dhaka|2026-10-06,h2h|arambagh ks||,odds_api_io,Bet365,h2h,Arambagh KS,29.0,2026-10-06T07:34:53.445749+00:00,,,,"{""configured_bookmakers"": ""Bet365,Unibet"", ""entitlement_fallback_used"": false, ""fetched_at_utc"": ""2026-10-06T07:34:53.445749+00:00"", ""market_integrity"": ""safe_match_market"", ""odds_api_io"": true, ""odds_api_io_account"": ""account1"", ""raw_market_name"": ""ml"", ""requested_bookmakers"": ""Bet365,Unibet""}",1
soccer|arambagh ks|mohammedan dhaka|2026-10-06,dnb|mohammedan sc dhaka||,odds_api_io,Bet365,dnb,Mohammedan SC Dhaka,1.012,2026-10-06T07:34:53.445749+00:00,,,,"{""configured_bookmakers"": ""Bet365,Unibet"", ""entitlement_fallback_used"": false, ""fetched_at_utc"": ""2026-10-06T07:34:53.445749+00:00"", ""market_integrity"": ""safe_match_market"", ""odds_api_io"": true, ""odds_api_io_account"": ""account1"", ""raw_market_name"": ""draw no bet"", ""requested_bookmakers"": ""Bet365,Unibet""}",1
soccer|arambagh ks|mohammedan dhaka|2026-10-06,dnb|arambagh ks||,odds_api_io,Bet365,dnb,Arambagh KS,13.0,2026-10-06T07:34:53.445749+00:00,,,,"{""configured_bookmakers"": ""Bet365,Unibet"", ""entitlement_fallback_used"": false, ""fetched_at_utc"": ""2026-10-06T07:34:53.445749+00:00"", ""market_integrity"": ""safe_match_market"", ""odds_api_io"": true, ""odds_api_io_account"": ""account1"", ""raw_market_name"": ""draw no bet"", ""requested_bookmakers"": ""Bet365,Unibet""}",1
soccer|arambagh ks|mohammedan dhaka|2026-10-06,spreads|mohammedan sc dhaka|-2.75|home,odds_api_io,Bet365,spreads,Mohammedan SC Dhaka,1.9,2026-10-06T07:34:53.445749+00:00,-2.75,home,,"{""configured_bookmakers"": ""Bet365,Unibet"", ""entitlement_fallback_used"": false, ""fetched_at_utc"": ""2026-10-06T07:34:53.445749+00:00"", ""market_integrity"": ""safe_match_market"", ""odds_api_io"": true, ""odds_api_io_account"": ""account1"", ""raw_market_name"": ""spread"", ""requested_bookmakers"": ""Bet365,Unibet""}",1
soccer|arambagh ks|mohammedan dhaka|2026-10-06,spreads|arambagh ks|2.75|away,odds_api_io,Bet365,spreads,Arambagh KS,1.9,2026-10-06T07:34:53.445749+00:00,2.75,away,,"{""configured_bookmakers"": ""Bet365,Unibet"", ""entitlement_fallback_used"": false, ""fetched_at_utc"": ""2026-10-06T07:34:53.445749+00:00"", ""market_integrity"": ""safe_match_market"", ""odds_api_io"": true, ""odds_api_io_account"": ""account1"", ""raw_market_name"": ""spread"", ""requested_bookmakers"": ""Bet365,Unibet""}",1
soccer|arambagh ks|mohammedan dhaka|2026-10-06,totals|over|3.25|,odds_api_io,Bet365,totals,Over,1.85,2026-10-06T07:34:53.445749+00:00,3.25,,,"{""configured_bookmakers"": ""Bet365,Unibet"", ""entitlement_fallback_used"": false, ""fetched_at_utc"": ""2026-10-06T07:34:53.445749+00:00"", ""market_integrity"": ""safe_match_market"", ""odds_api_io"": true, ""odds_api_io_account"": ""account1"", ""raw_market_name"": ""totals"", ""requested_bookmakers"": ""Bet365,Unibet""}",1
soccer|arambagh ks|mohammedan dhaka|2026-10-06,totals|under|3.25|,odds_api_io,Bet365,totals,Under,1.95,2026-10-06T07:34:53.445749+00:00,3.25,,,"{""configured_bookmakers"": ""Bet365,Unibet"", ""entitlement_fallback_used"": false, ""fetched_at_utc"": ""2026-10-06T07:34:53.445749+00:00"", ""market_integrity"": ""safe_match_market"", ""odds_api_io"": true, ""odds_api_io_account"": ""account1"", ""raw_market_name"": ""totals"", ""requested_bookmakers"": ""Bet365,Unibet""}",1
soccer|arambagh ks|mohammedan dhaka|2026-10-06,totals|over|2.50|,odds_api_io,Bet365,totals,Over,1.444,2026-10-06T07:34:53.445749+00:00,2.5,,,"{""configured_bookmakers"": ""Bet365,Unibet"", ""entitlement_fallback_used"": false, ""fetched_at_utc"": ""2026-10-06T07:34:53.445749+00:00"", ""market_integrity"": ""safe_match_market"", ""odds_api_io"": true, ""odds_api_io_account"": ""account1"", ""raw_market_name"": ""goals over/under"", ""requested_bookmakers"": ""Bet365,Unibet""}",1
soccer|arambagh ks|mohammedan dhaka|2026-10-06,totals|under|2.50|,odds_api_io,Bet365,totals,Under,2.625,2026-10-06T07:34:53.445749+00:00,2.5,,,"{""configured_bookmakers"": ""Bet365,Unibet"", ""entitlement_fallback_used"": false, ""fetched_at_utc"": ""2026-10-06T07:34:53.445749+00:00"", ""market_integrity"": ""safe_match_market"", ""odds_api_io"": true, ""odds_api_io_account"": ""account1"", ""raw_market_name"": ""goals over/under"", ""requested_bookmakers"": ""Bet365,Unibet""}",1
soccer|hubei istar|lanzhou longyuan athletic|2026-10-06,h2h|hubei istar||,odds_api_io,Bet365,h2h,Hubei Istar,2.8,2026-10-06T07:34:53.445749+00:00,,,,"{""configured_bookmakers"": ""Bet365,Unibet"", ""entitlement_fallback_used"": false, ""fetched_at_utc"": ""2026-10-06T07:34:53.445749+00:00"", ""market_integrity"": ""safe_match_market"", ""odds_api_io"": true, ""odds_api_io_account"": ""account1"", ""raw_market_name"": ""ml"", ""requested_bookmakers"": ""Bet365,Unibet""}",1
soccer|hubei istar|lanzhou longyuan athletic|2026-10-06,h2h|draw||,odds_api_io,Bet365,h2h,Draw,3.2,2026-10-06T07:34:53.445749+00:00,,,,"{""configured_bookmakers"": ""Bet365,Unibet"", ""entitlement_fallback_used"": false, ""fetched_at_utc"": ""2026-10-06T07:34:53.445749+00:00"", ""market_integrity"": ""safe_match_market"", ""odds_api_io"": true, ""odds_api_io_account"": ""account1"", ""raw_market_name"": ""ml"", ""requested_bookmakers"": ""Bet365,Unibet""}",1
soccer|hubei istar|lanzhou longyuan athletic|2026-10-06,h2h|lanzhou longyuan athletic||,odds_api_io,Bet365,h2h,Lanzhou Longyuan Athletic,2.25,2026-10-06T07:34:53.445749+00:00,,,,"{""configured_bookmakers"": ""Bet365,Unibet"", ""entitlement_fallback_used"": false, ""fetched_at_utc"": ""2026-10-06T07:34:53.445749+00:00"", ""market_integrity"": ""safe_match_market"", ""odds_api_io"": true, ""odds_api_io_account"": ""account1"", ""raw_market_name"": ""ml"", ""requested_bookmakers"": ""Bet365,Unibet""}",1
soccer|hubei istar|lanzhou longyuan athletic|2026-10-06,dnb|hubei istar||,odds_api_io,Bet365,dnb,Hubei Istar,2.1,2026-10-06T07:34:53.445749+00:00,,,,"{""configured_bookmakers"": ""Bet365,Unibet"", ""entitlement_fallback_used"": false, ""fetched_at_utc"": ""2026-10-06T07:34:53.445749+00:00"", ""market_integrity"": ""safe_match_market"", ""odds_api_io"": true, ""odds_api_io_account"": ""account1"", ""raw_market_name"": ""draw no bet"", ""requested_bookmakers"": ""Bet365,Unibet""}",1
soccer|hubei istar|lanzhou longyuan athletic|2026-10-06,dnb|lanzhou longyuan athletic||,odds_api_io,Bet365,dnb,Lanzhou Longyuan Athletic,1.666,2026-10-06T07:34:53.445749+00:00,,,,"{""configured_bookmakers"": ""Bet365,Unibet"", ""entitlement_fallback_used"": false, ""fetched_at_utc"": ""2026-10-06T07:34:53.445749+00:00"", ""market_integrity"": ""safe_match_market"", ""odds_api_io"": true, ""odds_api_io_account"": ""account1"", ""raw_market_name"": ""draw no bet"", ""requested_bookmakers"": ""Bet365,Unibet""}",1
soccer|hubei istar|lanzhou longyuan athletic|2026-10-06,spreads|hubei istar|0.25|home,odds_api_io,Bet365,spreads,Hubei Istar,1.775,2026-10-06T07:34:53.445749+00:00,0.25,home,,"{""configured_bookmakers"": ""Bet365,Unibet"", ""entitlement_fallback_used"": false, ""fetched_at_utc"": ""2026-10-06T07:34:53.445749+00:00"", ""market_integrity"": ""safe_match_market"", ""odds_api_io"": true, ""odds_api_io_account"": ""account1"", ""raw_market_name"": ""spread"", ""requested_bookmakers"": ""Bet365,Unibet""}",1
soccer|hubei istar|lanzhou longyuan athletic|2026-10-06,spreads|lanzhou longyuan athletic|-0.25|away,odds_api_io,Bet365,spreads,Lanzhou Longyuan Athletic,2.025,2026-10-06T07:34:53.445749+00:00,-0.25,away,,"{""configured_bookmakers"": ""Bet365,Unibet"", ""entitlement_fallback_used"": false, ""fetched_at_utc"": ""2026-10-06T07:34:53.445749+00:00"", ""market_integrity"": ""safe_match_market"", ""odds_api_io"": true, ""odds_api_io_account"": ""account1"", ""raw_market_name"": ""spread"", ""requested_bookmakers"": ""Bet365,Unibet""}",1
soccer|hubei istar|lanzhou longyuan athletic|2026-10-06,totals|over|2.25|,odds_api_io,Bet365,totals,Over,1.975,2026-10-06T07:34:53.445749+00:00,2.25,,,"{""configured_bookmakers"": ""Bet365,Unibet"", ""entitlement_fallback_used"": false, ""fetched_at_utc"": ""2026-10-06T07:34:53.445749+00:00"", ""market_integrity"": ""safe_match_market"", ""odds_api_io"": true, ""odds_api_io_account"": ""account1"", ""raw_market_name"": ""totals"", ""requested_bookmakers"": ""Bet365,Unibet""}",1
soccer|hubei istar|lanzhou longyuan athletic|2026-10-06,totals|under|2.25|,odds_api_io,Bet365,totals,Under,1.825,2026-10-06T07:34:53.445749+00:00,2.25,,,"{""configured_bookmakers"": ""Bet365,Unibet"", ""entitlement_fallback_used"": false, ""fetched_at_utc"": ""2026-10-06T07:34:53.445749+00:00"", ""market_integrity"": ""safe_match_market"", ""odds_api_io"": true, ""odds_api_io_account"": ""account1"", ""raw_market_name"": ""totals"", ""requested_bookmakers"": ""Bet365,Unibet""}",1
soccer|hubei istar|lanzhou longyuan athletic|2026-10-06,totals|over|2.50|,odds_api_io,Bet365,totals,Over,2.25,2026-10-06T07:34:53.445749+00:00,2.5,,,"{""configured_bookmakers"": ""Bet365,Unibet"", ""entitlement_fallback_used"": false, ""fetched_at_utc"": ""2026-10-06T07:34:53.445749+00:00"", ""market_integrity"": ""safe_match_market"", ""odds_api_io"": true, ""odds_api_io_account"": ""account1"", ""raw_market_name"": ""goals over/under"", ""requested_bookmakers"": ""Bet365,Unibet""}",1
soccer|hubei istar|lanzhou longyuan athletic|2026-10-06,totals|under|2.50|,odds_api_io,Bet365,totals,Under,1.615,2026-10-06T07:34:53.445749+00:00,2.5,,,"{""configured_bookmakers"": ""Bet365,Unibet"", ""entitlement_fallback_used"": false, ""fetched_at_utc"": ""2026-10-06T07:34:53.445749+00:00"", ""market_integrity"": ""safe_match_market"", ""odds_api_io"": true, ""odds_api_io_account"": ""account1"", ""raw_market_name"": ""goals over/under"", ""requested_bookmakers"": ""Bet365,Unibet""}",1
soccer|hubei istar|lanzhou longyuan athletic|2026-10-06,h2h|hubei istar||,odds_api_io,Unibet,h2h,Hubei Istar,2.55,2026-10-06T07:34:53.445749+00:00,,,,"{""configured_bookmakers"": ""Bet365,Unibet"", ""entitlement_fallback_used"": false, ""fetched_at_utc"": ""2026-10-06T07:34:53.445749+00:00"", ""market_integrity"": ""safe_match_market"", ""odds_api_io"": true, ""odds_api_io_account"": ""account1"", ""raw_market_name"": ""ml"", ""requested_bookmakers"": ""Bet365,Unibet""}",1
soccer|hubei istar|lanzhou longyuan athletic|2026-10-06,h2h|draw||,odds_api_io,Unibet,h2h,Draw,2.95,2026-10-06T07:34:53.445749+00:00,,,,"{""configured_bookmakers"": ""Bet365,Unibet"", ""entitlement_fallback_used"": false, ""fetched_at_utc"": ""2026-10-06T07:34:53.445749+00:00"", ""market_integrity"": ""safe_match_market"", ""odds_api_io"": true, ""odds_api_io_account"": ""account1"", ""raw_market_name"": ""ml"", ""requested_bookmakers"": ""Bet365,Unibet""}",1
soccer|hubei istar|lanzhou longyuan athletic|2026-10-06,h2h|lanzhou longyuan athletic||,odds_api_io,Unibet,h2h,Lanzhou Longyuan Athletic,2.6,2026-10-06T07:34:53.445749+00:00,,,,"{""configured_bookmakers"": ""Bet365,Unibet"", ""entitlement_fallback_used"": false, ""fetched_at_utc"": ""2026-10-06T07:34:53.445749+00:00"", ""market_integrity"": ""safe_match_market"", ""odds_api_io"": true, ""odds_api_io_account"": ""account1"", ""raw_market_name"": ""ml"", ""requested_bookmakers"": ""Bet365,Unibet""}",1
soccer|hubei istar|lanzhou longyuan athletic|2026-10-06,dnb|hubei istar||,odds_api_io,Unibet,dnb,Hubei Istar,1.77,2026-10-06T07:34:53.445749+00:00,,,,"{""configured_bookmakers"": ""Bet365,Unibet"", ""entitlement_fallback_used"": false, ""fetched_at_utc"": ""2026-10-06T07:34:53.445749+00:00"", ""market_integrity"": ""safe_match_market"", ""odds_api_io"": true, ""odds_api_io_account"": ""account1"", ""raw_market_name"": ""draw no bet"", ""requested_bookmakers"": ""Bet365,Unibet""}",1
soccer|hubei istar|lanzhou longyuan athletic|2026-10-06,dnb|lanzhou longyuan athletic||,odds_api_io,Unibet,dnb,Lanzhou Longyuan Athletic,1.82,2026-10-06T07:34:53.445749+00:00,,,,"{""configured_bookmakers"": ""Bet365,Unibet"", ""entitlement_fallback_used"": false, ""fetched_at_utc"": ""2026-10-06T07:34:53.445749+00:00"", ""market_integrity"": ""safe_match_market"", ""odds_api_io"": true, ""odds_api_io_account"": ""account1"", ""raw_market_name"": ""draw no bet"", ""requested_bookmakers"": ""Bet365,Unibet""}",1
soccer|hubei istar|lanzhou longyuan athletic|2026-10-06,totals|over|1.50|,odds_api_io,Unibet,totals,Over,1.38,2026-10-06T07:34:53.445749+00:00,1.5,,,"{""configured_bookmakers"": ""Bet365,Unibet"", ""entitlement_fallback_used"": false, ""fetched_at_utc"": ""2026-10-06T07:34:53.445749+00:00"", ""market_integrity"": ""safe_match_market"", ""odds_api_io"": true, ""odds_api_io_account"": ""account1"", ""raw_market_name"": ""totals"", ""requested_bookmakers"": ""Bet365,Unibet""}",1
soccer|hubei istar|lanzhou longyuan athletic|2026-10-06,totals|under|1.50|,odds_api_io,Unibet,totals,Under,2.6,2026-10-06T07:34:53.445749+00:00,1.5,,,"{""configured_bookmakers"": ""Bet365,Unibet"", ""entitlement_fallback_used"": false, ""fetched_at_utc"": ""2026-10-06T07:34:53.445749+00:00"", ""market_integrity"": ""safe_match_market"", ""odds_api_io"": true, ""odds_api_io_account"": ""account1"", ""raw_market_name"": ""totals"", ""requested_bookmakers"": ""Bet365,Unibet""}",1
soccer|hubei istar|lanzhou longyuan athletic|2026-10-06,totals|over|2.50|,odds_api_io,Unibet,totals,Over,2.2,2026-10-06T07:34:53.445749+00:00,2.5,,,"{""configured_bookmakers"": ""Bet365,Unibet"", ""entitlement_fallback_used"": false, ""fetched_at_utc"": ""2026-10-06T07:34:53.445749+00:00"", ""market_integrity"": ""safe_match_market"", ""odds_api_io"": true, ""odds_api_io_account"": ""account1"", ""raw_market_name"": ""totals"", ""requested_bookmakers"": ""Bet365,Unibet""}",1
soccer|hubei istar|lanzhou longyuan athletic|2026-10-06,totals|under|2.50|,odds_api_io,Unibet,totals,Under,1.54,2026-10-06T07:34:53.445749+00:00,2.5,,,"{""configured_bookmakers"": ""Bet365,Unibet"", ""entitlement_fallback_used"": false, ""fetched_at_utc"": ""2026-10-06T07:34:53.445749+00:00"", ""market_integrity"": ""safe_match_market"", ""odds_api_io"": true, ""odds_api_io_account"": ""account1"", ""raw_market_name"": ""totals"", ""requested_bookmakers"": ""Bet365,Unibet""}",1
soccer|hubei istar|lanzhou longyuan athletic|2026-10-06,btts|yes||,odds_api_io,Unibet,btts,Yes,1.91,2026-10-06T07:34:53.445749+00:00,,,,"{""configured_bookmakers"": ""Bet365,Unibet"", ""entitlement_fallback_used"": false, ""fetched_at_utc"": ""2026-10-06T07:34:53.445749+00:00"", ""market_integrity"": ""safe_match_market"", ""odds_api_io"": true, ""odds_api_io_account"": ""account1"", ""raw_market_name"": ""both teams to score"", ""requested_bookmakers"": ""Bet365,Unibet""}",1
soccer|hubei istar|lanzhou longyuan athletic|2026-10-06,btts|no||,odds_api_io,Unibet,btts,No,1.77,2026-10-06T07:34:53.445749+00:00,,,,"{""configured_bookmakers"": ""Bet365,Unibet"", ""entitlement_fallback_used"": false, ""fetched_at_utc"": ""2026-10-06T07:34:53.445749+00:00"", ""market_integrity"": ""safe_match_market"", ""odds_api_io"": true, ""odds_api_io_account"": ""account1"", ""raw_market_name"": ""both teams to score"", ""requested_bookmakers"": ""Bet365,Unibet""}",1
soccer|hubei istar|lanzhou longyuan athletic|2026-10-06,teamTotals|over|0.50|home,odds_api_io,Unibet,teamTotals,Over,1.34,2026-10-06T07:34:53.445749+00:00,0.5,home,,"{""configured_bookmakers"": ""Bet365,Unibet"", ""entitlement_fallback_used"": false, ""fetched_at_utc"": ""2026-10-06T07:34:53.445749+00:00"", ""market_integrity"": ""safe_match_market"", ""odds_api_io"": true, ""odds_api_io_account"": ""account1"", ""raw_market_name"": ""team total home"", ""requested_bookmakers"": ""Bet365,Unibet""}",1
soccer|hubei istar|lanzhou longyuan athletic|2026-10-06,teamTotals|under|0.50|home,odds_api_io,Unibet,teamTotals,Under,2.7,2026-10-06T07:34:53.445749+00:00,0.5,home,,"{""configured_bookmakers"": ""Bet365,Unibet"", ""entitlement_fallback_used"": false, ""fetched_at_utc"": ""2026-10-06T07:34:53.445749+00:00"", ""market_integrity"": ""safe_match_market"", ""odds_api_io"": true, ""odds_api_io_account"": ""account1"", ""raw_market_name"": ""team total home"", ""requested_bookmakers"": ""Bet365,Unibet""}",1
soccer|hubei istar|lanzhou longyuan athletic|2026-10-06,teamTotals|over|0.50|away,odds_api_io,Unibet,teamTotals,Over,1.35,2026-10-06T07:34:53.445749+00:00,0.5,away,,"{""configured_bookmakers"": ""Bet365,Unibet"", ""entitlement_fallback_used"": false, ""fetched_at_utc"": ""2026-10-06T07:34:53.445749+00:00"", ""market_integrity"": ""safe_match_market"", ""odds_api_io"": true, ""odds_api_io_account"": ""account1"", ""raw_market_name"": ""team total away"", ""requested_bookmakers"": ""Bet365,Unibet""}",1
soccer|hubei istar|lanzhou longyuan athletic|2026-10-06,teamTotals|under|0.50|away,odds_api_io,Unibet,teamTotals,Under,2.65,2026-10-06T07:34:53.445749+00:00,0.5,away,,"{""configured_bookmakers"": ""Bet365,Unibet"", ""entitlement_fallback_used"": false, ""fetched_at_utc"": ""2026-10-06T07:34:53.445749+00:00"", ""market_integrity"": ""safe_match_market"", ""odds_api_io"": true, ""odds_api_io_account"": ""account1"", ""raw_market_name"": ""team total away"", ""requested_bookmakers"": ""Bet365,Unibet""}",1
soccer|leiria|santa clara|2026-10-06,h2h|ud leiria u23||,odds_api_io,Bet365,h2h,UD Leiria U23,2.45,2026-10-06T07:34:53.445749+00:00,,,,"{""configured_bookmakers"": ""Bet365,Unibet"", ""entitlement_fallback_used"": false, ""fetched_at_utc"": ""2026-10-06T07:34:53.445749+00:00"", ""market_integrity"": ""safe_match_market"", ""odds_api_io"": true, ""odds_api_io_account"": ""account1"", ""raw_market_name"": ""ml"", ""requested_bookmakers"": ""Bet365,Unibet""}",1
soccer|leiria|santa clara|2026-10-06,h2h|draw||,odds_api_io,Bet365,h2h,Draw,3.4,2026-10-06T07:34:53.445749+00:00,,,,"{""configured_bookmakers"": ""Bet365,Unibet"", ""entitlement_fallback_used"": false, ""fetched_at_utc"": ""2026-10-06T07:34:53.445749+00:00"", ""market_integrity"": ""safe_match_market"", ""odds_api_io"": true, ""odds_api_io_account"": ""account1"", ""raw_market_name"": ""ml"", ""requested_bookmakers"": ""Bet365,Unibet""}",1
soccer|leiria|santa clara|2026-10-06,h2h|santa clara u23||,odds_api_io,Bet365,h2h,Santa Clara U23,2.4,2026-10-06T07:34:53.445749+00:00,,,,"{""configured_bookmakers"": ""Bet365,Unibet"", ""entitlement_fallback_used"": false, ""fetched_at_utc"": ""2026-10-06T07:34:53.445749+00:00"", ""market_integrity"": ""safe_match_market"", ""odds_api_io"": true, ""odds_api_io_account"": ""account1"", ""raw_market_name"": ""ml"", ""requested_bookmakers"": ""Bet365,Unibet""}",1
soccer|leiria|santa clara|2026-10-06,dnb|ud leiria u23||,odds_api_io,Bet365,dnb,UD Leiria U23,1.833,2026-10-06T07:34:53.445749+00:00,,,,"{""configured_bookmakers"": ""Bet365,Unibet"", ""entitlement_fallback_used"": false, ""fetched_at_utc"": ""2026-10-06T07:34:53.445749+00:00"", ""market_integrity"": ""safe_match_market"", ""odds_api_io"": true, ""odds_api_io_account"": ""account1"", ""raw_market_name"": ""draw no bet"", ""requested_bookmakers"": ""Bet365,Unibet""}",1
soccer|leiria|santa clara|2026-10-06,dnb|santa clara u23||,odds_api_io,Bet365,dnb,Santa Clara U23,1.833,2026-10-06T07:34:53.445749+00:00,,,,"{""configured_bookmakers"": ""Bet365,Unibet"", ""entitlement_fallback_used"": false, ""fetched_at_utc"": ""2026-10-06T07:34:53.445749+00:00"", ""market_integrity"": ""safe_match_market"", ""odds_api_io"": true, ""odds_api_io_account"": ""account1"", ""raw_market_name"": ""draw no bet"", ""requested_bookmakers"": ""Bet365,Unibet""}",1
soccer|leiria|santa clara|2026-10-06,spreads|ud leiria u23||home,odds_api_io,Bet365,spreads,UD Leiria U23,1.9,2026-10-06T07:34:53.445749+00:00,,home,,"{""configured_bookmakers"": ""Bet365,Unibet"", ""entitlement_fallback_used"": false, ""fetched_at_utc"": ""2026-10-06T07:34:53.445749+00:00"", ""market_integrity"": ""safe_match_market"", ""odds_api_io"": true, ""odds_api_io_account"": ""account1"", ""raw_market_name"": ""spread"", ""requested_bookmakers"": ""Bet365,Unibet""}",1
soccer|leiria|santa clara|2026-10-06,spreads|santa clara u23||away,odds_api_io,Bet365,spreads,Santa Clara U23,1.9,2026-10-06T07:34:53.445749+00:00,,away,,"{""configured_bookmakers"": ""Bet365,Unibet"", ""entitlement_fallback_used"": false, ""fetched_at_utc"": ""2026-10-06T07:34:53.445749+00:00"", ""market_integrity"": ""safe_match_market"", ""odds_api_io"": true, ""odds_api_io_account"": ""account1"", ""raw_market_name"": ""spread"", ""requested_bookmakers"": ""Bet365,Unibet""}",1
soccer|leiria|santa clara|2026-10-06,totals|over|2.50|,odds_api_io,Bet365,totals,Over,1.925,2026-10-06T07:34:53.445749+00:00,2.5,,,"{""configured_bookmakers"": ""Bet365,Unibet"", ""entitlement_fallback_used"": false, ""fetched_at_utc"": ""2026-10-06T07:34:53.445749+00:00"", ""market_integrity"": ""safe_match_market"", ""odds_api_io"": true, ""odds_api_io_account"": ""account1"", ""raw_market_name"": ""totals"", ""requested_bookmakers"": ""Bet365,Unibet""}",1
soccer|leiria|santa clara|2026-10-06,totals|under|2.50|,odds_api_io,Bet365,totals,Under,1.875,2026-10-06T07:34:53.445749+00:00,2.5,,,"{""configured_bookmakers"": ""Bet365,Unibet"", ""entitlement_fallback_used"": false, ""fetched_at_utc"": ""2026-10-06T07:34:53.445749+00:00"", ""market_integrity"": ""safe_match_market"", ""odds_api_io"": true, ""odds_api_io_account"": ""account1"", ""raw_market_name"": ""totals"", ""requested_bookmakers"": ""Bet365,Unibet""}",1
soccer|lam dong|song lam nghe an|2026-10-06,h2h|lam dong fc||,odds_api_io,Bet365,h2h,Lam Dong FC,5.75,2026-10-06T07:34:53.445749+00:00,,,,"{""configured_bookmakers"": ""Bet365,Unibet"", ""entitlement_fallback_used"": false, ""fetched_at_utc"": ""2026-10-06T07:34:53.445749+00:00"", ""market_integrity"": ""safe_match_market"", ""odds_api_io"": true, ""odds_api_io_account"": ""account1"", ""raw_market_name"": ""ml"", ""requested_bookmakers"": ""Bet365,Unibet""}",1
soccer|lam dong|song lam nghe an|2026-10-06,h2h|draw||,odds_api_io,Bet365,h2h,Draw,4.2,2026-10-06T07:34:53.445749+00:00,,,,"{""configured_bookmakers"": ""Bet365,Unibet"", ""entitlement_fallback_used"": false, ""fetched_at_utc"": ""2026-10-06T07:34:53.445749+00:00"", ""market_integrity"": ""safe_match_market"", ""odds_api_io"": true, ""odds_api_io_account"": ""account1"", ""raw_market_name"": ""ml"", ""requested_bookmakers"": ""Bet365,Unibet""}",1
soccer|lam dong|song lam nghe an|2026-10-06,h2h|song lam nghe an||,odds_api_io,Bet365,h2h,Song Lam Nghe An,1.48,2026-10-06T07:34:53.445749+00:00,,,,"{""configured_bookmakers"": ""Bet365,Unibet"", ""entitlement_fallback_used"": false, ""fetched_at_utc"": ""2026-10-06T07:34:53.445749+00:00"", ""market_integrity"": ""safe_match_market"", ""odds_api_io"": true, ""odds_api_io_account"": ""account1"", ""raw_market_name"": ""ml"", ""requested_bookmakers"": ""Bet365,Unibet""}",1
soccer|lam dong|song lam nghe an|2026-10-06,dnb|lam dong fc||,odds_api_io,Bet365,dnb,Lam Dong FC,4.0,2026-10-06T07:34:53.445749+00:00,,,,"{""configured_bookmakers"": ""Bet365,Unibet"", ""entitlement_fallback_used"": false, ""fetched_at_utc"": ""2026-10-06T07:34:53.445749+00:00"", ""market_integrity"": ""safe_match_market"", ""odds_api_io"": true, ""odds_api_io_account"": ""account1"", ""raw_market_name"": ""draw no bet"", ""requested_bookmakers"": ""Bet365,Unibet""}",1
soccer|lam dong|song lam nghe an|2026-10-06,dnb|song lam nghe an||,odds_api_io,Bet365,dnb,Song Lam Nghe An,1.222,2026-10-06T07:34:53.445749+00:00,,,,"{""configured_bookmakers"": ""Bet365,Unibet"", ""entitlement_fallback_used"": false, ""fetched_at_utc"": ""2026-10-06T07:34:53.445749+00:00"", ""market_integrity"": ""safe_match_market"", ""odds_api_io"": true, ""odds_api_io_account"": ""account1"", ""raw_market_name"": ""draw no bet"", ""requested_bookmakers"": ""Bet365,Unibet""}",1
soccer|lam dong|song lam nghe an|2026-10-06,spreads|lam dong fc|1.00|home,odds_api_io,Bet365,spreads,Lam Dong FC,2.0,2026-10-06T07:34:53.445749+00:00,1.0,home,,"{""configured_bookmakers"": ""Bet365,Unibet"", ""entitlement_fallback_used"": false, ""fetched_at_utc"": ""2026-10-06T07:34:53.445749+00:00"", ""market_integrity"": ""safe_match_market"", ""odds_api_io"": true, ""odds_api_io_account"": ""account1"", ""raw_market_name"": ""spread"", ""requested_bookmakers"": ""Bet365,Unibet""}",1
soccer|lam dong|song lam nghe an|2026-10-06,spreads|song lam nghe an|-1.00|away,odds_api_io,Bet365,spreads,Song Lam Nghe An,1.8,2026-10-06T07:34:53.445749+00:00,-1.0,away,,"{""configured_bookmakers"": ""Bet365,Unibet"", ""entitlement_fallback_used"": false, ""fetched_at_utc"": ""2026-10-06T07:34:53.445749+00:00"", ""market_integrity"": ""safe_match_market"", ""odds_api_io"": true, ""odds_api_io_account"": ""account1"", ""raw_market_name"": ""spread"", ""requested_bookmakers"": ""Bet365,Unibet""}",1
soccer|lam dong|song lam nghe an|2026-10-06,totals|over|2.50|,odds_api_io,Bet365,totals,Over,2.025,2026-10-06T07:34:53.445749+00:00,2.5,,,"{""configured_bookmakers"": ""Bet365,Unibet"", ""entitlement_fallback_used"": false, ""fetched_at_utc"": ""2026-10-06T07:34:53.445749+00:00"", ""market_integrity"": ""safe_match_market"", ""odds_api_io"": true, ""odds_api_io_account"": ""account1"", ""raw_market_name"": ""totals"", ""requested_bookmakers"": ""Bet365,Unibet""}",1
soccer|lam dong|song lam nghe an|2026-10-06,totals|under|2.50|,odds_api_io,Bet365,totals,Under,1.775,2026-10-06T07:34:53.445749+00:00,2.5,,,"{""configured_bookmakers"": ""Bet365,Unibet"", ""entitlement_fallback_used"": false, ""fetched_at_utc"": ""2026-10-06T07:34:53.445749+00:00"", ""market_integrity"": ""safe_match_market"", ""odds_api_io"": true, ""odds_api_io_account"": ""account1"", ""raw_market_name"": ""totals"", ""requested_bookmakers"": ""Bet365,Unibet""}",1
soccer|lam dong|song lam nghe an|2026-10-06,totals|over|2.25|,odds_api_io,Bet365,totals,Over,1.775,2026-10-06T07:34:53.445749+00:00,2.25,,,"{""configured_bookmakers"": ""Bet365,Unibet"", ""entitlement_fallback_used"": false, ""fetched_at_utc"": ""2026-10-06T07:34:53.445749+00:00"", ""market_integrity"": ""safe_match_market"", ""odds_api_io"": true, ""odds_api_io_account"": ""account1"", ""raw_market_name"": ""totals"", ""requested_bookmakers"": ""Bet365,Unibet""}",1
soccer|lam dong|song lam nghe an|2026-10-06,totals|under|2.25|,odds_api_io,Bet365,totals,Under,2.025,2026-10-06T07:34:53.445749+00:00,2.25,,,"{""configured_bookmakers"": ""Bet365,Unibet"", ""entitlement_fallback_used"": false, ""fetched_at_utc"": ""2026-10-06T07:34:53.445749+00:00"", ""market_integrity"": ""safe_match_market"", ""odds_api_io"": true, ""odds_api_io_account"": ""account1"", ""raw_market_name"": ""totals"", ""requested_bookmakers"": ""Bet365,Unibet""}",1
soccer|bangladesh police|city|2026-10-06,h2h|bangladesh police fc||,odds_api_io,Bet365,h2h,Bangladesh Police FC,2.625,2026-10-06T07:34:53.445749+00:00,,,,"{""configured_bookmakers"": ""Bet365,Unibet"", ""entitlement_fallback_used"": false, ""fetched_at_utc"": ""2026-10-06T07:34:53.445749+00:00"", ""market_integrity"": ""safe_match_market"", ""odds_api_io"": true, ""odds_api_io_account"": ""account1"", ""raw_market_name"": ""ml"", ""requested_bookmakers"": ""Bet365,Unibet""}",1
soccer|bangladesh police|city|2026-10-06,h2h|draw||,odds_api_io,Bet365,h2h,Draw,3.3,2026-10-06T07:34:53.445749+00:00,,,,"{""configured_bookmakers"": ""Bet365,Unibet"", ""entitlement_fallback_used"": false, ""fetched_at_utc"": ""2026-10-06T07:34:53.445749+00:00"", ""market_integrity"": ""safe_match_market"", ""odds_api_io"": true, ""odds_api_io_account"": ""account1"", ""raw_market_name"": ""ml"", ""requested_bookmakers"": ""Bet365,Unibet""}",1
soccer|bangladesh police|city|2026-10-06,h2h|city club||,odds_api_io,Bet365,h2h,City Club,2.3,2026-10-06T07:34:53.445749+00:00,,,,"{""configured_bookmakers"": ""Bet365,Unibet"", ""entitlement_fallback_used"": false, ""fetched_at_utc"": ""2026-10-06T07:34:53.445749+00:00"", ""market_integrity"": ""safe_match_market"", ""odds_api_io"": true, ""odds_api_io_account"": ""account1"", ""raw_market_name"": ""ml"", ""requested_bookmakers"": ""Bet365,Unibet""}",1
soccer|bangladesh police|city|2026-10-06,dnb|bangladesh police fc||,odds_api_io,Bet365,dnb,Bangladesh Police FC,1.833,2026-10-06T07:34:53.445749+00:00,,,,"{""configured_bookmakers"": ""Bet365,Unibet"", ""entitlement_fallback_used"": false, ""fetched_at_utc"": ""2026-10-06T07:34:53.445749+00:00"", ""market_integrity"": ""safe_match_market"", ""odds_api_io"": true, ""odds_api_io_account"": ""account1"", ""raw_market_name"": ""draw no bet"", ""requested_bookmakers"": ""Bet365,Unibet""}",1
soccer|bangladesh police|city|2026-10-06,dnb|city club||,odds_api_io,Bet365,dnb,City Club,1.833,2026-10-06T07:34:53.445749+00:00,,,,"{""configured_bookmakers"": ""Bet365,Unibet"", ""entitlement_fallback_used"": false, ""fetched_at_utc"": ""2026-10-06T07:34:53.445749+00:00"", ""market_integrity"": ""safe_match_market"", ""odds_api_io"": true, ""odds_api_io_account"": ""account1"", ""raw_market_name"": ""draw no bet"", ""requested_bookmakers"": ""Bet365,Unibet""}",1
soccer|bangladesh police|city|2026-10-06,spreads|bangladesh police fc||home,odds_api_io,Bet365,spreads,Bangladesh Police FC,2.025,2026-10-06T07:34:53.445749+00:00,,home,,"{""configured_bookmakers"": ""Bet365,Unibet"", ""entitlement_fallback_used"": false, ""fetched_at_utc"": ""2026-10-06T07:34:53.445749+00:00"", ""market_integrity"": ""safe_match_market"", ""odds_api_io"": true, ""odds_api_io_account"": ""account1"", ""raw_market_name"": ""spread"", ""requested_bookmakers"": ""Bet365,Unibet""}",1
soccer|bangladesh police|city|2026-10-06,spreads|city club||away,odds_api_io,Bet365,spreads,City Club,1.775,2026-10-06T07:34:53.445749+00:00,,away,,"{""configured_bookmakers"": ""Bet365,Unibet"", ""entitlement_fallback_used"": false, ""fetched_at_utc"": ""2026-10-06T07:34:53.445749+00:00"", ""market_integrity"": ""safe_match_market"", ""odds_api_io"": true, ""odds_api_io_account"": ""account1"", ""raw_market_name"": ""spread"", ""requested_bookmakers"": ""Bet365,Unibet""}",1
soccer|bangladesh police|city|2026-10-06,totals|over|2.75|,odds_api_io,Bet365,totals,Over,1.825,2026-10-06T07:34:53.445749+00:00,2.75,,,"{""configured_bookmakers"": ""Bet365,Unibet"", ""entitlement_fallback_used"": false, ""fetched_at_utc"": ""2026-10-06T07:34:53.445749+00:00"", ""market_integrity"": ""safe_match_market"", ""odds_api_io"": true, ""odds_api_io_account"": ""account1"", ""raw_market_name"": ""totals"", ""requested_bookmakers"": ""Bet365,Unibet""}",1
soccer|bangladesh police|city|2026-10-06,totals|under|2.75|,odds_api_io,Bet365,totals,Under,1.975,2026-10-06T07:34:53.445749+00:00,2.75,,,"{""configured_bookmakers"": ""Bet365,Unibet"", ""entitlement_fallback_used"": false, ""fetched_at_utc"": ""2026-10-06T07:34:53.445749+00:00"", ""market_integrity"": ""safe_match_market"", ""odds_api_io"": true, ""odds_api_io_account"": ""account1"", ""raw_market_name"": ""totals"", ""requested_bookmakers"": ""Bet365,Unibet""}",1
soccer|bangladesh police|city|2026-10-06,totals|over|2.50|,odds_api_io,Bet365,totals,Over,1.666,2026-10-06T07:34:53.445749+00:00,2.5,,,"{""configured_bookmakers"": ""Bet365,Unibet"", ""entitlement_fallback_used"": false, ""fetched_at_utc"": ""2026-10-06T07:34:53.445749+00:00"", ""market_integrity"": ""safe_match_market"", ""odds_api_io"": true, ""odds_api_io_account"": ""account1"", ""raw_market_name"": ""goals over/under"", ""requested_bookmakers"": ""Bet365,Unibet""}",1
soccer|bangladesh police|city|2026-10-06,totals|under|2.50|,odds_api_io,Bet365,totals,Under,2.15,2026-10-06T07:34:53.445749+00:00,2.5,,,"{""configured_bookmakers"": ""Bet365,Unibet"", ""entitlement_fallback_used"": false, ""fetched_at_utc"": ""2026-10-06T07:34:53.445749+00:00"", ""market_integrity"": ""safe_match_market"", ""odds_api_io"": true, ""odds_api_io_account"": ""account1"", ""raw_market_name"": ""goals over/under"", ""requested_bookmakers"": ""Bet365,Unibet""}",1
soccer|cyprus|montenegro|2026-10-06,h2h|montenegro u19||,odds_api_io,Bet365,h2h,Montenegro U19,1.333,2026-10-06T07:34:53.445749+00:00,,,,"{""configured_bookmakers"": ""Bet365,Unibet"", ""entitlement_fallback_used"": false, ""fetched_at_utc"": ""2026-10-06T07:34:53.445749+00:00"", ""market_integrity"": ""safe_match_market"", ""odds_api_io"": true, ""odds_api_io_account"": ""account1"", ""raw_market_name"": ""ml"", ""requested_bookmakers"": ""Bet365,Unibet""}",1
soccer|cyprus|montenegro|2026-10-06,h2h|draw||,odds_api_io,Bet365,h2h,Draw,5.0,2026-10-06T07:34:53.445749+00:00,,,,"{""configured_bookmakers"": ""Bet365,Unibet"", ""entitlement_fallback_used"": false, ""fetched_at_utc"": ""2026-10-06T07:34:53.445749+00:00"", ""market_integrity"": ""safe_match_market"", ""odds_api_io"": true, ""odds_api_io_account"": ""account1"", ""raw_market_name"": ""ml"", ""requested_bookmakers"": ""Bet365,Unibet""}",1
soccer|cyprus|montenegro|2026-10-06,h2h|cyprus u19||,odds_api_io,Bet365,h2h,Cyprus U19,6.0,2026-10-06T07:34:53.445749+00:00,,,,"{""configured_bookmakers"": ""Bet365,Unibet"", ""entitlement_fallback_used"": false, ""fetched_at_utc"": ""2026-10-06T07:34:53.445749+00:00"", ""market_integrity"": ""safe_match_market"", ""odds_api_io"": true, ""odds_api_io_account"": ""account1"", ""raw_market_name"": ""ml"", ""requested_bookmakers"": ""Bet365,Unibet""}",1
soccer|cyprus|montenegro|2026-10-06,dnb|montenegro u19||,odds_api_io,Bet365,dnb,Montenegro U19,1.142,2026-10-06T07:34:53.445749+00:00,,,,"{""configured_bookmakers"": ""Bet365,Unibet"", ""entitlement_fallback_used"": false, ""fetched_at_utc"": ""2026-10-06T07:34:53.445749+00:00"", ""market_integrity"": ""safe_match_market"", ""odds_api_io"": true, ""odds_api_io_account"": ""account1"", ""raw_market_name"": ""draw no bet"", ""requested_bookmakers"": ""Bet365,Unibet""}",1
soccer|cyprus|montenegro|2026-10-06,dnb|cyprus u19||,odds_api_io,Bet365,dnb,Cyprus U19,5.0,2026-10-06T07:34:53.445749+00:00,,,,"{""configured_bookmakers"": ""Bet365,Unibet"", ""entitlement_fallback_used"": false, ""fetched_at_utc"": ""2026-10-06T07:34:53.445749+00:00"", ""market_integrity"": ""safe_match_market"", ""odds_api_io"": true, ""odds_api_io_account"": ""account1"", ""raw_market_name"": ""draw no bet"", ""requested_bookmakers"": ""Bet365,Unibet""}",1
soccer|cyprus|montenegro|2026-10-06,spreads|montenegro u19|-1.50|home,odds_api_io,Bet365,spreads,Montenegro U19,1.825,2026-10-06T07:34:53.445749+00:00,-1.5,home,,"{""configured_bookmakers"": ""Bet365,Unibet"", ""entitlement_fallback_used"": false, ""fetched_at_utc"": ""2026-10-06T07:34:53.445749+00:00"", ""market_integrity"": ""safe_match_market"", ""odds_api_io"": true, ""odds_api_io_account"": ""account1"", ""raw_market_name"": ""spread"", ""requested_bookmakers"": ""Bet365,Unibet""}",1
soccer|cyprus|montenegro|2026-10-06,spreads|cyprus u19|1.50|away,odds_api_io,Bet365,spreads,Cyprus U19,1.975,2026-10-06T07:34:53.445749+00:00,1.5,away,,"{""configured_bookmakers"": ""Bet365,Unibet"", ""entitlement_fallback_used"": false, ""fetched_at_utc"": ""2026-10-06T07:34:53.445749+00:00"", ""market_integrity"": ""safe_match_market"", ""odds_api_io"": true, ""odds_api_io_account"": ""account1"", ""raw_market_name"": ""spread"", ""requested_bookmakers"": ""Bet365,Unibet""}",1
soccer|cyprus|montenegro|2026-10-06,totals|over|3.50|,odds_api_io,Bet365,totals,Over,2.0,2026-10-06T07:34:53.445749+00:00,3.5,,,"{""configured_bookmakers"": ""Bet365,Unibet"", ""entitlement_fallback_used"": false, ""fetched_at_utc"": ""2026-10-06T07:34:53.445749+00:00"", ""market_integrity"": ""safe_match_market"", ""odds_api_io"": true, ""odds_api_io_account"": ""account1"", ""raw_market_name"": ""totals"", ""requested_bookmakers"": ""Bet365,Unibet""}",1
soccer|cyprus|montenegro|2026-10-06,totals|under|3.50|,odds_api_io,Bet365,totals,Under,1.8,2026-10-06T07:34:53.445749+00:00,3.5,,,"{""configured_bookmakers"": ""Bet365,Unibet"", ""entitlement_fallback_used"": false, ""fetched_at_utc"": ""2026-10-06T07:34:53.445749+00:00"", ""market_integrity"": ""safe_match_market"", ""odds_api_io"": true, ""odds_api_io_account"": ""account1"", ""raw_market_name"": ""totals"", ""requested_bookmakers"": ""Bet365,Unibet""}",1
soccer|cyprus|montenegro|2026-10-06,totals|over|2.50|,odds_api_io,Bet365,totals,Over,1.4,2026-10-06T07:34:53.445749+00:00,2.5,,,"{""configured_bookmakers"": ""Bet365,Unibet"", ""entitlement_fallback_used"": false, ""fetched_at_utc"": ""2026-10-06T07:34:53.445749+00:00"", ""market_integrity"": ""safe_match_market"", ""odds_api_io"": true, ""odds_api_io_account"": ""account1"", ""raw_market_name"": ""goals over/under"", ""requested_bookmakers"": ""Bet365,Unibet""}",1
soccer|cyprus|montenegro|2026-10-06,totals|under|2.50|,odds_api_io,Bet365,totals,Under,2.75,2026-10-06T07:34:53.445749+00:00,2.5,,,"{""configured_bookmakers"": ""Bet365,Unibet"", ""entitlement_fallback_used"": false, ""fetched_at_utc"": ""2026-10-06T07:34:53.445749+00:00"", ""market_integrity"": ""safe_match_market"", ""odds_api_io"": true, ""odds_api_io_account"": ""account1"", ""raw_market_name"": ""goals over/under"", ""requested_bookmakers"": ""Bet365,Unibet""}",1
soccer|denmark|netherlands|2026-10-06,h2h|denmark u19||,odds_api_io,Bet365,h2h,Denmark U19,2.25,2026-10-06T07:34:53.445749+00:00,,,,"{""configured_bookmakers"": ""Bet365,Unibet"", ""entitlement_fallback_used"": false, ""fetched_at_utc"": ""2026-10-06T07:34:53.445749+00:00"", ""market_integrity"": ""safe_match_market"", ""odds_api_io"": true, ""odds_api_io_account"": ""account1"", ""raw_market_name"": ""ml"", ""requested_bookmakers"": ""Bet365,Unibet""}",1
soccer|denmark|netherlands|2026-10-06,h2h|draw||,odds_api_io,Bet365,h2h,Draw,3.6,2026-10-06T07:34:53.445749+00:00,,,,"{""configured_bookmakers"": ""Bet365,Unibet"", ""entitlement_fallback_used"": false, ""fetched_at_utc"": ""2026-10-06T07:34:53.445749+00:00"", ""market_integrity"": ""safe_match_market"", ""odds_api_io"": true, ""odds_api_io_account"": ""account1"", ""raw_market_name"": ""ml"", ""requested_bookmakers"": ""Bet365,Unibet""}",1
soccer|denmark|netherlands|2026-10-06,h2h|netherlands u19||,odds_api_io,Bet365,h2h,Netherlands U19,2.875,2026-10-06T07:34:53.445749+00:00,,,,"{""configured_bookmakers"": ""Bet365,Unibet"", ""entitlement_fallback_used"": false, ""fetched_at_utc"": ""2026-10-06T07:34:53.445749+00:00"", ""market_integrity"": ""safe_match_market"", ""odds_api_io"": true, ""odds_api_io_account"": ""account1"", ""raw_market_name"": ""ml"", ""requested_bookmakers"": ""Bet365,Unibet""}",1
soccer|denmark|netherlands|2026-10-06,dnb|denmark u19||,odds_api_io,Bet365,dnb,Denmark U19,1.666,2026-10-06T07:34:53.445749+00:00,,,,"{""configured_bookmakers"": ""Bet365,Unibet"", ""entitlement_fallback_used"": false, ""fetched_at_utc"": ""2026-10-06T07:34:53.445749+00:00"", ""market_integrity"": ""safe_match_market"", ""odds_api_io"": true, ""odds_api_io_account"": ""account1"", ""raw_market_name"": ""draw no bet"", ""requested_bookmakers"": ""Bet365,Unibet""}",1
soccer|denmark|netherlands|2026-10-06,dnb|netherlands u19||,odds_api_io,Bet365,dnb,Netherlands U19,2.1,2026-10-06T07:34:53.445749+00:00,,,,"{""configured_bookmakers"": ""Bet365,Unibet"", ""entitlement_fallback_used"": false, ""fetched_at_utc"": ""2026-10-06T07:34:53.445749+00:00"", ""market_integrity"": ""safe_match_market"", ""odds_api_io"": true, ""odds_api_io_account"": ""account1"", ""raw_market_name"": ""draw no bet"", ""requested_bookmakers"": ""Bet365,Unibet""}",1
soccer|denmark|netherlands|2026-10-06,spreads|denmark u19|-1.75|home,odds_api_io,Bet365,spreads,Denmark U19,5.5,2026-10-06T07:34:53.445749+00:00,-1.75,home,,"{""configured_bookmakers"": ""Bet365,Unibet"", ""entitlement_fallback_used"": false, ""fetched_at_utc"": ""2026-10-06T07:34:53.445749+00:00"", ""market_integrity"": ""safe_match_market"", ""odds_api_io"": true, ""odds_api_io_account"": ""account1"", ""raw_market_name"": ""spread"", ""requested_bookmakers"": ""Bet365,Unibet""}",1
soccer|denmark|netherlands|2026-10-06,spreads|netherlands u19|1.75|away,odds_api_io,Bet365,spreads,Netherlands U19,1.15,2026-10-06T07:34:53.445749+00:00,1.75,away,,"{""configured_bookmakers"": ""Bet365,Unibet"", ""entitlement_fallback_used"": false, ""fetched_at_utc"": ""2026-10-06T07:34:53.445749+00:00"", ""market_integrity"": ""safe_match_market"", ""odds_api_io"": true, ""odds_api_io_account"": ""account1"", ""raw_market_name"": ""spread"", ""requested_bookmakers"": ""Bet365,Unibet""}",1
soccer|denmark|netherlands|2026-10-06,spreads|denmark u19|-1.50|home,odds_api_io,Bet365,spreads,Denmark U19,4.15,2026-10-06T07:34:53.445749+00:00,-1.5,home,,"{""configured_bookmakers"": ""Bet365,Unibet"", ""entitlement_fallback_used"": false, ""fetched_at_utc"": ""2026-10-06T07:34:53.445749+00:00"", ""market_integrity"": ""safe_match_market"", ""odds_api_io"": true, ""odds_api_io_account"": ""account1"", ""raw_market_name"": ""spread"", ""requested_bookmakers"": ""Bet365,Unibet""}",1
soccer|denmark|netherlands|2026-10-06,spreads|netherlands u19|1.50|away,odds_api_io,Bet365,spreads,Netherlands U19,1.22,2026-10-06T07:34:53.445749+00:00,1.5,away,,"{""configured_bookmakers"": ""Bet365,Unibet"", ""entitlement_fallback_used"": false, ""fetched_at_utc"": ""2026-10-06T07:34:53.445749+00:00"", ""market_integrity"": ""safe_match_market"", ""odds_api_io"": true, ""odds_api_io_account"": ""account1"", ""raw_market_name"": ""spread"", ""requested_bookmakers"": ""Bet365,Unibet""}",1
soccer|denmark|netherlands|2026-10-06,spreads|denmark u19|-1.25|home,odds_api_io,Bet365,spreads,Denmark U19,3.8,2026-10-06T07:34:53.445749+00:00,-1.25,home,,"{""configured_bookmakers"": ""Bet365,Unibet"", ""entitlement_fallback_used"": false, ""fetched_at_utc"": ""2026-10-06T07:34:53.445749+00:00"", ""market_integrity"": ""safe_match_market"", ""odds_api_io"": true, ""odds_api_io_account"": ""account1"", ""raw_market_name"": ""spread"", ""requested_bookmakers"": ""Bet365,Unibet""}",1
soccer|denmark|netherlands|2026-10-06,spreads|netherlands u19|1.25|away,odds_api_io,Bet365,spreads,Netherlands U19,1.25,2026-10-06T07:34:53.445749+00:00,1.25,away,,"{""configured_bookmakers"": ""Bet365,Unibet"", ""entitlement_fallback_used"": false, ""fetched_at_utc"": ""2026-10-06T07:34:53.445749+00:00"", ""market_integrity"": ""safe_match_market"", ""odds_api_io"": true, ""odds_api_io_account"": ""account1"", ""raw_market_name"": ""spread"", ""requested_bookmakers"": ""Bet365,Unibet""}",1
soccer|denmark|netherlands|2026-10-06,spreads|denmark u19|-1.00|home,odds_api_io,Bet365,spreads,Denmark U19,3.45,2026-10-06T07:34:53.445749+00:00,-1.0,home,,"{""configured_bookmakers"": ""Bet365,Unibet"", ""entitlement_fallback_used"": false, ""fetched_at_utc"": ""2026-10-06T07:34:53.445749+00:00"", ""market_integrity"": ""safe_match_market"", ""odds_api_io"": true, ""odds_api_io_account"": ""account1"", ""raw_market_name"": ""spread"", ""requested_bookmakers"": ""Bet365,Unibet""}",1
soccer|denmark|netherlands|2026-10-06,spreads|netherlands u19|1.00|away,odds_api_io,Bet365,spreads,Netherlands U19,1.3,2026-10-06T07:34:53.445749+00:00,1.0,away,,"{""configured_bookmakers"": ""Bet365,Unibet"", ""entitlement_fallback_used"": false, ""fetched_at_utc"": ""2026-10-06T07:34:53.445749+00:00"", ""market_integrity"": ""safe_match_market"", ""odds_api_io"": true, ""odds_api_io_account"": ""account1"", ""raw_market_name"": ""spread"", ""requested_bookmakers"": ""Bet365,Unibet""}",1
soccer|denmark|netherlands|2026-10-06,spreads|denmark u19|-0.75|home,odds_api_io,Bet365,spreads,Denmark U19,2.675,2026-10-06T07:34:53.445749+00:00,-0.75,home,,"{""configured_bookmakers"": ""Bet365,Unibet"", ""entitlement_fallback_used"": false, ""fetched_at_utc"": ""2026-10-06T07:34:53.445749+00:00"", ""market_integrity"": ""safe_match_market"", ""odds_api_io"": true, ""odds_api_io_account"": ""account1"", ""raw_market_name"": ""spread"", ""requested_bookmakers"": ""Bet365,Unibet""}",1
soccer|denmark|netherlands|2026-10-06,spreads|netherlands u19|0.75|away,odds_api_io,Bet365,spreads,Netherlands U19,1.45,2026-10-06T07:34:53.445749+00:00,0.75,away,,"{""configured_bookmakers"": ""Bet365,Unibet"", ""entitlement_fallback_used"": false, ""fetched_at_utc"": ""2026-10-06T07:34:53.445749+00:00"", ""market_integrity"": ""safe_match_market"", ""odds_api_io"": true, ""odds_api_io_account"": ""account1"", ""raw_market_name"": ""spread"", ""requested_bookmakers"": ""Bet365,Unibet""}",1
soccer|denmark|netherlands|2026-10-06,spreads|denmark u19|-0.50|home,odds_api_io,Bet365,spreads,Denmark U19,2.3,2026-10-06T07:34:53.445749+00:00,-0.5,home,,"{""configured_bookmakers"": ""Bet365,Unibet"", ""entitlement_fallback_used"": false, ""fetched_at_utc"": ""2026-10-06T07:34:53.445749+00:00"", ""market_integrity"": ""safe_match_market"", ""odds_api_io"": true, ""odds_api_io_account"": ""account1"", ""raw_market_name"": ""spread"", ""requested_bookmakers"": ""Bet365,Unibet""}",1
soccer|denmark|netherlands|2026-10-06,spreads|netherlands u19|0.50|away,odds_api_io,Bet365,spreads,Netherlands U19,1.6,2026-10-06T07:34:53.445749+00:00,0.5,away,,"{""configured_bookmakers"": ""Bet365,Unibet"", ""entitlement_fallback_used"": false, ""fetched_at_utc"": ""2026-10-06T07:34:53.445749+00:00"", ""market_integrity"": ""safe_match_market"", ""odds_api_io"": true, ""odds_api_io_account"": ""account1"", ""raw_market_name"": ""spread"", ""requested_bookmakers"": ""Bet365,Unibet""}",1
soccer|denmark|netherlands|2026-10-06,spreads|denmark u19|-0.25|home,odds_api_io,Bet365,spreads,Denmark U19,2.025,2026-10-06T07:34:53.445749+00:00,-0.25,home,,"{""configured_bookmakers"": ""Bet365,Unibet"", ""entitlement_fallback_used"": false, ""fetched_at_utc"": ""2026-10-06T07:34:53.445749+00:00"", ""market_integrity"": ""safe_match_market"", ""odds_api_io"": true, ""odds_api_io_account"": ""account1"", ""raw_market_name"": ""spread"", ""requested_bookmakers"": ""Bet365,Unibet""}",1
soccer|denmark|netherlands|2026-10-06,spreads|netherlands u19|0.25|away,odds_api_io,Bet365,spreads,Netherlands U19,1.775,2026-10-06T07:34:53.445749+00:00,0.25,away,,"{""configured_bookmakers"": ""Bet365,Unibet"", ""entitlement_fallback_used"": false, ""fetched_at_utc"": ""2026-10-06T07:34:53.445749+00:00"", ""market_integrity"": ""safe_match_market"", ""odds_api_io"": true, ""odds_api_io_account"": ""account1"", ""raw_market_name"": ""spread"", ""requested_bookmakers"": ""Bet365,Unibet""}",1
soccer|denmark|netherlands|2026-10-06,spreads|denmark u19||home,odds_api_io,Bet365,spreads,Denmark U19,1.725,2026-10-06T07:34:53.445749+00:00,,home,,"{""configured_bookmakers"": ""Bet365,Unibet"", ""entitlement_fallback_used"": false, ""fetched_at_utc"": ""2026-10-06T07:34:53.445749+00:00"", ""market_integrity"": ""safe_match_market"", ""odds_api_io"": true, ""odds_api_io_account"": ""account1"", ""raw_market_name"": ""spread"", ""requested_bookmakers"": ""Bet365,Unibet""}",1
soccer|denmark|netherlands|2026-10-06,spreads|netherlands u19||away,odds_api_io,Bet365,spreads,Netherlands U19,2.075,2026-10-06T07:34:53.445749+00:00,,away,,"{""configured_bookmakers"": ""Bet365,Unibet"", ""entitlement_fallback_used"": false, ""fetched_at_utc"": ""2026-10-06T07:34:53.445749+00:00"", ""market_integrity"": ""safe_match_market"", ""odds_api_io"": true, ""odds_api_io_account"": ""account1"", ""raw_market_name"": ""spread"", ""requested_bookmakers"": ""Bet365,Unibet""}",1
soccer|denmark|netherlands|2026-10-06,spreads|denmark u19|0.25|home,odds_api_io,Bet365,spreads,Denmark U19,1.55,2026-10-06T07:34:53.445749+00:00,0.25,home,,"{""configured_bookmakers"": ""Bet365,Unibet"", ""entitlement_fallback_used"": false, ""fetched_at_utc"": ""2026-10-06T07:34:53.445749+00:00"", ""market_integrity"": ""safe_match_market"", ""odds_api_io"": true, ""odds_api_io_account"": ""account1"", ""raw_market_name"": ""spread"", ""requested_bookmakers"": ""Bet365,Unibet""}",1
soccer|denmark|netherlands|2026-10-06,spreads|netherlands u19|-0.25|away,odds_api_io,Bet365,spreads,Netherlands U19,2.375,2026-10-06T07:34:53.445749+00:00,-0.25,away,,"{""configured_bookmakers"": ""Bet365,Unibet"", ""entitlement_fallback_used"": false, ""fetched_at_utc"": ""2026-10-06T07:34:53.445749+00:00"", ""market_integrity"": ""safe_match_market"", ""odds_api_io"": true, ""odds_api_io_account"": ""account1"", ""raw_market_name"": ""spread"", ""requested_bookmakers"": ""Bet365,Unibet""}",1
soccer|denmark|netherlands|2026-10-06,spreads|denmark u19|0.50|home,odds_api_io,Bet365,spreads,Denmark U19,1.425,2026-10-06T07:34:53.445749+00:00,0.5,home,,"{""configured_bookmakers"": ""Bet365,Unibet"", ""entitlement_fallback_used"": false, ""fetched_at_utc"": ""2026-10-06T07:34:53.445749+00:00"", ""market_integrity"": ""safe_match_market"", ""odds_api_io"": true, ""odds_api_io_account"": ""account1"", ""raw_market_name"": ""spread"", ""requested_bookmakers"": ""Bet365,Unibet""}",1
soccer|denmark|netherlands|2026-10-06,spreads|netherlands u19|-0.50|away,odds_api_io,Bet365,spreads,Netherlands U19,2.75,2026-10-06T07:34:53.445749+00:00,-0.5,away,,"{""configured_bookmakers"": ""Bet365,Unibet"", ""entitlement_fallback_used"": false, ""fetched_at_utc"": ""2026-10-06T07:34:53.445749+00:00"", ""market_integrity"": ""safe_match_market"", ""odds_api_io"": true, ""odds_api_io_account"": ""account1"", ""raw_market_name"": ""spread"", ""requested_bookmakers"": ""Bet365,Unibet""}",1
soccer|denmark|netherlands|2026-10-06,spreads|denmark u19|0.75|home,odds_api_io,Bet365,spreads,Denmark U19,1.325,2026-10-06T07:34:53.445749+00:00,0.75,home,,"{""configured_bookmakers"": ""Bet365,Unibet"", ""entitlement_fallback_used"": false, ""fetched_at_utc"": ""2026-10-06T07:34:53.445749+00:00"", ""market_integrity"": ""safe_match_market"", ""odds_api_io"": true, ""odds_api_io_account"": ""account1"", ""raw_market_name"": ""spread"", ""requested_bookmakers"": ""Bet365,Unibet""}",1
soccer|denmark|netherlands|2026-10-06,spreads|netherlands u19|-0.75|away,odds_api_io,Bet365,spreads,Netherlands U19,3.3,2026-10-06T07:34:53.445749+00:00,-0.75,away,,"{""configured_bookmakers"": ""Bet365,Unibet"", ""entitlement_fallback_used"": false, ""fetched_at_utc"": ""2026-10-06T07:34:53.445749+00:00"", ""market_integrity"": ""safe_match_market"", ""odds_api_io"": true, ""odds_api_io_account"": ""account1"", ""raw_market_name"": ""spread"", ""requested_bookmakers"": ""Bet365,Unibet""}",1
soccer|denmark|netherlands|2026-10-06,spreads|denmark u19|1.00|home,odds_api_io,Bet365,spreads,Denmark U19,1.2,2026-10-06T07:34:53.445749+00:00,1.0,home,,"{""configured_bookmakers"": ""Bet365,Unibet"", ""entitlement_fallback_used"": false, ""fetched_at_utc"": ""2026-10-06T07:34:53.445749+00:00"", ""market_integrity"": ""safe_match_market"", ""odds_api_io"": true, ""odds_api_io_account"": ""account1"", ""raw_market_name"": ""spread"", ""requested_bookmakers"": ""Bet365,Unibet""}",1
soccer|denmark|netherlands|2026-10-06,spreads|netherlands u19|-1.00|away,odds_api_io,Bet365,spreads,Netherlands U19,4.4,2026-10-06T07:34:53.445749+00:00,-1.0,away,,"{""configured_bookmakers"": ""Bet365,Unibet"", ""entitlement_fallback_used"": false, ""fetched_at_utc"": ""2026-10-06T07:34:53.445749+00:00"", ""market_integrity"": ""safe_match_market"", ""odds_api_io"": true, ""odds_api_io_account"": ""account1"", ""raw_market_name"": ""spread"", ""requested_bookmakers"": ""Bet365,Unibet""}",1
soccer|denmark|netherlands|2026-10-06,spreads|denmark u19|1.25|home,odds_api_io,Bet365,spreads,Denmark U19,1.175,2026-10-06T07:34:53.445749+00:00,1.25,home,,"{""configured_bookmakers"": ""Bet365,Unibet"", ""entitlement_fallback_used"": false, ""fetched_at_utc"": ""2026-10-06T07:34:53.445749+00:00"", ""market_integrity"": ""safe_match_market"", ""odds_api_io"": true, ""odds_api_io_account"": ""account1"", ""raw_market_name"": ""spread"", ""requested_bookmakers"": ""Bet365,Unibet""}",1
soccer|denmark|netherlands|2026-10-06,spreads|netherlands u19|-1.25|away,odds_api_io,Bet365,spreads,Netherlands U19,4.8,2026-10-06T07:34:53.445749+00:00,-1.25,away,,"{""configured_bookmakers"": ""Bet365,Unibet"", ""entitlement_fallback_used"": false, ""fetched_at_utc"": ""2026-10-06T07:34:53.445749+00:00"", ""market_integrity"": ""safe_match_market"", ""odds_api_io"": true, ""odds_api_io_account"": ""account1"", ""raw_market_name"": ""spread"", ""requested_bookmakers"": ""Bet365,Unibet""}",1
soccer|denmark|netherlands|2026-10-06,spreads|denmark u19|1.50|home,odds_api_io,Bet365,spreads,Denmark U19,1.15,2026-10-06T07:34:53.445749+00:00,1.5,home,,"{""configured_bookmakers"": ""Bet365,Unibet"", ""entitlement_fallback_used"": false, ""fetched_at_utc"": ""2026-10-06T07:34:53.445749+00:00"", ""market_integrity"": ""safe_match_market"", ""odds_api_io"": true, ""odds_api_io_account"": ""account1"", ""raw_market_name"": ""spread"", ""requested_bookmakers"": ""Bet365,Unibet""}",1
soccer|denmark|netherlands|2026-10-06,spreads|netherlands u19|-1.50|away,odds_api_io,Bet365,spreads,Netherlands U19,5.5,2026-10-06T07:34:53.445749+00:00,-1.5,away,,"{""configured_bookmakers"": ""Bet365,Unibet"", ""entitlement_fallback_used"": false, ""fetched_at_utc"": ""2026-10-06T07:34:53.445749+00:00"", ""market_integrity"": ""safe_match_market"", ""odds_api_io"": true, ""odds_api_io_account"": ""account1"", ""raw_market_name"": ""spread"", ""requested_bookmakers"": ""Bet365,Unibet""}",1
soccer|denmark|netherlands|2026-10-06,spreads|denmark u19|1.75|home,odds_api_io,Bet365,spreads,Denmark U19,1.1,2026-10-06T07:34:53.445749+00:00,1.75,home,,"{""configured_bookmakers"": ""Bet365,Unibet"", ""entitlement_fallback_used"": false, ""fetched_at_utc"": ""2026-10-06T07:34:53.445749+00:00"", ""market_integrity"": ""safe_match_market"", ""odds_api_io"": true, ""odds_api_io_account"": ""account1"", ""raw_market_name"": ""spread"", ""requested_bookmakers"": ""Bet365,Unibet""}",1
soccer|denmark|netherlands|2026-10-06,spreads|netherlands u19|-1.75|away,odds_api_io,Bet365,spreads,Netherlands U19,7.0,2026-10-06T07:34:53.445749+00:00,-1.75,away,,"{""configured_bookmakers"": ""Bet365,Unibet"", ""entitlement_fallback_used"": false, ""fetched_at_utc"": ""2026-10-06T07:34:53.445749+00:00"", ""market_integrity"": ""safe_match_market"", ""odds_api_io"": true, ""odds_api_io_account"": ""account1"", ""raw_market_name"": ""spread"", ""requested_bookmakers"": ""Bet365,Unibet""}",1
soccer|denmark|netherlands|2026-10-06,totals|over|0.50|,odds_api_io,Bet365,totals,Over,1.03,2026-10-06T07:34:53.445749+00:00,0.5,,,"{""configured_bookmakers"": ""Bet365,Unibet"", ""entitlement_fallback_used"": false, ""fetched_at_utc"": ""2026-10-06T07:34:53.445749+00:00"", ""market_integrity"": ""safe_match_market"", ""odds_api_io"": true, ""odds_api_io_account"": ""account1"", ""raw_market_name"": ""totals"", ""requested_bookmakers"": ""Bet365,Unibet""}",1
soccer|denmark|netherlands|2026-10-06,totals|under|0.50|,odds_api_io,Bet365,totals,Under,10.0,2026-10-06T07:34:53.445749+00:00,0.5,,,"{""configured_bookmakers"": ""Bet365,Unibet"", ""entitlement_fallback_used"": false, ""fetched_at_utc"": ""2026-10-06T07:34:53.445749+00:00"", ""market_integrity"": ""safe_match_market"", ""odds_api_io"": true, ""odds_api_io_account"": ""account1"", ""raw_market_name"": ""totals"", ""requested_bookmakers"": ""Bet365,Unibet""}",1
soccer|denmark|netherlands|2026-10-06,totals|over|1.25|,odds_api_io,Bet365,totals,Over,1.11,2026-10-06T07:34:53.445749+00:00,1.25,,,"{""configured_bookmakers"": ""Bet365,Unibet"", ""entitlement_fallback_used"": false, ""fetched_at_utc"": ""2026-10-06T07:34:53.445749+00:00"", ""market_integrity"": ""safe_match_market"", ""odds_api_io"": true, ""odds_api_io_account"": ""account1"", ""raw_market_name"": ""totals"", ""requested_bookmakers"": ""Bet365,Unibet""}",1
soccer|denmark|netherlands|2026-10-06,totals|under|1.25|,odds_api_io,Bet365,totals,Under,6.6,2026-10-06T07:34:53.445749+00:00,1.25,,,"{""configured_bookmakers"": ""Bet365,Unibet"", ""entitlement_fallback_used"": false, ""fetched_at_utc"": ""2026-10-06T07:34:53.445749+00:00"", ""market_integrity"": ""safe_match_market"", ""odds_api_io"": true, ""odds_api_io_account"": ""account1"", ""raw_market_name"": ""totals"", ""requested_bookmakers"": ""Bet365,Unibet""}",1
soccer|denmark|netherlands|2026-10-06,totals|over|1.50|,odds_api_io,Bet365,totals,Over,1.166,2026-10-06T07:34:53.445749+00:00,1.5,,,"{""configured_bookmakers"": ""Bet365,Unibet"", ""entitlement_fallback_used"": false, ""fetched_at_utc"": ""2026-10-06T07:34:53.445749+00:00"", ""market_integrity"": ""safe_match_market"", ""odds_api_io"": true, ""odds_api_io_account"": ""account1"", ""raw_market_name"": ""totals"", ""requested_bookmakers"": ""Bet365,Unibet""}",1
soccer|denmark|netherlands|2026-10-06,totals|under|1.50|,odds_api_io,Bet365,totals,Under,4.5,2026-10-06T07:34:53.445749+00:00,1.5,,,"{""configured_bookmakers"": ""Bet365,Unibet"", ""entitlement_fallback_used"": false, ""fetched_at_utc"": ""2026-10-06T07:34:53.445749+00:00"", ""market_integrity"": ""safe_match_market"", ""odds_api_io"": true, ""odds_api_io_account"": ""account1"", ""raw_market_name"": ""totals"", ""requested_bookmakers"": ""Bet365,Unibet""}",1
soccer|denmark|netherlands|2026-10-06,totals|over|1.75|,odds_api_io,Bet365,totals,Over,1.22,2026-10-06T07:34:53.445749+00:00,1.75,,,"{""configured_bookmakers"": ""Bet365,Unibet"", ""entitlement_fallback_used"": false, ""fetched_at_utc"": ""2026-10-06T07:34:53.445749+00:00"", ""market_integrity"": ""safe_match_market"", ""odds_api_io"": true, ""odds_api_io_account"": ""account1"", ""raw_market_name"": ""totals"", ""requested_bookmakers"": ""Bet365,Unibet""}",1
soccer|denmark|netherlands|2026-10-06,totals|under|1.75|,odds_api_io,Bet365,totals,Under,4.15,2026-10-06T07:34:53.445749+00:00,1.75,,,"{""configured_bookmakers"": ""Bet365,Unibet"", ""entitlement_fallback_used"": false, ""fetched_at_utc"": ""2026-10-06T07:34:53.445749+00:00"", ""market_integrity"": ""safe_match_market"", ""odds_api_io"": true, ""odds_api_io_account"": ""account1"", ""raw_market_name"": ""totals"", ""requested_bookmakers"": ""Bet365,Unibet""}",1
soccer|denmark|netherlands|2026-10-06,totals|over|2.00|,odds_api_io,Bet365,totals,Over,1.26,2026-10-06T07:34:53.445749+00:00,2.0,,,"{""configured_bookmakers"": ""Bet365,Unibet"", ""entitlement_fallback_used"": false, ""fetched_at_utc"": ""2026-10-06T07:34:53.445749+00:00"", ""market_integrity"": ""safe_match_market"", ""odds_api_io"": true, ""odds_api_io_account"": ""account1"", ""raw_market_name"": ""totals"", ""requested_bookmakers"": ""Bet365,Unibet""}",1
soccer|denmark|netherlands|2026-10-06,totals|under|2.00|,odds_api_io,Bet365,totals,Under,3.7,2026-10-06T07:34:53.445749+00:00,2.0,,,"{""configured_bookmakers"": ""Bet365,Unibet"", ""entitlement_fallback_used"": false, ""fetched_at_utc"": ""2026-10-06T07:34:53.445749+00:00"", ""market_integrity"": ""safe_match_market"", ""odds_api_io"": true, ""odds_api_io_account"": ""account1"", ""raw_market_name"": ""totals"", ""requested_bookmakers"": ""Bet365,Unibet""}",1
soccer|denmark|netherlands|2026-10-06,totals|over|2.25|,odds_api_io,Bet365,totals,Over,1.425,2026-10-06T07:34:53.445749+00:00,2.25,,,"{""configured_bookmakers"": ""Bet365,Unibet"", ""entitlement_fallback_used"": false, ""fetched_at_utc"": ""2026-10-06T07:34:53.445749+00:00"", ""market_integrity"": ""safe_match_market"", ""odds_api_io"": true, ""odds_api_io_account"": ""account1"", ""raw_market_name"": ""totals"", ""requested_bookmakers"": ""Bet365,Unibet""}",1
soccer|denmark|netherlands|2026-10-06,totals|under|2.25|,odds_api_io,Bet365,totals,Under,2.75,2026-10-06T07:34:53.445749+00:00,2.25,,,"{""configured_bookmakers"": ""Bet365,Unibet"", ""entitlement_fallback_used"": false, ""fetched_at_utc"": ""2026-10-06T07:34:53.445749+00:00"", ""market_integrity"": ""safe_match_market"", ""odds_api_io"": true, ""odds_api_io_account"": ""account1"", ""raw_market_name"": ""totals"", ""requested_bookmakers"": ""Bet365,Unibet""}",1
soccer|denmark|netherlands|2026-10-06,totals|over|2.50|,odds_api_io,Bet365,totals,Over,1.6,2026-10-06T07:34:53.445749+00:00,2.5,,,"{""configured_bookmakers"": ""Bet365,Unibet"", ""entitlement_fallback_used"": false, ""fetched_at_utc"": ""2026-10-06T07:34:53.445749+00:00"", ""market_integrity"": ""safe_match_market"", ""odds_api_io"": true, ""odds_api_io_account"": ""account1"", ""raw_market_name"": ""totals"", ""requested_bookmakers"": ""Bet365,Unibet""}",1
soccer|denmark|netherlands|2026-10-06,totals|under|2.50|,odds_api_io,Bet365,totals,Under,2.3,2026-10-06T07:34:53.445749+00:00,2.5,,,"{""configured_bookmakers"": ""Bet365,Unibet"", ""entitlement_fallback_used"": false, ""fetched_at_utc"": ""2026-10-06T07:34:53.445749+00:00"", ""market_integrity"": ""safe_match_market"", ""odds_api_io"": true, ""odds_api_io_account"": ""account1"", ""raw_market_name"": ""totals"", ""requested_bookmakers"": ""Bet365,Unibet""}",1
soccer|denmark|netherlands|2026-10-06,totals|over|2.75|,odds_api_io,Bet365,totals,Over,1.75,2026-10-06T07:34:53.445749+00:00,2.75,,,"{""configured_bookmakers"": ""Bet365,Unibet"", ""entitlement_fallback_used"": false, ""fetched_at_utc"": ""2026-10-06T07:34:53.445749+00:00"", ""market_integrity"": ""safe_match_market"", ""odds_api_io"": true, ""odds_api_io_account"": ""account1"", ""raw_market_name"": ""totals"", ""requested_bookmakers"": ""Bet365,Unibet""}",1
soccer|denmark|netherlands|2026-10-06,totals|under|2.75|,odds_api_io,Bet365,totals,Under,2.05,2026-10-06T07:34:53.445749+00:00,2.75,,,"{""configured_bookmakers"": ""Bet365,Unibet"", ""entitlement_fallback_used"": false, ""fetched_at_utc"": ""2026-10-06T07:34:53.445749+00:00"", ""market_integrity"": ""safe_match_market"", ""odds_api_io"": true, ""odds_api_io_account"": ""account1"", ""raw_market_name"": ""totals"", ""requested_bookmakers"": ""Bet365,Unibet""}",1
soccer|denmark|netherlands|2026-10-06,totals|over|3.00|,odds_api_io,Bet365,totals,Over,1.95,2026-10-06T07:34:53.445749+00:00,3.0,,,"{""configured_bookmakers"": ""Bet365,Unibet"", ""entitlement_fallback_used"": false, ""fetched_at_utc"": ""2026-10-06T07:34:53.445749+00:00"", ""market_integrity"": ""safe_match_market"", ""odds_api_io"": true, ""odds_api_io_account"": ""account1"", ""raw_market_name"": ""totals"", ""requested_bookmakers"": ""Bet365,Unibet""}",1
soccer|denmark|netherlands|2026-10-06,totals|under|3.00|,odds_api_io,Bet365,totals,Under,1.85,2026-10-06T07:34:53.445749+00:00,3.0,,,"{""configured_bookmakers"": ""Bet365,Unibet"", ""entitlement_fallback_used"": false, ""fetched_at_utc"": ""2026-10-06T07:34:53.445749+00:00"", ""market_integrity"": ""safe_match_market"", ""odds_api_io"": true, ""odds_api_io_account"": ""account1"", ""raw_market_name"": ""totals"", ""requested_bookmakers"": ""Bet365,Unibet""}",1
soccer|denmark|netherlands|2026-10-06,totals|over|3.25|,odds_api_io,Bet365,totals,Over,2.2,2026-10-06T07:34:53.445749+00:00,3.25,,,"{""configured_bookmakers"": ""Bet365,Unibet"", ""entitlement_fallback_used"": false, ""fetched_at_utc"": ""2026-10-06T07:34:53.445749+00:00"", ""market_integrity"": ""safe_match_market"", ""odds_api_io"": true, ""odds_api_io_account"": ""account1"", ""raw_market_name"": ""totals"", ""requested_bookmakers"": ""Bet365,Unibet""}",1
soccer|denmark|netherlands|2026-10-06,totals|under|3.25|,odds_api_io,Bet365,totals,Under,1.65,2026-10-06T07:34:53.445749+00:00,3.25,,,"{""configured_bookmakers"": ""Bet365,Unibet"", ""entitlement_fallback_used"": false, ""fetched_at_utc"": ""2026-10-06T07:34:53.445749+00:00"", ""market_integrity"": ""safe_match_market"", ""odds_api_io"": true, ""odds_api_io_account"": ""account1"", ""raw_market_name"": ""totals"", ""requested_bookmakers"": ""Bet365,Unibet""}",1
soccer|denmark|netherlands|2026-10-06,totals|over|3.50|,odds_api_io,Bet365,totals,Over,2.375,2026-10-06T07:34:53.445749+00:00,3.5,,,"{""configured_bookmakers"": ""Bet365,Unibet"", ""entitlement_fallback_used"": false, ""fetched_at_utc"": ""2026-10-06T07:34:53.445749+00:00"", ""market_integrity"": ""safe_match_market"", ""odds_api_io"": true, ""odds_api_io_account"": ""account1"", ""raw_market_name"": ""totals"", ""requested_bookmakers"": ""Bet365,Unibet""}",1
soccer|denmark|netherlands|2026-10-06,totals|under|3.50|,odds_api_io,Bet365,totals,Under,1.533,2026-10-06T07:34:53.445749+00:00,3.5,,,"{""configured_bookmakers"": ""Bet365,Unibet"", ""entitlement_fallback_used"": false, ""fetched_at_utc"": ""2026-10-06T07:34:53.445749+00:00"", ""market_integrity"": ""safe_match_market"", ""odds_api_io"": true, ""odds_api_io_account"": ""account1"", ""raw_market_name"": ""totals"", ""requested_bookmakers"": ""Bet365,Unibet""}",1
soccer|denmark|netherlands|2026-10-06,totals|over|3.75|,odds_api_io,Bet365,totals,Over,2.85,2026-10-06T07:34:53.445749+00:00,3.75,,,"{""configured_bookmakers"": ""Bet365,Unibet"", ""entitlement_fallback_used"": false, ""fetched_at_utc"": ""2026-10-06T07:34:53.445749+00:00"", ""market_integrity"": ""safe_match_market"", ""odds_api_io"": true, ""odds_api_io_account"": ""account1"", ""raw_market_name"": ""totals"", ""requested_bookmakers"": ""Bet365,Unibet""}",1
soccer|denmark|netherlands|2026-10-06,totals|under|3.75|,odds_api_io,Bet365,totals,Under,1.4,2026-10-06T07:34:53.445749+00:00,3.75,,,"{""configured_bookmakers"": ""Bet365,Unibet"", ""entitlement_fallback_used"": false, ""fetched_at_utc"": ""2026-10-06T07:34:53.445749+00:00"", ""market_integrity"": ""safe_match_market"", ""odds_api_io"": true, ""odds_api_io_account"": ""account1"", ""raw_market_name"": ""totals"", ""requested_bookmakers"": ""Bet365,Unibet""}",1
soccer|denmark|netherlands|2026-10-06,totals|over|4.00|,odds_api_io,Bet365,totals,Over,3.55,2026-10-06T07:34:53.445749+00:00,4.0,,,"{""configured_bookmakers"": ""Bet365,Unibet"", ""entitlement_fallback_used"": false, ""fetched_at_utc"": ""2026-10-06T07:34:53.445749+00:00"", ""market_integrity"": ""safe_match_market"", ""odds_api_io"": true, ""odds_api_io_account"": ""account1"", ""raw_market_name"": ""totals"", ""requested_bookmakers"": ""Bet365,Unibet""}",1
soccer|denmark|netherlands|2026-10-06,totals|under|4.00|,odds_api_io,Bet365,totals,Under,1.275,2026-10-06T07:34:53.445749+00:00,4.0,,,"{""configured_bookmakers"": ""Bet365,Unibet"", ""entitlement_fallback_used"": false, ""fetched_at_utc"": ""2026-10-06T07:34:53.445749+00:00"", ""market_integrity"": ""safe_match_market"", ""odds_api_io"": true, ""odds_api_io_account"": ""account1"", ""raw_market_name"": ""totals"", ""requested_bookmakers"": ""Bet365,Unibet""}",1
soccer|denmark|netherlands|2026-10-06,totals|over|4.25|,odds_api_io,Bet365,totals,Over,3.9,2026-10-06T07:34:53.445749+00:00,4.25,,,"{""configured_bookmakers"": ""Bet365,Unibet"", ""entitlement_fallback_used"": false, ""fetched_at_utc"": ""2026-10-06T07:34:53.445749+00:00"", ""market_integrity"": ""safe_match_market"", ""odds_api_io"": true, ""odds_api_io_account"": ""account1"", ""raw_market_name"": ""totals"", ""requested_bookmakers"": ""Bet365,Unibet""}",1
soccer|denmark|netherlands|2026-10-06,totals|under|4.25|,odds_api_io,Bet365,totals,Under,1.24,2026-10-06T07:34:53.445749+00:00,4.25,,,"{""configured_bookmakers"": ""Bet365,Unibet"", ""entitlement_fallback_used"": false, ""fetched_at_utc"": ""2026-10-06T07:34:53.445749+00:00"", ""market_integrity"": ""safe_match_market"", ""odds_api_io"": true, ""odds_api_io_account"": ""account1"", ""raw_market_name"": ""totals"", ""requested_bookmakers"": ""Bet365,Unibet""}",1
soccer|denmark|netherlands|2026-10-06,totals|over|4.50|,odds_api_io,Bet365,totals,Over,4.333,2026-10-06T07:34:53.445749+00:00,4.5,,,"{""configured_bookmakers"": ""Bet365,Unibet"", ""entitlement_fallback_used"": false, ""fetched_at_utc"": ""2026-10-06T07:34:53.445749+00:00"", ""market_integrity"": ""safe_match_market"", ""odds_api_io"": true, ""odds_api_io_account"": ""account1"", ""raw_market_name"": ""totals"", ""requested_bookmakers"": ""Bet365,Unibet""}",1
soccer|denmark|netherlands|2026-10-06,totals|under|4.50|,odds_api_io,Bet365,totals,Under,1.2,2026-10-06T07:34:53.445749+00:00,4.5,,,"{""configured_bookmakers"": ""Bet365,Unibet"", ""entitlement_fallback_used"": false, ""fetched_at_utc"": ""2026-10-06T07:34:53.445749+00:00"", ""market_integrity"": ""safe_match_market"", ""odds_api_io"": true, ""odds_api_io_account"": ""account1"", ""raw_market_name"": ""totals"", ""requested_bookmakers"": ""Bet365,Unibet""}",1
soccer|denmark|netherlands|2026-10-06,totals|over|4.75|,odds_api_io,Bet365,totals,Over,5.5,2026-10-06T07:34:53.445749+00:00,4.75,,,"{""configured_bookmakers"": ""Bet365,Unibet"", ""entitlement_fallback_used"": false, ""fetched_at_utc"": ""2026-10-06T07:34:53.445749+00:00"", ""market_integrity"": ""safe_match_market"", ""odds_api_io"": true, ""odds_api_io_account"": ""account1"", ""raw_market_name"": ""totals"", ""requested_bookmakers"": ""Bet365,Unibet""}",1
soccer|denmark|netherlands|2026-10-06,totals|under|4.75|,odds_api_io,Bet365,totals,Under,1.15,2026-10-06T07:34:53.445749+00:00,4.75,,,"{""configured_bookmakers"": ""Bet365,Unibet"", ""entitlement_fallback_used"": false, ""fetched_at_utc"": ""2026-10-06T07:34:53.445749+00:00"", ""market_integrity"": ""safe_match_market"", ""odds_api_io"": true, ""odds_api_io_account"": ""account1"", ""raw_market_name"": ""totals"", ""requested_bookmakers"": ""Bet365,Unibet""}",1
soccer|denmark|netherlands|2026-10-06,totals|over|5.50|,odds_api_io,Bet365,totals,Over,7.0,2026-10-06T07:34:53.445749+00:00,5.5,,,"{""configured_bookmakers"": ""Bet365,Unibet"", ""entitlement_fallback_used"": false, ""fetched_at_utc"": ""2026-10-06T07:34:53.445749+00:00"", ""market_integrity"": ""safe_match_market"", ""odds_api_io"": true, ""odds_api_io_account"": ""account1"", ""raw_market_name"": ""totals"", ""requested_bookmakers"": ""Bet365,Unibet""}",1
soccer|denmark|netherlands|2026-10-06,totals|under|5.50|,odds_api_io,Bet365,totals,Under,1.083,2026-10-06T07:34:53.445749+00:00,5.5,,,"{""configured_bookmakers"": ""Bet365,Unibet"", ""entitlement_fallback_used"": false, ""fetched_at_utc"": ""2026-10-06T07:34:53.445749+00:00"", ""market_integrity"": ""safe_match_market"", ""odds_api_io"": true, ""odds_api_io_account"": ""account1"", ""raw_market_name"": ""totals"", ""requested_bookmakers"": ""Bet365,Unibet""}",1
soccer|denmark|netherlands|2026-10-06,totals|over|6.50|,odds_api_io,Bet365,totals,Over,10.5,2026-10-06T07:34:53.445749+00:00,6.5,,,"{""configured_bookmakers"": ""Bet365,Unibet"", ""entitlement_fallback_used"": false, ""fetched_at_utc"": ""2026-10-06T07:34:53.445749+00:00"", ""market_integrity"": ""safe_match_market"", ""odds_api_io"": true, ""odds_api_io_account"": ""account1"", ""raw_market_name"": ""totals"", ""requested_bookmakers"": ""Bet365,Unibet""}",1
soccer|denmark|netherlands|2026-10-06,totals|under|6.50|,odds_api_io,Bet365,totals,Under,1.025,2026-10-06T07:34:53.445749+00:00,6.5,,,"{""configured_bookmakers"": ""Bet365,Unibet"", ""entitlement_fallback_used"": false, ""fetched_at_utc"": ""2026-10-06T07:34:53.445749+00:00"", ""market_integrity"": ""safe_match_market"", ""odds_api_io"": true, ""odds_api_io_account"": ""account1"", ""raw_market_name"": ""totals"", ""requested_bookmakers"": ""Bet365,Unibet""}",1
soccer|denmark|netherlands|2026-10-06,totals|over|7.50|,odds_api_io,Bet365,totals,Over,17.0,2026-10-06T07:34:53.445749+00:00,7.5,,,"{""configured_bookmakers"": ""Bet365,Unibet"", ""entitlement_fallback_used"": false, ""fetched_at_utc"": ""2026-10-06T07:34:53.445749+00:00"", ""market_integrity"": ""safe_match_market"", ""odds_api_io"": true, ""odds_api_io_account"": ""account1"", ""raw_market_name"": ""totals"", ""requested_bookmakers"": ""Bet365,Unibet""}",1
soccer|denmark|netherlands|2026-10-06,totals|under|7.50|,odds_api_io,Bet365,totals,Under,1.005,2026-10-06T07:34:53.445749+00:00,7.5,,,"{""configured_bookmakers"": ""Bet365,Unibet"", ""entitlement_fallback_used"": false, ""fetched_at_utc"": ""2026-10-06T07:34:53.445749+00:00"", ""market_integrity"": ""safe_match_market"", ""odds_api_io"": true, ""odds_api_io_account"": ""account1"", ""raw_market_name"": ""totals"", ""requested_bookmakers"": ""Bet365,Unibet""}",1
soccer|denmark|netherlands|2026-10-06,btts|yes||,odds_api_io,Bet365,btts,Yes,1.571,2026-10-06T07:34:53.445749+00:00,,,,"{""configured_bookmakers"": ""Bet365,Unibet"", ""entitlement_fallback_used"": false, ""fetched_at_utc"": ""2026-10-06T07:34:53.445749+00:00"", ""market_integrity"": ""safe_match_market"", ""odds_api_io"": true, ""odds_api_io_account"": ""account1"", ""raw_market_name"": ""both teams to score"", ""requested_bookmakers"": ""Bet365,Unibet""}",1
soccer|denmark|netherlands|2026-10-06,btts|no||,odds_api_io,Bet365,btts,No,2.25,2026-10-06T07:34:53.445749+00:00,,,,"{""configured_bookmakers"": ""Bet365,Unibet"", ""entitlement_fallback_used"": false, ""fetched_at_utc"": ""2026-10-06T07:34:53.445749+00:00"", ""market_integrity"": ""safe_match_market"", ""odds_api_io"": true, ""odds_api_io_account"": ""account1"", ""raw_market_name"": ""both teams to score"", ""requested_bookmakers"": ""Bet365,Unibet""}",1
soccer|denmark|netherlands|2026-10-06,teamTotals|over|0.50|home,odds_api_io,Bet365,teamTotals,Over,1.2,2026-10-06T07:34:53.445749+00:00,0.5,home,,"{""configured_bookmakers"": ""Bet365,Unibet"", ""entitlement_fallback_used"": false, ""fetched_at_utc"": ""2026-10-06T07:34:53.445749+00:00"", ""market_integrity"": ""safe_match_market"", ""odds_api_io"": true, ""odds_api_io_account"": ""account1"", ""raw_market_name"": ""team total home"", ""requested_bookmakers"": ""Bet365,Unibet""}",1
soccer|denmark|netherlands|2026-10-06,teamTotals|under|0.50|home,odds_api_io,Bet365,teamTotals,Under,4.333,2026-10-06T07:34:53.445749+00:00,0.5,home,,"{""configured_bookmakers"": ""Bet365,Unibet"", ""entitlement_fallback_used"": false, ""fetched_at_utc"": ""2026-10-06T07:34:53.445749+00:00"", ""market_integrity"": ""safe_match_market"", ""odds_api_io"": true, ""odds_api_io_account"": ""account1"", ""raw_market_name"": ""team total home"", ""requested_bookmakers"": ""Bet365,Unibet""}",1
soccer|denmark|netherlands|2026-10-06,teamTotals|over|1.50|home,odds_api_io,Bet365,teamTotals,Over,1.909,2026-10-06T07:34:53.445749+00:00,1.5,home,,"{""configured_bookmakers"": ""Bet365,Unibet"", ""entitlement_fallback_used"": false, ""fetched_at_utc"": ""2026-10-06T07:34:53.445749+00:00"", ""market_integrity"": ""safe_match_market"", ""odds_api_io"": true, ""odds_api_io_account"": ""account1"", ""raw_market_name"": ""team total home"", ""requested_bookmakers"": ""Bet365,Unibet""}",1
soccer|denmark|netherlands|2026-10-06,teamTotals|under|1.50|home,odds_api_io,Bet365,teamTotals,Under,1.8,2026-10-06T07:34:53.445749+00:00,1.5,home,,"{""configured_bookmakers"": ""Bet365,Unibet"", ""entitlement_fallback_used"": false, ""fetched_at_utc"": ""2026-10-06T07:34:53.445749+00:00"", ""market_integrity"": ""safe_match_market"", ""odds_api_io"": true, ""odds_api_io_account"": ""account1"", ""raw_market_name"": ""team total home"", ""requested_bookmakers"": ""Bet365,Unibet""}",1
soccer|denmark|netherlands|2026-10-06,teamTotals|over|2.50|home,odds_api_io,Bet365,teamTotals,Over,4.0,2026-10-06T07:34:53.445749+00:00,2.5,home,,"{""configured_bookmakers"": ""Bet365,Unibet"", ""entitlement_fallback_used"": false, ""fetched_at_utc"": ""2026-10-06T07:34:53.445749+00:00"", ""market_integrity"": ""safe_match_market"", ""odds_api_io"": true, ""odds_api_io_account"": ""account1"", ""raw_market_name"": ""team total home"", ""requested_bookmakers"": ""Bet365,Unibet""}",1
soccer|denmark|netherlands|2026-10-06,teamTotals|under|2.50|home,odds_api_io,Bet365,teamTotals,Under,1.222,2026-10-06T07:34:53.445749+00:00,2.5,home,,"{""configured_bookmakers"": ""Bet365,Unibet"", ""entitlement_fallback_used"": false, ""fetched_at_utc"": ""2026-10-06T07:34:53.445749+00:00"", ""market_integrity"": ""safe_match_market"", ""odds_api_io"": true, ""odds_api_io_account"": ""account1"", ""raw_market_name"": ""team total home"", ""requested_bookmakers"": ""Bet365,Unibet""}",1
soccer|denmark|netherlands|2026-10-06,teamTotals|over|3.50|home,odds_api_io,Bet365,teamTotals,Over,8.0,2026-10-06T07:34:53.445749+00:00,3.5,home,,"{""configured_bookmakers"": ""Bet365,Unibet"", ""entitlement_fallback_used"": false, ""fetched_at_utc"": ""2026-10-06T07:34:53.445749+00:00"", ""market_integrity"": ""safe_match_market"", ""odds_api_io"": true, ""odds_api_io_account"": ""account1"", ""raw_market_name"": ""team total home"", ""requested_bookmakers"": ""Bet365,Unibet""}",1
soccer|denmark|netherlands|2026-10-06,teamTotals|under|3.50|home,odds_api_io,Bet365,teamTotals,Under,1.062,2026-10-06T07:34:53.445749+00:00,3.5,home,,"{""configured_bookmakers"": ""Bet365,Unibet"", ""entitlement_fallback_used"": false, ""fetched_at_utc"": ""2026-10-06T07:34:53.445749+00:00"", ""market_integrity"": ""safe_match_market"", ""odds_api_io"": true, ""odds_api_io_account"": ""account1"", ""raw_market_name"": ""team total home"", ""requested_bookmakers"": ""Bet365,Unibet""}",1
soccer|denmark|netherlands|2026-10-06,teamTotals|over|4.50|home,odds_api_io,Bet365,teamTotals,Over,13.0,2026-10-06T07:34:53.445749+00:00,4.5,home,,"{""configured_bookmakers"": ""Bet365,Unibet"", ""entitlement_fallback_used"": false, ""fetched_at_utc"": ""2026-10-06T07:34:53.445749+00:00"", ""market_integrity"": ""safe_match_market"", ""odds_api_io"": true, ""odds_api_io_account"": ""account1"", ""raw_market_name"": ""team total home"", ""requested_bookmakers"": ""Bet365,Unibet""}",1
soccer|denmark|netherlands|2026-10-06,teamTotals|under|4.50|home,odds_api_io,Bet365,teamTotals,Under,1.012,2026-10-06T07:34:53.445749+00:00,4.5,home,,"{""configured_bookmakers"": ""Bet365,Unibet"", ""entitlement_fallback_used"": false, ""fetched_at_utc"": ""2026-10-06T07:34:53.445749+00:00"", ""market_integrity"": ""safe_match_market"", ""odds_api_io"": true, ""odds_api_io_account"": ""account1"", ""raw_market_name"": ""team total home"", ""requested_bookmakers"": ""Bet365,Unibet""}",1
soccer|denmark|netherlands|2026-10-06,teamTotals|over|5.50|home,odds_api_io,Bet365,teamTotals,Over,21.0,2026-10-06T07:34:53.445749+00:00,5.5,home,,"{""configured_bookmakers"": ""Bet365,Unibet"", ""entitlement_fallback_used"": false, ""fetched_at_utc"": ""2026-10-06T07:34:53.445749+00:00"", ""market_integrity"": ""safe_match_market"", ""odds_api_io"": true, ""odds_api_io_account"": ""account1"", ""raw_market_name"": ""team total home"", ""requested_bookmakers"": ""Bet365,Unibet""}",1
soccer|denmark|netherlands|2026-10-06,teamTotals|under|5.50|home,odds_api_io,Bet365,teamTotals,Under,1.002,2026-10-06T07:34:53.445749+00:00,5.5,home,,"{""configured_bookmakers"": ""Bet365,Unibet"", ""entitlement_fallback_used"": false, ""fetched_at_utc"": ""2026-10-06T07:34:53.445749+00:00"", ""market_integrity"": ""safe_match_market"", ""odds_api_io"": true, ""odds_api_io_account"": ""account1"", ""raw_market_name"": ""team total home"", ""requested_bookmakers"": ""Bet365,Unibet""}",1
soccer|denmark|netherlands|2026-10-06,teamTotals|over|0.50|away,odds_api_io,Bet365,teamTotals,Over,1.25,2026-10-06T07:34:53.445749+00:00,0.5,away,,"{""configured_bookmakers"": ""Bet365,Unibet"", ""entitlement_fallback_used"": false, ""fetched_at_utc"": ""2026-10-06T07:34:53.445749+00:00"", ""market_integrity"": ""safe_match_market"", ""odds_api_io"": true, ""odds_api_io_account"": ""account1"", ""raw_market_name"": ""team total away"", ""requested_bookmakers"": ""Bet365,Unibet""}",1
soccer|denmark|netherlands|2026-10-06,teamTotals|under|0.50|away,odds_api_io,Bet365,teamTotals,Under,3.75,2026-10-06T07:34:53.445749+00:00,0.5,away,,"{""configured_bookmakers"": ""Bet365,Unibet"", ""entitlement_fallback_used"": false, ""fetched_at_utc"": ""2026-10-06T07:34:53.445749+00:00"", ""market_integrity"": ""safe_match_market"", ""odds_api_io"": true, ""odds_api_io_account"": ""account1"", ""raw_market_name"": ""team total away"", ""requested_bookmakers"": ""Bet365,Unibet""}",1
soccer|denmark|netherlands|2026-10-06,teamTotals|over|1.50|away,odds_api_io,Bet365,teamTotals,Over,2.2,2026-10-06T07:34:53.445749+00:00,1.5,away,,"{""configured_bookmakers"": ""Bet365,Unibet"", ""entitlement_fallback_used"": false, ""fetched_at_utc"": ""2026-10-06T07:34:53.445749+00:00"", ""market_integrity"": ""safe_match_market"", ""odds_api_io"": true, ""odds_api_io_account"": ""account1"", ""raw_market_name"": ""team total away"", ""requested_bookmakers"": ""Bet365,Unibet""}",1
soccer|denmark|netherlands|2026-10-06,teamTotals|under|1.50|away,odds_api_io,Bet365,teamTotals,Under,1.615,2026-10-06T07:34:53.445749+00:00,1.5,away,,"{""configured_bookmakers"": ""Bet365,Unibet"", ""entitlement_fallback_used"": false, ""fetched_at_utc"": ""2026-10-06T07:34:53.445749+00:00"", ""market_integrity"": ""safe_match_market"", ""odds_api_io"": true, ""odds_api_io_account"": ""account1"", ""raw_market_name"": ""team total away"", ""requested_bookmakers"": ""Bet365,Unibet""}",1
soccer|denmark|netherlands|2026-10-06,teamTotals|over|2.50|away,odds_api_io,Bet365,teamTotals,Over,4.5,2026-10-06T07:34:53.445749+00:00,2.5,away,,"{""configured_bookmakers"": ""Bet365,Unibet"", ""entitlement_fallback_used"": false, ""fetched_at_utc"": ""2026-10-06T07:34:53.445749+00:00"", ""market_integrity"": ""safe_match_market"", ""odds_api_io"": true, ""odds_api_io_account"": ""account1"", ""raw_market_name"": ""team total away"", ""requested_bookmakers"": ""Bet365,Unibet""}",1
soccer|denmark|netherlands|2026-10-06,teamTotals|under|2.50|away,odds_api_io,Bet365,teamTotals,Under,1.166,2026-10-06T07:34:53.445749+00:00,2.5,away,,"{""configured_bookmakers"": ""Bet365,Unibet"", ""entitlement_fallback_used"": false, ""fetched_at_utc"": ""2026-10-06T07:34:53.445749+00:00"", ""market_integrity"": ""safe_match_market"", ""odds_api_io"": true, ""odds_api_io_account"": ""account1"", ""raw_market_name"": ""team total away"", ""requested_bookmakers"": ""Bet365,Unibet""}",1
soccer|denmark|netherlands|2026-10-06,teamTotals|over|3.50|away,odds_api_io,Bet365,teamTotals,Over,9.0,2026-10-06T07:34:53.445749+00:00,3.5,away,,"{""configured_bookmakers"": ""Bet365,Unibet"", ""entitlement_fallback_used"": false, ""fetched_at_utc"": ""2026-10-06T07:34:53.445749+00:00"", ""market_integrity"": ""safe_match_market"", ""odds_api_io"": true, ""odds_api_io_account"": ""account1"", ""raw_market_name"": ""team total away"", ""requested_bookmakers"": ""Bet365,Unibet""}",1
soccer|denmark|netherlands|2026-10-06,teamTotals|under|3.50|away,odds_api_io,Bet365,teamTotals,Under,1.04,2026-10-06T07:34:53.445749+00:00,3.5,away,,"{""configured_bookmakers"": ""Bet365,Unibet"", ""entitlement_fallback_used"": false, ""fetched_at_utc"": ""2026-10-06T07:34:53.445749+00:00"", ""market_integrity"": ""safe_match_market"", ""odds_api_io"": true, ""odds_api_io_account"": ""account1"", ""raw_market_name"": ""team total away"", ""requested_bookmakers"": ""Bet365,Unibet""}",1
soccer|denmark|netherlands|2026-10-06,teamTotals|over|4.50|away,odds_api_io,Bet365,teamTotals,Over,17.0,2026-10-06T07:34:53.445749+00:00,4.5,away,,"{""configured_bookmakers"": ""Bet365,Unibet"", ""entitlement_fallback_used"": false, ""fetched_at_utc"": ""2026-10-06T07:34:53.445749+00:00"", ""market_integrity"": ""safe_match_market"", ""odds_api_io"": true, ""odds_api_io_account"": ""account1"", ""raw_market_name"": ""team total away"", ""requested_bookmakers"": ""Bet365,Unibet""}",1
soccer|denmark|netherlands|2026-10-06,teamTotals|under|4.50|away,odds_api_io,Bet365,teamTotals,Under,1.005,2026-10-06T07:34:53.445749+00:00,4.5,away,,"{""configured_bookmakers"": ""Bet365,Unibet"", ""entitlement_fallback_used"": false, ""fetched_at_utc"": ""2026-10-06T07:34:53.445749+00:00"", ""market_integrity"": ""safe_match_market"", ""odds_api_io"": true, ""odds_api_io_account"": ""account1"", ""raw_market_name"": ""team total away"", ""requested_bookmakers"": ""Bet365,Unibet""}",1
soccer|denmark|netherlands|2026-10-06,h2h|denmark u19||,odds_api_io,Unibet,h2h,Denmark U19,2.15,2026-10-06T07:34:53.445749+00:00,,,,"{""configured_bookmakers"": ""Bet365,Unibet"", ""entitlement_fallback_used"": false, ""fetched_at_utc"": ""2026-10-06T07:34:53.445749+00:00"", ""market_integrity"": ""safe_match_market"", ""odds_api_io"": true, ""odds_api_io_account"": ""account1"", ""raw_market_name"": ""ml"", ""requested_bookmakers"": ""Bet365,Unibet""}",1
soccer|denmark|netherlands|2026-10-06,h2h|draw||,odds_api_io,Unibet,h2h,Draw,3.35,2026-10-06T07:34:53.445749+00:00,,,,"{""configured_bookmakers"": ""Bet365,Unibet"", ""entitlement_fallback_used"": false, ""fetched_at_utc"": ""2026-10-06T07:34:53.445749+00:00"", ""market_integrity"": ""safe_match_market"", ""odds_api_io"": true, ""odds_api_io_account"": ""account1"", ""raw_market_name"": ""ml"", ""requested_bookmakers"": ""Bet365,Unibet""}",1
soccer|denmark|netherlands|2026-10-06,h2h|netherlands u19||,odds_api_io,Unibet,h2h,Netherlands U19,2.65,2026-10-06T07:34:53.445749+00:00,,,,"{""configured_bookmakers"": ""Bet365,Unibet"", ""entitlement_fallback_used"": false, ""fetched_at_utc"": ""2026-10-06T07:34:53.445749+00:00"", ""market_integrity"": ""safe_match_market"", ""odds_api_io"": true, ""odds_api_io_account"": ""account1"", ""raw_market_name"": ""ml"", ""requested_bookmakers"": ""Bet365,Unibet""}",1
soccer|denmark|netherlands|2026-10-06,dnb|denmark u19||,odds_api_io,Unibet,dnb,Denmark U19,1.61,2026-10-06T07:34:53.445749+00:00,,,,"{""configured_bookmakers"": ""Bet365,Unibet"", ""entitlement_fallback_used"": false, ""fetched_at_utc"": ""2026-10-06T07:34:53.445749+00:00"", ""market_integrity"": ""safe_match_market"", ""odds_api_io"": true, ""odds_api_io_account"": ""account1"", ""raw_market_name"": ""draw no bet"", ""requested_bookmakers"": ""Bet365,Unibet""}",1
soccer|denmark|netherlands|2026-10-06,dnb|netherlands u19||,odds_api_io,Unibet,dnb,Netherlands U19,1.98,2026-10-06T07:34:53.445749+00:00,,,,"{""configured_bookmakers"": ""Bet365,Unibet"", ""entitlement_fallback_used"": false, ""fetched_at_utc"": ""2026-10-06T07:34:53.445749+00:00"", ""market_integrity"": ""safe_match_market"", ""odds_api_io"": true, ""odds_api_io_account"": ""account1"", ""raw_market_name"": ""draw no bet"", ""requested_bookmakers"": ""Bet365,Unibet""}",1
soccer|denmark|netherlands|2026-10-06,totals|over|2.50|,odds_api_io,Unibet,totals,Over,1.63,2026-10-06T07:34:53.445749+00:00,2.5,,,"{""configured_bookmakers"": ""Bet365,Unibet"", ""entitlement_fallback_used"": false, ""fetched_at_utc"": ""2026-10-06T07:34:53.445749+00:00"", ""market_integrity"": ""safe_match_market"", ""odds_api_io"": true, ""odds_api_io_account"": ""account1"", ""raw_market_name"": ""totals"", ""requested_bookmakers"": ""Bet365,Unibet""}",1
soccer|denmark|netherlands|2026-10-06,totals|under|2.50|,odds_api_io,Unibet,totals,Under,2.04,2026-10-06T07:34:53.445749+00:00,2.5,,,"{""configured_bookmakers"": ""Bet365,Unibet"", ""entitlement_fallback_used"": false, ""fetched_at_utc"": ""2026-10-06T07:34:53.445749+00:00"", ""market_integrity"": ""safe_match_market"", ""odds_api_io"": true, ""odds_api_io_account"": ""account1"", ""raw_market_name"": ""totals"", ""requested_bookmakers"": ""Bet365,Unibet""}",1
soccer|denmark|netherlands|2026-10-06,totals|over|3.50|,odds_api_io,Unibet,totals,Over,2.6,2026-10-06T07:34:53.445749+00:00,3.5,,,"{""configured_bookmakers"": ""Bet365,Unibet"", ""entitlement_fallback_used"": false, ""fetched_at_utc"": ""2026-10-06T07:34:53.445749+00:00"", ""market_integrity"": ""safe_match_market"", ""odds_api_io"": true, ""odds_api_io_account"": ""account1"", ""raw_market_name"": ""totals"", ""requested_bookmakers"": ""Bet365,Unibet""}",1
soccer|denmark|netherlands|2026-10-06,totals|under|3.50|,odds_api_io,Unibet,totals,Under,1.4,2026-10-06T07:34:53.445749+00:00,3.5,,,"{""configured_bookmakers"": ""Bet365,Unibet"", ""entitlement_fallback_used"": false, ""fetched_at_utc"": ""2026-10-06T07:34:53.445749+00:00"", ""market_integrity"": ""safe_match_market"", ""odds_api_io"": true, ""odds_api_io_account"": ""account1"", ""raw_market_name"": ""totals"", ""requested_bookmakers"": ""Bet365,Unibet""}",1
soccer|denmark|netherlands|2026-10-06,totals|over|4.50|,odds_api_io,Unibet,totals,Over,4.35,2026-10-06T07:34:53.445749+00:00,4.5,,,"{""configured_bookmakers"": ""Bet365,Unibet"", ""entitlement_fallback_used"": false, ""fetched_at_utc"": ""2026-10-06T07:34:53.445749+00:00"", ""market_integrity"": ""safe_match_market"", ""odds_api_io"": true, ""odds_api_io_account"": ""account1"", ""raw_market_name"": ""totals"", ""requested_bookmakers"": ""Bet365,Unibet""}",1
soccer|denmark|netherlands|2026-10-06,totals|under|4.50|,odds_api_io,Unibet,totals,Under,1.15,2026-10-06T07:34:53.445749+00:00,4.5,,,"{""configured_bookmakers"": ""Bet365,Unibet"", ""entitlement_fallback_used"": false, ""fetched_at_utc"": ""2026-10-06T07:34:53.445749+00:00"", ""market_integrity"": ""safe_match_market"", ""odds_api_io"": true, ""odds_api_io_account"": ""account1"", ""raw_market_name"": ""totals"", ""requested_bookmakers"": ""Bet365,Unibet""}",1
soccer|denmark|netherlands|2026-10-06,btts|yes||,odds_api_io,Unibet,btts,Yes,1.54,2026-10-06T07:34:53.445749+00:00,,,,"{""configured_bookmakers"": ""Bet365,Unibet"", ""entitlement_fallback_used"": false, ""fetched_at_utc"": ""2026-10-06T07:34:53.445749+00:00"", ""market_integrity"": ""safe_match_market"", ""odds_api_io"": true, ""odds_api_io_account"": ""account1"", ""raw_market_name"": ""both teams to score"", ""requested_bookmakers"": ""Bet365,Unibet""}",1
soccer|denmark|netherlands|2026-10-06,btts|no||,odds_api_io,Unibet,btts,No,2.28,2026-10-06T07:34:53.445749+00:00,,,,"{""configured_bookmakers"": ""Bet365,Unibet"", ""entitlement_fallback_used"": false, ""fetched_at_utc"": ""2026-10-06T07:34:53.445749+00:00"", ""market_integrity"": ""safe_match_market"", ""odds_api_io"": true, ""odds_api_io_account"": ""account1"", ""raw_market_name"": ""both teams to score"", ""requested_bookmakers"": ""Bet365,Unibet""}",1
soccer|denmark|netherlands|2026-10-06,teamTotals|over|1.50|home,odds_api_io,Unibet,teamTotals,Over,1.9,2026-10-06T07:34:53.445749+00:00,1.5,home,,"{""configured_bookmakers"": ""Bet365,Unibet"", ""entitlement_fallback_used"": false, ""fetched_at_utc"": ""2026-10-06T07:34:53.445749+00:00"", ""market_integrity"": ""safe_match_market"", ""odds_api_io"": true, ""odds_api_io_account"": ""account1"", ""raw_market_name"": ""team total home"", ""requested_bookmakers"": ""Bet365,Unibet""}",1
soccer|denmark|netherlands|2026-10-06,teamTotals|under|1.50|home,odds_api_io,Unibet,teamTotals,Under,1.7,2026-10-06T07:34:53.445749+00:00,1.5,home,,"{""configured_bookmakers"": ""Bet365,Unibet"", ""entitlement_fallback_used"": false, ""fetched_at_utc"": ""2026-10-06T07:34:53.445749+00:00"", ""market_integrity"": ""safe_match_market"", ""odds_api_io"": true, ""odds_api_io_account"": ""account1"", ""raw_market_name"": ""team total home"", ""requested_bookmakers"": ""Bet365,Unibet""}",1
soccer|denmark|netherlands|2026-10-06,teamTotals|over|1.50|away,odds_api_io,Unibet,teamTotals,Over,2.18,2026-10-06T07:34:53.445749+00:00,1.5,away,,"{""configured_bookmakers"": ""Bet365,Unibet"", ""entitlement_fallback_used"": false, ""fetched_at_utc"": ""2026-10-06T07:34:53.445749+00:00"", ""market_integrity"": ""safe_match_market"", ""odds_api_io"": true, ""odds_api_io_account"": ""account1"", ""raw_market_name"": ""team total away"", ""requested_bookmakers"": ""Bet365,Unibet""}",1
soccer|denmark|netherlands|2026-10-06,teamTotals|under|1.50|away,odds_api_io,Unibet,teamTotals,Under,1.52,2026-10-06T07:34:53.445749+00:00,1.5,away,,"{""configured_bookmakers"": ""Bet365,Unibet"", ""entitlement_fallback_used"": false, ""fetched_at_utc"": ""2026-10-06T07:34:53.445749+00:00"", ""market_integrity"": ""safe_match_market"", ""odds_api_io"": true, ""odds_api_io_account"": ""account1"", ""raw_market_name"": ""team total away"", ""requested_bookmakers"": ""Bet365,Unibet""}",1
soccer|huda hue|pvf cong an nhan dan|2026-10-06,h2h|pvf cong an nhan dan fc||,odds_api_io,Bet365,h2h,PVF Cong An Nhan Dan FC,1.09,2026-10-06T07:34:53.445749+00:00,,,,"{""configured_bookmakers"": ""Bet365,Unibet"", ""entitlement_fallback_used"": false, ""fetched_at_utc"": ""2026-10-06T07:34:53.445749+00:00"", ""market_integrity"": ""safe_match_market"", ""odds_api_io"": true, ""odds_api_io_account"": ""account1"", ""raw_market_name"": ""ml"", ""requested_bookmakers"": ""Bet365,Unibet""}",1
soccer|huda hue|pvf cong an nhan dan|2026-10-06,h2h|draw||,odds_api_io,Bet365,h2h,Draw,8.5,2026-10-06T07:34:53.445749+00:00,,,,"{""configured_bookmakers"": ""Bet365,Unibet"", ""entitlement_fallback_used"": false, ""fetched_at_utc"": ""2026-10-06T07:34:53.445749+00:00"", ""market_integrity"": ""safe_match_market"", ""odds_api_io"": true, ""odds_api_io_account"": ""account1"", ""raw_market_name"": ""ml"", ""requested_bookmakers"": ""Bet365,Unibet""}",1
soccer|huda hue|pvf cong an nhan dan|2026-10-06,h2h|huda hue||,odds_api_io,Bet365,h2h,Huda Hue,21.0,2026-10-06T07:34:53.445749+00:00,,,,"{""configured_bookmakers"": ""Bet365,Unibet"", ""entitlement_fallback_used"": false, ""fetched_at_utc"": ""2026-10-06T07:34:53.445749+00:00"", ""market_integrity"": ""safe_match_market"", ""odds_api_io"": true, ""odds_api_io_account"": ""account1"", ""raw_market_name"": ""ml"", ""requested_bookmakers"": ""Bet365,Unibet""}",1
soccer|huda hue|pvf cong an nhan dan|2026-10-06,dnb|pvf cong an nhan dan fc||,odds_api_io,Bet365,dnb,PVF Cong An Nhan Dan FC,1.02,2026-10-06T07:34:53.445749+00:00,,,,"{""configured_bookmakers"": ""Bet365,Unibet"", ""entitlement_fallback_used"": false, ""fetched_at_utc"": ""2026-10-06T07:34:53.445749+00:00"", ""market_integrity"": ""safe_match_market"", ""odds_api_io"": true, ""odds_api_io_account"": ""account1"", ""raw_market_name"": ""draw no bet"", ""requested_bookmakers"": ""Bet365,Unibet""}",1
soccer|huda hue|pvf cong an nhan dan|2026-10-06,dnb|huda hue||,odds_api_io,Bet365,dnb,Huda Hue,11.0,2026-10-06T07:34:53.445749+00:00,,,,"{""configured_bookmakers"": ""Bet365,Unibet"", ""entitlement_fallback_used"": false, ""fetched_at_utc"": ""2026-10-06T07:34:53.445749+00:00"", ""market_integrity"": ""safe_match_market"", ""odds_api_io"": true, ""odds_api_io_account"": ""account1"", ""raw_market_name"": ""draw no bet"", ""requested_bookmakers"": ""Bet365,Unibet""}",1
soccer|huda hue|pvf cong an nhan dan|2026-10-06,spreads|pvf cong an nhan dan fc|-2.50|home,odds_api_io,Bet365,spreads,PVF Cong An Nhan Dan FC,1.85,2026-10-06T07:34:53.445749+00:00,-2.5,home,,"{""configured_bookmakers"": ""Bet365,Unibet"", ""entitlement_fallback_used"": false, ""fetched_at_utc"": ""2026-10-06T07:34:53.445749+00:00"", ""market_integrity"": ""safe_match_market"", ""odds_api_io"": true, ""odds_api_io_account"": ""account1"", ""raw_market_name"": ""spread"", ""requested_bookmakers"": ""Bet365,Unibet""}",1
soccer|huda hue|pvf cong an nhan dan|2026-10-06,spreads|huda hue|2.50|away,odds_api_io,Bet365,spreads,Huda Hue,1.95,2026-10-06T07:34:53.445749+00:00,2.5,away,,"{""configured_bookmakers"": ""Bet365,Unibet"", ""entitlement_fallback_used"": false, ""fetched_at_utc"": ""2026-10-06T07:34:53.445749+00:00"", ""market_integrity"": ""safe_match_market"", ""odds_api_io"": true, ""odds_api_io_account"": ""account1"", ""raw_market_name"": ""spread"", ""requested_bookmakers"": ""Bet365,Unibet""}",1
soccer|huda hue|pvf cong an nhan dan|2026-10-06,totals|over|3.25|,odds_api_io,Bet365,totals,Over,1.9,2026-10-06T07:34:53.445749+00:00,3.25,,,"{""configured_bookmakers"": ""Bet365,Unibet"", ""entitlement_fallback_used"": false, ""fetched_at_utc"": ""2026-10-06T07:34:53.445749+00:00"", ""market_integrity"": ""safe_match_market"", ""odds_api_io"": true, ""odds_api_io_account"": ""account1"", ""raw_market_name"": ""totals"", ""requested_bookmakers"": ""Bet365,Unibet""}",1
soccer|huda hue|pvf cong an nhan dan|2026-10-06,totals|under|3.25|,odds_api_io,Bet365,totals,Under,1.9,2026-10-06T07:34:53.445749+00:00,3.25,,,"{""configured_bookmakers"": ""Bet365,Unibet"", ""entitlement_fallback_used"": false, ""fetched_at_utc"": ""2026-10-06T07:34:53.445749+00:00"", ""market_integrity"": ""safe_match_market"", ""odds_api_io"": true, ""odds_api_io_account"": ""account1"", ""raw_market_name"": ""totals"", ""requested_bookmakers"": ""Bet365,Unibet""}",1
soccer|huda hue|pvf cong an nhan dan|2026-10-06,totals|over|2.50|,odds_api_io,Bet365,totals,Over,1.444,2026-10-06T07:34:53.445749+00:00,2.5,,,"{""configured_bookmakers"": ""Bet365,Unibet"", ""entitlement_fallback_used"": false, ""fetched_at_utc"": ""2026-10-06T07:34:53.445749+00:00"", ""market_integrity"": ""safe_match_market"", ""odds_api_io"": true, ""odds_api_io_account"": ""account1"", ""raw_market_name"": ""goals over/under"", ""requested_bookmakers"": ""Bet365,Unibet""}",1
soccer|huda hue|pvf cong an nhan dan|2026-10-06,totals|under|2.50|,odds_api_io,Bet365,totals,Under,2.625,2026-10-06T07:34:53.445749+00:00,2.5,,,"{""configured_bookmakers"": ""Bet365,Unibet"", ""entitlement_fallback_used"": false, ""fetched_at_utc"": ""2026-10-06T07:34:53.445749+00:00"", ""market_integrity"": ""safe_match_market"", ""odds_api_io"": true, ""odds_api_io_account"": ""account1"", ""raw_market_name"": ""goals over/under"", ""requested_bookmakers"": ""Bet365,Unibet""}",1
soccer|changchun yatai|yanbian longding|2026-10-06,h2h|changchun yatai||,odds_api_io,Bet365,h2h,Changchun Yatai,1.9,2026-10-06T07:34:53.445749+00:00,,,,"{""configured_bookmakers"": ""Bet365,Unibet"", ""entitlement_fallback_used"": false, ""fetched_at_utc"": ""2026-10-06T07:34:53.445749+00:00"", ""market_integrity"": ""safe_match_market"", ""odds_api_io"": true, ""odds_api_io_account"": ""account1"", ""raw_market_name"": ""ml"", ""requested_bookmakers"": ""Bet365,Unibet""}",1
soccer|changchun yatai|yanbian longding|2026-10-06,h2h|draw||,odds_api_io,Bet365,h2h,Draw,3.2,2026-10-06T07:34:53.445749+00:00,,,,"{""configured_bookmakers"": ""Bet365,Unibet"", ""entitlement_fallback_used"": false, ""fetched_at_utc"": ""2026-10-06T07:34:53.445749+00:00"", ""market_integrity"": ""safe_match_market"", ""odds_api_io"": true, ""odds_api_io_account"": ""account1"", ""raw_market_name"": ""ml"", ""requested_bookmakers"": ""Bet365,Unibet""}",1
soccer|changchun yatai|yanbian longding|2026-10-06,h2h|yanbian longding||,odds_api_io,Bet365,h2h,Yanbian Longding,3.6,2026-10-06T07:34:53.445749+00:00,,,,"{""configured_bookmakers"": ""Bet365,Unibet"", ""entitlement_fallback_used"": false, ""fetched_at_utc"": ""2026-10-06T07:34:53.445749+00:00"", ""market_integrity"": ""safe_match_market"", ""odds_api_io"": true, ""odds_api_io_account"": ""account1"", ""raw_market_name"": ""ml"", ""requested_bookmakers"": ""Bet365,Unibet""}",1
soccer|changchun yatai|yanbian longding|2026-10-06,dnb|changchun yatai||,odds_api_io,Bet365,dnb,Changchun Yatai,1.4,2026-10-06T07:34:53.445749+00:00,,,,"{""configured_bookmakers"": ""Bet365,Unibet"", ""entitlement_fallback_used"": false, ""fetched_at_utc"": ""2026-10-06T07:34:53.445749+00:00"", ""market_integrity"": ""safe_match_market"", ""odds_api_io"": true, ""odds_api_io_account"": ""account1"", ""raw_market_name"": ""draw no bet"", ""requested_bookmakers"": ""Bet365,Unibet""}",1
soccer|changchun yatai|yanbian longding|2026-10-06,dnb|yanbian longding||,odds_api_io,Bet365,dnb,Yanbian Longding,2.75,2026-10-06T07:34:53.445749+00:00,,,,"{""configured_bookmakers"": ""Bet365,Unibet"", ""entitlement_fallback_used"": false, ""fetched_at_utc"": ""2026-10-06T07:34:53.445749+00:00"", ""market_integrity"": ""safe_match_market"", ""odds_api_io"": true, ""odds_api_io_account"": ""account1"", ""raw_market_name"": ""draw no bet"", ""requested_bookmakers"": ""Bet365,Unibet""}",1
soccer|changchun yatai|yanbian longding|2026-10-06,spreads|changchun yatai|-2.50|home,odds_api_io,Bet365,spreads,Changchun Yatai,8.0,2026-10-06T07:34:53.445749+00:00,-2.5,home,,"{""configured_bookmakers"": ""Bet365,Unibet"", ""entitlement_fallback_used"": false, ""fetched_at_utc"": ""2026-10-06T07:34:53.445749+00:00"", ""market_integrity"": ""safe_match_market"", ""odds_api_io"": true, ""odds_api_io_account"": ""account1"", ""raw_market_name"": ""spread"", ""requested_bookmakers"": ""Bet365,Unibet""}",1
soccer|changchun yatai|yanbian longding|2026-10-06,spreads|yanbian longding|2.50|away,odds_api_io,Bet365,spreads,Yanbian Longding,1.083,2026-10-06T07:34:53.445749+00:00,2.5,away,,"{""configured_bookmakers"": ""Bet365,Unibet"", ""entitlement_fallback_used"": false, ""fetched_at_utc"": ""2026-10-06T07:34:53.445749+00:00"", ""market_integrity"": ""safe_match_market"", ""odds_api_io"": true, ""odds_api_io_account"": ""account1"", ""raw_market_name"": ""spread"", ""requested_bookmakers"": ""Bet365,Unibet""}",1
soccer|changchun yatai|yanbian longding|2026-10-06,spreads|changchun yatai|-2.25|home,odds_api_io,Bet365,spreads,Changchun Yatai,7.0,2026-10-06T07:34:53.445749+00:00,-2.25,home,,"{""configured_bookmakers"": ""Bet365,Unibet"", ""entitlement_fallback_used"": false, ""fetched_at_utc"": ""2026-10-06T07:34:53.445749+00:00"", ""market_integrity"": ""safe_match_market"", ""odds_api_io"": true, ""odds_api_io_account"": ""account1"", ""raw_market_name"": ""spread"", ""requested_bookmakers"": ""Bet365,Unibet""}",1
soccer|changchun yatai|yanbian longding|2026-10-06,spreads|yanbian longding|2.25|away,odds_api_io,Bet365,spreads,Yanbian Longding,1.1,2026-10-06T07:34:53.445749+00:00,2.25,away,,"{""configured_bookmakers"": ""Bet365,Unibet"", ""entitlement_fallback_used"": false, ""fetched_at_utc"": ""2026-10-06T07:34:53.445749+00:00"", ""market_integrity"": ""safe_match_market"", ""odds_api_io"": true, ""odds_api_io_account"": ""account1"", ""raw_market_name"": ""spread"", ""requested_bookmakers"": ""Bet365,Unibet""}",1
soccer|changchun yatai|yanbian longding|2026-10-06,spreads|changchun yatai|-2.00|home,odds_api_io,Bet365,spreads,Changchun Yatai,6.6,2026-10-06T07:34:53.445749+00:00,-2.0,home,,"{""configured_bookmakers"": ""Bet365,Unibet"", ""entitlement_fallback_used"": false, ""fetched_at_utc"": ""2026-10-06T07:34:53.445749+00:00"", ""market_integrity"": ""safe_match_market"", ""odds_api_io"": true, ""odds_api_io_account"": ""account1"", ""raw_market_name"": ""spread"", ""requested_bookmakers"": ""Bet365,Unibet""}",1
soccer|changchun yatai|yanbian longding|2026-10-06,spreads|yanbian longding|2.00|away,odds_api_io,Bet365,spreads,Yanbian Longding,1.11,2026-10-06T07:34:53.445749+00:00,2.0,away,,"{""configured_bookmakers"": ""Bet365,Unibet"", ""entitlement_fallback_used"": false, ""fetched_at_utc"": ""2026-10-06T07:34:53.445749+00:00"", ""market_integrity"": ""safe_match_market"", ""odds_api_io"": true, ""odds_api_io_account"": ""account1"", ""raw_market_name"": ""spread"", ""requested_bookmakers"": ""Bet365,Unibet""}",1
soccer|changchun yatai|yanbian longding|2026-10-06,spreads|changchun yatai|-1.75|home,odds_api_io,Bet365,spreads,Changchun Yatai,4.4,2026-10-06T07:34:53.445749+00:00,-1.75,home,,"{""configured_bookmakers"": ""Bet365,Unibet"", ""entitlement_fallback_used"": false, ""fetched_at_utc"": ""2026-10-06T07:34:53.445749+00:00"", ""market_integrity"": ""safe_match_market"", ""odds_api_io"": true, ""odds_api_io_account"": ""account1"", ""raw_market_name"": ""spread"", ""requested_bookmakers"": ""Bet365,Unibet""}",1
soccer|changchun yatai|yanbian longding|2026-10-06,spreads|yanbian longding|1.75|away,odds_api_io,Bet365,spreads,Yanbian Longding,1.2,2026-10-06T07:34:53.445749+00:00,1.75,away,,"{""configured_bookmakers"": ""Bet365,Unibet"", ""entitlement_fallback_used"": false, ""fetched_at_utc"": ""2026-10-06T07:34:53.445749+00:00"", ""market_integrity"": ""safe_match_market"", ""odds_api_io"": true, ""odds_api_io_account"": ""account1"", ""raw_market_name"": ""spread"", ""requested_bookmakers"": ""Bet365,Unibet""}",1
soccer|changchun yatai|yanbian longding|2026-10-06,spreads|changchun yatai|-1.50|home,odds_api_io,Bet365,spreads,Changchun Yatai,3.55,2026-10-06T07:34:53.445749+00:00,-1.5,home,,"{""configured_bookmakers"": ""Bet365,Unibet"", ""entitlement_fallback_used"": false, ""fetched_at_utc"": ""2026-10-06T07:34:53.445749+00:00"", ""market_integrity"": ""safe_match_market"", ""odds_api_io"": true, ""odds_api_io_account"": ""account1"", ""raw_market_name"": ""spread"", ""requested_bookmakers"": ""Bet365,Unibet""}",1
soccer|changchun yatai|yanbian longding|2026-10-06,spreads|yanbian longding|1.50|away,odds_api_io,Bet365,spreads,Yanbian Longding,1.275,2026-10-06T07:34:53.445749+00:00,1.5,away,,"{""configured_bookmakers"": ""Bet365,Unibet"", ""entitlement_fallback_used"": false, ""fetched_at_utc"": ""2026-10-06T07:34:53.445749+00:00"", ""market_integrity"": ""safe_match_market"", ""odds_api_io"": true, ""odds_api_io_account"": ""account1"", ""raw_market_name"": ""spread"", ""requested_bookmakers"": ""Bet365,Unibet""}",1
soccer|changchun yatai|yanbian longding|2026-10-06,spreads|changchun yatai|-1.25|home,odds_api_io,Bet365,spreads,Changchun Yatai,3.1,2026-10-06T07:34:53.445749+00:00,-1.25,home,,"{""configured_bookmakers"": ""Bet365,Unibet"", ""entitlement_fallback_used"": false, ""fetched_at_utc"": ""2026-10-06T07:34:53.445749+00:00"", ""market_integrity"": ""safe_match_market"", ""odds_api_io"": true, ""odds_api_io_account"": ""account1"", ""raw_market_name"": ""spread"", ""requested_bookmakers"": ""Bet365,Unibet""}",1
soccer|changchun yatai|yanbian longding|2026-10-06,spreads|yanbian longding|1.25|away,odds_api_io,Bet365,spreads,Yanbian Longding,1.35,2026-10-06T07:34:53.445749+00:00,1.25,away,,"{""configured_bookmakers"": ""Bet365,Unibet"", ""entitlement_fallback_used"": false, ""fetched_at_utc"": ""2026-10-06T07:34:53.445749+00:00"", ""market_integrity"": ""safe_match_market"", ""odds_api_io"": true, ""odds_api_io_account"": ""account1"", ""raw_market_name"": ""spread"", ""requested_bookmakers"": ""Bet365,Unibet""}",1
soccer|changchun yatai|yanbian longding|2026-10-06,spreads|changchun yatai|-1.00|home,odds_api_io,Bet365,spreads,Changchun Yatai,2.75,2026-10-06T07:34:53.445749+00:00,-1.0,home,,"{""configured_bookmakers"": ""Bet365,Unibet"", ""entitlement_fallback_used"": false, ""fetched_at_utc"": ""2026-10-06T07:34:53.445749+00:00"", ""market_integrity"": ""safe_match_market"", ""odds_api_io"": true, ""odds_api_io_account"": ""account1"", ""raw_market_name"": ""spread"", ""requested_bookmakers"": ""Bet365,Unibet""}",1
soccer|changchun yatai|yanbian longding|2026-10-06,spreads|yanbian longding|1.00|away,odds_api_io,Bet365,spreads,Yanbian Longding,1.425,2026-10-06T07:34:53.445749+00:00,1.0,away,,"{""configured_bookmakers"": ""Bet365,Unibet"", ""entitlement_fallback_used"": false, ""fetched_at_utc"": ""2026-10-06T07:34:53.445749+00:00"", ""market_integrity"": ""safe_match_market"", ""odds_api_io"": true, ""odds_api_io_account"": ""account1"", ""raw_market_name"": ""spread"", ""requested_bookmakers"": ""Bet365,Unibet""}",1
soccer|changchun yatai|yanbian longding|2026-10-06,spreads|changchun yatai|-0.75|home,odds_api_io,Bet365,spreads,Changchun Yatai,2.25,2026-10-06T07:34:53.445749+00:00,-0.75,home,,"{""configured_bookmakers"": ""Bet365,Unibet"", ""entitlement_fallback_used"": false, ""fetched_at_utc"": ""2026-10-06T07:34:53.445749+00:00"", ""market_integrity"": ""safe_match_market"", ""odds_api_io"": true, ""odds_api_io_account"": ""account1"", ""raw_market_name"": ""spread"", ""requested_bookmakers"": ""Bet365,Unibet""}",1
soccer|changchun yatai|yanbian longding|2026-10-06,spreads|yanbian longding|0.75|away,odds_api_io,Bet365,spreads,Yanbian Longding,1.625,2026-10-06T07:34:53.445749+00:00,0.75,away,,"{""configured_bookmakers"": ""Bet365,Unibet"", ""entitlement_fallback_used"": false, ""fetched_at_utc"": ""2026-10-06T07:34:53.445749+00:00"", ""market_integrity"": ""safe_match_market"", ""odds_api_io"": true, ""odds_api_io_account"": ""account1"", ""raw_market_name"": ""spread"", ""requested_bookmakers"": ""Bet365,Unibet""}",1
soccer|changchun yatai|yanbian longding|2026-10-06,spreads|changchun yatai|-0.50|home,odds_api_io,Bet365,spreads,Changchun Yatai,1.95,2026-10-06T07:34:53.445749+00:00,-0.5,home,,"{""configured_bookmakers"": ""Bet365,Unibet"", ""entitlement_fallback_used"": false, ""fetched_at_utc"": ""2026-10-06T07:34:53.445749+00:00"", ""market_integrity"": ""safe_match_market"", ""odds_api_io"": true, ""odds_api_io_account"": ""account1"", ""raw_market_name"": ""spread"", ""requested_bookmakers"": ""Bet365,Unibet""}",1
soccer|changchun yatai|yanbian longding|2026-10-06,spreads|yanbian longding|0.50|away,odds_api_io,Bet365,spreads,Yanbian Longding,1.85,2026-10-06T07:34:53.445749+00:00,0.5,away,,"{""configured_bookmakers"": ""Bet365,Unibet"", ""entitlement_fallback_used"": false, ""fetched_at_utc"": ""2026-10-06T07:34:53.445749+00:00"", ""market_integrity"": ""safe_match_market"", ""odds_api_io"": true, ""odds_api_io_account"": ""account1"", ""raw_market_name"": ""spread"", ""requested_bookmakers"": ""Bet365,Unibet""}",1
soccer|changchun yatai|yanbian longding|2026-10-06,spreads|changchun yatai|-0.25|home,odds_api_io,Bet365,spreads,Changchun Yatai,1.7,2026-10-06T07:34:53.445749+00:00,-0.25,home,,"{""configured_bookmakers"": ""Bet365,Unibet"", ""entitlement_fallback_used"": false, ""fetched_at_utc"": ""2026-10-06T07:34:53.445749+00:00"", ""market_integrity"": ""safe_match_market"", ""odds_api_io"": true, ""odds_api_io_account"": ""account1"", ""raw_market_name"": ""spread"", ""requested_bookmakers"": ""Bet365,Unibet""}",1
soccer|changchun yatai|yanbian longding|2026-10-06,spreads|yanbian longding|0.25|away,odds_api_io,Bet365,spreads,Yanbian Longding,2.1,2026-10-06T07:34:53.445749+00:00,0.25,away,,"{""configured_bookmakers"": ""Bet365,Unibet"", ""entitlement_fallback_used"": false, ""fetched_at_utc"": ""2026-10-06T07:34:53.445749+00:00"", ""market_integrity"": ""safe_match_market"", ""odds_api_io"": true, ""odds_api_io_account"": ""account1"", ""raw_market_name"": ""spread"", ""requested_bookmakers"": ""Bet365,Unibet""}",1
soccer|changchun yatai|yanbian longding|2026-10-06,spreads|changchun yatai||home,odds_api_io,Bet365,spreads,Changchun Yatai,1.425,2026-10-06T07:34:53.445749+00:00,,home,,"{""configured_bookmakers"": ""Bet365,Unibet"", ""entitlement_fallback_used"": false, ""fetched_at_utc"": ""2026-10-06T07:34:53.445749+00:00"", ""market_integrity"": ""safe_match_market"", ""odds_api_io"": true, ""odds_api_io_account"": ""account1"", ""raw_market_name"": ""spread"", ""requested_bookmakers"": ""Bet365,Unibet""}",1
soccer|changchun yatai|yanbian longding|2026-10-06,spreads|yanbian longding||away,odds_api_io,Bet365,spreads,Yanbian Longding,2.75,2026-10-06T07:34:53.445749+00:00,,away,,"{""configured_bookmakers"": ""Bet365,Unibet"", ""entitlement_fallback_used"": false, ""fetched_at_utc"": ""2026-10-06T07:34:53.445749+00:00"", ""market_integrity"": ""safe_match_market"", ""odds_api_io"": true, ""odds_api_io_account"": ""account1"", ""raw_market_name"": ""spread"", ""requested_bookmakers"": ""Bet365,Unibet""}",1
soccer|changchun yatai|yanbian longding|2026-10-06,spreads|changchun yatai|0.25|home,odds_api_io,Bet365,spreads,Changchun Yatai,1.325,2026-10-06T07:34:53.445749+00:00,0.25,home,,"{""configured_bookmakers"": ""Bet365,Unibet"", ""entitlement_fallback_used"": false, ""fetched_at_utc"": ""2026-10-06T07:34:53.445749+00:00"", ""market_integrity"": ""safe_match_market"", ""odds_api_io"": true, ""odds_api_io_account"": ""account1"", ""raw_market_name"": ""spread"", ""requested_bookmakers"": ""Bet365,Unibet""}",1
soccer|changchun yatai|yanbian longding|2026-10-06,spreads|yanbian longding|-0.25|away,odds_api_io,Bet365,spreads,Yanbian Longding,3.3,2026-10-06T07:34:53.445749+00:00,-0.25,away,,"{""configured_bookmakers"": ""Bet365,Unibet"", ""entitlement_fallback_used"": false, ""fetched_at_utc"": ""2026-10-06T07:34:53.445749+00:00"", ""market_integrity"": ""safe_match_market"", ""odds_api_io"": true, ""odds_api_io_account"": ""account1"", ""raw_market_name"": ""spread"", ""requested_bookmakers"": ""Bet365,Unibet""}",1
soccer|changchun yatai|yanbian longding|2026-10-06,spreads|changchun yatai|0.50|home,odds_api_io,Bet365,spreads,Changchun Yatai,1.275,2026-10-06T07:34:53.445749+00:00,0.5,home,,"{""configured_bookmakers"": ""Bet365,Unibet"", ""entitlement_fallback_used"": false, ""fetched_at_utc"": ""2026-10-06T07:34:53.445749+00:00"", ""market_integrity"": ""safe_match_market"", ""odds_api_io"": true, ""odds_api_io_account"": ""account1"", ""raw_market_name"": ""spread"", ""requested_bookmakers"": ""Bet365,Unibet""}",1
soccer|changchun yatai|yanbian longding|2026-10-06,spreads|yanbian longding|-0.50|away,odds_api_io,Bet365,spreads,Yanbian Longding,3.55,2026-10-06T07:34:53.445749+00:00,-0.5,away,,"{""configured_bookmakers"": ""Bet365,Unibet"", ""entitlement_fallback_used"": false, ""fetched_at_utc"": ""2026-10-06T07:34:53.445749+00:00"", ""market_integrity"": ""safe_match_market"", ""odds_api_io"": true, ""odds_api_io_account"": ""account1"", ""raw_market_name"": ""spread"", ""requested_bookmakers"": ""Bet365,Unibet""}",1
soccer|changchun yatai|yanbian longding|2026-10-06,spreads|changchun yatai|0.75|home,odds_api_io,Bet365,spreads,Changchun Yatai,1.18,2026-10-06T07:34:53.445749+00:00,0.75,home,,"{""configured_bookmakers"": ""Bet365,Unibet"", ""entitlement_fallback_used"": false, ""fetched_at_utc"": ""2026-10-06T07:34:53.445749+00:00"", ""market_integrity"": ""safe_match_market"", ""odds_api_io"": true, ""odds_api_io_account"": ""account1"", ""raw_market_name"": ""spread"", ""requested_bookmakers"": ""Bet365,Unibet""}",1
soccer|changchun yatai|yanbian longding|2026-10-06,spreads|yanbian longding|-0.75|away,odds_api_io,Bet365,spreads,Yanbian Longding,4.65,2026-10-06T07:34:53.445749+00:00,-0.75,away,,"{""configured_bookmakers"": ""Bet365,Unibet"", ""entitlement_fallback_used"": false, ""fetched_at_utc"": ""2026-10-06T07:34:53.445749+00:00"", ""market_integrity"": ""safe_match_market"", ""odds_api_io"": true, ""odds_api_io_account"": ""account1"", ""raw_market_name"": ""spread"", ""requested_bookmakers"": ""Bet365,Unibet""}",1
soccer|changchun yatai|yanbian longding|2026-10-06,spreads|changchun yatai|1.50|home,odds_api_io,Bet365,spreads,Changchun Yatai,1.071,2026-10-06T07:34:53.445749+00:00,1.5,home,,"{""configured_bookmakers"": ""Bet365,Unibet"", ""entitlement_fallback_used"": false, ""fetched_at_utc"": ""2026-10-06T07:34:53.445749+00:00"", ""market_integrity"": ""safe_match_market"", ""odds_api_io"": true, ""odds_api_io_account"": ""account1"", ""raw_market_name"": ""spread"", ""requested_bookmakers"": ""Bet365,Unibet""}",1
soccer|changchun yatai|yanbian longding|2026-10-06,spreads|yanbian longding|-1.50|away,odds_api_io,Bet365,spreads,Yanbian Longding,9.0,2026-10-06T07:34:53.445749+00:00,-1.5,away,,"{""configured_bookmakers"": ""Bet365,Unibet"", ""entitlement_fallback_used"": false, ""fetched_at_utc"": ""2026-10-06T07:34:53.445749+00:00"", ""market_integrity"": ""safe_match_market"", ""odds_api_io"": true, ""odds_api_io_account"": ""account1"", ""raw_market_name"": ""spread"", ""requested_bookmakers"": ""Bet365,Unibet""}",1
soccer|changchun yatai|yanbian longding|2026-10-06,totals|over|0.50|,odds_api_io,Bet365,totals,Over,1.062,2026-10-06T07:34:53.445749+00:00,0.5,,,"{""configured_bookmakers"": ""Bet365,Unibet"", ""entitlement_fallback_used"": false, ""fetched_at_utc"": ""2026-10-06T07:34:53.445749+00:00"", ""market_integrity"": ""safe_match_market"", ""odds_api_io"": true, ""odds_api_io_account"": ""account1"", ""raw_market_name"": ""totals"", ""requested_bookmakers"": ""Bet365,Unibet""}",1
soccer|changchun yatai|yanbian longding|2026-10-06,totals|under|0.50|,odds_api_io,Bet365,totals,Under,8.0,2026-10-06T07:34:53.445749+00:00,0.5,,,"{""configured_bookmakers"": ""Bet365,Unibet"", ""entitlement_fallback_used"": false, ""fetched_at_utc"": ""2026-10-06T07:34:53.445749+00:00"", ""market_integrity"": ""safe_match_market"", ""odds_api_io"": true, ""odds_api_io_account"": ""account1"", ""raw_market_name"": ""totals"", ""requested_bookmakers"": ""Bet365,Unibet""}",1
soccer|changchun yatai|yanbian longding|2026-10-06,totals|over|1.25|,odds_api_io,Bet365,totals,Over,1.19,2026-10-06T07:34:53.445749+00:00,1.25,,,"{""configured_bookmakers"": ""Bet365,Unibet"", ""entitlement_fallback_used"": false, ""fetched_at_utc"": ""2026-10-06T07:34:53.445749+00:00"", ""market_integrity"": ""safe_match_market"", ""odds_api_io"": true, ""odds_api_io_account"": ""account1"", ""raw_market_name"": ""totals"", ""requested_bookmakers"": ""Bet365,Unibet""}",1
soccer|changchun yatai|yanbian longding|2026-10-06,totals|under|1.25|,odds_api_io,Bet365,totals,Under,4.5,2026-10-06T07:34:53.445749+00:00,1.25,,,"{""configured_bookmakers"": ""Bet365,Unibet"", ""entitlement_fallback_used"": false, ""fetched_at_utc"": ""2026-10-06T07:34:53.445749+00:00"", ""market_integrity"": ""safe_match_market"", ""odds_api_io"": true, ""odds_api_io_account"": ""account1"", ""raw_market_name"": ""totals"", ""requested_bookmakers"": ""Bet365,Unibet""}",1
soccer|changchun yatai|yanbian longding|2026-10-06,totals|over|1.50|,odds_api_io,Bet365,totals,Over,1.285,2026-10-06T07:34:53.445749+00:00,1.5,,,"{""configured_bookmakers"": ""Bet365,Unibet"", ""entitlement_fallback_used"": false, ""fetched_at_utc"": ""2026-10-06T07:34:53.445749+00:00"", ""market_integrity"": ""safe_match_market"", ""odds_api_io"": true, ""odds_api_io_account"": ""account1"", ""raw_market_name"": ""totals"", ""requested_bookmakers"": ""Bet365,Unibet""}",1
soccer|changchun yatai|yanbian longding|2026-10-06,totals|under|1.50|,odds_api_io,Bet365,totals,Under,3.5,2026-10-06T07:34:53.445749+00:00,1.5,,,"{""configured_bookmakers"": ""Bet365,Unibet"", ""entitlement_fallback_used"": false, ""fetched_at_utc"": ""2026-10-06T07:34:53.445749+00:00"", ""market_integrity"": ""safe_match_market"", ""odds_api_io"": true, ""odds_api_io_account"": ""account1"", ""raw_market_name"": ""totals"", ""requested_bookmakers"": ""Bet365,Unibet""}",1
soccer|changchun yatai|yanbian longding|2026-10-06,totals|over|1.75|,odds_api_io,Bet365,totals,Over,1.375,2026-10-06T07:34:53.445749+00:00,1.75,,,"{""configured_bookmakers"": ""Bet365,Unibet"", ""entitlement_fallback_used"": false, ""fetched_at_utc"": ""2026-10-06T07:34:53.445749+00:00"", ""market_integrity"": ""safe_match_market"", ""odds_api_io"": true, ""odds_api_io_account"": ""account1"", ""raw_market_name"": ""totals"", ""requested_bookmakers"": ""Bet365,Unibet""}",1
soccer|changchun yatai|yanbian longding|2026-10-06,totals|under|1.75|,odds_api_io,Bet365,totals,Under,3.0,2026-10-06T07:34:53.445749+00:00,1.75,,,"{""configured_bookmakers"": ""Bet365,Unibet"", ""entitlement_fallback_used"": false, ""fetched_at_utc"": ""2026-10-06T07:34:53.445749+00:00"", ""market_integrity"": ""safe_match_market"", ""odds_api_io"": true, ""odds_api_io_account"": ""account1"", ""raw_market_name"": ""totals"", ""requested_bookmakers"": ""Bet365,Unibet""}",1
soccer|changchun yatai|yanbian longding|2026-10-06,totals|over|2.00|,odds_api_io,Bet365,totals,Over,1.475,2026-10-06T07:34:53.445749+00:00,2.0,,,"{""configured_bookmakers"": ""Bet365,Unibet"", ""entitlement_fallback_used"": false, ""fetched_at_utc"": ""2026-10-06T07:34:53.445749+00:00"", ""market_integrity"": ""safe_match_market"", ""odds_api_io"": true, ""odds_api_io_account"": ""account1"", ""raw_market_name"": ""totals"", ""requested_bookmakers"": ""Bet365,Unibet""}",1
soccer|changchun yatai|yanbian longding|2026-10-06,totals|under|2.00|,odds_api_io,Bet365,totals,Under,2.6,2026-10-06T07:34:53.445749+00:00,2.0,,,"{""configured_bookmakers"": ""Bet365,Unibet"", ""entitlement_fallback_used"": false, ""fetched_at_utc"": ""2026-10-06T07:34:53.445749+00:00"", ""market_integrity"": ""safe_match_market"", ""odds_api_io"": true, ""odds_api_io_account"": ""account1"", ""raw_market_name"": ""totals"", ""requested_bookmakers"": ""Bet365,Unibet""}",1
soccer|changchun yatai|yanbian longding|2026-10-06,totals|over|2.50|,odds_api_io,Bet365,totals,Over,1.95,2026-10-06T07:34:53.445749+00:00,2.5,,,"{""configured_bookmakers"": ""Bet365,Unibet"", ""entitlement_fallback_used"": false, ""fetched_at_utc"": ""2026-10-06T07:34:53.445749+00:00"", ""market_integrity"": ""safe_match_market"", ""odds_api_io"": true, ""odds_api_io_account"": ""account1"", ""raw_market_name"": ""totals"", ""requested_bookmakers"": ""Bet365,Unibet""}",1
soccer|changchun yatai|yanbian longding|2026-10-06,totals|under|2.50|,odds_api_io,Bet365,totals,Under,1.85,2026-10-06T07:34:53.445749+00:00,2.5,,,"{""configured_bookmakers"": ""Bet365,Unibet"", ""entitlement_fallback_used"": false, ""fetched_at_utc"": ""2026-10-06T07:34:53.445749+00:00"", ""market_integrity"": ""safe_match_market"", ""odds_api_io"": true, ""odds_api_io_account"": ""account1"", ""raw_market_name"": ""totals"", ""requested_bookmakers"": ""Bet365,Unibet""}",1
soccer|changchun yatai|yanbian longding|2026-10-06,totals|over|2.75|,odds_api_io,Bet365,totals,Over,2.2,2026-10-06T07:34:53.445749+00:00,2.75,,,"{""configured_bookmakers"": ""Bet365,Unibet"", ""entitlement_fallback_used"": false, ""fetched_at_utc"": ""2026-10-06T07:34:53.445749+00:00"", ""market_integrity"": ""safe_match_market"", ""odds_api_io"": true, ""odds_api_io_account"": ""account1"", ""raw_market_name"": ""totals"", ""requested_bookmakers"": ""Bet365,Unibet""}",1
soccer|changchun yatai|yanbian longding|2026-10-06,totals|under|2.75|,odds_api_io,Bet365,totals,Under,1.65,2026-10-06T07:34:53.445749+00:00,2.75,,,"{""configured_bookmakers"": ""Bet365,Unibet"", ""entitlement_fallback_used"": false, ""fetched_at_utc"": ""2026-10-06T07:34:53.445749+00:00"", ""market_integrity"": ""safe_match_market"", ""odds_api_io"": true, ""odds_api_io_account"": ""account1"", ""raw_market_name"": ""totals"", ""requested_bookmakers"": ""Bet365,Unibet""}",1
soccer|changchun yatai|yanbian longding|2026-10-06,totals|over|3.00|,odds_api_io,Bet365,totals,Over,2.675,2026-10-06T07:34:53.445749+00:00,3.0,,,"{""configured_bookmakers"": ""Bet365,Unibet"", ""entitlement_fallback_used"": false, ""fetched_at_utc"": ""2026-10-06T07:34:53.445749+00:00"", ""market_integrity"": ""safe_match_market"", ""odds_api_io"": true, ""odds_api_io_account"": ""account1"", ""raw_market_name"": ""totals"", ""requested_bookmakers"": ""Bet365,Unibet""}",1
soccer|changchun yatai|yanbian longding|2026-10-06,totals|under|3.00|,odds_api_io,Bet365,totals,Under,1.45,2026-10-06T07:34:53.445749+00:00,3.0,,,"{""configured_bookmakers"": ""Bet365,Unibet"", ""entitlement_fallback_used"": false, ""fetched_at_utc"": ""2026-10-06T07:34:53.445749+00:00"", ""market_integrity"": ""safe_match_market"", ""odds_api_io"": true, ""odds_api_io_account"": ""account1"", ""raw_market_name"": ""totals"", ""requested_bookmakers"": ""Bet365,Unibet""}",1
soccer|changchun yatai|yanbian longding|2026-10-06,totals|over|3.25|,odds_api_io,Bet365,totals,Over,3.0,2026-10-06T07:34:53.445749+00:00,3.25,,,"{""configured_bookmakers"": ""Bet365,Unibet"", ""entitlement_fallback_used"": false, ""fetched_at_utc"": ""2026-10-06T07:34:53.445749+00:00"", ""market_integrity"": ""safe_match_market"", ""odds_api_io"": true, ""odds_api_io_account"": ""account1"", ""raw_market_name"": ""totals"", ""requested_bookmakers"": ""Bet365,Unibet""}",1
soccer|changchun yatai|yanbian longding|2026-10-06,totals|under|3.25|,odds_api_io,Bet365,totals,Under,1.375,2026-10-06T07:34:53.445749+00:00,3.25,,,"{""configured_bookmakers"": ""Bet365,Unibet"", ""entitlement_fallback_used"": false, ""fetched_at_utc"": ""2026-10-06T07:34:53.445749+00:00"", ""market_integrity"": ""safe_match_market"", ""odds_api_io"": true, ""odds_api_io_account"": ""account1"", ""raw_market_name"": ""totals"", ""requested_bookmakers"": ""Bet365,Unibet""}",1
soccer|changchun yatai|yanbian longding|2026-10-06,totals|over|3.50|,odds_api_io,Bet365,totals,Over,3.4,2026-10-06T07:34:53.445749+00:00,3.5,,,"{""configured_bookmakers"": ""Bet365,Unibet"", ""entitlement_fallback_used"": false, ""fetched_at_utc"": ""2026-10-06T07:34:53.445749+00:00"", ""market_integrity"": ""safe_match_market"", ""odds_api_io"": true, ""odds_api_io_account"": ""account1"", ""raw_market_name"": ""totals"", ""requested_bookmakers"": ""Bet365,Unibet""}",1
soccer|changchun yatai|yanbian longding|2026-10-06,totals|under|3.50|,odds_api_io,Bet365,totals,Under,1.3,2026-10-06T07:34:53.445749+00:00,3.5,,,"{""configured_bookmakers"": ""Bet365,Unibet"", ""entitlement_fallback_used"": false, ""fetched_at_utc"": ""2026-10-06T07:34:53.445749+00:00"", ""market_integrity"": ""safe_match_market"", ""odds_api_io"": true, ""odds_api_io_account"": ""account1"", ""raw_market_name"": ""totals"", ""requested_bookmakers"": ""Bet365,Unibet""}",1
soccer|changchun yatai|yanbian longding|2026-10-06,totals|over|3.75|,odds_api_io,Bet365,totals,Over,4.1,2026-10-06T07:34:53.445749+00:00,3.75,,,"{""configured_bookmakers"": ""Bet365,Unibet"", ""entitlement_fallback_used"": false, ""fetched_at_utc"": ""2026-10-06T07:34:53.445749+00:00"", ""market_integrity"": ""safe_match_market"", ""odds_api_io"": true, ""odds_api_io_account"": ""account1"", ""raw_market_name"": ""totals"", ""requested_bookmakers"": ""Bet365,Unibet""}",1
soccer|changchun yatai|yanbian longding|2026-10-06,totals|under|3.75|,odds_api_io,Bet365,totals,Under,1.225,2026-10-06T07:34:53.445749+00:00,3.75,,,"{""configured_bookmakers"": ""Bet365,Unibet"", ""entitlement_fallback_used"": false, ""fetched_at_utc"": ""2026-10-06T07:34:53.445749+00:00"", ""market_integrity"": ""safe_match_market"", ""odds_api_io"": true, ""odds_api_io_account"": ""account1"", ""raw_market_name"": ""totals"", ""requested_bookmakers"": ""Bet365,Unibet""}",1
soccer|changchun yatai|yanbian longding|2026-10-06,totals|over|4.00|,odds_api_io,Bet365,totals,Over,5.75,2026-10-06T07:34:53.445749+00:00,4.0,,,"{""configured_bookmakers"": ""Bet365,Unibet"", ""entitlement_fallback_used"": false, ""fetched_at_utc"": ""2026-10-06T07:34:53.445749+00:00"", ""market_integrity"": ""safe_match_market"", ""odds_api_io"": true, ""odds_api_io_account"": ""account1"", ""raw_market_name"": ""totals"", ""requested_bookmakers"": ""Bet365,Unibet""}",1
soccer|changchun yatai|yanbian longding|2026-10-06,totals|under|4.00|,odds_api_io,Bet365,totals,Under,1.14,2026-10-06T07:34:53.445749+00:00,4.0,,,"{""configured_bookmakers"": ""Bet365,Unibet"", ""entitlement_fallback_used"": false, ""fetched_at_utc"": ""2026-10-06T07:34:53.445749+00:00"", ""market_integrity"": ""safe_match_market"", ""odds_api_io"": true, ""odds_api_io_account"": ""account1"", ""raw_market_name"": ""totals"", ""requested_bookmakers"": ""Bet365,Unibet""}",1
soccer|changchun yatai|yanbian longding|2026-10-06,totals|over|4.25|,odds_api_io,Bet365,totals,Over,6.0,2026-10-06T07:34:53.445749+00:00,4.25,,,"{""configured_bookmakers"": ""Bet365,Unibet"", ""entitlement_fallback_used"": false, ""fetched_at_utc"": ""2026-10-06T07:34:53.445749+00:00"", ""market_integrity"": ""safe_match_market"", ""odds_api_io"": true, ""odds_api_io_account"": ""account1"", ""raw_market_name"": ""totals"", ""requested_bookmakers"": ""Bet365,Unibet""}",1
soccer|changchun yatai|yanbian longding|2026-10-06,totals|under|4.25|,odds_api_io,Bet365,totals,Under,1.125,2026-10-06T07:34:53.445749+00:00,4.25,,,"{""configured_bookmakers"": ""Bet365,Unibet"", ""entitlement_fallback_used"": false, ""fetched_at_utc"": ""2026-10-06T07:34:53.445749+00:00"", ""market_integrity"": ""safe_match_market"", ""odds_api_io"": true, ""odds_api_io_account"": ""account1"", ""raw_market_name"": ""totals"", ""requested_bookmakers"": ""Bet365,Unibet""}",1
soccer|changchun yatai|yanbian longding|2026-10-06,totals|over|4.50|,odds_api_io,Bet365,totals,Over,6.0,2026-10-06T07:34:53.445749+00:00,4.5,,,"{""configured_bookmakers"": ""Bet365,Unibet"", ""entitlement_fallback_used"": false, ""fetched_at_utc"": ""2026-10-06T07:34:53.445749+00:00"", ""market_integrity"": ""safe_match_market"", ""odds_api_io"": true, ""odds_api_io_account"": ""account1"", ""raw_market_name"": ""totals"", ""requested_bookmakers"": ""Bet365,Unibet""}",1
soccer|changchun yatai|yanbian longding|2026-10-06,totals|under|4.50|,odds_api_io,Bet365,totals,Under,1.111,2026-10-06T07:34:53.445749+00:00,4.5,,,"{""configured_bookmakers"": ""Bet365,Unibet"", ""entitlement_fallback_used"": false, ""fetched_at_utc"": ""2026-10-06T07:34:53.445749+00:00"", ""market_integrity"": ""safe_match_market"", ""odds_api_io"": true, ""odds_api_io_account"": ""account1"", ""raw_market_name"": ""totals"", ""requested_bookmakers"": ""Bet365,Unibet""}",1
soccer|changchun yatai|yanbian longding|2026-10-06,totals|over|5.50|,odds_api_io,Bet365,totals,Over,10.0,2026-10-06T07:34:53.445749+00:00,5.5,,,"{""configured_bookmakers"": ""Bet365,Unibet"", ""entitlement_fallback_used"": false, ""fetched_at_utc"": ""2026-10-06T07:34:53.445749+00:00"", ""market_integrity"": ""safe_match_market"", ""odds_api_io"": true, ""odds_api_io_account"": ""account1"", ""raw_market_name"": ""totals"", ""requested_bookmakers"": ""Bet365,Unibet""}",1
soccer|changchun yatai|yanbian longding|2026-10-06,totals|under|5.50|,odds_api_io,Bet365,totals,Under,1.03,2026-10-06T07:34:53.445749+00:00,5.5,,,"{""configured_bookmakers"": ""Bet365,Unibet"", ""entitlement_fallback_used"": false, ""fetched_at_utc"": ""2026-10-06T07:34:53.445749+00:00"", ""market_integrity"": ""safe_match_market"", ""odds_api_io"": true, ""odds_api_io_account"": ""account1"", ""raw_market_name"": ""totals"", ""requested_bookmakers"": ""Bet365,Unibet""}",1
soccer|changchun yatai|yanbian longding|2026-10-06,totals|over|6.50|,odds_api_io,Bet365,totals,Over,15.0,2026-10-06T07:34:53.445749+00:00,6.5,,,"{""configured_bookmakers"": ""Bet365,Unibet"", ""entitlement_fallback_used"": false, ""fetched_at_utc"": ""2026-10-06T07:34:53.445749+00:00"", ""market_integrity"": ""safe_match_market"", ""odds_api_io"": true, ""odds_api_io_account"": ""account1"", ""raw_market_name"": ""totals"", ""requested_bookmakers"": ""Bet365,Unibet""}",1
soccer|changchun yatai|yanbian longding|2026-10-06,totals|under|6.50|,odds_api_io,Bet365,totals,Under,1.01,2026-10-06T07:34:53.445749+00:00,6.5,,,"{""configured_bookmakers"": ""Bet365,Unibet"", ""entitlement_fallback_used"": false, ""fetched_at_utc"": ""2026-10-06T07:34:53.445749+00:00"", ""market_integrity"": ""safe_match_market"", ""odds_api_io"": true, ""odds_api_io_account"": ""account1"", ""raw_market_name"": ""totals"", ""requested_bookmakers"": ""Bet365,Unibet""}",1
soccer|changchun yatai|yanbian longding|2026-10-06,totals|over|7.50|,odds_api_io,Bet365,totals,Over,21.0,2026-10-06T07:34:53.445749+00:00,7.5,,,"{""configured_bookmakers"": ""Bet365,Unibet"", ""entitlement_fallback_used"": false, ""fetched_at_utc"": ""2026-10-06T07:34:53.445749+00:00"", ""market_integrity"": ""safe_match_market"", ""odds_api_io"": true, ""odds_api_io_account"": ""account1"", ""raw_market_name"": ""totals"", ""requested_bookmakers"": ""Bet365,Unibet""}",1
soccer|changchun yatai|yanbian longding|2026-10-06,totals|under|7.50|,odds_api_io,Bet365,totals,Under,1.002,2026-10-06T07:34:53.445749+00:00,7.5,,,"{""configured_bookmakers"": ""Bet365,Unibet"", ""entitlement_fallback_used"": false, ""fetched_at_utc"": ""2026-10-06T07:34:53.445749+00:00"", ""market_integrity"": ""safe_match_market"", ""odds_api_io"": true, ""odds_api_io_account"": ""account1"", ""raw_market_name"": ""totals"", ""requested_bookmakers"": ""Bet365,Unibet""}",1
soccer|changchun yatai|yanbian longding|2026-10-06,btts|yes||,odds_api_io,Bet365,btts,Yes,1.833,2026-10-06T07:34:53.445749+00:00,,,,"{""configured_bookmakers"": ""Bet365,Unibet"", ""entitlement_fallback_used"": false, ""fetched_at_utc"": ""2026-10-06T07:34:53.445749+00:00"", ""market_integrity"": ""safe_match_market"", ""odds_api_io"": true, ""odds_api_io_account"": ""account1"", ""raw_market_name"": ""both teams to score"", ""requested_bookmakers"": ""Bet365,Unibet""}",1
soccer|changchun yatai|yanbian longding|2026-10-06,btts|no||,odds_api_io,Bet365,btts,No,1.833,2026-10-06T07:34:53.445749+00:00,,,,"{""configured_bookmakers"": ""Bet365,Unibet"", ""entitlement_fallback_used"": false, ""fetched_at_utc"": ""2026-10-06T07:34:53.445749+00:00"", ""market_integrity"": ""safe_match_market"", ""odds_api_io"": true, ""odds_api_io_account"": ""account1"", ""raw_market_name"": ""both teams to score"", ""requested_bookmakers"": ""Bet365,Unibet""}",1
soccer|changchun yatai|yanbian longding|2026-10-06,teamTotals|over|0.50|home,odds_api_io,Bet365,teamTotals,Over,1.222,2026-10-06T07:34:53.445749+00:00,0.5,home,,"{""configured_bookmakers"": ""Bet365,Unibet"", ""entitlement_fallback_used"": false, ""fetched_at_utc"": ""2026-10-06T07:34:53.445749+00:00"", ""market_integrity"": ""safe_match_market"", ""odds_api_io"": true, ""odds_api_io_account"": ""account1"", ""raw_market_name"": ""team total home"", ""requested_bookmakers"": ""Bet365,Unibet""}",1
soccer|changchun yatai|yanbian longding|2026-10-06,teamTotals|under|0.50|home,odds_api_io,Bet365,teamTotals,Under,4.0,2026-10-06T07:34:53.445749+00:00,0.5,home,,"{""configured_bookmakers"": ""Bet365,Unibet"", ""entitlement_fallback_used"": false, ""fetched_at_utc"": ""2026-10-06T07:34:53.445749+00:00"", ""market_integrity"": ""safe_match_market"", ""odds_api_io"": true, ""odds_api_io_account"": ""account1"", ""raw_market_name"": ""team total home"", ""requested_bookmakers"": ""Bet365,Unibet""}",1
soccer|changchun yatai|yanbian longding|2026-10-06,teamTotals|over|1.50|home,odds_api_io,Bet365,teamTotals,Over,2.0,2026-10-06T07:34:53.445749+00:00,1.5,home,,"{""configured_bookmakers"": ""Bet365,Unibet"", ""entitlement_fallback_used"": false, ""fetched_at_utc"": ""2026-10-06T07:34:53.445749+00:00"", ""market_integrity"": ""safe_match_market"", ""odds_api_io"": true, ""odds_api_io_account"": ""account1"", ""raw_market_name"": ""team total home"", ""requested_bookmakers"": ""Bet365,Unibet""}",1
soccer|changchun yatai|yanbian longding|2026-10-06,teamTotals|under|1.50|home,odds_api_io,Bet365,teamTotals,Under,1.727,2026-10-06T07:34:53.445749+00:00,1.5,home,,"{""configured_bookmakers"": ""Bet365,Unibet"", ""entitlement_fallback_used"": false, ""fetched_at_utc"": ""2026-10-06T07:34:53.445749+00:00"", ""market_integrity"": ""safe_match_market"", ""odds_api_io"": true, ""odds_api_io_account"": ""account1"", ""raw_market_name"": ""team total home"", ""requested_bookmakers"": ""Bet365,Unibet""}",1
soccer|changchun yatai|yanbian longding|2026-10-06,teamTotals|over|2.50|home,odds_api_io,Bet365,teamTotals,Over,4.333,2026-10-06T07:34:53.445749+00:00,2.5,home,,"{""configured_bookmakers"": ""Bet365,Unibet"", ""entitlement_fallback_used"": false, ""fetched_at_utc"": ""2026-10-06T07:34:53.445749+00:00"", ""market_integrity"": ""safe_match_market"", ""odds_api_io"": true, ""odds_api_io_account"": ""account1"", ""raw_market_name"": ""team total home"", ""requested_bookmakers"": ""Bet365,Unibet""}",1
soccer|changchun yatai|yanbian longding|2026-10-06,teamTotals|under|2.50|home,odds_api_io,Bet365,teamTotals,Under,1.2,2026-10-06T07:34:53.445749+00:00,2.5,home,,"{""configured_bookmakers"": ""Bet365,Unibet"", ""entitlement_fallback_used"": false, ""fetched_at_utc"": ""2026-10-06T07:34:53.445749+00:00"", ""market_integrity"": ""safe_match_market"", ""odds_api_io"": true, ""odds_api_io_account"": ""account1"", ""raw_market_name"": ""team total home"", ""requested_bookmakers"": ""Bet365,Unibet""}",1
soccer|changchun yatai|yanbian longding|2026-10-06,teamTotals|over|3.50|home,odds_api_io,Bet365,teamTotals,Over,8.5,2026-10-06T07:34:53.445749+00:00,3.5,home,,"{""configured_bookmakers"": ""Bet365,Unibet"", ""entitlement_fallback_used"": false, ""fetched_at_utc"": ""2026-10-06T07:34:53.445749+00:00"", ""market_integrity"": ""safe_match_market"", ""odds_api_io"": true, ""odds_api_io_account"": ""account1"", ""raw_market_name"": ""team total home"", ""requested_bookmakers"": ""Bet365,Unibet""}",1
soccer|changchun yatai|yanbian longding|2026-10-06,teamTotals|under|3.50|home,odds_api_io,Bet365,teamTotals,Under,1.05,2026-10-06T07:34:53.445749+00:00,3.5,home,,"{""configured_bookmakers"": ""Bet365,Unibet"", ""entitlement_fallback_used"": false, ""fetched_at_utc"": ""2026-10-06T07:34:53.445749+00:00"", ""market_integrity"": ""safe_match_market"", ""odds_api_io"": true, ""odds_api_io_account"": ""account1"", ""raw_market_name"": ""team total home"", ""requested_bookmakers"": ""Bet365,Unibet""}",1
soccer|changchun yatai|yanbian longding|2026-10-06,teamTotals|over|4.50|home,odds_api_io,Bet365,teamTotals,Over,15.0,2026-10-06T07:34:53.445749+00:00,4.5,home,,"{""configured_bookmakers"": ""Bet365,Unibet"", ""entitlement_fallback_used"": false, ""fetched_at_utc"": ""2026-10-06T07:34:53.445749+00:00"", ""market_integrity"": ""safe_match_market"", ""odds_api_io"": true, ""odds_api_io_account"": ""account1"", ""raw_market_name"": ""team total home"", ""requested_bookmakers"": ""Bet365,Unibet""}",1
soccer|changchun yatai|yanbian longding|2026-10-06,teamTotals|under|4.50|home,odds_api_io,Bet365,teamTotals,Under,1.01,2026-10-06T07:34:53.445749+00:00,4.5,home,,"{""configured_bookmakers"": ""Bet365,Unibet"", ""entitlement_fallback_used"": false, ""fetched_at_utc"": ""2026-10-06T07:34:53.445749+00:00"", ""market_integrity"": ""safe_match_market"", ""odds_api_io"": true, ""odds_api_io_account"": ""account1"", ""raw_market_name"": ""team total home"", ""requested_bookmakers"": ""Bet365,Unibet""}",1
soccer|changchun yatai|yanbian longding|2026-10-06,teamTotals|over|0.50|away,odds_api_io,Bet365,teamTotals,Over,1.5,2026-10-06T07:34:53.445749+00:00,0.5,away,,"{""configured_bookmakers"": ""Bet365,Unibet"", ""entitlement_fallback_used"": false, ""fetched_at_utc"": ""2026-10-06T07:34:53.445749+00:00"", ""market_integrity"": ""safe_match_market"", ""odds_api_io"": true, ""odds_api_io_account"": ""account1"", ""raw_market_name"": ""team total away"", ""requested_bookmakers"": ""Bet365,Unibet""}",1
soccer|changchun yatai|yanbian longding|2026-10-06,teamTotals|under|0.50|away,odds_api_io,Bet365,teamTotals,Under,2.5,2026-10-06T07:34:53.445749+00:00,0.5,away,,"{""configured_bookmakers"": ""Bet365,Unibet"", ""entitlement_fallback_used"": false, ""fetched_at_utc"": ""2026-10-06T07:34:53.445749+00:00"", ""market_integrity"": ""safe_match_market"", ""odds_api_io"": true, ""odds_api_io_account"": ""account1"", ""raw_market_name"": ""team total away"", ""requested_bookmakers"": ""Bet365,Unibet""}",1
soccer|changchun yatai|yanbian longding|2026-10-06,teamTotals|over|1.50|away,odds_api_io,Bet365,teamTotals,Over,3.4,2026-10-06T07:34:53.445749+00:00,1.5,away,,"{""configured_bookmakers"": ""Bet365,Unibet"", ""entitlement_fallback_used"": false, ""fetched_at_utc"": ""2026-10-06T07:34:53.445749+00:00"", ""market_integrity"": ""safe_match_market"", ""odds_api_io"": true, ""odds_api_io_account"": ""account1"", ""raw_market_name"": ""team total away"", ""requested_bookmakers"": ""Bet365,Unibet""}",1
soccer|changchun yatai|yanbian longding|2026-10-06,teamTotals|under|1.50|away,odds_api_io,Bet365,teamTotals,Under,1.3,2026-10-06T07:34:53.445749+00:00,1.5,away,,"{""configured_bookmakers"": ""Bet365,Unibet"", ""entitlement_fallback_used"": false, ""fetched_at_utc"": ""2026-10-06T07:34:53.445749+00:00"", ""market_integrity"": ""safe_match_market"", ""odds_api_io"": true, ""odds_api_io_account"": ""account1"", ""raw_market_name"": ""team total away"", ""requested_bookmakers"": ""Bet365,Unibet""}",1
soccer|changchun yatai|yanbian longding|2026-10-06,teamTotals|over|2.50|away,odds_api_io,Bet365,teamTotals,Over,8.0,2026-10-06T07:34:53.445749+00:00,2.5,away,,"{""configured_bookmakers"": ""Bet365,Unibet"", ""entitlement_fallback_used"": false, ""fetched_at_utc"": ""2026-10-06T07:34:53.445749+00:00"", ""market_integrity"": ""safe_match_market"", ""odds_api_io"": true, ""odds_api_io_account"": ""account1"", ""raw_market_name"": ""team total away"", ""requested_bookmakers"": ""Bet365,Unibet""}",1
soccer|changchun yatai|yanbian longding|2026-10-06,teamTotals|under|2.50|away,odds_api_io,Bet365,teamTotals,Under,1.062,2026-10-06T07:34:53.445749+00:00,2.5,away,,"{""configured_bookmakers"": ""Bet365,Unibet"", ""entitlement_fallback_used"": false, ""fetched_at_utc"": ""2026-10-06T07:34:53.445749+00:00"", ""market_integrity"": ""safe_match_market"", ""odds_api_io"": true, ""odds_api_io_account"": ""account1"", ""raw_market_name"": ""team total away"", ""requested_bookmakers"": ""Bet365,Unibet""}",1
soccer|changchun yatai|yanbian longding|2026-10-06,teamTotals|over|3.50|away,odds_api_io,Bet365,teamTotals,Over,15.0,2026-10-06T07:34:53.445749+00:00,3.5,away,,"{""configured_bookmakers"": ""Bet365,Unibet"", ""entitlement_fallback_used"": false, ""fetched_at_utc"": ""2026-10-06T07:34:53.445749+00:00"", ""market_integrity"": ""safe_match_market"", ""odds_api_io"": true, ""odds_api_io_account"": ""account1"", ""raw_market_name"": ""team total away"", ""requested_bookmakers"": ""Bet365,Unibet""}",1
soccer|changchun yatai|yanbian longding|2026-10-06,teamTotals|under|3.50|away,odds_api_io,Bet365,teamTotals,Under,1.01,2026-10-06T07:34:53.445749+00:00,3.5,away,,"{""configured_bookmakers"": ""Bet365,Unibet"", ""entitlement_fallback_used"": false, ""fetched_at_utc"": ""2026-10-06T07:34:53.445749+00:00"", ""market_integrity"": ""safe_match_market"", ""odds_api_io"": true, ""odds_api_io_account"": ""account1"", ""raw_market_name"": ""team total away"", ""requested_bookmakers"": ""Bet365,Unibet""}",1
soccer|changchun yatai|yanbian longding|2026-10-06,h2h|changchun yatai||,odds_api_io,Unibet,h2h,Changchun Yatai,2.08,2026-10-06T07:34:53.445749+00:00,,,,"{""configured_bookmakers"": ""Bet365,Unibet"", ""entitlement_fallback_used"": false, ""fetched_at_utc"": ""2026-10-06T07:34:53.445749+00:00"", ""market_integrity"": ""safe_match_market"", ""odds_api_io"": true, ""odds_api_io_account"": ""account1"", ""raw_market_name"": ""ml"", ""requested_bookmakers"": ""Bet365,Unibet""}",1
soccer|changchun yatai|yanbian longding|2026-10-06,h2h|draw||,odds_api_io,Unibet,h2h,Draw,3.15,2026-10-06T07:34:53.445749+00:00,,,,"{""configured_bookmakers"": ""Bet365,Unibet"", ""entitlement_fallback_used"": false, ""fetched_at_utc"": ""2026-10-06T07:34:53.445749+00:00"", ""market_integrity"": ""safe_match_market"", ""odds_api_io"": true, ""odds_api_io_account"": ""account1"", ""raw_market_name"": ""ml"", ""requested_bookmakers"": ""Bet365,Unibet""}",1
soccer|changchun yatai|yanbian longding|2026-10-06,h2h|yanbian longding||,odds_api_io,Unibet,h2h,Yanbian Longding,3.25,2026-10-06T07:34:53.445749+00:00,,,,"{""configured_bookmakers"": ""Bet365,Unibet"", ""entitlement_fallback_used"": false, ""fetched_at_utc"": ""2026-10-06T07:34:53.445749+00:00"", ""market_integrity"": ""safe_match_market"", ""odds_api_io"": true, ""odds_api_io_account"": ""account1"", ""raw_market_name"": ""ml"", ""requested_bookmakers"": ""Bet365,Unibet""}",1
soccer|changchun yatai|yanbian longding|2026-10-06,dnb|changchun yatai||,odds_api_io,Unibet,dnb,Changchun Yatai,1.47,2026-10-06T07:34:53.445749+00:00,,,,"{""configured_bookmakers"": ""Bet365,Unibet"", ""entitlement_fallback_used"": false, ""fetched_at_utc"": ""2026-10-06T07:34:53.445749+00:00"", ""market_integrity"": ""safe_match_market"", ""odds_api_io"": true, ""odds_api_io_account"": ""account1"", ""raw_market_name"": ""draw no bet"", ""requested_bookmakers"": ""Bet365,Unibet""}",1
soccer|changchun yatai|yanbian longding|2026-10-06,dnb|yanbian longding||,odds_api_io,Unibet,dnb,Yanbian Longding,2.23,2026-10-06T07:34:53.445749+00:00,,,,"{""configured_bookmakers"": ""Bet365,Unibet"", ""entitlement_fallback_used"": false, ""fetched_at_utc"": ""2026-10-06T07:34:53.445749+00:00"", ""market_integrity"": ""safe_match_market"", ""odds_api_io"": true, ""odds_api_io_account"": ""account1"", ""raw_market_name"": ""draw no bet"", ""requested_bookmakers"": ""Bet365,Unibet""}",1
soccer|changchun yatai|yanbian longding|2026-10-06,totals|over|1.50|,odds_api_io,Unibet,totals,Over,1.3,2026-10-06T07:34:53.445749+00:00,1.5,,,"{""configured_bookmakers"": ""Bet365,Unibet"", ""entitlement_fallback_used"": false, ""fetched_at_utc"": ""2026-10-06T07:34:53.445749+00:00"", ""market_integrity"": ""safe_match_market"", ""odds_api_io"": true, ""odds_api_io_account"": ""account1"", ""raw_market_name"": ""totals"", ""requested_bookmakers"": ""Bet365,Unibet""}",1
soccer|changchun yatai|yanbian longding|2026-10-06,totals|under|1.50|,odds_api_io,Unibet,totals,Under,3.1,2026-10-06T07:34:53.445749+00:00,1.5,,,"{""configured_bookmakers"": ""Bet365,Unibet"", ""entitlement_fallback_used"": false, ""fetched_at_utc"": ""2026-10-06T07:34:53.445749+00:00"", ""market_integrity"": ""safe_match_market"", ""odds_api_io"": true, ""odds_api_io_account"": ""account1"", ""raw_market_name"": ""totals"", ""requested_bookmakers"": ""Bet365,Unibet""}",1
soccer|changchun yatai|yanbian longding|2026-10-06,totals|over|2.50|,odds_api_io,Unibet,totals,Over,1.98,2026-10-06T07:34:53.445749+00:00,2.5,,,"{""configured_bookmakers"": ""Bet365,Unibet"", ""entitlement_fallback_used"": false, ""fetched_at_utc"": ""2026-10-06T07:34:53.445749+00:00"", ""market_integrity"": ""safe_match_market"", ""odds_api_io"": true, ""odds_api_io_account"": ""account1"", ""raw_market_name"": ""totals"", ""requested_bookmakers"": ""Bet365,Unibet""}",1
soccer|changchun yatai|yanbian longding|2026-10-06,totals|under|2.50|,odds_api_io,Unibet,totals,Under,1.73,2026-10-06T07:34:53.445749+00:00,2.5,,,"{""configured_bookmakers"": ""Bet365,Unibet"", ""entitlement_fallback_used"": false, ""fetched_at_utc"": ""2026-10-06T07:34:53.445749+00:00"", ""market_integrity"": ""safe_match_market"", ""odds_api_io"": true, ""odds_api_io_account"": ""account1"", ""raw_market_name"": ""totals"", ""requested_bookmakers"": ""Bet365,Unibet""}",1
soccer|changchun yatai|yanbian longding|2026-10-06,totals|over|3.50|,odds_api_io,Unibet,totals,Over,3.45,2026-10-06T07:34:53.445749+00:00,3.5,,,"{""configured_bookmakers"": ""Bet365,Unibet"", ""entitlement_fallback_used"": false, ""fetched_at_utc"": ""2026-10-06T07:34:53.445749+00:00"", ""market_integrity"": ""safe_match_market"", ""odds_api_io"": true, ""odds_api_io_account"": ""account1"", ""raw_market_name"": ""totals"", ""requested_bookmakers"": ""Bet365,Unibet""}",1
soccer|changchun yatai|yanbian longding|2026-10-06,totals|under|3.50|,odds_api_io,Unibet,totals,Under,1.26,2026-10-06T07:34:53.445749+00:00,3.5,,,"{""configured_bookmakers"": ""Bet365,Unibet"", ""entitlement_fallback_used"": false, ""fetched_at_utc"": ""2026-10-06T07:34:53.445749+00:00"", ""market_integrity"": ""safe_match_market"", ""odds_api_io"": true, ""odds_api_io_account"": ""account1"", ""raw_market_name"": ""totals"", ""requested_bookmakers"": ""Bet365,Unibet""}",1
soccer|changchun yatai|yanbian longding|2026-10-06,btts|yes||,odds_api_io,Unibet,btts,Yes,1.71,2026-10-06T07:34:53.445749+00:00,,,,"{""configured_bookmakers"": ""Bet365,Unibet"", ""entitlement_fallback_used"": false, ""fetched_at_utc"": ""2026-10-06T07:34:53.445749+00:00"", ""market_integrity"": ""safe_match_market"", ""odds_api_io"": true, ""odds_api_io_account"": ""account1"", ""raw_market_name"": ""both teams to score"", ""requested_bookmakers"": ""Bet365,Unibet""}",1
soccer|changchun yatai|yanbian longding|2026-10-06,btts|no||,odds_api_io,Unibet,btts,No,1.89,2026-10-06T07:34:53.445749+00:00,,,,"{""configured_bookmakers"": ""Bet365,Unibet"", ""entitlement_fallback_used"": false, ""fetched_at_utc"": ""2026-10-06T07:34:53.445749+00:00"", ""market_integrity"": ""safe_match_market"", ""odds_api_io"": true, ""odds_api_io_account"": ""account1"", ""raw_market_name"": ""both teams to score"", ""requested_bookmakers"": ""Bet365,Unibet""}",1
soccer|changchun yatai|yanbian longding|2026-10-06,teamTotals|over|1.50|home,odds_api_io,Unibet,teamTotals,Over,2.07,2026-10-06T07:34:53.445749+00:00,1.5,home,,"{""configured_bookmakers"": ""Bet365,Unibet"", ""entitlement_fallback_used"": false, ""fetched_at_utc"": ""2026-10-06T07:34:53.445749+00:00"", ""market_integrity"": ""safe_match_market"", ""odds_api_io"": true, ""odds_api_io_account"": ""account1"", ""raw_market_name"": ""team total home"", ""requested_bookmakers"": ""Bet365,Unibet""}",1
soccer|changchun yatai|yanbian longding|2026-10-06,teamTotals|under|1.50|home,odds_api_io,Unibet,teamTotals,Under,1.58,2026-10-06T07:34:53.445749+00:00,1.5,home,,"{""configured_bookmakers"": ""Bet365,Unibet"", ""entitlement_fallback_used"": false, ""fetched_at_utc"": ""2026-10-06T07:34:53.445749+00:00"", ""market_integrity"": ""safe_match_market"", ""odds_api_io"": true, ""odds_api_io_account"": ""account1"", ""raw_market_name"": ""team total home"", ""requested_bookmakers"": ""Bet365,Unibet""}",1
soccer|changchun yatai|yanbian longding|2026-10-06,teamTotals|over|1.50|away,odds_api_io,Unibet,teamTotals,Over,2.8,2026-10-06T07:34:53.445749+00:00,1.5,away,,"{""configured_bookmakers"": ""Bet365,Unibet"", ""entitlement_fallback_used"": false, ""fetched_at_utc"": ""2026-10-06T07:34:53.445749+00:00"", ""market_integrity"": ""safe_match_market"", ""odds_api_io"": true, ""odds_api_io_account"": ""account1"", ""raw_market_name"": ""team total away"", ""requested_bookmakers"": ""Bet365,Unibet""}",1
soccer|changchun yatai|yanbian longding|2026-10-06,teamTotals|under|1.50|away,odds_api_io,Unibet,teamTotals,Under,1.32,2026-10-06T07:34:53.445749+00:00,1.5,away,,"{""configured_bookmakers"": ""Bet365,Unibet"", ""entitlement_fallback_used"": false, ""fetched_at_utc"": ""2026-10-06T07:34:53.445749+00:00"", ""market_integrity"": ""safe_match_market"", ""odds_api_io"": true, ""odds_api_io_account"": ""account1"", ""raw_market_name"": ""team total away"", ""requested_bookmakers"": ""Bet365,Unibet""}",1
soccer|suzhou dongwu|wuxi wugou|2026-10-06,h2h|wuxi wugou||,odds_api_io,Bet365,h2h,Wuxi Wugou,2.05,2026-10-06T07:34:53.445749+00:00,,,,"{""configured_bookmakers"": ""Bet365,Unibet"", ""entitlement_fallback_used"": false, ""fetched_at_utc"": ""2026-10-06T07:34:53.445749+00:00"", ""market_integrity"": ""safe_match_market"", ""odds_api_io"": true, ""odds_api_io_account"": ""account1"", ""raw_market_name"": ""ml"", ""requested_bookmakers"": ""Bet365,Unibet""}",1
soccer|suzhou dongwu|wuxi wugou|2026-10-06,h2h|draw||,odds_api_io,Bet365,h2h,Draw,3.2,2026-10-06T07:34:53.445749+00:00,,,,"{""configured_bookmakers"": ""Bet365,Unibet"", ""entitlement_fallback_used"": false, ""fetched_at_utc"": ""2026-10-06T07:34:53.445749+00:00"", ""market_integrity"": ""safe_match_market"", ""odds_api_io"": true, ""odds_api_io_account"": ""account1"", ""raw_market_name"": ""ml"", ""requested_bookmakers"": ""Bet365,Unibet""}",1
soccer|suzhou dongwu|wuxi wugou|2026-10-06,h2h|suzhou dongwu||,odds_api_io,Bet365,h2h,Suzhou Dongwu,3.1,2026-10-06T07:34:53.445749+00:00,,,,"{""configured_bookmakers"": ""Bet365,Unibet"", ""entitlement_fallback_used"": false, ""fetched_at_utc"": ""2026-10-06T07:34:53.445749+00:00"", ""market_integrity"": ""safe_match_market"", ""odds_api_io"": true, ""odds_api_io_account"": ""account1"", ""raw_market_name"": ""ml"", ""requested_bookmakers"": ""Bet365,Unibet""}",1
soccer|suzhou dongwu|wuxi wugou|2026-10-06,dnb|wuxi wugou||,odds_api_io,Bet365,dnb,Wuxi Wugou,1.533,2026-10-06T07:34:53.445749+00:00,,,,"{""configured_bookmakers"": ""Bet365,Unibet"", ""entitlement_fallback_used"": false, ""fetched_at_utc"": ""2026-10-06T07:34:53.445749+00:00"", ""market_integrity"": ""safe_match_market"", ""odds_api_io"": true, ""odds_api_io_account"": ""account1"", ""raw_market_name"": ""draw no bet"", ""requested_bookmakers"": ""Bet365,Unibet""}",1
soccer|suzhou dongwu|wuxi wugou|2026-10-06,dnb|suzhou dongwu||,odds_api_io,Bet365,dnb,Suzhou Dongwu,2.375,2026-10-06T07:34:53.445749+00:00,,,,"{""configured_bookmakers"": ""Bet365,Unibet"", ""entitlement_fallback_used"": false, ""fetched_at_utc"": ""2026-10-06T07:34:53.445749+00:00"", ""market_integrity"": ""safe_match_market"", ""odds_api_io"": true, ""odds_api_io_account"": ""account1"", ""raw_market_name"": ""draw no bet"", ""requested_bookmakers"": ""Bet365,Unibet""}",1
soccer|suzhou dongwu|wuxi wugou|2026-10-06,spreads|wuxi wugou|-2.50|home,odds_api_io,Bet365,spreads,Wuxi Wugou,9.0,2026-10-06T07:34:53.445749+00:00,-2.5,home,,"{""configured_bookmakers"": ""Bet365,Unibet"", ""entitlement_fallback_used"": false, ""fetched_at_utc"": ""2026-10-06T07:34:53.445749+00:00"", ""market_integrity"": ""safe_match_market"", ""odds_api_io"": true, ""odds_api_io_account"": ""account1"", ""raw_market_name"": ""spread"", ""requested_bookmakers"": ""Bet365,Unibet""}",1
soccer|suzhou dongwu|wuxi wugou|2026-10-06,spreads|suzhou dongwu|2.50|away,odds_api_io,Bet365,spreads,Suzhou Dongwu,1.071,2026-10-06T07:34:53.445749+00:00,2.5,away,,"{""configured_bookmakers"": ""Bet365,Unibet"", ""entitlement_fallback_used"": false, ""fetched_at_utc"": ""2026-10-06T07:34:53.445749+00:00"", ""market_integrity"": ""safe_match_market"", ""odds_api_io"": true, ""odds_api_io_account"": ""account1"", ""raw_market_name"": ""spread"", ""requested_bookmakers"": ""Bet365,Unibet""}",1
soccer|suzhou dongwu|wuxi wugou|2026-10-06,spreads|wuxi wugou|-1.75|home,odds_api_io,Bet365,spreads,Wuxi Wugou,5.25,2026-10-06T07:34:53.445749+00:00,-1.75,home,,"{""configured_bookmakers"": ""Bet365,Unibet"", ""entitlement_fallback_used"": false, ""fetched_at_utc"": ""2026-10-06T07:34:53.445749+00:00"", ""market_integrity"": ""safe_match_market"", ""odds_api_io"": true, ""odds_api_io_account"": ""account1"", ""raw_market_name"": ""spread"", ""requested_bookmakers"": ""Bet365,Unibet""}",1
soccer|suzhou dongwu|wuxi wugou|2026-10-06,spreads|suzhou dongwu|1.75|away,odds_api_io,Bet365,spreads,Suzhou Dongwu,1.16,2026-10-06T07:34:53.445749+00:00,1.75,away,,"{""configured_bookmakers"": ""Bet365,Unibet"", ""entitlement_fallback_used"": false, ""fetched_at_utc"": ""2026-10-06T07:34:53.445749+00:00"", ""market_integrity"": ""safe_match_market"", ""odds_api_io"": true, ""odds_api_io_account"": ""account1"", ""raw_market_name"": ""spread"", ""requested_bookmakers"": ""Bet365,Unibet""}",1
soccer|suzhou dongwu|wuxi wugou|2026-10-06,spreads|wuxi wugou|-1.50|home,odds_api_io,Bet365,spreads,Wuxi Wugou,4.0,2026-10-06T07:34:53.445749+00:00,-1.5,home,,"{""configured_bookmakers"": ""Bet365,Unibet"", ""entitlement_fallback_used"": false, ""fetched_at_utc"": ""2026-10-06T07:34:53.445749+00:00"", ""market_integrity"": ""safe_match_market"", ""odds_api_io"": true, ""odds_api_io_account"": ""account1"", ""raw_market_name"": ""spread"", ""requested_bookmakers"": ""Bet365,Unibet""}",1
soccer|suzhou dongwu|wuxi wugou|2026-10-06,spreads|suzhou dongwu|1.50|away,odds_api_io,Bet365,spreads,Suzhou Dongwu,1.23,2026-10-06T07:34:53.445749+00:00,1.5,away,,"{""configured_bookmakers"": ""Bet365,Unibet"", ""entitlement_fallback_used"": false, ""fetched_at_utc"": ""2026-10-06T07:34:53.445749+00:00"", ""market_integrity"": ""safe_match_market"", ""odds_api_io"": true, ""odds_api_io_account"": ""account1"", ""raw_market_name"": ""spread"", ""requested_bookmakers"": ""Bet365,Unibet""}",1
soccer|suzhou dongwu|wuxi wugou|2026-10-06,spreads|wuxi wugou|-1.25|home,odds_api_io,Bet365,spreads,Wuxi Wugou,3.55,2026-10-06T07:34:53.445749+00:00,-1.25,home,,"{""configured_bookmakers"": ""Bet365,Unibet"", ""entitlement_fallback_used"": false, ""fetched_at_utc"": ""2026-10-06T07:34:53.445749+00:00"", ""market_integrity"": ""safe_match_market"", ""odds_api_io"": true, ""odds_api_io_account"": ""account1"", ""raw_market_name"": ""spread"", ""requested_bookmakers"": ""Bet365,Unibet""}",1
soccer|suzhou dongwu|wuxi wugou|2026-10-06,spreads|suzhou dongwu|1.25|away,odds_api_io,Bet365,spreads,Suzhou Dongwu,1.275,2026-10-06T07:34:53.445749+00:00,1.25,away,,"{""configured_bookmakers"": ""Bet365,Unibet"", ""entitlement_fallback_used"": false, ""fetched_at_utc"": ""2026-10-06T07:34:53.445749+00:00"", ""market_integrity"": ""safe_match_market"", ""odds_api_io"": true, ""odds_api_io_account"": ""account1"", ""raw_market_name"": ""spread"", ""requested_bookmakers"": ""Bet365,Unibet""}",1
soccer|suzhou dongwu|wuxi wugou|2026-10-06,spreads|wuxi wugou|-1.00|home,odds_api_io,Bet365,spreads,Wuxi Wugou,3.3,2026-10-06T07:34:53.445749+00:00,-1.0,home,,"{""configured_bookmakers"": ""Bet365,Unibet"", ""entitlement_fallback_used"": false, ""fetched_at_utc"": ""2026-10-06T07:34:53.445749+00:00"", ""market_integrity"": ""safe_match_market"", ""odds_api_io"": true, ""odds_api_io_account"": ""account1"", ""raw_market_name"": ""spread"", ""requested_bookmakers"": ""Bet365,Unibet""}",1
soccer|suzhou dongwu|wuxi wugou|2026-10-06,spreads|suzhou dongwu|1.00|away,odds_api_io,Bet365,spreads,Suzhou Dongwu,1.325,2026-10-06T07:34:53.445749+00:00,1.0,away,,"{""configured_bookmakers"": ""Bet365,Unibet"", ""entitlement_fallback_used"": false, ""fetched_at_utc"": ""2026-10-06T07:34:53.445749+00:00"", ""market_integrity"": ""safe_match_market"", ""odds_api_io"": true, ""odds_api_io_account"": ""account1"", ""raw_market_name"": ""spread"", ""requested_bookmakers"": ""Bet365,Unibet""}",1
soccer|suzhou dongwu|wuxi wugou|2026-10-06,spreads|wuxi wugou|-0.75|home,odds_api_io,Bet365,spreads,Wuxi Wugou,2.425,2026-10-06T07:34:53.445749+00:00,-0.75,home,,"{""configured_bookmakers"": ""Bet365,Unibet"", ""entitlement_fallback_used"": false, ""fetched_at_utc"": ""2026-10-06T07:34:53.445749+00:00"", ""market_integrity"": ""safe_match_market"", ""odds_api_io"": true, ""odds_api_io_account"": ""account1"", ""raw_market_name"": ""spread"", ""requested_bookmakers"": ""Bet365,Unibet""}",1
soccer|suzhou dongwu|wuxi wugou|2026-10-06,spreads|suzhou dongwu|0.75|away,odds_api_io,Bet365,spreads,Suzhou Dongwu,1.525,2026-10-06T07:34:53.445749+00:00,0.75,away,,"{""configured_bookmakers"": ""Bet365,Unibet"", ""entitlement_fallback_used"": false, ""fetched_at_utc"": ""2026-10-06T07:34:53.445749+00:00"", ""market_integrity"": ""safe_match_market"", ""odds_api_io"": true, ""odds_api_io_account"": ""account1"", ""raw_market_name"": ""spread"", ""requested_bookmakers"": ""Bet365,Unibet""}",1
soccer|suzhou dongwu|wuxi wugou|2026-10-06,spreads|wuxi wugou|-0.50|home,odds_api_io,Bet365,spreads,Wuxi Wugou,2.1,2026-10-06T07:34:53.445749+00:00,-0.5,home,,"{""configured_bookmakers"": ""Bet365,Unibet"", ""entitlement_fallback_used"": false, ""fetched_at_utc"": ""2026-10-06T07:34:53.445749+00:00"", ""market_integrity"": ""safe_match_market"", ""odds_api_io"": true, ""odds_api_io_account"": ""account1"", ""raw_market_name"": ""spread"", ""requested_bookmakers"": ""Bet365,Unibet""}",1
soccer|suzhou dongwu|wuxi wugou|2026-10-06,spreads|suzhou dongwu|0.50|away,odds_api_io,Bet365,spreads,Suzhou Dongwu,1.7,2026-10-06T07:34:53.445749+00:00,0.5,away,,"{""configured_bookmakers"": ""Bet365,Unibet"", ""entitlement_fallback_used"": false, ""fetched_at_utc"": ""2026-10-06T07:34:53.445749+00:00"", ""market_integrity"": ""safe_match_market"", ""odds_api_io"": true, ""odds_api_io_account"": ""account1"", ""raw_market_name"": ""spread"", ""requested_bookmakers"": ""Bet365,Unibet""}",1
soccer|suzhou dongwu|wuxi wugou|2026-10-06,spreads|wuxi wugou|-0.25|home,odds_api_io,Bet365,spreads,Wuxi Wugou,1.875,2026-10-06T07:34:53.445749+00:00,-0.25,home,,"{""configured_bookmakers"": ""Bet365,Unibet"", ""entitlement_fallback_used"": false, ""fetched_at_utc"": ""2026-10-06T07:34:53.445749+00:00"", ""market_integrity"": ""safe_match_market"", ""odds_api_io"": true, ""odds_api_io_account"": ""account1"", ""raw_market_name"": ""spread"", ""requested_bookmakers"": ""Bet365,Unibet""}",1
soccer|suzhou dongwu|wuxi wugou|2026-10-06,spreads|suzhou dongwu|0.25|away,odds_api_io,Bet365,spreads,Suzhou Dongwu,1.925,2026-10-06T07:34:53.445749+00:00,0.25,away,,"{""configured_bookmakers"": ""Bet365,Unibet"", ""entitlement_fallback_used"": false, ""fetched_at_utc"": ""2026-10-06T07:34:53.445749+00:00"", ""market_integrity"": ""safe_match_market"", ""odds_api_io"": true, ""odds_api_io_account"": ""account1"", ""raw_market_name"": ""spread"", ""requested_bookmakers"": ""Bet365,Unibet""}",1
soccer|suzhou dongwu|wuxi wugou|2026-10-06,spreads|wuxi wugou||home,odds_api_io,Bet365,spreads,Wuxi Wugou,1.575,2026-10-06T07:34:53.445749+00:00,,home,,"{""configured_bookmakers"": ""Bet365,Unibet"", ""entitlement_fallback_used"": false, ""fetched_at_utc"": ""2026-10-06T07:34:53.445749+00:00"", ""market_integrity"": ""safe_match_market"", ""odds_api_io"": true, ""odds_api_io_account"": ""account1"", ""raw_market_name"": ""spread"", ""requested_bookmakers"": ""Bet365,Unibet""}",1
soccer|suzhou dongwu|wuxi wugou|2026-10-06,spreads|suzhou dongwu||away,odds_api_io,Bet365,spreads,Suzhou Dongwu,2.35,2026-10-06T07:34:53.445749+00:00,,away,,"{""configured_bookmakers"": ""Bet365,Unibet"", ""entitlement_fallback_used"": false, ""fetched_at_utc"": ""2026-10-06T07:34:53.445749+00:00"", ""market_integrity"": ""safe_match_market"", ""odds_api_io"": true, ""odds_api_io_account"": ""account1"", ""raw_market_name"": ""spread"", ""requested_bookmakers"": ""Bet365,Unibet""}",1
soccer|suzhou dongwu|wuxi wugou|2026-10-06,spreads|wuxi wugou|0.25|home,odds_api_io,Bet365,spreads,Wuxi Wugou,1.425,2026-10-06T07:34:53.445749+00:00,0.25,home,,"{""configured_bookmakers"": ""Bet365,Unibet"", ""entitlement_fallback_used"": false, ""fetched_at_utc"": ""2026-10-06T07:34:53.445749+00:00"", ""market_integrity"": ""safe_match_market"", ""odds_api_io"": true, ""odds_api_io_account"": ""account1"", ""raw_market_name"": ""spread"", ""requested_bookmakers"": ""Bet365,Unibet""}",1
soccer|suzhou dongwu|wuxi wugou|2026-10-06,spreads|suzhou dongwu|-0.25|away,odds_api_io,Bet365,spreads,Suzhou Dongwu,2.75,2026-10-06T07:34:53.445749+00:00,-0.25,away,,"{""configured_bookmakers"": ""Bet365,Unibet"", ""entitlement_fallback_used"": false, ""fetched_at_utc"": ""2026-10-06T07:34:53.445749+00:00"", ""market_integrity"": ""safe_match_market"", ""odds_api_io"": true, ""odds_api_io_account"": ""account1"", ""raw_market_name"": ""spread"", ""requested_bookmakers"": ""Bet365,Unibet""}",1
soccer|suzhou dongwu|wuxi wugou|2026-10-06,spreads|wuxi wugou|0.50|home,odds_api_io,Bet365,spreads,Wuxi Wugou,1.35,2026-10-06T07:34:53.445749+00:00,0.5,home,,"{""configured_bookmakers"": ""Bet365,Unibet"", ""entitlement_fallback_used"": false, ""fetched_at_utc"": ""2026-10-06T07:34:53.445749+00:00"", ""market_integrity"": ""safe_match_market"", ""odds_api_io"": true, ""odds_api_io_account"": ""account1"", ""raw_market_name"": ""spread"", ""requested_bookmakers"": ""Bet365,Unibet""}",1
soccer|suzhou dongwu|wuxi wugou|2026-10-06,spreads|suzhou dongwu|-0.50|away,odds_api_io,Bet365,spreads,Suzhou Dongwu,3.1,2026-10-06T07:34:53.445749+00:00,-0.5,away,,"{""configured_bookmakers"": ""Bet365,Unibet"", ""entitlement_fallback_used"": false, ""fetched_at_utc"": ""2026-10-06T07:34:53.445749+00:00"", ""market_integrity"": ""safe_match_market"", ""odds_api_io"": true, ""odds_api_io_account"": ""account1"", ""raw_market_name"": ""spread"", ""requested_bookmakers"": ""Bet365,Unibet""}",1
soccer|suzhou dongwu|wuxi wugou|2026-10-06,spreads|wuxi wugou|0.75|home,odds_api_io,Bet365,spreads,Wuxi Wugou,1.23,2026-10-06T07:34:53.445749+00:00,0.75,home,,"{""configured_bookmakers"": ""Bet365,Unibet"", ""entitlement_fallback_used"": false, ""fetched_at_utc"": ""2026-10-06T07:34:53.445749+00:00"", ""market_integrity"": ""safe_match_market"", ""odds_api_io"": true, ""odds_api_io_account"": ""account1"", ""raw_market_name"": ""spread"", ""requested_bookmakers"": ""Bet365,Unibet""}",1
soccer|suzhou dongwu|wuxi wugou|2026-10-06,spreads|suzhou dongwu|-0.75|away,odds_api_io,Bet365,spreads,Suzhou Dongwu,4.0,2026-10-06T07:34:53.445749+00:00,-0.75,away,,"{""configured_bookmakers"": ""Bet365,Unibet"", ""entitlement_fallback_used"": false, ""fetched_at_utc"": ""2026-10-06T07:34:53.445749+00:00"", ""market_integrity"": ""safe_match_market"", ""odds_api_io"": true, ""odds_api_io_account"": ""account1"", ""raw_market_name"": ""spread"", ""requested_bookmakers"": ""Bet365,Unibet""}",1
soccer|suzhou dongwu|wuxi wugou|2026-10-06,spreads|wuxi wugou|1.00|home,odds_api_io,Bet365,spreads,Wuxi Wugou,1.13,2026-10-06T07:34:53.445749+00:00,1.0,home,,"{""configured_bookmakers"": ""Bet365,Unibet"", ""entitlement_fallback_used"": false, ""fetched_at_utc"": ""2026-10-06T07:34:53.445749+00:00"", ""market_integrity"": ""safe_match_market"", ""odds_api_io"": true, ""odds_api_io_account"": ""account1"", ""raw_market_name"": ""spread"", ""requested_bookmakers"": ""Bet365,Unibet""}",1
soccer|suzhou dongwu|wuxi wugou|2026-10-06,spreads|suzhou dongwu|-1.00|away,odds_api_io,Bet365,spreads,Suzhou Dongwu,5.9,2026-10-06T07:34:53.445749+00:00,-1.0,away,,"{""configured_bookmakers"": ""Bet365,Unibet"", ""entitlement_fallback_used"": false, ""fetched_at_utc"": ""2026-10-06T07:34:53.445749+00:00"", ""market_integrity"": ""safe_match_market"", ""odds_api_io"": true, ""odds_api_io_account"": ""account1"", ""raw_market_name"": ""spread"", ""requested_bookmakers"": ""Bet365,Unibet""}",1
soccer|suzhou dongwu|wuxi wugou|2026-10-06,spreads|wuxi wugou|1.25|home,odds_api_io,Bet365,spreads,Wuxi Wugou,1.115,2026-10-06T07:34:53.445749+00:00,1.25,home,,"{""configured_bookmakers"": ""Bet365,Unibet"", ""entitlement_fallback_used"": false, ""fetched_at_utc"": ""2026-10-06T07:34:53.445749+00:00"", ""market_integrity"": ""safe_match_market"", ""odds_api_io"": true, ""odds_api_io_account"": ""account1"", ""raw_market_name"": ""spread"", ""requested_bookmakers"": ""Bet365,Unibet""}",1
soccer|suzhou dongwu|wuxi wugou|2026-10-06,spreads|suzhou dongwu|-1.25|away,odds_api_io,Bet365,spreads,Suzhou Dongwu,6.4,2026-10-06T07:34:53.445749+00:00,-1.25,away,,"{""configured_bookmakers"": ""Bet365,Unibet"", ""entitlement_fallback_used"": false, ""fetched_at_utc"": ""2026-10-06T07:34:53.445749+00:00"", ""market_integrity"": ""safe_match_market"", ""odds_api_io"": true, ""odds_api_io_account"": ""account1"", ""raw_market_name"": ""spread"", ""requested_bookmakers"": ""Bet365,Unibet""}",1
soccer|suzhou dongwu|wuxi wugou|2026-10-06,spreads|wuxi wugou|1.50|home,odds_api_io,Bet365,spreads,Wuxi Wugou,1.1,2026-10-06T07:34:53.445749+00:00,1.5,home,,"{""configured_bookmakers"": ""Bet365,Unibet"", ""entitlement_fallback_used"": false, ""fetched_at_utc"": ""2026-10-06T07:34:53.445749+00:00"", ""market_integrity"": ""safe_match_market"", ""odds_api_io"": true, ""odds_api_io_account"": ""account1"", ""raw_market_name"": ""spread"", ""requested_bookmakers"": ""Bet365,Unibet""}",1
soccer|suzhou dongwu|wuxi wugou|2026-10-06,spreads|suzhou dongwu|-1.50|away,odds_api_io,Bet365,spreads,Suzhou Dongwu,7.0,2026-10-06T07:34:53.445749+00:00,-1.5,away,,"{""configured_bookmakers"": ""Bet365,Unibet"", ""entitlement_fallback_used"": false, ""fetched_at_utc"": ""2026-10-06T07:34:53.445749+00:00"", ""market_integrity"": ""safe_match_market"", ""odds_api_io"": true, ""odds_api_io_account"": ""account1"", ""raw_market_name"": ""spread"", ""requested_bookmakers"": ""Bet365,Unibet""}",1
soccer|suzhou dongwu|wuxi wugou|2026-10-06,totals|over|0.50|,odds_api_io,Bet365,totals,Over,1.062,2026-10-06T07:34:53.445749+00:00,0.5,,,"{""configured_bookmakers"": ""Bet365,Unibet"", ""entitlement_fallback_used"": false, ""fetched_at_utc"": ""2026-10-06T07:34:53.445749+00:00"", ""market_integrity"": ""safe_match_market"", ""odds_api_io"": true, ""odds_api_io_account"": ""account1"", ""raw_market_name"": ""totals"", ""requested_bookmakers"": ""Bet365,Unibet""}",1
soccer|suzhou dongwu|wuxi wugou|2026-10-06,totals|under|0.50|,odds_api_io,Bet365,totals,Under,8.0,2026-10-06T07:34:53.445749+00:00,0.5,,,"{""configured_bookmakers"": ""Bet365,Unibet"", ""entitlement_fallback_used"": false, ""fetched_at_utc"": ""2026-10-06T07:34:53.445749+00:00"", ""market_integrity"": ""safe_match_market"", ""odds_api_io"": true, ""odds_api_io_account"": ""account1"", ""raw_market_name"": ""totals"", ""requested_bookmakers"": ""Bet365,Unibet""}",1
soccer|suzhou dongwu|wuxi wugou|2026-10-06,totals|over|1.25|,odds_api_io,Bet365,totals,Over,1.2,2026-10-06T07:34:53.445749+00:00,1.25,,,"{""configured_bookmakers"": ""Bet365,Unibet"", ""entitlement_fallback_used"": false, ""fetched_at_utc"": ""2026-10-06T07:34:53.445749+00:00"", ""market_integrity"": ""safe_match_market"", ""odds_api_io"": true, ""odds_api_io_account"": ""account1"", ""raw_market_name"": ""totals"", ""requested_bookmakers"": ""Bet365,Unibet""}",1
soccer|suzhou dongwu|wuxi wugou|2026-10-06,totals|under|1.25|,odds_api_io,Bet365,totals,Under,4.4,2026-10-06T07:34:53.445749+00:00,1.25,,,"{""configured_bookmakers"": ""Bet365,Unibet"", ""entitlement_fallback_used"": false, ""fetched_at_utc"": ""2026-10-06T07:34:53.445749+00:00"", ""market_integrity"": ""safe_match_market"", ""odds_api_io"": true, ""odds_api_io_account"": ""account1"", ""raw_market_name"": ""totals"", ""requested_bookmakers"": ""Bet365,Unibet""}",1
soccer|suzhou dongwu|wuxi wugou|2026-10-06,totals|over|1.50|,odds_api_io,Bet365,totals,Over,1.3,2026-10-06T07:34:53.445749+00:00,1.5,,,"{""configured_bookmakers"": ""Bet365,Unibet"", ""entitlement_fallback_used"": false, ""fetched_at_utc"": ""2026-10-06T07:34:53.445749+00:00"", ""market_integrity"": ""safe_match_market"", ""odds_api_io"": true, ""odds_api_io_account"": ""account1"", ""raw_market_name"": ""totals"", ""requested_bookmakers"": ""Bet365,Unibet""}",1
soccer|suzhou dongwu|wuxi wugou|2026-10-06,totals|under|1.50|,odds_api_io,Bet365,totals,Under,3.4,2026-10-06T07:34:53.445749+00:00,1.5,,,"{""configured_bookmakers"": ""Bet365,Unibet"", ""entitlement_fallback_used"": false, ""fetched_at_utc"": ""2026-10-06T07:34:53.445749+00:00"", ""market_integrity"": ""safe_match_market"", ""odds_api_io"": true, ""odds_api_io_account"": ""account1"", ""raw_market_name"": ""totals"", ""requested_bookmakers"": ""Bet365,Unibet""}",1
soccer|suzhou dongwu|wuxi wugou|2026-10-06,totals|over|1.75|,odds_api_io,Bet365,totals,Over,1.375,2026-10-06T07:34:53.445749+00:00,1.75,,,"{""configured_bookmakers"": ""Bet365,Unibet"", ""entitlement_fallback_used"": false, ""fetched_at_utc"": ""2026-10-06T07:34:53.445749+00:00"", ""market_integrity"": ""safe_match_market"", ""odds_api_io"": true, ""odds_api_io_account"": ""account1"", ""raw_market_name"": ""totals"", ""requested_bookmakers"": ""Bet365,Unibet""}",1
soccer|suzhou dongwu|wuxi wugou|2026-10-06,totals|under|1.75|,odds_api_io,Bet365,totals,Under,3.0,2026-10-06T07:34:53.445749+00:00,1.75,,,"{""configured_bookmakers"": ""Bet365,Unibet"", ""entitlement_fallback_used"": false, ""fetched_at_utc"": ""2026-10-06T07:34:53.445749+00:00"", ""market_integrity"": ""safe_match_market"", ""odds_api_io"": true, ""odds_api_io_account"": ""account1"", ""raw_market_name"": ""totals"", ""requested_bookmakers"": ""Bet365,Unibet""}",1
soccer|suzhou dongwu|wuxi wugou|2026-10-06,totals|over|2.00|,odds_api_io,Bet365,totals,Over,1.5,2026-10-06T07:34:53.445749+00:00,2.0,,,"{""configured_bookmakers"": ""Bet365,Unibet"", ""entitlement_fallback_used"": false, ""fetched_at_utc"": ""2026-10-06T07:34:53.445749+00:00"", ""market_integrity"": ""safe_match_market"", ""odds_api_io"": true, ""odds_api_io_account"": ""account1"", ""raw_market_name"": ""totals"", ""requested_bookmakers"": ""Bet365,Unibet""}",1
soccer|suzhou dongwu|wuxi wugou|2026-10-06,totals|under|2.00|,odds_api_io,Bet365,totals,Under,2.5,2026-10-06T07:34:53.445749+00:00,2.0,,,"{""configured_bookmakers"": ""Bet365,Unibet"", ""entitlement_fallback_used"": false, ""fetched_at_utc"": ""2026-10-06T07:34:53.445749+00:00"", ""market_integrity"": ""safe_match_market"", ""odds_api_io"": true, ""odds_api_io_account"": ""account1"", ""raw_market_name"": ""totals"", ""requested_bookmakers"": ""Bet365,Unibet""}",1
soccer|suzhou dongwu|wuxi wugou|2026-10-06,totals|over|2.25|,odds_api_io,Bet365,totals,Over,1.75,2026-10-06T07:34:53.445749+00:00,2.25,,,"{""configured_bookmakers"": ""Bet365,Unibet"", ""entitlement_fallback_used"": false, ""fetched_at_utc"": ""2026-10-06T07:34:53.445749+00:00"", ""market_integrity"": ""safe_match_market"", ""odds_api_io"": true, ""odds_api_io_account"": ""account1"", ""raw_market_name"": ""totals"", ""requested_bookmakers"": ""Bet365,Unibet""}",1
soccer|suzhou dongwu|wuxi wugou|2026-10-06,totals|under|2.25|,odds_api_io,Bet365,totals,Under,2.05,2026-10-06T07:34:53.445749+00:00,2.25,,,"{""configured_bookmakers"": ""Bet365,Unibet"", ""entitlement_fallback_used"": false, ""fetched_at_utc"": ""2026-10-06T07:34:53.445749+00:00"", ""market_integrity"": ""safe_match_market"", ""odds_api_io"": true, ""odds_api_io_account"": ""account1"", ""raw_market_name"": ""totals"", ""requested_bookmakers"": ""Bet365,Unibet""}",1
soccer|suzhou dongwu|wuxi wugou|2026-10-06,totals|over|2.50|,odds_api_io,Bet365,totals,Over,2.0,2026-10-06T07:34:53.445749+00:00,2.5,,,"{""configured_bookmakers"": ""Bet365,Unibet"", ""entitlement_fallback_used"": false, ""fetched_at_utc"": ""2026-10-06T07:34:53.445749+00:00"", ""market_integrity"": ""safe_match_market"", ""odds_api_io"": true, ""odds_api_io_account"": ""account1"", ""raw_market_name"": ""totals"", ""requested_bookmakers"": ""Bet365,Unibet""}",1
soccer|suzhou dongwu|wuxi wugou|2026-10-06,totals|under|2.50|,odds_api_io,Bet365,totals,Under,1.8,2026-10-06T07:34:53.445749+00:00,2.5,,,"{""configured_bookmakers"": ""Bet365,Unibet"", ""entitlement_fallback_used"": false, ""fetched_at_utc"": ""2026-10-06T07:34:53.445749+00:00"", ""market_integrity"": ""safe_match_market"", ""odds_api_io"": true, ""odds_api_io_account"": ""account1"", ""raw_market_name"": ""totals"", ""requested_bookmakers"": ""Bet365,Unibet""}",1
soccer|suzhou dongwu|wuxi wugou|2026-10-06,totals|over|2.75|,odds_api_io,Bet365,totals,Over,2.25,2026-10-06T07:34:53.445749+00:00,2.75,,,"{""configured_bookmakers"": ""Bet365,Unibet"", ""entitlement_fallback_used"": false, ""fetched_at_utc"": ""2026-10-06T07:34:53.445749+00:00"", ""market_integrity"": ""safe_match_market"", ""odds_api_io"": true, ""odds_api_io_account"": ""account1"", ""raw_market_name"": ""totals"", ""requested_bookmakers"": ""Bet365,Unibet""}",1
soccer|suzhou dongwu|wuxi wugou|2026-10-06,totals|under|2.75|,odds_api_io,Bet365,totals,Under,1.625,2026-10-06T07:34:53.445749+00:00,2.75,,,"{""configured_bookmakers"": ""Bet365,Unibet"", ""entitlement_fallback_used"": false, ""fetched_at_utc"": ""2026-10-06T07:34:53.445749+00:00"", ""market_integrity"": ""safe_match_market"", ""odds_api_io"": true, ""odds_api_io_account"": ""account1"", ""raw_market_name"": ""totals"", ""requested_bookmakers"": ""Bet365,Unibet""}",1
soccer|suzhou dongwu|wuxi wugou|2026-10-06,totals|over|3.00|,odds_api_io,Bet365,totals,Over,2.75,2026-10-06T07:34:53.445749+00:00,3.0,,,"{""configured_bookmakers"": ""Bet365,Unibet"", ""entitlement_fallback_used"": false, ""fetched_at_utc"": ""2026-10-06T07:34:53.445749+00:00"", ""market_integrity"": ""safe_match_market"", ""odds_api_io"": true, ""odds_api_io_account"": ""account1"", ""raw_market_name"": ""totals"", ""requested_bookmakers"": ""Bet365,Unibet""}",1
soccer|suzhou dongwu|wuxi wugou|2026-10-06,totals|under|3.00|,odds_api_io,Bet365,totals,Under,1.425,2026-10-06T07:34:53.445749+00:00,3.0,,,"{""configured_bookmakers"": ""Bet365,Unibet"", ""entitlement_fallback_used"": false, ""fetched_at_utc"": ""2026-10-06T07:34:53.445749+00:00"", ""market_integrity"": ""safe_match_market"", ""odds_api_io"": true, ""odds_api_io_account"": ""account1"", ""raw_market_name"": ""totals"", ""requested_bookmakers"": ""Bet365,Unibet""}",1
soccer|suzhou dongwu|wuxi wugou|2026-10-06,totals|over|3.25|,odds_api_io,Bet365,totals,Over,3.1,2026-10-06T07:34:53.445749+00:00,3.25,,,"{""configured_bookmakers"": ""Bet365,Unibet"", ""entitlement_fallback_used"": false, ""fetched_at_utc"": ""2026-10-06T07:34:53.445749+00:00"", ""market_integrity"": ""safe_match_market"", ""odds_api_io"": true, ""odds_api_io_account"": ""account1"", ""raw_market_name"": ""totals"", ""requested_bookmakers"": ""Bet365,Unibet""}",1
soccer|suzhou dongwu|wuxi wugou|2026-10-06,totals|under|3.25|,odds_api_io,Bet365,totals,Under,1.35,2026-10-06T07:34:53.445749+00:00,3.25,,,"{""configured_bookmakers"": ""Bet365,Unibet"", ""entitlement_fallback_used"": false, ""fetched_at_utc"": ""2026-10-06T07:34:53.445749+00:00"", ""market_integrity"": ""safe_match_market"", ""odds_api_io"": true, ""odds_api_io_account"": ""account1"", ""raw_market_name"": ""totals"", ""requested_bookmakers"": ""Bet365,Unibet""}",1
soccer|suzhou dongwu|wuxi wugou|2026-10-06,totals|over|3.50|,odds_api_io,Bet365,totals,Over,3.4,2026-10-06T07:34:53.445749+00:00,3.5,,,"{""configured_bookmakers"": ""Bet365,Unibet"", ""entitlement_fallback_used"": false, ""fetched_at_utc"": ""2026-10-06T07:34:53.445749+00:00"", ""market_integrity"": ""safe_match_market"", ""odds_api_io"": true, ""odds_api_io_account"": ""account1"", ""raw_market_name"": ""totals"", ""requested_bookmakers"": ""Bet365,Unibet""}",1
soccer|suzhou dongwu|wuxi wugou|2026-10-06,totals|under|3.50|,odds_api_io,Bet365,totals,Under,1.3,2026-10-06T07:34:53.445749+00:00,3.5,,,"{""configured_bookmakers"": ""Bet365,Unibet"", ""entitlement_fallback_used"": false, ""fetched_at_utc"": ""2026-10-06T07:34:53.445749+00:00"", ""market_integrity"": ""safe_match_market"", ""odds_api_io"": true, ""odds_api_io_account"": ""account1"", ""raw_market_name"": ""totals"", ""requested_bookmakers"": ""Bet365,Unibet""}",1
soccer|suzhou dongwu|wuxi wugou|2026-10-06,totals|over|3.75|,odds_api_io,Bet365,totals,Over,4.15,2026-10-06T07:34:53.445749+00:00,3.75,,,"{""configured_bookmakers"": ""Bet365,Unibet"", ""entitlement_fallback_used"": false, ""fetched_at_utc"": ""2026-10-06T07:34:53.445749+00:00"", ""market_integrity"": ""safe_match_market"", ""odds_api_io"": true, ""odds_api_io_account"": ""account1"", ""raw_market_name"": ""totals"", ""requested_bookmakers"": ""Bet365,Unibet""}",1
soccer|suzhou dongwu|wuxi wugou|2026-10-06,totals|under|3.75|,odds_api_io,Bet365,totals,Under,1.22,2026-10-06T07:34:53.445749+00:00,3.75,,,"{""configured_bookmakers"": ""Bet365,Unibet"", ""entitlement_fallback_used"": false, ""fetched_at_utc"": ""2026-10-06T07:34:53.445749+00:00"", ""market_integrity"": ""safe_match_market"", ""odds_api_io"": true, ""odds_api_io_account"": ""account1"", ""raw_market_name"": ""totals"", ""requested_bookmakers"": ""Bet365,Unibet""}",1
soccer|suzhou dongwu|wuxi wugou|2026-10-06,totals|over|4.00|,odds_api_io,Bet365,totals,Over,5.9,2026-10-06T07:34:53.445749+00:00,4.0,,,"{""configured_bookmakers"": ""Bet365,Unibet"", ""entitlement_fallback_used"": false, ""fetched_at_utc"": ""2026-10-06T07:34:53.445749+00:00"", ""market_integrity"": ""safe_match_market"", ""odds_api_io"": true, ""odds_api_io_account"": ""account1"", ""raw_market_name"": ""totals"", ""requested_bookmakers"": ""Bet365,Unibet""}",1
soccer|suzhou dongwu|wuxi wugou|2026-10-06,totals|under|4.00|,odds_api_io,Bet365,totals,Under,1.13,2026-10-06T07:34:53.445749+00:00,4.0,,,"{""configured_bookmakers"": ""Bet365,Unibet"", ""entitlement_fallback_used"": false, ""fetched_at_utc"": ""2026-10-06T07:34:53.445749+00:00"", ""market_integrity"": ""safe_match_market"", ""odds_api_io"": true, ""odds_api_io_account"": ""account1"", ""raw_market_name"": ""totals"", ""requested_bookmakers"": ""Bet365,Unibet""}",1
soccer|suzhou dongwu|wuxi wugou|2026-10-06,totals|over|4.25|,odds_api_io,Bet365,totals,Over,6.4,2026-10-06T07:34:53.445749+00:00,4.25,,,"{""configured_bookmakers"": ""Bet365,Unibet"", ""entitlement_fallback_used"": false, ""fetched_at_utc"": ""2026-10-06T07:34:53.445749+00:00"", ""market_integrity"": ""safe_match_market"", ""odds_api_io"": true, ""odds_api_io_account"": ""account1"", ""raw_market_name"": ""totals"", ""requested_bookmakers"": ""Bet365,Unibet""}",1
soccer|suzhou dongwu|wuxi wugou|2026-10-06,totals|under|4.25|,odds_api_io,Bet365,totals,Under,1.115,2026-10-06T07:34:53.445749+00:00,4.25,,,"{""configured_bookmakers"": ""Bet365,Unibet"", ""entitlement_fallback_used"": false, ""fetched_at_utc"": ""2026-10-06T07:34:53.445749+00:00"", ""market_integrity"": ""safe_match_market"", ""odds_api_io"": true, ""odds_api_io_account"": ""account1"", ""raw_market_name"": ""totals"", ""requested_bookmakers"": ""Bet365,Unibet""}",1
soccer|suzhou dongwu|wuxi wugou|2026-10-06,totals|over|4.50|,odds_api_io,Bet365,totals,Over,6.5,2026-10-06T07:34:53.445749+00:00,4.5,,,"{""configured_bookmakers"": ""Bet365,Unibet"", ""entitlement_fallback_used"": false, ""fetched_at_utc"": ""2026-10-06T07:34:53.445749+00:00"", ""market_integrity"": ""safe_match_market"", ""odds_api_io"": true, ""odds_api_io_account"": ""account1"", ""raw_market_name"": ""totals"", ""requested_bookmakers"": ""Bet365,Unibet""}",1
soccer|suzhou dongwu|wuxi wugou|2026-10-06,totals|under|4.50|,odds_api_io,Bet365,totals,Under,1.1,2026-10-06T07:34:53.445749+00:00,4.5,,,"{""configured_bookmakers"": ""Bet365,Unibet"", ""entitlement_fallback_used"": false, ""fetched_at_utc"": ""2026-10-06T07:34:53.445749+00:00"", ""market_integrity"": ""safe_match_market"", ""odds_api_io"": true, ""odds_api_io_account"": ""account1"", ""raw_market_name"": ""totals"", ""requested_bookmakers"": ""Bet365,Unibet""}",1
soccer|suzhou dongwu|wuxi wugou|2026-10-06,totals|over|5.50|,odds_api_io,Bet365,totals,Over,10.0,2026-10-06T07:34:53.445749+00:00,5.5,,,"{""configured_bookmakers"": ""Bet365,Unibet"", ""entitlement_fallback_used"": false, ""fetched_at_utc"": ""2026-10-06T07:34:53.445749+00:00"", ""market_integrity"": ""safe_match_market"", ""odds_api_io"": true, ""odds_api_io_account"": ""account1"", ""raw_market_name"": ""totals"", ""requested_bookmakers"": ""Bet365,Unibet""}",1
soccer|suzhou dongwu|wuxi wugou|2026-10-06,totals|under|5.50|,odds_api_io,Bet365,totals,Under,1.03,2026-10-06T07:34:53.445749+00:00,5.5,,,"{""configured_bookmakers"": ""Bet365,Unibet"", ""entitlement_fallback_used"": false, ""fetched_at_utc"": ""2026-10-06T07:34:53.445749+00:00"", ""market_integrity"": ""safe_match_market"", ""odds_api_io"": true, ""odds_api_io_account"": ""account1"", ""raw_market_name"": ""totals"", ""requested_bookmakers"": ""Bet365,Unibet""}",1
soccer|suzhou dongwu|wuxi wugou|2026-10-06,totals|over|6.50|,odds_api_io,Bet365,totals,Over,17.0,2026-10-06T07:34:53.445749+00:00,6.5,,,"{""configured_bookmakers"": ""Bet365,Unibet"", ""entitlement_fallback_used"": false, ""fetched_at_utc"": ""2026-10-06T07:34:53.445749+00:00"", ""market_integrity"": ""safe_match_market"", ""odds_api_io"": true, ""odds_api_io_account"": ""account1"", ""raw_market_name"": ""totals"", ""requested_bookmakers"": ""Bet365,Unibet""}",1
soccer|suzhou dongwu|wuxi wugou|2026-10-06,totals|under|6.50|,odds_api_io,Bet365,totals,Under,1.005,2026-10-06T07:34:53.445749+00:00,6.5,,,"{""configured_bookmakers"": ""Bet365,Unibet"", ""entitlement_fallback_used"": false, ""fetched_at_utc"": ""2026-10-06T07:34:53.445749+00:00"", ""market_integrity"": ""safe_match_market"", ""odds_api_io"": true, ""odds_api_io_account"": ""account1"", ""raw_market_name"": ""totals"", ""requested_bookmakers"": ""Bet365,Unibet""}",1
soccer|suzhou dongwu|wuxi wugou|2026-10-06,btts|yes||,odds_api_io,Bet365,btts,Yes,1.8,2026-10-06T07:34:53.445749+00:00,,,,"{""configured_bookmakers"": ""Bet365,Unibet"", ""entitlement_fallback_used"": false, ""fetched_at_utc"": ""2026-10-06T07:34:53.445749+00:00"", ""market_integrity"": ""safe_match_market"", ""odds_api_io"": true, ""odds_api_io_account"": ""account1"", ""raw_market_name"": ""both teams to score"", ""requested_bookmakers"": ""Bet365,Unibet""}",1
soccer|suzhou dongwu|wuxi wugou|2026-10-06,btts|no||,odds_api_io,Bet365,btts,No,1.909,2026-10-06T07:34:53.445749+00:00,,,,"{""configured_bookmakers"": ""Bet365,Unibet"", ""entitlement_fallback_used"": false, ""fetched_at_utc"": ""2026-10-06T07:34:53.445749+00:00"", ""market_integrity"": ""safe_match_market"", ""odds_api_io"": true, ""odds_api_io_account"": ""account1"", ""raw_market_name"": ""both teams to score"", ""requested_bookmakers"": ""Bet365,Unibet""}",1
soccer|suzhou dongwu|wuxi wugou|2026-10-06,teamTotals|over|0.50|home,odds_api_io,Bet365,teamTotals,Over,1.25,2026-10-06T07:34:53.445749+00:00,0.5,home,,"{""configured_bookmakers"": ""Bet365,Unibet"", ""entitlement_fallback_used"": false, ""fetched_at_utc"": ""2026-10-06T07:34:53.445749+00:00"", ""market_integrity"": ""safe_match_market"", ""odds_api_io"": true, ""odds_api_io_account"": ""account1"", ""raw_market_name"": ""team total home"", ""requested_bookmakers"": ""Bet365,Unibet""}",1
soccer|suzhou dongwu|wuxi wugou|2026-10-06,teamTotals|under|0.50|home,odds_api_io,Bet365,teamTotals,Under,3.75,2026-10-06T07:34:53.445749+00:00,0.5,home,,"{""configured_bookmakers"": ""Bet365,Unibet"", ""entitlement_fallback_used"": false, ""fetched_at_utc"": ""2026-10-06T07:34:53.445749+00:00"", ""market_integrity"": ""safe_match_market"", ""odds_api_io"": true, ""odds_api_io_account"": ""account1"", ""raw_market_name"": ""team total home"", ""requested_bookmakers"": ""Bet365,Unibet""}",1
soccer|suzhou dongwu|wuxi wugou|2026-10-06,teamTotals|over|1.50|home,odds_api_io,Bet365,teamTotals,Over,2.1,2026-10-06T07:34:53.445749+00:00,1.5,home,,"{""configured_bookmakers"": ""Bet365,Unibet"", ""entitlement_fallback_used"": false, ""fetched_at_utc"": ""2026-10-06T07:34:53.445749+00:00"", ""market_integrity"": ""safe_match_market"", ""odds_api_io"": true, ""odds_api_io_account"": ""account1"", ""raw_market_name"": ""team total home"", ""requested_bookmakers"": ""Bet365,Unibet""}",1
soccer|suzhou dongwu|wuxi wugou|2026-10-06,teamTotals|under|1.50|home,odds_api_io,Bet365,teamTotals,Under,1.666,2026-10-06T07:34:53.445749+00:00,1.5,home,,"{""configured_bookmakers"": ""Bet365,Unibet"", ""entitlement_fallback_used"": false, ""fetched_at_utc"": ""2026-10-06T07:34:53.445749+00:00"", ""market_integrity"": ""safe_match_market"", ""odds_api_io"": true, ""odds_api_io_account"": ""account1"", ""raw_market_name"": ""team total home"", ""requested_bookmakers"": ""Bet365,Unibet""}",1
soccer|suzhou dongwu|wuxi wugou|2026-10-06,teamTotals|over|2.50|home,odds_api_io,Bet365,teamTotals,Over,4.5,2026-10-06T07:34:53.445749+00:00,2.5,home,,"{""configured_bookmakers"": ""Bet365,Unibet"", ""entitlement_fallback_used"": false, ""fetched_at_utc"": ""2026-10-06T07:34:53.445749+00:00"", ""market_integrity"": ""safe_match_market"", ""odds_api_io"": true, ""odds_api_io_account"": ""account1"", ""raw_market_name"": ""team total home"", ""requested_bookmakers"": ""Bet365,Unibet""}",1
soccer|suzhou dongwu|wuxi wugou|2026-10-06,teamTotals|under|2.50|home,odds_api_io,Bet365,teamTotals,Under,1.166,2026-10-06T07:34:53.445749+00:00,2.5,home,,"{""configured_bookmakers"": ""Bet365,Unibet"", ""entitlement_fallback_used"": false, ""fetched_at_utc"": ""2026-10-06T07:34:53.445749+00:00"", ""market_integrity"": ""safe_match_market"", ""odds_api_io"": true, ""odds_api_io_account"": ""account1"", ""raw_market_name"": ""team total home"", ""requested_bookmakers"": ""Bet365,Unibet""}",1
soccer|suzhou dongwu|wuxi wugou|2026-10-06,teamTotals|over|3.50|home,odds_api_io,Bet365,teamTotals,Over,9.0,2026-10-06T07:34:53.445749+00:00,3.5,home,,"{""configured_bookmakers"": ""Bet365,Unibet"", ""entitlement_fallback_used"": false, ""fetched_at_utc"": ""2026-10-06T07:34:53.445749+00:00"", ""market_integrity"": ""safe_match_market"", ""odds_api_io"": true, ""odds_api_io_account"": ""account1"", ""raw_market_name"": ""team total home"", ""requested_bookmakers"": ""Bet365,Unibet""}",1
soccer|suzhou dongwu|wuxi wugou|2026-10-06,teamTotals|under|3.50|home,odds_api_io,Bet365,teamTotals,Under,1.04,2026-10-06T07:34:53.445749+00:00,3.5,home,,"{""configured_bookmakers"": ""Bet365,Unibet"", ""entitlement_fallback_used"": false, ""fetched_at_utc"": ""2026-10-06T07:34:53.445749+00:00"", ""market_integrity"": ""safe_match_market"", ""odds_api_io"": true, ""odds_api_io_account"": ""account1"", ""raw_market_name"": ""team total home"", ""requested_bookmakers"": ""Bet365,Unibet""}",1
soccer|suzhou dongwu|wuxi wugou|2026-10-06,teamTotals|over|4.50|home,odds_api_io,Bet365,teamTotals,Over,15.0,2026-10-06T07:34:53.445749+00:00,4.5,home,,"{""configured_bookmakers"": ""Bet365,Unibet"", ""entitlement_fallback_used"": false, ""fetched_at_utc"": ""2026-10-06T07:34:53.445749+00:00"", ""market_integrity"": ""safe_match_market"", ""odds_api_io"": true, ""odds_api_io_account"": ""account1"", ""raw_market_name"": ""team total home"", ""requested_bookmakers"": ""Bet365,Unibet""}",1
soccer|suzhou dongwu|wuxi wugou|2026-10-06,teamTotals|under|4.50|home,odds_api_io,Bet365,teamTotals,Under,1.01,2026-10-06T07:34:53.445749+00:00,4.5,home,,"{""configured_bookmakers"": ""Bet365,Unibet"", ""entitlement_fallback_used"": false, ""fetched_at_utc"": ""2026-10-06T07:34:53.445749+00:00"", ""market_integrity"": ""safe_match_market"", ""odds_api_io"": true, ""odds_api_io_account"": ""account1"", ""raw_market_name"": ""team total home"", ""requested_bookmakers"": ""Bet365,Unibet""}",1
soccer|suzhou dongwu|wuxi wugou|2026-10-06,teamTotals|over|0.50|away,odds_api_io,Bet365,teamTotals,Over,1.4,2026-10-06T07:34:53.445749+00:00,0.5,away,,"{""configured_bookmakers"": ""Bet365,Unibet"", ""entitlement_fallback_used"": false, ""fetched_at_utc"": ""2026-10-06T07:34:53.445749+00:00"", ""market_integrity"": ""safe_match_market"", ""odds_api_io"": true, ""odds_api_io_account"": ""account1"", ""raw_market_name"": ""team total away"", ""requested_bookmakers"": ""Bet365,Unibet""}",1
soccer|suzhou dongwu|wuxi wugou|2026-10-06,teamTotals|under|0.50|away,odds_api_io,Bet365,teamTotals,Under,2.75,2026-10-06T07:34:53.445749+00:00,0.5,away,,"{""configured_bookmakers"": ""Bet365,Unibet"", ""entitlement_fallback_used"": false, ""fetched_at_utc"": ""2026-10-06T07:34:53.445749+00:00"", ""market_integrity"": ""safe_match_market"", ""odds_api_io"": true, ""odds_api_io_account"": ""account1"", ""raw_market_name"": ""team total away"", ""requested_bookmakers"": ""Bet365,Unibet""}",1
soccer|suzhou dongwu|wuxi wugou|2026-10-06,teamTotals|over|1.50|away,odds_api_io,Bet365,teamTotals,Over,2.75,2026-10-06T07:34:53.445749+00:00,1.5,away,,"{""configured_bookmakers"": ""Bet365,Unibet"", ""entitlement_fallback_used"": false, ""fetched_at_utc"": ""2026-10-06T07:34:53.445749+00:00"", ""market_integrity"": ""safe_match_market"", ""odds_api_io"": true, ""odds_api_io_account"": ""account1"", ""raw_market_name"": ""team total away"", ""requested_bookmakers"": ""Bet365,Unibet""}",1
soccer|suzhou dongwu|wuxi wugou|2026-10-06,teamTotals|under|1.50|away,odds_api_io,Bet365,teamTotals,Under,1.4,2026-10-06T07:34:53.445749+00:00,1.5,away,,"{""configured_bookmakers"": ""Bet365,Unibet"", ""entitlement_fallback_used"": false, ""fetched_at_utc"": ""2026-10-06T07:34:53.445749+00:00"", ""market_integrity"": ""safe_match_market"", ""odds_api_io"": true, ""odds_api_io_account"": ""account1"", ""raw_market_name"": ""team total away"", ""requested_bookmakers"": ""Bet365,Unibet""}",1
soccer|suzhou dongwu|wuxi wugou|2026-10-06,teamTotals|over|2.50|away,odds_api_io,Bet365,teamTotals,Over,7.0,2026-10-06T07:34:53.445749+00:00,2.5,away,,"{""configured_bookmakers"": ""Bet365,Unibet"", ""entitlement_fallback_used"": false, ""fetched_at_utc"": ""2026-10-06T07:34:53.445749+00:00"", ""market_integrity"": ""safe_match_market"", ""odds_api_io"": true, ""odds_api_io_account"": ""account1"", ""raw_market_name"": ""team total away"", ""requested_bookmakers"": ""Bet365,Unibet""}",1
soccer|suzhou dongwu|wuxi wugou|2026-10-06,teamTotals|under|2.50|away,odds_api_io,Bet365,teamTotals,Under,1.083,2026-10-06T07:34:53.445749+00:00,2.5,away,,"{""configured_bookmakers"": ""Bet365,Unibet"", ""entitlement_fallback_used"": false, ""fetched_at_utc"": ""2026-10-06T07:34:53.445749+00:00"", ""market_integrity"": ""safe_match_market"", ""odds_api_io"": true, ""odds_api_io_account"": ""account1"", ""raw_market_name"": ""team total away"", ""requested_bookmakers"": ""Bet365,Unibet""}",1
soccer|suzhou dongwu|wuxi wugou|2026-10-06,teamTotals|over|3.50|away,odds_api_io,Bet365,teamTotals,Over,12.0,2026-10-06T07:34:53.445749+00:00,3.5,away,,"{""configured_bookmakers"": ""Bet365,Unibet"", ""entitlement_fallback_used"": false, ""fetched_at_utc"": ""2026-10-06T07:34:53.445749+00:00"", ""market_integrity"": ""safe_match_market"", ""odds_api_io"": true, ""odds_api_io_account"": ""account1"", ""raw_market_name"": ""team total away"", ""requested_bookmakers"": ""Bet365,Unibet""}",1
soccer|suzhou dongwu|wuxi wugou|2026-10-06,teamTotals|under|3.50|away,odds_api_io,Bet365,teamTotals,Under,1.015,2026-10-06T07:34:53.445749+00:00,3.5,away,,"{""configured_bookmakers"": ""Bet365,Unibet"", ""entitlement_fallback_used"": false, ""fetched_at_utc"": ""2026-10-06T07:34:53.445749+00:00"", ""market_integrity"": ""safe_match_market"", ""odds_api_io"": true, ""odds_api_io_account"": ""account1"", ""raw_market_name"": ""team total away"", ""requested_bookmakers"": ""Bet365,Unibet""}",1
soccer|suzhou dongwu|wuxi wugou|2026-10-06,teamTotals|over|4.50|away,odds_api_io,Bet365,teamTotals,Over,21.0,2026-10-06T07:34:53.445749+00:00,4.5,away,,"{""configured_bookmakers"": ""Bet365,Unibet"", ""entitlement_fallback_used"": false, ""fetched_at_utc"": ""2026-10-06T07:34:53.445749+00:00"", ""market_integrity"": ""safe_match_market"", ""odds_api_io"": true, ""odds_api_io_account"": ""account1"", ""raw_market_name"": ""team total away"", ""requested_bookmakers"": ""Bet365,Unibet""}",1
soccer|suzhou dongwu|wuxi wugou|2026-10-06,teamTotals|under|4.50|away,odds_api_io,Bet365,teamTotals,Under,1.002,2026-10-06T07:34:53.445749+00:00,4.5,away,,"{""configured_bookmakers"": ""Bet365,Unibet"", ""entitlement_fallback_used"": false, ""fetched_at_utc"": ""2026-10-06T07:34:53.445749+00:00"", ""market_integrity"": ""safe_match_market"", ""odds_api_io"": true, ""odds_api_io_account"": ""account1"", ""raw_market_name"": ""team total away"", ""requested_bookmakers"": ""Bet365,Unibet""}",1
soccer|suzhou dongwu|wuxi wugou|2026-10-06,h2h|wuxi wugou||,odds_api_io,Unibet,h2h,Wuxi Wugou,1.9,2026-10-06T07:34:53.445749+00:00,,,,"{""configured_bookmakers"": ""Bet365,Unibet"", ""entitlement_fallback_used"": false, ""fetched_at_utc"": ""2026-10-06T07:34:53.445749+00:00"", ""market_integrity"": ""safe_match_market"", ""odds_api_io"": true, ""odds_api_io_account"": ""account1"", ""raw_market_name"": ""ml"", ""requested_bookmakers"": ""Bet365,Unibet""}",1
soccer|suzhou dongwu|wuxi wugou|2026-10-06,h2h|draw||,odds_api_io,Unibet,h2h,Draw,3.35,2026-10-06T07:34:53.445749+00:00,,,,"{""configured_bookmakers"": ""Bet365,Unibet"", ""entitlement_fallback_used"": false, ""fetched_at_utc"": ""2026-10-06T07:34:53.445749+00:00"", ""market_integrity"": ""safe_match_market"", ""odds_api_io"": true, ""odds_api_io_account"": ""account1"", ""raw_market_name"": ""ml"", ""requested_bookmakers"": ""Bet365,Unibet""}",1
soccer|suzhou dongwu|wuxi wugou|2026-10-06,h2h|suzhou dongwu||,odds_api_io,Unibet,h2h,Suzhou Dongwu,3.6,2026-10-06T07:34:53.445749+00:00,,,,"{""configured_bookmakers"": ""Bet365,Unibet"", ""entitlement_fallback_used"": false, ""fetched_at_utc"": ""2026-10-06T07:34:53.445749+00:00"", ""market_integrity"": ""safe_match_market"", ""odds_api_io"": true, ""odds_api_io_account"": ""account1"", ""raw_market_name"": ""ml"", ""requested_bookmakers"": ""Bet365,Unibet""}",1
soccer|suzhou dongwu|wuxi wugou|2026-10-06,dnb|wuxi wugou||,odds_api_io,Unibet,dnb,Wuxi Wugou,1.38,2026-10-06T07:34:53.445749+00:00,,,,"{""configured_bookmakers"": ""Bet365,Unibet"", ""entitlement_fallback_used"": false, ""fetched_at_utc"": ""2026-10-06T07:34:53.445749+00:00"", ""market_integrity"": ""safe_match_market"", ""odds_api_io"": true, ""odds_api_io_account"": ""account1"", ""raw_market_name"": ""draw no bet"", ""requested_bookmakers"": ""Bet365,Unibet""}",1
soccer|suzhou dongwu|wuxi wugou|2026-10-06,dnb|suzhou dongwu||,odds_api_io,Unibet,dnb,Suzhou Dongwu,2.55,2026-10-06T07:34:53.445749+00:00,,,,"{""configured_bookmakers"": ""Bet365,Unibet"", ""entitlement_fallback_used"": false, ""fetched_at_utc"": ""2026-10-06T07:34:53.445749+00:00"", ""market_integrity"": ""safe_match_market"", ""odds_api_io"": true, ""odds_api_io_account"": ""account1"", ""raw_market_name"": ""draw no bet"", ""requested_bookmakers"": ""Bet365,Unibet""}",1
soccer|suzhou dongwu|wuxi wugou|2026-10-06,totals|over|1.50|,odds_api_io,Unibet,totals,Over,1.27,2026-10-06T07:34:53.445749+00:00,1.5,,,"{""configured_bookmakers"": ""Bet365,Unibet"", ""entitlement_fallback_used"": false, ""fetched_at_utc"": ""2026-10-06T07:34:53.445749+00:00"", ""market_integrity"": ""safe_match_market"", ""odds_api_io"": true, ""odds_api_io_account"": ""account1"", ""raw_market_name"": ""totals"", ""requested_bookmakers"": ""Bet365,Unibet""}",1
soccer|suzhou dongwu|wuxi wugou|2026-10-06,totals|under|1.50|,odds_api_io,Unibet,totals,Under,3.35,2026-10-06T07:34:53.445749+00:00,1.5,,,"{""configured_bookmakers"": ""Bet365,Unibet"", ""entitlement_fallback_used"": false, ""fetched_at_utc"": ""2026-10-06T07:34:53.445749+00:00"", ""market_integrity"": ""safe_match_market"", ""odds_api_io"": true, ""odds_api_io_account"": ""account1"", ""raw_market_name"": ""totals"", ""requested_bookmakers"": ""Bet365,Unibet""}",1
soccer|suzhou dongwu|wuxi wugou|2026-10-06,totals|over|2.50|,odds_api_io,Unibet,totals,Over,1.89,2026-10-06T07:34:53.445749+00:00,2.5,,,"{""configured_bookmakers"": ""Bet365,Unibet"", ""entitlement_fallback_used"": false, ""fetched_at_utc"": ""2026-10-06T07:34:53.445749+00:00"", ""market_integrity"": ""safe_match_market"", ""odds_api_io"": true, ""odds_api_io_account"": ""account1"", ""raw_market_name"": ""totals"", ""requested_bookmakers"": ""Bet365,Unibet""}",1
soccer|suzhou dongwu|wuxi wugou|2026-10-06,totals|under|2.50|,odds_api_io,Unibet,totals,Under,1.8,2026-10-06T07:34:53.445749+00:00,2.5,,,"{""configured_bookmakers"": ""Bet365,Unibet"", ""entitlement_fallback_used"": false, ""fetched_at_utc"": ""2026-10-06T07:34:53.445749+00:00"", ""market_integrity"": ""safe_match_market"", ""odds_api_io"": true, ""odds_api_io_account"": ""account1"", ""raw_market_name"": ""totals"", ""requested_bookmakers"": ""Bet365,Unibet""}",1
soccer|suzhou dongwu|wuxi wugou|2026-10-06,totals|over|3.50|,odds_api_io,Unibet,totals,Over,3.2,2026-10-06T07:34:53.445749+00:00,3.5,,,"{""configured_bookmakers"": ""Bet365,Unibet"", ""entitlement_fallback_used"": false, ""fetched_at_utc"": ""2026-10-06T07:34:53.445749+00:00"", ""market_integrity"": ""safe_match_market"", ""odds_api_io"": true, ""odds_api_io_account"": ""account1"", ""raw_market_name"": ""totals"", ""requested_bookmakers"": ""Bet365,Unibet""}",1
soccer|suzhou dongwu|wuxi wugou|2026-10-06,totals|under|3.50|,odds_api_io,Unibet,totals,Under,1.29,2026-10-06T07:34:53.445749+00:00,3.5,,,"{""configured_bookmakers"": ""Bet365,Unibet"", ""entitlement_fallback_used"": false, ""fetched_at_utc"": ""2026-10-06T07:34:53.445749+00:00"", ""market_integrity"": ""safe_match_market"", ""odds_api_io"": true, ""odds_api_io_account"": ""account1"", ""raw_market_name"": ""totals"", ""requested_bookmakers"": ""Bet365,Unibet""}",1
soccer|suzhou dongwu|wuxi wugou|2026-10-06,btts|yes||,odds_api_io,Unibet,btts,Yes,1.7,2026-10-06T07:34:53.445749+00:00,,,,"{""configured_bookmakers"": ""Bet365,Unibet"", ""entitlement_fallback_used"": false, ""fetched_at_utc"": ""2026-10-06T07:34:53.445749+00:00"", ""market_integrity"": ""safe_match_market"", ""odds_api_io"": true, ""odds_api_io_account"": ""account1"", ""raw_market_name"": ""both teams to score"", ""requested_bookmakers"": ""Bet365,Unibet""}",1
soccer|suzhou dongwu|wuxi wugou|2026-10-06,btts|no||,odds_api_io,Unibet,btts,No,1.9,2026-10-06T07:34:53.445749+00:00,,,,"{""configured_bookmakers"": ""Bet365,Unibet"", ""entitlement_fallback_used"": false, ""fetched_at_utc"": ""2026-10-06T07:34:53.445749+00:00"", ""market_integrity"": ""safe_match_market"", ""odds_api_io"": true, ""odds_api_io_account"": ""account1"", ""raw_market_name"": ""both teams to score"", ""requested_bookmakers"": ""Bet365,Unibet""}",1
soccer|suzhou dongwu|wuxi wugou|2026-10-06,teamTotals|over|1.50|home,odds_api_io,Unibet,teamTotals,Over,1.9,2026-10-06T07:34:53.445749+00:00,1.5,home,,"{""configured_bookmakers"": ""Bet365,Unibet"", ""entitlement_fallback_used"": false, ""fetched_at_utc"": ""2026-10-06T07:34:53.445749+00:00"", ""market_integrity"": ""safe_match_market"", ""odds_api_io"": true, ""odds_api_io_account"": ""account1"", ""raw_market_name"": ""team total home"", ""requested_bookmakers"": ""Bet365,Unibet""}",1
soccer|suzhou dongwu|wuxi wugou|2026-10-06,teamTotals|under|1.50|home,odds_api_io,Unibet,teamTotals,Under,1.7,2026-10-06T07:34:53.445749+00:00,1.5,home,,"{""configured_bookmakers"": ""Bet365,Unibet"", ""entitlement_fallback_used"": false, ""fetched_at_utc"": ""2026-10-06T07:34:53.445749+00:00"", ""market_integrity"": ""safe_match_market"", ""odds_api_io"": true, ""odds_api_io_account"": ""account1"", ""raw_market_name"": ""team total home"", ""requested_bookmakers"": ""Bet365,Unibet""}",1
soccer|suzhou dongwu|wuxi wugou|2026-10-06,teamTotals|over|0.50|away,odds_api_io,Unibet,teamTotals,Over,1.4,2026-10-06T07:34:53.445749+00:00,0.5,away,,"{""configured_bookmakers"": ""Bet365,Unibet"", ""entitlement_fallback_used"": false, ""fetched_at_utc"": ""2026-10-06T07:34:53.445749+00:00"", ""market_integrity"": ""safe_match_market"", ""odds_api_io"": true, ""odds_api_io_account"": ""account1"", ""raw_market_name"": ""team total away"", ""requested_bookmakers"": ""Bet365,Unibet""}",1
soccer|suzhou dongwu|wuxi wugou|2026-10-06,teamTotals|under|0.50|away,odds_api_io,Unibet,teamTotals,Under,2.5,2026-10-06T07:34:53.445749+00:00,0.5,away,,"{""configured_bookmakers"": ""Bet365,Unibet"", ""entitlement_fallback_used"": false, ""fetched_at_utc"": ""2026-10-06T07:34:53.445749+00:00"", ""market_integrity"": ""safe_match_market"", ""odds_api_io"": true, ""odds_api_io_account"": ""account1"", ""raw_market_name"": ""team total away"", ""requested_bookmakers"": ""Bet365,Unibet""}",1
soccer|korea republic|uzbekistan|2026-10-06,h2h|korea republic||,odds_api_io,Bet365,h2h,Korea Republic,1.6,2026-10-06T07:34:53.445749+00:00,,,,"{""configured_bookmakers"": ""Bet365,Unibet"", ""entitlement_fallback_used"": false, ""fetched_at_utc"": ""2026-10-06T07:34:53.445749+00:00"", ""market_integrity"": ""safe_match_market"", ""odds_api_io"": true, ""odds_api_io_account"": ""account1"", ""raw_market_name"": ""ml"", ""requested_bookmakers"": ""Bet365,Unibet""}",1
soccer|korea republic|uzbekistan|2026-10-06,h2h|draw||,odds_api_io,Bet365,h2h,Draw,3.9,2026-10-06T07:34:53.445749+00:00,,,,"{""configured_bookmakers"": ""Bet365,Unibet"", ""entitlement_fallback_used"": false, ""fetched_at_utc"": ""2026-10-06T07:34:53.445749+00:00"", ""market_integrity"": ""safe_match_market"", ""odds_api_io"": true, ""odds_api_io_account"": ""account1"", ""raw_market_name"": ""ml"", ""requested_bookmakers"": ""Bet365,Unibet""}",1
soccer|korea republic|uzbekistan|2026-10-06,h2h|uzbekistan||,odds_api_io,Bet365,h2h,Uzbekistan,4.333,2026-10-06T07:34:53.445749+00:00,,,,"{""configured_bookmakers"": ""Bet365,Unibet"", ""entitlement_fallback_used"": false, ""fetched_at_utc"": ""2026-10-06T07:34:53.445749+00:00"", ""market_integrity"": ""safe_match_market"", ""odds_api_io"": true, ""odds_api_io_account"": ""account1"", ""raw_market_name"": ""ml"", ""requested_bookmakers"": ""Bet365,Unibet""}",1
soccer|korea republic|uzbekistan|2026-10-06,dnb|korea republic||,odds_api_io,Bet365,dnb,Korea Republic,1.285,2026-10-06T07:34:53.445749+00:00,,,,"{""configured_bookmakers"": ""Bet365,Unibet"", ""entitlement_fallback_used"": false, ""fetched_at_utc"": ""2026-10-06T07:34:53.445749+00:00"", ""market_integrity"": ""safe_match_market"", ""odds_api_io"": true, ""odds_api_io_account"": ""account1"", ""raw_market_name"": ""draw no bet"", ""requested_bookmakers"": ""Bet365,Unibet""}",1
soccer|korea republic|uzbekistan|2026-10-06,dnb|uzbekistan||,odds_api_io,Bet365,dnb,Uzbekistan,3.5,2026-10-06T07:34:53.445749+00:00,,,,"{""configured_bookmakers"": ""Bet365,Unibet"", ""entitlement_fallback_used"": false, ""fetched_at_utc"": ""2026-10-06T07:34:53.445749+00:00"", ""market_integrity"": ""safe_match_market"", ""odds_api_io"": true, ""odds_api_io_account"": ""account1"", ""raw_market_name"": ""draw no bet"", ""requested_bookmakers"": ""Bet365,Unibet""}",1
soccer|korea republic|uzbekistan|2026-10-06,spreads|korea republic|-2.50|home,odds_api_io,Bet365,spreads,Korea Republic,5.5,2026-10-06T07:34:53.445749+00:00,-2.5,home,,"{""configured_bookmakers"": ""Bet365,Unibet"", ""entitlement_fallback_used"": false, ""fetched_at_utc"": ""2026-10-06T07:34:53.445749+00:00"", ""market_integrity"": ""safe_match_market"", ""odds_api_io"": true, ""odds_api_io_account"": ""account1"", ""raw_market_name"": ""spread"", ""requested_bookmakers"": ""Bet365,Unibet""}",1
soccer|korea republic|uzbekistan|2026-10-06,spreads|uzbekistan|2.50|away,odds_api_io,Bet365,spreads,Uzbekistan,1.15,2026-10-06T07:34:53.445749+00:00,2.5,away,,"{""configured_bookmakers"": ""Bet365,Unibet"", ""entitlement_fallback_used"": false, ""fetched_at_utc"": ""2026-10-06T07:34:53.445749+00:00"", ""market_integrity"": ""safe_match_market"", ""odds_api_io"": true, ""odds_api_io_account"": ""account1"", ""raw_market_name"": ""spread"", ""requested_bookmakers"": ""Bet365,Unibet""}",1
soccer|korea republic|uzbekistan|2026-10-06,spreads|korea republic|-2.25|home,odds_api_io,Bet365,spreads,Korea Republic,5.0,2026-10-06T07:34:53.445749+00:00,-2.25,home,,"{""configured_bookmakers"": ""Bet365,Unibet"", ""entitlement_fallback_used"": false, ""fetched_at_utc"": ""2026-10-06T07:34:53.445749+00:00"", ""market_integrity"": ""safe_match_market"", ""odds_api_io"": true, ""odds_api_io_account"": ""account1"", ""raw_market_name"": ""spread"", ""requested_bookmakers"": ""Bet365,Unibet""}",1
soccer|korea republic|uzbekistan|2026-10-06,spreads|uzbekistan|2.25|away,odds_api_io,Bet365,spreads,Uzbekistan,1.17,2026-10-06T07:34:53.445749+00:00,2.25,away,,"{""configured_bookmakers"": ""Bet365,Unibet"", ""entitlement_fallback_used"": false, ""fetched_at_utc"": ""2026-10-06T07:34:53.445749+00:00"", ""market_integrity"": ""safe_match_market"", ""odds_api_io"": true, ""odds_api_io_account"": ""account1"", ""raw_market_name"": ""spread"", ""requested_bookmakers"": ""Bet365,Unibet""}",1
soccer|korea republic|uzbekistan|2026-10-06,spreads|korea republic|-2.00|home,odds_api_io,Bet365,spreads,Korea Republic,4.5,2026-10-06T07:34:53.445749+00:00,-2.0,home,,"{""configured_bookmakers"": ""Bet365,Unibet"", ""entitlement_fallback_used"": false, ""fetched_at_utc"": ""2026-10-06T07:34:53.445749+00:00"", ""market_integrity"": ""safe_match_market"", ""odds_api_io"": true, ""odds_api_io_account"": ""account1"", ""raw_market_name"": ""spread"", ""requested_bookmakers"": ""Bet365,Unibet""}",1
soccer|korea republic|uzbekistan|2026-10-06,spreads|uzbekistan|2.00|away,odds_api_io,Bet365,spreads,Uzbekistan,1.19,2026-10-06T07:34:53.445749+00:00,2.0,away,,"{""configured_bookmakers"": ""Bet365,Unibet"", ""entitlement_fallback_used"": false, ""fetched_at_utc"": ""2026-10-06T07:34:53.445749+00:00"", ""market_integrity"": ""safe_match_market"", ""odds_api_io"": true, ""odds_api_io_account"": ""account1"", ""raw_market_name"": ""spread"", ""requested_bookmakers"": ""Bet365,Unibet""}",1
soccer|korea republic|uzbekistan|2026-10-06,spreads|korea republic|-1.75|home,odds_api_io,Bet365,spreads,Korea Republic,3.45,2026-10-06T07:34:53.445749+00:00,-1.75,home,,"{""configured_bookmakers"": ""Bet365,Unibet"", ""entitlement_fallback_used"": false, ""fetched_at_utc"": ""2026-10-06T07:34:53.445749+00:00"", ""market_integrity"": ""safe_match_market"", ""odds_api_io"": true, ""odds_api_io_account"": ""account1"", ""raw_market_name"": ""spread"", ""requested_bookmakers"": ""Bet365,Unibet""}",1
soccer|korea republic|uzbekistan|2026-10-06,spreads|uzbekistan|1.75|away,odds_api_io,Bet365,spreads,Uzbekistan,1.3,2026-10-06T07:34:53.445749+00:00,1.75,away,,"{""configured_bookmakers"": ""Bet365,Unibet"", ""entitlement_fallback_used"": false, ""fetched_at_utc"": ""2026-10-06T07:34:53.445749+00:00"", ""market_integrity"": ""safe_match_market"", ""odds_api_io"": true, ""odds_api_io_account"": ""account1"", ""raw_market_name"": ""spread"", ""requested_bookmakers"": ""Bet365,Unibet""}",1
soccer|korea republic|uzbekistan|2026-10-06,spreads|korea republic|-1.50|home,odds_api_io,Bet365,spreads,Korea Republic,2.75,2026-10-06T07:34:53.445749+00:00,-1.5,home,,"{""configured_bookmakers"": ""Bet365,Unibet"", ""entitlement_fallback_used"": false, ""fetched_at_utc"": ""2026-10-06T07:34:53.445749+00:00"", ""market_integrity"": ""safe_match_market"", ""odds_api_io"": true, ""odds_api_io_account"": ""account1"", ""raw_market_name"": ""spread"", ""requested_bookmakers"": ""Bet365,Unibet""}",1
soccer|korea republic|uzbekistan|2026-10-06,spreads|uzbekistan|1.50|away,odds_api_io,Bet365,spreads,Uzbekistan,1.425,2026-10-06T07:34:53.445749+00:00,1.5,away,,"{""configured_bookmakers"": ""Bet365,Unibet"", ""entitlement_fallback_used"": false, ""fetched_at_utc"": ""2026-10-06T07:34:53.445749+00:00"", ""market_integrity"": ""safe_match_market"", ""odds_api_io"": true, ""odds_api_io_account"": ""account1"", ""raw_market_name"": ""spread"", ""requested_bookmakers"": ""Bet365,Unibet""}",1
soccer|korea republic|uzbekistan|2026-10-06,spreads|korea republic|-1.25|home,odds_api_io,Bet365,spreads,Korea Republic,2.425,2026-10-06T07:34:53.445749+00:00,-1.25,home,,"{""configured_bookmakers"": ""Bet365,Unibet"", ""entitlement_fallback_used"": false, ""fetched_at_utc"": ""2026-10-06T07:34:53.445749+00:00"", ""market_integrity"": ""safe_match_market"", ""odds_api_io"": true, ""odds_api_io_account"": ""account1"", ""raw_market_name"": ""spread"", ""requested_bookmakers"": ""Bet365,Unibet""}",1
soccer|korea republic|uzbekistan|2026-10-06,spreads|uzbekistan|1.25|away,odds_api_io,Bet365,spreads,Uzbekistan,1.525,2026-10-06T07:34:53.445749+00:00,1.25,away,,"{""configured_bookmakers"": ""Bet365,Unibet"", ""entitlement_fallback_used"": false, ""fetched_at_utc"": ""2026-10-06T07:34:53.445749+00:00"", ""market_integrity"": ""safe_match_market"", ""odds_api_io"": true, ""odds_api_io_account"": ""account1"", ""raw_market_name"": ""spread"", ""requested_bookmakers"": ""Bet365,Unibet""}",1
soccer|korea republic|uzbekistan|2026-10-06,spreads|korea republic|-1.00|home,odds_api_io,Bet365,spreads,Korea Republic,2.1,2026-10-06T07:34:53.445749+00:00,-1.0,home,,"{""configured_bookmakers"": ""Bet365,Unibet"", ""entitlement_fallback_used"": false, ""fetched_at_utc"": ""2026-10-06T07:34:53.445749+00:00"", ""market_integrity"": ""safe_match_market"", ""odds_api_io"": true, ""odds_api_io_account"": ""account1"", ""raw_market_name"": ""spread"", ""requested_bookmakers"": ""Bet365,Unibet""}",1
soccer|korea republic|uzbekistan|2026-10-06,spreads|uzbekistan|1.00|away,odds_api_io,Bet365,spreads,Uzbekistan,1.7,2026-10-06T07:34:53.445749+00:00,1.0,away,,"{""configured_bookmakers"": ""Bet365,Unibet"", ""entitlement_fallback_used"": false, ""fetched_at_utc"": ""2026-10-06T07:34:53.445749+00:00"", ""market_integrity"": ""safe_match_market"", ""odds_api_io"": true, ""odds_api_io_account"": ""account1"", ""raw_market_name"": ""spread"", ""requested_bookmakers"": ""Bet365,Unibet""}",1
soccer|korea republic|uzbekistan|2026-10-06,spreads|korea republic|-0.75|home,odds_api_io,Bet365,spreads,Korea Republic,1.825,2026-10-06T07:34:53.445749+00:00,-0.75,home,,"{""configured_bookmakers"": ""Bet365,Unibet"", ""entitlement_fallback_used"": false, ""fetched_at_utc"": ""2026-10-06T07:34:53.445749+00:00"", ""market_integrity"": ""safe_match_market"", ""odds_api_io"": true, ""odds_api_io_account"": ""account1"", ""raw_market_name"": ""spread"", ""requested_bookmakers"": ""Bet365,Unibet""}",1
soccer|korea republic|uzbekistan|2026-10-06,spreads|uzbekistan|0.75|away,odds_api_io,Bet365,spreads,Uzbekistan,1.975,2026-10-06T07:34:53.445749+00:00,0.75,away,,"{""configured_bookmakers"": ""Bet365,Unibet"", ""entitlement_fallback_used"": false, ""fetched_at_utc"": ""2026-10-06T07:34:53.445749+00:00"", ""market_integrity"": ""safe_match_market"", ""odds_api_io"": true, ""odds_api_io_account"": ""account1"", ""raw_market_name"": ""spread"", ""requested_bookmakers"": ""Bet365,Unibet""}",1
soccer|korea republic|uzbekistan|2026-10-06,spreads|korea republic|-0.50|home,odds_api_io,Bet365,spreads,Korea Republic,1.65,2026-10-06T07:34:53.445749+00:00,-0.5,home,,"{""configured_bookmakers"": ""Bet365,Unibet"", ""entitlement_fallback_used"": false, ""fetched_at_utc"": ""2026-10-06T07:34:53.445749+00:00"", ""market_integrity"": ""safe_match_market"", ""odds_api_io"": true, ""odds_api_io_account"": ""account1"", ""raw_market_name"": ""spread"", ""requested_bookmakers"": ""Bet365,Unibet""}",1
soccer|korea republic|uzbekistan|2026-10-06,spreads|uzbekistan|0.50|away,odds_api_io,Bet365,spreads,Uzbekistan,2.2,2026-10-06T07:34:53.445749+00:00,0.5,away,,"{""configured_bookmakers"": ""Bet365,Unibet"", ""entitlement_fallback_used"": false, ""fetched_at_utc"": ""2026-10-06T07:34:53.445749+00:00"", ""market_integrity"": ""safe_match_market"", ""odds_api_io"": true, ""odds_api_io_account"": ""account1"", ""raw_market_name"": ""spread"", ""requested_bookmakers"": ""Bet365,Unibet""}",1
soccer|korea republic|uzbekistan|2026-10-06,spreads|korea republic|-0.25|home,odds_api_io,Bet365,spreads,Korea Republic,1.475,2026-10-06T07:34:53.445749+00:00,-0.25,home,,"{""configured_bookmakers"": ""Bet365,Unibet"", ""entitlement_fallback_used"": false, ""fetched_at_utc"": ""2026-10-06T07:34:53.445749+00:00"", ""market_integrity"": ""safe_match_market"", ""odds_api_io"": true, ""odds_api_io_account"": ""account1"", ""raw_market_name"": ""spread"", ""requested_bookmakers"": ""Bet365,Unibet""}",1
soccer|korea republic|uzbekistan|2026-10-06,spreads|uzbekistan|0.25|away,odds_api_io,Bet365,spreads,Uzbekistan,2.6,2026-10-06T07:34:53.445749+00:00,0.25,away,,"{""configured_bookmakers"": ""Bet365,Unibet"", ""entitlement_fallback_used"": false, ""fetched_at_utc"": ""2026-10-06T07:34:53.445749+00:00"", ""market_integrity"": ""safe_match_market"", ""odds_api_io"": true, ""odds_api_io_account"": ""account1"", ""raw_market_name"": ""spread"", ""requested_bookmakers"": ""Bet365,Unibet""}",1
soccer|korea republic|uzbekistan|2026-10-06,spreads|korea republic||home,odds_api_io,Bet365,spreads,Korea Republic,1.3,2026-10-06T07:34:53.445749+00:00,,home,,"{""configured_bookmakers"": ""Bet365,Unibet"", ""entitlement_fallback_used"": false, ""fetched_at_utc"": ""2026-10-06T07:34:53.445749+00:00"", ""market_integrity"": ""safe_match_market"", ""odds_api_io"": true, ""odds_api_io_account"": ""account1"", ""raw_market_name"": ""spread"", ""requested_bookmakers"": ""Bet365,Unibet""}",1
soccer|korea republic|uzbekistan|2026-10-06,spreads|uzbekistan||away,odds_api_io,Bet365,spreads,Uzbekistan,3.45,2026-10-06T07:34:53.445749+00:00,,away,,"{""configured_bookmakers"": ""Bet365,Unibet"", ""entitlement_fallback_used"": false, ""fetched_at_utc"": ""2026-10-06T07:34:53.445749+00:00"", ""market_integrity"": ""safe_match_market"", ""odds_api_io"": true, ""odds_api_io_account"": ""account1"", ""raw_market_name"": ""spread"", ""requested_bookmakers"": ""Bet365,Unibet""}",1
soccer|korea republic|uzbekistan|2026-10-06,spreads|korea republic|0.25|home,odds_api_io,Bet365,spreads,Korea Republic,1.24,2026-10-06T07:34:53.445749+00:00,0.25,home,,"{""configured_bookmakers"": ""Bet365,Unibet"", ""entitlement_fallback_used"": false, ""fetched_at_utc"": ""2026-10-06T07:34:53.445749+00:00"", ""market_integrity"": ""safe_match_market"", ""odds_api_io"": true, ""odds_api_io_account"": ""account1"", ""raw_market_name"": ""spread"", ""requested_bookmakers"": ""Bet365,Unibet""}",1
soccer|korea republic|uzbekistan|2026-10-06,spreads|uzbekistan|-0.25|away,odds_api_io,Bet365,spreads,Uzbekistan,3.9,2026-10-06T07:34:53.445749+00:00,-0.25,away,,"{""configured_bookmakers"": ""Bet365,Unibet"", ""entitlement_fallback_used"": false, ""fetched_at_utc"": ""2026-10-06T07:34:53.445749+00:00"", ""market_integrity"": ""safe_match_market"", ""odds_api_io"": true, ""odds_api_io_account"": ""account1"", ""raw_market_name"": ""spread"", ""requested_bookmakers"": ""Bet365,Unibet""}",1
soccer|korea republic|uzbekistan|2026-10-06,spreads|korea republic|0.50|home,odds_api_io,Bet365,spreads,Korea Republic,1.21,2026-10-06T07:34:53.445749+00:00,0.5,home,,"{""configured_bookmakers"": ""Bet365,Unibet"", ""entitlement_fallback_used"": false, ""fetched_at_utc"": ""2026-10-06T07:34:53.445749+00:00"", ""market_integrity"": ""safe_match_market"", ""odds_api_io"": true, ""odds_api_io_account"": ""account1"", ""raw_market_name"": ""spread"", ""requested_bookmakers"": ""Bet365,Unibet""}",1
soccer|korea republic|uzbekistan|2026-10-06,spreads|uzbekistan|-0.50|away,odds_api_io,Bet365,spreads,Uzbekistan,4.25,2026-10-06T07:34:53.445749+00:00,-0.5,away,,"{""configured_bookmakers"": ""Bet365,Unibet"", ""entitlement_fallback_used"": false, ""fetched_at_utc"": ""2026-10-06T07:34:53.445749+00:00"", ""market_integrity"": ""safe_match_market"", ""odds_api_io"": true, ""odds_api_io_account"": ""account1"", ""raw_market_name"": ""spread"", ""requested_bookmakers"": ""Bet365,Unibet""}",1
soccer|korea republic|uzbekistan|2026-10-06,spreads|korea republic|0.75|home,odds_api_io,Bet365,spreads,Korea Republic,1.13,2026-10-06T07:34:53.445749+00:00,0.75,home,,"{""configured_bookmakers"": ""Bet365,Unibet"", ""entitlement_fallback_used"": false, ""fetched_at_utc"": ""2026-10-06T07:34:53.445749+00:00"", ""market_integrity"": ""safe_match_market"", ""odds_api_io"": true, ""odds_api_io_account"": ""account1"", ""raw_market_name"": ""spread"", ""requested_bookmakers"": ""Bet365,Unibet""}",1
soccer|korea republic|uzbekistan|2026-10-06,spreads|uzbekistan|-0.75|away,odds_api_io,Bet365,spreads,Uzbekistan,5.9,2026-10-06T07:34:53.445749+00:00,-0.75,away,,"{""configured_bookmakers"": ""Bet365,Unibet"", ""entitlement_fallback_used"": false, ""fetched_at_utc"": ""2026-10-06T07:34:53.445749+00:00"", ""market_integrity"": ""safe_match_market"", ""odds_api_io"": true, ""odds_api_io_account"": ""account1"", ""raw_market_name"": ""spread"", ""requested_bookmakers"": ""Bet365,Unibet""}",1
soccer|korea republic|uzbekistan|2026-10-06,spreads|korea republic|1.50|home,odds_api_io,Bet365,spreads,Korea Republic,1.05,2026-10-06T07:34:53.445749+00:00,1.5,home,,"{""configured_bookmakers"": ""Bet365,Unibet"", ""entitlement_fallback_used"": false, ""fetched_at_utc"": ""2026-10-06T07:34:53.445749+00:00"", ""market_integrity"": ""safe_match_market"", ""odds_api_io"": true, ""odds_api_io_account"": ""account1"", ""raw_market_name"": ""spread"", ""requested_bookmakers"": ""Bet365,Unibet""}",1
soccer|korea republic|uzbekistan|2026-10-06,spreads|uzbekistan|-1.50|away,odds_api_io,Bet365,spreads,Uzbekistan,11.0,2026-10-06T07:34:53.445749+00:00,-1.5,away,,"{""configured_bookmakers"": ""Bet365,Unibet"", ""entitlement_fallback_used"": false, ""fetched_at_utc"": ""2026-10-06T07:34:53.445749+00:00"", ""market_integrity"": ""safe_match_market"", ""odds_api_io"": true, ""odds_api_io_account"": ""account1"", ""raw_market_name"": ""spread"", ""requested_bookmakers"": ""Bet365,Unibet""}",1
soccer|korea republic|uzbekistan|2026-10-06,totals|over|0.50|,odds_api_io,Bet365,totals,Over,1.04,2026-10-06T07:34:53.445749+00:00,0.5,,,"{""configured_bookmakers"": ""Bet365,Unibet"", ""entitlement_fallback_used"": false, ""fetched_at_utc"": ""2026-10-06T07:34:53.445749+00:00"", ""market_integrity"": ""safe_match_market"", ""odds_api_io"": true, ""odds_api_io_account"": ""account1"", ""raw_market_name"": ""totals"", ""requested_bookmakers"": ""Bet365,Unibet""}",1
soccer|korea republic|uzbekistan|2026-10-06,totals|under|0.50|,odds_api_io,Bet365,totals,Under,13.0,2026-10-06T07:34:53.445749+00:00,0.5,,,"{""configured_bookmakers"": ""Bet365,Unibet"", ""entitlement_fallback_used"": false, ""fetched_at_utc"": ""2026-10-06T07:34:53.445749+00:00"", ""market_integrity"": ""safe_match_market"", ""odds_api_io"": true, ""odds_api_io_account"": ""account1"", ""raw_market_name"": ""totals"", ""requested_bookmakers"": ""Bet365,Unibet""}",1
soccer|korea republic|uzbekistan|2026-10-06,totals|over|1.25|,odds_api_io,Bet365,totals,Over,1.17,2026-10-06T07:34:53.445749+00:00,1.25,,,"{""configured_bookmakers"": ""Bet365,Unibet"", ""entitlement_fallback_used"": false, ""fetched_at_utc"": ""2026-10-06T07:34:53.445749+00:00"", ""market_integrity"": ""safe_match_market"", ""odds_api_io"": true, ""odds_api_io_account"": ""account1"", ""raw_market_name"": ""totals"", ""requested_bookmakers"": ""Bet365,Unibet""}",1
soccer|korea republic|uzbekistan|2026-10-06,totals|under|1.25|,odds_api_io,Bet365,totals,Under,5.0,2026-10-06T07:34:53.445749+00:00,1.25,,,"{""configured_bookmakers"": ""Bet365,Unibet"", ""entitlement_fallback_used"": false, ""fetched_at_utc"": ""2026-10-06T07:34:53.445749+00:00"", ""market_integrity"": ""safe_match_market"", ""odds_api_io"": true, ""odds_api_io_account"": ""account1"", ""raw_market_name"": ""totals"", ""requested_bookmakers"": ""Bet365,Unibet""}",1
soccer|korea republic|uzbekistan|2026-10-06,totals|over|1.50|,odds_api_io,Bet365,totals,Over,1.25,2026-10-06T07:34:53.445749+00:00,1.5,,,"{""configured_bookmakers"": ""Bet365,Unibet"", ""entitlement_fallback_used"": false, ""fetched_at_utc"": ""2026-10-06T07:34:53.445749+00:00"", ""market_integrity"": ""safe_match_market"", ""odds_api_io"": true, ""odds_api_io_account"": ""account1"", ""raw_market_name"": ""totals"", ""requested_bookmakers"": ""Bet365,Unibet""}",1
soccer|korea republic|uzbekistan|2026-10-06,totals|under|1.50|,odds_api_io,Bet365,totals,Under,3.75,2026-10-06T07:34:53.445749+00:00,1.5,,,"{""configured_bookmakers"": ""Bet365,Unibet"", ""entitlement_fallback_used"": false, ""fetched_at_utc"": ""2026-10-06T07:34:53.445749+00:00"", ""market_integrity"": ""safe_match_market"", ""odds_api_io"": true, ""odds_api_io_account"": ""account1"", ""raw_market_name"": ""totals"", ""requested_bookmakers"": ""Bet365,Unibet""}",1
soccer|korea republic|uzbekistan|2026-10-06,totals|over|1.75|,odds_api_io,Bet365,totals,Over,1.325,2026-10-06T07:34:53.445749+00:00,1.75,,,"{""configured_bookmakers"": ""Bet365,Unibet"", ""entitlement_fallback_used"": false, ""fetched_at_utc"": ""2026-10-06T07:34:53.445749+00:00"", ""market_integrity"": ""safe_match_market"", ""odds_api_io"": true, ""odds_api_io_account"": ""account1"", ""raw_market_name"": ""totals"", ""requested_bookmakers"": ""Bet365,Unibet""}",1
soccer|korea republic|uzbekistan|2026-10-06,totals|under|1.75|,odds_api_io,Bet365,totals,Under,3.3,2026-10-06T07:34:53.445749+00:00,1.75,,,"{""configured_bookmakers"": ""Bet365,Unibet"", ""entitlement_fallback_used"": false, ""fetched_at_utc"": ""2026-10-06T07:34:53.445749+00:00"", ""market_integrity"": ""safe_match_market"", ""odds_api_io"": true, ""odds_api_io_account"": ""account1"", ""raw_market_name"": ""totals"", ""requested_bookmakers"": ""Bet365,Unibet""}",1
soccer|korea republic|uzbekistan|2026-10-06,totals|over|2.00|,odds_api_io,Bet365,totals,Over,1.425,2026-10-06T07:34:53.445749+00:00,2.0,,,"{""configured_bookmakers"": ""Bet365,Unibet"", ""entitlement_fallback_used"": false, ""fetched_at_utc"": ""2026-10-06T07:34:53.445749+00:00"", ""market_integrity"": ""safe_match_market"", ""odds_api_io"": true, ""odds_api_io_account"": ""account1"", ""raw_market_name"": ""totals"", ""requested_bookmakers"": ""Bet365,Unibet""}",1
soccer|korea republic|uzbekistan|2026-10-06,totals|under|2.00|,odds_api_io,Bet365,totals,Under,2.75,2026-10-06T07:34:53.445749+00:00,2.0,,,"{""configured_bookmakers"": ""Bet365,Unibet"", ""entitlement_fallback_used"": false, ""fetched_at_utc"": ""2026-10-06T07:34:53.445749+00:00"", ""market_integrity"": ""safe_match_market"", ""odds_api_io"": true, ""odds_api_io_account"": ""account1"", ""raw_market_name"": ""totals"", ""requested_bookmakers"": ""Bet365,Unibet""}",1
soccer|korea republic|uzbekistan|2026-10-06,totals|over|2.25|,odds_api_io,Bet365,totals,Over,1.625,2026-10-06T07:34:53.445749+00:00,2.25,,,"{""configured_bookmakers"": ""Bet365,Unibet"", ""entitlement_fallback_used"": false, ""fetched_at_utc"": ""2026-10-06T07:34:53.445749+00:00"", ""market_integrity"": ""safe_match_market"", ""odds_api_io"": true, ""odds_api_io_account"": ""account1"", ""raw_market_name"": ""totals"", ""requested_bookmakers"": ""Bet365,Unibet""}",1
soccer|korea republic|uzbekistan|2026-10-06,totals|under|2.25|,odds_api_io,Bet365,totals,Under,2.25,2026-10-06T07:34:53.445749+00:00,2.25,,,"{""configured_bookmakers"": ""Bet365,Unibet"", ""entitlement_fallback_used"": false, ""fetched_at_utc"": ""2026-10-06T07:34:53.445749+00:00"", ""market_integrity"": ""safe_match_market"", ""odds_api_io"": true, ""odds_api_io_account"": ""account1"", ""raw_market_name"": ""totals"", ""requested_bookmakers"": ""Bet365,Unibet""}",1
soccer|korea republic|uzbekistan|2026-10-06,totals|over|2.75|,odds_api_io,Bet365,totals,Over,1.95,2026-10-06T07:34:53.445749+00:00,2.75,,,"{""configured_bookmakers"": ""Bet365,Unibet"", ""entitlement_fallback_used"": false, ""fetched_at_utc"": ""2026-10-06T07:34:53.445749+00:00"", ""market_integrity"": ""safe_match_market"", ""odds_api_io"": true, ""odds_api_io_account"": ""account1"", ""raw_market_name"": ""totals"", ""requested_bookmakers"": ""Bet365,Unibet""}",1
soccer|korea republic|uzbekistan|2026-10-06,totals|under|2.75|,odds_api_io,Bet365,totals,Under,1.85,2026-10-06T07:34:53.445749+00:00,2.75,,,"{""configured_bookmakers"": ""Bet365,Unibet"", ""entitlement_fallback_used"": false, ""fetched_at_utc"": ""2026-10-06T07:34:53.445749+00:00"", ""market_integrity"": ""safe_match_market"", ""odds_api_io"": true, ""odds_api_io_account"": ""account1"", ""raw_market_name"": ""totals"", ""requested_bookmakers"": ""Bet365,Unibet""}",1
soccer|korea republic|uzbekistan|2026-10-06,totals|over|3.00|,odds_api_io,Bet365,totals,Over,2.425,2026-10-06T07:34:53.445749+00:00,3.0,,,"{""configured_bookmakers"": ""Bet365,Unibet"", ""entitlement_fallback_used"": false, ""fetched_at_utc"": ""2026-10-06T07:34:53.445749+00:00"", ""market_integrity"": ""safe_match_market"", ""odds_api_io"": true, ""odds_api_io_account"": ""account1"", ""raw_market_name"": ""totals"", ""requested_bookmakers"": ""Bet365,Unibet""}",1
soccer|korea republic|uzbekistan|2026-10-06,totals|under|3.00|,odds_api_io,Bet365,totals,Under,1.525,2026-10-06T07:34:53.445749+00:00,3.0,,,"{""configured_bookmakers"": ""Bet365,Unibet"", ""entitlement_fallback_used"": false, ""fetched_at_utc"": ""2026-10-06T07:34:53.445749+00:00"", ""market_integrity"": ""safe_match_market"", ""odds_api_io"": true, ""odds_api_io_account"": ""account1"", ""raw_market_name"": ""totals"", ""requested_bookmakers"": ""Bet365,Unibet""}",1
soccer|korea republic|uzbekistan|2026-10-06,totals|over|3.25|,odds_api_io,Bet365,totals,Over,2.75,2026-10-06T07:34:53.445749+00:00,3.25,,,"{""configured_bookmakers"": ""Bet365,Unibet"", ""entitlement_fallback_used"": false, ""fetched_at_utc"": ""2026-10-06T07:34:53.445749+00:00"", ""market_integrity"": ""safe_match_market"", ""odds_api_io"": true, ""odds_api_io_account"": ""account1"", ""raw_market_name"": ""totals"", ""requested_bookmakers"": ""Bet365,Unibet""}",1
soccer|korea republic|uzbekistan|2026-10-06,totals|under|3.25|,odds_api_io,Bet365,totals,Under,1.425,2026-10-06T07:34:53.445749+00:00,3.25,,,"{""configured_bookmakers"": ""Bet365,Unibet"", ""entitlement_fallback_used"": false, ""fetched_at_utc"": ""2026-10-06T07:34:53.445749+00:00"", ""market_integrity"": ""safe_match_market"", ""odds_api_io"": true, ""odds_api_io_account"": ""account1"", ""raw_market_name"": ""totals"", ""requested_bookmakers"": ""Bet365,Unibet""}",1
soccer|korea republic|uzbekistan|2026-10-06,totals|over|3.50|,odds_api_io,Bet365,totals,Over,3.0,2026-10-06T07:34:53.445749+00:00,3.5,,,"{""configured_bookmakers"": ""Bet365,Unibet"", ""entitlement_fallback_used"": false, ""fetched_at_utc"": ""2026-10-06T07:34:53.445749+00:00"", ""market_integrity"": ""safe_match_market"", ""odds_api_io"": true, ""odds_api_io_account"": ""account1"", ""raw_market_name"": ""totals"", ""requested_bookmakers"": ""Bet365,Unibet""}",1
soccer|korea republic|uzbekistan|2026-10-06,totals|under|3.50|,odds_api_io,Bet365,totals,Under,1.363,2026-10-06T07:34:53.445749+00:00,3.5,,,"{""configured_bookmakers"": ""Bet365,Unibet"", ""entitlement_fallback_used"": false, ""fetched_at_utc"": ""2026-10-06T07:34:53.445749+00:00"", ""market_integrity"": ""safe_match_market"", ""odds_api_io"": true, ""odds_api_io_account"": ""account1"", ""raw_market_name"": ""totals"", ""requested_bookmakers"": ""Bet365,Unibet""}",1
soccer|korea republic|uzbekistan|2026-10-06,totals|over|3.75|,odds_api_io,Bet365,totals,Over,3.8,2026-10-06T07:34:53.445749+00:00,3.75,,,"{""configured_bookmakers"": ""Bet365,Unibet"", ""entitlement_fallback_used"": false, ""fetched_at_utc"": ""2026-10-06T07:34:53.445749+00:00"", ""market_integrity"": ""safe_match_market"", ""odds_api_io"": true, ""odds_api_io_account"": ""account1"", ""raw_market_name"": ""totals"", ""requested_bookmakers"": ""Bet365,Unibet""}",1
soccer|korea republic|uzbekistan|2026-10-06,totals|under|3.75|,odds_api_io,Bet365,totals,Under,1.25,2026-10-06T07:34:53.445749+00:00,3.75,,,"{""configured_bookmakers"": ""Bet365,Unibet"", ""entitlement_fallback_used"": false, ""fetched_at_utc"": ""2026-10-06T07:34:53.445749+00:00"", ""market_integrity"": ""safe_match_market"", ""odds_api_io"": true, ""odds_api_io_account"": ""account1"", ""raw_market_name"": ""totals"", ""requested_bookmakers"": ""Bet365,Unibet""}",1
soccer|korea republic|uzbekistan|2026-10-06,totals|over|4.00|,odds_api_io,Bet365,totals,Over,5.25,2026-10-06T07:34:53.445749+00:00,4.0,,,"{""configured_bookmakers"": ""Bet365,Unibet"", ""entitlement_fallback_used"": false, ""fetched_at_utc"": ""2026-10-06T07:34:53.445749+00:00"", ""market_integrity"": ""safe_match_market"", ""odds_api_io"": true, ""odds_api_io_account"": ""account1"", ""raw_market_name"": ""totals"", ""requested_bookmakers"": ""Bet365,Unibet""}",1
soccer|korea republic|uzbekistan|2026-10-06,totals|under|4.00|,odds_api_io,Bet365,totals,Under,1.16,2026-10-06T07:34:53.445749+00:00,4.0,,,"{""configured_bookmakers"": ""Bet365,Unibet"", ""entitlement_fallback_used"": false, ""fetched_at_utc"": ""2026-10-06T07:34:53.445749+00:00"", ""market_integrity"": ""safe_match_market"", ""odds_api_io"": true, ""odds_api_io_account"": ""account1"", ""raw_market_name"": ""totals"", ""requested_bookmakers"": ""Bet365,Unibet""}",1
soccer|korea republic|uzbekistan|2026-10-06,totals|over|4.25|,odds_api_io,Bet365,totals,Over,5.75,2026-10-06T07:34:53.445749+00:00,4.25,,,"{""configured_bookmakers"": ""Bet365,Unibet"", ""entitlement_fallback_used"": false, ""fetched_at_utc"": ""2026-10-06T07:34:53.445749+00:00"", ""market_integrity"": ""safe_match_market"", ""odds_api_io"": true, ""odds_api_io_account"": ""account1"", ""raw_market_name"": ""totals"", ""requested_bookmakers"": ""Bet365,Unibet""}",1
soccer|korea republic|uzbekistan|2026-10-06,totals|under|4.25|,odds_api_io,Bet365,totals,Under,1.14,2026-10-06T07:34:53.445749+00:00,4.25,,,"{""configured_bookmakers"": ""Bet365,Unibet"", ""entitlement_fallback_used"": false, ""fetched_at_utc"": ""2026-10-06T07:34:53.445749+00:00"", ""market_integrity"": ""safe_match_market"", ""odds_api_io"": true, ""odds_api_io_account"": ""account1"", ""raw_market_name"": ""totals"", ""requested_bookmakers"": ""Bet365,Unibet""}",1
soccer|korea republic|uzbekistan|2026-10-06,totals|over|4.50|,odds_api_io,Bet365,totals,Over,5.5,2026-10-06T07:34:53.445749+00:00,4.5,,,"{""configured_bookmakers"": ""Bet365,Unibet"", ""entitlement_fallback_used"": false, ""fetched_at_utc"": ""2026-10-06T07:34:53.445749+00:00"", ""market_integrity"": ""safe_match_market"", ""odds_api_io"": true, ""odds_api_io_account"": ""account1"", ""raw_market_name"": ""totals"", ""requested_bookmakers"": ""Bet365,Unibet""}",1
soccer|korea republic|uzbekistan|2026-10-06,totals|under|4.50|,odds_api_io,Bet365,totals,Under,1.142,2026-10-06T07:34:53.445749+00:00,4.5,,,"{""configured_bookmakers"": ""Bet365,Unibet"", ""entitlement_fallback_used"": false, ""fetched_at_utc"": ""2026-10-06T07:34:53.445749+00:00"", ""market_integrity"": ""safe_match_market"", ""odds_api_io"": true, ""odds_api_io_account"": ""account1"", ""raw_market_name"": ""totals"", ""requested_bookmakers"": ""Bet365,Unibet""}",1
soccer|korea republic|uzbekistan|2026-10-06,totals|over|5.50|,odds_api_io,Bet365,totals,Over,13.0,2026-10-06T07:34:53.445749+00:00,5.5,,,"{""configured_bookmakers"": ""Bet365,Unibet"", ""entitlement_fallback_used"": false, ""fetched_at_utc"": ""2026-10-06T07:34:53.445749+00:00"", ""market_integrity"": ""safe_match_market"", ""odds_api_io"": true, ""odds_api_io_account"": ""account1"", ""raw_market_name"": ""totals"", ""requested_bookmakers"": ""Bet365,Unibet""}",1
soccer|korea republic|uzbekistan|2026-10-06,totals|under|5.50|,odds_api_io,Bet365,totals,Under,1.04,2026-10-06T07:34:53.445749+00:00,5.5,,,"{""configured_bookmakers"": ""Bet365,Unibet"", ""entitlement_fallback_used"": false, ""fetched_at_utc"": ""2026-10-06T07:34:53.445749+00:00"", ""market_integrity"": ""safe_match_market"", ""odds_api_io"": true, ""odds_api_io_account"": ""account1"", ""raw_market_name"": ""totals"", ""requested_bookmakers"": ""Bet365,Unibet""}",1
soccer|korea republic|uzbekistan|2026-10-06,totals|over|6.50|,odds_api_io,Bet365,totals,Over,23.0,2026-10-06T07:34:53.445749+00:00,6.5,,,"{""configured_bookmakers"": ""Bet365,Unibet"", ""entitlement_fallback_used"": false, ""fetched_at_utc"": ""2026-10-06T07:34:53.445749+00:00"", ""market_integrity"": ""safe_match_market"", ""odds_api_io"": true, ""odds_api_io_account"": ""account1"", ""raw_market_name"": ""totals"", ""requested_bookmakers"": ""Bet365,Unibet""}",1
soccer|korea republic|uzbekistan|2026-10-06,totals|under|6.50|,odds_api_io,Bet365,totals,Under,1.012,2026-10-06T07:34:53.445749+00:00,6.5,,,"{""configured_bookmakers"": ""Bet365,Unibet"", ""entitlement_fallback_used"": false, ""fetched_at_utc"": ""2026-10-06T07:34:53.445749+00:00"", ""market_integrity"": ""safe_match_market"", ""odds_api_io"": true, ""odds_api_io_account"": ""account1"", ""raw_market_name"": ""totals"", ""requested_bookmakers"": ""Bet365,Unibet""}",1
soccer|korea republic|uzbekistan|2026-10-06,totals|over|7.50|,odds_api_io,Bet365,totals,Over,51.0,2026-10-06T07:34:53.445749+00:00,7.5,,,"{""configured_bookmakers"": ""Bet365,Unibet"", ""entitlement_fallback_used"": false, ""fetched_at_utc"": ""2026-10-06T07:34:53.445749+00:00"", ""market_integrity"": ""safe_match_market"", ""odds_api_io"": true, ""odds_api_io_account"": ""account1"", ""raw_market_name"": ""totals"", ""requested_bookmakers"": ""Bet365,Unibet""}",1
soccer|korea republic|uzbekistan|2026-10-06,totals|under|7.50|,odds_api_io,Bet365,totals,Under,1.002,2026-10-06T07:34:53.445749+00:00,7.5,,,"{""configured_bookmakers"": ""Bet365,Unibet"", ""entitlement_fallback_used"": false, ""fetched_at_utc"": ""2026-10-06T07:34:53.445749+00:00"", ""market_integrity"": ""safe_match_market"", ""odds_api_io"": true, ""odds_api_io_account"": ""account1"", ""raw_market_name"": ""totals"", ""requested_bookmakers"": ""Bet365,Unibet""}",1
soccer|korea republic|uzbekistan|2026-10-06,totals|over|2.50|,odds_api_io,Bet365,totals,Over,1.75,2026-10-06T07:34:53.445749+00:00,2.5,,,"{""configured_bookmakers"": ""Bet365,Unibet"", ""entitlement_fallback_used"": false, ""fetched_at_utc"": ""2026-10-06T07:34:53.445749+00:00"", ""market_integrity"": ""safe_match_market"", ""odds_api_io"": true, ""odds_api_io_account"": ""account1"", ""raw_market_name"": ""goals over/under"", ""requested_bookmakers"": ""Bet365,Unibet""}",1
soccer|korea republic|uzbekistan|2026-10-06,totals|under|2.50|,odds_api_io,Bet365,totals,Under,2.05,2026-10-06T07:34:53.445749+00:00,2.5,,,"{""configured_bookmakers"": ""Bet365,Unibet"", ""entitlement_fallback_used"": false, ""fetched_at_utc"": ""2026-10-06T07:34:53.445749+00:00"", ""market_integrity"": ""safe_match_market"", ""odds_api_io"": true, ""odds_api_io_account"": ""account1"", ""raw_market_name"": ""goals over/under"", ""requested_bookmakers"": ""Bet365,Unibet""}",1
soccer|korea republic|uzbekistan|2026-10-06,btts|yes||,odds_api_io,Bet365,btts,Yes,1.833,2026-10-06T07:34:53.445749+00:00,,,,"{""configured_bookmakers"": ""Bet365,Unibet"", ""entitlement_fallback_used"": false, ""fetched_at_utc"": ""2026-10-06T07:34:53.445749+00:00"", ""market_integrity"": ""safe_match_market"", ""odds_api_io"": true, ""odds_api_io_account"": ""account1"", ""raw_market_name"": ""both teams to score"", ""requested_bookmakers"": ""Bet365,Unibet""}",1
soccer|korea republic|uzbekistan|2026-10-06,btts|no||,odds_api_io,Bet365,btts,No,1.833,2026-10-06T07:34:53.445749+00:00,,,,"{""configured_bookmakers"": ""Bet365,Unibet"", ""entitlement_fallback_used"": false, ""fetched_at_utc"": ""2026-10-06T07:34:53.445749+00:00"", ""market_integrity"": ""safe_match_market"", ""odds_api_io"": true, ""odds_api_io_account"": ""account1"", ""raw_market_name"": ""both teams to score"", ""requested_bookmakers"": ""Bet365,Unibet""}",1
soccer|korea republic|uzbekistan|2026-10-06,teamTotals|over|0.50|home,odds_api_io,Bet365,teamTotals,Over,1.166,2026-10-06T07:34:53.445749+00:00,0.5,home,,"{""configured_bookmakers"": ""Bet365,Unibet"", ""entitlement_fallback_used"": false, ""fetched_at_utc"": ""2026-10-06T07:34:53.445749+00:00"", ""market_integrity"": ""safe_match_market"", ""odds_api_io"": true, ""odds_api_io_account"": ""account1"", ""raw_market_name"": ""team total home"", ""requested_bookmakers"": ""Bet365,Unibet""}",1
soccer|korea republic|uzbekistan|2026-10-06,teamTotals|under|0.50|home,odds_api_io,Bet365,teamTotals,Under,5.0,2026-10-06T07:34:53.445749+00:00,0.5,home,,"{""configured_bookmakers"": ""Bet365,Unibet"", ""entitlement_fallback_used"": false, ""fetched_at_utc"": ""2026-10-06T07:34:53.445749+00:00"", ""market_integrity"": ""safe_match_market"", ""odds_api_io"": true, ""odds_api_io_account"": ""account1"", ""raw_market_name"": ""team total home"", ""requested_bookmakers"": ""Bet365,Unibet""}",1
soccer|korea republic|uzbekistan|2026-10-06,teamTotals|over|1.50|home,odds_api_io,Bet365,teamTotals,Over,1.8,2026-10-06T07:34:53.445749+00:00,1.5,home,,"{""configured_bookmakers"": ""Bet365,Unibet"", ""entitlement_fallback_used"": false, ""fetched_at_utc"": ""2026-10-06T07:34:53.445749+00:00"", ""market_integrity"": ""safe_match_market"", ""odds_api_io"": true, ""odds_api_io_account"": ""account1"", ""raw_market_name"": ""team total home"", ""requested_bookmakers"": ""Bet365,Unibet""}",1
soccer|korea republic|uzbekistan|2026-10-06,teamTotals|under|1.50|home,odds_api_io,Bet365,teamTotals,Under,1.909,2026-10-06T07:34:53.445749+00:00,1.5,home,,"{""configured_bookmakers"": ""Bet365,Unibet"", ""entitlement_fallback_used"": false, ""fetched_at_utc"": ""2026-10-06T07:34:53.445749+00:00"", ""market_integrity"": ""safe_match_market"", ""odds_api_io"": true, ""odds_api_io_account"": ""account1"", ""raw_market_name"": ""team total home"", ""requested_bookmakers"": ""Bet365,Unibet""}",1
soccer|korea republic|uzbekistan|2026-10-06,teamTotals|over|2.50|home,odds_api_io,Bet365,teamTotals,Over,3.5,2026-10-06T07:34:53.445749+00:00,2.5,home,,"{""configured_bookmakers"": ""Bet365,Unibet"", ""entitlement_fallback_used"": false, ""fetched_at_utc"": ""2026-10-06T07:34:53.445749+00:00"", ""market_integrity"": ""safe_match_market"", ""odds_api_io"": true, ""odds_api_io_account"": ""account1"", ""raw_market_name"": ""team total home"", ""requested_bookmakers"": ""Bet365,Unibet""}",1
soccer|korea republic|uzbekistan|2026-10-06,teamTotals|under|2.50|home,odds_api_io,Bet365,teamTotals,Under,1.285,2026-10-06T07:34:53.445749+00:00,2.5,home,,"{""configured_bookmakers"": ""Bet365,Unibet"", ""entitlement_fallback_used"": false, ""fetched_at_utc"": ""2026-10-06T07:34:53.445749+00:00"", ""market_integrity"": ""safe_match_market"", ""odds_api_io"": true, ""odds_api_io_account"": ""account1"", ""raw_market_name"": ""team total home"", ""requested_bookmakers"": ""Bet365,Unibet""}",1
soccer|korea republic|uzbekistan|2026-10-06,teamTotals|over|3.50|home,odds_api_io,Bet365,teamTotals,Over,9.0,2026-10-06T07:34:53.445749+00:00,3.5,home,,"{""configured_bookmakers"": ""Bet365,Unibet"", ""entitlement_fallback_used"": false, ""fetched_at_utc"": ""2026-10-06T07:34:53.445749+00:00"", ""market_integrity"": ""safe_match_market"", ""odds_api_io"": true, ""odds_api_io_account"": ""account1"", ""raw_market_name"": ""team total home"", ""requested_bookmakers"": ""Bet365,Unibet""}",1
soccer|korea republic|uzbekistan|2026-10-06,teamTotals|under|3.50|home,odds_api_io,Bet365,teamTotals,Under,1.071,2026-10-06T07:34:53.445749+00:00,3.5,home,,"{""configured_bookmakers"": ""Bet365,Unibet"", ""entitlement_fallback_used"": false, ""fetched_at_utc"": ""2026-10-06T07:34:53.445749+00:00"", ""market_integrity"": ""safe_match_market"", ""odds_api_io"": true, ""odds_api_io_account"": ""account1"", ""raw_market_name"": ""team total home"", ""requested_bookmakers"": ""Bet365,Unibet""}",1
soccer|korea republic|uzbekistan|2026-10-06,teamTotals|over|4.50|home,odds_api_io,Bet365,teamTotals,Over,21.0,2026-10-06T07:34:53.445749+00:00,4.5,home,,"{""configured_bookmakers"": ""Bet365,Unibet"", ""entitlement_fallback_used"": false, ""fetched_at_utc"": ""2026-10-06T07:34:53.445749+00:00"", ""market_integrity"": ""safe_match_market"", ""odds_api_io"": true, ""odds_api_io_account"": ""account1"", ""raw_market_name"": ""team total home"", ""requested_bookmakers"": ""Bet365,Unibet""}",1
soccer|korea republic|uzbekistan|2026-10-06,teamTotals|under|4.50|home,odds_api_io,Bet365,teamTotals,Under,1.015,2026-10-06T07:34:53.445749+00:00,4.5,home,,"{""configured_bookmakers"": ""Bet365,Unibet"", ""entitlement_fallback_used"": false, ""fetched_at_utc"": ""2026-10-06T07:34:53.445749+00:00"", ""market_integrity"": ""safe_match_market"", ""odds_api_io"": true, ""odds_api_io_account"": ""account1"", ""raw_market_name"": ""team total home"", ""requested_bookmakers"": ""Bet365,Unibet""}",1
soccer|korea republic|uzbekistan|2026-10-06,teamTotals|over|5.50|home,odds_api_io,Bet365,teamTotals,Over,51.0,2026-10-06T07:34:53.445749+00:00,5.5,home,,"{""configured_bookmakers"": ""Bet365,Unibet"", ""entitlement_fallback_used"": false, ""fetched_at_utc"": ""2026-10-06T07:34:53.445749+00:00"", ""market_integrity"": ""safe_match_market"", ""odds_api_io"": true, ""odds_api_io_account"": ""account1"", ""raw_market_name"": ""team total home"", ""requested_bookmakers"": ""Bet365,Unibet""}",1
soccer|korea republic|uzbekistan|2026-10-06,teamTotals|under|5.50|home,odds_api_io,Bet365,teamTotals,Under,1.002,2026-10-06T07:34:53.445749+00:00,5.5,home,,"{""configured_bookmakers"": ""Bet365,Unibet"", ""entitlement_fallback_used"": false, ""fetched_at_utc"": ""2026-10-06T07:34:53.445749+00:00"", ""market_integrity"": ""safe_match_market"", ""odds_api_io"": true, ""odds_api_io_account"": ""account1"", ""raw_market_name"": ""team total home"", ""requested_bookmakers"": ""Bet365,Unibet""}",1
soccer|korea republic|uzbekistan|2026-10-06,teamTotals|over|0.50|away,odds_api_io,Bet365,teamTotals,Over,1.533,2026-10-06T07:34:53.445749+00:00,0.5,away,,"{""configured_bookmakers"": ""Bet365,Unibet"", ""entitlement_fallback_used"": false, ""fetched_at_utc"": ""2026-10-06T07:34:53.445749+00:00"", ""market_integrity"": ""safe_match_market"", ""odds_api_io"": true, ""odds_api_io_account"": ""account1"", ""raw_market_name"": ""team total away"", ""requested_bookmakers"": ""Bet365,Unibet""}",1
soccer|korea republic|uzbekistan|2026-10-06,teamTotals|under|0.50|away,odds_api_io,Bet365,teamTotals,Under,2.375,2026-10-06T07:34:53.445749+00:00,0.5,away,,"{""configured_bookmakers"": ""Bet365,Unibet"", ""entitlement_fallback_used"": false, ""fetched_at_utc"": ""2026-10-06T07:34:53.445749+00:00"", ""market_integrity"": ""safe_match_market"", ""odds_api_io"": true, ""odds_api_io_account"": ""account1"", ""raw_market_name"": ""team total away"", ""requested_bookmakers"": ""Bet365,Unibet""}",1
soccer|korea republic|uzbekistan|2026-10-06,teamTotals|over|1.50|away,odds_api_io,Bet365,teamTotals,Over,3.75,2026-10-06T07:34:53.445749+00:00,1.5,away,,"{""configured_bookmakers"": ""Bet365,Unibet"", ""entitlement_fallback_used"": false, ""fetched_at_utc"": ""2026-10-06T07:34:53.445749+00:00"", ""market_integrity"": ""safe_match_market"", ""odds_api_io"": true, ""odds_api_io_account"": ""account1"", ""raw_market_name"": ""team total away"", ""requested_bookmakers"": ""Bet365,Unibet""}",1
soccer|korea republic|uzbekistan|2026-10-06,teamTotals|under|1.50|away,odds_api_io,Bet365,teamTotals,Under,1.25,2026-10-06T07:34:53.445749+00:00,1.5,away,,"{""configured_bookmakers"": ""Bet365,Unibet"", ""entitlement_fallback_used"": false, ""fetched_at_utc"": ""2026-10-06T07:34:53.445749+00:00"", ""market_integrity"": ""safe_match_market"", ""odds_api_io"": true, ""odds_api_io_account"": ""account1"", ""raw_market_name"": ""team total away"", ""requested_bookmakers"": ""Bet365,Unibet""}",1
soccer|korea republic|uzbekistan|2026-10-06,teamTotals|over|2.50|away,odds_api_io,Bet365,teamTotals,Over,11.0,2026-10-06T07:34:53.445749+00:00,2.5,away,,"{""configured_bookmakers"": ""Bet365,Unibet"", ""entitlement_fallback_used"": false, ""fetched_at_utc"": ""2026-10-06T07:34:53.445749+00:00"", ""market_integrity"": ""safe_match_market"", ""odds_api_io"": true, ""odds_api_io_account"": ""account1"", ""raw_market_name"": ""team total away"", ""requested_bookmakers"": ""Bet365,Unibet""}",1
soccer|korea republic|uzbekistan|2026-10-06,teamTotals|under|2.50|away,odds_api_io,Bet365,teamTotals,Under,1.05,2026-10-06T07:34:53.445749+00:00,2.5,away,,"{""configured_bookmakers"": ""Bet365,Unibet"", ""entitlement_fallback_used"": false, ""fetched_at_utc"": ""2026-10-06T07:34:53.445749+00:00"", ""market_integrity"": ""safe_match_market"", ""odds_api_io"": true, ""odds_api_io_account"": ""account1"", ""raw_market_name"": ""team total away"", ""requested_bookmakers"": ""Bet365,Unibet""}",1
soccer|korea republic|uzbekistan|2026-10-06,teamTotals|over|3.50|away,odds_api_io,Bet365,teamTotals,Over,29.0,2026-10-06T07:34:53.445749+00:00,3.5,away,,"{""configured_bookmakers"": ""Bet365,Unibet"", ""entitlement_fallback_used"": false, ""fetched_at_utc"": ""2026-10-06T07:34:53.445749+00:00"", ""market_integrity"": ""safe_match_market"", ""odds_api_io"": true, ""odds_api_io_account"": ""account1"", ""raw_market_name"": ""team total away"", ""requested_bookmakers"": ""Bet365,Unibet""}",1
soccer|korea republic|uzbekistan|2026-10-06,teamTotals|under|3.50|away,odds_api_io,Bet365,teamTotals,Under,1.006,2026-10-06T07:34:53.445749+00:00,3.5,away,,"{""configured_bookmakers"": ""Bet365,Unibet"", ""entitlement_fallback_used"": false, ""fetched_at_utc"": ""2026-10-06T07:34:53.445749+00:00"", ""market_integrity"": ""safe_match_market"", ""odds_api_io"": true, ""odds_api_io_account"": ""account1"", ""raw_market_name"": ""team total away"", ""requested_bookmakers"": ""Bet365,Unibet""}",1
soccer|korea republic|uzbekistan|2026-10-06,h2h|korea republic||,odds_api_io,Unibet,h2h,Korea Republic,1.67,2026-10-06T07:34:53.445749+00:00,,,,"{""configured_bookmakers"": ""Bet365,Unibet"", ""entitlement_fallback_used"": false, ""fetched_at_utc"": ""2026-10-06T07:34:53.445749+00:00"", ""market_integrity"": ""safe_match_market"", ""odds_api_io"": true, ""odds_api_io_account"": ""account1"", ""raw_market_name"": ""ml"", ""requested_bookmakers"": ""Bet365,Unibet""}",1
soccer|korea republic|uzbekistan|2026-10-06,h2h|draw||,odds_api_io,Unibet,h2h,Draw,3.7,2026-10-06T07:34:53.445749+00:00,,,,"{""configured_bookmakers"": ""Bet365,Unibet"", ""entitlement_fallback_used"": false, ""fetched_at_utc"": ""2026-10-06T07:34:53.445749+00:00"", ""market_integrity"": ""safe_match_market"", ""odds_api_io"": true, ""odds_api_io_account"": ""account1"", ""raw_market_name"": ""ml"", ""requested_bookmakers"": ""Bet365,Unibet""}",1
soccer|korea republic|uzbekistan|2026-10-06,h2h|uzbekistan||,odds_api_io,Unibet,h2h,Uzbekistan,5.1,2026-10-06T07:34:53.445749+00:00,,,,"{""configured_bookmakers"": ""Bet365,Unibet"", ""entitlement_fallback_used"": false, ""fetched_at_utc"": ""2026-10-06T07:34:53.445749+00:00"", ""market_integrity"": ""safe_match_market"", ""odds_api_io"": true, ""odds_api_io_account"": ""account1"", ""raw_market_name"": ""ml"", ""requested_bookmakers"": ""Bet365,Unibet""}",1
soccer|korea republic|uzbekistan|2026-10-06,dnb|korea republic||,odds_api_io,Unibet,dnb,Korea Republic,1.24,2026-10-06T07:34:53.445749+00:00,,,,"{""configured_bookmakers"": ""Bet365,Unibet"", ""entitlement_fallback_used"": false, ""fetched_at_utc"": ""2026-10-06T07:34:53.445749+00:00"", ""market_integrity"": ""safe_match_market"", ""odds_api_io"": true, ""odds_api_io_account"": ""account1"", ""raw_market_name"": ""draw no bet"", ""requested_bookmakers"": ""Bet365,Unibet""}",1
soccer|korea republic|uzbekistan|2026-10-06,dnb|uzbekistan||,odds_api_io,Unibet,dnb,Uzbekistan,3.55,2026-10-06T07:34:53.445749+00:00,,,,"{""configured_bookmakers"": ""Bet365,Unibet"", ""entitlement_fallback_used"": false, ""fetched_at_utc"": ""2026-10-06T07:34:53.445749+00:00"", ""market_integrity"": ""safe_match_market"", ""odds_api_io"": true, ""odds_api_io_account"": ""account1"", ""raw_market_name"": ""draw no bet"", ""requested_bookmakers"": ""Bet365,Unibet""}",1
soccer|korea republic|uzbekistan|2026-10-06,spreads|korea republic|-1.50|home,odds_api_io,Unibet,spreads,Korea Republic,2.7,2026-10-06T07:34:53.445749+00:00,-1.5,home,,"{""configured_bookmakers"": ""Bet365,Unibet"", ""entitlement_fallback_used"": false, ""fetched_at_utc"": ""2026-10-06T07:34:53.445749+00:00"", ""market_integrity"": ""safe_match_market"", ""odds_api_io"": true, ""odds_api_io_account"": ""account1"", ""raw_market_name"": ""spread"", ""requested_bookmakers"": ""Bet365,Unibet""}",1
soccer|korea republic|uzbekistan|2026-10-06,spreads|uzbekistan|1.50|away,odds_api_io,Unibet,spreads,Uzbekistan,1.38,2026-10-06T07:34:53.445749+00:00,1.5,away,,"{""configured_bookmakers"": ""Bet365,Unibet"", ""entitlement_fallback_used"": false, ""fetched_at_utc"": ""2026-10-06T07:34:53.445749+00:00"", ""market_integrity"": ""safe_match_market"", ""odds_api_io"": true, ""odds_api_io_account"": ""account1"", ""raw_market_name"": ""spread"", ""requested_bookmakers"": ""Bet365,Unibet""}",1
soccer|korea republic|uzbekistan|2026-10-06,spreads|korea republic|-0.50|home,odds_api_io,Unibet,spreads,Korea Republic,1.61,2026-10-06T07:34:53.445749+00:00,-0.5,home,,"{""configured_bookmakers"": ""Bet365,Unibet"", ""entitlement_fallback_used"": false, ""fetched_at_utc"": ""2026-10-06T07:34:53.445749+00:00"", ""market_integrity"": ""safe_match_market"", ""odds_api_io"": true, ""odds_api_io_account"": ""account1"", ""raw_market_name"": ""spread"", ""requested_bookmakers"": ""Bet365,Unibet""}",1
soccer|korea republic|uzbekistan|2026-10-06,spreads|uzbekistan|0.50|away,odds_api_io,Unibet,spreads,Uzbekistan,2.12,2026-10-06T07:34:53.445749+00:00,0.5,away,,"{""configured_bookmakers"": ""Bet365,Unibet"", ""entitlement_fallback_used"": false, ""fetched_at_utc"": ""2026-10-06T07:34:53.445749+00:00"", ""market_integrity"": ""safe_match_market"", ""odds_api_io"": true, ""odds_api_io_account"": ""account1"", ""raw_market_name"": ""spread"", ""requested_bookmakers"": ""Bet365,Unibet""}",1
soccer|korea republic|uzbekistan|2026-10-06,totals|over|1.50|,odds_api_io,Unibet,totals,Over,1.27,2026-10-06T07:34:53.445749+00:00,1.5,,,"{""configured_bookmakers"": ""Bet365,Unibet"", ""entitlement_fallback_used"": false, ""fetched_at_utc"": ""2026-10-06T07:34:53.445749+00:00"", ""market_integrity"": ""safe_match_market"", ""odds_api_io"": true, ""odds_api_io_account"": ""account1"", ""raw_market_name"": ""totals"", ""requested_bookmakers"": ""Bet365,Unibet""}",1
soccer|korea republic|uzbekistan|2026-10-06,totals|under|1.50|,odds_api_io,Unibet,totals,Under,3.45,2026-10-06T07:34:53.445749+00:00,1.5,,,"{""configured_bookmakers"": ""Bet365,Unibet"", ""entitlement_fallback_used"": false, ""fetched_at_utc"": ""2026-10-06T07:34:53.445749+00:00"", ""market_integrity"": ""safe_match_market"", ""odds_api_io"": true, ""odds_api_io_account"": ""account1"", ""raw_market_name"": ""totals"", ""requested_bookmakers"": ""Bet365,Unibet""}",1
soccer|korea republic|uzbekistan|2026-10-06,totals|over|2.50|,odds_api_io,Unibet,totals,Over,1.9,2026-10-06T07:34:53.445749+00:00,2.5,,,"{""configured_bookmakers"": ""Bet365,Unibet"", ""entitlement_fallback_used"": false, ""fetched_at_utc"": ""2026-10-06T07:34:53.445749+00:00"", ""market_integrity"": ""safe_match_market"", ""odds_api_io"": true, ""odds_api_io_account"": ""account1"", ""raw_market_name"": ""totals"", ""requested_bookmakers"": ""Bet365,Unibet""}",1
soccer|korea republic|uzbekistan|2026-10-06,totals|under|2.50|,odds_api_io,Unibet,totals,Under,1.81,2026-10-06T07:34:53.445749+00:00,2.5,,,"{""configured_bookmakers"": ""Bet365,Unibet"", ""entitlement_fallback_used"": false, ""fetched_at_utc"": ""2026-10-06T07:34:53.445749+00:00"", ""market_integrity"": ""safe_match_market"", ""odds_api_io"": true, ""odds_api_io_account"": ""account1"", ""raw_market_name"": ""totals"", ""requested_bookmakers"": ""Bet365,Unibet""}",1
soccer|korea republic|uzbekistan|2026-10-06,totals|over|3.50|,odds_api_io,Unibet,totals,Over,3.35,2026-10-06T07:34:53.445749+00:00,3.5,,,"{""configured_bookmakers"": ""Bet365,Unibet"", ""entitlement_fallback_used"": false, ""fetched_at_utc"": ""2026-10-06T07:34:53.445749+00:00"", ""market_integrity"": ""safe_match_market"", ""odds_api_io"": true, ""odds_api_io_account"": ""account1"", ""raw_market_name"": ""totals"", ""requested_bookmakers"": ""Bet365,Unibet""}",1
soccer|korea republic|uzbekistan|2026-10-06,totals|under|3.50|,odds_api_io,Unibet,totals,Under,1.28,2026-10-06T07:34:53.445749+00:00,3.5,,,"{""configured_bookmakers"": ""Bet365,Unibet"", ""entitlement_fallback_used"": false, ""fetched_at_utc"": ""2026-10-06T07:34:53.445749+00:00"", ""market_integrity"": ""safe_match_market"", ""odds_api_io"": true, ""odds_api_io_account"": ""account1"", ""raw_market_name"": ""totals"", ""requested_bookmakers"": ""Bet365,Unibet""}",1
soccer|korea republic|uzbekistan|2026-10-06,totals|over|4.50|,odds_api_io,Unibet,totals,Over,6.4,2026-10-06T07:34:53.445749+00:00,4.5,,,"{""configured_bookmakers"": ""Bet365,Unibet"", ""entitlement_fallback_used"": false, ""fetched_at_utc"": ""2026-10-06T07:34:53.445749+00:00"", ""market_integrity"": ""safe_match_market"", ""odds_api_io"": true, ""odds_api_io_account"": ""account1"", ""raw_market_name"": ""totals"", ""requested_bookmakers"": ""Bet365,Unibet""}",1
soccer|korea republic|uzbekistan|2026-10-06,totals|under|4.50|,odds_api_io,Unibet,totals,Under,1.07,2026-10-06T07:34:53.445749+00:00,4.5,,,"{""configured_bookmakers"": ""Bet365,Unibet"", ""entitlement_fallback_used"": false, ""fetched_at_utc"": ""2026-10-06T07:34:53.445749+00:00"", ""market_integrity"": ""safe_match_market"", ""odds_api_io"": true, ""odds_api_io_account"": ""account1"", ""raw_market_name"": ""totals"", ""requested_bookmakers"": ""Bet365,Unibet""}",1
soccer|korea republic|uzbekistan|2026-10-06,btts|yes||,odds_api_io,Unibet,btts,Yes,1.85,2026-10-06T07:34:53.445749+00:00,,,,"{""configured_bookmakers"": ""Bet365,Unibet"", ""entitlement_fallback_used"": false, ""fetched_at_utc"": ""2026-10-06T07:34:53.445749+00:00"", ""market_integrity"": ""safe_match_market"", ""odds_api_io"": true, ""odds_api_io_account"": ""account1"", ""raw_market_name"": ""both teams to score"", ""requested_bookmakers"": ""Bet365,Unibet""}",1
soccer|korea republic|uzbekistan|2026-10-06,btts|no||,odds_api_io,Unibet,btts,No,1.82,2026-10-06T07:34:53.445749+00:00,,,,"{""configured_bookmakers"": ""Bet365,Unibet"", ""entitlement_fallback_used"": false, ""fetched_at_utc"": ""2026-10-06T07:34:53.445749+00:00"", ""market_integrity"": ""safe_match_market"", ""odds_api_io"": true, ""odds_api_io_account"": ""account1"", ""raw_market_name"": ""both teams to score"", ""requested_bookmakers"": ""Bet365,Unibet""}",1
soccer|korea republic|uzbekistan|2026-10-06,teamTotals|over|0.50|home,odds_api_io,Unibet,teamTotals,Over,1.14,2026-10-06T07:34:53.445749+00:00,0.5,home,,"{""configured_bookmakers"": ""Bet365,Unibet"", ""entitlement_fallback_used"": false, ""fetched_at_utc"": ""2026-10-06T07:34:53.445749+00:00"", ""market_integrity"": ""safe_match_market"", ""odds_api_io"": true, ""odds_api_io_account"": ""account1"", ""raw_market_name"": ""team total home"", ""requested_bookmakers"": ""Bet365,Unibet""}",1
soccer|korea republic|uzbekistan|2026-10-06,teamTotals|under|0.50|home,odds_api_io,Unibet,teamTotals,Under,4.6,2026-10-06T07:34:53.445749+00:00,0.5,home,,"{""configured_bookmakers"": ""Bet365,Unibet"", ""entitlement_fallback_used"": false, ""fetched_at_utc"": ""2026-10-06T07:34:53.445749+00:00"", ""market_integrity"": ""safe_match_market"", ""odds_api_io"": true, ""odds_api_io_account"": ""account1"", ""raw_market_name"": ""team total home"", ""requested_bookmakers"": ""Bet365,Unibet""}",1
soccer|korea republic|uzbekistan|2026-10-06,teamTotals|over|1.50|home,odds_api_io,Unibet,teamTotals,Over,1.76,2026-10-06T07:34:53.445749+00:00,1.5,home,,"{""configured_bookmakers"": ""Bet365,Unibet"", ""entitlement_fallback_used"": false, ""fetched_at_utc"": ""2026-10-06T07:34:53.445749+00:00"", ""market_integrity"": ""safe_match_market"", ""odds_api_io"": true, ""odds_api_io_account"": ""account1"", ""raw_market_name"": ""team total home"", ""requested_bookmakers"": ""Bet365,Unibet""}",1
soccer|korea republic|uzbekistan|2026-10-06,teamTotals|under|1.50|home,odds_api_io,Unibet,teamTotals,Under,1.91,2026-10-06T07:34:53.445749+00:00,1.5,home,,"{""configured_bookmakers"": ""Bet365,Unibet"", ""entitlement_fallback_used"": false, ""fetched_at_utc"": ""2026-10-06T07:34:53.445749+00:00"", ""market_integrity"": ""safe_match_market"", ""odds_api_io"": true, ""odds_api_io_account"": ""account1"", ""raw_market_name"": ""team total home"", ""requested_bookmakers"": ""Bet365,Unibet""}",1
soccer|korea republic|uzbekistan|2026-10-06,teamTotals|over|2.50|home,odds_api_io,Unibet,teamTotals,Over,3.4,2026-10-06T07:34:53.445749+00:00,2.5,home,,"{""configured_bookmakers"": ""Bet365,Unibet"", ""entitlement_fallback_used"": false, ""fetched_at_utc"": ""2026-10-06T07:34:53.445749+00:00"", ""market_integrity"": ""safe_match_market"", ""odds_api_io"": true, ""odds_api_io_account"": ""account1"", ""raw_market_name"": ""team total home"", ""requested_bookmakers"": ""Bet365,Unibet""}",1
soccer|korea republic|uzbekistan|2026-10-06,teamTotals|under|2.50|home,odds_api_io,Unibet,teamTotals,Under,1.26,2026-10-06T07:34:53.445749+00:00,2.5,home,,"{""configured_bookmakers"": ""Bet365,Unibet"", ""entitlement_fallback_used"": false, ""fetched_at_utc"": ""2026-10-06T07:34:53.445749+00:00"", ""market_integrity"": ""safe_match_market"", ""odds_api_io"": true, ""odds_api_io_account"": ""account1"", ""raw_market_name"": ""team total home"", ""requested_bookmakers"": ""Bet365,Unibet""}",1
soccer|korea republic|uzbekistan|2026-10-06,teamTotals|over|0.50|away,odds_api_io,Unibet,teamTotals,Over,1.58,2026-10-06T07:34:53.445749+00:00,0.5,away,,"{""configured_bookmakers"": ""Bet365,Unibet"", ""entitlement_fallback_used"": false, ""fetched_at_utc"": ""2026-10-06T07:34:53.445749+00:00"", ""market_integrity"": ""safe_match_market"", ""odds_api_io"": true, ""odds_api_io_account"": ""account1"", ""raw_market_name"": ""team total away"", ""requested_bookmakers"": ""Bet365,Unibet""}",1
soccer|korea republic|uzbekistan|2026-10-06,teamTotals|under|0.50|away,odds_api_io,Unibet,teamTotals,Under,2.18,2026-10-06T07:34:53.445749+00:00,0.5,away,,"{""configured_bookmakers"": ""Bet365,Unibet"", ""entitlement_fallback_used"": false, ""fetched_at_utc"": ""2026-10-06T07:34:53.445749+00:00"", ""market_integrity"": ""safe_match_market"", ""odds_api_io"": true, ""odds_api_io_account"": ""account1"", ""raw_market_name"": ""team total away"", ""requested_bookmakers"": ""Bet365,Unibet""}",1
soccer|korea republic|uzbekistan|2026-10-06,teamTotals|over|1.50|away,odds_api_io,Unibet,teamTotals,Over,3.75,2026-10-06T07:34:53.445749+00:00,1.5,away,,"{""configured_bookmakers"": ""Bet365,Unibet"", ""entitlement_fallback_used"": false, ""fetched_at_utc"": ""2026-10-06T07:34:53.445749+00:00"", ""market_integrity"": ""safe_match_market"", ""odds_api_io"": true, ""odds_api_io_account"": ""account1"", ""raw_market_name"": ""team total away"", ""requested_bookmakers"": ""Bet365,Unibet""}",1
soccer|korea republic|uzbekistan|2026-10-06,teamTotals|under|1.50|away,odds_api_io,Unibet,teamTotals,Under,1.21,2026-10-06T07:34:53.445749+00:00,1.5,away,,"{""configured_bookmakers"": ""Bet365,Unibet"", ""entitlement_fallback_used"": false, ""fetched_at_utc"": ""2026-10-06T07:34:53.445749+00:00"", ""market_integrity"": ""safe_match_market"", ""odds_api_io"": true, ""odds_api_io_account"": ""account1"", ""raw_market_name"": ""team total away"", ""requested_bookmakers"": ""Bet365,Unibet""}",1
soccer|binh minh sai gon|thanh pho dong nai|2026-10-06,h2h|thanh pho dong nai fc||,odds_api_io,Bet365,h2h,Thanh Pho Dong Nai FC,1.285,2026-10-06T07:34:53.445749+00:00,,,,"{""configured_bookmakers"": ""Bet365,Unibet"", ""entitlement_fallback_used"": false, ""fetched_at_utc"": ""2026-10-06T07:34:53.445749+00:00"", ""market_integrity"": ""safe_match_market"", ""odds_api_io"": true, ""odds_api_io_account"": ""account1"", ""raw_market_name"": ""ml"", ""requested_bookmakers"": ""Bet365,Unibet""}",1
soccer|binh minh sai gon|thanh pho dong nai|2026-10-06,h2h|draw||,odds_api_io,Bet365,h2h,Draw,5.0,2026-10-06T07:34:53.445749+00:00,,,,"{""configured_bookmakers"": ""Bet365,Unibet"", ""entitlement_fallback_used"": false, ""fetched_at_utc"": ""2026-10-06T07:34:53.445749+00:00"", ""market_integrity"": ""safe_match_market"", ""odds_api_io"": true, ""odds_api_io_account"": ""account1"", ""raw_market_name"": ""ml"", ""requested_bookmakers"": ""Bet365,Unibet""}",1
soccer|binh minh sai gon|thanh pho dong nai|2026-10-06,h2h|binh minh sai gon||,odds_api_io,Bet365,h2h,Binh Minh Sai Gon,7.5,2026-10-06T07:34:53.445749+00:00,,,,"{""configured_bookmakers"": ""Bet365,Unibet"", ""entitlement_fallback_used"": false, ""fetched_at_utc"": ""2026-10-06T07:34:53.445749+00:00"", ""market_integrity"": ""safe_match_market"", ""odds_api_io"": true, ""odds_api_io_account"": ""account1"", ""raw_market_name"": ""ml"", ""requested_bookmakers"": ""Bet365,Unibet""}",1
soccer|binh minh sai gon|thanh pho dong nai|2026-10-06,dnb|thanh pho dong nai fc||,odds_api_io,Bet365,dnb,Thanh Pho Dong Nai FC,1.1,2026-10-06T07:34:53.445749+00:00,,,,"{""configured_bookmakers"": ""Bet365,Unibet"", ""entitlement_fallback_used"": false, ""fetched_at_utc"": ""2026-10-06T07:34:53.445749+00:00"", ""market_integrity"": ""safe_match_market"", ""odds_api_io"": true, ""odds_api_io_account"": ""account1"", ""raw_market_name"": ""draw no bet"", ""requested_bookmakers"": ""Bet365,Unibet""}",1
soccer|binh minh sai gon|thanh pho dong nai|2026-10-06,dnb|binh minh sai gon||,odds_api_io,Bet365,dnb,Binh Minh Sai Gon,6.5,2026-10-06T07:34:53.445749+00:00,,,,"{""configured_bookmakers"": ""Bet365,Unibet"", ""entitlement_fallback_used"": false, ""fetched_at_utc"": ""2026-10-06T07:34:53.445749+00:00"", ""market_integrity"": ""safe_match_market"", ""odds_api_io"": true, ""odds_api_io_account"": ""account1"", ""raw_market_name"": ""draw no bet"", ""requested_bookmakers"": ""Bet365,Unibet""}",1
soccer|binh minh sai gon|thanh pho dong nai|2026-10-06,spreads|thanh pho dong nai fc|-1.50|home,odds_api_io,Bet365,spreads,Thanh Pho Dong Nai FC,1.8,2026-10-06T07:34:53.445749+00:00,-1.5,home,,"{""configured_bookmakers"": ""Bet365,Unibet"", ""entitlement_fallback_used"": false, ""fetched_at_utc"": ""2026-10-06T07:34:53.445749+00:00"", ""market_integrity"": ""safe_match_market"", ""odds_api_io"": true, ""odds_api_io_account"": ""account1"", ""raw_market_name"": ""spread"", ""requested_bookmakers"": ""Bet365,Unibet""}",1
soccer|binh minh sai gon|thanh pho dong nai|2026-10-06,spreads|binh minh sai gon|1.50|away,odds_api_io,Bet365,spreads,Binh Minh Sai Gon,2.0,2026-10-06T07:34:53.445749+00:00,1.5,away,,"{""configured_bookmakers"": ""Bet365,Unibet"", ""entitlement_fallback_used"": false, ""fetched_at_utc"": ""2026-10-06T07:34:53.445749+00:00"", ""market_integrity"": ""safe_match_market"", ""odds_api_io"": true, ""odds_api_io_account"": ""account1"", ""raw_market_name"": ""spread"", ""requested_bookmakers"": ""Bet365,Unibet""}",1
soccer|binh minh sai gon|thanh pho dong nai|2026-10-06,totals|over|2.75|,odds_api_io,Bet365,totals,Over,1.95,2026-10-06T07:34:53.445749+00:00,2.75,,,"{""configured_bookmakers"": ""Bet365,Unibet"", ""entitlement_fallback_used"": false, ""fetched_at_utc"": ""2026-10-06T07:34:53.445749+00:00"", ""market_integrity"": ""safe_match_market"", ""odds_api_io"": true, ""odds_api_io_account"": ""account1"", ""raw_market_name"": ""totals"", ""requested_bookmakers"": ""Bet365,Unibet""}",1
soccer|binh minh sai gon|thanh pho dong nai|2026-10-06,totals|under|2.75|,odds_api_io,Bet365,totals,Under,1.85,2026-10-06T07:34:53.445749+00:00,2.75,,,"{""configured_bookmakers"": ""Bet365,Unibet"", ""entitlement_fallback_used"": false, ""fetched_at_utc"": ""2026-10-06T07:34:53.445749+00:00"", ""market_integrity"": ""safe_match_market"", ""odds_api_io"": true, ""odds_api_io_account"": ""account1"", ""raw_market_name"": ""totals"", ""requested_bookmakers"": ""Bet365,Unibet""}",1
soccer|binh minh sai gon|thanh pho dong nai|2026-10-06,totals|over|2.50|,odds_api_io,Bet365,totals,Over,1.75,2026-10-06T07:34:53.445749+00:00,2.5,,,"{""configured_bookmakers"": ""Bet365,Unibet"", ""entitlement_fallback_used"": false, ""fetched_at_utc"": ""2026-10-06T07:34:53.445749+00:00"", ""market_integrity"": ""safe_match_market"", ""odds_api_io"": true, ""odds_api_io_account"": ""account1"", ""raw_market_name"": ""goals over/under"", ""requested_bookmakers"": ""Bet365,Unibet""}",1
soccer|binh minh sai gon|thanh pho dong nai|2026-10-06,totals|under|2.50|,odds_api_io,Bet365,totals,Under,2.05,2026-10-06T07:34:53.445749+00:00,2.5,,,"{""configured_bookmakers"": ""Bet365,Unibet"", ""entitlement_fallback_used"": false, ""fetched_at_utc"": ""2026-10-06T07:34:53.445749+00:00"", ""market_integrity"": ""safe_match_market"", ""odds_api_io"": true, ""odds_api_io_account"": ""account1"", ""raw_market_name"": ""goals over/under"", ""requested_bookmakers"": ""Bet365,Unibet""}",1
soccer|ks beselidhja|sopoti librazhd|2026-10-06,h2h|ks beselidhja||,odds_api_io,Bet365,h2h,KS Beselidhja,1.85,2026-10-06T07:34:53.445749+00:00,,,,"{""configured_bookmakers"": ""Bet365,Unibet"", ""entitlement_fallback_used"": false, ""fetched_at_utc"": ""2026-10-06T07:34:53.445749+00:00"", ""market_integrity"": ""safe_match_market"", ""odds_api_io"": true, ""odds_api_io_account"": ""account1"", ""raw_market_name"": ""ml"", ""requested_bookmakers"": ""Bet365,Unibet""}",1
soccer|ks beselidhja|sopoti librazhd|2026-10-06,h2h|draw||,odds_api_io,Bet365,h2h,Draw,3.1,2026-10-06T07:34:53.445749+00:00,,,,"{""configured_bookmakers"": ""Bet365,Unibet"", ""entitlement_fallback_used"": false, ""fetched_at_utc"": ""2026-10-06T07:34:53.445749+00:00"", ""market_integrity"": ""safe_match_market"", ""odds_api_io"": true, ""odds_api_io_account"": ""account1"", ""raw_market_name"": ""ml"", ""requested_bookmakers"": ""Bet365,Unibet""}",1
soccer|ks beselidhja|sopoti librazhd|2026-10-06,h2h|sopoti librazhd||,odds_api_io,Bet365,h2h,Sopoti Librazhd,4.0,2026-10-06T07:34:53.445749+00:00,,,,"{""configured_bookmakers"": ""Bet365,Unibet"", ""entitlement_fallback_used"": false, ""fetched_at_utc"": ""2026-10-06T07:34:53.445749+00:00"", ""market_integrity"": ""safe_match_market"", ""odds_api_io"": true, ""odds_api_io_account"": ""account1"", ""raw_market_name"": ""ml"", ""requested_bookmakers"": ""Bet365,Unibet""}",1
soccer|ks beselidhja|sopoti librazhd|2026-10-06,dnb|ks beselidhja||,odds_api_io,Bet365,dnb,KS Beselidhja,1.363,2026-10-06T07:34:53.445749+00:00,,,,"{""configured_bookmakers"": ""Bet365,Unibet"", ""entitlement_fallback_used"": false, ""fetched_at_utc"": ""2026-10-06T07:34:53.445749+00:00"", ""market_integrity"": ""safe_match_market"", ""odds_api_io"": true, ""odds_api_io_account"": ""account1"", ""raw_market_name"": ""draw no bet"", ""requested_bookmakers"": ""Bet365,Unibet""}",1
soccer|ks beselidhja|sopoti librazhd|2026-10-06,dnb|sopoti librazhd||,odds_api_io,Bet365,dnb,Sopoti Librazhd,3.0,2026-10-06T07:34:53.445749+00:00,,,,"{""configured_bookmakers"": ""Bet365,Unibet"", ""entitlement_fallback_used"": false, ""fetched_at_utc"": ""2026-10-06T07:34:53.445749+00:00"", ""market_integrity"": ""safe_match_market"", ""odds_api_io"": true, ""odds_api_io_account"": ""account1"", ""raw_market_name"": ""draw no bet"", ""requested_bookmakers"": ""Bet365,Unibet""}",1
soccer|ks beselidhja|sopoti librazhd|2026-10-06,spreads|ks beselidhja|-0.50|home,odds_api_io,Bet365,spreads,KS Beselidhja,1.9,2026-10-06T07:34:53.445749+00:00,-0.5,home,,"{""configured_bookmakers"": ""Bet365,Unibet"", ""entitlement_fallback_used"": false, ""fetched_at_utc"": ""2026-10-06T07:34:53.445749+00:00"", ""market_integrity"": ""safe_match_market"", ""odds_api_io"": true, ""odds_api_io_account"": ""account1"", ""raw_market_name"": ""spread"", ""requested_bookmakers"": ""Bet365,Unibet""}",1
soccer|ks beselidhja|sopoti librazhd|2026-10-06,spreads|sopoti librazhd|0.50|away,odds_api_io,Bet365,spreads,Sopoti Librazhd,1.9,2026-10-06T07:34:53.445749+00:00,0.5,away,,"{""configured_bookmakers"": ""Bet365,Unibet"", ""entitlement_fallback_used"": false, ""fetched_at_utc"": ""2026-10-06T07:34:53.445749+00:00"", ""market_integrity"": ""safe_match_market"", ""odds_api_io"": true, ""odds_api_io_account"": ""account1"", ""raw_market_name"": ""spread"", ""requested_bookmakers"": ""Bet365,Unibet""}",1
soccer|ks beselidhja|sopoti librazhd|2026-10-06,totals|over|2.25|,odds_api_io,Bet365,totals,Over,1.925,2026-10-06T07:34:53.445749+00:00,2.25,,,"{""configured_bookmakers"": ""Bet365,Unibet"", ""entitlement_fallback_used"": false, ""fetched_at_utc"": ""2026-10-06T07:34:53.445749+00:00"", ""market_integrity"": ""safe_match_market"", ""odds_api_io"": true, ""odds_api_io_account"": ""account1"", ""raw_market_name"": ""totals"", ""requested_bookmakers"": ""Bet365,Unibet""}",1
soccer|ks beselidhja|sopoti librazhd|2026-10-06,totals|under|2.25|,odds_api_io,Bet365,totals,Under,1.875,2026-10-06T07:34:53.445749+00:00,2.25,,,"{""configured_bookmakers"": ""Bet365,Unibet"", ""entitlement_fallback_used"": false, ""fetched_at_utc"": ""2026-10-06T07:34:53.445749+00:00"", ""market_integrity"": ""safe_match_market"", ""odds_api_io"": true, ""odds_api_io_account"": ""account1"", ""raw_market_name"": ""totals"", ""requested_bookmakers"": ""Bet365,Unibet""}",1
soccer|ks beselidhja|sopoti librazhd|2026-10-06,totals|over|2.50|,odds_api_io,Bet365,totals,Over,2.35,2026-10-06T07:34:53.445749+00:00,2.5,,,"{""configured_bookmakers"": ""Bet365,Unibet"", ""entitlement_fallback_used"": false, ""fetched_at_utc"": ""2026-10-06T07:34:53.445749+00:00"", ""market_integrity"": ""safe_match_market"", ""odds_api_io"": true, ""odds_api_io_account"": ""account1"", ""raw_market_name"": ""goals over/under"", ""requested_bookmakers"": ""Bet365,Unibet""}",1
soccer|ks beselidhja|sopoti librazhd|2026-10-06,totals|under|2.50|,odds_api_io,Bet365,totals,Under,1.571,2026-10-06T07:34:53.445749+00:00,2.5,,,"{""configured_bookmakers"": ""Bet365,Unibet"", ""entitlement_fallback_used"": false, ""fetched_at_utc"": ""2026-10-06T07:34:53.445749+00:00"", ""market_integrity"": ""safe_match_market"", ""odds_api_io"": true, ""odds_api_io_account"": ""account1"", ""raw_market_name"": ""goals over/under"", ""requested_bookmakers"": ""Bet365,Unibet""}",1
soccer|jiangxi dingnan united|meizhou hakka|2026-10-06,h2h|jiangxi dingnan united||,odds_api_io,Bet365,h2h,Jiangxi Dingnan United,1.909,2026-10-06T07:34:53.445749+00:00,,,,"{""configured_bookmakers"": ""Bet365,Unibet"", ""entitlement_fallback_used"": false, ""fetched_at_utc"": ""2026-10-06T07:34:53.445749+00:00"", ""market_integrity"": ""safe_match_market"", ""odds_api_io"": true, ""odds_api_io_account"": ""account1"", ""raw_market_name"": ""ml"", ""requested_bookmakers"": ""Bet365,Unibet""}",1
soccer|jiangxi dingnan united|meizhou hakka|2026-10-06,h2h|draw||,odds_api_io,Bet365,h2h,Draw,3.4,2026-10-06T07:34:53.445749+00:00,,,,"{""configured_bookmakers"": ""Bet365,Unibet"", ""entitlement_fallback_used"": false, ""fetched_at_utc"": ""2026-10-06T07:34:53.445749+00:00"", ""market_integrity"": ""safe_match_market"", ""odds_api_io"": true, ""odds_api_io_account"": ""account1"", ""raw_market_name"": ""ml"", ""requested_bookmakers"": ""Bet365,Unibet""}",1
soccer|jiangxi dingnan united|meizhou hakka|2026-10-06,h2h|meizhou hakka||,odds_api_io,Bet365,h2h,Meizhou Hakka,3.4,2026-10-06T07:34:53.445749+00:00,,,,"{""configured_bookmakers"": ""Bet365,Unibet"", ""entitlement_fallback_used"": false, ""fetched_at_utc"": ""2026-10-06T07:34:53.445749+00:00"", ""market_integrity"": ""safe_match_market"", ""odds_api_io"": true, ""odds_api_io_account"": ""account1"", ""raw_market_name"": ""ml"", ""requested_bookmakers"": ""Bet365,Unibet""}",1
soccer|jiangxi dingnan united|meizhou hakka|2026-10-06,dnb|jiangxi dingnan united||,odds_api_io,Bet365,dnb,Jiangxi Dingnan United,1.444,2026-10-06T07:34:53.445749+00:00,,,,"{""configured_bookmakers"": ""Bet365,Unibet"", ""entitlement_fallback_used"": false, ""fetched_at_utc"": ""2026-10-06T07:34:53.445749+00:00"", ""market_integrity"": ""safe_match_market"", ""odds_api_io"": true, ""odds_api_io_account"": ""account1"", ""raw_market_name"": ""draw no bet"", ""requested_bookmakers"": ""Bet365,Unibet""}",1
soccer|jiangxi dingnan united|meizhou hakka|2026-10-06,dnb|meizhou hakka||,odds_api_io,Bet365,dnb,Meizhou Hakka,2.625,2026-10-06T07:34:53.445749+00:00,,,,"{""configured_bookmakers"": ""Bet365,Unibet"", ""entitlement_fallback_used"": false, ""fetched_at_utc"": ""2026-10-06T07:34:53.445749+00:00"", ""market_integrity"": ""safe_match_market"", ""odds_api_io"": true, ""odds_api_io_account"": ""account1"", ""raw_market_name"": ""draw no bet"", ""requested_bookmakers"": ""Bet365,Unibet""}",1
soccer|jiangxi dingnan united|meizhou hakka|2026-10-06,spreads|jiangxi dingnan united|-2.50|home,odds_api_io,Bet365,spreads,Jiangxi Dingnan United,6.8,2026-10-06T07:34:53.445749+00:00,-2.5,home,,"{""configured_bookmakers"": ""Bet365,Unibet"", ""entitlement_fallback_used"": false, ""fetched_at_utc"": ""2026-10-06T07:34:53.445749+00:00"", ""market_integrity"": ""safe_match_market"", ""odds_api_io"": true, ""odds_api_io_account"": ""account1"", ""raw_market_name"": ""spread"", ""requested_bookmakers"": ""Bet365,Unibet""}",1
soccer|jiangxi dingnan united|meizhou hakka|2026-10-06,spreads|meizhou hakka|2.50|away,odds_api_io,Bet365,spreads,Meizhou Hakka,1.105,2026-10-06T07:34:53.445749+00:00,2.5,away,,"{""configured_bookmakers"": ""Bet365,Unibet"", ""entitlement_fallback_used"": false, ""fetched_at_utc"": ""2026-10-06T07:34:53.445749+00:00"", ""market_integrity"": ""safe_match_market"", ""odds_api_io"": true, ""odds_api_io_account"": ""account1"", ""raw_market_name"": ""spread"", ""requested_bookmakers"": ""Bet365,Unibet""}",1
soccer|jiangxi dingnan united|meizhou hakka|2026-10-06,spreads|jiangxi dingnan united|-2.25|home,odds_api_io,Bet365,spreads,Jiangxi Dingnan United,6.4,2026-10-06T07:34:53.445749+00:00,-2.25,home,,"{""configured_bookmakers"": ""Bet365,Unibet"", ""entitlement_fallback_used"": false, ""fetched_at_utc"": ""2026-10-06T07:34:53.445749+00:00"", ""market_integrity"": ""safe_match_market"", ""odds_api_io"": true, ""odds_api_io_account"": ""account1"", ""raw_market_name"": ""spread"", ""requested_bookmakers"": ""Bet365,Unibet""}",1
soccer|jiangxi dingnan united|meizhou hakka|2026-10-06,spreads|meizhou hakka|2.25|away,odds_api_io,Bet365,spreads,Meizhou Hakka,1.115,2026-10-06T07:34:53.445749+00:00,2.25,away,,"{""configured_bookmakers"": ""Bet365,Unibet"", ""entitlement_fallback_used"": false, ""fetched_at_utc"": ""2026-10-06T07:34:53.445749+00:00"", ""market_integrity"": ""safe_match_market"", ""odds_api_io"": true, ""odds_api_io_account"": ""account1"", ""raw_market_name"": ""spread"", ""requested_bookmakers"": ""Bet365,Unibet""}",1
soccer|jiangxi dingnan united|meizhou hakka|2026-10-06,spreads|jiangxi dingnan united|-2.00|home,odds_api_io,Bet365,spreads,Jiangxi Dingnan United,5.9,2026-10-06T07:34:53.445749+00:00,-2.0,home,,"{""configured_bookmakers"": ""Bet365,Unibet"", ""entitlement_fallback_used"": false, ""fetched_at_utc"": ""2026-10-06T07:34:53.445749+00:00"", ""market_integrity"": ""safe_match_market"", ""odds_api_io"": true, ""odds_api_io_account"": ""account1"", ""raw_market_name"": ""spread"", ""requested_bookmakers"": ""Bet365,Unibet""}",1
soccer|jiangxi dingnan united|meizhou hakka|2026-10-06,spreads|meizhou hakka|2.00|away,odds_api_io,Bet365,spreads,Meizhou Hakka,1.13,2026-10-06T07:34:53.445749+00:00,2.0,away,,"{""configured_bookmakers"": ""Bet365,Unibet"", ""entitlement_fallback_used"": false, ""fetched_at_utc"": ""2026-10-06T07:34:53.445749+00:00"", ""market_integrity"": ""safe_match_market"", ""odds_api_io"": true, ""odds_api_io_account"": ""account1"", ""raw_market_name"": ""spread"", ""requested_bookmakers"": ""Bet365,Unibet""}",1
soccer|jiangxi dingnan united|meizhou hakka|2026-10-06,spreads|jiangxi dingnan united|-1.75|home,odds_api_io,Bet365,spreads,Jiangxi Dingnan United,4.15,2026-10-06T07:34:53.445749+00:00,-1.75,home,,"{""configured_bookmakers"": ""Bet365,Unibet"", ""entitlement_fallback_used"": false, ""fetched_at_utc"": ""2026-10-06T07:34:53.445749+00:00"", ""market_integrity"": ""safe_match_market"", ""odds_api_io"": true, ""odds_api_io_account"": ""account1"", ""raw_market_name"": ""spread"", ""requested_bookmakers"": ""Bet365,Unibet""}",1
soccer|jiangxi dingnan united|meizhou hakka|2026-10-06,spreads|meizhou hakka|1.75|away,odds_api_io,Bet365,spreads,Meizhou Hakka,1.22,2026-10-06T07:34:53.445749+00:00,1.75,away,,"{""configured_bookmakers"": ""Bet365,Unibet"", ""entitlement_fallback_used"": false, ""fetched_at_utc"": ""2026-10-06T07:34:53.445749+00:00"", ""market_integrity"": ""safe_match_market"", ""odds_api_io"": true, ""odds_api_io_account"": ""account1"", ""raw_market_name"": ""spread"", ""requested_bookmakers"": ""Bet365,Unibet""}",1
soccer|jiangxi dingnan united|meizhou hakka|2026-10-06,spreads|jiangxi dingnan united|-1.50|home,odds_api_io,Bet365,spreads,Jiangxi Dingnan United,3.45,2026-10-06T07:34:53.445749+00:00,-1.5,home,,"{""configured_bookmakers"": ""Bet365,Unibet"", ""entitlement_fallback_used"": false, ""fetched_at_utc"": ""2026-10-06T07:34:53.445749+00:00"", ""market_integrity"": ""safe_match_market"", ""odds_api_io"": true, ""odds_api_io_account"": ""account1"", ""raw_market_name"": ""spread"", ""requested_bookmakers"": ""Bet365,Unibet""}",1
soccer|jiangxi dingnan united|meizhou hakka|2026-10-06,spreads|meizhou hakka|1.50|away,odds_api_io,Bet365,spreads,Meizhou Hakka,1.3,2026-10-06T07:34:53.445749+00:00,1.5,away,,"{""configured_bookmakers"": ""Bet365,Unibet"", ""entitlement_fallback_used"": false, ""fetched_at_utc"": ""2026-10-06T07:34:53.445749+00:00"", ""market_integrity"": ""safe_match_market"", ""odds_api_io"": true, ""odds_api_io_account"": ""account1"", ""raw_market_name"": ""spread"", ""requested_bookmakers"": ""Bet365,Unibet""}",1
soccer|jiangxi dingnan united|meizhou hakka|2026-10-06,spreads|jiangxi dingnan united|-1.25|home,odds_api_io,Bet365,spreads,Jiangxi Dingnan United,3.0,2026-10-06T07:34:53.445749+00:00,-1.25,home,,"{""configured_bookmakers"": ""Bet365,Unibet"", ""entitlement_fallback_used"": false, ""fetched_at_utc"": ""2026-10-06T07:34:53.445749+00:00"", ""market_integrity"": ""safe_match_market"", ""odds_api_io"": true, ""odds_api_io_account"": ""account1"", ""raw_market_name"": ""spread"", ""requested_bookmakers"": ""Bet365,Unibet""}",1
soccer|jiangxi dingnan united|meizhou hakka|2026-10-06,spreads|meizhou hakka|1.25|away,odds_api_io,Bet365,spreads,Meizhou Hakka,1.375,2026-10-06T07:34:53.445749+00:00,1.25,away,,"{""configured_bookmakers"": ""Bet365,Unibet"", ""entitlement_fallback_used"": false, ""fetched_at_utc"": ""2026-10-06T07:34:53.445749+00:00"", ""market_integrity"": ""safe_match_market"", ""odds_api_io"": true, ""odds_api_io_account"": ""account1"", ""raw_market_name"": ""spread"", ""requested_bookmakers"": ""Bet365,Unibet""}",1
soccer|jiangxi dingnan united|meizhou hakka|2026-10-06,spreads|jiangxi dingnan united|-1.00|home,odds_api_io,Bet365,spreads,Jiangxi Dingnan United,2.675,2026-10-06T07:34:53.445749+00:00,-1.0,home,,"{""configured_bookmakers"": ""Bet365,Unibet"", ""entitlement_fallback_used"": false, ""fetched_at_utc"": ""2026-10-06T07:34:53.445749+00:00"", ""market_integrity"": ""safe_match_market"", ""odds_api_io"": true, ""odds_api_io_account"": ""account1"", ""raw_market_name"": ""spread"", ""requested_bookmakers"": ""Bet365,Unibet""}",1
soccer|jiangxi dingnan united|meizhou hakka|2026-10-06,spreads|meizhou hakka|1.00|away,odds_api_io,Bet365,spreads,Meizhou Hakka,1.45,2026-10-06T07:34:53.445749+00:00,1.0,away,,"{""configured_bookmakers"": ""Bet365,Unibet"", ""entitlement_fallback_used"": false, ""fetched_at_utc"": ""2026-10-06T07:34:53.445749+00:00"", ""market_integrity"": ""safe_match_market"", ""odds_api_io"": true, ""odds_api_io_account"": ""account1"", ""raw_market_name"": ""spread"", ""requested_bookmakers"": ""Bet365,Unibet""}",1
soccer|jiangxi dingnan united|meizhou hakka|2026-10-06,spreads|jiangxi dingnan united|-0.75|home,odds_api_io,Bet365,spreads,Jiangxi Dingnan United,2.25,2026-10-06T07:34:53.445749+00:00,-0.75,home,,"{""configured_bookmakers"": ""Bet365,Unibet"", ""entitlement_fallback_used"": false, ""fetched_at_utc"": ""2026-10-06T07:34:53.445749+00:00"", ""market_integrity"": ""safe_match_market"", ""odds_api_io"": true, ""odds_api_io_account"": ""account1"", ""raw_market_name"": ""spread"", ""requested_bookmakers"": ""Bet365,Unibet""}",1
soccer|jiangxi dingnan united|meizhou hakka|2026-10-06,spreads|meizhou hakka|0.75|away,odds_api_io,Bet365,spreads,Meizhou Hakka,1.625,2026-10-06T07:34:53.445749+00:00,0.75,away,,"{""configured_bookmakers"": ""Bet365,Unibet"", ""entitlement_fallback_used"": false, ""fetched_at_utc"": ""2026-10-06T07:34:53.445749+00:00"", ""market_integrity"": ""safe_match_market"", ""odds_api_io"": true, ""odds_api_io_account"": ""account1"", ""raw_market_name"": ""spread"", ""requested_bookmakers"": ""Bet365,Unibet""}",1
soccer|jiangxi dingnan united|meizhou hakka|2026-10-06,spreads|jiangxi dingnan united|-0.50|home,odds_api_io,Bet365,spreads,Jiangxi Dingnan United,2.0,2026-10-06T07:34:53.445749+00:00,-0.5,home,,"{""configured_bookmakers"": ""Bet365,Unibet"", ""entitlement_fallback_used"": false, ""fetched_at_utc"": ""2026-10-06T07:34:53.445749+00:00"", ""market_integrity"": ""safe_match_market"", ""odds_api_io"": true, ""odds_api_io_account"": ""account1"", ""raw_market_name"": ""spread"", ""requested_bookmakers"": ""Bet365,Unibet""}",1
soccer|jiangxi dingnan united|meizhou hakka|2026-10-06,spreads|meizhou hakka|0.50|away,odds_api_io,Bet365,spreads,Meizhou Hakka,1.8,2026-10-06T07:34:53.445749+00:00,0.5,away,,"{""configured_bookmakers"": ""Bet365,Unibet"", ""entitlement_fallback_used"": false, ""fetched_at_utc"": ""2026-10-06T07:34:53.445749+00:00"", ""market_integrity"": ""safe_match_market"", ""odds_api_io"": true, ""odds_api_io_account"": ""account1"", ""raw_market_name"": ""spread"", ""requested_bookmakers"": ""Bet365,Unibet""}",1
soccer|jiangxi dingnan united|meizhou hakka|2026-10-06,spreads|jiangxi dingnan united|-0.25|home,odds_api_io,Bet365,spreads,Jiangxi Dingnan United,1.7,2026-10-06T07:34:53.445749+00:00,-0.25,home,,"{""configured_bookmakers"": ""Bet365,Unibet"", ""entitlement_fallback_used"": false, ""fetched_at_utc"": ""2026-10-06T07:34:53.445749+00:00"", ""market_integrity"": ""safe_match_market"", ""odds_api_io"": true, ""odds_api_io_account"": ""account1"", ""raw_market_name"": ""spread"", ""requested_bookmakers"": ""Bet365,Unibet""}",1
soccer|jiangxi dingnan united|meizhou hakka|2026-10-06,spreads|meizhou hakka|0.25|away,odds_api_io,Bet365,spreads,Meizhou Hakka,2.1,2026-10-06T07:34:53.445749+00:00,0.25,away,,"{""configured_bookmakers"": ""Bet365,Unibet"", ""entitlement_fallback_used"": false, ""fetched_at_utc"": ""2026-10-06T07:34:53.445749+00:00"", ""market_integrity"": ""safe_match_market"", ""odds_api_io"": true, ""odds_api_io_account"": ""account1"", ""raw_market_name"": ""spread"", ""requested_bookmakers"": ""Bet365,Unibet""}",1
soccer|jiangxi dingnan united|meizhou hakka|2026-10-06,spreads|jiangxi dingnan united||home,odds_api_io,Bet365,spreads,Jiangxi Dingnan United,1.475,2026-10-06T07:34:53.445749+00:00,,home,,"{""configured_bookmakers"": ""Bet365,Unibet"", ""entitlement_fallback_used"": false, ""fetched_at_utc"": ""2026-10-06T07:34:53.445749+00:00"", ""market_integrity"": ""safe_match_market"", ""odds_api_io"": true, ""odds_api_io_account"": ""account1"", ""raw_market_name"": ""spread"", ""requested_bookmakers"": ""Bet365,Unibet""}",1
soccer|jiangxi dingnan united|meizhou hakka|2026-10-06,spreads|meizhou hakka||away,odds_api_io,Bet365,spreads,Meizhou Hakka,2.6,2026-10-06T07:34:53.445749+00:00,,away,,"{""configured_bookmakers"": ""Bet365,Unibet"", ""entitlement_fallback_used"": false, ""fetched_at_utc"": ""2026-10-06T07:34:53.445749+00:00"", ""market_integrity"": ""safe_match_market"", ""odds_api_io"": true, ""odds_api_io_account"": ""account1"", ""raw_market_name"": ""spread"", ""requested_bookmakers"": ""Bet365,Unibet""}",1
soccer|jiangxi dingnan united|meizhou hakka|2026-10-06,spreads|jiangxi dingnan united|0.25|home,odds_api_io,Bet365,spreads,Jiangxi Dingnan United,1.35,2026-10-06T07:34:53.445749+00:00,0.25,home,,"{""configured_bookmakers"": ""Bet365,Unibet"", ""entitlement_fallback_used"": false, ""fetched_at_utc"": ""2026-10-06T07:34:53.445749+00:00"", ""market_integrity"": ""safe_match_market"", ""odds_api_io"": true, ""odds_api_io_account"": ""account1"", ""raw_market_name"": ""spread"", ""requested_bookmakers"": ""Bet365,Unibet""}",1
soccer|jiangxi dingnan united|meizhou hakka|2026-10-06,spreads|meizhou hakka|-0.25|away,odds_api_io,Bet365,spreads,Meizhou Hakka,3.1,2026-10-06T07:34:53.445749+00:00,-0.25,away,,"{""configured_bookmakers"": ""Bet365,Unibet"", ""entitlement_fallback_used"": false, ""fetched_at_utc"": ""2026-10-06T07:34:53.445749+00:00"", ""market_integrity"": ""safe_match_market"", ""odds_api_io"": true, ""odds_api_io_account"": ""account1"", ""raw_market_name"": ""spread"", ""requested_bookmakers"": ""Bet365,Unibet""}",1
soccer|jiangxi dingnan united|meizhou hakka|2026-10-06,spreads|jiangxi dingnan united|0.50|home,odds_api_io,Bet365,spreads,Jiangxi Dingnan United,1.3,2026-10-06T07:34:53.445749+00:00,0.5,home,,"{""configured_bookmakers"": ""Bet365,Unibet"", ""entitlement_fallback_used"": false, ""fetched_at_utc"": ""2026-10-06T07:34:53.445749+00:00"", ""market_integrity"": ""safe_match_market"", ""odds_api_io"": true, ""odds_api_io_account"": ""account1"", ""raw_market_name"": ""spread"", ""requested_bookmakers"": ""Bet365,Unibet""}",1
soccer|jiangxi dingnan united|meizhou hakka|2026-10-06,spreads|meizhou hakka|-0.50|away,odds_api_io,Bet365,spreads,Meizhou Hakka,3.45,2026-10-06T07:34:53.445749+00:00,-0.5,away,,"{""configured_bookmakers"": ""Bet365,Unibet"", ""entitlement_fallback_used"": false, ""fetched_at_utc"": ""2026-10-06T07:34:53.445749+00:00"", ""market_integrity"": ""safe_match_market"", ""odds_api_io"": true, ""odds_api_io_account"": ""account1"", ""raw_market_name"": ""spread"", ""requested_bookmakers"": ""Bet365,Unibet""}",1
soccer|jiangxi dingnan united|meizhou hakka|2026-10-06,spreads|jiangxi dingnan united|0.75|home,odds_api_io,Bet365,spreads,Jiangxi Dingnan United,1.21,2026-10-06T07:34:53.445749+00:00,0.75,home,,"{""configured_bookmakers"": ""Bet365,Unibet"", ""entitlement_fallback_used"": false, ""fetched_at_utc"": ""2026-10-06T07:34:53.445749+00:00"", ""market_integrity"": ""safe_match_market"", ""odds_api_io"": true, ""odds_api_io_account"": ""account1"", ""raw_market_name"": ""spread"", ""requested_bookmakers"": ""Bet365,Unibet""}",1
soccer|jiangxi dingnan united|meizhou hakka|2026-10-06,spreads|meizhou hakka|-0.75|away,odds_api_io,Bet365,spreads,Meizhou Hakka,4.25,2026-10-06T07:34:53.445749+00:00,-0.75,away,,"{""configured_bookmakers"": ""Bet365,Unibet"", ""entitlement_fallback_used"": false, ""fetched_at_utc"": ""2026-10-06T07:34:53.445749+00:00"", ""market_integrity"": ""safe_match_market"", ""odds_api_io"": true, ""odds_api_io_account"": ""account1"", ""raw_market_name"": ""spread"", ""requested_bookmakers"": ""Bet365,Unibet""}",1
soccer|jiangxi dingnan united|meizhou hakka|2026-10-06,spreads|jiangxi dingnan united|1.00|home,odds_api_io,Bet365,spreads,Jiangxi Dingnan United,1.12,2026-10-06T07:34:53.445749+00:00,1.0,home,,"{""configured_bookmakers"": ""Bet365,Unibet"", ""entitlement_fallback_used"": false, ""fetched_at_utc"": ""2026-10-06T07:34:53.445749+00:00"", ""market_integrity"": ""safe_match_market"", ""odds_api_io"": true, ""odds_api_io_account"": ""account1"", ""raw_market_name"": ""spread"", ""requested_bookmakers"": ""Bet365,Unibet""}",1
soccer|jiangxi dingnan united|meizhou hakka|2026-10-06,spreads|meizhou hakka|-1.00|away,odds_api_io,Bet365,spreads,Meizhou Hakka,6.25,2026-10-06T07:34:53.445749+00:00,-1.0,away,,"{""configured_bookmakers"": ""Bet365,Unibet"", ""entitlement_fallback_used"": false, ""fetched_at_utc"": ""2026-10-06T07:34:53.445749+00:00"", ""market_integrity"": ""safe_match_market"", ""odds_api_io"": true, ""odds_api_io_account"": ""account1"", ""raw_market_name"": ""spread"", ""requested_bookmakers"": ""Bet365,Unibet""}",1
soccer|jiangxi dingnan united|meizhou hakka|2026-10-06,spreads|jiangxi dingnan united|1.25|home,odds_api_io,Bet365,spreads,Jiangxi Dingnan United,1.105,2026-10-06T07:34:53.445749+00:00,1.25,home,,"{""configured_bookmakers"": ""Bet365,Unibet"", ""entitlement_fallback_used"": false, ""fetched_at_utc"": ""2026-10-06T07:34:53.445749+00:00"", ""market_integrity"": ""safe_match_market"", ""odds_api_io"": true, ""odds_api_io_account"": ""account1"", ""raw_market_name"": ""spread"", ""requested_bookmakers"": ""Bet365,Unibet""}",1
soccer|jiangxi dingnan united|meizhou hakka|2026-10-06,spreads|meizhou hakka|-1.25|away,odds_api_io,Bet365,spreads,Meizhou Hakka,6.8,2026-10-06T07:34:53.445749+00:00,-1.25,away,,"{""configured_bookmakers"": ""Bet365,Unibet"", ""entitlement_fallback_used"": false, ""fetched_at_utc"": ""2026-10-06T07:34:53.445749+00:00"", ""market_integrity"": ""safe_match_market"", ""odds_api_io"": true, ""odds_api_io_account"": ""account1"", ""raw_market_name"": ""spread"", ""requested_bookmakers"": ""Bet365,Unibet""}",1
soccer|jiangxi dingnan united|meizhou hakka|2026-10-06,totals|over|0.50|,odds_api_io,Bet365,totals,Over,1.04,2026-10-06T07:34:53.445749+00:00,0.5,,,"{""configured_bookmakers"": ""Bet365,Unibet"", ""entitlement_fallback_used"": false, ""fetched_at_utc"": ""2026-10-06T07:34:53.445749+00:00"", ""market_integrity"": ""safe_match_market"", ""odds_api_io"": true, ""odds_api_io_account"": ""account1"", ""raw_market_name"": ""totals"", ""requested_bookmakers"": ""Bet365,Unibet""}",1
soccer|jiangxi dingnan united|meizhou hakka|2026-10-06,totals|under|0.50|,odds_api_io,Bet365,totals,Under,9.0,2026-10-06T07:34:53.445749+00:00,0.5,,,"{""configured_bookmakers"": ""Bet365,Unibet"", ""entitlement_fallback_used"": false, ""fetched_at_utc"": ""2026-10-06T07:34:53.445749+00:00"", ""market_integrity"": ""safe_match_market"", ""odds_api_io"": true, ""odds_api_io_account"": ""account1"", ""raw_market_name"": ""totals"", ""requested_bookmakers"": ""Bet365,Unibet""}",1
soccer|jiangxi dingnan united|meizhou hakka|2026-10-06,totals|over|1.25|,odds_api_io,Bet365,totals,Over,1.12,2026-10-06T07:34:53.445749+00:00,1.25,,,"{""configured_bookmakers"": ""Bet365,Unibet"", ""entitlement_fallback_used"": false, ""fetched_at_utc"": ""2026-10-06T07:34:53.445749+00:00"", ""market_integrity"": ""safe_match_market"", ""odds_api_io"": true, ""odds_api_io_account"": ""account1"", ""raw_market_name"": ""totals"", ""requested_bookmakers"": ""Bet365,Unibet""}",1
soccer|jiangxi dingnan united|meizhou hakka|2026-10-06,totals|under|1.25|,odds_api_io,Bet365,totals,Under,6.25,2026-10-06T07:34:53.445749+00:00,1.25,,,"{""configured_bookmakers"": ""Bet365,Unibet"", ""entitlement_fallback_used"": false, ""fetched_at_utc"": ""2026-10-06T07:34:53.445749+00:00"", ""market_integrity"": ""safe_match_market"", ""odds_api_io"": true, ""odds_api_io_account"": ""account1"", ""raw_market_name"": ""totals"", ""requested_bookmakers"": ""Bet365,Unibet""}",1
soccer|jiangxi dingnan united|meizhou hakka|2026-10-06,totals|over|1.50|,odds_api_io,Bet365,totals,Over,1.2,2026-10-06T07:34:53.445749+00:00,1.5,,,"{""configured_bookmakers"": ""Bet365,Unibet"", ""entitlement_fallback_used"": false, ""fetched_at_utc"": ""2026-10-06T07:34:53.445749+00:00"", ""market_integrity"": ""safe_match_market"", ""odds_api_io"": true, ""odds_api_io_account"": ""account1"", ""raw_market_name"": ""totals"", ""requested_bookmakers"": ""Bet365,Unibet""}",1
soccer|jiangxi dingnan united|meizhou hakka|2026-10-06,totals|under|1.50|,odds_api_io,Bet365,totals,Under,4.333,2026-10-06T07:34:53.445749+00:00,1.5,,,"{""configured_bookmakers"": ""Bet365,Unibet"", ""entitlement_fallback_used"": false, ""fetched_at_utc"": ""2026-10-06T07:34:53.445749+00:00"", ""market_integrity"": ""safe_match_market"", ""odds_api_io"": true, ""odds_api_io_account"": ""account1"", ""raw_market_name"": ""totals"", ""requested_bookmakers"": ""Bet365,Unibet""}",1
soccer|jiangxi dingnan united|meizhou hakka|2026-10-06,totals|over|1.75|,odds_api_io,Bet365,totals,Over,1.23,2026-10-06T07:34:53.445749+00:00,1.75,,,"{""configured_bookmakers"": ""Bet365,Unibet"", ""entitlement_fallback_used"": false, ""fetched_at_utc"": ""2026-10-06T07:34:53.445749+00:00"", ""market_integrity"": ""safe_match_market"", ""odds_api_io"": true, ""odds_api_io_account"": ""account1"", ""raw_market_name"": ""totals"", ""requested_bookmakers"": ""Bet365,Unibet""}",1
soccer|jiangxi dingnan united|meizhou hakka|2026-10-06,totals|under|1.75|,odds_api_io,Bet365,totals,Under,4.0,2026-10-06T07:34:53.445749+00:00,1.75,,,"{""configured_bookmakers"": ""Bet365,Unibet"", ""entitlement_fallback_used"": false, ""fetched_at_utc"": ""2026-10-06T07:34:53.445749+00:00"", ""market_integrity"": ""safe_match_market"", ""odds_api_io"": true, ""odds_api_io_account"": ""account1"", ""raw_market_name"": ""totals"", ""requested_bookmakers"": ""Bet365,Unibet""}",1
soccer|jiangxi dingnan united|meizhou hakka|2026-10-06,totals|over|2.00|,odds_api_io,Bet365,totals,Over,1.275,2026-10-06T07:34:53.445749+00:00,2.0,,,"{""configured_bookmakers"": ""Bet365,Unibet"", ""entitlement_fallback_used"": false, ""fetched_at_utc"": ""2026-10-06T07:34:53.445749+00:00"", ""market_integrity"": ""safe_match_market"", ""odds_api_io"": true, ""odds_api_io_account"": ""account1"", ""raw_market_name"": ""totals"", ""requested_bookmakers"": ""Bet365,Unibet""}",1
soccer|jiangxi dingnan united|meizhou hakka|2026-10-06,totals|under|2.00|,odds_api_io,Bet365,totals,Under,3.55,2026-10-06T07:34:53.445749+00:00,2.0,,,"{""configured_bookmakers"": ""Bet365,Unibet"", ""entitlement_fallback_used"": false, ""fetched_at_utc"": ""2026-10-06T07:34:53.445749+00:00"", ""market_integrity"": ""safe_match_market"", ""odds_api_io"": true, ""odds_api_io_account"": ""account1"", ""raw_market_name"": ""totals"", ""requested_bookmakers"": ""Bet365,Unibet""}",1
soccer|jiangxi dingnan united|meizhou hakka|2026-10-06,totals|over|2.25|,odds_api_io,Bet365,totals,Over,1.475,2026-10-06T07:34:53.445749+00:00,2.25,,,"{""configured_bookmakers"": ""Bet365,Unibet"", ""entitlement_fallback_used"": false, ""fetched_at_utc"": ""2026-10-06T07:34:53.445749+00:00"", ""market_integrity"": ""safe_match_market"", ""odds_api_io"": true, ""odds_api_io_account"": ""account1"", ""raw_market_name"": ""totals"", ""requested_bookmakers"": ""Bet365,Unibet""}",1
soccer|jiangxi dingnan united|meizhou hakka|2026-10-06,totals|under|2.25|,odds_api_io,Bet365,totals,Under,2.6,2026-10-06T07:34:53.445749+00:00,2.25,,,"{""configured_bookmakers"": ""Bet365,Unibet"", ""entitlement_fallback_used"": false, ""fetched_at_utc"": ""2026-10-06T07:34:53.445749+00:00"", ""market_integrity"": ""safe_match_market"", ""odds_api_io"": true, ""odds_api_io_account"": ""account1"", ""raw_market_name"": ""totals"", ""requested_bookmakers"": ""Bet365,Unibet""}",1
soccer|jiangxi dingnan united|meizhou hakka|2026-10-06,totals|over|2.50|,odds_api_io,Bet365,totals,Over,1.65,2026-10-06T07:34:53.445749+00:00,2.5,,,"{""configured_bookmakers"": ""Bet365,Unibet"", ""entitlement_fallback_used"": false, ""fetched_at_utc"": ""2026-10-06T07:34:53.445749+00:00"", ""market_integrity"": ""safe_match_market"", ""odds_api_io"": true, ""odds_api_io_account"": ""account1"", ""raw_market_name"": ""totals"", ""requested_bookmakers"": ""Bet365,Unibet""}",1
soccer|jiangxi dingnan united|meizhou hakka|2026-10-06,totals|under|2.50|,odds_api_io,Bet365,totals,Under,2.2,2026-10-06T07:34:53.445749+00:00,2.5,,,"{""configured_bookmakers"": ""Bet365,Unibet"", ""entitlement_fallback_used"": false, ""fetched_at_utc"": ""2026-10-06T07:34:53.445749+00:00"", ""market_integrity"": ""safe_match_market"", ""odds_api_io"": true, ""odds_api_io_account"": ""account1"", ""raw_market_name"": ""totals"", ""requested_bookmakers"": ""Bet365,Unibet""}",1
soccer|jiangxi dingnan united|meizhou hakka|2026-10-06,totals|over|2.75|,odds_api_io,Bet365,totals,Over,1.8,2026-10-06T07:34:53.445749+00:00,2.75,,,"{""configured_bookmakers"": ""Bet365,Unibet"", ""entitlement_fallback_used"": false, ""fetched_at_utc"": ""2026-10-06T07:34:53.445749+00:00"", ""market_integrity"": ""safe_match_market"", ""odds_api_io"": true, ""odds_api_io_account"": ""account1"", ""raw_market_name"": ""totals"", ""requested_bookmakers"": ""Bet365,Unibet""}",1
soccer|jiangxi dingnan united|meizhou hakka|2026-10-06,totals|under|2.75|,odds_api_io,Bet365,totals,Under,2.0,2026-10-06T07:34:53.445749+00:00,2.75,,,"{""configured_bookmakers"": ""Bet365,Unibet"", ""entitlement_fallback_used"": false, ""fetched_at_utc"": ""2026-10-06T07:34:53.445749+00:00"", ""market_integrity"": ""safe_match_market"", ""odds_api_io"": true, ""odds_api_io_account"": ""account1"", ""raw_market_name"": ""totals"", ""requested_bookmakers"": ""Bet365,Unibet""}",1
soccer|jiangxi dingnan united|meizhou hakka|2026-10-06,totals|over|3.25|,odds_api_io,Bet365,totals,Over,2.3,2026-10-06T07:34:53.445749+00:00,3.25,,,"{""configured_bookmakers"": ""Bet365,Unibet"", ""entitlement_fallback_used"": false, ""fetched_at_utc"": ""2026-10-06T07:34:53.445749+00:00"", ""market_integrity"": ""safe_match_market"", ""odds_api_io"": true, ""odds_api_io_account"": ""account1"", ""raw_market_name"": ""totals"", ""requested_bookmakers"": ""Bet365,Unibet""}",1
soccer|jiangxi dingnan united|meizhou hakka|2026-10-06,totals|under|3.25|,odds_api_io,Bet365,totals,Under,1.6,2026-10-06T07:34:53.445749+00:00,3.25,,,"{""configured_bookmakers"": ""Bet365,Unibet"", ""entitlement_fallback_used"": false, ""fetched_at_utc"": ""2026-10-06T07:34:53.445749+00:00"", ""market_integrity"": ""safe_match_market"", ""odds_api_io"": true, ""odds_api_io_account"": ""account1"", ""raw_market_name"": ""totals"", ""requested_bookmakers"": ""Bet365,Unibet""}",1
soccer|jiangxi dingnan united|meizhou hakka|2026-10-06,totals|over|3.50|,odds_api_io,Bet365,totals,Over,2.625,2026-10-06T07:34:53.445749+00:00,3.5,,,"{""configured_bookmakers"": ""Bet365,Unibet"", ""entitlement_fallback_used"": false, ""fetched_at_utc"": ""2026-10-06T07:34:53.445749+00:00"", ""market_integrity"": ""safe_match_market"", ""odds_api_io"": true, ""odds_api_io_account"": ""account1"", ""raw_market_name"": ""totals"", ""requested_bookmakers"": ""Bet365,Unibet""}",1
soccer|jiangxi dingnan united|meizhou hakka|2026-10-06,totals|under|3.50|,odds_api_io,Bet365,totals,Under,1.444,2026-10-06T07:34:53.445749+00:00,3.5,,,"{""configured_bookmakers"": ""Bet365,Unibet"", ""entitlement_fallback_used"": false, ""fetched_at_utc"": ""2026-10-06T07:34:53.445749+00:00"", ""market_integrity"": ""safe_match_market"", ""odds_api_io"": true, ""odds_api_io_account"": ""account1"", ""raw_market_name"": ""totals"", ""requested_bookmakers"": ""Bet365,Unibet""}",1
soccer|jiangxi dingnan united|meizhou hakka|2026-10-06,totals|over|3.75|,odds_api_io,Bet365,totals,Over,3.0,2026-10-06T07:34:53.445749+00:00,3.75,,,"{""configured_bookmakers"": ""Bet365,Unibet"", ""entitlement_fallback_used"": false, ""fetched_at_utc"": ""2026-10-06T07:34:53.445749+00:00"", ""market_integrity"": ""safe_match_market"", ""odds_api_io"": true, ""odds_api_io_account"": ""account1"", ""raw_market_name"": ""totals"", ""requested_bookmakers"": ""Bet365,Unibet""}",1
soccer|jiangxi dingnan united|meizhou hakka|2026-10-06,totals|under|3.75|,odds_api_io,Bet365,totals,Under,1.375,2026-10-06T07:34:53.445749+00:00,3.75,,,"{""configured_bookmakers"": ""Bet365,Unibet"", ""entitlement_fallback_used"": false, ""fetched_at_utc"": ""2026-10-06T07:34:53.445749+00:00"", ""market_integrity"": ""safe_match_market"", ""odds_api_io"": true, ""odds_api_io_account"": ""account1"", ""raw_market_name"": ""totals"", ""requested_bookmakers"": ""Bet365,Unibet""}",1
soccer|jiangxi dingnan united|meizhou hakka|2026-10-06,totals|over|4.00|,odds_api_io,Bet365,totals,Over,3.8,2026-10-06T07:34:53.445749+00:00,4.0,,,"{""configured_bookmakers"": ""Bet365,Unibet"", ""entitlement_fallback_used"": false, ""fetched_at_utc"": ""2026-10-06T07:34:53.445749+00:00"", ""market_integrity"": ""safe_match_market"", ""odds_api_io"": true, ""odds_api_io_account"": ""account1"", ""raw_market_name"": ""totals"", ""requested_bookmakers"": ""Bet365,Unibet""}",1
soccer|jiangxi dingnan united|meizhou hakka|2026-10-06,totals|under|4.00|,odds_api_io,Bet365,totals,Under,1.25,2026-10-06T07:34:53.445749+00:00,4.0,,,"{""configured_bookmakers"": ""Bet365,Unibet"", ""entitlement_fallback_used"": false, ""fetched_at_utc"": ""2026-10-06T07:34:53.445749+00:00"", ""market_integrity"": ""safe_match_market"", ""odds_api_io"": true, ""odds_api_io_account"": ""account1"", ""raw_market_name"": ""totals"", ""requested_bookmakers"": ""Bet365,Unibet""}",1
soccer|jiangxi dingnan united|meizhou hakka|2026-10-06,totals|over|4.25|,odds_api_io,Bet365,totals,Over,4.15,2026-10-06T07:34:53.445749+00:00,4.25,,,"{""configured_bookmakers"": ""Bet365,Unibet"", ""entitlement_fallback_used"": false, ""fetched_at_utc"": ""2026-10-06T07:34:53.445749+00:00"", ""market_integrity"": ""safe_match_market"", ""odds_api_io"": true, ""odds_api_io_account"": ""account1"", ""raw_market_name"": ""totals"", ""requested_bookmakers"": ""Bet365,Unibet""}",1
soccer|jiangxi dingnan united|meizhou hakka|2026-10-06,totals|under|4.25|,odds_api_io,Bet365,totals,Under,1.22,2026-10-06T07:34:53.445749+00:00,4.25,,,"{""configured_bookmakers"": ""Bet365,Unibet"", ""entitlement_fallback_used"": false, ""fetched_at_utc"": ""2026-10-06T07:34:53.445749+00:00"", ""market_integrity"": ""safe_match_market"", ""odds_api_io"": true, ""odds_api_io_account"": ""account1"", ""raw_market_name"": ""totals"", ""requested_bookmakers"": ""Bet365,Unibet""}",1
soccer|jiangxi dingnan united|meizhou hakka|2026-10-06,totals|over|4.50|,odds_api_io,Bet365,totals,Over,4.5,2026-10-06T07:34:53.445749+00:00,4.5,,,"{""configured_bookmakers"": ""Bet365,Unibet"", ""entitlement_fallback_used"": false, ""fetched_at_utc"": ""2026-10-06T07:34:53.445749+00:00"", ""market_integrity"": ""safe_match_market"", ""odds_api_io"": true, ""odds_api_io_account"": ""account1"", ""raw_market_name"": ""totals"", ""requested_bookmakers"": ""Bet365,Unibet""}",1
soccer|jiangxi dingnan united|meizhou hakka|2026-10-06,totals|under|4.50|,odds_api_io,Bet365,totals,Under,1.166,2026-10-06T07:34:53.445749+00:00,4.5,,,"{""configured_bookmakers"": ""Bet365,Unibet"", ""entitlement_fallback_used"": false, ""fetched_at_utc"": ""2026-10-06T07:34:53.445749+00:00"", ""market_integrity"": ""safe_match_market"", ""odds_api_io"": true, ""odds_api_io_account"": ""account1"", ""raw_market_name"": ""totals"", ""requested_bookmakers"": ""Bet365,Unibet""}",1
soccer|jiangxi dingnan united|meizhou hakka|2026-10-06,totals|over|4.75|,odds_api_io,Bet365,totals,Over,5.75,2026-10-06T07:34:53.445749+00:00,4.75,,,"{""configured_bookmakers"": ""Bet365,Unibet"", ""entitlement_fallback_used"": false, ""fetched_at_utc"": ""2026-10-06T07:34:53.445749+00:00"", ""market_integrity"": ""safe_match_market"", ""odds_api_io"": true, ""odds_api_io_account"": ""account1"", ""raw_market_name"": ""totals"", ""requested_bookmakers"": ""Bet365,Unibet""}",1
soccer|jiangxi dingnan united|meizhou hakka|2026-10-06,totals|under|4.75|,odds_api_io,Bet365,totals,Under,1.14,2026-10-06T07:34:53.445749+00:00,4.75,,,"{""configured_bookmakers"": ""Bet365,Unibet"", ""entitlement_fallback_used"": false, ""fetched_at_utc"": ""2026-10-06T07:34:53.445749+00:00"", ""market_integrity"": ""safe_match_market"", ""odds_api_io"": true, ""odds_api_io_account"": ""account1"", ""raw_market_name"": ""totals"", ""requested_bookmakers"": ""Bet365,Unibet""}",1
soccer|jiangxi dingnan united|meizhou hakka|2026-10-06,totals|over|5.50|,odds_api_io,Bet365,totals,Over,8.0,2026-10-06T07:34:53.445749+00:00,5.5,,,"{""configured_bookmakers"": ""Bet365,Unibet"", ""entitlement_fallback_used"": false, ""fetched_at_utc"": ""2026-10-06T07:34:53.445749+00:00"", ""market_integrity"": ""safe_match_market"", ""odds_api_io"": true, ""odds_api_io_account"": ""account1"", ""raw_market_name"": ""totals"", ""requested_bookmakers"": ""Bet365,Unibet""}",1
soccer|jiangxi dingnan united|meizhou hakka|2026-10-06,totals|under|5.50|,odds_api_io,Bet365,totals,Under,1.062,2026-10-06T07:34:53.445749+00:00,5.5,,,"{""configured_bookmakers"": ""Bet365,Unibet"", ""entitlement_fallback_used"": false, ""fetched_at_utc"": ""2026-10-06T07:34:53.445749+00:00"", ""market_integrity"": ""safe_match_market"", ""odds_api_io"": true, ""odds_api_io_account"": ""account1"", ""raw_market_name"": ""totals"", ""requested_bookmakers"": ""Bet365,Unibet""}",1
soccer|jiangxi dingnan united|meizhou hakka|2026-10-06,totals|over|6.50|,odds_api_io,Bet365,totals,Over,11.0,2026-10-06T07:34:53.445749+00:00,6.5,,,"{""configured_bookmakers"": ""Bet365,Unibet"", ""entitlement_fallback_used"": false, ""fetched_at_utc"": ""2026-10-06T07:34:53.445749+00:00"", ""market_integrity"": ""safe_match_market"", ""odds_api_io"": true, ""odds_api_io_account"": ""account1"", ""raw_market_name"": ""totals"", ""requested_bookmakers"": ""Bet365,Unibet""}",1
soccer|jiangxi dingnan united|meizhou hakka|2026-10-06,totals|under|6.50|,odds_api_io,Bet365,totals,Under,1.02,2026-10-06T07:34:53.445749+00:00,6.5,,,"{""configured_bookmakers"": ""Bet365,Unibet"", ""entitlement_fallback_used"": false, ""fetched_at_utc"": ""2026-10-06T07:34:53.445749+00:00"", ""market_integrity"": ""safe_match_market"", ""odds_api_io"": true, ""odds_api_io_account"": ""account1"", ""raw_market_name"": ""totals"", ""requested_bookmakers"": ""Bet365,Unibet""}",1
soccer|jiangxi dingnan united|meizhou hakka|2026-10-06,totals|over|7.50|,odds_api_io,Bet365,totals,Over,17.0,2026-10-06T07:34:53.445749+00:00,7.5,,,"{""configured_bookmakers"": ""Bet365,Unibet"", ""entitlement_fallback_used"": false, ""fetched_at_utc"": ""2026-10-06T07:34:53.445749+00:00"", ""market_integrity"": ""safe_match_market"", ""odds_api_io"": true, ""odds_api_io_account"": ""account1"", ""raw_market_name"": ""totals"", ""requested_bookmakers"": ""Bet365,Unibet""}",1
soccer|jiangxi dingnan united|meizhou hakka|2026-10-06,totals|under|7.50|,odds_api_io,Bet365,totals,Under,1.005,2026-10-06T07:34:53.445749+00:00,7.5,,,"{""configured_bookmakers"": ""Bet365,Unibet"", ""entitlement_fallback_used"": false, ""fetched_at_utc"": ""2026-10-06T07:34:53.445749+00:00"", ""market_integrity"": ""safe_match_market"", ""odds_api_io"": true, ""odds_api_io_account"": ""account1"", ""raw_market_name"": ""totals"", ""requested_bookmakers"": ""Bet365,Unibet""}",1
soccer|jiangxi dingnan united|meizhou hakka|2026-10-06,btts|yes||,odds_api_io,Bet365,btts,Yes,1.615,2026-10-06T07:34:53.445749+00:00,,,,"{""configured_bookmakers"": ""Bet365,Unibet"", ""entitlement_fallback_used"": false, ""fetched_at_utc"": ""2026-10-06T07:34:53.445749+00:00"", ""market_integrity"": ""safe_match_market"", ""odds_api_io"": true, ""odds_api_io_account"": ""account1"", ""raw_market_name"": ""both teams to score"", ""requested_bookmakers"": ""Bet365,Unibet""}",1
soccer|jiangxi dingnan united|meizhou hakka|2026-10-06,btts|no||,odds_api_io,Bet365,btts,No,2.2,2026-10-06T07:34:53.445749+00:00,,,,"{""configured_bookmakers"": ""Bet365,Unibet"", ""entitlement_fallback_used"": false, ""fetched_at_utc"": ""2026-10-06T07:34:53.445749+00:00"", ""market_integrity"": ""safe_match_market"", ""odds_api_io"": true, ""odds_api_io_account"": ""account1"", ""raw_market_name"": ""both teams to score"", ""requested_bookmakers"": ""Bet365,Unibet""}",1
soccer|jiangxi dingnan united|meizhou hakka|2026-10-06,totals|over|3.00|,odds_api_io,Bet365,totals,Over,2.0,2026-10-06T07:34:53.445749+00:00,3.0,,,"{""configured_bookmakers"": ""Bet365,Unibet"", ""entitlement_fallback_used"": false, ""fetched_at_utc"": ""2026-10-06T07:34:53.445749+00:00"", ""market_integrity"": ""safe_match_market"", ""odds_api_io"": true, ""odds_api_io_account"": ""account1"", ""raw_market_name"": ""totals"", ""requested_bookmakers"": ""Bet365,Unibet""}",1
soccer|jiangxi dingnan united|meizhou hakka|2026-10-06,totals|under|3.00|,odds_api_io,Bet365,totals,Under,1.8,2026-10-06T07:34:53.445749+00:00,3.0,,,"{""configured_bookmakers"": ""Bet365,Unibet"", ""entitlement_fallback_used"": false, ""fetched_at_utc"": ""2026-10-06T07:34:53.445749+00:00"", ""market_integrity"": ""safe_match_market"", ""odds_api_io"": true, ""odds_api_io_account"": ""account1"", ""raw_market_name"": ""totals"", ""requested_bookmakers"": ""Bet365,Unibet""}",1
soccer|nantong zhiyun|ningbo professional|2026-10-06,h2h|nantong zhiyun||,odds_api_io,Bet365,h2h,Nantong Zhiyun,1.38,2026-10-06T07:34:53.445749+00:00,,,,"{""configured_bookmakers"": ""Bet365,Unibet"", ""entitlement_fallback_used"": false, ""fetched_at_utc"": ""2026-10-06T07:34:53.445749+00:00"", ""market_integrity"": ""safe_match_market"", ""odds_api_io"": true, ""odds_api_io_account"": ""account1"", ""raw_market_name"": ""ml"", ""requested_bookmakers"": ""Bet365,Unibet""}",1
soccer|nantong zhiyun|ningbo professional|2026-10-06,h2h|draw||,odds_api_io,Bet365,h2h,Draw,4.0,2026-10-06T07:34:53.445749+00:00,,,,"{""configured_bookmakers"": ""Bet365,Unibet"", ""entitlement_fallback_used"": false, ""fetched_at_utc"": ""2026-10-06T07:34:53.445749+00:00"", ""market_integrity"": ""safe_match_market"", ""odds_api_io"": true, ""odds_api_io_account"": ""account1"", ""raw_market_name"": ""ml"", ""requested_bookmakers"": ""Bet365,Unibet""}",1
soccer|nantong zhiyun|ningbo professional|2026-10-06,h2h|ningbo professional fc||,odds_api_io,Bet365,h2h,Ningbo Professional FC,7.0,2026-10-06T07:34:53.445749+00:00,,,,"{""configured_bookmakers"": ""Bet365,Unibet"", ""entitlement_fallback_used"": false, ""fetched_at_utc"": ""2026-10-06T07:34:53.445749+00:00"", ""market_integrity"": ""safe_match_market"", ""odds_api_io"": true, ""odds_api_io_account"": ""account1"", ""raw_market_name"": ""ml"", ""requested_bookmakers"": ""Bet365,Unibet""}",1
soccer|nantong zhiyun|ningbo professional|2026-10-06,dnb|nantong zhiyun||,odds_api_io,Bet365,dnb,Nantong Zhiyun,1.142,2026-10-06T07:34:53.445749+00:00,,,,"{""configured_bookmakers"": ""Bet365,Unibet"", ""entitlement_fallback_used"": false, ""fetched_at_utc"": ""2026-10-06T07:34:53.445749+00:00"", ""market_integrity"": ""safe_match_market"", ""odds_api_io"": true, ""odds_api_io_account"": ""account1"", ""raw_market_name"": ""draw no bet"", ""requested_bookmakers"": ""Bet365,Unibet""}",1
soccer|nantong zhiyun|ningbo professional|2026-10-06,dnb|ningbo professional fc||,odds_api_io,Bet365,dnb,Ningbo Professional FC,5.0,2026-10-06T07:34:53.445749+00:00,,,,"{""configured_bookmakers"": ""Bet365,Unibet"", ""entitlement_fallback_used"": false, ""fetched_at_utc"": ""2026-10-06T07:34:53.445749+00:00"", ""market_integrity"": ""safe_match_market"", ""odds_api_io"": true, ""odds_api_io_account"": ""account1"", ""raw_market_name"": ""draw no bet"", ""requested_bookmakers"": ""Bet365,Unibet""}",1
soccer|nantong zhiyun|ningbo professional|2026-10-06,spreads|nantong zhiyun|-2.75|home,odds_api_io,Bet365,spreads,Nantong Zhiyun,5.5,2026-10-06T07:34:53.445749+00:00,-2.75,home,,"{""configured_bookmakers"": ""Bet365,Unibet"", ""entitlement_fallback_used"": false, ""fetched_at_utc"": ""2026-10-06T07:34:53.445749+00:00"", ""market_integrity"": ""safe_match_market"", ""odds_api_io"": true, ""odds_api_io_account"": ""account1"", ""raw_market_name"": ""spread"", ""requested_bookmakers"": ""Bet365,Unibet""}",1
soccer|nantong zhiyun|ningbo professional|2026-10-06,spreads|ningbo professional fc|2.75|away,odds_api_io,Bet365,spreads,Ningbo Professional FC,1.15,2026-10-06T07:34:53.445749+00:00,2.75,away,,"{""configured_bookmakers"": ""Bet365,Unibet"", ""entitlement_fallback_used"": false, ""fetched_at_utc"": ""2026-10-06T07:34:53.445749+00:00"", ""market_integrity"": ""safe_match_market"", ""odds_api_io"": true, ""odds_api_io_account"": ""account1"", ""raw_market_name"": ""spread"", ""requested_bookmakers"": ""Bet365,Unibet""}",1
soccer|nantong zhiyun|ningbo professional|2026-10-06,spreads|nantong zhiyun|-2.50|home,odds_api_io,Bet365,spreads,Nantong Zhiyun,4.15,2026-10-06T07:34:53.445749+00:00,-2.5,home,,"{""configured_bookmakers"": ""Bet365,Unibet"", ""entitlement_fallback_used"": false, ""fetched_at_utc"": ""2026-10-06T07:34:53.445749+00:00"", ""market_integrity"": ""safe_match_market"", ""odds_api_io"": true, ""odds_api_io_account"": ""account1"", ""raw_market_name"": ""spread"", ""requested_bookmakers"": ""Bet365,Unibet""}",1
soccer|nantong zhiyun|ningbo professional|2026-10-06,spreads|ningbo professional fc|2.50|away,odds_api_io,Bet365,spreads,Ningbo Professional FC,1.22,2026-10-06T07:34:53.445749+00:00,2.5,away,,"{""configured_bookmakers"": ""Bet365,Unibet"", ""entitlement_fallback_used"": false, ""fetched_at_utc"": ""2026-10-06T07:34:53.445749+00:00"", ""market_integrity"": ""safe_match_market"", ""odds_api_io"": true, ""odds_api_io_account"": ""account1"", ""raw_market_name"": ""spread"", ""requested_bookmakers"": ""Bet365,Unibet""}",1
soccer|nantong zhiyun|ningbo professional|2026-10-06,spreads|nantong zhiyun|-2.25|home,odds_api_io,Bet365,spreads,Nantong Zhiyun,3.8,2026-10-06T07:34:53.445749+00:00,-2.25,home,,"{""configured_bookmakers"": ""Bet365,Unibet"", ""entitlement_fallback_used"": false, ""fetched_at_utc"": ""2026-10-06T07:34:53.445749+00:00"", ""market_integrity"": ""safe_match_market"", ""odds_api_io"": true, ""odds_api_io_account"": ""account1"", ""raw_market_name"": ""spread"", ""requested_bookmakers"": ""Bet365,Unibet""}",1
soccer|nantong zhiyun|ningbo professional|2026-10-06,spreads|ningbo professional fc|2.25|away,odds_api_io,Bet365,spreads,Ningbo Professional FC,1.25,2026-10-06T07:34:53.445749+00:00,2.25,away,,"{""configured_bookmakers"": ""Bet365,Unibet"", ""entitlement_fallback_used"": false, ""fetched_at_utc"": ""2026-10-06T07:34:53.445749+00:00"", ""market_integrity"": ""safe_match_market"", ""odds_api_io"": true, ""odds_api_io_account"": ""account1"", ""raw_market_name"": ""spread"", ""requested_bookmakers"": ""Bet365,Unibet""}",1
soccer|nantong zhiyun|ningbo professional|2026-10-06,spreads|nantong zhiyun|-2.00|home,odds_api_io,Bet365,spreads,Nantong Zhiyun,3.45,2026-10-06T07:34:53.445749+00:00,-2.0,home,,"{""configured_bookmakers"": ""Bet365,Unibet"", ""entitlement_fallback_used"": false, ""fetched_at_utc"": ""2026-10-06T07:34:53.445749+00:00"", ""market_integrity"": ""safe_match_market"", ""odds_api_io"": true, ""odds_api_io_account"": ""account1"", ""raw_market_name"": ""spread"", ""requested_bookmakers"": ""Bet365,Unibet""}",1
soccer|nantong zhiyun|ningbo professional|2026-10-06,spreads|ningbo professional fc|2.00|away,odds_api_io,Bet365,spreads,Ningbo Professional FC,1.3,2026-10-06T07:34:53.445749+00:00,2.0,away,,"{""configured_bookmakers"": ""Bet365,Unibet"", ""entitlement_fallback_used"": false, ""fetched_at_utc"": ""2026-10-06T07:34:53.445749+00:00"", ""market_integrity"": ""safe_match_market"", ""odds_api_io"": true, ""odds_api_io_account"": ""account1"", ""raw_market_name"": ""spread"", ""requested_bookmakers"": ""Bet365,Unibet""}",1
soccer|nantong zhiyun|ningbo professional|2026-10-06,spreads|nantong zhiyun|-1.75|home,odds_api_io,Bet365,spreads,Nantong Zhiyun,2.675,2026-10-06T07:34:53.445749+00:00,-1.75,home,,"{""configured_bookmakers"": ""Bet365,Unibet"", ""entitlement_fallback_used"": false, ""fetched_at_utc"": ""2026-10-06T07:34:53.445749+00:00"", ""market_integrity"": ""safe_match_market"", ""odds_api_io"": true, ""odds_api_io_account"": ""account1"", ""raw_market_name"": ""spread"", ""requested_bookmakers"": ""Bet365,Unibet""}",1
soccer|nantong zhiyun|ningbo professional|2026-10-06,spreads|ningbo professional fc|1.75|away,odds_api_io,Bet365,spreads,Ningbo Professional FC,1.45,2026-10-06T07:34:53.445749+00:00,1.75,away,,"{""configured_bookmakers"": ""Bet365,Unibet"", ""entitlement_fallback_used"": false, ""fetched_at_utc"": ""2026-10-06T07:34:53.445749+00:00"", ""market_integrity"": ""safe_match_market"", ""odds_api_io"": true, ""odds_api_io_account"": ""account1"", ""raw_market_name"": ""spread"", ""requested_bookmakers"": ""Bet365,Unibet""}",1
soccer|nantong zhiyun|ningbo professional|2026-10-06,spreads|nantong zhiyun|-1.50|home,odds_api_io,Bet365,spreads,Nantong Zhiyun,2.3,2026-10-06T07:34:53.445749+00:00,-1.5,home,,"{""configured_bookmakers"": ""Bet365,Unibet"", ""entitlement_fallback_used"": false, ""fetched_at_utc"": ""2026-10-06T07:34:53.445749+00:00"", ""market_integrity"": ""safe_match_market"", ""odds_api_io"": true, ""odds_api_io_account"": ""account1"", ""raw_market_name"": ""spread"", ""requested_bookmakers"": ""Bet365,Unibet""}",1
soccer|nantong zhiyun|ningbo professional|2026-10-06,spreads|ningbo professional fc|1.50|away,odds_api_io,Bet365,spreads,Ningbo Professional FC,1.6,2026-10-06T07:34:53.445749+00:00,1.5,away,,"{""configured_bookmakers"": ""Bet365,Unibet"", ""entitlement_fallback_used"": false, ""fetched_at_utc"": ""2026-10-06T07:34:53.445749+00:00"", ""market_integrity"": ""safe_match_market"", ""odds_api_io"": true, ""odds_api_io_account"": ""account1"", ""raw_market_name"": ""spread"", ""requested_bookmakers"": ""Bet365,Unibet""}",1
soccer|nantong zhiyun|ningbo professional|2026-10-06,spreads|nantong zhiyun|-1.25|home,odds_api_io,Bet365,spreads,Nantong Zhiyun,2.0,2026-10-06T07:34:53.445749+00:00,-1.25,home,,"{""configured_bookmakers"": ""Bet365,Unibet"", ""entitlement_fallback_used"": false, ""fetched_at_utc"": ""2026-10-06T07:34:53.445749+00:00"", ""market_integrity"": ""safe_match_market"", ""odds_api_io"": true, ""odds_api_io_account"": ""account1"", ""raw_market_name"": ""spread"", ""requested_bookmakers"": ""Bet365,Unibet""}",1
soccer|nantong zhiyun|ningbo professional|2026-10-06,spreads|ningbo professional fc|1.25|away,odds_api_io,Bet365,spreads,Ningbo Professional FC,1.8,2026-10-06T07:34:53.445749+00:00,1.25,away,,"{""configured_bookmakers"": ""Bet365,Unibet"", ""entitlement_fallback_used"": false, ""fetched_at_utc"": ""2026-10-06T07:34:53.445749+00:00"", ""market_integrity"": ""safe_match_market"", ""odds_api_io"": true, ""odds_api_io_account"": ""account1"", ""raw_market_name"": ""spread"", ""requested_bookmakers"": ""Bet365,Unibet""}",1
soccer|nantong zhiyun|ningbo professional|2026-10-06,spreads|nantong zhiyun|-1.00|home,odds_api_io,Bet365,spreads,Nantong Zhiyun,1.75,2026-10-06T07:34:53.445749+00:00,-1.0,home,,"{""configured_bookmakers"": ""Bet365,Unibet"", ""entitlement_fallback_used"": false, ""fetched_at_utc"": ""2026-10-06T07:34:53.445749+00:00"", ""market_integrity"": ""safe_match_market"", ""odds_api_io"": true, ""odds_api_io_account"": ""account1"", ""raw_market_name"": ""spread"", ""requested_bookmakers"": ""Bet365,Unibet""}",1
soccer|nantong zhiyun|ningbo professional|2026-10-06,spreads|ningbo professional fc|1.00|away,odds_api_io,Bet365,spreads,Ningbo Professional FC,2.05,2026-10-06T07:34:53.445749+00:00,1.0,away,,"{""configured_bookmakers"": ""Bet365,Unibet"", ""entitlement_fallback_used"": false, ""fetched_at_utc"": ""2026-10-06T07:34:53.445749+00:00"", ""market_integrity"": ""safe_match_market"", ""odds_api_io"": true, ""odds_api_io_account"": ""account1"", ""raw_market_name"": ""spread"", ""requested_bookmakers"": ""Bet365,Unibet""}",1
soccer|nantong zhiyun|ningbo professional|2026-10-06,spreads|nantong zhiyun|-0.75|home,odds_api_io,Bet365,spreads,Nantong Zhiyun,1.575,2026-10-06T07:34:53.445749+00:00,-0.75,home,,"{""configured_bookmakers"": ""Bet365,Unibet"", ""entitlement_fallback_used"": false, ""fetched_at_utc"": ""2026-10-06T07:34:53.445749+00:00"", ""market_integrity"": ""safe_match_market"", ""odds_api_io"": true, ""odds_api_io_account"": ""account1"", ""raw_market_name"": ""spread"", ""requested_bookmakers"": ""Bet365,Unibet""}",1
soccer|nantong zhiyun|ningbo professional|2026-10-06,spreads|ningbo professional fc|0.75|away,odds_api_io,Bet365,spreads,Ningbo Professional FC,2.35,2026-10-06T07:34:53.445749+00:00,0.75,away,,"{""configured_bookmakers"": ""Bet365,Unibet"", ""entitlement_fallback_used"": false, ""fetched_at_utc"": ""2026-10-06T07:34:53.445749+00:00"", ""market_integrity"": ""safe_match_market"", ""odds_api_io"": true, ""odds_api_io_account"": ""account1"", ""raw_market_name"": ""spread"", ""requested_bookmakers"": ""Bet365,Unibet""}",1
soccer|nantong zhiyun|ningbo professional|2026-10-06,spreads|nantong zhiyun|-0.50|home,odds_api_io,Bet365,spreads,Nantong Zhiyun,1.45,2026-10-06T07:34:53.445749+00:00,-0.5,home,,"{""configured_bookmakers"": ""Bet365,Unibet"", ""entitlement_fallback_used"": false, ""fetched_at_utc"": ""2026-10-06T07:34:53.445749+00:00"", ""market_integrity"": ""safe_match_market"", ""odds_api_io"": true, ""odds_api_io_account"": ""account1"", ""raw_market_name"": ""spread"", ""requested_bookmakers"": ""Bet365,Unibet""}",1
soccer|nantong zhiyun|ningbo professional|2026-10-06,spreads|ningbo professional fc|0.50|away,odds_api_io,Bet365,spreads,Ningbo Professional FC,2.675,2026-10-06T07:34:53.445749+00:00,0.5,away,,"{""configured_bookmakers"": ""Bet365,Unibet"", ""entitlement_fallback_used"": false, ""fetched_at_utc"": ""2026-10-06T07:34:53.445749+00:00"", ""market_integrity"": ""safe_match_market"", ""odds_api_io"": true, ""odds_api_io_account"": ""account1"", ""raw_market_name"": ""spread"", ""requested_bookmakers"": ""Bet365,Unibet""}",1
soccer|nantong zhiyun|ningbo professional|2026-10-06,spreads|nantong zhiyun|-0.25|home,odds_api_io,Bet365,spreads,Nantong Zhiyun,1.3,2026-10-06T07:34:53.445749+00:00,-0.25,home,,"{""configured_bookmakers"": ""Bet365,Unibet"", ""entitlement_fallback_used"": false, ""fetched_at_utc"": ""2026-10-06T07:34:53.445749+00:00"", ""market_integrity"": ""safe_match_market"", ""odds_api_io"": true, ""odds_api_io_account"": ""account1"", ""raw_market_name"": ""spread"", ""requested_bookmakers"": ""Bet365,Unibet""}",1
soccer|nantong zhiyun|ningbo professional|2026-10-06,spreads|ningbo professional fc|0.25|away,odds_api_io,Bet365,spreads,Ningbo Professional FC,3.45,2026-10-06T07:34:53.445749+00:00,0.25,away,,"{""configured_bookmakers"": ""Bet365,Unibet"", ""entitlement_fallback_used"": false, ""fetched_at_utc"": ""2026-10-06T07:34:53.445749+00:00"", ""market_integrity"": ""safe_match_market"", ""odds_api_io"": true, ""odds_api_io_account"": ""account1"", ""raw_market_name"": ""spread"", ""requested_bookmakers"": ""Bet365,Unibet""}",1
soccer|nantong zhiyun|ningbo professional|2026-10-06,spreads|nantong zhiyun||home,odds_api_io,Bet365,spreads,Nantong Zhiyun,1.15,2026-10-06T07:34:53.445749+00:00,,home,,"{""configured_bookmakers"": ""Bet365,Unibet"", ""entitlement_fallback_used"": false, ""fetched_at_utc"": ""2026-10-06T07:34:53.445749+00:00"", ""market_integrity"": ""safe_match_market"", ""odds_api_io"": true, ""odds_api_io_account"": ""account1"", ""raw_market_name"": ""spread"", ""requested_bookmakers"": ""Bet365,Unibet""}",1
soccer|nantong zhiyun|ningbo professional|2026-10-06,spreads|ningbo professional fc||away,odds_api_io,Bet365,spreads,Ningbo Professional FC,5.5,2026-10-06T07:34:53.445749+00:00,,away,,"{""configured_bookmakers"": ""Bet365,Unibet"", ""entitlement_fallback_used"": false, ""fetched_at_utc"": ""2026-10-06T07:34:53.445749+00:00"", ""market_integrity"": ""safe_match_market"", ""odds_api_io"": true, ""odds_api_io_account"": ""account1"", ""raw_market_name"": ""spread"", ""requested_bookmakers"": ""Bet365,Unibet""}",1
soccer|nantong zhiyun|ningbo professional|2026-10-06,spreads|nantong zhiyun|0.25|home,odds_api_io,Bet365,spreads,Nantong Zhiyun,1.125,2026-10-06T07:34:53.445749+00:00,0.25,home,,"{""configured_bookmakers"": ""Bet365,Unibet"", ""entitlement_fallback_used"": false, ""fetched_at_utc"": ""2026-10-06T07:34:53.445749+00:00"", ""market_integrity"": ""safe_match_market"", ""odds_api_io"": true, ""odds_api_io_account"": ""account1"", ""raw_market_name"": ""spread"", ""requested_bookmakers"": ""Bet365,Unibet""}",1
soccer|nantong zhiyun|ningbo professional|2026-10-06,spreads|ningbo professional fc|-0.25|away,odds_api_io,Bet365,spreads,Ningbo Professional FC,6.0,2026-10-06T07:34:53.445749+00:00,-0.25,away,,"{""configured_bookmakers"": ""Bet365,Unibet"", ""entitlement_fallback_used"": false, ""fetched_at_utc"": ""2026-10-06T07:34:53.445749+00:00"", ""market_integrity"": ""safe_match_market"", ""odds_api_io"": true, ""odds_api_io_account"": ""account1"", ""raw_market_name"": ""spread"", ""requested_bookmakers"": ""Bet365,Unibet""}",1
soccer|nantong zhiyun|ningbo professional|2026-10-06,spreads|nantong zhiyun|0.50|home,odds_api_io,Bet365,spreads,Nantong Zhiyun,1.105,2026-10-06T07:34:53.445749+00:00,0.5,home,,"{""configured_bookmakers"": ""Bet365,Unibet"", ""entitlement_fallback_used"": false, ""fetched_at_utc"": ""2026-10-06T07:34:53.445749+00:00"", ""market_integrity"": ""safe_match_market"", ""odds_api_io"": true, ""odds_api_io_account"": ""account1"", ""raw_market_name"": ""spread"", ""requested_bookmakers"": ""Bet365,Unibet""}",1
soccer|nantong zhiyun|ningbo professional|2026-10-06,spreads|ningbo professional fc|-0.50|away,odds_api_io,Bet365,spreads,Ningbo Professional FC,6.8,2026-10-06T07:34:53.445749+00:00,-0.5,away,,"{""configured_bookmakers"": ""Bet365,Unibet"", ""entitlement_fallback_used"": false, ""fetched_at_utc"": ""2026-10-06T07:34:53.445749+00:00"", ""market_integrity"": ""safe_match_market"", ""odds_api_io"": true, ""odds_api_io_account"": ""account1"", ""raw_market_name"": ""spread"", ""requested_bookmakers"": ""Bet365,Unibet""}",1
soccer|nantong zhiyun|ningbo professional|2026-10-06,totals|over|0.50|,odds_api_io,Bet365,totals,Over,1.05,2026-10-06T07:34:53.445749+00:00,0.5,,,"{""configured_bookmakers"": ""Bet365,Unibet"", ""entitlement_fallback_used"": false, ""fetched_at_utc"": ""2026-10-06T07:34:53.445749+00:00"", ""market_integrity"": ""safe_match_market"", ""odds_api_io"": true, ""odds_api_io_account"": ""account1"", ""raw_market_name"": ""totals"", ""requested_bookmakers"": ""Bet365,Unibet""}",1
soccer|nantong zhiyun|ningbo professional|2026-10-06,totals|under|0.50|,odds_api_io,Bet365,totals,Under,8.5,2026-10-06T07:34:53.445749+00:00,0.5,,,"{""configured_bookmakers"": ""Bet365,Unibet"", ""entitlement_fallback_used"": false, ""fetched_at_utc"": ""2026-10-06T07:34:53.445749+00:00"", ""market_integrity"": ""safe_match_market"", ""odds_api_io"": true, ""odds_api_io_account"": ""account1"", ""raw_market_name"": ""totals"", ""requested_bookmakers"": ""Bet365,Unibet""}",1
soccer|nantong zhiyun|ningbo professional|2026-10-06,totals|over|1.25|,odds_api_io,Bet365,totals,Over,1.2,2026-10-06T07:34:53.445749+00:00,1.25,,,"{""configured_bookmakers"": ""Bet365,Unibet"", ""entitlement_fallback_used"": false, ""fetched_at_utc"": ""2026-10-06T07:34:53.445749+00:00"", ""market_integrity"": ""safe_match_market"", ""odds_api_io"": true, ""odds_api_io_account"": ""account1"", ""raw_market_name"": ""totals"", ""requested_bookmakers"": ""Bet365,Unibet""}",1
soccer|nantong zhiyun|ningbo professional|2026-10-06,totals|under|1.25|,odds_api_io,Bet365,totals,Under,4.4,2026-10-06T07:34:53.445749+00:00,1.25,,,"{""configured_bookmakers"": ""Bet365,Unibet"", ""entitlement_fallback_used"": false, ""fetched_at_utc"": ""2026-10-06T07:34:53.445749+00:00"", ""market_integrity"": ""safe_match_market"", ""odds_api_io"": true, ""odds_api_io_account"": ""account1"", ""raw_market_name"": ""totals"", ""requested_bookmakers"": ""Bet365,Unibet""}",1
soccer|nantong zhiyun|ningbo professional|2026-10-06,totals|over|1.50|,odds_api_io,Bet365,totals,Over,1.285,2026-10-06T07:34:53.445749+00:00,1.5,,,"{""configured_bookmakers"": ""Bet365,Unibet"", ""entitlement_fallback_used"": false, ""fetched_at_utc"": ""2026-10-06T07:34:53.445749+00:00"", ""market_integrity"": ""safe_match_market"", ""odds_api_io"": true, ""odds_api_io_account"": ""account1"", ""raw_market_name"": ""totals"", ""requested_bookmakers"": ""Bet365,Unibet""}",1
soccer|nantong zhiyun|ningbo professional|2026-10-06,totals|under|1.50|,odds_api_io,Bet365,totals,Under,3.5,2026-10-06T07:34:53.445749+00:00,1.5,,,"{""configured_bookmakers"": ""Bet365,Unibet"", ""entitlement_fallback_used"": false, ""fetched_at_utc"": ""2026-10-06T07:34:53.445749+00:00"", ""market_integrity"": ""safe_match_market"", ""odds_api_io"": true, ""odds_api_io_account"": ""account1"", ""raw_market_name"": ""totals"", ""requested_bookmakers"": ""Bet365,Unibet""}",1
soccer|nantong zhiyun|ningbo professional|2026-10-06,totals|over|1.75|,odds_api_io,Bet365,totals,Over,1.375,2026-10-06T07:34:53.445749+00:00,1.75,,,"{""configured_bookmakers"": ""Bet365,Unibet"", ""entitlement_fallback_used"": false, ""fetched_at_utc"": ""2026-10-06T07:34:53.445749+00:00"", ""market_integrity"": ""safe_match_market"", ""odds_api_io"": true, ""odds_api_io_account"": ""account1"", ""raw_market_name"": ""totals"", ""requested_bookmakers"": ""Bet365,Unibet""}",1
soccer|nantong zhiyun|ningbo professional|2026-10-06,totals|under|1.75|,odds_api_io,Bet365,totals,Under,3.0,2026-10-06T07:34:53.445749+00:00,1.75,,,"{""configured_bookmakers"": ""Bet365,Unibet"", ""entitlement_fallback_used"": false, ""fetched_at_utc"": ""2026-10-06T07:34:53.445749+00:00"", ""market_integrity"": ""safe_match_market"", ""odds_api_io"": true, ""odds_api_io_account"": ""account1"", ""raw_market_name"": ""totals"", ""requested_bookmakers"": ""Bet365,Unibet""}",1
soccer|nantong zhiyun|ningbo professional|2026-10-06,totals|over|2.00|,odds_api_io,Bet365,totals,Over,1.5,2026-10-06T07:34:53.445749+00:00,2.0,,,"{""configured_bookmakers"": ""Bet365,Unibet"", ""entitlement_fallback_used"": false, ""fetched_at_utc"": ""2026-10-06T07:34:53.445749+00:00"", ""market_integrity"": ""safe_match_market"", ""odds_api_io"": true, ""odds_api_io_account"": ""account1"", ""raw_market_name"": ""totals"", ""requested_bookmakers"": ""Bet365,Unibet""}",1
soccer|nantong zhiyun|ningbo professional|2026-10-06,totals|under|2.00|,odds_api_io,Bet365,totals,Under,2.5,2026-10-06T07:34:53.445749+00:00,2.0,,,"{""configured_bookmakers"": ""Bet365,Unibet"", ""entitlement_fallback_used"": false, ""fetched_at_utc"": ""2026-10-06T07:34:53.445749+00:00"", ""market_integrity"": ""safe_match_market"", ""odds_api_io"": true, ""odds_api_io_account"": ""account1"", ""raw_market_name"": ""totals"", ""requested_bookmakers"": ""Bet365,Unibet""}",1
soccer|nantong zhiyun|ningbo professional|2026-10-06,totals|over|2.25|,odds_api_io,Bet365,totals,Over,1.75,2026-10-06T07:34:53.445749+00:00,2.25,,,"{""configured_bookmakers"": ""Bet365,Unibet"", ""entitlement_fallback_used"": false, ""fetched_at_utc"": ""2026-10-06T07:34:53.445749+00:00"", ""market_integrity"": ""safe_match_market"", ""odds_api_io"": true, ""odds_api_io_account"": ""account1"", ""raw_market_name"": ""totals"", ""requested_bookmakers"": ""Bet365,Unibet""}",1
soccer|nantong zhiyun|ningbo professional|2026-10-06,totals|under|2.25|,odds_api_io,Bet365,totals,Under,2.05,2026-10-06T07:34:53.445749+00:00,2.25,,,"{""configured_bookmakers"": ""Bet365,Unibet"", ""entitlement_fallback_used"": false, ""fetched_at_utc"": ""2026-10-06T07:34:53.445749+00:00"", ""market_integrity"": ""safe_match_market"", ""odds_api_io"": true, ""odds_api_io_account"": ""account1"", ""raw_market_name"": ""totals"", ""requested_bookmakers"": ""Bet365,Unibet""}",1
soccer|nantong zhiyun|ningbo professional|2026-10-06,totals|over|2.50|,odds_api_io,Bet365,totals,Over,1.975,2026-10-06T07:34:53.445749+00:00,2.5,,,"{""configured_bookmakers"": ""Bet365,Unibet"", ""entitlement_fallback_used"": false, ""fetched_at_utc"": ""2026-10-06T07:34:53.445749+00:00"", ""market_integrity"": ""safe_match_market"", ""odds_api_io"": true, ""odds_api_io_account"": ""account1"", ""raw_market_name"": ""totals"", ""requested_bookmakers"": ""Bet365,Unibet""}",1
soccer|nantong zhiyun|ningbo professional|2026-10-06,totals|under|2.50|,odds_api_io,Bet365,totals,Under,1.825,2026-10-06T07:34:53.445749+00:00,2.5,,,"{""configured_bookmakers"": ""Bet365,Unibet"", ""entitlement_fallback_used"": false, ""fetched_at_utc"": ""2026-10-06T07:34:53.445749+00:00"", ""market_integrity"": ""safe_match_market"", ""odds_api_io"": true, ""odds_api_io_account"": ""account1"", ""raw_market_name"": ""totals"", ""requested_bookmakers"": ""Bet365,Unibet""}",1
soccer|nantong zhiyun|ningbo professional|2026-10-06,totals|over|2.75|,odds_api_io,Bet365,totals,Over,2.25,2026-10-06T07:34:53.445749+00:00,2.75,,,"{""configured_bookmakers"": ""Bet365,Unibet"", ""entitlement_fallback_used"": false, ""fetched_at_utc"": ""2026-10-06T07:34:53.445749+00:00"", ""market_integrity"": ""safe_match_market"", ""odds_api_io"": true, ""odds_api_io_account"": ""account1"", ""raw_market_name"": ""totals"", ""requested_bookmakers"": ""Bet365,Unibet""}",1
soccer|nantong zhiyun|ningbo professional|2026-10-06,totals|under|2.75|,odds_api_io,Bet365,totals,Under,1.625,2026-10-06T07:34:53.445749+00:00,2.75,,,"{""configured_bookmakers"": ""Bet365,Unibet"", ""entitlement_fallback_used"": false, ""fetched_at_utc"": ""2026-10-06T07:34:53.445749+00:00"", ""market_integrity"": ""safe_match_market"", ""odds_api_io"": true, ""odds_api_io_account"": ""account1"", ""raw_market_name"": ""totals"", ""requested_bookmakers"": ""Bet365,Unibet""}",1
soccer|nantong zhiyun|ningbo professional|2026-10-06,totals|over|3.00|,odds_api_io,Bet365,totals,Over,2.75,2026-10-06T07:34:53.445749+00:00,3.0,,,"{""configured_bookmakers"": ""Bet365,Unibet"", ""entitlement_fallback_used"": false, ""fetched_at_utc"": ""2026-10-06T07:34:53.445749+00:00"", ""market_integrity"": ""safe_match_market"", ""odds_api_io"": true, ""odds_api_io_account"": ""account1"", ""raw_market_name"": ""totals"", ""requested_bookmakers"": ""Bet365,Unibet""}",1
soccer|nantong zhiyun|ningbo professional|2026-10-06,totals|under|3.00|,odds_api_io,Bet365,totals,Under,1.425,2026-10-06T07:34:53.445749+00:00,3.0,,,"{""configured_bookmakers"": ""Bet365,Unibet"", ""entitlement_fallback_used"": false, ""fetched_at_utc"": ""2026-10-06T07:34:53.445749+00:00"", ""market_integrity"": ""safe_match_market"", ""odds_api_io"": true, ""odds_api_io_account"": ""account1"", ""raw_market_name"": ""totals"", ""requested_bookmakers"": ""Bet365,Unibet""}",1
soccer|nantong zhiyun|ningbo professional|2026-10-06,totals|over|3.25|,odds_api_io,Bet365,totals,Over,3.1,2026-10-06T07:34:53.445749+00:00,3.25,,,"{""configured_bookmakers"": ""Bet365,Unibet"", ""entitlement_fallback_used"": false, ""fetched_at_utc"": ""2026-10-06T07:34:53.445749+00:00"", ""market_integrity"": ""safe_match_market"", ""odds_api_io"": true, ""odds_api_io_account"": ""account1"", ""raw_market_name"": ""totals"", ""requested_bookmakers"": ""Bet365,Unibet""}",1
soccer|nantong zhiyun|ningbo professional|2026-10-06,totals|under|3.25|,odds_api_io,Bet365,totals,Under,1.35,2026-10-06T07:34:53.445749+00:00,3.25,,,"{""configured_bookmakers"": ""Bet365,Unibet"", ""entitlement_fallback_used"": false, ""fetched_at_utc"": ""2026-10-06T07:34:53.445749+00:00"", ""market_integrity"": ""safe_match_market"", ""odds_api_io"": true, ""odds_api_io_account"": ""account1"", ""raw_market_name"": ""totals"", ""requested_bookmakers"": ""Bet365,Unibet""}",1
soccer|nantong zhiyun|ningbo professional|2026-10-06,totals|over|3.50|,odds_api_io,Bet365,totals,Over,3.4,2026-10-06T07:34:53.445749+00:00,3.5,,,"{""configured_bookmakers"": ""Bet365,Unibet"", ""entitlement_fallback_used"": false, ""fetched_at_utc"": ""2026-10-06T07:34:53.445749+00:00"", ""market_integrity"": ""safe_match_market"", ""odds_api_io"": true, ""odds_api_io_account"": ""account1"", ""raw_market_name"": ""totals"", ""requested_bookmakers"": ""Bet365,Unibet""}",1
soccer|nantong zhiyun|ningbo professional|2026-10-06,totals|under|3.50|,odds_api_io,Bet365,totals,Under,1.3,2026-10-06T07:34:53.445749+00:00,3.5,,,"{""configured_bookmakers"": ""Bet365,Unibet"", ""entitlement_fallback_used"": false, ""fetched_at_utc"": ""2026-10-06T07:34:53.445749+00:00"", ""market_integrity"": ""safe_match_market"", ""odds_api_io"": true, ""odds_api_io_account"": ""account1"", ""raw_market_name"": ""totals"", ""requested_bookmakers"": ""Bet365,Unibet""}",1
soccer|nantong zhiyun|ningbo professional|2026-10-06,totals|over|3.75|,odds_api_io,Bet365,totals,Over,4.15,2026-10-06T07:34:53.445749+00:00,3.75,,,"{""configured_bookmakers"": ""Bet365,Unibet"", ""entitlement_fallback_used"": false, ""fetched_at_utc"": ""2026-10-06T07:34:53.445749+00:00"", ""market_integrity"": ""safe_match_market"", ""odds_api_io"": true, ""odds_api_io_account"": ""account1"", ""raw_market_name"": ""totals"", ""requested_bookmakers"": ""Bet365,Unibet""}",1
soccer|nantong zhiyun|ningbo professional|2026-10-06,totals|under|3.75|,odds_api_io,Bet365,totals,Under,1.22,2026-10-06T07:34:53.445749+00:00,3.75,,,"{""configured_bookmakers"": ""Bet365,Unibet"", ""entitlement_fallback_used"": false, ""fetched_at_utc"": ""2026-10-06T07:34:53.445749+00:00"", ""market_integrity"": ""safe_match_market"", ""odds_api_io"": true, ""odds_api_io_account"": ""account1"", ""raw_market_name"": ""totals"", ""requested_bookmakers"": ""Bet365,Unibet""}",1
soccer|nantong zhiyun|ningbo professional|2026-10-06,totals|over|4.00|,odds_api_io,Bet365,totals,Over,5.9,2026-10-06T07:34:53.445749+00:00,4.0,,,"{""configured_bookmakers"": ""Bet365,Unibet"", ""entitlement_fallback_used"": false, ""fetched_at_utc"": ""2026-10-06T07:34:53.445749+00:00"", ""market_integrity"": ""safe_match_market"", ""odds_api_io"": true, ""odds_api_io_account"": ""account1"", ""raw_market_name"": ""totals"", ""requested_bookmakers"": ""Bet365,Unibet""}",1
soccer|nantong zhiyun|ningbo professional|2026-10-06,totals|under|4.00|,odds_api_io,Bet365,totals,Under,1.13,2026-10-06T07:34:53.445749+00:00,4.0,,,"{""configured_bookmakers"": ""Bet365,Unibet"", ""entitlement_fallback_used"": false, ""fetched_at_utc"": ""2026-10-06T07:34:53.445749+00:00"", ""market_integrity"": ""safe_match_market"", ""odds_api_io"": true, ""odds_api_io_account"": ""account1"", ""raw_market_name"": ""totals"", ""requested_bookmakers"": ""Bet365,Unibet""}",1
soccer|nantong zhiyun|ningbo professional|2026-10-06,totals|over|4.25|,odds_api_io,Bet365,totals,Over,6.4,2026-10-06T07:34:53.445749+00:00,4.25,,,"{""configured_bookmakers"": ""Bet365,Unibet"", ""entitlement_fallback_used"": false, ""fetched_at_utc"": ""2026-10-06T07:34:53.445749+00:00"", ""market_integrity"": ""safe_match_market"", ""odds_api_io"": true, ""odds_api_io_account"": ""account1"", ""raw_market_name"": ""totals"", ""requested_bookmakers"": ""Bet365,Unibet""}",1
soccer|nantong zhiyun|ningbo professional|2026-10-06,totals|under|4.25|,odds_api_io,Bet365,totals,Under,1.115,2026-10-06T07:34:53.445749+00:00,4.25,,,"{""configured_bookmakers"": ""Bet365,Unibet"", ""entitlement_fallback_used"": false, ""fetched_at_utc"": ""2026-10-06T07:34:53.445749+00:00"", ""market_integrity"": ""safe_match_market"", ""odds_api_io"": true, ""odds_api_io_account"": ""account1"", ""raw_market_name"": ""totals"", ""requested_bookmakers"": ""Bet365,Unibet""}",1
soccer|nantong zhiyun|ningbo professional|2026-10-06,totals|over|4.50|,odds_api_io,Bet365,totals,Over,6.0,2026-10-06T07:34:53.445749+00:00,4.5,,,"{""configured_bookmakers"": ""Bet365,Unibet"", ""entitlement_fallback_used"": false, ""fetched_at_utc"": ""2026-10-06T07:34:53.445749+00:00"", ""market_integrity"": ""safe_match_market"", ""odds_api_io"": true, ""odds_api_io_account"": ""account1"", ""raw_market_name"": ""totals"", ""requested_bookmakers"": ""Bet365,Unibet""}",1
soccer|nantong zhiyun|ningbo professional|2026-10-06,totals|under|4.50|,odds_api_io,Bet365,totals,Under,1.111,2026-10-06T07:34:53.445749+00:00,4.5,,,"{""configured_bookmakers"": ""Bet365,Unibet"", ""entitlement_fallback_used"": false, ""fetched_at_utc"": ""2026-10-06T07:34:53.445749+00:00"", ""market_integrity"": ""safe_match_market"", ""odds_api_io"": true, ""odds_api_io_account"": ""account1"", ""raw_market_name"": ""totals"", ""requested_bookmakers"": ""Bet365,Unibet""}",1
soccer|nantong zhiyun|ningbo professional|2026-10-06,totals|over|5.50|,odds_api_io,Bet365,totals,Over,10.0,2026-10-06T07:34:53.445749+00:00,5.5,,,"{""configured_bookmakers"": ""Bet365,Unibet"", ""entitlement_fallback_used"": false, ""fetched_at_utc"": ""2026-10-06T07:34:53.445749+00:00"", ""market_integrity"": ""safe_match_market"", ""odds_api_io"": true, ""odds_api_io_account"": ""account1"", ""raw_market_name"": ""totals"", ""requested_bookmakers"": ""Bet365,Unibet""}",1
soccer|nantong zhiyun|ningbo professional|2026-10-06,totals|under|5.50|,odds_api_io,Bet365,totals,Under,1.03,2026-10-06T07:34:53.445749+00:00,5.5,,,"{""configured_bookmakers"": ""Bet365,Unibet"", ""entitlement_fallback_used"": false, ""fetched_at_utc"": ""2026-10-06T07:34:53.445749+00:00"", ""market_integrity"": ""safe_match_market"", ""odds_api_io"": true, ""odds_api_io_account"": ""account1"", ""raw_market_name"": ""totals"", ""requested_bookmakers"": ""Bet365,Unibet""}",1
soccer|nantong zhiyun|ningbo professional|2026-10-06,totals|over|6.50|,odds_api_io,Bet365,totals,Over,15.0,2026-10-06T07:34:53.445749+00:00,6.5,,,"{""configured_bookmakers"": ""Bet365,Unibet"", ""entitlement_fallback_used"": false, ""fetched_at_utc"": ""2026-10-06T07:34:53.445749+00:00"", ""market_integrity"": ""safe_match_market"", ""odds_api_io"": true, ""odds_api_io_account"": ""account1"", ""raw_market_name"": ""totals"", ""requested_bookmakers"": ""Bet365,Unibet""}",1
soccer|nantong zhiyun|ningbo professional|2026-10-06,totals|under|6.50|,odds_api_io,Bet365,totals,Under,1.01,2026-10-06T07:34:53.445749+00:00,6.5,,,"{""configured_bookmakers"": ""Bet365,Unibet"", ""entitlement_fallback_used"": false, ""fetched_at_utc"": ""2026-10-06T07:34:53.445749+00:00"", ""market_integrity"": ""safe_match_market"", ""odds_api_io"": true, ""odds_api_io_account"": ""account1"", ""raw_market_name"": ""totals"", ""requested_bookmakers"": ""Bet365,Unibet""}",1
soccer|nantong zhiyun|ningbo professional|2026-10-06,totals|over|7.50|,odds_api_io,Bet365,totals,Over,21.0,2026-10-06T07:34:53.445749+00:00,7.5,,,"{""configured_bookmakers"": ""Bet365,Unibet"", ""entitlement_fallback_used"": false, ""fetched_at_utc"": ""2026-10-06T07:34:53.445749+00:00"", ""market_integrity"": ""safe_match_market"", ""odds_api_io"": true, ""odds_api_io_account"": ""account1"", ""raw_market_name"": ""totals"", ""requested_bookmakers"": ""Bet365,Unibet""}",1
soccer|nantong zhiyun|ningbo professional|2026-10-06,totals|under|7.50|,odds_api_io,Bet365,totals,Under,1.002,2026-10-06T07:34:53.445749+00:00,7.5,,,"{""configured_bookmakers"": ""Bet365,Unibet"", ""entitlement_fallback_used"": false, ""fetched_at_utc"": ""2026-10-06T07:34:53.445749+00:00"", ""market_integrity"": ""safe_match_market"", ""odds_api_io"": true, ""odds_api_io_account"": ""account1"", ""raw_market_name"": ""totals"", ""requested_bookmakers"": ""Bet365,Unibet""}",1
soccer|nantong zhiyun|ningbo professional|2026-10-06,btts|yes||,odds_api_io,Bet365,btts,Yes,2.2,2026-10-06T07:34:53.445749+00:00,,,,"{""configured_bookmakers"": ""Bet365,Unibet"", ""entitlement_fallback_used"": false, ""fetched_at_utc"": ""2026-10-06T07:34:53.445749+00:00"", ""market_integrity"": ""safe_match_market"", ""odds_api_io"": true, ""odds_api_io_account"": ""account1"", ""raw_market_name"": ""both teams to score"", ""requested_bookmakers"": ""Bet365,Unibet""}",1
soccer|nantong zhiyun|ningbo professional|2026-10-06,btts|no||,odds_api_io,Bet365,btts,No,1.615,2026-10-06T07:34:53.445749+00:00,,,,"{""configured_bookmakers"": ""Bet365,Unibet"", ""entitlement_fallback_used"": false, ""fetched_at_utc"": ""2026-10-06T07:34:53.445749+00:00"", ""market_integrity"": ""safe_match_market"", ""odds_api_io"": true, ""odds_api_io_account"": ""account1"", ""raw_market_name"": ""both teams to score"", ""requested_bookmakers"": ""Bet365,Unibet""}",1
soccer|nantong zhiyun|ningbo professional|2026-10-06,teamTotals|over|0.50|home,odds_api_io,Bet365,teamTotals,Over,1.142,2026-10-06T07:34:53.445749+00:00,0.5,home,,"{""configured_bookmakers"": ""Bet365,Unibet"", ""entitlement_fallback_used"": false, ""fetched_at_utc"": ""2026-10-06T07:34:53.445749+00:00"", ""market_integrity"": ""safe_match_market"", ""odds_api_io"": true, ""odds_api_io_account"": ""account1"", ""raw_market_name"": ""team total home"", ""requested_bookmakers"": ""Bet365,Unibet""}",1
soccer|nantong zhiyun|ningbo professional|2026-10-06,teamTotals|under|0.50|home,odds_api_io,Bet365,teamTotals,Under,5.0,2026-10-06T07:34:53.445749+00:00,0.5,home,,"{""configured_bookmakers"": ""Bet365,Unibet"", ""entitlement_fallback_used"": false, ""fetched_at_utc"": ""2026-10-06T07:34:53.445749+00:00"", ""market_integrity"": ""safe_match_market"", ""odds_api_io"": true, ""odds_api_io_account"": ""account1"", ""raw_market_name"": ""team total home"", ""requested_bookmakers"": ""Bet365,Unibet""}",1
soccer|nantong zhiyun|ningbo professional|2026-10-06,teamTotals|over|1.50|home,odds_api_io,Bet365,teamTotals,Over,1.666,2026-10-06T07:34:53.445749+00:00,1.5,home,,"{""configured_bookmakers"": ""Bet365,Unibet"", ""entitlement_fallback_used"": false, ""fetched_at_utc"": ""2026-10-06T07:34:53.445749+00:00"", ""market_integrity"": ""safe_match_market"", ""odds_api_io"": true, ""odds_api_io_account"": ""account1"", ""raw_market_name"": ""team total home"", ""requested_bookmakers"": ""Bet365,Unibet""}",1
soccer|nantong zhiyun|ningbo professional|2026-10-06,teamTotals|under|1.50|home,odds_api_io,Bet365,teamTotals,Under,2.1,2026-10-06T07:34:53.445749+00:00,1.5,home,,"{""configured_bookmakers"": ""Bet365,Unibet"", ""entitlement_fallback_used"": false, ""fetched_at_utc"": ""2026-10-06T07:34:53.445749+00:00"", ""market_integrity"": ""safe_match_market"", ""odds_api_io"": true, ""odds_api_io_account"": ""account1"", ""raw_market_name"": ""team total home"", ""requested_bookmakers"": ""Bet365,Unibet""}",1
soccer|nantong zhiyun|ningbo professional|2026-10-06,teamTotals|over|2.50|home,odds_api_io,Bet365,teamTotals,Over,3.25,2026-10-06T07:34:53.445749+00:00,2.5,home,,"{""configured_bookmakers"": ""Bet365,Unibet"", ""entitlement_fallback_used"": false, ""fetched_at_utc"": ""2026-10-06T07:34:53.445749+00:00"", ""market_integrity"": ""safe_match_market"", ""odds_api_io"": true, ""odds_api_io_account"": ""account1"", ""raw_market_name"": ""team total home"", ""requested_bookmakers"": ""Bet365,Unibet""}",1
soccer|nantong zhiyun|ningbo professional|2026-10-06,teamTotals|under|2.50|home,odds_api_io,Bet365,teamTotals,Under,1.333,2026-10-06T07:34:53.445749+00:00,2.5,home,,"{""configured_bookmakers"": ""Bet365,Unibet"", ""entitlement_fallback_used"": false, ""fetched_at_utc"": ""2026-10-06T07:34:53.445749+00:00"", ""market_integrity"": ""safe_match_market"", ""odds_api_io"": true, ""odds_api_io_account"": ""account1"", ""raw_market_name"": ""team total home"", ""requested_bookmakers"": ""Bet365,Unibet""}",1
soccer|nantong zhiyun|ningbo professional|2026-10-06,teamTotals|over|3.50|home,odds_api_io,Bet365,teamTotals,Over,6.0,2026-10-06T07:34:53.445749+00:00,3.5,home,,"{""configured_bookmakers"": ""Bet365,Unibet"", ""entitlement_fallback_used"": false, ""fetched_at_utc"": ""2026-10-06T07:34:53.445749+00:00"", ""market_integrity"": ""safe_match_market"", ""odds_api_io"": true, ""odds_api_io_account"": ""account1"", ""raw_market_name"": ""team total home"", ""requested_bookmakers"": ""Bet365,Unibet""}",1
soccer|nantong zhiyun|ningbo professional|2026-10-06,teamTotals|under|3.50|home,odds_api_io,Bet365,teamTotals,Under,1.111,2026-10-06T07:34:53.445749+00:00,3.5,home,,"{""configured_bookmakers"": ""Bet365,Unibet"", ""entitlement_fallback_used"": false, ""fetched_at_utc"": ""2026-10-06T07:34:53.445749+00:00"", ""market_integrity"": ""safe_match_market"", ""odds_api_io"": true, ""odds_api_io_account"": ""account1"", ""raw_market_name"": ""team total home"", ""requested_bookmakers"": ""Bet365,Unibet""}",1
soccer|nantong zhiyun|ningbo professional|2026-10-06,teamTotals|over|4.50|home,odds_api_io,Bet365,teamTotals,Over,10.0,2026-10-06T07:34:53.445749+00:00,4.5,home,,"{""configured_bookmakers"": ""Bet365,Unibet"", ""entitlement_fallback_used"": false, ""fetched_at_utc"": ""2026-10-06T07:34:53.445749+00:00"", ""market_integrity"": ""safe_match_market"", ""odds_api_io"": true, ""odds_api_io_account"": ""account1"", ""raw_market_name"": ""team total home"", ""requested_bookmakers"": ""Bet365,Unibet""}",1
soccer|nantong zhiyun|ningbo professional|2026-10-06,teamTotals|under|4.50|home,odds_api_io,Bet365,teamTotals,Under,1.03,2026-10-06T07:34:53.445749+00:00,4.5,home,,"{""configured_bookmakers"": ""Bet365,Unibet"", ""entitlement_fallback_used"": false, ""fetched_at_utc"": ""2026-10-06T07:34:53.445749+00:00"", ""market_integrity"": ""safe_match_market"", ""odds_api_io"": true, ""odds_api_io_account"": ""account1"", ""raw_market_name"": ""team total home"", ""requested_bookmakers"": ""Bet365,Unibet""}",1
soccer|nantong zhiyun|ningbo professional|2026-10-06,teamTotals|over|5.50|home,odds_api_io,Bet365,teamTotals,Over,17.0,2026-10-06T07:34:53.445749+00:00,5.5,home,,"{""configured_bookmakers"": ""Bet365,Unibet"", ""entitlement_fallback_used"": false, ""fetched_at_utc"": ""2026-10-06T07:34:53.445749+00:00"", ""market_integrity"": ""safe_match_market"", ""odds_api_io"": true, ""odds_api_io_account"": ""account1"", ""raw_market_name"": ""team total home"", ""requested_bookmakers"": ""Bet365,Unibet""}",1
soccer|nantong zhiyun|ningbo professional|2026-10-06,teamTotals|under|5.50|home,odds_api_io,Bet365,teamTotals,Under,1.005,2026-10-06T07:34:53.445749+00:00,5.5,home,,"{""configured_bookmakers"": ""Bet365,Unibet"", ""entitlement_fallback_used"": false, ""fetched_at_utc"": ""2026-10-06T07:34:53.445749+00:00"", ""market_integrity"": ""safe_match_market"", ""odds_api_io"": true, ""odds_api_io_account"": ""account1"", ""raw_market_name"": ""team total home"", ""requested_bookmakers"": ""Bet365,Unibet""}",1
soccer|nantong zhiyun|ningbo professional|2026-10-06,teamTotals|over|0.50|away,odds_api_io,Bet365,teamTotals,Over,1.833,2026-10-06T07:34:53.445749+00:00,0.5,away,,"{""configured_bookmakers"": ""Bet365,Unibet"", ""entitlement_fallback_used"": false, ""fetched_at_utc"": ""2026-10-06T07:34:53.445749+00:00"", ""market_integrity"": ""safe_match_market"", ""odds_api_io"": true, ""odds_api_io_account"": ""account1"", ""raw_market_name"": ""team total away"", ""requested_bookmakers"": ""Bet365,Unibet""}",1
soccer|nantong zhiyun|ningbo professional|2026-10-06,teamTotals|under|0.50|away,odds_api_io,Bet365,teamTotals,Under,1.833,2026-10-06T07:34:53.445749+00:00,0.5,away,,"{""configured_bookmakers"": ""Bet365,Unibet"", ""entitlement_fallback_used"": false, ""fetched_at_utc"": ""2026-10-06T07:34:53.445749+00:00"", ""market_integrity"": ""safe_match_market"", ""odds_api_io"": true, ""odds_api_io_account"": ""account1"", ""raw_market_name"": ""team total away"", ""requested_bookmakers"": ""Bet365,Unibet""}",1
soccer|nantong zhiyun|ningbo professional|2026-10-06,teamTotals|over|1.50|away,odds_api_io,Bet365,teamTotals,Over,5.0,2026-10-06T07:34:53.445749+00:00,1.5,away,,"{""configured_bookmakers"": ""Bet365,Unibet"", ""entitlement_fallback_used"": false, ""fetched_at_utc"": ""2026-10-06T07:34:53.445749+00:00"", ""market_integrity"": ""safe_match_market"", ""odds_api_io"": true, ""odds_api_io_account"": ""account1"", ""raw_market_name"": ""team total away"", ""requested_bookmakers"": ""Bet365,Unibet""}",1
soccer|nantong zhiyun|ningbo professional|2026-10-06,teamTotals|under|1.50|away,odds_api_io,Bet365,teamTotals,Under,1.142,2026-10-06T07:34:53.445749+00:00,1.5,away,,"{""configured_bookmakers"": ""Bet365,Unibet"", ""entitlement_fallback_used"": false, ""fetched_at_utc"": ""2026-10-06T07:34:53.445749+00:00"", ""market_integrity"": ""safe_match_market"", ""odds_api_io"": true, ""odds_api_io_account"": ""account1"", ""raw_market_name"": ""team total away"", ""requested_bookmakers"": ""Bet365,Unibet""}",1
soccer|nantong zhiyun|ningbo professional|2026-10-06,teamTotals|over|2.50|away,odds_api_io,Bet365,teamTotals,Over,11.0,2026-10-06T07:34:53.445749+00:00,2.5,away,,"{""configured_bookmakers"": ""Bet365,Unibet"", ""entitlement_fallback_used"": false, ""fetched_at_utc"": ""2026-10-06T07:34:53.445749+00:00"", ""market_integrity"": ""safe_match_market"", ""odds_api_io"": true, ""odds_api_io_account"": ""account1"", ""raw_market_name"": ""team total away"", ""requested_bookmakers"": ""Bet365,Unibet""}",1
soccer|nantong zhiyun|ningbo professional|2026-10-06,teamTotals|under|2.50|away,odds_api_io,Bet365,teamTotals,Under,1.02,2026-10-06T07:34:53.445749+00:00,2.5,away,,"{""configured_bookmakers"": ""Bet365,Unibet"", ""entitlement_fallback_used"": false, ""fetched_at_utc"": ""2026-10-06T07:34:53.445749+00:00"", ""market_integrity"": ""safe_match_market"", ""odds_api_io"": true, ""odds_api_io_account"": ""account1"", ""raw_market_name"": ""team total away"", ""requested_bookmakers"": ""Bet365,Unibet""}",1
soccer|nantong zhiyun|ningbo professional|2026-10-06,teamTotals|over|3.50|away,odds_api_io,Bet365,teamTotals,Over,21.0,2026-10-06T07:34:53.445749+00:00,3.5,away,,"{""configured_bookmakers"": ""Bet365,Unibet"", ""entitlement_fallback_used"": false, ""fetched_at_utc"": ""2026-10-06T07:34:53.445749+00:00"", ""market_integrity"": ""safe_match_market"", ""odds_api_io"": true, ""odds_api_io_account"": ""account1"", ""raw_market_name"": ""team total away"", ""requested_bookmakers"": ""Bet365,Unibet""}",1
soccer|nantong zhiyun|ningbo professional|2026-10-06,teamTotals|under|3.50|away,odds_api_io,Bet365,teamTotals,Under,1.002,2026-10-06T07:34:53.445749+00:00,3.5,away,,"{""configured_bookmakers"": ""Bet365,Unibet"", ""entitlement_fallback_used"": false, ""fetched_at_utc"": ""2026-10-06T07:34:53.445749+00:00"", ""market_integrity"": ""safe_match_market"", ""odds_api_io"": true, ""odds_api_io_account"": ""account1"", ""raw_market_name"": ""team total away"", ""requested_bookmakers"": ""Bet365,Unibet""}",1
soccer|dalian kun city|shijiazhuang gongfu|2026-10-06,h2h|shijiazhuang gongfu fc||,odds_api_io,Bet365,h2h,Shijiazhuang Gongfu FC,2.2,2026-10-06T07:34:53.445749+00:00,,,,"{""configured_bookmakers"": ""Bet365,Unibet"", ""entitlement_fallback_used"": false, ""fetched_at_utc"": ""2026-10-06T07:34:53.445749+00:00"", ""market_integrity"": ""safe_match_market"", ""odds_api_io"": true, ""odds_api_io_account"": ""account1"", ""raw_market_name"": ""ml"", ""requested_bookmakers"": ""Bet365,Unibet""}",1
soccer|dalian kun city|shijiazhuang gongfu|2026-10-06,h2h|draw||,odds_api_io,Bet365,h2h,Draw,3.1,2026-10-06T07:34:53.445749+00:00,,,,"{""configured_bookmakers"": ""Bet365,Unibet"", ""entitlement_fallback_used"": false, ""fetched_at_utc"": ""2026-10-06T07:34:53.445749+00:00"", ""market_integrity"": ""safe_match_market"", ""odds_api_io"": true, ""odds_api_io_account"": ""account1"", ""raw_market_name"": ""ml"", ""requested_bookmakers"": ""Bet365,Unibet""}",1
soccer|dalian kun city|shijiazhuang gongfu|2026-10-06,h2h|dalian kun city||,odds_api_io,Bet365,h2h,Dalian Kun City,3.0,2026-10-06T07:34:53.445749+00:00,,,,"{""configured_bookmakers"": ""Bet365,Unibet"", ""entitlement_fallback_used"": false, ""fetched_at_utc"": ""2026-10-06T07:34:53.445749+00:00"", ""market_integrity"": ""safe_match_market"", ""odds_api_io"": true, ""odds_api_io_account"": ""account1"", ""raw_market_name"": ""ml"", ""requested_bookmakers"": ""Bet365,Unibet""}",1
soccer|dalian kun city|shijiazhuang gongfu|2026-10-06,dnb|shijiazhuang gongfu fc||,odds_api_io,Bet365,dnb,Shijiazhuang Gongfu FC,1.615,2026-10-06T07:34:53.445749+00:00,,,,"{""configured_bookmakers"": ""Bet365,Unibet"", ""entitlement_fallback_used"": false, ""fetched_at_utc"": ""2026-10-06T07:34:53.445749+00:00"", ""market_integrity"": ""safe_match_market"", ""odds_api_io"": true, ""odds_api_io_account"": ""account1"", ""raw_market_name"": ""draw no bet"", ""requested_bookmakers"": ""Bet365,Unibet""}",1
soccer|dalian kun city|shijiazhuang gongfu|2026-10-06,dnb|dalian kun city||,odds_api_io,Bet365,dnb,Dalian Kun City,2.2,2026-10-06T07:34:53.445749+00:00,,,,"{""configured_bookmakers"": ""Bet365,Unibet"", ""entitlement_fallback_used"": false, ""fetched_at_utc"": ""2026-10-06T07:34:53.445749+00:00"", ""market_integrity"": ""safe_match_market"", ""odds_api_io"": true, ""odds_api_io_account"": ""account1"", ""raw_market_name"": ""draw no bet"", ""requested_bookmakers"": ""Bet365,Unibet""}",1
soccer|dalian kun city|shijiazhuang gongfu|2026-10-06,spreads|shijiazhuang gongfu fc|-2.50|home,odds_api_io,Bet365,spreads,Shijiazhuang Gongfu FC,11.0,2026-10-06T07:34:53.445749+00:00,-2.5,home,,"{""configured_bookmakers"": ""Bet365,Unibet"", ""entitlement_fallback_used"": false, ""fetched_at_utc"": ""2026-10-06T07:34:53.445749+00:00"", ""market_integrity"": ""safe_match_market"", ""odds_api_io"": true, ""odds_api_io_account"": ""account1"", ""raw_market_name"": ""spread"", ""requested_bookmakers"": ""Bet365,Unibet""}",1
soccer|dalian kun city|shijiazhuang gongfu|2026-10-06,spreads|dalian kun city|2.50|away,odds_api_io,Bet365,spreads,Dalian Kun City,1.05,2026-10-06T07:34:53.445749+00:00,2.5,away,,"{""configured_bookmakers"": ""Bet365,Unibet"", ""entitlement_fallback_used"": false, ""fetched_at_utc"": ""2026-10-06T07:34:53.445749+00:00"", ""market_integrity"": ""safe_match_market"", ""odds_api_io"": true, ""odds_api_io_account"": ""account1"", ""raw_market_name"": ""spread"", ""requested_bookmakers"": ""Bet365,Unibet""}",1
soccer|dalian kun city|shijiazhuang gongfu|2026-10-06,spreads|shijiazhuang gongfu fc|-1.75|home,odds_api_io,Bet365,spreads,Shijiazhuang Gongfu FC,5.9,2026-10-06T07:34:53.445749+00:00,-1.75,home,,"{""configured_bookmakers"": ""Bet365,Unibet"", ""entitlement_fallback_used"": false, ""fetched_at_utc"": ""2026-10-06T07:34:53.445749+00:00"", ""market_integrity"": ""safe_match_market"", ""odds_api_io"": true, ""odds_api_io_account"": ""account1"", ""raw_market_name"": ""spread"", ""requested_bookmakers"": ""Bet365,Unibet""}",1
soccer|dalian kun city|shijiazhuang gongfu|2026-10-06,spreads|dalian kun city|1.75|away,odds_api_io,Bet365,spreads,Dalian Kun City,1.13,2026-10-06T07:34:53.445749+00:00,1.75,away,,"{""configured_bookmakers"": ""Bet365,Unibet"", ""entitlement_fallback_used"": false, ""fetched_at_utc"": ""2026-10-06T07:34:53.445749+00:00"", ""market_integrity"": ""safe_match_market"", ""odds_api_io"": true, ""odds_api_io_account"": ""account1"", ""raw_market_name"": ""spread"", ""requested_bookmakers"": ""Bet365,Unibet""}",1
soccer|dalian kun city|shijiazhuang gongfu|2026-10-06,spreads|shijiazhuang gongfu fc|-1.50|home,odds_api_io,Bet365,spreads,Shijiazhuang Gongfu FC,4.4,2026-10-06T07:34:53.445749+00:00,-1.5,home,,"{""configured_bookmakers"": ""Bet365,Unibet"", ""entitlement_fallback_used"": false, ""fetched_at_utc"": ""2026-10-06T07:34:53.445749+00:00"", ""market_integrity"": ""safe_match_market"", ""odds_api_io"": true, ""odds_api_io_account"": ""account1"", ""raw_market_name"": ""spread"", ""requested_bookmakers"": ""Bet365,Unibet""}",1
soccer|dalian kun city|shijiazhuang gongfu|2026-10-06,spreads|dalian kun city|1.50|away,odds_api_io,Bet365,spreads,Dalian Kun City,1.2,2026-10-06T07:34:53.445749+00:00,1.5,away,,"{""configured_bookmakers"": ""Bet365,Unibet"", ""entitlement_fallback_used"": false, ""fetched_at_utc"": ""2026-10-06T07:34:53.445749+00:00"", ""market_integrity"": ""safe_match_market"", ""odds_api_io"": true, ""odds_api_io_account"": ""account1"", ""raw_market_name"": ""spread"", ""requested_bookmakers"": ""Bet365,Unibet""}",1
soccer|dalian kun city|shijiazhuang gongfu|2026-10-06,spreads|shijiazhuang gongfu fc|-1.25|home,odds_api_io,Bet365,spreads,Shijiazhuang Gongfu FC,4.0,2026-10-06T07:34:53.445749+00:00,-1.25,home,,"{""configured_bookmakers"": ""Bet365,Unibet"", ""entitlement_fallback_used"": false, ""fetched_at_utc"": ""2026-10-06T07:34:53.445749+00:00"", ""market_integrity"": ""safe_match_market"", ""odds_api_io"": true, ""odds_api_io_account"": ""account1"", ""raw_market_name"": ""spread"", ""requested_bookmakers"": ""Bet365,Unibet""}",1
soccer|dalian kun city|shijiazhuang gongfu|2026-10-06,spreads|dalian kun city|1.25|away,odds_api_io,Bet365,spreads,Dalian Kun City,1.23,2026-10-06T07:34:53.445749+00:00,1.25,away,,"{""configured_bookmakers"": ""Bet365,Unibet"", ""entitlement_fallback_used"": false, ""fetched_at_utc"": ""2026-10-06T07:34:53.445749+00:00"", ""market_integrity"": ""safe_match_market"", ""odds_api_io"": true, ""odds_api_io_account"": ""account1"", ""raw_market_name"": ""spread"", ""requested_bookmakers"": ""Bet365,Unibet""}",1
soccer|dalian kun city|shijiazhuang gongfu|2026-10-06,spreads|shijiazhuang gongfu fc|-1.00|home,odds_api_io,Bet365,spreads,Shijiazhuang Gongfu FC,3.55,2026-10-06T07:34:53.445749+00:00,-1.0,home,,"{""configured_bookmakers"": ""Bet365,Unibet"", ""entitlement_fallback_used"": false, ""fetched_at_utc"": ""2026-10-06T07:34:53.445749+00:00"", ""market_integrity"": ""safe_match_market"", ""odds_api_io"": true, ""odds_api_io_account"": ""account1"", ""raw_market_name"": ""spread"", ""requested_bookmakers"": ""Bet365,Unibet""}",1
soccer|dalian kun city|shijiazhuang gongfu|2026-10-06,spreads|dalian kun city|1.00|away,odds_api_io,Bet365,spreads,Dalian Kun City,1.275,2026-10-06T07:34:53.445749+00:00,1.0,away,,"{""configured_bookmakers"": ""Bet365,Unibet"", ""entitlement_fallback_used"": false, ""fetched_at_utc"": ""2026-10-06T07:34:53.445749+00:00"", ""market_integrity"": ""safe_match_market"", ""odds_api_io"": true, ""odds_api_io_account"": ""account1"", ""raw_market_name"": ""spread"", ""requested_bookmakers"": ""Bet365,Unibet""}",1
soccer|dalian kun city|shijiazhuang gongfu|2026-10-06,spreads|shijiazhuang gongfu fc|-0.75|home,odds_api_io,Bet365,spreads,Shijiazhuang Gongfu FC,2.675,2026-10-06T07:34:53.445749+00:00,-0.75,home,,"{""configured_bookmakers"": ""Bet365,Unibet"", ""entitlement_fallback_used"": false, ""fetched_at_utc"": ""2026-10-06T07:34:53.445749+00:00"", ""market_integrity"": ""safe_match_market"", ""odds_api_io"": true, ""odds_api_io_account"": ""account1"", ""raw_market_name"": ""spread"", ""requested_bookmakers"": ""Bet365,Unibet""}",1
soccer|dalian kun city|shijiazhuang gongfu|2026-10-06,spreads|dalian kun city|0.75|away,odds_api_io,Bet365,spreads,Dalian Kun City,1.45,2026-10-06T07:34:53.445749+00:00,0.75,away,,"{""configured_bookmakers"": ""Bet365,Unibet"", ""entitlement_fallback_used"": false, ""fetched_at_utc"": ""2026-10-06T07:34:53.445749+00:00"", ""market_integrity"": ""safe_match_market"", ""odds_api_io"": true, ""odds_api_io_account"": ""account1"", ""raw_market_name"": ""spread"", ""requested_bookmakers"": ""Bet365,Unibet""}",1
soccer|dalian kun city|shijiazhuang gongfu|2026-10-06,spreads|shijiazhuang gongfu fc|-0.50|home,odds_api_io,Bet365,spreads,Shijiazhuang Gongfu FC,2.25,2026-10-06T07:34:53.445749+00:00,-0.5,home,,"{""configured_bookmakers"": ""Bet365,Unibet"", ""entitlement_fallback_used"": false, ""fetched_at_utc"": ""2026-10-06T07:34:53.445749+00:00"", ""market_integrity"": ""safe_match_market"", ""odds_api_io"": true, ""odds_api_io_account"": ""account1"", ""raw_market_name"": ""spread"", ""requested_bookmakers"": ""Bet365,Unibet""}",1
soccer|dalian kun city|shijiazhuang gongfu|2026-10-06,spreads|dalian kun city|0.50|away,odds_api_io,Bet365,spreads,Dalian Kun City,1.625,2026-10-06T07:34:53.445749+00:00,0.5,away,,"{""configured_bookmakers"": ""Bet365,Unibet"", ""entitlement_fallback_used"": false, ""fetched_at_utc"": ""2026-10-06T07:34:53.445749+00:00"", ""market_integrity"": ""safe_match_market"", ""odds_api_io"": true, ""odds_api_io_account"": ""account1"", ""raw_market_name"": ""spread"", ""requested_bookmakers"": ""Bet365,Unibet""}",1
soccer|dalian kun city|shijiazhuang gongfu|2026-10-06,spreads|shijiazhuang gongfu fc|-0.25|home,odds_api_io,Bet365,spreads,Shijiazhuang Gongfu FC,1.95,2026-10-06T07:34:53.445749+00:00,-0.25,home,,"{""configured_bookmakers"": ""Bet365,Unibet"", ""entitlement_fallback_used"": false, ""fetched_at_utc"": ""2026-10-06T07:34:53.445749+00:00"", ""market_integrity"": ""safe_match_market"", ""odds_api_io"": true, ""odds_api_io_account"": ""account1"", ""raw_market_name"": ""spread"", ""requested_bookmakers"": ""Bet365,Unibet""}",1
soccer|dalian kun city|shijiazhuang gongfu|2026-10-06,spreads|dalian kun city|0.25|away,odds_api_io,Bet365,spreads,Dalian Kun City,1.85,2026-10-06T07:34:53.445749+00:00,0.25,away,,"{""configured_bookmakers"": ""Bet365,Unibet"", ""entitlement_fallback_used"": false, ""fetched_at_utc"": ""2026-10-06T07:34:53.445749+00:00"", ""market_integrity"": ""safe_match_market"", ""odds_api_io"": true, ""odds_api_io_account"": ""account1"", ""raw_market_name"": ""spread"", ""requested_bookmakers"": ""Bet365,Unibet""}",1
soccer|dalian kun city|shijiazhuang gongfu|2026-10-06,spreads|shijiazhuang gongfu fc||home,odds_api_io,Bet365,spreads,Shijiazhuang Gongfu FC,1.625,2026-10-06T07:34:53.445749+00:00,,home,,"{""configured_bookmakers"": ""Bet365,Unibet"", ""entitlement_fallback_used"": false, ""fetched_at_utc"": ""2026-10-06T07:34:53.445749+00:00"", ""market_integrity"": ""safe_match_market"", ""odds_api_io"": true, ""odds_api_io_account"": ""account1"", ""raw_market_name"": ""spread"", ""requested_bookmakers"": ""Bet365,Unibet""}",1
soccer|dalian kun city|shijiazhuang gongfu|2026-10-06,spreads|dalian kun city||away,odds_api_io,Bet365,spreads,Dalian Kun City,2.25,2026-10-06T07:34:53.445749+00:00,,away,,"{""configured_bookmakers"": ""Bet365,Unibet"", ""entitlement_fallback_used"": false, ""fetched_at_utc"": ""2026-10-06T07:34:53.445749+00:00"", ""market_integrity"": ""safe_match_market"", ""odds_api_io"": true, ""odds_api_io_account"": ""account1"", ""raw_market_name"": ""spread"", ""requested_bookmakers"": ""Bet365,Unibet""}",1
soccer|dalian kun city|shijiazhuang gongfu|2026-10-06,spreads|shijiazhuang gongfu fc|0.25|home,odds_api_io,Bet365,spreads,Shijiazhuang Gongfu FC,1.45,2026-10-06T07:34:53.445749+00:00,0.25,home,,"{""configured_bookmakers"": ""Bet365,Unibet"", ""entitlement_fallback_used"": false, ""fetched_at_utc"": ""2026-10-06T07:34:53.445749+00:00"", ""market_integrity"": ""safe_match_market"", ""odds_api_io"": true, ""odds_api_io_account"": ""account1"", ""raw_market_name"": ""spread"", ""requested_bookmakers"": ""Bet365,Unibet""}",1
soccer|dalian kun city|shijiazhuang gongfu|2026-10-06,spreads|dalian kun city|-0.25|away,odds_api_io,Bet365,spreads,Dalian Kun City,2.675,2026-10-06T07:34:53.445749+00:00,-0.25,away,,"{""configured_bookmakers"": ""Bet365,Unibet"", ""entitlement_fallback_used"": false, ""fetched_at_utc"": ""2026-10-06T07:34:53.445749+00:00"", ""market_integrity"": ""safe_match_market"", ""odds_api_io"": true, ""odds_api_io_account"": ""account1"", ""raw_market_name"": ""spread"", ""requested_bookmakers"": ""Bet365,Unibet""}",1
soccer|dalian kun city|shijiazhuang gongfu|2026-10-06,spreads|shijiazhuang gongfu fc|0.50|home,odds_api_io,Bet365,spreads,Shijiazhuang Gongfu FC,1.35,2026-10-06T07:34:53.445749+00:00,0.5,home,,"{""configured_bookmakers"": ""Bet365,Unibet"", ""entitlement_fallback_used"": false, ""fetched_at_utc"": ""2026-10-06T07:34:53.445749+00:00"", ""market_integrity"": ""safe_match_market"", ""odds_api_io"": true, ""odds_api_io_account"": ""account1"", ""raw_market_name"": ""spread"", ""requested_bookmakers"": ""Bet365,Unibet""}",1
soccer|dalian kun city|shijiazhuang gongfu|2026-10-06,spreads|dalian kun city|-0.50|away,odds_api_io,Bet365,spreads,Dalian Kun City,3.1,2026-10-06T07:34:53.445749+00:00,-0.5,away,,"{""configured_bookmakers"": ""Bet365,Unibet"", ""entitlement_fallback_used"": false, ""fetched_at_utc"": ""2026-10-06T07:34:53.445749+00:00"", ""market_integrity"": ""safe_match_market"", ""odds_api_io"": true, ""odds_api_io_account"": ""account1"", ""raw_market_name"": ""spread"", ""requested_bookmakers"": ""Bet365,Unibet""}",1
soccer|dalian kun city|shijiazhuang gongfu|2026-10-06,spreads|shijiazhuang gongfu fc|0.75|home,odds_api_io,Bet365,spreads,Shijiazhuang Gongfu FC,1.24,2026-10-06T07:34:53.445749+00:00,0.75,home,,"{""configured_bookmakers"": ""Bet365,Unibet"", ""entitlement_fallback_used"": false, ""fetched_at_utc"": ""2026-10-06T07:34:53.445749+00:00"", ""market_integrity"": ""safe_match_market"", ""odds_api_io"": true, ""odds_api_io_account"": ""account1"", ""raw_market_name"": ""spread"", ""requested_bookmakers"": ""Bet365,Unibet""}",1
soccer|dalian kun city|shijiazhuang gongfu|2026-10-06,spreads|dalian kun city|-0.75|away,odds_api_io,Bet365,spreads,Dalian Kun City,3.9,2026-10-06T07:34:53.445749+00:00,-0.75,away,,"{""configured_bookmakers"": ""Bet365,Unibet"", ""entitlement_fallback_used"": false, ""fetched_at_utc"": ""2026-10-06T07:34:53.445749+00:00"", ""market_integrity"": ""safe_match_market"", ""odds_api_io"": true, ""odds_api_io_account"": ""account1"", ""raw_market_name"": ""spread"", ""requested_bookmakers"": ""Bet365,Unibet""}",1
soccer|dalian kun city|shijiazhuang gongfu|2026-10-06,spreads|shijiazhuang gongfu fc|1.00|home,odds_api_io,Bet365,spreads,Shijiazhuang Gongfu FC,1.13,2026-10-06T07:34:53.445749+00:00,1.0,home,,"{""configured_bookmakers"": ""Bet365,Unibet"", ""entitlement_fallback_used"": false, ""fetched_at_utc"": ""2026-10-06T07:34:53.445749+00:00"", ""market_integrity"": ""safe_match_market"", ""odds_api_io"": true, ""odds_api_io_account"": ""account1"", ""raw_market_name"": ""spread"", ""requested_bookmakers"": ""Bet365,Unibet""}",1
soccer|dalian kun city|shijiazhuang gongfu|2026-10-06,spreads|dalian kun city|-1.00|away,odds_api_io,Bet365,spreads,Dalian Kun City,5.9,2026-10-06T07:34:53.445749+00:00,-1.0,away,,"{""configured_bookmakers"": ""Bet365,Unibet"", ""entitlement_fallback_used"": false, ""fetched_at_utc"": ""2026-10-06T07:34:53.445749+00:00"", ""market_integrity"": ""safe_match_market"", ""odds_api_io"": true, ""odds_api_io_account"": ""account1"", ""raw_market_name"": ""spread"", ""requested_bookmakers"": ""Bet365,Unibet""}",1
soccer|dalian kun city|shijiazhuang gongfu|2026-10-06,spreads|shijiazhuang gongfu fc|1.25|home,odds_api_io,Bet365,spreads,Shijiazhuang Gongfu FC,1.115,2026-10-06T07:34:53.445749+00:00,1.25,home,,"{""configured_bookmakers"": ""Bet365,Unibet"", ""entitlement_fallback_used"": false, ""fetched_at_utc"": ""2026-10-06T07:34:53.445749+00:00"", ""market_integrity"": ""safe_match_market"", ""odds_api_io"": true, ""odds_api_io_account"": ""account1"", ""raw_market_name"": ""spread"", ""requested_bookmakers"": ""Bet365,Unibet""}",1
soccer|dalian kun city|shijiazhuang gongfu|2026-10-06,spreads|dalian kun city|-1.25|away,odds_api_io,Bet365,spreads,Dalian Kun City,6.4,2026-10-06T07:34:53.445749+00:00,-1.25,away,,"{""configured_bookmakers"": ""Bet365,Unibet"", ""entitlement_fallback_used"": false, ""fetched_at_utc"": ""2026-10-06T07:34:53.445749+00:00"", ""market_integrity"": ""safe_match_market"", ""odds_api_io"": true, ""odds_api_io_account"": ""account1"", ""raw_market_name"": ""spread"", ""requested_bookmakers"": ""Bet365,Unibet""}",1
soccer|dalian kun city|shijiazhuang gongfu|2026-10-06,spreads|shijiazhuang gongfu fc|1.50|home,odds_api_io,Bet365,spreads,Shijiazhuang Gongfu FC,1.1,2026-10-06T07:34:53.445749+00:00,1.5,home,,"{""configured_bookmakers"": ""Bet365,Unibet"", ""entitlement_fallback_used"": false, ""fetched_at_utc"": ""2026-10-06T07:34:53.445749+00:00"", ""market_integrity"": ""safe_match_market"", ""odds_api_io"": true, ""odds_api_io_account"": ""account1"", ""raw_market_name"": ""spread"", ""requested_bookmakers"": ""Bet365,Unibet""}",1
soccer|dalian kun city|shijiazhuang gongfu|2026-10-06,spreads|dalian kun city|-1.50|away,odds_api_io,Bet365,spreads,Dalian Kun City,7.0,2026-10-06T07:34:53.445749+00:00,-1.5,away,,"{""configured_bookmakers"": ""Bet365,Unibet"", ""entitlement_fallback_used"": false, ""fetched_at_utc"": ""2026-10-06T07:34:53.445749+00:00"", ""market_integrity"": ""safe_match_market"", ""odds_api_io"": true, ""odds_api_io_account"": ""account1"", ""raw_market_name"": ""spread"", ""requested_bookmakers"": ""Bet365,Unibet""}",1
soccer|dalian kun city|shijiazhuang gongfu|2026-10-06,totals|over|0.50|,odds_api_io,Bet365,totals,Over,1.071,2026-10-06T07:34:53.445749+00:00,0.5,,,"{""configured_bookmakers"": ""Bet365,Unibet"", ""entitlement_fallback_used"": false, ""fetched_at_utc"": ""2026-10-06T07:34:53.445749+00:00"", ""market_integrity"": ""safe_match_market"", ""odds_api_io"": true, ""odds_api_io_account"": ""account1"", ""raw_market_name"": ""totals"", ""requested_bookmakers"": ""Bet365,Unibet""}",1
soccer|dalian kun city|shijiazhuang gongfu|2026-10-06,totals|under|0.50|,odds_api_io,Bet365,totals,Under,7.5,2026-10-06T07:34:53.445749+00:00,0.5,,,"{""configured_bookmakers"": ""Bet365,Unibet"", ""entitlement_fallback_used"": false, ""fetched_at_utc"": ""2026-10-06T07:34:53.445749+00:00"", ""market_integrity"": ""safe_match_market"", ""odds_api_io"": true, ""odds_api_io_account"": ""account1"", ""raw_market_name"": ""totals"", ""requested_bookmakers"": ""Bet365,Unibet""}",1
soccer|dalian kun city|shijiazhuang gongfu|2026-10-06,totals|over|1.00|,odds_api_io,Bet365,totals,Over,1.11,2026-10-06T07:34:53.445749+00:00,1.0,,,"{""configured_bookmakers"": ""Bet365,Unibet"", ""entitlement_fallback_used"": false, ""fetched_at_utc"": ""2026-10-06T07:34:53.445749+00:00"", ""market_integrity"": ""safe_match_market"", ""odds_api_io"": true, ""odds_api_io_account"": ""account1"", ""raw_market_name"": ""totals"", ""requested_bookmakers"": ""Bet365,Unibet""}",1
soccer|dalian kun city|shijiazhuang gongfu|2026-10-06,totals|under|1.00|,odds_api_io,Bet365,totals,Under,6.6,2026-10-06T07:34:53.445749+00:00,1.0,,,"{""configured_bookmakers"": ""Bet365,Unibet"", ""entitlement_fallback_used"": false, ""fetched_at_utc"": ""2026-10-06T07:34:53.445749+00:00"", ""market_integrity"": ""safe_match_market"", ""odds_api_io"": true, ""odds_api_io_account"": ""account1"", ""raw_market_name"": ""totals"", ""requested_bookmakers"": ""Bet365,Unibet""}",1
soccer|dalian kun city|shijiazhuang gongfu|2026-10-06,totals|over|1.25|,odds_api_io,Bet365,totals,Over,1.25,2026-10-06T07:34:53.445749+00:00,1.25,,,"{""configured_bookmakers"": ""Bet365,Unibet"", ""entitlement_fallback_used"": false, ""fetched_at_utc"": ""2026-10-06T07:34:53.445749+00:00"", ""market_integrity"": ""safe_match_market"", ""odds_api_io"": true, ""odds_api_io_account"": ""account1"", ""raw_market_name"": ""totals"", ""requested_bookmakers"": ""Bet365,Unibet""}",1
soccer|dalian kun city|shijiazhuang gongfu|2026-10-06,totals|under|1.25|,odds_api_io,Bet365,totals,Under,3.8,2026-10-06T07:34:53.445749+00:00,1.25,,,"{""configured_bookmakers"": ""Bet365,Unibet"", ""entitlement_fallback_used"": false, ""fetched_at_utc"": ""2026-10-06T07:34:53.445749+00:00"", ""market_integrity"": ""safe_match_market"", ""odds_api_io"": true, ""odds_api_io_account"": ""account1"", ""raw_market_name"": ""totals"", ""requested_bookmakers"": ""Bet365,Unibet""}",1
soccer|dalian kun city|shijiazhuang gongfu|2026-10-06,totals|over|1.50|,odds_api_io,Bet365,totals,Over,1.363,2026-10-06T07:34:53.445749+00:00,1.5,,,"{""configured_bookmakers"": ""Bet365,Unibet"", ""entitlement_fallback_used"": false, ""fetched_at_utc"": ""2026-10-06T07:34:53.445749+00:00"", ""market_integrity"": ""safe_match_market"", ""odds_api_io"": true, ""odds_api_io_account"": ""account1"", ""raw_market_name"": ""totals"", ""requested_bookmakers"": ""Bet365,Unibet""}",1
soccer|dalian kun city|shijiazhuang gongfu|2026-10-06,totals|under|1.50|,odds_api_io,Bet365,totals,Under,3.0,2026-10-06T07:34:53.445749+00:00,1.5,,,"{""configured_bookmakers"": ""Bet365,Unibet"", ""entitlement_fallback_used"": false, ""fetched_at_utc"": ""2026-10-06T07:34:53.445749+00:00"", ""market_integrity"": ""safe_match_market"", ""odds_api_io"": true, ""odds_api_io_account"": ""account1"", ""raw_market_name"": ""totals"", ""requested_bookmakers"": ""Bet365,Unibet""}",1
soccer|dalian kun city|shijiazhuang gongfu|2026-10-06,totals|over|1.75|,odds_api_io,Bet365,totals,Over,1.475,2026-10-06T07:34:53.445749+00:00,1.75,,,"{""configured_bookmakers"": ""Bet365,Unibet"", ""entitlement_fallback_used"": false, ""fetched_at_utc"": ""2026-10-06T07:34:53.445749+00:00"", ""market_integrity"": ""safe_match_market"", ""odds_api_io"": true, ""odds_api_io_account"": ""account1"", ""raw_market_name"": ""totals"", ""requested_bookmakers"": ""Bet365,Unibet""}",1
soccer|dalian kun city|shijiazhuang gongfu|2026-10-06,totals|under|1.75|,odds_api_io,Bet365,totals,Under,2.6,2026-10-06T07:34:53.445749+00:00,1.75,,,"{""configured_bookmakers"": ""Bet365,Unibet"", ""entitlement_fallback_used"": false, ""fetched_at_utc"": ""2026-10-06T07:34:53.445749+00:00"", ""market_integrity"": ""safe_match_market"", ""odds_api_io"": true, ""odds_api_io_account"": ""account1"", ""raw_market_name"": ""totals"", ""requested_bookmakers"": ""Bet365,Unibet""}",1
soccer|dalian kun city|shijiazhuang gongfu|2026-10-06,totals|over|2.00|,odds_api_io,Bet365,totals,Over,1.65,2026-10-06T07:34:53.445749+00:00,2.0,,,"{""configured_bookmakers"": ""Bet365,Unibet"", ""entitlement_fallback_used"": false, ""fetched_at_utc"": ""2026-10-06T07:34:53.445749+00:00"", ""market_integrity"": ""safe_match_market"", ""odds_api_io"": true, ""odds_api_io_account"": ""account1"", ""raw_market_name"": ""totals"", ""requested_bookmakers"": ""Bet365,Unibet""}",1
soccer|dalian kun city|shijiazhuang gongfu|2026-10-06,totals|under|2.00|,odds_api_io,Bet365,totals,Under,2.2,2026-10-06T07:34:53.445749+00:00,2.0,,,"{""configured_bookmakers"": ""Bet365,Unibet"", ""entitlement_fallback_used"": false, ""fetched_at_utc"": ""2026-10-06T07:34:53.445749+00:00"", ""market_integrity"": ""safe_match_market"", ""odds_api_io"": true, ""odds_api_io_account"": ""account1"", ""raw_market_name"": ""totals"", ""requested_bookmakers"": ""Bet365,Unibet""}",1
soccer|dalian kun city|shijiazhuang gongfu|2026-10-06,totals|over|2.25|,odds_api_io,Bet365,totals,Over,1.95,2026-10-06T07:34:53.445749+00:00,2.25,,,"{""configured_bookmakers"": ""Bet365,Unibet"", ""entitlement_fallback_used"": false, ""fetched_at_utc"": ""2026-10-06T07:34:53.445749+00:00"", ""market_integrity"": ""safe_match_market"", ""odds_api_io"": true, ""odds_api_io_account"": ""account1"", ""raw_market_name"": ""totals"", ""requested_bookmakers"": ""Bet365,Unibet""}",1
soccer|dalian kun city|shijiazhuang gongfu|2026-10-06,totals|under|2.25|,odds_api_io,Bet365,totals,Under,1.85,2026-10-06T07:34:53.445749+00:00,2.25,,,"{""configured_bookmakers"": ""Bet365,Unibet"", ""entitlement_fallback_used"": false, ""fetched_at_utc"": ""2026-10-06T07:34:53.445749+00:00"", ""market_integrity"": ""safe_match_market"", ""odds_api_io"": true, ""odds_api_io_account"": ""account1"", ""raw_market_name"": ""totals"", ""requested_bookmakers"": ""Bet365,Unibet""}",1
soccer|dalian kun city|shijiazhuang gongfu|2026-10-06,totals|over|2.50|,odds_api_io,Bet365,totals,Over,2.2,2026-10-06T07:34:53.445749+00:00,2.5,,,"{""configured_bookmakers"": ""Bet365,Unibet"", ""entitlement_fallback_used"": false, ""fetched_at_utc"": ""2026-10-06T07:34:53.445749+00:00"", ""market_integrity"": ""safe_match_market"", ""odds_api_io"": true, ""odds_api_io_account"": ""account1"", ""raw_market_name"": ""totals"", ""requested_bookmakers"": ""Bet365,Unibet""}",1
soccer|dalian kun city|shijiazhuang gongfu|2026-10-06,totals|under|2.50|,odds_api_io,Bet365,totals,Under,1.65,2026-10-06T07:34:53.445749+00:00,2.5,,,"{""configured_bookmakers"": ""Bet365,Unibet"", ""entitlement_fallback_used"": false, ""fetched_at_utc"": ""2026-10-06T07:34:53.445749+00:00"", ""market_integrity"": ""safe_match_market"", ""odds_api_io"": true, ""odds_api_io_account"": ""account1"", ""raw_market_name"": ""totals"", ""requested_bookmakers"": ""Bet365,Unibet""}",1
soccer|dalian kun city|shijiazhuang gongfu|2026-10-06,totals|over|2.75|,odds_api_io,Bet365,totals,Over,2.5,2026-10-06T07:34:53.445749+00:00,2.75,,,"{""configured_bookmakers"": ""Bet365,Unibet"", ""entitlement_fallback_used"": false, ""fetched_at_utc"": ""2026-10-06T07:34:53.445749+00:00"", ""market_integrity"": ""safe_match_market"", ""odds_api_io"": true, ""odds_api_io_account"": ""account1"", ""raw_market_name"": ""totals"", ""requested_bookmakers"": ""Bet365,Unibet""}",1
soccer|dalian kun city|shijiazhuang gongfu|2026-10-06,totals|under|2.75|,odds_api_io,Bet365,totals,Under,1.5,2026-10-06T07:34:53.445749+00:00,2.75,,,"{""configured_bookmakers"": ""Bet365,Unibet"", ""entitlement_fallback_used"": false, ""fetched_at_utc"": ""2026-10-06T07:34:53.445749+00:00"", ""market_integrity"": ""safe_match_market"", ""odds_api_io"": true, ""odds_api_io_account"": ""account1"", ""raw_market_name"": ""totals"", ""requested_bookmakers"": ""Bet365,Unibet""}",1
soccer|dalian kun city|shijiazhuang gongfu|2026-10-06,totals|over|3.00|,odds_api_io,Bet365,totals,Over,3.3,2026-10-06T07:34:53.445749+00:00,3.0,,,"{""configured_bookmakers"": ""Bet365,Unibet"", ""entitlement_fallback_used"": false, ""fetched_at_utc"": ""2026-10-06T07:34:53.445749+00:00"", ""market_integrity"": ""safe_match_market"", ""odds_api_io"": true, ""odds_api_io_account"": ""account1"", ""raw_market_name"": ""totals"", ""requested_bookmakers"": ""Bet365,Unibet""}",1
soccer|dalian kun city|shijiazhuang gongfu|2026-10-06,totals|under|3.00|,odds_api_io,Bet365,totals,Under,1.325,2026-10-06T07:34:53.445749+00:00,3.0,,,"{""configured_bookmakers"": ""Bet365,Unibet"", ""entitlement_fallback_used"": false, ""fetched_at_utc"": ""2026-10-06T07:34:53.445749+00:00"", ""market_integrity"": ""safe_match_market"", ""odds_api_io"": true, ""odds_api_io_account"": ""account1"", ""raw_market_name"": ""totals"", ""requested_bookmakers"": ""Bet365,Unibet""}",1
soccer|dalian kun city|shijiazhuang gongfu|2026-10-06,totals|over|3.25|,odds_api_io,Bet365,totals,Over,3.55,2026-10-06T07:34:53.445749+00:00,3.25,,,"{""configured_bookmakers"": ""Bet365,Unibet"", ""entitlement_fallback_used"": false, ""fetched_at_utc"": ""2026-10-06T07:34:53.445749+00:00"", ""market_integrity"": ""safe_match_market"", ""odds_api_io"": true, ""odds_api_io_account"": ""account1"", ""raw_market_name"": ""totals"", ""requested_bookmakers"": ""Bet365,Unibet""}",1
soccer|dalian kun city|shijiazhuang gongfu|2026-10-06,totals|under|3.25|,odds_api_io,Bet365,totals,Under,1.275,2026-10-06T07:34:53.445749+00:00,3.25,,,"{""configured_bookmakers"": ""Bet365,Unibet"", ""entitlement_fallback_used"": false, ""fetched_at_utc"": ""2026-10-06T07:34:53.445749+00:00"", ""market_integrity"": ""safe_match_market"", ""odds_api_io"": true, ""odds_api_io_account"": ""account1"", ""raw_market_name"": ""totals"", ""requested_bookmakers"": ""Bet365,Unibet""}",1
soccer|dalian kun city|shijiazhuang gongfu|2026-10-06,totals|over|3.50|,odds_api_io,Bet365,totals,Over,4.0,2026-10-06T07:34:53.445749+00:00,3.5,,,"{""configured_bookmakers"": ""Bet365,Unibet"", ""entitlement_fallback_used"": false, ""fetched_at_utc"": ""2026-10-06T07:34:53.445749+00:00"", ""market_integrity"": ""safe_match_market"", ""odds_api_io"": true, ""odds_api_io_account"": ""account1"", ""raw_market_name"": ""totals"", ""requested_bookmakers"": ""Bet365,Unibet""}",1
soccer|dalian kun city|shijiazhuang gongfu|2026-10-06,totals|under|3.50|,odds_api_io,Bet365,totals,Under,1.222,2026-10-06T07:34:53.445749+00:00,3.5,,,"{""configured_bookmakers"": ""Bet365,Unibet"", ""entitlement_fallback_used"": false, ""fetched_at_utc"": ""2026-10-06T07:34:53.445749+00:00"", ""market_integrity"": ""safe_match_market"", ""odds_api_io"": true, ""odds_api_io_account"": ""account1"", ""raw_market_name"": ""totals"", ""requested_bookmakers"": ""Bet365,Unibet""}",1
soccer|dalian kun city|shijiazhuang gongfu|2026-10-06,totals|over|3.75|,odds_api_io,Bet365,totals,Over,5.25,2026-10-06T07:34:53.445749+00:00,3.75,,,"{""configured_bookmakers"": ""Bet365,Unibet"", ""entitlement_fallback_used"": false, ""fetched_at_utc"": ""2026-10-06T07:34:53.445749+00:00"", ""market_integrity"": ""safe_match_market"", ""odds_api_io"": true, ""odds_api_io_account"": ""account1"", ""raw_market_name"": ""totals"", ""requested_bookmakers"": ""Bet365,Unibet""}",1
soccer|dalian kun city|shijiazhuang gongfu|2026-10-06,totals|under|3.75|,odds_api_io,Bet365,totals,Under,1.16,2026-10-06T07:34:53.445749+00:00,3.75,,,"{""configured_bookmakers"": ""Bet365,Unibet"", ""entitlement_fallback_used"": false, ""fetched_at_utc"": ""2026-10-06T07:34:53.445749+00:00"", ""market_integrity"": ""safe_match_market"", ""odds_api_io"": true, ""odds_api_io_account"": ""account1"", ""raw_market_name"": ""totals"", ""requested_bookmakers"": ""Bet365,Unibet""}",1
soccer|dalian kun city|shijiazhuang gongfu|2026-10-06,totals|over|4.50|,odds_api_io,Bet365,totals,Over,7.5,2026-10-06T07:34:53.445749+00:00,4.5,,,"{""configured_bookmakers"": ""Bet365,Unibet"", ""entitlement_fallback_used"": false, ""fetched_at_utc"": ""2026-10-06T07:34:53.445749+00:00"", ""market_integrity"": ""safe_match_market"", ""odds_api_io"": true, ""odds_api_io_account"": ""account1"", ""raw_market_name"": ""totals"", ""requested_bookmakers"": ""Bet365,Unibet""}",1
soccer|dalian kun city|shijiazhuang gongfu|2026-10-06,totals|under|4.50|,odds_api_io,Bet365,totals,Under,1.071,2026-10-06T07:34:53.445749+00:00,4.5,,,"{""configured_bookmakers"": ""Bet365,Unibet"", ""entitlement_fallback_used"": false, ""fetched_at_utc"": ""2026-10-06T07:34:53.445749+00:00"", ""market_integrity"": ""safe_match_market"", ""odds_api_io"": true, ""odds_api_io_account"": ""account1"", ""raw_market_name"": ""totals"", ""requested_bookmakers"": ""Bet365,Unibet""}",1
soccer|dalian kun city|shijiazhuang gongfu|2026-10-06,totals|over|5.50|,odds_api_io,Bet365,totals,Over,11.0,2026-10-06T07:34:53.445749+00:00,5.5,,,"{""configured_bookmakers"": ""Bet365,Unibet"", ""entitlement_fallback_used"": false, ""fetched_at_utc"": ""2026-10-06T07:34:53.445749+00:00"", ""market_integrity"": ""safe_match_market"", ""odds_api_io"": true, ""odds_api_io_account"": ""account1"", ""raw_market_name"": ""totals"", ""requested_bookmakers"": ""Bet365,Unibet""}",1
soccer|dalian kun city|shijiazhuang gongfu|2026-10-06,totals|under|5.50|,odds_api_io,Bet365,totals,Under,1.02,2026-10-06T07:34:53.445749+00:00,5.5,,,"{""configured_bookmakers"": ""Bet365,Unibet"", ""entitlement_fallback_used"": false, ""fetched_at_utc"": ""2026-10-06T07:34:53.445749+00:00"", ""market_integrity"": ""safe_match_market"", ""odds_api_io"": true, ""odds_api_io_account"": ""account1"", ""raw_market_name"": ""totals"", ""requested_bookmakers"": ""Bet365,Unibet""}",1
soccer|dalian kun city|shijiazhuang gongfu|2026-10-06,totals|over|6.50|,odds_api_io,Bet365,totals,Over,17.0,2026-10-06T07:34:53.445749+00:00,6.5,,,"{""configured_bookmakers"": ""Bet365,Unibet"", ""entitlement_fallback_used"": false, ""fetched_at_utc"": ""2026-10-06T07:34:53.445749+00:00"", ""market_integrity"": ""safe_match_market"", ""odds_api_io"": true, ""odds_api_io_account"": ""account1"", ""raw_market_name"": ""totals"", ""requested_bookmakers"": ""Bet365,Unibet""}",1
soccer|dalian kun city|shijiazhuang gongfu|2026-10-06,totals|under|6.50|,odds_api_io,Bet365,totals,Under,1.005,2026-10-06T07:34:53.445749+00:00,6.5,,,"{""configured_bookmakers"": ""Bet365,Unibet"", ""entitlement_fallback_used"": false, ""fetched_at_utc"": ""2026-10-06T07:34:53.445749+00:00"", ""market_integrity"": ""safe_match_market"", ""odds_api_io"": true, ""odds_api_io_account"": ""account1"", ""raw_market_name"": ""totals"", ""requested_bookmakers"": ""Bet365,Unibet""}",1
soccer|dalian kun city|shijiazhuang gongfu|2026-10-06,btts|yes||,odds_api_io,Bet365,btts,Yes,1.833,2026-10-06T07:34:53.445749+00:00,,,,"{""configured_bookmakers"": ""Bet365,Unibet"", ""entitlement_fallback_used"": false, ""fetched_at_utc"": ""2026-10-06T07:34:53.445749+00:00"", ""market_integrity"": ""safe_match_market"", ""odds_api_io"": true, ""odds_api_io_account"": ""account1"", ""raw_market_name"": ""both teams to score"", ""requested_bookmakers"": ""Bet365,Unibet""}",1
soccer|dalian kun city|shijiazhuang gongfu|2026-10-06,btts|no||,odds_api_io,Bet365,btts,No,1.833,2026-10-06T07:34:53.445749+00:00,,,,"{""configured_bookmakers"": ""Bet365,Unibet"", ""entitlement_fallback_used"": false, ""fetched_at_utc"": ""2026-10-06T07:34:53.445749+00:00"", ""market_integrity"": ""safe_match_market"", ""odds_api_io"": true, ""odds_api_io_account"": ""account1"", ""raw_market_name"": ""both teams to score"", ""requested_bookmakers"": ""Bet365,Unibet""}",1
soccer|dalian kun city|shijiazhuang gongfu|2026-10-06,h2h|shijiazhuang gongfu fc||,odds_api_io,Unibet,h2h,Shijiazhuang Gongfu FC,2.4,2026-10-06T07:34:53.445749+00:00,,,,"{""configured_bookmakers"": ""Bet365,Unibet"", ""entitlement_fallback_used"": false, ""fetched_at_utc"": ""2026-10-06T07:34:53.445749+00:00"", ""market_integrity"": ""safe_match_market"", ""odds_api_io"": true, ""odds_api_io_account"": ""account1"", ""raw_market_name"": ""ml"", ""requested_bookmakers"": ""Bet365,Unibet""}",1
soccer|dalian kun city|shijiazhuang gongfu|2026-10-06,h2h|draw||,odds_api_io,Unibet,h2h,Draw,3.2,2026-10-06T07:34:53.445749+00:00,,,,"{""configured_bookmakers"": ""Bet365,Unibet"", ""entitlement_fallback_used"": false, ""fetched_at_utc"": ""2026-10-06T07:34:53.445749+00:00"", ""market_integrity"": ""safe_match_market"", ""odds_api_io"": true, ""odds_api_io_account"": ""account1"", ""raw_market_name"": ""ml"", ""requested_bookmakers"": ""Bet365,Unibet""}",1
soccer|dalian kun city|shijiazhuang gongfu|2026-10-06,h2h|dalian kun city||,odds_api_io,Unibet,h2h,Dalian Kun City,2.75,2026-10-06T07:34:53.445749+00:00,,,,"{""configured_bookmakers"": ""Bet365,Unibet"", ""entitlement_fallback_used"": false, ""fetched_at_utc"": ""2026-10-06T07:34:53.445749+00:00"", ""market_integrity"": ""safe_match_market"", ""odds_api_io"": true, ""odds_api_io_account"": ""account1"", ""raw_market_name"": ""ml"", ""requested_bookmakers"": ""Bet365,Unibet""}",1
soccer|dalian kun city|shijiazhuang gongfu|2026-10-06,dnb|shijiazhuang gongfu fc||,odds_api_io,Unibet,dnb,Shijiazhuang Gongfu FC,1.68,2026-10-06T07:34:53.445749+00:00,,,,"{""configured_bookmakers"": ""Bet365,Unibet"", ""entitlement_fallback_used"": false, ""fetched_at_utc"": ""2026-10-06T07:34:53.445749+00:00"", ""market_integrity"": ""safe_match_market"", ""odds_api_io"": true, ""odds_api_io_account"": ""account1"", ""raw_market_name"": ""draw no bet"", ""requested_bookmakers"": ""Bet365,Unibet""}",1
soccer|dalian kun city|shijiazhuang gongfu|2026-10-06,dnb|dalian kun city||,odds_api_io,Unibet,dnb,Dalian Kun City,1.92,2026-10-06T07:34:53.445749+00:00,,,,"{""configured_bookmakers"": ""Bet365,Unibet"", ""entitlement_fallback_used"": false, ""fetched_at_utc"": ""2026-10-06T07:34:53.445749+00:00"", ""market_integrity"": ""safe_match_market"", ""odds_api_io"": true, ""odds_api_io_account"": ""account1"", ""raw_market_name"": ""draw no bet"", ""requested_bookmakers"": ""Bet365,Unibet""}",1
soccer|dalian kun city|shijiazhuang gongfu|2026-10-06,totals|over|1.50|,odds_api_io,Unibet,totals,Over,1.3,2026-10-06T07:34:53.445749+00:00,1.5,,,"{""configured_bookmakers"": ""Bet365,Unibet"", ""entitlement_fallback_used"": false, ""fetched_at_utc"": ""2026-10-06T07:34:53.445749+00:00"", ""market_integrity"": ""safe_match_market"", ""odds_api_io"": true, ""odds_api_io_account"": ""account1"", ""raw_market_name"": ""totals"", ""requested_bookmakers"": ""Bet365,Unibet""}",1
soccer|dalian kun city|shijiazhuang gongfu|2026-10-06,totals|under|1.50|,odds_api_io,Unibet,totals,Under,3.15,2026-10-06T07:34:53.445749+00:00,1.5,,,"{""configured_bookmakers"": ""Bet365,Unibet"", ""entitlement_fallback_used"": false, ""fetched_at_utc"": ""2026-10-06T07:34:53.445749+00:00"", ""market_integrity"": ""safe_match_market"", ""odds_api_io"": true, ""odds_api_io_account"": ""account1"", ""raw_market_name"": ""totals"", ""requested_bookmakers"": ""Bet365,Unibet""}",1
soccer|dalian kun city|shijiazhuang gongfu|2026-10-06,totals|over|2.50|,odds_api_io,Unibet,totals,Over,1.95,2026-10-06T07:34:53.445749+00:00,2.5,,,"{""configured_bookmakers"": ""Bet365,Unibet"", ""entitlement_fallback_used"": false, ""fetched_at_utc"": ""2026-10-06T07:34:53.445749+00:00"", ""market_integrity"": ""safe_match_market"", ""odds_api_io"": true, ""odds_api_io_account"": ""account1"", ""raw_market_name"": ""totals"", ""requested_bookmakers"": ""Bet365,Unibet""}",1
soccer|dalian kun city|shijiazhuang gongfu|2026-10-06,totals|under|2.50|,odds_api_io,Unibet,totals,Under,1.75,2026-10-06T07:34:53.445749+00:00,2.5,,,"{""configured_bookmakers"": ""Bet365,Unibet"", ""entitlement_fallback_used"": false, ""fetched_at_utc"": ""2026-10-06T07:34:53.445749+00:00"", ""market_integrity"": ""safe_match_market"", ""odds_api_io"": true, ""odds_api_io_account"": ""account1"", ""raw_market_name"": ""totals"", ""requested_bookmakers"": ""Bet365,Unibet""}",1
soccer|dalian kun city|shijiazhuang gongfu|2026-10-06,totals|over|3.50|,odds_api_io,Unibet,totals,Over,3.35,2026-10-06T07:34:53.445749+00:00,3.5,,,"{""configured_bookmakers"": ""Bet365,Unibet"", ""entitlement_fallback_used"": false, ""fetched_at_utc"": ""2026-10-06T07:34:53.445749+00:00"", ""market_integrity"": ""safe_match_market"", ""odds_api_io"": true, ""odds_api_io_account"": ""account1"", ""raw_market_name"": ""totals"", ""requested_bookmakers"": ""Bet365,Unibet""}",1
soccer|dalian kun city|shijiazhuang gongfu|2026-10-06,totals|under|3.50|,odds_api_io,Unibet,totals,Under,1.27,2026-10-06T07:34:53.445749+00:00,3.5,,,"{""configured_bookmakers"": ""Bet365,Unibet"", ""entitlement_fallback_used"": false, ""fetched_at_utc"": ""2026-10-06T07:34:53.445749+00:00"", ""market_integrity"": ""safe_match_market"", ""odds_api_io"": true, ""odds_api_io_account"": ""account1"", ""raw_market_name"": ""totals"", ""requested_bookmakers"": ""Bet365,Unibet""}",1
soccer|dalian kun city|shijiazhuang gongfu|2026-10-06,btts|yes||,odds_api_io,Unibet,btts,Yes,1.68,2026-10-06T07:34:53.445749+00:00,,,,"{""configured_bookmakers"": ""Bet365,Unibet"", ""entitlement_fallback_used"": false, ""fetched_at_utc"": ""2026-10-06T07:34:53.445749+00:00"", ""market_integrity"": ""safe_match_market"", ""odds_api_io"": true, ""odds_api_io_account"": ""account1"", ""raw_market_name"": ""both teams to score"", ""requested_bookmakers"": ""Bet365,Unibet""}",1
soccer|dalian kun city|shijiazhuang gongfu|2026-10-06,btts|no||,odds_api_io,Unibet,btts,No,1.91,2026-10-06T07:34:53.445749+00:00,,,,"{""configured_bookmakers"": ""Bet365,Unibet"", ""entitlement_fallback_used"": false, ""fetched_at_utc"": ""2026-10-06T07:34:53.445749+00:00"", ""market_integrity"": ""safe_match_market"", ""odds_api_io"": true, ""odds_api_io_account"": ""account1"", ""raw_market_name"": ""both teams to score"", ""requested_bookmakers"": ""Bet365,Unibet""}",1
soccer|shandong taishan b|shenzhen 2028|2026-10-06,h2h|shenzhen 2028 fc||,odds_api_io,Bet365,h2h,Shenzhen 2028 FC,2.15,2026-10-06T07:34:53.445749+00:00,,,,"{""configured_bookmakers"": ""Bet365,Unibet"", ""entitlement_fallback_used"": false, ""fetched_at_utc"": ""2026-10-06T07:34:53.445749+00:00"", ""market_integrity"": ""safe_match_market"", ""odds_api_io"": true, ""odds_api_io_account"": ""account1"", ""raw_market_name"": ""ml"", ""requested_bookmakers"": ""Bet365,Unibet""}",1
soccer|shandong taishan b|shenzhen 2028|2026-10-06,h2h|draw||,odds_api_io,Bet365,h2h,Draw,3.2,2026-10-06T07:34:53.445749+00:00,,,,"{""configured_bookmakers"": ""Bet365,Unibet"", ""entitlement_fallback_used"": false, ""fetched_at_utc"": ""2026-10-06T07:34:53.445749+00:00"", ""market_integrity"": ""safe_match_market"", ""odds_api_io"": true, ""odds_api_io_account"": ""account1"", ""raw_market_name"": ""ml"", ""requested_bookmakers"": ""Bet365,Unibet""}",1
soccer|shandong taishan b|shenzhen 2028|2026-10-06,h2h|shandong taishan b||,odds_api_io,Bet365,h2h,Shandong Taishan B,2.875,2026-10-06T07:34:53.445749+00:00,,,,"{""configured_bookmakers"": ""Bet365,Unibet"", ""entitlement_fallback_used"": false, ""fetched_at_utc"": ""2026-10-06T07:34:53.445749+00:00"", ""market_integrity"": ""safe_match_market"", ""odds_api_io"": true, ""odds_api_io_account"": ""account1"", ""raw_market_name"": ""ml"", ""requested_bookmakers"": ""Bet365,Unibet""}",1
soccer|shandong taishan b|shenzhen 2028|2026-10-06,dnb|shenzhen 2028 fc||,odds_api_io,Bet365,dnb,Shenzhen 2028 FC,1.615,2026-10-06T07:34:53.445749+00:00,,,,"{""configured_bookmakers"": ""Bet365,Unibet"", ""entitlement_fallback_used"": false, ""fetched_at_utc"": ""2026-10-06T07:34:53.445749+00:00"", ""market_integrity"": ""safe_match_market"", ""odds_api_io"": true, ""odds_api_io_account"": ""account1"", ""raw_market_name"": ""draw no bet"", ""requested_bookmakers"": ""Bet365,Unibet""}",1
soccer|shandong taishan b|shenzhen 2028|2026-10-06,dnb|shandong taishan b||,odds_api_io,Bet365,dnb,Shandong Taishan B,2.2,2026-10-06T07:34:53.445749+00:00,,,,"{""configured_bookmakers"": ""Bet365,Unibet"", ""entitlement_fallback_used"": false, ""fetched_at_utc"": ""2026-10-06T07:34:53.445749+00:00"", ""market_integrity"": ""safe_match_market"", ""odds_api_io"": true, ""odds_api_io_account"": ""account1"", ""raw_market_name"": ""draw no bet"", ""requested_bookmakers"": ""Bet365,Unibet""}",1
soccer|shandong taishan b|shenzhen 2028|2026-10-06,spreads|shenzhen 2028 fc|-0.25|home,odds_api_io,Bet365,spreads,Shenzhen 2028 FC,1.975,2026-10-06T07:34:53.445749+00:00,-0.25,home,,"{""configured_bookmakers"": ""Bet365,Unibet"", ""entitlement_fallback_used"": false, ""fetched_at_utc"": ""2026-10-06T07:34:53.445749+00:00"", ""market_integrity"": ""safe_match_market"", ""odds_api_io"": true, ""odds_api_io_account"": ""account1"", ""raw_market_name"": ""spread"", ""requested_bookmakers"": ""Bet365,Unibet""}",1
soccer|shandong taishan b|shenzhen 2028|2026-10-06,spreads|shandong taishan b|0.25|away,odds_api_io,Bet365,spreads,Shandong Taishan B,1.825,2026-10-06T07:34:53.445749+00:00,0.25,away,,"{""configured_bookmakers"": ""Bet365,Unibet"", ""entitlement_fallback_used"": false, ""fetched_at_utc"": ""2026-10-06T07:34:53.445749+00:00"", ""market_integrity"": ""safe_match_market"", ""odds_api_io"": true, ""odds_api_io_account"": ""account1"", ""raw_market_name"": ""spread"", ""requested_bookmakers"": ""Bet365,Unibet""}",1
soccer|shandong taishan b|shenzhen 2028|2026-10-06,totals|over|2.50|,odds_api_io,Bet365,totals,Over,1.9,2026-10-06T07:34:53.445749+00:00,2.5,,,"{""configured_bookmakers"": ""Bet365,Unibet"", ""entitlement_fallback_used"": false, ""fetched_at_utc"": ""2026-10-06T07:34:53.445749+00:00"", ""market_integrity"": ""safe_match_market"", ""odds_api_io"": true, ""odds_api_io_account"": ""account1"", ""raw_market_name"": ""totals"", ""requested_bookmakers"": ""Bet365,Unibet""}",1
soccer|shandong taishan b|shenzhen 2028|2026-10-06,totals|under|2.50|,odds_api_io,Bet365,totals,Under,1.9,2026-10-06T07:34:53.445749+00:00,2.5,,,"{""configured_bookmakers"": ""Bet365,Unibet"", ""entitlement_fallback_used"": false, ""fetched_at_utc"": ""2026-10-06T07:34:53.445749+00:00"", ""market_integrity"": ""safe_match_market"", ""odds_api_io"": true, ""odds_api_io_account"": ""account1"", ""raw_market_name"": ""totals"", ""requested_bookmakers"": ""Bet365,Unibet""}",1
soccer|shandong taishan b|shenzhen 2028|2026-10-06,h2h|shenzhen 2028 fc||,odds_api_io,Unibet,h2h,Shenzhen 2028 FC,2.07,2026-10-06T07:34:53.445749+00:00,,,,"{""configured_bookmakers"": ""Bet365,Unibet"", ""entitlement_fallback_used"": false, ""fetched_at_utc"": ""2026-10-06T07:34:53.445749+00:00"", ""market_integrity"": ""safe_match_market"", ""odds_api_io"": true, ""odds_api_io_account"": ""account1"", ""raw_market_name"": ""ml"", ""requested_bookmakers"": ""Bet365,Unibet""}",1
soccer|shandong taishan b|shenzhen 2028|2026-10-06,h2h|draw||,odds_api_io,Unibet,h2h,Draw,3.05,2026-10-06T07:34:53.445749+00:00,,,,"{""configured_bookmakers"": ""Bet365,Unibet"", ""entitlement_fallback_used"": false, ""fetched_at_utc"": ""2026-10-06T07:34:53.445749+00:00"", ""market_integrity"": ""safe_match_market"", ""odds_api_io"": true, ""odds_api_io_account"": ""account1"", ""raw_market_name"": ""ml"", ""requested_bookmakers"": ""Bet365,Unibet""}",1
soccer|shandong taishan b|shenzhen 2028|2026-10-06,h2h|shandong taishan b||,odds_api_io,Unibet,h2h,Shandong Taishan B,3.25,2026-10-06T07:34:53.445749+00:00,,,,"{""configured_bookmakers"": ""Bet365,Unibet"", ""entitlement_fallback_used"": false, ""fetched_at_utc"": ""2026-10-06T07:34:53.445749+00:00"", ""market_integrity"": ""safe_match_market"", ""odds_api_io"": true, ""odds_api_io_account"": ""account1"", ""raw_market_name"": ""ml"", ""requested_bookmakers"": ""Bet365,Unibet""}",1
soccer|shandong taishan b|shenzhen 2028|2026-10-06,dnb|shenzhen 2028 fc||,odds_api_io,Unibet,dnb,Shenzhen 2028 FC,1.47,2026-10-06T07:34:53.445749+00:00,,,,"{""configured_bookmakers"": ""Bet365,Unibet"", ""entitlement_fallback_used"": false, ""fetched_at_utc"": ""2026-10-06T07:34:53.445749+00:00"", ""market_integrity"": ""safe_match_market"", ""odds_api_io"": true, ""odds_api_io_account"": ""account1"", ""raw_market_name"": ""draw no bet"", ""requested_bookmakers"": ""Bet365,Unibet""}",1
soccer|shandong taishan b|shenzhen 2028|2026-10-06,dnb|shandong taishan b||,odds_api_io,Unibet,dnb,Shandong Taishan B,2.28,2026-10-06T07:34:53.445749+00:00,,,,"{""configured_bookmakers"": ""Bet365,Unibet"", ""entitlement_fallback_used"": false, ""fetched_at_utc"": ""2026-10-06T07:34:53.445749+00:00"", ""market_integrity"": ""safe_match_market"", ""odds_api_io"": true, ""odds_api_io_account"": ""account1"", ""raw_market_name"": ""draw no bet"", ""requested_bookmakers"": ""Bet365,Unibet""}",1
soccer|shandong taishan b|shenzhen 2028|2026-10-06,totals|over|1.50|,odds_api_io,Unibet,totals,Over,1.33,2026-10-06T07:34:53.445749+00:00,1.5,,,"{""configured_bookmakers"": ""Bet365,Unibet"", ""entitlement_fallback_used"": false, ""fetched_at_utc"": ""2026-10-06T07:34:53.445749+00:00"", ""market_integrity"": ""safe_match_market"", ""odds_api_io"": true, ""odds_api_io_account"": ""account1"", ""raw_market_name"": ""totals"", ""requested_bookmakers"": ""Bet365,Unibet""}",1
soccer|shandong taishan b|shenzhen 2028|2026-10-06,totals|under|1.50|,odds_api_io,Unibet,totals,Under,2.85,2026-10-06T07:34:53.445749+00:00,1.5,,,"{""configured_bookmakers"": ""Bet365,Unibet"", ""entitlement_fallback_used"": false, ""fetched_at_utc"": ""2026-10-06T07:34:53.445749+00:00"", ""market_integrity"": ""safe_match_market"", ""odds_api_io"": true, ""odds_api_io_account"": ""account1"", ""raw_market_name"": ""totals"", ""requested_bookmakers"": ""Bet365,Unibet""}",1
soccer|shandong taishan b|shenzhen 2028|2026-10-06,totals|over|2.50|,odds_api_io,Unibet,totals,Over,2.06,2026-10-06T07:34:53.445749+00:00,2.5,,,"{""configured_bookmakers"": ""Bet365,Unibet"", ""entitlement_fallback_used"": false, ""fetched_at_utc"": ""2026-10-06T07:34:53.445749+00:00"", ""market_integrity"": ""safe_match_market"", ""odds_api_io"": true, ""odds_api_io_account"": ""account1"", ""raw_market_name"": ""totals"", ""requested_bookmakers"": ""Bet365,Unibet""}",1
soccer|shandong taishan b|shenzhen 2028|2026-10-06,totals|under|2.50|,odds_api_io,Unibet,totals,Under,1.62,2026-10-06T07:34:53.445749+00:00,2.5,,,"{""configured_bookmakers"": ""Bet365,Unibet"", ""entitlement_fallback_used"": false, ""fetched_at_utc"": ""2026-10-06T07:34:53.445749+00:00"", ""market_integrity"": ""safe_match_market"", ""odds_api_io"": true, ""odds_api_io_account"": ""account1"", ""raw_market_name"": ""totals"", ""requested_bookmakers"": ""Bet365,Unibet""}",1
soccer|shandong taishan b|shenzhen 2028|2026-10-06,totals|over|3.50|,odds_api_io,Unibet,totals,Over,3.6,2026-10-06T07:34:53.445749+00:00,3.5,,,"{""configured_bookmakers"": ""Bet365,Unibet"", ""entitlement_fallback_used"": false, ""fetched_at_utc"": ""2026-10-06T07:34:53.445749+00:00"", ""market_integrity"": ""safe_match_market"", ""odds_api_io"": true, ""odds_api_io_account"": ""account1"", ""raw_market_name"": ""totals"", ""requested_bookmakers"": ""Bet365,Unibet""}",1
soccer|shandong taishan b|shenzhen 2028|2026-10-06,totals|under|3.50|,odds_api_io,Unibet,totals,Under,1.21,2026-10-06T07:34:53.445749+00:00,3.5,,,"{""configured_bookmakers"": ""Bet365,Unibet"", ""entitlement_fallback_used"": false, ""fetched_at_utc"": ""2026-10-06T07:34:53.445749+00:00"", ""market_integrity"": ""safe_match_market"", ""odds_api_io"": true, ""odds_api_io_account"": ""account1"", ""raw_market_name"": ""totals"", ""requested_bookmakers"": ""Bet365,Unibet""}",1
soccer|shandong taishan b|shenzhen 2028|2026-10-06,btts|yes||,odds_api_io,Unibet,btts,Yes,1.83,2026-10-06T07:34:53.445749+00:00,,,,"{""configured_bookmakers"": ""Bet365,Unibet"", ""entitlement_fallback_used"": false, ""fetched_at_utc"": ""2026-10-06T07:34:53.445749+00:00"", ""market_integrity"": ""safe_match_market"", ""odds_api_io"": true, ""odds_api_io_account"": ""account1"", ""raw_market_name"": ""both teams to score"", ""requested_bookmakers"": ""Bet365,Unibet""}",1
soccer|shandong taishan b|shenzhen 2028|2026-10-06,btts|no||,odds_api_io,Unibet,btts,No,1.84,2026-10-06T07:34:53.445749+00:00,,,,"{""configured_bookmakers"": ""Bet365,Unibet"", ""entitlement_fallback_used"": false, ""fetched_at_utc"": ""2026-10-06T07:34:53.445749+00:00"", ""market_integrity"": ""safe_match_market"", ""odds_api_io"": true, ""odds_api_io_account"": ""account1"", ""raw_market_name"": ""both teams to score"", ""requested_bookmakers"": ""Bet365,Unibet""}",1
soccer|shandong taishan b|shenzhen 2028|2026-10-06,teamTotals|over|1.50|home,odds_api_io,Unibet,teamTotals,Over,2.16,2026-10-06T07:34:53.445749+00:00,1.5,home,,"{""configured_bookmakers"": ""Bet365,Unibet"", ""entitlement_fallback_used"": false, ""fetched_at_utc"": ""2026-10-06T07:34:53.445749+00:00"", ""market_integrity"": ""safe_match_market"", ""odds_api_io"": true, ""odds_api_io_account"": ""account1"", ""raw_market_name"": ""team total home"", ""requested_bookmakers"": ""Bet365,Unibet""}",1
soccer|shandong taishan b|shenzhen 2028|2026-10-06,teamTotals|under|1.50|home,odds_api_io,Unibet,teamTotals,Under,1.54,2026-10-06T07:34:53.445749+00:00,1.5,home,,"{""configured_bookmakers"": ""Bet365,Unibet"", ""entitlement_fallback_used"": false, ""fetched_at_utc"": ""2026-10-06T07:34:53.445749+00:00"", ""market_integrity"": ""safe_match_market"", ""odds_api_io"": true, ""odds_api_io_account"": ""account1"", ""raw_market_name"": ""team total home"", ""requested_bookmakers"": ""Bet365,Unibet""}",1
soccer|shandong taishan b|shenzhen 2028|2026-10-06,teamTotals|over|0.50|away,odds_api_io,Unibet,teamTotals,Over,1.42,2026-10-06T07:34:53.445749+00:00,0.5,away,,"{""configured_bookmakers"": ""Bet365,Unibet"", ""entitlement_fallback_used"": false, ""fetched_at_utc"": ""2026-10-06T07:34:53.445749+00:00"", ""market_integrity"": ""safe_match_market"", ""odds_api_io"": true, ""odds_api_io_account"": ""account1"", ""raw_market_name"": ""team total away"", ""requested_bookmakers"": ""Bet365,Unibet""}",1
soccer|shandong taishan b|shenzhen 2028|2026-10-06,teamTotals|under|0.50|away,odds_api_io,Unibet,teamTotals,Under,2.45,2026-10-06T07:34:53.445749+00:00,0.5,away,,"{""configured_bookmakers"": ""Bet365,Unibet"", ""entitlement_fallback_used"": false, ""fetched_at_utc"": ""2026-10-06T07:34:53.445749+00:00"", ""market_integrity"": ""safe_match_market"", ""odds_api_io"": true, ""odds_api_io_account"": ""account1"", ""raw_market_name"": ""team total away"", ""requested_bookmakers"": ""Bet365,Unibet""}",1
soccer|dalian yingbo b|guangdong mingtu|2026-10-06,h2h|guangdong mingtu||,odds_api_io,Bet365,h2h,Guangdong Mingtu,2.15,2026-10-06T07:34:53.445749+00:00,,,,"{""configured_bookmakers"": ""Bet365,Unibet"", ""entitlement_fallback_used"": false, ""fetched_at_utc"": ""2026-10-06T07:34:53.445749+00:00"", ""market_integrity"": ""safe_match_market"", ""odds_api_io"": true, ""odds_api_io_account"": ""account1"", ""raw_market_name"": ""ml"", ""requested_bookmakers"": ""Bet365,Unibet""}",1
soccer|dalian yingbo b|guangdong mingtu|2026-10-06,h2h|draw||,odds_api_io,Bet365,h2h,Draw,2.875,2026-10-06T07:34:53.445749+00:00,,,,"{""configured_bookmakers"": ""Bet365,Unibet"", ""entitlement_fallback_used"": false, ""fetched_at_utc"": ""2026-10-06T07:34:53.445749+00:00"", ""market_integrity"": ""safe_match_market"", ""odds_api_io"": true, ""odds_api_io_account"": ""account1"", ""raw_market_name"": ""ml"", ""requested_bookmakers"": ""Bet365,Unibet""}",1
soccer|dalian yingbo b|guangdong mingtu|2026-10-06,h2h|dalian yingbo b||,odds_api_io,Bet365,h2h,Dalian Yingbo B,3.25,2026-10-06T07:34:53.445749+00:00,,,,"{""configured_bookmakers"": ""Bet365,Unibet"", ""entitlement_fallback_used"": false, ""fetched_at_utc"": ""2026-10-06T07:34:53.445749+00:00"", ""market_integrity"": ""safe_match_market"", ""odds_api_io"": true, ""odds_api_io_account"": ""account1"", ""raw_market_name"": ""ml"", ""requested_bookmakers"": ""Bet365,Unibet""}",1
soccer|dalian yingbo b|guangdong mingtu|2026-10-06,dnb|guangdong mingtu||,odds_api_io,Bet365,dnb,Guangdong Mingtu,1.571,2026-10-06T07:34:53.445749+00:00,,,,"{""configured_bookmakers"": ""Bet365,Unibet"", ""entitlement_fallback_used"": false, ""fetched_at_utc"": ""2026-10-06T07:34:53.445749+00:00"", ""market_integrity"": ""safe_match_market"", ""odds_api_io"": true, ""odds_api_io_account"": ""account1"", ""raw_market_name"": ""draw no bet"", ""requested_bookmakers"": ""Bet365,Unibet""}",1
soccer|dalian yingbo b|guangdong mingtu|2026-10-06,dnb|dalian yingbo b||,odds_api_io,Bet365,dnb,Dalian Yingbo B,2.25,2026-10-06T07:34:53.445749+00:00,,,,"{""configured_bookmakers"": ""Bet365,Unibet"", ""entitlement_fallback_used"": false, ""fetched_at_utc"": ""2026-10-06T07:34:53.445749+00:00"", ""market_integrity"": ""safe_match_market"", ""odds_api_io"": true, ""odds_api_io_account"": ""account1"", ""raw_market_name"": ""draw no bet"", ""requested_bookmakers"": ""Bet365,Unibet""}",1
soccer|dalian yingbo b|guangdong mingtu|2026-10-06,spreads|guangdong mingtu|-0.25|home,odds_api_io,Bet365,spreads,Guangdong Mingtu,1.925,2026-10-06T07:34:53.445749+00:00,-0.25,home,,"{""configured_bookmakers"": ""Bet365,Unibet"", ""entitlement_fallback_used"": false, ""fetched_at_utc"": ""2026-10-06T07:34:53.445749+00:00"", ""market_integrity"": ""safe_match_market"", ""odds_api_io"": true, ""odds_api_io_account"": ""account1"", ""raw_market_name"": ""spread"", ""requested_bookmakers"": ""Bet365,Unibet""}",1
soccer|dalian yingbo b|guangdong mingtu|2026-10-06,spreads|dalian yingbo b|0.25|away,odds_api_io,Bet365,spreads,Dalian Yingbo B,1.875,2026-10-06T07:34:53.445749+00:00,0.25,away,,"{""configured_bookmakers"": ""Bet365,Unibet"", ""entitlement_fallback_used"": false, ""fetched_at_utc"": ""2026-10-06T07:34:53.445749+00:00"", ""market_integrity"": ""safe_match_market"", ""odds_api_io"": true, ""odds_api_io_account"": ""account1"", ""raw_market_name"": ""spread"", ""requested_bookmakers"": ""Bet365,Unibet""}",1
soccer|dalian yingbo b|guangdong mingtu|2026-10-06,totals|over|2.00|,odds_api_io,Bet365,totals,Over,2.0,2026-10-06T07:34:53.445749+00:00,2.0,,,"{""configured_bookmakers"": ""Bet365,Unibet"", ""entitlement_fallback_used"": false, ""fetched_at_utc"": ""2026-10-06T07:34:53.445749+00:00"", ""market_integrity"": ""safe_match_market"", ""odds_api_io"": true, ""odds_api_io_account"": ""account1"", ""raw_market_name"": ""totals"", ""requested_bookmakers"": ""Bet365,Unibet""}",1
soccer|dalian yingbo b|guangdong mingtu|2026-10-06,totals|under|2.00|,odds_api_io,Bet365,totals,Under,1.8,2026-10-06T07:34:53.445749+00:00,2.0,,,"{""configured_bookmakers"": ""Bet365,Unibet"", ""entitlement_fallback_used"": false, ""fetched_at_utc"": ""2026-10-06T07:34:53.445749+00:00"", ""market_integrity"": ""safe_match_market"", ""odds_api_io"": true, ""odds_api_io_account"": ""account1"", ""raw_market_name"": ""totals"", ""requested_bookmakers"": ""Bet365,Unibet""}",1
soccer|dalian yingbo b|guangdong mingtu|2026-10-06,totals|over|2.50|,odds_api_io,Bet365,totals,Over,2.625,2026-10-06T07:34:53.445749+00:00,2.5,,,"{""configured_bookmakers"": ""Bet365,Unibet"", ""entitlement_fallback_used"": false, ""fetched_at_utc"": ""2026-10-06T07:34:53.445749+00:00"", ""market_integrity"": ""safe_match_market"", ""odds_api_io"": true, ""odds_api_io_account"": ""account1"", ""raw_market_name"": ""goals over/under"", ""requested_bookmakers"": ""Bet365,Unibet""}",1
soccer|dalian yingbo b|guangdong mingtu|2026-10-06,totals|under|2.50|,odds_api_io,Bet365,totals,Under,1.444,2026-10-06T07:34:53.445749+00:00,2.5,,,"{""configured_bookmakers"": ""Bet365,Unibet"", ""entitlement_fallback_used"": false, ""fetched_at_utc"": ""2026-10-06T07:34:53.445749+00:00"", ""market_integrity"": ""safe_match_market"", ""odds_api_io"": true, ""odds_api_io_account"": ""account1"", ""raw_market_name"": ""goals over/under"", ""requested_bookmakers"": ""Bet365,Unibet""}",1
soccer|dalian yingbo b|guangdong mingtu|2026-10-06,h2h|guangdong mingtu||,odds_api_io,Unibet,h2h,Guangdong Mingtu,2.12,2026-10-06T07:34:53.445749+00:00,,,,"{""configured_bookmakers"": ""Bet365,Unibet"", ""entitlement_fallback_used"": false, ""fetched_at_utc"": ""2026-10-06T07:34:53.445749+00:00"", ""market_integrity"": ""safe_match_market"", ""odds_api_io"": true, ""odds_api_io_account"": ""account1"", ""raw_market_name"": ""ml"", ""requested_bookmakers"": ""Bet365,Unibet""}",1
soccer|dalian yingbo b|guangdong mingtu|2026-10-06,h2h|draw||,odds_api_io,Unibet,h2h,Draw,3.0,2026-10-06T07:34:53.445749+00:00,,,,"{""configured_bookmakers"": ""Bet365,Unibet"", ""entitlement_fallback_used"": false, ""fetched_at_utc"": ""2026-10-06T07:34:53.445749+00:00"", ""market_integrity"": ""safe_match_market"", ""odds_api_io"": true, ""odds_api_io_account"": ""account1"", ""raw_market_name"": ""ml"", ""requested_bookmakers"": ""Bet365,Unibet""}",1
soccer|dalian yingbo b|guangdong mingtu|2026-10-06,h2h|dalian yingbo b||,odds_api_io,Unibet,h2h,Dalian Yingbo B,3.15,2026-10-06T07:34:53.445749+00:00,,,,"{""configured_bookmakers"": ""Bet365,Unibet"", ""entitlement_fallback_used"": false, ""fetched_at_utc"": ""2026-10-06T07:34:53.445749+00:00"", ""market_integrity"": ""safe_match_market"", ""odds_api_io"": true, ""odds_api_io_account"": ""account1"", ""raw_market_name"": ""ml"", ""requested_bookmakers"": ""Bet365,Unibet""}",1
soccer|dalian yingbo b|guangdong mingtu|2026-10-06,dnb|guangdong mingtu||,odds_api_io,Unibet,dnb,Guangdong Mingtu,1.5,2026-10-06T07:34:53.445749+00:00,,,,"{""configured_bookmakers"": ""Bet365,Unibet"", ""entitlement_fallback_used"": false, ""fetched_at_utc"": ""2026-10-06T07:34:53.445749+00:00"", ""market_integrity"": ""safe_match_market"", ""odds_api_io"": true, ""odds_api_io_account"": ""account1"", ""raw_market_name"": ""draw no bet"", ""requested_bookmakers"": ""Bet365,Unibet""}",1
soccer|dalian yingbo b|guangdong mingtu|2026-10-06,dnb|dalian yingbo b||,odds_api_io,Unibet,dnb,Dalian Yingbo B,2.23,2026-10-06T07:34:53.445749+00:00,,,,"{""configured_bookmakers"": ""Bet365,Unibet"", ""entitlement_fallback_used"": false, ""fetched_at_utc"": ""2026-10-06T07:34:53.445749+00:00"", ""market_integrity"": ""safe_match_market"", ""odds_api_io"": true, ""odds_api_io_account"": ""account1"", ""raw_market_name"": ""draw no bet"", ""requested_bookmakers"": ""Bet365,Unibet""}",1
soccer|dalian yingbo b|guangdong mingtu|2026-10-06,totals|over|1.50|,odds_api_io,Unibet,totals,Over,1.38,2026-10-06T07:34:53.445749+00:00,1.5,,,"{""configured_bookmakers"": ""Bet365,Unibet"", ""entitlement_fallback_used"": false, ""fetched_at_utc"": ""2026-10-06T07:34:53.445749+00:00"", ""market_integrity"": ""safe_match_market"", ""odds_api_io"": true, ""odds_api_io_account"": ""account1"", ""raw_market_name"": ""totals"", ""requested_bookmakers"": ""Bet365,Unibet""}",1
soccer|dalian yingbo b|guangdong mingtu|2026-10-06,totals|under|1.50|,odds_api_io,Unibet,totals,Under,2.65,2026-10-06T07:34:53.445749+00:00,1.5,,,"{""configured_bookmakers"": ""Bet365,Unibet"", ""entitlement_fallback_used"": false, ""fetched_at_utc"": ""2026-10-06T07:34:53.445749+00:00"", ""market_integrity"": ""safe_match_market"", ""odds_api_io"": true, ""odds_api_io_account"": ""account1"", ""raw_market_name"": ""totals"", ""requested_bookmakers"": ""Bet365,Unibet""}",1
soccer|dalian yingbo b|guangdong mingtu|2026-10-06,totals|over|2.50|,odds_api_io,Unibet,totals,Over,2.18,2026-10-06T07:34:53.445749+00:00,2.5,,,"{""configured_bookmakers"": ""Bet365,Unibet"", ""entitlement_fallback_used"": false, ""fetched_at_utc"": ""2026-10-06T07:34:53.445749+00:00"", ""market_integrity"": ""safe_match_market"", ""odds_api_io"": true, ""odds_api_io_account"": ""account1"", ""raw_market_name"": ""totals"", ""requested_bookmakers"": ""Bet365,Unibet""}",1
soccer|dalian yingbo b|guangdong mingtu|2026-10-06,totals|under|2.50|,odds_api_io,Unibet,totals,Under,1.55,2026-10-06T07:34:53.445749+00:00,2.5,,,"{""configured_bookmakers"": ""Bet365,Unibet"", ""entitlement_fallback_used"": false, ""fetched_at_utc"": ""2026-10-06T07:34:53.445749+00:00"", ""market_integrity"": ""safe_match_market"", ""odds_api_io"": true, ""odds_api_io_account"": ""account1"", ""raw_market_name"": ""totals"", ""requested_bookmakers"": ""Bet365,Unibet""}",1
soccer|dalian yingbo b|guangdong mingtu|2026-10-06,totals|over|3.50|,odds_api_io,Unibet,totals,Over,3.85,2026-10-06T07:34:53.445749+00:00,3.5,,,"{""configured_bookmakers"": ""Bet365,Unibet"", ""entitlement_fallback_used"": false, ""fetched_at_utc"": ""2026-10-06T07:34:53.445749+00:00"", ""market_integrity"": ""safe_match_market"", ""odds_api_io"": true, ""odds_api_io_account"": ""account1"", ""raw_market_name"": ""totals"", ""requested_bookmakers"": ""Bet365,Unibet""}",1
soccer|dalian yingbo b|guangdong mingtu|2026-10-06,totals|under|3.50|,odds_api_io,Unibet,totals,Under,1.19,2026-10-06T07:34:53.445749+00:00,3.5,,,"{""configured_bookmakers"": ""Bet365,Unibet"", ""entitlement_fallback_used"": false, ""fetched_at_utc"": ""2026-10-06T07:34:53.445749+00:00"", ""market_integrity"": ""safe_match_market"", ""odds_api_io"": true, ""odds_api_io_account"": ""account1"", ""raw_market_name"": ""totals"", ""requested_bookmakers"": ""Bet365,Unibet""}",1
soccer|dalian yingbo b|guangdong mingtu|2026-10-06,btts|yes||,odds_api_io,Unibet,btts,Yes,1.91,2026-10-06T07:34:53.445749+00:00,,,,"{""configured_bookmakers"": ""Bet365,Unibet"", ""entitlement_fallback_used"": false, ""fetched_at_utc"": ""2026-10-06T07:34:53.445749+00:00"", ""market_integrity"": ""safe_match_market"", ""odds_api_io"": true, ""odds_api_io_account"": ""account1"", ""raw_market_name"": ""both teams to score"", ""requested_bookmakers"": ""Bet365,Unibet""}",1
soccer|dalian yingbo b|guangdong mingtu|2026-10-06,btts|no||,odds_api_io,Unibet,btts,No,1.76,2026-10-06T07:34:53.445749+00:00,,,,"{""configured_bookmakers"": ""Bet365,Unibet"", ""entitlement_fallback_used"": false, ""fetched_at_utc"": ""2026-10-06T07:34:53.445749+00:00"", ""market_integrity"": ""safe_match_market"", ""odds_api_io"": true, ""odds_api_io_account"": ""account1"", ""raw_market_name"": ""both teams to score"", ""requested_bookmakers"": ""Bet365,Unibet""}",1
soccer|dalian yingbo b|guangdong mingtu|2026-10-06,teamTotals|over|1.50|home,odds_api_io,Unibet,teamTotals,Over,2.3,2026-10-06T07:34:53.445749+00:00,1.5,home,,"{""configured_bookmakers"": ""Bet365,Unibet"", ""entitlement_fallback_used"": false, ""fetched_at_utc"": ""2026-10-06T07:34:53.445749+00:00"", ""market_integrity"": ""safe_match_market"", ""odds_api_io"": true, ""odds_api_io_account"": ""account1"", ""raw_market_name"": ""team total home"", ""requested_bookmakers"": ""Bet365,Unibet""}",1
soccer|dalian yingbo b|guangdong mingtu|2026-10-06,teamTotals|under|1.50|home,odds_api_io,Unibet,teamTotals,Under,1.47,2026-10-06T07:34:53.445749+00:00,1.5,home,,"{""configured_bookmakers"": ""Bet365,Unibet"", ""entitlement_fallback_used"": false, ""fetched_at_utc"": ""2026-10-06T07:34:53.445749+00:00"", ""market_integrity"": ""safe_match_market"", ""odds_api_io"": true, ""odds_api_io_account"": ""account1"", ""raw_market_name"": ""team total home"", ""requested_bookmakers"": ""Bet365,Unibet""}",1
soccer|dalian yingbo b|guangdong mingtu|2026-10-06,teamTotals|over|0.50|away,odds_api_io,Unibet,teamTotals,Over,1.44,2026-10-06T07:34:53.445749+00:00,0.5,away,,"{""configured_bookmakers"": ""Bet365,Unibet"", ""entitlement_fallback_used"": false, ""fetched_at_utc"": ""2026-10-06T07:34:53.445749+00:00"", ""market_integrity"": ""safe_match_market"", ""odds_api_io"": true, ""odds_api_io_account"": ""account1"", ""raw_market_name"": ""team total away"", ""requested_bookmakers"": ""Bet365,Unibet""}",1
soccer|dalian yingbo b|guangdong mingtu|2026-10-06,teamTotals|under|0.50|away,odds_api_io,Unibet,teamTotals,Under,2.38,2026-10-06T07:34:53.445749+00:00,0.5,away,,"{""configured_bookmakers"": ""Bet365,Unibet"", ""entitlement_fallback_used"": false, ""fetched_at_utc"": ""2026-10-06T07:34:53.445749+00:00"", ""market_integrity"": ""safe_match_market"", ""odds_api_io"": true, ""odds_api_io_account"": ""account1"", ""raw_market_name"": ""team total away"", ""requested_bookmakers"": ""Bet365,Unibet""}",1
soccer|guizhou guiyang athletic|shanghai port b|2026-10-06,h2h|guizhou guiyang athletic||,odds_api_io,Bet365,h2h,Guizhou Guiyang Athletic,1.9,2026-10-06T07:34:53.445749+00:00,,,,"{""configured_bookmakers"": ""Bet365,Unibet"", ""entitlement_fallback_used"": false, ""fetched_at_utc"": ""2026-10-06T07:34:53.445749+00:00"", ""market_integrity"": ""safe_match_market"", ""odds_api_io"": true, ""odds_api_io_account"": ""account1"", ""raw_market_name"": ""ml"", ""requested_bookmakers"": ""Bet365,Unibet""}",1
soccer|guizhou guiyang athletic|shanghai port b|2026-10-06,h2h|draw||,odds_api_io,Bet365,h2h,Draw,3.1,2026-10-06T07:34:53.445749+00:00,,,,"{""configured_bookmakers"": ""Bet365,Unibet"", ""entitlement_fallback_used"": false, ""fetched_at_utc"": ""2026-10-06T07:34:53.445749+00:00"", ""market_integrity"": ""safe_match_market"", ""odds_api_io"": true, ""odds_api_io_account"": ""account1"", ""raw_market_name"": ""ml"", ""requested_bookmakers"": ""Bet365,Unibet""}",1
soccer|guizhou guiyang athletic|shanghai port b|2026-10-06,h2h|shanghai port b||,odds_api_io,Bet365,h2h,Shanghai Port B,3.9,2026-10-06T07:34:53.445749+00:00,,,,"{""configured_bookmakers"": ""Bet365,Unibet"", ""entitlement_fallback_used"": false, ""fetched_at_utc"": ""2026-10-06T07:34:53.445749+00:00"", ""market_integrity"": ""safe_match_market"", ""odds_api_io"": true, ""odds_api_io_account"": ""account1"", ""raw_market_name"": ""ml"", ""requested_bookmakers"": ""Bet365,Unibet""}",1
soccer|guizhou guiyang athletic|shanghai port b|2026-10-06,dnb|guizhou guiyang athletic||,odds_api_io,Bet365,dnb,Guizhou Guiyang Athletic,1.363,2026-10-06T07:34:53.445749+00:00,,,,"{""configured_bookmakers"": ""Bet365,Unibet"", ""entitlement_fallback_used"": false, ""fetched_at_utc"": ""2026-10-06T07:34:53.445749+00:00"", ""market_integrity"": ""safe_match_market"", ""odds_api_io"": true, ""odds_api_io_account"": ""account1"", ""raw_market_name"": ""draw no bet"", ""requested_bookmakers"": ""Bet365,Unibet""}",1
soccer|guizhou guiyang athletic|shanghai port b|2026-10-06,dnb|shanghai port b||,odds_api_io,Bet365,dnb,Shanghai Port B,3.0,2026-10-06T07:34:53.445749+00:00,,,,"{""configured_bookmakers"": ""Bet365,Unibet"", ""entitlement_fallback_used"": false, ""fetched_at_utc"": ""2026-10-06T07:34:53.445749+00:00"", ""market_integrity"": ""safe_match_market"", ""odds_api_io"": true, ""odds_api_io_account"": ""account1"", ""raw_market_name"": ""draw no bet"", ""requested_bookmakers"": ""Bet365,Unibet""}",1
soccer|guizhou guiyang athletic|shanghai port b|2026-10-06,spreads|guizhou guiyang athletic|-0.50|home,odds_api_io,Bet365,spreads,Guizhou Guiyang Athletic,1.95,2026-10-06T07:34:53.445749+00:00,-0.5,home,,"{""configured_bookmakers"": ""Bet365,Unibet"", ""entitlement_fallback_used"": false, ""fetched_at_utc"": ""2026-10-06T07:34:53.445749+00:00"", ""market_integrity"": ""safe_match_market"", ""odds_api_io"": true, ""odds_api_io_account"": ""account1"", ""raw_market_name"": ""spread"", ""requested_bookmakers"": ""Bet365,Unibet""}",1
soccer|guizhou guiyang athletic|shanghai port b|2026-10-06,spreads|shanghai port b|0.50|away,odds_api_io,Bet365,spreads,Shanghai Port B,1.85,2026-10-06T07:34:53.445749+00:00,0.5,away,,"{""configured_bookmakers"": ""Bet365,Unibet"", ""entitlement_fallback_used"": false, ""fetched_at_utc"": ""2026-10-06T07:34:53.445749+00:00"", ""market_integrity"": ""safe_match_market"", ""odds_api_io"": true, ""odds_api_io_account"": ""account1"", ""raw_market_name"": ""spread"", ""requested_bookmakers"": ""Bet365,Unibet""}",1
soccer|guizhou guiyang athletic|shanghai port b|2026-10-06,totals|over|2.00|,odds_api_io,Bet365,totals,Over,1.8,2026-10-06T07:34:53.445749+00:00,2.0,,,"{""configured_bookmakers"": ""Bet365,Unibet"", ""entitlement_fallback_used"": false, ""fetched_at_utc"": ""2026-10-06T07:34:53.445749+00:00"", ""market_integrity"": ""safe_match_market"", ""odds_api_io"": true, ""odds_api_io_account"": ""account1"", ""raw_market_name"": ""totals"", ""requested_bookmakers"": ""Bet365,Unibet""}",1
soccer|guizhou guiyang athletic|shanghai port b|2026-10-06,totals|under|2.00|,odds_api_io,Bet365,totals,Under,2.0,2026-10-06T07:34:53.445749+00:00,2.0,,,"{""configured_bookmakers"": ""Bet365,Unibet"", ""entitlement_fallback_used"": false, ""fetched_at_utc"": ""2026-10-06T07:34:53.445749+00:00"", ""market_integrity"": ""safe_match_market"", ""odds_api_io"": true, ""odds_api_io_account"": ""account1"", ""raw_market_name"": ""totals"", ""requested_bookmakers"": ""Bet365,Unibet""}",1
soccer|guizhou guiyang athletic|shanghai port b|2026-10-06,totals|over|2.50|,odds_api_io,Bet365,totals,Over,2.375,2026-10-06T07:34:53.445749+00:00,2.5,,,"{""configured_bookmakers"": ""Bet365,Unibet"", ""entitlement_fallback_used"": false, ""fetched_at_utc"": ""2026-10-06T07:34:53.445749+00:00"", ""market_integrity"": ""safe_match_market"", ""odds_api_io"": true, ""odds_api_io_account"": ""account1"", ""raw_market_name"": ""goals over/under"", ""requested_bookmakers"": ""Bet365,Unibet""}",1
soccer|guizhou guiyang athletic|shanghai port b|2026-10-06,totals|under|2.50|,odds_api_io,Bet365,totals,Under,1.533,2026-10-06T07:34:53.445749+00:00,2.5,,,"{""configured_bookmakers"": ""Bet365,Unibet"", ""entitlement_fallback_used"": false, ""fetched_at_utc"": ""2026-10-06T07:34:53.445749+00:00"", ""market_integrity"": ""safe_match_market"", ""odds_api_io"": true, ""odds_api_io_account"": ""account1"", ""raw_market_name"": ""goals over/under"", ""requested_bookmakers"": ""Bet365,Unibet""}",1
soccer|guizhou guiyang athletic|shanghai port b|2026-10-06,h2h|guizhou guiyang athletic||,odds_api_io,Unibet,h2h,Guizhou Guiyang Athletic,1.89,2026-10-06T07:34:53.445749+00:00,,,,"{""configured_bookmakers"": ""Bet365,Unibet"", ""entitlement_fallback_used"": false, ""fetched_at_utc"": ""2026-10-06T07:34:53.445749+00:00"", ""market_integrity"": ""safe_match_market"", ""odds_api_io"": true, ""odds_api_io_account"": ""account1"", ""raw_market_name"": ""ml"", ""requested_bookmakers"": ""Bet365,Unibet""}",1
soccer|guizhou guiyang athletic|shanghai port b|2026-10-06,h2h|draw||,odds_api_io,Unibet,h2h,Draw,3.05,2026-10-06T07:34:53.445749+00:00,,,,"{""configured_bookmakers"": ""Bet365,Unibet"", ""entitlement_fallback_used"": false, ""fetched_at_utc"": ""2026-10-06T07:34:53.445749+00:00"", ""market_integrity"": ""safe_match_market"", ""odds_api_io"": true, ""odds_api_io_account"": ""account1"", ""raw_market_name"": ""ml"", ""requested_bookmakers"": ""Bet365,Unibet""}",1
soccer|guizhou guiyang athletic|shanghai port b|2026-10-06,h2h|shanghai port b||,odds_api_io,Unibet,h2h,Shanghai Port B,3.8,2026-10-06T07:34:53.445749+00:00,,,,"{""configured_bookmakers"": ""Bet365,Unibet"", ""entitlement_fallback_used"": false, ""fetched_at_utc"": ""2026-10-06T07:34:53.445749+00:00"", ""market_integrity"": ""safe_match_market"", ""odds_api_io"": true, ""odds_api_io_account"": ""account1"", ""raw_market_name"": ""ml"", ""requested_bookmakers"": ""Bet365,Unibet""}",1
soccer|guizhou guiyang athletic|shanghai port b|2026-10-06,dnb|guizhou guiyang athletic||,odds_api_io,Unibet,dnb,Guizhou Guiyang Athletic,1.35,2026-10-06T07:34:53.445749+00:00,,,,"{""configured_bookmakers"": ""Bet365,Unibet"", ""entitlement_fallback_used"": false, ""fetched_at_utc"": ""2026-10-06T07:34:53.445749+00:00"", ""market_integrity"": ""safe_match_market"", ""odds_api_io"": true, ""odds_api_io_account"": ""account1"", ""raw_market_name"": ""draw no bet"", ""requested_bookmakers"": ""Bet365,Unibet""}",1
soccer|guizhou guiyang athletic|shanghai port b|2026-10-06,dnb|shanghai port b||,odds_api_io,Unibet,dnb,Shanghai Port B,2.7,2026-10-06T07:34:53.445749+00:00,,,,"{""configured_bookmakers"": ""Bet365,Unibet"", ""entitlement_fallback_used"": false, ""fetched_at_utc"": ""2026-10-06T07:34:53.445749+00:00"", ""market_integrity"": ""safe_match_market"", ""odds_api_io"": true, ""odds_api_io_account"": ""account1"", ""raw_market_name"": ""draw no bet"", ""requested_bookmakers"": ""Bet365,Unibet""}",1
soccer|guizhou guiyang athletic|shanghai port b|2026-10-06,totals|over|1.50|,odds_api_io,Unibet,totals,Over,1.44,2026-10-06T07:34:53.445749+00:00,1.5,,,"{""configured_bookmakers"": ""Bet365,Unibet"", ""entitlement_fallback_used"": false, ""fetched_at_utc"": ""2026-10-06T07:34:53.445749+00:00"", ""market_integrity"": ""safe_match_market"", ""odds_api_io"": true, ""odds_api_io_account"": ""account1"", ""raw_market_name"": ""totals"", ""requested_bookmakers"": ""Bet365,Unibet""}",1
soccer|guizhou guiyang athletic|shanghai port b|2026-10-06,totals|under|1.50|,odds_api_io,Unibet,totals,Under,2.45,2026-10-06T07:34:53.445749+00:00,1.5,,,"{""configured_bookmakers"": ""Bet365,Unibet"", ""entitlement_fallback_used"": false, ""fetched_at_utc"": ""2026-10-06T07:34:53.445749+00:00"", ""market_integrity"": ""safe_match_market"", ""odds_api_io"": true, ""odds_api_io_account"": ""account1"", ""raw_market_name"": ""totals"", ""requested_bookmakers"": ""Bet365,Unibet""}",1
soccer|guizhou guiyang athletic|shanghai port b|2026-10-06,totals|over|2.50|,odds_api_io,Unibet,totals,Over,2.35,2026-10-06T07:34:53.445749+00:00,2.5,,,"{""configured_bookmakers"": ""Bet365,Unibet"", ""entitlement_fallback_used"": false, ""fetched_at_utc"": ""2026-10-06T07:34:53.445749+00:00"", ""market_integrity"": ""safe_match_market"", ""odds_api_io"": true, ""odds_api_io_account"": ""account1"", ""raw_market_name"": ""totals"", ""requested_bookmakers"": ""Bet365,Unibet""}",1
soccer|guizhou guiyang athletic|shanghai port b|2026-10-06,totals|under|2.50|,odds_api_io,Unibet,totals,Under,1.48,2026-10-06T07:34:53.445749+00:00,2.5,,,"{""configured_bookmakers"": ""Bet365,Unibet"", ""entitlement_fallback_used"": false, ""fetched_at_utc"": ""2026-10-06T07:34:53.445749+00:00"", ""market_integrity"": ""safe_match_market"", ""odds_api_io"": true, ""odds_api_io_account"": ""account1"", ""raw_market_name"": ""totals"", ""requested_bookmakers"": ""Bet365,Unibet""}",1
soccer|guizhou guiyang athletic|shanghai port b|2026-10-06,btts|yes||,odds_api_io,Unibet,btts,Yes,2.08,2026-10-06T07:34:53.445749+00:00,,,,"{""configured_bookmakers"": ""Bet365,Unibet"", ""entitlement_fallback_used"": false, ""fetched_at_utc"": ""2026-10-06T07:34:53.445749+00:00"", ""market_integrity"": ""safe_match_market"", ""odds_api_io"": true, ""odds_api_io_account"": ""account1"", ""raw_market_name"": ""both teams to score"", ""requested_bookmakers"": ""Bet365,Unibet""}",1
soccer|guizhou guiyang athletic|shanghai port b|2026-10-06,btts|no||,odds_api_io,Unibet,btts,No,1.64,2026-10-06T07:34:53.445749+00:00,,,,"{""configured_bookmakers"": ""Bet365,Unibet"", ""entitlement_fallback_used"": false, ""fetched_at_utc"": ""2026-10-06T07:34:53.445749+00:00"", ""market_integrity"": ""safe_match_market"", ""odds_api_io"": true, ""odds_api_io_account"": ""account1"", ""raw_market_name"": ""both teams to score"", ""requested_bookmakers"": ""Bet365,Unibet""}",1
soccer|guizhou guiyang athletic|shanghai port b|2026-10-06,teamTotals|over|1.50|home,odds_api_io,Unibet,teamTotals,Over,2.2,2026-10-06T07:34:53.445749+00:00,1.5,home,,"{""configured_bookmakers"": ""Bet365,Unibet"", ""entitlement_fallback_used"": false, ""fetched_at_utc"": ""2026-10-06T07:34:53.445749+00:00"", ""market_integrity"": ""safe_match_market"", ""odds_api_io"": true, ""odds_api_io_account"": ""account1"", ""raw_market_name"": ""team total home"", ""requested_bookmakers"": ""Bet365,Unibet""}",1
soccer|guizhou guiyang athletic|shanghai port b|2026-10-06,teamTotals|under|1.50|home,odds_api_io,Unibet,teamTotals,Under,1.5,2026-10-06T07:34:53.445749+00:00,1.5,home,,"{""configured_bookmakers"": ""Bet365,Unibet"", ""entitlement_fallback_used"": false, ""fetched_at_utc"": ""2026-10-06T07:34:53.445749+00:00"", ""market_integrity"": ""safe_match_market"", ""odds_api_io"": true, ""odds_api_io_account"": ""account1"", ""raw_market_name"": ""team total home"", ""requested_bookmakers"": ""Bet365,Unibet""}",1
soccer|guizhou guiyang athletic|shanghai port b|2026-10-06,teamTotals|over|0.50|away,odds_api_io,Unibet,teamTotals,Over,1.6,2026-10-06T07:34:53.445749+00:00,0.5,away,,"{""configured_bookmakers"": ""Bet365,Unibet"", ""entitlement_fallback_used"": false, ""fetched_at_utc"": ""2026-10-06T07:34:53.445749+00:00"", ""market_integrity"": ""safe_match_market"", ""odds_api_io"": true, ""odds_api_io_account"": ""account1"", ""raw_market_name"": ""team total away"", ""requested_bookmakers"": ""Bet365,Unibet""}",1
soccer|guizhou guiyang athletic|shanghai port b|2026-10-06,teamTotals|under|0.50|away,odds_api_io,Unibet,teamTotals,Under,2.04,2026-10-06T07:34:53.445749+00:00,0.5,away,,"{""configured_bookmakers"": ""Bet365,Unibet"", ""entitlement_fallback_used"": false, ""fetched_at_utc"": ""2026-10-06T07:34:53.445749+00:00"", ""market_integrity"": ""safe_match_market"", ""odds_api_io"": true, ""odds_api_io_account"": ""account1"", ""raw_market_name"": ""team total away"", ""requested_bookmakers"": ""Bet365,Unibet""}",1
soccer|hangzhou linping wuyue|shanxi chongde ronghai|2026-10-06,h2h|hangzhou linping wuyue||,odds_api_io,Bet365,h2h,Hangzhou Linping Wuyue,3.6,2026-10-06T07:34:53.445749+00:00,,,,"{""configured_bookmakers"": ""Bet365,Unibet"", ""entitlement_fallback_used"": false, ""fetched_at_utc"": ""2026-10-06T07:34:53.445749+00:00"", ""market_integrity"": ""safe_match_market"", ""odds_api_io"": true, ""odds_api_io_account"": ""account1"", ""raw_market_name"": ""ml"", ""requested_bookmakers"": ""Bet365,Unibet""}",1
soccer|hangzhou linping wuyue|shanxi chongde ronghai|2026-10-06,h2h|draw||,odds_api_io,Bet365,h2h,Draw,2.9,2026-10-06T07:34:53.445749+00:00,,,,"{""configured_bookmakers"": ""Bet365,Unibet"", ""entitlement_fallback_used"": false, ""fetched_at_utc"": ""2026-10-06T07:34:53.445749+00:00"", ""market_integrity"": ""safe_match_market"", ""odds_api_io"": true, ""odds_api_io_account"": ""account1"", ""raw_market_name"": ""ml"", ""requested_bookmakers"": ""Bet365,Unibet""}",1
soccer|hangzhou linping wuyue|shanxi chongde ronghai|2026-10-06,h2h|shanxi chongde ronghai||,odds_api_io,Bet365,h2h,Shanxi Chongde Ronghai,2.0,2026-10-06T07:34:53.445749+00:00,,,,"{""configured_bookmakers"": ""Bet365,Unibet"", ""entitlement_fallback_used"": false, ""fetched_at_utc"": ""2026-10-06T07:34:53.445749+00:00"", ""market_integrity"": ""safe_match_market"", ""odds_api_io"": true, ""odds_api_io_account"": ""account1"", ""raw_market_name"": ""ml"", ""requested_bookmakers"": ""Bet365,Unibet""}",1
soccer|hangzhou linping wuyue|shanxi chongde ronghai|2026-10-06,dnb|hangzhou linping wuyue||,odds_api_io,Bet365,dnb,Hangzhou Linping Wuyue,2.625,2026-10-06T07:34:53.445749+00:00,,,,"{""configured_bookmakers"": ""Bet365,Unibet"", ""entitlement_fallback_used"": false, ""fetched_at_utc"": ""2026-10-06T07:34:53.445749+00:00"", ""market_integrity"": ""safe_match_market"", ""odds_api_io"": true, ""odds_api_io_account"": ""account1"", ""raw_market_name"": ""draw no bet"", ""requested_bookmakers"": ""Bet365,Unibet""}",1
soccer|hangzhou linping wuyue|shanxi chongde ronghai|2026-10-06,dnb|shanxi chongde ronghai||,odds_api_io,Bet365,dnb,Shanxi Chongde Ronghai,1.444,2026-10-06T07:34:53.445749+00:00,,,,"{""configured_bookmakers"": ""Bet365,Unibet"", ""entitlement_fallback_used"": false, ""fetched_at_utc"": ""2026-10-06T07:34:53.445749+00:00"", ""market_integrity"": ""safe_match_market"", ""odds_api_io"": true, ""odds_api_io_account"": ""account1"", ""raw_market_name"": ""draw no bet"", ""requested_bookmakers"": ""Bet365,Unibet""}",1
soccer|hangzhou linping wuyue|shanxi chongde ronghai|2026-10-06,spreads|hangzhou linping wuyue|0.25|home,odds_api_io,Bet365,spreads,Hangzhou Linping Wuyue,2.025,2026-10-06T07:34:53.445749+00:00,0.25,home,,"{""configured_bookmakers"": ""Bet365,Unibet"", ""entitlement_fallback_used"": false, ""fetched_at_utc"": ""2026-10-06T07:34:53.445749+00:00"", ""market_integrity"": ""safe_match_market"", ""odds_api_io"": true, ""odds_api_io_account"": ""account1"", ""raw_market_name"": ""spread"", ""requested_bookmakers"": ""Bet365,Unibet""}",1
soccer|hangzhou linping wuyue|shanxi chongde ronghai|2026-10-06,spreads|shanxi chongde ronghai|-0.25|away,odds_api_io,Bet365,spreads,Shanxi Chongde Ronghai,1.775,2026-10-06T07:34:53.445749+00:00,-0.25,away,,"{""configured_bookmakers"": ""Bet365,Unibet"", ""entitlement_fallback_used"": false, ""fetched_at_utc"": ""2026-10-06T07:34:53.445749+00:00"", ""market_integrity"": ""safe_match_market"", ""odds_api_io"": true, ""odds_api_io_account"": ""account1"", ""raw_market_name"": ""spread"", ""requested_bookmakers"": ""Bet365,Unibet""}",1
soccer|hangzhou linping wuyue|shanxi chongde ronghai|2026-10-06,totals|over|2.00|,odds_api_io,Bet365,totals,Over,1.9,2026-10-06T07:34:53.445749+00:00,2.0,,,"{""configured_bookmakers"": ""Bet365,Unibet"", ""entitlement_fallback_used"": false, ""fetched_at_utc"": ""2026-10-06T07:34:53.445749+00:00"", ""market_integrity"": ""safe_match_market"", ""odds_api_io"": true, ""odds_api_io_account"": ""account1"", ""raw_market_name"": ""totals"", ""requested_bookmakers"": ""Bet365,Unibet""}",1
soccer|hangzhou linping wuyue|shanxi chongde ronghai|2026-10-06,totals|under|2.00|,odds_api_io,Bet365,totals,Under,1.9,2026-10-06T07:34:53.445749+00:00,2.0,,,"{""configured_bookmakers"": ""Bet365,Unibet"", ""entitlement_fallback_used"": false, ""fetched_at_utc"": ""2026-10-06T07:34:53.445749+00:00"", ""market_integrity"": ""safe_match_market"", ""odds_api_io"": true, ""odds_api_io_account"": ""account1"", ""raw_market_name"": ""totals"", ""requested_bookmakers"": ""Bet365,Unibet""}",1
soccer|hangzhou linping wuyue|shanxi chongde ronghai|2026-10-06,totals|over|2.50|,odds_api_io,Bet365,totals,Over,2.5,2026-10-06T07:34:53.445749+00:00,2.5,,,"{""configured_bookmakers"": ""Bet365,Unibet"", ""entitlement_fallback_used"": false, ""fetched_at_utc"": ""2026-10-06T07:34:53.445749+00:00"", ""market_integrity"": ""safe_match_market"", ""odds_api_io"": true, ""odds_api_io_account"": ""account1"", ""raw_market_name"": ""goals over/under"", ""requested_bookmakers"": ""Bet365,Unibet""}",1
soccer|hangzhou linping wuyue|shanxi chongde ronghai|2026-10-06,totals|under|2.50|,odds_api_io,Bet365,totals,Under,1.5,2026-10-06T07:34:53.445749+00:00,2.5,,,"{""configured_bookmakers"": ""Bet365,Unibet"", ""entitlement_fallback_used"": false, ""fetched_at_utc"": ""2026-10-06T07:34:53.445749+00:00"", ""market_integrity"": ""safe_match_market"", ""odds_api_io"": true, ""odds_api_io_account"": ""account1"", ""raw_market_name"": ""goals over/under"", ""requested_bookmakers"": ""Bet365,Unibet""}",1
soccer|coventry city|queens park rangers|2026-10-06,h2h|queens park rangers u21||,odds_api_io,Bet365,h2h,Queens Park Rangers U21,2.0,2026-10-06T07:34:53.445749+00:00,,,,"{""configured_bookmakers"": ""Bet365,Unibet"", ""entitlement_fallback_used"": false, ""fetched_at_utc"": ""2026-10-06T07:34:53.445749+00:00"", ""market_integrity"": ""safe_match_market"", ""odds_api_io"": true, ""odds_api_io_account"": ""account1"", ""raw_market_name"": ""ml"", ""requested_bookmakers"": ""Bet365,Unibet""}",1
soccer|coventry city|queens park rangers|2026-10-06,h2h|draw||,odds_api_io,Bet365,h2h,Draw,4.333,2026-10-06T07:34:53.445749+00:00,,,,"{""configured_bookmakers"": ""Bet365,Unibet"", ""entitlement_fallback_used"": false, ""fetched_at_utc"": ""2026-10-06T07:34:53.445749+00:00"", ""market_integrity"": ""safe_match_market"", ""odds_api_io"": true, ""odds_api_io_account"": ""account1"", ""raw_market_name"": ""ml"", ""requested_bookmakers"": ""Bet365,Unibet""}",1
soccer|coventry city|queens park rangers|2026-10-06,h2h|coventry city u21||,odds_api_io,Bet365,h2h,Coventry City U21,2.625,2026-10-06T07:34:53.445749+00:00,,,,"{""configured_bookmakers"": ""Bet365,Unibet"", ""entitlement_fallback_used"": false, ""fetched_at_utc"": ""2026-10-06T07:34:53.445749+00:00"", ""market_integrity"": ""safe_match_market"", ""odds_api_io"": true, ""odds_api_io_account"": ""account1"", ""raw_market_name"": ""ml"", ""requested_bookmakers"": ""Bet365,Unibet""}",1
soccer|coventry city|queens park rangers|2026-10-06,dnb|queens park rangers u21||,odds_api_io,Bet365,dnb,Queens Park Rangers U21,1.615,2026-10-06T07:34:53.445749+00:00,,,,"{""configured_bookmakers"": ""Bet365,Unibet"", ""entitlement_fallback_used"": false, ""fetched_at_utc"": ""2026-10-06T07:34:53.445749+00:00"", ""market_integrity"": ""safe_match_market"", ""odds_api_io"": true, ""odds_api_io_account"": ""account1"", ""raw_market_name"": ""draw no bet"", ""requested_bookmakers"": ""Bet365,Unibet""}",1
soccer|coventry city|queens park rangers|2026-10-06,dnb|coventry city u21||,odds_api_io,Bet365,dnb,Coventry City U21,2.2,2026-10-06T07:34:53.445749+00:00,,,,"{""configured_bookmakers"": ""Bet365,Unibet"", ""entitlement_fallback_used"": false, ""fetched_at_utc"": ""2026-10-06T07:34:53.445749+00:00"", ""market_integrity"": ""safe_match_market"", ""odds_api_io"": true, ""odds_api_io_account"": ""account1"", ""raw_market_name"": ""draw no bet"", ""requested_bookmakers"": ""Bet365,Unibet""}",1
soccer|coventry city|queens park rangers|2026-10-06,spreads|queens park rangers u21|-0.50|home,odds_api_io,Bet365,spreads,Queens Park Rangers U21,1.95,2026-10-06T07:34:53.445749+00:00,-0.5,home,,"{""configured_bookmakers"": ""Bet365,Unibet"", ""entitlement_fallback_used"": false, ""fetched_at_utc"": ""2026-10-06T07:34:53.445749+00:00"", ""market_integrity"": ""safe_match_market"", ""odds_api_io"": true, ""odds_api_io_account"": ""account1"", ""raw_market_name"": ""spread"", ""requested_bookmakers"": ""Bet365,Unibet""}",1
soccer|coventry city|queens park rangers|2026-10-06,spreads|coventry city u21|0.50|away,odds_api_io,Bet365,spreads,Coventry City U21,1.85,2026-10-06T07:34:53.445749+00:00,0.5,away,,"{""configured_bookmakers"": ""Bet365,Unibet"", ""entitlement_fallback_used"": false, ""fetched_at_utc"": ""2026-10-06T07:34:53.445749+00:00"", ""market_integrity"": ""safe_match_market"", ""odds_api_io"": true, ""odds_api_io_account"": ""account1"", ""raw_market_name"": ""spread"", ""requested_bookmakers"": ""Bet365,Unibet""}",1
soccer|coventry city|queens park rangers|2026-10-06,totals|over|4.00|,odds_api_io,Bet365,totals,Over,1.975,2026-10-06T07:34:53.445749+00:00,4.0,,,"{""configured_bookmakers"": ""Bet365,Unibet"", ""entitlement_fallback_used"": false, ""fetched_at_utc"": ""2026-10-06T07:34:53.445749+00:00"", ""market_integrity"": ""safe_match_market"", ""odds_api_io"": true, ""odds_api_io_account"": ""account1"", ""raw_market_name"": ""totals"", ""requested_bookmakers"": ""Bet365,Unibet""}",1
soccer|coventry city|queens park rangers|2026-10-06,totals|under|4.00|,odds_api_io,Bet365,totals,Under,1.825,2026-10-06T07:34:53.445749+00:00,4.0,,,"{""configured_bookmakers"": ""Bet365,Unibet"", ""entitlement_fallback_used"": false, ""fetched_at_utc"": ""2026-10-06T07:34:53.445749+00:00"", ""market_integrity"": ""safe_match_market"", ""odds_api_io"": true, ""odds_api_io_account"": ""account1"", ""raw_market_name"": ""totals"", ""requested_bookmakers"": ""Bet365,Unibet""}",1
soccer|coventry city|queens park rangers|2026-10-06,totals|over|2.50|,odds_api_io,Bet365,totals,Over,1.25,2026-10-06T07:34:53.445749+00:00,2.5,,,"{""configured_bookmakers"": ""Bet365,Unibet"", ""entitlement_fallback_used"": false, ""fetched_at_utc"": ""2026-10-06T07:34:53.445749+00:00"", ""market_integrity"": ""safe_match_market"", ""odds_api_io"": true, ""odds_api_io_account"": ""account1"", ""raw_market_name"": ""goals over/under"", ""requested_bookmakers"": ""Bet365,Unibet""}",1
soccer|coventry city|queens park rangers|2026-10-06,totals|under|2.50|,odds_api_io,Bet365,totals,Under,3.75,2026-10-06T07:34:53.445749+00:00,2.5,,,"{""configured_bookmakers"": ""Bet365,Unibet"", ""entitlement_fallback_used"": false, ""fetched_at_utc"": ""2026-10-06T07:34:53.445749+00:00"", ""market_integrity"": ""safe_match_market"", ""odds_api_io"": true, ""odds_api_io_account"": ""account1"", ""raw_market_name"": ""goals over/under"", ""requested_bookmakers"": ""Bet365,Unibet""}",1
soccer|china pr|tajikistan|2026-10-06,h2h|china pr||,odds_api_io,Bet365,h2h,China PR,1.8,2026-10-06T07:34:53.445749+00:00,,,,"{""configured_bookmakers"": ""Bet365,Unibet"", ""entitlement_fallback_used"": false, ""fetched_at_utc"": ""2026-10-06T07:34:53.445749+00:00"", ""market_integrity"": ""safe_match_market"", ""odds_api_io"": true, ""odds_api_io_account"": ""account1"", ""raw_market_name"": ""ml"", ""requested_bookmakers"": ""Bet365,Unibet""}",1
soccer|china pr|tajikistan|2026-10-06,h2h|draw||,odds_api_io,Bet365,h2h,Draw,3.4,2026-10-06T07:34:53.445749+00:00,,,,"{""configured_bookmakers"": ""Bet365,Unibet"", ""entitlement_fallback_used"": false, ""fetched_at_utc"": ""2026-10-06T07:34:53.445749+00:00"", ""market_integrity"": ""safe_match_market"", ""odds_api_io"": true, ""odds_api_io_account"": ""account1"", ""raw_market_name"": ""ml"", ""requested_bookmakers"": ""Bet365,Unibet""}",1
soccer|china pr|tajikistan|2026-10-06,h2h|tajikistan||,odds_api_io,Bet365,h2h,Tajikistan,4.0,2026-10-06T07:34:53.445749+00:00,,,,"{""configured_bookmakers"": ""Bet365,Unibet"", ""entitlement_fallback_used"": false, ""fetched_at_utc"": ""2026-10-06T07:34:53.445749+00:00"", ""market_integrity"": ""safe_match_market"", ""odds_api_io"": true, ""odds_api_io_account"": ""account1"", ""raw_market_name"": ""ml"", ""requested_bookmakers"": ""Bet365,Unibet""}",1
soccer|china pr|tajikistan|2026-10-06,dnb|china pr||,odds_api_io,Bet365,dnb,China PR,1.3,2026-10-06T07:34:53.445749+00:00,,,,"{""configured_bookmakers"": ""Bet365,Unibet"", ""entitlement_fallback_used"": false, ""fetched_at_utc"": ""2026-10-06T07:34:53.445749+00:00"", ""market_integrity"": ""safe_match_market"", ""odds_api_io"": true, ""odds_api_io_account"": ""account1"", ""raw_market_name"": ""draw no bet"", ""requested_bookmakers"": ""Bet365,Unibet""}",1
soccer|china pr|tajikistan|2026-10-06,dnb|tajikistan||,odds_api_io,Bet365,dnb,Tajikistan,3.4,2026-10-06T07:34:53.445749+00:00,,,,"{""configured_bookmakers"": ""Bet365,Unibet"", ""entitlement_fallback_used"": false, ""fetched_at_utc"": ""2026-10-06T07:34:53.445749+00:00"", ""market_integrity"": ""safe_match_market"", ""odds_api_io"": true, ""odds_api_io_account"": ""account1"", ""raw_market_name"": ""draw no bet"", ""requested_bookmakers"": ""Bet365,Unibet""}",1
soccer|china pr|tajikistan|2026-10-06,spreads|china pr|-2.50|home,odds_api_io,Bet365,spreads,China PR,6.6,2026-10-06T07:34:53.445749+00:00,-2.5,home,,"{""configured_bookmakers"": ""Bet365,Unibet"", ""entitlement_fallback_used"": false, ""fetched_at_utc"": ""2026-10-06T07:34:53.445749+00:00"", ""market_integrity"": ""safe_match_market"", ""odds_api_io"": true, ""odds_api_io_account"": ""account1"", ""raw_market_name"": ""spread"", ""requested_bookmakers"": ""Bet365,Unibet""}",1
soccer|china pr|tajikistan|2026-10-06,spreads|tajikistan|2.50|away,odds_api_io,Bet365,spreads,Tajikistan,1.11,2026-10-06T07:34:53.445749+00:00,2.5,away,,"{""configured_bookmakers"": ""Bet365,Unibet"", ""entitlement_fallback_used"": false, ""fetched_at_utc"": ""2026-10-06T07:34:53.445749+00:00"", ""market_integrity"": ""safe_match_market"", ""odds_api_io"": true, ""odds_api_io_account"": ""account1"", ""raw_market_name"": ""spread"", ""requested_bookmakers"": ""Bet365,Unibet""}",1
soccer|china pr|tajikistan|2026-10-06,spreads|china pr|-2.25|home,odds_api_io,Bet365,spreads,China PR,6.0,2026-10-06T07:34:53.445749+00:00,-2.25,home,,"{""configured_bookmakers"": ""Bet365,Unibet"", ""entitlement_fallback_used"": false, ""fetched_at_utc"": ""2026-10-06T07:34:53.445749+00:00"", ""market_integrity"": ""safe_match_market"", ""odds_api_io"": true, ""odds_api_io_account"": ""account1"", ""raw_market_name"": ""spread"", ""requested_bookmakers"": ""Bet365,Unibet""}",1
soccer|china pr|tajikistan|2026-10-06,spreads|tajikistan|2.25|away,odds_api_io,Bet365,spreads,Tajikistan,1.125,2026-10-06T07:34:53.445749+00:00,2.25,away,,"{""configured_bookmakers"": ""Bet365,Unibet"", ""entitlement_fallback_used"": false, ""fetched_at_utc"": ""2026-10-06T07:34:53.445749+00:00"", ""market_integrity"": ""safe_match_market"", ""odds_api_io"": true, ""odds_api_io_account"": ""account1"", ""raw_market_name"": ""spread"", ""requested_bookmakers"": ""Bet365,Unibet""}",1
soccer|china pr|tajikistan|2026-10-06,spreads|china pr|-2.00|home,odds_api_io,Bet365,spreads,China PR,5.75,2026-10-06T07:34:53.445749+00:00,-2.0,home,,"{""configured_bookmakers"": ""Bet365,Unibet"", ""entitlement_fallback_used"": false, ""fetched_at_utc"": ""2026-10-06T07:34:53.445749+00:00"", ""market_integrity"": ""safe_match_market"", ""odds_api_io"": true, ""odds_api_io_account"": ""account1"", ""raw_market_name"": ""spread"", ""requested_bookmakers"": ""Bet365,Unibet""}",1
soccer|china pr|tajikistan|2026-10-06,spreads|tajikistan|2.00|away,odds_api_io,Bet365,spreads,Tajikistan,1.14,2026-10-06T07:34:53.445749+00:00,2.0,away,,"{""configured_bookmakers"": ""Bet365,Unibet"", ""entitlement_fallback_used"": false, ""fetched_at_utc"": ""2026-10-06T07:34:53.445749+00:00"", ""market_integrity"": ""safe_match_market"", ""odds_api_io"": true, ""odds_api_io_account"": ""account1"", ""raw_market_name"": ""spread"", ""requested_bookmakers"": ""Bet365,Unibet""}",1
soccer|china pr|tajikistan|2026-10-06,spreads|china pr|-1.75|home,odds_api_io,Bet365,spreads,China PR,3.9,2026-10-06T07:34:53.445749+00:00,-1.75,home,,"{""configured_bookmakers"": ""Bet365,Unibet"", ""entitlement_fallback_used"": false, ""fetched_at_utc"": ""2026-10-06T07:34:53.445749+00:00"", ""market_integrity"": ""safe_match_market"", ""odds_api_io"": true, ""odds_api_io_account"": ""account1"", ""raw_market_name"": ""spread"", ""requested_bookmakers"": ""Bet365,Unibet""}",1
soccer|china pr|tajikistan|2026-10-06,spreads|tajikistan|1.75|away,odds_api_io,Bet365,spreads,Tajikistan,1.24,2026-10-06T07:34:53.445749+00:00,1.75,away,,"{""configured_bookmakers"": ""Bet365,Unibet"", ""entitlement_fallback_used"": false, ""fetched_at_utc"": ""2026-10-06T07:34:53.445749+00:00"", ""market_integrity"": ""safe_match_market"", ""odds_api_io"": true, ""odds_api_io_account"": ""account1"", ""raw_market_name"": ""spread"", ""requested_bookmakers"": ""Bet365,Unibet""}",1
soccer|china pr|tajikistan|2026-10-06,spreads|china pr|-1.50|home,odds_api_io,Bet365,spreads,China PR,3.1,2026-10-06T07:34:53.445749+00:00,-1.5,home,,"{""configured_bookmakers"": ""Bet365,Unibet"", ""entitlement_fallback_used"": false, ""fetched_at_utc"": ""2026-10-06T07:34:53.445749+00:00"", ""market_integrity"": ""safe_match_market"", ""odds_api_io"": true, ""odds_api_io_account"": ""account1"", ""raw_market_name"": ""spread"", ""requested_bookmakers"": ""Bet365,Unibet""}",1
soccer|china pr|tajikistan|2026-10-06,spreads|tajikistan|1.50|away,odds_api_io,Bet365,spreads,Tajikistan,1.35,2026-10-06T07:34:53.445749+00:00,1.5,away,,"{""configured_bookmakers"": ""Bet365,Unibet"", ""entitlement_fallback_used"": false, ""fetched_at_utc"": ""2026-10-06T07:34:53.445749+00:00"", ""market_integrity"": ""safe_match_market"", ""odds_api_io"": true, ""odds_api_io_account"": ""account1"", ""raw_market_name"": ""spread"", ""requested_bookmakers"": ""Bet365,Unibet""}",1
soccer|china pr|tajikistan|2026-10-06,spreads|china pr|-1.25|home,odds_api_io,Bet365,spreads,China PR,2.75,2026-10-06T07:34:53.445749+00:00,-1.25,home,,"{""configured_bookmakers"": ""Bet365,Unibet"", ""entitlement_fallback_used"": false, ""fetched_at_utc"": ""2026-10-06T07:34:53.445749+00:00"", ""market_integrity"": ""safe_match_market"", ""odds_api_io"": true, ""odds_api_io_account"": ""account1"", ""raw_market_name"": ""spread"", ""requested_bookmakers"": ""Bet365,Unibet""}",1
soccer|china pr|tajikistan|2026-10-06,spreads|tajikistan|1.25|away,odds_api_io,Bet365,spreads,Tajikistan,1.425,2026-10-06T07:34:53.445749+00:00,1.25,away,,"{""configured_bookmakers"": ""Bet365,Unibet"", ""entitlement_fallback_used"": false, ""fetched_at_utc"": ""2026-10-06T07:34:53.445749+00:00"", ""market_integrity"": ""safe_match_market"", ""odds_api_io"": true, ""odds_api_io_account"": ""account1"", ""raw_market_name"": ""spread"", ""requested_bookmakers"": ""Bet365,Unibet""}",1
soccer|china pr|tajikistan|2026-10-06,spreads|china pr|-1.00|home,odds_api_io,Bet365,spreads,China PR,2.375,2026-10-06T07:34:53.445749+00:00,-1.0,home,,"{""configured_bookmakers"": ""Bet365,Unibet"", ""entitlement_fallback_used"": false, ""fetched_at_utc"": ""2026-10-06T07:34:53.445749+00:00"", ""market_integrity"": ""safe_match_market"", ""odds_api_io"": true, ""odds_api_io_account"": ""account1"", ""raw_market_name"": ""spread"", ""requested_bookmakers"": ""Bet365,Unibet""}",1
soccer|china pr|tajikistan|2026-10-06,spreads|tajikistan|1.00|away,odds_api_io,Bet365,spreads,Tajikistan,1.55,2026-10-06T07:34:53.445749+00:00,1.0,away,,"{""configured_bookmakers"": ""Bet365,Unibet"", ""entitlement_fallback_used"": false, ""fetched_at_utc"": ""2026-10-06T07:34:53.445749+00:00"", ""market_integrity"": ""safe_match_market"", ""odds_api_io"": true, ""odds_api_io_account"": ""account1"", ""raw_market_name"": ""spread"", ""requested_bookmakers"": ""Bet365,Unibet""}",1
soccer|china pr|tajikistan|2026-10-06,spreads|china pr|-0.75|home,odds_api_io,Bet365,spreads,China PR,2.025,2026-10-06T07:34:53.445749+00:00,-0.75,home,,"{""configured_bookmakers"": ""Bet365,Unibet"", ""entitlement_fallback_used"": false, ""fetched_at_utc"": ""2026-10-06T07:34:53.445749+00:00"", ""market_integrity"": ""safe_match_market"", ""odds_api_io"": true, ""odds_api_io_account"": ""account1"", ""raw_market_name"": ""spread"", ""requested_bookmakers"": ""Bet365,Unibet""}",1
soccer|china pr|tajikistan|2026-10-06,spreads|tajikistan|0.75|away,odds_api_io,Bet365,spreads,Tajikistan,1.775,2026-10-06T07:34:53.445749+00:00,0.75,away,,"{""configured_bookmakers"": ""Bet365,Unibet"", ""entitlement_fallback_used"": false, ""fetched_at_utc"": ""2026-10-06T07:34:53.445749+00:00"", ""market_integrity"": ""safe_match_market"", ""odds_api_io"": true, ""odds_api_io_account"": ""account1"", ""raw_market_name"": ""spread"", ""requested_bookmakers"": ""Bet365,Unibet""}",1
soccer|china pr|tajikistan|2026-10-06,spreads|china pr|-0.50|home,odds_api_io,Bet365,spreads,China PR,1.75,2026-10-06T07:34:53.445749+00:00,-0.5,home,,"{""configured_bookmakers"": ""Bet365,Unibet"", ""entitlement_fallback_used"": false, ""fetched_at_utc"": ""2026-10-06T07:34:53.445749+00:00"", ""market_integrity"": ""safe_match_market"", ""odds_api_io"": true, ""odds_api_io_account"": ""account1"", ""raw_market_name"": ""spread"", ""requested_bookmakers"": ""Bet365,Unibet""}",1
soccer|china pr|tajikistan|2026-10-06,spreads|tajikistan|0.50|away,odds_api_io,Bet365,spreads,Tajikistan,2.05,2026-10-06T07:34:53.445749+00:00,0.5,away,,"{""configured_bookmakers"": ""Bet365,Unibet"", ""entitlement_fallback_used"": false, ""fetched_at_utc"": ""2026-10-06T07:34:53.445749+00:00"", ""market_integrity"": ""safe_match_market"", ""odds_api_io"": true, ""odds_api_io_account"": ""account1"", ""raw_market_name"": ""spread"", ""requested_bookmakers"": ""Bet365,Unibet""}",1
soccer|china pr|tajikistan|2026-10-06,spreads|china pr|-0.25|home,odds_api_io,Bet365,spreads,China PR,1.55,2026-10-06T07:34:53.445749+00:00,-0.25,home,,"{""configured_bookmakers"": ""Bet365,Unibet"", ""entitlement_fallback_used"": false, ""fetched_at_utc"": ""2026-10-06T07:34:53.445749+00:00"", ""market_integrity"": ""safe_match_market"", ""odds_api_io"": true, ""odds_api_io_account"": ""account1"", ""raw_market_name"": ""spread"", ""requested_bookmakers"": ""Bet365,Unibet""}",1
soccer|china pr|tajikistan|2026-10-06,spreads|tajikistan|0.25|away,odds_api_io,Bet365,spreads,Tajikistan,2.375,2026-10-06T07:34:53.445749+00:00,0.25,away,,"{""configured_bookmakers"": ""Bet365,Unibet"", ""entitlement_fallback_used"": false, ""fetched_at_utc"": ""2026-10-06T07:34:53.445749+00:00"", ""market_integrity"": ""safe_match_market"", ""odds_api_io"": true, ""odds_api_io_account"": ""account1"", ""raw_market_name"": ""spread"", ""requested_bookmakers"": ""Bet365,Unibet""}",1
soccer|china pr|tajikistan|2026-10-06,spreads|china pr||home,odds_api_io,Bet365,spreads,China PR,1.325,2026-10-06T07:34:53.445749+00:00,,home,,"{""configured_bookmakers"": ""Bet365,Unibet"", ""entitlement_fallback_used"": false, ""fetched_at_utc"": ""2026-10-06T07:34:53.445749+00:00"", ""market_integrity"": ""safe_match_market"", ""odds_api_io"": true, ""odds_api_io_account"": ""account1"", ""raw_market_name"": ""spread"", ""requested_bookmakers"": ""Bet365,Unibet""}",1
soccer|china pr|tajikistan|2026-10-06,spreads|tajikistan||away,odds_api_io,Bet365,spreads,Tajikistan,3.3,2026-10-06T07:34:53.445749+00:00,,away,,"{""configured_bookmakers"": ""Bet365,Unibet"", ""entitlement_fallback_used"": false, ""fetched_at_utc"": ""2026-10-06T07:34:53.445749+00:00"", ""market_integrity"": ""safe_match_market"", ""odds_api_io"": true, ""odds_api_io_account"": ""account1"", ""raw_market_name"": ""spread"", ""requested_bookmakers"": ""Bet365,Unibet""}",1
soccer|china pr|tajikistan|2026-10-06,spreads|china pr|0.25|home,odds_api_io,Bet365,spreads,China PR,1.26,2026-10-06T07:34:53.445749+00:00,0.25,home,,"{""configured_bookmakers"": ""Bet365,Unibet"", ""entitlement_fallback_used"": false, ""fetched_at_utc"": ""2026-10-06T07:34:53.445749+00:00"", ""market_integrity"": ""safe_match_market"", ""odds_api_io"": true, ""odds_api_io_account"": ""account1"", ""raw_market_name"": ""spread"", ""requested_bookmakers"": ""Bet365,Unibet""}",1
soccer|china pr|tajikistan|2026-10-06,spreads|tajikistan|-0.25|away,odds_api_io,Bet365,spreads,Tajikistan,3.7,2026-10-06T07:34:53.445749+00:00,-0.25,away,,"{""configured_bookmakers"": ""Bet365,Unibet"", ""entitlement_fallback_used"": false, ""fetched_at_utc"": ""2026-10-06T07:34:53.445749+00:00"", ""market_integrity"": ""safe_match_market"", ""odds_api_io"": true, ""odds_api_io_account"": ""account1"", ""raw_market_name"": ""spread"", ""requested_bookmakers"": ""Bet365,Unibet""}",1
soccer|china pr|tajikistan|2026-10-06,spreads|china pr|0.50|home,odds_api_io,Bet365,spreads,China PR,1.22,2026-10-06T07:34:53.445749+00:00,0.5,home,,"{""configured_bookmakers"": ""Bet365,Unibet"", ""entitlement_fallback_used"": false, ""fetched_at_utc"": ""2026-10-06T07:34:53.445749+00:00"", ""market_integrity"": ""safe_match_market"", ""odds_api_io"": true, ""odds_api_io_account"": ""account1"", ""raw_market_name"": ""spread"", ""requested_bookmakers"": ""Bet365,Unibet""}",1
soccer|china pr|tajikistan|2026-10-06,spreads|tajikistan|-0.50|away,odds_api_io,Bet365,spreads,Tajikistan,4.15,2026-10-06T07:34:53.445749+00:00,-0.5,away,,"{""configured_bookmakers"": ""Bet365,Unibet"", ""entitlement_fallback_used"": false, ""fetched_at_utc"": ""2026-10-06T07:34:53.445749+00:00"", ""market_integrity"": ""safe_match_market"", ""odds_api_io"": true, ""odds_api_io_account"": ""account1"", ""raw_market_name"": ""spread"", ""requested_bookmakers"": ""Bet365,Unibet""}",1
soccer|china pr|tajikistan|2026-10-06,spreads|china pr|0.75|home,odds_api_io,Bet365,spreads,China PR,1.14,2026-10-06T07:34:53.445749+00:00,0.75,home,,"{""configured_bookmakers"": ""Bet365,Unibet"", ""entitlement_fallback_used"": false, ""fetched_at_utc"": ""2026-10-06T07:34:53.445749+00:00"", ""market_integrity"": ""safe_match_market"", ""odds_api_io"": true, ""odds_api_io_account"": ""account1"", ""raw_market_name"": ""spread"", ""requested_bookmakers"": ""Bet365,Unibet""}",1
soccer|china pr|tajikistan|2026-10-06,spreads|tajikistan|-0.75|away,odds_api_io,Bet365,spreads,Tajikistan,5.75,2026-10-06T07:34:53.445749+00:00,-0.75,away,,"{""configured_bookmakers"": ""Bet365,Unibet"", ""entitlement_fallback_used"": false, ""fetched_at_utc"": ""2026-10-06T07:34:53.445749+00:00"", ""market_integrity"": ""safe_match_market"", ""odds_api_io"": true, ""odds_api_io_account"": ""account1"", ""raw_market_name"": ""spread"", ""requested_bookmakers"": ""Bet365,Unibet""}",1
soccer|china pr|tajikistan|2026-10-06,totals|over|0.50|,odds_api_io,Bet365,totals,Over,1.062,2026-10-06T07:34:53.445749+00:00,0.5,,,"{""configured_bookmakers"": ""Bet365,Unibet"", ""entitlement_fallback_used"": false, ""fetched_at_utc"": ""2026-10-06T07:34:53.445749+00:00"", ""market_integrity"": ""safe_match_market"", ""odds_api_io"": true, ""odds_api_io_account"": ""account1"", ""raw_market_name"": ""totals"", ""requested_bookmakers"": ""Bet365,Unibet""}",1
soccer|china pr|tajikistan|2026-10-06,totals|under|0.50|,odds_api_io,Bet365,totals,Under,10.0,2026-10-06T07:34:53.445749+00:00,0.5,,,"{""configured_bookmakers"": ""Bet365,Unibet"", ""entitlement_fallback_used"": false, ""fetched_at_utc"": ""2026-10-06T07:34:53.445749+00:00"", ""market_integrity"": ""safe_match_market"", ""odds_api_io"": true, ""odds_api_io_account"": ""account1"", ""raw_market_name"": ""totals"", ""requested_bookmakers"": ""Bet365,Unibet""}",1
soccer|china pr|tajikistan|2026-10-06,totals|over|1.25|,odds_api_io,Bet365,totals,Over,1.2,2026-10-06T07:34:53.445749+00:00,1.25,,,"{""configured_bookmakers"": ""Bet365,Unibet"", ""entitlement_fallback_used"": false, ""fetched_at_utc"": ""2026-10-06T07:34:53.445749+00:00"", ""market_integrity"": ""safe_match_market"", ""odds_api_io"": true, ""odds_api_io_account"": ""account1"", ""raw_market_name"": ""totals"", ""requested_bookmakers"": ""Bet365,Unibet""}",1
soccer|china pr|tajikistan|2026-10-06,totals|under|1.25|,odds_api_io,Bet365,totals,Under,4.4,2026-10-06T07:34:53.445749+00:00,1.25,,,"{""configured_bookmakers"": ""Bet365,Unibet"", ""entitlement_fallback_used"": false, ""fetched_at_utc"": ""2026-10-06T07:34:53.445749+00:00"", ""market_integrity"": ""safe_match_market"", ""odds_api_io"": true, ""odds_api_io_account"": ""account1"", ""raw_market_name"": ""totals"", ""requested_bookmakers"": ""Bet365,Unibet""}",1
soccer|china pr|tajikistan|2026-10-06,totals|over|1.50|,odds_api_io,Bet365,totals,Over,1.333,2026-10-06T07:34:53.445749+00:00,1.5,,,"{""configured_bookmakers"": ""Bet365,Unibet"", ""entitlement_fallback_used"": false, ""fetched_at_utc"": ""2026-10-06T07:34:53.445749+00:00"", ""market_integrity"": ""safe_match_market"", ""odds_api_io"": true, ""odds_api_io_account"": ""account1"", ""raw_market_name"": ""totals"", ""requested_bookmakers"": ""Bet365,Unibet""}",1
soccer|china pr|tajikistan|2026-10-06,totals|under|1.50|,odds_api_io,Bet365,totals,Under,3.25,2026-10-06T07:34:53.445749+00:00,1.5,,,"{""configured_bookmakers"": ""Bet365,Unibet"", ""entitlement_fallback_used"": false, ""fetched_at_utc"": ""2026-10-06T07:34:53.445749+00:00"", ""market_integrity"": ""safe_match_market"", ""odds_api_io"": true, ""odds_api_io_account"": ""account1"", ""raw_market_name"": ""totals"", ""requested_bookmakers"": ""Bet365,Unibet""}",1
soccer|china pr|tajikistan|2026-10-06,totals|over|1.75|,odds_api_io,Bet365,totals,Over,1.4,2026-10-06T07:34:53.445749+00:00,1.75,,,"{""configured_bookmakers"": ""Bet365,Unibet"", ""entitlement_fallback_used"": false, ""fetched_at_utc"": ""2026-10-06T07:34:53.445749+00:00"", ""market_integrity"": ""safe_match_market"", ""odds_api_io"": true, ""odds_api_io_account"": ""account1"", ""raw_market_name"": ""totals"", ""requested_bookmakers"": ""Bet365,Unibet""}",1
soccer|china pr|tajikistan|2026-10-06,totals|under|1.75|,odds_api_io,Bet365,totals,Under,2.85,2026-10-06T07:34:53.445749+00:00,1.75,,,"{""configured_bookmakers"": ""Bet365,Unibet"", ""entitlement_fallback_used"": false, ""fetched_at_utc"": ""2026-10-06T07:34:53.445749+00:00"", ""market_integrity"": ""safe_match_market"", ""odds_api_io"": true, ""odds_api_io_account"": ""account1"", ""raw_market_name"": ""totals"", ""requested_bookmakers"": ""Bet365,Unibet""}",1
soccer|china pr|tajikistan|2026-10-06,totals|over|2.00|,odds_api_io,Bet365,totals,Over,1.525,2026-10-06T07:34:53.445749+00:00,2.0,,,"{""configured_bookmakers"": ""Bet365,Unibet"", ""entitlement_fallback_used"": false, ""fetched_at_utc"": ""2026-10-06T07:34:53.445749+00:00"", ""market_integrity"": ""safe_match_market"", ""odds_api_io"": true, ""odds_api_io_account"": ""account1"", ""raw_market_name"": ""totals"", ""requested_bookmakers"": ""Bet365,Unibet""}",1
soccer|china pr|tajikistan|2026-10-06,totals|under|2.00|,odds_api_io,Bet365,totals,Under,2.425,2026-10-06T07:34:53.445749+00:00,2.0,,,"{""configured_bookmakers"": ""Bet365,Unibet"", ""entitlement_fallback_used"": false, ""fetched_at_utc"": ""2026-10-06T07:34:53.445749+00:00"", ""market_integrity"": ""safe_match_market"", ""odds_api_io"": true, ""odds_api_io_account"": ""account1"", ""raw_market_name"": ""totals"", ""requested_bookmakers"": ""Bet365,Unibet""}",1
soccer|china pr|tajikistan|2026-10-06,totals|over|2.25|,odds_api_io,Bet365,totals,Over,1.8,2026-10-06T07:34:53.445749+00:00,2.25,,,"{""configured_bookmakers"": ""Bet365,Unibet"", ""entitlement_fallback_used"": false, ""fetched_at_utc"": ""2026-10-06T07:34:53.445749+00:00"", ""market_integrity"": ""safe_match_market"", ""odds_api_io"": true, ""odds_api_io_account"": ""account1"", ""raw_market_name"": ""totals"", ""requested_bookmakers"": ""Bet365,Unibet""}",1
soccer|china pr|tajikistan|2026-10-06,totals|under|2.25|,odds_api_io,Bet365,totals,Under,2.0,2026-10-06T07:34:53.445749+00:00,2.25,,,"{""configured_bookmakers"": ""Bet365,Unibet"", ""entitlement_fallback_used"": false, ""fetched_at_utc"": ""2026-10-06T07:34:53.445749+00:00"", ""market_integrity"": ""safe_match_market"", ""odds_api_io"": true, ""odds_api_io_account"": ""account1"", ""raw_market_name"": ""totals"", ""requested_bookmakers"": ""Bet365,Unibet""}",1
soccer|china pr|tajikistan|2026-10-06,totals|over|2.50|,odds_api_io,Bet365,totals,Over,2.025,2026-10-06T07:34:53.445749+00:00,2.5,,,"{""configured_bookmakers"": ""Bet365,Unibet"", ""entitlement_fallback_used"": false, ""fetched_at_utc"": ""2026-10-06T07:34:53.445749+00:00"", ""market_integrity"": ""safe_match_market"", ""odds_api_io"": true, ""odds_api_io_account"": ""account1"", ""raw_market_name"": ""totals"", ""requested_bookmakers"": ""Bet365,Unibet""}",1
soccer|china pr|tajikistan|2026-10-06,totals|under|2.50|,odds_api_io,Bet365,totals,Under,1.775,2026-10-06T07:34:53.445749+00:00,2.5,,,"{""configured_bookmakers"": ""Bet365,Unibet"", ""entitlement_fallback_used"": false, ""fetched_at_utc"": ""2026-10-06T07:34:53.445749+00:00"", ""market_integrity"": ""safe_match_market"", ""odds_api_io"": true, ""odds_api_io_account"": ""account1"", ""raw_market_name"": ""totals"", ""requested_bookmakers"": ""Bet365,Unibet""}",1
soccer|china pr|tajikistan|2026-10-06,totals|over|2.75|,odds_api_io,Bet365,totals,Over,2.35,2026-10-06T07:34:53.445749+00:00,2.75,,,"{""configured_bookmakers"": ""Bet365,Unibet"", ""entitlement_fallback_used"": false, ""fetched_at_utc"": ""2026-10-06T07:34:53.445749+00:00"", ""market_integrity"": ""safe_match_market"", ""odds_api_io"": true, ""odds_api_io_account"": ""account1"", ""raw_market_name"": ""totals"", ""requested_bookmakers"": ""Bet365,Unibet""}",1
soccer|china pr|tajikistan|2026-10-06,totals|under|2.75|,odds_api_io,Bet365,totals,Under,1.575,2026-10-06T07:34:53.445749+00:00,2.75,,,"{""configured_bookmakers"": ""Bet365,Unibet"", ""entitlement_fallback_used"": false, ""fetched_at_utc"": ""2026-10-06T07:34:53.445749+00:00"", ""market_integrity"": ""safe_match_market"", ""odds_api_io"": true, ""odds_api_io_account"": ""account1"", ""raw_market_name"": ""totals"", ""requested_bookmakers"": ""Bet365,Unibet""}",1
soccer|china pr|tajikistan|2026-10-06,totals|over|3.00|,odds_api_io,Bet365,totals,Over,2.85,2026-10-06T07:34:53.445749+00:00,3.0,,,"{""configured_bookmakers"": ""Bet365,Unibet"", ""entitlement_fallback_used"": false, ""fetched_at_utc"": ""2026-10-06T07:34:53.445749+00:00"", ""market_integrity"": ""safe_match_market"", ""odds_api_io"": true, ""odds_api_io_account"": ""account1"", ""raw_market_name"": ""totals"", ""requested_bookmakers"": ""Bet365,Unibet""}",1
soccer|china pr|tajikistan|2026-10-06,totals|under|3.00|,odds_api_io,Bet365,totals,Under,1.4,2026-10-06T07:34:53.445749+00:00,3.0,,,"{""configured_bookmakers"": ""Bet365,Unibet"", ""entitlement_fallback_used"": false, ""fetched_at_utc"": ""2026-10-06T07:34:53.445749+00:00"", ""market_integrity"": ""safe_match_market"", ""odds_api_io"": true, ""odds_api_io_account"": ""account1"", ""raw_market_name"": ""totals"", ""requested_bookmakers"": ""Bet365,Unibet""}",1
soccer|china pr|tajikistan|2026-10-06,totals|over|3.25|,odds_api_io,Bet365,totals,Over,3.3,2026-10-06T07:34:53.445749+00:00,3.25,,,"{""configured_bookmakers"": ""Bet365,Unibet"", ""entitlement_fallback_used"": false, ""fetched_at_utc"": ""2026-10-06T07:34:53.445749+00:00"", ""market_integrity"": ""safe_match_market"", ""odds_api_io"": true, ""odds_api_io_account"": ""account1"", ""raw_market_name"": ""totals"", ""requested_bookmakers"": ""Bet365,Unibet""}",1
soccer|china pr|tajikistan|2026-10-06,totals|under|3.25|,odds_api_io,Bet365,totals,Under,1.325,2026-10-06T07:34:53.445749+00:00,3.25,,,"{""configured_bookmakers"": ""Bet365,Unibet"", ""entitlement_fallback_used"": false, ""fetched_at_utc"": ""2026-10-06T07:34:53.445749+00:00"", ""market_integrity"": ""safe_match_market"", ""odds_api_io"": true, ""odds_api_io_account"": ""account1"", ""raw_market_name"": ""totals"", ""requested_bookmakers"": ""Bet365,Unibet""}",1
soccer|china pr|tajikistan|2026-10-06,totals|over|3.50|,odds_api_io,Bet365,totals,Over,3.5,2026-10-06T07:34:53.445749+00:00,3.5,,,"{""configured_bookmakers"": ""Bet365,Unibet"", ""entitlement_fallback_used"": false, ""fetched_at_utc"": ""2026-10-06T07:34:53.445749+00:00"", ""market_integrity"": ""safe_match_market"", ""odds_api_io"": true, ""odds_api_io_account"": ""account1"", ""raw_market_name"": ""totals"", ""requested_bookmakers"": ""Bet365,Unibet""}",1
soccer|china pr|tajikistan|2026-10-06,totals|under|3.50|,odds_api_io,Bet365,totals,Under,1.285,2026-10-06T07:34:53.445749+00:00,3.5,,,"{""configured_bookmakers"": ""Bet365,Unibet"", ""entitlement_fallback_used"": false, ""fetched_at_utc"": ""2026-10-06T07:34:53.445749+00:00"", ""market_integrity"": ""safe_match_market"", ""odds_api_io"": true, ""odds_api_io_account"": ""account1"", ""raw_market_name"": ""totals"", ""requested_bookmakers"": ""Bet365,Unibet""}",1
soccer|china pr|tajikistan|2026-10-06,totals|over|3.75|,odds_api_io,Bet365,totals,Over,4.4,2026-10-06T07:34:53.445749+00:00,3.75,,,"{""configured_bookmakers"": ""Bet365,Unibet"", ""entitlement_fallback_used"": false, ""fetched_at_utc"": ""2026-10-06T07:34:53.445749+00:00"", ""market_integrity"": ""safe_match_market"", ""odds_api_io"": true, ""odds_api_io_account"": ""account1"", ""raw_market_name"": ""totals"", ""requested_bookmakers"": ""Bet365,Unibet""}",1
soccer|china pr|tajikistan|2026-10-06,totals|under|3.75|,odds_api_io,Bet365,totals,Under,1.2,2026-10-06T07:34:53.445749+00:00,3.75,,,"{""configured_bookmakers"": ""Bet365,Unibet"", ""entitlement_fallback_used"": false, ""fetched_at_utc"": ""2026-10-06T07:34:53.445749+00:00"", ""market_integrity"": ""safe_match_market"", ""odds_api_io"": true, ""odds_api_io_account"": ""account1"", ""raw_market_name"": ""totals"", ""requested_bookmakers"": ""Bet365,Unibet""}",1
soccer|china pr|tajikistan|2026-10-06,totals|over|4.00|,odds_api_io,Bet365,totals,Over,6.4,2026-10-06T07:34:53.445749+00:00,4.0,,,"{""configured_bookmakers"": ""Bet365,Unibet"", ""entitlement_fallback_used"": false, ""fetched_at_utc"": ""2026-10-06T07:34:53.445749+00:00"", ""market_integrity"": ""safe_match_market"", ""odds_api_io"": true, ""odds_api_io_account"": ""account1"", ""raw_market_name"": ""totals"", ""requested_bookmakers"": ""Bet365,Unibet""}",1
soccer|china pr|tajikistan|2026-10-06,totals|under|4.00|,odds_api_io,Bet365,totals,Under,1.115,2026-10-06T07:34:53.445749+00:00,4.0,,,"{""configured_bookmakers"": ""Bet365,Unibet"", ""entitlement_fallback_used"": false, ""fetched_at_utc"": ""2026-10-06T07:34:53.445749+00:00"", ""market_integrity"": ""safe_match_market"", ""odds_api_io"": true, ""odds_api_io_account"": ""account1"", ""raw_market_name"": ""totals"", ""requested_bookmakers"": ""Bet365,Unibet""}",1
soccer|china pr|tajikistan|2026-10-06,totals|over|4.25|,odds_api_io,Bet365,totals,Over,6.8,2026-10-06T07:34:53.445749+00:00,4.25,,,"{""configured_bookmakers"": ""Bet365,Unibet"", ""entitlement_fallback_used"": false, ""fetched_at_utc"": ""2026-10-06T07:34:53.445749+00:00"", ""market_integrity"": ""safe_match_market"", ""odds_api_io"": true, ""odds_api_io_account"": ""account1"", ""raw_market_name"": ""totals"", ""requested_bookmakers"": ""Bet365,Unibet""}",1
soccer|china pr|tajikistan|2026-10-06,totals|under|4.25|,odds_api_io,Bet365,totals,Under,1.105,2026-10-06T07:34:53.445749+00:00,4.25,,,"{""configured_bookmakers"": ""Bet365,Unibet"", ""entitlement_fallback_used"": false, ""fetched_at_utc"": ""2026-10-06T07:34:53.445749+00:00"", ""market_integrity"": ""safe_match_market"", ""odds_api_io"": true, ""odds_api_io_account"": ""account1"", ""raw_market_name"": ""totals"", ""requested_bookmakers"": ""Bet365,Unibet""}",1
soccer|china pr|tajikistan|2026-10-06,totals|over|4.50|,odds_api_io,Bet365,totals,Over,7.0,2026-10-06T07:34:53.445749+00:00,4.5,,,"{""configured_bookmakers"": ""Bet365,Unibet"", ""entitlement_fallback_used"": false, ""fetched_at_utc"": ""2026-10-06T07:34:53.445749+00:00"", ""market_integrity"": ""safe_match_market"", ""odds_api_io"": true, ""odds_api_io_account"": ""account1"", ""raw_market_name"": ""totals"", ""requested_bookmakers"": ""Bet365,Unibet""}",1
soccer|china pr|tajikistan|2026-10-06,totals|under|4.50|,odds_api_io,Bet365,totals,Under,1.1,2026-10-06T07:34:53.445749+00:00,4.5,,,"{""configured_bookmakers"": ""Bet365,Unibet"", ""entitlement_fallback_used"": false, ""fetched_at_utc"": ""2026-10-06T07:34:53.445749+00:00"", ""market_integrity"": ""safe_match_market"", ""odds_api_io"": true, ""odds_api_io_account"": ""account1"", ""raw_market_name"": ""totals"", ""requested_bookmakers"": ""Bet365,Unibet""}",1
soccer|china pr|tajikistan|2026-10-06,totals|over|5.50|,odds_api_io,Bet365,totals,Over,17.0,2026-10-06T07:34:53.445749+00:00,5.5,,,"{""configured_bookmakers"": ""Bet365,Unibet"", ""entitlement_fallback_used"": false, ""fetched_at_utc"": ""2026-10-06T07:34:53.445749+00:00"", ""market_integrity"": ""safe_match_market"", ""odds_api_io"": true, ""odds_api_io_account"": ""account1"", ""raw_market_name"": ""totals"", ""requested_bookmakers"": ""Bet365,Unibet""}",1
soccer|china pr|tajikistan|2026-10-06,totals|under|5.50|,odds_api_io,Bet365,totals,Under,1.025,2026-10-06T07:34:53.445749+00:00,5.5,,,"{""configured_bookmakers"": ""Bet365,Unibet"", ""entitlement_fallback_used"": false, ""fetched_at_utc"": ""2026-10-06T07:34:53.445749+00:00"", ""market_integrity"": ""safe_match_market"", ""odds_api_io"": true, ""odds_api_io_account"": ""account1"", ""raw_market_name"": ""totals"", ""requested_bookmakers"": ""Bet365,Unibet""}",1
soccer|china pr|tajikistan|2026-10-06,totals|over|6.50|,odds_api_io,Bet365,totals,Over,34.0,2026-10-06T07:34:53.445749+00:00,6.5,,,"{""configured_bookmakers"": ""Bet365,Unibet"", ""entitlement_fallback_used"": false, ""fetched_at_utc"": ""2026-10-06T07:34:53.445749+00:00"", ""market_integrity"": ""safe_match_market"", ""odds_api_io"": true, ""odds_api_io_account"": ""account1"", ""raw_market_name"": ""totals"", ""requested_bookmakers"": ""Bet365,Unibet""}",1
soccer|china pr|tajikistan|2026-10-06,totals|under|6.50|,odds_api_io,Bet365,totals,Under,1.005,2026-10-06T07:34:53.445749+00:00,6.5,,,"{""configured_bookmakers"": ""Bet365,Unibet"", ""entitlement_fallback_used"": false, ""fetched_at_utc"": ""2026-10-06T07:34:53.445749+00:00"", ""market_integrity"": ""safe_match_market"", ""odds_api_io"": true, ""odds_api_io_account"": ""account1"", ""raw_market_name"": ""totals"", ""requested_bookmakers"": ""Bet365,Unibet""}",1
soccer|china pr|tajikistan|2026-10-06,btts|yes||,odds_api_io,Bet365,btts,Yes,1.833,2026-10-06T07:34:53.445749+00:00,,,,"{""configured_bookmakers"": ""Bet365,Unibet"", ""entitlement_fallback_used"": false, ""fetched_at_utc"": ""2026-10-06T07:34:53.445749+00:00"", ""market_integrity"": ""safe_match_market"", ""odds_api_io"": true, ""odds_api_io_account"": ""account1"", ""raw_market_name"": ""both teams to score"", ""requested_bookmakers"": ""Bet365,Unibet""}",1
soccer|china pr|tajikistan|2026-10-06,btts|no||,odds_api_io,Bet365,btts,No,1.833,2026-10-06T07:34:53.445749+00:00,,,,"{""configured_bookmakers"": ""Bet365,Unibet"", ""entitlement_fallback_used"": false, ""fetched_at_utc"": ""2026-10-06T07:34:53.445749+00:00"", ""market_integrity"": ""safe_match_market"", ""odds_api_io"": true, ""odds_api_io_account"": ""account1"", ""raw_market_name"": ""both teams to score"", ""requested_bookmakers"": ""Bet365,Unibet""}",1
soccer|china pr|tajikistan|2026-10-06,teamTotals|over|0.50|home,odds_api_io,Bet365,teamTotals,Over,1.181,2026-10-06T07:34:53.445749+00:00,0.5,home,,"{""configured_bookmakers"": ""Bet365,Unibet"", ""entitlement_fallback_used"": false, ""fetched_at_utc"": ""2026-10-06T07:34:53.445749+00:00"", ""market_integrity"": ""safe_match_market"", ""odds_api_io"": true, ""odds_api_io_account"": ""account1"", ""raw_market_name"": ""team total home"", ""requested_bookmakers"": ""Bet365,Unibet""}",1
soccer|china pr|tajikistan|2026-10-06,teamTotals|under|0.50|home,odds_api_io,Bet365,teamTotals,Under,4.5,2026-10-06T07:34:53.445749+00:00,0.5,home,,"{""configured_bookmakers"": ""Bet365,Unibet"", ""entitlement_fallback_used"": false, ""fetched_at_utc"": ""2026-10-06T07:34:53.445749+00:00"", ""market_integrity"": ""safe_match_market"", ""odds_api_io"": true, ""odds_api_io_account"": ""account1"", ""raw_market_name"": ""team total home"", ""requested_bookmakers"": ""Bet365,Unibet""}",1
soccer|china pr|tajikistan|2026-10-06,teamTotals|over|1.50|home,odds_api_io,Bet365,teamTotals,Over,1.833,2026-10-06T07:34:53.445749+00:00,1.5,home,,"{""configured_bookmakers"": ""Bet365,Unibet"", ""entitlement_fallback_used"": false, ""fetched_at_utc"": ""2026-10-06T07:34:53.445749+00:00"", ""market_integrity"": ""safe_match_market"", ""odds_api_io"": true, ""odds_api_io_account"": ""account1"", ""raw_market_name"": ""team total home"", ""requested_bookmakers"": ""Bet365,Unibet""}",1
soccer|china pr|tajikistan|2026-10-06,teamTotals|under|1.50|home,odds_api_io,Bet365,teamTotals,Under,1.833,2026-10-06T07:34:53.445749+00:00,1.5,home,,"{""configured_bookmakers"": ""Bet365,Unibet"", ""entitlement_fallback_used"": false, ""fetched_at_utc"": ""2026-10-06T07:34:53.445749+00:00"", ""market_integrity"": ""safe_match_market"", ""odds_api_io"": true, ""odds_api_io_account"": ""account1"", ""raw_market_name"": ""team total home"", ""requested_bookmakers"": ""Bet365,Unibet""}",1
soccer|china pr|tajikistan|2026-10-06,teamTotals|over|2.50|home,odds_api_io,Bet365,teamTotals,Over,3.75,2026-10-06T07:34:53.445749+00:00,2.5,home,,"{""configured_bookmakers"": ""Bet365,Unibet"", ""entitlement_fallback_used"": false, ""fetched_at_utc"": ""2026-10-06T07:34:53.445749+00:00"", ""market_integrity"": ""safe_match_market"", ""odds_api_io"": true, ""odds_api_io_account"": ""account1"", ""raw_market_name"": ""team total home"", ""requested_bookmakers"": ""Bet365,Unibet""}",1
soccer|china pr|tajikistan|2026-10-06,teamTotals|under|2.50|home,odds_api_io,Bet365,teamTotals,Under,1.25,2026-10-06T07:34:53.445749+00:00,2.5,home,,"{""configured_bookmakers"": ""Bet365,Unibet"", ""entitlement_fallback_used"": false, ""fetched_at_utc"": ""2026-10-06T07:34:53.445749+00:00"", ""market_integrity"": ""safe_match_market"", ""odds_api_io"": true, ""odds_api_io_account"": ""account1"", ""raw_market_name"": ""team total home"", ""requested_bookmakers"": ""Bet365,Unibet""}",1
soccer|china pr|tajikistan|2026-10-06,teamTotals|over|3.50|home,odds_api_io,Bet365,teamTotals,Over,9.0,2026-10-06T07:34:53.445749+00:00,3.5,home,,"{""configured_bookmakers"": ""Bet365,Unibet"", ""entitlement_fallback_used"": false, ""fetched_at_utc"": ""2026-10-06T07:34:53.445749+00:00"", ""market_integrity"": ""safe_match_market"", ""odds_api_io"": true, ""odds_api_io_account"": ""account1"", ""raw_market_name"": ""team total home"", ""requested_bookmakers"": ""Bet365,Unibet""}",1
soccer|china pr|tajikistan|2026-10-06,teamTotals|under|3.50|home,odds_api_io,Bet365,teamTotals,Under,1.071,2026-10-06T07:34:53.445749+00:00,3.5,home,,"{""configured_bookmakers"": ""Bet365,Unibet"", ""entitlement_fallback_used"": false, ""fetched_at_utc"": ""2026-10-06T07:34:53.445749+00:00"", ""market_integrity"": ""safe_match_market"", ""odds_api_io"": true, ""odds_api_io_account"": ""account1"", ""raw_market_name"": ""team total home"", ""requested_bookmakers"": ""Bet365,Unibet""}",1
soccer|china pr|tajikistan|2026-10-06,teamTotals|over|4.50|home,odds_api_io,Bet365,teamTotals,Over,21.0,2026-10-06T07:34:53.445749+00:00,4.5,home,,"{""configured_bookmakers"": ""Bet365,Unibet"", ""entitlement_fallback_used"": false, ""fetched_at_utc"": ""2026-10-06T07:34:53.445749+00:00"", ""market_integrity"": ""safe_match_market"", ""odds_api_io"": true, ""odds_api_io_account"": ""account1"", ""raw_market_name"": ""team total home"", ""requested_bookmakers"": ""Bet365,Unibet""}",1
soccer|china pr|tajikistan|2026-10-06,teamTotals|under|4.50|home,odds_api_io,Bet365,teamTotals,Under,1.015,2026-10-06T07:34:53.445749+00:00,4.5,home,,"{""configured_bookmakers"": ""Bet365,Unibet"", ""entitlement_fallback_used"": false, ""fetched_at_utc"": ""2026-10-06T07:34:53.445749+00:00"", ""market_integrity"": ""safe_match_market"", ""odds_api_io"": true, ""odds_api_io_account"": ""account1"", ""raw_market_name"": ""team total home"", ""requested_bookmakers"": ""Bet365,Unibet""}",1
soccer|china pr|tajikistan|2026-10-06,teamTotals|over|5.50|home,odds_api_io,Bet365,teamTotals,Over,51.0,2026-10-06T07:34:53.445749+00:00,5.5,home,,"{""configured_bookmakers"": ""Bet365,Unibet"", ""entitlement_fallback_used"": false, ""fetched_at_utc"": ""2026-10-06T07:34:53.445749+00:00"", ""market_integrity"": ""safe_match_market"", ""odds_api_io"": true, ""odds_api_io_account"": ""account1"", ""raw_market_name"": ""team total home"", ""requested_bookmakers"": ""Bet365,Unibet""}",1
soccer|china pr|tajikistan|2026-10-06,teamTotals|under|5.50|home,odds_api_io,Bet365,teamTotals,Under,1.002,2026-10-06T07:34:53.445749+00:00,5.5,home,,"{""configured_bookmakers"": ""Bet365,Unibet"", ""entitlement_fallback_used"": false, ""fetched_at_utc"": ""2026-10-06T07:34:53.445749+00:00"", ""market_integrity"": ""safe_match_market"", ""odds_api_io"": true, ""odds_api_io_account"": ""account1"", ""raw_market_name"": ""team total home"", ""requested_bookmakers"": ""Bet365,Unibet""}",1
soccer|china pr|tajikistan|2026-10-06,teamTotals|over|0.50|away,odds_api_io,Bet365,teamTotals,Over,1.571,2026-10-06T07:34:53.445749+00:00,0.5,away,,"{""configured_bookmakers"": ""Bet365,Unibet"", ""entitlement_fallback_used"": false, ""fetched_at_utc"": ""2026-10-06T07:34:53.445749+00:00"", ""market_integrity"": ""safe_match_market"", ""odds_api_io"": true, ""odds_api_io_account"": ""account1"", ""raw_market_name"": ""team total away"", ""requested_bookmakers"": ""Bet365,Unibet""}",1
soccer|china pr|tajikistan|2026-10-06,teamTotals|under|0.50|away,odds_api_io,Bet365,teamTotals,Under,2.25,2026-10-06T07:34:53.445749+00:00,0.5,away,,"{""configured_bookmakers"": ""Bet365,Unibet"", ""entitlement_fallback_used"": false, ""fetched_at_utc"": ""2026-10-06T07:34:53.445749+00:00"", ""market_integrity"": ""safe_match_market"", ""odds_api_io"": true, ""odds_api_io_account"": ""account1"", ""raw_market_name"": ""team total away"", ""requested_bookmakers"": ""Bet365,Unibet""}",1
soccer|china pr|tajikistan|2026-10-06,teamTotals|over|1.50|away,odds_api_io,Bet365,teamTotals,Over,3.75,2026-10-06T07:34:53.445749+00:00,1.5,away,,"{""configured_bookmakers"": ""Bet365,Unibet"", ""entitlement_fallback_used"": false, ""fetched_at_utc"": ""2026-10-06T07:34:53.445749+00:00"", ""market_integrity"": ""safe_match_market"", ""odds_api_io"": true, ""odds_api_io_account"": ""account1"", ""raw_market_name"": ""team total away"", ""requested_bookmakers"": ""Bet365,Unibet""}",1
soccer|china pr|tajikistan|2026-10-06,teamTotals|under|1.50|away,odds_api_io,Bet365,teamTotals,Under,1.25,2026-10-06T07:34:53.445749+00:00,1.5,away,,"{""configured_bookmakers"": ""Bet365,Unibet"", ""entitlement_fallback_used"": false, ""fetched_at_utc"": ""2026-10-06T07:34:53.445749+00:00"", ""market_integrity"": ""safe_match_market"", ""odds_api_io"": true, ""odds_api_io_account"": ""account1"", ""raw_market_name"": ""team total away"", ""requested_bookmakers"": ""Bet365,Unibet""}",1
soccer|china pr|tajikistan|2026-10-06,teamTotals|over|2.50|away,odds_api_io,Bet365,teamTotals,Over,13.0,2026-10-06T07:34:53.445749+00:00,2.5,away,,"{""configured_bookmakers"": ""Bet365,Unibet"", ""entitlement_fallback_used"": false, ""fetched_at_utc"": ""2026-10-06T07:34:53.445749+00:00"", ""market_integrity"": ""safe_match_market"", ""odds_api_io"": true, ""odds_api_io_account"": ""account1"", ""raw_market_name"": ""team total away"", ""requested_bookmakers"": ""Bet365,Unibet""}",1
soccer|china pr|tajikistan|2026-10-06,teamTotals|under|2.50|away,odds_api_io,Bet365,teamTotals,Under,1.04,2026-10-06T07:34:53.445749+00:00,2.5,away,,"{""configured_bookmakers"": ""Bet365,Unibet"", ""entitlement_fallback_used"": false, ""fetched_at_utc"": ""2026-10-06T07:34:53.445749+00:00"", ""market_integrity"": ""safe_match_market"", ""odds_api_io"": true, ""odds_api_io_account"": ""account1"", ""raw_market_name"": ""team total away"", ""requested_bookmakers"": ""Bet365,Unibet""}",1
soccer|china pr|tajikistan|2026-10-06,teamTotals|over|3.50|away,odds_api_io,Bet365,teamTotals,Over,34.0,2026-10-06T07:34:53.445749+00:00,3.5,away,,"{""configured_bookmakers"": ""Bet365,Unibet"", ""entitlement_fallback_used"": false, ""fetched_at_utc"": ""2026-10-06T07:34:53.445749+00:00"", ""market_integrity"": ""safe_match_market"", ""odds_api_io"": true, ""odds_api_io_account"": ""account1"", ""raw_market_name"": ""team total away"", ""requested_bookmakers"": ""Bet365,Unibet""}",1
soccer|china pr|tajikistan|2026-10-06,teamTotals|under|3.50|away,odds_api_io,Bet365,teamTotals,Under,1.005,2026-10-06T07:34:53.445749+00:00,3.5,away,,"{""configured_bookmakers"": ""Bet365,Unibet"", ""entitlement_fallback_used"": false, ""fetched_at_utc"": ""2026-10-06T07:34:53.445749+00:00"", ""market_integrity"": ""safe_match_market"", ""odds_api_io"": true, ""odds_api_io_account"": ""account1"", ""raw_market_name"": ""team total away"", ""requested_bookmakers"": ""Bet365,Unibet""}",1
soccer|china pr|tajikistan|2026-10-06,h2h|china pr||,odds_api_io,Unibet,h2h,China PR,1.79,2026-10-06T07:34:53.445749+00:00,,,,"{""configured_bookmakers"": ""Bet365,Unibet"", ""entitlement_fallback_used"": false, ""fetched_at_utc"": ""2026-10-06T07:34:53.445749+00:00"", ""market_integrity"": ""safe_match_market"", ""odds_api_io"": true, ""odds_api_io_account"": ""account1"", ""raw_market_name"": ""ml"", ""requested_bookmakers"": ""Bet365,Unibet""}",1
soccer|china pr|tajikistan|2026-10-06,h2h|draw||,odds_api_io,Unibet,h2h,Draw,3.55,2026-10-06T07:34:53.445749+00:00,,,,"{""configured_bookmakers"": ""Bet365,Unibet"", ""entitlement_fallback_used"": false, ""fetched_at_utc"": ""2026-10-06T07:34:53.445749+00:00"", ""market_integrity"": ""safe_match_market"", ""odds_api_io"": true, ""odds_api_io_account"": ""account1"", ""raw_market_name"": ""ml"", ""requested_bookmakers"": ""Bet365,Unibet""}",1
soccer|china pr|tajikistan|2026-10-06,h2h|tajikistan||,odds_api_io,Unibet,h2h,Tajikistan,4.0,2026-10-06T07:34:53.445749+00:00,,,,"{""configured_bookmakers"": ""Bet365,Unibet"", ""entitlement_fallback_used"": false, ""fetched_at_utc"": ""2026-10-06T07:34:53.445749+00:00"", ""market_integrity"": ""safe_match_market"", ""odds_api_io"": true, ""odds_api_io_account"": ""account1"", ""raw_market_name"": ""ml"", ""requested_bookmakers"": ""Bet365,Unibet""}",1
soccer|china pr|tajikistan|2026-10-06,dnb|china pr||,odds_api_io,Unibet,dnb,China PR,1.3,2026-10-06T07:34:53.445749+00:00,,,,"{""configured_bookmakers"": ""Bet365,Unibet"", ""entitlement_fallback_used"": false, ""fetched_at_utc"": ""2026-10-06T07:34:53.445749+00:00"", ""market_integrity"": ""safe_match_market"", ""odds_api_io"": true, ""odds_api_io_account"": ""account1"", ""raw_market_name"": ""draw no bet"", ""requested_bookmakers"": ""Bet365,Unibet""}",1
soccer|china pr|tajikistan|2026-10-06,dnb|tajikistan||,odds_api_io,Unibet,dnb,Tajikistan,2.85,2026-10-06T07:34:53.445749+00:00,,,,"{""configured_bookmakers"": ""Bet365,Unibet"", ""entitlement_fallback_used"": false, ""fetched_at_utc"": ""2026-10-06T07:34:53.445749+00:00"", ""market_integrity"": ""safe_match_market"", ""odds_api_io"": true, ""odds_api_io_account"": ""account1"", ""raw_market_name"": ""draw no bet"", ""requested_bookmakers"": ""Bet365,Unibet""}",1
soccer|china pr|tajikistan|2026-10-06,totals|over|1.50|,odds_api_io,Unibet,totals,Over,1.33,2026-10-06T07:34:53.445749+00:00,1.5,,,"{""configured_bookmakers"": ""Bet365,Unibet"", ""entitlement_fallback_used"": false, ""fetched_at_utc"": ""2026-10-06T07:34:53.445749+00:00"", ""market_integrity"": ""safe_match_market"", ""odds_api_io"": true, ""odds_api_io_account"": ""account1"", ""raw_market_name"": ""totals"", ""requested_bookmakers"": ""Bet365,Unibet""}",1
soccer|china pr|tajikistan|2026-10-06,totals|under|1.50|,odds_api_io,Unibet,totals,Under,3.0,2026-10-06T07:34:53.445749+00:00,1.5,,,"{""configured_bookmakers"": ""Bet365,Unibet"", ""entitlement_fallback_used"": false, ""fetched_at_utc"": ""2026-10-06T07:34:53.445749+00:00"", ""market_integrity"": ""safe_match_market"", ""odds_api_io"": true, ""odds_api_io_account"": ""account1"", ""raw_market_name"": ""totals"", ""requested_bookmakers"": ""Bet365,Unibet""}",1
soccer|china pr|tajikistan|2026-10-06,totals|over|2.50|,odds_api_io,Unibet,totals,Over,2.0,2026-10-06T07:34:53.445749+00:00,2.5,,,"{""configured_bookmakers"": ""Bet365,Unibet"", ""entitlement_fallback_used"": false, ""fetched_at_utc"": ""2026-10-06T07:34:53.445749+00:00"", ""market_integrity"": ""safe_match_market"", ""odds_api_io"": true, ""odds_api_io_account"": ""account1"", ""raw_market_name"": ""totals"", ""requested_bookmakers"": ""Bet365,Unibet""}",1
soccer|china pr|tajikistan|2026-10-06,totals|under|2.50|,odds_api_io,Unibet,totals,Under,1.71,2026-10-06T07:34:53.445749+00:00,2.5,,,"{""configured_bookmakers"": ""Bet365,Unibet"", ""entitlement_fallback_used"": false, ""fetched_at_utc"": ""2026-10-06T07:34:53.445749+00:00"", ""market_integrity"": ""safe_match_market"", ""odds_api_io"": true, ""odds_api_io_account"": ""account1"", ""raw_market_name"": ""totals"", ""requested_bookmakers"": ""Bet365,Unibet""}",1
soccer|china pr|tajikistan|2026-10-06,totals|over|3.50|,odds_api_io,Unibet,totals,Over,3.55,2026-10-06T07:34:53.445749+00:00,3.5,,,"{""configured_bookmakers"": ""Bet365,Unibet"", ""entitlement_fallback_used"": false, ""fetched_at_utc"": ""2026-10-06T07:34:53.445749+00:00"", ""market_integrity"": ""safe_match_market"", ""odds_api_io"": true, ""odds_api_io_account"": ""account1"", ""raw_market_name"": ""totals"", ""requested_bookmakers"": ""Bet365,Unibet""}",1
soccer|china pr|tajikistan|2026-10-06,totals|under|3.50|,odds_api_io,Unibet,totals,Under,1.24,2026-10-06T07:34:53.445749+00:00,3.5,,,"{""configured_bookmakers"": ""Bet365,Unibet"", ""entitlement_fallback_used"": false, ""fetched_at_utc"": ""2026-10-06T07:34:53.445749+00:00"", ""market_integrity"": ""safe_match_market"", ""odds_api_io"": true, ""odds_api_io_account"": ""account1"", ""raw_market_name"": ""totals"", ""requested_bookmakers"": ""Bet365,Unibet""}",1
soccer|china pr|tajikistan|2026-10-06,btts|yes||,odds_api_io,Unibet,btts,Yes,1.86,2026-10-06T07:34:53.445749+00:00,,,,"{""configured_bookmakers"": ""Bet365,Unibet"", ""entitlement_fallback_used"": false, ""fetched_at_utc"": ""2026-10-06T07:34:53.445749+00:00"", ""market_integrity"": ""safe_match_market"", ""odds_api_io"": true, ""odds_api_io_account"": ""account1"", ""raw_market_name"": ""both teams to score"", ""requested_bookmakers"": ""Bet365,Unibet""}",1
soccer|china pr|tajikistan|2026-10-06,btts|no||,odds_api_io,Unibet,btts,No,1.74,2026-10-06T07:34:53.445749+00:00,,,,"{""configured_bookmakers"": ""Bet365,Unibet"", ""entitlement_fallback_used"": false, ""fetched_at_utc"": ""2026-10-06T07:34:53.445749+00:00"", ""market_integrity"": ""safe_match_market"", ""odds_api_io"": true, ""odds_api_io_account"": ""account1"", ""raw_market_name"": ""both teams to score"", ""requested_bookmakers"": ""Bet365,Unibet""}",1
soccer|china pr|tajikistan|2026-10-06,teamTotals|over|1.50|home,odds_api_io,Unibet,teamTotals,Over,1.9,2026-10-06T07:34:53.445749+00:00,1.5,home,,"{""configured_bookmakers"": ""Bet365,Unibet"", ""entitlement_fallback_used"": false, ""fetched_at_utc"": ""2026-10-06T07:34:53.445749+00:00"", ""market_integrity"": ""safe_match_market"", ""odds_api_io"": true, ""odds_api_io_account"": ""account1"", ""raw_market_name"": ""team total home"", ""requested_bookmakers"": ""Bet365,Unibet""}",1
soccer|china pr|tajikistan|2026-10-06,teamTotals|under|1.50|home,odds_api_io,Unibet,teamTotals,Under,1.7,2026-10-06T07:34:53.445749+00:00,1.5,home,,"{""configured_bookmakers"": ""Bet365,Unibet"", ""entitlement_fallback_used"": false, ""fetched_at_utc"": ""2026-10-06T07:34:53.445749+00:00"", ""market_integrity"": ""safe_match_market"", ""odds_api_io"": true, ""odds_api_io_account"": ""account1"", ""raw_market_name"": ""team total home"", ""requested_bookmakers"": ""Bet365,Unibet""}",1
soccer|china pr|tajikistan|2026-10-06,teamTotals|over|0.50|away,odds_api_io,Unibet,teamTotals,Over,1.52,2026-10-06T07:34:53.445749+00:00,0.5,away,,"{""configured_bookmakers"": ""Bet365,Unibet"", ""entitlement_fallback_used"": false, ""fetched_at_utc"": ""2026-10-06T07:34:53.445749+00:00"", ""market_integrity"": ""safe_match_market"", ""odds_api_io"": true, ""odds_api_io_account"": ""account1"", ""raw_market_name"": ""team total away"", ""requested_bookmakers"": ""Bet365,Unibet""}",1
soccer|china pr|tajikistan|2026-10-06,teamTotals|under|0.50|away,odds_api_io,Unibet,teamTotals,Under,2.2,2026-10-06T07:34:53.445749+00:00,0.5,away,,"{""configured_bookmakers"": ""Bet365,Unibet"", ""entitlement_fallback_used"": false, ""fetched_at_utc"": ""2026-10-06T07:34:53.445749+00:00"", ""market_integrity"": ""safe_match_market"", ""odds_api_io"": true, ""odds_api_io_account"": ""account1"", ""raw_market_name"": ""team total away"", ""requested_bookmakers"": ""Bet365,Unibet""}",1
soccer|bristol city|charlton athletic|2026-10-06,h2h|bristol city u21||,odds_api_io,Bet365,h2h,Bristol City U21,1.75,2026-10-06T07:34:53.445749+00:00,,,,"{""configured_bookmakers"": ""Bet365,Unibet"", ""entitlement_fallback_used"": false, ""fetched_at_utc"": ""2026-10-06T07:34:53.445749+00:00"", ""market_integrity"": ""safe_match_market"", ""odds_api_io"": true, ""odds_api_io_account"": ""account1"", ""raw_market_name"": ""ml"", ""requested_bookmakers"": ""Bet365,Unibet""}",1
soccer|bristol city|charlton athletic|2026-10-06,h2h|draw||,odds_api_io,Bet365,h2h,Draw,4.333,2026-10-06T07:34:53.445749+00:00,,,,"{""configured_bookmakers"": ""Bet365,Unibet"", ""entitlement_fallback_used"": false, ""fetched_at_utc"": ""2026-10-06T07:34:53.445749+00:00"", ""market_integrity"": ""safe_match_market"", ""odds_api_io"": true, ""odds_api_io_account"": ""account1"", ""raw_market_name"": ""ml"", ""requested_bookmakers"": ""Bet365,Unibet""}",1
soccer|bristol city|charlton athletic|2026-10-06,h2h|charlton athletic u21||,odds_api_io,Bet365,h2h,Charlton Athletic U21,3.2,2026-10-06T07:34:53.445749+00:00,,,,"{""configured_bookmakers"": ""Bet365,Unibet"", ""entitlement_fallback_used"": false, ""fetched_at_utc"": ""2026-10-06T07:34:53.445749+00:00"", ""market_integrity"": ""safe_match_market"", ""odds_api_io"": true, ""odds_api_io_account"": ""account1"", ""raw_market_name"": ""ml"", ""requested_bookmakers"": ""Bet365,Unibet""}",1
soccer|bristol city|charlton athletic|2026-10-06,dnb|bristol city u21||,odds_api_io,Bet365,dnb,Bristol City U21,1.444,2026-10-06T07:34:53.445749+00:00,,,,"{""configured_bookmakers"": ""Bet365,Unibet"", ""entitlement_fallback_used"": false, ""fetched_at_utc"": ""2026-10-06T07:34:53.445749+00:00"", ""market_integrity"": ""safe_match_market"", ""odds_api_io"": true, ""odds_api_io_account"": ""account1"", ""raw_market_name"": ""draw no bet"", ""requested_bookmakers"": ""Bet365,Unibet""}",1
soccer|bristol city|charlton athletic|2026-10-06,dnb|charlton athletic u21||,odds_api_io,Bet365,dnb,Charlton Athletic U21,2.625,2026-10-06T07:34:53.445749+00:00,,,,"{""configured_bookmakers"": ""Bet365,Unibet"", ""entitlement_fallback_used"": false, ""fetched_at_utc"": ""2026-10-06T07:34:53.445749+00:00"", ""market_integrity"": ""safe_match_market"", ""odds_api_io"": true, ""odds_api_io_account"": ""account1"", ""raw_market_name"": ""draw no bet"", ""requested_bookmakers"": ""Bet365,Unibet""}",1
soccer|bristol city|charlton athletic|2026-10-06,spreads|bristol city u21|-0.50|home,odds_api_io,Bet365,spreads,Bristol City U21,1.85,2026-10-06T07:34:53.445749+00:00,-0.5,home,,"{""configured_bookmakers"": ""Bet365,Unibet"", ""entitlement_fallback_used"": false, ""fetched_at_utc"": ""2026-10-06T07:34:53.445749+00:00"", ""market_integrity"": ""safe_match_market"", ""odds_api_io"": true, ""odds_api_io_account"": ""account1"", ""raw_market_name"": ""spread"", ""requested_bookmakers"": ""Bet365,Unibet""}",1
soccer|bristol city|charlton athletic|2026-10-06,spreads|charlton athletic u21|0.50|away,odds_api_io,Bet365,spreads,Charlton Athletic U21,1.95,2026-10-06T07:34:53.445749+00:00,0.5,away,,"{""configured_bookmakers"": ""Bet365,Unibet"", ""entitlement_fallback_used"": false, ""fetched_at_utc"": ""2026-10-06T07:34:53.445749+00:00"", ""market_integrity"": ""safe_match_market"", ""odds_api_io"": true, ""odds_api_io_account"": ""account1"", ""raw_market_name"": ""spread"", ""requested_bookmakers"": ""Bet365,Unibet""}",1
soccer|bristol city|charlton athletic|2026-10-06,totals|over|3.75|,odds_api_io,Bet365,totals,Over,1.875,2026-10-06T07:34:53.445749+00:00,3.75,,,"{""configured_bookmakers"": ""Bet365,Unibet"", ""entitlement_fallback_used"": false, ""fetched_at_utc"": ""2026-10-06T07:34:53.445749+00:00"", ""market_integrity"": ""safe_match_market"", ""odds_api_io"": true, ""odds_api_io_account"": ""account1"", ""raw_market_name"": ""totals"", ""requested_bookmakers"": ""Bet365,Unibet""}",1
soccer|bristol city|charlton athletic|2026-10-06,totals|under|3.75|,odds_api_io,Bet365,totals,Under,1.925,2026-10-06T07:34:53.445749+00:00,3.75,,,"{""configured_bookmakers"": ""Bet365,Unibet"", ""entitlement_fallback_used"": false, ""fetched_at_utc"": ""2026-10-06T07:34:53.445749+00:00"", ""market_integrity"": ""safe_match_market"", ""odds_api_io"": true, ""odds_api_io_account"": ""account1"", ""raw_market_name"": ""totals"", ""requested_bookmakers"": ""Bet365,Unibet""}",1
soccer|bristol city|charlton athletic|2026-10-06,totals|over|2.50|,odds_api_io,Bet365,totals,Over,1.3,2026-10-06T07:34:53.445749+00:00,2.5,,,"{""configured_bookmakers"": ""Bet365,Unibet"", ""entitlement_fallback_used"": false, ""fetched_at_utc"": ""2026-10-06T07:34:53.445749+00:00"", ""market_integrity"": ""safe_match_market"", ""odds_api_io"": true, ""odds_api_io_account"": ""account1"", ""raw_market_name"": ""goals over/under"", ""requested_bookmakers"": ""Bet365,Unibet""}",1
soccer|bristol city|charlton athletic|2026-10-06,totals|under|2.50|,odds_api_io,Bet365,totals,Under,3.4,2026-10-06T07:34:53.445749+00:00,2.5,,,"{""configured_bookmakers"": ""Bet365,Unibet"", ""entitlement_fallback_used"": false, ""fetched_at_utc"": ""2026-10-06T07:34:53.445749+00:00"", ""market_integrity"": ""safe_match_market"", ""odds_api_io"": true, ""odds_api_io_account"": ""account1"", ""raw_market_name"": ""goals over/under"", ""requested_bookmakers"": ""Bet365,Unibet""}",1
soccer|hull city|wigan athletic|2026-10-06,h2h|hull city u21||,odds_api_io,Bet365,h2h,Hull City U21,2.05,2026-10-06T07:34:53.445749+00:00,,,,"{""configured_bookmakers"": ""Bet365,Unibet"", ""entitlement_fallback_used"": false, ""fetched_at_utc"": ""2026-10-06T07:34:53.445749+00:00"", ""market_integrity"": ""safe_match_market"", ""odds_api_io"": true, ""odds_api_io_account"": ""account1"", ""raw_market_name"": ""ml"", ""requested_bookmakers"": ""Bet365,Unibet""}",1
soccer|hull city|wigan athletic|2026-10-06,h2h|draw||,odds_api_io,Bet365,h2h,Draw,4.5,2026-10-06T07:34:53.445749+00:00,,,,"{""configured_bookmakers"": ""Bet365,Unibet"", ""entitlement_fallback_used"": false, ""fetched_at_utc"": ""2026-10-06T07:34:53.445749+00:00"", ""market_integrity"": ""safe_match_market"", ""odds_api_io"": true, ""odds_api_io_account"": ""account1"", ""raw_market_name"": ""ml"", ""requested_bookmakers"": ""Bet365,Unibet""}",1
soccer|hull city|wigan athletic|2026-10-06,h2h|wigan athletic u21||,odds_api_io,Bet365,h2h,Wigan Athletic U21,2.5,2026-10-06T07:34:53.445749+00:00,,,,"{""configured_bookmakers"": ""Bet365,Unibet"", ""entitlement_fallback_used"": false, ""fetched_at_utc"": ""2026-10-06T07:34:53.445749+00:00"", ""market_integrity"": ""safe_match_market"", ""odds_api_io"": true, ""odds_api_io_account"": ""account1"", ""raw_market_name"": ""ml"", ""requested_bookmakers"": ""Bet365,Unibet""}",1
soccer|hull city|wigan athletic|2026-10-06,dnb|hull city u21||,odds_api_io,Bet365,dnb,Hull City U21,1.666,2026-10-06T07:34:53.445749+00:00,,,,"{""configured_bookmakers"": ""Bet365,Unibet"", ""entitlement_fallback_used"": false, ""fetched_at_utc"": ""2026-10-06T07:34:53.445749+00:00"", ""market_integrity"": ""safe_match_market"", ""odds_api_io"": true, ""odds_api_io_account"": ""account1"", ""raw_market_name"": ""draw no bet"", ""requested_bookmakers"": ""Bet365,Unibet""}",1
soccer|hull city|wigan athletic|2026-10-06,dnb|wigan athletic u21||,odds_api_io,Bet365,dnb,Wigan Athletic U21,2.1,2026-10-06T07:34:53.445749+00:00,,,,"{""configured_bookmakers"": ""Bet365,Unibet"", ""entitlement_fallback_used"": false, ""fetched_at_utc"": ""2026-10-06T07:34:53.445749+00:00"", ""market_integrity"": ""safe_match_market"", ""odds_api_io"": true, ""odds_api_io_account"": ""account1"", ""raw_market_name"": ""draw no bet"", ""requested_bookmakers"": ""Bet365,Unibet""}",1
soccer|hull city|wigan athletic|2026-10-06,spreads|hull city u21|-0.25|home,odds_api_io,Bet365,spreads,Hull City U21,1.9,2026-10-06T07:34:53.445749+00:00,-0.25,home,,"{""configured_bookmakers"": ""Bet365,Unibet"", ""entitlement_fallback_used"": false, ""fetched_at_utc"": ""2026-10-06T07:34:53.445749+00:00"", ""market_integrity"": ""safe_match_market"", ""odds_api_io"": true, ""odds_api_io_account"": ""account1"", ""raw_market_name"": ""spread"", ""requested_bookmakers"": ""Bet365,Unibet""}",1
soccer|hull city|wigan athletic|2026-10-06,spreads|wigan athletic u21|0.25|away,odds_api_io,Bet365,spreads,Wigan Athletic U21,1.9,2026-10-06T07:34:53.445749+00:00,0.25,away,,"{""configured_bookmakers"": ""Bet365,Unibet"", ""entitlement_fallback_used"": false, ""fetched_at_utc"": ""2026-10-06T07:34:53.445749+00:00"", ""market_integrity"": ""safe_match_market"", ""odds_api_io"": true, ""odds_api_io_account"": ""account1"", ""raw_market_name"": ""spread"", ""requested_bookmakers"": ""Bet365,Unibet""}",1
soccer|hull city|wigan athletic|2026-10-06,totals|over|4.00|,odds_api_io,Bet365,totals,Over,1.875,2026-10-06T07:34:53.445749+00:00,4.0,,,"{""configured_bookmakers"": ""Bet365,Unibet"", ""entitlement_fallback_used"": false, ""fetched_at_utc"": ""2026-10-06T07:34:53.445749+00:00"", ""market_integrity"": ""safe_match_market"", ""odds_api_io"": true, ""odds_api_io_account"": ""account1"", ""raw_market_name"": ""totals"", ""requested_bookmakers"": ""Bet365,Unibet""}",1
soccer|hull city|wigan athletic|2026-10-06,totals|under|4.00|,odds_api_io,Bet365,totals,Under,1.925,2026-10-06T07:34:53.445749+00:00,4.0,,,"{""configured_bookmakers"": ""Bet365,Unibet"", ""entitlement_fallback_used"": false, ""fetched_at_utc"": ""2026-10-06T07:34:53.445749+00:00"", ""market_integrity"": ""safe_match_market"", ""odds_api_io"": true, ""odds_api_io_account"": ""account1"", ""raw_market_name"": ""totals"", ""requested_bookmakers"": ""Bet365,Unibet""}",1
soccer|hull city|wigan athletic|2026-10-06,totals|over|2.50|,odds_api_io,Bet365,totals,Over,1.25,2026-10-06T07:34:53.445749+00:00,2.5,,,"{""configured_bookmakers"": ""Bet365,Unibet"", ""entitlement_fallback_used"": false, ""fetched_at_utc"": ""2026-10-06T07:34:53.445749+00:00"", ""market_integrity"": ""safe_match_market"", ""odds_api_io"": true, ""odds_api_io_account"": ""account1"", ""raw_market_name"": ""goals over/under"", ""requested_bookmakers"": ""Bet365,Unibet""}",1
soccer|hull city|wigan athletic|2026-10-06,totals|under|2.50|,odds_api_io,Bet365,totals,Under,3.75,2026-10-06T07:34:53.445749+00:00,2.5,,,"{""configured_bookmakers"": ""Bet365,Unibet"", ""entitlement_fallback_used"": false, ""fetched_at_utc"": ""2026-10-06T07:34:53.445749+00:00"", ""market_integrity"": ""safe_match_market"", ""odds_api_io"": true, ""odds_api_io_account"": ""account1"", ""raw_market_name"": ""goals over/under"", ""requested_bookmakers"": ""Bet365,Unibet""}",1
