runtime cli direct start
2026-05-08 21:25:49,141 INFO app.services.runner: Starting prediction run at 2026-05-08T18:25:49.141186+00:00
2026-05-08 21:25:49,708 INFO httpx: HTTP Request: GET https://api.sstats.net/Games/list?from=2026-05-02&to=2026-05-08&limit=1000&offset=0&apikey=5d28lcr3a2d9gaaj "HTTP/1.1 200 OK"
2026-05-08 21:25:52,420 INFO httpx: HTTP Request: GET https://api.football-data.org/v4/matches?dateFrom=2026-05-02&dateTo=2026-05-08&status=FINISHED&limit=200 "HTTP/1.1 200 "
2026-05-08 21:26:11,280 INFO httpx: HTTP Request: GET https://api.odds-api.io/v3/events?apiKey=8aaee64e312da7158c9dcfa9e9ba03f7965e7527e78eac401b5f88f05e006a82&sport=football&status=pending%2Clive&from=2026-05-08T18%3A26%3A10Z&to=2026-05-12T18%3A26%3A10Z&limit=100&page=1 "HTTP/1.1 200 OK"
2026-05-08 21:26:11,404 INFO httpx: HTTP Request: GET https://api.odds-api.io/v3/events?apiKey=8aaee64e312da7158c9dcfa9e9ba03f7965e7527e78eac401b5f88f05e006a82&sport=football&status=pending%2Clive&from=2026-05-08T18%3A26%3A10Z&to=2026-05-12T18%3A26%3A10Z&limit=100&page=2 "HTTP/1.1 200 OK"
2026-05-08 21:26:22,540 INFO httpx: HTTP Request: GET https://apiv2.allsportsapi.com/football/?met=Fixtures&APIkey=1334cf53b8f47542a4452290971872b233971520d2293a122d4c085ab8939aa4&from=2026-05-08&to=2026-05-09&timezone=UTC "HTTP/1.1 200 OK"
2026-05-08 21:26:22,876 INFO httpx: HTTP Request: GET https://api.sportlogic.io/api/v1/games?date_from=2026-05-08&date_to=2026-05-08&per_page=50 "HTTP/1.1 200 OK"
2026-05-08 21:26:23,102 INFO httpx: HTTP Request: GET https://api.sportlogic.io/api/v1/games?from=2026-05-08&to=2026-05-08&per_page=50 "HTTP/1.1 200 OK"
2026-05-08 21:26:23,337 INFO httpx: HTTP Request: GET https://api.sportlogic.io/api/v1/games?date_from=2026-05-09&date_to=2026-05-09&per_page=50 "HTTP/1.1 200 OK"
2026-05-08 21:26:23,527 INFO httpx: HTTP Request: GET https://api.sportlogic.io/api/v1/games?from=2026-05-09&to=2026-05-09&per_page=50 "HTTP/1.1 200 OK"
2026-05-08 21:26:24,432 INFO httpx: HTTP Request: GET https://api.odds-api.io/v3/odds/multi?apiKey=8aaee64e312da7158c9dcfa9e9ba03f7965e7527e78eac401b5f88f05e006a82&eventIds=71356910%2C71240678%2C66854044%2C61399033%2C61624624%2C68306802%2C68194630%2C68194628%2C68194632%2C68194634&bookmakers=Bet365%2CUnibet "HTTP/1.1 200 OK"
2026-05-08 21:26:25,593 INFO httpx: HTTP Request: GET https://site.api.espn.com/apis/site/v2/sports/soccer/eng.2/scoreboard?dates=20260508 "HTTP/1.1 200 OK"
2026-05-08 21:26:25,697 INFO httpx: HTTP Request: GET https://www.thesportsdb.com/api/v1/json/123/all_leagues.php "HTTP/1.1 200 OK"
2026-05-08 21:26:25,794 INFO httpx: HTTP Request: GET https://gnews.io/api/v4/search?apikey=1d7347bb2e143672fa57ebb3e52552c3&q=%28%22Levante+UD%22+OR+%22Levante%22+OR+%22CA+Osasuna%22+OR+%22Ca+Osasuna%22%29+AND+%28football+OR+soccer+OR+match+OR+lineup+OR+injury+OR+suspension%29&lang=en&max=2&from=2026-05-05T18%3A26%3A25Z&sortby=publishedAt&in=title%2Cdescription "HTTP/1.1 200 OK"
2026-05-08 21:26:25,841 INFO httpx: HTTP Request: GET https://site.api.espn.com/apis/site/v2/sports/soccer/eng.2/scoreboard?dates=20260509 "HTTP/1.1 200 OK"
2026-05-08 21:26:25,896 INFO httpx: HTTP Request: GET https://www.thesportsdb.com/api/v1/json/123/lookuptable.php?l=4330 "HTTP/1.1 200 OK"
2026-05-08 21:26:25,909 INFO httpx: HTTP Request: GET https://site.api.espn.com/apis/site/v2/sports/soccer/eng.2/scoreboard?dates=20260510 "HTTP/1.1 200 OK"
2026-05-08 21:26:25,917 INFO httpx: HTTP Request: GET https://footballperformanceapi.site/database/ratings?team=Club+Deportivo+Nueva+Santa+Cruz&league=Bolivia+-+Copa+Simon+Bolivar&limit=80 "HTTP/1.1 200 OK"
2026-05-08 21:26:25,960 INFO httpx: HTTP Request: GET https://api.sstats.net/Games/list?from=2026-03-24&to=2026-03-30&limit=1000&offset=0&apikey=5d28lcr3a2d9gaaj "HTTP/1.1 200 OK"
2026-05-08 21:26:25,972 INFO httpx: HTTP Request: GET https://site.api.espn.com/apis/site/v2/sports/soccer/eng.2/scoreboard?dates=20260511 "HTTP/1.1 200 OK"
2026-05-08 21:26:26,006 INFO httpx: HTTP Request: GET https://www.thesportsdb.com/api/v1/json/123/lookuptable.php?l=4329 "HTTP/1.1 200 OK"
2026-05-08 21:26:26,032 INFO httpx: HTTP Request: GET https://site.api.espn.com/apis/site/v2/sports/soccer/eng.2/scoreboard?dates=20260512 "HTTP/1.1 200 OK"
2026-05-08 21:26:26,052 INFO httpx: HTTP Request: GET https://footballperformanceapi.site/database/ratings?team=Real+Santa+Cruz&league=Bolivia+-+Copa+Simon+Bolivar&limit=80 "HTTP/1.1 200 OK"
2026-05-08 21:26:26,114 INFO httpx: HTTP Request: GET https://www.thesportsdb.com/api/v1/json/123/lookuptable.php?l=4329 "HTTP/1.1 200 OK"
2026-05-08 21:26:26,190 INFO httpx: HTTP Request: GET https://footballperformanceapi.site/database/ratings?team=Hull+City&league=England+-+Championship&limit=80 "HTTP/1.1 200 OK"
2026-05-08 21:26:26,232 INFO httpx: HTTP Request: GET https://www.thesportsdb.com/api/v1/json/123/lookuptable.php?l=4338 "HTTP/1.1 200 OK"
2026-05-08 21:26:26,253 INFO httpx: HTTP Request: GET https://site.api.espn.com/apis/site/v2/sports/soccer/esp.1/scoreboard?dates=20260508 "HTTP/1.1 200 OK"
2026-05-08 21:26:26,262 INFO httpx: HTTP Request: GET https://site.api.espn.com/apis/site/v2/sports/soccer/esp.1/scoreboard?dates=20260509 "HTTP/1.1 200 OK"
2026-05-08 21:26:26,313 INFO httpx: HTTP Request: GET https://footballperformanceapi.site/database/ratings?team=Millwall+FC&league=England+-+Championship&limit=80 "HTTP/1.1 200 OK"
2026-05-08 21:26:26,360 INFO httpx: HTTP Request: GET https://www.thesportsdb.com/api/v1/json/123/lookuptable.php?l=4335 "HTTP/1.1 200 OK"
2026-05-08 21:26:26,438 INFO httpx: HTTP Request: GET https://footballperformanceapi.site/database/ratings?team=Saint+Patrick%C2%B4s+Athletic+FC&league=Ireland+-+Premier+Division&limit=80 "HTTP/1.1 200 OK"
2026-05-08 21:26:26,477 INFO httpx: HTTP Request: GET https://www.thesportsdb.com/api/v1/json/123/lookuptable.php?l=4330 "HTTP/1.1 200 OK"
2026-05-08 21:26:26,549 INFO httpx: HTTP Request: GET https://site.api.espn.com/apis/site/v2/sports/soccer/esp.1/scoreboard?dates=20260510 "HTTP/1.1 200 OK"
2026-05-08 21:26:26,575 INFO httpx: HTTP Request: GET https://footballperformanceapi.site/database/ratings?team=Waterford+FC&league=Ireland+-+Premier+Division&limit=80 "HTTP/1.1 200 OK"
2026-05-08 21:26:26,613 INFO httpx: HTTP Request: GET https://site.api.espn.com/apis/site/v2/sports/soccer/esp.1/scoreboard?dates=20260511 "HTTP/1.1 200 OK"
2026-05-08 21:26:26,714 INFO httpx: HTTP Request: GET https://footballperformanceapi.site/database/ratings?team=Wisla+Krakow&league=Poland+-+I+Liga&limit=80 "HTTP/1.1 200 OK"
2026-05-08 21:26:26,821 INFO httpx: HTTP Request: GET https://sports.bzzoiro.com/api/events/?date_from=2026-05-08&date_to=2026-05-08&tz=UTC&page=1 "HTTP/1.1 200 OK"
2026-05-08 21:26:26,843 INFO httpx: HTTP Request: GET https://site.api.espn.com/apis/site/v2/sports/soccer/esp.1/scoreboard?dates=20260512 "HTTP/1.1 200 OK"
2026-05-08 21:26:26,848 INFO httpx: HTTP Request: GET https://footballperformanceapi.site/database/ratings?team=Chrobry+Glogow&league=Poland+-+I+Liga&limit=80 "HTTP/1.1 200 OK"
2026-05-08 21:26:26,849 INFO httpx: HTTP Request: GET https://site.api.espn.com/apis/site/v2/sports/soccer/eng.1/scoreboard?dates=20260508 "HTTP/1.1 200 OK"
2026-05-08 21:26:26,857 INFO httpx: HTTP Request: GET https://site.api.espn.com/apis/site/v2/sports/soccer/eng.1/scoreboard?dates=20260509 "HTTP/1.1 200 OK"
2026-05-08 21:26:26,973 INFO httpx: HTTP Request: GET https://footballperformanceapi.site/database/ratings?team=Levante+UD&league=Spain+-+LaLiga&limit=80 "HTTP/1.1 200 OK"
2026-05-08 21:26:26,975 INFO httpx: HTTP Request: GET https://gnews.io/api/v4/search?apikey=1d7347bb2e143672fa57ebb3e52552c3&q=%28%22Wisla+Krakow%22+OR+%22Wisla%22+OR+%22Chrobry+Glogow%22+OR+%22Chrobry%22%29+AND+%28football+OR+soccer+OR+match+OR+lineup+OR+injury+OR+suspension%29&lang=en&max=2&from=2026-05-05T18%3A26%3A25Z&sortby=publishedAt&in=title%2Cdescription "HTTP/1.1 200 OK"
2026-05-08 21:26:27,066 INFO httpx: HTTP Request: GET https://site.api.espn.com/apis/site/v2/sports/soccer/eng.1/scoreboard?dates=20260510 "HTTP/1.1 200 OK"
2026-05-08 21:26:27,101 INFO httpx: HTTP Request: GET https://footballperformanceapi.site/database/ratings?team=CA+Osasuna&league=Spain+-+LaLiga&limit=80 "HTTP/1.1 200 OK"
2026-05-08 21:26:27,126 INFO httpx: HTTP Request: GET https://site.api.espn.com/apis/site/v2/sports/soccer/eng.1/scoreboard?dates=20260511 "HTTP/1.1 200 OK"
2026-05-08 21:26:27,131 INFO httpx: HTTP Request: GET https://site.api.espn.com/apis/site/v2/sports/soccer/eng.1/scoreboard?dates=20260512 "HTTP/1.1 200 OK"
2026-05-08 21:26:27,136 INFO httpx: HTTP Request: GET https://site.api.espn.com/apis/site/v2/sports/soccer/eng.3/scoreboard?dates=20260508 "HTTP/1.1 200 OK"
2026-05-08 21:26:27,208 INFO httpx: HTTP Request: GET https://site.api.espn.com/apis/site/v2/sports/soccer/eng.3/scoreboard?dates=20260509 "HTTP/1.1 200 OK"
2026-05-08 21:26:27,229 INFO httpx: HTTP Request: GET https://footballperformanceapi.site/database/ratings?team=Leiknir+Reykjavik&league=Iceland+-+1.+deild&limit=80 "HTTP/1.1 200 OK"
2026-05-08 21:26:27,276 INFO httpx: HTTP Request: GET https://site.api.espn.com/apis/site/v2/sports/soccer/eng.3/scoreboard?dates=20260510 "HTTP/1.1 200 OK"
2026-05-08 21:26:27,350 INFO httpx: HTTP Request: GET https://site.api.espn.com/apis/site/v2/sports/soccer/eng.3/scoreboard?dates=20260511 "HTTP/1.1 200 OK"
2026-05-08 21:26:27,352 INFO httpx: HTTP Request: GET https://api.sstats.net/Games/list?from=2026-03-24&to=2026-03-30&limit=1000&offset=1000&apikey=5d28lcr3a2d9gaaj "HTTP/1.1 200 OK"
2026-05-08 21:26:27,357 INFO httpx: HTTP Request: GET https://footballperformanceapi.site/database/ratings?team=Afturelding&league=Iceland+-+1.+deild&limit=80 "HTTP/1.1 200 OK"
2026-05-08 21:26:27,489 INFO httpx: HTTP Request: GET https://footballperformanceapi.site/database/ratings?team=UMF+Njardvik&league=Iceland+-+1.+deild&limit=80 "HTTP/1.1 200 OK"
2026-05-08 21:26:27,574 INFO httpx: HTTP Request: GET https://site.api.espn.com/apis/site/v2/sports/soccer/eng.3/scoreboard?dates=20260512 "HTTP/1.1 200 OK"
2026-05-08 21:26:27,579 INFO httpx: HTTP Request: GET https://site.api.espn.com/apis/site/v2/sports/soccer/eng.4/scoreboard?dates=20260508 "HTTP/1.1 200 OK"
2026-05-08 21:26:27,590 INFO httpx: HTTP Request: GET https://site.api.espn.com/apis/site/v2/sports/soccer/eng.4/scoreboard?dates=20260509 "HTTP/1.1 200 OK"
2026-05-08 21:26:27,628 INFO httpx: HTTP Request: GET https://footballperformanceapi.site/database/ratings?team=Fylkir+Reykjavik&league=Iceland+-+1.+deild&limit=80 "HTTP/1.1 200 OK"
2026-05-08 21:26:27,659 INFO httpx: HTTP Request: GET https://site.api.espn.com/apis/site/v2/sports/soccer/eng.4/scoreboard?dates=20260510 "HTTP/1.1 200 OK"
2026-05-08 21:26:27,684 INFO httpx: HTTP Request: GET https://api.sstats.net/Games/list?from=2026-03-24&to=2026-03-30&limit=1000&offset=2000&apikey=5d28lcr3a2d9gaaj "HTTP/1.1 200 OK"
2026-05-08 21:26:27,754 INFO httpx: HTTP Request: GET https://footballperformanceapi.site/database/ratings?team=Breidablik+Kopavogur&league=Iceland+-+Besta+deild&limit=80 "HTTP/1.1 200 OK"
2026-05-08 21:26:27,901 INFO httpx: HTTP Request: GET https://site.api.espn.com/apis/site/v2/sports/soccer/eng.4/scoreboard?dates=20260511 "HTTP/1.1 200 OK"
2026-05-08 21:26:27,907 INFO httpx: HTTP Request: GET https://api.football-data.org/v4/matches?dateFrom=2026-05-08&dateTo=2026-05-10&status=SCHEDULED%2CTIMED&limit=200 "HTTP/1.1 200 "
2026-05-08 21:26:52,784 INFO httpx: HTTP Request: GET https://footballperformanceapi.site/database/ratings?team=FH+Hafnarfjordur&league=Iceland+-+Besta+deild&limit=80 "HTTP/1.1 200 OK"
2026-05-08 21:26:52,785 INFO httpx: HTTP Request: GET https://sports.bzzoiro.com/api/predictions/?upcoming=true&date_from=2026-05-08&date_to=2026-05-08&tz=UTC&page=1 "HTTP/1.1 200 OK"
2026-05-08 21:26:52,785 INFO httpx: HTTP Request: GET https://site.api.espn.com/apis/site/v2/sports/soccer/eng.4/scoreboard?dates=20260512 "HTTP/1.1 200 OK"
2026-05-08 21:26:52,786 INFO httpx: HTTP Request: GET https://api.sstats.net/Games/list?from=2026-03-24&to=2026-03-30&limit=1000&offset=3000&apikey=5d28lcr3a2d9gaaj "HTTP/1.1 200 OK"
2026-05-08 21:26:52,787 INFO httpx: HTTP Request: GET https://api.currentsapi.services/v1/search?query=%28%22Levante+UD%22+OR+%22Levante%22+OR+%22CA+Osasuna%22+OR+%22Ca+Osasuna%22%29+AND+%28football+OR+soccer+OR+match+OR+lineup+OR+injury+OR+suspension%29&language=en&category=sports&type=1&start_date=2026-05-05T18%3A26%3A25Z&page_number=1&page_size=2&limit=2&apiKey=lgZC9eGabc8U3Bh8qX73PiIvhKawbPFN0ZIHUzdCDiIO6mBT "HTTP/1.1 200 OK"
2026-05-08 21:26:52,854 INFO httpx: HTTP Request: GET https://site.api.espn.com/apis/site/v2/sports/soccer/eng.5/scoreboard?dates=20260508 "HTTP/1.1 200 OK"
2026-05-08 21:26:52,863 INFO httpx: HTTP Request: GET https://newsapi.org/v2/everything?q=%28%22Levante+UD%22+OR+%22Levante%22+OR+%22CA+Osasuna%22+OR+%22Ca+Osasuna%22%29+AND+%28football+OR+soccer+OR+match+OR+lineup+OR+injury+OR+suspension%29&searchIn=title%2Cdescription&language=en&from=2026-05-05T18%3A26%3A25Z&sortBy=publishedAt&pageSize=2 "HTTP/1.1 200 OK"
2026-05-08 21:26:52,917 INFO httpx: HTTP Request: GET https://site.api.espn.com/apis/site/v2/sports/soccer/eng.5/scoreboard?dates=20260509 "HTTP/1.1 200 OK"
2026-05-08 21:26:52,940 INFO httpx: HTTP Request: GET https://footballperformanceapi.site/database/ratings?team=Fram+Reykjavik&league=Iceland+-+Besta+deild&limit=80 "HTTP/1.1 200 OK"
2026-05-08 21:26:52,957 INFO httpx: HTTP Request: GET https://api.sstats.net/Games/list?from=2026-03-31&to=2026-04-06&limit=1000&offset=0&apikey=5d28lcr3a2d9gaaj "HTTP/1.1 200 OK"
2026-05-08 21:26:53,073 INFO httpx: HTTP Request: GET https://footballperformanceapi.site/database/ratings?team=Valur+Reykjavik&league=Iceland+-+Besta+deild&limit=80 "HTTP/1.1 200 OK"
2026-05-08 21:26:53,203 INFO httpx: HTTP Request: GET https://footballperformanceapi.site/database/ratings?team=IA+Akranes&league=Iceland+-+Besta+deild&limit=80 "HTTP/1.1 200 OK"
2026-05-08 21:26:53,276 INFO httpx: HTTP Request: GET https://api.sstats.net/Games/list?from=2026-03-31&to=2026-04-06&limit=1000&offset=1000&apikey=5d28lcr3a2d9gaaj "HTTP/1.1 200 OK"
2026-05-08 21:26:53,339 INFO httpx: HTTP Request: GET https://footballperformanceapi.site/database/ratings?team=Keflavik+IF&league=Iceland+-+Besta+deild&limit=80 "HTTP/1.1 200 OK"
2026-05-08 21:26:53,354 INFO httpx: HTTP Request: GET https://site.api.espn.com/apis/site/v2/sports/soccer/eng.5/scoreboard?dates=20260510 "HTTP/1.1 200 OK"
2026-05-08 21:28:04,670 INFO httpx: HTTP Request: GET https://footballperformanceapi.site/database/ratings?team=Stjarnan+Gardabae&league=Iceland+-+Besta+deild&limit=80 "HTTP/1.1 200 OK"
2026-05-08 21:28:04,670 INFO httpx: HTTP Request: GET https://api.football-data.org/v4/competitions/ELC/standings "HTTP/1.1 200 "
2026-05-08 21:28:04,671 INFO httpx: HTTP Request: GET https://site.api.espn.com/apis/site/v2/sports/soccer/eng.5/scoreboard?dates=20260511 "HTTP/1.1 200 OK"
2026-05-08 21:28:04,672 INFO httpx: HTTP Request: GET https://api.currentsapi.services/v1/search?query=%28%22Wisla+Krakow%22+OR+%22Wisla%22+OR+%22Chrobry+Glogow%22+OR+%22Chrobry%22%29+AND+%28football+OR+soccer+OR+match+OR+lineup+OR+injury+OR+suspension%29&language=en&category=sports&type=1&start_date=2026-05-05T18%3A26%3A25Z&page_number=1&page_size=2&limit=2&apiKey=lgZC9eGabc8U3Bh8qX73PiIvhKawbPFN0ZIHUzdCDiIO6mBT "HTTP/1.1 200 OK"
2026-05-08 21:28:04,737 INFO httpx: HTTP Request: GET https://site.api.espn.com/apis/site/v2/sports/soccer/eng.5/scoreboard?dates=20260512 "HTTP/1.1 200 OK"
2026-05-08 21:28:04,746 INFO httpx: HTTP Request: GET https://newsapi.org/v2/everything?q=%28%22Wisla+Krakow%22+OR+%22Wisla%22+OR+%22Chrobry+Glogow%22+OR+%22Chrobry%22%29+AND+%28football+OR+soccer+OR+match+OR+lineup+OR+injury+OR+suspension%29&searchIn=title%2Cdescription&language=en&from=2026-05-05T18%3A26%3A25Z&sortBy=publishedAt&pageSize=2 "HTTP/1.1 200 OK"
2026-05-08 21:28:04,795 INFO httpx: HTTP Request: GET https://site.api.espn.com/apis/site/v2/sports/soccer/esp.2/scoreboard?dates=20260508 "HTTP/1.1 200 OK"
2026-05-08 21:28:12,186 INFO httpx: HTTP Request: GET https://footballperformanceapi.site/database/ratings?team=KR+Reykjavik&league=Iceland+-+Besta+deild&limit=80 "HTTP/1.1 200 OK"
2026-05-08 21:28:12,186 INFO httpx: HTTP Request: GET https://site.api.espn.com/apis/site/v2/sports/soccer/esp.2/scoreboard?dates=20260509 "HTTP/1.1 200 OK"
2026-05-08 21:28:12,187 INFO httpx: HTTP Request: GET https://api.currentsapi.services/v1/search?query=%28%22Hull+City%22+OR+%22Hull%22+OR+%22Millwall+FC%22+OR+%22Millwall%22%29+AND+%28football+OR+soccer+OR+match+OR+lineup+OR+injury+OR+suspension%29&language=en&category=sports&type=1&start_date=2026-05-05T18%3A26%3A25Z&page_number=1&page_size=2&limit=2&apiKey=lgZC9eGabc8U3Bh8qX73PiIvhKawbPFN0ZIHUzdCDiIO6mBT "HTTP/1.1 200 OK"
2026-05-08 21:28:12,255 INFO httpx: HTTP Request: GET https://site.api.espn.com/apis/site/v2/sports/soccer/esp.2/scoreboard?dates=20260510 "HTTP/1.1 200 OK"
2026-05-08 21:28:12,322 INFO httpx: HTTP Request: GET https://site.api.espn.com/apis/site/v2/sports/soccer/esp.2/scoreboard?dates=20260511 "HTTP/1.1 200 OK"
2026-05-08 21:28:12,326 INFO httpx: HTTP Request: GET https://footballperformanceapi.site/database/ratings?team=Atletico+Madrid+B&league=Spain+-+Primera+Federacion&limit=80 "HTTP/1.1 200 OK"
2026-05-08 21:28:12,454 INFO httpx: HTTP Request: GET https://footballperformanceapi.site/database/ratings?team=CE+Sabadell+FC&league=Spain+-+Primera+Federacion&limit=80 "HTTP/1.1 200 OK"
2026-05-08 21:28:12,542 INFO httpx: HTTP Request: GET https://site.api.espn.com/apis/site/v2/sports/soccer/esp.2/scoreboard?dates=20260512 "HTTP/1.1 200 OK"
2026-05-08 21:28:12,546 INFO httpx: HTTP Request: GET https://site.api.espn.com/apis/site/v2/sports/soccer/ita.1/scoreboard?dates=20260508 "HTTP/1.1 200 OK"
2026-05-08 21:28:12,587 INFO httpx: HTTP Request: GET https://footballperformanceapi.site/database/ratings?team=Boca+Juniors+de+Cali&league=Colombia+-+Copa+Colombia&limit=80 "HTTP/1.1 200 OK"
2026-05-08 21:28:12,605 INFO httpx: HTTP Request: GET https://site.api.espn.com/apis/site/v2/sports/soccer/ita.1/scoreboard?dates=20260509 "HTTP/1.1 200 OK"
2026-05-08 21:28:12,664 INFO httpx: HTTP Request: GET https://site.api.espn.com/apis/site/v2/sports/soccer/ita.1/scoreboard?dates=20260510 "HTTP/1.1 200 OK"
2026-05-08 21:28:12,682 INFO httpx: HTTP Request: GET https://api.football-data.org/v4/competitions/PD/standings "HTTP/1.1 200 "
2026-05-08 21:28:12,718 INFO httpx: HTTP Request: GET https://footballperformanceapi.site/database/ratings?team=Alianza+FC+Valledupar&league=Colombia+-+Copa+Colombia&limit=80 "HTTP/1.1 200 OK"
2026-05-08 21:28:12,729 INFO httpx: HTTP Request: GET https://site.api.espn.com/apis/site/v2/sports/soccer/ita.1/scoreboard?dates=20260511 "HTTP/1.1 200 OK"
2026-05-08 21:28:12,858 INFO httpx: HTTP Request: GET https://footballperformanceapi.site/database/ratings?team=Fortaleza+FC&league=Colombia+-+Copa+Colombia&limit=80 "HTTP/1.1 200 OK"
2026-05-08 21:28:12,945 INFO httpx: HTTP Request: GET https://site.api.espn.com/apis/site/v2/sports/soccer/ita.1/scoreboard?dates=20260512 "HTTP/1.1 200 OK"
2026-05-08 21:28:12,957 INFO httpx: HTTP Request: GET https://site.api.espn.com/apis/site/v2/sports/soccer/ita.2/scoreboard?dates=20260508 "HTTP/1.1 200 OK"
2026-05-08 21:28:12,985 INFO httpx: HTTP Request: GET https://footballperformanceapi.site/database/ratings?team=Itagui+Leones+FC&league=Colombia+-+Copa+Colombia&limit=80 "HTTP/1.1 200 OK"
2026-05-08 21:28:13,025 INFO httpx: HTTP Request: GET https://site.api.espn.com/apis/site/v2/sports/soccer/ita.2/scoreboard?dates=20260509 "HTTP/1.1 200 OK"
2026-05-08 21:28:13,112 INFO httpx: HTTP Request: GET https://footballperformanceapi.site/database/ratings?team=IR+Reykjavik&league=Iceland+-+1.+deild&limit=80 "HTTP/1.1 200 OK"
2026-05-08 21:28:13,116 INFO httpx: HTTP Request: GET https://site.api.espn.com/apis/site/v2/sports/soccer/ita.2/scoreboard?dates=20260510 "HTTP/1.1 200 OK"
2026-05-08 21:28:13,236 INFO httpx: HTTP Request: GET https://footballperformanceapi.site/database/ratings?team=UMF+Grindavik&league=Iceland+-+1.+deild&limit=80 "HTTP/1.1 200 OK"
2026-05-08 21:28:13,344 INFO httpx: HTTP Request: GET https://site.api.espn.com/apis/site/v2/sports/soccer/ita.2/scoreboard?dates=20260511 "HTTP/1.1 200 OK"
2026-05-08 21:28:13,371 INFO httpx: HTTP Request: GET https://footballperformanceapi.site/database/ratings?team=Kawkab+Athletic+Club+of+Marrakech&league=Morocco+-+Botola+Pro+D1&limit=80 "HTTP/1.1 200 OK"
2026-05-08 21:28:13,424 INFO httpx: HTTP Request: GET https://site.api.espn.com/apis/site/v2/sports/soccer/ita.2/scoreboard?dates=20260512 "HTTP/1.1 200 OK"
2026-05-08 21:28:13,432 INFO httpx: HTTP Request: GET https://site.api.espn.com/apis/site/v2/sports/soccer/ger.1/scoreboard?dates=20260508 "HTTP/1.1 200 OK"
2026-05-08 21:28:13,477 INFO httpx: HTTP Request: GET https://sports.bzzoiro.com/api/predictions/?date_from=2026-05-08&date_to=2026-05-09&upcoming=true&tz=UTC&page=1 "HTTP/1.1 200 OK"
2026-05-08 21:28:13,493 INFO httpx: HTTP Request: GET https://site.api.espn.com/apis/site/v2/sports/soccer/ger.1/scoreboard?dates=20260509 "HTTP/1.1 200 OK"
2026-05-08 21:28:13,498 INFO httpx: HTTP Request: GET https://footballperformanceapi.site/database/ratings?team=Renaissance+Zemamra&league=Morocco+-+Botola+Pro+D1&limit=80 "HTTP/1.1 200 OK"
2026-05-08 21:28:13,554 INFO httpx: HTTP Request: GET https://site.api.espn.com/apis/site/v2/sports/soccer/ger.1/scoreboard?dates=20260510 "HTTP/1.1 200 OK"
2026-05-08 21:28:13,562 INFO httpx: HTTP Request: GET https://site.api.espn.com/apis/site/v2/sports/soccer/ger.1/scoreboard?dates=20260511 "HTTP/1.1 200 OK"
2026-05-08 21:28:13,569 INFO httpx: HTTP Request: GET https://site.api.espn.com/apis/site/v2/sports/soccer/ger.1/scoreboard?dates=20260512 "HTTP/1.1 200 OK"
2026-05-08 21:28:13,602 INFO httpx: HTTP Request: GET https://api.football-data.org/v4/competitions/ELC/matches?limit=220&season=2025 "HTTP/1.1 200 "
2026-05-08 21:28:13,623 INFO httpx: HTTP Request: GET https://footballperformanceapi.site/database/ratings?team=Resistencia+SC&league=Paraguay+-+Segunda+Division&limit=80 "HTTP/1.1 200 OK"
2026-05-08 21:28:13,738 INFO httpx: HTTP Request: GET https://sports.core.api.espn.com/v2/sports/soccer/leagues/eng.2/events/401871353/competitions/401871353/probabilities "HTTP/1.1 400 Bad Request"
2026-05-08 21:28:13,748 INFO httpx: HTTP Request: GET https://footballperformanceapi.site/database/ratings?team=Paraguari+AC&league=Paraguay+-+Segunda+Division&limit=80 "HTTP/1.1 200 OK"
2026-05-08 21:28:13,752 INFO httpx: HTTP Request: GET https://site.api.espn.com/apis/site/v2/sports/soccer/eng.2/summary?event=401871353 "HTTP/1.1 200 OK"
2026-05-08 21:28:13,784 INFO httpx: HTTP Request: GET https://sports.core.api.espn.com/v2/sports/soccer/leagues/esp.1/events/748491/competitions/748491/probabilities "HTTP/1.1 400 Bad Request"
2026-05-08 21:28:13,792 INFO httpx: HTTP Request: GET https://site.api.espn.com/apis/site/v2/sports/soccer/esp.1/summary?event=748491 "HTTP/1.1 200 OK"
2026-05-08 21:28:14,101 INFO httpx: HTTP Request: GET https://footballperformanceapi.site/database/ratings?team=UTC+de+Cajamarca&league=Peru+-+Liga+1&limit=80 "HTTP/1.1 200 OK"
2026-05-08 21:28:14,120 INFO httpx: HTTP Request: GET https://api.football-data.org/v4/competitions/PD/matches?limit=220&season=2025 "HTTP/1.1 200 "
2026-05-08 21:28:14,262 INFO httpx: HTTP Request: GET https://footballperformanceapi.site/database/ratings?team=FC+Cajamarca&league=Peru+-+Liga+1&limit=80 "HTTP/1.1 200 OK"
2026-05-08 21:28:14,385 INFO httpx: HTTP Request: GET https://footballperformanceapi.site/database/ratings?team=UD+Telde&league=Spain+Amateur+-+Tercera+Federacion%2C+Group+12&limit=80 "HTTP/1.1 200 OK"
2026-05-08 21:28:14,508 INFO httpx: HTTP Request: GET https://footballperformanceapi.site/database/ratings?team=UD+Villa+Santa+Brigida&league=Spain+Amateur+-+Tercera+Federacion%2C+Group+12&limit=80 "HTTP/1.1 200 OK"
2026-05-08 21:28:27,600 INFO httpx: HTTP Request: GET https://footballperformanceapi.site/database/ratings?team=Carlos+A+Mannucci&league=Peru+-+Liga+Femenina&limit=80 "HTTP/1.1 200 OK"
2026-05-08 21:28:27,600 INFO httpx: HTTP Request: GET https://api.currentsapi.services/v1/search?query=%28%22Club+Deportivo+Nueva+Santa+Cruz%22+OR+%22Nueva+Santa+Cruz%22+OR+%22Real+Santa+Cruz%22+OR+%22Real+Santa%22%29+AND+%28football+OR+soccer+OR+match+OR+lineup+OR+injury+OR+suspension%29&language=en&category=sports&type=1&start_date=2026-05-05T18%3A26%3A25Z&page_number=1&page_size=2&limit=2&apiKey=lgZC9eGabc8U3Bh8qX73PiIvhKawbPFN0ZIHUzdCDiIO6mBT "HTTP/1.1 200 OK"
2026-05-08 21:28:27,734 INFO httpx: HTTP Request: GET https://footballperformanceapi.site/database/ratings?team=Club+Alianza+Lima&league=Peru+-+Liga+Femenina&limit=80 "HTTP/1.1 200 OK"
2026-05-08 21:28:27,865 INFO httpx: HTTP Request: GET https://footballperformanceapi.site/database/ratings?team=LDU+Portoviejo&league=Ecuador+-+Serie+B&limit=80 "HTTP/1.1 200 OK"
2026-05-08 21:28:27,993 INFO httpx: HTTP Request: GET https://footballperformanceapi.site/database/ratings?team=Atletico+Rojiblanco&league=Ecuador+-+Serie+B&limit=80 "HTTP/1.1 200 OK"
2026-05-08 21:28:28,114 INFO httpx: HTTP Request: GET https://footballperformanceapi.site/database/ratings?team=Defensores+de+Cambaceres&league=Argentina+-+Primera+C&limit=80 "HTTP/1.1 200 OK"
2026-05-08 21:28:28,237 INFO httpx: HTTP Request: GET https://footballperformanceapi.site/database/ratings?team=Club+Mercedes&league=Argentina+-+Primera+C&limit=80 "HTTP/1.1 200 OK"
2026-05-08 21:28:28,366 INFO httpx: HTTP Request: GET https://footballperformanceapi.site/database/ratings?team=FC+Supra+Du+Quebec&league=Canada+-+Canadian+Championship&limit=80 "HTTP/1.1 200 OK"
2026-05-08 21:28:28,488 INFO httpx: HTTP Request: GET https://footballperformanceapi.site/database/ratings?team=Woodbridge+Strikers&league=Canada+-+Canadian+Championship&limit=80 "HTTP/1.1 200 OK"
2026-05-08 21:28:28,617 INFO httpx: HTTP Request: GET https://footballperformanceapi.site/database/ratings?team=Barranquilla+FC&league=Colombia+-+Primera+B&limit=80 "HTTP/1.1 200 OK"
2026-05-08 21:28:28,743 INFO httpx: HTTP Request: GET https://footballperformanceapi.site/database/ratings?team=Bogota+FC&league=Colombia+-+Primera+B&limit=80 "HTTP/1.1 200 OK"
2026-05-08 21:28:28,867 INFO httpx: HTTP Request: GET https://footballperformanceapi.site/database/ratings?team=Carapegua&league=Paraguay+-+Segunda+Division&limit=80 "HTTP/1.1 200 OK"
2026-05-08 21:28:28,992 INFO httpx: HTTP Request: GET https://footballperformanceapi.site/database/ratings?team=12+de+Junio+de+Villa+Hayes&league=Paraguay+-+Segunda+Division&limit=80 "HTTP/1.1 200 OK"
2026-05-08 21:28:29,121 INFO httpx: HTTP Request: GET https://footballperformanceapi.site/database/ratings?team=Montevideo+Wanderers&league=Uruguay+-+Primera+Division&limit=80 "HTTP/1.1 200 OK"
2026-05-08 21:28:29,243 INFO httpx: HTTP Request: GET https://footballperformanceapi.site/database/ratings?team=Liverpool+Montevideo&league=Uruguay+-+Primera+Division&limit=80 "HTTP/1.1 429 Too Many Requests"
2026-05-08 21:28:29,372 INFO httpx: HTTP Request: GET https://footballperformanceapi.site/database/ratings?team=CA+Excursionistas&league=Argentina+-+Primera+B&limit=80 "HTTP/1.1 429 Too Many Requests"
2026-05-08 21:28:29,495 INFO httpx: HTTP Request: GET https://footballperformanceapi.site/database/ratings?team=CD+UAI+Urquiza&league=Argentina+-+Primera+B&limit=80 "HTTP/1.1 429 Too Many Requests"
2026-05-08 21:28:29,618 INFO httpx: HTTP Request: GET https://footballperformanceapi.site/database/ratings?team=Serra+FC+ES&league=Brazil+-+Copa+Espirito+Santo&limit=80 "HTTP/1.1 429 Too Many Requests"
2026-05-08 21:28:29,742 INFO httpx: HTTP Request: GET https://footballperformanceapi.site/database/ratings?team=SC+Brasil+Capixaba+ES&league=Brazil+-+Copa+Espirito+Santo&limit=80 "HTTP/1.1 429 Too Many Requests"
2026-05-08 21:28:29,878 INFO httpx: HTTP Request: GET https://footballperformanceapi.site/database/ratings?team=We+United&league=Dominica+-+DFA+Premier&limit=80 "HTTP/1.1 429 Too Many Requests"
2026-05-08 21:28:30,004 INFO httpx: HTTP Request: GET https://footballperformanceapi.site/database/ratings?team=Middleham+United+FC&league=Dominica+-+DFA+Premier&limit=80 "HTTP/1.1 429 Too Many Requests"
2026-05-08 21:28:30,186 INFO httpx: HTTP Request: GET https://footballperformanceapi.site/database/ratings?team=CA+Atenas+de+San+Carlos&league=Uruguay+-+Segunda+Division&limit=80 "HTTP/1.1 429 Too Many Requests"
2026-05-08 21:28:30,339 INFO httpx: HTTP Request: GET https://footballperformanceapi.site/database/ratings?team=Uruguay+Montevideo+FC&league=Uruguay+-+Segunda+Division&limit=80 "HTTP/1.1 429 Too Many Requests"
2026-05-08 21:28:30,389 INFO httpx: HTTP Request: GET https://api.currentsapi.services/v1/search?query=%28%22Saint+Patrick%C2%B4s+Athletic+FC%22+OR+%22Saint+Patrick+S+Athletic%22+OR+%22Waterford+FC%22+OR+%22Waterford%22%29+AND+%28football+OR+soccer+OR+match+OR+lineup+OR+injury+OR+suspension%29&language=en&category=sports&type=1&start_date=2026-05-05T18%3A26%3A25Z&page_number=1&page_size=2&limit=2&apiKey=lgZC9eGabc8U3Bh8qX73PiIvhKawbPFN0ZIHUzdCDiIO6mBT "HTTP/1.1 200 OK"
2026-05-08 21:28:30,464 INFO httpx: HTTP Request: GET https://footballperformanceapi.site/database/ratings?team=Inter+Miami+CF+II&league=USA+-+MLS+Next+Pro&limit=80 "HTTP/1.1 429 Too Many Requests"
2026-05-08 21:28:30,588 INFO httpx: HTTP Request: GET https://footballperformanceapi.site/database/ratings?team=Chattanooga+FC&league=USA+-+MLS+Next+Pro&limit=80 "HTTP/1.1 429 Too Many Requests"
2026-05-08 21:28:30,711 INFO httpx: HTTP Request: GET https://footballperformanceapi.site/database/ratings?team=Metropolitanos+FC&league=Venezuela+-+Primera+Division&limit=80 "HTTP/1.1 429 Too Many Requests"
2026-05-08 21:28:30,837 INFO httpx: HTTP Request: GET https://footballperformanceapi.site/database/ratings?team=Estudiantes+de+Merida&league=Venezuela+-+Primera+Division&limit=80 "HTTP/1.1 429 Too Many Requests"
2026-05-08 21:28:30,959 INFO httpx: HTTP Request: GET https://footballperformanceapi.site/database/ratings?team=Lexington+SC&league=USA+-+USL+Championship&limit=80 "HTTP/1.1 429 Too Many Requests"
2026-05-08 21:28:31,086 INFO httpx: HTTP Request: GET https://footballperformanceapi.site/database/ratings?team=Monterey+Bay+FC&league=USA+-+USL+Championship&limit=80 "HTTP/1.1 429 Too Many Requests"
2026-05-08 21:28:31,223 INFO httpx: HTTP Request: GET https://footballperformanceapi.site/database/ratings?team=Launceston+City+FC+2&league=Australia+-+Tasmania+Northern+Championship&limit=80 "HTTP/1.1 429 Too Many Requests"
2026-05-08 21:28:31,354 INFO httpx: HTTP Request: GET https://footballperformanceapi.site/database/ratings?team=Northern+Rangers&league=Australia+-+Tasmania+Northern+Championship&limit=80 "HTTP/1.1 429 Too Many Requests"
2026-05-08 21:28:31,484 INFO httpx: HTTP Request: GET https://footballperformanceapi.site/database/ratings?team=Deportes+Iquique&league=Chile+-+Primera+B&limit=80 "HTTP/1.1 429 Too Many Requests"
2026-05-08 21:28:31,611 INFO httpx: HTTP Request: GET https://footballperformanceapi.site/database/ratings?team=CSD+Rangers&league=Chile+-+Primera+B&limit=80 "HTTP/1.1 429 Too Many Requests"
2026-05-08 21:28:31,738 INFO httpx: HTTP Request: GET https://footballperformanceapi.site/database/ratings?team=Puerto+Montt&league=Chile+-+Primera+B&limit=80 "HTTP/1.1 429 Too Many Requests"
2026-05-08 21:28:31,861 INFO httpx: HTTP Request: GET https://footballperformanceapi.site/database/ratings?team=Deportes+Magallanes&league=Chile+-+Primera+B&limit=80 "HTTP/1.1 429 Too Many Requests"
2026-05-08 21:28:31,986 INFO httpx: HTTP Request: GET https://footballperformanceapi.site/database/ratings?team=Orense+SC&league=Ecuador+-+LigaPro+Primera+A&limit=80 "HTTP/1.1 429 Too Many Requests"
2026-05-08 21:28:32,108 INFO httpx: HTTP Request: GET https://footballperformanceapi.site/database/ratings?team=Leones+Futbol+Club&league=Ecuador+-+LigaPro+Primera+A&limit=80 "HTTP/1.1 429 Too Many Requests"
2026-05-08 21:28:32,236 INFO httpx: HTTP Request: GET https://footballperformanceapi.site/database/ratings?team=Auckland+FC+Reserves&league=New+Zealand+-+National+League&limit=80 "HTTP/1.1 429 Too Many Requests"
2026-05-08 21:28:32,365 INFO httpx: HTTP Request: GET https://footballperformanceapi.site/database/ratings?team=Melville+United+AFC&league=New+Zealand+-+National+League&limit=80 "HTTP/1.1 429 Too Many Requests"
2026-05-08 21:28:32,490 INFO httpx: HTTP Request: GET https://footballperformanceapi.site/database/ratings?team=CA+Banfield&league=Argentina+-+Copa+Argentina&limit=80 "HTTP/1.1 429 Too Many Requests"
2026-05-08 21:28:32,621 INFO httpx: HTTP Request: GET https://footballperformanceapi.site/database/ratings?team=San+Martin+de+Tucuman&league=Argentina+-+Copa+Argentina&limit=80 "HTTP/1.1 429 Too Many Requests"
2026-05-08 21:28:32,748 INFO httpx: HTTP Request: GET https://footballperformanceapi.site/database/ratings?team=Real+Cartagena+FC&league=Colombia+-+Primera+B&limit=80 "HTTP/1.1 429 Too Many Requests"
2026-05-08 21:28:32,777 INFO httpx: HTTP Request: GET https://api.currentsapi.services/v1/search?query=%28%22Leiknir+Reykjavik%22+OR+%22Leiknir%22+OR+%22Afturelding%22%29+AND+%28football+OR+soccer+OR+match+OR+lineup+OR+injury+OR+suspension%29&language=en&category=sports&type=1&start_date=2026-05-05T18%3A26%3A25Z&page_number=1&page_size=2&limit=2&apiKey=lgZC9eGabc8U3Bh8qX73PiIvhKawbPFN0ZIHUzdCDiIO6mBT "HTTP/1.1 200 OK"
2026-05-08 21:28:32,875 INFO httpx: HTTP Request: GET https://footballperformanceapi.site/database/ratings?team=Union+Magdalena&league=Colombia+-+Primera+B&limit=80 "HTTP/1.1 429 Too Many Requests"
2026-05-08 21:28:33,000 INFO httpx: HTTP Request: GET https://footballperformanceapi.site/database/ratings?team=Western+Suburbs+FC&league=New+Zealand+-+National+League&limit=80 "HTTP/1.1 429 Too Many Requests"
2026-05-08 21:28:33,136 INFO httpx: HTTP Request: GET https://footballperformanceapi.site/database/ratings?team=Petone+FC&league=New+Zealand+-+National+League&limit=80 "HTTP/1.1 429 Too Many Requests"
2026-05-08 21:28:33,261 INFO httpx: HTTP Request: GET https://footballperformanceapi.site/database/ratings?team=Colorado+Springs+Switchbacks+FC&league=USA+-+USL+Championship&limit=80 "HTTP/1.1 429 Too Many Requests"
2026-05-08 21:28:33,394 INFO httpx: HTTP Request: GET https://footballperformanceapi.site/database/ratings?team=Orange+County+SC&league=USA+-+USL+Championship&limit=80 "HTTP/1.1 429 Too Many Requests"
2026-05-08 21:28:33,523 INFO httpx: HTTP Request: GET https://footballperformanceapi.site/database/ratings?team=CD+Plaza+Amador&league=Panama+-+Liga+Prom&limit=80 "HTTP/1.1 429 Too Many Requests"
2026-05-08 21:28:33,645 INFO httpx: HTTP Request: GET https://footballperformanceapi.site/database/ratings?team=Academia+Costa+Del+Este&league=Panama+-+Liga+Prom&limit=80 "HTTP/1.1 429 Too Many Requests"
2026-05-08 21:28:33,776 INFO httpx: HTTP Request: GET https://footballperformanceapi.site/database/ratings?team=Arabe+Unido+B&league=Panama+-+Liga+Prom&limit=80 "HTTP/1.1 429 Too Many Requests"
2026-05-08 21:28:33,931 INFO httpx: HTTP Request: GET https://footballperformanceapi.site/database/ratings?team=San+Martin+FC&league=Panama+-+Liga+Prom&limit=80 "HTTP/1.1 429 Too Many Requests"
2026-05-08 21:28:34,063 INFO httpx: HTTP Request: GET https://footballperformanceapi.site/database/ratings?team=Launceston+United+SC+2&league=Australia+-+Tasmania+Northern+Championship&limit=80 "HTTP/1.1 429 Too Many Requests"
2026-05-08 21:28:34,195 INFO httpx: HTTP Request: GET https://footballperformanceapi.site/database/ratings?team=Burnie+United&league=Australia+-+Tasmania+Northern+Championship&limit=80 "HTTP/1.1 429 Too Many Requests"
2026-05-08 21:28:34,325 INFO httpx: HTTP Request: GET https://footballperformanceapi.site/database/ratings?team=Oakland+Stompers&league=USA+-+National+Premier+Soccer+League&limit=80 "HTTP/1.1 429 Too Many Requests"
2026-05-08 21:28:34,452 INFO httpx: HTTP Request: GET https://footballperformanceapi.site/database/ratings?team=Real+San+Jose&league=USA+-+National+Premier+Soccer+League&limit=80 "HTTP/1.1 429 Too Many Requests"
2026-05-08 21:28:35,856 INFO httpx: HTTP Request: GET https://api.currentsapi.services/v1/search?query=%28%22Atletico+Madrid+B%22+OR+%22Atletico+Madrid%22+OR+%22CE+Sabadell+FC%22+OR+%22Ce+Sabadell%22%29+AND+%28football+OR+soccer+OR+match+OR+lineup+OR+injury+OR+suspension%29&language=en&category=sports&type=1&start_date=2026-05-05T18%3A26%3A25Z&page_number=1&page_size=2&limit=2&apiKey=lgZC9eGabc8U3Bh8qX73PiIvhKawbPFN0ZIHUzdCDiIO6mBT "HTTP/1.1 200 OK"
2026-05-08 21:28:38,705 INFO httpx: HTTP Request: GET https://api.currentsapi.services/v1/search?query=%28%22Breidablik+Kopavogur%22+OR+%22Breidablik%22+OR+%22FH+Hafnarfjordur%22+OR+%22Fh+Hafnarfjordur%22%29+AND+%28football+OR+soccer+OR+match+OR+lineup+OR+injury+OR+suspension%29&language=en&category=sports&type=1&start_date=2026-05-05T18%3A26%3A25Z&page_number=1&page_size=2&limit=2&apiKey=lgZC9eGabc8U3Bh8qX73PiIvhKawbPFN0ZIHUzdCDiIO6mBT "HTTP/1.1 200 OK"
2026-05-08 21:28:41,608 INFO httpx: HTTP Request: GET https://api.currentsapi.services/v1/search?query=%28%22Fram+Reykjavik%22+OR+%22Fram%22+OR+%22Valur+Reykjavik%22+OR+%22Valur%22%29+AND+%28football+OR+soccer+OR+match+OR+lineup+OR+injury+OR+suspension%29&language=en&category=sports&type=1&start_date=2026-05-05T18%3A26%3A25Z&page_number=1&page_size=2&limit=2&apiKey=lgZC9eGabc8U3Bh8qX73PiIvhKawbPFN0ZIHUzdCDiIO6mBT "HTTP/1.1 200 OK"
2026-05-08 21:28:44,494 INFO httpx: HTTP Request: GET https://api.currentsapi.services/v1/search?query=%28%22UMF+Njardvik%22+OR+%22Umf+Njardvik%22+OR+%22Fylkir+Reykjavik%22+OR+%22Fylkir%22%29+AND+%28football+OR+soccer+OR+match+OR+lineup+OR+injury+OR+suspension%29&language=en&category=sports&type=1&start_date=2026-05-05T18%3A26%3A25Z&page_number=1&page_size=2&limit=2&apiKey=lgZC9eGabc8U3Bh8qX73PiIvhKawbPFN0ZIHUzdCDiIO6mBT "HTTP/1.1 200 OK"
2026-05-08 21:28:47,290 INFO httpx: HTTP Request: GET https://api.currentsapi.services/v1/search?query=%28%22IA+Akranes%22+OR+%22Ia+Akranes%22+OR+%22Keflavik+IF%22+OR+%22Keflavik+If%22%29+AND+%28football+OR+soccer+OR+match+OR+lineup+OR+injury+OR+suspension%29&language=en&category=sports&type=1&start_date=2026-05-05T18%3A26%3A25Z&page_number=1&page_size=2&limit=2&apiKey=lgZC9eGabc8U3Bh8qX73PiIvhKawbPFN0ZIHUzdCDiIO6mBT "HTTP/1.1 200 OK"
2026-05-08 21:28:48,258 INFO httpx: HTTP Request: GET https://api.weatherapi.com/v1/forecast.json?key=8c3ded8f65204877aaa92730262104&q=Levante+UD&days=2&aqi=no&alerts=no "HTTP/1.1 200 OK"
2026-05-08 21:28:48,399 INFO httpx: HTTP Request: GET https://api.weatherapi.com/v1/forecast.json?key=8c3ded8f65204877aaa92730262104&q=Hull+City&days=2&aqi=no&alerts=no "HTTP/1.1 200 OK"
2026-05-08 21:28:48,541 INFO httpx: HTTP Request: GET https://api.weatherapi.com/v1/forecast.json?key=8c3ded8f65204877aaa92730262104&q=Club+Deportivo+Nueva+Santa+Cruz&days=2&aqi=no&alerts=no "HTTP/1.1 200 OK"
2026-05-08 21:28:48,680 INFO httpx: HTTP Request: GET https://api.weatherapi.com/v1/forecast.json?key=8c3ded8f65204877aaa92730262104&q=Saint+Patrick%C2%B4s+Athletic+FC&days=2&aqi=no&alerts=no "HTTP/1.1 200 OK"
2026-05-08 21:28:48,821 INFO httpx: HTTP Request: GET https://api.weatherapi.com/v1/forecast.json?key=8c3ded8f65204877aaa92730262104&q=Atletico+Madrid+B&days=2&aqi=no&alerts=no "HTTP/1.1 200 OK"
2026-05-08 21:28:48,969 INFO httpx: HTTP Request: GET https://api.weatherapi.com/v1/forecast.json?key=8c3ded8f65204877aaa92730262104&q=Fram+Reykjavik&days=2&aqi=no&alerts=no "HTTP/1.1 200 OK"
2026-05-08 21:28:49,116 INFO httpx: HTTP Request: GET https://api.weatherapi.com/v1/forecast.json?key=8c3ded8f65204877aaa92730262104&q=Kawkab+Athletic+Club+of+Marrakech&days=2&aqi=no&alerts=no "HTTP/1.1 200 OK"
2026-05-08 21:28:49,256 INFO httpx: HTTP Request: GET https://api.weatherapi.com/v1/forecast.json?key=8c3ded8f65204877aaa92730262104&q=Lexington+SC&days=2&aqi=no&alerts=no "HTTP/1.1 200 OK"
2026-05-08 21:28:49,396 INFO httpx: HTTP Request: GET https://api.weatherapi.com/v1/forecast.json?key=8c3ded8f65204877aaa92730262104&q=Deportes+Iquique&days=2&aqi=no&alerts=no "HTTP/1.1 200 OK"
2026-05-08 21:28:49,537 INFO httpx: HTTP Request: GET https://api.weatherapi.com/v1/forecast.json?key=8c3ded8f65204877aaa92730262104&q=Puerto+Montt&days=2&aqi=no&alerts=no "HTTP/1.1 200 OK"
2026-05-08 21:28:49,810 INFO app.services.runner: Prediction run finished: matches=46 candidates=0 publishable=0 telegram=0
{
  "current_time_utc": "2026-05-08T18:28:49.560827+00:00",
  "current_time_local": "2026-05-08T21:28:49.560827+03:00",
  "started_time_utc": "2026-05-08T18:25:49.151718+00:00",
  "started_time_local": "2026-05-08T21:25:49.151718+03:00",
  "app_timezone": "Europe/Moscow",
  "schedule_mode": "forecast",
  "matches_seen": 46,
  "matches_before_publish_window": 74,
  "matches_with_offers": 0,
  "context_matches_requested": 46,
  "context_enrichment": {
    "requires_offers": false,
    "limit": 508,
    "eligible_matches": 46,
    "selected_matches": 46,
    "trimmed_matches": 0,
    "skipped_without_offers": 0,
    "premium_shortlist_limit": 52,
    "matches_with_value_hint": 0,
    "near_miss_queue_items": 0,
    "near_miss_selected": 0,
    "confirmation_gap_candidates": 0,
    "confirmation_gap_selected": 0,
    "min_confirmation_sources": 2,
    "near_window_priority_patch": true,
    "near_window_matches_available": 46,
    "near_window_matches_selected": 46,
    "near_window_context_min_matches": 48,
    "context_target_count_after_patch": 46,
    "near_window_first_keys": [
      "soccer|ca osasuna|levante|2026-05-08",
      "soccer|chrobry glogow|wisla krakow|2026-05-08",
      "soccer|hull city|millwall|2026-05-08",
      "soccer|nueva santa cruz|real santa cruz|2026-05-08",
      "soccer|saint patrick s athletic|waterford|2026-05-08",
      "soccer|afturelding|leiknir reykjavik|2026-05-08",
      "soccer|atletico madrid b|ce sabadell|2026-05-08",
      "soccer|breidablik kopavogur|fh hafnarfjordur|2026-05-08",
      "soccer|fram reykjavik|valur reykjavik|2026-05-08",
      "soccer|fylkir reykjavik|umf njardvik|2026-05-08",
      "soccer|ia akranes|keflavik if|2026-05-08",
      "soccer|kr reykjavik|stjarnan gardabae|2026-05-08"
    ]
  },
  "provider_context_targets": {
    "sstats": 46,
    "bzzoiro": 16,
    "api_football": 0,
    "espn": 11,
    "thesportsdb": 46,
    "football_data": 46,
    "openligadb": 24,
    "futrixmetrics": 46,
    "openfootball": 1,
    "newsapi": 11,
    "gnews": 8,
    "sportlogic": 20,
    "weather": 46
  },
  "contexts_built": 10,
  "self_history_contexts_built": 0,
  "candidates": 0,
  "candidates_publishable": 0,
  "candidates_zero_stake": 0,
  "candidates_raw": 0,
  "candidates_before_quality": 0,
  "candidates_rejected_by_quality": 0,
  "shadow_candidates_tracked": 0,
  "candidates_before_quality_with_derived_market_signal": 0,
  "publishable_with_derived_market_signal": 0,
  "skipped_already_in_state": 0,
  "reused_already_in_state": 0,
  "published": 0,
  "published_to_telegram": 0,
  "prediction_publication_enabled": true,
  "telegram_messages_sent": 0,
  "published_unique_state": 0,
  "dry_run": false,
  "state_path": ".data/state.json",
  "debug_path": ".logs/debug-last-run.json",
  "run_logs_dir": ".logs/runs",
  "storage_export_dir": ".data/exports",
  "filtering": {
    "total_before": 74,
    "total_after": 46,
    "skipped_started": 0,
    "skipped_too_soon": 28,
    "skipped_outside_window": 0,
    "publish_window_hours": 12,
    "min_kickoff_lead_minutes": 30,
    "configured_min_kickoff_lead_minutes": 30,
    "adaptive_min_kickoff_lead_enabled": true,
    "adaptive_min_kickoff_lead_minutes": 20,
    "adaptive_min_kickoff_lead_applied": false,
    "emergency_min_kickoff_lead_enabled": true,
    "emergency_min_kickoff_lead_minutes": 10,
    "emergency_min_kickoff_activation_ratio": 0.85,
    "emergency_min_kickoff_lead_applied": false,
    "force_relaxed_min_kickoff_lead_enabled": true,
    "force_relaxed_min_kickoff_lead_minutes": 10,
    "force_relaxed_min_kickoff_lead_applied": false,
    "manual_late_mode_enabled": false,
    "manual_late_mode_applied": false,
    "manual_late_min_kickoff_lead_minutes": 20,
    "manual_late_adaptive_min_kickoff_lead_minutes": 10,
    "future_matches_in_window": {
      "count": 74
    },
    "too_soon_matches_in_window": {
      "count": 28
    },
    "too_soon_share_of_future_in_window": 0.3784,
    "lead_time_snapshot": {
      "nearest_minutes": 4.2,
      "farthest_minutes": 499.2,
      "sample_minutes": [
        4.2,
        4.2,
        4.2,
        4.2,
        4.2,
        4.2,
        4.2,
        4.2
      ]
    },
    "now_utc": "2026-05-08T18:25:49.151718+00:00",
    "now_local": "2026-05-08T21:25:49.151718+03:00",
    "near_window_priority_filter_patch": true,
    "near_window_priority_first_keys": [
      "soccer|ca osasuna|levante|2026-05-08",
      "soccer|chrobry glogow|wisla krakow|2026-05-08",
      "soccer|hull city|millwall|2026-05-08",
      "soccer|nueva santa cruz|real santa cruz|2026-05-08",
      "soccer|saint patrick s athletic|waterford|2026-05-08",
      "soccer|afturelding|leiknir reykjavik|2026-05-08",
      "soccer|atletico madrid b|ce sabadell|2026-05-08",
      "soccer|breidablik kopavogur|fh hafnarfjordur|2026-05-08",
      "soccer|fram reykjavik|valur reykjavik|2026-05-08",
      "soccer|fylkir reykjavik|umf njardvik|2026-05-08"
    ]
  },
  "bootstrap_provider": "odds_api_io",
  "source_stats": {
    "match_bootstrap": {
      "provider": "odds_api_io",
      "stats": {
        "enabled": true,
        "api_key_present": true,
        "event_requests": 2,
        "response_errors": 0,
        "events_fetched": 100,
        "matches_built": 74,
        "low_tier_skipped": 26,
        "simulated_skipped": 0,
        "event_http_statuses": [
          200,
          200
        ],
        "payload_shapes": [
          "list"
        ],
        "last_body_preview": "[{\"id\":61514184,\"home\":\"Borussia Dortmund\",\"away\":\"Eintracht Frankfurt\",\"homeId\":2673,\"awayId\":2674,\"date\":\"2026-05-08T18:30:00Z\",\"sport\":{\"name\":\"Football\",\"slug\":\"football\"},\"league\":{\"name\":\"Germany - Bundesliga\",\"slug\":\"germany-bundesliga\"},\"status\":\"pending\",\"scores\":{\"home\":0,\"away\":0}},{\"id\":62484376,\"home\":\"US Avellino\",\"away\":\"Modena FC\",\"homeId\":2730,\"awayId\":2706,\"date\":\"2026-05-08T18:30:00Z\",\"sport\":{\"name\":\"Football\",\"slug\":\"football\"},\"league\":{\"name\":\"Italy - Serie B\",\"slug\":\"italy-serie-b\"},\"status\":\"pending\",\"scores\":{\"home\":0,\"away\":0}},{\"id\":62484378,\"home\":\"US Catanzaro\",\"away\":\"SSC Bari\",\"homeId\":2796,\"awayId\":2712,\"date\":\"2026-05-08T18:30:00Z\",\"sport\":{\"name\":\"Football\",\"slug\":\"football\"},\"league\":{\"name\":\"Italy - Serie B\",\"slug\":\"italy-serie-b\"},\"status\":\"pending\",\"scores\":{\"home\":0,\"away\":0}},{\"id\":62484380,\"home\":\"Cesena FC\",\"away\":\"Calcio Padova\",\"homeId\":2742,\"awayId\":2741,\"date\":\"2026-05-08T18:30:00Z\",\"sport\":{\"name\":\"Football\",\"slug\":\"football\"},\"league\":{\"name\":\"Italy - Serie B\",\"slug\":\"italy-serie-b\"},\"status\":\"pending\",\"scores\":{\"home\":0,\"away\":0}},{\"id\":62484382,\"home\":\"Virtus Entella\",\"away\":\"Carrarese Calcio\",\"homeId\":43680,\"awayId\":2745,\"date\":\"2026-05-08T18:30:00Z\",\"sport\":{\"name\":\"Football\",\"slug\":\"football\"},\"league\":{\"name\":\"Italy - Serie B\",\"slug\":\"italy-serie-b\"},\"status\":\"pending\",\"scores\":{\"home\":0,\"away\":0}},{\"id\":62484384,\"home\":\"Frosinone Calcio\",\"away\":\"Mantova 1911\",\"homeId\":2801,\"awayId\":2770,\"date\":\"2026-05-08T18:30:00Z\",\"spo",
        "rate_limited": false,
        "max_http_requests_per_run": 280,
        "budget_exhausted": false
      },
      "attempts": {
        "odds_api_io": {
          "enabled": true,
          "api_key_present": true,
          "event_requests": 2,
          "response_errors": 0,
          "events_fetched": 100,
          "matches_built": 74,
          "low_tier_skipped": 26,
          "simulated_skipped": 0,
          "event_http_statuses": [
            200,
            200
          ],
          "payload_shapes": [
            "list"
          ],
          "last_body_preview": "[{\"id\":61514184,\"home\":\"Borussia Dortmund\",\"away\":\"Eintracht Frankfurt\",\"homeId\":2673,\"awayId\":2674,\"date\":\"2026-05-08T18:30:00Z\",\"sport\":{\"name\":\"Football\",\"slug\":\"football\"},\"league\":{\"name\":\"Germany - Bundesliga\",\"slug\":\"germany-bundesliga\"},\"status\":\"pending\",\"scores\":{\"home\":0,\"away\":0}},{\"id\":62484376,\"home\":\"US Avellino\",\"away\":\"Modena FC\",\"homeId\":2730,\"awayId\":2706,\"date\":\"2026-05-08T18:30:00Z\",\"sport\":{\"name\":\"Football\",\"slug\":\"football\"},\"league\":{\"name\":\"Italy - Serie B\",\"slug\":\"italy-serie-b\"},\"status\":\"pending\",\"scores\":{\"home\":0,\"away\":0}},{\"id\":62484378,\"home\":\"US Catanzaro\",\"away\":\"SSC Bari\",\"homeId\":2796,\"awayId\":2712,\"date\":\"2026-05-08T18:30:00Z\",\"sport\":{\"name\":\"Football\",\"slug\":\"football\"},\"league\":{\"name\":\"Italy - Serie B\",\"slug\":\"italy-serie-b\"},\"status\":\"pending\",\"scores\":{\"home\":0,\"away\":0}},{\"id\":62484380,\"home\":\"Cesena FC\",\"away\":\"Calcio Padova\",\"homeId\":2742,\"awayId\":2741,\"date\":\"2026-05-08T18:30:00Z\",\"sport\":{\"name\":\"Football\",\"slug\":\"football\"},\"league\":{\"name\":\"Italy - Serie B\",\"slug\":\"italy-serie-b\"},\"status\":\"pending\",\"scores\":{\"home\":0,\"away\":0}},{\"id\":62484382,\"home\":\"Virtus Entella\",\"away\":\"Carrarese Calcio\",\"homeId\":43680,\"awayId\":2745,\"date\":\"2026-05-08T18:30:00Z\",\"sport\":{\"name\":\"Football\",\"slug\":\"football\"},\"league\":{\"name\":\"Italy - Serie B\",\"slug\":\"italy-serie-b\"},\"status\":\"pending\",\"scores\":{\"home\":0,\"away\":0}},{\"id\":62484384,\"home\":\"Frosinone Calcio\",\"away\":\"Mantova 1911\",\"homeId\":2801,\"awayId\":2770,\"date\":\"2026-05-08T18:30:00Z\",\"spo",
          "rate_limited": false,
          "max_http_requests_per_run": 280,
          "budget_exhausted": false
        }
      }
    },
    "bookies_bootstrap": {
      "enabled": false
    },
    "odds_api_io": {
      "enabled": true,
      "runtime_error": "TypeError: OddsApiIoProvider._is_supported_market() takes 1 positional argument but 2 were given"
    },
    "odds_api_io_bootstrap": {
      "enabled": true,
      "api_key_present": true,
      "event_requests": 2,
      "response_errors": 0,
      "events_fetched": 100,
      "matches_built": 74,
      "low_tier_skipped": 26,
      "simulated_skipped": 0,
      "event_http_statuses": [
        200,
        200
      ],
      "payload_shapes": [
        "list"
      ],
      "last_body_preview": "[{\"id\":61514184,\"home\":\"Borussia Dortmund\",\"away\":\"Eintracht Frankfurt\",\"homeId\":2673,\"awayId\":2674,\"date\":\"2026-05-08T18:30:00Z\",\"sport\":{\"name\":\"Football\",\"slug\":\"football\"},\"league\":{\"name\":\"Germany - Bundesliga\",\"slug\":\"germany-bundesliga\"},\"status\":\"pending\",\"scores\":{\"home\":0,\"away\":0}},{\"id\":62484376,\"home\":\"US Avellino\",\"away\":\"Modena FC\",\"homeId\":2730,\"awayId\":2706,\"date\":\"2026-05-08T18:30:00Z\",\"sport\":{\"name\":\"Football\",\"slug\":\"football\"},\"league\":{\"name\":\"Italy - Serie B\",\"slug\":\"italy-serie-b\"},\"status\":\"pending\",\"scores\":{\"home\":0,\"away\":0}},{\"id\":62484378,\"home\":\"US Catanzaro\",\"away\":\"SSC Bari\",\"homeId\":2796,\"awayId\":2712,\"date\":\"2026-05-08T18:30:00Z\",\"sport\":{\"name\":\"Football\",\"slug\":\"football\"},\"league\":{\"name\":\"Italy - Serie B\",\"slug\":\"italy-serie-b\"},\"status\":\"pending\",\"scores\":{\"home\":0,\"away\":0}},{\"id\":62484380,\"home\":\"Cesena FC\",\"away\":\"Calcio Padova\",\"homeId\":2742,\"awayId\":2741,\"date\":\"2026-05-08T18:30:00Z\",\"sport\":{\"name\":\"Football\",\"slug\":\"football\"},\"league\":{\"name\":\"Italy - Serie B\",\"slug\":\"italy-serie-b\"},\"status\":\"pending\",\"scores\":{\"home\":0,\"away\":0}},{\"id\":62484382,\"home\":\"Virtus Entella\",\"away\":\"Carrarese Calcio\",\"homeId\":43680,\"awayId\":2745,\"date\":\"2026-05-08T18:30:00Z\",\"sport\":{\"name\":\"Football\",\"slug\":\"football\"},\"league\":{\"name\":\"Italy - Serie B\",\"slug\":\"italy-serie-b\"},\"status\":\"pending\",\"scores\":{\"home\":0,\"away\":0}},{\"id\":62484384,\"home\":\"Frosinone Calcio\",\"away\":\"Mantova 1911\",\"homeId\":2801,\"awayId\":2770,\"date\":\"2026-05-08T18:30:00Z\",\"spo",
      "rate_limited": false,
      "max_http_requests_per_run": 280,
      "budget_exhausted": false
    },
    "bookies_api": {
      "enabled": false
    },
    "oddspapi": {
      "enabled": false
    },
    "allsportsapi": {
      "enabled": true,
      "api_key_present": true,
      "cache_hit": false,
      "requests": 1,
      "response_errors": 0,
      "fixtures_fetched": 9,
      "events_matched": 0,
      "offers_parsed": 0,
      "matched_exact": 0,
      "matched_loose": 0,
      "matched_fuzzy": 0,
      "http_statuses": [
        200
      ],
      "last_body_preview": "{\"success\":1,\"result\":[{\"event_key\":1688551,\"event_date\":\"2026-05-08\",\"event_time\":\"15:00\",\"event_home_team\":\"Young Apostles\",\"home_team_key\":34126,\"event_away_team\":\"Nations\",\"away_team_key\":32824,\"event_halftime_result\":\"\",\"event_final_result\":\"-\",\"event_ft_result\":\"\",\"event_penalty_result\":\"\",\"event_status\":\"\",\"country_name\":\"Ghana\",\"league_name\":\"Premier League\",\"league_key\":177,\"league_round\":\"Round 32\",\"league_season\":\"2025\\/2026\",\"event_live\":\"0\",\"event_stadium\":\"Wenchi Sports Stadium (Wenchi)\",\"event_referee\":\"\",\"home_team_logo\":\"https:\\/\\/apiv2.allsportsapi.com\\/logo\\/34126_young-apostles.jpg\",\"away_team_logo\":\"https:\\/\\/apiv2.allsportsapi.com\\/logo\\/32824_nations.jpg\",\"event_country_key\":50,\"league_logo\":\"https:\\/\\/apiv2.allsportsapi.com\\/logo\\/logo_leagues\\/177_premier-league.png\",\"country_logo\":\"https:\\/\\/apiv2.allsportsapi.com\\/logo\\/logo_country\\/50_ghana.png\",\"event_home_formation\":\"\",\"event_away_formation\":\"\",\"fk_stage_key\":1020,\"stage_name\":\"Current\",\"league_group\":null,\"goalscorers\":[],\"substitutes\":[],\"cards\":[],\"vars\":{\"home_team\":[],\"away_team\":[]},\"lineups\":{\"home_team\":{\"starting_lineups\":[],\"substitutes\":[],\"coaches\":[],\"missing_players\":[]},\"away_team\":{\"starting_lineups\":[],\"substitutes\":[],\"coaches\":[],\"missing_players\":[]}},\"statistics\":[]},{\"event_key\":1688559,\"event_date\":\"2026-05-08\",\"event_time\":\"15:00\",\"event_home_team\":\"All Blacks\",\"home_team_key\":14626,\"event_away_team\":\"Bechem Utd\",\"away_team_key\":4288,\"event_halftime_result\":\"\",\"event_final_result\":\"-\",\"event_ft_result\":\"\",\"event_penalty_result\":\"\",\"event_status\":\"\",\"country_name\":\"Ghana\",\"league_name\":\"Premier League\",\"league_key\":177,\"league_round\":\"Round 32\",\"league_season\":\"2025\\/2026\",\"event_live\":\"0\",\"event_stadium\":\"\",\"event_referee\":\"\",\"home_team_logo\":\"https:\\/\\/apiv2.allspo"
    },
    "sportlogic": {
      "enabled": 2,
      "mode": "offers",
      "api_key_present": 2,
      "requests": 4,
      "max_requests_per_run": 56,
      "budget_exhausted": 0,
      "response_errors": 0,
      "auth_error": 0,
      "rate_limited": 0,
      "fixtures_fetched": 50,
      "games_fetched": 50,
      "fixtures_skipped": 0,
      "matches_built": 0,
      "events_matched": 0,
      "odds_requests": 0,
      "rows_before_parse": 0,
      "odds_payload_rows": 0,
      "offers_parsed": 0,
      "empty_odds_payloads": 0,
      "parse_reject_reasons": {},
      "market_keys_seen": [],
      "option_keys_seen": [],
      "price_keys_seen": [],
      "line_keys_seen": [],
      "contexts_built": 0,
      "matched_exact": 0,
      "matched_loose": 0,
      "matched_fuzzy": 0,
      "http_statuses": [
        200,
        200,
        200,
        200
      ],
      "top_level_keys": [],
      "last_body_preview": null,
      "sportlogic_query_guard_enabled": true,
      "query_variants_used": [
        {
          "scope": "dated",
          "date": "2026-05-08",
          "params": {
            "from": "2026-05-08",
            "to": "2026-05-08",
            "per_page": 50
          },
          "rows": 50
        },
        {
          "scope": "dated",
          "date": "2026-05-09",
          "params": {
            "from": "2026-05-09",
            "to": "2026-05-09",
            "per_page": 50
          },
          "rows": 50
        }
      ]
    },
    "sportlogic_context": {
      "enabled": true,
      "mode": "context",
      "api_key_present": true,
      "requests": 0,
      "max_requests_per_run": 28,
      "budget_exhausted": false,
      "response_errors": 0,
      "auth_error": false,
      "rate_limited": false,
      "fixtures_fetched": 0,
      "games_fetched": 0,
      "fixtures_skipped": 0,
      "matches_built": 0,
      "events_matched": 0,
      "odds_requests": 0,
      "rows_before_parse": 0,
      "odds_payload_rows": 0,
      "offers_parsed": 0,
      "empty_odds_payloads": 0,
      "parse_reject_reasons": {},
      "market_keys_seen": [],
      "option_keys_seen": [],
      "price_keys_seen": [],
      "line_keys_seen": [],
      "contexts_built": 0,
      "matched_exact": 0,
      "matched_loose": 0,
      "matched_fuzzy": 0,
      "http_statuses": [],
      "top_level_keys": [],
      "last_body_preview": null
    },
    "futrixmetrics": {
      "enabled": true,
      "api_key_present": true,
      "requests": 92,
      "response_errors": 41,
      "team_cache_hits": 0,
      "contexts_built": 0,
      "http_statuses": [
        200,
        200,
        200,
        200,
        200,
        200,
        200,
        200,
        200,
        200,
        200,
        200,
        200,
        200,
        200,
        200,
        200,
        200,
        200,
        200,
        200,
        200,
        200,
        200,
        200,
        200,
        200,
        200,
        200,
        200,
        200,
        200,
        200,
        200,
        200,
        200,
        200,
        200,
        200,
        200,
        200,
        200,
        200,
        200,
        200,
        200,
        200,
        200,
        200,
        200,
        200,
        429,
        429,
        429,
        429,
        429,
        429,
        429,
        429,
        429,
        429,
        429,
        429,
        429,
        429,
        429,
        429,
        429,
        429,
        429,
        429,
        429,
        429,
        429,
        429,
        429,
        429,
        429,
        429,
        429,
        429,
        429,
        429,
        429,
        429,
        429,
        429,
        429,
        429,
        429,
        429,
        429
      ],
      "last_body_preview": "{\"detail\":\"rate quota exceeded: 71/30\"}"
    },
    "sstats": {
      "enabled": true,
      "api_key_present": true,
      "requests": 6,
      "response_errors": 0,
      "retry_attempts": 0,
      "days_requested": 47,
      "chunk_windows_requested": 2,
      "rows_fetched": 5297,
      "contexts_built": 4,
      "matched_exact": 0,
      "matched_loose": 0,
      "matched_fuzzy": 0,
      "unmatched_rows": 5297,
      "team_form_contexts_built": 2,
      "bzzoiro_enabled": true,
      "bzzoiro_requests": 1,
      "bzzoiro_response_errors": 0,
      "bzzoiro_events_fetched": 50,
      "bzzoiro_contexts_built": 3,
      "bzzoiro_matched_exact": 0,
      "bzzoiro_matched_loose": 0,
      "bzzoiro_matched_fuzzy": 3,
      "bzzoiro_unmatched_rows": 47,
      "http_statuses": [
        200,
        200,
        200,
        200,
        200,
        200
      ],
      "payload_shapes": [
        "count,data,offset,status,traceId"
      ],
      "last_body_preview": "{\"status\":\"OK\",\"count\":1000,\"data\":[{\"id\":1413290,\"flashId\":\"IT6v83Lc\",\"date\":\"2026-04-03T11:00:00+00:00\",\"dateUtc\":1775214000,\"status\":8,\"periods\":[\"2026-04-03T11:00:00+00:00\",\"2026-04-03T12:00:00+00:00\"],\"statusName\":\"Finished\",\"elapsed\":90,\"homeResult\":3,\"awayResult\":2,\"homeHTResult\":2,\"awayHTResult\":1,\"homeFTResult\":3,\"awayFTResult\":2,\"homeTeam\":{\"id\":16091,\"name\":\"Blumenthaler SV\",\"flashId\":\"blumenthaler/I9b4oeuE\",\"country\":{\"code\":\"DE\",\"name\":\"Germany\"}},\"awayTeam\":{\"id\":16090,\"name\":\"BTS Neustadt\",\"flashId\":\"bts-neustadt/ruolT0sH\",\"country\":{\"code\":\"DE\",\"name\":\"Germany\"}},\"season\":{\"uid\":\"755eea50-696d-11f0-982a-3cecef730a49\",\"year\":2025,\"league\":{\"id\":749,\"name\":\"Oberliga - Bremen\",\"country\":{\"code\":\"DE\",\"name\":\"Germany\"},\"flashScoreId\":\"germany/oberliga-bremen\"}},\"roundName\":\"Bremen - 18\"},{\"id\":1416382,\"flashId\":\"MLuoefyo\",\"date\":\"2026-04-03T11:00:00+00:00\",\"dateUtc\":1775214000,\"status\":8,\"periods\":[\"2026-04-03T11:00:00+00:00\",\"2026-04-03T12:00:00+00:00\"],\"statusName\":\"Finished\",\"elapsed\":90,\"extraMinutes\":5,\"homeResult\":5,\"awayResult\":0,\"homeHTResult\":3,\"awayHTResult\":0,\"homeFTResult\":5,\"awayFTResult\":0,\"homeTeam\":{\"id\":7898,\"name\":\"Dynamo Kyiv U19\",\"flashId\":null,\"country\":{\"code\":\"LT\",\"name\":\"Lithuania\"}},\"awayTeam\":{\"id\":24177,\"name\":\"Karpaty Lviv U19\",\"flashId\":null,\"country\":{\"code\":\"UA\",\"name\":\"Ukraine\"}},\"season\":{\"uid\":\"c2796b72-6c99-11f0-982a-3cecef730a49\",\"year\":2025,\"league\":{\"id\":1065,\"name\":\"U19 League\",\"country\":{\"code\":\"UA\",\"name\":\"Ukraine\"}}},\"roundName\":\"Regular Season - 22\"},{\"id\":1457743,\"flashId\":\"KKFEvymK\",\"date\":\"2026-04-03T11:00:00+00:00\",\"dateUtc\":1775214000,\"status\":8,\"periods\":[\"2026-04-03T11:00:00+00:00\",\"2026-04-03T12:00:00+00:00\"],\"statusName\":\"Finished\",\"elapsed\":90,\"homeResult\":3,\"awayResult\":0,\"homeHTResult\":1,\"awayHTResult\":0,\"homeFTResult\":3,\"awayFTResult\":0,\"homeTeam\":{\"id\":14345,\"name\":\"Dodoma Jiji\",\"flashId\":\"dodoma-jiji/YeeY7sb7\",\"country\":{\"code\":\"TZ\",\"name\":\"Tanzania\"}},\"awayTeam\":{\"id\":19838,\"name\":\"Fountain Gate\",",
      "last_error": "budget_exhausted",
      "last_url": "https://api.sstats.net/Games/list",
      "max_http_requests_per_run": 6,
      "budget_exhausted": true
    },
    "bzzoiro": {
      "enabled": true,
      "api_key_present": true,
      "requests": 2,
      "max_http_requests_per_run": 2,
      "budget_exhausted": false,
      "response_errors": 0,
      "retry_attempts": 0,
      "events_fetched": 27,
      "predictions_fetched": 26,
      "target_matches": 16,
      "pages_requested": 2,
      "rows_seen": 53,
      "contexts_built": 2,
      "matched_exact": 0,
      "matched_loose": 0,
      "matched_fuzzy": 2,
      "exact_matches": 0,
      "fuzzy_matches": 2,
      "near_miss_matches_closed": 2,
      "stop_reason": "no_more_data",
      "stop_reasons": {
        "/events/": "no_more_data",
        "/predictions/": "no_more_data"
      },
      "event_matches": 2,
      "prediction_links": 2,
      "fallback_prediction_matches": 0,
      "prediction_param_fallbacks": 0,
      "event_context_fallbacks": 0,
      "unmatched_predictions": 14,
      "event_rejected_low_score": 0,
      "event_rejected_league_mismatch": 0,
      "event_rejected_no_quality": 0,
      "prediction_rejected_low_score": 0,
      "prediction_rejected_league_mismatch": 0,
      "prediction_rejected_no_quality": 0,
      "http_statuses": [
        200,
        200
      ],
      "payload_shapes": [],
      "last_body_preview": "{\"count\":26,\"next\":null,\"previous\":null,\"results\":[{\"id\":3583,\"event\":{\"id\":9423,\"league\":{\"id\":32,\"name\":\"Copa Libertadores\",\"country\":\"South America\",\"is_women\":false,\"current_season\":{\"id\":96,\"name\":\"CONMEBOL Libertadores 2026\",\"year\":2026,\"start_date\":\"2026-01-01\",\"end_date\":\"2026-12-31\"}},\"season\":{\"id\":96,\"name\":\"CONMEBOL Libertadores 2026\",\"year\":2026},\"home_team\":\"Coquimbo Unido\",\"away_team\":\"Universitario de Deportes\",\"home_team_obj\":{\"id\":783,\"name\":\"Coquimbo Unido\",\"short_name\":\"\",\"country\":\"Chile\",\"coach\":{\"name\":\"Hernan Caputto\",\"shortName\":\"H. Caputto\"},\"venue\":{\"id\":582,\"name\":\"Francisco Sánchez Rumoroso\",\"city\":\"Coquimbo\",\"country\":\"Chile\",\"capacity\":18750}},\"away_team_obj\":{\"id\":782,\"name\":\"Universitario de Deportes\",\"short_name\":\"Universitario\",\"country\":\"Peru\",\"coach\":{\"name\":\"Jorge Araujo\",\"shortName\":\"J. Araujo\"},\"venue\":{\"id\":581,\"name\":\"Estadio Monumental\",\"city\":\"Lima\",\"country\":\"Peru\",\"capacity\":80093}},\"event_date\":\"2026-05-08T00:00:00Z\",\"round_number\":4,\"round_name\":\"\",\"group_name\":null,\"status\":\"finished\",\"home_score\":2,\"away_score\":1,\"home_score_ht\":0,\"away_score_ht\":1,\"current_minute\":90,\"period\":\"FT\",\"odds_home\":2.32,\"odds_draw\":2.96,\"odds_away\":3.43,\"odds_over_15\":1.53,\"odds_over_25\":2.62,\"odds_over_35\":5.05,\"odds_under_15\":2.48,\"odds_under_25\":1.49,\"odds_under_35\":1.17,\"odds_btts_yes\":2.11,\"odds_btts_no\":1.7,\"actual_home_xg\":1.6,\"actual_away_xg\":0.82,\"home_xg_live\":1.51,\"away_xg_live\":0.82,\"penalty_shootout\":null,\"extra_time_score\":null,\"is_lo",
      "last_error": null,
      "last_url": "https://sports.bzzoiro.com/api/predictions/"
    },
    "api_football": {
      "enabled": false
    },
    "espn": {
      "enabled": true,
      "scoreboard_requests": 50,
      "probability_requests": 2,
      "summary_requests": 2,
      "response_errors": 0,
      "events_fetched": 72,
      "events_matched": 2,
      "contexts_built": 2,
      "matched_exact": 1,
      "matched_loose": 0,
      "matched_fuzzy": 1,
      "league_slugs_used": [
        "eng.2",
        "esp.1",
        "eng.1",
        "eng.3",
        "eng.4",
        "eng.5",
        "esp.2",
        "ita.1",
        "ita.2",
        "ger.1"
      ],
      "injury_counts_seen": 0,
      "soft_failures": 2,
      "partial_contexts_built": 0,
      "last_body_preview": "{\"boxscore\":{\"form\":[{\"displayOrder\":1,\"team\":{\"id\":\"1538\",\"uid\":\"s:600~t:1538\",\"displayName\":\"Levante\",\"abbreviation\":\"LEV\",\"links\":[{\"href\":\"https://www.espn.com/soccer/club/_/id/1538/levante\",\"text\":\"Clubhouse\"},{\"href\":\"https://www.espn.com/soccer/team/fixtures/_/id/1538/levante\",\"text\":\"Fixtures\"}],\"logo\":\"https://a.espncdn.com/i/teamlogos/soccer/500/1538.png\",\"logos\":[{\"href\":\"https://a.espncdn.com/i/teamlogos/soccer/500/1538.png\",\"width\":500,\"height\":500,\"alt\":\"\",\"rel\":[\"full\",\"default\"],\"lastUpdated\":\"2019-05-08T16:07Z\"},{\"href\":\"https://a.espncdn.com/i/teamlogos/soccer/500-dark/1538.png\",\"width\":500,\"height\":500,\"alt\":\"\",\"rel\":[\"full\",\"dark\"],\"lastUpdated\":\"2019-05-08T16:07Z\"}]},\"events\":[{\"id\":\"748477\",\"links\":[{\"href\":\"https://www.espn.com/soccer/match/_/gameId/748477/levante-villarreal\",\"text\":\"Summary\"}],\"atVs\":\"@\",\"gameDate\":\"2026-05-02T12:00Z\",\"score\":\"5-1\",\"homeTeamId\":\"102\",\"awayTeamId\":\"1538\",\"homeTeamScore\":\"5\",\"awayTeamScore\":\"1\",\"homeAggregateScore\":\"0\",\"awayAggregateScore\":\"0\",\"homeShootoutScore\":\"0\",\"awayShootoutScore\":\"0\",\"gameResult\":\"L\",\"competitionName\":\"2025-26 LALIGA\",\"opponent\":{\"id\":\"102\",\"uid\":\"s:600~t:102\",\"displayName\":\"Villarreal\",\"abbreviation\":\"",
      "http_statuses": [
        200,
        200,
        200,
        200,
        200,
        200,
        200,
        200,
        200,
        200,
        200,
        200,
        200,
        200,
        200,
        200,
        200,
        200,
        200,
        200,
        200,
        200,
        200,
        200,
        200,
        200,
        200,
        200,
        200,
        200,
        200,
        200,
        200,
        200,
        200,
        200,
        200,
        200,
        200,
        200,
        200,
        200,
        200,
        200,
        200,
        200,
        200,
        200,
        200,
        200,
        400,
        200,
        400,
        200
      ]
    },
    "thesportsdb": {
      "enabled": true,
      "requests": 7,
      "response_errors": 0,
      "leagues_resolved": 6,
      "tables_fetched": 6,
      "contexts_built": 4,
      "missing_table_rows": 7,
      "partial_contexts_built": 3,
      "last_body_preview": "{\"table\":[{\"idStanding\":\"9502323\",\"intRank\":\"1\",\"idTeam\":\"133643\",\"strTeam\":\"Heart of Midlothian\",\"strBadge\":\"https:\\/\\/r2.thesportsdb.com\\/images\\/media\\/team\\/badge\\/twqvyt1447597939.png\\/tiny\",\"idLeague\":\"4330\",\"strLeague\":\"Scottish Premier League\",\"strSeason\":\"2025-2026\",\"strForm\":\"WWWDW\",\"strDescription\":\"Championship round\",\"intPlayed\":\"33\",\"intWin\":\"21\",\"intLoss\":\"5\",\"intDraw\":\"7\",\"intGoalsFor\":\"58\",\"intGoalsAgainst\":\"28\",\"intGoalDifference\":\"30\",\"intPoints\":\"70\",\"dateUpdated\":\"2026-05-07 23:00:55\"},{\"idStanding\":\"9502324\",\"intRank\":\"2\",\"idTeam\":\"133642\",\"strTeam\":\"Rangers\",\"strBadge\":\"https:\\/\\/r2.thesportsdb.com\\/images\\/media\\/team\\/badge\\/ti24j61614290048.png\\/tiny\",\"idLeague\":\"4330\",\"strLeague\":\"Scottish Premier League\",\"strSeason\":\"2025-2026\",\"strForm\":\"LLWWW\",\"strDescription\":\"Championship round\",\"intPlayed\":\"33\",\"intWin\":\"19\",\"intLoss\":\"2\",\"intDraw\":\"12\",\"intGoalsFor\":\"66\",\"intGoalsAgainst\":\"31\",\"intGoalDifference\":\"35\",\"intPoints\":\"69\",\"dateUpdated\":\"2026-05-07 23:00:55\"},{\"idStanding\":\"9502325\",\"intRank\":\"3\",\"idTeam\":\"133647\",\"strTeam\":\"Celtic\",\"strBadge\":\"https:\\/\\/r2.thesportsdb.com\\/images\\/media\\/team\\/badge\\/3uv1641758780002.png\\/tiny\",\"idLeague\":\"4330\",\"strLe",
      "http_statuses": [
        200,
        200,
        200,
        200,
        200,
        200,
        200
      ],
      "max_http_requests_per_run": 18,
      "budget_exhausted": false,
      "rate_limited": false
    },
    "football_data": {
      "enabled": true,
      "api_key_present": true,
      "target_matches": 46,
      "requests": 5,
      "response_errors": 0,
      "matches_fetched": 27,
      "history_rows_fetched": 932,
      "events_matched": 2,
      "contexts_built": 2,
      "best_near_miss_score": 0.0,
      "near_miss_count": 0,
      "standings_requests": 2,
      "standings_loaded": 2,
      "history_requests": 2,
      "history_contexts_built": 0,
      "matched_exact": 0,
      "matched_loose": 0,
      "matched_fuzzy": 2,
      "unmatched_rows": 25,
      "http_statuses": [
        200,
        200,
        200,
        200,
        200
      ],
      "last_body_preview": "{\"filters\":{\"season\":2025},\"resultSet\":{\"count\":380,\"first\":\"2025-08-15\",\"last\":\"2026-05-24\",\"played\":340},\"competition\":{\"id\":2014,\"name\":\"Primera Division\",\"code\":\"PD\",\"type\":\"LEAGUE\",\"emblem\":\"https://crests.football-data.org/laliga.png\"},\"matches\":[{\"area\":{\"id\":2224,\"name\":\"Spain\",\"code\":\"ESP\",\"flag\":\"https://crests.football-data.org/760.svg\"},\"competition\":{\"id\":2014,\"name\":\"Primera Division\",\"code\":\"PD\",\"type\":\"LEAGUE\",\"emblem\":\"https://crests.football-data.org/laliga.png\"},\"season\":{\"id\":2429,\"startDate\":\"2025-08-17\",\"endDate\":\"2026-05-24\",\"currentMatchday\":35,\"winner\":null},\"id\":544214,\"utcDate\":\"2025-08-15T17:00:00Z\",\"status\":\"FINISHED\",\"matchday\":1,\"stage\":\"REGULAR_SEASON\",\"group\":null,\"lastUpdated\":\"2026-05-08T00:21:17Z\",\"homeTeam\":{\"id\":298,\"name\":\"Girona FC\",\"shortName\":\"Girona\",\"tla\":\"GIR\",\"crest\":\"https://crests.football-data.org/298.png\"},\"awayTeam\":{\"id\":87,\"name\":\"Rayo Vallecano de Madrid\",\"shortName\":\"Rayo Vallecano\",\"tla\":\"RAY\",\"crest\":\"https://crests.football-data.org/87.png\"},\"score\":{\"winner\":\"AWAY_TEAM\",\"duration\":\"REGULAR\",\"fullTime\":{\"home\":1,\"away\":3},\"halfTime\":{\"home\":0,\"away\":3}},\"odds\":{\"msg\":\"Activate Odds-Package in User-Panel to retrieve odds.\"},\"referees\":[{\"id\":80747,\"name\":\"Javier Alberola Rojas\",\"type\":\"REFEREE\",\"nationality\":null}]},{\"area\":{\"id\":2224,\"name\":\"Spain\",\"code\":\"ESP\",\"flag\":\"https://crests.football-data.org/760.svg\"},\"competition\":{\"id\":2014,\"name\":\"Primera Division\",\"code\":\"PD\",\"type\":\"LEAGUE\",\"emblem\":\"https://crests.football-data.org/laliga.png\"},\"season\":{\"id\":2429,\"startDate\":\"2025-08-17\",\"endDate\":\"2026-05-24\",\"currentMatchday\":35,\"winner\":null},\"id\":544220,\"utcDate\":\"2025-08-15T19:30:00Z\",\"status\":\"FINISHED\",\"matchday\":1,\"stage\":\"REGULAR_SEASON\",\"group\":null,\"lastUpdated\":\"2026-05-08T00:21:17Z\",\"homeTeam\":{\"id\":",
      "max_http_requests_per_run": 12,
      "budget_exhausted": false,
      "rate_limited": false
    },
    "openligadb": {
      "enabled": true,
      "requests": 0,
      "response_errors": 0,
      "datasets_loaded": 0,
      "tables_loaded": 0,
      "contexts_built": 0,
      "history_contexts_built": 0,
      "standings_contexts_built": 0,
      "matched_exact": 0,
      "matched_loose": 0,
      "matched_fuzzy": 0,
      "clubelo_sidecar_enabled": true,
      "clubelo_contexts_built": 0,
      "clubelo_only_contexts": 0,
      "merged_with_clubelo": 0,
      "budget_exhausted": false,
      "max_http_requests_per_run": 14,
      "http_statuses": [],
      "last_body_preview": null,
      "clubelo": {
        "enabled": false,
        "requests": 0,
        "response_errors": 0,
        "http_statuses": [],
        "target_matches": 0,
        "snapshot_requests": 0,
        "team_history_requests": 0,
        "snapshot_rows": 0,
        "team_rows": 0,
        "ratings_resolved": 0,
        "contexts_built": 0,
        "missing_ratings": 0,
        "budget_exhausted": false,
        "last_body_preview": null,
        "max_http_requests_per_run": 16
      }
    },
    "openfootball": {
      "enabled": true,
      "requests": 0,
      "response_errors": 0,
      "datasets_loaded": 0,
      "contexts_built": 0,
      "matched_exact": 0,
      "matched_loose": 0,
      "matched_fuzzy": 0,
      "http_statuses": [],
      "last_body_preview": null
    },
    "newsapi": {
      "enabled": true,
      "api_key_present": true,
      "currents_enabled": true,
      "newsapi_enabled": true,
      "requests": 13,
      "currents_requests": 11,
      "newsapi_requests": 2,
      "cache_hits": 0,
      "response_errors": 0,
      "contexts_built": 3,
      "articles_seen": 5,
      "http_statuses": [
        200,
        200,
        200,
        200,
        200,
        200,
        200,
        200,
        200,
        200,
        200,
        200,
        200
      ],
      "last_body_preview": "{\"status\":\"ok\",\"news\":[],\"page\":1}",
      "rate_limited": false,
      "currents_rate_limited": false,
      "newsapi_rate_limited": false
    },
    "gnews": {
      "enabled": true,
      "api_key_present": true,
      "requests": 2,
      "response_errors": 0,
      "contexts_built": 0,
      "articles_seen": 0,
      "http_statuses": [
        200,
        200
      ],
      "last_body_preview": "{\"information\":{\"realTimeArticles\":{\"message\":\"Real-time news data is only available on paid plans. Free plan has a 12-hour delay. Upgrade your plan here to remove the delay: https://gnews.io/change-plan\"}},\"totalArticles\":0,\"articles\":[]}",
      "rate_limited": false
    },
    "weather": {
      "enabled": true,
      "api_key_present": true,
      "requests": 10,
      "response_errors": 0,
      "contexts_built": 10,
      "matches_considered": 10,
      "matches_with_base_context": 10,
      "weatherapi_requests": 10,
      "openweathermap_requests": 0,
      "weatherapi_enriched": 10,
      "openweathermap_enriched": 0,
      "cache_hits": 0,
      "missing_location": 0,
      "no_weather_payload": 0,
      "max_http_requests_per_run": "70+50",
      "budget_exhausted": false
    },
    "self_history": {
      "enabled": true,
      "archives_scanned": 48,
      "history_matches_used": 0,
      "state_rows_scanned": 47,
      "state_matches_used": 0,
      "contexts_built": 0
    },
    "market_monitor": {
      "enabled": true,
      "snapshots_written": 1,
      "matches_snapshotted": 0,
      "markets_snapshotted": 0,
      "signals_built": 0,
      "clv_pending": 0,
      "clv_resolved": 0,
      "avg_open_clv_pct": null,
      "avg_resolved_clv_pct": null
    }
  },
  "mapping": {
    "matched_exact": 0,
    "matched_loose": 0,
    "matched_fuzzy": 0,
    "unmatched_offer_events": 0,
    "sstats_exact": 0,
    "sstats_loose": 0,
    "sstats_fuzzy": 0,
    "sstats_unmatched_rows": 5297,
    "bzzoiro_exact": 0,
    "bzzoiro_loose": 0,
    "bzzoiro_fuzzy": 2,
    "bzzoiro_contexts": 2,
    "api_football_exact": 0,
    "api_football_loose": 0,
    "api_football_fuzzy": 0,
    "espn_exact": 1,
    "espn_loose": 0,
    "espn_fuzzy": 1,
    "thesportsdb_contexts": 4,
    "openligadb_contexts": 0
  },
  "rejections": {
    "fallback_publish_no_candidate": 1
  },
  "candidate_modes": {},
  "provider_diagnostics": {
    "providers": {
      "odds_api_io": {
        "type": "offers",
        "matches_with_data": 0,
        "items_total": 0,
        "stats": {
          "enabled": true,
          "runtime_error": "TypeError: OddsApiIoProvider._is_supported_market() takes 1 positional argument but 2 were given"
        }
      },
      "bookies_api": {
        "type": "offers",
        "matches_with_data": 0,
        "items_total": 0,
        "stats": {
          "enabled": false
        }
      },
      "oddspapi": {
        "type": "offers",
        "matches_with_data": 0,
        "items_total": 0,
        "stats": {
          "enabled": false
        }
      },
      "allsportsapi": {
        "type": "offers",
        "matches_with_data": 0,
        "items_total": 0,
        "stats": {
          "enabled": true,
          "api_key_present": true,
          "cache_hit": false,
          "requests": 1,
          "response_errors": 0,
          "fixtures_fetched": 9,
          "events_matched": 0,
          "offers_parsed": 0,
          "matched_exact": 0,
          "matched_loose": 0,
          "matched_fuzzy": 0,
          "http_statuses": [
            200
          ],
          "last_body_preview": "{\"success\":1,\"result\":[{\"event_key\":1688551,\"event_date\":\"2026-05-08\",\"event_time\":\"15:00\",\"event_home_team\":\"Young Apostles\",\"home_team_key\":34126,\"event_away_team\":\"Nations\",\"away_team_key\":32824,\"event_halftime_result\":\"\",\"event_final_result\":\"-\",\"event_ft_result\":\"\",\"event_penalty_result\":\"\",\"event_status\":\"\",\"country_name\":\"Ghana\",\"league_name\":\"Premier League\",\"league_key\":177,\"league_round\":\"Round 32\",\"league_season\":\"2025\\/2026\",\"event_live\":\"0\",\"event_stadium\":\"Wenchi Sports Stadium (Wenchi)\",\"event_referee\":\"\",\"home_team_logo\":\"https:\\/\\/apiv2.allsportsapi.com\\/logo\\/34126_young-apostles.jpg\",\"away_team_logo\":\"https:\\/\\/apiv2.allsportsapi.com\\/logo\\/32824_nations.jpg\",\"event_country_key\":50,\"league_logo\":\"https:\\/\\/apiv2.allsportsapi.com\\/logo\\/logo_leagues\\/177_premier-league.png\",\"country_logo\":\"https:\\/\\/apiv2.allsportsapi.com\\/logo\\/logo_country\\/50_ghana.png\",\"event_home_formation\":\"\",\"event_away_formation\":\"\",\"fk_stage_key\":1020,\"stage_name\":\"Current\",\"league_group\":null,\"goalscorers\":[],\"substitutes\":[],\"cards\":[],\"vars\":{\"home_team\":[],\"away_team\":[]},\"lineups\":{\"home_team\":{\"starting_lineups\":[],\"substitutes\":[],\"coaches\":[],\"missing_players\":[]},\"away_team\":{\"starting_lineups\":[],\"substitutes\":[],\"coaches\":[],\"missing_players\":[]}},\"statistics\":[]},{\"event_key\":1688559,\"event_date\":\"2026-05-08\",\"event_time\":\"15:00\",\"event_home_team\":\"All Blacks\",\"home_team_key\":14626,\"event_away_team\":\"Bechem Utd\",\"away_team_key\":4288,\"event_halftime_result\":\"\",\"event_final_result\":\"-\",\"event_ft_result\":\"\",\"event_penalty_result\":\"\",\"event_status\":\"\",\"country_name\":\"Ghana\",\"league_name\":\"Premier League\",\"league_key\":177,\"league_round\":\"Round 32\",\"league_season\":\"2025\\/2026\",\"event_live\":\"0\",\"event_stadium\":\"\",\"event_referee\":\"\",\"home_team_logo\":\"https:\\/\\/apiv2.allspo"
        }
      },
      "sportlogic": {
        "type": "context",
        "matches_with_data": 0,
        "items_total": 0,
        "stats": {
          "enabled": 2,
          "mode": "offers",
          "api_key_present": 2,
          "requests": 4,
          "max_requests_per_run": 56,
          "budget_exhausted": 0,
          "response_errors": 0,
          "auth_error": 0,
          "rate_limited": 0,
          "fixtures_fetched": 50,
          "games_fetched": 50,
          "fixtures_skipped": 0,
          "matches_built": 0,
          "events_matched": 0,
          "odds_requests": 0,
          "rows_before_parse": 0,
          "odds_payload_rows": 0,
          "offers_parsed": 0,
          "empty_odds_payloads": 0,
          "parse_reject_reasons": {},
          "market_keys_seen": [],
          "option_keys_seen": [],
          "price_keys_seen": [],
          "line_keys_seen": [],
          "contexts_built": 0,
          "matched_exact": 0,
          "matched_loose": 0,
          "matched_fuzzy": 0,
          "http_statuses": [
            200,
            200,
            200,
            200
          ],
          "top_level_keys": [],
          "last_body_preview": null,
          "sportlogic_query_guard_enabled": true,
          "query_variants_used": [
            {
              "scope": "dated",
              "date": "2026-05-08",
              "params": {
                "from": "2026-05-08",
                "to": "2026-05-08",
                "per_page": 50
              },
              "rows": 50
            },
            {
              "scope": "dated",
              "date": "2026-05-09",
              "params": {
                "from": "2026-05-09",
                "to": "2026-05-09",
                "per_page": 50
              },
              "rows": 50
            }
          ]
        }
      },
      "futrixmetrics": {
        "type": "context",
        "matches_with_data": 0,
        "items_total": 0,
        "stats": {
          "enabled": true,
          "api_key_present": true,
          "requests": 92,
          "response_errors": 41,
          "team_cache_hits": 0,
          "contexts_built": 0,
          "http_statuses": [
            200,
            200,
            200,
            200,
            200,
            200,
            200,
            200,
            200,
            200,
            200,
            200,
            200,
            200,
            200,
            200,
            200,
            200,
            200,
            200,
            200,
            200,
            200,
            200,
            200,
            200,
            200,
            200,
            200,
            200,
            200,
            200,
            200,
            200,
            200,
            200,
            200,
            200,
            200,
            200,
            200,
            200,
            200,
            200,
            200,
            200,
            200,
            200,
            200,
            200,
            200,
            429,
            429,
            429,
            429,
            429,
            429,
            429,
            429,
            429,
            429,
            429,
            429,
            429,
            429,
            429,
            429,
            429,
            429,
            429,
            429,
            429,
            429,
            429,
            429,
            429,
            429,
            429,
            429,
            429,
            429,
            429,
            429,
            429,
            429,
            429,
            429,
            429,
            429,
            429,
            429,
            429
          ],
          "last_body_preview": "{\"detail\":\"rate quota exceeded: 71/30\"}"
        }
      },
      "sstats": {
        "type": "context",
        "matches_with_data": 4,
        "items_total": 4,
        "stats": {
          "enabled": true,
          "api_key_present": true,
          "requests": 6,
          "response_errors": 0,
          "retry_attempts": 0,
          "days_requested": 47,
          "chunk_windows_requested": 2,
          "rows_fetched": 5297,
          "contexts_built": 4,
          "matched_exact": 0,
          "matched_loose": 0,
          "matched_fuzzy": 0,
          "unmatched_rows": 5297,
          "team_form_contexts_built": 2,
          "bzzoiro_enabled": true,
          "bzzoiro_requests": 1,
          "bzzoiro_response_errors": 0,
          "bzzoiro_events_fetched": 50,
          "bzzoiro_contexts_built": 3,
          "bzzoiro_matched_exact": 0,
          "bzzoiro_matched_loose": 0,
          "bzzoiro_matched_fuzzy": 3,
          "bzzoiro_unmatched_rows": 47,
          "http_statuses": [
            200,
            200,
            200,
            200,
            200,
            200
          ],
          "payload_shapes": [
            "count,data,offset,status,traceId"
          ],
          "last_body_preview": "{\"status\":\"OK\",\"count\":1000,\"data\":[{\"id\":1413290,\"flashId\":\"IT6v83Lc\",\"date\":\"2026-04-03T11:00:00+00:00\",\"dateUtc\":1775214000,\"status\":8,\"periods\":[\"2026-04-03T11:00:00+00:00\",\"2026-04-03T12:00:00+00:00\"],\"statusName\":\"Finished\",\"elapsed\":90,\"homeResult\":3,\"awayResult\":2,\"homeHTResult\":2,\"awayHTResult\":1,\"homeFTResult\":3,\"awayFTResult\":2,\"homeTeam\":{\"id\":16091,\"name\":\"Blumenthaler SV\",\"flashId\":\"blumenthaler/I9b4oeuE\",\"country\":{\"code\":\"DE\",\"name\":\"Germany\"}},\"awayTeam\":{\"id\":16090,\"name\":\"BTS Neustadt\",\"flashId\":\"bts-neustadt/ruolT0sH\",\"country\":{\"code\":\"DE\",\"name\":\"Germany\"}},\"season\":{\"uid\":\"755eea50-696d-11f0-982a-3cecef730a49\",\"year\":2025,\"league\":{\"id\":749,\"name\":\"Oberliga - Bremen\",\"country\":{\"code\":\"DE\",\"name\":\"Germany\"},\"flashScoreId\":\"germany/oberliga-bremen\"}},\"roundName\":\"Bremen - 18\"},{\"id\":1416382,\"flashId\":\"MLuoefyo\",\"date\":\"2026-04-03T11:00:00+00:00\",\"dateUtc\":1775214000,\"status\":8,\"periods\":[\"2026-04-03T11:00:00+00:00\",\"2026-04-03T12:00:00+00:00\"],\"statusName\":\"Finished\",\"elapsed\":90,\"extraMinutes\":5,\"homeResult\":5,\"awayResult\":0,\"homeHTResult\":3,\"awayHTResult\":0,\"homeFTResult\":5,\"awayFTResult\":0,\"homeTeam\":{\"id\":7898,\"name\":\"Dynamo Kyiv U19\",\"flashId\":null,\"country\":{\"code\":\"LT\",\"name\":\"Lithuania\"}},\"awayTeam\":{\"id\":24177,\"name\":\"Karpaty Lviv U19\",\"flashId\":null,\"country\":{\"code\":\"UA\",\"name\":\"Ukraine\"}},\"season\":{\"uid\":\"c2796b72-6c99-11f0-982a-3cecef730a49\",\"year\":2025,\"league\":{\"id\":1065,\"name\":\"U19 League\",\"country\":{\"code\":\"UA\",\"name\":\"Ukraine\"}}},\"roundName\":\"Regular Season - 22\"},{\"id\":1457743,\"flashId\":\"KKFEvymK\",\"date\":\"2026-04-03T11:00:00+00:00\",\"dateUtc\":1775214000,\"status\":8,\"periods\":[\"2026-04-03T11:00:00+00:00\",\"2026-04-03T12:00:00+00:00\"],\"statusName\":\"Finished\",\"elapsed\":90,\"homeResult\":3,\"awayResult\":0,\"homeHTResult\":1,\"awayHTResult\":0,\"homeFTResult\":3,\"awayFTResult\":0,\"homeTeam\":{\"id\":14345,\"name\":\"Dodoma Jiji\",\"flashId\":\"dodoma-jiji/YeeY7sb7\",\"country\":{\"code\":\"TZ\",\"name\":\"Tanzania\"}},\"awayTeam\":{\"id\":19838,\"name\":\"Fountain Gate\",",
          "last_error": "budget_exhausted",
          "last_url": "https://api.sstats.net/Games/list",
          "max_http_requests_per_run": 6,
          "budget_exhausted": true
        }
      },
      "bzzoiro": {
        "type": "context",
        "matches_with_data": 2,
        "items_total": 2,
        "stats": {
          "enabled": true,
          "api_key_present": true,
          "requests": 2,
          "max_http_requests_per_run": 2,
          "budget_exhausted": false,
          "response_errors": 0,
          "retry_attempts": 0,
          "events_fetched": 27,
          "predictions_fetched": 26,
          "target_matches": 16,
          "pages_requested": 2,
          "rows_seen": 53,
          "contexts_built": 2,
          "matched_exact": 0,
          "matched_loose": 0,
          "matched_fuzzy": 2,
          "exact_matches": 0,
          "fuzzy_matches": 2,
          "near_miss_matches_closed": 2,
          "stop_reason": "no_more_data",
          "stop_reasons": {
            "/events/": "no_more_data",
            "/predictions/": "no_more_data"
          },
          "event_matches": 2,
          "prediction_links": 2,
          "fallback_prediction_matches": 0,
          "prediction_param_fallbacks": 0,
          "event_context_fallbacks": 0,
          "unmatched_predictions": 14,
          "event_rejected_low_score": 0,
          "event_rejected_league_mismatch": 0,
          "event_rejected_no_quality": 0,
          "prediction_rejected_low_score": 0,
          "prediction_rejected_league_mismatch": 0,
          "prediction_rejected_no_quality": 0,
          "http_statuses": [
            200,
            200
          ],
          "payload_shapes": [],
          "last_body_preview": "{\"count\":26,\"next\":null,\"previous\":null,\"results\":[{\"id\":3583,\"event\":{\"id\":9423,\"league\":{\"id\":32,\"name\":\"Copa Libertadores\",\"country\":\"South America\",\"is_women\":false,\"current_season\":{\"id\":96,\"name\":\"CONMEBOL Libertadores 2026\",\"year\":2026,\"start_date\":\"2026-01-01\",\"end_date\":\"2026-12-31\"}},\"season\":{\"id\":96,\"name\":\"CONMEBOL Libertadores 2026\",\"year\":2026},\"home_team\":\"Coquimbo Unido\",\"away_team\":\"Universitario de Deportes\",\"home_team_obj\":{\"id\":783,\"name\":\"Coquimbo Unido\",\"short_name\":\"\",\"country\":\"Chile\",\"coach\":{\"name\":\"Hernan Caputto\",\"shortName\":\"H. Caputto\"},\"venue\":{\"id\":582,\"name\":\"Francisco Sánchez Rumoroso\",\"city\":\"Coquimbo\",\"country\":\"Chile\",\"capacity\":18750}},\"away_team_obj\":{\"id\":782,\"name\":\"Universitario de Deportes\",\"short_name\":\"Universitario\",\"country\":\"Peru\",\"coach\":{\"name\":\"Jorge Araujo\",\"shortName\":\"J. Araujo\"},\"venue\":{\"id\":581,\"name\":\"Estadio Monumental\",\"city\":\"Lima\",\"country\":\"Peru\",\"capacity\":80093}},\"event_date\":\"2026-05-08T00:00:00Z\",\"round_number\":4,\"round_name\":\"\",\"group_name\":null,\"status\":\"finished\",\"home_score\":2,\"away_score\":1,\"home_score_ht\":0,\"away_score_ht\":1,\"current_minute\":90,\"period\":\"FT\",\"odds_home\":2.32,\"odds_draw\":2.96,\"odds_away\":3.43,\"odds_over_15\":1.53,\"odds_over_25\":2.62,\"odds_over_35\":5.05,\"odds_under_15\":2.48,\"odds_under_25\":1.49,\"odds_under_35\":1.17,\"odds_btts_yes\":2.11,\"odds_btts_no\":1.7,\"actual_home_xg\":1.6,\"actual_away_xg\":0.82,\"home_xg_live\":1.51,\"away_xg_live\":0.82,\"penalty_shootout\":null,\"extra_time_score\":null,\"is_lo",
          "last_error": null,
          "last_url": "https://sports.bzzoiro.com/api/predictions/"
        }
      },
      "api_football": {
        "type": "context",
        "matches_with_data": 0,
        "items_total": 0,
        "stats": {
          "enabled": false
        }
      },
      "espn": {
        "type": "context",
        "matches_with_data": 2,
        "items_total": 2,
        "stats": {
          "enabled": true,
          "scoreboard_requests": 50,
          "probability_requests": 2,
          "summary_requests": 2,
          "response_errors": 0,
          "events_fetched": 72,
          "events_matched": 2,
          "contexts_built": 2,
          "matched_exact": 1,
          "matched_loose": 0,
          "matched_fuzzy": 1,
          "league_slugs_used": [
            "eng.2",
            "esp.1",
            "eng.1",
            "eng.3",
            "eng.4",
            "eng.5",
            "esp.2",
            "ita.1",
            "ita.2",
            "ger.1"
          ],
          "injury_counts_seen": 0,
          "soft_failures": 2,
          "partial_contexts_built": 0,
          "last_body_preview": "{\"boxscore\":{\"form\":[{\"displayOrder\":1,\"team\":{\"id\":\"1538\",\"uid\":\"s:600~t:1538\",\"displayName\":\"Levante\",\"abbreviation\":\"LEV\",\"links\":[{\"href\":\"https://www.espn.com/soccer/club/_/id/1538/levante\",\"text\":\"Clubhouse\"},{\"href\":\"https://www.espn.com/soccer/team/fixtures/_/id/1538/levante\",\"text\":\"Fixtures\"}],\"logo\":\"https://a.espncdn.com/i/teamlogos/soccer/500/1538.png\",\"logos\":[{\"href\":\"https://a.espncdn.com/i/teamlogos/soccer/500/1538.png\",\"width\":500,\"height\":500,\"alt\":\"\",\"rel\":[\"full\",\"default\"],\"lastUpdated\":\"2019-05-08T16:07Z\"},{\"href\":\"https://a.espncdn.com/i/teamlogos/soccer/500-dark/1538.png\",\"width\":500,\"height\":500,\"alt\":\"\",\"rel\":[\"full\",\"dark\"],\"lastUpdated\":\"2019-05-08T16:07Z\"}]},\"events\":[{\"id\":\"748477\",\"links\":[{\"href\":\"https://www.espn.com/soccer/match/_/gameId/748477/levante-villarreal\",\"text\":\"Summary\"}],\"atVs\":\"@\",\"gameDate\":\"2026-05-02T12:00Z\",\"score\":\"5-1\",\"homeTeamId\":\"102\",\"awayTeamId\":\"1538\",\"homeTeamScore\":\"5\",\"awayTeamScore\":\"1\",\"homeAggregateScore\":\"0\",\"awayAggregateScore\":\"0\",\"homeShootoutScore\":\"0\",\"awayShootoutScore\":\"0\",\"gameResult\":\"L\",\"competitionName\":\"2025-26 LALIGA\",\"opponent\":{\"id\":\"102\",\"uid\":\"s:600~t:102\",\"displayName\":\"Villarreal\",\"abbreviation\":\"",
          "http_statuses": [
            200,
            200,
            200,
            200,
            200,
            200,
            200,
            200,
            200,
            200,
            200,
            200,
            200,
            200,
            200,
            200,
            200,
            200,
            200,
            200,
            200,
            200,
            200,
            200,
            200,
            200,
            200,
            200,
            200,
            200,
            200,
            200,
            200,
            200,
            200,
            200,
            200,
            200,
            200,
            200,
            200,
            200,
            200,
            200,
            200,
            200,
            200,
            200,
            200,
            200,
            400,
            200,
            400,
            200
          ]
        }
      },
      "thesportsdb": {
        "type": "context",
        "matches_with_data": 4,
        "items_total": 4,
        "stats": {
          "enabled": true,
          "requests": 7,
          "response_errors": 0,
          "leagues_resolved": 6,
          "tables_fetched": 6,
          "contexts_built": 4,
          "missing_table_rows": 7,
          "partial_contexts_built": 3,
          "last_body_preview": "{\"table\":[{\"idStanding\":\"9502323\",\"intRank\":\"1\",\"idTeam\":\"133643\",\"strTeam\":\"Heart of Midlothian\",\"strBadge\":\"https:\\/\\/r2.thesportsdb.com\\/images\\/media\\/team\\/badge\\/twqvyt1447597939.png\\/tiny\",\"idLeague\":\"4330\",\"strLeague\":\"Scottish Premier League\",\"strSeason\":\"2025-2026\",\"strForm\":\"WWWDW\",\"strDescription\":\"Championship round\",\"intPlayed\":\"33\",\"intWin\":\"21\",\"intLoss\":\"5\",\"intDraw\":\"7\",\"intGoalsFor\":\"58\",\"intGoalsAgainst\":\"28\",\"intGoalDifference\":\"30\",\"intPoints\":\"70\",\"dateUpdated\":\"2026-05-07 23:00:55\"},{\"idStanding\":\"9502324\",\"intRank\":\"2\",\"idTeam\":\"133642\",\"strTeam\":\"Rangers\",\"strBadge\":\"https:\\/\\/r2.thesportsdb.com\\/images\\/media\\/team\\/badge\\/ti24j61614290048.png\\/tiny\",\"idLeague\":\"4330\",\"strLeague\":\"Scottish Premier League\",\"strSeason\":\"2025-2026\",\"strForm\":\"LLWWW\",\"strDescription\":\"Championship round\",\"intPlayed\":\"33\",\"intWin\":\"19\",\"intLoss\":\"2\",\"intDraw\":\"12\",\"intGoalsFor\":\"66\",\"intGoalsAgainst\":\"31\",\"intGoalDifference\":\"35\",\"intPoints\":\"69\",\"dateUpdated\":\"2026-05-07 23:00:55\"},{\"idStanding\":\"9502325\",\"intRank\":\"3\",\"idTeam\":\"133647\",\"strTeam\":\"Celtic\",\"strBadge\":\"https:\\/\\/r2.thesportsdb.com\\/images\\/media\\/team\\/badge\\/3uv1641758780002.png\\/tiny\",\"idLeague\":\"4330\",\"strLe",
          "http_statuses": [
            200,
            200,
            200,
            200,
            200,
            200,
            200
          ],
          "max_http_requests_per_run": 18,
          "budget_exhausted": false,
          "rate_limited": false
        }
      },
      "football_data": {
        "type": "context",
        "matches_with_data": 2,
        "items_total": 2,
        "stats": {
          "enabled": true,
          "api_key_present": true,
          "target_matches": 46,
          "requests": 5,
          "response_errors": 0,
          "matches_fetched": 27,
          "history_rows_fetched": 932,
          "events_matched": 2,
          "contexts_built": 2,
          "best_near_miss_score": 0.0,
          "near_miss_count": 0,
          "standings_requests": 2,
          "standings_loaded": 2,
          "history_requests": 2,
          "history_contexts_built": 0,
          "matched_exact": 0,
          "matched_loose": 0,
          "matched_fuzzy": 2,
          "unmatched_rows": 25,
          "http_statuses": [
            200,
            200,
            200,
            200,
            200
          ],
          "last_body_preview": "{\"filters\":{\"season\":2025},\"resultSet\":{\"count\":380,\"first\":\"2025-08-15\",\"last\":\"2026-05-24\",\"played\":340},\"competition\":{\"id\":2014,\"name\":\"Primera Division\",\"code\":\"PD\",\"type\":\"LEAGUE\",\"emblem\":\"https://crests.football-data.org/laliga.png\"},\"matches\":[{\"area\":{\"id\":2224,\"name\":\"Spain\",\"code\":\"ESP\",\"flag\":\"https://crests.football-data.org/760.svg\"},\"competition\":{\"id\":2014,\"name\":\"Primera Division\",\"code\":\"PD\",\"type\":\"LEAGUE\",\"emblem\":\"https://crests.football-data.org/laliga.png\"},\"season\":{\"id\":2429,\"startDate\":\"2025-08-17\",\"endDate\":\"2026-05-24\",\"currentMatchday\":35,\"winner\":null},\"id\":544214,\"utcDate\":\"2025-08-15T17:00:00Z\",\"status\":\"FINISHED\",\"matchday\":1,\"stage\":\"REGULAR_SEASON\",\"group\":null,\"lastUpdated\":\"2026-05-08T00:21:17Z\",\"homeTeam\":{\"id\":298,\"name\":\"Girona FC\",\"shortName\":\"Girona\",\"tla\":\"GIR\",\"crest\":\"https://crests.football-data.org/298.png\"},\"awayTeam\":{\"id\":87,\"name\":\"Rayo Vallecano de Madrid\",\"shortName\":\"Rayo Vallecano\",\"tla\":\"RAY\",\"crest\":\"https://crests.football-data.org/87.png\"},\"score\":{\"winner\":\"AWAY_TEAM\",\"duration\":\"REGULAR\",\"fullTime\":{\"home\":1,\"away\":3},\"halfTime\":{\"home\":0,\"away\":3}},\"odds\":{\"msg\":\"Activate Odds-Package in User-Panel to retrieve odds.\"},\"referees\":[{\"id\":80747,\"name\":\"Javier Alberola Rojas\",\"type\":\"REFEREE\",\"nationality\":null}]},{\"area\":{\"id\":2224,\"name\":\"Spain\",\"code\":\"ESP\",\"flag\":\"https://crests.football-data.org/760.svg\"},\"competition\":{\"id\":2014,\"name\":\"Primera Division\",\"code\":\"PD\",\"type\":\"LEAGUE\",\"emblem\":\"https://crests.football-data.org/laliga.png\"},\"season\":{\"id\":2429,\"startDate\":\"2025-08-17\",\"endDate\":\"2026-05-24\",\"currentMatchday\":35,\"winner\":null},\"id\":544220,\"utcDate\":\"2025-08-15T19:30:00Z\",\"status\":\"FINISHED\",\"matchday\":1,\"stage\":\"REGULAR_SEASON\",\"group\":null,\"lastUpdated\":\"2026-05-08T00:21:17Z\",\"homeTeam\":{\"id\":",
          "max_http_requests_per_run": 12,
          "budget_exhausted": false,
          "rate_limited": false
        }
      },
      "openligadb": {
        "type": "context",
        "matches_with_data": 0,
        "items_total": 0,
        "stats": {
          "enabled": true,
          "requests": 0,
          "response_errors": 0,
          "datasets_loaded": 0,
          "tables_loaded": 0,
          "contexts_built": 0,
          "history_contexts_built": 0,
          "standings_contexts_built": 0,
          "matched_exact": 0,
          "matched_loose": 0,
          "matched_fuzzy": 0,
          "clubelo_sidecar_enabled": true,
          "clubelo_contexts_built": 0,
          "clubelo_only_contexts": 0,
          "merged_with_clubelo": 0,
          "budget_exhausted": false,
          "max_http_requests_per_run": 14,
          "http_statuses": [],
          "last_body_preview": null,
          "clubelo": {
            "enabled": false,
            "requests": 0,
            "response_errors": 0,
            "http_statuses": [],
            "target_matches": 0,
            "snapshot_requests": 0,
            "team_history_requests": 0,
            "snapshot_rows": 0,
            "team_rows": 0,
            "ratings_resolved": 0,
            "contexts_built": 0,
            "missing_ratings": 0,
            "budget_exhausted": false,
            "last_body_preview": null,
            "max_http_requests_per_run": 16
          }
        }
      },
      "openfootball": {
        "type": "context",
        "matches_with_data": 0,
        "items_total": 0,
        "stats": {
          "enabled": true,
          "requests": 0,
          "response_errors": 0,
          "datasets_loaded": 0,
          "contexts_built": 0,
          "matched_exact": 0,
          "matched_loose": 0,
          "matched_fuzzy": 0,
          "http_statuses": [],
          "last_body_preview": null
        }
      },
      "newsapi": {
        "type": "context",
        "matches_with_data": 3,
        "items_total": 3,
        "stats": {
          "enabled": true,
          "api_key_present": true,
          "currents_enabled": true,
          "newsapi_enabled": true,
          "requests": 13,
          "currents_requests": 11,
          "newsapi_requests": 2,
          "cache_hits": 0,
          "response_errors": 0,
          "contexts_built": 3,
          "articles_seen": 5,
          "http_statuses": [
            200,
            200,
            200,
            200,
            200,
            200,
            200,
            200,
            200,
            200,
            200,
            200,
            200
          ],
          "last_body_preview": "{\"status\":\"ok\",\"news\":[],\"page\":1}",
          "rate_limited": false,
          "currents_rate_limited": false,
          "newsapi_rate_limited": false
        }
      },
      "gnews": {
        "type": "context",
        "matches_with_data": 0,
        "items_total": 0,
        "stats": {
          "enabled": true,
          "api_key_present": true,
          "requests": 2,
          "response_errors": 0,
          "contexts_built": 0,
          "articles_seen": 0,
          "http_statuses": [
            200,
            200
          ],
          "last_body_preview": "{\"information\":{\"realTimeArticles\":{\"message\":\"Real-time news data is only available on paid plans. Free plan has a 12-hour delay. Upgrade your plan here to remove the delay: https://gnews.io/change-plan\"}},\"totalArticles\":0,\"articles\":[]}",
          "rate_limited": false
        }
      },
      "self_history": {
        "type": "context",
        "matches_with_data": 0,
        "items_total": 0,
        "stats": {
          "enabled": true,
          "archives_scanned": 48,
          "history_matches_used": 0,
          "state_rows_scanned": 47,
          "state_matches_used": 0,
          "contexts_built": 0
        }
      },
      "weather": {
        "type": "context",
        "matches_with_data": 10,
        "items_total": 10,
        "stats": {
          "enabled": true,
          "api_key_present": true,
          "requests": 10,
          "response_errors": 0,
          "contexts_built": 10,
          "matches_considered": 10,
          "matches_with_base_context": 10,
          "weatherapi_requests": 10,
          "openweathermap_requests": 0,
          "weatherapi_enriched": 10,
          "openweathermap_enriched": 0,
          "cache_hits": 0,
          "missing_location": 0,
          "no_weather_payload": 0,
          "max_http_requests_per_run": "70+50",
          "budget_exhausted": false
        }
      }
    },
    "provider_status": {
      "bookies_bootstrap": {
        "enabled": false,
        "loaded": false,
        "reason": "disabled_by_config"
      },
      "odds_api_io": {
        "enabled": true,
        "loaded": true,
        "class_name": "OddsApiIoProvider",
        "last_method": "fetch_matches",
        "last_fetch_enabled": true,
        "api_key_present": true,
        "rate_limited": false,
        "cooldown_until": null,
        "requests": null,
        "response_errors": 0,
        "max_http_requests_per_run": 280,
        "budget_exhausted": false,
        "matches_built": 74,
        "runtime_error": "TypeError: OddsApiIoProvider._is_supported_market() takes 1 positional argument but 2 were given"
      },
      "bookies_api": {
        "enabled": false,
        "loaded": false,
        "reason": "disabled_by_config"
      },
      "oddspapi": {
        "enabled": false,
        "loaded": false,
        "reason": "disabled_by_config"
      },
      "allsportsapi": {
        "enabled": true,
        "loaded": true,
        "class_name": "AllSportsApiOddsProvider",
        "last_method": "fetch_offers",
        "last_fetch_enabled": true,
        "api_key_present": true,
        "rate_limited": null,
        "cooldown_until": null,
        "requests": 1,
        "response_errors": 0,
        "max_http_requests_per_run": null,
        "budget_exhausted": null,
        "fixtures_fetched": 9
      },
      "sportlogic": {
        "enabled": true,
        "loaded": true,
        "class_name": "SportLogicProvider",
        "last_method": "fetch_context",
        "last_fetch_enabled": true,
        "api_key_present": true,
        "rate_limited": false,
        "cooldown_until": null,
        "requests": 0,
        "response_errors": 0,
        "max_http_requests_per_run": null,
        "budget_exhausted": false,
        "contexts_built": 0,
        "matches_built": 0,
        "fixtures_fetched": 0,
        "targeting_ready": true
      },
      "futrixmetrics": {
        "enabled": true,
        "loaded": true,
        "class_name": "FutrixMetricsContextProvider",
        "targeting_ready": true,
        "last_method": "fetch_context",
        "last_fetch_enabled": true,
        "api_key_present": true,
        "rate_limited": null,
        "cooldown_until": null,
        "requests": 92,
        "response_errors": 41,
        "max_http_requests_per_run": null,
        "budget_exhausted": null,
        "contexts_built": 0
      },
      "sstats": {
        "enabled": true,
        "loaded": true,
        "class_name": "SStatsContextProvider",
        "targeting_ready": true,
        "last_method": "fetch_context",
        "last_fetch_enabled": true,
        "api_key_present": true,
        "rate_limited": null,
        "cooldown_until": null,
        "requests": 6,
        "response_errors": 0,
        "max_http_requests_per_run": 6,
        "budget_exhausted": true,
        "contexts_built": 4
      },
      "bzzoiro": {
        "enabled": true,
        "loaded": true,
        "class_name": "BzzoiroContextProvider",
        "targeting_ready": true,
        "last_method": "fetch_context",
        "last_fetch_enabled": true,
        "api_key_present": true,
        "rate_limited": null,
        "cooldown_until": null,
        "requests": 2,
        "response_errors": 0,
        "max_http_requests_per_run": 2,
        "budget_exhausted": false,
        "contexts_built": 2
      },
      "api_football": {
        "enabled": true,
        "loaded": false,
        "class_name": "ApiFootballContextProvider",
        "error": "ModuleNotFoundError: No module named 'app.providers.api_football'"
      },
      "espn": {
        "enabled": true,
        "loaded": true,
        "class_name": "EspnContextProvider",
        "targeting_ready": true,
        "last_method": "fetch_context",
        "last_fetch_enabled": true,
        "api_key_present": null,
        "rate_limited": null,
        "cooldown_until": null,
        "requests": null,
        "response_errors": 0,
        "max_http_requests_per_run": null,
        "budget_exhausted": null,
        "contexts_built": 2,
        "scoreboard_requests": 50,
        "probability_requests": 2,
        "summary_requests": 2
      },
      "thesportsdb": {
        "enabled": true,
        "loaded": true,
        "class_name": "TheSportsDbContextProvider",
        "targeting_ready": true,
        "last_method": "fetch_context",
        "last_fetch_enabled": true,
        "api_key_present": null,
        "rate_limited": false,
        "cooldown_until": null,
        "requests": 7,
        "response_errors": 0,
        "max_http_requests_per_run": 18,
        "budget_exhausted": false,
        "contexts_built": 4
      },
      "football_data": {
        "enabled": true,
        "loaded": true,
        "class_name": "FootballDataContextProvider",
        "targeting_ready": true,
        "last_method": "fetch_context",
        "last_fetch_enabled": true,
        "api_key_present": true,
        "rate_limited": false,
        "cooldown_until": null,
        "requests": 5,
        "response_errors": 0,
        "max_http_requests_per_run": 12,
        "budget_exhausted": false,
        "contexts_built": 2
      },
      "openligadb": {
        "enabled": true,
        "loaded": true,
        "class_name": "OpenLigaDbContextProvider",
        "targeting_ready": true,
        "last_method": "fetch_context",
        "last_fetch_enabled": true,
        "api_key_present": null,
        "rate_limited": null,
        "cooldown_until": null,
        "requests": 0,
        "response_errors": 0,
        "max_http_requests_per_run": 14,
        "budget_exhausted": false,
        "contexts_built": 0,
        "datasets_loaded": 0
      },
      "openfootball": {
        "enabled": true,
        "loaded": true,
        "class_name": "OpenFootballContextProvider",
        "targeting_ready": true,
        "last_method": "fetch_context",
        "last_fetch_enabled": true,
        "api_key_present": null,
        "rate_limited": null,
        "cooldown_until": null,
        "requests": 0,
        "response_errors": 0,
        "max_http_requests_per_run": null,
        "budget_exhausted": null,
        "contexts_built": 0,
        "datasets_loaded": 0
      },
      "newsapi": {
        "enabled": true,
        "loaded": true,
        "class_name": "NewsApiContextProvider",
        "targeting_ready": true,
        "last_method": "fetch_context",
        "last_fetch_enabled": true,
        "api_key_present": true,
        "rate_limited": false,
        "cooldown_until": null,
        "requests": 13,
        "response_errors": 0,
        "max_http_requests_per_run": null,
        "budget_exhausted": null,
        "contexts_built": 3,
        "articles_seen": 5,
        "cache_hits": 0
      },
      "gnews": {
        "enabled": true,
        "loaded": true,
        "class_name": "GNewsContextProvider",
        "targeting_ready": true,
        "last_method": "fetch_context",
        "last_fetch_enabled": true,
        "api_key_present": true,
        "rate_limited": false,
        "cooldown_until": null,
        "requests": 2,
        "response_errors": 0,
        "max_http_requests_per_run": null,
        "budget_exhausted": null,
        "contexts_built": 0,
        "articles_seen": 0
      },
      "weather": {
        "enabled": true,
        "loaded": true,
        "class_name": "WeatherContextEnricher",
        "last_method": "fetch_context",
        "last_fetch_enabled": true,
        "api_key_present": true,
        "rate_limited": null,
        "cooldown_until": null,
        "requests": 10,
        "response_errors": 0,
        "max_http_requests_per_run": "70+50",
        "budget_exhausted": false,
        "contexts_built": 10,
        "weatherapi_requests": 10,
        "openweathermap_requests": 0,
        "weatherapi_enriched": 10,
        "openweathermap_enriched": 0,
        "cache_hits": 0
      }
    },
    "provider_runtime_errors": {
      "odds_api_io": [
        "TypeError: OddsApiIoProvider._is_supported_market() takes 1 positional argument but 2 were given"
      ]
    },
    "provider_rate_limits": {},
    "matches_with_any_offer_source": 0,
    "matches_with_any_context_source": 10,
    "matches_with_merged_context": 10,
    "raw_candidates_with_derived_market_signal": 0,
    "published_candidates_with_derived_market_signal": 0,
    "matches_with_raw_derived_market_signal": 0,
    "matches_with_published_derived_market_signal": 0,
    "published_candidates_single_source_context": 0,
    "published_candidates_low_book_support": 0,
    "context_source_combinations": {
      "sstats+bzzoiro+espn+football_data+weather": 1,
      "none": 36,
      "sstats+bzzoiro+espn+thesportsdb+football_data+weather": 1,
      "sstats+weather": 2,
      "newsapi+weather": 3,
      "thesportsdb+weather": 3
    },
    "offer_source_combinations": {
      "none": 46
    }
  },
  "market_monitor": {
    "enabled": true,
    "snapshots_written": 1,
    "matches_snapshotted": 0,
    "markets_snapshotted": 0,
    "signals_built": 0,
    "clv_pending": 0,
    "clv_resolved": 0,
    "avg_open_clv_pct": null,
    "avg_resolved_clv_pct": null,
    "clv_tracked_now": 0
  },
  "settlement": {
    "checked": 32,
    "settled_count": 0,
    "shadow_settled_count": 0,
    "rows_fetched": 1087,
    "rows_by_source": {
      "sstats": 1000,
      "football_data": 87
    },
    "manual_overrides_loaded": 1,
    "manual_overrides_valid": 1,
    "manual_overrides_disabled": 0,
    "manual_overrides_invalid": 0,
    "manual_overrides_matched": 0,
    "reasons": {
      "no_match": 32
    },
    "unsettled_count": 32,
    "attempts_recorded": 32,
    "sample": [
      {
        "prediction_id": "soccer|crown legacy|orlando city b|2026-05-03|dnb|home|||2026-05-03T23:00:00+00:00",
        "home_team": "Orlando City B",
        "away_team": "Crown Legacy FC",
        "family": "dnb",
        "selection": "Orlando City B (0)",
        "point": null,
        "reason": "no_match",
        "best_score": 0.0,
        "best_source": null,
        "best_status": null,
        "best_event": null,
        "best_scoreline": null,
        "match_failure": "no_positive_candidate",
        "match_threshold": 70.0,
        "grade_issue": null
      },
      {
        "prediction_id": "soccer|cincinnati 2|toronto 2|2026-05-03|h2h|home|||2026-05-03T23:00:00+00:00",
        "home_team": "FC Cincinnati 2",
        "away_team": "Toronto FC II",
        "family": "h2h",
        "selection": "FC Cincinnati 2",
        "point": null,
        "reason": "no_match",
        "best_score": 0.0,
        "best_source": null,
        "best_status": null,
        "best_event": null,
        "best_scoreline": null,
        "match_failure": "no_positive_candidate",
        "match_threshold": 70.0,
        "grade_issue": null
      },
      {
        "prediction_id": "soccer|sporting kansas city 2|tacoma defiance|2026-05-04|totals|under||2.5|2026-05-04T00:00:00+00:00",
        "home_team": "Sporting Kansas City II",
        "away_team": "Tacoma Defiance",
        "family": "totals",
        "selection": "Меньше",
        "point": 2.5,
        "reason": "no_match",
        "best_score": 0.0,
        "best_source": null,
        "best_status": null,
        "best_event": null,
        "best_scoreline": null,
        "match_failure": "no_positive_candidate",
        "match_threshold": 70.0,
        "grade_issue": null
      },
      {
        "prediction_id": "soccer|america|pumas unam|2026-05-03|dnb|away|||2026-05-03T23:00:00+00:00",
        "home_team": "CF America",
        "away_team": "Pumas UNAM",
        "family": "dnb",
        "selection": "Pumas UNAM (0)",
        "point": null,
        "reason": "no_match",
        "best_score": 0.0,
        "best_source": null,
        "best_status": null,
        "best_event": null,
        "best_scoreline": null,
        "match_failure": "no_positive_candidate",
        "match_threshold": 70.0,
        "grade_issue": null
      },
      {
        "prediction_id": "soccer|pachuca|toluca|2026-05-04|totals|under||2.5|2026-05-04T01:15:00+00:00",
        "home_team": "Deportivo Toluca FC",
        "away_team": "CF Pachuca",
        "family": "totals",
        "selection": "Меньше",
        "point": 2.5,
        "reason": "no_match",
        "best_score": 0.0,
        "best_source": null,
        "best_status": null,
        "best_event": null,
        "best_scoreline": null,
        "match_failure": "no_positive_candidate",
        "match_threshold": 70.0,
        "grade_issue": null
      },
      {
        "prediction_id": "soccer|al muharraq|al najma manama|2026-05-04|totals|under||2.5|2026-05-04T16:00:00+00:00",
        "home_team": "Al-Najma Manama",
        "away_team": "Al-Muharraq SC",
        "family": "totals",
        "selection": "Меньше",
        "point": 2.5,
        "reason": "no_match",
        "best_score": 0.0,
        "best_source": null,
        "best_status": null,
        "best_event": null,
        "best_scoreline": null,
        "match_failure": "no_positive_candidate",
        "match_threshold": 70.0,
        "grade_issue": null
      },
      {
        "prediction_id": "soccer|aali|al hidd|2026-05-04|dnb|away|||2026-05-04T16:00:00+00:00",
        "home_team": "Al Hidd",
        "away_team": "Aali",
        "family": "dnb",
        "selection": "Aali (0)",
        "point": null,
        "reason": "no_match",
        "best_score": 0.0,
        "best_source": null,
        "best_status": null,
        "best_event": null,
        "best_scoreline": null,
        "match_failure": "no_positive_candidate",
        "match_threshold": 70.0,
        "grade_issue": null
      },
      {
        "prediction_id": "soccer|gwangju|jeonbuk|2026-05-05|btts|yes|||2026-05-05T05:00:00+00:00",
        "home_team": "Jeonbuk FC",
        "away_team": "Gwangju FC",
        "family": "btts",
        "selection": "Обе забьют: Да",
        "point": null,
        "reason": "no_match",
        "best_score": 0.0,
        "best_source": null,
        "best_status": null,
        "best_event": null,
        "best_scoreline": null,
        "match_failure": "no_positive_candidate",
        "match_threshold": 70.0,
        "grade_issue": null
      }
    ]
  },
  "daily_report": {
    "due": false,
    "report_date": "2026-05-07",
    "skip_reason": "before_report_hour",
    "refresh_reason": null,
    "is_revision": false,
    "telegram_messages_sent": 0,
    "summary": {},
    "quality_analysis": {},
    "next_day_adjustments": {},
    "exports": {}
  },
  "quality": {
    "summary": {
      "total_tracked_bets": 47,
      "settled_binary_bets": 5,
      "count": 5,
      "wins": 3,
      "losses": 2,
      "stake": 5.0,
      "pnl": 1.06,
      "roi_pct": 21.2,
      "hit_rate_pct": 60.0,
      "avg_odds": 2.062
    },
    "backtest": {
      "mode": "published_bets_retrospective_filter",
      "baseline": {
        "count": 5,
        "wins": 3,
        "losses": 2,
        "stake": 5.0,
        "pnl": 1.06,
        "roi_pct": 21.2,
        "hit_rate_pct": 60.0,
        "avg_odds": 2.062
      },
      "quality_policy": {
        "count": 5,
        "wins": 3,
        "losses": 2,
        "stake": 5.0,
        "pnl": 1.06,
        "roi_pct": 21.2,
        "hit_rate_pct": 60.0,
        "avg_odds": 2.062
      },
      "rejected_by_reason": {},
      "kept_count": 5,
      "rejected_count": 0
    },
    "error_analysis": {
      "settled_bets": 5,
      "lost_bets": 2,
      "top_failure_tags": {
        "uncategorized": 2
      },
      "by_family": {
        "btts": {
          "count": 4,
          "wins": 2,
          "losses": 2,
          "stake": 4.0,
          "pnl": -0.04,
          "roi_pct": -1.0,
          "hit_rate_pct": 50.0,
          "avg_odds": 2.052
        },
        "teamTotals": {
          "count": 1,
          "wins": 1,
          "losses": 0,
          "stake": 1.0,
          "pnl": 1.1,
          "roi_pct": 110.0,
          "hit_rate_pct": 100.0,
          "avg_odds": 2.1
        }
      },
      "by_league_bucket": {
        "other": {
          "count": 1,
          "wins": 1,
          "losses": 0,
          "stake": 1.0,
          "pnl": 0.91,
          "roi_pct": 91.0,
          "hit_rate_pct": 100.0,
          "avg_odds": 1.909
        },
        "preferred": {
          "count": 2,
          "wins": 2,
          "losses": 0,
          "stake": 2.0,
          "pnl": 2.15,
          "roi_pct": 107.5,
          "hit_rate_pct": 100.0,
          "avg_odds": 2.075
        },
        "secondary": {
          "count": 2,
          "wins": 0,
          "losses": 2,
          "stake": 2.0,
          "pnl": -2.0,
          "roi_pct": -100.0,
          "hit_rate_pct": 0.0,
          "avg_odds": 2.125
        }
      }
    },
    "decisions": {
      "passed": 0,
      "rejected": 0,
      "enough_history": false
    },
    "exports": {
      "quality_report_json": ".data/exports/2026-05-08/quality-report.json",
      "quality_segments_csv": ".data/exports/2026-05-08/quality-segments.csv",
      "quality_learning_csv": ".data/exports/2026-05-08/quality-learning.csv",
      "latest_quality_report_json": ".data/exports/latest-quality-report.json",
      "latest_quality_segments_csv": ".data/exports/latest-quality-segments.csv",
      "latest_quality_learning_csv": ".data/exports/latest-quality-learning.csv"
    }
  },
  "bankroll": {
    "available_balance": 1000.0,
    "bets_published": 0,
    "bets_settled": 0,
    "closed_pnl": 0.0,
    "currency": "units",
    "current_balance": 1000.0,
    "enabled": true,
    "losses": 0,
    "open_exposure": 0.0,
    "peak_balance": 1000.0,
    "pushes": 0,
    "roi_pct": 0.0,
    "starting_balance": 1000.0,
    "total_staked": 0.0,
    "voids": 0,
    "wins": 0,
    "yield_pct": 0.0
  },
  "exports": {
    "matches_json": ".data/exports/2026-05-08/182849-matches.json",
    "picks_json": ".data/exports/2026-05-08/182849-picks.json",
    "bets_json": ".data/exports/2026-05-08/182849-bets.json",
    "matches_csv": ".data/exports/2026-05-08/182849-matches.csv",
    "picks_csv": ".data/exports/2026-05-08/182849-picks.csv",
    "bets_csv": ".data/exports/2026-05-08/182849-bets.csv",
    "bankroll_json": ".data/exports/2026-05-08/182849-bankroll.json",
    "pending_bets_json": ".data/exports/2026-05-08/182849-pending-bets.json",
    "settled_bets_json": ".data/exports/2026-05-08/182849-settled-bets.json",
    "latest_matches_json": ".data/exports/latest-matches.json",
    "latest_picks_json": ".data/exports/latest-picks.json",
    "latest_bets_json": ".data/exports/latest-bets.json",
    "latest_matches_csv": ".data/exports/latest-matches.csv",
    "latest_picks_csv": ".data/exports/latest-picks.csv",
    "latest_bets_csv": ".data/exports/latest-bets.csv",
    "latest_bankroll_json": ".data/exports/latest-bankroll.json",
    "latest_pending_bets_json": ".data/exports/latest-pending-bets.json",
    "latest_settled_bets_json": ".data/exports/latest-settled-bets.json",
    "latest_rescue_candidates": ".data/exports/latest-rescue-candidates.json",
    "quality_report_json": ".data/exports/2026-05-08/quality-report.json",
    "quality_segments_csv": ".data/exports/2026-05-08/quality-segments.csv",
    "quality_learning_csv": ".data/exports/2026-05-08/quality-learning.csv",
    "latest_quality_report_json": ".data/exports/latest-quality-report.json",
    "latest_quality_segments_csv": ".data/exports/latest-quality-segments.csv",
    "latest_quality_learning_csv": ".data/exports/latest-quality-learning.csv"
  },
  "run_report": {
    "enabled": false,
    "only_when_no_predictions": false,
    "telegram_messages_sent": 0
  },
  "sheet_export": {
    "rows": 0,
    "json_path": ".data/sheet-export.json",
    "csv_path": ".data/sheet-export.csv",
    "summary_json_path": ".data/sheet-run-summary.json",
    "picks_csv_path": ".data/sheet-picks.csv",
    "matches_csv_path": ".data/sheet-matches.csv",
    "bet_ledger_csv_path": ".data/sheet-bet-ledger.csv",
    "daily_report_csv_path": "",
    "daily_summary_csv_path": "",
    "learning_csv_path": ".data/sheet-learning.csv",
    "guard_report_json_path": "",
    "guard_report_csv_path": "",
    "sheet_id_present": false,
    "apps_script_sync_required": true,
    "webhook_configured": false,
    "webhook_synced": false,
    "webhook_status": null,
    "webhook_error": null
  },
  "history": {
    "run_archive_path": ".logs/runs/2026-05-08/182849-run.json",
    "run_history_count": 20,
    "message_history_count": 0
  }
}
