match_key,source,source_event_id,sport_key,league_name,home_team,away_team,commence_time,tier,metadata,forecast_status,forecast_family,forecast_selection,forecast_selection_key,forecast_team_side,forecast_line,forecast_odds,forecast_bookmaker,forecast_odds_source,forecast_model_probability_pct,forecast_adjusted_probability_pct,forecast_market_probability_pct,forecast_edge_pct,forecast_ev_pct,forecast_confidence,forecast_books_count,forecast_sources_count,forecast_model_mode,forecast_publication_score,forecast_expected_home,forecast_expected_away,forecast_total_xg,forecast_context_source,forecast_context_confidence,forecast_market_movement,forecast_quality_status,forecast_quality_score,forecast_quality_reasons,forecast_quality_calibration,forecast_reasons,forecast_analysis_points
soccer|ca acassuso|madryn|2026-05-31,odds_api_io,67117708,soccer,Argentina - Primera Nacional,Deportivo Madryn,CA Acassuso,2026-05-31T18:00:00+00:00,mid,"{""competition"": ""Argentina - Primera Nacional"", ""odds_api_io_id"": 67117708, ""raw_event"": {""away"": ""CA Acassuso"", ""awayId"": 112491, ""date"": ""2026-05-31T18:00:00Z"", ""home"": ""Deportivo Madryn"", ""homeId"": 258463, ""id"": 67117708, ""league"": {""name"": ""Argentina - Primera Nacional"", ""slug"": ""argentina-primera-nacional""}, ""scores"": {""away"": 0, ""home"": 0}, ""sport"": {""name"": ""Football"", ""slug"": ""football""}, ""status"": ""pending""}}",,spreads,Deportivo Madryn,home,home,-1.0,,Sbobet,odds_api_io,58.13,51.71,50.25,,,60.63,,,xg_spread,22.209,1.491,0.678,,ensemble,,insufficient_history,,,,,,
soccer|ca linqueno|cas defensores belgrano|2026-05-31,odds_api_io,69614358,soccer,Argentina - Torneo Federal A,CA Linqueno,CAS Defensores de Belgrano,2026-05-31T18:00:00+00:00,mid,"{""competition"": ""Argentina - Torneo Federal A"", ""odds_api_io_id"": 69614358, ""raw_event"": {""away"": ""CAS Defensores de Belgrano"", ""awayId"": 260593, ""date"": ""2026-05-31T18:00:00Z"", ""home"": ""CA Linqueno"", ""homeId"": 354960, ""id"": 69614358, ""league"": {""name"": ""Argentina - Torneo Federal A"", ""slug"": ""argentina-torneo-federal-a""}, ""scores"": {""away"": 0, ""home"": 0}, ""sport"": {""name"": ""Football"", ""slug"": ""football""}, ""status"": ""pending""}}",,spreads,CA Linqueno,home,home,-1.0,,Unibet,odds_api_io,35.99,35.24,35.09,,,53.09,,,market_simple_spreads,14.788,,,,market_signal,,insufficient_history,,,,,,
soccer|cdc nicanor otamendi|villa mitre bahia blanca|2026-05-31,odds_api_io,69617326,soccer,Argentina - Torneo Federal A,CDC Nicanor Otamendi,Villa Mitre de Bahia Blanca,2026-05-31T18:00:00+00:00,mid,"{""competition"": ""Argentina - Torneo Federal A"", ""odds_api_io_id"": 69617326, ""raw_event"": {""away"": ""Villa Mitre de Bahia Blanca"", ""awayId"": 269551, ""date"": ""2026-05-31T18:00:00Z"", ""home"": ""CDC Nicanor Otamendi"", ""homeId"": 564930, ""id"": 69617326, ""league"": {""name"": ""Argentina - Torneo Federal A"", ""slug"": ""argentina-torneo-federal-a""}, ""scores"": {""away"": 0, ""home"": 0}, ""sport"": {""name"": ""Football"", ""slug"": ""football""}, ""status"": ""pending""}}",,,,,,,,,,,,,,,,,,,,,,,,,,,,,,,
soccer|argentino monte maiz|costa brava general pico|2026-05-31,odds_api_io,69615758,soccer,Argentina - Torneo Federal A,Costa Brava de General Pico,CD Argentino Monte Maiz,2026-05-31T18:00:00+00:00,mid,"{""competition"": ""Argentina - Torneo Federal A"", ""odds_api_io_id"": 69615758, ""raw_event"": {""away"": ""CD Argentino Monte Maiz"", ""awayId"": 854829, ""date"": ""2026-05-31T18:00:00Z"", ""home"": ""Costa Brava de General Pico"", ""homeId"": 672871, ""id"": 69615758, ""league"": {""name"": ""Argentina - Torneo Federal A"", ""slug"": ""argentina-torneo-federal-a""}, ""scores"": {""away"": 0, ""home"": 0}, ""sport"": {""name"": ""Football"", ""slug"": ""football""}, ""status"": ""pending""}}",,,,,,,,,,,,,,,,,,,,,,,,,,,,,,,
soccer|csd sol mayo|santamarina tandil|2026-05-31,odds_api_io,69617322,soccer,Argentina - Torneo Federal A,CSD Sol de Mayo,CD Santamarina Tandil,2026-05-31T18:00:00+00:00,mid,"{""competition"": ""Argentina - Torneo Federal A"", ""odds_api_io_id"": 69617322, ""raw_event"": {""away"": ""CD Santamarina Tandil"", ""awayId"": 165912, ""date"": ""2026-05-31T18:00:00Z"", ""home"": ""CSD Sol de Mayo"", ""homeId"": 337369, ""id"": 69617322, ""league"": {""name"": ""Argentina - Torneo Federal A"", ""slug"": ""argentina-torneo-federal-a""}, ""scores"": {""away"": 0, ""home"": 0}, ""sport"": {""name"": ""Football"", ""slug"": ""football""}, ""status"": ""pending""}}",,spreads,CSD Sol de Mayo,home,home,-0.25,,Bet365,odds_api_io,56.66,55.14,54.79,,,60.03,,,xg_spread,17.181,1.415,0.749,,ensemble,,insufficient_history,,,,,,
soccer|fadep|rincon|2026-05-31,odds_api_io,69615760,soccer,Argentina - Torneo Federal A,Deportivo Rincon,Fadep,2026-05-31T18:00:00+00:00,mid,"{""competition"": ""Argentina - Torneo Federal A"", ""odds_api_io_id"": 69615760, ""raw_event"": {""away"": ""Fadep"", ""awayId"": 855165, ""date"": ""2026-05-31T18:00:00Z"", ""home"": ""Deportivo Rincon"", ""homeId"": 405425, ""id"": 69615760, ""league"": {""name"": ""Argentina - Torneo Federal A"", ""slug"": ""argentina-torneo-federal-a""}, ""scores"": {""away"": 0, ""home"": 0}, ""sport"": {""name"": ""Football"", ""slug"": ""football""}, ""status"": ""pending""}}",,,,,,,,,,,,,,,,,,,,,,,,,,,,,,,
soccer|ca alvarado|guillermo brown|2026-05-31,odds_api_io,69617318,soccer,Argentina - Torneo Federal A,Guillermo Brown,CA Alvarado,2026-05-31T18:00:00+00:00,mid,"{""competition"": ""Argentina - Torneo Federal A"", ""odds_api_io_id"": 69617318, ""raw_event"": {""away"": ""CA Alvarado"", ""awayId"": 397002, ""date"": ""2026-05-31T18:00:00Z"", ""home"": ""Guillermo Brown"", ""homeId"": 53801, ""id"": 69617318, ""league"": {""name"": ""Argentina - Torneo Federal A"", ""slug"": ""argentina-torneo-federal-a""}, ""scores"": {""away"": 0, ""home"": 0}, ""sport"": {""name"": ""Football"", ""slug"": ""football""}, ""status"": ""pending""}}",,doubleChance,Без ничьи,12,,,,Unibet,odds_api_io,78.02,61.04,57.14,,,61.93,,,h2h_ensemble,28.313,0.961,1.085,,ensemble,,insufficient_history,,,,,,
soccer|ca 9 julio rafaela|independiente chivilcoy|2026-05-31,odds_api_io,69614366,soccer,Argentina - Torneo Federal A,Independiente de Chivilcoy,CA 9 de Julio Rafaela,2026-05-31T18:00:00+00:00,mid,"{""competition"": ""Argentina - Torneo Federal A"", ""odds_api_io_id"": 69614366, ""raw_event"": {""away"": ""CA 9 de Julio Rafaela"", ""awayId"": 331181, ""date"": ""2026-05-31T18:00:00Z"", ""home"": ""Independiente de Chivilcoy"", ""homeId"": 300078, ""id"": 69614366, ""league"": {""name"": ""Argentina - Torneo Federal A"", ""slug"": ""argentina-torneo-federal-a""}, ""scores"": {""away"": 0, ""home"": 0}, ""sport"": {""name"": ""Football"", ""slug"": ""football""}, ""status"": ""pending""}}",,spreads,Independiente de Chivilcoy,home,home,-1.0,,Unibet,odds_api_io,54.37,39.16,32.26,,,62.45,,,xg_spread,48.552,1.143,0.706,,sstats,,insufficient_history,,,,,,
soccer|afiz|escara|2026-05-31,odds_api_io,71827140,soccer,Bolivia - Copa Simon Bolivar,Deportivo Escara,CD Afiz,2026-05-31T18:00:00+00:00,mid,"{""competition"": ""Bolivia - Copa Simon Bolivar"", ""odds_api_io_id"": 71827140, ""raw_event"": {""away"": ""CD Afiz"", ""awayId"": 1254547, ""date"": ""2026-05-31T18:00:00Z"", ""home"": ""Deportivo Escara"", ""homeId"": 378088, ""id"": 71827140, ""league"": {""name"": ""Bolivia - Copa Simon Bolivar"", ""slug"": ""bolivia-copa-simon-bolivar""}, ""scores"": {""away"": 0, ""home"": 0}, ""sport"": {""name"": ""Football"", ""slug"": ""football""}, ""status"": ""pending""}}",,,,,,,,,,,,,,,,,,,,,,,,,,,,,,,
soccer|grapiuna ba|vitoria conquista ba|2026-05-31,odds_api_io,70066082,soccer,"Brazil - Baiano, Serie B",EC Vitoria da Conquista BA,Grapiuna AC BA,2026-05-31T18:00:00+00:00,mid,"{""competition"": ""Brazil - Baiano, Serie B"", ""odds_api_io_id"": 70066082, ""raw_event"": {""away"": ""Grapiuna AC BA"", ""awayId"": 815192, ""date"": ""2026-05-31T18:00:00Z"", ""home"": ""EC Vitoria da Conquista BA"", ""homeId"": 22430, ""id"": 70066082, ""league"": {""name"": ""Brazil - Baiano, Serie B"", ""slug"": ""brazil-baiano-serie-b""}, ""scores"": {""away"": 0, ""home"": 0}, ""sport"": {""name"": ""Football"", ""slug"": ""football""}, ""status"": ""pending""}}",,,,,,,,,,,,,,,,,,,,,,,,,,,,,,,
soccer|barreiras ba|fluminense feira ba|2026-05-31,odds_api_io,70066080,soccer,"Brazil - Baiano, Serie B",Fluminense de Feira FC BA,Barreiras FC BA,2026-05-31T18:00:00+00:00,mid,"{""competition"": ""Brazil - Baiano, Serie B"", ""odds_api_io_id"": 70066080, ""raw_event"": {""away"": ""Barreiras FC BA"", ""awayId"": 1336286, ""date"": ""2026-05-31T18:00:00Z"", ""home"": ""Fluminense de Feira FC BA"", ""homeId"": 21963, ""id"": 70066080, ""league"": {""name"": ""Brazil - Baiano, Serie B"", ""slug"": ""brazil-baiano-serie-b""}, ""scores"": {""away"": 0, ""home"": 0}, ""sport"": {""name"": ""Football"", ""slug"": ""football""}, ""status"": ""pending""}}",,,,,,,,,,,,,,,,,,,,,,,,,,,,,,,
soccer|camacari ba|jacobina ba|2026-05-31,odds_api_io,70066088,soccer,"Brazil - Baiano, Serie B",Jacobina EC BA,Camacari BA,2026-05-31T18:00:00+00:00,mid,"{""competition"": ""Brazil - Baiano, Serie B"", ""odds_api_io_id"": 70066088, ""raw_event"": {""away"": ""Camacari BA"", ""awayId"": 21885, ""date"": ""2026-05-31T18:00:00Z"", ""home"": ""Jacobina EC BA"", ""homeId"": 190566, ""id"": 70066088, ""league"": {""name"": ""Brazil - Baiano, Serie B"", ""slug"": ""brazil-baiano-serie-b""}, ""scores"": {""away"": 0, ""home"": 0}, ""sport"": {""name"": ""Football"", ""slug"": ""football""}, ""status"": ""pending""}}",,,,,,,,,,,,,,,,,,,,,,,,,,,,,,,
soccer|redencao ba|ssa ba|2026-05-31,odds_api_io,70066084,soccer,"Brazil - Baiano, Serie B",Ssa FC BA,Redencao FC BA,2026-05-31T18:00:00+00:00,mid,"{""competition"": ""Brazil - Baiano, Serie B"", ""odds_api_io_id"": 70066084, ""raw_event"": {""away"": ""Redencao FC BA"", ""awayId"": 1336296, ""date"": ""2026-05-31T18:00:00Z"", ""home"": ""Ssa FC BA"", ""homeId"": 1126775, ""id"": 70066084, ""league"": {""name"": ""Brazil - Baiano, Serie B"", ""slug"": ""brazil-baiano-serie-b""}, ""scores"": {""away"": 0, ""home"": 0}, ""sport"": {""name"": ""Football"", ""slug"": ""football""}, ""status"": ""pending""}}",,totals,Меньше,under,,2.75,,Bet365,odds_api_io,66.15,52.46,49.34,,,61.04,,,xg_total,20.501,1.219,1.235,,ensemble,,insufficient_history,,,,,,
soccer|ca tubarao|fluminense|2026-05-31,odds_api_io,69796238,soccer,"Brazil - Catarinense, Serie B",CA Tubarao SC,Fluminense SC,2026-05-31T18:00:00+00:00,mid,"{""competition"": ""Brazil - Catarinense, Serie B"", ""odds_api_io_id"": 69796238, ""raw_event"": {""away"": ""Fluminense SC"", ""awayId"": 457463, ""date"": ""2026-05-31T18:00:00Z"", ""home"": ""CA Tubarao SC"", ""homeId"": 1988, ""id"": 69796238, ""league"": {""name"": ""Brazil - Catarinense, Serie B"", ""slug"": ""brazil-catarinense-serie-b""}, ""scores"": {""away"": 0, ""home"": 0}, ""sport"": {""name"": ""Football"", ""slug"": ""football""}, ""status"": ""pending""}}",,,,,,,,,,,,,,,,,,,,,,,,,,,,,,,
soccer|crato ce|itapipoca ce|2026-05-31,odds_api_io,71643682,soccer,"Brazil - Cearense, Serie B",Itapipoca EC CE,Crato EC CE,2026-05-31T18:00:00+00:00,mid,"{""competition"": ""Brazil - Cearense, Serie B"", ""odds_api_io_id"": 71643682, ""raw_event"": {""away"": ""Crato EC CE"", ""awayId"": 39613, ""date"": ""2026-05-31T18:00:00Z"", ""home"": ""Itapipoca EC CE"", ""homeId"": 32671, ""id"": 71643682, ""league"": {""name"": ""Brazil - Cearense, Serie B"", ""slug"": ""brazil-cearense-serie-b""}, ""scores"": {""away"": 0, ""home"": 0}, ""sport"": {""name"": ""Football"", ""slug"": ""football""}, ""status"": ""pending""}}",,totals,Меньше,under,,2.25,,Bet365,odds_api_io,64.5,53.76,51.32,,,60.96,,,xg_total,18.022,1.159,0.958,,ensemble,,insufficient_history,,,,,,
soccer|brasil capixaba es|rio branco es|2026-05-31,odds_api_io,70703504,soccer,Brazil - Copa Espirito Santo,SC Brasil Capixaba ES,Rio Branco FC ES,2026-05-31T18:00:00+00:00,mid,"{""competition"": ""Brazil - Copa Espirito Santo"", ""odds_api_io_id"": 70703504, ""raw_event"": {""away"": ""Rio Branco FC ES"", ""awayId"": 675087, ""date"": ""2026-05-31T18:00:00Z"", ""home"": ""SC Brasil Capixaba ES"", ""homeId"": 572499, ""id"": 70703504, ""league"": {""name"": ""Brazil - Copa Espirito Santo"", ""slug"": ""brazil-copa-espirito-santo""}, ""scores"": {""away"": 0, ""home"": 0}, ""sport"": {""name"": ""Football"", ""slug"": ""football""}, ""status"": ""pending""}}",,,,,,,,,,,,,,,,,,,,,,,,,,,,,,,
soccer|aucas|mushuc runa|2026-05-31,odds_api_io,68687678,soccer,Ecuador - LigaPro Primera A,Mushuc Runa SC,SD Aucas,2026-05-31T18:00:00+00:00,mid,"{""competition"": ""Ecuador - LigaPro Primera A"", ""odds_api_io_id"": 68687678, ""raw_event"": {""away"": ""SD Aucas"", ""awayId"": 5249, ""date"": ""2026-05-31T18:00:00Z"", ""home"": ""Mushuc Runa SC"", ""homeId"": 134976, ""id"": 68687678, ""league"": {""name"": ""Ecuador - LigaPro Primera A"", ""slug"": ""ecuador-ligapro-primera-a""}, ""scores"": {""away"": 0, ""home"": 0}, ""sport"": {""name"": ""Football"", ""slug"": ""football""}, ""status"": ""pending""}}",,spreads,SD Aucas,away,away,1.0,,Bet365,odds_api_io,50.96,45.15,40.56,,,70.66,,,xg_spread,148.983,0.982,1.078,,ensemble,,insufficient_history,,,,,,
soccer|dreams|nations|2026-05-31,odds_api_io,71268952,soccer,Ghana - FA Cup,Dreams FC,Nations FC,2026-05-31T18:00:00+00:00,mid,"{""competition"": ""Ghana - FA Cup"", ""odds_api_io_id"": 71268952, ""raw_event"": {""away"": ""Nations FC"", ""awayId"": 964055, ""date"": ""2026-05-31T18:00:00Z"", ""home"": ""Dreams FC"", ""homeId"": 243484, ""id"": 71268952, ""league"": {""name"": ""Ghana - FA Cup"", ""slug"": ""ghana-fa-cup""}, ""scores"": {""away"": 0, ""home"": 0}, ""sport"": {""name"": ""Football"", ""slug"": ""football""}, ""status"": ""pending""}}",,spreads,Dreams FC,home,home,-1.75,,Betfair Exchange,odds_api_io,59.79,81.29,86.35,,,64.5,,,xg_spread,308.358,1.592,0.613,,ensemble,,insufficient_history,,,,,,
soccer|atletico central|dos hermanas 1971|2026-05-31,odds_api_io,71732858,soccer,"Spain Amateur - Tercera Federacion, Group 10",Club Atletico Central,Dos Hermanas CF 1971,2026-05-31T18:00:00+00:00,mid,"{""competition"": ""Spain Amateur - Tercera Federacion, Group 10"", ""odds_api_io_id"": 71732858, ""raw_event"": {""away"": ""Dos Hermanas CF 1971"", ""awayId"": 1269692, ""date"": ""2026-05-31T18:00:00Z"", ""home"": ""Club Atletico Central"", ""homeId"": 750157, ""id"": 71732858, ""league"": {""name"": ""Spain Amateur - Tercera Federacion, Group 10"", ""slug"": ""spain-amateur-tercera-federacion-group-10""}, ""scores"": {""away"": 0, ""home"": 0}, ""sport"": {""name"": ""Football"", ""slug"": ""football""}, ""status"": ""pending""}}",,spreads,Club Atletico Central,home,home,-1.5,,Bet365,odds_api_io,54.97,27.34,20.91,,,65.65,,,xg_spread,50.736,1.579,1.081,,ensemble,,insufficient_history,,,,,,
soccer|ca juventud las piedras|montevideo wanderers|2026-05-31,odds_api_io,71737090,soccer,Uruguay - Primera Division,CA Juventud de Las Piedras,Montevideo Wanderers,2026-05-31T18:00:00+00:00,mid,"{""competition"": ""Uruguay - Primera Division"", ""odds_api_io_id"": 71737090, ""raw_event"": {""away"": ""Montevideo Wanderers"", ""awayId"": 3240, ""date"": ""2026-05-31T18:00:00Z"", ""home"": ""CA Juventud de Las Piedras"", ""homeId"": 3224, ""id"": 71737090, ""league"": {""name"": ""Uruguay - Primera Division"", ""slug"": ""uruguay-primera-division""}, ""scores"": {""away"": 0, ""home"": 0}, ""sport"": {""name"": ""Football"", ""slug"": ""football""}, ""status"": ""pending""}}",,spreads,Montevideo Wanderers,away,away,-0.75,,Betfair Exchange,odds_api_io,48.91,50.5,51.69,,,66.76,,,xg_spread,161.333,1.111,1.002,,ensemble,,insufficient_history,,,,,,
soccer|minnesota blizzard|sioux falls thunder|2026-05-31,odds_api_io,69072350,soccer,USA - National Premier Soccer League,Sioux Falls Thunder FC,Minnesota Blizzard FC,2026-05-31T18:00:00+00:00,mid,"{""competition"": ""USA - National Premier Soccer League"", ""odds_api_io_id"": 69072350, ""raw_event"": {""away"": ""Minnesota Blizzard FC"", ""awayId"": 1107715, ""date"": ""2026-05-31T18:00:00Z"", ""home"": ""Sioux Falls Thunder FC"", ""homeId"": 559050, ""id"": 69072350, ""league"": {""name"": ""USA - National Premier Soccer League"", ""slug"": ""usa-national-premier-soccer-league""}, ""scores"": {""away"": 0, ""home"": 0}, ""sport"": {""name"": ""Football"", ""slug"": ""football""}, ""status"": ""pending""}}",,,,,,,,,,,,,,,,,,,,,,,,,,,,,,,
soccer|brooklyn|sporting jax|2026-05-31,odds_api_io,67172612,soccer,USA - USL Championship,Sporting Jax,Brooklyn FC,2026-05-31T18:00:00+00:00,mid,"{""competition"": ""USA - USL Championship"", ""odds_api_io_id"": 67172612, ""raw_event"": {""away"": ""Brooklyn FC"", ""awayId"": 1312976, ""date"": ""2026-05-31T18:00:00Z"", ""home"": ""Sporting Jax"", ""homeId"": 1232493, ""id"": 67172612, ""league"": {""name"": ""USA - USL Championship"", ""slug"": ""usa-usl-championship""}, ""scores"": {""away"": 0, ""home"": 0}, ""sport"": {""name"": ""Football"", ""slug"": ""football""}, ""status"": ""pending""}}",,spreads,Brooklyn FC,away,away,1.0,,Bet365,odds_api_io,49.14,41.35,35.29,,,69.68,,,xg_spread,131.003,1.299,1.212,,ensemble,,insufficient_history,,,,,,
soccer|alianza lima|cajamarca|2026-05-31,odds_api_io,71396976,soccer,Peru - Liga 1,FC Cajamarca,Alianza Lima,2026-05-31T18:15:00+00:00,mid,"{""competition"": ""Peru - Liga 1"", ""odds_api_io_id"": 71396976, ""raw_event"": {""away"": ""Alianza Lima"", ""awayId"": 2311, ""date"": ""2026-05-31T18:15:00Z"", ""home"": ""FC Cajamarca"", ""homeId"": 1065398, ""id"": 71396976, ""league"": {""name"": ""Peru - Liga 1"", ""slug"": ""peru-liga-1""}, ""scores"": {""away"": 0, ""home"": 0}, ""sport"": {""name"": ""Football"", ""slug"": ""football""}, ""status"": ""pending""}}",,spreads,Alianza Lima,away,away,-1.0,,Betfair Exchange,odds_api_io,49.78,64.62,76.64,,,72.31,,,xg_spread,213.49,1.083,1.061,,ensemble,,insufficient_history,,,,,,
soccer|binacional|csdc alianza universidad|2026-05-31,odds_api_io,71378238,soccer,Peru - Liga 2,CSDC Alianza Universidad,Deportivo Binacional FC,2026-05-31T18:15:00+00:00,mid,"{""competition"": ""Peru - Liga 2"", ""odds_api_io_id"": 71378238, ""raw_event"": {""away"": ""Deportivo Binacional FC"", ""awayId"": 407335, ""date"": ""2026-05-31T18:15:00Z"", ""home"": ""CSDC Alianza Universidad"", ""homeId"": 524872, ""id"": 71378238, ""league"": {""name"": ""Peru - Liga 2"", ""slug"": ""peru-liga-2""}, ""scores"": {""away"": 0, ""home"": 0}, ""sport"": {""name"": ""Football"", ""slug"": ""football""}, ""status"": ""pending""}}",,spreads,CSDC Alianza Universidad,home,home,-2.0,,Betfair Exchange,odds_api_io,64.58,86.33,97.44,,,69.73,,,xg_spread,213.177,1.778,0.32,,sstats,,insufficient_history,,,,,,
soccer|ca rosario central|estudiantes la plata|2026-05-31,odds_api_io,71633180,soccer,Argentina - Copa Argentina,Estudiantes de La Plata,CA Rosario Central,2026-05-31T18:30:00+00:00,mid,"{""competition"": ""Argentina - Copa Argentina"", ""odds_api_io_id"": 71633180, ""raw_event"": {""away"": ""CA Rosario Central"", ""awayId"": 3217, ""date"": ""2026-05-31T18:30:00Z"", ""home"": ""Estudiantes de La Plata"", ""homeId"": 3206, ""id"": 71633180, ""league"": {""name"": ""Argentina - Copa Argentina"", ""slug"": ""argentina-copa-argentina""}, ""scores"": {""away"": 0, ""home"": 0}, ""sport"": {""name"": ""Football"", ""slug"": ""football""}, ""status"": ""pending""}}",,spreads,CA Rosario Central,away,away,-0.75,,Betfair Exchange,odds_api_io,50.39,59.59,64.08,,,65.85,,,xg_spread,155.48,0.833,0.873,,sstats,,insufficient_history,,,,,,
soccer|ca defensores unidos|csd flandria|2026-05-31,odds_api_io,67119356,soccer,Argentina - Primera B,CA Defensores Unidos,CSD Flandria,2026-05-31T18:30:00+00:00,mid,"{""competition"": ""Argentina - Primera B"", ""odds_api_io_id"": 67119356, ""raw_event"": {""away"": ""CSD Flandria"", ""awayId"": 112505, ""date"": ""2026-05-31T18:30:00Z"", ""home"": ""CA Defensores Unidos"", ""homeId"": 93515, ""id"": 67119356, ""league"": {""name"": ""Argentina - Primera B"", ""slug"": ""argentina-primera-b""}, ""scores"": {""away"": 0, ""home"": 0}, ""sport"": {""name"": ""Football"", ""slug"": ""football""}, ""status"": ""pending""}}",,spreads,CSD Flandria,away,away,-0.5,,Betfair Exchange,odds_api_io,51.01,50.52,50.16,,,66.57,,,xg_spread,121.743,0.971,1.073,,ensemble,,insufficient_history,,,,,,
soccer|ca excursionistas|ca villa san carlos|2026-05-31,odds_api_io,67119370,soccer,Argentina - Primera B,CA Villa San Carlos,CA Excursionistas,2026-05-31T18:30:00+00:00,mid,"{""competition"": ""Argentina - Primera B"", ""odds_api_io_id"": 67119370, ""raw_event"": {""away"": ""CA Excursionistas"", ""awayId"": 65672, ""date"": ""2026-05-31T18:30:00Z"", ""home"": ""CA Villa San Carlos"", ""homeId"": 107199, ""id"": 67119370, ""league"": {""name"": ""Argentina - Primera B"", ""slug"": ""argentina-primera-b""}, ""scores"": {""away"": 0, ""home"": 0}, ""sport"": {""name"": ""Football"", ""slug"": ""football""}, ""status"": ""pending""}}",,spreads,CA Excursionistas,away,away,-0.75,,Betfair Exchange,odds_api_io,47.83,60.79,70.74,,,68.77,,,xg_spread,102.437,1.183,0.966,,ensemble,,insufficient_history,,,,,,
soccer|ca general lamadrid|yupanqui|2026-05-31,odds_api_io,67125792,soccer,Argentina - Primera C,CA General Lamadrid,Yupanqui,2026-05-31T18:30:00+00:00,mid,"{""competition"": ""Argentina - Primera C"", ""odds_api_io_id"": 67125792, ""raw_event"": {""away"": ""Yupanqui"", ""awayId"": 377558, ""date"": ""2026-05-31T18:30:00Z"", ""home"": ""CA General Lamadrid"", ""homeId"": 377556, ""id"": 67125792, ""league"": {""name"": ""Argentina - Primera C"", ""slug"": ""argentina-primera-c""}, ""scores"": {""away"": 0, ""home"": 0}, ""sport"": {""name"": ""Football"", ""slug"": ""football""}, ""status"": ""pending""}}",,spreads,CA General Lamadrid,home,home,-1.0,,Bet365,odds_api_io,56.31,38.72,29.82,,,68.84,,,xg_spread,95.665,1.231,0.6,,sstats,,insufficient_history,,,,,,
soccer|asd justo jose urquiza|cdm leandro n alem|2026-05-31,odds_api_io,67122990,soccer,Argentina - Primera C,CDM Leandro N. Alem,ASD Justo Jose de Urquiza,2026-05-31T18:30:00+00:00,mid,"{""competition"": ""Argentina - Primera C"", ""odds_api_io_id"": 67122990, ""raw_event"": {""away"": ""ASD Justo Jose de Urquiza"", ""awayId"": 211856, ""date"": ""2026-05-31T18:30:00Z"", ""home"": ""CDM Leandro N. Alem"", ""homeId"": 337371, ""id"": 67122990, ""league"": {""name"": ""Argentina - Primera C"", ""slug"": ""argentina-primera-c""}, ""scores"": {""away"": 0, ""home"": 0}, ""sport"": {""name"": ""Football"", ""slug"": ""football""}, ""status"": ""pending""}}",,spreads,ASD Justo Jose de Urquiza,away,away,0.75,,Bet365,odds_api_io,49.84,33.74,26.42,,,62.58,,,xg_spread,48.227,0.889,0.873,,sstats,,insufficient_history,,,,,,
soccer|almagro|ca guemes|2026-05-31,odds_api_io,67118428,soccer,Argentina - Primera Nacional,Club Almagro,CA Guemes,2026-05-31T18:30:00+00:00,mid,"{""competition"": ""Argentina - Primera Nacional"", ""odds_api_io_id"": 67118428, ""raw_event"": {""away"": ""CA Guemes"", ""awayId"": 266889, ""date"": ""2026-05-31T18:30:00Z"", ""home"": ""Club Almagro"", ""homeId"": 4938, ""id"": 67118428, ""league"": {""name"": ""Argentina - Primera Nacional"", ""slug"": ""argentina-primera-nacional""}, ""scores"": {""away"": 0, ""home"": 0}, ""sport"": {""name"": ""Football"", ""slug"": ""football""}, ""status"": ""pending""}}",,spreads,CA Guemes,away,away,-0.75,,Betfair Exchange,odds_api_io,48.29,44.57,43.72,,,62.3,,,xg_spread,126.669,1.204,1.033,,ensemble,,insufficient_history,,,,,,
soccer|ca bartolome mitre|ca boca unidos corrientes|2026-05-31,odds_api_io,69614692,soccer,Argentina - Torneo Federal A,CA Boca Unidos Corrientes,CA Bartolome Mitre,2026-05-31T18:30:00+00:00,mid,"{""competition"": ""Argentina - Torneo Federal A"", ""odds_api_io_id"": 69614692, ""raw_event"": {""away"": ""CA Bartolome Mitre"", ""awayId"": 855135, ""date"": ""2026-05-31T18:30:00Z"", ""home"": ""CA Boca Unidos Corrientes"", ""homeId"": 36835, ""id"": 69614692, ""league"": {""name"": ""Argentina - Torneo Federal A"", ""slug"": ""argentina-torneo-federal-a""}, ""scores"": {""away"": 0, ""home"": 0}, ""sport"": {""name"": ""Football"", ""slug"": ""football""}, ""status"": ""pending""}}",,h2h,CA Boca Unidos Corrientes,home,home,,,Unibet,odds_api_io,42.74,37.55,35.24,,,58.59,,,soccer_context,13.092,1.021,0.828,,sstats,,insufficient_history,,,,,,
soccer|douglas haig|gimnasia y esgrima concepcion uruguay|2026-05-31,odds_api_io,69614360,soccer,Argentina - Torneo Federal A,Douglas Haig,Gimnasia y Esgrima de Concepcion del Uruguay,2026-05-31T18:30:00+00:00,mid,"{""competition"": ""Argentina - Torneo Federal A"", ""odds_api_io_id"": 69614360, ""raw_event"": {""away"": ""Gimnasia y Esgrima de Concepcion del Uruguay"", ""awayId"": 93517, ""date"": ""2026-05-31T18:30:00Z"", ""home"": ""Douglas Haig"", ""homeId"": 76199, ""id"": 69614360, ""league"": {""name"": ""Argentina - Torneo Federal A"", ""slug"": ""argentina-torneo-federal-a""}, ""scores"": {""away"": 0, ""home"": 0}, ""sport"": {""name"": ""Football"", ""slug"": ""football""}, ""status"": ""pending""}}",,spreads,Douglas Haig,home,home,-2.0,,Unibet,odds_api_io,61.85,38.52,27.78,,,63.65,,,xg_spread,72.926,1.569,0.384,,sstats,,insufficient_history,,,,,,
soccer|iape ma|sampaio correa ma|2026-05-31,odds_api_io,70320690,soccer,Brazil - Brasileiro Serie D,Iape MA,Sampaio Correa FC MA,2026-05-31T18:30:00+00:00,mid,"{""competition"": ""Brazil - Brasileiro Serie D"", ""odds_api_io_id"": 70320690, ""raw_event"": {""away"": ""Sampaio Correa FC MA"", ""awayId"": 2005, ""date"": ""2026-05-31T18:30:00Z"", ""home"": ""Iape MA"", ""homeId"": 49203, ""id"": 70320690, ""league"": {""name"": ""Brazil - Brasileiro Serie D"", ""slug"": ""brazil-brasileiro-serie-d""}, ""scores"": {""away"": 0, ""home"": 0}, ""sport"": {""name"": ""Football"", ""slug"": ""football""}, ""status"": ""pending""}}",,spreads,Sampaio Correa FC MA,away,away,-1.0,,Bet365,odds_api_io,55.73,70.2,81.77,,,71.45,,,xg_spread,115.262,0.92,1.494,,ensemble,,insufficient_history,,,,,,
soccer|imperatriz ma|oratorio rc ap|2026-05-31,odds_api_io,70320600,soccer,Brazil - Brasileiro Serie D,Oratorio RC AP,SD Imperatriz MA,2026-05-31T18:30:00+00:00,mid,"{""competition"": ""Brazil - Brasileiro Serie D"", ""odds_api_io_id"": 70320600, ""raw_event"": {""away"": ""SD Imperatriz MA"", ""awayId"": 21852, ""date"": ""2026-05-31T18:30:00Z"", ""home"": ""Oratorio RC AP"", ""homeId"": 90266, ""id"": 70320600, ""league"": {""name"": ""Brazil - Brasileiro Serie D"", ""slug"": ""brazil-brasileiro-serie-d""}, ""scores"": {""away"": 0, ""home"": 0}, ""sport"": {""name"": ""Football"", ""slug"": ""football""}, ""status"": ""pending""}}",,spreads,SD Imperatriz MA,away,away,-1.0,,Unibet,odds_api_io,52.1,63.18,68.61,,,66.13,,,xg_spread,188.005,0.857,1.067,,sstats,,insufficient_history,,,,,,
soccer|alagoinhas ba|juazeirense ba|2026-05-31,odds_api_io,70322806,soccer,Brazil - Brasileiro Serie D,SD Juazeirense BA,Alagoinhas AC BA,2026-05-31T18:30:00+00:00,mid,"{""competition"": ""Brazil - Brasileiro Serie D"", ""odds_api_io_id"": 70322806, ""raw_event"": {""away"": ""Alagoinhas AC BA"", ""awayId"": 525349, ""date"": ""2026-05-31T18:30:00Z"", ""home"": ""SD Juazeirense BA"", ""homeId"": 61724, ""id"": 70322806, ""league"": {""name"": ""Brazil - Brasileiro Serie D"", ""slug"": ""brazil-brasileiro-serie-d""}, ""scores"": {""away"": 0, ""home"": 0}, ""sport"": {""name"": ""Football"", ""slug"": ""football""}, ""status"": ""pending""}}",reused_already_in_state,totals,Больше 2.5,,,2.5,,,,,53.49,49.99,,,78.5,,,controlled_consensus_rescue,94.5,,,,,,,,,,,,
soccer|mali coura|onze createurs|2026-05-31,odds_api_io,71740896,soccer,Mali - Ligue 1,Onze Createurs,FC Mali Coura,2026-05-31T18:30:00+00:00,mid,"{""competition"": ""Mali - Ligue 1"", ""odds_api_io_id"": 71740896, ""raw_event"": {""away"": ""FC Mali Coura"", ""awayId"": 1307990, ""date"": ""2026-05-31T18:30:00Z"", ""home"": ""Onze Createurs"", ""homeId"": 391624, ""id"": 71740896, ""league"": {""name"": ""Mali - Ligue 1"", ""slug"": ""mali-ligue-1""}, ""scores"": {""away"": 0, ""home"": 0}, ""sport"": {""name"": ""Football"", ""slug"": ""football""}, ""status"": ""pending""}}",,spreads,Onze Createurs,home,home,-1.25,,Bet365,odds_api_io,51.71,32.37,23.53,,,63.06,,,xg_spread,71.958,1.004,0.833,,sstats,,insufficient_history,,,,,,
soccer|as bakaridjan|union sportive bougouba|2026-05-31,odds_api_io,71813890,soccer,Mali - Ligue 1,Union Sportive Bougouba,AS Bakaridjan,2026-05-31T18:30:00+00:00,mid,"{""competition"": ""Mali - Ligue 1"", ""odds_api_io_id"": 71813890, ""raw_event"": {""away"": ""AS Bakaridjan"", ""awayId"": 655835, ""date"": ""2026-05-31T18:30:00Z"", ""home"": ""Union Sportive Bougouba"", ""homeId"": 463807, ""id"": 71813890, ""league"": {""name"": ""Mali - Ligue 1"", ""slug"": ""mali-ligue-1""}, ""scores"": {""away"": 0, ""home"": 0}, ""sport"": {""name"": ""Football"", ""slug"": ""football""}, ""status"": ""pending""}}",,,,,,,,,,,,,,,,,,,,,,,,,,,,,,,
soccer|villarreal b|zamora|2026-05-31,odds_api_io,71732870,soccer,Spain - Primera Federacion,Villarreal CF B,Zamora CF,2026-05-31T18:30:00+00:00,mid,"{""competition"": ""Spain - Primera Federacion"", ""odds_api_io_id"": 71732870, ""raw_event"": {""away"": ""Zamora CF"", ""awayId"": 24379, ""date"": ""2026-05-31T18:30:00Z"", ""home"": ""Villarreal CF B"", ""homeId"": 24338, ""id"": 71732870, ""league"": {""name"": ""Spain - Primera Federacion"", ""slug"": ""spain-primera-federacion""}, ""scores"": {""away"": 0, ""home"": 0}, ""sport"": {""name"": ""Football"", ""slug"": ""football""}, ""status"": ""pending""}}",,spreads,Villarreal CF B,home,home,-1.25,,Betfair Exchange,odds_api_io,60.85,53.04,46.7,,,72.39,,,xg_spread,189.662,1.674,0.588,,ensemble,,insufficient_history,,,,,,
soccer|ca atenas san carlos|ca river plate uru|2026-05-31,odds_api_io,71706466,soccer,Uruguay - Segunda Division,CA River Plate (URU),CA Atenas de San Carlos,2026-05-31T18:30:00+00:00,mid,"{""competition"": ""Uruguay - Segunda Division"", ""odds_api_io_id"": 71706466, ""raw_event"": {""away"": ""CA Atenas de San Carlos"", ""awayId"": 37317, ""date"": ""2026-05-31T18:30:00Z"", ""home"": ""CA River Plate (URU)"", ""homeId"": 3237, ""id"": 71706466, ""league"": {""name"": ""Uruguay - Segunda Division"", ""slug"": ""uruguay-segunda-division""}, ""scores"": {""away"": 0, ""home"": 0}, ""sport"": {""name"": ""Football"", ""slug"": ""football""}, ""status"": ""pending""}}",,spreads,CA Atenas de San Carlos,away,away,-0.75,,Betfair Exchange,odds_api_io,47.08,51.45,53.57,,,65.13,,,xg_spread,150.44,1.067,0.774,,sstats,,insufficient_history,,,,,,
soccer|ca sol america formosa|juventud antoniana|2026-05-31,odds_api_io,69614696,soccer,Argentina - Torneo Federal A,CA Sol de America de Formosa,Juventud Antoniana,2026-05-31T18:45:00+00:00,mid,"{""competition"": ""Argentina - Torneo Federal A"", ""odds_api_io_id"": 69614696, ""raw_event"": {""away"": ""Juventud Antoniana"", ""awayId"": 93519, ""date"": ""2026-05-31T18:45:00Z"", ""home"": ""CA Sol de America de Formosa"", ""homeId"": 330655, ""id"": 69614696, ""league"": {""name"": ""Argentina - Torneo Federal A"", ""slug"": ""argentina-torneo-federal-a""}, ""scores"": {""away"": 0, ""home"": 0}, ""sport"": {""name"": ""Football"", ""slug"": ""football""}, ""status"": ""pending""}}",,spreads,CA Sol de America de Formosa,home,home,-1.0,,Unibet,odds_api_io,49.56,37.1,33.9,,,58.09,,,xg_spread,30.797,1.141,1.185,,sstats_form,,insufficient_history,,,,,,
soccer|chrobry glogow|wieczysta krakow|2026-05-31,odds_api_io,71792232,soccer,Poland - I Liga,Wieczysta Krakow,Chrobry Glogow,2026-05-31T18:45:00+00:00,mid,"{""competition"": ""Poland - I Liga"", ""odds_api_io_id"": 71792232, ""raw_event"": {""away"": ""Chrobry Glogow"", ""awayId"": 53296, ""date"": ""2026-05-31T18:45:00Z"", ""home"": ""Wieczysta Krakow"", ""homeId"": 406863, ""id"": 71792232, ""league"": {""name"": ""Poland - I Liga"", ""slug"": ""poland-i-liga""}, ""scores"": {""away"": 0, ""home"": 0}, ""sport"": {""name"": ""Football"", ""slug"": ""football""}, ""status"": ""pending""}}",,spreads,Wieczysta Krakow,home,home,-1.75,,Betfair Exchange,odds_api_io,59.95,76.02,84.41,,,71.43,,,xg_spread,198.502,1.529,0.533,,sstats,,insufficient_history,,,,,,
soccer|ca ferrocarril midland|san martin tucuman|2026-05-31,odds_api_io,67118436,soccer,Argentina - Primera Nacional,CA Ferrocarril Midland,San Martin de Tucuman,2026-05-31T19:00:00+00:00,mid,"{""competition"": ""Argentina - Primera Nacional"", ""odds_api_io_id"": 67118436, ""raw_event"": {""away"": ""San Martin de Tucuman"", ""awayId"": 23950, ""date"": ""2026-05-31T19:00:00Z"", ""home"": ""CA Ferrocarril Midland"", ""homeId"": 388194, ""id"": 67118436, ""league"": {""name"": ""Argentina - Primera Nacional"", ""slug"": ""argentina-primera-nacional""}, ""scores"": {""away"": 0, ""home"": 0}, ""sport"": {""name"": ""Football"", ""slug"": ""football""}, ""status"": ""pending""}}",,spreads,CA Ferrocarril Midland,home,home,-1.0,,Unibet,odds_api_io,55.57,63.52,67.16,,,61.0,,,xg_spread,225.636,1.143,0.585,,sstats,,insufficient_history,,,,,,
soccer|ca patronato parana|csd tristan suarez|2026-05-31,odds_api_io,67118430,soccer,Argentina - Primera Nacional,CA Patronato Parana,CSD Tristan Suarez,2026-05-31T19:00:00+00:00,mid,"{""competition"": ""Argentina - Primera Nacional"", ""odds_api_io_id"": 67118430, ""raw_event"": {""away"": ""CSD Tristan Suarez"", ""awayId"": 93513, ""date"": ""2026-05-31T19:00:00Z"", ""home"": ""CA Patronato Parana"", ""homeId"": 43741, ""id"": 67118430, ""league"": {""name"": ""Argentina - Primera Nacional"", ""slug"": ""argentina-primera-nacional""}, ""scores"": {""away"": 0, ""home"": 0}, ""sport"": {""name"": ""Football"", ""slug"": ""football""}, ""status"": ""pending""}}",,spreads,CSD Tristan Suarez,away,away,-0.5,,Betfair Exchange,odds_api_io,46.64,40.4,37.29,,,67.37,,,xg_spread,121.471,1.021,0.686,,sstats,,insufficient_history,,,,,,
soccer|ca temperley|san martin san juan|2026-05-31,odds_api_io,67118424,soccer,Argentina - Primera Nacional,CA Temperley,San Martin de San Juan,2026-05-31T19:00:00+00:00,mid,"{""competition"": ""Argentina - Primera Nacional"", ""odds_api_io_id"": 67118424, ""raw_event"": {""away"": ""San Martin de San Juan"", ""awayId"": 7772, ""date"": ""2026-05-31T19:00:00Z"", ""home"": ""CA Temperley"", ""homeId"": 112499, ""id"": 67118424, ""league"": {""name"": ""Argentina - Primera Nacional"", ""slug"": ""argentina-primera-nacional""}, ""scores"": {""away"": 0, ""home"": 0}, ""sport"": {""name"": ""Football"", ""slug"": ""football""}, ""status"": ""pending""}}",,spreads,CA Temperley,home,home,-0.75,,Betfair Exchange,odds_api_io,53.38,60.89,64.34,,,60.94,,,xg_spread,108.715,1.043,0.706,,sstats,,insufficient_history,,,,,,
soccer|ca san miguel|ciudad bolivar|2026-05-31,odds_api_io,67117712,soccer,Argentina - Primera Nacional,Club Ciudad de Bolivar,CA San Miguel,2026-05-31T19:00:00+00:00,mid,"{""competition"": ""Argentina - Primera Nacional"", ""odds_api_io_id"": 67117712, ""raw_event"": {""away"": ""CA San Miguel"", ""awayId"": 373076, ""date"": ""2026-05-31T19:00:00Z"", ""home"": ""Club Ciudad de Bolivar"", ""homeId"": 672813, ""id"": 67117712, ""league"": {""name"": ""Argentina - Primera Nacional"", ""slug"": ""argentina-primera-nacional""}, ""scores"": {""away"": 0, ""home"": 0}, ""sport"": {""name"": ""Football"", ""slug"": ""football""}, ""status"": ""pending""}}",,spreads,CA San Miguel,away,away,-0.5,,Unibet,odds_api_io,45.19,41.85,40.33,,,60.33,,,xg_spread,63.75,1.067,0.585,,sstats,,insufficient_history,,,,,,
soccer|mitre santiago estero|moron|2026-05-31,odds_api_io,67117716,soccer,Argentina - Primera Nacional,Mitre Santiago del Estero,Deportivo Moron,2026-05-31T19:00:00+00:00,mid,"{""competition"": ""Argentina - Primera Nacional"", ""odds_api_io_id"": 67117716, ""raw_event"": {""away"": ""Deportivo Moron"", ""awayId"": 93109, ""date"": ""2026-05-31T19:00:00Z"", ""home"": ""Mitre Santiago del Estero"", ""homeId"": 313625, ""id"": 67117716, ""league"": {""name"": ""Argentina - Primera Nacional"", ""slug"": ""argentina-primera-nacional""}, ""scores"": {""away"": 0, ""home"": 0}, ""sport"": {""name"": ""Football"", ""slug"": ""football""}, ""status"": ""pending""}}",,spreads,Deportivo Moron,away,away,-0.5,,Unibet,odds_api_io,51.74,48.5,47.66,,,58.93,,,xg_spread,60.886,0.891,1.065,,sstats_form,,insufficient_history,,,,,,
soccer|cipolletti|san martin mendoza|2026-05-31,odds_api_io,69615754,soccer,Argentina - Torneo Federal A,AC San Martin de Mendoza,Club Cipolletti,2026-05-31T19:00:00+00:00,mid,"{""competition"": ""Argentina - Torneo Federal A"", ""odds_api_io_id"": 69615754, ""raw_event"": {""away"": ""Club Cipolletti"", ""awayId"": 341072, ""date"": ""2026-05-31T19:00:00Z"", ""home"": ""AC San Martin de Mendoza"", ""homeId"": 4474, ""id"": 69615754, ""league"": {""name"": ""Argentina - Torneo Federal A"", ""slug"": ""argentina-torneo-federal-a""}, ""scores"": {""away"": 0, ""home"": 0}, ""sport"": {""name"": ""Football"", ""slug"": ""football""}, ""status"": ""pending""}}",,spreads,AC San Martin de Mendoza,home,home,-1.0,,Unibet,odds_api_io,52.34,40.88,35.71,,,61.9,,,xg_spread,38.572,1.008,0.774,,sstats,,insufficient_history,,,,,,
soccer|ca huracan las heras|ca juventud unida universitario san luis|2026-05-31,odds_api_io,69615756,soccer,Argentina - Torneo Federal A,CA Huracan Las Heras,CA Juventud Unida Universitario San Luis,2026-05-31T19:00:00+00:00,mid,"{""competition"": ""Argentina - Torneo Federal A"", ""odds_api_io_id"": 69615756, ""raw_event"": {""away"": ""CA Juventud Unida Universitario San Luis"", ""awayId"": 396508, ""date"": ""2026-05-31T19:00:00Z"", ""home"": ""CA Huracan Las Heras"", ""homeId"": 206435, ""id"": 69615756, ""league"": {""name"": ""Argentina - Torneo Federal A"", ""slug"": ""argentina-torneo-federal-a""}, ""scores"": {""away"": 0, ""home"": 0}, ""sport"": {""name"": ""Football"", ""slug"": ""football""}, ""status"": ""pending""}}",,spreads,CA Huracan Las Heras,home,home,-1.0,,Unibet,odds_api_io,55.03,37.14,28.99,,,62.84,,,xg_spread,57.811,1.143,0.64,,sstats,,insufficient_history,,,,,,
soccer|ca sarmiento la banda|ca sarmiento resistencia|2026-05-31,odds_api_io,69614694,soccer,Argentina - Torneo Federal A,CA Sarmiento de Resistencia,CA Sarmiento de la Banda,2026-05-31T19:00:00+00:00,mid,"{""competition"": ""Argentina - Torneo Federal A"", ""odds_api_io_id"": 69614694, ""raw_event"": {""away"": ""CA Sarmiento de la Banda"", ""awayId"": 593568, ""date"": ""2026-05-31T19:00:00Z"", ""home"": ""CA Sarmiento de Resistencia"", ""homeId"": 65670, ""id"": 69614694, ""league"": {""name"": ""Argentina - Torneo Federal A"", ""slug"": ""argentina-torneo-federal-a""}, ""scores"": {""away"": 0, ""home"": 0}, ""sport"": {""name"": ""Football"", ""slug"": ""football""}, ""status"": ""pending""}}",,spreads,CA Sarmiento de Resistencia,home,home,-1.0,,Unibet,odds_api_io,51.81,56.5,58.64,,,60.52,,,xg_spread,159.433,1.008,0.828,,sstats,,insufficient_history,,,,,,
soccer|ca defensores vilelas|tucuman central deportes|2026-05-31,odds_api_io,69614690,soccer,Argentina - Torneo Federal A,Club Tucuman Central Deportes,CA Defensores de Vilelas,2026-05-31T19:00:00+00:00,mid,"{""competition"": ""Argentina - Torneo Federal A"", ""odds_api_io_id"": 69614690, ""raw_event"": {""away"": ""CA Defensores de Vilelas"", ""awayId"": 790236, ""date"": ""2026-05-31T19:00:00Z"", ""home"": ""Club Tucuman Central Deportes"", ""homeId"": 1319304, ""id"": 69614690, ""league"": {""name"": ""Argentina - Torneo Federal A"", ""slug"": ""argentina-torneo-federal-a""}, ""scores"": {""away"": 0, ""home"": 0}, ""sport"": {""name"": ""Football"", ""slug"": ""football""}, ""status"": ""pending""}}",,h2h,CA Defensores de Vilelas,away,away,,,Unibet,odds_api_io,55.98,27.54,20.06,,,62.51,,,soccer_context,52.121,1.3,2.771,,sstats_form,,insufficient_history,,,,,,
soccer|cs belgrano|gimnasia chivilcoy|2026-05-31,odds_api_io,69614362,soccer,Argentina - Torneo Federal A,CS Belgrano,Gimnasia de Chivilcoy,2026-05-31T19:00:00+00:00,mid,"{""competition"": ""Argentina - Torneo Federal A"", ""odds_api_io_id"": 69614362, ""raw_event"": {""away"": ""Gimnasia de Chivilcoy"", ""awayId"": 1191759, ""date"": ""2026-05-31T19:00:00Z"", ""home"": ""CS Belgrano"", ""homeId"": 65664, ""id"": 69614362, ""league"": {""name"": ""Argentina - Torneo Federal A"", ""slug"": ""argentina-torneo-federal-a""}, ""scores"": {""away"": 0, ""home"": 0}, ""sport"": {""name"": ""Football"", ""slug"": ""football""}, ""status"": ""pending""}}",,,,,,,,,,,,,,,,,,,,,,,,,,,,,,,
soccer|independiente unificada|mineros potosi|2026-05-31,odds_api_io,71813856,soccer,Bolivia - Copa Simon Bolivar,CD Mineros Potosi,Club Independiente Unificada,2026-05-31T19:00:00+00:00,mid,"{""competition"": ""Bolivia - Copa Simon Bolivar"", ""odds_api_io_id"": 71813856, ""raw_event"": {""away"": ""Club Independiente Unificada"", ""awayId"": 1127833, ""date"": ""2026-05-31T19:00:00Z"", ""home"": ""CD Mineros Potosi"", ""homeId"": 1347128, ""id"": 71813856, ""league"": {""name"": ""Bolivia - Copa Simon Bolivar"", ""slug"": ""bolivia-copa-simon-bolivar""}, ""scores"": {""away"": 0, ""home"": 0}, ""sport"": {""name"": ""Football"", ""slug"": ""football""}, ""status"": ""pending""}}",,spreads,CD Mineros Potosi,home,home,-4.0,,Bet365,odds_api_io,63.79,30.91,22.22,,,62.92,,,xg_spread,72.004,2.961,1.582,,sstats_form,,insufficient_history,,,,,,
soccer|atletico mineiro|cr vasco gama rj|2026-05-31,odds_api_io,66886820,soccer,Brazil - Brasileiro Serie A,CR Vasco da Gama RJ,Atletico Mineiro MG,2026-05-31T19:00:00+00:00,mid,"{""competition"": ""Brazil - Brasileiro Serie A"", ""odds_api_io_id"": 66886820, ""raw_event"": {""away"": ""Atletico Mineiro MG"", ""awayId"": 1977, ""date"": ""2026-05-31T19:00:00Z"", ""home"": ""CR Vasco da Gama RJ"", ""homeId"": 1974, ""id"": 66886820, ""league"": {""name"": ""Brazil - Brasileiro Serie A"", ""slug"": ""brazil-brasileiro-serie-a""}, ""scores"": {""away"": 0, ""home"": 0}, ""sport"": {""name"": ""Football"", ""slug"": ""football""}, ""status"": ""pending""}}",,spreads,CR Vasco da Gama RJ,home,home,-1.5,,Betfair Exchange,odds_api_io,53.0,63.07,71.28,,,72.81,,,xg_spread,228.422,1.239,0.938,,ensemble,,insufficient_history,,,,,,
soccer|chapecoense|se palmeiras sp|2026-05-31,odds_api_io,66886824,soccer,Brazil - Brasileiro Serie A,SE Palmeiras SP,Chapecoense SC,2026-05-31T19:00:00+00:00,mid,"{""competition"": ""Brazil - Brasileiro Serie A"", ""odds_api_io_id"": 66886824, ""raw_event"": {""away"": ""Chapecoense SC"", ""awayId"": 21845, ""date"": ""2026-05-31T19:00:00Z"", ""home"": ""SE Palmeiras SP"", ""homeId"": 1963, ""id"": 66886824, ""league"": {""name"": ""Brazil - Brasileiro Serie A"", ""slug"": ""brazil-brasileiro-serie-a""}, ""scores"": {""away"": 0, ""home"": 0}, ""sport"": {""name"": ""Football"", ""slug"": ""football""}, ""status"": ""pending""}}",,spreads,SE Palmeiras SP,home,home,-2.0,,Betfair Exchange,odds_api_io,60.64,60.95,61.2,,,71.67,,,xg_spread,173.059,1.617,0.553,,ensemble,,insufficient_history,,,,,,
soccer|ceara ce|operario ferroviario pr|2026-05-31,odds_api_io,68822934,soccer,Brazil - Brasileiro Serie B,Ceara SC CE,Operario Ferroviario EC PR,2026-05-31T19:00:00+00:00,mid,"{""competition"": ""Brazil - Brasileiro Serie B"", ""odds_api_io_id"": 68822934, ""raw_event"": {""away"": ""Operario Ferroviario EC PR"", ""awayId"": 39634, ""date"": ""2026-05-31T19:00:00Z"", ""home"": ""Ceara SC CE"", ""homeId"": 2001, ""id"": 68822934, ""league"": {""name"": ""Brazil - Brasileiro Serie B"", ""slug"": ""brazil-brasileiro-serie-b""}, ""scores"": {""away"": 0, ""home"": 0}, ""sport"": {""name"": ""Football"", ""slug"": ""football""}, ""status"": ""pending""}}",,spreads,Ceara SC CE,home,home,-1.25,,Betfair Exchange,odds_api_io,52.88,64.39,73.83,,,73.08,,,xg_spread,200.775,1.186,0.899,,ensemble,,insufficient_history,,,,,,
soccer|aa internacional limeira sp|ypiranga rs|2026-05-31,odds_api_io,69255058,soccer,Brazil - Brasileiro Serie C,AA Internacional Limeira SP,Ypiranga FC RS,2026-05-31T19:00:00+00:00,mid,"{""competition"": ""Brazil - Brasileiro Serie C"", ""odds_api_io_id"": 69255058, ""raw_event"": {""away"": ""Ypiranga FC RS"", ""awayId"": 32766, ""date"": ""2026-05-31T19:00:00Z"", ""home"": ""AA Internacional Limeira SP"", ""homeId"": 135526, ""id"": 69255058, ""league"": {""name"": ""Brazil - Brasileiro Serie C"", ""slug"": ""brazil-brasileiro-serie-c""}, ""scores"": {""away"": 0, ""home"": 0}, ""sport"": {""name"": ""Football"", ""slug"": ""football""}, ""status"": ""pending""}}",,spreads,AA Internacional Limeira SP,home,home,-1.5,,Betfair Exchange,odds_api_io,56.97,69.62,76.43,,,74.07,,,xg_spread,248.612,1.297,0.6,,sstats,,insufficient_history,,,,,,
soccer|amazonas am|guarani sp|2026-05-31,odds_api_io,69255060,soccer,Brazil - Brasileiro Serie C,Guarani FC SP,Amazonas FC AM,2026-05-31T19:00:00+00:00,mid,"{""competition"": ""Brazil - Brasileiro Serie C"", ""odds_api_io_id"": 69255060, ""raw_event"": {""away"": ""Amazonas FC AM"", ""awayId"": 663997, ""date"": ""2026-05-31T19:00:00Z"", ""home"": ""Guarani FC SP"", ""homeId"": 1972, ""id"": 69255060, ""league"": {""name"": ""Brazil - Brasileiro Serie C"", ""slug"": ""brazil-brasileiro-serie-c""}, ""scores"": {""away"": 0, ""home"": 0}, ""sport"": {""name"": ""Football"", ""slug"": ""football""}, ""status"": ""pending""}}",,spreads,Guarani FC SP,home,home,-1.75,,Betfair Exchange,odds_api_io,53.99,73.85,90.51,,,74.63,,,xg_spread,204.097,1.466,1.067,,ensemble,,insufficient_history,,,,,,
soccer|ferroviaria araraquara sp|santa cruz pe|2026-05-31,odds_api_io,69255074,soccer,Brazil - Brasileiro Serie C,Santa Cruz FC PE,Ferroviaria Araraquara SP,2026-05-31T19:00:00+00:00,mid,"{""competition"": ""Brazil - Brasileiro Serie C"", ""odds_api_io_id"": 69255074, ""raw_event"": {""away"": ""Ferroviaria Araraquara SP"", ""awayId"": 35285, ""date"": ""2026-05-31T19:00:00Z"", ""home"": ""Santa Cruz FC PE"", ""homeId"": 1976, ""id"": 69255074, ""league"": {""name"": ""Brazil - Brasileiro Serie C"", ""slug"": ""brazil-brasileiro-serie-c""}, ""scores"": {""away"": 0, ""home"": 0}, ""sport"": {""name"": ""Football"", ""slug"": ""football""}, ""status"": ""pending""}}",,spreads,Santa Cruz FC PE,home,home,-1.0,,Betfair Exchange,odds_api_io,56.15,61.94,64.85,,,68.49,,,xg_spread,230.358,1.231,0.615,,sstats,,insufficient_history,,,,,,
soccer|brasiliense df|luverdense mt|2026-05-31,odds_api_io,70319982,soccer,Brazil - Brasileiro Serie D,Brasiliense FC DF,Luverdense EC MT,2026-05-31T19:00:00+00:00,mid,"{""competition"": ""Brazil - Brasileiro Serie D"", ""odds_api_io_id"": 70319982, ""raw_event"": {""away"": ""Luverdense EC MT"", ""awayId"": 40161, ""date"": ""2026-05-31T19:00:00Z"", ""home"": ""Brasiliense FC DF"", ""homeId"": 2024, ""id"": 70319982, ""league"": {""name"": ""Brazil - Brasileiro Serie D"", ""slug"": ""brazil-brasileiro-serie-d""}, ""scores"": {""away"": 0, ""home"": 0}, ""sport"": {""name"": ""Football"", ""slug"": ""football""}, ""status"": ""pending""}}",,spreads,Brasiliense FC DF,home,home,-1.5,,Bet365,odds_api_io,56.78,34.01,23.53,,,63.56,,,xg_spread,79.558,1.263,0.585,,sstats,,insufficient_history,,,,,,
soccer|cascavel pr|sao luiz rs|2026-05-31,odds_api_io,70323258,soccer,Brazil - Brasileiro Serie D,Cascavel PR,EC Sao Luiz RS,2026-05-31T19:00:00+00:00,mid,"{""competition"": ""Brazil - Brasileiro Serie D"", ""odds_api_io_id"": 70323258, ""raw_event"": {""away"": ""EC Sao Luiz RS"", ""awayId"": 32768, ""date"": ""2026-05-31T19:00:00Z"", ""home"": ""Cascavel PR"", ""homeId"": 21891, ""id"": 70323258, ""league"": {""name"": ""Brazil - Brasileiro Serie D"", ""slug"": ""brazil-brasileiro-serie-d""}, ""scores"": {""away"": 0, ""home"": 0}, ""sport"": {""name"": ""Football"", ""slug"": ""football""}, ""status"": ""pending""}}",,spreads,Cascavel PR,home,home,-1.0,,Unibet,odds_api_io,60.29,45.27,38.46,,,62.42,,,xg_spread,44.116,1.5,0.471,,sstats,,insufficient_history,,,,,,
soccer|cianorte pr|santa catarina|2026-05-31,odds_api_io,70323256,soccer,Brazil - Brasileiro Serie D,Cianorte FC PR,Santa Catarina SC,2026-05-31T19:00:00+00:00,mid,"{""competition"": ""Brazil - Brasileiro Serie D"", ""odds_api_io_id"": 70323256, ""raw_event"": {""away"": ""Santa Catarina SC"", ""awayId"": 510178, ""date"": ""2026-05-31T19:00:00Z"", ""home"": ""Cianorte FC PR"", ""homeId"": 21892, ""id"": 70323256, ""league"": {""name"": ""Brazil - Brasileiro Serie D"", ""slug"": ""brazil-brasileiro-serie-d""}, ""scores"": {""away"": 0, ""home"": 0}, ""sport"": {""name"": ""Football"", ""slug"": ""football""}, ""status"": ""pending""}}",,spreads,Cianorte FC PR,home,home,-1.25,,Bet365,odds_api_io,53.41,31.99,22.16,,,63.36,,,xg_spread,68.779,1.091,0.75,,sstats,,insufficient_history,,,,,,
soccer|abc rn|laguna saf|2026-05-31,odds_api_io,70321614,soccer,Brazil - Brasileiro Serie D,Club Laguna SAF,ABC FC RN,2026-05-31T19:00:00+00:00,mid,"{""competition"": ""Brazil - Brasileiro Serie D"", ""odds_api_io_id"": 70321614, ""raw_event"": {""away"": ""ABC FC RN"", ""awayId"": 21838, ""date"": ""2026-05-31T19:00:00Z"", ""home"": ""Club Laguna SAF"", ""homeId"": 951925, ""id"": 70321614, ""league"": {""name"": ""Brazil - Brasileiro Serie D"", ""slug"": ""brazil-brasileiro-serie-d""}, ""scores"": {""away"": 0, ""home"": 0}, ""sport"": {""name"": ""Football"", ""slug"": ""football""}, ""status"": ""pending""}}",,spreads,ABC FC RN,away,away,3.0,,Bet365,odds_api_io,68.49,38.39,24.29,,,64.99,,,xg_spread,116.677,0.185,2.034,,sstats,,insufficient_history,,,,,,
soccer|cs alagoano al|jacuipense ba|2026-05-31,odds_api_io,71475190,soccer,Brazil - Brasileiro Serie D,CS Alagoano AL,EC Jacuipense BA,2026-05-31T19:00:00+00:00,mid,"{""competition"": ""Brazil - Brasileiro Serie D"", ""odds_api_io_id"": 71475190, ""raw_event"": {""away"": ""EC Jacuipense BA"", ""awayId"": 87166, ""date"": ""2026-05-31T19:00:00Z"", ""home"": ""CS Alagoano AL"", ""homeId"": 2010, ""id"": 71475190, ""league"": {""name"": ""Brazil - Brasileiro Serie D"", ""slug"": ""brazil-brasileiro-serie-d""}, ""scores"": {""away"": 0, ""home"": 0}, ""sport"": {""name"": ""Football"", ""slug"": ""football""}, ""status"": ""pending""}}",,spreads,CS Alagoano AL,home,home,-2.0,,Unibet,odds_api_io,65.79,39.3,27.03,,,64.12,,,xg_spread,82.465,1.846,0.267,,sstats,,insufficient_history,,,,,,
soccer|cs sergipe se|decisao pe|2026-05-31,odds_api_io,70322116,soccer,Brazil - Brasileiro Serie D,Decisao PE,CS Sergipe SE,2026-05-31T19:00:00+00:00,mid,"{""competition"": ""Brazil - Brasileiro Serie D"", ""odds_api_io_id"": 70322116, ""raw_event"": {""away"": ""CS Sergipe SE"", ""awayId"": 2016, ""date"": ""2026-05-31T19:00:00Z"", ""home"": ""Decisao PE"", ""homeId"": 617186, ""id"": 70322116, ""league"": {""name"": ""Brazil - Brasileiro Serie D"", ""slug"": ""brazil-brasileiro-serie-d""}, ""scores"": {""away"": 0, ""home"": 0}, ""sport"": {""name"": ""Football"", ""slug"": ""football""}, ""status"": ""pending""}}",,spreads,CS Sergipe SE,away,away,-1.0,,Unibet,odds_api_io,58.02,43.18,35.77,,,67.85,,,xg_spread,78.284,0.585,1.387,,sstats,,insufficient_history,,,,,,
soccer|aa altos pi|fluminense pi|2026-05-31,odds_api_io,70321104,soccer,Brazil - Brasileiro Serie D,Fluminense EC PI,AA Altos PI,2026-05-31T19:00:00+00:00,mid,"{""competition"": ""Brazil - Brasileiro Serie D"", ""odds_api_io_id"": 70321104, ""raw_event"": {""away"": ""AA Altos PI"", ""awayId"": 273503, ""date"": ""2026-05-31T19:00:00Z"", ""home"": ""Fluminense EC PI"", ""homeId"": 773398, ""id"": 70321104, ""league"": {""name"": ""Brazil - Brasileiro Serie D"", ""slug"": ""brazil-brasileiro-serie-d""}, ""scores"": {""away"": 0, ""home"": 0}, ""sport"": {""name"": ""Football"", ""slug"": ""football""}, ""status"": ""pending""}}",,spreads,Fluminense EC PI,home,home,-1.0,,Bet365,odds_api_io,55.51,39.56,31.53,,,68.49,,,xg_spread,85.921,1.2,0.649,,sstats,,insufficient_history,,,,,,
soccer|blumenau|gremio esportivo brasil|2026-05-31,odds_api_io,70323322,soccer,Brazil - Brasileiro Serie D,Gremio Esportivo Brasil,Blumenau EC SC,2026-05-31T19:00:00+00:00,mid,"{""competition"": ""Brazil - Brasileiro Serie D"", ""odds_api_io_id"": 70323322, ""raw_event"": {""away"": ""Blumenau EC SC"", ""awayId"": 434706, ""date"": ""2026-05-31T19:00:00Z"", ""home"": ""Gremio Esportivo Brasil"", ""homeId"": 1986, ""id"": 70323322, ""league"": {""name"": ""Brazil - Brasileiro Serie D"", ""slug"": ""brazil-brasileiro-serie-d""}, ""scores"": {""away"": 0, ""home"": 0}, ""sport"": {""name"": ""Football"", ""slug"": ""football""}, ""status"": ""pending""}}",,,,,,,,,,,,,,,,,,,,,,,,,,,,,,,
soccer|trem dc ap|tuna luso pa|2026-05-31,odds_api_io,70320602,soccer,Brazil - Brasileiro Serie D,Tuna Luso PA,Trem DC AP,2026-05-31T19:00:00+00:00,mid,"{""competition"": ""Brazil - Brasileiro Serie D"", ""odds_api_io_id"": 70320602, ""raw_event"": {""away"": ""Trem DC AP"", ""awayId"": 21865, ""date"": ""2026-05-31T19:00:00Z"", ""home"": ""Tuna Luso PA"", ""homeId"": 21866, ""id"": 70320602, ""league"": {""name"": ""Brazil - Brasileiro Serie D"", ""slug"": ""brazil-brasileiro-serie-d""}, ""scores"": {""away"": 0, ""home"": 0}, ""sport"": {""name"": ""Football"", ""slug"": ""football""}, ""status"": ""pending""}}",,spreads,Tuna Luso PA,home,home,-1.75,,Bet365,odds_api_io,59.76,39.56,30.3,,,63.19,,,xg_spread,61.776,1.481,0.505,,sstats,,insufficient_history,,,,,,
soccer|huachipato|universidad catolica|2026-05-31,odds_api_io,67681884,soccer,Chile - Primera Division,Huachipato,CD Universidad Catolica,2026-05-31T19:00:00+00:00,mid,"{""competition"": ""Chile - Primera Division"", ""odds_api_io_id"": 67681884, ""raw_event"": {""away"": ""CD Universidad Catolica"", ""awayId"": 3151, ""date"": ""2026-05-31T19:00:00Z"", ""home"": ""Huachipato"", ""homeId"": 3164, ""id"": 67681884, ""league"": {""name"": ""Chile - Primera Division"", ""slug"": ""chile-primera-division""}, ""scores"": {""away"": 0, ""home"": 0}, ""sport"": {""name"": ""Football"", ""slug"": ""football""}, ""status"": ""pending""}}",,spreads,CD Universidad Catolica,away,away,1.5,,Bet365,odds_api_io,54.16,46.81,43.11,,,68.72,,,xg_spread,123.446,0.727,1.143,,sstats,,insufficient_history,,,,,,
soccer|brujas salamanca|santiago city|2026-05-31,odds_api_io,69612882,soccer,Chile - Segunda Division,Brujas de Salamanca,Santiago City FC,2026-05-31T19:00:00+00:00,mid,"{""competition"": ""Chile - Segunda Division"", ""odds_api_io_id"": 69612882, ""raw_event"": {""away"": ""Santiago City FC"", ""awayId"": 1002177, ""date"": ""2026-05-31T19:00:00Z"", ""home"": ""Brujas de Salamanca"", ""homeId"": 452989, ""id"": 69612882, ""league"": {""name"": ""Chile - Segunda Division"", ""slug"": ""chile-segunda-division""}, ""scores"": {""away"": 0, ""home"": 0}, ""sport"": {""name"": ""Football"", ""slug"": ""football""}, ""status"": ""pending""}}",,spreads,Brujas de Salamanca,home,home,-1.75,,Betfair Exchange,odds_api_io,59.15,72.3,79.12,,,70.98,,,xg_spread,245.675,1.437,0.522,,sstats,,insufficient_history,,,,,,
soccer|colchagua|general velasquez|2026-05-31,odds_api_io,69613112,soccer,Chile - Segunda Division,General Velasquez,Colchagua CD,2026-05-31T19:00:00+00:00,mid,"{""competition"": ""Chile - Segunda Division"", ""odds_api_io_id"": 69613112, ""raw_event"": {""away"": ""Colchagua CD"", ""awayId"": 308858, ""date"": ""2026-05-31T19:00:00Z"", ""home"": ""General Velasquez"", ""homeId"": 434016, ""id"": 69613112, ""league"": {""name"": ""Chile - Segunda Division"", ""slug"": ""chile-segunda-division""}, ""scores"": {""away"": 0, ""home"": 0}, ""sport"": {""name"": ""Football"", ""slug"": ""football""}, ""status"": ""pending""}}",,spreads,Colchagua CD,away,away,-1.0,,Betfair Exchange,odds_api_io,55.25,69.36,76.57,,,69.75,,,xg_spread,188.031,0.706,1.231,,sstats,,insufficient_history,,,,,,
soccer|leganes|mirandes|2026-05-31,odds_api_io,61623944,soccer,Spain - LaLiga 2,CD Leganes,CD Mirandes,2026-05-31T19:00:00+00:00,mid,"{""competition"": ""Spain - LaLiga 2"", ""odds_api_io_id"": 61623944, ""raw_event"": {""away"": ""CD Mirandes"", ""awayId"": 35092, ""date"": ""2026-05-31T19:00:00Z"", ""home"": ""CD Leganes"", ""homeId"": 2845, ""id"": 61623944, ""league"": {""name"": ""Spain - LaLiga 2"", ""slug"": ""spain-laliga-2""}, ""scores"": {""away"": 0, ""home"": 0}, ""sport"": {""name"": ""Football"", ""slug"": ""football""}, ""status"": ""pending""}}",,spreads,CD Mirandes,away,away,-0.75,,Betfair Exchange,odds_api_io,50.09,50.7,51.14,,,66.58,,,xg_spread,160.529,1.237,1.246,,ensemble,,insufficient_history,,,,,,
soccer|cordoba|huesca|2026-05-31,odds_api_io,61623938,soccer,Spain - LaLiga 2,Cordoba CF,SD Huesca,2026-05-31T19:00:00+00:00,mid,"{""competition"": ""Spain - LaLiga 2"", ""odds_api_io_id"": 61623938, ""raw_event"": {""away"": ""SD Huesca"", ""awayId"": 24265, ""date"": ""2026-05-31T19:00:00Z"", ""home"": ""Cordoba CF"", ""homeId"": 2850, ""id"": 61623938, ""league"": {""name"": ""Spain - LaLiga 2"", ""slug"": ""spain-laliga-2""}, ""scores"": {""away"": 0, ""home"": 0}, ""sport"": {""name"": ""Football"", ""slug"": ""football""}, ""status"": ""pending""}}",,spreads,Cordoba CF,home,home,-1.75,,Betfair Exchange,odds_api_io,58.08,73.88,87.7,,,77.46,,,xg_spread,164.032,1.632,0.824,,ensemble,,insufficient_history,,,,,,
soccer|ann arbor|oakland county|2026-05-31,odds_api_io,69091326,soccer,USA - USL League Two,Oakland County FC,AFC Ann Arbor,2026-05-31T19:00:00+00:00,mid,"{""competition"": ""USA - USL League Two"", ""odds_api_io_id"": 69091326, ""raw_event"": {""away"": ""AFC Ann Arbor"", ""awayId"": 559078, ""date"": ""2026-05-31T19:00:00Z"", ""home"": ""Oakland County FC"", ""homeId"": 681555, ""id"": 69091326, ""league"": {""name"": ""USA - USL League Two"", ""slug"": ""usa-usl-league-two""}, ""scores"": {""away"": 0, ""home"": 0}, ""sport"": {""name"": ""Football"", ""slug"": ""football""}, ""status"": ""pending""}}",,,,,,,,,,,,,,,,,,,,,,,,,,,,,,,
soccer|portland bangers|tacoma stars|2026-05-31,odds_api_io,69091322,soccer,USA - USL League Two,Tacoma Stars,Portland Bangers FC,2026-05-31T19:00:00+00:00,mid,"{""competition"": ""USA - USL League Two"", ""odds_api_io_id"": 69091322, ""raw_event"": {""away"": ""Portland Bangers FC"", ""awayId"": 1232525, ""date"": ""2026-05-31T19:00:00Z"", ""home"": ""Tacoma Stars"", ""homeId"": 677601, ""id"": 69091322, ""league"": {""name"": ""USA - USL League Two"", ""slug"": ""usa-usl-league-two""}, ""scores"": {""away"": 0, ""home"": 0}, ""sport"": {""name"": ""Football"", ""slug"": ""football""}, ""status"": ""pending""}}",,spreads,Portland Bangers FC,away,away,-2.5,,Bet365,odds_api_io,60.23,35.71,24.39,,,63.82,,,xg_spread,82.65,0.545,1.569,,sstats,,insufficient_history,,,,,,
soccer|afturelding|fylkir reykjavik|2026-05-31,odds_api_io,68306854,soccer,Iceland - 1. deild,Afturelding,Fylkir Reykjavik,2026-05-31T19:15:00+00:00,mid,"{""competition"": ""Iceland - 1. deild"", ""odds_api_io_id"": 68306854, ""raw_event"": {""away"": ""Fylkir Reykjavik"", ""awayId"": 1896, ""date"": ""2026-05-31T19:15:00Z"", ""home"": ""Afturelding"", ""homeId"": 1914, ""id"": 68306854, ""league"": {""name"": ""Iceland - 1. deild"", ""slug"": ""iceland-1-deild""}, ""scores"": {""away"": 0, ""home"": 0}, ""sport"": {""name"": ""Football"", ""slug"": ""football""}, ""status"": ""pending""}}",,spreads,Fylkir Reykjavik,away,away,-1.5,,Betfair Exchange,odds_api_io,51.2,62.09,67.41,,,66.1,,,xg_spread,218.22,0.923,1.043,,sstats,,insufficient_history,,,,,,
soccer|valur reykjavik|vikingur reykjavik|2026-05-31,odds_api_io,68194672,soccer,Iceland - Besta deild,Valur Reykjavik,Vikingur Reykjavik,2026-05-31T19:15:00+00:00,mid,"{""competition"": ""Iceland - Besta deild"", ""odds_api_io_id"": 68194672, ""raw_event"": {""away"": ""Vikingur Reykjavik"", ""awayId"": 1908, ""date"": ""2026-05-31T19:15:00Z"", ""home"": ""Valur Reykjavik"", ""homeId"": 1899, ""id"": 68194672, ""league"": {""name"": ""Iceland - Besta deild"", ""slug"": ""iceland-besta-deild""}, ""scores"": {""away"": 0, ""home"": 0}, ""sport"": {""name"": ""Football"", ""slug"": ""football""}, ""status"": ""pending""}}",,spreads,Vikingur Reykjavik,away,away,-2.0,,Betfair Exchange,odds_api_io,63.39,83.93,94.83,,,72.85,,,xg_spread,191.539,0.4,1.739,,sstats,,insufficient_history,,,,,,
soccer|ca central norte salta|ca chaco for ever|2026-05-31,odds_api_io,67117706,soccer,Argentina - Primera Nacional,CA Central Norte Salta,CA Chaco For Ever,2026-05-31T19:30:00+00:00,mid,"{""competition"": ""Argentina - Primera Nacional"", ""odds_api_io_id"": 67117706, ""raw_event"": {""away"": ""CA Chaco For Ever"", ""awayId"": 332409, ""date"": ""2026-05-31T19:30:00Z"", ""home"": ""CA Central Norte Salta"", ""homeId"": 341070, ""id"": 67117706, ""league"": {""name"": ""Argentina - Primera Nacional"", ""slug"": ""argentina-primera-nacional""}, ""scores"": {""away"": 0, ""home"": 0}, ""sport"": {""name"": ""Football"", ""slug"": ""football""}, ""status"": ""pending""}}",,spreads,CA Central Norte Salta,home,home,-1.25,,Betfair Exchange,odds_api_io,55.16,69.69,76.44,,,61.97,,,xg_spread,249.06,1.116,0.6,,sstats,,insufficient_history,,,,,,
soccer|nacional la pampa|union tarija|2026-05-31,odds_api_io,71827142,soccer,Bolivia - Copa Simon Bolivar,Club Nacional La Pampa SC,Union Tarija,2026-05-31T19:30:00+00:00,mid,"{""competition"": ""Bolivia - Copa Simon Bolivar"", ""odds_api_io_id"": 71827142, ""raw_event"": {""away"": ""Union Tarija"", ""awayId"": 1255509, ""date"": ""2026-05-31T19:30:00Z"", ""home"": ""Club Nacional La Pampa SC"", ""homeId"": 1256905, ""id"": 71827142, ""league"": {""name"": ""Bolivia - Copa Simon Bolivar"", ""slug"": ""bolivia-copa-simon-bolivar""}, ""scores"": {""away"": 0, ""home"": 0}, ""sport"": {""name"": ""Football"", ""slug"": ""football""}, ""status"": ""pending""}}",,,,,,,,,,,,,,,,,,,,,,,,,,,,,,,
soccer|retro pe|serra branca pb|2026-05-31,odds_api_io,70322118,soccer,Brazil - Brasileiro Serie D,Serra Branca EC PB,Retro FC PE,2026-05-31T19:30:00+00:00,mid,"{""competition"": ""Brazil - Brasileiro Serie D"", ""odds_api_io_id"": 70322118, ""raw_event"": {""away"": ""Retro FC PE"", ""awayId"": 614088, ""date"": ""2026-05-31T19:30:00Z"", ""home"": ""Serra Branca EC PB"", ""homeId"": 931665, ""id"": 70322118, ""league"": {""name"": ""Brazil - Brasileiro Serie D"", ""slug"": ""brazil-brasileiro-serie-d""}, ""scores"": {""away"": 0, ""home"": 0}, ""sport"": {""name"": ""Football"", ""slug"": ""football""}, ""status"": ""pending""}}",,spreads,Serra Branca EC PB,home,home,-1.0,,Unibet,odds_api_io,55.14,60.83,63.74,,,69.84,,,xg_spread,137.229,1.2,0.686,,sstats,,insufficient_history,,,,,,
soccer|caravaggio|hercilio luz|2026-05-31,odds_api_io,69796236,soccer,"Brazil - Catarinense, Serie B",CF Caravaggio SC,Hercilio Luz FC SC,2026-05-31T19:30:00+00:00,mid,"{""competition"": ""Brazil - Catarinense, Serie B"", ""odds_api_io_id"": 69796236, ""raw_event"": {""away"": ""Hercilio Luz FC SC"", ""awayId"": 290376, ""date"": ""2026-05-31T19:30:00Z"", ""home"": ""CF Caravaggio SC"", ""homeId"": 840432, ""id"": 69796236, ""league"": {""name"": ""Brazil - Catarinense, Serie B"", ""slug"": ""brazil-catarinense-serie-b""}, ""scores"": {""away"": 0, ""home"": 0}, ""sport"": {""name"": ""Football"", ""slug"": ""football""}, ""status"": ""pending""}}",,,,,,,,,,,,,,,,,,,,,,,,,,,,,,,
soccer|deportes colina|trasandino los andes|2026-05-31,odds_api_io,69612880,soccer,Chile - Segunda Division,Deportes Colina,CD Trasandino de Los Andes,2026-05-31T19:30:00+00:00,mid,"{""competition"": ""Chile - Segunda Division"", ""odds_api_io_id"": 69612880, ""raw_event"": {""away"": ""CD Trasandino de Los Andes"", ""awayId"": 555206, ""date"": ""2026-05-31T19:30:00Z"", ""home"": ""Deportes Colina"", ""homeId"": 555192, ""id"": 69612880, ""league"": {""name"": ""Chile - Segunda Division"", ""slug"": ""chile-segunda-division""}, ""scores"": {""away"": 0, ""home"": 0}, ""sport"": {""name"": ""Football"", ""slug"": ""football""}, ""status"": ""pending""}}",,,,,,,,,,,,,,,,,,,,,,,,,,,,,,,
soccer|atletico rojiblanco|vinotinto ecuador|2026-05-31,odds_api_io,69880384,soccer,Ecuador - Serie B,Vinotinto FC Ecuador,Atletico Rojiblanco,2026-05-31T19:30:00+00:00,mid,"{""competition"": ""Ecuador - Serie B"", ""odds_api_io_id"": 69880384, ""raw_event"": {""away"": ""Atletico Rojiblanco"", ""awayId"": 1329730, ""date"": ""2026-05-31T19:30:00Z"", ""home"": ""Vinotinto FC Ecuador"", ""homeId"": 889265, ""id"": 69880384, ""league"": {""name"": ""Ecuador - Serie B"", ""slug"": ""ecuador-serie-b""}, ""scores"": {""away"": 0, ""home"": 0}, ""sport"": {""name"": ""Football"", ""slug"": ""football""}, ""status"": ""pending""}}",,,,,,,,,,,,,,,,,,,,,,,,,,,,,,,
soccer|atletico barinas|atletico el vigia|2026-05-31,odds_api_io,71667976,soccer,Venezuela - Segunda Division,Club Atletico Barinas,Atletico El Vigia,2026-05-31T19:30:00+00:00,mid,"{""competition"": ""Venezuela - Segunda Division"", ""odds_api_io_id"": 71667976, ""raw_event"": {""away"": ""Atletico El Vigia"", ""awayId"": 7741, ""date"": ""2026-05-31T19:30:00Z"", ""home"": ""Club Atletico Barinas"", ""homeId"": 1329650, ""id"": 71667976, ""league"": {""name"": ""Venezuela - Segunda Division"", ""slug"": ""venezuela-segunda-division""}, ""scores"": {""away"": 0, ""home"": 0}, ""sport"": {""name"": ""Football"", ""slug"": ""football""}, ""status"": ""pending""}}",,,,,,,,,,,,,,,,,,,,,,,,,,,,,,,
soccer|miranda|monagas b|2026-05-31,odds_api_io,71668926,soccer,Venezuela - Segunda Division,Monagas SC B,Deportivo Miranda,2026-05-31T19:30:00+00:00,mid,"{""competition"": ""Venezuela - Segunda Division"", ""odds_api_io_id"": 71668926, ""raw_event"": {""away"": ""Deportivo Miranda"", ""awayId"": 996463, ""date"": ""2026-05-31T19:30:00Z"", ""home"": ""Monagas SC B"", ""homeId"": 566609, ""id"": 71668926, ""league"": {""name"": ""Venezuela - Segunda Division"", ""slug"": ""venezuela-segunda-division""}, ""scores"": {""away"": 0, ""home"": 0}, ""sport"": {""name"": ""Football"", ""slug"": ""football""}, ""status"": ""pending""}}",,,,,,,,,,,,,,,,,,,,,,,,,,,,,,,
soccer|urena|yaracuyanos|2026-05-31,odds_api_io,71667974,soccer,Venezuela - Segunda Division,Urena SC,Yaracuyanos FC,2026-05-31T19:30:00+00:00,mid,"{""competition"": ""Venezuela - Segunda Division"", ""odds_api_io_id"": 71667974, ""raw_event"": {""away"": ""Yaracuyanos FC"", ""awayId"": 36435, ""date"": ""2026-05-31T19:30:00Z"", ""home"": ""Urena SC"", ""homeId"": 209846, ""id"": 71667974, ""league"": {""name"": ""Venezuela - Segunda Division"", ""slug"": ""venezuela-segunda-division""}, ""scores"": {""away"": 0, ""home"": 0}, ""sport"": {""name"": ""Football"", ""slug"": ""football""}, ""status"": ""pending""}}",,,,,,,,,,,,,,,,,,,,,,,,,,,,,,,
soccer|chacarita juniors|maipu|2026-05-31,odds_api_io,67118426,soccer,Argentina - Primera Nacional,CD Maipu,Chacarita Juniors,2026-05-31T20:00:00+00:00,mid,"{""competition"": ""Argentina - Primera Nacional"", ""odds_api_io_id"": 67118426, ""raw_event"": {""away"": ""Chacarita Juniors"", ""awayId"": 3214, ""date"": ""2026-05-31T20:00:00Z"", ""home"": ""CD Maipu"", ""homeId"": 240854, ""id"": 67118426, ""league"": {""name"": ""Argentina - Primera Nacional"", ""slug"": ""argentina-primera-nacional""}, ""scores"": {""away"": 0, ""home"": 0}, ""sport"": {""name"": ""Football"", ""slug"": ""football""}, ""status"": ""pending""}}",,,,,,,,,,,,,,,,,,,,,,,,,,,,,,,
soccer|atletico rafaela|quilmes|2026-05-31,odds_api_io,67118434,soccer,Argentina - Primera Nacional,Quilmes AC,Atletico de Rafaela,2026-05-31T20:00:00+00:00,mid,"{""competition"": ""Argentina - Primera Nacional"", ""odds_api_io_id"": 67118434, ""raw_event"": {""away"": ""Atletico de Rafaela"", ""awayId"": 34976, ""date"": ""2026-05-31T20:00:00Z"", ""home"": ""Quilmes AC"", ""homeId"": 4936, ""id"": 67118434, ""league"": {""name"": ""Argentina - Primera Nacional"", ""slug"": ""argentina-primera-nacional""}, ""scores"": {""away"": 0, ""home"": 0}, ""sport"": {""name"": ""Football"", ""slug"": ""football""}, ""status"": ""pending""}}",,spreads,Quilmes AC,home,home,-1.25,,Betfair Exchange,odds_api_io,57.77,72.95,80.02,,,62.07,,,xg_spread,246.499,1.257,0.48,,sstats,,insufficient_history,,,,,,
soccer|brazil juniors|sv river plate aruba|2026-05-31,odds_api_io,71804354,soccer,Aruba - Division Honor,Brazil Juniors,SV River Plate Aruba,2026-05-31T20:00:00+00:00,mid,"{""competition"": ""Aruba - Division Honor"", ""odds_api_io_id"": 71804354, ""raw_event"": {""away"": ""SV River Plate Aruba"", ""awayId"": 232368, ""date"": ""2026-05-31T20:00:00Z"", ""home"": ""Brazil Juniors"", ""homeId"": 388594, ""id"": 71804354, ""league"": {""name"": ""Aruba - Division Honor"", ""slug"": ""aruba-division-honor""}, ""scores"": {""away"": 0, ""home"": 0}, ""sport"": {""name"": ""Football"", ""slug"": ""football""}, ""status"": ""pending""}}",,spreads,SV River Plate Aruba,away,away,1.25,,Bet365,odds_api_io,56.84,28.39,20.91,,,62.51,,,xg_spread,57.404,1.431,2.115,,sstats_form,,insufficient_history,,,,,,
soccer|blooming santa cruz|oriente petrolero|2026-05-31,odds_api_io,70379214,soccer,Bolivia - Division Profesional,Oriente Petrolero,Blooming Santa Cruz,2026-05-31T20:00:00+00:00,mid,"{""competition"": ""Bolivia - Division Profesional"", ""odds_api_io_id"": 70379214, ""raw_event"": {""away"": ""Blooming Santa Cruz"", ""awayId"": 6968, ""date"": ""2026-05-31T20:00:00Z"", ""home"": ""Oriente Petrolero"", ""homeId"": 33820, ""id"": 70379214, ""league"": {""name"": ""Bolivia - Division Profesional"", ""slug"": ""bolivia-division-profesional""}, ""scores"": {""away"": 0, ""home"": 0}, ""sport"": {""name"": ""Football"", ""slug"": ""football""}, ""status"": ""pending""}}",,totals,Меньше 3.5,,,3.5,,,,,62.79,60.73,,,72.77,,,controlled_consensus_rescue,80.887,,,,,,,,,,,,
soccer|democrata mg|rio branco es|2026-05-31,odds_api_io,70431590,soccer,Brazil - Brasileiro Serie D,EC Democrata MG,Rio Branco AC ES,2026-05-31T20:00:00+00:00,mid,"{""competition"": ""Brazil - Brasileiro Serie D"", ""odds_api_io_id"": 70431590, ""raw_event"": {""away"": ""Rio Branco AC ES"", ""awayId"": 49199, ""date"": ""2026-05-31T20:00:00Z"", ""home"": ""EC Democrata MG"", ""homeId"": 21848, ""id"": 70431590, ""league"": {""name"": ""Brazil - Brasileiro Serie D"", ""slug"": ""brazil-brasileiro-serie-d""}, ""scores"": {""away"": 0, ""home"": 0}, ""sport"": {""name"": ""Football"", ""slug"": ""football""}, ""status"": ""pending""}}",,spreads,Rio Branco AC ES,away,away,0.75,,Bet365,odds_api_io,49.29,33.57,26.42,,,62.53,,,xg_spread,46.162,0.96,0.889,,sstats,,insufficient_history,,,,,,
soccer|inhumas go|se gama df|2026-05-31,odds_api_io,70319984,soccer,Brazil - Brasileiro Serie D,Inhumas EC GO,SE Gama DF,2026-05-31T20:00:00+00:00,mid,"{""competition"": ""Brazil - Brasileiro Serie D"", ""odds_api_io_id"": 70319984, ""raw_event"": {""away"": ""SE Gama DF"", ""awayId"": 1978, ""date"": ""2026-05-31T20:00:00Z"", ""home"": ""Inhumas EC GO"", ""homeId"": 511102, ""id"": 70319984, ""league"": {""name"": ""Brazil - Brasileiro Serie D"", ""slug"": ""brazil-brasileiro-serie-d""}, ""scores"": {""away"": 0, ""home"": 0}, ""sport"": {""name"": ""Football"", ""slug"": ""football""}, ""status"": ""pending""}}",,,,,,,,,,,,,,,,,,,,,,,,,,,,,,,
soccer|ivinhema ms|uberlandia mg|2026-05-31,odds_api_io,70322870,soccer,Brazil - Brasileiro Serie D,Ivinhema MS,Uberlandia EC MG,2026-05-31T20:00:00+00:00,mid,"{""competition"": ""Brazil - Brasileiro Serie D"", ""odds_api_io_id"": 70322870, ""raw_event"": {""away"": ""Uberlandia EC MG"", ""awayId"": 32873, ""date"": ""2026-05-31T20:00:00Z"", ""home"": ""Ivinhema MS"", ""homeId"": 34000, ""id"": 70322870, ""league"": {""name"": ""Brazil - Brasileiro Serie D"", ""slug"": ""brazil-brasileiro-serie-d""}, ""scores"": {""away"": 0, ""home"": 0}, ""sport"": {""name"": ""Football"", ""slug"": ""football""}, ""status"": ""pending""}}",,,,,,,,,,,,,,,,,,,,,,,,,,,,,,,
soccer|cra catalano go|operario ms|2026-05-31,odds_api_io,70322868,soccer,Brazil - Brasileiro Serie D,Operario FC MS,CRA Catalano GO,2026-05-31T20:00:00+00:00,mid,"{""competition"": ""Brazil - Brasileiro Serie D"", ""odds_api_io_id"": 70322868, ""raw_event"": {""away"": ""CRA Catalano GO"", ""awayId"": 21893, ""date"": ""2026-05-31T20:00:00Z"", ""home"": ""Operario FC MS"", ""homeId"": 317965, ""id"": 70322868, ""league"": {""name"": ""Brazil - Brasileiro Serie D"", ""slug"": ""brazil-brasileiro-serie-d""}, ""scores"": {""away"": 0, ""home"": 0}, ""sport"": {""name"": ""Football"", ""slug"": ""football""}, ""status"": ""pending""}}",,totals,Больше 2.5,,,2.5,,,,,40.5,38.87,,,73.67,,,controlled_consensus_rescue,82.992,,,,,,,,,,,,
soccer|cavalry|forge hamilton|2026-05-31,odds_api_io,68686002,soccer,Canada - Canadian Premier League,Forge FC Hamilton,Cavalry FC,2026-05-31T20:00:00+00:00,mid,"{""competition"": ""Canada - Canadian Premier League"", ""odds_api_io_id"": 68686002, ""raw_event"": {""away"": ""Cavalry FC"", ""awayId"": 543877, ""date"": ""2026-05-31T20:00:00Z"", ""home"": ""Forge FC Hamilton"", ""homeId"": 543879, ""id"": 68686002, ""league"": {""name"": ""Canada - Canadian Premier League"", ""slug"": ""canada-canadian-premier-league""}, ""scores"": {""away"": 0, ""home"": 0}, ""sport"": {""name"": ""Football"", ""slug"": ""football""}, ""status"": ""pending""}}",,totals,Больше 2.5,,,2.5,,,,,45.81,43.95,,,74.44,,,controlled_consensus_rescue,84.636,,,,,,,,,,,,
soccer|mahaut soca strikers|we united|2026-05-31,odds_api_io,71762798,soccer,Dominica - DFA Premier,Mahaut Soca Strikers,We United,2026-05-31T20:00:00+00:00,mid,"{""competition"": ""Dominica - DFA Premier"", ""odds_api_io_id"": 71762798, ""raw_event"": {""away"": ""We United"", ""awayId"": 750187, ""date"": ""2026-05-31T20:00:00Z"", ""home"": ""Mahaut Soca Strikers"", ""homeId"": 525933, ""id"": 71762798, ""league"": {""name"": ""Dominica - DFA Premier"", ""slug"": ""dominica-dfa-premier""}, ""scores"": {""away"": 0, ""home"": 0}, ""sport"": {""name"": ""Football"", ""slug"": ""football""}, ""status"": ""pending""}}",,,,,,,,,,,,,,,,,,,,,,,,,,,,,,,
soccer|atletico balboa|inca|2026-05-31,odds_api_io,71792650,soccer,El Salvador - Segunda Division,Atletico Balboa,CD Inca,2026-05-31T20:00:00+00:00,mid,"{""competition"": ""El Salvador - Segunda Division"", ""odds_api_io_id"": 71792650, ""raw_event"": {""away"": ""CD Inca"", ""awayId"": 832436, ""date"": ""2026-05-31T20:00:00Z"", ""home"": ""Atletico Balboa"", ""homeId"": 24384, ""id"": 71792650, ""league"": {""name"": ""El Salvador - Segunda Division"", ""slug"": ""el-salvador-segunda-division""}, ""scores"": {""away"": 0, ""home"": 0}, ""sport"": {""name"": ""Football"", ""slug"": ""football""}, ""status"": ""pending""}}",,,,,,,,,,,,,,,,,,,,,,,,,,,,,,,
soccer|portland timbers 2|tacoma defiance|2026-05-31,odds_api_io,68156688,soccer,USA - MLS Next Pro,Portland Timbers II,Tacoma Defiance,2026-05-31T20:00:00+00:00,mid,"{""competition"": ""USA - MLS Next Pro"", ""odds_api_io_id"": 68156688, ""raw_event"": {""away"": ""Tacoma Defiance"", ""awayId"": 206005, ""date"": ""2026-05-31T20:00:00Z"", ""home"": ""Portland Timbers II"", ""homeId"": 206007, ""id"": 68156688, ""league"": {""name"": ""USA - MLS Next Pro"", ""slug"": ""usa-mls-next-pro""}, ""scores"": {""away"": 0, ""home"": 0}, ""sport"": {""name"": ""Football"", ""slug"": ""football""}, ""status"": ""pending""}}",,,,,,,,,,,,,,,,,,,,,,,,,,,,,,,
soccer|erie sports center|lorain county leviathan|2026-05-31,odds_api_io,69091328,soccer,USA - USL League Two,Erie Sports Center,Lorain County Leviathan FC,2026-05-31T20:00:00+00:00,mid,"{""competition"": ""USA - USL League Two"", ""odds_api_io_id"": 69091328, ""raw_event"": {""away"": ""Lorain County Leviathan FC"", ""awayId"": 1329162, ""date"": ""2026-05-31T20:00:00Z"", ""home"": ""Erie Sports Center"", ""homeId"": 1232477, ""id"": 69091328, ""league"": {""name"": ""USA - USL League Two"", ""slug"": ""usa-usl-league-two""}, ""scores"": {""away"": 0, ""home"": 0}, ""sport"": {""name"": ""Football"", ""slug"": ""football""}, ""status"": ""pending""}}",,,,,,,,,,,,,,,,,,,,,,,,,,,,,,,
soccer|pennsylvania classics|philadelphia lone star usl2|2026-05-31,odds_api_io,69091230,soccer,USA - USL League Two,Philadelphia Lone Star Usl2,Pennsylvania Classics,2026-05-31T20:00:00+00:00,mid,"{""competition"": ""USA - USL League Two"", ""odds_api_io_id"": 69091230, ""raw_event"": {""away"": ""Pennsylvania Classics"", ""awayId"": 895699, ""date"": ""2026-05-31T20:00:00Z"", ""home"": ""Philadelphia Lone Star Usl2"", ""homeId"": 910339, ""id"": 69091230, ""league"": {""name"": ""USA - USL League Two"", ""slug"": ""usa-usl-league-two""}, ""scores"": {""away"": 0, ""home"": 0}, ""sport"": {""name"": ""Football"", ""slug"": ""football""}, ""status"": ""pending""}}",,,,,,,,,,,,,,,,,,,,,,,,,,,,,,,
soccer|river light|saint croix|2026-05-31,odds_api_io,69091324,soccer,USA - USL League Two,St. Croix SC,River Light FC,2026-05-31T20:00:00+00:00,mid,"{""competition"": ""USA - USL League Two"", ""odds_api_io_id"": 69091324, ""raw_event"": {""away"": ""River Light FC"", ""awayId"": 1107699, ""date"": ""2026-05-31T20:00:00Z"", ""home"": ""St. Croix SC"", ""homeId"": 874793, ""id"": 69091324, ""league"": {""name"": ""USA - USL League Two"", ""slug"": ""usa-usl-league-two""}, ""scores"": {""away"": 0, ""home"": 0}, ""sport"": {""name"": ""Football"", ""slug"": ""football""}, ""status"": ""pending""}}",,,,,,,,,,,,,,,,,,,,,,,,,,,,,,,
soccer|rkc third coast|rockford raptors|2026-05-31,odds_api_io,68989210,soccer,USA - USL W League,RKC Third Coast,Rockford Raptors,2026-05-31T20:00:00+00:00,mid,"{""competition"": ""USA - USL W League"", ""odds_api_io_id"": 68989210, ""raw_event"": {""away"": ""Rockford Raptors"", ""awayId"": 1153657, ""date"": ""2026-05-31T20:00:00Z"", ""home"": ""RKC Third Coast"", ""homeId"": 991787, ""id"": 68989210, ""league"": {""name"": ""USA - USL W League"", ""slug"": ""usa-usl-w-league""}, ""scores"": {""away"": 0, ""home"": 0}, ""sport"": {""name"": ""Football"", ""slug"": ""football""}, ""status"": ""pending""}}",,,,,,,,,,,,,,,,,,,,,,,,,,,,,,,
soccer|atletico avila|bolivar|2026-05-31,odds_api_io,71668928,soccer,Venezuela - Segunda Division,Atletico Avila FC,Bolivar SC,2026-05-31T20:00:00+00:00,mid,"{""competition"": ""Venezuela - Segunda Division"", ""odds_api_io_id"": 71668928, ""raw_event"": {""away"": ""Bolivar SC"", ""awayId"": 671599, ""date"": ""2026-05-31T20:00:00Z"", ""home"": ""Atletico Avila FC"", ""homeId"": 1329652, ""id"": 71668928, ""league"": {""name"": ""Venezuela - Segunda Division"", ""slug"": ""venezuela-segunda-division""}, ""scores"": {""away"": 0, ""home"": 0}, ""sport"": {""name"": ""Football"", ""slug"": ""football""}, ""status"": ""pending""}}",,,,,,,,,,,,,,,,,,,,,,,,,,,,,,,
soccer|aragua|dynamo puerto|2026-05-31,odds_api_io,71668930,soccer,Venezuela - Segunda Division,Dynamo Puerto FC,Aragua FC,2026-05-31T20:00:00+00:00,mid,"{""competition"": ""Venezuela - Segunda Division"", ""odds_api_io_id"": 71668930, ""raw_event"": {""away"": ""Aragua FC"", ""awayId"": 6228, ""date"": ""2026-05-31T20:00:00Z"", ""home"": ""Dynamo Puerto FC"", ""homeId"": 539439, ""id"": 71668930, ""league"": {""name"": ""Venezuela - Segunda Division"", ""slug"": ""venezuela-segunda-division""}, ""scores"": {""away"": 0, ""home"": 0}, ""sport"": {""name"": ""Football"", ""slug"": ""football""}, ""status"": ""pending""}}",,,,,,,,,,,,,,,,,,,,,,,,,,,,,,,
soccer|los chankas cyc|utc cajamarca|2026-05-31,odds_api_io,71396984,soccer,Peru - Liga 1,Los Chankas CYC,UTC de Cajamarca,2026-05-31T20:15:00+00:00,mid,"{""competition"": ""Peru - Liga 1"", ""odds_api_io_id"": 71396984, ""raw_event"": {""away"": ""UTC de Cajamarca"", ""awayId"": 87854, ""date"": ""2026-05-31T20:15:00Z"", ""home"": ""Los Chankas CYC"", ""homeId"": 330537, ""id"": 71396984, ""league"": {""name"": ""Peru - Liga 1"", ""slug"": ""peru-liga-1""}, ""scores"": {""away"": 0, ""home"": 0}, ""sport"": {""name"": ""Football"", ""slug"": ""football""}, ""status"": ""pending""}}",,,,,,,,,,,,,,,,,,,,,,,,,,,,,,,
soccer|csd independiente valle|guayaquil city|2026-05-31,odds_api_io,68687680,soccer,Ecuador - LigaPro Primera A,Guayaquil City FC,CSD Independiente del Valle,2026-05-31T20:30:00+00:00,mid,"{""competition"": ""Ecuador - LigaPro Primera A"", ""odds_api_io_id"": 68687680, ""raw_event"": {""away"": ""CSD Independiente del Valle"", ""awayId"": 39723, ""date"": ""2026-05-31T20:30:00Z"", ""home"": ""Guayaquil City FC"", ""homeId"": 171976, ""id"": 68687680, ""league"": {""name"": ""Ecuador - LigaPro Primera A"", ""slug"": ""ecuador-ligapro-primera-a""}, ""scores"": {""away"": 0, ""home"": 0}, ""sport"": {""name"": ""Football"", ""slug"": ""football""}, ""status"": ""pending""}}",,totals,Больше 2.5,,,2.5,,,,,46.76,45.38,,,72.87,,,controlled_consensus_rescue,79.669,,,,,,,,,,,,
soccer|capiata|encarnacion|2026-05-31,odds_api_io,71732908,soccer,Paraguay - Segunda Division,Deportivo Capiata,Encarnacion FC,2026-05-31T20:30:00+00:00,mid,"{""competition"": ""Paraguay - Segunda Division"", ""odds_api_io_id"": 71732908, ""raw_event"": {""away"": ""Encarnacion FC"", ""awayId"": 1110173, ""date"": ""2026-05-31T20:30:00Z"", ""home"": ""Deportivo Capiata"", ""homeId"": 87470, ""id"": 71732908, ""league"": {""name"": ""Paraguay - Segunda Division"", ""slug"": ""paraguay-segunda-division""}, ""scores"": {""away"": 0, ""home"": 0}, ""sport"": {""name"": ""Football"", ""slug"": ""football""}, ""status"": ""pending""}}",,,,,,,,,,,,,,,,,,,,,,,,,,,,,,,
soccer|ada jaen|union comercio|2026-05-31,odds_api_io,71378118,soccer,Peru - Liga 2,Union Comercio,Club Ada Jaen,2026-05-31T20:30:00+00:00,mid,"{""competition"": ""Peru - Liga 2"", ""odds_api_io_id"": 71378118, ""raw_event"": {""away"": ""Club Ada Jaen"", ""awayId"": 1057689, ""date"": ""2026-05-31T20:30:00Z"", ""home"": ""Union Comercio"", ""homeId"": 48431, ""id"": 71378118, ""league"": {""name"": ""Peru - Liga 2"", ""slug"": ""peru-liga-2""}, ""scores"": {""away"": 0, ""home"": 0}, ""sport"": {""name"": ""Football"", ""slug"": ""football""}, ""status"": ""pending""}}",,,,,,,,,,,,,,,,,,,,,,,,,,,,,,,
soccer|manaus am|nacional am|2026-05-31,odds_api_io,70318432,soccer,Brazil - Brasileiro Serie D,Manaus FC AM,Nacional FC AM,2026-05-31T21:00:00+00:00,mid,"{""competition"": ""Brazil - Brasileiro Serie D"", ""odds_api_io_id"": 70318432, ""raw_event"": {""away"": ""Nacional FC AM"", ""awayId"": 21859, ""date"": ""2026-05-31T21:00:00Z"", ""home"": ""Manaus FC AM"", ""homeId"": 290390, ""id"": 70318432, ""league"": {""name"": ""Brazil - Brasileiro Serie D"", ""slug"": ""brazil-brasileiro-serie-d""}, ""scores"": {""away"": 0, ""home"": 0}, ""sport"": {""name"": ""Football"", ""slug"": ""football""}, ""status"": ""pending""}}",,,,,,,,,,,,,,,,,,,,,,,,,,,,,,,
soccer|manauara am|monte roraima rr|2026-05-31,odds_api_io,70318428,soccer,Brazil - Brasileiro Serie D,Monte Roraima RR,Manauara EC AM,2026-05-31T21:00:00+00:00,mid,"{""competition"": ""Brazil - Brasileiro Serie D"", ""odds_api_io_id"": 70318428, ""raw_event"": {""away"": ""Manauara EC AM"", ""awayId"": 837176, ""date"": ""2026-05-31T21:00:00Z"", ""home"": ""Monte Roraima RR"", ""homeId"": 1104921, ""id"": 70318428, ""league"": {""name"": ""Brazil - Brasileiro Serie D"", ""slug"": ""brazil-brasileiro-serie-d""}, ""scores"": {""away"": 0, ""home"": 0}, ""sport"": {""name"": ""Football"", ""slug"": ""football""}, ""status"": ""pending""}}",,,,,,,,,,,,,,,,,,,,,,,,,,,,,,,
soccer|humaita|independencia|2026-05-31,odds_api_io,70318506,soccer,Brazil - Brasileiro Serie D,SC Humaita AC,Independencia FC AC,2026-05-31T21:00:00+00:00,mid,"{""competition"": ""Brazil - Brasileiro Serie D"", ""odds_api_io_id"": 70318506, ""raw_event"": {""away"": ""Independencia FC AC"", ""awayId"": 538749, ""date"": ""2026-05-31T21:00:00Z"", ""home"": ""SC Humaita AC"", ""homeId"": 463359, ""id"": 70318506, ""league"": {""name"": ""Brazil - Brasileiro Serie D"", ""slug"": ""brazil-brasileiro-serie-d""}, ""scores"": {""away"": 0, ""home"": 0}, ""sport"": {""name"": ""Football"", ""slug"": ""football""}, ""status"": ""pending""}}",,,,,,,,,,,,,,,,,,,,,,,,,,,,,,,
soccer|manhattan|paisley athletic|2026-05-31,odds_api_io,68989214,soccer,USA - USL W League,Paisley Athletic FC,Manhattan SC,2026-05-31T21:00:00+00:00,mid,"{""competition"": ""USA - USL W League"", ""odds_api_io_id"": 68989214, ""raw_event"": {""away"": ""Manhattan SC"", ""awayId"": 911993, ""date"": ""2026-05-31T21:00:00Z"", ""home"": ""Paisley Athletic FC"", ""homeId"": 991801, ""id"": 68989214, ""league"": {""name"": ""USA - USL W League"", ""slug"": ""usa-usl-w-league""}, ""scores"": {""away"": 0, ""home"": 0}, ""sport"": {""name"": ""Football"", ""slug"": ""football""}, ""status"": ""pending""}}",,,,,,,,,,,,,,,,,,,,,,,,,,,,,,,
soccer|lancaster inferno|patuxent athletics|2026-05-31,odds_api_io,68989216,soccer,USA - USL W League,Patuxent Football Athletics,Lancaster Inferno,2026-05-31T21:00:00+00:00,mid,"{""competition"": ""USA - USL W League"", ""odds_api_io_id"": 68989216, ""raw_event"": {""away"": ""Lancaster Inferno"", ""awayId"": 457093, ""date"": ""2026-05-31T21:00:00Z"", ""home"": ""Patuxent Football Athletics"", ""homeId"": 912009, ""id"": 68989216, ""league"": {""name"": ""USA - USL W League"", ""slug"": ""usa-usl-w-league""}, ""scores"": {""away"": 0, ""home"": 0}, ""sport"": {""name"": ""Football"", ""slug"": ""football""}, ""status"": ""pending""}}",,,,,,,,,,,,,,,,,,,,,,,,,,,,,,,
soccer|rally madison|sioux falls city|2026-05-31,odds_api_io,68989212,soccer,USA - USL W League,Sioux Falls City FC,Rally Madison FC,2026-05-31T21:00:00+00:00,mid,"{""competition"": ""USA - USL W League"", ""odds_api_io_id"": 68989212, ""raw_event"": {""away"": ""Rally Madison FC"", ""awayId"": 1328272, ""date"": ""2026-05-31T21:00:00Z"", ""home"": ""Sioux Falls City FC"", ""homeId"": 1232541, ""id"": 68989212, ""league"": {""name"": ""USA - USL W League"", ""slug"": ""usa-usl-w-league""}, ""scores"": {""away"": 0, ""home"": 0}, ""sport"": {""name"": ""Football"", ""slug"": ""football""}, ""status"": ""pending""}}",,,,,,,,,,,,,,,,,,,,,,,,,,,,,,,
soccer|estudiantes merida|tachira|2026-05-31,odds_api_io,71172398,soccer,Venezuela - Primera Division,Deportivo Tachira,Estudiantes de Merida,2026-05-31T21:00:00+00:00,mid,"{""competition"": ""Venezuela - Primera Division"", ""odds_api_io_id"": 71172398, ""raw_event"": {""away"": ""Estudiantes de Merida"", ""awayId"": 7745, ""date"": ""2026-05-31T21:00:00Z"", ""home"": ""Deportivo Tachira"", ""homeId"": 6231, ""id"": 71172398, ""league"": {""name"": ""Venezuela - Primera Division"", ""slug"": ""venezuela-primera-division""}, ""scores"": {""away"": 0, ""home"": 0}, ""sport"": {""name"": ""Football"", ""slug"": ""football""}, ""status"": ""pending""}}",,totals,Меньше 2.5,,,2.5,,,,,43.09,41.57,,,73.32,,,controlled_consensus_rescue,81.465,,,,,,,,,,,,
soccer|carabobo|metropolitanos|2026-05-31,odds_api_io,71172396,soccer,Venezuela - Primera Division,Metropolitanos FC,Carabobo FC,2026-05-31T21:00:00+00:00,mid,"{""competition"": ""Venezuela - Primera Division"", ""odds_api_io_id"": 71172396, ""raw_event"": {""away"": ""Carabobo FC"", ""awayId"": 6229, ""date"": ""2026-05-31T21:00:00Z"", ""home"": ""Metropolitanos FC"", ""homeId"": 162480, ""id"": 71172396, ""league"": {""name"": ""Venezuela - Primera Division"", ""slug"": ""venezuela-primera-division""}, ""scores"": {""away"": 0, ""home"": 0}, ""sport"": {""name"": ""Football"", ""slug"": ""football""}, ""status"": ""pending""}}",,,,,,,,,,,,,,,,,,,,,,,,,,,,,,,
soccer|anapolis go|maranhao ma|2026-05-31,odds_api_io,69255068,soccer,Brazil - Brasileiro Serie C,Anapolis FC GO,Maranhao AC MA,2026-05-31T21:30:00+00:00,mid,"{""competition"": ""Brazil - Brasileiro Serie C"", ""odds_api_io_id"": 69255068, ""raw_event"": {""away"": ""Maranhao AC MA"", ""awayId"": 21858, ""date"": ""2026-05-31T21:30:00Z"", ""home"": ""Anapolis FC GO"", ""homeId"": 21872, ""id"": 69255068, ""league"": {""name"": ""Brazil - Brasileiro Serie C"", ""slug"": ""brazil-brasileiro-serie-c""}, ""scores"": {""away"": 0, ""home"": 0}, ""sport"": {""name"": ""Football"", ""slug"": ""football""}, ""status"": ""pending""}}",,,,,,,,,,,,,,,,,,,,,,,,,,,,,,,
soccer|cobreloa calama|csd rangers|2026-05-31,odds_api_io,68097930,soccer,Chile - Primera B,CD Cobreloa Calama,CSD Rangers,2026-05-31T21:30:00+00:00,mid,"{""competition"": ""Chile - Primera B"", ""odds_api_io_id"": 68097930, ""raw_event"": {""away"": ""CSD Rangers"", ""awayId"": 3154, ""date"": ""2026-05-31T21:30:00Z"", ""home"": ""CD Cobreloa Calama"", ""homeId"": 3159, ""id"": 68097930, ""league"": {""name"": ""Chile - Primera B"", ""slug"": ""chile-primera-b""}, ""scores"": {""away"": 0, ""home"": 0}, ""sport"": {""name"": ""Football"", ""slug"": ""football""}, ""status"": ""pending""}}",,,,,,,,,,,,,,,,,,,,,,,,,,,,,,,
soccer|everton vina mar|o higgins|2026-05-31,odds_api_io,67681890,soccer,Chile - Primera Division,CD O´Higgins,CD Everton Vina del Mar,2026-05-31T21:30:00+00:00,mid,"{""competition"": ""Chile - Primera Division"", ""odds_api_io_id"": 67681890, ""raw_event"": {""away"": ""CD Everton Vina del Mar"", ""awayId"": 5032, ""date"": ""2026-05-31T21:30:00Z"", ""home"": ""CD O´Higgins"", ""homeId"": 3163, ""id"": 67681890, ""league"": {""name"": ""Chile - Primera Division"", ""slug"": ""chile-primera-division""}, ""scores"": {""away"": 0, ""home"": 0}, ""sport"": {""name"": ""Football"", ""slug"": ""football""}, ""status"": ""pending""}}",,,,,,,,,,,,,,,,,,,,,,,,,,,,,,,
soccer|maldonado|nacional|2026-05-31,odds_api_io,71737092,soccer,Uruguay - Primera Division,Deportivo Maldonado,Club Nacional de Football,2026-05-31T21:30:00+00:00,mid,"{""competition"": ""Uruguay - Primera Division"", ""odds_api_io_id"": 71737092, ""raw_event"": {""away"": ""Club Nacional de Football"", ""awayId"": 3230, ""date"": ""2026-05-31T21:30:00Z"", ""home"": ""Deportivo Maldonado"", ""homeId"": 3234, ""id"": 71737092, ""league"": {""name"": ""Uruguay - Primera Division"", ""slug"": ""uruguay-primera-division""}, ""scores"": {""away"": 0, ""home"": 0}, ""sport"": {""name"": ""Football"", ""slug"": ""football""}, ""status"": ""pending""}}",,,,,,,,,,,,,,,,,,,,,,,,,,,,,,,
soccer|south georgia tormenta|wake|2026-05-31,odds_api_io,68989218,soccer,USA - USL W League,South Georgia Tormenta FC,Wake FC,2026-05-31T21:30:00+00:00,mid,"{""competition"": ""USA - USL W League"", ""odds_api_io_id"": 68989218, ""raw_event"": {""away"": ""Wake FC"", ""awayId"": 552775, ""date"": ""2026-05-31T21:30:00Z"", ""home"": ""South Georgia Tormenta FC"", ""homeId"": 912019, ""id"": 68989218, ""league"": {""name"": ""USA - USL W League"", ""slug"": ""usa-usl-w-league""}, ""scores"": {""away"": 0, ""home"": 0}, ""sport"": {""name"": ""Football"", ""slug"": ""football""}, ""status"": ""pending""}}",,,,,,,,,,,,,,,,,,,,,,,,,,,,,,,
soccer|arsenal sarandi|csd san martin|2026-05-31,odds_api_io,67119368,soccer,Argentina - Primera B,CSD San Martin,Arsenal de Sarandi,2026-05-31T22:00:00+00:00,mid,"{""competition"": ""Argentina - Primera B"", ""odds_api_io_id"": 67119368, ""raw_event"": {""away"": ""Arsenal de Sarandi"", ""awayId"": 3221, ""date"": ""2026-05-31T22:00:00Z"", ""home"": ""CSD San Martin"", ""homeId"": 388242, ""id"": 67119368, ""league"": {""name"": ""Argentina - Primera B"", ""slug"": ""argentina-primera-b""}, ""scores"": {""away"": 0, ""home"": 0}, ""sport"": {""name"": ""Football"", ""slug"": ""football""}, ""status"": ""pending""}}",,,,,,,,,,,,,,,,,,,,,,,,,,,,,,,
soccer|atlantico|estudiantes aruba|2026-05-31,odds_api_io,71804356,soccer,Aruba - Division Honor,Estudiantes Aruba,Atlantico Deportivo,2026-05-31T22:00:00+00:00,mid,"{""competition"": ""Aruba - Division Honor"", ""odds_api_io_id"": 71804356, ""raw_event"": {""away"": ""Atlantico Deportivo"", ""awayId"": 1111451, ""date"": ""2026-05-31T22:00:00Z"", ""home"": ""Estudiantes Aruba"", ""homeId"": 867045, ""id"": 71804356, ""league"": {""name"": ""Aruba - Division Honor"", ""slug"": ""aruba-division-honor""}, ""scores"": {""away"": 0, ""home"": 0}, ""sport"": {""name"": ""Football"", ""slug"": ""football""}, ""status"": ""pending""}}",,,,,,,,,,,,,,,,,,,,,,,,,,,,,,,
soccer|if sao joseense pr|sao jose rs|2026-05-31,odds_api_io,70323326,soccer,Brazil - Brasileiro Serie D,EC Sao Jose RS,IF Sao Joseense PR,2026-05-31T22:00:00+00:00,mid,"{""competition"": ""Brazil - Brasileiro Serie D"", ""odds_api_io_id"": 70323326, ""raw_event"": {""away"": ""IF Sao Joseense PR"", ""awayId"": 565594, ""date"": ""2026-05-31T22:00:00Z"", ""home"": ""EC Sao Jose RS"", ""homeId"": 32767, ""id"": 70323326, ""league"": {""name"": ""Brazil - Brasileiro Serie D"", ""slug"": ""brazil-brasileiro-serie-d""}, ""scores"": {""away"": 0, ""home"": 0}, ""sport"": {""name"": ""Football"", ""slug"": ""football""}, ""status"": ""pending""}}",,,,,,,,,,,,,,,,,,,,,,,,,,,,,,,
soccer|santa cruz mt|sinop mt|2026-05-31,odds_api_io,71674868,soccer,"Brazil - Mato-Grossense, 2. Divisao",Sinop MT,Santa Cruz EC MT,2026-05-31T22:00:00+00:00,mid,"{""competition"": ""Brazil - Mato-Grossense, 2. Divisao"", ""odds_api_io_id"": 71674868, ""raw_event"": {""away"": ""Santa Cruz EC MT"", ""awayId"": 751815, ""date"": ""2026-05-31T22:00:00Z"", ""home"": ""Sinop MT"", ""homeId"": 255235, ""id"": 71674868, ""league"": {""name"": ""Brazil - Mato-Grossense, 2. Divisao"", ""slug"": ""brazil-mato-grossense-2-divisao""}, ""scores"": {""away"": 0, ""home"": 0}, ""sport"": {""name"": ""Football"", ""slug"": ""football""}, ""status"": ""pending""}}",,,,,,,,,,,,,,,,,,,,,,,,,,,,,,,
soccer|cienciano|sporting cristal|2026-05-31,odds_api_io,71396986,soccer,Peru - Liga 1,Cienciano,Sporting Cristal,2026-05-31T22:00:00+00:00,mid,"{""competition"": ""Peru - Liga 1"", ""odds_api_io_id"": 71396986, ""raw_event"": {""away"": ""Sporting Cristal"", ""awayId"": 2302, ""date"": ""2026-05-31T22:00:00Z"", ""home"": ""Cienciano"", ""homeId"": 2301, ""id"": 71396986, ""league"": {""name"": ""Peru - Liga 1"", ""slug"": ""peru-liga-1""}, ""scores"": {""away"": 0, ""home"": 0}, ""sport"": {""name"": ""Football"", ""slug"": ""football""}, ""status"": ""pending""}}",,,,,,,,,,,,,,,,,,,,,,,,,,,,,,,
soccer|ds edusoccer|taurinos cayey|2026-05-31,odds_api_io,69289868,soccer,Puerto Rico - LPR Pro,Taurinos Cayey,Ds Edusoccer,2026-05-31T22:00:00+00:00,mid,"{""competition"": ""Puerto Rico - LPR Pro"", ""odds_api_io_id"": 69289868, ""raw_event"": {""away"": ""Ds Edusoccer"", ""awayId"": 1290273, ""date"": ""2026-05-31T22:00:00Z"", ""home"": ""Taurinos Cayey"", ""homeId"": 1290269, ""id"": 69289868, ""league"": {""name"": ""Puerto Rico - LPR Pro"", ""slug"": ""puerto-rico-lpr-pro""}, ""scores"": {""away"": 0, ""home"": 0}, ""sport"": {""name"": ""Football"", ""slug"": ""football""}, ""status"": ""pending""}}",,,,,,,,,,,,,,,,,,,,,,,,,,,,,,,
soccer|chicago dutch lions|edgewater castle|2026-05-31,odds_api_io,69091332,soccer,USA - USL League Two,Chicago Dutch Lions FC,Edgewater Castle,2026-05-31T22:00:00+00:00,mid,"{""competition"": ""USA - USL League Two"", ""odds_api_io_id"": 69091332, ""raw_event"": {""away"": ""Edgewater Castle"", ""awayId"": 1329170, ""date"": ""2026-05-31T22:00:00Z"", ""home"": ""Chicago Dutch Lions FC"", ""homeId"": 874789, ""id"": 69091332, ""league"": {""name"": ""USA - USL League Two"", ""slug"": ""usa-usl-league-two""}, ""scores"": {""away"": 0, ""home"": 0}, ""sport"": {""name"": ""Football"", ""slug"": ""football""}, ""status"": ""pending""}}",,,,,,,,,,,,,,,,,,,,,,,,,,,,,,,
soccer|academica|marin legends|2026-05-31,odds_api_io,69091330,soccer,USA - USL League Two,Marin FC Legends,Academica SC,2026-05-31T22:00:00+00:00,mid,"{""competition"": ""USA - USL League Two"", ""odds_api_io_id"": 69091330, ""raw_event"": {""away"": ""Academica SC"", ""awayId"": 559226, ""date"": ""2026-05-31T22:00:00Z"", ""home"": ""Marin FC Legends"", ""homeId"": 874825, ""id"": 69091330, ""league"": {""name"": ""USA - USL League Two"", ""slug"": ""usa-usl-league-two""}, ""scores"": {""away"": 0, ""home"": 0}, ""sport"": {""name"": ""Football"", ""slug"": ""football""}, ""status"": ""pending""}}",,,,,,,,,,,,,,,,,,,,,,,,,,,,,,,
soccer|albion colorado|flatirons|2026-05-31,odds_api_io,68989220,soccer,USA - USL W League,Albion SC Colorado,Flatirons FC,2026-05-31T22:00:00+00:00,mid,"{""competition"": ""USA - USL W League"", ""odds_api_io_id"": 68989220, ""raw_event"": {""away"": ""Flatirons FC"", ""awayId"": 1108181, ""date"": ""2026-05-31T22:00:00Z"", ""home"": ""Albion SC Colorado"", ""homeId"": 1108165, ""id"": 68989220, ""league"": {""name"": ""USA - USL W League"", ""slug"": ""usa-usl-w-league""}, ""scores"": {""away"": 0, ""home"": 0}, ""sport"": {""name"": ""Football"", ""slug"": ""football""}, ""status"": ""pending""}}",,,,,,,,,,,,,,,,,,,,,,,,,,,,,,,
soccer|bath estate|south east|2026-05-31,odds_api_io,71762796,soccer,Dominica - DFA Premier,Bath Estate,South East,2026-05-31T22:30:00+00:00,mid,"{""competition"": ""Dominica - DFA Premier"", ""odds_api_io_id"": 71762796, ""raw_event"": {""away"": ""South East"", ""awayId"": 371510, ""date"": ""2026-05-31T22:30:00Z"", ""home"": ""Bath Estate"", ""homeId"": 525931, ""id"": 71762796, ""league"": {""name"": ""Dominica - DFA Premier"", ""slug"": ""dominica-dfa-premier""}, ""scores"": {""away"": 0, ""home"": 0}, ""sport"": {""name"": ""Football"", ""slug"": ""football""}, ""status"": ""pending""}}",,,,,,,,,,,,,,,,,,,,,,,,,,,,,,,
soccer|chattanooga|orlando city b|2026-05-31,odds_api_io,68157014,soccer,USA - MLS Next Pro,Orlando City B,Chattanooga FC,2026-05-31T23:00:00+00:00,mid,"{""competition"": ""USA - MLS Next Pro"", ""odds_api_io_id"": 68157014, ""raw_event"": {""away"": ""Chattanooga FC"", ""awayId"": 153486, ""date"": ""2026-05-31T23:00:00Z"", ""home"": ""Orlando City B"", ""homeId"": 252137, ""id"": 68157014, ""league"": {""name"": ""USA - MLS Next Pro"", ""slug"": ""usa-mls-next-pro""}, ""scores"": {""away"": 0, ""home"": 0}, ""sport"": {""name"": ""Football"", ""slug"": ""football""}, ""status"": ""pending""}}",,,,,,,,,,,,,,,,,,,,,,,,,,,,,,,
soccer|michigan rangers|wisconsin conquerors|2026-05-31,odds_api_io,71220702,soccer,USA - National Premier Soccer League,Michigan Rangers FC,Wisconsin Conquerors FC,2026-05-31T23:00:00+00:00,mid,"{""competition"": ""USA - National Premier Soccer League"", ""odds_api_io_id"": 71220702, ""raw_event"": {""away"": ""Wisconsin Conquerors FC"", ""awayId"": 1110781, ""date"": ""2026-05-31T23:00:00Z"", ""home"": ""Michigan Rangers FC"", ""homeId"": 1005495, ""id"": 71220702, ""league"": {""name"": ""USA - National Premier Soccer League"", ""slug"": ""usa-national-premier-soccer-league""}, ""scores"": {""away"": 0, ""home"": 0}, ""sport"": {""name"": ""Football"", ""slug"": ""football""}, ""status"": ""pending""}}",,,,,,,,,,,,,,,,,,,,,,,,,,,,,,,
soccer|staten island asc|westchester flames|2026-05-31,odds_api_io,69091334,soccer,USA - USL League Two,Westchester Flames,Staten Island Asc,2026-05-31T23:00:00+00:00,mid,"{""competition"": ""USA - USL League Two"", ""odds_api_io_id"": 69091334, ""raw_event"": {""away"": ""Staten Island Asc"", ""awayId"": 1107709, ""date"": ""2026-05-31T23:00:00Z"", ""home"": ""Westchester Flames"", ""homeId"": 334435, ""id"": 69091334, ""league"": {""name"": ""USA - USL League Two"", ""slug"": ""usa-usl-league-two""}, ""scores"": {""away"": 0, ""home"": 0}, ""sport"": {""name"": ""Football"", ""slug"": ""football""}, ""status"": ""pending""}}",,,,,,,,,,,,,,,,,,,,,,,,,,,,,,,
soccer|cleveland force|pittsburgh steel city|2026-05-31,odds_api_io,68989208,soccer,USA - USL W League,Cleveland Force SC,Pittsburgh Steel City,2026-05-31T23:00:00+00:00,mid,"{""competition"": ""USA - USL W League"", ""odds_api_io_id"": 68989208, ""raw_event"": {""away"": ""Pittsburgh Steel City"", ""awayId"": 370978, ""date"": ""2026-05-31T23:00:00Z"", ""home"": ""Cleveland Force SC"", ""homeId"": 991799, ""id"": 68989208, ""league"": {""name"": ""USA - USL W League"", ""slug"": ""usa-usl-w-league""}, ""scores"": {""away"": 0, ""home"": 0}, ""sport"": {""name"": ""Football"", ""slug"": ""football""}, ""status"": ""pending""}}",,,,,,,,,,,,,,,,,,,,,,,,,,,,,,,
soccer|portland cherry bombs|tacoma galaxy|2026-05-31,odds_api_io,68989222,soccer,USA - USL W League,Tacoma Galaxy,Portland Cherry Bombs FC,2026-05-31T23:00:00+00:00,mid,"{""competition"": ""USA - USL W League"", ""odds_api_io_id"": 68989222, ""raw_event"": {""away"": ""Portland Cherry Bombs FC"", ""awayId"": 1328292, ""date"": ""2026-05-31T23:00:00Z"", ""home"": ""Tacoma Galaxy"", ""homeId"": 1108163, ""id"": 68989222, ""league"": {""name"": ""USA - USL W League"", ""slug"": ""usa-usl-w-league""}, ""scores"": {""away"": 0, ""home"": 0}, ""sport"": {""name"": ""Football"", ""slug"": ""football""}, ""status"": ""pending""}}",,,,,,,,,,,,,,,,,,,,,,,,,,,,,,,
soccer|cs emelec|universidad catolica ecuador|2026-05-31,odds_api_io,68687676,soccer,Ecuador - LigaPro Primera A,CS Emelec,CD Universidad Catolica del Ecuador,2026-05-31T23:10:00+00:00,mid,"{""competition"": ""Ecuador - LigaPro Primera A"", ""odds_api_io_id"": 68687676, ""raw_event"": {""away"": ""CD Universidad Catolica del Ecuador"", ""awayId"": 21942, ""date"": ""2026-05-31T23:10:00Z"", ""home"": ""CS Emelec"", ""homeId"": 5255, ""id"": 68687676, ""league"": {""name"": ""Ecuador - LigaPro Primera A"", ""slug"": ""ecuador-ligapro-primera-a""}, ""scores"": {""away"": 0, ""home"": 0}, ""sport"": {""name"": ""Football"", ""slug"": ""football""}, ""status"": ""pending""}}",,,,,,,,,,,,,,,,,,,,,,,,,,,,,,,
soccer|remo pa|sao paulo sp|2026-05-31,odds_api_io,66886836,soccer,Brazil - Brasileiro Serie A,Clube do Remo PA,Sao Paulo FC SP,2026-05-31T23:30:00+00:00,mid,"{""competition"": ""Brazil - Brasileiro Serie A"", ""odds_api_io_id"": 66886836, ""raw_event"": {""away"": ""Sao Paulo FC SP"", ""awayId"": 1981, ""date"": ""2026-05-31T23:30:00Z"", ""home"": ""Clube do Remo PA"", ""homeId"": 2012, ""id"": 66886836, ""league"": {""name"": ""Brazil - Brasileiro Serie A"", ""slug"": ""brazil-brasileiro-serie-a""}, ""scores"": {""away"": 0, ""home"": 0}, ""sport"": {""name"": ""Football"", ""slug"": ""football""}, ""status"": ""pending""}}",,,,,,,,,,,,,,,,,,,,,,,,,,,,,,,
soccer|cruzeiro mg|fluminense rj|2026-05-31,odds_api_io,66886828,soccer,Brazil - Brasileiro Serie A,Cruzeiro EC MG,Fluminense FC RJ,2026-05-31T23:30:00+00:00,mid,"{""competition"": ""Brazil - Brasileiro Serie A"", ""odds_api_io_id"": 66886828, ""raw_event"": {""away"": ""Fluminense FC RJ"", ""awayId"": 1961, ""date"": ""2026-05-31T23:30:00Z"", ""home"": ""Cruzeiro EC MG"", ""homeId"": 1954, ""id"": 66886828, ""league"": {""name"": ""Brazil - Brasileiro Serie A"", ""slug"": ""brazil-brasileiro-serie-a""}, ""scores"": {""away"": 0, ""home"": 0}, ""sport"": {""name"": ""Football"", ""slug"": ""football""}, ""status"": ""pending""}}",,,,,,,,,,,,,,,,,,,,,,,,,,,,,,,
soccer|cr brasil al|cuiaba mt|2026-05-31,odds_api_io,68822942,soccer,Brazil - Brasileiro Serie B,Cuiaba EC MT,CR Brasil AL,2026-05-31T23:30:00+00:00,mid,"{""competition"": ""Brazil - Brasileiro Serie B"", ""odds_api_io_id"": 68822942, ""raw_event"": {""away"": ""CR Brasil AL"", ""awayId"": 22032, ""date"": ""2026-05-31T23:30:00Z"", ""home"": ""Cuiaba EC MT"", ""homeId"": 49202, ""id"": 68822942, ""league"": {""name"": ""Brazil - Brasileiro Serie B"", ""slug"": ""brazil-brasileiro-serie-b""}, ""scores"": {""away"": 0, ""home"": 0}, ""sport"": {""name"": ""Football"", ""slug"": ""football""}, ""status"": ""pending""}}",,,,,,,,,,,,,,,,,,,,,,,,,,,,,,,
soccer|figueirense|paysandu pa|2026-05-31,odds_api_io,69255062,soccer,Brazil - Brasileiro Serie C,Figueirense FC SC,Paysandu SC PA,2026-05-31T23:30:00+00:00,mid,"{""competition"": ""Brazil - Brasileiro Serie C"", ""odds_api_io_id"": 69255062, ""raw_event"": {""away"": ""Paysandu SC PA"", ""awayId"": 1997, ""date"": ""2026-05-31T23:30:00Z"", ""home"": ""Figueirense FC SC"", ""homeId"": 1985, ""id"": 69255062, ""league"": {""name"": ""Brazil - Brasileiro Serie C"", ""slug"": ""brazil-brasileiro-serie-c""}, ""scores"": {""away"": 0, ""home"": 0}, ""sport"": {""name"": ""Football"", ""slug"": ""football""}, ""status"": ""pending""}}",,,,,,,,,,,,,,,,,,,,,,,,,,,,,,,
soccer|hill city|virginia marauders|2026-05-31,odds_api_io,69091320,soccer,USA - USL League Two,Virginia Marauders FC,Hill City FC,2026-05-31T23:30:00+00:00,mid,"{""competition"": ""USA - USL League Two"", ""odds_api_io_id"": 69091320, ""raw_event"": {""away"": ""Hill City FC"", ""awayId"": 1329138, ""date"": ""2026-05-31T23:30:00Z"", ""home"": ""Virginia Marauders FC"", ""homeId"": 991609, ""id"": 69091320, ""league"": {""name"": ""USA - USL League Two"", ""slug"": ""usa-usl-league-two""}, ""scores"": {""away"": 0, ""home"": 0}, ""sport"": {""name"": ""Football"", ""slug"": ""football""}, ""status"": ""pending""}}",,,,,,,,,,,,,,,,,,,,,,,,,,,,,,,
soccer|one knoxville|ssa swarm|2026-05-31,odds_api_io,68989224,soccer,USA - USL W League,SSA Swarm FC,One Knoxville SC,2026-05-31T23:30:00+00:00,mid,"{""competition"": ""USA - USL W League"", ""odds_api_io_id"": 68989224, ""raw_event"": {""away"": ""One Knoxville SC"", ""awayId"": 1232597, ""date"": ""2026-05-31T23:30:00Z"", ""home"": ""SSA Swarm FC"", ""homeId"": 796942, ""id"": 68989224, ""league"": {""name"": ""USA - USL W League"", ""slug"": ""usa-usl-w-league""}, ""scores"": {""away"": 0, ""home"": 0}, ""sport"": {""name"": ""Football"", ""slug"": ""football""}, ""status"": ""pending""}}",,,,,,,,,,,,,,,,,,,,,,,,,,,,,,,
soccer|porto caravel|sv nacional|2026-06-01,odds_api_io,71804370,soccer,Aruba - Division Honor,Porto Caravel,SV Deportivo Nacional,2026-06-01T00:00:00+00:00,mid,"{""competition"": ""Aruba - Division Honor"", ""odds_api_io_id"": 71804370, ""raw_event"": {""away"": ""SV Deportivo Nacional"", ""awayId"": 431807, ""date"": ""2026-06-01T00:00:00Z"", ""home"": ""Porto Caravel"", ""homeId"": 530421, ""id"": 71804370, ""league"": {""name"": ""Aruba - Division Honor"", ""slug"": ""aruba-division-honor""}, ""scores"": {""away"": 0, ""home"": 0}, ""sport"": {""name"": ""Football"", ""slug"": ""football""}, ""status"": ""pending""}}",,,,,,,,,,,,,,,,,,,,,,,,,,,,,,,
soccer|audax italiano|palestino|2026-06-01,odds_api_io,67681892,soccer,Chile - Primera Division,CD Palestino,Audax Italiano,2026-06-01T00:00:00+00:00,mid,"{""competition"": ""Chile - Primera Division"", ""odds_api_io_id"": 67681892, ""raw_event"": {""away"": ""Audax Italiano"", ""awayId"": 3162, ""date"": ""2026-06-01T00:00:00Z"", ""home"": ""CD Palestino"", ""homeId"": 3157, ""id"": 67681892, ""league"": {""name"": ""Chile - Primera Division"", ""slug"": ""chile-primera-division""}, ""scores"": {""away"": 0, ""home"": 0}, ""sport"": {""name"": ""Football"", ""slug"": ""football""}, ""status"": ""pending""}}",,,,,,,,,,,,,,,,,,,,,,,,,,,,,,,
soccer|ponce|san juan|2026-06-01,odds_api_io,69289870,soccer,Puerto Rico - LPR Pro,Ponce FC,San Juan FC,2026-06-01T00:00:00+00:00,mid,"{""competition"": ""Puerto Rico - LPR Pro"", ""odds_api_io_id"": 69289870, ""raw_event"": {""away"": ""San Juan FC"", ""awayId"": 1290271, ""date"": ""2026-06-01T00:00:00Z"", ""home"": ""Ponce FC"", ""homeId"": 1290265, ""id"": 69289870, ""league"": {""name"": ""Puerto Rico - LPR Pro"", ""slug"": ""puerto-rico-lpr-pro""}, ""scores"": {""away"": 0, ""home"": 0}, ""sport"": {""name"": ""Football"", ""slug"": ""football""}, ""status"": ""pending""}}",,,,,,,,,,,,,,,,,,,,,,,,,,,,,,,
soccer|oriental|tacuarembo|2026-06-01,odds_api_io,71706468,soccer,Uruguay - Segunda Division,Club Oriental de Football,Tacuarembo FC,2026-06-01T00:00:00+00:00,mid,"{""competition"": ""Uruguay - Segunda Division"", ""odds_api_io_id"": 71706468, ""raw_event"": {""away"": ""Tacuarembo FC"", ""awayId"": 3225, ""date"": ""2026-06-01T00:00:00Z"", ""home"": ""Club Oriental de Football"", ""homeId"": 227294, ""id"": 71706468, ""league"": {""name"": ""Uruguay - Segunda Division"", ""slug"": ""uruguay-segunda-division""}, ""scores"": {""away"": 0, ""home"": 0}, ""sport"": {""name"": ""Football"", ""slug"": ""football""}, ""status"": ""pending""}}",,,,,,,,,,,,,,,,,,,,,,,,,,,,,,,
soccer|ballard|olympia|2026-06-01,odds_api_io,69091336,soccer,USA - USL League Two,FC Olympia,Ballard FC,2026-06-01T00:00:00+00:00,mid,"{""competition"": ""USA - USL League Two"", ""odds_api_io_id"": 69091336, ""raw_event"": {""away"": ""Ballard FC"", ""awayId"": 874821, ""date"": ""2026-06-01T00:00:00Z"", ""home"": ""FC Olympia"", ""homeId"": 874823, ""id"": 69091336, ""league"": {""name"": ""USA - USL League Two"", ""slug"": ""usa-usl-league-two""}, ""scores"": {""away"": 0, ""home"": 0}, ""sport"": {""name"": ""Football"", ""slug"": ""football""}, ""status"": ""pending""}}",,,,,,,,,,,,,,,,,,,,,,,,,,,,,,,
soccer|rkc third coast|rockford raptors|2026-06-01,odds_api_io,69091338,soccer,USA - USL League Two,RKC Third Coast,Rockford Raptors,2026-06-01T00:00:00+00:00,mid,"{""competition"": ""USA - USL League Two"", ""odds_api_io_id"": 69091338, ""raw_event"": {""away"": ""Rockford Raptors"", ""awayId"": 1329172, ""date"": ""2026-06-01T00:00:00Z"", ""home"": ""RKC Third Coast"", ""homeId"": 991603, ""id"": 69091338, ""league"": {""name"": ""USA - USL League Two"", ""slug"": ""usa-usl-league-two""}, ""scores"": {""away"": 0, ""home"": 0}, ""sport"": {""name"": ""Football"", ""slug"": ""football""}, ""status"": ""pending""}}",,,,,,,,,,,,,,,,,,,,,,,,,,,,,,,
soccer|coastal spirit|northern|2026-06-01,odds_api_io,71737512,soccer,New Zealand - National League,Northern AFC,Coastal Spirit FC,2026-06-01T01:00:00+00:00,mid,"{""competition"": ""New Zealand - National League"", ""odds_api_io_id"": 71737512, ""raw_event"": {""away"": ""Coastal Spirit FC"", ""awayId"": 599896, ""date"": ""2026-06-01T01:00:00Z"", ""home"": ""Northern AFC"", ""homeId"": 732773, ""id"": 71737512, ""league"": {""name"": ""New Zealand - National League"", ""slug"": ""new-zealand-national-league""}, ""scores"": {""away"": 0, ""home"": 0}, ""sport"": {""name"": ""Football"", ""slug"": ""football""}, ""status"": ""pending""}}",,,,,,,,,,,,,,,,,,,,,,,,,,,,,,,
soccer|albion colorado|flatirons|2026-06-01,odds_api_io,69091340,soccer,USA - USL League Two,Albion SC Colorado,Flatirons FC,2026-06-01T01:00:00+00:00,mid,"{""competition"": ""USA - USL League Two"", ""odds_api_io_id"": 69091340, ""raw_event"": {""away"": ""Flatirons FC"", ""awayId"": 903807, ""date"": ""2026-06-01T01:00:00Z"", ""home"": ""Albion SC Colorado"", ""homeId"": 991619, ""id"": 69091340, ""league"": {""name"": ""USA - USL League Two"", ""slug"": ""usa-usl-league-two""}, ""scores"": {""away"": 0, ""home"": 0}, ""sport"": {""name"": ""Football"", ""slug"": ""football""}, ""status"": ""pending""}}",,,,,,,,,,,,,,,,,,,,,,,,,,,,,,,
soccer|los angeles|socal reds|2026-06-01,odds_api_io,71437542,soccer,USA - USL W League,Socal Reds FC,Los Angeles SC,2026-06-01T01:00:00+00:00,mid,"{""competition"": ""USA - USL W League"", ""odds_api_io_id"": 71437542, ""raw_event"": {""away"": ""Los Angeles SC"", ""awayId"": 906301, ""date"": ""2026-06-01T01:00:00Z"", ""home"": ""Socal Reds FC"", ""homeId"": 1349202, ""id"": 71437542, ""league"": {""name"": ""USA - USL W League"", ""slug"": ""usa-usl-w-league""}, ""scores"": {""away"": 0, ""home"": 0}, ""sport"": {""name"": ""Football"", ""slug"": ""football""}, ""status"": ""pending""}}",,,,,,,,,,,,,,,,,,,,,,,,,,,,,,,
